token_id	speaker	tu_id	unit	id	span	form	lemma	upos	xpos	feats	deprel	type	meta_label	variation	jefferson_feats	align	prolongations	pace	guesses	overlaps
0-0	BO026	0	0	0	ha	ha	_	_	_	_	_	linguistic	_	none	_	Begin=3.17	_	_	_	_
0-1	BO026	0	0	1	dimentica~	dimentica~	_	_	_	_	_	linguistic	_	none	Interrupted=Yes	_	_	_	_	_
0-2	BO026	0	0	2	ah	ah	_	_	_	_	_	linguistic	_	none	_	_	_	_	_	_
0-3	BO026	0	0	3	non	non	_	_	_	_	_	linguistic	_	none	_	_	_	_	_	_
0-4	BO026	0	0	4	l'	l'	_	_	_	_	_	linguistic	_	none	SpaceAfter=No	_	_	_	_	_
0-5	BO026	0	0	5	ho	ho	_	_	_	_	_	linguistic	_	none	_	_	_	_	_	_
0-6	BO026	0	0	6	neanche	neanche	_	_	_	_	_	linguistic	_	none	_	_	_	_	_	_
0-7	BO026	0	0	7	visto	visto	_	_	_	_	_	linguistic	_	none	_	_	_	_	_	_
0-8	BO026	0	0	8	meno	meno	_	_	_	_	_	linguistic	_	none	_	_	_	_	_	_
0-9	BO026	0	0	9	male.	male	_	_	_	_	_	linguistic	_	none	Intonation=Falling	End=6.498	_	_	_	_
1-0	BO037	1	1	0	buonasera.	buonasera	_	_	_	_	_	linguistic	_	none	Intonation=Falling	Begin=8.32|End=8.955	_	_	_	_
2-0	BO037	2	2	0	io	io	_	_	_	_	_	linguistic	_	none	_	Begin=9.286	_	_	_	_
2-1	BO037	2	2	1	sono	sono	_	_	_	_	_	linguistic	_	none	_	_	_	_	_	_
2-2	BO037	2	2	2	qua	qua	_	_	_	_	_	linguistic	_	none	_	_	_	_	_	_
2-3	BO037	2	2	3	per	per	_	_	_	_	_	linguistic	_	none	_	_	_	_	_	_
2-4	BO037	2	2	4	chiederle	chiederle	_	_	_	_	_	linguistic	_	none	_	_	_	_	_	_
2-5	BO037	2	2	5	se	se	_	_	_	_	_	linguistic	_	none	_	_	_	_	_	_
2-6	BO037	2	2	6	voleva	voleva	_	_	_	_	_	linguistic	_	none	_	_	_	_	_	_
2-7	BO037	2	2	7	farmi	farmi	_	_	_	_	_	linguistic	_	none	_	_	_	_	_	_
2-8	BO037	2	2	8	da	da	_	_	_	_	_	linguistic	_	none	_	_	_	_	_	_
2-9	BO037	2	2	9	correlatrice	correlatrice	_	_	_	_	_	linguistic	_	none	_	_	_	_	_	_
2-10	BO037	2	2	10	io	io	_	_	_	_	_	linguistic	_	none	_	_	_	_	_	_
2-11	BO037	2	2	11	ho	ho	_	_	_	_	_	linguistic	_	none	_	_	_	_	_	_
2-12	BO037	2	2	12	come	come	_	_	_	_	_	linguistic	_	none	_	_	_	_	_	_
2-13	BO037	2	2	13	relatrice	relatrice	_	_	_	_	_	linguistic	_	none	_	_	_	_	_	_
2-14	BO037	2	2	14	la	la	_	_	_	_	_	linguistic	_	none	_	_	_	_	_	_
2-15	BO037	2	2	15	professoressa	professoressa	_	_	_	_	_	linguistic	_	none	_	_	_	_	_	_
2-16	BO037	2	2	16	rossi.	rossi	_	_	_	_	_	linguistic	_	none	Intonation=Falling	End=14.985	_	_	_	_
3-0	BO037	3	3	0	e::h	eh	_	_	_	_	_	linguistic	_	none	ProsodicLink=Yes	Begin=15.65	0x2	_	_	_
3-1	BO037	3	3	1	mh	mh	_	_	_	_	_	linguistic	_	none	_	End=16.771	_	_	_	_
4-0	BO037	4	4	0	volevo	volevo	_	_	_	_	_	linguistic	_	none	_	Begin=17.54	_	_	_	_
4-1	BO037	4	4	1	farla	farla	_	_	_	_	_	linguistic	_	none	_	_	_	_	_	_
4-2	BO037	4	4	2	sul	sul	_	_	_	_	_	linguistic	_	none	_	_	_	_	_	_
4-3	BO037	4	4	3	child	child	_	_	_	_	_	linguistic	_	none	_	_	_	_	_	_
4-4	BO037	4	4	4	language	language	_	_	_	_	_	linguistic	_	none	_	_	_	_	_	_
4-5	BO037	4	4	5	brokering,	brokering	_	_	_	_	_	linguistic	_	none	Intonation=WeaklyRising	End=19.895	_	_	_	_
5-0	BO026	5	5	0	[lei	lei	_	_	_	_	_	linguistic	_	none	_	Begin=20.22	_	_	_	0-3(0)
5-1	BO026	5	5	1	l]ei	lei	_	_	_	_	_	linguistic	_	none	_	_	_	_	_	0-1(0)
5-2	BO026	5	5	2	è:	è	_	_	_	_	_	linguistic	_	none	_	_	0x1	_	_	_
5-3	BO026	5	5	3	del[la:	della	_	_	_	_	_	linguistic	_	none	_	_	4x1	_	_	3-5(1)
5-4	BO026	5	5	4	xx]	xx	_	_	_	_	_	unknown	_	none	Syllables=2	End=22.76	_	_	_	0-2(1)
6-0	BO037	6	6	0	[però],	però	_	_	_	_	_	linguistic	_	none	Intonation=WeaklyRising	Begin=20.22|End=20.805	_	_	_	0-4(0)
7-0	BO037	7	7	0	[italiano	italiano	_	_	_	_	_	linguistic	_	none	_	Begin=22.101	_	_	_	0-8(1)
7-1	BO037	7	7	1	p]er	per	_	_	_	_	_	linguistic	_	none	_	_	_	_	_	0-1(1)
7-2	BO037	7	7	2	stranie[ri].	stranieri	_	_	_	_	_	linguistic	_	none	Intonation=Falling	End=23.616	_	_	_	7-9(2)
8-0	BO026	8	8	0	[a]h.	ah	_	_	_	_	_	linguistic	_	none	Intonation=Falling	Begin=23.406|End=23.76	_	_	_	0-1(2)
9-0	BO037	9	9	0	però:	però	_	_	_	_	_	linguistic	_	none	_	Begin=24.006	3x1	_	_	_
9-1	BO037	9	9	1	avevo	avevo	_	_	_	_	_	linguistic	_	none	_	_	_	_	_	_
9-2	BO037	9	9	2	chiesto	chiesto	_	_	_	_	_	linguistic	_	none	_	_	_	_	_	_
9-3	BO037	9	9	3	alla	alla	_	_	_	_	_	linguistic	_	none	_	_	_	_	_	_
9-4	BO037	9	9	4	professoressa	professoressa	_	_	_	_	_	linguistic	_	none	_	_	_	_	_	_
9-5	BO037	9	9	5	verdi	verdi	_	_	_	_	_	linguistic	_	none	_	_	_	_	_	_
9-6	BO037	9	9	6	che:	che	_	_	_	_	_	linguistic	_	none	_	_	2x1	_	_	_
9-7	BO037	9	9	7	ho	ho	_	_	_	_	_	linguistic	_	none	_	_	_	_	_	_
9-8	BO037	9	9	8	visto	visto	_	_	_	_	_	linguistic	_	none	_	_	_	_	_	_
9-9	BO037	9	9	9	che	che	_	_	_	_	_	linguistic	_	none	_	_	_	_	_	_
9-10	BO037	9	9	10	si	si	_	_	_	_	_	linguistic	_	none	_	_	_	_	_	_
9-11	BO037	9	9	11	occupava	occupava	_	_	_	_	_	linguistic	_	none	_	_	_	_	_	_
9-12	BO037	9	9	12	di	di	_	_	_	_	_	linguistic	_	none	_	_	_	_	_	_
9-13	BO037	9	9	13	child	child	_	_	_	_	_	linguistic	_	none	_	_	_	_	_	_
9-14	BO037	9	9	14	language	language	_	_	_	_	_	linguistic	_	none	_	_	_	_	_	_
9-15	BO037	9	9	15	brokering,	brokering	_	_	_	_	_	linguistic	_	none	Intonation=WeaklyRising	End=28.871	_	_	_	_
10-0	BO037	10	10	0	il	il	_	_	_	_	_	linguistic	_	none	_	Begin=28.946	_	_	_	_
10-1	BO037	10	10	1	focus	focus	_	_	_	_	_	linguistic	_	none	_	_	_	_	_	_
10-2	BO037	10	10	2	sarebbe	sarebbe	_	_	_	_	_	linguistic	_	none	_	_	_	_	_	_
10-3	BO037	10	10	3	e:h	eh	_	_	_	_	_	linguistic	_	none	_	_	0x1	_	_	_
10-4	BO037	10	10	4	però	però	_	_	_	_	_	linguistic	_	none	_	_	_	_	_	_
10-5	BO037	10	10	5	sui	sui	_	_	_	_	_	linguistic	_	none	_	_	_	_	_	_
10-6	BO037	10	10	6	coda	coda	_	_	_	_	_	linguistic	_	none	_	_	_	_	_	_
10-7	BO037	10	10	7	che	che	_	_	_	_	_	linguistic	_	none	_	_	_	_	_	_
10-8	BO037	10	10	8	sono	sono	_	_	_	_	_	linguistic	_	none	_	_	_	_	_	_
10-9	BO037	10	10	9	i	i	_	_	_	_	_	linguistic	_	none	_	_	_	_	_	_
10-10	BO037	10	10	10	bambini	bambini	_	_	_	_	_	linguistic	_	none	_	_	_	_	_	_
10-11	BO037	10	10	11	udenti	udenti	_	_	_	_	_	linguistic	_	none	_	_	_	_	_	_
10-12	BO037	10	10	12	figli	figli	_	_	_	_	_	linguistic	_	none	_	_	_	_	_	_
10-13	BO037	10	10	13	dei	dei	_	_	_	_	_	linguistic	_	none	_	_	_	_	_	_
10-14	BO037	10	10	14	sordi.	sordi	_	_	_	_	_	linguistic	_	none	Intonation=Falling	End=34.078	_	_	_	_
11-0	BO037	11	11	0	e	e	_	_	_	_	_	linguistic	_	none	_	Begin=34.251	_	_	_	_
11-1	BO037	11	11	1	quindi	quindi	_	_	_	_	_	linguistic	_	none	_	_	_	_	_	_
11-2	BO037	11	11	2	come	come	_	_	_	_	_	linguistic	_	none	_	_	_	_	_	_
11-3	BO037	11	11	3	fanno	fanno	_	_	_	_	_	linguistic	_	none	_	_	_	_	_	_
11-4	BO037	11	11	4	da	da	_	_	_	_	_	linguistic	_	none	_	_	_	_	_	_
11-5	BO037	11	11	5	interpreti	interpreti	_	_	_	_	_	linguistic	_	none	_	_	_	_	_	_
11-6	BO037	11	11	6	loro	loro	_	_	_	_	_	linguistic	_	none	_	_	_	_	_	_
11-7	BO037	11	11	7	per	per	_	_	_	_	_	linguistic	_	none	_	_	_	_	_	_
11-8	BO037	11	11	8	la	la	_	_	_	_	_	linguistic	_	none	_	_	_	_	_	_
11-9	BO037	11	11	9	famiglia,	famiglia	_	_	_	_	_	linguistic	_	none	Intonation=WeaklyRising	_	_	_	_	_
11-10	BO037	11	11	10	per	per	_	_	_	_	_	linguistic	_	none	_	_	_	_	_	_
11-11	BO037	11	11	11	gli	gli	_	_	_	_	_	linguistic	_	none	_	_	_	_	_	_
11-12	BO037	11	11	12	amici,	amici	_	_	_	_	_	linguistic	_	none	Intonation=WeaklyRising	End=38.73	_	_	_	_
12-0	BO037	12	12	0	come	come	_	_	_	_	_	linguistic	_	none	_	Begin=38.826	_	_	_	_
12-1	BO037	12	12	1	comunque	comunque	_	_	_	_	_	linguistic	_	none	_	_	_	_	_	_
12-2	BO037	12	12	2	diciamo	diciamo	_	_	_	_	_	linguistic	_	none	_	_	_	_	_	_
12-3	BO037	12	12	3	tra	tra	_	_	_	_	_	linguistic	_	none	_	_	_	_	_	_
12-4	BO037	12	12	4	la	la	_	_	_	_	_	linguistic	_	none	_	_	_	_	_	_
12-5	BO037	12	12	5	lingua	lingua	_	_	_	_	_	linguistic	_	none	_	_	_	_	_	_
12-6	BO037	12	12	6	italiana	italiana	_	_	_	_	_	linguistic	_	none	_	_	_	_	_	_
12-7	BO037	12	12	7	e	e	_	_	_	_	_	linguistic	_	none	_	_	_	_	_	_
12-8	BO037	12	12	8	la	la	_	_	_	_	_	linguistic	_	none	_	_	_	_	_	_
12-9	BO037	12	12	9	lingua	lingua	_	_	_	_	_	linguistic	_	none	_	_	_	_	_	_
12-10	BO037	12	12	10	dei	dei	_	_	_	_	_	linguistic	_	none	_	_	_	_	_	_
12-11	BO037	12	12	11	segni.	segni	_	_	_	_	_	linguistic	_	none	Intonation=Falling	End=41.785	_	_	_	_
13-0	BO037	13	13	0	ho	ho	_	_	_	_	_	linguistic	_	none	_	Begin=42.478	_	_	_	_
13-1	BO037	13	13	1	parlato	parlato	_	_	_	_	_	linguistic	_	none	_	_	_	_	_	_
13-2	BO037	13	13	2	con	con	_	_	_	_	_	linguistic	_	none	_	_	_	_	_	_
13-3	BO037	13	13	3	la	la	_	_	_	_	_	linguistic	_	none	_	_	_	_	_	_
13-4	BO037	13	13	4	professoressa	professoressa	_	_	_	_	_	linguistic	_	none	_	_	_	_	_	_
13-5	BO037	13	13	5	rossi	rossi	_	_	_	_	_	linguistic	_	none	_	_	_	_	_	_
13-6	BO037	13	13	6	che	che	_	_	_	_	_	linguistic	_	none	_	_	_	_	_	_
13-7	BO037	13	13	7	ha	ha	_	_	_	_	_	linguistic	_	none	_	_	_	_	_	_
13-8	BO037	13	13	8	accettato	accettato	_	_	_	_	_	linguistic	_	none	_	_	_	_	_	_
13-9	BO037	13	13	9	il	il	_	_	_	_	_	linguistic	_	none	_	_	_	_	_	_
13-10	BO037	13	13	10	mio	mio	_	_	_	_	_	linguistic	_	none	_	_	_	_	_	_
13-11	BO037	13	13	11	progetto	progetto	_	_	_	_	_	linguistic	_	none	_	_	_	_	_	_
13-12	BO037	13	13	12	era	era	_	_	_	_	_	linguistic	_	none	_	_	_	_	_	_
13-13	BO037	13	13	13	molto	molto	_	_	_	_	_	linguistic	_	none	_	_	_	_	_	_
13-14	BO037	13	13	14	entusiasta	entusiasta	_	_	_	_	_	linguistic	_	none	_	_	_	_	_	_
13-15	BO037	13	13	15	per	per	_	_	_	_	_	linguistic	_	none	_	_	_	_	_	_
13-16	BO037	13	13	16	cui,	cui	_	_	_	_	_	linguistic	_	none	Intonation=WeaklyRising	End=47.141	_	_	_	_
14-0	BO026	14	14	0	quindi	quindi	_	_	_	_	_	linguistic	_	none	_	Begin=47.47	_	_	_	_
14-1	BO026	14	14	1	il	il	_	_	_	_	_	linguistic	_	none	_	_	_	_	_	_
14-2	BO026	14	14	2	brokering	brokering	_	_	_	_	_	linguistic	_	none	_	_	_	_	_	_
14-3	BO026	14	14	3	da	da	_	_	_	_	_	linguistic	_	none	_	_	_	_	_	_
14-4	BO026	14	14	4	parte	parte	_	_	_	_	_	linguistic	_	none	_	_	_	_	_	_
14-5	BO026	14	14	5	dei	dei	_	_	_	_	_	linguistic	_	none	_	_	_	_	_	_
14-6	BO026	14	14	6	bambi[ni:]	bambini	_	_	_	_	_	linguistic	_	none	_	End=50.078	6x1	_	_	5-7(3)
15-0	BO037	15	15	0	[dei	dei	_	_	_	_	_	linguistic	_	none	_	Begin=49.55	_	_	_	0-3(3)
15-1	BO037	15	15	1	bam]bini	bambini	_	_	_	_	_	linguistic	_	none	_	_	_	_	_	0-3(3)
15-2	BO037	15	15	2	ud[enti],	udenti	_	_	_	_	_	linguistic	_	none	Intonation=WeaklyRising	End=50.984	_	_	_	2-6(4)
16-0	BO026	16	16	0	[ude]nti,	udenti	_	_	_	_	_	linguistic	_	none	Intonation=WeaklyRising	Begin=50.598|End=51.377	_	_	_	0-3(4)
17-0	BO037	17	17	0	però	però	_	_	_	_	_	linguistic	_	none	_	Begin=51.375	_	_	_	_
17-1	BO037	17	17	1	[bili]ngui:	bilingui	_	_	_	_	_	linguistic	_	none	_	_	7x1	_	_	0-4(6)
17-2	BO037	17	17	2	[ita]liano	italiano	_	_	_	_	_	linguistic	_	none	_	_	_	_	_	0-3(7)
17-3	BO037	17	17	3	lingua	lingua	_	_	_	_	_	linguistic	_	none	_	_	_	_	_	_
17-4	BO037	17	17	4	dei	dei	_	_	_	_	_	linguistic	_	none	_	_	_	_	_	_
17-5	BO037	17	17	5	segni.	segni	_	_	_	_	_	linguistic	_	none	Intonation=Falling	End=54.483	_	_	_	_
18-0	BO026	18	18	0	[pe:r],	per	_	_	_	_	_	linguistic	_	none	Intonation=WeaklyRising	Begin=51.92|End=52.366	1x1	_	_	0-3(6)
19-0	BO026	19	19	0	[mh].	mh	_	_	_	_	_	linguistic	_	none	Intonation=Falling	Begin=52.898|End=53.193	_	_	_	0-2(7)
20-0	BO026	20	20	0	oddio	oddio	_	_	_	_	_	linguistic	_	none	_	Begin=54.921	_	_	_	_
20-1	BO026	20	20	1	ma	ma	_	_	_	_	_	linguistic	_	none	_	_	_	_	_	_
20-2	BO026	20	20	2	io	io	_	_	_	_	_	linguistic	_	none	_	_	_	_	_	_
20-3	BO026	20	20	3	non	non	_	_	_	_	_	linguistic	_	none	_	_	_	_	_	_
20-4	BO026	20	20	4	sono	sono	_	_	_	_	_	linguistic	_	none	_	_	_	_	_	_
20-5	BO026	20	20	5	una	una	_	_	_	_	_	linguistic	_	none	_	_	_	_	_	_
20-6	BO026	20	20	6	esperta	esperta	_	_	_	_	_	linguistic	_	none	_	_	_	_	_	_
20-7	BO026	20	20	7	dell[a	della	_	_	_	_	_	linguistic	_	none	_	_	_	_	_	4-5(8)
20-8	BO026	20	20	8	lingua	lingua	_	_	_	_	_	linguistic	_	none	_	_	_	_	_	0-6(8)
20-9	BO026	20	20	9	dei	dei	_	_	_	_	_	linguistic	_	none	_	_	_	_	_	0-3(8)
20-10	BO026	20	20	10	segni].	segni	_	_	_	_	_	linguistic	_	none	Intonation=Falling	End=58.031	_	_	_	0-5(8)
21-0	BO037	21	21	0	[no:	no	_	_	_	_	_	linguistic	_	none	_	Begin=57.018	1x1	_	_	0-2(8)
21-1	BO037	21	21	1	lo	lo	_	_	_	_	_	linguistic	_	none	_	_	_	_	_	0-2(8)
21-2	BO037	21	21	2	so	so	_	_	_	_	_	linguistic	_	none	_	_	_	_	_	0-2(8)
21-3	BO037	21	21	3	la]	la	_	_	_	_	_	linguistic	_	none	_	_	_	_	_	0-2(8)
21-4	BO037	21	21	4	[pr]ofessoressa	professoressa	_	_	_	_	_	linguistic	_	none	_	_	_	_	_	0-2(9)
21-5	BO037	21	21	5	verdi	verdi	_	_	_	_	_	linguistic	_	none	_	_	_	_	_	_
21-6	BO037	21	21	6	mi	mi	_	_	_	_	_	linguistic	_	none	_	_	_	_	_	_
21-7	BO037	21	21	7	ha	ha	_	_	_	_	_	linguistic	_	none	_	_	_	_	_	_
21-8	BO037	21	21	8	detto	detto	_	_	_	_	_	linguistic	_	none	_	_	_	_	_	_
21-9	BO037	21	21	9	che	che	_	_	_	_	_	linguistic	_	none	_	_	_	_	_	_
21-10	BO037	21	21	10	sarà	sarà	_	_	_	_	_	linguistic	_	none	_	_	_	_	_	_
21-11	BO037	21	21	11	in	in	_	_	_	_	_	linguistic	_	none	_	_	_	_	_	_
21-12	BO037	21	21	12	congedo	congedo	_	_	_	_	_	linguistic	_	none	_	_	_	_	_	_
21-13	BO037	21	21	13	malattia	malattia	_	_	_	_	_	linguistic	_	none	_	_	_	_	_	_
21-14	BO037	21	21	14	per	per	_	_	_	_	_	linguistic	_	none	_	_	_	_	_	_
21-15	BO037	21	21	15	cui,	cui	_	_	_	_	_	linguistic	_	none	Intonation=WeaklyRising	End=61.968	_	_	_	_
22-0	BO026	22	22	0	[ah].	ah	_	_	_	_	_	linguistic	_	none	Intonation=Falling	Begin=58.066|End=58.271	_	_	_	0-2(9)
23-0	BO037	23	23	0	ha	ha	_	_	_	_	_	linguistic	_	none	_	Begin=62.11	_	_	_	_
23-1	BO037	23	23	1	detto	detto	_	_	_	_	_	linguistic	_	none	_	_	_	_	_	_
23-2	BO037	23	23	2	che	che	_	_	_	_	_	linguistic	_	none	_	_	_	_	_	_
23-3	BO037	23	23	3	può	può	_	_	_	_	_	linguistic	_	none	_	_	_	_	_	_
23-4	BO037	23	23	4	seguirmi	seguirmi	_	_	_	_	_	linguistic	_	none	_	_	_	_	_	_
23-5	BO037	23	23	5	informalmente	informalmente	_	_	_	_	_	linguistic	_	none	_	_	_	_	_	_
23-6	BO037	23	23	6	però,	però	_	_	_	_	_	linguistic	_	none	Intonation=WeaklyRising	End=64.715	_	_	_	_
24-0	BO037	24	24	0	ovviamente	ovviamente	_	_	_	_	_	linguistic	_	none	_	Begin=64.769	_	_	_	_
24-1	BO037	24	24	1	legalm[ente]	legalmente	_	_	_	_	_	linguistic	_	none	_	_	_	_	_	6-10(10)
24-2	BO037	24	24	2	non	non	_	_	_	_	_	linguistic	_	none	_	_	_	_	_	_
24-3	BO037	24	24	3	può	può	_	_	_	_	_	linguistic	_	none	_	_	_	_	_	_
24-4	BO037	24	24	4	firmare	firmare	_	_	_	_	_	linguistic	_	none	_	_	_	_	_	_
24-5	BO037	24	24	5	non	non	_	_	_	_	_	linguistic	_	none	_	_	_	_	_	_
24-6	BO037	24	24	6	può	può	_	_	_	_	_	linguistic	_	none	_	_	_	_	_	_
24-7	BO037	24	24	7	farmi	farmi	_	_	_	_	_	linguistic	_	none	_	_	_	_	_	_
24-8	BO037	24	24	8	da	da	_	_	_	_	_	linguistic	_	none	_	_	_	_	_	_
24-9	BO037	24	24	9	correlatrice	correlatrice	_	_	_	_	_	linguistic	_	none	_	_	_	_	_	_
24-10	BO037	24	24	10	n[é	né	_	_	_	_	_	linguistic	_	none	_	_	_	_	_	1-2(11)
24-11	BO037	24	24	11	ni]ente	niente	_	_	_	_	_	linguistic	_	none	_	_	_	_	_	0-2(11)
24-12	BO037	24	24	12	per	per	_	_	_	_	_	linguistic	_	none	_	_	_	_	_	_
24-13	BO037	24	24	13	cui	cui	_	_	_	_	_	linguistic	_	none	_	_	_	_	_	_
24-14	BO037	24	24	14	mi	mi	_	_	_	_	_	linguistic	_	none	_	_	_	_	_	_
24-15	BO037	24	24	15	ha	ha	_	_	_	_	_	linguistic	_	none	_	_	_	_	_	_
24-16	BO037	24	24	16	indirizzato	indirizzato	_	_	_	_	_	linguistic	_	none	_	_	_	_	_	_
24-17	BO037	24	24	17	sulla:	sulla	_	_	_	_	_	linguistic	_	none	_	End=69.993	4x1	_	_	_
25-0	BO026	25	25	0	[°mh°]	mh	_	_	_	_	_	linguistic	_	none	Volume=low	Begin=65.529|End=65.75	_	_	_	0-2(10)
26-0	BO026	26	26	0	[sì].	sì	_	_	_	_	_	linguistic	_	none	Intonation=Falling	Begin=67.79|End=68.088	_	_	_	0-2(11)
27-0	BO037	27	27	0	e:h	eh	_	_	_	_	_	linguistic	_	none	_	Begin=70.446	0x1	_	_	_
27-1	BO037	27	27	1	sulla	sulla	_	_	_	_	_	linguistic	_	none	_	_	_	_	_	_
27-2	BO037	27	27	2	profes[soressa]	professoressa	_	_	_	_	_	linguistic	_	none	_	_	_	_	_	6-13(12)
27-3	BO037	27	27	3	rossi.	rossi	_	_	_	_	_	linguistic	_	none	Intonation=Falling	End=72.498	_	_	_	_
28-0	BO026	28	28	0	[sulla	sulla	_	_	_	_	_	linguistic	_	none	_	Begin=71.045	_	_	_	0-5(12)
28-1	BO026	28	28	1	rossi].	rossi	_	_	_	_	_	linguistic	_	none	Intonation=Falling	End=71.725	_	_	_	0-5(12)
29-0	BO037	29	29	0	che	che	_	_	_	_	_	linguistic	_	none	_	Begin=72.965	_	_	_	_
29-1	BO037	29	29	1	comunque	comunque	_	_	_	_	_	linguistic	_	none	_	_	_	_	_	_
29-2	BO037	29	29	2	lei	lei	_	_	_	_	_	linguistic	_	none	_	_	_	_	_	_
29-3	BO037	29	29	3	ha	ha	_	_	_	_	_	linguistic	_	none	_	_	_	_	_	_
29-4	BO037	29	29	4	già	già	_	_	_	_	_	linguistic	_	none	_	_	_	_	_	_
29-5	BO037	29	29	5	seguito	seguito	_	_	_	_	_	linguistic	_	none	_	_	_	_	_	_
29-6	BO037	29	29	6	tesi	tesi	_	_	_	_	_	linguistic	_	none	_	_	_	_	_	_
29-7	BO037	29	29	7	di	di	_	_	_	_	_	linguistic	_	none	_	_	_	_	_	_
29-8	BO037	29	29	8	questo	questo	_	_	_	_	_	linguistic	_	none	_	_	_	_	_	_
29-9	BO037	29	29	9	tipo	tipo	_	_	_	_	_	linguistic	_	none	_	_	_	_	_	_
29-10	BO037	29	29	10	comunque	comunque	_	_	_	_	_	linguistic	_	none	_	_	_	_	_	_
29-11	BO037	29	29	11	sulla	sulla	_	_	_	_	_	linguistic	_	none	_	_	_	_	_	_
29-12	BO037	29	29	12	lingua	lingua	_	_	_	_	_	linguistic	_	none	_	_	_	_	_	_
29-13	BO037	29	29	13	dei	dei	_	_	_	_	_	linguistic	_	none	_	_	_	_	_	_
29-14	BO037	29	29	14	[segni],	segni	_	_	_	_	_	linguistic	_	none	Intonation=WeaklyRising	End=76.789	_	_	_	0-5(13)
30-0	BO026	30	30	0	[ma	ma	_	_	_	_	_	linguistic	_	none	_	Begin=76.298	_	_	_	0-2(13)
30-1	BO026	30	30	1	anche	anche	_	_	_	_	_	linguistic	_	none	_	_	_	_	_	0-5(13)
30-2	BO026	30	30	2	s]ulla	sulla	_	_	_	_	_	linguistic	_	none	_	_	_	_	_	0-1(13)
30-3	BO026	30	30	3	lingua	lingua	_	_	_	_	_	linguistic	_	none	_	_	_	_	_	_
30-4	BO026	30	30	4	de[i	dei	_	_	_	_	_	linguistic	_	none	_	_	_	_	_	2-3(14)
30-5	BO026	30	30	5	segni	segni	_	_	_	_	_	linguistic	_	none	_	_	_	_	_	0-5(14)
30-6	BO026	30	30	6	proprio],	proprio	_	_	_	_	_	linguistic	_	none	Intonation=WeaklyRising	End=78.268	_	_	_	0-7(14)
31-0	BO037	31	31	0	[sì	sì	_	_	_	_	_	linguistic	_	none	_	Begin=77.065	_	_	_	0-2(14)
31-1	BO037	31	31	1	mi	mi	_	_	_	_	_	linguistic	_	none	_	_	_	_	_	0-2(14)
31-2	BO037	31	31	2	ha	ha	_	_	_	_	_	linguistic	_	none	_	_	_	_	_	0-2(14)
31-3	BO037	31	31	3	già	già	_	_	_	_	_	linguistic	_	none	_	_	_	_	_	0-3(14)
31-4	BO037	31	31	4	dato	dato	_	_	_	_	_	linguistic	_	none	_	_	_	_	_	0-4(14)
31-5	BO037	31	31	5	del	del	_	_	_	_	_	linguistic	_	none	_	_	_	_	_	0-3(14)
31-6	BO037	31	31	6	m]ateriale:	materiale	_	_	_	_	_	linguistic	_	none	_	_	8x1	_	_	0-1(14)
31-7	BO037	31	31	7	da	da	_	_	_	_	_	linguistic	_	none	_	_	_	_	_	_
31-8	BO037	31	31	8	leggere	leggere	_	_	_	_	_	linguistic	_	none	_	_	_	_	_	_
31-9	BO037	31	31	9	un	un	_	_	_	_	_	linguistic	_	none	_	_	_	_	_	_
31-10	BO037	31	31	10	po'	po'	_	_	_	_	_	linguistic	_	none	_	_	_	_	_	_
31-11	BO037	31	31	11	di	di	_	_	_	_	_	linguistic	_	none	_	_	_	_	_	_
31-12	BO037	31	31	12	articoli	articoli	_	_	_	_	_	linguistic	_	none	_	_	_	_	_	_
31-13	BO037	31	31	13	un	un	_	_	_	_	_	linguistic	_	none	_	_	_	_	_	_
31-14	BO037	31	31	14	po'	po'	_	_	_	_	_	linguistic	_	none	_	_	_	_	_	_
31-15	BO037	31	31	15	di	di	_	_	_	_	_	linguistic	_	none	_	_	_	_	_	_
31-16	BO037	31	31	16	cose,	cose	_	_	_	_	_	linguistic	_	none	Intonation=WeaklyRising	End=80.764	_	_	_	_
32-0	BO026	32	32	0	[e	e	_	_	_	_	_	linguistic	_	none	_	Begin=80.775	_	_	_	0-1(15)
32-1	BO026	32	32	1	lei	lei	_	_	_	_	_	linguistic	_	none	_	_	_	_	_	0-3(15)
32-2	BO026	32	32	2	quando	quando	_	_	_	_	_	linguistic	_	none	_	_	_	_	_	0-6(15)
32-3	BO026	32	32	3	pensava	pensava	_	_	_	_	_	linguistic	_	none	_	_	_	_	_	0-7(15)
32-4	BO026	32	32	4	di]::	di	_	_	_	_	_	linguistic	_	none	_	End=82.625	1x2	_	_	0-2(15)
33-0	BO037	33	33	0	[io	io	_	_	_	_	_	linguistic	_	none	_	Begin=80.818	_	_	_	0-2(15)
33-1	BO037	33	33	1	ho	ho	_	_	_	_	_	linguistic	_	none	_	_	_	_	_	0-2(15)
33-2	BO037	33	33	2	già	già	_	_	_	_	_	linguistic	_	none	_	_	_	_	_	0-3(15)
33-3	BO037	33	33	3	del	del	_	_	_	_	_	linguistic	_	none	_	_	_	_	_	0-3(15)
33-4	BO037	33	33	4	materiale],	materiale	_	_	_	_	_	linguistic	_	none	Intonation=WeaklyRising	End=82.388	_	_	_	0-9(15)
34-0	BO037	34	34	0	marzo.	marzo	_	_	_	_	_	linguistic	_	none	Intonation=Falling	Begin=82.81|End=83.226	_	_	_	_
35-0	BO037	35	35	0	[duemiladiciotto].	duemiladiciotto	_	_	_	_	_	linguistic	_	none	Intonation=Falling	Begin=84.226|End=85.206	_	_	_	0-15(16)
36-0	BO026	36	36	0	[°ragazzi	ragazzi	_	_	_	_	_	linguistic	_	none	Volume=low	Begin=84.275	_	_	_	0-7(16)
36-1	BO026	36	36	1	tutti]	tutti	_	_	_	_	_	linguistic	_	none	Volume=low	_	_	_	_	0-5(16)
36-2	BO026	36	36	2	a	a	_	_	_	_	_	linguistic	_	none	Volume=low	_	_	_	_	_
36-3	BO026	36	36	3	mar[zo.°]	marzo	_	_	_	_	_	linguistic	_	none	Intonation=Falling|Volume=low	End=86.101	_	_	_	3-5(17)
37-0	BO037	37	37	0	[eh	eh	_	_	_	_	_	linguistic	_	none	_	Begin=85.943	_	_	_	0-2(17)
37-1	BO037	37	37	1	s]ì.	sì	_	_	_	_	_	linguistic	_	none	Intonation=Falling	End=86.41	_	_	_	0-1(17)
38-0	BO026	38	38	0	io	io	_	_	_	_	_	linguistic	_	none	_	Begin=87.946	_	_	_	_
38-1	BO026	38	38	1	non	non	_	_	_	_	_	linguistic	_	none	_	_	_	_	_	_
38-2	BO026	38	38	2	credo	credo	_	_	_	_	_	linguistic	_	none	_	_	_	_	_	_
38-3	BO026	38	38	3	di	di	_	_	_	_	_	linguistic	_	none	_	_	_	_	_	_
38-4	BO026	38	38	4	poterla	poterla	_	_	_	_	_	linguistic	_	none	_	_	_	_	_	_
38-5	BO026	38	38	5	aiutare:	aiutare	_	_	_	_	_	linguistic	_	none	_	End=90.101	6x1	_	_	_
39-0	BO026	39	39	0	in	in	_	_	_	_	_	linguistic	_	none	_	Begin=90.716	_	_	_	_
39-1	BO026	39	39	1	maniera	maniera	_	_	_	_	_	linguistic	_	none	_	_	_	_	_	_
39-2	BO026	39	39	2	[specifica]	specifica	_	_	_	_	_	linguistic	_	none	_	_	_	_	_	0-9(18)
39-3	BO026	39	39	3	sul	sul	_	_	_	_	_	linguistic	_	none	_	_	_	_	_	_
39-4	BO026	39	39	4	brokering	brokering	_	_	_	_	_	linguistic	_	none	_	_	_	_	_	_
39-5	BO026	39	39	5	e	e	_	_	_	_	_	linguistic	_	none	_	_	_	_	_	_
39-6	BO026	39	39	6	sulla	sulla	_	_	_	_	_	linguistic	_	none	_	_	_	_	_	_
39-7	BO026	39	39	7	mediazione	mediazione	_	_	_	_	_	linguistic	_	none	_	_	_	_	_	_
39-8	BO026	39	39	8	lei	lei	_	_	_	_	_	linguistic	_	none	_	_	_	_	_	_
39-9	BO026	39	39	9	lo	lo	_	_	_	_	_	linguistic	_	none	_	_	_	_	_	_
39-10	BO026	39	39	10	sa	sa	_	_	_	_	_	linguistic	_	none	_	_	_	_	_	_
39-11	BO026	39	39	11	mi	mi	_	_	_	_	_	linguistic	_	none	_	_	_	_	_	_
39-12	BO026	39	39	12	sono:	sono	_	_	_	_	_	linguistic	_	none	_	_	3x1	_	_	_
39-13	BO026	39	39	13	mi	mi	_	_	_	_	_	linguistic	_	none	_	_	_	_	_	_
39-14	BO026	39	39	14	occupo	occupo	_	_	_	_	_	linguistic	_	none	_	_	_	_	_	_
39-15	BO026	39	39	15	d[ella],	della	_	_	_	_	_	linguistic	_	none	Intonation=WeaklyRising	End=95.961	_	_	_	1-5(22)
40-0	BO037	40	40	0	[certo].	certo	_	_	_	_	_	linguistic	_	none	Intonation=Falling	Begin=91.3|End=91.848	_	_	_	0-5(18)
41-0	BO037	41	41	0	[>sì	sì	_	_	_	_	_	linguistic	_	none	_	Begin=95.581	_	Fast=0-2(0)	_	0-2(22)
41-1	BO037	41	41	1	sì<	sì	_	_	_	_	_	linguistic	_	none	_	_	_	Fast=0-2(0)	_	0-2(22)
41-2	BO037	41	41	2	i]nfatti	infatti	_	_	_	_	_	linguistic	_	none	_	_	_	_	_	0-1(22)
41-3	BO037	41	41	3	comunque	comunque	_	_	_	_	_	linguistic	_	none	_	_	_	_	_	_
41-4	BO037	41	41	4	un	un	_	_	_	_	_	linguistic	_	none	_	_	_	_	_	_
41-5	BO037	41	41	5	po'	po'	_	_	_	_	_	linguistic	_	none	_	_	_	_	_	_
41-6	BO037	41	41	6	di	di	_	_	_	_	_	linguistic	_	none	_	_	_	_	_	_
41-7	BO037	41	41	7	m[ateriale	materiale	_	_	_	_	_	linguistic	_	none	_	_	_	_	_	1-9(19)
41-8	BO037	41	41	8	usato]	usato	_	_	_	_	_	linguistic	_	none	_	_	_	_	_	0-5(19)
41-9	BO037	41	41	9	quello	quello	_	_	_	_	_	linguistic	_	none	_	_	_	_	_	_
41-10	BO037	41	41	10	[del]	del	_	_	_	_	_	linguistic	_	none	_	_	_	_	_	0-3(20)
41-11	BO037	41	41	11	corso	corso	_	_	_	_	_	linguistic	_	none	_	_	_	_	_	_
41-12	BO037	41	41	12	di	di	_	_	_	_	_	linguistic	_	none	_	_	_	_	_	_
41-13	BO037	41	41	13	didattica	didattica	_	_	_	_	_	linguistic	_	none	_	_	_	_	_	_
41-14	BO037	41	41	14	dell'	dell'	_	_	_	_	_	linguistic	_	none	SpaceAfter=No	_	_	_	_	_
41-15	BO037	41	41	15	italiano	italiano	_	_	_	_	_	linguistic	_	none	_	_	_	_	_	_
41-16	BO037	41	41	16	[elle	elle	_	_	_	_	_	linguistic	_	none	_	_	_	_	_	0-4(21)
41-17	BO037	41	41	17	due],	due	_	_	_	_	_	linguistic	_	none	Intonation=WeaklyRising	End=100.63	_	_	_	0-3(21)
42-0	BO026	42	42	0	[le	le	_	_	_	_	_	linguistic	_	none	_	Begin=96.938	_	_	_	0-2(19)
42-1	BO026	42	42	1	lingue:]	lingue	_	_	_	_	_	linguistic	_	none	_	End=97.961	5x1	_	_	0-6(19)
43-0	BO026	43	43	0	[mh].	mh	_	_	_	_	_	linguistic	_	none	Intonation=Falling	Begin=98.198|End=98.413	_	_	_	0-2(20)
44-0	BO026	44	44	0	[e::]h	eh	_	_	_	_	_	linguistic	_	none	ProsodicLink=Yes	Begin=100.11	0x2	_	_	0-1(21)
44-1	BO026	44	44	1	mh	mh	_	_	_	_	_	linguistic	_	none	_	End=101.305	_	_	_	_
45-0	BO026	45	45	0	però	però	_	_	_	_	_	linguistic	_	none	_	Begin=102.31	_	_	_	_
45-1	BO026	45	45	1	non	non	_	_	_	_	_	linguistic	_	none	_	_	_	_	_	_
45-2	BO026	45	45	2	x	x	_	_	_	_	_	unknown	_	none	Syllables=1	_	_	_	_	_
45-3	BO026	45	45	3	non	non	_	_	_	_	_	linguistic	_	none	_	_	_	_	_	_
45-4	BO026	45	45	4	la:	la	_	_	_	_	_	linguistic	_	none	_	_	1x1	_	_	_
45-5	BO026	45	45	5	sì.	sì	_	_	_	_	_	linguistic	_	none	Intonation=Falling	End=104.299	_	_	_	_
46-0	BO037	46	46	0	diciamo	diciamo	_	_	_	_	_	linguistic	_	none	_	Begin=105.683	_	_	_	_
46-1	BO037	46	46	1	che	che	_	_	_	_	_	linguistic	_	none	_	_	_	_	_	_
46-2	BO037	46	46	2	come	come	_	_	_	_	_	linguistic	_	none	_	_	_	_	_	_
46-3	BO037	46	46	3	materiali	materiali	_	_	_	_	_	linguistic	_	none	_	_	_	_	_	_
46-4	BO037	46	46	4	sulla	sulla	_	_	_	_	_	linguistic	_	none	_	_	_	_	_	_
46-5	BO037	46	46	5	lingua	lingua	_	_	_	_	_	linguistic	_	none	_	_	_	_	_	_
46-6	BO037	46	46	6	dei	dei	_	_	_	_	_	linguistic	_	none	_	_	_	_	_	_
46-7	BO037	46	46	7	segni	segni	_	_	_	_	_	linguistic	_	none	_	_	_	_	_	_
46-8	BO037	46	46	8	eccetera	eccetera	_	_	_	_	_	linguistic	_	none	PauseAfter=Yes	_	_	_	_	_
46-9	BO037	46	46	9	{P}	{P}	_	_	_	_	_	shortpause	_	none	_	_	_	_	_	_
46-10	BO037	46	46	10	sono	sono	_	_	_	_	_	linguistic	_	none	_	_	_	_	_	_
46-11	BO037	46	46	11	coperta.	coperta	_	_	_	_	_	linguistic	_	none	Intonation=Falling	End=109.643	_	_	_	_
47-0	BO026	47	47	0	s[ì].	sì	_	_	_	_	_	linguistic	_	none	Intonation=Falling	Begin=109.675|End=109.961	_	_	_	1-2(23)
48-0	BO037	48	48	0	[p]erché	perché	_	_	_	_	_	linguistic	_	none	_	Begin=109.891	_	_	_	0-1(23)
48-1	BO037	48	48	1	comunque	comunque	_	_	_	_	_	linguistic	_	none	_	_	_	_	_	_
48-2	BO037	48	48	2	sia	sia	_	_	_	_	_	linguistic	_	none	_	_	_	_	_	_
48-3	BO037	48	48	3	la	la	_	_	_	_	_	linguistic	_	none	_	_	_	_	_	_
48-4	BO037	48	48	4	professoressa	professoressa	_	_	_	_	_	linguistic	_	none	_	_	_	_	_	_
48-5	BO037	48	48	5	rossi	rossi	_	_	_	_	_	linguistic	_	none	_	_	_	_	_	_
48-6	BO037	48	48	6	che	che	_	_	_	_	_	linguistic	_	none	_	_	_	_	_	_
48-7	BO037	48	48	7	la	la	_	_	_	_	_	linguistic	_	none	_	_	_	_	_	_
48-8	BO037	48	48	8	professoressa	professoressa	_	_	_	_	_	linguistic	_	none	_	_	_	_	_	_
48-9	BO037	48	48	9	verdi	verdi	_	_	_	_	_	linguistic	_	none	PauseAfter=Yes	_	_	_	_	_
48-10	BO037	48	48	10	{P}	{P}	_	_	_	_	_	shortpause	_	none	_	_	_	_	_	_
48-11	BO037	48	48	11	sia	sia	_	_	_	_	_	linguistic	_	none	_	_	_	_	_	_
48-12	BO037	48	48	12	la	la	_	_	_	_	_	linguistic	_	none	_	_	_	_	_	_
48-13	BO037	48	48	13	mia	mia	_	_	_	_	_	linguistic	_	none	_	_	_	_	_	_
48-14	BO037	48	48	14	scuola	scuola	_	_	_	_	_	linguistic	_	none	_	_	_	_	_	_
48-15	BO037	48	48	15	della	della	_	_	_	_	_	linguistic	_	none	_	_	_	_	_	_
48-16	BO037	48	48	16	lingua	lingua	_	_	_	_	_	linguistic	_	none	_	_	_	_	_	_
48-17	BO037	48	48	17	dei	dei	_	_	_	_	_	linguistic	_	none	_	_	_	_	_	_
48-18	BO037	48	48	18	segni	segni	_	_	_	_	_	linguistic	_	none	_	_	_	_	_	_
48-19	BO037	48	48	19	qua	qua	_	_	_	_	_	linguistic	_	none	_	_	_	_	_	_
48-20	BO037	48	48	20	a	a	_	_	_	_	_	linguistic	_	none	_	_	_	_	_	_
48-21	BO037	48	48	21	bologna	bologna	_	_	_	_	_	linguistic	_	none	_	_	_	_	_	_
48-22	BO037	48	48	22	mi	mi	_	_	_	_	_	linguistic	_	none	_	_	_	_	_	_
48-23	BO037	48	48	23	possono	possono	_	_	_	_	_	linguistic	_	none	_	_	_	_	_	_
48-24	BO037	48	48	24	dare	dare	_	_	_	_	_	linguistic	_	none	_	_	_	_	_	_
48-25	BO037	48	48	25	una	una	_	_	_	_	_	linguistic	_	none	_	_	_	_	_	_
48-26	BO037	48	48	26	mano	mano	_	_	_	_	_	linguistic	_	none	_	_	_	_	_	_
48-27	BO037	48	48	27	[quindi]	quindi	_	_	_	_	_	linguistic	_	none	_	_	_	_	_	0-6(24)
48-28	BO037	48	48	28	comunque,	comunque	_	_	_	_	_	linguistic	_	none	Intonation=WeaklyRising	End=117.735	_	_	_	_
49-0	BO026	49	49	0	[sì].	sì	_	_	_	_	_	linguistic	_	none	Intonation=Falling	Begin=116.825|End=117.23	_	_	_	0-2(24)
50-0	BO037	50	50	0	materliali	materliali	_	_	_	_	_	linguistic	_	none	_	Begin=117.848	_	_	_	_
50-1	BO037	50	50	1	bibliograf[ie	bibliografie	_	_	_	_	_	linguistic	_	none	_	_	_	_	_	10-12(25)
50-2	BO037	50	50	2	cose],	cose	_	_	_	_	_	linguistic	_	none	Intonation=WeaklyRising	End=119.87	_	_	_	0-4(25)
51-0	BO026	51	51	0	[lei	lei	_	_	_	_	_	linguistic	_	none	_	Begin=118.878	_	_	_	0-3(25)
51-1	BO026	51	51	1	è:	è	_	_	_	_	_	linguistic	_	none	PauseAfter=Yes	_	0x1	_	_	0-1(25)
51-2	BO026	51	51	2	{P}	{P}	_	_	_	_	_	shortpause	_	none	_	_	_	_	_	0-3(25)
51-3	BO026	51	51	3	l]ei	lei	_	_	_	_	_	linguistic	_	none	_	_	_	_	_	0-1(25)
51-4	BO026	51	51	4	[è:]	è	_	_	_	_	_	linguistic	_	none	_	End=120.711	0x1	_	_	0-1(26)
52-0	BO037	52	52	0	[ho	ho	_	_	_	_	_	linguistic	_	none	_	Begin=120.445	_	_	_	0-2(26)
52-1	BO037	52	52	1	fa]tt[o:	fatto	_	_	_	_	_	linguistic	_	none	_	_	4x1	_	_	0-2(26),4-5(27)
52-2	BO037	52	52	2	sì	sì	_	_	_	_	_	linguistic	_	none	_	_	_	_	_	0-2(27)
52-3	BO037	52	52	3	>sì	sì	_	_	_	_	_	linguistic	_	none	_	_	_	Fast=0-2(0)	_	0-2(27)
52-4	BO037	52	52	4	sì	sì	_	_	_	_	_	linguistic	_	none	_	_	_	Fast=0-2(0)	_	0-2(27)
52-5	BO037	52	52	5	sì<	sì	_	_	_	_	_	linguistic	_	none	_	_	_	Fast=0-2(0)	_	0-2(27)
52-6	BO037	52	52	6	sì]	sì	_	_	_	_	_	linguistic	_	none	_	_	_	_	_	0-2(27)
52-7	BO037	52	52	7	esatto	esatto	_	_	_	_	_	linguistic	_	none	_	_	_	_	_	_
52-8	BO037	52	52	8	ho	ho	_	_	_	_	_	linguistic	_	none	_	_	_	_	_	_
52-9	BO037	52	52	9	fatto	fatto	_	_	_	_	_	linguistic	_	none	_	_	_	_	_	_
52-10	BO037	52	52	10	tre	tre	_	_	_	_	_	linguistic	_	none	_	_	_	_	_	_
52-11	BO037	52	52	11	anni	anni	_	_	_	_	_	linguistic	_	none	_	_	_	_	_	_
52-12	BO037	52	52	12	di	di	_	_	_	_	_	linguistic	_	none	_	_	_	_	_	_
52-13	BO037	52	52	13	corso	corso	_	_	_	_	_	linguistic	_	none	_	_	_	_	_	_
52-14	BO037	52	52	14	e	e	_	_	_	_	_	linguistic	_	none	_	_	_	_	_	_
52-15	BO037	52	52	15	ho	ho	_	_	_	_	_	linguistic	_	none	_	_	_	_	_	_
52-16	BO037	52	52	16	finito	finito	_	_	_	_	_	linguistic	_	none	_	_	_	_	_	_
52-17	BO037	52	52	17	adesso.	adesso	_	_	_	_	_	linguistic	_	none	Intonation=Falling	End=125.063	_	_	_	_
53-0	BO026	53	53	0	[ha	ha	_	_	_	_	_	linguistic	_	none	_	Begin=120.971	_	_	_	0-2(27)
53-1	BO026	53	53	1	imparato	imparato	_	_	_	_	_	linguistic	_	none	_	_	_	_	_	0-8(27)
53-2	BO026	53	53	2	la	la	_	_	_	_	_	linguistic	_	none	_	_	_	_	_	0-2(27)
53-3	BO026	53	53	3	lis],	lis	_	_	_	_	_	linguistic	_	none	Intonation=WeaklyRising	End=122.59	_	_	_	0-3(27)
54-0	BO026	54	54	0	sì.	sì	_	_	_	_	_	linguistic	_	none	Intonation=Falling	Begin=125.26|End=125.531	_	_	_	_
55-0	BO037	55	55	0	e::	e	_	_	_	_	_	linguistic	_	none	_	Begin=125.531	0x2	_	_	_
55-1	BO037	55	55	1	ho	ho	_	_	_	_	_	linguistic	_	none	_	_	_	_	_	_
55-2	BO037	55	55	2	fatto	fatto	_	_	_	_	_	linguistic	_	none	_	_	_	_	_	_
55-3	BO037	55	55	3	il	il	_	_	_	_	_	linguistic	_	none	_	_	_	_	_	_
55-4	BO037	55	55	4	terzo	terzo	_	_	_	_	_	linguistic	_	none	_	_	_	_	_	_
55-5	BO037	55	55	5	livello	livello	_	_	_	_	_	linguistic	_	none	_	_	_	_	_	_
55-6	BO037	55	55	6	per	per	_	_	_	_	_	linguistic	_	none	_	_	_	_	_	_
55-7	BO037	55	55	7	cui	cui	_	_	_	_	_	linguistic	_	none	_	_	_	_	_	_
55-8	BO037	55	55	8	comunque	comunque	_	_	_	_	_	linguistic	_	none	_	_	_	_	_	_
55-9	BO037	55	55	9	un	un	_	_	_	_	_	linguistic	_	none	_	_	_	_	_	_
55-10	BO037	55	55	10	po'	po'	_	_	_	_	_	linguistic	_	none	_	_	_	_	_	_
55-11	BO037	55	55	11	di	di	_	_	_	_	_	linguistic	_	none	_	_	_	_	_	_
55-12	BO037	55	55	12	bibliografia	bibliografia	_	_	_	_	_	linguistic	_	none	_	_	_	_	_	_
55-13	BO037	55	55	13	o	o	_	_	_	_	_	linguistic	_	none	_	_	_	_	_	_
55-14	BO037	55	55	14	anche	anche	_	_	_	_	_	linguistic	_	none	_	_	_	_	_	_
55-15	BO037	55	55	15	solo	solo	_	_	_	_	_	linguistic	_	none	_	_	_	_	_	_
55-16	BO037	55	55	16	fare	fare	_	_	_	_	_	linguistic	_	none	_	_	_	_	_	_
55-17	BO037	55	55	17	delle	delle	_	_	_	_	_	linguistic	_	none	_	_	_	_	_	_
55-18	BO037	55	55	18	interviste	interviste	_	_	_	_	_	linguistic	_	none	_	_	_	_	_	_
55-19	BO037	55	55	19	con	con	_	_	_	_	_	linguistic	_	none	_	_	_	_	_	_
55-20	BO037	55	55	20	persone	persone	_	_	_	_	_	linguistic	_	none	_	_	_	_	_	_
55-21	BO037	55	55	21	s[ia	sia	_	_	_	_	_	linguistic	_	none	_	_	_	_	_	1-3(28)
55-22	BO037	55	55	22	so]rde	sorde	_	_	_	_	_	linguistic	_	none	_	_	_	_	_	0-2(28)
55-23	BO037	55	55	23	che	che	_	_	_	_	_	linguistic	_	none	_	_	_	_	_	_
55-24	BO037	55	55	24	udenti	udenti	_	_	_	_	_	linguistic	_	none	_	_	_	_	_	_
55-25	BO037	55	55	25	e	e	_	_	_	_	_	linguistic	_	none	_	_	_	_	_	_
55-26	BO037	55	55	26	così,	così	_	_	_	_	_	linguistic	_	none	Intonation=WeaklyRising	End=132.414	_	_	_	_
56-0	BO026	56	56	0	[sì].	sì	_	_	_	_	_	linguistic	_	none	Intonation=Falling	Begin=131.253|End=131.576	_	_	_	0-2(28)
57-0	BO037	57	57	0	da	da	_	_	_	_	_	linguistic	_	none	_	Begin=132.63	_	_	_	_
57-1	BO037	57	57	1	quel	quel	_	_	_	_	_	linguistic	_	none	_	_	_	_	_	_
57-2	BO037	57	57	2	punto	punto	_	_	_	_	_	linguistic	_	none	_	_	_	_	_	_
57-3	BO037	57	57	3	di	di	_	_	_	_	_	linguistic	_	none	_	_	_	_	_	_
57-4	BO037	57	57	4	vista	vista	_	_	_	_	_	linguistic	_	none	_	_	_	_	_	_
57-5	BO037	57	57	5	sono	sono	_	_	_	_	_	linguistic	_	none	_	_	_	_	_	_
57-6	BO037	57	57	6	a	a	_	_	_	_	_	linguistic	_	none	_	_	_	_	_	_
57-7	BO037	57	57	7	posto.	posto	_	_	_	_	_	linguistic	_	none	Intonation=Falling	End=134.356	_	_	_	_
58-0	BO026	58	58	0	ci	ci	_	_	_	_	_	linguistic	_	none	_	Begin=134.48	_	_	_	_
58-1	BO026	58	58	1	sono	sono	_	_	_	_	_	linguistic	_	none	_	_	_	_	_	_
58-2	BO026	58	58	2	dei	dei	_	_	_	_	_	linguistic	_	none	_	_	_	_	_	_
58-3	BO026	58	58	3	lavori	lavori	_	_	_	_	_	linguistic	_	none	_	_	_	_	_	_
58-4	BO026	58	58	4	sui	sui	_	_	_	_	_	linguistic	_	none	_	_	_	_	_	_
58-5	BO026	58	58	5	bambini	bambini	_	_	_	_	_	linguistic	_	none	_	_	_	_	_	_
58-6	BO026	58	58	6	sulla	sulla	_	_	_	_	_	linguistic	_	none	_	_	_	_	_	_
58-7	BO026	58	58	7	mediazione	mediazione	_	_	_	_	_	linguistic	_	none	_	_	_	_	_	_
58-8	BO026	58	58	8	dei	dei	_	_	_	_	_	linguistic	_	none	_	_	_	_	_	_
58-9	BO026	58	58	9	bambini?	bambini	_	_	_	_	_	linguistic	_	none	Intonation=Rising	End=137.61	_	_	_	_
59-0	BO037	59	59	0	[e:h]	eh	_	_	_	_	_	linguistic	_	none	_	Begin=137.686|End=138.229	0x1	_	_	0-2(29)
60-0	BO026	60	60	0	[da	da	_	_	_	_	_	linguistic	_	none	_	Begin=137.95	_	_	_	0-2(29)
60-1	BO026	60	60	1	parte	parte	_	_	_	_	_	linguistic	_	none	_	_	_	_	_	0-5(29)
60-2	BO026	60	60	2	d]ei	dei	_	_	_	_	_	linguistic	_	none	_	_	_	_	_	0-1(29)
60-3	BO026	60	60	3	[bambini]?	bambini	_	_	_	_	_	linguistic	_	none	Intonation=Rising	End=138.975	_	_	_	0-7(30)
61-0	BO037	61	61	0	[qualcosa]::	qualcosa	_	_	_	_	_	linguistic	_	none	_	Begin=138.295	7x2	_	_	0-8(30)
61-1	BO037	61	61	1	c'	c'	_	_	_	_	_	linguistic	_	none	SpaceAfter=No	_	_	_	_	_
61-2	BO037	61	61	2	è	è	_	_	_	_	_	linguistic	_	none	_	_	_	_	_	_
61-3	BO037	61	61	3	molto	molto	_	_	_	_	_	linguistic	_	none	_	_	_	_	_	_
61-4	BO037	61	61	4	molto	molto	_	_	_	_	_	linguistic	_	none	_	_	_	_	_	_
61-5	BO037	61	61	5	poco	poco	_	_	_	_	_	linguistic	_	none	_	_	_	_	_	_
61-6	BO037	61	61	6	tend[enzialmente	tendenzialmente	_	_	_	_	_	linguistic	_	none	_	_	_	_	_	3-15(31)
61-7	BO037	61	61	7	tutti	tutti	_	_	_	_	_	linguistic	_	none	_	_	_	_	_	0-5(31)
61-8	BO037	61	61	8	i	i	_	_	_	_	_	linguistic	_	none	_	_	_	_	_	0-1(31)
61-9	BO037	61	61	9	lav~]	lav~	_	_	_	_	_	linguistic	_	none	Interrupted=Yes	End=142.668	_	_	_	0-4(31)
62-0	BO026	62	62	0	[perché	perché	_	_	_	_	_	linguistic	_	none	_	Begin=141.226	_	_	_	0-6(31)
62-1	BO026	62	62	1	lo	lo	_	_	_	_	_	linguistic	_	none	_	_	_	_	_	0-2(31)
62-2	BO026	62	62	2	fanno	fanno	_	_	_	_	_	linguistic	_	none	_	_	_	_	_	0-5(31)
62-3	BO026	62	62	3	per	per	_	_	_	_	_	linguistic	_	none	_	_	_	_	_	0-3(31)
62-4	BO026	62	62	4	i	i	_	_	_	_	_	linguistic	_	none	_	_	_	_	_	0-1(31)
62-5	BO026	62	62	5	geni]tori,	genitori	_	_	_	_	_	linguistic	_	none	Intonation=WeaklyRising	End=143.038	_	_	_	0-4(31)
63-0	BO037	63	63	0	e::h	eh	_	_	_	_	_	linguistic	_	none	_	Begin=143.03	0x2	_	_	_
63-1	BO037	63	63	1	mh	mh	_	_	_	_	_	linguistic	_	none	_	_	_	_	_	_
63-2	BO037	63	63	2	no	no	_	_	_	_	_	linguistic	_	none	_	_	_	_	_	_
63-3	BO037	63	63	3	lo	lo	_	_	_	_	_	linguistic	_	none	_	_	_	_	_	_
63-4	BO037	63	63	4	fanno	fanno	_	_	_	_	_	linguistic	_	none	_	_	_	_	_	_
63-5	BO037	63	63	5	comunque	comunque	_	_	_	_	_	linguistic	_	none	_	_	_	_	_	_
63-6	BO037	63	63	6	su	su	_	_	_	_	_	linguistic	_	none	_	_	_	_	_	_
63-7	BO037	63	63	7	persone	persone	_	_	_	_	_	linguistic	_	none	_	_	_	_	_	_
63-8	BO037	63	63	8	che	che	_	_	_	_	_	linguistic	_	none	_	_	_	_	_	_
63-9	BO037	63	63	9	l'	l'	_	_	_	_	_	linguistic	_	none	SpaceAfter=No	_	_	_	_	_
63-10	BO037	63	63	10	hanno	hanno	_	_	_	_	_	linguistic	_	none	_	_	_	_	_	_
63-11	BO037	63	63	11	fatto	fatto	_	_	_	_	_	linguistic	_	none	_	_	_	_	_	_
63-12	BO037	63	63	12	da	da	_	_	_	_	_	linguistic	_	none	_	_	_	_	_	_
63-13	BO037	63	63	13	da	da	_	_	_	_	_	linguistic	_	none	_	_	_	_	_	_
63-14	BO037	63	63	14	bambine	bambine	_	_	_	_	_	linguistic	_	none	_	_	_	_	_	_
63-15	BO037	63	63	15	ma	ma	_	_	_	_	_	linguistic	_	none	_	_	_	_	_	_
63-16	BO037	63	63	16	intervistandoli	intervistandoli	_	_	_	_	_	linguistic	_	none	_	_	_	_	_	_
63-17	BO037	63	63	17	da	da	_	_	_	_	_	linguistic	_	none	_	_	_	_	_	_
63-18	BO037	63	63	18	adulti.	adulti	_	_	_	_	_	linguistic	_	none	Intonation=Falling	End=148.61	_	_	_	_
64-0	BO026	64	64	0	s[ì	sì	_	_	_	_	_	linguistic	_	none	_	Begin=149.136	_	_	_	1-2(33)
64-1	BO026	64	64	1	esattamen]te	esattamente	_	_	_	_	_	linguistic	_	none	_	_	_	_	_	0-9(33)
64-2	BO026	64	64	2	come	come	_	_	_	_	_	linguistic	_	none	_	_	_	_	_	_
64-3	BO026	64	64	3	per	per	_	_	_	_	_	linguistic	_	none	_	_	_	_	_	_
64-4	BO026	64	64	4	il	il	_	_	_	_	_	linguistic	_	none	_	_	_	_	_	_
64-5	BO026	64	64	5	brokeri:ng	brokering	_	_	_	_	_	linguistic	_	none	_	_	6x1	_	_	_
64-6	BO026	64	64	6	dell[e	delle	_	_	_	_	_	linguistic	_	none	_	_	_	_	_	4-5(34)
64-7	BO026	64	64	7	lingue:]	lingue	_	_	_	_	_	linguistic	_	none	_	End=153.061	5x1	_	_	0-6(34)
65-0	BO037	65	65	0	[comunque	comunque	_	_	_	_	_	linguistic	_	none	_	Begin=149.24	_	_	_	0-8(33)
65-1	BO037	65	65	1	con	con	_	_	_	_	_	linguistic	_	none	_	_	_	_	_	0-3(33)
65-2	BO037	65	65	2	ricordi],	ricordi	_	_	_	_	_	linguistic	_	none	Intonation=WeaklyRising	End=150.576	_	_	_	0-7(33)
66-0	BO037	66	66	0	[esatto	esatto	_	_	_	_	_	linguistic	_	none	PauseAfter=Yes	Begin=152.071	_	_	_	0-6(34)
66-1	BO037	66	66	1	{P}	{P}	_	_	_	_	_	shortpause	_	none	_	_	_	_	_	0-3(34)
66-2	BO037	66	66	2	es]attamente.	esattamente	_	_	_	_	_	linguistic	_	none	Intonation=Falling	End=153.707	_	_	_	0-2(34)
67-0	BO026	67	67	0	gli	gli	_	_	_	_	_	linguistic	_	none	_	Begin=153.8	_	_	_	_
67-1	BO026	67	67	1	ex	ex	_	_	_	_	_	linguistic	_	none	_	_	_	_	_	_
67-2	BO026	67	67	2	broke[rs].	brokers	_	_	_	_	_	linguistic	_	none	Intonation=Falling	End=155.159	_	_	_	5-7(35)
68-0	BO037	68	68	0	[esa]tto	esatto	_	_	_	_	_	linguistic	_	none	_	Begin=154.936	_	_	_	0-3(35)
68-1	BO037	68	68	1	esatto.	esatto	_	_	_	_	_	linguistic	_	none	Intonation=Falling	End=156.242	_	_	_	_
69-0	BO037	69	69	0	tendezialmente	tendezialmente	_	_	_	_	_	linguistic	_	none	_	Begin=156.291	_	_	_	_
69-1	BO037	69	69	1	sono	sono	_	_	_	_	_	linguistic	_	none	_	_	_	_	_	_
69-2	BO037	69	69	2	lavori	lavori	_	_	_	_	_	linguistic	_	none	_	_	_	_	_	_
69-3	BO037	69	69	3	americani.	americani	_	_	_	_	_	linguistic	_	none	Intonation=Falling	End=158.848	_	_	_	_
70-0	BO037	70	70	0	perché	perché	_	_	_	_	_	linguistic	_	none	_	Begin=159.205	_	_	_	_
70-1	BO037	70	70	1	c'	c'	_	_	_	_	_	linguistic	_	none	SpaceAfter=No	_	_	_	_	_
70-2	BO037	70	70	2	è	è	_	_	_	_	_	linguistic	_	none	_	_	_	_	_	_
70-3	BO037	70	70	3	l'	l'	_	_	_	_	_	linguistic	_	none	SpaceAfter=No	_	_	_	_	_
70-4	BO037	70	70	4	università	università	_	_	_	_	_	linguistic	_	none	_	_	_	_	_	_
70-5	BO037	70	70	5	dei	dei	_	_	_	_	_	linguistic	_	none	_	_	_	_	_	_
70-6	BO037	70	70	6	sordi	sordi	_	_	_	_	_	linguistic	_	none	_	_	_	_	_	_
70-7	BO037	70	70	7	la	la	_	_	_	_	_	linguistic	_	none	_	_	_	_	_	_
70-8	BO037	70	70	8	gallaudet	gallaudet	_	_	_	_	_	linguistic	_	none	_	_	_	_	_	_
70-9	BO037	70	70	9	per	per	_	_	_	_	_	linguistic	_	none	_	_	_	_	_	_
70-10	BO037	70	70	10	cui	cui	_	_	_	_	_	linguistic	_	none	_	_	_	_	_	_
70-11	BO037	70	70	11	diciamo	diciamo	_	_	_	_	_	linguistic	_	none	_	_	_	_	_	_
70-12	BO037	70	70	12	che,	che	_	_	_	_	_	linguistic	_	none	Intonation=WeaklyRising	End=163.375	_	_	_	_
71-0	BO037	71	71	0	il	il	_	_	_	_	_	linguistic	_	none	_	Begin=163.433	_	_	_	_
71-1	BO037	71	71	1	panorama	panorama	_	_	_	_	_	linguistic	_	none	_	_	_	_	_	_
71-2	BO037	71	71	2	americano	americano	_	_	_	_	_	linguistic	_	none	_	_	_	_	_	_
71-3	BO037	71	71	3	è	è	_	_	_	_	_	linguistic	_	none	_	_	_	_	_	_
71-4	BO037	71	71	4	molto	molto	_	_	_	_	_	linguistic	_	none	_	_	_	_	_	_
71-5	BO037	71	71	5	p[iù	più	_	_	_	_	_	linguistic	_	none	_	_	_	_	_	1-3(36)
71-6	BO037	71	71	6	at]tivo	attivo	_	_	_	_	_	linguistic	_	none	_	_	_	_	_	0-2(36)
71-7	BO037	71	71	7	in	in	_	_	_	_	_	linguistic	_	none	_	_	_	_	_	_
71-8	BO037	71	71	8	italia	italia	_	_	_	_	_	linguistic	_	none	_	_	_	_	_	_
71-9	BO037	71	71	9	c'	c'	_	_	_	_	_	linguistic	_	none	SpaceAfter=No	_	_	_	_	_
71-10	BO037	71	71	10	è	è	_	_	_	_	_	linguistic	_	none	_	_	_	_	_	_
71-11	BO037	71	71	11	veramente	veramente	_	_	_	_	_	linguistic	_	none	_	_	_	_	_	_
71-12	BO037	71	71	12	molto	molto	_	_	_	_	_	linguistic	_	none	_	_	_	_	_	_
71-13	BO037	71	71	13	poco.	poco	_	_	_	_	_	linguistic	_	none	Intonation=Falling	End=166.866	_	_	_	_
72-0	BO026	72	72	0	[sì].	sì	_	_	_	_	_	linguistic	_	none	Intonation=Falling	Begin=164.683|End=165.078	_	_	_	0-2(36)
73-0	BO026	73	73	0	molto	molto	_	_	_	_	_	linguistic	_	none	_	Begin=166.826	_	_	_	_
73-1	BO026	73	73	1	po[co].	poco	_	_	_	_	_	linguistic	_	none	Intonation=Falling	End=167.465	_	_	_	2-4(38)
74-0	BO037	74	74	0	[pe]rò	però	_	_	_	_	_	linguistic	_	none	_	Begin=167.24	_	_	_	0-2(38)
74-1	BO037	74	74	1	qualcosa	qualcosa	_	_	_	_	_	linguistic	_	none	_	_	_	_	_	_
74-2	BO037	74	74	2	c'	c'	_	_	_	_	_	linguistic	_	none	SpaceAfter=No	_	_	_	_	_
74-3	BO037	74	74	3	è	è	_	_	_	_	_	linguistic	_	none	_	_	_	_	_	_
74-4	BO037	74	74	4	una	una	_	_	_	_	_	linguistic	_	none	_	_	_	_	_	_
74-5	BO037	74	74	5	associazione	associazione	_	_	_	_	_	linguistic	_	none	_	_	_	_	_	_
74-6	BO037	74	74	6	di	di	_	_	_	_	_	linguistic	_	none	_	_	_	_	_	_
74-7	BO037	74	74	7	appunto	appunto	_	_	_	_	_	linguistic	_	none	_	_	_	_	_	_
74-8	BO037	74	74	8	questi:	questi	_	_	_	_	_	linguistic	_	none	_	_	5x1	_	_	_
74-9	BO037	74	74	9	ex	ex	_	_	_	_	_	linguistic	_	none	ProsodicLink=Yes	_	_	_	_	_
74-10	BO037	74	74	10	m:h	mh	_	_	_	_	_	linguistic	_	none	_	End=171.414	0x1	_	_	_
75-0	BO037	75	75	0	brokers	brokers	_	_	_	_	_	linguistic	_	none	_	Begin=171.98	_	_	_	_
75-1	BO037	75	75	1	c[osì],	così	_	_	_	_	_	linguistic	_	none	Intonation=WeaklyRising	End=172.949	_	_	_	1-4(39)
76-0	BO026	76	76	0	[lei	lei	_	_	_	_	_	linguistic	_	none	_	Begin=172.616	_	_	_	0-3(39)
76-1	BO026	76	76	1	con]osce	conosce	_	_	_	_	_	linguistic	_	none	_	_	_	_	_	0-3(39)
76-2	BO026	76	76	2	lei	lei	_	_	_	_	_	linguistic	_	none	_	_	_	_	_	_
76-3	BO026	76	76	3	co	co	_	_	_	_	_	linguistic	_	none	_	_	_	_	_	_
76-4	BO026	76	76	4	conosce	conosce	_	_	_	_	_	linguistic	_	none	_	_	_	_	_	_
76-5	BO026	76	76	5	questa	questa	_	_	_	_	_	linguistic	_	none	_	_	_	_	_	_
76-6	BO026	76	76	6	scuola	scuola	_	_	_	_	_	linguistic	_	none	_	_	_	_	_	_
76-7	BO026	76	76	7	torine~	torine~	_	_	_	_	_	linguistic	_	none	Interrupted=Yes	_	_	_	_	_
76-8	BO026	76	76	8	del	del	_	_	_	_	_	linguistic	_	none	_	_	_	_	_	_
76-9	BO026	76	76	9	piemonte	piemonte	_	_	_	_	_	linguistic	_	none	_	_	_	_	_	_
76-10	BO026	76	76	10	dove	dove	_	_	_	_	_	linguistic	_	none	_	_	_	_	_	_
76-11	BO026	76	76	11	hanno	hanno	_	_	_	_	_	linguistic	_	none	_	_	_	_	_	_
76-12	BO026	76	76	12	fatto	fatto	_	_	_	_	_	linguistic	_	none	_	_	_	_	_	_
76-13	BO026	76	76	13	un	un	_	_	_	_	_	linguistic	_	none	_	_	_	_	_	_
76-14	BO026	76	76	14	esperimento	esperimento	_	_	_	_	_	linguistic	_	none	_	_	_	_	_	_
76-15	BO026	76	76	15	p[erò	però	_	_	_	_	_	linguistic	_	none	_	_	_	_	_	1-4(40)
76-16	BO026	76	76	16	è	è	_	_	_	_	_	linguistic	_	none	_	_	_	_	_	0-1(40)
76-17	BO026	76	76	17	una	una	_	_	_	_	_	linguistic	_	none	_	_	_	_	_	0-3(40)
76-18	BO026	76	76	18	cosa	cosa	_	_	_	_	_	linguistic	_	none	_	_	_	_	_	0-4(40)
76-19	BO026	76	76	19	diversa	diversa	_	_	_	_	_	linguistic	_	none	_	_	_	_	_	0-7(40)
76-20	BO026	76	76	20	sì]	sì	_	_	_	_	_	linguistic	_	none	_	End=180.418	_	_	_	0-2(40)
77-0	BO037	77	77	0	[ne	ne	_	_	_	_	_	linguistic	_	none	_	Begin=178.81	_	_	_	0-2(40)
77-1	BO037	77	77	1	avevo	avevo	_	_	_	_	_	linguistic	_	none	_	_	_	_	_	0-5(40)
77-2	BO037	77	77	2	sentito	sentito	_	_	_	_	_	linguistic	_	none	_	_	_	_	_	0-7(40)
77-3	BO037	77	77	3	parlare].	parlare	_	_	_	_	_	linguistic	_	none	Intonation=Falling	End=180.426	_	_	_	0-7(40)
78-0	BO037	78	78	0	ne	ne	_	_	_	_	_	linguistic	_	none	_	Begin=180.526	_	_	_	_
78-1	BO037	78	78	1	ho	ho	_	_	_	_	_	linguistic	_	none	_	_	_	_	_	_
78-2	BO037	78	78	2	sentit[o	sentito	_	_	_	_	_	linguistic	_	none	_	_	_	_	_	6-7(41)
78-3	BO037	78	78	3	parlare	parlare	_	_	_	_	_	linguistic	_	none	_	_	_	_	_	0-7(41)
78-4	BO037	78	78	4	sì].	sì	_	_	_	_	_	linguistic	_	none	Intonation=Falling	End=181.942	_	_	_	0-2(41)
79-0	BO026	79	79	0	[cioè	cioè	_	_	_	_	_	linguistic	_	none	_	Begin=181.065	_	_	_	0-4(41)
79-1	BO026	79	79	1	i	i	_	_	_	_	_	linguistic	_	none	_	_	_	_	_	0-1(41)
79-2	BO026	79	79	2	bambini]	bambini	_	_	_	_	_	linguistic	_	none	_	_	_	_	_	0-7(41)
79-3	BO026	79	79	3	compagni	compagni	_	_	_	_	_	linguistic	_	none	_	_	_	_	_	_
79-4	BO026	79	79	4	dei	dei	_	_	_	_	_	linguistic	_	none	_	_	_	_	_	_
79-5	BO026	79	79	5	bam[bini	bambini	_	_	_	_	_	linguistic	_	none	_	_	_	_	_	3-7(42)
79-6	BO026	79	79	6	non	non	_	_	_	_	_	linguistic	_	none	_	_	_	_	_	0-3(42)
79-7	BO026	79	79	7	udenti	udenti	_	_	_	_	_	linguistic	_	none	_	_	_	_	_	0-6(42)
79-8	BO026	79	79	8	che	che	_	_	_	_	_	linguistic	_	none	_	_	_	_	_	0-3(42)
79-9	BO026	79	79	9	hanno	hanno	_	_	_	_	_	linguistic	_	none	_	_	_	_	_	0-5(42)
79-10	BO026	79	79	10	impa]rato	imparato	_	_	_	_	_	linguistic	_	none	_	_	_	_	_	0-4(42)
79-11	BO026	79	79	11	[e::	e	_	_	_	_	_	linguistic	_	none	_	_	0x2	_	_	0-1(43)
79-12	BO026	79	79	12	ora	ora	_	_	_	_	_	linguistic	_	none	_	_	_	_	_	0-3(43)
79-13	BO026	79	79	13	comunicano,	comunicano	_	_	_	_	_	linguistic	_	none	Intonation=WeaklyRising	_	_	_	_	0-10(43)
79-14	BO026	79	79	14	mh].	mh	_	_	_	_	_	linguistic	_	none	Intonation=Falling	End=187.133	_	_	_	0-2(43)
80-0	BO037	80	80	0	[che	che	_	_	_	_	_	linguistic	_	none	_	Begin=183.055	_	_	_	0-3(42)
80-1	BO037	80	80	1	hanno	hanno	_	_	_	_	_	linguistic	_	none	_	_	_	_	_	0-5(42)
80-2	BO037	80	80	2	imparato,	imparato	_	_	_	_	_	linguistic	_	none	Intonation=WeaklyRising	_	_	_	_	0-8(42)
80-3	BO037	80	80	3	sì].	sì	_	_	_	_	_	linguistic	_	none	Intonation=Falling	End=184.707	_	_	_	0-2(42)
81-0	BO037	81	81	0	[sì	sì	_	_	_	_	_	linguistic	_	none	_	Begin=185.041	_	_	_	0-2(43)
81-1	BO037	81	81	1	sì	sì	_	_	_	_	_	linguistic	_	none	_	_	_	_	_	0-2(43)
81-2	BO037	81	81	2	avevo	avevo	_	_	_	_	_	linguistic	_	none	_	_	_	_	_	0-5(43)
81-3	BO037	81	81	3	letto	letto	_	_	_	_	_	linguistic	_	none	_	_	_	_	_	0-5(43)
81-4	BO037	81	81	4	un	un	_	_	_	_	_	linguistic	_	none	_	_	_	_	_	0-2(43)
81-5	BO037	81	81	5	articolo	articolo	_	_	_	_	_	linguistic	_	none	_	_	_	_	_	0-8(43)
81-6	BO037	81	81	6	sì].	sì	_	_	_	_	_	linguistic	_	none	Intonation=Falling	End=187.108	_	_	_	0-2(43)
82-0	BO037	82	82	0	una	una	_	_	_	_	_	linguistic	_	none	_	Begin=187.976	_	_	_	_
82-1	BO037	82	82	1	mosca	mosca	_	_	_	_	_	linguistic	_	none	_	_	_	_	_	_
82-2	BO037	82	82	2	bianca	bianca	_	_	_	_	_	linguistic	_	none	_	_	_	_	_	_
82-3	BO037	82	82	3	d[iciamo	diciamo	_	_	_	_	_	linguistic	_	none	_	_	_	_	_	1-7(44)
82-4	BO037	82	82	4	nel	nel	_	_	_	_	_	linguistic	_	none	_	_	_	_	_	0-3(44)
82-5	BO037	82	82	5	panora]ma.	panorama	_	_	_	_	_	linguistic	_	none	Intonation=Falling	End=190.229	_	_	_	0-6(44)
83-0	BO026	83	83	0	[sì	sì	_	_	_	_	_	linguistic	_	none	_	Begin=189.09	_	_	_	0-2(44)
83-1	BO026	83	83	1	sì	sì	_	_	_	_	_	linguistic	_	none	_	_	_	_	_	0-2(44)
83-2	BO026	83	83	2	sì	sì	_	_	_	_	_	linguistic	_	none	_	_	_	_	_	0-2(44)
83-3	BO026	83	83	3	sì].	sì	_	_	_	_	_	linguistic	_	none	Intonation=Falling	End=190.008	_	_	_	0-2(44)
84-0	BO037	84	84	0	però	però	_	_	_	_	_	linguistic	_	none	_	Begin=190.401	_	_	_	_
84-1	BO037	84	84	1	molto	molto	_	_	_	_	_	linguistic	_	none	_	_	_	_	_	_
84-2	BO037	84	84	2	bella.	bella	_	_	_	_	_	linguistic	_	none	Intonation=Falling	End=191.375	_	_	_	_
85-0	BO037	85	85	0	e	e	_	_	_	_	_	linguistic	_	none	_	Begin=191.683	_	_	_	_
85-1	BO037	85	85	1	niente	niente	_	_	_	_	_	linguistic	_	none	_	_	_	_	_	_
85-2	BO037	85	85	2	volevo	volevo	_	_	_	_	_	linguistic	_	none	_	_	_	_	_	_
85-3	BO037	85	85	3	chiederle	chiederle	_	_	_	_	_	linguistic	_	none	_	_	_	_	_	_
85-4	BO037	85	85	4	se	se	_	_	_	_	_	linguistic	_	none	_	_	_	_	_	_
85-5	BO037	85	85	5	s[e:]	se	_	_	_	_	_	linguistic	_	none	_	End=193.968	1x1	_	_	1-2(45)
86-0	BO026	86	86	0	[allora]	allora	_	_	_	_	_	linguistic	_	none	_	Begin=193.592	_	_	_	0-6(45)
86-1	BO026	86	86	1	come	come	_	_	_	_	_	linguistic	_	none	_	_	_	_	_	_
86-2	BO026	86	86	2	correlatore:	correlatore	_	_	_	_	_	linguistic	_	none	_	_	10x1	_	_	_
86-3	BO026	86	86	3	eh	eh	_	_	_	_	_	linguistic	_	none	_	_	_	_	_	_
86-4	BO026	86	86	4	sì	sì	_	_	_	_	_	linguistic	_	none	_	_	_	_	_	_
86-5	BO026	86	86	5	posso	posso	_	_	_	_	_	linguistic	_	none	_	_	_	_	_	_
86-6	BO026	86	86	6	segu[irla	seguirla	_	_	_	_	_	linguistic	_	none	_	_	_	_	_	4-8(47)
86-7	BO026	86	86	7	pe]rò	però	_	_	_	_	_	linguistic	_	none	_	_	_	_	_	0-2(47)
86-8	BO026	86	86	8	non	non	_	_	_	_	_	linguistic	_	none	_	_	_	_	_	_
86-9	BO026	86	86	9	posso	posso	_	_	_	_	_	linguistic	_	none	_	_	_	_	_	_
86-10	BO026	86	86	10	dare	dare	_	_	_	_	_	linguistic	_	none	_	_	_	_	_	_
86-11	BO026	86	86	11	u[n	un	_	_	_	_	_	linguistic	_	none	_	_	_	_	_	1-2(46)
86-12	BO026	86	86	12	contributo	contributo	_	_	_	_	_	linguistic	_	none	_	_	_	_	_	0-10(46)
86-13	BO026	86	86	13	effettivo],	effettivo	_	_	_	_	_	linguistic	_	none	Intonation=WeaklyRising	End=200.878	_	_	_	0-9(46)
87-0	BO037	87	87	0	[okay].	okay	_	_	_	_	_	linguistic	_	none	Intonation=Falling	Begin=197.106|End=197.5	_	_	_	0-4(47)
88-0	BO037	88	88	0	[per	per	_	_	_	_	_	linguistic	_	none	_	Begin=199.29	_	_	_	0-3(46)
88-1	BO037	88	88	1	quello	quello	_	_	_	_	_	linguistic	_	none	_	_	_	_	_	0-6(46)
88-2	BO037	88	88	2	n~	n~	_	_	_	_	_	linguistic	_	none	Interrupted=Yes	_	_	_	_	0-2(46)
88-3	BO037	88	88	3	non	non	_	_	_	_	_	linguistic	_	none	_	_	_	_	_	0-3(46)
88-4	BO037	88	88	4	c'	c'	_	_	_	_	_	linguistic	_	none	SpaceAfter=No	_	_	_	_	0-2(46)
88-5	BO037	88	88	5	è	è	_	_	_	_	_	linguistic	_	none	_	_	_	_	_	0-1(46)
88-6	BO037	88	88	6	proble]ma	problema	_	_	_	_	_	linguistic	_	none	_	_	_	_	_	0-6(46)
88-7	BO037	88	88	7	pe[rché	perché	_	_	_	_	_	linguistic	_	none	_	_	_	_	_	1-6(48)
88-8	BO037	88	88	8	sono:]	sono	_	_	_	_	_	linguistic	_	none	_	End=202.267	3x1	_	_	0-4(48)
89-0	BO026	89	89	0	[su	su	_	_	_	_	_	linguistic	_	none	_	Begin=201.236	_	_	_	0-2(48)
89-1	BO026	89	89	1	questo	questo	_	_	_	_	_	linguistic	_	none	_	_	_	_	_	0-6(48)
89-2	BO026	89	89	2	tema]	tema	_	_	_	_	_	linguistic	_	none	_	_	_	_	_	0-4(48)
89-3	BO026	89	89	3	spe[cifico].	specifico	_	_	_	_	_	linguistic	_	none	Intonation=Falling	_	_	_	_	3-9(49)
89-4	BO026	89	89	4	sulla,	sulla	_	_	_	_	_	linguistic	_	none	Intonation=WeaklyRising	End=203.885	_	_	_	_
90-0	BO037	90	90	0	[certo].	certo	_	_	_	_	_	linguistic	_	none	Intonation=Falling	Begin=202.488|End=203.133	_	_	_	0-5(49)
91-0	BO026	91	91	0	sul	sul	_	_	_	_	_	linguistic	_	none	_	Begin=204.28	_	_	_	_
91-1	BO026	91	91	1	lavoro	lavoro	_	_	_	_	_	linguistic	_	none	_	_	_	_	_	_
91-2	BO026	91	91	2	insieme	insieme	_	_	_	_	_	linguistic	_	none	_	_	_	_	_	_
91-3	BO026	91	91	3	io	io	_	_	_	_	_	linguistic	_	none	_	_	_	_	_	_
91-4	BO026	91	91	4	stessa	stessa	_	_	_	_	_	linguistic	_	none	_	_	_	_	_	_
91-5	BO026	91	91	5	potrò:	potrò	_	_	_	_	_	linguistic	_	none	_	_	4x1	_	_	_
91-6	BO026	91	91	6	imparare.	imparare	_	_	_	_	_	linguistic	_	none	Intonation=Falling	End=207.579	_	_	_	_
92-0	BO026	92	92	0	e::h	eh	_	_	_	_	_	linguistic	_	none	_	Begin=208.029	0x2	_	_	_
92-1	BO026	92	92	1	se	se	_	_	_	_	_	linguistic	_	none	_	_	_	_	_	_
92-2	BO026	92	92	2	lei	lei	_	_	_	_	_	linguistic	_	none	_	_	_	_	_	_
92-3	BO026	92	92	3	dice	dice	_	_	_	_	_	linguistic	_	none	_	_	_	_	_	_
92-4	BO026	92	92	4	che	che	_	_	_	_	_	linguistic	_	none	_	_	_	_	_	_
92-5	BO026	92	92	5	la	la	_	_	_	_	_	linguistic	_	none	_	_	_	_	_	_
92-6	BO026	92	92	6	rossi	rossi	_	_	_	_	_	linguistic	_	none	_	_	_	_	_	_
92-7	BO026	92	92	7	la	la	_	_	_	_	_	linguistic	_	none	_	_	_	_	_	_
92-8	BO026	92	92	8	può	può	_	_	_	_	_	linguistic	_	none	_	_	_	_	_	_
92-9	BO026	92	92	9	s[eguire:]	seguire	_	_	_	_	_	linguistic	_	none	_	End=211.719	6x1	_	_	1-7(50)
93-0	BO037	93	93	0	[sì.	sì	_	_	_	_	_	linguistic	_	none	Intonation=Falling|PauseAfter=Yes	Begin=210.775	_	_	_	0-2(50)
93-1	BO037	93	93	1	{P}	{P}	_	_	_	_	_	shortpause	_	none	_	_	_	_	_	0-3(50)
93-2	BO037	93	93	2	sì	sì	_	_	_	_	_	linguistic	_	none	_	_	_	_	_	0-2(50)
93-3	BO037	93	93	3	sì]	sì	_	_	_	_	_	linguistic	_	none	_	_	_	_	_	0-2(50)
93-4	BO037	93	93	4	sì	sì	_	_	_	_	_	linguistic	_	none	_	_	_	_	_	_
93-5	BO037	93	93	5	ci	ci	_	_	_	_	_	linguistic	_	none	_	_	_	_	_	_
93-6	BO037	93	93	6	siamo	siamo	_	_	_	_	_	linguistic	_	none	_	_	_	_	_	_
93-7	BO037	93	93	7	già	già	_	_	_	_	_	linguistic	_	none	_	_	_	_	_	_
93-8	BO037	93	93	8	messe	messe	_	_	_	_	_	linguistic	_	none	_	_	_	_	_	_
93-9	BO037	93	93	9	d'	d'	_	_	_	_	_	linguistic	_	none	SpaceAfter=No	_	_	_	_	_
93-10	BO037	93	93	10	accordo	accordo	_	_	_	_	_	linguistic	_	none	_	_	_	_	_	_
93-11	BO037	93	93	11	sono	sono	_	_	_	_	_	linguistic	_	none	_	_	_	_	_	_
93-12	BO037	93	93	12	già	già	_	_	_	_	_	linguistic	_	none	_	_	_	_	_	_
93-13	BO037	93	93	13	andat[a	andata	_	_	_	_	_	linguistic	_	none	_	_	_	_	_	4-6(51)
93-14	BO037	93	93	14	ricevimento],	ricevimento	_	_	_	_	_	linguistic	_	none	Intonation=WeaklyRising	End=214.885	_	_	_	0-11(51)
94-0	BO026	94	94	0	[perché	perché	_	_	_	_	_	linguistic	_	none	_	Begin=213.656	_	_	_	0-6(51)
94-1	BO026	94	94	1	perché	perché	_	_	_	_	_	linguistic	_	none	_	_	_	_	_	0-6(51)
94-2	BO026	94	94	2	ha	ha	_	_	_	_	_	linguistic	_	none	_	_	_	_	_	0-2(51)
94-3	BO026	94	94	3	già	già	_	_	_	_	_	linguistic	_	none	_	_	_	_	_	0-3(51)
94-4	BO026	94	94	4	f]atto	fatto	_	_	_	_	_	linguistic	_	none	_	_	_	_	_	0-1(51)
94-5	BO026	94	94	5	dei	dei	_	_	_	_	_	linguistic	_	none	_	_	_	_	_	_
94-6	BO026	94	94	6	progett~	progett~	_	_	_	_	_	linguistic	_	none	Interrupted=Yes	_	_	_	_	_
94-7	BO026	94	94	7	lei	lei	_	_	_	_	_	linguistic	_	none	_	_	_	_	_	_
94-8	BO026	94	94	8	la	la	_	_	_	_	_	linguistic	_	none	_	_	_	_	_	_
94-9	BO026	94	94	9	seguirebbe	seguirebbe	_	_	_	_	_	linguistic	_	none	_	_	_	_	_	_
94-10	BO026	94	94	10	in	in	_	_	_	_	_	linguistic	_	none	_	_	_	_	_	_
94-11	BO026	94	94	11	quanto	quanto	_	_	_	_	_	linguistic	_	none	_	_	_	_	_	_
94-12	BO026	94	94	12	della	della	_	_	_	_	_	linguistic	_	none	_	_	_	_	_	_
94-13	BO026	94	94	13	stessa	stessa	_	_	_	_	_	linguistic	_	none	_	_	_	_	_	_
94-14	BO026	94	94	14	scuola	scuola	_	_	_	_	_	linguistic	_	none	_	_	_	_	_	_
94-15	BO026	94	94	15	la	la	_	_	_	_	_	linguistic	_	none	_	_	_	_	_	_
94-16	BO026	94	94	16	[xxx]	xxx	_	_	_	_	_	unknown	_	none	Syllables=3	_	_	_	_	0-3(53)
94-17	BO026	94	94	17	della	della	_	_	_	_	_	linguistic	_	none	_	_	_	_	_	_
94-18	BO026	94	94	18	scuola	scuola	_	_	_	_	_	linguistic	_	none	_	_	_	_	_	_
94-19	BO026	94	94	19	in[terpreti].	interpreti	_	_	_	_	_	linguistic	_	none	Intonation=Falling	End=220.881	_	_	_	2-10(52)
95-0	BO037	95	95	0	[sì].	sì	_	_	_	_	_	linguistic	_	none	Intonation=Falling	Begin=219.045|End=219.413	_	_	_	0-2(53)
96-0	BO037	96	96	0	[sì	sì	_	_	_	_	_	linguistic	_	none	_	Begin=219.941	_	_	_	0-2(52)
96-1	BO037	96	96	1	sì	sì	_	_	_	_	_	linguistic	_	none	_	_	_	_	_	0-2(52)
96-2	BO037	96	96	2	sì	sì	_	_	_	_	_	linguistic	_	none	_	_	_	_	_	0-2(52)
96-3	BO037	96	96	3	sì]	sì	_	_	_	_	_	linguistic	_	none	_	_	_	_	_	0-2(52)
96-4	BO037	96	96	4	assolutamente	assolutamente	_	_	_	_	_	linguistic	_	none	_	_	_	_	_	_
96-5	BO037	96	96	5	sì.	sì	_	_	_	_	_	linguistic	_	none	Intonation=Falling	End=221.84	_	_	_	_
97-0	BO037	97	97	0	sì	sì	_	_	_	_	_	linguistic	_	none	_	Begin=222.105	_	_	_	_
97-1	BO037	97	97	1	io	io	_	_	_	_	_	linguistic	_	none	_	_	_	_	_	_
97-2	BO037	97	97	2	ho	ho	_	_	_	_	_	linguistic	_	none	_	_	_	_	_	_
97-3	BO037	97	97	3	già	già	_	_	_	_	_	linguistic	_	none	_	_	_	_	_	_
97-4	BO037	97	97	4	scritto	scritto	_	_	_	_	_	linguistic	_	none	_	_	_	_	_	_
97-5	BO037	97	97	5	una	una	_	_	_	_	_	linguistic	_	none	_	_	_	_	_	_
97-6	BO037	97	97	6	tesina	tesina	_	_	_	_	_	linguistic	_	none	_	_	_	_	_	_
97-7	BO037	97	97	7	per	per	_	_	_	_	_	linguistic	_	none	_	_	_	_	_	_
97-8	BO037	97	97	8	un	un	_	_	_	_	_	linguistic	_	none	_	_	_	_	_	_
97-9	BO037	97	97	9	esame	esame	_	_	_	_	_	linguistic	_	none	_	_	_	_	_	_
97-10	BO037	97	97	10	che	che	_	_	_	_	_	linguistic	_	none	_	_	_	_	_	_
97-11	BO037	97	97	11	avevo	avevo	_	_	_	_	_	linguistic	_	none	_	_	_	_	_	_
97-12	BO037	97	97	12	fatto	fatto	_	_	_	_	_	linguistic	_	none	_	_	_	_	_	_
97-13	BO037	97	97	13	di	di	_	_	_	_	_	linguistic	_	none	_	_	_	_	_	_
97-14	BO037	97	97	14	lingua	lingua	_	_	_	_	_	linguistic	_	none	_	_	_	_	_	_
97-15	BO037	97	97	15	dei	dei	_	_	_	_	_	linguistic	_	none	_	_	_	_	_	_
97-16	BO037	97	97	16	segni	segni	_	_	_	_	_	linguistic	_	none	_	_	_	_	_	_
97-17	BO037	97	97	17	proprio	proprio	_	_	_	_	_	linguistic	_	none	_	_	_	_	_	_
97-18	BO037	97	97	18	sui	sui	_	_	_	_	_	linguistic	_	none	_	_	_	_	_	_
97-19	BO037	97	97	19	coda	coda	_	_	_	_	_	linguistic	_	none	_	_	_	_	_	_
97-20	BO037	97	97	20	che	che	_	_	_	_	_	linguistic	_	none	_	_	_	_	_	_
97-21	BO037	97	97	21	sono	sono	_	_	_	_	_	linguistic	_	none	_	_	_	_	_	_
97-22	BO037	97	97	22	appunti	appunti	_	_	_	_	_	linguistic	_	none	_	_	_	_	_	_
97-23	BO037	97	97	23	questi:	questi	_	_	_	_	_	linguistic	_	none	_	End=228.146	5x1	_	_	_
98-0	BO026	98	98	0	sì.	sì	_	_	_	_	_	linguistic	_	none	Intonation=Falling	Begin=228.55|End=228.778	_	_	_	_
99-0	BO037	99	99	0	eh	eh	_	_	_	_	_	linguistic	_	none	_	Begin=228.786	_	_	_	_
99-1	BO037	99	99	1	bambini	bambini	_	_	_	_	_	linguistic	_	none	_	_	_	_	_	_
99-2	BO037	99	99	2	>udenti	udenti	_	_	_	_	_	linguistic	_	none	_	_	_	Fast=0-6(0)	_	_
99-3	BO037	99	99	3	figli	figli	_	_	_	_	_	linguistic	_	none	_	_	_	Fast=0-5(0)	_	_
99-4	BO037	99	99	4	di	di	_	_	_	_	_	linguistic	_	none	_	_	_	Fast=0-2(0)	_	_
99-5	BO037	99	99	5	sordi<	sordi	_	_	_	_	_	linguistic	_	none	_	_	_	Fast=0-5(0)	_	_
99-6	BO037	99	99	6	che	che	_	_	_	_	_	linguistic	_	none	_	_	_	_	_	_
99-7	BO037	99	99	7	fanno	fanno	_	_	_	_	_	linguistic	_	none	_	_	_	_	_	_
99-8	BO037	99	99	8	da	da	_	_	_	_	_	linguistic	_	none	_	_	_	_	_	_
99-9	BO037	99	99	9	interpreti	interpreti	_	_	_	_	_	linguistic	_	none	_	_	_	_	_	_
99-10	BO037	99	99	10	per	per	_	_	_	_	_	linguistic	_	none	_	_	_	_	_	_
99-11	BO037	99	99	11	cui	cui	_	_	_	_	_	linguistic	_	none	_	_	_	_	_	_
99-12	BO037	99	99	12	comunque	comunque	_	_	_	_	_	linguistic	_	none	_	_	_	_	_	_
99-13	BO037	99	99	13	ho	ho	_	_	_	_	_	linguistic	_	none	_	_	_	_	_	_
99-14	BO037	99	99	14	già	già	_	_	_	_	_	linguistic	_	none	_	_	_	_	_	_
99-15	BO037	99	99	15	del	del	_	_	_	_	_	linguistic	_	none	_	_	_	_	_	_
99-16	BO037	99	99	16	materiale:	materiale	_	_	_	_	_	linguistic	_	none	_	_	8x1	_	_	_
99-17	BO037	99	99	17	[sia]	sia	_	_	_	_	_	linguistic	_	none	_	_	_	_	_	0-3(54)
99-18	BO037	99	99	18	scritto	scritto	_	_	_	_	_	linguistic	_	none	_	_	_	_	_	_
99-19	BO037	99	99	19	[che	che	_	_	_	_	_	linguistic	_	none	_	_	_	_	_	0-3(55)
99-20	BO037	99	99	20	di],	di	_	_	_	_	_	linguistic	_	none	Intonation=WeaklyRising	End=235.273	_	_	_	0-2(55)
100-0	BO026	100	100	0	[°sì.°]	sì	_	_	_	_	_	linguistic	_	none	Intonation=Falling|Volume=low	Begin=233.546|End=233.883	_	_	_	0-2(54)
101-0	BO026	101	101	0	[i:l	il	_	_	_	_	_	linguistic	_	none	_	Begin=234.616	0x1	_	_	0-2(55)
101-1	BO026	101	101	1	servi]zio	servizio	_	_	_	_	_	linguistic	_	none	_	_	_	_	_	0-5(55)
101-2	BO026	101	101	2	dis~	dis~	_	_	_	_	_	linguistic	_	none	Interrupted=Yes	_	_	_	_	_
101-3	BO026	101	101	3	studenti	studenti	_	_	_	_	_	linguistic	_	none	_	_	_	_	_	_
101-4	BO026	101	101	4	disabili	disabili	_	_	_	_	_	linguistic	_	none	_	_	_	_	_	_
101-5	BO026	101	101	5	e::	e	_	_	_	_	_	linguistic	_	none	_	_	0x2	_	_	_
101-6	BO026	101	101	6	la:	la	_	_	_	_	_	linguistic	_	none	_	_	1x1	_	_	_
101-7	BO026	101	101	7	professoressa	professoressa	_	_	_	_	_	linguistic	_	none	_	_	_	_	_	_
101-8	BO026	101	101	8	che	che	_	_	_	_	_	linguistic	_	none	_	_	_	_	_	_
101-9	BO026	101	101	9	adesso	adesso	_	_	_	_	_	linguistic	_	none	_	_	_	_	_	_
101-10	BO026	101	101	10	è	è	_	_	_	_	_	linguistic	_	none	_	_	_	_	_	_
101-11	BO026	101	101	11	in	in	_	_	_	_	_	linguistic	_	none	_	_	_	_	_	_
101-12	BO026	101	101	12	pensione	pensione	_	_	_	_	_	linguistic	_	none	_	_	_	_	_	_
101-13	BO026	101	101	13	blu,	blu	_	_	_	_	_	linguistic	_	none	Intonation=WeaklyRising	End=241.401	_	_	_	_
102-0	BO037	102	102	0	mh	mh	_	_	_	_	_	linguistic	_	none	_	Begin=241.438|End=241.636	_	_	_	_
103-0	BO026	103	103	0	e:h	eh	_	_	_	_	_	linguistic	_	none	ProsodicLink=Yes	Begin=241.931	0x1	_	_	_
103-1	BO026	103	103	1	mh	mh	_	_	_	_	_	linguistic	_	none	_	End=243.161	_	_	_	_
104-0	BO026	104	104	0	più	più	_	_	_	_	_	linguistic	_	none	_	Begin=243.793	_	_	_	_
104-1	BO026	104	104	1	un	un	_	_	_	_	_	linguistic	_	none	_	_	_	_	_	_
104-2	BO026	104	104	2	gruppo	gruppo	_	_	_	_	_	linguistic	_	none	_	_	_	_	_	_
104-3	BO026	104	104	3	di	di	_	_	_	_	_	linguistic	_	none	_	_	_	_	_	_
104-4	BO026	104	104	4	assegnisti	assegnisti	_	_	_	_	_	linguistic	_	none	_	_	_	_	_	_
104-5	BO026	104	104	5	av~	av~	_	_	_	_	_	linguistic	_	none	Interrupted=Yes	_	_	_	_	_
104-6	BO026	104	104	6	avevano	avevano	_	_	_	_	_	linguistic	_	none	_	_	_	_	_	_
104-7	BO026	104	104	7	inizialmente	inizialmente	_	_	_	_	_	linguistic	_	none	_	_	_	_	_	_
104-8	BO026	104	104	8	c'	c'	_	_	_	_	_	linguistic	_	none	SpaceAfter=No	_	_	_	_	_
104-9	BO026	104	104	9	ero	ero	_	_	_	_	_	linguistic	_	none	_	_	_	_	_	_
104-10	BO026	104	104	10	anche	anche	_	_	_	_	_	linguistic	_	none	_	_	_	_	_	_
104-11	BO026	104	104	11	io	io	_	_	_	_	_	linguistic	_	none	_	_	_	_	_	_
104-12	BO026	104	104	12	nella	nella	_	_	_	_	_	linguistic	_	none	_	_	_	_	_	_
104-13	BO026	104	104	13	gruppo	gruppo	_	_	_	_	_	linguistic	_	none	_	_	_	_	_	_
104-14	BO026	104	104	14	di	di	_	_	_	_	_	linguistic	_	none	_	_	_	_	_	_
104-15	BO026	104	104	15	ricerca	ricerca	_	_	_	_	_	linguistic	_	none	_	_	_	_	_	_
104-16	BO026	104	104	16	lavorato,	lavorato	_	_	_	_	_	linguistic	_	none	Intonation=WeaklyRising	End=250.301	_	_	_	_
105-0	BO026	105	105	0	su:l	sul	_	_	_	_	_	linguistic	_	none	_	Begin=250.715	1x1	_	_	_
105-1	BO026	105	105	1	però	però	_	_	_	_	_	linguistic	_	none	_	_	_	_	_	_
105-2	BO026	105	105	2	è	è	_	_	_	_	_	linguistic	_	none	_	_	_	_	_	_
105-3	BO026	105	105	3	un	un	_	_	_	_	_	linguistic	_	none	_	_	_	_	_	_
105-4	BO026	105	105	4	po'	po'	_	_	_	_	_	linguistic	_	none	_	_	_	_	_	_
105-5	BO026	105	105	5	diverso	diverso	_	_	_	_	_	linguistic	_	none	_	_	_	_	_	_
105-6	BO026	105	105	6	insomma	insomma	_	_	_	_	_	linguistic	_	none	_	_	_	_	_	_
105-7	BO026	105	105	7	sulla::	sulla	_	_	_	_	_	linguistic	_	none	_	End=253.974	4x2	_	_	_
106-0	BO037	106	106	0	°sulla	sulla	_	_	_	_	_	linguistic	_	none	Volume=low	Begin=254.131	_	_	_	_
106-1	BO037	106	106	1	sordità,°	sordità	_	_	_	_	_	linguistic	_	none	Intonation=WeaklyRising|Volume=low	End=254.904	_	_	_	_
107-0	BO026	107	107	0	sulla	sulla	_	_	_	_	_	linguistic	_	none	_	Begin=254.913	_	_	_	_
107-1	BO026	107	107	1	verifica	verifica	_	_	_	_	_	linguistic	_	none	_	_	_	_	_	_
107-2	BO026	107	107	2	delle	delle	_	_	_	_	_	linguistic	_	none	_	_	_	_	_	_
107-3	BO026	107	107	3	competenze	competenze	_	_	_	_	_	linguistic	_	none	_	_	_	_	_	_
107-4	BO026	107	107	4	linguistiche	linguistiche	_	_	_	_	_	linguistic	_	none	_	_	_	_	_	_
107-5	BO026	107	107	5	per	per	_	_	_	_	_	linguistic	_	none	_	_	_	_	_	_
107-6	BO026	107	107	6	gl[i	gli	_	_	_	_	_	linguistic	_	none	_	_	_	_	_	2-3(56)
107-7	BO026	107	107	7	stu]denti	studenti	_	_	_	_	_	linguistic	_	none	_	_	_	_	_	0-3(56)
107-8	BO026	107	107	8	con	con	_	_	_	_	_	linguistic	_	none	_	_	_	_	_	_
107-9	BO026	107	107	9	delle	delle	_	_	_	_	_	linguistic	_	none	_	_	_	_	_	_
107-10	BO026	107	107	10	disabilità,	disabilità	_	_	_	_	_	linguistic	_	none	Intonation=WeaklyRising	End=259.273	_	_	_	_
108-0	BO037	108	108	0	[mh]	mh	_	_	_	_	_	linguistic	_	none	_	Begin=257.475|End=257.755	_	_	_	0-2(56)
109-0	BO026	109	109	0	e:h	eh	_	_	_	_	_	linguistic	_	none	ProsodicLink=Yes	Begin=259.861	0x1	_	_	_
109-1	BO026	109	109	1	mh	mh	_	_	_	_	_	linguistic	_	none	_	_	_	_	_	_
109-2	BO026	109	109	2	ma	ma	_	_	_	_	_	linguistic	_	none	_	_	_	_	_	_
109-3	BO026	109	109	3	siamo	siamo	_	_	_	_	_	linguistic	_	none	_	_	_	_	_	_
109-4	BO026	109	109	4	stati	stati	_	_	_	_	_	linguistic	_	none	_	_	_	_	_	_
109-5	BO026	109	109	5	a	a	_	_	_	_	_	linguistic	_	none	_	_	_	_	_	_
109-6	BO026	109	109	6	contatto	contatto	_	_	_	_	_	linguistic	_	none	_	_	_	_	_	_
109-7	BO026	109	109	7	abbastanza	abbastanza	_	_	_	_	_	linguistic	_	none	_	_	_	_	_	_
109-8	BO026	109	109	8	con	con	_	_	_	_	_	linguistic	_	none	_	_	_	_	_	_
109-9	BO026	109	109	9	il	il	_	_	_	_	_	linguistic	_	none	_	_	_	_	_	_
109-10	BO026	109	109	10	l'	l'	_	_	_	_	_	linguistic	_	none	SpaceAfter=No	_	_	_	_	_
109-11	BO026	109	109	11	ufficio	ufficio	_	_	_	_	_	linguistic	_	none	_	_	_	_	_	_
109-12	BO026	109	109	12	eh	eh	_	_	_	_	_	linguistic	_	none	_	_	_	_	_	_
109-13	BO026	109	109	13	il	il	_	_	_	_	_	linguistic	_	none	_	_	_	_	_	_
109-14	BO026	109	109	14	servizio	servizio	_	_	_	_	_	linguistic	_	none	_	_	_	_	_	_
109-15	BO026	109	109	15	studenti	studenti	_	_	_	_	_	linguistic	_	none	_	_	_	_	_	_
109-16	BO026	109	109	16	disa[bili].	disabili	_	_	_	_	_	linguistic	_	none	Intonation=Falling	End=267.155	_	_	_	3-8(57)
110-0	BO037	110	110	0	[mh	mh	_	_	_	_	_	linguistic	_	none	_	Begin=266.775	_	_	_	0-2(57)
110-1	BO037	110	110	1	m]h.	mh	_	_	_	_	_	linguistic	_	none	Intonation=Falling	End=267.215	_	_	_	0-1(57)
111-0	BO026	111	111	0	forse	forse	_	_	_	_	_	linguistic	_	none	_	Begin=267.306	_	_	_	_
111-1	BO026	111	111	1	lì,	lì	_	_	_	_	_	linguistic	_	none	Intonation=WeaklyRising	End=268.07	_	_	_	_
112-0	BO026	112	112	0	potrebbe	potrebbe	_	_	_	_	_	linguistic	_	none	_	Begin=268.675	_	_	_	_
112-1	BO026	112	112	1	chiedere	chiedere	_	_	_	_	_	linguistic	_	none	_	_	_	_	_	_
112-2	BO026	112	112	2	informazioni	informazioni	_	_	_	_	_	linguistic	_	none	_	_	_	_	_	_
112-3	BO026	112	112	3	ne[l	nel	_	_	_	_	_	linguistic	_	none	_	_	_	_	_	2-3(58)
112-4	BO026	112	112	4	caso],	caso	_	_	_	_	_	linguistic	_	none	Intonation=WeaklyRising	End=271.355	_	_	_	0-4(58)
113-0	BO037	113	113	0	[magari	magari	_	_	_	_	_	linguistic	_	none	_	Begin=270.796	_	_	_	0-6(58)
113-1	BO037	113	113	1	s]ì.	sì	_	_	_	_	_	linguistic	_	none	Intonation=Falling	End=271.57	_	_	_	0-1(58)
114-0	BO026	114	114	0	le	le	_	_	_	_	_	linguistic	_	none	_	Begin=272.398	_	_	_	_
114-1	BO026	114	114	1	interessa	interessa	_	_	_	_	_	linguistic	_	none	_	_	_	_	_	_
114-2	BO026	114	114	2	parlare	parlare	_	_	_	_	_	linguistic	_	none	_	_	_	_	_	_
114-3	BO026	114	114	3	con	con	_	_	_	_	_	linguistic	_	none	_	_	_	_	_	_
114-4	BO026	114	114	4	ex	ex	_	_	_	_	_	linguistic	_	none	_	_	_	_	_	_
114-5	BO026	114	114	5	[xx	xx	_	_	_	_	_	unknown	_	none	Syllables=2	_	_	_	_	0-2(59)
114-6	BO026	114	114	6	perché]	perché	_	_	_	_	_	linguistic	_	none	_	_	_	_	_	0-6(59)
114-7	BO026	114	114	7	loro	loro	_	_	_	_	_	linguistic	_	none	_	_	_	_	_	_
114-8	BO026	114	114	8	mh	mh	_	_	_	_	_	linguistic	_	none	_	_	_	_	_	_
114-9	BO026	114	114	9	li	li	_	_	_	_	_	linguistic	_	none	_	_	_	_	_	_
114-10	BO026	114	114	10	conosc[ono],	conoscono	_	_	_	_	_	linguistic	_	none	Intonation=WeaklyRising	End=277.305	_	_	_	6-9(60)
115-0	BO037	115	115	0	[mh	mh	_	_	_	_	_	linguistic	_	none	ProsodicLink=Yes	Begin=274.72	_	_	_	0-2(59)
115-1	BO037	115	115	1	mh]	mh	_	_	_	_	_	linguistic	_	none	_	End=275.188	_	_	_	0-2(59)
116-0	BO037	116	116	0	[io	io	_	_	_	_	_	linguistic	_	none	_	Begin=276.671	_	_	_	0-2(60)
116-1	BO037	116	116	1	poi]	poi	_	_	_	_	_	linguistic	_	none	_	_	_	_	_	0-3(60)
116-2	BO037	116	116	2	avevo	avevo	_	_	_	_	_	linguistic	_	none	_	_	_	_	_	_
116-3	BO037	116	116	3	già	già	_	_	_	_	_	linguistic	_	none	_	_	_	_	_	_
116-4	BO037	116	116	4	contattato	contattato	_	_	_	_	_	linguistic	_	none	_	_	_	_	_	_
116-5	BO037	116	116	5	la	la	_	_	_	_	_	linguistic	_	none	_	_	_	_	_	_
116-6	BO037	116	116	6	mia	mia	_	_	_	_	_	linguistic	_	none	_	_	_	_	_	_
116-7	BO037	116	116	7	insegnante	insegnante	_	_	_	_	_	linguistic	_	none	_	_	_	_	_	_
116-8	BO037	116	116	8	di	di	_	_	_	_	_	linguistic	_	none	_	_	_	_	_	_
116-9	BO037	116	116	9	lingua	lingua	_	_	_	_	_	linguistic	_	none	_	_	_	_	_	_
116-10	BO037	116	116	10	dei	dei	_	_	_	_	_	linguistic	_	none	_	_	_	_	_	_
116-11	BO037	116	116	11	segni	segni	_	_	_	_	_	linguistic	_	none	_	_	_	_	_	_
116-12	BO037	116	116	12	qua	qua	_	_	_	_	_	linguistic	_	none	_	_	_	_	_	_
116-13	BO037	116	116	13	che	che	_	_	_	_	_	linguistic	_	none	_	_	_	_	_	_
116-14	BO037	116	116	14	è	è	_	_	_	_	_	linguistic	_	none	_	_	_	_	_	_
116-15	BO037	116	116	15	un'	un'	_	_	_	_	_	linguistic	_	none	SpaceAfter=No	_	_	_	_	_
116-16	BO037	116	116	16	interprete	interprete	_	_	_	_	_	linguistic	_	none	_	_	_	_	_	_
116-17	BO037	116	116	17	per	per	_	_	_	_	_	linguistic	_	none	_	_	_	_	_	_
116-18	BO037	116	116	18	cui	cui	_	_	_	_	_	linguistic	_	none	_	_	_	_	_	_
116-19	BO037	116	116	19	comunque	comunque	_	_	_	_	_	linguistic	_	none	_	_	_	_	_	_
116-20	BO037	116	116	20	mi	mi	_	_	_	_	_	linguistic	_	none	_	_	_	_	_	_
116-21	BO037	116	116	21	fa	fa	_	_	_	_	_	linguistic	_	none	PauseAfter=Yes	_	_	_	_	_
116-22	BO037	116	116	22	{P}	{P}	_	_	_	_	_	shortpause	_	none	_	_	_	_	_	_
116-23	BO037	116	116	23	persone	persone	_	_	_	_	_	linguistic	_	none	_	_	_	_	_	_
116-24	BO037	116	116	24	con	con	_	_	_	_	_	linguistic	_	none	_	_	_	_	_	_
116-25	BO037	116	116	25	cui	cui	_	_	_	_	_	linguistic	_	none	_	_	_	_	_	_
116-26	BO037	116	116	26	parlare	parlare	_	_	_	_	_	linguistic	_	none	_	_	_	_	_	_
116-27	BO037	116	116	27	o	o	_	_	_	_	_	linguistic	_	none	_	_	_	_	_	_
116-28	BO037	116	116	28	intervistare	intervistare	_	_	_	_	_	linguistic	_	none	_	_	_	_	_	_
116-29	BO037	116	116	29	così,	così	_	_	_	_	_	linguistic	_	none	Intonation=WeaklyRising	End=286.1	_	_	_	_
117-0	BO037	117	117	0	posso	posso	_	_	_	_	_	linguistic	_	none	_	Begin=286.125	_	_	_	_
117-1	BO037	117	117	1	fare.	fare	_	_	_	_	_	linguistic	_	none	Intonation=Falling	End=286.808	_	_	_	_
118-0	BO037	118	118	0	ho	ho	_	_	_	_	_	linguistic	_	none	_	Begin=286.895	_	_	_	_
118-1	BO037	118	118	1	un	un	_	_	_	_	_	linguistic	_	none	_	_	_	_	_	_
118-2	BO037	118	118	2	amico	amico	_	_	_	_	_	linguistic	_	none	_	_	_	_	_	_
118-3	BO037	118	118	3	che	che	_	_	_	_	_	linguistic	_	none	_	_	_	_	_	_
118-4	BO037	118	118	4	ha	ha	_	_	_	_	_	linguistic	_	none	_	_	_	_	_	_
118-5	BO037	118	118	5	i	i	_	_	_	_	_	linguistic	_	none	_	_	_	_	_	_
118-6	BO037	118	118	6	genitori	genitori	_	_	_	_	_	linguistic	_	none	_	_	_	_	_	_
118-7	BO037	118	118	7	sordi	sordi	_	_	_	_	_	linguistic	_	none	_	_	_	_	_	_
118-8	BO037	118	118	8	e	e	_	_	_	_	_	linguistic	_	none	_	_	_	_	_	_
118-9	BO037	118	118	9	lui	lui	_	_	_	_	_	linguistic	_	none	_	_	_	_	_	_
118-10	BO037	118	118	10	è	è	_	_	_	_	_	linguistic	_	none	_	_	_	_	_	_
118-11	BO037	118	118	11	udente	udente	_	_	_	_	_	linguistic	_	none	_	_	_	_	_	_
118-12	BO037	118	118	12	per	per	_	_	_	_	_	linguistic	_	none	_	_	_	_	_	_
118-13	BO037	118	118	13	cui	cui	_	_	_	_	_	linguistic	_	none	_	_	_	_	_	_
118-14	BO037	118	118	14	posso	posso	_	_	_	_	_	linguistic	_	none	_	_	_	_	_	_
118-15	BO037	118	118	15	comunque	comunque	_	_	_	_	_	linguistic	_	none	_	_	_	_	_	_
118-16	BO037	118	118	16	intervistare	intervistare	_	_	_	_	_	linguistic	_	none	_	_	_	_	_	_
118-17	BO037	118	118	17	anche	anche	_	_	_	_	_	linguistic	_	none	_	_	_	_	_	_
118-18	BO037	118	118	18	lui,	lui	_	_	_	_	_	linguistic	_	none	Intonation=WeaklyRising	End=291.286	_	_	_	_
119-0	BO026	119	119	0	d'	d'	_	_	_	_	_	linguistic	_	none	SpaceAfter=No	Begin=291.46	_	_	_	_
119-1	BO026	119	119	1	accordo	accordo	_	_	_	_	_	linguistic	_	none	_	_	_	_	_	_
119-2	BO026	119	119	2	allor~	allor~	_	_	_	_	_	linguistic	_	none	Interrupted=Yes	_	_	_	_	_
119-3	BO026	119	119	3	io	io	_	_	_	_	_	linguistic	_	none	_	_	_	_	_	_
119-4	BO026	119	119	4	le	le	_	_	_	_	_	linguistic	_	none	_	_	_	_	_	_
119-5	BO026	119	119	5	dico	dico	_	_	_	_	_	linguistic	_	none	_	_	_	_	_	_
119-6	BO026	119	119	6	di	di	_	_	_	_	_	linguistic	_	none	_	_	_	_	_	_
119-7	BO026	119	119	7	sì	sì	_	_	_	_	_	linguistic	_	none	_	_	_	_	_	_
119-8	BO026	119	119	8	a	a	_	_	_	_	_	linguistic	_	none	_	_	_	_	_	_
119-9	BO026	119	119	9	patto	patto	_	_	_	_	_	linguistic	_	none	_	_	_	_	_	_
119-10	BO026	119	119	10	ch[e	che	_	_	_	_	_	linguistic	_	none	_	_	_	_	_	1-3(61)
119-11	BO026	119	119	11	sulla	sulla	_	_	_	_	_	linguistic	_	none	_	_	_	_	_	0-5(61)
119-12	BO026	119	119	12	p]arte	parte	_	_	_	_	_	linguistic	_	none	_	_	_	_	_	0-1(61)
119-13	BO026	119	119	13	specialistic[a:	specialistica	_	_	_	_	_	linguistic	_	none	_	_	12x1	_	_	11-13(62)
119-14	BO026	119	119	14	il	il	_	_	_	_	_	linguistic	_	none	_	_	_	_	_	0-2(62)
119-15	BO026	119	119	15	docente	docente	_	_	_	_	_	linguistic	_	none	_	_	_	_	_	0-7(62)
119-16	BO026	119	119	16	relatore	relatore	_	_	_	_	_	linguistic	_	none	_	_	_	_	_	0-8(62)
119-17	BO026	119	119	17	la	la	_	_	_	_	_	linguistic	_	none	_	_	_	_	_	0-2(62)
119-18	BO026	119	119	18	possa	possa	_	_	_	_	_	linguistic	_	none	_	_	_	_	_	0-5(62)
119-19	BO026	119	119	19	seg]uire.	seguire	_	_	_	_	_	linguistic	_	none	Intonation=Falling	End=298.898	_	_	_	0-3(62)
120-0	BO037	120	120	0	[sì	sì	_	_	_	_	_	linguistic	_	none	_	Begin=294.151	_	_	_	0-2(61)
120-1	BO037	120	120	1	sì	sì	_	_	_	_	_	linguistic	_	none	_	_	_	_	_	0-2(61)
120-2	BO037	120	120	2	no],	no	_	_	_	_	_	linguistic	_	none	Intonation=WeaklyRising	End=294.891	_	_	_	0-2(61)
121-0	BO037	121	121	0	[certo	certo	_	_	_	_	_	linguistic	_	none	_	Begin=295.73	_	_	_	0-5(62)
121-1	BO037	121	121	1	di:	di	_	_	_	_	_	linguistic	_	none	_	_	1x1	_	_	0-2(62)
121-2	BO037	121	121	2	da	da	_	_	_	_	_	linguistic	_	none	_	_	_	_	_	0-2(62)
121-3	BO037	121	121	3	quel	quel	_	_	_	_	_	linguistic	_	none	_	_	_	_	_	0-4(62)
121-4	BO037	121	121	4	punto	punto	_	_	_	_	_	linguistic	_	none	_	_	_	_	_	0-5(62)
121-5	BO037	121	121	5	di	di	_	_	_	_	_	linguistic	_	none	_	_	_	_	_	0-2(62)
121-6	BO037	121	121	6	vista	vista	_	_	_	_	_	linguistic	_	none	_	_	_	_	_	0-5(62)
121-7	BO037	121	121	7	sono::]	sono	_	_	_	_	_	linguistic	_	none	_	End=298.668	3x2	_	_	0-4(62)
122-0	BO037	122	122	0	sì	sì	_	_	_	_	_	linguistic	_	none	_	Begin=298.93	_	_	_	_
122-1	BO037	122	122	1	sì	sì	_	_	_	_	_	linguistic	_	none	_	_	_	_	_	_
122-2	BO037	122	122	2	sì	sì	_	_	_	_	_	linguistic	_	none	_	_	_	_	_	_
122-3	BO037	122	122	3	[sono	sono	_	_	_	_	_	linguistic	_	none	_	_	_	_	_	0-4(63)
122-4	BO037	122	122	4	coperta].	coperta	_	_	_	_	_	linguistic	_	none	Intonation=Falling	End=300.382	_	_	_	0-7(63)
123-0	BO026	123	123	0	[mi	mi	_	_	_	_	_	linguistic	_	none	_	Begin=299.343	_	_	_	0-2(63)
123-1	BO026	123	123	1	ripete	ripete	_	_	_	_	_	linguistic	_	none	_	_	_	_	_	0-6(63)
123-2	BO026	123	123	2	il	il	_	_	_	_	_	linguistic	_	none	_	_	_	_	_	0-2(63)
123-3	BO026	123	123	3	suo	suo	_	_	_	_	_	linguistic	_	none	_	_	_	_	_	0-3(63)
123-4	BO026	123	123	4	nome]?	nome	_	_	_	_	_	linguistic	_	none	Intonation=Rising	End=300.365	_	_	_	0-4(63)
124-0	BO037	124	124	0	marina	marina	_	_	_	_	_	linguistic	_	none	_	Begin=300.571	_	_	_	_
124-1	BO037	124	124	1	gialli.	gialli	_	_	_	_	_	linguistic	_	none	Intonation=Falling	End=301.59	_	_	_	_
125-0	BO026	125	125	0	aspetti	aspetti	_	_	_	_	_	linguistic	_	none	PauseAfter=Yes	Begin=303.363	_	_	_	_
125-1	BO026	125	125	1	{P}	{P}	_	_	_	_	_	shortpause	_	none	_	_	_	_	_	_
125-2	BO026	125	125	2	marina?	marina	_	_	_	_	_	linguistic	_	none	Intonation=Rising	End=304.738	_	_	_	_
126-0	BO037	126	126	0	gialli	gialli	_	_	_	_	_	linguistic	_	none	_	Begin=305.496	_	_	_	_
126-1	BO037	126	126	1	gi	gi	_	_	_	_	_	linguistic	_	none	_	_	_	_	_	_
126-2	BO037	126	126	2	a	a	_	_	_	_	_	linguistic	_	none	_	_	_	_	_	_
126-3	BO037	126	126	3	elle	elle	_	_	_	_	_	linguistic	_	none	_	_	_	_	_	_
126-4	BO037	126	126	4	elle	elle	_	_	_	_	_	linguistic	_	none	_	_	_	_	_	_
126-5	BO037	126	126	5	i	i	_	_	_	_	_	linguistic	_	none	_	End=307.185	_	_	_	_
127-0	BO026	127	127	0	gi	gi	_	_	_	_	_	linguistic	_	none	_	Begin=307.581	_	_	_	_
127-1	BO026	127	127	1	a	a	_	_	_	_	_	linguistic	_	none	_	_	_	_	_	_
127-2	BO026	127	127	2	[elle]	elle	_	_	_	_	_	linguistic	_	none	_	End=309.031	_	_	_	0-4(64)
128-0	BO037	128	128	0	[elle]	elle	_	_	_	_	_	linguistic	_	none	_	Begin=308.851	_	_	_	0-4(64)
128-1	BO037	128	128	1	i	i	_	_	_	_	_	linguistic	_	none	_	End=309.553	_	_	_	_
129-0	BO026	129	129	0	°okay.°	okay	_	_	_	_	_	linguistic	_	none	Intonation=Falling|Volume=low	Begin=311.99|End=312.301	_	_	_	_
130-0	BO026	130	130	0	eh	eh	_	_	_	_	_	linguistic	_	none	_	Begin=313.131	_	_	_	_
130-1	BO026	130	130	1	correlazione	correlazione	_	_	_	_	_	linguistic	_	none	_	_	_	_	_	_
130-2	BO026	130	130	2	per	per	_	_	_	_	_	linguistic	_	none	_	_	_	_	_	_
130-3	BO026	130	130	3	marzo	marzo	_	_	_	_	_	linguistic	_	none	_	_	_	_	_	_
130-4	BO026	130	130	4	duemiladiciotto,	duemiladiciotto	_	_	_	_	_	linguistic	_	none	Intonation=WeaklyRising	End=316.29	_	_	_	_
131-0	BO037	131	131	0	sì.	sì	_	_	_	_	_	linguistic	_	none	Intonation=Falling	Begin=316.29|End=316.578	_	_	_	_
132-0	BO026	132	132	0	come	come	_	_	_	_	_	linguistic	_	none	_	Begin=320.018	_	_	_	_
132-1	BO026	132	132	1	data::	data	_	_	_	_	_	linguistic	_	none	_	_	3x2	_	_	_
132-2	BO026	132	132	2	eh	eh	_	_	_	_	_	linguistic	_	none	ProsodicLink=Yes	_	_	_	_	_
132-3	BO026	132	132	3	ipotizzata	ipotizzata	_	_	_	_	_	linguistic	_	none	_	_	_	_	_	_
132-4	BO026	132	132	4	o	o	_	_	_	_	_	linguistic	_	none	_	_	_	_	_	_
132-5	BO026	132	132	5	come:	come	_	_	_	_	_	linguistic	_	none	_	End=323.484	3x1	_	_	_
133-0	BO026	133	133	0	data	data	_	_	_	_	_	linguistic	_	none	_	Begin=323.998	_	_	_	_
133-1	BO026	133	133	1	ulti[ma],	ultima	_	_	_	_	_	linguistic	_	none	Intonation=WeaklyRising	End=324.936	_	_	_	4-6(65)
134-0	BO037	134	134	0	[no	no	_	_	_	_	_	linguistic	_	none	_	Begin=324.651	_	_	_	0-2(65)
134-1	BO037	134	134	1	da]ta	data	_	_	_	_	_	linguistic	_	none	_	_	_	_	_	0-2(65)
134-2	BO037	134	134	2	unica	unica	_	_	_	_	_	linguistic	_	none	_	_	_	_	_	_
134-3	BO037	134	134	3	anche	anche	_	_	_	_	_	linguistic	_	none	_	_	_	_	_	_
134-4	BO037	134	134	4	perché	perché	_	_	_	_	_	linguistic	_	none	_	_	_	_	_	_
134-5	BO037	134	134	5	è	è	_	_	_	_	_	linguistic	_	none	_	_	_	_	_	_
134-6	BO037	134	134	6	un	un	_	_	_	_	_	linguistic	_	none	_	_	_	_	_	_
134-7	BO037	134	134	7	lavoro	lavoro	_	_	_	_	_	linguistic	_	none	_	_	_	_	_	_
134-8	BO037	134	134	8	a	a	_	_	_	_	_	linguistic	_	none	_	_	_	_	_	_
134-9	BO037	134	134	9	cui	cui	_	_	_	_	_	linguistic	_	none	_	_	_	_	_	_
134-10	BO037	134	134	10	tengo	tengo	_	_	_	_	_	linguistic	_	none	_	_	_	_	_	_
134-11	BO037	134	134	11	personalm[ente	personalmente	_	_	_	_	_	linguistic	_	none	_	_	_	_	_	9-13(66)
134-12	BO037	134	134	12	mo]lto	molto	_	_	_	_	_	linguistic	_	none	_	_	_	_	_	0-2(66)
134-13	BO037	134	134	13	per	per	_	_	_	_	_	linguistic	_	none	_	_	_	_	_	_
134-14	BO037	134	134	14	cui	cui	_	_	_	_	_	linguistic	_	none	_	_	_	_	_	_
134-15	BO037	134	134	15	mi	mi	_	_	_	_	_	linguistic	_	none	_	_	_	_	_	_
134-16	BO037	134	134	16	va	va	_	_	_	_	_	linguistic	_	none	_	_	_	_	_	_
134-17	BO037	134	134	17	di	di	_	_	_	_	_	linguistic	_	none	_	_	_	_	_	_
134-18	BO037	134	134	18	farlo:	farlo	_	_	_	_	_	linguistic	_	none	_	End=330.101	4x1	_	_	_
135-0	BO026	135	135	0	[°okay.°]	okay	_	_	_	_	_	linguistic	_	none	Intonation=Falling|Volume=low	Begin=327.843|End=328.213	_	_	_	0-4(66)
136-0	BO037	136	136	0	bene	bene	_	_	_	_	_	linguistic	_	none	_	Begin=330.503	_	_	_	_
136-1	BO037	136	136	1	di	di	_	_	_	_	_	linguistic	_	none	_	_	_	_	_	_
136-2	BO037	136	136	2	farlo	farlo	_	_	_	_	_	linguistic	_	none	_	_	_	_	_	_
136-3	BO037	136	136	3	insomma	insomma	_	_	_	_	_	linguistic	_	none	_	_	_	_	_	_
136-4	BO037	136	136	4	in	in	_	_	_	_	_	linguistic	_	none	_	_	_	_	_	_
136-5	BO037	136	136	5	man[iera	maniera	_	_	_	_	_	linguistic	_	none	_	_	_	_	_	3-7(67)
136-6	BO037	136	136	6	a]pprofondit[a	approfondita	_	_	_	_	_	linguistic	_	none	_	_	_	_	_	0-1(67),11-12(68)
136-7	BO037	136	136	7	e	e	_	_	_	_	_	linguistic	_	none	_	_	_	_	_	0-1(68)
136-8	BO037	136	136	8	tutto	tutto	_	_	_	_	_	linguistic	_	none	_	_	_	_	_	0-5(68)
136-9	BO037	136	136	9	e	e	_	_	_	_	_	linguistic	_	none	_	_	_	_	_	0-1(68)
136-10	BO037	136	136	10	poi	poi	_	_	_	_	_	linguistic	_	none	_	_	_	_	_	0-3(68)
136-11	BO037	136	136	11	è	è	_	_	_	_	_	linguistic	_	none	_	_	_	_	_	0-1(68)
136-12	BO037	136	136	12	proprio	proprio	_	_	_	_	_	linguistic	_	none	_	_	_	_	_	0-7(68)
136-13	BO037	136	136	13	il	il	_	_	_	_	_	linguistic	_	none	_	_	_	_	_	0-2(68)
136-14	BO037	136	136	14	c]ompimento	compimento	_	_	_	_	_	linguistic	_	none	_	_	_	_	_	0-1(68)
136-15	BO037	136	136	15	di	di	_	_	_	_	_	linguistic	_	none	_	_	_	_	_	_
136-16	BO037	136	136	16	un	un	_	_	_	_	_	linguistic	_	none	_	_	_	_	_	_
136-17	BO037	136	136	17	per[corso	percorso	_	_	_	_	_	linguistic	_	none	_	_	_	_	_	3-8(69)
136-18	BO037	136	136	18	di	di	_	_	_	_	_	linguistic	_	none	_	_	_	_	_	0-2(69)
136-19	BO037	136	136	19	tre	tre	_	_	_	_	_	linguistic	_	none	_	_	_	_	_	0-3(69)
136-20	BO037	136	136	20	anni],	anni	_	_	_	_	_	linguistic	_	none	Intonation=WeaklyRising	End=336.789	_	_	_	0-4(69)
137-0	BO026	137	137	0	[sì].	sì	_	_	_	_	_	linguistic	_	none	Intonation=Falling	Begin=332.155|End=332.48	_	_	_	0-2(67)
138-0	BO026	138	138	0	[no	no	_	_	_	_	_	linguistic	_	none	_	Begin=332.971	_	_	_	0-2(68)
138-1	BO026	138	138	1	è	è	_	_	_	_	_	linguistic	_	none	_	_	_	_	_	0-1(68)
138-2	BO026	138	138	2	interessante	interessante	_	_	_	_	_	linguistic	_	none	_	_	_	_	_	0-12(68)
138-3	BO026	138	138	3	xx].	xx	_	_	_	_	_	linguistic	_	none	Intonation=Falling	End=334.375	_	_	_	0-2(68)
139-0	BO026	139	139	0	[ci	ci	_	_	_	_	_	linguistic	_	none	_	Begin=335.11	_	_	_	0-2(69)
139-1	BO026	139	139	1	sono	sono	_	_	_	_	_	linguistic	_	none	_	_	_	_	_	0-4(69)
139-2	BO026	139	139	2	dei	dei	_	_	_	_	_	linguistic	_	none	_	_	_	_	_	0-3(69)
139-3	BO026	139	139	3	paralleli]	paralleli	_	_	_	_	_	linguistic	_	none	_	_	_	_	_	0-9(69)
139-4	BO026	139	139	4	con	con	_	_	_	_	_	linguistic	_	none	_	_	_	_	_	_
139-5	BO026	139	139	5	l'	l'	_	_	_	_	_	linguistic	_	none	SpaceAfter=No	_	_	_	_	_
139-6	BO026	139	139	6	altra	altra	_	_	_	_	_	linguistic	_	none	_	_	_	_	_	_
139-7	BO026	139	139	7	esperienza	esperienza	_	_	_	_	_	linguistic	_	none	_	_	_	_	_	_
139-8	BO026	139	139	8	soltanto	soltanto	_	_	_	_	_	linguistic	_	none	_	_	_	_	_	_
139-9	BO026	139	139	9	per	per	_	_	_	_	_	linguistic	_	none	_	_	_	_	_	_
139-10	BO026	139	139	10	per	per	_	_	_	_	_	linguistic	_	none	_	_	_	_	_	_
139-11	BO026	139	139	11	l'	l'	_	_	_	_	_	linguistic	_	none	SpaceAfter=No	_	_	_	_	_
139-12	BO026	139	139	12	età	età	_	_	_	_	_	linguistic	_	none	PauseAfter=Yes	_	_	_	_	_
139-13	BO026	139	139	13	{P}	{P}	_	_	_	_	_	shortpause	_	none	_	_	_	_	_	_
139-14	BO026	139	139	14	no,	no	_	_	_	_	_	linguistic	_	none	Intonation=WeaklyRising	End=341.367	_	_	_	_
140-0	BO037	140	140	0	sì	sì	_	_	_	_	_	linguistic	_	none	_	Begin=341.375	_	_	_	_
140-1	BO037	140	140	1	sì	sì	_	_	_	_	_	linguistic	_	none	_	_	_	_	_	_
140-2	BO037	140	140	2	sì.	sì	_	_	_	_	_	linguistic	_	none	Intonation=Falling	End=342.048	_	_	_	_
141-0	BO026	141	141	0	il	il	_	_	_	_	_	linguistic	_	none	_	Begin=342.335	_	_	_	_
141-1	BO026	141	141	1	bambino	bambino	_	_	_	_	_	linguistic	_	none	_	_	_	_	_	_
141-2	BO026	141	141	2	che	che	_	_	_	_	_	linguistic	_	none	_	_	_	_	_	_
141-3	BO026	141	141	3	lo	lo	_	_	_	_	_	linguistic	_	none	_	_	_	_	_	_
141-4	BO026	141	141	4	fa	fa	_	_	_	_	_	linguistic	_	none	_	_	_	_	_	_
141-5	BO026	141	141	5	per	per	_	_	_	_	_	linguistic	_	none	_	_	_	_	_	_
141-6	BO026	141	141	6	il	il	_	_	_	_	_	linguistic	_	none	_	_	_	_	_	_
141-7	BO026	141	141	7	ge[nitore	genitore	_	_	_	_	_	linguistic	_	none	_	_	_	_	_	2-8(70)
141-8	BO026	141	141	8	eccetera].	eccetera	_	_	_	_	_	linguistic	_	none	Intonation=Falling	End=344.925	_	_	_	0-8(70)
142-0	BO037	142	142	0	[sì	sì	_	_	_	_	_	linguistic	_	none	_	Begin=343.47	_	_	_	0-2(70)
142-1	BO037	142	142	1	la	la	_	_	_	_	_	linguistic	_	none	_	_	_	_	_	0-2(70)
142-2	BO037	142	142	2	mia	mia	_	_	_	_	_	linguistic	_	none	_	_	_	_	_	0-3(70)
142-3	BO037	142	142	3	idea	idea	_	_	_	_	_	linguistic	_	none	_	_	_	_	_	0-4(70)
142-4	BO037	142	142	4	era	era	_	_	_	_	_	linguistic	_	none	_	_	_	_	_	0-3(70)
142-5	BO037	142	142	5	di	di	_	_	_	_	_	linguistic	_	none	_	_	_	_	_	0-2(70)
142-6	BO037	142	142	6	fare]	fare	_	_	_	_	_	linguistic	_	none	_	_	_	_	_	0-4(70)
142-7	BO037	142	142	7	comunq[ue	comunque	_	_	_	_	_	linguistic	_	none	_	_	_	_	_	6-8(71)
142-8	BO037	142	142	8	diciamo	diciamo	_	_	_	_	_	linguistic	_	none	_	_	_	_	_	0-7(71)
142-9	BO037	142	142	9	un	un	_	_	_	_	_	linguistic	_	none	_	_	_	_	_	0-2(71)
142-10	BO037	142	142	10	excursus],	excursus	_	_	_	_	_	linguistic	_	none	Intonation=WeaklyRising	End=347.033	_	_	_	0-8(71)
143-0	BO026	143	143	0	[credo	credo	_	_	_	_	_	linguistic	_	none	_	Begin=345.248	_	_	_	0-5(71)
143-1	BO026	143	143	1	anche	anche	_	_	_	_	_	linguistic	_	none	_	_	_	_	_	0-5(71)
143-2	BO026	143	143	2	di	di	_	_	_	_	_	linguistic	_	none	_	_	_	_	_	0-2(71)
143-3	BO026	143	143	3	essermi	essermi	_	_	_	_	_	linguistic	_	none	_	_	_	_	_	0-7(71)
143-4	BO026	143	143	4	imbattu]ta	imbattuta	_	_	_	_	_	linguistic	_	none	_	_	_	_	_	0-7(71)
143-5	BO026	143	143	5	in	in	_	_	_	_	_	linguistic	_	none	_	_	_	_	_	_
143-6	BO026	143	143	6	alcuni	alcuni	_	_	_	_	_	linguistic	_	none	_	_	_	_	_	_
143-7	BO026	143	143	7	articoli	articoli	_	_	_	_	_	linguistic	_	none	_	_	_	_	_	_
143-8	BO026	143	143	8	che	che	_	_	_	_	_	linguistic	_	none	_	_	_	_	_	_
143-9	BO026	143	143	9	pre~	pre~	_	_	_	_	_	linguistic	_	none	Interrupted=Yes|ProsodicLink=Yes	_	_	_	_	_
143-10	BO026	143	143	10	pre~	pre~	_	_	_	_	_	linguistic	_	none	Interrupted=Yes|ProsodicLink=Yes	_	_	_	_	_
143-11	BO026	143	143	11	presi	presi	_	_	_	_	_	linguistic	_	none	_	_	_	_	_	_
143-12	BO026	143	143	12	erroneamente	erroneamente	_	_	_	_	_	linguistic	_	none	_	_	_	_	_	_
143-13	BO026	143	143	13	perché	perché	_	_	_	_	_	linguistic	_	none	_	_	_	_	_	_
143-14	BO026	143	143	14	avevo	avevo	_	_	_	_	_	linguistic	_	none	_	_	_	_	_	_
143-15	BO026	143	143	15	visto	visto	_	_	_	_	_	linguistic	_	none	_	_	_	_	_	_
143-16	BO026	143	143	16	brokering,	brokering	_	_	_	_	_	linguistic	_	none	Intonation=WeaklyRising	End=352.993	_	_	_	_
144-0	BO037	144	144	0	s[ì	sì	_	_	_	_	_	linguistic	_	none	_	Begin=352.993	_	_	_	1-2(72)
144-1	BO037	144	144	1	sì	sì	_	_	_	_	_	linguistic	_	none	_	_	_	_	_	0-2(72)
144-2	BO037	144	144	2	sì	sì	_	_	_	_	_	linguistic	_	none	_	_	_	_	_	0-2(72)
144-3	BO037	144	144	3	qualcosa	qualcosa	_	_	_	_	_	linguistic	_	none	_	_	_	_	_	0-8(72)
144-4	BO037	144	144	4	si	si	_	_	_	_	_	linguistic	_	none	_	_	_	_	_	0-2(72)
144-5	BO037	144	144	5	si	si	_	_	_	_	_	linguistic	_	none	_	_	_	_	_	0-2(72)
144-6	BO037	144	144	6	trova]	trova	_	_	_	_	_	linguistic	_	none	_	_	_	_	_	0-5(72)
144-7	BO037	144	144	7	anche	anche	_	_	_	_	_	linguistic	_	none	_	_	_	_	_	_
144-8	BO037	144	144	8	cercando	cercando	_	_	_	_	_	linguistic	_	none	_	_	_	_	_	_
144-9	BO037	144	144	9	per	per	_	_	_	_	_	linguistic	_	none	_	_	_	_	_	_
144-10	BO037	144	144	10	semplicemente	semplicemente	_	_	_	_	_	linguistic	_	none	_	_	_	_	_	_
144-11	BO037	144	144	11	su	su	_	_	_	_	_	linguistic	_	none	_	_	_	_	_	_
144-12	BO037	144	144	12	internet,	internet	_	_	_	_	_	linguistic	_	none	Intonation=WeaklyRising	End=357.989	_	_	_	_
145-0	BO026	145	145	0	[pensavo	pensavo	_	_	_	_	_	linguistic	_	none	_	Begin=353.068	_	_	_	0-7(72)
145-1	BO026	145	145	1	che	che	_	_	_	_	_	linguistic	_	none	_	_	_	_	_	0-3(72)
145-2	BO026	145	145	2	fosse	fosse	_	_	_	_	_	linguistic	_	none	_	_	_	_	_	0-5(72)
145-3	BO026	145	145	3	in	in	_	_	_	_	_	linguistic	_	none	_	_	_	_	_	0-2(72)
145-4	BO026	145	145	4	language].	language	_	_	_	_	_	linguistic	_	none	Intonation=Falling	End=354.913	_	_	_	0-8(72)
146-0	BO026	146	146	0	s[ì].	sì	_	_	_	_	_	linguistic	_	none	Intonation=Falling	Begin=357.975|End=358.26	_	_	_	1-2(?)
147-0	BO037	147	147	0	[q]ualcosa	qualcosa	_	_	_	_	_	linguistic	_	none	_	Begin=358.186	_	_	_	0-1(74)
147-1	BO037	147	147	1	viene	viene	_	_	_	_	_	linguistic	_	none	_	_	_	_	_	_
147-2	BO037	147	147	2	fuori	fuori	_	_	_	_	_	linguistic	_	none	_	_	_	_	_	_
147-3	BO037	147	147	3	ho	ho	_	_	_	_	_	linguistic	_	none	_	_	_	_	_	_
147-4	BO037	147	147	4	visto	visto	_	_	_	_	_	linguistic	_	none	_	_	_	_	_	_
147-5	BO037	147	147	5	che	che	_	_	_	_	_	linguistic	_	none	_	_	_	_	_	_
147-6	BO037	147	147	6	ci	ci	_	_	_	_	_	linguistic	_	none	_	_	_	_	_	_
147-7	BO037	147	147	7	sono	sono	_	_	_	_	_	linguistic	_	none	_	_	_	_	_	_
147-8	BO037	147	147	8	sono	sono	_	_	_	_	_	linguistic	_	none	_	_	_	_	_	_
147-9	BO037	147	147	9	stati	stati	_	_	_	_	_	linguistic	_	none	_	_	_	_	_	_
147-10	BO037	147	147	10	scritti	scritti	_	_	_	_	_	linguistic	_	none	_	_	_	_	_	_
147-11	BO037	147	147	11	dei	dei	_	_	_	_	_	linguistic	_	none	_	_	_	_	_	_
147-12	BO037	147	147	12	libri	libri	_	_	_	_	_	linguistic	_	none	_	_	_	_	_	_
147-13	BO037	147	147	13	proprio	proprio	_	_	_	_	_	linguistic	_	none	_	_	_	_	_	_
147-14	BO037	147	147	14	quasi	quasi	_	_	_	_	_	linguistic	_	none	_	_	_	_	_	_
147-15	BO037	147	147	15	romanzi,	romanzi	_	_	_	_	_	linguistic	_	none	Intonation=WeaklyRising	End=363.038	_	_	_	_
148-0	BO037	148	148	0	dove	dove	_	_	_	_	_	linguistic	_	none	_	Begin=363.271	_	_	_	_
148-1	BO037	148	148	1	si	si	_	_	_	_	_	linguistic	_	none	_	_	_	_	_	_
148-2	BO037	148	148	2	riporta	riporta	_	_	_	_	_	linguistic	_	none	_	_	_	_	_	_
148-3	BO037	148	148	3	l'	l'	_	_	_	_	_	linguistic	_	none	SpaceAfter=No	_	_	_	_	_
148-4	BO037	148	148	4	esperienza	esperienza	_	_	_	_	_	linguistic	_	none	_	_	_	_	_	_
148-5	BO037	148	148	5	di	di	_	_	_	_	_	linguistic	_	none	_	_	_	_	_	_
148-6	BO037	148	148	6	questi	questi	_	_	_	_	_	linguistic	_	none	_	_	_	_	_	_
148-7	BO037	148	148	7	bambini	bambini	_	_	_	_	_	linguistic	_	none	_	_	_	_	_	_
148-8	BO037	148	148	8	della:	della	_	_	_	_	_	linguistic	_	none	_	_	4x1	_	_	_
148-9	BO037	148	148	9	cioè	cioè	_	_	_	_	_	linguistic	_	none	_	_	_	_	_	_
148-10	BO037	148	148	10	tutto	tutto	_	_	_	_	_	linguistic	_	none	_	_	_	_	_	_
148-11	BO037	148	148	11	diciamo	diciamo	_	_	_	_	_	linguistic	_	none	_	_	_	_	_	_
148-12	BO037	148	148	12	la	la	_	_	_	_	_	linguistic	_	none	_	_	_	_	_	_
148-13	BO037	148	148	13	particolarità	particolarità	_	_	_	_	_	linguistic	_	none	_	_	_	_	_	_
148-14	BO037	148	148	14	è	è	_	_	_	_	_	linguistic	_	none	_	_	_	_	_	_
148-15	BO037	148	148	15	la	la	_	_	_	_	_	linguistic	_	none	_	_	_	_	_	_
148-16	BO037	148	148	16	cultura	cultura	_	_	_	_	_	linguistic	_	none	_	_	_	_	_	_
148-17	BO037	148	148	17	sorda	sorda	_	_	_	_	_	linguistic	_	none	_	_	_	_	_	_
148-18	BO037	148	148	18	[a	a	_	_	_	_	_	linguistic	_	none	_	_	_	_	_	0-1(75)
148-19	BO037	148	148	19	confronto	confronto	_	_	_	_	_	linguistic	_	none	_	_	_	_	_	0-9(75)
148-20	BO037	148	148	20	con	con	_	_	_	_	_	linguistic	_	none	_	_	_	_	_	0-3(75)
148-21	BO037	148	148	21	la	la	_	_	_	_	_	linguistic	_	none	_	_	_	_	_	0-2(75)
148-22	BO037	148	148	22	c]ultura	cultura	_	_	_	_	_	linguistic	_	none	_	_	_	_	_	0-1(75)
148-23	BO037	148	148	23	udente	udente	_	_	_	_	_	linguistic	_	none	_	_	_	_	_	_
148-24	BO037	148	148	24	sono	sono	_	_	_	_	_	linguistic	_	none	_	_	_	_	_	_
148-25	BO037	148	148	25	com[un]que	comunque	_	_	_	_	_	linguistic	_	none	_	_	_	_	_	2-5(76)
148-26	BO037	148	148	26	cose	cose	_	_	_	_	_	linguistic	_	none	_	_	_	_	_	_
148-27	BO037	148	148	27	che	che	_	_	_	_	_	linguistic	_	none	_	_	_	_	_	_
148-28	BO037	148	148	28	poi	poi	_	_	_	_	_	linguistic	_	none	_	_	_	_	_	_
148-29	BO037	148	148	29	nella	nella	_	_	_	_	_	linguistic	_	none	_	_	_	_	_	_
148-30	BO037	148	148	30	tesi	tesi	_	_	_	_	_	linguistic	_	none	_	_	_	_	_	_
148-31	BO037	148	148	31	sicuramente	sicuramente	_	_	_	_	_	linguistic	_	none	_	_	_	_	_	_
148-32	BO037	148	148	32	vanno	vanno	_	_	_	_	_	linguistic	_	none	_	_	_	_	_	_
148-33	BO037	148	148	33	spiegate.	spiegate	_	_	_	_	_	linguistic	_	none	Intonation=Falling	End=375.52	_	_	_	_
149-0	BO026	149	149	0	[mh	mh	_	_	_	_	_	linguistic	_	none	ProsodicLink=Yes	Begin=369.723	_	_	_	0-2(75)
149-1	BO026	149	149	1	mh	mh	_	_	_	_	_	linguistic	_	none	_	_	_	_	_	0-2(75)
149-2	BO026	149	149	2	sì].	sì	_	_	_	_	_	linguistic	_	none	Intonation=Falling	End=370.831	_	_	_	0-2(75)
150-0	BO026	150	150	0	[sì].	sì	_	_	_	_	_	linguistic	_	none	Intonation=Falling	Begin=371.843|End=372.1	_	_	_	0-2(76)
151-0	BO026	151	151	0	cert[o].	certo	_	_	_	_	_	linguistic	_	none	Intonation=Falling	Begin=375.495|End=375.961	_	_	_	4-5(78)
152-0	BO037	152	152	0	[e	e	_	_	_	_	_	linguistic	_	none	_	Begin=375.778	_	_	_	0-1(78)
152-1	BO037	152	152	1	d]a	da	_	_	_	_	_	linguistic	_	none	_	_	_	_	_	0-1(78)
152-2	BO037	152	152	2	quel	quel	_	_	_	_	_	linguistic	_	none	_	_	_	_	_	_
152-3	BO037	152	152	3	[punto	punto	_	_	_	_	_	linguistic	_	none	_	_	_	_	_	0-5(79)
152-4	BO037	152	152	4	di	di	_	_	_	_	_	linguistic	_	none	_	_	_	_	_	0-2(79)
152-5	BO037	152	152	5	vi]sta	vista	_	_	_	_	_	linguistic	_	none	_	_	_	_	_	0-2(79)
152-6	BO037	152	152	6	comunque	comunque	_	_	_	_	_	linguistic	_	none	_	_	_	_	_	_
152-7	BO037	152	152	7	ho	ho	_	_	_	_	_	linguistic	_	none	_	_	_	_	_	_
152-8	BO037	152	152	8	tutto	tutto	_	_	_	_	_	linguistic	_	none	_	_	_	_	_	_
152-9	BO037	152	152	9	il	il	_	_	_	_	_	linguistic	_	none	_	_	_	_	_	_
152-10	BO037	152	152	10	materiale	materiale	_	_	_	_	_	linguistic	_	none	_	_	_	_	_	_
152-11	BO037	152	152	11	della	della	_	_	_	_	_	linguistic	_	none	_	_	_	_	_	_
152-12	BO037	152	152	12	scuola	scuola	_	_	_	_	_	linguistic	_	none	_	_	_	_	_	_
152-13	BO037	152	152	13	di	di	_	_	_	_	_	linguistic	_	none	_	_	_	_	_	_
152-14	BO037	152	152	14	lingua	lingua	_	_	_	_	_	linguistic	_	none	_	_	_	_	_	_
152-15	BO037	152	152	15	dei	dei	_	_	_	_	_	linguistic	_	none	_	_	_	_	_	_
152-16	BO037	152	152	16	segni	segni	_	_	_	_	_	linguistic	_	none	_	_	_	_	_	_
152-17	BO037	152	152	17	l'	l'	_	_	_	_	_	linguistic	_	none	SpaceAfter=No	_	_	_	_	_
152-18	BO037	152	152	18	insegnanti:	insegnanti	_	_	_	_	_	linguistic	_	none	_	_	9x1	_	_	_
152-19	BO037	152	152	19	sia	sia	_	_	_	_	_	linguistic	_	none	_	_	_	_	_	_
152-20	BO037	152	152	20	sordi	sordi	_	_	_	_	_	linguistic	_	none	_	_	_	_	_	_
152-21	BO037	152	152	21	c[he	che	_	_	_	_	_	linguistic	_	none	_	_	_	_	_	0-3(80)
152-22	BO037	152	152	22	udenti].	udenti	_	_	_	_	_	linguistic	_	none	Intonation=Falling	End=382.226	_	_	_	0-6(80)
153-0	BO026	153	153	0	[certo].	certo	_	_	_	_	_	linguistic	_	none	Intonation=Falling	Begin=376.14|End=376.536	_	_	_	0-5(79)
154-0	BO026	154	154	0	[deve	deve	_	_	_	_	_	linguistic	_	none	_	Begin=381.041	_	_	_	0-4(80)
154-1	BO026	154	154	1	vedere	vedere	_	_	_	_	_	linguistic	_	none	_	_	_	_	_	0-6(80)
154-2	BO026	154	154	2	se	se	_	_	_	_	_	linguistic	_	none	_	_	_	_	_	0-2(80)
154-3	BO026	154	154	3	hanno	hanno	_	_	_	_	_	linguistic	_	none	_	_	_	_	_	0-5(80)
154-4	BO026	154	154	4	f]atto::	fatto	_	_	_	_	_	linguistic	_	none	_	_	4x2	_	_	0-1(80)
154-5	BO026	154	154	5	delle	delle	_	_	_	_	_	linguistic	_	none	_	_	_	_	_	_
154-6	BO026	154	154	6	ricerche	ricerche	_	_	_	_	_	linguistic	_	none	_	_	_	_	_	_
154-7	BO026	154	154	7	anche	anche	_	_	_	_	_	linguistic	_	none	_	_	_	_	_	_
154-8	BO026	154	154	8	a	a	_	_	_	_	_	linguistic	_	none	_	_	_	_	_	_
154-9	BO026	154	154	9	roma	roma	_	_	_	_	_	linguistic	_	none	_	_	_	_	_	_
154-10	BO026	154	154	10	gli	gli	_	_	_	_	_	linguistic	_	none	_	_	_	_	_	_
154-11	BO026	154	154	11	esperti	esperti	_	_	_	_	_	linguistic	_	none	_	_	_	_	_	_
154-12	BO026	154	154	12	della	della	_	_	_	_	_	linguistic	_	none	_	_	_	_	_	_
154-13	BO026	154	154	13	lingua	lingua	_	_	_	_	_	linguistic	_	none	_	_	_	_	_	_
154-14	BO026	154	154	14	dei	dei	_	_	_	_	_	linguistic	_	none	_	_	_	_	_	_
154-15	BO026	154	154	15	s[egni]	segni	_	_	_	_	_	linguistic	_	none	_	_	_	_	_	1-5(81)
154-16	BO026	154	154	16	da	da	_	_	_	_	_	linguistic	_	none	_	_	_	_	_	_
154-17	BO026	154	154	17	x[xx	xxx	_	_	_	_	_	unknown	_	none	Syllables=3	_	_	_	_	1-3(82)
154-18	BO026	154	154	18	e	e	_	_	_	_	_	linguistic	_	none	_	_	_	_	_	0-1(82)
154-19	BO026	154	154	19	la:]	la	_	_	_	_	_	linguistic	_	none	_	End=389.531	1x1	_	_	0-2(82)
155-0	BO037	155	155	0	[sì].	sì	_	_	_	_	_	linguistic	_	none	Intonation=Falling	Begin=387.255|End=387.683	_	_	_	0-2(81)
156-0	BO037	156	156	0	[e:	e	_	_	_	_	_	linguistic	_	none	_	Begin=388.111	0x1	_	_	0-1(82)
156-1	BO037	156	156	1	volevo	volevo	_	_	_	_	_	linguistic	_	none	_	_	_	_	_	0-6(82)
156-2	BO037	156	156	2	anche	anche	_	_	_	_	_	linguistic	_	none	_	_	_	_	_	0-5(82)
156-3	BO037	156	156	3	mettermi	mettermi	_	_	_	_	_	linguistic	_	none	_	_	_	_	_	0-8(82)
156-4	BO037	156	156	4	in]con[tatto	incontatto	_	_	_	_	_	linguistic	_	none	_	_	_	_	_	0-2(82),5-10(83)
156-5	BO037	156	156	5	sia]	sia	_	_	_	_	_	linguistic	_	none	_	_	_	_	_	0-3(83)
156-6	BO037	156	156	6	co:n	con	_	_	_	_	_	linguistic	_	none	_	_	1x1	_	_	_
156-7	BO037	156	156	7	il	il	_	_	_	_	_	linguistic	_	none	_	_	_	_	_	_
156-8	BO037	156	156	8	ci	ci	_	_	_	_	_	linguistic	_	none	_	_	_	_	_	_
156-9	BO037	156	156	9	enne	enne	_	_	_	_	_	linguistic	_	none	_	_	_	_	_	_
156-10	BO037	156	156	10	erre	erre	_	_	_	_	_	linguistic	_	none	_	_	_	_	_	_
156-11	BO037	156	156	11	che	che	_	_	_	_	_	linguistic	_	none	_	_	_	_	_	_
156-12	BO037	156	156	12	con	con	_	_	_	_	_	linguistic	_	none	_	_	_	_	_	_
156-13	BO037	156	156	13	l'	l'	_	_	_	_	_	linguistic	_	none	SpaceAfter=No	_	_	_	_	_
156-14	BO037	156	156	14	istituto	istituto	_	_	_	_	_	linguistic	_	none	_	_	_	_	_	_
156-15	BO037	156	156	15	statale	statale	_	_	_	_	_	linguistic	_	none	_	_	_	_	_	_
156-16	BO037	156	156	16	sordi	sordi	_	_	_	_	_	linguistic	_	none	_	_	_	_	_	_
156-17	BO037	156	156	17	che	che	_	_	_	_	_	linguistic	_	none	PauseAfter=Yes	_	_	_	_	_
156-18	BO037	156	156	18	{P}	{P}	_	_	_	_	_	shortpause	_	none	_	_	_	_	_	_
156-19	BO037	156	156	19	se	se	_	_	_	_	_	linguistic	_	none	_	_	_	_	_	_
156-20	BO037	156	156	20	non	non	_	_	_	_	_	linguistic	_	none	_	_	_	_	_	_
156-21	BO037	156	156	21	lo	lo	_	_	_	_	_	linguistic	_	none	_	_	_	_	_	_
156-22	BO037	156	156	22	chiudono	chiudono	_	_	_	_	_	linguistic	_	none	_	_	_	_	_	_
156-23	BO037	156	156	23	a	a	_	_	_	_	_	linguistic	_	none	_	_	_	_	_	_
156-24	BO037	156	156	24	breve	breve	_	_	_	_	_	linguistic	_	none	_	_	_	_	_	_
156-25	BO037	156	156	25	perché	perché	_	_	_	_	_	linguistic	_	none	_	_	_	_	_	_
156-26	BO037	156	156	26	purtroppo	purtroppo	_	_	_	_	_	linguistic	_	none	_	_	_	_	_	_
156-27	BO037	156	156	27	sono	sono	_	_	_	_	_	linguistic	_	none	_	_	_	_	_	_
156-28	BO037	156	156	28	un	un	_	_	_	_	_	linguistic	_	none	_	_	_	_	_	_
156-29	BO037	156	156	29	po',	po'	_	_	_	_	_	linguistic	_	none	Intonation=WeaklyRising	End=397.055	_	_	_	_
157-0	BO026	157	157	0	[ci	ci	_	_	_	_	_	linguistic	_	none	_	Begin=389.715	_	_	_	0-2(83)
157-1	BO026	157	157	1	enne	enne	_	_	_	_	_	linguistic	_	none	_	_	_	_	_	0-4(83)
157-2	BO026	157	157	2	erre].	erre	_	_	_	_	_	linguistic	_	none	Intonation=Falling	End=390.233	_	_	_	0-4(83)
158-0	BO037	158	158	0	così	così	_	_	_	_	_	linguistic	_	none	_	Begin=397.235	_	_	_	_
158-1	BO037	158	158	1	e::hm	ehm	_	_	_	_	_	linguistic	_	none	_	End=398.916	0x2	_	_	_
159-0	BO026	159	159	0	quindi	quindi	_	_	_	_	_	linguistic	_	none	_	Begin=400.115	_	_	_	_
159-1	BO026	159	159	1	il	il	_	_	_	_	_	linguistic	_	none	_	_	_	_	_	_
159-2	BO026	159	159	2	relatore	relatore	_	_	_	_	_	linguistic	_	none	_	_	_	_	_	_
159-3	BO026	159	159	3	è	è	_	_	_	_	_	linguistic	_	none	_	_	_	_	_	_
159-4	BO026	159	159	4	rossi	rossi	_	_	_	_	_	linguistic	_	none	_	_	_	_	_	_
159-5	BO026	159	159	5	d[ella	della	_	_	_	_	_	linguistic	_	none	_	_	_	_	_	1-5(84)
159-6	BO026	159	159	6	sc]uola	scuola	_	_	_	_	_	linguistic	_	none	_	_	_	_	_	0-2(84)
159-7	BO026	159	159	7	interpreti.	interpreti	_	_	_	_	_	linguistic	_	none	Intonation=Falling	End=402.885	_	_	_	_
160-0	BO037	160	160	0	[sì].	sì	_	_	_	_	_	linguistic	_	none	Intonation=Falling	Begin=401.938|End=402.408	_	_	_	0-2(84)
161-0	BO037	161	161	0	°sì	sì	_	_	_	_	_	linguistic	_	none	Volume=low	Begin=402.881	_	_	_	_
161-1	BO037	161	161	1	sì	sì	_	_	_	_	_	linguistic	_	none	Volume=low	_	_	_	_	_
161-2	BO037	161	161	2	rossi.°	rossi	_	_	_	_	_	linguistic	_	none	Intonation=Falling|Volume=low	End=403.896	_	_	_	_
162-0	BO026	162	162	0	va	va	_	_	_	_	_	linguistic	_	none	_	Begin=406.79	_	_	_	_
162-1	BO026	162	162	1	bene.	bene	_	_	_	_	_	linguistic	_	none	Intonation=Falling	_	_	_	_	_
162-2	BO026	162	162	2	mi	mi	_	_	_	_	_	linguistic	_	none	_	_	_	_	_	_
162-3	BO026	162	162	3	aggiorna	aggiorna	_	_	_	_	_	linguistic	_	none	_	_	_	_	_	_
162-4	BO026	162	162	4	poi	poi	_	_	_	_	_	linguistic	_	none	_	_	_	_	_	_
162-5	BO026	162	162	5	via	via	_	_	_	_	_	linguistic	_	none	_	_	_	_	_	_
162-6	BO026	162	162	6	via	via	_	_	_	_	_	linguistic	_	none	_	_	_	_	_	_
162-7	BO026	162	162	7	[un	un	_	_	_	_	_	linguistic	_	none	_	_	_	_	_	0-2(86)
162-8	BO026	162	162	8	po'	po'	_	_	_	_	_	linguistic	_	none	_	_	_	_	_	0-3(86)
162-9	BO026	162	162	9	d]el	del	_	_	_	_	_	linguistic	_	none	_	_	_	_	_	0-1(86)
162-10	BO026	162	162	10	lavor[o	lavoro	_	_	_	_	_	linguistic	_	none	_	_	_	_	_	5-6(87)
162-11	BO026	162	162	11	no],	no	_	_	_	_	_	linguistic	_	none	Intonation=WeaklyRising	End=409.877	_	_	_	0-2(87)
163-0	BO037	163	163	0	[sì].	sì	_	_	_	_	_	linguistic	_	none	Intonation=Falling	Begin=408.536|End=409.011	_	_	_	0-2(86)
164-0	BO037	164	164	0	[adesso	adesso	_	_	_	_	_	linguistic	_	none	_	Begin=409.395	_	_	_	0-6(87)
164-1	BO037	164	164	1	co]munque	comunque	_	_	_	_	_	linguistic	_	none	_	_	_	_	_	0-2(87)
164-2	BO037	164	164	2	[sto]	sto	_	_	_	_	_	linguistic	_	none	_	_	_	_	_	0-3(88)
164-3	BO037	164	164	3	lavorando	lavorando	_	_	_	_	_	linguistic	_	none	_	_	_	_	_	_
164-4	BO037	164	164	4	ho	ho	_	_	_	_	_	linguistic	_	none	_	_	_	_	_	_
164-5	BO037	164	164	5	degli	degli	_	_	_	_	_	linguistic	_	none	_	_	_	_	_	_
164-6	BO037	164	164	6	esami	esami	_	_	_	_	_	linguistic	_	none	_	_	_	_	_	_
164-7	BO037	164	164	7	per	per	_	_	_	_	_	linguistic	_	none	_	_	_	_	_	_
164-8	BO037	164	164	8	cui	cui	_	_	_	_	_	linguistic	_	none	_	_	_	_	_	_
164-9	BO037	164	164	9	si	si	_	_	_	_	_	linguistic	_	none	_	_	_	_	_	_
164-10	BO037	164	164	10	parte	parte	_	_	_	_	_	linguistic	_	none	_	_	_	_	_	_
164-11	BO037	164	164	11	anche	anche	_	_	_	_	_	linguistic	_	none	_	_	_	_	_	_
164-12	BO037	164	164	12	perché	perché	_	_	_	_	_	linguistic	_	none	_	_	_	_	_	_
164-13	BO037	164	164	13	comunque	comunque	_	_	_	_	_	linguistic	_	none	_	_	_	_	_	_
164-14	BO037	164	164	14	l'	l'	_	_	_	_	_	linguistic	_	none	SpaceAfter=No	_	_	_	_	_
164-15	BO037	164	164	15	estate	estate	_	_	_	_	_	linguistic	_	none	_	_	_	_	_	_
164-16	BO037	164	164	16	è	è	_	_	_	_	_	linguistic	_	none	_	_	_	_	_	_
164-17	BO037	164	164	17	diffi[cile],	difficile	_	_	_	_	_	linguistic	_	none	Intonation=WeaklyRising	End=414.591	_	_	_	4-9(89)
165-0	BO026	165	165	0	[°sì.°]	sì	_	_	_	_	_	linguistic	_	none	Intonation=Falling|Volume=low	Begin=410.025|End=410.203	_	_	_	0-2(88)
166-0	BO026	166	166	0	[°mh	mh	_	_	_	_	_	linguistic	_	none	ProsodicLink=Yes|Volume=low	Begin=414.02	_	_	_	0-2(89)
166-1	BO026	166	166	1	mh°]	mh	_	_	_	_	_	linguistic	_	none	Volume=low	End=414.581	_	_	_	0-2(89)
167-0	BO037	167	167	0	scuole	scuole	_	_	_	_	_	linguistic	_	none	_	Begin=414.691	_	_	_	_
167-1	BO037	167	167	1	chiuse	chiuse	_	_	_	_	_	linguistic	_	none	_	_	_	_	_	_
167-2	BO037	167	167	2	tutto	tutto	_	_	_	_	_	linguistic	_	none	_	_	_	_	_	_
167-3	BO037	167	167	3	per	per	_	_	_	_	_	linguistic	_	none	_	_	_	_	_	_
167-4	BO037	167	167	4	cui	cui	_	_	_	_	_	linguistic	_	none	_	_	_	_	_	_
167-5	BO037	167	167	5	comunque,	comunque	_	_	_	_	_	linguistic	_	none	Intonation=WeaklyRising	End=416.826	_	_	_	_
168-0	BO037	168	168	0	cioè	cioè	_	_	_	_	_	linguistic	_	none	_	Begin=417.138	_	_	_	_
168-1	BO037	168	168	1	il	il	_	_	_	_	_	linguistic	_	none	_	_	_	_	_	_
168-2	BO037	168	168	2	lavoro	lavoro	_	_	_	_	_	linguistic	_	none	_	_	_	_	_	_
168-3	BO037	168	168	3	grosso	grosso	_	_	_	_	_	linguistic	_	none	_	_	_	_	_	_
168-4	BO037	168	168	4	sarà	sarà	_	_	_	_	_	linguistic	_	none	_	_	_	_	_	_
168-5	BO037	168	168	5	da	da	_	_	_	_	_	linguistic	_	none	_	_	_	_	_	_
168-6	BO037	168	168	6	settembre	settembre	_	_	_	_	_	linguistic	_	none	_	_	_	_	_	_
168-7	BO037	168	168	7	in	in	_	_	_	_	_	linguistic	_	none	_	_	_	_	_	_
168-8	BO037	168	168	8	poi,	poi	_	_	_	_	_	linguistic	_	none	Intonation=WeaklyRising	End=419.45	_	_	_	_
169-0	BO026	169	169	0	°d'	d'	_	_	_	_	_	linguistic	_	none	SpaceAfter=No|Volume=low	Begin=419.885	_	_	_	_
169-1	BO026	169	169	1	acc[ordo.°]	accordo	_	_	_	_	_	linguistic	_	none	Intonation=Falling|Volume=low	End=420.56	_	_	_	2-7(90)
170-0	BO037	170	170	0	[e:]	e	_	_	_	_	_	linguistic	_	none	_	Begin=420.16	0x1	_	_	0-1(90)
170-1	BO037	170	170	1	nel	nel	_	_	_	_	_	linguistic	_	none	_	_	_	_	_	_
170-2	BO037	170	170	2	frattempo	frattempo	_	_	_	_	_	linguistic	_	none	_	_	_	_	_	_
170-3	BO037	170	170	3	magari	magari	_	_	_	_	_	linguistic	_	none	_	_	_	_	_	_
170-4	BO037	170	170	4	inizio	inizio	_	_	_	_	_	linguistic	_	none	_	_	_	_	_	_
170-5	BO037	170	170	5	ad	ad	_	_	_	_	_	linguistic	_	none	_	_	_	_	_	_
170-6	BO037	170	170	6	accumulare	accumulare	_	_	_	_	_	linguistic	_	none	_	_	_	_	_	_
170-7	BO037	170	170	7	bibliografia	bibliografia	_	_	_	_	_	linguistic	_	none	_	_	_	_	_	_
170-8	BO037	170	170	8	l[eggere	leggere	_	_	_	_	_	linguistic	_	none	_	_	_	_	_	1-7(91)
170-9	BO037	170	170	9	delle]	delle	_	_	_	_	_	linguistic	_	none	_	_	_	_	_	0-5(91)
170-10	BO037	170	170	10	co:se	cose	_	_	_	_	_	linguistic	_	none	_	_	1x1	_	_	_
170-11	BO037	170	170	11	im[postare	impostare	_	_	_	_	_	linguistic	_	none	_	_	_	_	_	2-9(92)
170-12	BO037	170	170	12	bene].	bene	_	_	_	_	_	linguistic	_	none	Intonation=Falling	End=426.01	_	_	_	0-4(92)
171-0	BO026	171	171	0	[sì].	sì	_	_	_	_	_	linguistic	_	none	Intonation=Falling	Begin=423.251|End=423.84	_	_	_	0-2(91)
172-0	BO026	172	172	0	[se	se	_	_	_	_	_	linguistic	_	none	_	Begin=424.911	_	_	_	0-2(92)
172-1	BO026	172	172	1	mi	mi	_	_	_	_	_	linguistic	_	none	_	_	_	_	_	0-2(92)
172-2	BO026	172	172	2	capita]::	capita	_	_	_	_	_	linguistic	_	none	_	_	5x2	_	_	0-6(92)
172-3	BO026	172	172	3	se	se	_	_	_	_	_	linguistic	_	none	_	_	_	_	_	_
172-4	BO026	172	172	4	come	come	_	_	_	_	_	linguistic	_	none	_	_	_	_	_	_
172-5	BO026	172	172	5	mi	mi	_	_	_	_	_	linguistic	_	none	_	_	_	_	_	_
172-6	BO026	172	172	6	è	è	_	_	_	_	_	linguistic	_	none	_	_	_	_	_	_
172-7	BO026	172	172	7	successo:	successo	_	_	_	_	_	linguistic	_	none	_	_	7x1	_	_	_
172-8	BO026	172	172	8	tempo	tempo	_	_	_	_	_	linguistic	_	none	_	_	_	_	_	_
172-9	BO026	172	172	9	fa	fa	_	_	_	_	_	linguistic	_	none	_	_	_	_	_	_
172-10	BO026	172	172	10	le	le	_	_	_	_	_	linguistic	_	none	PauseAfter=Yes	_	_	_	_	_
172-11	BO026	172	172	11	{P}	{P}	_	_	_	_	_	shortpause	_	none	_	_	_	_	_	_
172-12	BO026	172	172	12	qualche	qualche	_	_	_	_	_	linguistic	_	none	_	_	_	_	_	_
172-13	BO026	172	172	13	riferimento	riferimento	_	_	_	_	_	linguistic	_	none	_	_	_	_	_	_
172-14	BO026	172	172	14	glielo	glielo	_	_	_	_	_	linguistic	_	none	_	_	_	_	_	_
172-15	BO026	172	172	15	inoltro	inoltro	_	_	_	_	_	linguistic	_	none	_	_	_	_	_	_
172-16	BO026	172	172	16	glie[lo	glielo	_	_	_	_	_	linguistic	_	none	_	_	_	_	_	4-6(93)
172-17	BO026	172	172	17	mando].	mando	_	_	_	_	_	linguistic	_	none	Intonation=Falling	End=433.755	_	_	_	0-5(93)
173-0	BO037	173	173	0	[grazie	grazie	_	_	_	_	_	linguistic	_	none	_	Begin=433.37	_	_	_	0-6(93)
173-1	BO037	173	173	1	m]ille.	mille	_	_	_	_	_	linguistic	_	none	Intonation=Falling	End=434.015	_	_	_	0-1(93)
174-0	BO026	174	174	0	v[a	va	_	_	_	_	_	linguistic	_	none	_	Begin=434.038	_	_	_	1-2(94)
174-1	BO026	174	174	1	be]ne?	bene	_	_	_	_	_	linguistic	_	none	Intonation=Rising	End=434.57	_	_	_	0-2(94)
175-0	BO037	175	175	0	[va	va	_	_	_	_	_	linguistic	_	none	_	Begin=434.13	_	_	_	0-2(94)
175-1	BO037	175	175	1	bene].	bene	_	_	_	_	_	linguistic	_	none	Intonation=Falling	End=434.463	_	_	_	0-4(94)
176-0	BO026	176	176	0	ar[rivederci].	arrivederci	_	_	_	_	_	linguistic	_	none	Intonation=Falling	Begin=434.735|End=435.476	_	_	_	2-11(95)
177-0	BO037	177	177	0	[grazie	grazie	_	_	_	_	_	linguistic	_	none	_	Begin=434.825	_	_	_	0-6(95)
177-1	BO037	177	177	1	mille	mille	_	_	_	_	_	linguistic	_	none	_	_	_	_	_	0-5(95)
177-2	BO037	177	177	2	mo]lto	molto	_	_	_	_	_	linguistic	_	none	_	_	_	_	_	0-2(95)
177-3	BO037	177	177	3	gentile	gentile	_	_	_	_	_	linguistic	_	none	_	_	_	_	_	_
177-4	BO037	177	177	4	arrivederci.	arrivederci	_	_	_	_	_	linguistic	_	none	Intonation=Falling	End=436.793	_	_	_	_
