token_id	speaker	tu_id	id	span	form	lemma	upos	xpos	feats	deprel	type	meta_label	code-variation	jefferson_feats	align	prolongations	pace	guesses	overlaps
0-0	BO002	0	0	e:[h	eh	_	_	_	_	_	linguistic	_	ContainsVariation=No	ProsodicLink=Yes	Begin=16.23	0x1	_	_	1-2(0)
0-1	BO002	0	1	mh]	mh	_	_	_	_	_	linguistic	_	ContainsVariation=No	_	End=17.963	_	_	_	0-2(0)
1-0	BO003	1	0	[eh	eh	_	_	_	_	_	linguistic	_	ContainsVariation=No	ProsodicLink=Yes	Begin=16.47	_	_	_	0-2(0)
1-1	BO003	1	1	mh]	mh	_	_	_	_	_	linguistic	_	ContainsVariation=No	_	End=17.81	_	_	_	0-2(0)
2-0	BO002	2	0	cosa	cosa	_	_	_	_	_	linguistic	_	ContainsVariation=No	PauseAfter=Yes	Begin=18.126	_	_	_	_
2-1	BO002	2	1	(.)	(.)	_	_	_	_	_	shortpause	_	ContainsVariation=No	_	_	_	_	_	_
2-2	BO002	2	2	stavamo	stavamo	_	_	_	_	_	linguistic	_	ContainsVariation=No	_	_	_	_	_	_
2-3	BO002	2	3	dicendo	dicendo	_	_	_	_	_	linguistic	_	ContainsVariation=No	_	_	_	_	_	_
2-4	BO002	2	4	prima,	prima	_	_	_	_	_	linguistic	_	ContainsVariation=No	Intonation=WeaklyRising	End=19.768	_	_	_	_
3-0	BO003	3	0	di	di	_	_	_	_	_	linguistic	_	ContainsVariation=No	_	Begin=19.856	_	_	_	_
3-1	BO003	3	1	guido	guido	_	_	_	_	_	linguistic	_	ContainsVariation=No	_	End=20.88	_	_	_	_
4-0	BO002	4	0	ah	ah	_	_	_	_	_	linguistic	_	ContainsVariation=No	PauseAfter=Yes	Begin=20.909	_	_	_	_
4-1	BO002	4	1	(.)	(.)	_	_	_	_	_	shortpause	_	ContainsVariation=No	_	_	_	_	_	_
4-2	BO002	4	2	di	di	_	_	_	_	_	linguistic	_	ContainsVariation=No	_	_	_	_	_	_
4-3	BO002	4	3	guido.	guido	_	_	_	_	_	linguistic	_	ContainsVariation=No	Intonation=Falling	End=22.412	_	_	_	_
5-0	BO003	5	0	non	non	_	_	_	_	_	linguistic	_	ContainsVariation=No	_	Begin=23.352	_	_	_	_
5-1	BO003	5	1	so	so	_	_	_	_	_	linguistic	_	ContainsVariation=No	_	_	_	_	_	_
5-2	BO003	5	2	se	se	_	_	_	_	_	linguistic	_	ContainsVariation=No	PauseAfter=Yes	_	_	_	_	_
5-3	BO003	5	3	(.)	(.)	_	_	_	_	_	shortpause	_	ContainsVariation=No	_	_	_	_	_	_
5-4	BO003	5	4	scrivergli	scrivergli	_	_	_	_	_	linguistic	_	ContainsVariation=No	_	_	_	_	_	_
5-5	BO003	5	5	o	o	_	_	_	_	_	linguistic	_	ContainsVariation=No	_	_	_	_	_	_
5-6	BO003	5	6	no.	no	_	_	_	_	_	linguistic	_	ContainsVariation=No	Intonation=Falling	_	_	_	_	_
5-7	BO003	5	7	tu	tu	_	_	_	_	_	linguistic	_	ContainsVariation=No	_	_	_	_	_	_
5-8	BO003	5	8	cosa	cosa	_	_	_	_	_	linguistic	_	ContainsVariation=No	_	_	_	_	_	_
5-9	BO003	5	9	dici,	dici	_	_	_	_	_	linguistic	_	ContainsVariation=No	Intonation=WeaklyRising	End=26.352	_	_	_	_
6-0	BO002	6	0	provaci	provaci	_	_	_	_	_	linguistic	_	ContainsVariation=No	_	Begin=28.599	_	_	_	_
6-1	BO002	6	1	((ride))	((ride))	_	_	_	_	_	nonverbalbehavior	_	ContainsVariation=No	_	End=30.72	_	_	_	_
7-0	BO003	7	0	((ride))	((ride))	_	_	_	_	_	nonverbalbehavior	_	ContainsVariation=No	_	Begin=29.773|End=30.723	_	_	_	_
8-0	BO002	8	0	perché?	perché	_	_	_	_	_	linguistic	_	ContainsVariation=No	Intonation=Rising|PauseAfter=Yes	Begin=30.962	_	_	_	_
8-1	BO002	8	1	(.)	(.)	_	_	_	_	_	shortpause	_	ContainsVariation=No	_	_	_	_	_	_
8-2	BO002	8	2	provaci	provaci	_	_	_	_	_	linguistic	_	ContainsVariation=No	_	_	_	_	_	_
8-3	BO002	8	3	((ride))	((ride))	_	_	_	_	_	nonverbalbehavior	_	ContainsVariation=No	_	End=32.668	_	_	_	_
9-0	BO003	9	0	dici?	dici	_	_	_	_	_	linguistic	_	ContainsVariation=No	Intonation=Rising	Begin=32.683|End=33.215	_	_	_	_
10-0	BO002	10	0	eh.	eh	_	_	_	_	_	linguistic	_	ContainsVariation=No	Intonation=Falling	Begin=33.266|End=33.726	_	_	_	_
11-0	BO003	11	0	dici	dici	_	_	_	_	_	linguistic	_	ContainsVariation=No	_	Begin=34.143	_	_	_	_
11-1	BO003	11	1	che	che	_	_	_	_	_	linguistic	_	ContainsVariation=No	_	_	_	_	_	_
11-2	BO003	11	2	risponde?	risponde	_	_	_	_	_	linguistic	_	ContainsVariation=No	Intonation=Rising	End=35.256	_	_	_	_
12-0	BO002	12	0	secondo	secondo	_	_	_	_	_	linguistic	_	ContainsVariation=No	_	Begin=35.256	_	_	_	_
12-1	BO002	12	1	me	me	_	_	_	_	_	linguistic	_	ContainsVariation=No	_	_	_	_	_	_
12-2	BO002	12	2	sì.	sì	_	_	_	_	_	linguistic	_	ContainsVariation=No	Intonation=Falling	End=36.331	_	_	_	_
13-0	BO002	13	0	se	se	_	_	_	_	_	linguistic	_	ContainsVariation=No	_	Begin=36.613	_	_	_	_
13-1	BO002	13	1	lo	lo	_	_	_	_	_	linguistic	_	ContainsVariation=No	_	_	_	_	_	_
13-2	BO002	13	2	conosco	conosco	_	_	_	_	_	linguistic	_	ContainsVariation=No	_	_	_	_	_	_
13-3	BO002	13	3	abbastanza::	abbastanza	_	_	_	_	_	linguistic	_	ContainsVariation=No	_	End=39.064	9x2	_	_	_
14-0	BO002	14	0	sì.	sì	_	_	_	_	_	linguistic	_	ContainsVariation=No	Intonation=Falling|PauseAfter=Yes	Begin=39.599	_	_	_	_
14-1	BO002	14	1	(.)	(.)	_	_	_	_	_	shortpause	_	ContainsVariation=No	_	_	_	_	_	_
14-2	BO002	14	2	magari	magari	_	_	_	_	_	linguistic	_	ContainsVariation=No	_	_	_	_	_	_
14-3	BO002	14	3	gli	gli	_	_	_	_	_	linguistic	_	ContainsVariation=No	_	_	_	_	_	_
14-4	BO002	14	4	dici	dici	_	_	_	_	_	linguistic	_	ContainsVariation=No	_	_	_	_	_	_
14-5	BO002	14	5	che	che	_	_	_	_	_	linguistic	_	ContainsVariation=No	_	_	_	_	_	_
14-6	BO002	14	6	sei	sei	_	_	_	_	_	linguistic	_	ContainsVariation=No	_	_	_	_	_	_
14-7	BO002	14	7	amica	amica	_	_	_	_	_	linguistic	_	ContainsVariation=No	_	_	_	_	_	_
14-8	BO002	14	8	mia.	mia	_	_	_	_	_	linguistic	_	ContainsVariation=No	Intonation=Falling	End=42.332	_	_	_	_
15-0	BO003	15	0	sì	sì	_	_	_	_	_	linguistic	_	ContainsVariation=No	_	Begin=42.481	_	_	_	_
15-1	BO003	15	1	sì	sì	_	_	_	_	_	linguistic	_	ContainsVariation=No	_	_	_	_	_	_
15-2	BO003	15	2	sì.	sì	_	_	_	_	_	linguistic	_	ContainsVariation=No	Intonation=Falling	_	_	_	_	_
15-3	BO003	15	3	[per	per	_	_	_	_	_	linguistic	_	ContainsVariation=No	_	_	_	_	_	0-3(2)
15-4	BO003	15	4	non	non	_	_	_	_	_	linguistic	_	ContainsVariation=No	_	_	_	_	_	0-3(2)
15-5	BO003	15	5	essere]	essere	_	_	_	_	_	linguistic	_	ContainsVariation=No	_	End=44.093	_	_	_	0-6(2)
16-0	BO002	16	0	[perché	perché	_	_	_	_	_	linguistic	_	ContainsVariation=No	_	Begin=43.354	_	_	_	0-6(2)
16-1	BO002	16	1	se	se	_	_	_	_	_	linguistic	_	ContainsVariation=No	_	_	_	_	_	0-2(2)
16-2	BO002	16	2	no	no	_	_	_	_	_	linguistic	_	ContainsVariation=No	_	_	_	_	_	0-2(2)
16-3	BO002	16	3	dice]	dice	_	_	_	_	_	linguistic	_	ContainsVariation=No	_	_	_	_	_	0-4(2)
16-4	BO002	16	4	che	che	_	_	_	_	_	linguistic	_	ContainsVariation=No	_	_	_	_	_	_
16-5	BO002	16	5	è	è	_	_	_	_	_	linguistic	_	ContainsVariation=No	_	_	_	_	_	_
16-6	BO002	16	6	[sta	sta	_	_	_	_	_	linguistic	_	ContainsVariation=No	_	_	_	_	_	0-3(3)
16-7	BO002	16	7	è	è	_	_	_	_	_	linguistic	_	ContainsVariation=No	_	_	_	_	_	0-1(3)
16-8	BO002	16	8	pazza]	pazza	_	_	_	_	_	linguistic	_	ContainsVariation=No	_	_	_	_	_	0-5(3)
16-9	BO002	16	9	((ride))	((ride))	_	_	_	_	_	nonverbalbehavior	_	ContainsVariation=No	_	End=45.498	_	_	_	_
17-0	BO003	17	0	[perche]?	perche	_	_	_	_	_	linguistic	_	ContainsVariation=No	Intonation=Rising	Begin=44.513|End=45.489	_	_	_	0-6(3)
18-0	BO003	18	0	no	no	_	_	_	_	_	linguistic	_	ContainsVariation=No	_	Begin=46.682	_	_	_	_
18-1	BO003	18	1	sì	sì	_	_	_	_	_	linguistic	_	ContainsVariation=No	_	_	_	_	_	_
18-2	BO003	18	2	sì.	sì	_	_	_	_	_	linguistic	_	ContainsVariation=No	Intonation=Falling	_	_	_	_	_
18-3	BO003	18	3	ma::	ma	_	_	_	_	_	linguistic	_	ContainsVariation=No	_	_	1x2	_	_	_
18-4	BO003	18	4	magari	magari	_	_	_	_	_	linguistic	_	ContainsVariation=No	_	_	_	_	_	_
18-5	BO003	18	5	non	non	_	_	_	_	_	linguistic	_	ContainsVariation=No	_	_	_	_	_	_
18-6	BO003	18	6	oggi	oggi	_	_	_	_	_	linguistic	_	ContainsVariation=No	_	_	_	_	_	_
18-7	BO003	18	7	perché	perché	_	_	_	_	_	linguistic	_	ContainsVariation=No	_	_	_	_	_	_
18-8	BO003	18	8	sembro::	sembro	_	_	_	_	_	linguistic	_	ContainsVariation=No	_	End=49.385	5x2	_	_	_
19-0	BO002	19	0	no.	no	_	_	_	_	_	linguistic	_	ContainsVariation=No	Intonation=Falling	Begin=49.485|End=49.712	_	_	_	_
20-0	BO003	20	0	disperata	disperata	_	_	_	_	_	linguistic	_	ContainsVariation=No	_	Begin=49.756|End=50.399	_	_	_	_
21-0	BO002	21	0	((ride))	((ride))	_	_	_	_	_	nonverbalbehavior	_	ContainsVariation=No	_	Begin=50.406|End=51.089	_	_	_	_
22-0	BO003	22	0	((ride))	((ride))	_	_	_	_	_	nonverbalbehavior	_	ContainsVariation=No	_	Begin=51.163|End=52.135	_	_	_	_
23-0	BO002	23	0	no	no	_	_	_	_	_	linguistic	_	ContainsVariation=No	PauseAfter=Yes	Begin=53.143	_	_	_	_
23-1	BO002	23	1	(.)	(.)	_	_	_	_	_	shortpause	_	ContainsVariation=No	_	_	_	_	_	_
23-2	BO002	23	2	vabbè	vabbè	_	_	_	_	_	linguistic	_	ContainsVariation=No	PauseAfter=Yes	_	_	_	_	_
23-3	BO002	23	3	(.)	(.)	_	_	_	_	_	shortpause	_	ContainsVariation=No	_	_	_	_	_	_
23-4	BO002	23	4	con	con	_	_	_	_	_	linguistic	_	ContainsVariation=No	_	_	_	_	_	_
23-5	BO002	23	5	ca:lma	calma	_	_	_	_	_	linguistic	_	ContainsVariation=No	_	End=55.168	1x1	_	_	_
24-0	BO002	24	0	guarda	guarda	_	_	_	_	_	linguistic	_	ContainsVariation=No	_	Begin=56.151	_	_	_	_
24-1	BO002	24	1	è	è	_	_	_	_	_	linguistic	_	ContainsVariation=No	_	_	_	_	_	_
24-2	BO002	24	2	molto	molto	_	_	_	_	_	linguistic	_	ContainsVariation=No	_	_	_	_	_	_
24-3	BO002	24	3	carino	carino	_	_	_	_	_	linguistic	_	ContainsVariation=No	_	_	_	_	_	_
24-4	BO002	24	4	lui	lui	_	_	_	_	_	linguistic	_	ContainsVariation=No	PauseAfter=Yes	_	_	_	_	_
24-5	BO002	24	5	(.)	(.)	_	_	_	_	_	shortpause	_	ContainsVariation=No	_	_	_	_	_	_
24-6	BO002	24	6	secondo	secondo	_	_	_	_	_	linguistic	_	ContainsVariation=No	_	_	_	_	_	_
24-7	BO002	24	7	me	me	_	_	_	_	_	linguistic	_	ContainsVariation=No	_	End=58.613	_	_	_	_
25-0	BO002	25	0	però	però	_	_	_	_	_	linguistic	_	ContainsVariation=No	_	Begin=59.549	_	_	_	_
25-1	BO002	25	1	non	non	_	_	_	_	_	linguistic	_	ContainsVariation=No	_	_	_	_	_	_
25-2	BO002	25	2	ti	ti	_	_	_	_	_	linguistic	_	ContainsVariation=No	_	_	_	_	_	_
25-3	BO002	25	3	voglio	voglio	_	_	_	_	_	linguistic	_	ContainsVariation=No	_	_	_	_	_	_
25-4	BO002	25	4	tirar	tirar	_	_	_	_	_	linguistic	_	ContainsVariation=No	_	_	_	_	_	_
25-5	BO002	25	5	dentro	dentro	_	_	_	_	_	linguistic	_	ContainsVariation=No	_	_	_	_	_	_
25-6	BO002	25	6	co	co	_	_	_	_	_	linguistic	_	ContainsVariation=No	_	_	_	_	_	_
25-7	BO002	25	7	relazioni	relazioni	_	_	_	_	_	linguistic	_	ContainsVariation=No	_	_	_	_	_	_
25-8	BO002	25	8	a	a	_	_	_	_	_	linguistic	_	ContainsVariation=No	_	_	_	_	_	_
25-9	BO002	25	9	dis[tanza]	distanza	_	_	_	_	_	linguistic	_	ContainsVariation=No	_	End=62.622	_	_	_	3-8(4)
26-0	BO003	26	0	[no	no	_	_	_	_	_	linguistic	_	ContainsVariation=No	PauseAfter=Yes	Begin=61.967	_	_	_	0-2(4)
26-1	BO003	26	1	(.)	(.)	_	_	_	_	_	shortpause	_	ContainsVariation=No	_	_	_	_	_	X(4)
26-2	BO003	26	2	no	no	_	_	_	_	_	linguistic	_	ContainsVariation=No	_	_	_	_	_	0-2(4)
26-3	BO003	26	3	no,	no	_	_	_	_	_	linguistic	_	ContainsVariation=No	Intonation=WeaklyRising	_	_	_	_	0-2(4)
26-4	BO003	26	4	no].	no	_	_	_	_	_	linguistic	_	ContainsVariation=No	Intonation=Falling	_	_	_	_	0-2(4)
26-5	BO003	26	5	però	però	_	_	_	_	_	linguistic	_	ContainsVariation=No	PauseAfter=Yes	_	_	_	_	_
26-6	BO003	26	6	(.)	(.)	_	_	_	_	_	shortpause	_	ContainsVariation=No	_	_	_	_	_	_
26-7	BO003	26	7	[col	col	_	_	_	_	_	linguistic	_	ContainsVariation=No	_	_	_	_	_	0-3(5)
26-8	BO003	26	8	fatto]	fatto	_	_	_	_	_	linguistic	_	ContainsVariation=No	_	_	_	_	_	0-5(5)
26-9	BO003	26	9	che	che	_	_	_	_	_	linguistic	_	ContainsVariation=No	_	_	_	_	_	_
26-10	BO003	26	10	ora	ora	_	_	_	_	_	linguistic	_	ContainsVariation=No	_	_	_	_	_	_
26-11	BO003	26	11	sono	sono	_	_	_	_	_	linguistic	_	ContainsVariation=No	_	_	_	_	_	_
26-12	BO003	26	12	[libera]	libera	_	_	_	_	_	linguistic	_	ContainsVariation=No	_	End=65.01	_	_	_	0-6(6)
27-0	BO002	27	0	[però],	però	_	_	_	_	_	linguistic	_	ContainsVariation=No	Intonation=WeaklyRising	Begin=63.512|End=64.039	_	_	_	0-4(5)
28-0	BO002	28	0	[eh].	eh	_	_	_	_	_	linguistic	_	ContainsVariation=No	Intonation=Falling|PauseAfter=Yes	Begin=64.819	_	_	_	0-2(6)
28-1	BO002	28	1	(.)	(.)	_	_	_	_	_	shortpause	_	ContainsVariation=No	_	_	_	_	_	_
28-2	BO002	28	2	esatto.	esatto	_	_	_	_	_	linguistic	_	ContainsVariation=No	Intonation=Falling	_	_	_	_	_
28-3	BO002	28	3	[magari],	magari	_	_	_	_	_	linguistic	_	ContainsVariation=No	Intonation=WeaklyRising	End=66.842	_	_	_	0-6(7)
29-0	BO003	29	0	[perché	perché	_	_	_	_	_	linguistic	_	ContainsVariation=No	_	Begin=66.144	_	_	_	0-6(7)
29-1	BO003	29	1	no],	no	_	_	_	_	_	linguistic	_	ContainsVariation=No	Intonation=WeaklyRising	End=66.842	_	_	_	0-2(7)
30-0	BO002	30	0	potrebbe	potrebbe	_	_	_	_	_	linguistic	_	ContainsVariation=No	_	Begin=67.384	_	_	_	_
30-1	BO002	30	1	nascere	nascere	_	_	_	_	_	linguistic	_	ContainsVariation=No	_	_	_	_	_	_
30-2	BO002	30	2	anche	anche	_	_	_	_	_	linguistic	_	ContainsVariation=No	_	_	_	_	_	_
30-3	BO002	30	3	un'	un'	_	_	_	_	_	linguistic	_	ContainsVariation=No	SpaceAfter=No	_	_	_	_	_
30-4	BO002	30	4	amici:::zia:	amicizia	_	_	_	_	_	linguistic	_	ContainsVariation=No	_	End=69.935	4x3,7x1	_	_	_
31-0	BO002	31	0	tutta	tutta	_	_	_	_	_	linguistic	_	ContainsVariation=No	_	Begin=70.171	_	_	_	_
31-1	BO002	31	1	>quella<	quella	_	_	_	_	_	linguistic	_	ContainsVariation=No	_	_	_	Fast=0-6(0)	_	_
31-2	BO002	31	2	cosa	cosa	_	_	_	_	_	linguistic	_	ContainsVariation=No	_	_	_	_	_	_
31-3	BO002	31	3	lì	lì	_	_	_	_	_	linguistic	_	ContainsVariation=No	_	End=71.097	_	_	_	_
32-0	BO003	32	0	sì	sì	_	_	_	_	_	linguistic	_	ContainsVariation=No	_	Begin=71.298	_	_	_	_
32-1	BO003	32	1	sì.	sì	_	_	_	_	_	linguistic	_	ContainsVariation=No	Intonation=Falling	_	_	_	_	_
32-2	BO003	32	2	vabbè.	vabbè	_	_	_	_	_	linguistic	_	ContainsVariation=No	Intonation=Falling	_	_	_	_	_
32-3	BO003	32	3	adesso	adesso	_	_	_	_	_	linguistic	_	ContainsVariation=No	_	_	_	_	_	_
32-4	BO003	32	4	non	non	_	_	_	_	_	linguistic	_	ContainsVariation=No	_	_	_	_	_	_
32-5	BO003	32	5	dobbiamo	dobbiamo	_	_	_	_	_	linguistic	_	ContainsVariation=No	_	_	_	_	_	_
32-6	BO003	32	6	montarci	montarci	_	_	_	_	_	linguistic	_	ContainsVariation=No	_	_	_	_	_	_
32-7	BO003	32	7	[la	la	_	_	_	_	_	linguistic	_	ContainsVariation=No	_	_	_	_	_	0-2(8)
32-8	BO003	32	8	testa]	testa	_	_	_	_	_	linguistic	_	ContainsVariation=No	_	End=74.404	_	_	_	0-5(8)
33-0	BO002	33	0	[no:]	no	_	_	_	_	_	linguistic	_	ContainsVariation=No	_	Begin=73.889	1x1	_	_	0-2(8)
33-1	BO002	33	1	ma	ma	_	_	_	_	_	linguistic	_	ContainsVariation=No	_	_	_	_	_	_
33-2	BO002	33	2	infatti	infatti	_	_	_	_	_	linguistic	_	ContainsVariation=No	_	_	_	_	_	_
33-3	BO002	33	3	ma	ma	_	_	_	_	_	linguistic	_	ContainsVariation=No	_	_	_	_	_	_
33-4	BO002	33	4	guarda	guarda	_	_	_	_	_	linguistic	_	ContainsVariation=No	_	_	_	_	_	_
33-5	BO002	33	5	lui	lui	_	_	_	_	_	linguistic	_	ContainsVariation=No	_	_	_	_	_	_
33-6	BO002	33	6	[è	è	_	_	_	_	_	linguistic	_	ContainsVariation=No	_	_	_	_	_	0-1(9)
33-7	BO002	33	7	molto	molto	_	_	_	_	_	linguistic	_	ContainsVariation=No	_	_	_	_	_	0-5(9)
33-8	BO002	33	8	ca]ri:no	carino	_	_	_	_	_	linguistic	_	ContainsVariation=No	_	_	3x1	_	_	0-2(9)
33-9	BO002	33	9	eh	eh	_	_	_	_	_	linguistic	_	ContainsVariation=No	_	End=77.208	_	_	_	_
34-0	BO003	34	0	[però	però	_	_	_	_	_	linguistic	_	ContainsVariation=No	_	Begin=75.785	_	_	_	0-4(9)
34-1	BO003	34	1	sì:]	sì	_	_	_	_	_	linguistic	_	ContainsVariation=No	_	End=76.637	1x1	_	_	0-2(9)
35-0	BO002	35	0	lui	lui	_	_	_	_	_	linguistic	_	ContainsVariation=No	_	Begin=77.84	_	_	_	_
35-1	BO002	35	1	era	era	_	_	_	_	_	linguistic	_	ContainsVariation=No	_	_	_	_	_	_
35-2	BO002	35	2	quello	quello	_	_	_	_	_	linguistic	_	ContainsVariation=No	_	_	_	_	_	_
35-3	BO002	35	3	che	che	_	_	_	_	_	linguistic	_	ContainsVariation=No	_	_	_	_	_	_
35-4	BO002	35	4	si	si	_	_	_	_	_	linguistic	_	ContainsVariation=No	_	_	_	_	_	_
35-5	BO002	35	5	scriveva,	scriveva	_	_	_	_	_	linguistic	_	ContainsVariation=No	Intonation=WeaklyRising	End=79.912	_	_	_	_
36-0	BO002	36	0	con	con	_	_	_	_	_	linguistic	_	ContainsVariation=No	PauseAfter=Yes	Begin=80.319	_	_	_	_
36-1	BO002	36	1	(.)	(.)	_	_	_	_	_	shortpause	_	ContainsVariation=No	_	_	_	_	_	_
36-2	BO002	36	2	quella,	quella	_	_	_	_	_	linguistic	_	ContainsVariation=No	Intonation=WeaklyRising	End=81.804	_	_	_	_
37-0	BO002	37	0	che	che	_	_	_	_	_	linguistic	_	ContainsVariation=No	_	Begin=81.889	_	_	_	_
37-1	BO002	37	1	poi	poi	_	_	_	_	_	linguistic	_	ContainsVariation=No	_	_	_	_	_	_
37-2	BO002	37	2	si	si	_	_	_	_	_	linguistic	_	ContainsVariation=No	_	_	_	_	_	_
37-3	BO002	37	3	è	è	_	_	_	_	_	linguistic	_	ContainsVariation=No	_	_	_	_	_	_
37-4	BO002	37	4	messa	messa	_	_	_	_	_	linguistic	_	ContainsVariation=No	_	_	_	_	_	_
37-5	BO002	37	5	co	co	_	_	_	_	_	linguistic	_	ContainsVariation=No	_	_	_	_	_	_
37-6	BO002	37	6	un	un	_	_	_	_	_	linguistic	_	ContainsVariation=No	_	_	_	_	_	_
37-7	BO002	37	7	altro,	altro	_	_	_	_	_	linguistic	_	ContainsVariation=No	Intonation=WeaklyRising|PauseAfter=Yes	_	_	_	_	_
37-8	BO002	37	8	(.)	(.)	_	_	_	_	_	shortpause	_	ContainsVariation=No	_	_	_	_	_	_
37-9	BO002	37	9	e	e	_	_	_	_	_	linguistic	_	ContainsVariation=No	_	_	_	_	_	_
37-10	BO002	37	10	l'	l'	_	_	_	_	_	linguistic	_	ContainsVariation=No	SpaceAfter=No	_	_	_	_	_
37-11	BO002	37	11	ha	ha	_	_	_	_	_	linguistic	_	ContainsVariation=No	_	_	_	_	_	_
37-12	BO002	37	12	trattato	trattato	_	_	_	_	_	linguistic	_	ContainsVariation=No	_	_	_	_	_	_
37-13	BO002	37	13	mali:s[simo]	malissimo	_	_	_	_	_	linguistic	_	ContainsVariation=No	_	End=85.859	3x1	_	_	4-9(10)
38-0	BO003	38	0	[ah]	ah	_	_	_	_	_	linguistic	_	ContainsVariation=No	PauseAfter=Yes	Begin=85.021	_	_	_	0-2(10)
38-1	BO003	38	1	(.)	(.)	_	_	_	_	_	shortpause	_	ContainsVariation=No	_	_	_	_	_	_
38-2	BO003	38	2	sì	sì	_	_	_	_	_	linguistic	_	ContainsVariation=No	_	End=85.982	_	_	_	_
39-0	BO002	39	0	cioè	cioè	_	_	_	_	_	linguistic	_	ContainsVariation=No	_	Begin=86.057	_	_	_	_
39-1	BO002	39	1	lei	lei	_	_	_	_	_	linguistic	_	ContainsVariation=No	_	_	_	_	_	_
39-2	BO002	39	2	praticamente	praticamente	_	_	_	_	_	linguistic	_	ContainsVariation=No	_	_	_	_	_	_
39-3	BO002	39	3	l'	l'	_	_	_	_	_	linguistic	_	ContainsVariation=No	SpaceAfter=No	_	_	_	_	_
39-4	BO002	39	4	ha	ha	_	_	_	_	_	linguistic	_	ContainsVariation=No	_	_	_	_	_	_
39-5	BO002	39	5	illu:so,	illuso	_	_	_	_	_	linguistic	_	ContainsVariation=No	Intonation=WeaklyRising	_	3x1	_	_	_
39-6	BO002	39	6	poi	poi	_	_	_	_	_	linguistic	_	ContainsVariation=No	_	End=88.798	_	_	_	_
40-0	BO003	40	0	l'	l'	_	_	_	_	_	linguistic	_	ContainsVariation=No	SpaceAfter=No	Begin=88.962	_	_	_	_
40-1	BO003	40	1	ha	ha	_	_	_	_	_	linguistic	_	ContainsVariation=No	_	_	_	_	_	_
40-2	BO003	40	2	molla[to]	mollato	_	_	_	_	_	linguistic	_	ContainsVariation=No	_	End=90.16	_	_	_	4-7(11)
41-0	BO002	41	0	[sì].	sì	_	_	_	_	_	linguistic	_	ContainsVariation=No	Intonation=Falling	Begin=89.721|End=90.169	_	_	_	0-2(11)
42-0	BO002	42	0	quindi	quindi	_	_	_	_	_	linguistic	_	ContainsVariation=No	_	Begin=91.289	_	_	_	_
42-1	BO002	42	1	[secondo	secondo	_	_	_	_	_	linguistic	_	ContainsVariation=No	_	_	_	_	_	0-7(?)
42-2	BO002	42	2	me]	me	_	_	_	_	_	linguistic	_	ContainsVariation=No	_	_	_	_	_	0-2(?)
42-3	BO002	42	3	lui::	lui	_	_	_	_	_	linguistic	_	ContainsVariation=No	_	_	2x2	_	_	_
42-4	BO002	42	4	sarebbe	sarebbe	_	_	_	_	_	linguistic	_	ContainsVariation=No	_	_	_	_	_	_
42-5	BO002	42	5	anche	anche	_	_	_	_	_	linguistic	_	ContainsVariation=No	_	_	_	_	_	_
42-6	BO002	42	6	capace:	capace	_	_	_	_	_	linguistic	_	ContainsVariation=No	PauseAfter=Yes	_	5x1	_	_	_
42-7	BO002	42	7	(.)	(.)	_	_	_	_	_	shortpause	_	ContainsVariation=No	_	_	_	_	_	_
42-8	BO002	42	8	di	di	_	_	_	_	_	linguistic	_	ContainsVariation=No	_	_	_	_	_	_
42-9	BO002	42	9	mantenere:	mantenere	_	_	_	_	_	linguistic	_	ContainsVariation=No	_	_	8x1	_	_	_
42-10	BO002	42	10	una	una	_	_	_	_	_	linguistic	_	ContainsVariation=No	_	_	_	_	_	_
42-11	BO002	42	11	relazione	relazione	_	_	_	_	_	linguistic	_	ContainsVariation=No	_	_	_	_	_	_
42-12	BO002	42	12	anche	anche	_	_	_	_	_	linguistic	_	ContainsVariation=No	_	_	_	_	_	_
42-13	BO002	42	13	a	a	_	_	_	_	_	linguistic	_	ContainsVariation=No	_	_	_	_	_	_
42-14	BO002	42	14	dista:nza	distanza	_	_	_	_	_	linguistic	_	ContainsVariation=No	_	_	4x1	_	_	_
42-15	BO002	42	15	o	o	_	_	_	_	_	linguistic	_	ContainsVariation=No	_	_	_	_	_	_
42-16	BO002	42	16	comunque	comunque	_	_	_	_	_	linguistic	_	ContainsVariation=No	_	_	_	_	_	_
42-17	BO002	42	17	un'	un'	_	_	_	_	_	linguistic	_	ContainsVariation=No	SpaceAfter=No	_	_	_	_	_
42-18	BO002	42	18	amicizia	amicizia	_	_	_	_	_	linguistic	_	ContainsVariation=No	_	_	_	_	_	_
42-19	BO002	42	19	a	a	_	_	_	_	_	linguistic	_	ContainsVariation=No	_	_	_	_	_	_
42-20	BO002	42	20	dis[ta:nza]	distanza	_	_	_	_	_	linguistic	_	ContainsVariation=No	_	End=99.569	4x1	_	_	2-8(?)
43-0	BO003	43	0	[ho	ho	_	_	_	_	_	linguistic	_	ContainsVariation=No	_	Begin=91.467	_	_	_	0-2(12)
43-1	BO003	43	1	capito]	capito	_	_	_	_	_	linguistic	_	ContainsVariation=No	_	End=92.874	_	_	_	0-6(12)
44-0	BO003	44	0	ho	ho	_	_	_	_	_	linguistic	_	ContainsVariation=No	_	Begin=100.136	_	_	_	_
44-1	BO003	44	1	capito	capito	_	_	_	_	_	linguistic	_	ContainsVariation=No	_	End=100.975	_	_	_	_
45-0	BO002	45	0	poi	poi	_	_	_	_	_	linguistic	_	ContainsVariation=No	_	Begin=101.458	_	_	_	_
45-1	BO002	45	1	magari	magari	_	_	_	_	_	linguistic	_	ContainsVariation=No	_	_	_	_	_	_
45-2	BO002	45	2	cominciate	cominciate	_	_	_	_	_	linguistic	_	ContainsVariation=No	_	_	_	_	_	_
45-3	BO002	45	3	a	a	_	_	_	_	_	linguistic	_	ContainsVariation=No	_	_	_	_	_	_
45-4	BO002	45	4	parla:re,	parlare	_	_	_	_	_	linguistic	_	ContainsVariation=No	Intonation=WeaklyRising	End=103.807	4x1	_	_	_
46-0	BO002	46	0	magari	magari	_	_	_	_	_	linguistic	_	ContainsVariation=No	_	Begin=104.802	_	_	_	_
46-1	BO002	46	1	dopo	dopo	_	_	_	_	_	linguistic	_	ContainsVariation=No	_	_	_	_	_	_
46-2	BO002	46	2	un	un	_	_	_	_	_	linguistic	_	ContainsVariation=No	_	_	_	_	_	_
46-3	BO002	46	3	po'	po'	_	_	_	_	_	linguistic	_	ContainsVariation=No	_	_	_	_	_	_
46-4	BO002	46	4	vi	vi	_	_	_	_	_	linguistic	_	ContainsVariation=No	_	_	_	_	_	_
46-5	BO002	46	5	potete	potete	_	_	_	_	_	linguistic	_	ContainsVariation=No	_	_	_	_	_	_
46-6	BO002	46	6	scambiare	scambiare	_	_	_	_	_	linguistic	_	ContainsVariation=No	_	_	_	_	_	_
46-7	BO002	46	7	il	il	_	_	_	_	_	linguistic	_	ContainsVariation=No	_	_	_	_	_	_
46-8	BO002	46	8	nu::mero	numero	_	_	_	_	_	linguistic	_	ContainsVariation=No	_	End=107.975	1x2	_	_	_
47-0	BO003	47	0	sì	sì	_	_	_	_	_	linguistic	_	ContainsVariation=No	_	Begin=108.131	_	_	_	_
47-1	BO003	47	1	((ride))	((ride))	_	_	_	_	_	nonverbalbehavior	_	ContainsVariation=No	_	End=108.392	_	_	_	_
48-0	BO002	48	0	xxx	xxx	_	_	_	_	_	unknown	_	ContainsVariation=No	Syllables=3	Begin=108.405|End=109.111	_	_	_	_
49-0	BO002	49	0	sarebbe	sarebbe	_	_	_	_	_	linguistic	_	ContainsVariation=No	_	Begin=109.304	_	_	_	_
49-1	BO002	49	1	carino	carino	_	_	_	_	_	linguistic	_	ContainsVariation=No	_	_	_	_	_	_
49-2	BO002	49	2	[no]?	no	_	_	_	_	_	linguistic	_	ContainsVariation=No	Intonation=Rising	End=110.747	_	_	_	0-2(13)
50-0	BO003	50	0	[sì]:	sì	_	_	_	_	_	linguistic	_	ContainsVariation=No	_	Begin=110.492|End=110.948	1x1	_	_	0-2(13)
51-0	BO002	51	0	perché	perché	_	_	_	_	_	linguistic	_	ContainsVariation=No	_	Begin=110.948	_	_	_	_
51-1	BO002	51	1	io	io	_	_	_	_	_	linguistic	_	ContainsVariation=No	_	_	_	_	_	_
51-2	BO002	51	2	il	il	_	_	_	_	_	linguistic	_	ContainsVariation=No	_	_	_	_	_	_
51-3	BO002	51	3	suo	suo	_	_	_	_	_	linguistic	_	ContainsVariation=No	_	_	_	_	_	_
51-4	BO002	51	4	numero	numero	_	_	_	_	_	linguistic	_	ContainsVariation=No	_	_	_	_	_	_
51-5	BO002	51	5	non	non	_	_	_	_	_	linguistic	_	ContainsVariation=No	_	_	_	_	_	_
51-6	BO002	51	6	ce	ce	_	_	_	_	_	linguistic	_	ContainsVariation=No	_	_	_	_	_	_
51-7	BO002	51	7	l'	l'	_	_	_	_	_	linguistic	_	ContainsVariation=No	SpaceAfter=No	_	_	_	_	_
51-8	BO002	51	8	ho,	ho	_	_	_	_	_	linguistic	_	ContainsVariation=No	Intonation=WeaklyRising	End=112.539	_	_	_	_
52-0	BO003	52	0	(no)	no	_	_	_	_	_	linguistic	_	ContainsVariation=No	_	Begin=113.761	_	_	0-2(0)	_
52-1	BO003	52	1	adesso	adesso	_	_	_	_	_	linguistic	_	ContainsVariation=No	_	_	_	_	_	_
52-2	BO003	52	2	intanto,	intanto	_	_	_	_	_	linguistic	_	ContainsVariation=No	Intonation=WeaklyRising|PauseAfter=Yes	_	_	_	_	_
52-3	BO003	52	3	(.)	(.)	_	_	_	_	_	shortpause	_	ContainsVariation=No	_	_	_	_	_	_
52-4	BO003	52	4	ce	ce	_	_	_	_	_	linguistic	_	ContainsVariation=No	_	_	_	_	_	_
52-5	BO003	52	5	l'	l'	_	_	_	_	_	linguistic	_	ContainsVariation=No	SpaceAfter=No	_	_	_	_	_
52-6	BO003	52	6	ho	ho	_	_	_	_	_	linguistic	_	ContainsVariation=No	_	_	_	_	_	_
52-7	BO003	52	7	tra	tra	_	_	_	_	_	linguistic	_	ContainsVariation=No	_	_	_	_	_	_
52-8	BO003	52	8	gli	gli	_	_	_	_	_	linguistic	_	ContainsVariation=No	_	_	_	_	_	_
52-9	BO003	52	9	amici	amici	_	_	_	_	_	linguistic	_	ContainsVariation=No	_	_	_	_	_	_
52-10	BO003	52	10	di	di	_	_	_	_	_	linguistic	_	ContainsVariation=No	_	_	_	_	_	_
52-11	BO003	52	11	facebook.	facebook	_	_	_	_	_	linguistic	_	ContainsVariation=No	Intonation=Falling	End=117.08699999999999	_	_	_	_
53-0	BO002	53	0	((ride))	((ride))	_	_	_	_	_	nonverbalbehavior	_	ContainsVariation=No	_	Begin=117.08699999999999|End=118.579	_	_	_	_
54-0	BO002	54	0	ti	ti	_	_	_	_	_	linguistic	_	ContainsVariation=No	_	Begin=118.693	_	_	_	_
54-1	BO002	54	1	hah.	hah	_	_	_	_	_	linguistic	_	ContainsVariation=No	Intonation=Falling	_	_	_	_	_
54-2	BO002	54	2	aggiu:n[to]?	aggiunto	_	_	_	_	_	linguistic	_	ContainsVariation=No	Intonation=Rising	End=119.895	4x1	_	_	6-8(14)
55-0	BO003	55	0	[in]tanto	intanto	_	_	_	_	_	linguistic	_	ContainsVariation=No	_	Begin=119.618	_	_	_	0-2(14)
55-1	BO003	55	1	mi	mi	_	_	_	_	_	linguistic	_	ContainsVariation=No	_	_	_	_	_	_
55-2	BO003	55	2	ha	ha	_	_	_	_	_	linguistic	_	ContainsVariation=No	_	_	_	_	_	_
55-3	BO003	55	3	aggiun[to]	aggiunto	_	_	_	_	_	linguistic	_	ContainsVariation=No	_	End=121.484	_	_	_	6-8(15)
56-0	BO002	56	0	[sì]	sì	_	_	_	_	_	linguistic	_	ContainsVariation=No	_	Begin=120.748|End=121.48	_	_	_	0-2(15)
57-0	BO002	57	0	ma	ma	_	_	_	_	_	linguistic	_	ContainsVariation=No	_	Begin=121.833	_	_	_	_
57-1	BO002	57	1	poi	poi	_	_	_	_	_	linguistic	_	ContainsVariation=No	_	_	_	_	_	_
57-2	BO002	57	2	vede	vede	_	_	_	_	_	linguistic	_	ContainsVariation=No	_	_	_	_	_	_
57-3	BO002	57	3	che	che	_	_	_	_	_	linguistic	_	ContainsVariation=No	_	_	_	_	_	_
57-4	BO002	57	4	sei	sei	_	_	_	_	_	linguistic	_	ContainsVariation=No	_	_	_	_	_	_
57-5	BO002	57	5	cari:na	carina	_	_	_	_	_	linguistic	_	ContainsVariation=No	_	_	3x1	_	_	_
57-6	BO002	57	6	quindi	quindi	_	_	_	_	_	linguistic	_	ContainsVariation=No	_	_	_	_	_	_
57-7	BO002	57	7	di	di	_	_	_	_	_	linguistic	_	ContainsVariation=No	_	_	_	_	_	_
57-8	BO002	57	8	sicuro	sicuro	_	_	_	_	_	linguistic	_	ContainsVariation=No	_	_	_	_	_	_
57-9	BO002	57	9	t'	t'	_	_	_	_	_	linguistic	_	ContainsVariation=No	SpaceAfter=No	_	_	_	_	_
57-10	BO002	57	10	ha	ha	_	_	_	_	_	linguistic	_	ContainsVariation=No	_	_	_	_	_	_
57-11	BO002	57	11	aggiu:nto	aggiunto	_	_	_	_	_	linguistic	_	ContainsVariation=No	PauseAfter=Yes	_	4x1	_	_	_
57-12	BO002	57	12	(.)	(.)	_	_	_	_	_	shortpause	_	ContainsVariation=No	_	_	_	_	_	_
57-13	BO002	57	13	poi	poi	_	_	_	_	_	linguistic	_	ContainsVariation=No	_	_	_	_	_	_
57-14	BO002	57	14	ti	ti	_	_	_	_	_	linguistic	_	ContainsVariation=No	_	_	_	_	_	_
57-15	BO002	57	15	risponde	risponde	_	_	_	_	_	linguistic	_	ContainsVariation=No	_	_	_	_	_	_
57-16	BO002	57	16	xxx	xxx	_	_	_	_	_	unknown	_	ContainsVariation=No	Syllables=3	End=126.724	_	_	_	_
58-0	BO003	58	0	((ride))	((ride))	_	_	_	_	_	nonverbalbehavior	_	ContainsVariation=No	_	Begin=125.195|End=126.243	_	_	_	_
59-0	BO003	59	0	((ride))	((ride))	_	_	_	_	_	nonverbalbehavior	_	ContainsVariation=No	_	Begin=126.503|End=127.647	_	_	_	_
60-0	BO003	60	0	((ride))	((ride))	_	_	_	_	_	nonverbalbehavior	_	ContainsVariation=No	_	Begin=130.091|End=130.523	_	_	_	_
61-0	BO002	61	0	poi	poi	_	_	_	_	_	linguistic	_	ContainsVariation=No	_	Begin=130.523	_	_	_	_
61-1	BO002	61	1	te	te	_	_	_	_	_	linguistic	_	ContainsVariation=No	_	_	_	_	_	_
61-2	BO002	61	2	l'	l'	_	_	_	_	_	linguistic	_	ContainsVariation=No	SpaceAfter=No	_	_	_	_	_
61-3	BO002	61	3	ho	ho	_	_	_	_	_	linguistic	_	ContainsVariation=No	_	_	_	_	_	_
61-4	BO002	61	4	detto	detto	_	_	_	_	_	linguistic	_	ContainsVariation=No	_	_	_	_	_	_
61-5	BO002	61	5	è	è	_	_	_	_	_	linguistic	_	ContainsVariation=No	_	_	_	_	_	_
61-6	BO002	61	6	molto:::	molto	_	_	_	_	_	linguistic	_	ContainsVariation=No	_	End=132.65	4x3	_	_	_
62-0	BO002	62	0	mh::	mh	_	_	_	_	_	linguistic	_	ContainsVariation=No	_	Begin=133.771|End=134.7	1x2	_	_	_
63-0	BO002	63	0	cioè	cioè	_	_	_	_	_	linguistic	_	ContainsVariation=No	_	Begin=134.751|End=135.808	_	_	_	_
64-0	BO002	64	0	come::	come	_	_	_	_	_	linguistic	_	ContainsVariation=No	_	Begin=136.14	3x2	_	_	_
64-1	BO002	64	1	posso	posso	_	_	_	_	_	linguistic	_	ContainsVariation=No	_	_	_	_	_	_
64-2	BO002	64	2	di~	di~	_	_	_	_	_	linguistic	_	ContainsVariation=No	Interrupted=Yes	_	_	_	_	_
64-3	BO002	64	3	mh::	mh	_	_	_	_	_	linguistic	_	ContainsVariation=No	_	End=137.973	1x2	_	_	_
65-0	BO002	65	0	sa	sa	_	_	_	_	_	linguistic	_	ContainsVariation=No	_	Begin=138.891	_	_	_	_
65-1	BO002	65	1	il	il	_	_	_	_	_	linguistic	_	ContainsVariation=No	_	_	_	_	_	_
65-2	BO002	65	2	fat[to	fatto	_	_	_	_	_	linguistic	_	ContainsVariation=No	_	_	_	_	_	3-5(18)
65-3	BO002	65	3	su:o]	suo	_	_	_	_	_	linguistic	_	ContainsVariation=No	_	End=140.333	1x1	_	_	0-3(18)
66-0	BO003	66	0	[è	è	_	_	_	_	_	linguistic	_	ContainsVariation=No	_	Begin=139.555	_	_	_	0-1(18)
66-1	BO003	66	1	un	un	_	_	_	_	_	linguistic	_	ContainsVariation=No	_	_	_	_	_	0-2(18)
66-2	BO003	66	2	bravo	bravo	_	_	_	_	_	linguistic	_	ContainsVariation=No	_	_	_	_	_	0-5(18)
66-3	BO003	66	3	ragaz]zo.	ragazzo	_	_	_	_	_	linguistic	_	ContainsVariation=No	Intonation=Falling	_	_	_	_	0-5(18)
66-4	BO003	66	4	[è	è	_	_	_	_	_	linguistic	_	ContainsVariation=No	_	_	_	_	_	0-1(19)
66-5	BO003	66	5	cari:no]	carino	_	_	_	_	_	linguistic	_	ContainsVariation=No	_	End=141.335	3x1	_	_	0-6(19)
67-0	BO002	67	0	[sì	sì	_	_	_	_	_	linguistic	_	ContainsVariation=No	_	Begin=140.399	_	_	_	0-2(19)
67-1	BO002	67	1	è	è	_	_	_	_	_	linguistic	_	ContainsVariation=No	_	_	_	_	_	0-1(19)
67-2	BO002	67	2	un	un	_	_	_	_	_	linguistic	_	ContainsVariation=No	_	_	_	_	_	0-2(19)
67-3	BO002	67	3	bravo	bravo	_	_	_	_	_	linguistic	_	ContainsVariation=No	_	_	_	_	_	0-5(19)
67-4	BO002	67	4	ra]ga:zzo	ragazzo	_	_	_	_	_	linguistic	_	ContainsVariation=No	PauseAfter=Yes	_	3x1	_	_	0-2(19)
67-5	BO002	67	5	(.)	(.)	_	_	_	_	_	shortpause	_	ContainsVariation=No	_	_	_	_	_	_
67-6	BO002	67	6	cioè,	cioè	_	_	_	_	_	linguistic	_	ContainsVariation=No	Intonation=WeaklyRising	_	_	_	_	_
67-7	BO002	67	7	ha	ha	_	_	_	_	_	linguistic	_	ContainsVariation=No	_	_	_	_	_	_
67-8	BO002	67	8	voglia	voglia	_	_	_	_	_	linguistic	_	ContainsVariation=No	_	_	_	_	_	_
67-9	BO002	67	9	di	di	_	_	_	_	_	linguistic	_	ContainsVariation=No	_	_	_	_	_	_
67-10	BO002	67	10	lavorare::	lavorare	_	_	_	_	_	linguistic	_	ContainsVariation=No	_	_	7x2	_	_	_
67-11	BO002	67	11	di	di	_	_	_	_	_	linguistic	_	ContainsVariation=No	_	_	_	_	_	_
67-12	BO002	67	12	fare::	fare	_	_	_	_	_	linguistic	_	ContainsVariation=No	_	_	3x2	_	_	_
67-13	BO002	67	13	di::	di	_	_	_	_	_	linguistic	_	ContainsVariation=No	_	_	1x2	_	_	_
67-14	BO002	67	14	[sì	sì	_	_	_	_	_	linguistic	_	ContainsVariation=No	_	_	_	_	_	0-2(20)
67-15	BO002	67	15	sì	sì	_	_	_	_	_	linguistic	_	ContainsVariation=No	_	_	_	_	_	0-2(20)
67-16	BO002	67	16	sì]	sì	_	_	_	_	_	linguistic	_	ContainsVariation=No	_	End=145.49	_	_	_	0-2(20)
68-0	BO003	68	0	[carino].	carino	_	_	_	_	_	linguistic	_	ContainsVariation=No	Intonation=Falling	Begin=144.951|End=145.496	_	_	_	0-6(20)
69-0	BO003	69	0	più	più	_	_	_	_	_	linguistic	_	ContainsVariation=No	_	Begin=146.128	_	_	_	_
69-1	BO003	69	1	che	che	_	_	_	_	_	linguistic	_	ContainsVariation=No	_	_	_	_	_	_
69-2	BO003	69	2	altro,	altro	_	_	_	_	_	linguistic	_	ContainsVariation=No	Intonation=WeaklyRising	_	_	_	_	_
69-3	BO003	69	3	sì.	sì	_	_	_	_	_	linguistic	_	ContainsVariation=No	Intonation=Falling	_	_	_	_	_
69-4	BO003	69	4	adesso	adesso	_	_	_	_	_	linguistic	_	ContainsVariation=No	_	_	_	_	_	_
69-5	BO003	69	5	non	non	_	_	_	_	_	linguistic	_	ContainsVariation=No	PauseAfter=Yes	_	_	_	_	_
69-6	BO003	69	6	(.)	(.)	_	_	_	_	_	shortpause	_	ContainsVariation=No	_	_	_	_	_	_
69-7	BO003	69	7	davvero	davvero	_	_	_	_	_	linguistic	_	ContainsVariation=No	_	_	_	_	_	_
69-8	BO003	69	8	non	non	_	_	_	_	_	linguistic	_	ContainsVariation=No	_	_	_	_	_	_
69-9	BO003	69	9	so	so	_	_	_	_	_	linguistic	_	ContainsVariation=No	_	_	_	_	_	_
69-10	BO003	69	10	se	se	_	_	_	_	_	linguistic	_	ContainsVariation=No	_	_	_	_	_	_
69-11	BO003	69	11	sia	sia	_	_	_	_	_	linguistic	_	ContainsVariation=No	_	_	_	_	_	_
69-12	BO003	69	12	be:llo	bello	_	_	_	_	_	linguistic	_	ContainsVariation=No	_	_	1x1	_	_	_
69-13	BO003	69	13	bru:tto	brutto	_	_	_	_	_	linguistic	_	ContainsVariation=No	_	_	2x1	_	_	_
69-14	BO003	69	14	però	però	_	_	_	_	_	linguistic	_	ContainsVariation=No	_	_	_	_	_	_
69-15	BO003	69	15	a	a	_	_	_	_	_	linguistic	_	ContainsVariation=No	_	_	_	_	_	_
69-16	BO003	69	16	me	me	_	_	_	_	_	linguistic	_	ContainsVariation=No	_	_	_	_	_	_
69-17	BO003	69	17	piace.	piace	_	_	_	_	_	linguistic	_	ContainsVariation=No	Intonation=Falling	_	_	_	_	_
69-18	BO003	69	18	come	come	_	_	_	_	_	linguistic	_	ContainsVariation=No	PauseAfter=Yes	_	_	_	_	_
69-19	BO003	69	19	(.)	(.)	_	_	_	_	_	shortpause	_	ContainsVariation=No	_	_	_	_	_	_
69-20	BO003	69	20	ge[nere.	genere	_	_	_	_	_	linguistic	_	ContainsVariation=No	Intonation=Falling	_	_	_	_	2-6(21)
69-21	BO003	69	21	è	è	_	_	_	_	_	linguistic	_	ContainsVariation=No	_	_	_	_	_	0-1(21)
69-22	BO003	69	22	un	un	_	_	_	_	_	linguistic	_	ContainsVariation=No	_	_	_	_	_	0-2(21)
69-23	BO003	69	23	genere]	genere	_	_	_	_	_	linguistic	_	ContainsVariation=No	_	End=151.565	_	_	_	0-6(21)
70-0	BO002	70	0	[ti	ti	_	_	_	_	_	linguistic	_	ContainsVariation=No	_	Begin=151.005	_	_	_	0-2(21)
70-1	BO002	70	1	pia:ce]?	piace	_	_	_	_	_	linguistic	_	ContainsVariation=No	Intonation=Rising	End=151.569	2x1	_	_	0-5(21)
71-0	BO003	71	0	sì	sì	_	_	_	_	_	linguistic	_	ContainsVariation=No	_	Begin=151.642	_	_	_	_
71-1	BO003	71	1	sì	sì	_	_	_	_	_	linguistic	_	ContainsVariation=No	_	_	_	_	_	_
71-2	BO003	71	2	sì	sì	_	_	_	_	_	linguistic	_	ContainsVariation=No	_	_	_	_	_	_
71-3	BO003	71	3	[sì	sì	_	_	_	_	_	linguistic	_	ContainsVariation=No	_	_	_	_	_	0-2(22)
71-4	BO003	71	4	sì]	sì	_	_	_	_	_	linguistic	_	ContainsVariation=No	_	End=153.201	_	_	_	0-2(22)
72-0	BO002	72	0	[ah,	ah	_	_	_	_	_	linguistic	_	ContainsVariation=No	Intonation=WeaklyRising	Begin=152.119	_	_	_	0-2(22)
72-1	BO002	72	1	che	che	_	_	_	_	_	linguistic	_	ContainsVariation=No	_	_	_	_	_	0-3(22)
72-2	BO002	72	2	be]llo	bello	_	_	_	_	_	linguistic	_	ContainsVariation=No	_	_	_	_	_	0-2(22)
72-3	BO002	72	3	((ride))	((ride))	_	_	_	_	_	nonverbalbehavior	_	ContainsVariation=No	_	End=153.458	_	_	_	_
73-0	BO003	73	0	comunque	comunque	_	_	_	_	_	linguistic	_	ContainsVariation=No	_	Begin=154.732	_	_	_	_
73-1	BO003	73	1	davvero	davvero	_	_	_	_	_	linguistic	_	ContainsVariation=No	PauseAfter=Yes	_	_	_	_	_
73-2	BO003	73	2	(.)	(.)	_	_	_	_	_	shortpause	_	ContainsVariation=No	_	_	_	_	_	_
73-3	BO003	73	3	se	se	_	_	_	_	_	linguistic	_	ContainsVariation=No	_	_	_	_	_	_
73-4	BO003	73	4	non	non	_	_	_	_	_	linguistic	_	ContainsVariation=No	_	_	_	_	_	_
73-5	BO003	73	5	ci	ci	_	_	_	_	_	linguistic	_	ContainsVariation=No	_	_	_	_	_	_
73-6	BO003	73	6	fosero	fosero	_	_	_	_	_	linguistic	_	ContainsVariation=No	_	_	_	_	_	_
73-7	BO003	73	7	sti	sti	_	_	_	_	_	linguistic	_	ContainsVariation=No	_	_	_	_	_	_
73-8	BO003	73	8	spagnoli	spagnoli	_	_	_	_	_	linguistic	_	ContainsVariation=No	_	_	_	_	_	_
73-9	BO003	73	9	((ride))	((ride))	_	_	_	_	_	nonverbalbehavior	_	ContainsVariation=No	_	End=157.78	_	_	_	_
74-0	BO002	74	0	((ride))	((ride))	_	_	_	_	_	nonverbalbehavior	_	ContainsVariation=No	_	Begin=157.188|End=158.343	_	_	_	_
75-0	BO002	75	0	vanno	vanno	_	_	_	_	_	linguistic	_	ContainsVariation=No	_	Begin=158.466	_	_	_	_
75-1	BO002	75	1	di	di	_	_	_	_	_	linguistic	_	ContainsVariation=No	_	_	_	_	_	_
75-2	BO002	75	2	moda	moda	_	_	_	_	_	linguistic	_	ContainsVariation=No	_	_	_	_	_	_
75-3	BO002	75	3	ultima[mente]	ultimamente	_	_	_	_	_	linguistic	_	ContainsVariation=No	_	End=160.49	_	_	_	6-11(24)
76-0	BO003	76	0	[sì],	sì	_	_	_	_	_	linguistic	_	ContainsVariation=No	Intonation=WeaklyRising	Begin=159.929|End=160.492	_	_	_	0-2(24)
77-0	BO002	77	0	no	no	_	_	_	_	_	linguistic	_	ContainsVariation=No	_	Begin=160.706	_	_	_	_
77-1	BO002	77	1	ma	ma	_	_	_	_	_	linguistic	_	ContainsVariation=No	PauseAfter=Yes	_	_	_	_	_
77-2	BO002	77	2	(.)	(.)	_	_	_	_	_	shortpause	_	ContainsVariation=No	_	_	_	_	_	_
77-3	BO002	77	3	davve:ro.	davvero	_	_	_	_	_	linguistic	_	ContainsVariation=No	Intonation=Falling	End=162.553	4x1	_	_	_
78-0	BO003	78	0	poi	poi	_	_	_	_	_	linguistic	_	ContainsVariation=No	PauseAfter=Yes	Begin=162.722	_	_	_	_
78-1	BO003	78	1	(.)	(.)	_	_	_	_	_	shortpause	_	ContainsVariation=No	_	_	_	_	_	_
78-2	BO003	78	2	è	è	_	_	_	_	_	linguistic	_	ContainsVariation=No	_	_	_	_	_	_
78-3	BO003	78	3	troppo	troppo	_	_	_	_	_	linguistic	_	ContainsVariation=No	_	_	_	_	_	_
78-4	BO003	78	4	bello	bello	_	_	_	_	_	linguistic	_	ContainsVariation=No	_	_	_	_	_	_
78-5	BO003	78	5	perché	perché	_	_	_	_	_	linguistic	_	ContainsVariation=No	PauseAfter=Yes	_	_	_	_	_
78-6	BO003	78	6	(.)	(.)	_	_	_	_	_	shortpause	_	ContainsVariation=No	_	_	_	_	_	_
78-7	BO003	78	7	sembra	sembra	_	_	_	_	_	linguistic	_	ContainsVariation=No	_	_	_	_	_	_
78-8	BO003	78	8	>proprio<	proprio	_	_	_	_	_	linguistic	_	ContainsVariation=No	_	_	_	Fast=0-7(0)	_	_
78-9	BO003	78	9	un	un	_	_	_	_	_	linguistic	_	ContainsVariation=No	_	_	_	_	_	_
78-10	BO003	78	10	bacino	bacino	_	_	_	_	_	linguistic	_	ContainsVariation=No	_	_	_	_	_	_
78-11	BO003	78	11	da	da	_	_	_	_	_	linguistic	_	ContainsVariation=No	_	_	_	_	_	_
78-12	BO003	78	12	cui	cui	_	_	_	_	_	linguistic	_	ContainsVariation=No	_	_	_	_	_	_
78-13	BO003	78	13	li	li	_	_	_	_	_	linguistic	_	ContainsVariation=No	_	_	_	_	_	_
78-14	BO003	78	14	va	va	_	_	_	_	_	linguistic	_	ContainsVariation=No	_	_	_	_	_	_
78-15	BO003	78	15	a	a	_	_	_	_	_	linguistic	_	ContainsVariation=No	_	_	_	_	_	_
78-16	BO003	78	16	prendere	prendere	_	_	_	_	_	linguistic	_	ContainsVariation=No	_	End=166.634	_	_	_	_
79-0	BO002	79	0	((ride))	((ride))	_	_	_	_	_	nonverbalbehavior	_	ContainsVariation=No	_	Begin=166.677|End=167.401	_	_	_	_
80-0	BO003	80	0	((ride))	((ride))	_	_	_	_	_	nonverbalbehavior	_	ContainsVariation=No	_	Begin=166.677|End=167.401	_	_	_	_
81-0	BO002	81	0	sembra	sembra	_	_	_	_	_	linguistic	_	ContainsVariation=No	_	Begin=167.419	_	_	_	_
81-1	BO002	81	1	tipo,	tipo	_	_	_	_	_	linguistic	_	ContainsVariation=No	Intonation=WeaklyRising|PauseAfter=Yes	_	_	_	_	_
81-2	BO002	81	2	(.)	(.)	_	_	_	_	_	shortpause	_	ContainsVariation=No	_	_	_	_	_	_
81-3	BO002	81	3	io	io	_	_	_	_	_	linguistic	_	ContainsVariation=No	_	_	_	_	_	_
81-4	BO002	81	4	con	con	_	_	_	_	_	linguistic	_	ContainsVariation=No	_	_	_	_	_	_
81-5	BO002	81	5	la	la	_	_	_	_	_	linguistic	_	ContainsVariation=No	_	_	_	_	_	_
81-6	BO002	81	6	sofia	sofia	_	_	_	_	_	linguistic	_	ContainsVariation=No	_	_	_	_	_	_
81-7	BO002	81	7	mi	mi	_	_	_	_	_	linguistic	_	ContainsVariation=No	_	_	_	_	_	_
81-8	BO002	81	8	sentivo	sentivo	_	_	_	_	_	linguistic	_	ContainsVariation=No	_	_	_	_	_	_
81-9	BO002	81	9	col	col	_	_	_	_	_	linguistic	_	ContainsVariation=No	_	_	_	_	_	_
81-10	BO002	81	10	cata:logo	catalogo	_	_	_	_	_	linguistic	_	ContainsVariation=No	_	End=170.709	3x1	_	_	_
82-0	BO002	82	0	[>perché<]	perché	_	_	_	_	_	linguistic	_	ContainsVariation=No	_	Begin=171.037	_	Fast=0-6(0)	_	0-6(26)
82-1	BO002	82	1	la	la	_	_	_	_	_	linguistic	_	ContainsVariation=No	_	_	_	_	_	_
82-2	BO002	82	2	sofia	sofia	_	_	_	_	_	linguistic	_	ContainsVariation=No	_	_	_	_	_	_
82-3	BO002	82	3	mi	mi	_	_	_	_	_	linguistic	_	ContainsVariation=No	_	_	_	_	_	_
82-4	BO002	82	4	faceva	faceva	_	_	_	_	_	linguistic	_	ContainsVariation=No	_	_	_	_	_	_
82-5	BO002	82	5	eh	eh	_	_	_	_	_	linguistic	_	ContainsVariation=No	PauseAfter=Yes	_	_	_	_	_
82-6	BO002	82	6	(.)	(.)	_	_	_	_	_	shortpause	_	ContainsVariation=No	_	_	_	_	_	_
82-7	BO002	82	7	guarda	guarda	_	_	_	_	_	linguistic	_	ContainsVariation=No	PauseAfter=Yes	_	_	_	_	_
82-8	BO002	82	8	(.)	(.)	_	_	_	_	_	shortpause	_	ContainsVariation=No	_	_	_	_	_	_
82-9	BO002	82	9	c'	c'	_	_	_	_	_	linguistic	_	ContainsVariation=No	SpaceAfter=No	_	_	_	_	_
82-10	BO002	82	10	è	è	_	_	_	_	_	linguistic	_	ContainsVariation=No	PauseAfter=Yes	_	_	_	_	_
82-11	BO002	82	11	(.)	(.)	_	_	_	_	_	shortpause	_	ContainsVariation=No	_	_	_	_	_	_
82-12	BO002	82	12	marco	marco	_	_	_	_	_	linguistic	_	ContainsVariation=No	_	_	_	_	_	_
82-13	BO002	82	13	che	che	_	_	_	_	_	linguistic	_	ContainsVariation=No	PauseAfter=Yes	_	_	_	_	_
82-14	BO002	82	14	(.)	(.)	_	_	_	_	_	shortpause	_	ContainsVariation=No	_	_	_	_	_	_
82-15	BO002	82	15	nato	nato	_	_	_	_	_	linguistic	_	ContainsVariation=No	_	_	_	_	_	_
82-16	BO002	82	16	a	a	_	_	_	_	_	linguistic	_	ContainsVariation=No	PauseAfter=Yes	_	_	_	_	_
82-17	BO002	82	17	(.)	(.)	_	_	_	_	_	shortpause	_	ContainsVariation=No	_	_	_	_	_	_
82-18	BO002	82	18	il	il	_	_	_	_	_	linguistic	_	ContainsVariation=No	_	End=175.319	_	_	_	_
83-0	BO003	83	0	[sì]	sì	_	_	_	_	_	linguistic	_	ContainsVariation=No	_	Begin=171.047|End=171.234	_	_	_	0-2(26)
84-0	BO003	84	0	((ride))	((ride))	_	_	_	_	_	nonverbalbehavior	_	ContainsVariation=No	_	Begin=175.394|End=176.007	_	_	_	_
85-0	BO002	85	0	poi	poi	_	_	_	_	_	linguistic	_	ContainsVariation=No	_	Begin=176.08	_	_	_	_
85-1	BO002	85	1	c'	c'	_	_	_	_	_	linguistic	_	ContainsVariation=No	SpaceAfter=No	_	_	_	_	_
85-2	BO002	85	2	è	è	_	_	_	_	_	linguistic	_	ContainsVariation=No	_	_	_	_	_	_
85-3	BO002	85	3	piergiò	piergiò	_	_	_	_	_	linguistic	_	ContainsVariation=No	_	_	_	_	_	_
85-4	BO002	85	4	nato	nato	_	_	_	_	_	linguistic	_	ContainsVariation=No	PauseAfter=Yes	_	_	_	_	_
85-5	BO002	85	5	(.)	(.)	_	_	_	_	_	shortpause	_	ContainsVariation=No	_	_	_	_	_	_
85-6	BO002	85	6	il	il	_	_	_	_	_	linguistic	_	ContainsVariation=No	PauseAfter=Yes	_	_	_	_	_
85-7	BO002	85	7	(.)	(.)	_	_	_	_	_	shortpause	_	ContainsVariation=No	_	_	_	_	_	_
85-8	BO002	85	8	bellissimo	bellissimo	_	_	_	_	_	linguistic	_	ContainsVariation=No	_	End=179.514	_	_	_	_
86-0	BO003	86	0	((ride))	((ride))	_	_	_	_	_	nonverbalbehavior	_	ContainsVariation=No	_	Begin=177.683|End=178.846	_	_	_	_
87-0	BO002	87	0	io	io	_	_	_	_	_	linguistic	_	ContainsVariation=No	_	Begin=180.112	_	_	_	_
87-1	BO002	87	1	mo:rta	morta	_	_	_	_	_	linguistic	_	ContainsVariation=No	_	End=181.19	1x1	_	_	_
88-0	BO002	88	0	sì	sì	_	_	_	_	_	linguistic	_	ContainsVariation=No	PauseAfter=Yes	Begin=181.287	_	_	_	_
88-1	BO002	88	1	(.)	(.)	_	_	_	_	_	shortpause	_	ContainsVariation=No	_	_	_	_	_	_
88-2	BO002	88	2	la	la	_	_	_	_	_	linguistic	_	ContainsVariation=No	_	_	_	_	_	_
88-3	BO002	88	3	sofia	sofia	_	_	_	_	_	linguistic	_	ContainsVariation=No	_	_	_	_	_	_
88-4	BO002	88	4	ci	ci	_	_	_	_	_	linguistic	_	ContainsVariation=No	_	_	_	_	_	_
88-5	BO002	88	5	tirava	tirava	_	_	_	_	_	linguistic	_	ContainsVariation=No	_	_	_	_	_	_
88-6	BO002	88	6	fuori	fuori	_	_	_	_	_	linguistic	_	ContainsVariation=No	_	_	_	_	_	_
88-7	BO002	88	7	ge:nte	gente	_	_	_	_	_	linguistic	_	ContainsVariation=No	PauseAfter=Yes	_	1x1	_	_	_
88-8	BO002	88	8	(.)	(.)	_	_	_	_	_	shortpause	_	ContainsVariation=No	_	_	_	_	_	_
88-9	BO002	88	9	ci	ci	_	_	_	_	_	linguistic	_	ContainsVariation=No	_	_	_	_	_	_
88-10	BO002	88	10	fece	fece	_	_	_	_	_	linguistic	_	ContainsVariation=No	_	_	_	_	_	_
88-11	BO002	88	11	conoscere	conoscere	_	_	_	_	_	linguistic	_	ContainsVariation=No	_	End=184.875	_	_	_	_
89-0	BO003	89	0	che	che	_	_	_	_	_	linguistic	_	ContainsVariation=No	_	Begin=185.941	_	_	_	_
89-1	BO003	89	1	lei	lei	_	_	_	_	_	linguistic	_	ContainsVariation=No	_	_	_	_	_	_
89-2	BO003	89	2	poi	poi	_	_	_	_	_	linguistic	_	ContainsVariation=No	_	_	_	_	_	_
89-3	BO003	89	3	sì.	sì	_	_	_	_	_	linguistic	_	ContainsVariation=No	Intonation=Falling	End=187.2	_	_	_	_
90-0	BO002	90	0	no	no	_	_	_	_	_	linguistic	_	ContainsVariation=No	PauseAfter=Yes	Begin=187.287	_	_	_	_
90-1	BO002	90	1	(.)	(.)	_	_	_	_	_	shortpause	_	ContainsVariation=No	_	_	_	_	_	_
90-2	BO002	90	2	[vabbè	vabbè	_	_	_	_	_	linguistic	_	ContainsVariation=No	PauseAfter=Yes	_	_	_	_	0-5(28)
90-3	BO002	90	3	(.)	(.)	_	_	_	_	_	shortpause	_	ContainsVariation=No	_	_	_	_	_	X(28)
90-4	BO002	90	4	lei]	lei	_	_	_	_	_	linguistic	_	ContainsVariation=No	_	_	_	_	_	0-3(28)
90-5	BO002	90	5	vabbè	vabbè	_	_	_	_	_	linguistic	_	ContainsVariation=No	_	_	_	_	_	_
90-6	BO002	90	6	poi	poi	_	_	_	_	_	linguistic	_	ContainsVariation=No	_	_	_	_	_	_
90-7	BO002	90	7	lei	lei	_	_	_	_	_	linguistic	_	ContainsVariation=No	_	_	_	_	_	_
90-8	BO002	90	8	ha	ha	_	_	_	_	_	linguistic	_	ContainsVariation=No	_	_	_	_	_	_
90-9	BO002	90	9	devia::to	deviato	_	_	_	_	_	linguistic	_	ContainsVariation=No	_	End=190.657	4x2	_	_	_
91-0	BO003	91	0	[mario]	mario	_	_	_	_	_	linguistic	_	ContainsVariation=No	_	Begin=187.972|End=188.861	_	_	_	0-5(28)
92-0	BO003	92	0	((ride))	((ride))	_	_	_	_	_	nonverbalbehavior	_	ContainsVariation=No	_	Begin=190.722|End=191.605	_	_	_	_
93-0	BO002	93	0	mamma	mamma	_	_	_	_	_	linguistic	_	ContainsVariation=No	_	Begin=191.632	_	_	_	_
93-1	BO002	93	1	mia.	mia	_	_	_	_	_	linguistic	_	ContainsVariation=No	Intonation=Falling	End=193.264	_	_	_	_
94-0	BO003	94	0	((ride))	((ride))	_	_	_	_	_	nonverbalbehavior	_	ContainsVariation=No	_	Begin=194.953|End=196.421	_	_	_	_
95-0	BO002	95	0	((ride))	((ride))	_	_	_	_	_	nonverbalbehavior	_	ContainsVariation=No	_	Begin=194.955|End=196.423	_	_	_	_
96-0	BO003	96	0	co~	co~	_	_	_	_	_	linguistic	_	ContainsVariation=No	Interrupted=Yes	Begin=198.027	_	_	_	_
96-1	BO003	96	1	((ride))	((ride))	_	_	_	_	_	nonverbalbehavior	_	ContainsVariation=No	_	_	_	_	_	_
96-2	BO003	96	2	come,	come	_	_	_	_	_	linguistic	_	ContainsVariation=No	Intonation=WeaklyRising	_	_	_	_	_
96-3	BO003	96	3	((ride))	((ride))	_	_	_	_	_	nonverbalbehavior	_	ContainsVariation=No	_	End=200.878	_	_	_	_
97-0	BO002	97	0	x	x	_	_	_	_	_	unknown	_	ContainsVariation=No	PauseAfter=Yes|Syllables=1	Begin=201.656	_	_	_	_
97-1	BO002	97	1	(.)	(.)	_	_	_	_	_	shortpause	_	ContainsVariation=No	_	_	_	_	_	_
97-2	BO002	97	2	mi	mi	_	_	_	_	_	linguistic	_	ContainsVariation=No	_	_	_	_	_	_
97-3	BO002	97	3	fa	fa	_	_	_	_	_	linguistic	_	ContainsVariation=No	_	_	_	_	_	_
97-4	BO002	97	4	un	un	_	_	_	_	_	linguistic	_	ContainsVariation=No	_	_	_	_	_	_
97-5	BO002	97	5	>pochino<	pochino	_	_	_	_	_	linguistic	_	ContainsVariation=No	_	_	_	Fast=0-7(0)	_	_
97-6	BO002	97	6	a:nsia	ansia	_	_	_	_	_	linguistic	_	ContainsVariation=No	_	End=204.01	0x1	_	_	_
98-0	BO003	98	0	sì.	sì	_	_	_	_	_	linguistic	_	ContainsVariation=No	Intonation=Falling	Begin=204.894|End=205.944	_	_	_	_
99-0	BO003	99	0	okay	okay	_	_	_	_	_	linguistic	_	ContainsVariation=No	_	Begin=209.37	_	_	_	_
99-1	BO003	99	1	((ride))	((ride))	_	_	_	_	_	nonverbalbehavior	_	ContainsVariation=No	_	End=210.944	_	_	_	_
100-0	BO002	100	0	che	che	_	_	_	_	_	linguistic	_	ContainsVariation=No	_	Begin=210.86	_	_	_	_
100-1	BO002	100	1	poi	poi	_	_	_	_	_	linguistic	_	ContainsVariation=No	PauseAfter=Yes	_	_	_	_	_
100-2	BO002	100	2	(.)	(.)	_	_	_	_	_	shortpause	_	ContainsVariation=No	_	_	_	_	_	_
100-3	BO002	100	3	ora	ora	_	_	_	_	_	linguistic	_	ContainsVariation=No	_	_	_	_	_	_
100-4	BO002	100	4	non	non	_	_	_	_	_	linguistic	_	ContainsVariation=No	_	_	_	_	_	_
100-5	BO002	100	5	so	so	_	_	_	_	_	linguistic	_	ContainsVariation=No	_	_	_	_	_	_
100-6	BO002	100	6	se	se	_	_	_	_	_	linguistic	_	ContainsVariation=No	_	_	_	_	_	_
100-7	BO002	100	7	si	si	_	_	_	_	_	linguistic	_	ContainsVariation=No	_	_	_	_	_	_
100-8	BO002	100	8	può	può	_	_	_	_	_	linguistic	_	ContainsVariation=No	_	_	_	_	_	_
100-9	BO002	100	9	parlare	parlare	_	_	_	_	_	linguistic	_	ContainsVariation=No	_	_	_	_	_	_
100-10	BO002	100	10	di	di	_	_	_	_	_	linguistic	_	ContainsVariation=No	_	_	_	_	_	_
100-11	BO002	100	11	questa	questa	_	_	_	_	_	linguistic	_	ContainsVariation=No	_	_	_	_	_	_
100-12	BO002	100	12	co[sa	cosa	_	_	_	_	_	linguistic	_	ContainsVariation=No	ProsodicLink=Yes	_	_	_	_	2-4(31)
100-13	BO002	100	13	vabbè	vabbè	_	_	_	_	_	linguistic	_	ContainsVariation=No	PauseAfter=Yes	_	_	_	_	0-5(31)
100-14	BO002	100	14	(.)	(.)	_	_	_	_	_	shortpause	_	ContainsVariation=No	_	_	_	_	_	X(31)
100-15	BO002	100	15	ta]nto	tanto	_	_	_	_	_	linguistic	_	ContainsVariation=No	_	_	_	_	_	0-2(31)
100-16	BO002	100	16	se	se	_	_	_	_	_	linguistic	_	ContainsVariation=No	_	_	_	_	_	_
100-17	BO002	100	17	lui	lui	_	_	_	_	_	linguistic	_	ContainsVariation=No	_	_	_	_	_	_
100-18	BO002	100	18	(non	non	_	_	_	_	_	linguistic	_	ContainsVariation=No	_	_	_	_	0-3(0)	_
100-19	BO002	100	19	ascol~)	ascol~	_	_	_	_	_	linguistic	_	ContainsVariation=No	Interrupted=Yes	End=215.649	_	_	0-6(0)	_
101-0	BO003	101	0	[sì].	sì	_	_	_	_	_	linguistic	_	ContainsVariation=No	Intonation=Falling	Begin=214.047|End=214.911	_	_	_	0-2(31)
102-0	BO003	102	0	eh	eh	_	_	_	_	_	linguistic	_	ContainsVariation=No	_	Begin=215.838|End=216.751	_	_	_	_
103-0	BO002	103	0	la	la	_	_	_	_	_	linguistic	_	ContainsVariation=No	_	Begin=216.806	_	_	_	_
103-1	BO002	103	1	vuoi	vuoi	_	_	_	_	_	linguistic	_	ContainsVariation=No	_	_	_	_	_	_
103-2	BO002	103	2	vedere	vedere	_	_	_	_	_	linguistic	_	ContainsVariation=No	_	_	_	_	_	_
103-3	BO002	103	3	la	la	_	_	_	_	_	linguistic	_	ContainsVariation=No	_	_	_	_	_	_
103-4	BO002	103	4	ex	ex	_	_	_	_	_	linguistic	_	ContainsVariation=No	PauseAfter=Yes	_	_	_	_	_
103-5	BO002	103	5	(.)	(.)	_	_	_	_	_	shortpause	_	ContainsVariation=No	_	_	_	_	_	_
103-6	BO002	103	6	del	del	_	_	_	_	_	linguistic	_	ContainsVariation=No	_	_	_	_	_	_
103-7	BO002	103	7	mio	mio	_	_	_	_	_	linguistic	_	ContainsVariation=No	_	_	_	_	_	_
103-8	BO002	103	8	ragaz[zo]?	ragazzo	_	_	_	_	_	linguistic	_	ContainsVariation=No	Intonation=Rising	End=219.56	_	_	_	5-7(32)
104-0	BO003	104	0	[sì]	sì	_	_	_	_	_	linguistic	_	ContainsVariation=No	PauseAfter=Yes	Begin=219.158	_	_	_	0-2(32)
104-1	BO003	104	1	(.)	(.)	_	_	_	_	_	shortpause	_	ContainsVariation=No	_	_	_	_	_	_
104-2	BO003	104	2	fammi	fammi	_	_	_	_	_	linguistic	_	ContainsVariation=No	_	_	_	_	_	_
104-3	BO003	104	3	vedere	vedere	_	_	_	_	_	linguistic	_	ContainsVariation=No	_	_	_	_	_	_
104-4	BO003	104	4	[poi	poi	_	_	_	_	_	linguistic	_	ContainsVariation=No	_	_	_	_	_	0-3(33)
104-5	BO003	104	5	ti	ti	_	_	_	_	_	linguistic	_	ContainsVariation=No	_	_	_	_	_	0-2(33)
104-6	BO003	104	6	dico]	dico	_	_	_	_	_	linguistic	_	ContainsVariation=No	_	End=220.907	_	_	_	0-4(33)
105-0	BO002	105	0	[la	la	_	_	_	_	_	linguistic	_	ContainsVariation=No	_	Begin=220.058	_	_	_	0-2(33)
105-1	BO002	105	1	vuoi]	vuoi	_	_	_	_	_	linguistic	_	ContainsVariation=No	_	_	_	_	_	0-4(33)
105-2	BO002	105	2	vedere?	vedere	_	_	_	_	_	linguistic	_	ContainsVariation=No	Intonation=Rising	End=221.342	_	_	_	_
106-0	BO002	106	0	vado	vado	_	_	_	_	_	linguistic	_	ContainsVariation=No	_	Begin=221.407	_	_	_	_
106-1	BO002	106	1	col	col	_	_	_	_	_	linguistic	_	ContainsVariation=No	_	_	_	_	_	_
106-2	BO002	106	2	mi[o]?	mio	_	_	_	_	_	linguistic	_	ContainsVariation=No	Intonation=Rising	End=222.83	_	_	_	2-3(34)
107-0	BO003	107	0	[sì	sì	_	_	_	_	_	linguistic	_	ContainsVariation=No	_	Begin=222.032	_	_	_	0-2(34)
107-1	BO003	107	1	sì	sì	_	_	_	_	_	linguistic	_	ContainsVariation=No	_	_	_	_	_	0-2(34)
107-2	BO003	107	2	sì].	sì	_	_	_	_	_	linguistic	_	ContainsVariation=No	Intonation=Falling	End=222.818	_	_	_	0-2(34)
108-0	BO003	108	0	no	no	_	_	_	_	_	linguistic	_	ContainsVariation=No	_	Begin=223.295	_	_	_	_
108-1	BO003	108	1	ma	ma	_	_	_	_	_	linguistic	_	ContainsVariation=No	_	_	_	_	_	_
108-2	BO003	108	2	anche	anche	_	_	_	_	_	linguistic	_	ContainsVariation=No	_	_	_	_	_	_
108-3	BO003	108	3	col	col	_	_	_	_	_	linguistic	_	ContainsVariation=No	_	_	_	_	_	_
108-4	BO003	108	4	mio.	mio	_	_	_	_	_	linguistic	_	ContainsVariation=No	Intonation=Falling	_	_	_	_	_
108-5	BO003	108	5	tanto	tanto	_	_	_	_	_	linguistic	_	ContainsVariation=No	_	_	_	_	_	_
108-6	BO003	108	6	dopo::	dopo	_	_	_	_	_	linguistic	_	ContainsVariation=No	_	_	3x2	_	_	_
108-7	BO003	108	7	[devo	devo	_	_	_	_	_	linguistic	_	ContainsVariation=No	_	_	_	_	_	0-4(35)
108-8	BO003	108	8	>comunque<	comunque	_	_	_	_	_	linguistic	_	ContainsVariation=No	_	_	_	Fast=0-8(0)	_	0-8(35)
108-9	BO003	108	9	ricaricar]lo.	ricaricarlo	_	_	_	_	_	linguistic	_	ContainsVariation=No	Intonation=Falling	_	_	_	_	0-9(35)
108-10	BO003	108	10	sì	sì	_	_	_	_	_	linguistic	_	ContainsVariation=No	_	_	_	_	_	_
108-11	BO003	108	11	sì	sì	_	_	_	_	_	linguistic	_	ContainsVariation=No	PauseAfter=Yes	_	_	_	_	_
108-12	BO003	108	12	(.)	(.)	_	_	_	_	_	shortpause	_	ContainsVariation=No	_	_	_	_	_	_
108-13	BO003	108	13	così	così	_	_	_	_	_	linguistic	_	ContainsVariation=No	_	_	_	_	_	_
108-14	BO003	108	14	non	non	_	_	_	_	_	linguistic	_	ContainsVariation=No	_	_	_	_	_	_
108-15	BO003	108	15	perdi	perdi	_	_	_	_	_	linguistic	_	ContainsVariation=No	_	_	_	_	_	_
108-16	BO003	108	16	il	il	_	_	_	_	_	linguistic	_	ContainsVariation=No	_	_	_	_	_	_
108-17	BO003	108	17	tre	tre	_	_	_	_	_	linguistic	_	ContainsVariation=No	_	_	_	_	_	_
108-18	BO003	108	18	gi	gi	_	_	_	_	_	linguistic	_	ContainsVariation=No	_	End=227.801	_	_	_	_
109-0	BO002	109	0	[sicura]?	sicura	_	_	_	_	_	linguistic	_	ContainsVariation=No	Intonation=Rising	Begin=224.869|End=226.003	_	_	_	0-6(35)
110-0	BO002	110	0	grazie.	grazie	_	_	_	_	_	linguistic	_	ContainsVariation=No	Intonation=Falling	Begin=228.733|End=229.952	_	_	_	_
111-0	BO003	111	0	ma	ma	_	_	_	_	_	linguistic	_	ContainsVariation=No	_	Begin=230.018	_	_	_	_
111-1	BO003	111	1	tu	tu	_	_	_	_	_	linguistic	_	ContainsVariation=No	_	_	_	_	_	_
111-2	BO003	111	2	[questa	questa	_	_	_	_	_	linguistic	_	ContainsVariation=No	_	_	_	_	_	0-6(36)
111-3	BO003	111	3	l'	l'	_	_	_	_	_	linguistic	_	ContainsVariation=No	SpaceAfter=No	_	_	_	_	0-2(36)
111-4	BO003	111	4	hai	hai	_	_	_	_	_	linguistic	_	ContainsVariation=No	_	_	_	_	_	0-3(36)
111-5	BO003	111	5	pre]sa	presa	_	_	_	_	_	linguistic	_	ContainsVariation=No	_	_	_	_	_	0-3(36)
111-6	BO003	111	6	bene	bene	_	_	_	_	_	linguistic	_	ContainsVariation=No	_	_	_	_	_	_
111-7	BO003	111	7	o	o	_	_	_	_	_	linguistic	_	ContainsVariation=No	_	_	_	_	_	_
111-8	BO003	111	8	la	la	_	_	_	_	_	linguistic	_	ContainsVariation=No	_	_	_	_	_	_
111-9	BO003	111	9	odi	odi	_	_	_	_	_	linguistic	_	ContainsVariation=No	_	_	_	_	_	_
111-10	BO003	111	10	di~	di~	_	_	_	_	_	linguistic	_	ContainsVariation=No	Interrupted=Yes|PauseAfter=Yes	_	_	_	_	_
111-11	BO003	111	11	(.)	(.)	_	_	_	_	_	shortpause	_	ContainsVariation=No	_	_	_	_	_	_
111-12	BO003	111	12	d~	d~	_	_	_	_	_	linguistic	_	ContainsVariation=No	Interrupted=Yes	_	_	_	_	_
111-13	BO003	111	13	a	a	_	_	_	_	_	linguistic	_	ContainsVariation=No	_	_	_	_	_	_
111-14	BO003	111	14	prescinde[re,	prescindere	_	_	_	_	_	linguistic	_	ContainsVariation=No	Intonation=WeaklyRising	_	_	_	_	8-11(37)
111-15	BO003	111	15	proprio]	proprio	_	_	_	_	_	linguistic	_	ContainsVariation=No	_	End=234.207	_	_	_	0-7(37)
112-0	BO002	112	0	[è	è	_	_	_	_	_	linguistic	_	ContainsVariation=No	_	Begin=230.593	_	_	_	0-1(36)
112-1	BO002	112	1	lei].	lei	_	_	_	_	_	linguistic	_	ContainsVariation=No	Intonation=Falling	End=231.315	_	_	_	0-3(36)
113-0	BO002	113	0	[allora].	allora	_	_	_	_	_	linguistic	_	ContainsVariation=No	Intonation=Falling	Begin=233.438|End=234.199	_	_	_	0-6(37)
114-0	BO003	114	0	((ride))	((ride))	_	_	_	_	_	nonverbalbehavior	_	ContainsVariation=No	_	Begin=234.241|End=234.869	_	_	_	_
115-0	BO002	115	0	inizialmente,	inizialmente	_	_	_	_	_	linguistic	_	ContainsVariation=No	Intonation=WeaklyRising|PauseAfter=Yes	Begin=234.905	_	_	_	_
115-1	BO002	115	1	(.)	(.)	_	_	_	_	_	shortpause	_	ContainsVariation=No	_	_	_	_	_	_
115-2	BO002	115	2	la	la	_	_	_	_	_	linguistic	_	ContainsVariation=No	_	_	_	_	_	_
115-3	BO002	115	3	odiavo.	odiavo	_	_	_	_	_	linguistic	_	ContainsVariation=No	Intonation=Falling	End=236.749	_	_	_	_
116-0	BO003	116	0	((ride))	((ride))	_	_	_	_	_	nonverbalbehavior	_	ContainsVariation=No	_	Begin=236.81|End=237.681	_	_	_	_
117-0	BO002	117	0	per	per	_	_	_	_	_	linguistic	_	ContainsVariation=No	_	Begin=237.157	_	_	_	_
117-1	BO002	117	1	il	il	_	_	_	_	_	linguistic	_	ContainsVariation=No	_	_	_	_	_	_
117-2	BO002	117	2	semplice	semplice	_	_	_	_	_	linguistic	_	ContainsVariation=No	_	_	_	_	_	_
117-3	BO002	117	3	fatto	fatto	_	_	_	_	_	linguistic	_	ContainsVariation=No	_	_	_	_	_	_
117-4	BO002	117	4	che	che	_	_	_	_	_	linguistic	_	ContainsVariation=No	_	_	_	_	_	_
117-5	BO002	117	5	era	era	_	_	_	_	_	linguistic	_	ContainsVariation=No	_	_	_	_	_	_
117-6	BO002	117	6	stata	stata	_	_	_	_	_	linguistic	_	ContainsVariation=No	_	_	_	_	_	_
117-7	BO002	117	7	la	la	_	_	_	_	_	linguistic	_	ContainsVariation=No	_	_	_	_	_	_
117-8	BO002	117	8	sua	sua	_	_	_	_	_	linguistic	_	ContainsVariation=No	_	_	_	_	_	_
117-9	BO002	117	9	ex.	ex	_	_	_	_	_	linguistic	_	ContainsVariation=No	Intonation=Falling	End=239.385	_	_	_	_
118-0	BO003	118	0	sì	sì	_	_	_	_	_	linguistic	_	ContainsVariation=No	_	Begin=239.487	_	_	_	_
118-1	BO003	118	1	ma	ma	_	_	_	_	_	linguistic	_	ContainsVariation=No	_	_	_	_	_	_
118-2	BO003	118	2	quello	quello	_	_	_	_	_	linguistic	_	ContainsVariation=No	_	_	_	_	_	_
118-3	BO003	118	3	è	è	_	_	_	_	_	linguistic	_	ContainsVariation=No	_	_	_	_	_	_
118-4	BO003	118	4	normale	normale	_	_	_	_	_	linguistic	_	ContainsVariation=No	PauseAfter=Yes	_	_	_	_	_
118-5	BO003	118	5	(.)	(.)	_	_	_	_	_	shortpause	_	ContainsVariation=No	_	_	_	_	_	_
118-6	BO003	118	6	è	è	_	_	_	_	_	linguistic	_	ContainsVariation=No	_	_	_	_	_	_
118-7	BO003	118	7	co[sì:].	così	_	_	_	_	_	linguistic	_	ContainsVariation=No	Intonation=Falling	End=241.542	3x1	_	_	2-4(39)
119-0	BO002	119	0	[pe]rò,	però	_	_	_	_	_	linguistic	_	ContainsVariation=No	Intonation=WeaklyRising	Begin=241.357	_	_	_	0-2(39)
119-1	BO002	119	1	ora	ora	_	_	_	_	_	linguistic	_	ContainsVariation=No	_	_	_	_	_	_
119-2	BO002	119	2	mi	mi	_	_	_	_	_	linguistic	_	ContainsVariation=No	_	_	_	_	_	_
119-3	BO002	119	3	è	è	_	_	_	_	_	linguistic	_	ContainsVariation=No	_	_	_	_	_	_
119-4	BO002	119	4	<indiffere:nte>.	indifferente	_	_	_	_	_	linguistic	_	ContainsVariation=No	Intonation=Falling	_	8x1	Slow=0-12(0)	_	_
119-5	BO002	119	5	perché	perché	_	_	_	_	_	linguistic	_	ContainsVariation=No	_	_	_	_	_	_
119-6	BO002	119	6	loro	loro	_	_	_	_	_	linguistic	_	ContainsVariation=No	_	_	_	_	_	_
119-7	BO002	119	7	proprio	proprio	_	_	_	_	_	linguistic	_	ContainsVariation=No	PauseAfter=Yes	_	_	_	_	_
119-8	BO002	119	8	(.)	(.)	_	_	_	_	_	shortpause	_	ContainsVariation=No	_	_	_	_	_	_
119-9	BO002	119	9	si	si	_	_	_	_	_	linguistic	_	ContainsVariation=No	_	_	_	_	_	_
119-10	BO002	119	10	sono	sono	_	_	_	_	_	linguistic	_	ContainsVariation=No	_	_	_	_	_	_
119-11	BO002	119	11	anche	anche	_	_	_	_	_	linguistic	_	ContainsVariation=No	_	_	_	_	_	_
119-12	BO002	119	12	cancellati	cancellati	_	_	_	_	_	linguistic	_	ContainsVariation=No	_	_	_	_	_	_
119-13	BO002	119	13	da	da	_	_	_	_	_	linguistic	_	ContainsVariation=No	_	_	_	_	_	_
119-14	BO002	119	14	fa:cebook	facebook	_	_	_	_	_	linguistic	_	ContainsVariation=No	_	_	1x1	_	_	_
119-15	BO002	119	15	propri[o:::]	proprio	_	_	_	_	_	linguistic	_	ContainsVariation=No	_	End=247.967	6x3	_	_	6-7(40)
120-0	BO003	120	0	[pro]prio	proprio	_	_	_	_	_	linguistic	_	ContainsVariation=No	_	Begin=247.521	_	_	_	0-3(40)
120-1	BO003	120	1	non	non	_	_	_	_	_	linguistic	_	ContainsVariation=No	PauseAfter=Yes	_	_	_	_	_
120-2	BO003	120	2	(.)	(.)	_	_	_	_	_	shortpause	_	ContainsVariation=No	_	_	_	_	_	_
120-3	BO003	120	3	si	si	_	_	_	_	_	linguistic	_	ContainsVariation=No	_	_	_	_	_	_
120-4	BO003	120	4	odiano.	odiano	_	_	_	_	_	linguistic	_	ContainsVariation=No	Intonation=Falling	End=249.359	_	_	_	_
121-0	BO002	121	0	sì.	sì	_	_	_	_	_	linguistic	_	ContainsVariation=No	Intonation=Falling	Begin=249.468|End=250.149	_	_	_	_
122-0	BO002	122	0	quindi::	quindi	_	_	_	_	_	linguistic	_	ContainsVariation=No	_	Begin=250.298	5x2	_	_	_
122-1	BO002	122	1	boh	boh	_	_	_	_	_	linguistic	_	ContainsVariation=No	_	_	_	_	_	_
122-2	BO002	122	2	mi	mi	_	_	_	_	_	linguistic	_	ContainsVariation=No	_	_	_	_	_	_
122-3	BO002	122	3	è	è	_	_	_	_	_	linguistic	_	ContainsVariation=No	_	_	_	_	_	_
122-4	BO002	122	4	abbastanza	abbastanza	_	_	_	_	_	linguistic	_	ContainsVariation=No	_	_	_	_	_	_
122-5	BO002	122	5	>indifferente<	indifferente	_	_	_	_	_	linguistic	_	ContainsVariation=No	_	_	_	Fast=0-12(0)	_	_
122-6	BO002	122	6	poi	poi	_	_	_	_	_	linguistic	_	ContainsVariation=No	_	_	_	_	_	_
122-7	BO002	122	7	lei	lei	_	_	_	_	_	linguistic	_	ContainsVariation=No	_	_	_	_	_	_
122-8	BO002	122	8	è	è	_	_	_	_	_	linguistic	_	ContainsVariation=No	_	_	_	_	_	_
122-9	BO002	122	9	un	un	_	_	_	_	_	linguistic	_	ContainsVariation=No	PauseAfter=Yes	_	_	_	_	_
122-10	BO002	122	10	(.)	(.)	_	_	_	_	_	shortpause	_	ContainsVariation=No	_	_	_	_	_	_
122-11	BO002	122	11	po'	po'	_	_	_	_	_	linguistic	_	ContainsVariation=No	_	_	_	_	_	_
122-12	BO002	122	12	tro:ia	troia	_	_	_	_	_	linguistic	_	ContainsVariation=No	_	End=254.392	2x1	_	_	_
123-0	BO003	123	0	davvero?	davvero	_	_	_	_	_	linguistic	_	ContainsVariation=No	Intonation=Rising	Begin=254.4|End=255.258	_	_	_	_
124-0	BO002	124	0	sì	sì	_	_	_	_	_	linguistic	_	ContainsVariation=No	PauseAfter=Yes	Begin=255.283	_	_	_	_
124-1	BO002	124	1	(.)	(.)	_	_	_	_	_	shortpause	_	ContainsVariation=No	_	_	_	_	_	_
124-2	BO002	124	2	quando	quando	_	_	_	_	_	linguistic	_	ContainsVariation=No	_	_	_	_	_	_
124-3	BO002	124	3	s'	s'	_	_	_	_	_	linguistic	_	ContainsVariation=No	SpaceAfter=No	_	_	_	_	_
124-4	BO002	124	4	è	è	_	_	_	_	_	linguistic	_	ContainsVariation=No	_	_	_	_	_	_
124-5	BO002	124	5	lasciata	lasciata	_	_	_	_	_	linguistic	_	ContainsVariation=No	_	_	_	_	_	_
124-6	BO002	124	6	col	col	_	_	_	_	_	linguistic	_	ContainsVariation=No	_	_	_	_	_	_
124-7	BO002	124	7	mio	mio	_	_	_	_	_	linguistic	_	ContainsVariation=No	_	_	_	_	_	_
124-8	BO002	124	8	ragazzo	ragazzo	_	_	_	_	_	linguistic	_	ContainsVariation=No	PauseAfter=Yes	_	_	_	_	_
124-9	BO002	124	9	(.)	(.)	_	_	_	_	_	shortpause	_	ContainsVariation=No	_	_	_	_	_	_
124-10	BO002	124	10	se	se	_	_	_	_	_	linguistic	_	ContainsVariation=No	_	_	_	_	_	_
124-11	BO002	124	11	li	li	_	_	_	_	_	linguistic	_	ContainsVariation=No	_	_	_	_	_	_
124-12	BO002	124	12	è	è	_	_	_	_	_	linguistic	_	ContainsVariation=No	_	_	_	_	_	_
124-13	BO002	124	13	fatti	fatti	_	_	_	_	_	linguistic	_	ContainsVariation=No	_	_	_	_	_	_
124-14	BO002	124	14	<tutti>.	tutti	_	_	_	_	_	linguistic	_	ContainsVariation=No	Intonation=Falling	End=259.808	_	Slow=0-5(0)	_	_
125-0	BO003	125	0	[sì]	sì	_	_	_	_	_	linguistic	_	ContainsVariation=No	_	Begin=257.815|End=258.721	_	_	_	0-2(41)
126-0	BO003	126	0	i	i	_	_	_	_	_	linguistic	_	ContainsVariation=No	_	Begin=259.856	_	_	_	_
126-1	BO003	126	1	suoi	suoi	_	_	_	_	_	linguistic	_	ContainsVariation=No	_	_	_	_	_	_
126-2	BO003	126	2	amici	amici	_	_	_	_	_	linguistic	_	ContainsVariation=No	PauseAfter=Yes	_	_	_	_	_
126-3	BO003	126	3	(.)	(.)	_	_	_	_	_	shortpause	_	ContainsVariation=No	_	_	_	_	_	_
126-4	BO003	126	4	an[che	anche	_	_	_	_	_	linguistic	_	ContainsVariation=No	_	_	_	_	_	2-5(42)
126-5	BO003	126	5	lei]?	lei	_	_	_	_	_	linguistic	_	ContainsVariation=No	Intonation=Rising	End=261.397	_	_	_	0-3(42)
127-0	BO002	127	0	[sì:]::	sì	_	_	_	_	_	linguistic	_	ContainsVariation=No	_	Begin=260.745|End=261.683	1x3	_	_	0-2(42)
128-0	BO003	128	0	chi	chi	_	_	_	_	_	linguistic	_	ContainsVariation=No	_	Begin=261.728	_	_	_	_
128-1	BO003	128	1	si	si	_	_	_	_	_	linguistic	_	ContainsVariation=No	_	_	_	_	_	_
128-2	BO003	128	2	è	è	_	_	_	_	_	linguistic	_	ContainsVariation=No	_	_	_	_	_	_
128-3	BO003	128	3	fatta	fatta	_	_	_	_	_	linguistic	_	ContainsVariation=No	_	_	_	_	_	_
128-4	BO003	128	4	che	che	_	_	_	_	_	linguistic	_	ContainsVariation=No	_	_	_	_	_	_
128-5	BO003	128	5	conosco,	conosco	_	_	_	_	_	linguistic	_	ContainsVariation=No	Intonation=WeaklyRising|PauseAfter=Yes	_	_	_	_	_
128-6	BO003	128	6	(.)	(.)	_	_	_	_	_	shortpause	_	ContainsVariation=No	_	_	_	_	_	_
128-7	BO003	128	7	[tra	tra	_	_	_	_	_	linguistic	_	ContainsVariation=No	_	_	_	_	_	0-3(43)
128-8	BO003	128	8	vi]rgolette	virgolette	_	_	_	_	_	linguistic	_	ContainsVariation=No	_	End=264.173	_	_	_	0-2(43)
129-0	BO002	129	0	[allora]	allora	_	_	_	_	_	linguistic	_	ContainsVariation=No	_	Begin=263.06|End=263.665	_	_	_	0-6(43)
130-0	BO003	130	0	luca?	luca	_	_	_	_	_	linguistic	_	ContainsVariation=No	Intonation=Rising	Begin=265.065|End=266.476	_	_	_	_
131-0	BO002	131	0	credo	credo	_	_	_	_	_	linguistic	_	ContainsVariation=No	_	Begin=266.607	_	_	_	_
131-1	BO002	131	1	di	di	_	_	_	_	_	linguistic	_	ContainsVariation=No	_	_	_	_	_	_
131-2	BO002	131	2	sì.	sì	_	_	_	_	_	linguistic	_	ContainsVariation=No	Intonation=Falling	End=267.833	_	_	_	_
132-0	BO002	132	0	eh::	eh	_	_	_	_	_	linguistic	_	ContainsVariation=No	_	Begin=268.61	1x2	_	_	_
132-1	BO002	132	1	piergiò	piergiò	_	_	_	_	_	linguistic	_	ContainsVariation=No	_	_	_	_	_	_
132-2	BO002	132	2	no,	no	_	_	_	_	_	linguistic	_	ContainsVariation=No	Intonation=WeaklyRising|PauseAfter=Yes	_	_	_	_	_
132-3	BO002	132	3	(.)	(.)	_	_	_	_	_	shortpause	_	ContainsVariation=No	_	_	_	_	_	_
132-4	BO002	132	4	poi	poi	_	_	_	_	_	linguistic	_	ContainsVariation=No	_	_	_	_	_	_
132-5	BO002	132	5	c'	c'	_	_	_	_	_	linguistic	_	ContainsVariation=No	SpaceAfter=No	_	_	_	_	_
132-6	BO002	132	6	è	è	_	_	_	_	_	linguistic	_	ContainsVariation=No	_	_	_	_	_	_
132-7	BO002	132	7	(>quello	quello	_	_	_	_	_	linguistic	_	ContainsVariation=No	_	_	_	Fast=0-6(0)	0-6(0)	_
132-8	BO002	132	8	con	con	_	_	_	_	_	linguistic	_	ContainsVariation=No	_	_	_	Fast=0-3(0)	0-3(0)	_
132-9	BO002	132	9	la	la	_	_	_	_	_	linguistic	_	ContainsVariation=No	_	_	_	Fast=0-2(0)	0-2(0)	_
132-10	BO002	132	10	mano	mano	_	_	_	_	_	linguistic	_	ContainsVariation=No	_	_	_	Fast=0-4(0)	0-4(0)	_
132-11	BO002	132	11	eh<)	eh	_	_	_	_	_	linguistic	_	ContainsVariation=No	_	_	_	Fast=0-2(0)	0-2(0)	_
132-12	BO002	132	12	perché::	perché	_	_	_	_	_	linguistic	_	ContainsVariation=No	_	End=272.589	5x2	_	_	_
133-0	BO002	133	0	e~	e~	_	_	_	_	_	linguistic	_	ContainsVariation=No	Interrupted=Yes	Begin=272.894	_	_	_	_
133-1	BO002	133	1	era	era	_	_	_	_	_	linguistic	_	ContainsVariation=No	ProsodicLink=Yes	_	_	_	_	_
133-2	BO002	133	2	anda~	anda~	_	_	_	_	_	linguistic	_	ContainsVariation=No	Interrupted=Yes	_	_	_	_	_
133-3	BO002	133	3	una	una	_	_	_	_	_	linguistic	_	ContainsVariation=No	_	_	_	_	_	_
133-4	BO002	133	4	era	era	_	_	_	_	_	linguistic	_	ContainsVariation=No	_	_	_	_	_	_
133-5	BO002	133	5	andato	andato	_	_	_	_	_	linguistic	_	ContainsVariation=No	_	_	_	_	_	_
133-6	BO002	133	6	via	via	_	_	_	_	_	linguistic	_	ContainsVariation=No	_	_	_	_	_	_
133-7	BO002	133	7	in	in	_	_	_	_	_	linguistic	_	ContainsVariation=No	_	_	_	_	_	_
133-8	BO002	133	8	quel	quel	_	_	_	_	_	linguistic	_	ContainsVariation=No	_	_	_	_	_	_
133-9	BO002	133	9	peri:o[do	periodo	_	_	_	_	_	linguistic	_	ContainsVariation=No	_	_	3x1	_	_	5-7(44)
133-10	BO002	133	10	e	e	_	_	_	_	_	linguistic	_	ContainsVariation=No	_	_	_	_	_	0-1(44)
133-11	BO002	133	11	non	non	_	_	_	_	_	linguistic	_	ContainsVariation=No	_	_	_	_	_	0-3(44)
133-12	BO002	133	12	c'	c'	_	_	_	_	_	linguistic	_	ContainsVariation=No	SpaceAfter=No	_	_	_	_	0-2(44)
133-13	BO002	133	13	era]	era	_	_	_	_	_	linguistic	_	ContainsVariation=No	_	End=276.691	_	_	_	0-3(44)
134-0	BO003	134	0	[però	però	_	_	_	_	_	linguistic	_	ContainsVariation=No	_	Begin=275.522	_	_	_	0-4(44)
134-1	BO003	134	1	lui	lui	_	_	_	_	_	linguistic	_	ContainsVariation=No	_	_	_	_	_	0-3(44)
134-2	BO003	134	2	secondo	secondo	_	_	_	_	_	linguistic	_	ContainsVariation=No	_	_	_	_	_	0-7(44)
134-3	BO003	134	3	me],	me	_	_	_	_	_	linguistic	_	ContainsVariation=No	Intonation=WeaklyRising	End=276.692	_	_	_	0-2(44)
135-0	BO002	135	0	se	se	_	_	_	_	_	linguistic	_	ContainsVariation=No	_	Begin=276.881	_	_	_	_
135-1	BO002	135	1	l'	l'	_	_	_	_	_	linguistic	_	ContainsVariation=No	SpaceAfter=No	_	_	_	_	_
135-2	BO002	135	2	avrebbe	avrebbe	_	_	_	_	_	linguistic	_	ContainsVariation=No	_	_	_	_	_	_
135-3	BO002	135	3	[fatt~]	fatt~	_	_	_	_	_	linguistic	_	ContainsVariation=No	Interrupted=Yes|PauseAfter=Yes	_	_	_	_	0-5(45)
135-4	BO002	135	4	(.)	(.)	_	_	_	_	_	shortpause	_	ContainsVariation=No	_	_	_	_	_	_
135-5	BO002	135	5	se	se	_	_	_	_	_	linguistic	_	ContainsVariation=No	_	_	_	_	_	_
135-6	BO002	135	6	lo	lo	_	_	_	_	_	linguistic	_	ContainsVariation=No	_	_	_	_	_	_
135-7	BO002	135	7	sarebbe	sarebbe	_	_	_	_	_	linguistic	_	ContainsVariation=No	_	_	_	_	_	_
135-8	BO002	135	8	fatto	fatto	_	_	_	_	_	linguistic	_	ContainsVariation=No	_	_	_	_	_	_
135-9	BO002	135	9	>di	di	_	_	_	_	_	linguistic	_	ContainsVariation=No	_	_	_	Fast=0-2(0)	_	_
135-10	BO002	135	10	sicuro<,	sicuro	_	_	_	_	_	linguistic	_	ContainsVariation=No	Intonation=WeaklyRising	End=279.71	_	Fast=0-6(0)	_	_
136-0	BO003	136	0	[oh]	oh	_	_	_	_	_	linguistic	_	ContainsVariation=No	_	Begin=277.549|End=278.099	_	_	_	0-2(45)
137-0	BO003	137	0	ma	ma	_	_	_	_	_	linguistic	_	ContainsVariation=No	_	Begin=280.294	_	_	_	_
137-1	BO003	137	1	lei,	lei	_	_	_	_	_	linguistic	_	ContainsVariation=No	Intonation=WeaklyRising	_	_	_	_	_
137-2	BO003	137	2	spagnola?	spagnola	_	_	_	_	_	linguistic	_	ContainsVariation=No	Intonation=Rising	End=281.484	_	_	_	_
138-0	BO002	138	0	sì.	sì	_	_	_	_	_	linguistic	_	ContainsVariation=No	Intonation=Falling	Begin=281.566|End=282.333	_	_	_	_
139-0	BO002	139	0	poi	poi	_	_	_	_	_	linguistic	_	ContainsVariation=No	_	Begin=282.472	_	_	_	_
139-1	BO002	139	1	s'	s'	_	_	_	_	_	linguistic	_	ContainsVariation=No	SpaceAfter=No	_	_	_	_	_
139-2	BO002	139	2	è	è	_	_	_	_	_	linguistic	_	ContainsVariation=No	_	_	_	_	_	_
139-3	BO002	139	3	fatta	fatta	_	_	_	_	_	linguistic	_	ContainsVariation=No	_	_	_	_	_	_
139-4	BO002	139	4	gino,	gino	_	_	_	_	_	linguistic	_	ContainsVariation=No	Intonation=WeaklyRising	_	_	_	_	_
139-5	BO002	139	5	quello	quello	_	_	_	_	_	linguistic	_	ContainsVariation=No	_	_	_	_	_	_
139-6	BO002	139	6	che	che	_	_	_	_	_	linguistic	_	ContainsVariation=No	_	_	_	_	_	_
139-7	BO002	139	7	t'	t'	_	_	_	_	_	linguistic	_	ContainsVariation=No	SpaceAfter=No	_	_	_	_	_
139-8	BO002	139	8	ho	ho	_	_	_	_	_	linguistic	_	ContainsVariation=No	_	_	_	_	_	_
139-9	BO002	139	9	fatto	fatto	_	_	_	_	_	linguistic	_	ContainsVariation=No	_	_	_	_	_	_
139-10	BO002	139	10	vede[re	vedere	_	_	_	_	_	linguistic	_	ContainsVariation=No	_	_	_	_	_	2-6(46)
139-11	BO002	139	11	prima],	prima	_	_	_	_	_	linguistic	_	ContainsVariation=No	Intonation=WeaklyRising	End=285.383	_	_	_	0-4(46)
140-0	BO003	140	0	[sì],	sì	_	_	_	_	_	linguistic	_	ContainsVariation=No	Intonation=WeaklyRising	Begin=284.695|End=285.375	_	_	_	0-2(46)
141-0	BO003	141	0	ma	ma	_	_	_	_	_	linguistic	_	ContainsVariation=No	PauseAfter=Yes	Begin=285.496	_	_	_	_
141-1	BO003	141	1	(.)	(.)	_	_	_	_	_	shortpause	_	ContainsVariation=No	_	_	_	_	_	_
141-2	BO003	141	2	baciati,	baciati	_	_	_	_	_	linguistic	_	ContainsVariation=No	Intonation=WeaklyRising	_	_	_	_	_
141-3	BO003	141	3	o	o	_	_	_	_	_	linguistic	_	ContainsVariation=No	_	_	_	_	_	_
141-4	BO003	141	4	proprio:::	proprio	_	_	_	_	_	linguistic	_	ContainsVariation=No	_	End=287.161	6x3	_	_	_
142-0	BO002	142	0	no	no	_	_	_	_	_	linguistic	_	ContainsVariation=No	_	Begin=287.163	_	_	_	_
142-1	BO002	142	1	no	no	_	_	_	_	_	linguistic	_	ContainsVariation=No	_	_	_	_	_	_
142-2	BO002	142	2	no.	no	_	_	_	_	_	linguistic	_	ContainsVariation=No	Intonation=Falling	End=287.999	_	_	_	_
143-0	BO003	143	0	no	no	_	_	_	_	_	linguistic	_	ContainsVariation=No	PauseAfter=Yes	Begin=288.018	_	_	_	_
143-1	BO003	143	1	(.)	(.)	_	_	_	_	_	shortpause	_	ContainsVariation=No	_	_	_	_	_	_
143-2	BO003	143	2	pro[prio].	proprio	_	_	_	_	_	linguistic	_	ContainsVariation=No	Intonation=Falling	End=288.979	_	_	_	3-7(47)
144-0	BO002	144	0	((ride))	((ride))	_	_	_	_	_	nonverbalbehavior	_	ContainsVariation=No	_	Begin=288.493|End=289.723	_	_	_	_
145-0	BO002	145	0	come	come	_	_	_	_	_	linguistic	_	ContainsVariation=No	_	Begin=289.87	_	_	_	_
145-1	BO002	145	1	la	la	_	_	_	_	_	linguistic	_	ContainsVariation=No	_	_	_	_	_	_
145-2	BO002	145	2	sofia,	sofia	_	_	_	_	_	linguistic	_	ContainsVariation=No	Intonation=WeaklyRising	End=291.11	_	_	_	_
146-0	BO003	146	0	ho	ho	_	_	_	_	_	linguistic	_	ContainsVariation=No	_	Begin=291.169	_	_	_	_
146-1	BO003	146	1	capito.	capito	_	_	_	_	_	linguistic	_	ContainsVariation=No	Intonation=Falling	End=292.324	_	_	_	_
147-0	BO002	147	0	poi	poi	_	_	_	_	_	linguistic	_	ContainsVariation=No	PauseAfter=Yes	Begin=292.383	_	_	_	_
147-1	BO002	147	1	(.)	(.)	_	_	_	_	_	shortpause	_	ContainsVariation=No	_	_	_	_	_	_
147-2	BO002	147	2	[si	si	_	_	_	_	_	linguistic	_	ContainsVariation=No	_	_	_	_	_	0-2(48)
147-3	BO002	147	3	è	è	_	_	_	_	_	linguistic	_	ContainsVariation=No	_	_	_	_	_	0-1(48)
147-4	BO002	147	4	fat~]	fat~	_	_	_	_	_	linguistic	_	ContainsVariation=No	Interrupted=Yes	End=293.878	_	_	_	0-4(48)
148-0	BO003	148	0	[chissà]	chissà	_	_	_	_	_	linguistic	_	ContainsVariation=No	_	Begin=293.05	_	_	_	0-6(49)
148-1	BO003	148	1	cosa	cosa	_	_	_	_	_	linguistic	_	ContainsVariation=No	_	_	_	_	_	_
148-2	BO003	148	2	penseran~	penseran~	_	_	_	_	_	linguistic	_	ContainsVariation=No	Interrupted=Yes	_	_	_	_	_
148-3	BO003	148	3	((ride))	((ride))	_	_	_	_	_	nonverbalbehavior	_	ContainsVariation=No	_	End=298.408	_	_	_	_
149-0	BO002	149	0	((ride))	((ride))	_	_	_	_	_	nonverbalbehavior	_	ContainsVariation=No	_	Begin=294.532|End=298.408	_	_	_	_
150-0	BO002	150	0	poi	poi	_	_	_	_	_	linguistic	_	ContainsVariation=No	_	Begin=299.075	_	_	_	_
150-1	BO002	150	1	un	un	_	_	_	_	_	linguistic	_	ContainsVariation=No	_	_	_	_	_	_
150-2	BO002	150	2	altro	altro	_	_	_	_	_	linguistic	_	ContainsVariation=No	_	_	_	_	_	_
150-3	BO002	150	3	sacco	sacco	_	_	_	_	_	linguistic	_	ContainsVariation=No	_	_	_	_	_	_
150-4	BO002	150	4	di	di	_	_	_	_	_	linguistic	_	ContainsVariation=No	_	_	_	_	_	_
150-5	BO002	150	5	gente	gente	_	_	_	_	_	linguistic	_	ContainsVariation=No	_	_	_	_	_	_
150-6	BO002	150	6	che	che	_	_	_	_	_	linguistic	_	ContainsVariation=No	_	_	_	_	_	_
150-7	BO002	150	7	però	però	_	_	_	_	_	linguistic	_	ContainsVariation=No	_	_	_	_	_	_
150-8	BO002	150	8	non	non	_	_	_	_	_	linguistic	_	ContainsVariation=No	_	_	_	_	_	_
150-9	BO002	150	9	conosci	conosci	_	_	_	_	_	linguistic	_	ContainsVariation=No	ProsodicLink=Yes	_	_	_	_	_
150-10	BO002	150	10	non	non	_	_	_	_	_	linguistic	_	ContainsVariation=No	_	_	_	_	_	_
150-11	BO002	150	11	conosco	conosco	_	_	_	_	_	linguistic	_	ContainsVariation=No	_	_	_	_	_	_
150-12	BO002	150	12	>nemmeno	nemmeno	_	_	_	_	_	linguistic	_	ContainsVariation=No	_	_	_	Fast=0-7(0)	_	_
150-13	BO002	150	13	io	io	_	_	_	_	_	linguistic	_	ContainsVariation=No	_	_	_	Fast=0-2(0)	_	_
150-14	BO002	150	14	[sinceramente<]	sinceramente	_	_	_	_	_	linguistic	_	ContainsVariation=No	_	End=303.746	_	Fast=0-12(0)	_	0-12(50)
151-0	BO003	151	0	[sì	sì	_	_	_	_	_	linguistic	_	ContainsVariation=No	_	Begin=302.939	_	_	_	0-2(50)
151-1	BO003	151	1	sì	sì	_	_	_	_	_	linguistic	_	ContainsVariation=No	_	_	_	_	_	0-2(50)
151-2	BO003	151	2	sì].	sì	_	_	_	_	_	linguistic	_	ContainsVariation=No	Intonation=Falling	_	_	_	_	0-2(50)
151-3	BO003	151	3	comunque	comunque	_	_	_	_	_	linguistic	_	ContainsVariation=No	_	_	_	_	_	_
151-4	BO003	151	4	proprio	proprio	_	_	_	_	_	linguistic	_	ContainsVariation=No	_	_	_	_	_	_
151-5	BO003	151	5	si	si	_	_	_	_	_	linguistic	_	ContainsVariation=No	_	_	_	_	_	_
151-6	BO003	151	6	è	è	_	_	_	_	_	linguistic	_	ContainsVariation=No	_	_	_	_	_	_
151-7	BO003	151	7	divertita::	divertita	_	_	_	_	_	linguistic	_	ContainsVariation=No	_	_	8x2	_	_	_
151-8	BO003	151	8	[la	la	_	_	_	_	_	linguistic	_	ContainsVariation=No	_	_	_	_	_	0-2(51)
151-9	BO003	151	9	sua	sua	_	_	_	_	_	linguistic	_	ContainsVariation=No	_	_	_	_	_	0-3(51)
151-10	BO003	151	10	parte]	parte	_	_	_	_	_	linguistic	_	ContainsVariation=No	_	End=306.54	_	_	_	0-5(51)
152-0	BO002	152	0	[<tanto>].	tanto	_	_	_	_	_	linguistic	_	ContainsVariation=No	Intonation=Falling	Begin=305.548|End=306.545	_	Slow=0-5(0)	_	0-5(51)
153-0	BO003	153	0	co[me	come	_	_	_	_	_	linguistic	_	ContainsVariation=No	_	Begin=307.028	_	_	_	2-4(52)
153-1	BO003	153	1	si	si	_	_	_	_	_	linguistic	_	ContainsVariation=No	_	_	_	_	_	0-2(52)
153-2	BO003	153	2	chiama],	chiama	_	_	_	_	_	linguistic	_	ContainsVariation=No	Intonation=WeaklyRising	End=308.179	_	_	_	0-6(52)
154-0	BO002	154	0	[lei	lei	_	_	_	_	_	linguistic	_	ContainsVariation=No	_	Begin=307.227	_	_	_	0-3(52)
154-1	BO002	154	1	si	si	_	_	_	_	_	linguistic	_	ContainsVariation=No	_	_	_	_	_	0-2(52)
154-2	BO002	154	2	chiama]	chiama	_	_	_	_	_	linguistic	_	ContainsVariation=No	PauseAfter=Yes	_	_	_	_	0-6(52)
154-3	BO002	154	3	(.)	(.)	_	_	_	_	_	shortpause	_	ContainsVariation=No	_	_	_	_	_	_
154-4	BO002	154	4	anna	anna	_	_	_	_	_	linguistic	_	ContainsVariation=No	PauseAfter=Yes	_	_	_	_	_
154-5	BO002	154	5	(.)	(.)	_	_	_	_	_	shortpause	_	ContainsVariation=No	_	_	_	_	_	_
154-6	BO002	154	6	a	a	_	_	_	_	_	linguistic	_	ContainsVariation=No	_	_	_	_	_	_
154-7	BO002	154	7	enne	enne	_	_	_	_	_	linguistic	_	ContainsVariation=No	_	_	_	_	_	_
154-8	BO002	154	8	enne	enne	_	_	_	_	_	linguistic	_	ContainsVariation=No	_	_	_	_	_	_
154-9	BO002	154	9	a	a	_	_	_	_	_	linguistic	_	ContainsVariation=No	_	End=310.761	_	_	_	_
155-0	BO003	155	0	anna,	anna	_	_	_	_	_	linguistic	_	ContainsVariation=No	Intonation=WeaklyRising	Begin=310.828|End=311.883	_	_	_	_
156-0	BO003	156	0	rossi	rossi	_	_	_	_	_	linguistic	_	ContainsVariation=No	_	Begin=312.026|End=313.236	_	_	_	_
157-0	BO002	157	0	[esatto]	esatto	_	_	_	_	_	linguistic	_	ContainsVariation=No	_	Begin=312.511|End=313.238	_	_	_	0-6(53)
158-0	BO003	158	0	non	non	_	_	_	_	_	linguistic	_	ContainsVariation=No	_	Begin=316.11	_	_	_	_
158-1	BO003	158	1	sei	sei	_	_	_	_	_	linguistic	_	ContainsVariation=No	_	_	_	_	_	_
158-2	BO003	158	2	certo	certo	_	_	_	_	_	linguistic	_	ContainsVariation=No	PauseAfter=Yes	_	_	_	_	_
158-3	BO003	158	3	(.)	(.)	_	_	_	_	_	shortpause	_	ContainsVariation=No	_	_	_	_	_	_
158-4	BO003	158	4	sembra	sembra	_	_	_	_	_	linguistic	_	ContainsVariation=No	_	_	_	_	_	_
158-5	BO003	158	5	la	la	_	_	_	_	_	linguistic	_	ContainsVariation=No	_	_	_	_	_	_
158-6	BO003	158	6	franzoni.	franzoni	_	_	_	_	_	linguistic	_	ContainsVariation=No	Intonation=Falling	End=318.995	_	_	_	_
159-0	BO002	159	0	chi	chi	_	_	_	_	_	linguistic	_	ContainsVariation=No	_	Begin=319.714	_	_	_	_
159-1	BO002	159	1	è	è	_	_	_	_	_	linguistic	_	ContainsVariation=No	_	_	_	_	_	_
159-2	BO002	159	2	la	la	_	_	_	_	_	linguistic	_	ContainsVariation=No	_	_	_	_	_	_
159-3	BO002	159	3	franzo[ni]?	franzoni	_	_	_	_	_	linguistic	_	ContainsVariation=No	Intonation=Rising	End=321.361	_	_	_	6-8(54)
160-0	BO003	160	0	[quel]la	quella	_	_	_	_	_	linguistic	_	ContainsVariation=No	PauseAfter=Yes	Begin=320.997	_	_	_	0-4(54)
160-1	BO003	160	1	(.)	(.)	_	_	_	_	_	shortpause	_	ContainsVariation=No	_	_	_	_	_	_
160-2	BO003	160	2	che	che	_	_	_	_	_	linguistic	_	ContainsVariation=No	_	_	_	_	_	_
160-3	BO003	160	3	ha	ha	_	_	_	_	_	linguistic	_	ContainsVariation=No	_	_	_	_	_	_
160-4	BO003	160	4	ammazzato	ammazzato	_	_	_	_	_	linguistic	_	ContainsVariation=No	_	_	_	_	_	_
160-5	BO003	160	5	il	il	_	_	_	_	_	linguistic	_	ContainsVariation=No	_	_	_	_	_	_
160-6	BO003	160	6	figlio,	figlio	_	_	_	_	_	linguistic	_	ContainsVariation=No	Intonation=WeaklyRising	_	_	_	_	_
160-7	BO003	160	7	l'	l'	_	_	_	_	_	linguistic	_	ContainsVariation=No	SpaceAfter=No	_	_	_	_	_
160-8	BO003	160	8	an[namaria	annamaria	_	_	_	_	_	linguistic	_	ContainsVariation=No	_	_	_	_	_	1-9(55)
160-9	BO003	160	9	franzoni]	franzoni	_	_	_	_	_	linguistic	_	ContainsVariation=No	_	_	_	_	_	0-8(55)
160-10	BO003	160	10	((ride))	((ride))	_	_	_	_	_	nonverbalbehavior	_	ContainsVariation=No	_	End=324.342	_	_	_	_
161-0	BO002	161	0	[ah::]	ah	_	_	_	_	_	linguistic	_	ContainsVariation=No	_	Begin=323.164	1x2	_	_	0-2(55)
161-1	BO002	161	1	lei.	lei	_	_	_	_	_	linguistic	_	ContainsVariation=No	Intonation=Falling|PauseAfter=Yes	_	_	_	_	_
161-2	BO002	161	2	(.)	(.)	_	_	_	_	_	shortpause	_	ContainsVariation=No	_	_	_	_	_	_
161-3	BO002	161	3	[dici]	dici	_	_	_	_	_	linguistic	_	ContainsVariation=No	_	End=325.119	_	_	_	0-4(56)
162-0	BO003	162	0	[sì]	sì	_	_	_	_	_	linguistic	_	ContainsVariation=No	PauseAfter=Yes	Begin=324.557	_	_	_	0-2(56)
162-1	BO003	162	1	(.)	(.)	_	_	_	_	_	shortpause	_	ContainsVariation=No	_	_	_	_	_	_
162-2	BO003	162	2	sembra	sembra	_	_	_	_	_	linguistic	_	ContainsVariation=No	_	_	_	_	_	_
162-3	BO003	162	3	la	la	_	_	_	_	_	linguistic	_	ContainsVariation=No	_	_	_	_	_	_
162-4	BO003	162	4	fran[zo:ni]	franzoni	_	_	_	_	_	linguistic	_	ContainsVariation=No	_	End=326.546	5x1	_	_	4-8(57)
163-0	BO002	163	0	[davve:]ro?	davvero	_	_	_	_	_	linguistic	_	ContainsVariation=No	Intonation=Rising	Begin=325.706	4x1	_	_	0-5(57)
163-1	BO002	163	1	lo	lo	_	_	_	_	_	linguistic	_	ContainsVariation=No	_	_	_	_	_	_
163-2	BO002	163	2	sai	sai	_	_	_	_	_	linguistic	_	ContainsVariation=No	_	_	_	_	_	_
163-3	BO002	163	3	che	che	_	_	_	_	_	linguistic	_	ContainsVariation=No	_	_	_	_	_	_
163-4	BO002	163	4	non	non	_	_	_	_	_	linguistic	_	ContainsVariation=No	_	_	_	_	_	_
163-5	BO002	163	5	ce	ce	_	_	_	_	_	linguistic	_	ContainsVariation=No	_	_	_	_	_	_
163-6	BO002	163	6	l'	l'	_	_	_	_	_	linguistic	_	ContainsVariation=No	SpaceAfter=No	_	_	_	_	_
163-7	BO002	163	7	ho	ho	_	_	_	_	_	linguistic	_	ContainsVariation=No	_	_	_	_	_	_
163-8	BO002	163	8	presente	presente	_	_	_	_	_	linguistic	_	ContainsVariation=No	_	_	_	_	_	_
163-9	BO002	163	9	questa	questa	_	_	_	_	_	linguistic	_	ContainsVariation=No	_	_	_	_	_	_
163-10	BO002	163	10	qua,	qua	_	_	_	_	_	linguistic	_	ContainsVariation=No	Intonation=WeaklyRising	End=328.831	_	_	_	_
164-0	BO002	164	0	bruttina	bruttina	_	_	_	_	_	linguistic	_	ContainsVariation=No	PauseAfter=Yes	Begin=329.083	_	_	_	_
164-1	BO002	164	1	(.)	(.)	_	_	_	_	_	shortpause	_	ContainsVariation=No	_	_	_	_	_	_
164-2	BO002	164	2	[eh:],	eh	_	_	_	_	_	linguistic	_	ContainsVariation=No	Intonation=WeaklyRising	End=330.433	1x1	_	_	0-2(58)
165-0	BO003	165	0	[sì]	sì	_	_	_	_	_	linguistic	_	ContainsVariation=No	_	Begin=330.219	_	_	_	_
165-1	BO003	165	1	no	no	_	_	_	_	_	linguistic	_	ContainsVariation=No	_	_	_	_	_	_
165-2	BO003	165	2	no	no	_	_	_	_	_	linguistic	_	ContainsVariation=No	PauseAfter=Yes	_	_	_	_	_
165-3	BO003	165	3	(.)	(.)	_	_	_	_	_	shortpause	_	ContainsVariation=No	_	_	_	_	_	_
165-4	BO003	165	4	E.	e	_	_	_	_	_	linguistic	_	ContainsVariation=No	Intonation=Falling|PauseAfter=Yes|Volume=high	_	_	_	_	_
165-5	BO003	165	5	(.)	(.)	_	_	_	_	_	shortpause	_	ContainsVariation=No	_	_	_	_	_	_
165-6	BO003	165	6	sei	sei	_	_	_	_	_	linguistic	_	ContainsVariation=No	_	_	_	_	_	_
165-7	BO003	165	7	ma~	ma~	_	_	_	_	_	linguistic	_	ContainsVariation=No	Interrupted=Yes	_	_	_	_	_
165-8	BO003	165	8	sei	sei	_	_	_	_	_	linguistic	_	ContainsVariation=No	_	_	_	_	_	_
165-9	BO003	165	9	meglio	meglio	_	_	_	_	_	linguistic	_	ContainsVariation=No	_	_	_	_	_	_
165-10	BO003	165	10	xxx	xxx	_	_	_	_	_	unknown	_	ContainsVariation=No	Syllables=3	_	_	_	_	_
165-11	BO003	165	11	proprio	proprio	_	_	_	_	_	linguistic	_	ContainsVariation=No	_	_	_	_	_	_
165-12	BO003	165	12	di	di	_	_	_	_	_	linguistic	_	ContainsVariation=No	_	_	_	_	_	_
165-13	BO003	165	13	quel	quel	_	_	_	_	_	linguistic	_	ContainsVariation=No	_	_	_	_	_	_
165-14	BO003	165	14	po'].	po'	_	_	_	_	_	linguistic	_	ContainsVariation=No	Intonation=Falling	End=334.345	_	_	_	_
166-0	BO002	166	0	((ride))	((ride))	_	_	_	_	_	nonverbalbehavior	_	ContainsVariation=No	_	Begin=332.887|End=334.991	_	_	_	_
167-0	BO002	167	0	gra[zie]	grazie	_	_	_	_	_	linguistic	_	ContainsVariation=No	_	Begin=335.234	_	_	_	3-6(60)
167-1	BO002	167	1	((ride))	((ride))	_	_	_	_	_	nonverbalbehavior	_	ContainsVariation=No	_	End=336.599	_	_	_	_
168-0	BO003	168	0	[ma]	ma	_	_	_	_	_	linguistic	_	ContainsVariation=No	PauseAfter=Yes	Begin=336.077	_	_	_	0-2(61)
168-1	BO003	168	1	(.)	(.)	_	_	_	_	_	shortpause	_	ContainsVariation=No	_	_	_	_	_	_
168-2	BO003	168	2	cioè.	cioè	_	_	_	_	_	linguistic	_	ContainsVariation=No	Intonation=Falling	_	_	_	_	_
168-3	BO003	168	3	un	un	_	_	_	_	_	linguistic	_	ContainsVariation=No	_	_	_	_	_	_
168-4	BO003	168	4	salto	salto	_	_	_	_	_	linguistic	_	ContainsVariation=No	_	_	_	_	_	_
168-5	BO003	168	5	di	di	_	_	_	_	_	linguistic	_	ContainsVariation=No	_	_	_	_	_	_
168-6	BO003	168	6	qualità	qualità	_	_	_	_	_	linguistic	_	ContainsVariation=No	_	_	_	_	_	_
168-7	BO003	168	7	ha	ha	_	_	_	_	_	linguistic	_	ContainsVariation=No	_	_	_	_	_	_
168-8	BO003	168	8	fatto	fatto	_	_	_	_	_	linguistic	_	ContainsVariation=No	_	_	_	_	_	_
168-9	BO003	168	9	da	da	_	_	_	_	_	linguistic	_	ContainsVariation=No	_	_	_	_	_	_
168-10	BO003	168	10	qui	qui	_	_	_	_	_	linguistic	_	ContainsVariation=No	_	_	_	_	_	_
168-11	BO003	168	11	a	a	_	_	_	_	_	linguistic	_	ContainsVariation=No	PauseAfter=Yes	_	_	_	_	_
168-12	BO003	168	12	(.)	(.)	_	_	_	_	_	shortpause	_	ContainsVariation=No	_	_	_	_	_	_
168-13	BO003	168	13	pra:to	prato	_	_	_	_	_	linguistic	_	ContainsVariation=No	_	End=340.124	2x1	_	_	_
169-0	BO002	169	0	((ride))	((ride))	_	_	_	_	_	nonverbalbehavior	_	ContainsVariation=No	_	Begin=336.661|End=341.214	_	_	_	_
170-0	BO002	170	0	boia	boia	_	_	_	_	_	linguistic	_	ContainsVariation=No	_	Begin=342.466|End=343.03	_	_	_	_
171-0	BO003	171	0	no	no	_	_	_	_	_	linguistic	_	ContainsVariation=No	_	Begin=343.631	_	_	_	_
171-1	BO003	171	1	no	no	_	_	_	_	_	linguistic	_	ContainsVariation=No	PauseAfter=Yes	_	_	_	_	_
171-2	BO003	171	2	(.)	(.)	_	_	_	_	_	shortpause	_	ContainsVariation=No	_	_	_	_	_	_
171-3	BO003	171	3	lei	lei	_	_	_	_	_	linguistic	_	ContainsVariation=No	_	_	_	_	_	_
171-4	BO003	171	4	a	a	_	_	_	_	_	linguistic	_	ContainsVariation=No	_	_	_	_	_	_
171-5	BO003	171	5	me	me	_	_	_	_	_	linguistic	_	ContainsVariation=No	_	_	_	_	_	_
171-6	BO003	171	6	non	non	_	_	_	_	_	linguistic	_	ContainsVariation=No	_	_	_	_	_	_
171-7	BO003	171	7	piace.	piace	_	_	_	_	_	linguistic	_	ContainsVariation=No	Intonation=Falling	End=345.052	_	_	_	_
172-0	BO002	172	0	non	non	_	_	_	_	_	linguistic	_	ContainsVariation=No	_	Begin=345.111	_	_	_	_
172-1	BO002	172	1	ti	ti	_	_	_	_	_	linguistic	_	ContainsVariation=No	_	_	_	_	_	_
172-2	BO002	172	2	pia[ce].	piace	_	_	_	_	_	linguistic	_	ContainsVariation=No	Intonation=Falling	End=346.489	_	_	_	3-5(62)
173-0	BO003	173	0	[no].	no	_	_	_	_	_	linguistic	_	ContainsVariation=No	Intonation=Falling	Begin=345.684|End=346.487	_	_	_	0-2(62)
174-0	BO002	174	0	[>secondo<	secondo	_	_	_	_	_	linguistic	_	ContainsVariation=No	_	Begin=346.797	_	Fast=0-7(0)	_	0-7(64)
174-1	BO002	174	1	me	me	_	_	_	_	_	linguistic	_	ContainsVariation=No	_	_	_	_	_	0-2(64)
174-2	BO002	174	2	ha	ha	_	_	_	_	_	linguistic	_	ContainsVariation=No	_	_	_	_	_	0-2(64)
174-3	BO002	174	3	an]che	anche	_	_	_	_	_	linguistic	_	ContainsVariation=No	_	_	_	_	_	0-2(64)
174-4	BO002	174	4	un	un	_	_	_	_	_	linguistic	_	ContainsVariation=No	_	_	_	_	_	_
174-5	BO002	174	5	bel	bel	_	_	_	_	_	linguistic	_	ContainsVariation=No	_	_	_	_	_	_
174-6	BO002	174	6	fi:sico	fisico	_	_	_	_	_	linguistic	_	ContainsVariation=No	PauseAfter=Yes	_	1x1	_	_	_
174-7	BO002	174	7	(.)	(.)	_	_	_	_	_	shortpause	_	ContainsVariation=No	_	_	_	_	_	_
174-8	BO002	174	8	però	però	_	_	_	_	_	linguistic	_	ContainsVariation=No	_	_	_	_	_	_
174-9	BO002	174	9	[boh::]	boh	_	_	_	_	_	linguistic	_	ContainsVariation=No	_	End=350.071	2x2	_	_	0-3(63)
175-0	BO003	175	0	[per	per	_	_	_	_	_	linguistic	_	ContainsVariation=No	_	Begin=346.797	_	_	_	0-3(64)
175-1	BO003	175	1	niente].	niente	_	_	_	_	_	linguistic	_	ContainsVariation=No	Intonation=Falling	End=347.978	_	_	_	0-6(64)
176-0	BO003	176	0	[è	è	_	_	_	_	_	linguistic	_	ContainsVariation=No	_	Begin=349.794	_	_	_	0-1(65)
176-1	BO003	176	1	la]	la	_	_	_	_	_	linguistic	_	ContainsVariation=No	_	_	_	_	_	0-2(65)
176-2	BO003	176	2	faccia	faccia	_	_	_	_	_	linguistic	_	ContainsVariation=No	PauseAfter=Yes	_	_	_	_	_
176-3	BO003	176	3	(.)	(.)	_	_	_	_	_	shortpause	_	ContainsVariation=No	_	_	_	_	_	_
176-4	BO003	176	4	perché	perché	_	_	_	_	_	linguistic	_	ContainsVariation=No	_	_	_	_	_	_
176-5	BO003	176	5	alla	alla	_	_	_	_	_	linguistic	_	ContainsVariation=No	_	_	_	_	_	_
176-6	BO003	176	6	fine	fine	_	_	_	_	_	linguistic	_	ContainsVariation=No	_	_	_	_	_	_
176-7	BO003	176	7	il	il	_	_	_	_	_	linguistic	_	ContainsVariation=No	_	_	_	_	_	_
176-8	BO003	176	8	fisico	fisico	_	_	_	_	_	linguistic	_	ContainsVariation=No	_	_	_	_	_	_
176-9	BO003	176	9	a	a	_	_	_	_	_	linguistic	_	ContainsVariation=No	_	_	_	_	_	_
176-10	BO003	176	10	meno	meno	_	_	_	_	_	linguistic	_	ContainsVariation=No	_	_	_	_	_	_
176-11	BO003	176	11	che	che	_	_	_	_	_	linguistic	_	ContainsVariation=No	_	_	_	_	_	_
176-12	BO003	176	12	tu	tu	_	_	_	_	_	linguistic	_	ContainsVariation=No	_	_	_	_	_	_
176-13	BO003	176	13	non	non	_	_	_	_	_	linguistic	_	ContainsVariation=No	_	_	_	_	_	_
176-14	BO003	176	14	abbia	abbia	_	_	_	_	_	linguistic	_	ContainsVariation=No	PauseAfter=Yes	_	_	_	_	_
176-15	BO003	176	15	(.)	(.)	_	_	_	_	_	shortpause	_	ContainsVariation=No	_	_	_	_	_	_
176-16	BO003	176	16	>davvero<	davvero	_	_	_	_	_	linguistic	_	ContainsVariation=No	_	_	_	Fast=0-7(0)	_	_
176-17	BO003	176	17	il	il	_	_	_	_	_	linguistic	_	ContainsVariation=No	_	_	_	_	_	_
176-18	BO003	176	18	diametro	diametro	_	_	_	_	_	linguistic	_	ContainsVariation=No	_	_	_	_	_	_
176-19	BO003	176	19	del	del	_	_	_	_	_	linguistic	_	ContainsVariation=No	_	_	_	_	_	_
176-20	BO003	176	20	tavolo,	tavolo	_	_	_	_	_	linguistic	_	ContainsVariation=No	Intonation=WeaklyRising	End=354.289	_	_	_	_
177-0	BO002	177	0	((ride))	((ride))	_	_	_	_	_	nonverbalbehavior	_	ContainsVariation=No	_	Begin=351.128|End=352.285	_	_	_	_
178-0	BO002	178	0	((ride))	((ride))	_	_	_	_	_	nonverbalbehavior	_	ContainsVariation=No	_	Begin=354.128|End=358.764	_	_	_	_
179-0	BO003	179	0	>cioè<	cioè	_	_	_	_	_	linguistic	_	ContainsVariation=No	PauseAfter=Yes	Begin=354.911	_	Fast=0-4(0)	_	_
179-1	BO003	179	1	(.)	(.)	_	_	_	_	_	shortpause	_	ContainsVariation=No	_	_	_	_	_	_
179-2	BO003	179	2	<non::>	non	_	_	_	_	_	linguistic	_	ContainsVariation=No	_	End=357.337	2x2	Slow=0-3(0)	_	_
180-0	BO003	180	0	eccolo::.	eccolo	_	_	_	_	_	linguistic	_	ContainsVariation=No	Intonation=Falling	Begin=358.853	5x2	_	_	_
180-1	BO003	180	1	mi	mi	_	_	_	_	_	linguistic	_	ContainsVariation=No	_	_	_	_	_	_
180-2	BO003	180	2	sa	sa	_	_	_	_	_	linguistic	_	ContainsVariation=No	_	_	_	_	_	_
180-3	BO003	180	3	che	che	_	_	_	_	_	linguistic	_	ContainsVariation=No	_	_	_	_	_	_
180-4	BO003	180	4	è	è	_	_	_	_	_	linguistic	_	ContainsVariation=No	_	_	_	_	_	_
180-5	BO003	180	5	lui	lui	_	_	_	_	_	linguistic	_	ContainsVariation=No	PauseAfter=Yes	_	_	_	_	_
180-6	BO003	180	6	(.)	(.)	_	_	_	_	_	shortpause	_	ContainsVariation=No	_	_	_	_	_	_
180-7	BO003	180	7	da:	da	_	_	_	_	_	linguistic	_	ContainsVariation=No	PauseAfter=Yes	_	1x1	_	_	_
180-8	BO003	180	8	(.)	(.)	_	_	_	_	_	shortpause	_	ContainsVariation=No	_	_	_	_	_	_
180-9	BO003	180	9	la	la	_	_	_	_	_	linguistic	_	ContainsVariation=No	_	_	_	_	_	_
180-10	BO003	180	10	[foto	foto	_	_	_	_	_	linguistic	_	ContainsVariation=No	_	_	_	_	_	0-4(68)
180-11	BO003	180	11	whatsapp],	whatsapp	_	_	_	_	_	linguistic	_	ContainsVariation=No	Intonation=WeaklyRising	End=362.216	_	_	_	0-8(68)
181-0	BO002	181	0	[sì	sì	_	_	_	_	_	linguistic	_	ContainsVariation=No	PauseAfter=Yes	Begin=361.197	_	_	_	0-2(68)
181-1	BO002	181	1	(.)	(.)	_	_	_	_	_	shortpause	_	ContainsVariation=No	_	_	_	_	_	X(68)
181-2	BO002	181	2	sì]	sì	_	_	_	_	_	linguistic	_	ContainsVariation=No	PauseAfter=Yes	_	_	_	_	0-2(68)
181-3	BO002	181	3	(.)	(.)	_	_	_	_	_	shortpause	_	ContainsVariation=No	_	_	_	_	_	_
181-4	BO002	181	4	è	è	_	_	_	_	_	linguistic	_	ContainsVariation=No	_	_	_	_	_	_
181-5	BO002	181	5	lui.	lui	_	_	_	_	_	linguistic	_	ContainsVariation=No	Intonation=Falling	End=363.552	_	_	_	_
182-0	BO002	182	0	>dov'	dov'	_	_	_	_	_	linguistic	_	ContainsVariation=No	SpaceAfter=No	Begin=365.319	_	Fast=0-4(0)	_	_
182-1	BO002	182	1	è	è	_	_	_	_	_	linguistic	_	ContainsVariation=No	_	_	_	Fast=0-1(0)	_	_
182-2	BO002	182	2	andato	andato	_	_	_	_	_	linguistic	_	ContainsVariation=No	_	_	_	Fast=0-6(0)	_	_
182-3	BO002	182	3	a	a	_	_	_	_	_	linguistic	_	ContainsVariation=No	_	_	_	Fast=0-1(0)	_	_
182-4	BO002	182	4	finire<,	finire	_	_	_	_	_	linguistic	_	ContainsVariation=No	Intonation=WeaklyRising	End=366.469	_	Fast=0-6(0)	_	_
183-0	BO002	183	0	sì	sì	_	_	_	_	_	linguistic	_	ContainsVariation=No	PauseAfter=Yes	Begin=366.514	_	_	_	_
183-1	BO002	183	1	(.)	(.)	_	_	_	_	_	shortpause	_	ContainsVariation=No	_	_	_	_	_	_
183-2	BO002	183	2	>ora	ora	_	_	_	_	_	linguistic	_	ContainsVariation=No	_	_	_	Fast=0-3(0)	_	_
183-3	BO002	183	3	un	un	_	_	_	_	_	linguistic	_	ContainsVariation=No	_	_	_	Fast=0-2(0)	_	_
183-4	BO002	183	4	guardà<	guardà	_	_	_	_	_	linguistic	_	ContainsVariation=No	_	_	_	Fast=0-6(0)	_	_
183-5	BO002	183	5	le	le	_	_	_	_	_	linguistic	_	ContainsVariation=No	_	_	_	_	_	_
183-6	BO002	183	6	condizio:ni	condizioni	_	_	_	_	_	linguistic	_	ContainsVariation=No	_	End=369.052	7x1	_	_	_
184-0	BO003	184	0	((ride))	((ride))	_	_	_	_	_	nonverbalbehavior	_	ContainsVariation=No	_	Begin=368.156|End=369.06	_	_	_	_
185-0	BO003	185	0	>vabbè<	vabbè	_	_	_	_	_	linguistic	_	ContainsVariation=No	PauseAfter=Yes	Begin=369.12	_	Fast=0-5(0)	_	_
185-1	BO003	185	1	(.)	(.)	_	_	_	_	_	shortpause	_	ContainsVariation=No	_	_	_	_	_	_
185-2	BO003	185	2	però	però	_	_	_	_	_	linguistic	_	ContainsVariation=No	_	_	_	_	_	_
185-3	BO003	185	3	sì	sì	_	_	_	_	_	linguistic	_	ContainsVariation=No	_	_	_	_	_	_
185-4	BO003	185	4	si	si	_	_	_	_	_	linguistic	_	ContainsVariation=No	_	_	_	_	_	_
185-5	BO003	185	5	vede	vede	_	_	_	_	_	linguistic	_	ContainsVariation=No	_	_	_	_	_	_
185-6	BO003	185	6	che	che	_	_	_	_	_	linguistic	_	ContainsVariation=No	_	_	_	_	_	_
185-7	BO003	185	7	ha	ha	_	_	_	_	_	linguistic	_	ContainsVariation=No	_	_	_	_	_	_
185-8	BO003	185	8	gli	gli	_	_	_	_	_	linguistic	_	ContainsVariation=No	_	_	_	_	_	_
185-9	BO003	185	9	occhi	occhi	_	_	_	_	_	linguistic	_	ContainsVariation=No	_	_	_	_	_	_
185-10	BO003	185	10	chiari	chiari	_	_	_	_	_	linguistic	_	ContainsVariation=No	_	_	_	_	_	_
185-11	BO003	185	11	anche	anche	_	_	_	_	_	linguistic	_	ContainsVariation=No	_	_	_	_	_	_
185-12	BO003	185	12	dalle	dalle	_	_	_	_	_	linguistic	_	ContainsVariation=No	_	_	_	_	_	_
185-13	BO003	185	13	foto	foto	_	_	_	_	_	linguistic	_	ContainsVariation=No	_	End=372.743	_	_	_	_
186-0	BO003	186	0	chiarissi[mi].	chiarissimi	_	_	_	_	_	linguistic	_	ContainsVariation=No	Intonation=Falling	Begin=372.819|End=373.79	_	_	_	9-11(70)
187-0	BO002	187	0	[sì]	sì	_	_	_	_	_	linguistic	_	ContainsVariation=No	_	Begin=373.577	_	_	_	0-2(70)
187-1	BO002	187	1	molto.	molto	_	_	_	_	_	linguistic	_	ContainsVariation=No	Intonation=Falling	End=374.674	_	_	_	_
188-0	BO002	188	0	>poi<	poi	_	_	_	_	_	linguistic	_	ContainsVariation=No	PauseAfter=Yes	Begin=374.844	_	Fast=0-3(0)	_	_
188-1	BO002	188	1	(.)	(.)	_	_	_	_	_	shortpause	_	ContainsVariation=No	_	_	_	_	_	_
188-2	BO002	188	2	>secondo	secondo	_	_	_	_	_	linguistic	_	ContainsVariation=No	_	_	_	Fast=0-7(1)	_	_
188-3	BO002	188	3	me<	me	_	_	_	_	_	linguistic	_	ContainsVariation=No	_	_	_	Fast=0-2(1)	_	_
188-4	BO002	188	4	ce	ce	_	_	_	_	_	linguistic	_	ContainsVariation=No	_	_	_	Slow=0-2(1)	_	_
188-5	BO002	188	5	li	li	_	_	_	_	_	linguistic	_	ContainsVariation=No	_	_	_	Slow=0-2(1)	_	_
188-6	BO002	188	6	ha	ha	_	_	_	_	_	linguistic	_	ContainsVariation=No	_	_	_	Slow=0-2(1)	_	_
188-7	BO002	188	7	azzurri	azzurri	_	_	_	_	_	linguistic	_	ContainsVariation=No	_	_	_	Slow=0-7(1)	_	_
188-8	BO002	188	8	lui	lui	_	_	_	_	_	linguistic	_	ContainsVariation=No	_	_	_	Slow=0-3(1)	_	_
188-9	BO002	188	9	dice	dice	_	_	_	_	_	linguistic	_	ContainsVariation=No	_	_	_	Slow=0-4(1)	_	_
188-10	BO002	188	10	son	son	_	_	_	_	_	linguistic	_	ContainsVariation=No	_	_	_	Slow=0-3(1)	_	_
188-11	BO002	188	11	verdi	verdi	_	_	_	_	_	linguistic	_	ContainsVariation=No	_	_	_	Slow=0-5(1)	_	_
188-12	BO002	188	12	>vabbè	vabbè	_	_	_	_	_	linguistic	_	ContainsVariation=No	_	_	_	Fast=0-5(2)	_	_
188-13	BO002	188	13	lasciamo	lasciamo	_	_	_	_	_	linguistic	_	ContainsVariation=No	_	_	_	Fast=0-8(2)	_	_
188-14	BO002	188	14	sta[re]<	stare	_	_	_	_	_	linguistic	_	ContainsVariation=No	_	End=378.568	_	Fast=0-5(2)	_	3-5(71)
189-0	BO003	189	0	[vabbè]	vabbè	_	_	_	_	_	linguistic	_	ContainsVariation=No	PauseAfter=Yes	Begin=378.278	_	_	_	0-5(71)
189-1	BO003	189	1	(.)	(.)	_	_	_	_	_	shortpause	_	ContainsVariation=No	_	_	_	_	_	_
189-2	BO003	189	2	lì	lì	_	_	_	_	_	linguistic	_	ContainsVariation=No	_	_	_	_	_	_
189-3	BO003	189	3	ognuno	ognuno	_	_	_	_	_	linguistic	_	ContainsVariation=No	_	_	_	_	_	_
189-4	BO003	189	4	poi	poi	_	_	_	_	_	linguistic	_	ContainsVariation=No	_	_	_	_	_	_
189-5	BO003	189	5	questo	questo	_	_	_	_	_	linguistic	_	ContainsVariation=No	_	_	_	_	_	_
189-6	BO003	189	6	chi	chi	_	_	_	_	_	linguistic	_	ContainsVariation=No	_	_	_	_	_	_
189-7	BO003	189	7	è?	è	_	_	_	_	_	linguistic	_	ContainsVariation=No	Intonation=Rising|PauseAfter=Yes	_	_	_	_	_
189-8	BO003	189	8	(.)	(.)	_	_	_	_	_	shortpause	_	ContainsVariation=No	_	_	_	_	_	_
189-9	BO003	189	9	[gino]?	gino	_	_	_	_	_	linguistic	_	ContainsVariation=No	Intonation=Rising	End=380.624	_	_	_	0-4(72)
190-0	BO002	190	0	[ah	ah	_	_	_	_	_	linguistic	_	ContainsVariation=No	_	Begin=380.125	_	_	_	0-2(72)
190-1	BO002	190	1	boh]	boh	_	_	_	_	_	linguistic	_	ContainsVariation=No	PauseAfter=Yes	_	_	_	_	0-3(72)
190-2	BO002	190	2	(.)	(.)	_	_	_	_	_	shortpause	_	ContainsVariation=No	_	_	_	_	_	_
190-3	BO002	190	3	ehm:	ehm	_	_	_	_	_	linguistic	_	ContainsVariation=No	_	_	2x1	_	_	_
190-4	BO002	190	4	fa	fa	_	_	_	_	_	linguistic	_	ContainsVariation=No	_	_	_	_	_	_
190-5	BO002	190	5	vede',	vede'	_	_	_	_	_	linguistic	_	ContainsVariation=No	Intonation=WeaklyRising|Truncated=Yes	End=381.864	_	_	_	_
191-0	BO002	191	0	io	io	_	_	_	_	_	linguistic	_	ContainsVariation=No	_	Begin=382.814	_	_	_	_
191-1	BO002	191	1	direi	direi	_	_	_	_	_	linguistic	_	ContainsVariation=No	_	_	_	_	_	_
191-2	BO002	191	2	di	di	_	_	_	_	_	linguistic	_	ContainsVariation=No	_	_	_	_	_	_
191-3	BO002	191	3	sì.	sì	_	_	_	_	_	linguistic	_	ContainsVariation=No	Intonation=Falling	End=383.747	_	_	_	_
192-0	BO002	192	0	sì	sì	_	_	_	_	_	linguistic	_	ContainsVariation=No	_	Begin=385.487	_	_	_	_
192-1	BO002	192	1	sì.	sì	_	_	_	_	_	linguistic	_	ContainsVariation=No	Intonation=Falling	End=386.724	_	_	_	_
193-0	BO002	193	0	come	come	_	_	_	_	_	linguistic	_	ContainsVariation=No	_	Begin=386.785	_	_	_	_
193-1	BO002	193	1	ti	ti	_	_	_	_	_	linguistic	_	ContainsVariation=No	_	_	_	_	_	_
193-2	BO002	193	2	pa:re?	pare	_	_	_	_	_	linguistic	_	ContainsVariation=No	Intonation=Rising	End=388.015	1x1	_	_	_
194-0	BO003	194	0	>vabbè<	vabbè	_	_	_	_	_	linguistic	_	ContainsVariation=No	_	Begin=388.42	_	Fast=0-5(0)	_	_
194-1	BO003	194	1	a	a	_	_	_	_	_	linguistic	_	ContainsVariation=No	_	_	_	_	_	_
194-2	BO003	194	2	me	me	_	_	_	_	_	linguistic	_	ContainsVariation=No	_	_	_	_	_	_
194-3	BO003	194	3	non	non	_	_	_	_	_	linguistic	_	ContainsVariation=No	_	_	_	_	_	_
194-4	BO003	194	4	piace.	piace	_	_	_	_	_	linguistic	_	ContainsVariation=No	Intonation=Falling	End=389.609	_	_	_	_
195-0	BO002	195	0	no,	no	_	_	_	_	_	linguistic	_	ContainsVariation=No	Intonation=WeaklyRising|PauseAfter=Yes	Begin=389.647	_	_	_	_
195-1	BO002	195	1	(.)	(.)	_	_	_	_	_	shortpause	_	ContainsVariation=No	_	_	_	_	_	_
195-2	BO002	195	2	[me]glio	meglio	_	_	_	_	_	linguistic	_	ContainsVariation=No	_	_	_	_	_	0-2(73)
195-3	BO002	195	3	io?	io	_	_	_	_	_	linguistic	_	ContainsVariation=No	Intonation=Rising	End=390.728	_	_	_	_
196-0	BO003	196	0	[>come<]	come	_	_	_	_	_	linguistic	_	ContainsVariation=No	_	Begin=390.066|End=390.41	_	Fast=0-4(0)	_	0-4(73)
197-0	BO003	197	0	sì	sì	_	_	_	_	_	linguistic	_	ContainsVariation=No	PauseAfter=Yes	Begin=390.784	_	_	_	_
197-1	BO003	197	1	(.)	(.)	_	_	_	_	_	shortpause	_	ContainsVariation=No	_	_	_	_	_	_
197-2	BO003	197	2	OH	oh	_	_	_	_	_	linguistic	_	ContainsVariation=No	Volume=high	End=391.458	_	_	_	_
198-0	BO002	198	0	((ride))	((ride))	_	_	_	_	_	nonverbalbehavior	_	ContainsVariation=No	_	Begin=391.458|End=392.737	_	_	_	_
199-0	BO003	199	0	come	come	_	_	_	_	_	linguistic	_	ContainsVariation=No	_	Begin=391.597	_	_	_	_
199-1	BO003	199	1	si	si	_	_	_	_	_	linguistic	_	ContainsVariation=No	_	_	_	_	_	_
199-2	BO003	199	2	chiama	chiama	_	_	_	_	_	linguistic	_	ContainsVariation=No	_	_	_	_	_	_
199-3	BO003	199	3	quello	quello	_	_	_	_	_	linguistic	_	ContainsVariation=No	_	_	_	_	_	_
199-4	BO003	199	4	lì,	lì	_	_	_	_	_	linguistic	_	ContainsVariation=No	Intonation=WeaklyRising|PauseAfter=Yes	_	_	_	_	_
199-5	BO003	199	5	(.)	(.)	_	_	_	_	_	shortpause	_	ContainsVariation=No	_	_	_	_	_	_
199-6	BO003	199	6	pier,	pier	_	_	_	_	_	linguistic	_	ContainsVariation=No	Intonation=WeaklyRising	End=393.579	_	_	_	_
200-0	BO002	200	0	ah	ah	_	_	_	_	_	linguistic	_	ContainsVariation=No	PauseAfter=Yes	Begin=394.104	_	_	_	_
200-1	BO002	200	1	(.)	(.)	_	_	_	_	_	shortpause	_	ContainsVariation=No	_	_	_	_	_	_
200-2	BO002	200	2	pier	pier	_	_	_	_	_	linguistic	_	ContainsVariation=No	PauseAfter=Yes	_	_	_	_	_
200-3	BO002	200	3	(.)	(.)	_	_	_	_	_	shortpause	_	ContainsVariation=No	_	_	_	_	_	_
200-4	BO002	200	4	giò	giò	_	_	_	_	_	linguistic	_	ContainsVariation=No	_	End=395.839	_	_	_	_
201-0	BO003	201	0	gion	gion	_	_	_	_	_	linguistic	_	ContainsVariation=No	_	Begin=395.891|End=396.724	_	_	_	_
202-0	BO002	202	0	giò	giò	_	_	_	_	_	linguistic	_	ContainsVariation=No	_	Begin=396.786|End=397.323	_	_	_	_
203-0	BO003	203	0	giò.	giò	_	_	_	_	_	linguistic	_	ContainsVariation=No	Intonation=Falling	Begin=397.475	_	_	_	_
203-1	BO003	203	1	pier	pier	_	_	_	_	_	linguistic	_	ContainsVariation=No	_	_	_	_	_	_
203-2	BO003	203	2	gio.	gio	_	_	_	_	_	linguistic	_	ContainsVariation=No	Intonation=Falling	End=399.041	_	_	_	_
204-0	BO002	204	0	((ride))	((ride))	_	_	_	_	_	nonverbalbehavior	_	ContainsVariation=No	_	Begin=397.653|End=399.027	_	_	_	_
205-0	BO002	205	0	tutto	tutto	_	_	_	_	_	linguistic	_	ContainsVariation=No	_	Begin=399.106	_	_	_	_
205-1	BO002	205	1	attaccato	attaccato	_	_	_	_	_	linguistic	_	ContainsVariation=No	_	End=400.166	_	_	_	_
206-0	BO003	206	0	ah:	ah	_	_	_	_	_	linguistic	_	ContainsVariation=No	_	Begin=400.203	1x1	_	_	_
206-1	BO003	206	1	piergiò	piergiò	_	_	_	_	_	linguistic	_	ContainsVariation=No	_	End=401.342	_	_	_	_
207-0	BO002	207	0	sì.	sì	_	_	_	_	_	linguistic	_	ContainsVariation=No	Intonation=Falling	Begin=401.355	_	_	_	_
207-1	BO002	207	1	[sareb]be	sarebbe	_	_	_	_	_	linguistic	_	ContainsVariation=No	_	_	_	_	_	0-5(76)
207-2	BO002	207	2	pier	pier	_	_	_	_	_	linguistic	_	ContainsVariation=No	PauseAfter=Yes	_	_	_	_	_
207-3	BO002	207	3	(.)	(.)	_	_	_	_	_	shortpause	_	ContainsVariation=No	_	_	_	_	_	_
207-4	BO002	207	4	giorgio	giorgio	_	_	_	_	_	linguistic	_	ContainsVariation=No	PauseAfter=Yes	_	_	_	_	_
207-5	BO002	207	5	(.)	(.)	_	_	_	_	_	shortpause	_	ContainsVariation=No	_	_	_	_	_	_
207-6	BO002	207	6	ma	ma	_	_	_	_	_	linguistic	_	ContainsVariation=No	_	_	_	_	_	_
207-7	BO002	207	7	lui	lui	_	_	_	_	_	linguistic	_	ContainsVariation=No	_	_	_	_	_	_
207-8	BO002	207	8	>si	si	_	_	_	_	_	linguistic	_	ContainsVariation=No	_	_	_	Fast=0-2(0)	_	_
207-9	BO002	207	9	fa	fa	_	_	_	_	_	linguistic	_	ContainsVariation=No	_	_	_	Fast=0-2(0)	_	_
207-10	BO002	207	10	chiamare<	chiamare	_	_	_	_	_	linguistic	_	ContainsVariation=No	_	_	_	Fast=0-8(0)	_	_
207-11	BO002	207	11	piergiò.	piergiò	_	_	_	_	_	linguistic	_	ContainsVariation=No	Intonation=Falling	End=405.136	_	_	_	_
208-0	BO003	208	0	[così]	così	_	_	_	_	_	linguistic	_	ContainsVariation=No	_	Begin=401.6|End=402.456	_	_	_	0-4(76)
209-0	BO003	209	0	ho	ho	_	_	_	_	_	linguistic	_	ContainsVariation=No	_	Begin=405.29	_	_	_	_
209-1	BO003	209	1	capito	capito	_	_	_	_	_	linguistic	_	ContainsVariation=No	_	End=405.886	_	_	_	_
210-0	BO002	210	0	piergiò,	piergiò	_	_	_	_	_	linguistic	_	ContainsVariation=No	Intonation=WeaklyRising|PauseAfter=Yes	Begin=405.886	_	_	_	_
210-1	BO002	210	1	(.)	(.)	_	_	_	_	_	shortpause	_	ContainsVariation=No	_	_	_	_	_	_
210-2	BO002	210	2	<bianchi>	bianchi	_	_	_	_	_	linguistic	_	ContainsVariation=No	_	End=408.042	_	Slow=0-7(0)	_	_
211-0	BO003	211	0	bianchi	bianchi	_	_	_	_	_	linguistic	_	ContainsVariation=No	PauseAfter=Yes	Begin=408.642	_	_	_	_
211-1	BO003	211	1	(.)	(.)	_	_	_	_	_	shortpause	_	ContainsVariation=No	_	_	_	_	_	_
211-2	BO003	211	2	eccolo	eccolo	_	_	_	_	_	linguistic	_	ContainsVariation=No	_	End=410.633	_	_	_	_
212-0	BO003	212	0	che	che	_	_	_	_	_	linguistic	_	ContainsVariation=No	_	Begin=411.527	_	_	_	_
212-1	BO003	212	1	lui	lui	_	_	_	_	_	linguistic	_	ContainsVariation=No	_	_	_	_	_	_
212-2	BO003	212	2	sì	sì	_	_	_	_	_	linguistic	_	ContainsVariation=No	PauseAfter=Yes	_	_	_	_	_
212-3	BO003	212	3	(.)	(.)	_	_	_	_	_	shortpause	_	ContainsVariation=No	_	_	_	_	_	_
212-4	BO003	212	4	è	è	_	_	_	_	_	linguistic	_	ContainsVariation=No	_	_	_	_	_	_
212-5	BO003	212	5	carino	carino	_	_	_	_	_	linguistic	_	ContainsVariation=No	_	_	_	_	_	_
212-6	BO003	212	6	ma	ma	_	_	_	_	_	linguistic	_	ContainsVariation=No	_	_	_	_	_	_
212-7	BO003	212	7	p~	p~	_	_	_	_	_	linguistic	_	ContainsVariation=No	Interrupted=Yes	_	_	_	_	_
212-8	BO003	212	8	se	se	_	_	_	_	_	linguistic	_	ContainsVariation=No	_	_	_	_	_	_
212-9	BO003	212	9	la	la	_	_	_	_	_	linguistic	_	ContainsVariation=No	_	_	_	_	_	_
212-10	BO003	212	10	crede	crede	_	_	_	_	_	linguistic	_	ContainsVariation=No	PauseAfter=Yes	_	_	_	_	_
212-11	BO003	212	11	(.)	(.)	_	_	_	_	_	shortpause	_	ContainsVariation=No	_	_	_	_	_	_
212-12	BO003	212	12	[più	più	_	_	_	_	_	linguistic	_	ContainsVariation=No	_	_	_	_	_	0-3(77)
212-13	BO003	212	13	che	che	_	_	_	_	_	linguistic	_	ContainsVariation=No	_	_	_	_	_	0-3(77)
212-14	BO003	212	14	altro	altro	_	_	_	_	_	linguistic	_	ContainsVariation=No	_	_	_	_	_	0-5(77)
212-15	BO003	212	15	perché]	perché	_	_	_	_	_	linguistic	_	ContainsVariation=No	_	End=414.898	_	_	_	0-6(77)
213-0	BO002	213	0	[se	se	_	_	_	_	_	linguistic	_	ContainsVariation=No	_	Begin=413.831	_	_	_	0-2(77)
213-1	BO002	213	1	la	la	_	_	_	_	_	linguistic	_	ContainsVariation=No	_	_	_	_	_	0-2(77)
213-2	BO002	213	2	crede	crede	_	_	_	_	_	linguistic	_	ContainsVariation=No	_	_	_	_	_	0-5(77)
213-3	BO002	213	3	tan]to	tanto	_	_	_	_	_	linguistic	_	ContainsVariation=No	_	End=415.174	_	_	_	0-3(77)
214-0	BO003	214	0	per~	per~	_	_	_	_	_	linguistic	_	ContainsVariation=No	Interrupted=Yes	Begin=415.324	_	_	_	_
214-1	BO003	214	1	già	già	_	_	_	_	_	linguistic	_	ContainsVariation=No	_	_	_	_	_	_
214-2	BO003	214	2	la	la	_	_	_	_	_	linguistic	_	ContainsVariation=No	_	_	_	_	_	_
214-3	BO003	214	3	foto	foto	_	_	_	_	_	linguistic	_	ContainsVariation=No	_	_	_	_	_	_
214-4	BO003	214	4	copertina	copertina	_	_	_	_	_	linguistic	_	ContainsVariation=No	_	_	_	_	_	_
214-5	BO003	214	5	((ride))	((ride))	_	_	_	_	_	nonverbalbehavior	_	ContainsVariation=No	_	End=417.294	_	_	_	_
215-0	BO002	215	0	((ride))	((ride))	_	_	_	_	_	nonverbalbehavior	_	ContainsVariation=No	_	Begin=416.312|End=418.691	_	_	_	_
216-0	BO002	216	0	ma	ma	_	_	_	_	_	linguistic	_	ContainsVariation=No	_	Begin=418.747	_	_	_	_
216-1	BO002	216	1	infa:tti	infatti	_	_	_	_	_	linguistic	_	ContainsVariation=No	_	End=420.406	3x1	_	_	_
217-0	BO002	217	0	che	che	_	_	_	_	_	linguistic	_	ContainsVariation=No	_	Begin=420.613	_	_	_	_
217-1	BO002	217	1	disa:gio	disagio	_	_	_	_	_	linguistic	_	ContainsVariation=No	_	End=421.791	3x1	_	_	_
218-0	BO003	218	0	no	no	_	_	_	_	_	linguistic	_	ContainsVariation=No	_	Begin=421.815	_	_	_	_
218-1	BO003	218	1	e	e	_	_	_	_	_	linguistic	_	ContainsVariation=No	_	_	_	_	_	_
218-2	BO003	218	2	luca,	luca	_	_	_	_	_	linguistic	_	ContainsVariation=No	Intonation=WeaklyRising|PauseAfter=Yes	_	_	_	_	_
218-3	BO003	218	3	(.)	(.)	_	_	_	_	_	shortpause	_	ContainsVariation=No	_	_	_	_	_	_
218-4	BO003	218	4	luca	luca	_	_	_	_	_	linguistic	_	ContainsVariation=No	_	_	_	_	_	_
218-5	BO003	218	5	sì	sì	_	_	_	_	_	linguistic	_	ContainsVariation=No	_	_	_	_	_	_
218-6	BO003	218	6	che	che	_	_	_	_	_	linguistic	_	ContainsVariation=No	_	_	_	_	_	_
218-7	BO003	218	7	può.	può	_	_	_	_	_	linguistic	_	ContainsVariation=No	Intonation=Falling	End=423.941	_	_	_	_
219-0	BO002	219	0	lui	lui	_	_	_	_	_	linguistic	_	ContainsVariation=No	_	Begin=424.248	_	_	_	_
219-1	BO002	219	1	può.	può	_	_	_	_	_	linguistic	_	ContainsVariation=No	Intonation=Falling	End=425.09	_	_	_	_
220-0	BO003	220	0	sì	sì	_	_	_	_	_	linguistic	_	ContainsVariation=No	_	Begin=425.106	_	_	_	_
220-1	BO003	220	1	luca	luca	_	_	_	_	_	linguistic	_	ContainsVariation=No	_	_	_	_	_	_
220-2	BO003	220	2	può	può	_	_	_	_	_	linguistic	_	ContainsVariation=No	_	End=426.45	_	_	_	_
221-0	BO002	221	0	>cioè	cioè	_	_	_	_	_	linguistic	_	ContainsVariation=No	_	Begin=427.597	_	Fast=0-4(0)	_	_
221-1	BO002	221	1	lui<	lui	_	_	_	_	_	linguistic	_	ContainsVariation=No	_	_	_	Fast=0-3(0)	_	_
221-2	BO002	221	2	mi	mi	_	_	_	_	_	linguistic	_	ContainsVariation=No	_	_	_	_	_	_
221-3	BO002	221	3	dico	dico	_	_	_	_	_	linguistic	_	ContainsVariation=No	_	_	_	_	_	_
221-4	BO002	221	4	infatti	infatti	_	_	_	_	_	linguistic	_	ContainsVariation=No	_	_	_	_	_	_
221-5	BO002	221	5	ma	ma	_	_	_	_	_	linguistic	_	ContainsVariation=No	_	_	_	_	_	_
221-6	BO002	221	6	poi	poi	_	_	_	_	_	linguistic	_	ContainsVariation=No	PauseAfter=Yes	_	_	_	_	_
221-7	BO002	221	7	(.)	(.)	_	_	_	_	_	shortpause	_	ContainsVariation=No	_	_	_	_	_	_
221-8	BO002	221	8	con	con	_	_	_	_	_	linguistic	_	ContainsVariation=No	_	_	_	_	_	_
221-9	BO002	221	9	quei	quei	_	_	_	_	_	linguistic	_	ContainsVariation=No	_	_	_	_	_	_
221-10	BO002	221	10	capelli	capelli	_	_	_	_	_	linguistic	_	ContainsVariation=No	_	_	_	_	_	_
221-11	BO002	221	11	xxxx	xxxx	_	_	_	_	_	unknown	_	ContainsVariation=No	Syllables=4	_	_	_	_	_
221-12	BO002	221	12	((ride))	((ride))	_	_	_	_	_	nonverbalbehavior	_	ContainsVariation=No	_	End=432.208	_	_	_	_
222-0	BO003	222	0	((ride))	((ride))	_	_	_	_	_	nonverbalbehavior	_	ContainsVariation=No	_	Begin=430.158|End=431.574	_	_	_	_
223-0	BO002	223	0	guarda	guarda	_	_	_	_	_	linguistic	_	ContainsVariation=No	_	Begin=433.012|End=434.548	_	_	_	_
224-0	BO002	224	0	(ndo	ndo	_	_	_	_	_	linguistic	_	ContainsVariation=No	_	Begin=435.217	_	_	0-3(0)	_
224-1	BO002	224	1	sei	sei	_	_	_	_	_	linguistic	_	ContainsVariation=No	PauseAfter=Yes	_	_	_	0-3(0)	_
224-2	BO002	224	2	(.)	(.)	_	_	_	_	_	shortpause	_	ContainsVariation=No	_	_	_	_	_	_
224-3	BO002	224	3	via,)	via	_	_	_	_	_	linguistic	_	ContainsVariation=No	Intonation=WeaklyRising	End=436.479	_	_	0-3(0)	_
225-0	BO003	225	0	e	e	_	_	_	_	_	linguistic	_	ContainsVariation=No	_	Begin=436.51	_	_	_	_
225-1	BO003	225	1	all'	all'	_	_	_	_	_	linguistic	_	ContainsVariation=No	SpaceAfter=No	_	_	_	_	_
225-2	BO003	225	2	ada	ada	_	_	_	_	_	linguistic	_	ContainsVariation=No	_	_	_	_	_	_
225-3	BO003	225	3	piaceva	piaceva	_	_	_	_	_	linguistic	_	ContainsVariation=No	_	_	_	_	_	_
225-4	BO003	225	4	tanti:ssimo	tantissimo	_	_	_	_	_	linguistic	_	ContainsVariation=No	_	_	4x1	_	_	_
225-5	BO003	225	5	ques[to]	questo	_	_	_	_	_	linguistic	_	ContainsVariation=No	_	End=438.967	_	_	_	3-6(80)
226-0	BO002	226	0	[da]	da	_	_	_	_	_	linguistic	_	ContainsVariation=No	_	Begin=438.487	_	_	_	0-2(80)
226-1	BO002	226	1	mori::[re::]	morire	_	_	_	_	_	linguistic	_	ContainsVariation=No	_	End=440.005	3x2,5x2	_	_	4-6(81)
227-0	BO003	227	0	>[cioè	cioè	_	_	_	_	_	linguistic	_	ContainsVariation=No	_	Begin=439.808	_	Fast=0-4(0)	_	0-4(81)
227-1	BO003	227	1	pro]prio	proprio	_	_	_	_	_	linguistic	_	ContainsVariation=No	_	_	_	Fast=0-7(0)	_	0-3(81)
227-2	BO003	227	2	che	che	_	_	_	_	_	linguistic	_	ContainsVariation=No	_	_	_	Fast=0-3(0)	_	_
227-3	BO003	227	3	ne	ne	_	_	_	_	_	linguistic	_	ContainsVariation=No	_	_	_	Fast=0-2(0)	_	_
227-4	BO003	227	4	parla~<	parla~	_	_	_	_	_	linguistic	_	ContainsVariation=No	Interrupted=Yes	_	_	Fast=0-6(0)	_	_
227-5	BO003	227	5	parlava	parlava	_	_	_	_	_	linguistic	_	ContainsVariation=No	_	_	_	_	_	_
227-6	BO003	227	6	[solo	solo	_	_	_	_	_	linguistic	_	ContainsVariation=No	_	_	_	_	_	0-4(82)
227-7	BO003	227	7	di	di	_	_	_	_	_	linguistic	_	ContainsVariation=No	_	_	_	_	_	0-2(82)
227-8	BO003	227	8	lu:i]	lui	_	_	_	_	_	linguistic	_	ContainsVariation=No	_	End=442.237	1x1	_	_	0-3(82)
228-0	BO002	228	0	[sì::]	sì	_	_	_	_	_	linguistic	_	ContainsVariation=No	PauseAfter=Yes	Begin=441.576	1x2	_	_	0-2(82)
228-1	BO002	228	1	(.)	(.)	_	_	_	_	_	shortpause	_	ContainsVariation=No	_	_	_	_	_	_
228-2	BO002	228	2	proprio	proprio	_	_	_	_	_	linguistic	_	ContainsVariation=No	_	_	_	_	_	_
228-3	BO002	228	3	pe:r[sa::]	persa	_	_	_	_	_	linguistic	_	ContainsVariation=No	_	End=444.038	1x1,4x2	_	_	3-5(83)
229-0	BO003	229	0	[ma]	ma	_	_	_	_	_	linguistic	_	ContainsVariation=No	_	Begin=443.786	_	_	_	0-2(83)
229-1	BO003	229	1	cosa	cosa	_	_	_	_	_	linguistic	_	ContainsVariation=No	_	_	_	_	_	_
229-2	BO003	229	2	diceva?	diceva	_	_	_	_	_	linguistic	_	ContainsVariation=No	Intonation=Rising	End=444.941	_	_	_	_
230-0	BO002	230	0	eh.	eh	_	_	_	_	_	linguistic	_	ContainsVariation=No	Intonation=Falling|PauseAfter=Yes	Begin=445.115	_	_	_	_
230-1	BO002	230	1	(.)	(.)	_	_	_	_	_	shortpause	_	ContainsVariation=No	_	_	_	_	_	_
230-2	BO002	230	2	che	che	_	_	_	_	_	linguistic	_	ContainsVariation=No	_	_	_	_	_	_
230-3	BO002	230	3	era	era	_	_	_	_	_	linguistic	_	ContainsVariation=No	_	_	_	_	_	_
230-4	BO002	230	4	bo:no,	bono	_	_	_	_	_	linguistic	_	ContainsVariation=No	Intonation=WeaklyRising	_	1x1	_	_	_
230-5	BO002	230	5	che	che	_	_	_	_	_	linguistic	_	ContainsVariation=No	_	_	_	_	_	_
230-6	BO002	230	6	era:::	era	_	_	_	_	_	linguistic	_	ContainsVariation=No	_	End=447.068	2x3	_	_	_
231-0	BO003	231	0	che,	che	_	_	_	_	_	linguistic	_	ContainsVariation=No	Intonation=WeaklyRising	Begin=447.133	_	_	_	_
231-1	BO003	231	1	((ride))	((ride))	_	_	_	_	_	nonverbalbehavior	_	ContainsVariation=No	_	End=447.566	_	_	_	_
232-0	BO002	232	0	>suvvi~<	suvvi~	_	_	_	_	_	linguistic	_	ContainsVariation=No	Interrupted=Yes|PauseAfter=Yes	Begin=448.895	_	Fast=0-6(0)	_	_
232-1	BO002	232	1	(.)	(.)	_	_	_	_	_	shortpause	_	ContainsVariation=No	_	_	_	_	_	_
232-2	BO002	232	2	no	no	_	_	_	_	_	linguistic	_	ContainsVariation=No	PauseAfter=Yes	_	_	_	_	_
232-3	BO002	232	3	(.)	(.)	_	_	_	_	_	shortpause	_	ContainsVariation=No	_	_	_	_	_	_
232-4	BO002	232	4	che	che	_	_	_	_	_	linguistic	_	ContainsVariation=No	_	_	_	_	_	_
232-5	BO002	232	5	era	era	_	_	_	_	_	linguistic	_	ContainsVariation=No	_	_	_	_	_	_
232-6	BO002	232	6	bello::,	bello	_	_	_	_	_	linguistic	_	ContainsVariation=No	Intonation=WeaklyRising	End=451.915	4x2	_	_	_
233-0	BO002	233	0	>che<	che	_	_	_	_	_	linguistic	_	ContainsVariation=No	_	Begin=453.057	_	Fast=0-3(0)	_	_
233-1	BO002	233	1	veramente	veramente	_	_	_	_	_	linguistic	_	ContainsVariation=No	PauseAfter=Yes	_	_	_	_	_
233-2	BO002	233	2	(.)	(.)	_	_	_	_	_	shortpause	_	ContainsVariation=No	_	_	_	_	_	_
233-3	BO002	233	3	è	è	_	_	_	_	_	linguistic	_	ContainsVariation=No	_	_	_	_	_	_
233-4	BO002	233	4	fisica:to	fisicato	_	_	_	_	_	linguistic	_	ContainsVariation=No	PauseAfter=Yes	_	5x1	_	_	_
233-5	BO002	233	5	(.)	(.)	_	_	_	_	_	shortpause	_	ContainsVariation=No	_	_	_	_	_	_
233-6	BO002	233	6	[e	e	_	_	_	_	_	linguistic	_	ContainsVariation=No	_	_	_	_	_	0-1(84)
233-7	BO002	233	7	an]che	anche	_	_	_	_	_	linguistic	_	ContainsVariation=No	_	_	_	_	_	0-2(84)
233-8	BO002	233	8	di	di	_	_	_	_	_	linguistic	_	ContainsVariation=No	_	_	_	_	_	_
233-9	BO002	233	9	viso	viso	_	_	_	_	_	linguistic	_	ContainsVariation=No	_	_	_	_	_	_
233-10	BO002	233	10	non	non	_	_	_	_	_	linguistic	_	ContainsVariation=No	_	_	_	_	_	_
233-11	BO002	233	11	è	è	_	_	_	_	_	linguistic	_	ContainsVariation=No	_	_	_	_	_	_
233-12	BO002	233	12	bru:tto	brutto	_	_	_	_	_	linguistic	_	ContainsVariation=No	_	End=456.424	2x1	_	_	_
234-0	BO003	234	0	[sì	sì	_	_	_	_	_	linguistic	_	ContainsVariation=No	_	Begin=455.004	_	_	_	0-2(84)
234-1	BO003	234	1	sì,	sì	_	_	_	_	_	linguistic	_	ContainsVariation=No	Intonation=WeaklyRising	_	_	_	_	0-2(84)
234-2	BO003	234	2	sì].	sì	_	_	_	_	_	linguistic	_	ContainsVariation=No	Intonation=Falling	End=455.799	_	_	_	0-2(84)
235-0	BO003	235	0	più	più	_	_	_	_	_	linguistic	_	ContainsVariation=No	_	Begin=456.949	_	_	_	_
235-1	BO003	235	1	che	che	_	_	_	_	_	linguistic	_	ContainsVariation=No	_	_	_	_	_	_
235-2	BO003	235	2	altro	altro	_	_	_	_	_	linguistic	_	ContainsVariation=No	_	_	_	_	_	_
235-3	BO003	235	3	ha	ha	_	_	_	_	_	linguistic	_	ContainsVariation=No	_	_	_	_	_	_
235-4	BO003	235	4	dei	dei	_	_	_	_	_	linguistic	_	ContainsVariation=No	_	_	_	_	_	_
235-5	BO003	235	5	bei	bei	_	_	_	_	_	linguistic	_	ContainsVariation=No	_	_	_	_	_	_
235-6	BO003	235	6	dentoni	dentoni	_	_	_	_	_	linguistic	_	ContainsVariation=No	_	_	_	_	_	_
235-7	BO003	235	7	bianchi	bianchi	_	_	_	_	_	linguistic	_	ContainsVariation=No	PauseAfter=Yes	_	_	_	_	_
235-8	BO003	235	8	(.)	(.)	_	_	_	_	_	shortpause	_	ContainsVariation=No	_	_	_	_	_	_
235-9	BO003	235	9	un	un	_	_	_	_	_	linguistic	_	ContainsVariation=No	_	_	_	_	_	_
235-10	BO003	235	10	bel	bel	_	_	_	_	_	linguistic	_	ContainsVariation=No	_	_	_	_	_	_
235-11	BO003	235	11	sorri:so	sorriso	_	_	_	_	_	linguistic	_	ContainsVariation=No	PauseAfter=Yes	_	4x1	_	_	_
235-12	BO003	235	12	(.)	(.)	_	_	_	_	_	shortpause	_	ContainsVariation=No	_	_	_	_	_	_
235-13	BO003	235	13	[quello	quello	_	_	_	_	_	linguistic	_	ContainsVariation=No	_	_	_	_	_	0-6(85)
235-14	BO003	235	14	sì]	sì	_	_	_	_	_	linguistic	_	ContainsVariation=No	_	End=460.891	_	_	_	0-2(85)
236-0	BO002	236	0	[esa:tto]	esatto	_	_	_	_	_	linguistic	_	ContainsVariation=No	PauseAfter=Yes	Begin=460.04	2x1	_	_	0-6(85)
236-1	BO002	236	1	(.)	(.)	_	_	_	_	_	shortpause	_	ContainsVariation=No	_	_	_	_	_	_
236-2	BO002	236	2	però	però	_	_	_	_	_	linguistic	_	ContainsVariation=No	_	_	_	_	_	_
236-3	BO002	236	3	se	se	_	_	_	_	_	linguistic	_	ContainsVariation=No	_	_	_	_	_	_
236-4	BO002	236	4	la	la	_	_	_	_	_	linguistic	_	ContainsVariation=No	_	_	_	_	_	_
236-5	BO002	236	5	crede	crede	_	_	_	_	_	linguistic	_	ContainsVariation=No	_	_	_	_	_	_
236-6	BO002	236	6	tanti:ssi~	tantissi~	_	_	_	_	_	linguistic	_	ContainsVariation=No	Interrupted=Yes|ProsodicLink=Yes	_	4x1	_	_	_
236-7	BO002	236	7	poi	poi	_	_	_	_	_	linguistic	_	ContainsVariation=No	_	_	_	_	_	_
236-8	BO002	236	8	lei	lei	_	_	_	_	_	linguistic	_	ContainsVariation=No	_	_	_	_	_	_
236-9	BO002	236	9	fissa	fissa	_	_	_	_	_	linguistic	_	ContainsVariation=No	PauseAfter=Yes	_	_	_	_	_
236-10	BO002	236	10	(.)	(.)	_	_	_	_	_	shortpause	_	ContainsVariation=No	_	_	_	_	_	_
236-11	BO002	236	11	ogni	ogni	_	_	_	_	_	linguistic	_	ContainsVariation=No	_	_	_	_	_	_
236-12	BO002	236	12	volta	volta	_	_	_	_	_	linguistic	_	ContainsVariation=No	_	_	_	_	_	_
236-13	BO002	236	13	che	che	_	_	_	_	_	linguistic	_	ContainsVariation=No	_	_	_	_	_	_
236-14	BO002	236	14	pubblicava	pubblicava	_	_	_	_	_	linguistic	_	ContainsVariation=No	_	_	_	_	_	_
236-15	BO002	236	15	una	una	_	_	_	_	_	linguistic	_	ContainsVariation=No	_	_	_	_	_	_
236-16	BO002	236	16	foto	foto	_	_	_	_	_	linguistic	_	ContainsVariation=No	PauseAfter=Yes	_	_	_	_	_
236-17	BO002	236	17	(.)	(.)	_	_	_	_	_	shortpause	_	ContainsVariation=No	_	_	_	_	_	_
236-18	BO002	236	18	[oddio],	oddio	_	_	_	_	_	linguistic	_	ContainsVariation=No	Intonation=WeaklyRising	End=465.966	_	_	_	0-5(86)
237-0	BO003	237	0	[poi	poi	_	_	_	_	_	linguistic	_	ContainsVariation=No	_	Begin=465.057	_	_	_	0-3(86)
237-1	BO003	237	1	sì	sì	_	_	_	_	_	linguistic	_	ContainsVariation=No	_	_	_	_	_	0-2(86)
237-2	BO003	237	2	guar]da	guarda	_	_	_	_	_	linguistic	_	ContainsVariation=No	_	_	_	_	_	0-4(86)
237-3	BO003	237	3	di	di	_	_	_	_	_	linguistic	_	ContainsVariation=No	_	_	_	_	_	_
237-4	BO003	237	4	viso	viso	_	_	_	_	_	linguistic	_	ContainsVariation=No	_	_	_	_	_	_
237-5	BO003	237	5	viso,	viso	_	_	_	_	_	linguistic	_	ContainsVariation=No	Intonation=WeaklyRising	End=466.989	_	_	_	_
238-0	BO002	238	0	eh	eh	_	_	_	_	_	linguistic	_	ContainsVariation=No	PauseAfter=Yes	Begin=467.377	_	_	_	_
238-1	BO002	238	1	(.)	(.)	_	_	_	_	_	shortpause	_	ContainsVariation=No	_	_	_	_	_	_
238-2	BO002	238	2	infatti.	infatti	_	_	_	_	_	linguistic	_	ContainsVariation=No	Intonation=Falling	End=468.468	_	_	_	_
239-0	BO002	239	0	>ogni<	ogni	_	_	_	_	_	linguistic	_	ContainsVariation=No	_	Begin=470.032	_	Fast=0-4(0)	_	_
239-1	BO002	239	1	volta	volta	_	_	_	_	_	linguistic	_	ContainsVariation=No	_	_	_	_	_	_
239-2	BO002	239	2	che	che	_	_	_	_	_	linguistic	_	ContainsVariation=No	_	_	_	_	_	_
239-3	BO002	239	3	pubblicava	pubblicava	_	_	_	_	_	linguistic	_	ContainsVariation=No	_	_	_	_	_	_
239-4	BO002	239	4	una	una	_	_	_	_	_	linguistic	_	ContainsVariation=No	_	_	_	_	_	_
239-5	BO002	239	5	foto	foto	_	_	_	_	_	linguistic	_	ContainsVariation=No	_	_	_	_	_	_
239-6	BO002	239	6	era::	era	_	_	_	_	_	linguistic	_	ContainsVariation=No	_	End=472.676	2x2	_	_	_
240-0	BO003	240	0	era	era	_	_	_	_	_	linguistic	_	ContainsVariation=No	_	Begin=472.791	_	_	_	_
240-1	BO003	240	1	la	la	_	_	_	_	_	linguistic	_	ContainsVariation=No	_	_	_	_	_	_
240-2	BO003	240	2	<festa>	festa	_	_	_	_	_	linguistic	_	ContainsVariation=No	_	_	_	Slow=0-5(0)	_	_
240-3	BO003	240	3	in	in	_	_	_	_	_	linguistic	_	ContainsVariation=No	_	_	_	_	_	_
240-4	BO003	240	4	piaz[za].	piazza	_	_	_	_	_	linguistic	_	ContainsVariation=No	Intonation=Falling	End=474.339	_	_	_	4-6(87)
241-0	BO002	241	0	[sì].	sì	_	_	_	_	_	linguistic	_	ContainsVariation=No	Intonation=Falling	Begin=473.848|End=474.81	_	_	_	0-2(87)
242-0	BO002	242	0	sì	sì	_	_	_	_	_	linguistic	_	ContainsVariation=No	_	Begin=474.911	_	_	_	_
242-1	BO002	242	1	sì	sì	_	_	_	_	_	linguistic	_	ContainsVariation=No	_	_	_	_	_	_
242-2	BO002	242	2	sì.	sì	_	_	_	_	_	linguistic	_	ContainsVariation=No	Intonation=Falling	End=475.814	_	_	_	_
243-0	BO003	243	0	le	le	_	_	_	_	_	linguistic	_	ContainsVariation=No	_	Begin=476.788	_	_	_	_
243-1	BO003	243	1	sapeva	sapeva	_	_	_	_	_	linguistic	_	ContainsVariation=No	_	_	_	_	_	_
243-2	BO003	243	2	tutte	tutte	_	_	_	_	_	linguistic	_	ContainsVariation=No	_	_	_	_	_	_
243-3	BO003	243	3	a	a	_	_	_	_	_	linguistic	_	ContainsVariation=No	_	_	_	_	_	_
243-4	BO003	243	4	memo:ria	memoria	_	_	_	_	_	linguistic	_	ContainsVariation=No	_	_	3x1	_	_	_
243-5	BO003	243	5	quelle	quelle	_	_	_	_	_	linguistic	_	ContainsVariation=No	_	_	_	_	_	_
243-6	BO003	243	6	del	del	_	_	_	_	_	linguistic	_	ContainsVariation=No	_	_	_	_	_	_
243-7	BO003	243	7	suo	suo	_	_	_	_	_	linguistic	_	ContainsVariation=No	_	_	_	_	_	_
243-8	BO003	243	8	pro[fi:lo]	profilo	_	_	_	_	_	linguistic	_	ContainsVariation=No	_	End=479.653	4x1	_	_	3-7(88)
244-0	BO002	244	0	[oh	oh	_	_	_	_	_	linguistic	_	ContainsVariation=No	_	Begin=479.057	_	_	_	0-2(88)
244-1	BO002	244	1	mi]o	mio	_	_	_	_	_	linguistic	_	ContainsVariation=No	_	_	_	_	_	0-2(88)
244-2	BO002	244	2	di[o:]	dio	_	_	_	_	_	linguistic	_	ContainsVariation=No	_	End=480.651	2x1	_	_	2-3(89)
245-0	BO003	245	0	[>però<]	però	_	_	_	_	_	linguistic	_	ContainsVariation=No	_	Begin=480.449	_	Fast=0-4(0)	_	0-4(89)
245-1	BO003	245	1	alla	alla	_	_	_	_	_	linguistic	_	ContainsVariation=No	_	_	_	_	_	_
245-2	BO003	245	2	fine	fine	_	_	_	_	_	linguistic	_	ContainsVariation=No	_	_	_	_	_	_
245-3	BO003	245	3	sì.	sì	_	_	_	_	_	linguistic	_	ContainsVariation=No	Intonation=Falling	_	_	_	_	_
245-4	BO003	245	4	è	è	_	_	_	_	_	linguistic	_	ContainsVariation=No	_	_	_	_	_	_
245-5	BO003	245	5	andata	andata	_	_	_	_	_	linguistic	_	ContainsVariation=No	_	_	_	_	_	_
245-6	BO003	245	6	pr~	pr~	_	_	_	_	_	linguistic	_	ContainsVariation=No	Interrupted=Yes	_	_	_	_	_
245-7	BO003	245	7	è	è	_	_	_	_	_	linguistic	_	ContainsVariation=No	_	_	_	_	_	_
245-8	BO003	245	8	andata	andata	_	_	_	_	_	linguistic	_	ContainsVariation=No	_	_	_	_	_	_
245-9	BO003	245	9	male	male	_	_	_	_	_	linguistic	_	ContainsVariation=No	_	End=482.448	_	_	_	_
246-0	BO002	246	0	lui	lui	_	_	_	_	_	linguistic	_	ContainsVariation=No	_	Begin=483.235	_	_	_	_
246-1	BO002	246	1	non	non	_	_	_	_	_	linguistic	_	ContainsVariation=No	_	_	_	_	_	_
246-2	BO002	246	2	la	la	_	_	_	_	_	linguistic	_	ContainsVariation=No	_	_	_	_	_	_
246-3	BO002	246	3	cacava	cacava	_	_	_	_	_	linguistic	_	ContainsVariation=No	_	_	_	_	_	_
246-4	BO002	246	4	di	di	_	_	_	_	_	linguistic	_	ContainsVariation=No	_	_	_	_	_	_
246-5	BO002	246	5	stri:scio	striscio	_	_	_	_	_	linguistic	_	ContainsVariation=No	_	End=485.11	3x1	_	_	_
247-0	BO002	247	0	((ride))	((ride))	_	_	_	_	_	nonverbalbehavior	_	ContainsVariation=No	_	Begin=488.254|End=489.872	_	_	_	_
248-0	BO003	248	0	((ride))	((ride))	_	_	_	_	_	nonverbalbehavior	_	ContainsVariation=No	_	Begin=488.254|End=489.872	_	_	_	_
249-0	BO002	249	0	quindi	quindi	_	_	_	_	_	linguistic	_	ContainsVariation=No	_	Begin=489.923	_	_	_	_
249-1	BO002	249	1	la	la	_	_	_	_	_	linguistic	_	ContainsVariation=No	_	_	_	_	_	_
249-2	BO002	249	2	ex	ex	_	_	_	_	_	linguistic	_	ContainsVariation=No	_	_	_	_	_	_
249-3	BO002	249	3	del	del	_	_	_	_	_	linguistic	_	ContainsVariation=No	_	_	_	_	_	_
249-4	BO002	249	4	mio	mio	_	_	_	_	_	linguistic	_	ContainsVariation=No	_	_	_	_	_	_
249-5	BO002	249	5	ragazzo	ragazzo	_	_	_	_	_	linguistic	_	ContainsVariation=No	_	_	_	_	_	_
249-6	BO002	249	6	non	non	_	_	_	_	_	linguistic	_	ContainsVariation=No	_	_	_	_	_	_
249-7	BO002	249	7	ti	ti	_	_	_	_	_	linguistic	_	ContainsVariation=No	_	_	_	_	_	_
249-8	BO002	249	8	pia[ce].	piace	_	_	_	_	_	linguistic	_	ContainsVariation=No	Intonation=Falling	End=492.203	_	_	_	3-5(91)
250-0	BO003	250	0	[non]	non	_	_	_	_	_	linguistic	_	ContainsVariation=No	_	Begin=492.125	_	_	_	0-3(91)
250-1	BO003	250	1	mi	mi	_	_	_	_	_	linguistic	_	ContainsVariation=No	_	_	_	_	_	_
250-2	BO003	250	2	piace.	piace	_	_	_	_	_	linguistic	_	ContainsVariation=No	Intonation=Falling	End=493.582	_	_	_	_
251-0	BO002	251	0	sono	sono	_	_	_	_	_	linguistic	_	ContainsVariation=No	_	Begin=494.59	_	_	_	_
251-1	BO002	251	1	contenta	contenta	_	_	_	_	_	linguistic	_	ContainsVariation=No	_	End=495.711	_	_	_	_
252-0	BO003	252	0	((ride))	((ride))	_	_	_	_	_	nonverbalbehavior	_	ContainsVariation=No	_	Begin=495.46|End=496.715	_	_	_	_
253-0	BO002	253	0	>comunque	comunque	_	_	_	_	_	linguistic	_	ContainsVariation=No	_	Begin=498.394	_	Fast=0-8(0)	_	_
253-1	BO002	253	1	secondo	secondo	_	_	_	_	_	linguistic	_	ContainsVariation=No	_	_	_	Fast=0-7(0)	_	_
253-2	BO002	253	2	me<,	me	_	_	_	_	_	linguistic	_	ContainsVariation=No	Intonation=WeaklyRising	End=499.954	_	Fast=0-2(0)	_	_
254-0	BO002	254	0	>effettivamente<	effettivamente	_	_	_	_	_	linguistic	_	ContainsVariation=No	_	Begin=501.67	_	Fast=0-14(0)	_	_
254-1	BO002	254	1	di	di	_	_	_	_	_	linguistic	_	ContainsVariation=No	_	_	_	_	_	_
254-2	BO002	254	2	viso	viso	_	_	_	_	_	linguistic	_	ContainsVariation=No	PauseAfter=Yes	_	_	_	_	_
254-3	BO002	254	3	(.)	(.)	_	_	_	_	_	shortpause	_	ContainsVariation=No	_	_	_	_	_	_
254-4	BO002	254	4	cioè	cioè	_	_	_	_	_	linguistic	_	ContainsVariation=No	_	_	_	_	_	_
254-5	BO002	254	5	non	non	_	_	_	_	_	linguistic	_	ContainsVariation=No	_	_	_	_	_	_
254-6	BO002	254	6	è	è	_	_	_	_	_	linguistic	_	ContainsVariation=No	_	_	_	_	_	_
254-7	BO002	254	7	un	un	_	_	_	_	_	linguistic	_	ContainsVariation=No	_	_	_	_	_	_
254-8	BO002	254	8	granché	granché	_	_	_	_	_	linguistic	_	ContainsVariation=No	_	_	_	_	_	_
254-9	BO002	254	9	[eh],	eh	_	_	_	_	_	linguistic	_	ContainsVariation=No	Intonation=WeaklyRising	End=504.484	_	_	_	0-2(93)
255-0	BO003	255	0	[chi]	chi	_	_	_	_	_	linguistic	_	ContainsVariation=No	_	Begin=504.274	_	_	_	0-3(93)
255-1	BO003	255	1	lei?	lei	_	_	_	_	_	linguistic	_	ContainsVariation=No	Intonation=Rising	End=504.856	_	_	_	_
256-0	BO002	256	0	eh.	eh	_	_	_	_	_	linguistic	_	ContainsVariation=No	Intonation=Falling	Begin=504.95|End=505.207	_	_	_	_
257-0	BO003	257	0	no:	no	_	_	_	_	_	linguistic	_	ContainsVariation=No	_	Begin=505.223	1x1	_	_	_
257-1	BO003	257	1	no	no	_	_	_	_	_	linguistic	_	ContainsVariation=No	_	_	_	_	_	_
257-2	BO003	257	2	no	no	_	_	_	_	_	linguistic	_	ContainsVariation=No	_	_	_	_	_	_
257-3	BO003	257	3	no	no	_	_	_	_	_	linguistic	_	ContainsVariation=No	_	_	_	_	_	_
257-4	BO003	257	4	no	no	_	_	_	_	_	linguistic	_	ContainsVariation=No	_	_	_	_	_	_
257-5	BO003	257	5	no	no	_	_	_	_	_	linguistic	_	ContainsVariation=No	_	End=506.673	_	_	_	_
258-0	BO003	258	0	poi	poi	_	_	_	_	_	linguistic	_	ContainsVariation=No	_	Begin=507.488	_	_	_	_
258-1	BO003	258	1	qua	qua	_	_	_	_	_	linguistic	_	ContainsVariation=No	_	_	_	_	_	_
258-2	BO003	258	2	è	è	_	_	_	_	_	linguistic	_	ContainsVariation=No	_	_	_	_	_	_
258-3	BO003	258	3	truccatissima	truccatissima	_	_	_	_	_	linguistic	_	ContainsVariation=No	PauseAfter=Yes	_	_	_	_	_
258-4	BO003	258	4	(.)	(.)	_	_	_	_	_	shortpause	_	ContainsVariation=No	_	_	_	_	_	_
258-5	BO003	258	5	[io]	io	_	_	_	_	_	linguistic	_	ContainsVariation=No	_	_	_	_	_	0-2(95)
258-6	BO003	258	6	la	la	_	_	_	_	_	linguistic	_	ContainsVariation=No	_	_	_	_	_	_
258-7	BO003	258	7	voglio	voglio	_	_	_	_	_	linguistic	_	ContainsVariation=No	_	_	_	_	_	_
258-8	BO003	258	8	vedere::	vedere	_	_	_	_	_	linguistic	_	ContainsVariation=No	_	End=510.65	5x2	_	_	_
259-0	BO002	259	0	[mh]	mh	_	_	_	_	_	linguistic	_	ContainsVariation=No	_	Begin=508.948|End=509.556	_	_	_	0-2(94)
260-0	BO002	260	0	((ride))	((ride))	_	_	_	_	_	nonverbalbehavior	_	ContainsVariation=No	_	Begin=510.039|End=511.367	_	_	_	_
261-0	BO002	261	0	<struccata>	struccata	_	_	_	_	_	linguistic	_	ContainsVariation=No	_	Begin=511.407|End=512.664	_	Slow=0-9(0)	_	_
262-0	BO003	262	0	sì.	sì	_	_	_	_	_	linguistic	_	ContainsVariation=No	Intonation=Falling|PauseAfter=Yes	Begin=512.688	_	_	_	_
262-1	BO003	262	1	(.)	(.)	_	_	_	_	_	shortpause	_	ContainsVariation=No	_	_	_	_	_	_
262-2	BO003	262	2	no	no	_	_	_	_	_	linguistic	_	ContainsVariation=No	_	_	_	_	_	_
262-3	BO003	262	3	no	no	_	_	_	_	_	linguistic	_	ContainsVariation=No	_	_	_	_	_	_
262-4	BO003	262	4	a	a	_	_	_	_	_	linguistic	_	ContainsVariation=No	_	_	_	_	_	_
262-5	BO003	262	5	me	me	_	_	_	_	_	linguistic	_	ContainsVariation=No	_	_	_	_	_	_
262-6	BO003	262	6	[non	non	_	_	_	_	_	linguistic	_	ContainsVariation=No	_	_	_	_	_	0-3(96)
262-7	BO003	262	7	piace]	piace	_	_	_	_	_	linguistic	_	ContainsVariation=No	_	End=515.082	_	_	_	0-5(96)
263-0	BO002	263	0	[cioè	cioè	_	_	_	_	_	linguistic	_	ContainsVariation=No	PauseAfter=Yes	Begin=514.28	_	_	_	0-4(96)
263-1	BO002	263	1	(.)	(.)	_	_	_	_	_	shortpause	_	ContainsVariation=No	_	_	_	_	_	X(96)
263-2	BO002	263	2	guar]da	guarda	_	_	_	_	_	linguistic	_	ContainsVariation=No	_	_	_	_	_	0-4(96)
263-3	BO002	263	3	anche:	anche	_	_	_	_	_	linguistic	_	ContainsVariation=No	PauseAfter=Yes	_	4x1	_	_	_
263-4	BO002	263	4	(.)	(.)	_	_	_	_	_	shortpause	_	ContainsVariation=No	_	_	_	_	_	_
263-5	BO002	263	5	posso	posso	_	_	_	_	_	linguistic	_	ContainsVariation=No	_	_	_	_	_	_
263-6	BO002	263	6	andare?	andare	_	_	_	_	_	linguistic	_	ContainsVariation=No	Intonation=Rising	_	_	_	_	_
263-7	BO002	263	7	[avanti	avanti	_	_	_	_	_	linguistic	_	ContainsVariation=No	_	_	_	_	_	0-6(97)
263-8	BO002	263	8	indietro]	indietro	_	_	_	_	_	linguistic	_	ContainsVariation=No	_	End=517.607	_	_	_	0-8(97)
264-0	BO003	264	0	[sì	sì	_	_	_	_	_	linguistic	_	ContainsVariation=No	_	Begin=516.534	_	_	_	0-2(97)
264-1	BO003	264	1	sì	sì	_	_	_	_	_	linguistic	_	ContainsVariation=No	_	_	_	_	_	0-2(97)
264-2	BO003	264	2	sì	sì	_	_	_	_	_	linguistic	_	ContainsVariation=No	_	_	_	_	_	0-2(97)
264-3	BO003	264	3	vai	vai	_	_	_	_	_	linguistic	_	ContainsVariation=No	_	_	_	_	_	0-3(97)
264-4	BO003	264	4	pure]	pure	_	_	_	_	_	linguistic	_	ContainsVariation=No	_	End=517.64	_	_	_	0-4(97)
265-0	BO002	265	0	guarda	guarda	_	_	_	_	_	linguistic	_	ContainsVariation=No	_	Begin=518.196	_	_	_	_
265-1	BO002	265	1	>allora	allora	_	_	_	_	_	linguistic	_	ContainsVariation=No	_	_	_	Fast=0-6(0)	_	_
265-2	BO002	265	2	vabbè<	vabbè	_	_	_	_	_	linguistic	_	ContainsVariation=No	PauseAfter=Yes	_	_	Fast=0-5(0)	_	_
265-3	BO002	265	3	(.)	(.)	_	_	_	_	_	shortpause	_	ContainsVariation=No	_	_	_	_	_	_
265-4	BO002	265	4	qui,	qui	_	_	_	_	_	linguistic	_	ContainsVariation=No	Intonation=WeaklyRising	_	_	_	_	_
265-5	BO002	265	5	l'	l'	_	_	_	_	_	linguistic	_	ContainsVariation=No	SpaceAfter=No	_	_	_	_	_
265-6	BO002	265	6	è	è	_	_	_	_	_	linguistic	_	ContainsVariation=No	_	_	_	_	_	_
265-7	BO002	265	7	anche	anche	_	_	_	_	_	linguistic	_	ContainsVariation=No	_	_	_	_	_	_
265-8	BO002	265	8	sfoca:ta	sfocata	_	_	_	_	_	linguistic	_	ContainsVariation=No	_	_	4x1	_	_	_
265-9	BO002	265	9	la	la	_	_	_	_	_	linguistic	_	ContainsVariation=No	_	_	_	_	_	_
265-10	BO002	265	10	fo:to	foto	_	_	_	_	_	linguistic	_	ContainsVariation=No	PauseAfter=Yes	_	1x1	_	_	_
265-11	BO002	265	11	(.)	(.)	_	_	_	_	_	shortpause	_	ContainsVariation=No	_	_	_	_	_	_
265-12	BO002	265	12	nel	nel	_	_	_	_	_	linguistic	_	ContainsVariation=No	_	_	_	_	_	_
265-13	BO002	265	13	se:nso	senso	_	_	_	_	_	linguistic	_	ContainsVariation=No	_	End=522.698	1x1	_	_	_
266-0	BO002	266	0	qui	qui	_	_	_	_	_	linguistic	_	ContainsVariation=No	_	Begin=523.524	_	_	_	_
266-1	BO002	266	1	è	è	_	_	_	_	_	linguistic	_	ContainsVariation=No	_	_	_	_	_	_
266-2	BO002	266	2	truccata,	truccata	_	_	_	_	_	linguistic	_	ContainsVariation=No	Intonation=WeaklyRising	End=524.941	_	_	_	_
267-0	BO002	267	0	[qui]	qui	_	_	_	_	_	linguistic	_	ContainsVariation=No	_	Begin=526.036|End=526.758	_	_	_	0-3(98)
268-0	BO003	268	0	[qui	qui	_	_	_	_	_	linguistic	_	ContainsVariation=No	_	Begin=526.036	_	_	_	0-3(98)
268-1	BO003	268	1	sem]bra	sembra	_	_	_	_	_	linguistic	_	ContainsVariation=No	_	_	_	_	_	0-3(98)
268-2	BO003	268	2	che	che	_	_	_	_	_	linguistic	_	ContainsVariation=No	_	_	_	_	_	_
268-3	BO003	268	3	abbia	abbia	_	_	_	_	_	linguistic	_	ContainsVariation=No	_	_	_	_	_	_
268-4	BO003	268	4	cinquant'	cinquant'	_	_	_	_	_	linguistic	_	ContainsVariation=No	SpaceAfter=No	_	_	_	_	_
268-5	BO003	268	5	an[ni]	anni	_	_	_	_	_	linguistic	_	ContainsVariation=No	_	End=527.832	_	_	_	1-4(99)
269-0	BO002	269	0	[e	e	_	_	_	_	_	linguistic	_	ContainsVariation=No	_	Begin=527.629	_	_	_	0-1(99)
269-1	BO002	269	1	in]fatti	infatti	_	_	_	_	_	linguistic	_	ContainsVariation=No	_	End=528.705	_	_	_	0-2(99)
270-0	BO002	270	0	((ride))	((ride))	_	_	_	_	_	nonverbalbehavior	_	ContainsVariation=No	_	Begin=528.788|End=530.027	_	_	_	_
271-0	BO002	271	0	guarda	guarda	_	_	_	_	_	linguistic	_	ContainsVariation=No	_	Begin=530.096	_	_	_	_
271-1	BO002	271	1	qui.	qui	_	_	_	_	_	linguistic	_	ContainsVariation=No	Intonation=Falling	End=531.126	_	_	_	_
272-0	BO003	272	0	con	con	_	_	_	_	_	linguistic	_	ContainsVariation=No	_	Begin=532.437	_	_	_	_
272-1	BO003	272	1	un	un	_	_	_	_	_	linguistic	_	ContainsVariation=No	_	_	_	_	_	_
272-2	BO003	272	2	gufo.	gufo	_	_	_	_	_	linguistic	_	ContainsVariation=No	Intonation=Falling	_	_	_	_	_
272-3	BO003	272	3	((ride))	((ride))	_	_	_	_	_	nonverbalbehavior	_	ContainsVariation=No	_	End=533.602	_	_	_	_
273-0	BO002	273	0	sì	sì	_	_	_	_	_	linguistic	_	ContainsVariation=No	_	Begin=533.656	_	_	_	_
273-1	BO002	273	1	ma	ma	_	_	_	_	_	linguistic	_	ContainsVariation=No	PauseAfter=Yes	_	_	_	_	_
273-2	BO002	273	2	(.)	(.)	_	_	_	_	_	shortpause	_	ContainsVariation=No	_	_	_	_	_	_
273-3	BO002	273	3	anche	anche	_	_	_	_	_	linguistic	_	ContainsVariation=No	_	_	_	_	_	_
273-4	BO002	273	4	qui	qui	_	_	_	_	_	linguistic	_	ContainsVariation=No	_	_	_	_	_	_
273-5	BO002	273	5	sembra	sembra	_	_	_	_	_	linguistic	_	ContainsVariation=No	_	_	_	_	_	_
273-6	BO002	273	6	vecchissi[ma]	vecchissima	_	_	_	_	_	linguistic	_	ContainsVariation=No	_	End=536.04	_	_	_	9-11(100)
274-0	BO003	274	0	[vec]chissima	vecchissima	_	_	_	_	_	linguistic	_	ContainsVariation=No	_	Begin=535.685|End=536.838	_	_	_	0-3(100)
275-0	BO002	275	0	ehm	ehm	_	_	_	_	_	linguistic	_	ContainsVariation=No	PauseAfter=Yes	Begin=537.069	_	_	_	_
275-1	BO002	275	1	(.)	(.)	_	_	_	_	_	shortpause	_	ContainsVariation=No	_	_	_	_	_	_
275-2	BO002	275	2	>cioè<	cioè	_	_	_	_	_	linguistic	_	ContainsVariation=No	_	_	_	Fast=0-4(0)	_	_
275-3	BO002	275	3	[x]	x	_	_	_	_	_	unknown	_	ContainsVariation=No	Syllables=1	End=538.008	_	_	_	0-1(101)
276-0	BO003	276	0	[sem]bra	sembra	_	_	_	_	_	linguistic	_	ContainsVariation=No	_	Begin=537.708	_	_	_	0-3(101)
276-1	BO003	276	1	la	la	_	_	_	_	_	linguistic	_	ContainsVariation=No	_	_	_	_	_	_
276-2	BO003	276	2	madre	madre	_	_	_	_	_	linguistic	_	ContainsVariation=No	_	_	_	_	_	_
276-3	BO003	276	3	di:	di	_	_	_	_	_	linguistic	_	ContainsVariation=No	_	End=539.174	1x1	_	_	_
277-0	BO002	277	0	((ride))	((ride))	_	_	_	_	_	nonverbalbehavior	_	ContainsVariation=No	_	Begin=538.93|End=541.153	_	_	_	_
278-0	BO002	278	0	guarda	guarda	_	_	_	_	_	linguistic	_	ContainsVariation=No	PauseAfter=Yes	Begin=541.92	_	_	_	_
278-1	BO002	278	1	(.)	(.)	_	_	_	_	_	shortpause	_	ContainsVariation=No	_	_	_	_	_	_
278-2	BO002	278	2	eh	eh	_	_	_	_	_	linguistic	_	ContainsVariation=No	PauseAfter=Yes	_	_	_	_	_
278-3	BO002	278	3	(.)	(.)	_	_	_	_	_	shortpause	_	ContainsVariation=No	_	_	_	_	_	_
278-4	BO002	278	4	qui.	qui	_	_	_	_	_	linguistic	_	ContainsVariation=No	Intonation=Falling	_	_	_	_	_
278-5	BO002	278	5	vedi	vedi	_	_	_	_	_	linguistic	_	ContainsVariation=No	_	_	_	_	_	_
278-6	BO002	278	6	ha	ha	_	_	_	_	_	linguistic	_	ContainsVariation=No	_	_	_	_	_	_
278-7	BO002	278	7	un	un	_	_	_	_	_	linguistic	_	ContainsVariation=No	PauseAfter=Yes	_	_	_	_	_
278-8	BO002	278	8	(.)	(.)	_	_	_	_	_	shortpause	_	ContainsVariation=No	_	_	_	_	_	_
278-9	BO002	278	9	delle	delle	_	_	_	_	_	linguistic	_	ContainsVariation=No	_	_	_	_	_	_
278-10	BO002	278	10	belle	belle	_	_	_	_	_	linguistic	_	ContainsVariation=No	_	_	_	_	_	_
278-11	BO002	278	11	ga:mbe	gambe	_	_	_	_	_	linguistic	_	ContainsVariation=No	_	_	1x1	_	_	_
278-12	BO002	278	12	quello	quello	_	_	_	_	_	linguistic	_	ContainsVariation=No	_	_	_	_	_	_
278-13	BO002	278	13	[sì]	sì	_	_	_	_	_	linguistic	_	ContainsVariation=No	_	End=545.731	_	_	_	0-2(103)
279-0	BO003	279	0	[sì]	sì	_	_	_	_	_	linguistic	_	ContainsVariation=No	_	Begin=545.57	_	_	_	0-2(103)
279-1	BO003	279	1	sì	sì	_	_	_	_	_	linguistic	_	ContainsVariation=No	_	_	_	_	_	_
279-2	BO003	279	2	sì,	sì	_	_	_	_	_	linguistic	_	ContainsVariation=No	Intonation=WeaklyRising	_	_	_	_	_
279-3	BO003	279	3	però	però	_	_	_	_	_	linguistic	_	ContainsVariation=No	_	End=547.369	_	_	_	_
280-0	BO002	280	0	però	però	_	_	_	_	_	linguistic	_	ContainsVariation=No	PauseAfter=Yes	Begin=547.77	_	_	_	_
280-1	BO002	280	1	(.)	(.)	_	_	_	_	_	shortpause	_	ContainsVariation=No	_	_	_	_	_	_
280-2	BO002	280	2	per	per	_	_	_	_	_	linguistic	_	ContainsVariation=No	_	End=549.333	_	_	_	_
281-0	BO003	281	0	e	e	_	_	_	_	_	linguistic	_	ContainsVariation=No	_	Begin=550.597	_	_	_	_
281-1	BO003	281	1	si	si	_	_	_	_	_	linguistic	_	ContainsVariation=No	_	_	_	_	_	_
281-2	BO003	281	2	è	è	_	_	_	_	_	linguistic	_	ContainsVariation=No	_	_	_	_	_	_
281-3	BO003	281	3	fatta	fatta	_	_	_	_	_	linguistic	_	ContainsVariation=No	_	_	_	_	_	_
281-4	BO003	281	4	gino.	gino	_	_	_	_	_	linguistic	_	ContainsVariation=No	Intonation=Falling|PauseAfter=Yes	_	_	_	_	_
281-5	BO003	281	5	(.)	(.)	_	_	_	_	_	shortpause	_	ContainsVariation=No	_	_	_	_	_	_
281-6	BO003	281	6	sicuro,	sicuro	_	_	_	_	_	linguistic	_	ContainsVariation=No	Intonation=WeaklyRising	End=552.616	_	_	_	_
282-0	BO002	282	0	sì	sì	_	_	_	_	_	linguistic	_	ContainsVariation=No	_	Begin=552.616	_	_	_	_
282-1	BO002	282	1	sì	sì	_	_	_	_	_	linguistic	_	ContainsVariation=No	_	_	_	_	_	_
282-2	BO002	282	2	sì.	sì	_	_	_	_	_	linguistic	_	ContainsVariation=No	Intonation=Falling	_	_	_	_	_
282-3	BO002	282	3	gino	gino	_	_	_	_	_	linguistic	_	ContainsVariation=No	_	_	_	_	_	_
282-4	BO002	282	4	sicuro	sicuro	_	_	_	_	_	linguistic	_	ContainsVariation=No	_	End=554.572	_	_	_	_
283-0	BO002	283	0	>te	te	_	_	_	_	_	linguistic	_	ContainsVariation=No	_	Begin=556.503	_	Fast=0-2(0)	_	_
283-1	BO002	283	1	lo	lo	_	_	_	_	_	linguistic	_	ContainsVariation=No	_	_	_	Fast=0-2(0)	_	_
283-2	BO002	283	2	immagini<	immagini	_	_	_	_	_	linguistic	_	ContainsVariation=No	_	_	_	Fast=0-8(0)	_	_
283-3	BO002	283	3	se	se	_	_	_	_	_	linguistic	_	ContainsVariation=No	_	_	_	_	_	_
283-4	BO002	283	4	queste	queste	_	_	_	_	_	linguistic	_	ContainsVariation=No	_	_	_	_	_	_
283-5	BO002	283	5	registrazioni	registrazioni	_	_	_	_	_	linguistic	_	ContainsVariation=No	_	_	_	_	_	_
283-6	BO002	283	6	le	le	_	_	_	_	_	linguistic	_	ContainsVariation=No	_	_	_	_	_	_
283-7	BO002	283	7	ascoltasse	ascoltasse	_	_	_	_	_	linguistic	_	ContainsVariation=No	_	_	_	_	_	_
283-8	BO002	283	8	la	la	_	_	_	_	_	linguistic	_	ContainsVariation=No	_	_	_	_	_	_
283-9	BO002	283	9	marta	marta	_	_	_	_	_	linguistic	_	ContainsVariation=No	_	_	_	_	_	_
283-10	BO002	283	10	che	che	_	_	_	_	_	linguistic	_	ContainsVariation=No	_	_	_	_	_	_
283-11	BO002	283	11	magari	magari	_	_	_	_	_	linguistic	_	ContainsVariation=No	_	_	_	_	_	_
283-12	BO002	283	12	è	è	_	_	_	_	_	linguistic	_	ContainsVariation=No	_	_	_	_	_	_
283-13	BO002	283	13	nel	nel	_	_	_	_	_	linguistic	_	ContainsVariation=No	_	_	_	_	_	_
283-14	BO002	283	14	progetto	progetto	_	_	_	_	_	linguistic	_	ContainsVariation=No	_	End=561.826	_	_	_	_
284-0	BO002	284	0	((ride))	((ride))	_	_	_	_	_	nonverbalbehavior	_	ContainsVariation=No	_	Begin=562.324|End=564.08	_	_	_	_
285-0	BO003	285	0	((ride))	((ride))	_	_	_	_	_	nonverbalbehavior	_	ContainsVariation=No	_	Begin=562.324|End=564.083	_	_	_	_
286-0	BO002	286	0	io	io	_	_	_	_	_	linguistic	_	ContainsVariation=No	_	Begin=564.147	_	_	_	_
286-1	BO002	286	1	spero	spero	_	_	_	_	_	linguistic	_	ContainsVariation=No	_	_	_	_	_	_
286-2	BO002	286	2	di	di	_	_	_	_	_	linguistic	_	ContainsVariation=No	_	_	_	_	_	_
286-3	BO002	286	3	no	no	_	_	_	_	_	linguistic	_	ContainsVariation=No	_	End=565.176	_	_	_	_
287-0	BO003	287	0	speriamo	speriamo	_	_	_	_	_	linguistic	_	ContainsVariation=No	_	Begin=565.591	_	_	_	_
287-1	BO003	287	1	di	di	_	_	_	_	_	linguistic	_	ContainsVariation=No	_	_	_	_	_	_
287-2	BO003	287	2	no.	no	_	_	_	_	_	linguistic	_	ContainsVariation=No	Intonation=Falling	End=566.657	_	_	_	_
288-0	BO002	288	0	((ride))	((ride))	_	_	_	_	_	nonverbalbehavior	_	ContainsVariation=No	_	Begin=568.832|End=571.249	_	_	_	_
289-0	BO003	289	0	((ride))	((ride))	_	_	_	_	_	nonverbalbehavior	_	ContainsVariation=No	_	Begin=568.832|End=571.245	_	_	_	_
290-0	BO003	290	0	però	però	_	_	_	_	_	linguistic	_	ContainsVariation=No	_	Begin=571.284	_	_	_	_
290-1	BO003	290	1	sì	sì	_	_	_	_	_	linguistic	_	ContainsVariation=No	_	_	_	_	_	_
290-2	BO003	290	2	in	in	_	_	_	_	_	linguistic	_	ContainsVariation=No	_	_	_	_	_	_
290-3	BO003	290	3	forma	forma	_	_	_	_	_	linguistic	_	ContainsVariation=No	_	_	_	_	_	_
290-4	BO003	290	4	ano:nima	anonima	_	_	_	_	_	linguistic	_	ContainsVariation=No	PauseAfter=Yes	_	2x1	_	_	_
290-5	BO003	290	5	(.)	(.)	_	_	_	_	_	shortpause	_	ContainsVariation=No	_	_	_	_	_	_
290-6	BO003	290	6	solo	solo	_	_	_	_	_	linguistic	_	ContainsVariation=No	_	_	_	_	_	_
290-7	BO003	290	7	che	che	_	_	_	_	_	linguistic	_	ContainsVariation=No	_	_	_	_	_	_
290-8	BO003	290	8	capisce	capisce	_	_	_	_	_	linguistic	_	ContainsVariation=No	_	_	_	_	_	_
290-9	BO003	290	9	la	la	_	_	_	_	_	linguistic	_	ContainsVariation=No	_	_	_	_	_	_
290-10	BO003	290	10	voce	voce	_	_	_	_	_	linguistic	_	ContainsVariation=No	_	_	_	_	_	_
290-11	BO003	290	11	non	non	_	_	_	_	_	linguistic	_	ContainsVariation=No	_	_	_	_	_	_
290-12	BO003	290	12	è:	è	_	_	_	_	_	linguistic	_	ContainsVariation=No	_	End=574.55	0x1	_	_	_
291-0	BO002	291	0	eh::	eh	_	_	_	_	_	linguistic	_	ContainsVariation=No	_	Begin=574.595	1x2	_	_	_
291-1	BO002	291	1	[che]	che	_	_	_	_	_	linguistic	_	ContainsVariation=No	_	_	_	_	_	0-3(106)
291-2	BO002	291	2	figu:ra.	figura	_	_	_	_	_	linguistic	_	ContainsVariation=No	Intonation=Falling	End=576.485	3x1	_	_	_
292-0	BO003	292	0	[eh]	eh	_	_	_	_	_	linguistic	_	ContainsVariation=No	_	Begin=575.177|End=575.429	_	_	_	0-2(106)
293-0	BO003	293	0	questo	questo	_	_	_	_	_	linguistic	_	ContainsVariation=No	_	Begin=577.344	_	_	_	_
293-1	BO003	293	1	chi	chi	_	_	_	_	_	linguistic	_	ContainsVariation=No	_	_	_	_	_	_
293-2	BO003	293	2	è,	è	_	_	_	_	_	linguistic	_	ContainsVariation=No	Intonation=WeaklyRising|PauseAfter=Yes	_	_	_	_	_
293-3	BO003	293	3	(.)	(.)	_	_	_	_	_	shortpause	_	ContainsVariation=No	_	_	_	_	_	_
293-4	BO003	293	4	ma,	ma	_	_	_	_	_	linguistic	_	ContainsVariation=No	Intonation=WeaklyRising	_	_	_	_	_
293-5	BO003	293	5	sempre	sempre	_	_	_	_	_	linguistic	_	ContainsVariation=No	_	_	_	_	_	_
293-6	BO003	293	6	il	il	_	_	_	_	_	linguistic	_	ContainsVariation=No	_	_	_	_	_	_
293-7	BO003	293	7	cornificato	cornificato	_	_	_	_	_	linguistic	_	ContainsVariation=No	_	_	_	_	_	_
293-8	BO003	293	8	mio?	mio	_	_	_	_	_	linguistic	_	ContainsVariation=No	Intonation=Rising	End=580.209	_	_	_	_
294-0	BO002	294	0	n~	n~	_	_	_	_	_	linguistic	_	ContainsVariation=No	Interrupted=Yes	Begin=580.271	_	_	_	_
294-1	BO002	294	1	((ride))	((ride))	_	_	_	_	_	nonverbalbehavior	_	ContainsVariation=No	_	End=581.966	_	_	_	_
295-0	BO003	295	0	povero	povero	_	_	_	_	_	linguistic	_	ContainsVariation=No	_	Begin=582.035	_	_	_	_
295-1	BO003	295	1	cristo	cristo	_	_	_	_	_	linguistic	_	ContainsVariation=No	PauseAfter=Yes	_	_	_	_	_
295-2	BO003	295	2	(.)	(.)	_	_	_	_	_	shortpause	_	ContainsVariation=No	_	_	_	_	_	_
295-3	BO003	295	3	>sono	sono	_	_	_	_	_	linguistic	_	ContainsVariation=No	_	_	_	Fast=0-4(0)	_	_
295-4	BO003	295	4	andata<	andata	_	_	_	_	_	linguistic	_	ContainsVariation=No	_	_	_	Fast=0-6(0)	_	_
295-5	BO003	295	5	a	a	_	_	_	_	_	linguistic	_	ContainsVariation=No	_	_	_	_	_	_
295-6	BO003	295	6	beccare	beccare	_	_	_	_	_	linguistic	_	ContainsVariation=No	_	_	_	_	_	_
295-7	BO003	295	7	que:s[to]	questo	_	_	_	_	_	linguistic	_	ContainsVariation=No	_	End=585.067	2x1	_	_	4-6(107)
296-0	BO002	296	0	[ma]	ma	_	_	_	_	_	linguistic	_	ContainsVariation=No	_	Begin=584.845	_	_	_	0-2(107)
296-1	BO002	296	1	poi,	poi	_	_	_	_	_	linguistic	_	ContainsVariation=No	Intonation=WeaklyRising	_	_	_	_	_
296-2	BO002	296	2	scusa	scusa	_	_	_	_	_	linguistic	_	ContainsVariation=No	PauseAfter=Yes	_	_	_	_	_
296-3	BO002	296	3	(.)	(.)	_	_	_	_	_	shortpause	_	ContainsVariation=No	_	_	_	_	_	_
296-4	BO002	296	4	il	il	_	_	_	_	_	linguistic	_	ContainsVariation=No	_	_	_	_	_	_
296-5	BO002	296	5	più	più	_	_	_	_	_	linguistic	_	ContainsVariation=No	_	_	_	_	_	_
296-6	BO002	296	6	carino	carino	_	_	_	_	_	linguistic	_	ContainsVariation=No	_	_	_	_	_	_
296-7	BO002	296	7	di	di	_	_	_	_	_	linguistic	_	ContainsVariation=No	_	_	_	_	_	_
296-8	BO002	296	8	tutti,	tutti	_	_	_	_	_	linguistic	_	ContainsVariation=No	Intonation=WeaklyRising	_	_	_	_	_
296-9	BO002	296	9	lo	lo	_	_	_	_	_	linguistic	_	ContainsVariation=No	_	_	_	_	_	_
296-10	BO002	296	10	corni:fichi	cornifichi	_	_	_	_	_	linguistic	_	ContainsVariation=No	_	End=588.383	4x1	_	_	_
297-0	BO003	297	0	sì	sì	_	_	_	_	_	linguistic	_	ContainsVariation=No	_	Begin=588.414	_	_	_	_
297-1	BO003	297	1	sì	sì	_	_	_	_	_	linguistic	_	ContainsVariation=No	_	_	_	_	_	_
297-2	BO003	297	2	sì	sì	_	_	_	_	_	linguistic	_	ContainsVariation=No	_	_	_	_	_	_
297-3	BO003	297	3	esa~	esa~	_	_	_	_	_	linguistic	_	ContainsVariation=No	Interrupted=Yes|PauseAfter=Yes	_	_	_	_	_
297-4	BO003	297	4	(.)	(.)	_	_	_	_	_	shortpause	_	ContainsVariation=No	_	_	_	_	_	_
297-5	BO003	297	5	poi	poi	_	_	_	_	_	linguistic	_	ContainsVariation=No	_	_	_	_	_	_
297-6	BO003	297	6	>secondo	secondo	_	_	_	_	_	linguistic	_	ContainsVariation=No	_	_	_	Fast=0-7(0)	_	_
297-7	BO003	297	7	me<	me	_	_	_	_	_	linguistic	_	ContainsVariation=No	_	_	_	Fast=0-2(0)	_	_
297-8	BO003	297	8	lui	lui	_	_	_	_	_	linguistic	_	ContainsVariation=No	_	_	_	_	_	_
297-9	BO003	297	9	è	è	_	_	_	_	_	linguistic	_	ContainsVariation=No	_	_	_	_	_	_
297-10	BO003	297	10	il	il	_	_	_	_	_	linguistic	_	ContainsVariation=No	_	_	_	_	_	_
297-11	BO003	297	11	più	più	_	_	_	_	_	linguistic	_	ContainsVariation=No	_	_	_	_	_	_
297-12	BO003	297	12	carino	carino	_	_	_	_	_	linguistic	_	ContainsVariation=No	_	_	_	_	_	_
297-13	BO003	297	13	di	di	_	_	_	_	_	linguistic	_	ContainsVariation=No	_	_	_	_	_	_
297-14	BO003	297	14	tutti	tutti	_	_	_	_	_	linguistic	_	ContainsVariation=No	_	End=591.211	_	_	_	_
298-0	BO003	298	0	cioè	cioè	_	_	_	_	_	linguistic	_	ContainsVariation=No	_	Begin=591.251	_	_	_	_
298-1	BO003	298	1	[tra:	tra	_	_	_	_	_	linguistic	_	ContainsVariation=No	PauseAfter=Yes	_	2x1	_	_	0-3(108)
298-2	BO003	298	2	(.)	(.)	_	_	_	_	_	shortpause	_	ContainsVariation=No	_	_	_	_	_	X(108)
298-3	BO003	298	3	per	per	_	_	_	_	_	linguistic	_	ContainsVariation=No	_	_	_	_	_	0-3(108)
298-4	BO003	298	4	i	i	_	_	_	_	_	linguistic	_	ContainsVariation=No	_	_	_	_	_	0-1(108)
298-5	BO003	298	5	mie]i	miei	_	_	_	_	_	linguistic	_	ContainsVariation=No	_	_	_	_	_	0-3(108)
298-6	BO003	298	6	gusti	gusti	_	_	_	_	_	linguistic	_	ContainsVariation=No	PauseAfter=Yes	_	_	_	_	_
298-7	BO003	298	7	(.)	(.)	_	_	_	_	_	shortpause	_	ContainsVariation=No	_	_	_	_	_	_
298-8	BO003	298	8	[tra	tra	_	_	_	_	_	linguistic	_	ContainsVariation=No	_	_	_	_	_	0-3(109)
298-9	BO003	298	9	il	il	_	_	_	_	_	linguistic	_	ContainsVariation=No	_	_	_	_	_	0-2(109)
298-10	BO003	298	10	gruppo]	gruppo	_	_	_	_	_	linguistic	_	ContainsVariation=No	_	End=593.218	_	_	_	0-6(109)
299-0	BO002	299	0	[no	no	_	_	_	_	_	linguistic	_	ContainsVariation=No	PauseAfter=Yes	Begin=591.396	_	_	_	0-2(108)
299-1	BO002	299	1	(.)	(.)	_	_	_	_	_	shortpause	_	ContainsVariation=No	_	_	_	_	_	X(108)
299-2	BO002	299	2	eh],	eh	_	_	_	_	_	linguistic	_	ContainsVariation=No	Intonation=WeaklyRising	End=592.343	_	_	_	0-2(108)
300-0	BO002	300	0	[carino	carino	_	_	_	_	_	linguistic	_	ContainsVariation=No	_	Begin=592.566	_	_	_	0-6(109)
300-1	BO002	300	1	si]a,	sia	_	_	_	_	_	linguistic	_	ContainsVariation=No	Intonation=WeaklyRising	End=593.564	_	_	_	0-2(109)
301-0	BO002	301	0	di	di	_	_	_	_	_	linguistic	_	ContainsVariation=No	_	Begin=594.69	_	_	_	_
301-1	BO002	301	1	viso.	viso	_	_	_	_	_	linguistic	_	ContainsVariation=No	Intonation=Falling	_	_	_	_	_
301-2	BO002	301	2	[ma	ma	_	_	_	_	_	linguistic	_	ContainsVariation=No	_	_	_	_	_	0-2(110)
301-3	BO002	301	3	anche::]	anche	_	_	_	_	_	linguistic	_	ContainsVariation=No	_	End=596.652	4x2	_	_	0-5(110)
302-0	BO003	302	0	[poi	poi	_	_	_	_	_	linguistic	_	ContainsVariation=No	_	Begin=595.249	_	_	_	0-3(110)
302-1	BO003	302	1	è	è	_	_	_	_	_	linguistic	_	ContainsVariation=No	_	_	_	_	_	0-1(110)
302-2	BO003	302	2	anche	anche	_	_	_	_	_	linguistic	_	ContainsVariation=No	_	_	_	_	_	0-5(110)
302-3	BO003	302	3	il	il	_	_	_	_	_	linguistic	_	ContainsVariation=No	_	_	_	_	_	0-2(110)
302-4	BO003	302	4	più]	più	_	_	_	_	_	linguistic	_	ContainsVariation=No	PauseAfter=Yes	_	_	_	_	0-3(110)
302-5	BO003	302	5	(.)	(.)	_	_	_	_	_	shortpause	_	ContainsVariation=No	_	_	_	_	_	_
302-6	BO003	302	6	sì	sì	_	_	_	_	_	linguistic	_	ContainsVariation=No	_	_	_	_	_	_
302-7	BO003	302	7	sì	sì	_	_	_	_	_	linguistic	_	ContainsVariation=No	_	_	_	_	_	_
302-8	BO003	302	8	sì	sì	_	_	_	_	_	linguistic	_	ContainsVariation=No	PauseAfter=Yes	_	_	_	_	_
302-9	BO003	302	9	(.)	(.)	_	_	_	_	_	shortpause	_	ContainsVariation=No	_	_	_	_	_	_
302-10	BO003	302	10	(e	e	_	_	_	_	_	linguistic	_	ContainsVariation=No	_	_	_	_	0-1(0)	_
302-11	BO003	302	11	v~)	v~	_	_	_	_	_	linguistic	_	ContainsVariation=No	Interrupted=Yes|ProsodicLink=Yes	_	_	_	0-2(0)	_
302-12	BO003	302	12	è:	è	_	_	_	_	_	linguistic	_	ContainsVariation=No	_	_	0x1	_	_	_
302-13	BO003	302	13	cornificatissimo:	cornificatissimo	_	_	_	_	_	linguistic	_	ContainsVariation=No	_	_	15x1	_	_	_
302-14	BO003	302	14	non	non	_	_	_	_	_	linguistic	_	ContainsVariation=No	_	_	_	_	_	_
302-15	BO003	302	15	cornificato.	cornificato	_	_	_	_	_	linguistic	_	ContainsVariation=No	Intonation=Falling	End=599.28	_	_	_	_
303-0	BO002	303	0	((ride))	((ride))	_	_	_	_	_	nonverbalbehavior	_	ContainsVariation=No	_	Begin=599.641|End=600.787	_	_	_	_
304-0	BO002	304	0	che	che	_	_	_	_	_	linguistic	_	ContainsVariation=No	_	Begin=601.651	_	_	_	_
304-1	BO002	304	1	situazio::ni	situazioni	_	_	_	_	_	linguistic	_	ContainsVariation=No	_	End=603.6	7x2	_	_	_
305-0	BO003	305	0	è	è	_	_	_	_	_	linguistic	_	ContainsVariation=No	_	Begin=603.737	_	_	_	_
305-1	BO003	305	1	questa	questa	_	_	_	_	_	linguistic	_	ContainsVariation=No	_	_	_	_	_	_
305-2	BO003	305	2	quella	quella	_	_	_	_	_	linguistic	_	ContainsVariation=No	_	_	_	_	_	_
305-3	BO003	305	3	bionda.	bionda	_	_	_	_	_	linguistic	_	ContainsVariation=No	Intonation=Falling	End=604.947	_	_	_	_
306-0	BO002	306	0	ah	ah	_	_	_	_	_	linguistic	_	ContainsVariation=No	PauseAfter=Yes	Begin=605.246	_	_	_	_
306-1	BO002	306	1	(.)	(.)	_	_	_	_	_	shortpause	_	ContainsVariation=No	_	_	_	_	_	_
306-2	BO002	306	2	xxx?	xxx	_	_	_	_	_	linguistic	_	ContainsVariation=No	Intonation=Rising	End=606.328	_	_	_	_
307-0	BO003	307	0	sì	sì	_	_	_	_	_	linguistic	_	ContainsVariation=No	_	Begin=606.487|End=606.858	_	_	_	_
308-0	BO002	308	0	(aspetta	aspetta	_	_	_	_	_	linguistic	_	ContainsVariation=No	_	Begin=606.933	_	_	0-7(0)	_
308-1	BO002	308	1	eh	eh	_	_	_	_	_	linguistic	_	ContainsVariation=No	_	_	_	_	0-2(0)	_
308-2	BO002	308	2	perché:	perché	_	_	_	_	_	linguistic	_	ContainsVariation=No	_	_	5x1	_	0-6(0)	_
308-3	BO002	308	3	[mi	mi	_	_	_	_	_	linguistic	_	ContainsVariation=No	_	_	_	_	0-2(0)	0-2(111)
308-4	BO002	308	4	cam~)]	cam~	_	_	_	_	_	linguistic	_	ContainsVariation=No	Interrupted=Yes	End=607.883	_	_	0-4(0)	0-4(111)
309-0	BO003	309	0	[ques]ta	questa	_	_	_	_	_	linguistic	_	ContainsVariation=No	_	Begin=607.712	_	_	_	0-4(111)
309-1	BO003	309	1	è	è	_	_	_	_	_	linguistic	_	ContainsVariation=No	_	_	_	_	_	_
309-2	BO003	309	2	quella	quella	_	_	_	_	_	linguistic	_	ContainsVariation=No	_	_	_	_	_	_
309-3	BO003	309	3	che::	che	_	_	_	_	_	linguistic	_	ContainsVariation=No	_	_	2x2	_	_	_
309-4	BO003	309	4	li	li	_	_	_	_	_	linguistic	_	ContainsVariation=No	_	_	_	_	_	_
309-5	BO003	309	5	manda	manda	_	_	_	_	_	linguistic	_	ContainsVariation=No	_	_	_	_	_	_
309-6	BO003	309	6	via	via	_	_	_	_	_	linguistic	_	ContainsVariation=No	_	_	_	_	_	_
309-7	BO003	309	7	tutti.	tutti	_	_	_	_	_	linguistic	_	ContainsVariation=No	Intonation=Falling	End=610.08	_	_	_	_
310-0	BO003	310	0	no	no	_	_	_	_	_	linguistic	_	ContainsVariation=No	_	Begin=611.84	_	_	_	_
310-1	BO003	310	1	è	è	_	_	_	_	_	linguistic	_	ContainsVariation=No	_	_	_	_	_	_
310-2	BO003	310	2	carina.	carina	_	_	_	_	_	linguistic	_	ContainsVariation=No	Intonation=Falling	_	_	_	_	_
310-3	BO003	310	3	sì	sì	_	_	_	_	_	linguistic	_	ContainsVariation=No	_	_	_	_	_	_
310-4	BO003	310	4	sì	sì	_	_	_	_	_	linguistic	_	ContainsVariation=No	_	End=613.375	_	_	_	_
311-0	BO002	311	0	ma	ma	_	_	_	_	_	linguistic	_	ContainsVariation=No	_	Begin=613.952	_	_	_	_
311-1	BO002	311	1	c'	c'	_	_	_	_	_	linguistic	_	ContainsVariation=No	SpaceAfter=No	_	_	_	_	_
311-2	BO002	311	2	era	era	_	_	_	_	_	linguistic	_	ContainsVariation=No	_	_	_	_	_	_
311-3	BO002	311	3	una	una	_	_	_	_	_	linguistic	_	ContainsVariation=No	_	_	_	_	_	_
311-4	BO002	311	4	che	che	_	_	_	_	_	linguistic	_	ContainsVariation=No	_	_	_	_	_	_
311-5	BO002	311	5	ti	ti	_	_	_	_	_	linguistic	_	ContainsVariation=No	_	_	_	_	_	_
311-6	BO002	311	6	aveva	aveva	_	_	_	_	_	linguistic	_	ContainsVariation=No	_	_	_	_	_	_
311-7	BO002	311	7	commentato	commentato	_	_	_	_	_	linguistic	_	ContainsVariation=No	_	_	_	_	_	_
311-8	BO002	311	8	la	la	_	_	_	_	_	linguistic	_	ContainsVariation=No	_	_	_	_	_	_
311-9	BO002	311	9	foto	foto	_	_	_	_	_	linguistic	_	ContainsVariation=No	_	_	_	_	_	_
311-10	BO002	311	10	di	di	_	_	_	_	_	linguistic	_	ContainsVariation=No	_	_	_	_	_	_
311-11	BO002	311	11	profilo,	profilo	_	_	_	_	_	linguistic	_	ContainsVariation=No	Intonation=WeaklyRising	End=617.568	_	_	_	_
312-0	BO003	312	0	aspetta	aspetta	_	_	_	_	_	linguistic	_	ContainsVariation=No	_	Begin=618.189	_	_	_	_
312-1	BO003	312	1	ci	ci	_	_	_	_	_	linguistic	_	ContainsVariation=No	_	_	_	_	_	_
312-2	BO003	312	2	andiamo	andiamo	_	_	_	_	_	linguistic	_	ContainsVariation=No	_	_	_	_	_	_
312-3	BO003	312	3	a	a	_	_	_	_	_	linguistic	_	ContainsVariation=No	_	_	_	_	_	_
312-4	BO003	312	4	vedere	vedere	_	_	_	_	_	linguistic	_	ContainsVariation=No	_	End=619.39	_	_	_	_
313-0	BO002	313	0	tipo:	tipo	_	_	_	_	_	linguistic	_	ContainsVariation=No	_	Begin=620.024	3x1	_	_	_
313-1	BO002	313	1	scocci	scocci	_	_	_	_	_	linguistic	_	ContainsVariation=No	PauseAfter=Yes	_	_	_	_	_
313-2	BO002	313	2	(.)	(.)	_	_	_	_	_	shortpause	_	ContainsVariation=No	_	_	_	_	_	_
313-3	BO002	313	3	no	no	_	_	_	_	_	linguistic	_	ContainsVariation=No	_	_	_	_	_	_
313-4	BO002	313	4	cosa	cosa	_	_	_	_	_	linguistic	_	ContainsVariation=No	_	_	_	_	_	_
313-5	BO002	313	5	[>ti	ti	_	_	_	_	_	linguistic	_	ContainsVariation=No	_	_	_	Fast=0-2(0)	_	0-2(112)
313-6	BO002	313	6	aveva	aveva	_	_	_	_	_	linguistic	_	ContainsVariation=No	_	_	_	Fast=0-5(0)	_	0-5(112)
313-7	BO002	313	7	(di~	di~	_	_	_	_	_	linguistic	_	ContainsVariation=No	Interrupted=Yes	_	_	Fast=0-3(0)	0-3(0)	0-3(112)
313-8	BO002	313	8	eh)<]	eh	_	_	_	_	_	linguistic	_	ContainsVariation=No	_	End=622.967	_	Fast=0-2(0)	0-2(0)	0-2(112)
314-0	BO003	314	0	[sco~]	sco~	_	_	_	_	_	linguistic	_	ContainsVariation=No	Interrupted=Yes	Begin=622.21	_	_	_	0-4(112)
314-1	BO003	314	1	ah	ah	_	_	_	_	_	linguistic	_	ContainsVariation=No	_	_	_	_	_	_
314-2	BO003	314	2	socci	socci	_	_	_	_	_	linguistic	_	ContainsVariation=No	_	End=623.715	_	_	_	_
315-0	BO002	315	0	ah	ah	_	_	_	_	_	linguistic	_	ContainsVariation=No	PauseAfter=Yes	Begin=623.765	_	_	_	_
315-1	BO002	315	1	(.)	(.)	_	_	_	_	_	shortpause	_	ContainsVariation=No	_	_	_	_	_	_
315-2	BO002	315	2	soc[ci]	socci	_	_	_	_	_	linguistic	_	ContainsVariation=No	_	End=625.134	_	_	_	3-5(113)
316-0	BO003	316	0	[sì::]	sì	_	_	_	_	_	linguistic	_	ContainsVariation=No	PauseAfter=Yes	Begin=624.916	1x2	_	_	0-2(114)
316-1	BO003	316	1	(.)	(.)	_	_	_	_	_	shortpause	_	ContainsVariation=No	_	_	_	_	_	_
316-2	BO003	316	2	questa	questa	_	_	_	_	_	linguistic	_	ContainsVariation=No	_	_	_	_	_	_
316-3	BO003	316	3	qui	qui	_	_	_	_	_	linguistic	_	ContainsVariation=No	_	_	_	_	_	_
316-4	BO003	316	4	era	era	_	_	_	_	_	linguistic	_	ContainsVariation=No	_	_	_	_	_	_
316-5	BO003	316	5	quella	quella	_	_	_	_	_	linguistic	_	ContainsVariation=No	_	End=626.691	_	_	_	_
317-0	BO002	317	0	((ride))	((ride))	_	_	_	_	_	nonverbalbehavior	_	ContainsVariation=No	_	Begin=625.178|End=626.546	_	_	_	_
318-0	BO002	318	0	io	io	_	_	_	_	_	linguistic	_	ContainsVariation=No	_	Begin=626.699	_	_	_	_
318-1	BO002	318	1	non	non	_	_	_	_	_	linguistic	_	ContainsVariation=No	_	_	_	_	_	_
318-2	BO002	318	2	capivo	capivo	_	_	_	_	_	linguistic	_	ContainsVariation=No	_	_	_	_	_	_
318-3	BO002	318	3	cosa	cosa	_	_	_	_	_	linguistic	_	ContainsVariation=No	_	_	_	_	_	_
318-4	BO002	318	4	vuol	vuol	_	_	_	_	_	linguistic	_	ContainsVariation=No	_	_	_	_	_	_
318-5	BO002	318	5	dire	dire	_	_	_	_	_	linguistic	_	ContainsVariation=No	_	End=629.145	_	_	_	_
319-0	BO003	319	0	era	era	_	_	_	_	_	linguistic	_	ContainsVariation=No	_	Begin=629.313	_	_	_	_
319-1	BO003	319	1	la	la	_	_	_	_	_	linguistic	_	ContainsVariation=No	_	_	_	_	_	_
319-2	BO003	319	2	mia	mia	_	_	_	_	_	linguistic	_	ContainsVariation=No	_	_	_	_	_	_
319-3	BO003	319	3	amica,	amica	_	_	_	_	_	linguistic	_	ContainsVariation=No	Intonation=WeaklyRising|PauseAfter=Yes	_	_	_	_	_
319-4	BO003	319	4	(.)	(.)	_	_	_	_	_	shortpause	_	ContainsVariation=No	_	_	_	_	_	_
319-5	BO003	319	5	ah	ah	_	_	_	_	_	linguistic	_	ContainsVariation=No	_	_	_	_	_	_
319-6	BO003	319	6	socci	socci	_	_	_	_	_	linguistic	_	ContainsVariation=No	_	_	_	_	_	_
319-7	BO003	319	7	vuol	vuol	_	_	_	_	_	linguistic	_	ContainsVariation=No	_	_	_	_	_	_
319-8	BO003	319	8	dire	dire	_	_	_	_	_	linguistic	_	ContainsVariation=No	_	_	_	_	_	_
319-9	BO003	319	9	tipo::	tipo	_	_	_	_	_	linguistic	_	ContainsVariation=No	PauseAfter=Yes	_	3x2	_	_	_
319-10	BO003	319	10	(.)	(.)	_	_	_	_	_	shortpause	_	ContainsVariation=No	_	_	_	_	_	_
319-11	BO003	319	11	mare:mma	maremma	_	_	_	_	_	linguistic	_	ContainsVariation=No	_	End=633.191	3x1	_	_	_
320-0	BO002	320	0	ahh::	ahh	_	_	_	_	_	linguistic	_	ContainsVariation=No	_	Begin=633.289	2x2	_	_	_
320-1	BO002	320	1	((ride))	((ride))	_	_	_	_	_	nonverbalbehavior	_	ContainsVariation=No	_	End=634.724	_	_	_	_
321-0	BO003	321	0	capito?	capito	_	_	_	_	_	linguistic	_	ContainsVariation=No	Intonation=Rising	Begin=633.698|End=634.724	_	_	_	_
322-0	???	322	0	scusate	scusate	_	_	_	_	_	linguistic	_	ContainsVariation=No	_	Begin=634.856	_	_	_	_
322-1	???	322	1	posso	posso	_	_	_	_	_	linguistic	_	ContainsVariation=No	_	_	_	_	_	_
322-2	???	322	2	chiedervi	chiedervi	_	_	_	_	_	linguistic	_	ContainsVariation=No	_	_	_	_	_	_
322-3	???	322	3	una	una	_	_	_	_	_	linguistic	_	ContainsVariation=No	_	_	_	_	_	_
322-4	???	322	4	cosa?	cosa	_	_	_	_	_	linguistic	_	ContainsVariation=No	Intonation=Rising	_	_	_	_	_
322-5	???	322	5	[ho	ho	_	_	_	_	_	linguistic	_	ContainsVariation=No	_	_	_	_	_	0-2(116)
322-6	???	322	6	sentito]	sentito	_	_	_	_	_	linguistic	_	ContainsVariation=No	_	_	_	_	_	0-7(116)
322-7	???	322	7	che	che	_	_	_	_	_	linguistic	_	ContainsVariation=No	_	_	_	_	_	_
322-8	???	322	8	voi	voi	_	_	_	_	_	linguistic	_	ContainsVariation=No	_	_	_	_	_	_
322-9	???	322	9	fate	fate	_	_	_	_	_	linguistic	_	ContainsVariation=No	_	_	_	_	_	_
322-10	???	322	10	linguistica	linguistica	_	_	_	_	_	linguistic	_	ContainsVariation=No	_	_	_	_	_	_
322-11	???	322	11	genera:[le	generale	_	_	_	_	_	linguistic	_	ContainsVariation=No	_	_	5x1	_	_	6-8(117)
322-12	???	322	12	con]	con	_	_	_	_	_	linguistic	_	ContainsVariation=No	_	_	_	_	_	0-3(117)
322-13	???	322	13	la	la	_	_	_	_	_	linguistic	_	ContainsVariation=No	_	_	_	_	_	_
322-14	???	322	14	verdi	verdi	_	_	_	_	_	linguistic	_	ContainsVariation=No	PauseAfter=Yes	_	_	_	_	_
322-15	???	322	15	(.)	(.)	_	_	_	_	_	shortpause	_	ContainsVariation=No	_	_	_	_	_	_
322-16	???	322	16	ma	ma	_	_	_	_	_	linguistic	_	ContainsVariation=No	_	_	_	_	_	_
322-17	???	322	17	oggi	oggi	_	_	_	_	_	linguistic	_	ContainsVariation=No	_	_	_	_	_	_
322-18	???	322	18	c'	c'	_	_	_	_	_	linguistic	_	ContainsVariation=No	SpaceAfter=No	_	_	_	_	_
322-19	???	322	19	era?	era	_	_	_	_	_	linguistic	_	ContainsVariation=No	Intonation=Rising|PauseAfter=Yes	_	_	_	_	_
322-20	???	322	20	(.)	(.)	_	_	_	_	_	shortpause	_	ContainsVariation=No	_	_	_	_	_	_
322-21	???	322	21	[ah	ah	_	_	_	_	_	linguistic	_	ContainsVariation=No	_	_	_	_	_	0-2(120)
322-22	???	322	22	okay]	okay	_	_	_	_	_	linguistic	_	ContainsVariation=No	_	_	_	_	_	0-4(120)
322-23	???	322	23	grazie.	grazie	_	_	_	_	_	linguistic	_	ContainsVariation=No	Intonation=Falling	End=642.16	_	_	_	_
323-0	BO003	323	0	[sì],	sì	_	_	_	_	_	linguistic	_	ContainsVariation=No	Intonation=WeaklyRising	Begin=636.353|End=637.214	_	_	_	0-2(116)
324-0	BO003	324	0	[sì].	sì	_	_	_	_	_	linguistic	_	ContainsVariation=No	Intonation=Falling	Begin=638.198|End=638.931	_	_	_	0-2(117)
325-0	BO003	325	0	[sì].	sì	_	_	_	_	_	linguistic	_	ContainsVariation=No	Intonation=Falling	Begin=639.121|End=639.567	_	_	_	0-2(118)
326-0	BO003	326	0	[sì]	sì	_	_	_	_	_	linguistic	_	ContainsVariation=No	_	Begin=640.454|End=640.764	_	_	_	0-2(119)
327-0	BO002	327	0	oggi	oggi	_	_	_	_	_	linguistic	_	ContainsVariation=No	_	Begin=640.764	_	_	_	_
327-1	BO002	327	1	c'	c'	_	_	_	_	_	linguistic	_	ContainsVariation=No	SpaceAfter=No	_	_	_	_	_
327-2	BO002	327	2	era.	era	_	_	_	_	_	linguistic	_	ContainsVariation=No	Intonation=Falling	End=641.766	_	_	_	_
328-0	BO003	328	0	niente	niente	_	_	_	_	_	linguistic	_	ContainsVariation=No	_	Begin=642.153|End=642.864	_	_	_	_
329-0	BO003	329	0	questa	questa	_	_	_	_	_	linguistic	_	ContainsVariation=No	_	Begin=643.516	_	_	_	_
329-1	BO003	329	1	qui.	qui	_	_	_	_	_	linguistic	_	ContainsVariation=No	Intonation=Falling|PauseAfter=Yes	_	_	_	_	_
329-2	BO003	329	2	(.)	(.)	_	_	_	_	_	shortpause	_	ContainsVariation=No	_	_	_	_	_	_
329-3	BO003	329	3	quella	quella	_	_	_	_	_	linguistic	_	ContainsVariation=No	_	_	_	_	_	_
329-4	BO003	329	4	che	che	_	_	_	_	_	linguistic	_	ContainsVariation=No	_	_	_	_	_	_
329-5	BO003	329	5	ti	ti	_	_	_	_	_	linguistic	_	ContainsVariation=No	_	_	_	_	_	_
329-6	BO003	329	6	avevo	avevo	_	_	_	_	_	linguistic	_	ContainsVariation=No	_	_	_	_	_	_
329-7	BO003	329	7	fatto	fatto	_	_	_	_	_	linguistic	_	ContainsVariation=No	_	_	_	_	_	_
329-8	BO003	329	8	vedere	vedere	_	_	_	_	_	linguistic	_	ContainsVariation=No	_	End=645.691	_	_	_	_
330-0	BO003	330	0	eh:	eh	_	_	_	_	_	linguistic	_	ContainsVariation=No	_	Begin=646.465	1x1	_	_	_
330-1	BO003	330	1	questa.	questa	_	_	_	_	_	linguistic	_	ContainsVariation=No	Intonation=Falling	End=647.668	_	_	_	_
331-0	BO002	331	0	ah,	ah	_	_	_	_	_	linguistic	_	ContainsVariation=No	Intonation=WeaklyRising|PauseAfter=Yes	Begin=647.761	_	_	_	_
331-1	BO002	331	1	(.)	(.)	_	_	_	_	_	shortpause	_	ContainsVariation=No	_	_	_	_	_	_
331-2	BO002	331	2	AH	ah	_	_	_	_	_	linguistic	_	ContainsVariation=No	Volume=high	_	_	_	_	_
331-3	BO002	331	3	ho	ho	_	_	_	_	_	linguistic	_	ContainsVariation=No	_	_	_	_	_	_
331-4	BO002	331	4	capi[to]	capito	_	_	_	_	_	linguistic	_	ContainsVariation=No	_	End=649.43	_	_	_	4-6(122)
332-0	BO003	332	0	[ca]pito?	capito	_	_	_	_	_	linguistic	_	ContainsVariation=No	Intonation=Rising	Begin=649.238|End=649.904	_	_	_	0-2(122)
333-0	BO002	333	0	sì	sì	_	_	_	_	_	linguistic	_	ContainsVariation=No	ProsodicLink=Yes	Begin=649.904	_	_	_	_
333-1	BO002	333	1	sì	sì	_	_	_	_	_	linguistic	_	ContainsVariation=No	ProsodicLink=Yes	_	_	_	_	_
333-2	BO002	333	2	sì	sì	_	_	_	_	_	linguistic	_	ContainsVariation=No	_	End=650.455	_	_	_	_
334-0	BO003	334	0	sì	sì	_	_	_	_	_	linguistic	_	ContainsVariation=No	PauseAfter=Yes	Begin=650.608	_	_	_	_
334-1	BO003	334	1	(.)	(.)	_	_	_	_	_	shortpause	_	ContainsVariation=No	_	_	_	_	_	_
334-2	BO003	334	2	poi	poi	_	_	_	_	_	linguistic	_	ContainsVariation=No	_	_	_	_	_	_
334-3	BO003	334	3	qui	qui	_	_	_	_	_	linguistic	_	ContainsVariation=No	_	_	_	_	_	_
334-4	BO003	334	4	ci	ci	_	_	_	_	_	linguistic	_	ContainsVariation=No	_	_	_	_	_	_
334-5	BO003	334	5	[sono	sono	_	_	_	_	_	linguistic	_	ContainsVariation=No	_	_	_	_	_	0-4(123)
334-6	BO003	334	6	tutte]	tutte	_	_	_	_	_	linguistic	_	ContainsVariation=No	_	End=652.464	_	_	_	0-5(123)
335-0	BO002	335	0	[io	io	_	_	_	_	_	linguistic	_	ContainsVariation=No	_	Begin=651.584	_	_	_	0-2(123)
335-1	BO002	335	1	avevo	avevo	_	_	_	_	_	linguistic	_	ContainsVariation=No	_	_	_	_	_	0-5(123)
335-2	BO002	335	2	letto]	letto	_	_	_	_	_	linguistic	_	ContainsVariation=No	_	_	_	_	_	0-5(123)
335-3	BO002	335	3	scocci	scocci	_	_	_	_	_	linguistic	_	ContainsVariation=No	_	End=653.274	_	_	_	_
336-0	BO002	336	0	>perché	perché	_	_	_	_	_	linguistic	_	ContainsVariation=No	_	Begin=653.574	_	Fast=0-6(0)	_	_
336-1	BO002	336	1	non	non	_	_	_	_	_	linguistic	_	ContainsVariation=No	_	_	_	Fast=0-3(0)	_	_
336-2	BO002	336	2	so<	so	_	_	_	_	_	linguistic	_	ContainsVariation=No	_	_	_	Fast=0-2(0)	_	_
336-3	BO002	336	3	se	se	_	_	_	_	_	linguistic	_	ContainsVariation=No	_	_	_	_	_	_
336-4	BO002	336	4	lo	lo	_	_	_	_	_	linguistic	_	ContainsVariation=No	_	_	_	_	_	_
336-5	BO002	336	5	dite	dite	_	_	_	_	_	linguistic	_	ContainsVariation=No	_	_	_	_	_	_
336-6	BO002	336	6	anche	anche	_	_	_	_	_	linguistic	_	ContainsVariation=No	_	_	_	_	_	_
336-7	BO002	336	7	da	da	_	_	_	_	_	linguistic	_	ContainsVariation=No	_	_	_	_	_	_
336-8	BO002	336	8	noi	noi	_	_	_	_	_	linguistic	_	ContainsVariation=No	_	_	_	_	_	_
336-9	BO002	336	9	quando:	quando	_	_	_	_	_	linguistic	_	ContainsVariation=No	PauseAfter=Yes	_	5x1	_	_	_
336-10	BO002	336	10	(.)	(.)	_	_	_	_	_	shortpause	_	ContainsVariation=No	_	_	_	_	_	_
336-11	BO002	336	11	dici	dici	_	_	_	_	_	linguistic	_	ContainsVariation=No	_	_	_	_	_	_
336-12	BO002	336	12	<scocci>	scocci	_	_	_	_	_	linguistic	_	ContainsVariation=No	_	_	_	Slow=0-6(0)	_	_
336-13	BO002	336	13	da	da	_	_	_	_	_	linguistic	_	ContainsVariation=No	_	_	_	_	_	_
336-14	BO002	336	14	noi	noi	_	_	_	_	_	linguistic	_	ContainsVariation=No	_	_	_	_	_	_
336-15	BO002	336	15	vuol	vuol	_	_	_	_	_	linguistic	_	ContainsVariation=No	_	_	_	_	_	_
336-16	BO002	336	16	dire:	dire	_	_	_	_	_	linguistic	_	ContainsVariation=No	_	_	3x1	_	_	_
336-17	BO002	336	17	[rompi	rompi	_	_	_	_	_	linguistic	_	ContainsVariation=No	PauseAfter=Yes	_	_	_	_	0-5(124)
336-18	BO002	336	18	(.)	(.)	_	_	_	_	_	shortpause	_	ContainsVariation=No	_	_	_	_	_	X(124)
336-19	BO002	336	19	sì]	sì	_	_	_	_	_	linguistic	_	ContainsVariation=No	_	End=659.19	_	_	_	0-2(124)
337-0	BO003	337	0	[che	che	_	_	_	_	_	linguistic	_	ContainsVariation=No	_	Begin=657.815	_	_	_	0-3(124)
337-1	BO003	337	1	dai	dai	_	_	_	_	_	linguistic	_	ContainsVariation=No	_	_	_	_	_	0-3(124)
337-2	BO003	337	2	fastidio	fastidio	_	_	_	_	_	linguistic	_	ContainsVariation=No	PauseAfter=Yes	_	_	_	_	0-8(124)
337-3	BO003	337	3	(.)	(.)	_	_	_	_	_	shortpause	_	ContainsVariation=No	_	_	_	_	_	X(124)
337-4	BO003	337	4	sì	sì	_	_	_	_	_	linguistic	_	ContainsVariation=No	_	_	_	_	_	0-2(124)
337-5	BO003	337	5	sì	sì	_	_	_	_	_	linguistic	_	ContainsVariation=No	_	_	_	_	_	0-2(124)
337-6	BO003	337	6	sì]	sì	_	_	_	_	_	linguistic	_	ContainsVariation=No	_	_	_	_	_	0-2(124)
337-7	BO003	337	7	sì	sì	_	_	_	_	_	linguistic	_	ContainsVariation=No	_	_	_	_	_	_
337-8	BO003	337	8	sì	sì	_	_	_	_	_	linguistic	_	ContainsVariation=No	_	End=659.762	_	_	_	_
338-0	BO002	338	0	[invece	invece	_	_	_	_	_	linguistic	_	ContainsVariation=No	_	Begin=660.126	_	_	_	0-6(125)
338-1	BO002	338	1	è	è	_	_	_	_	_	linguistic	_	ContainsVariation=No	_	_	_	_	_	0-1(125)
338-2	BO002	338	2	socci]	socci	_	_	_	_	_	linguistic	_	ContainsVariation=No	_	End=661.574	_	_	_	0-5(125)
339-0	BO003	339	0	[>e	e	_	_	_	_	_	linguistic	_	ContainsVariation=No	_	Begin=660.126	_	Fast=0-1(0)	_	0-1(125)
339-1	BO003	339	1	che	che	_	_	_	_	_	linguistic	_	ContainsVariation=No	_	_	_	Fast=0-3(0)	_	0-3(125)
339-2	BO003	339	2	tu	tu	_	_	_	_	_	linguistic	_	ContainsVariation=No	_	_	_	Fast=0-2(0)	_	0-2(125)
339-3	BO003	339	3	avrai	avrai	_	_	_	_	_	linguistic	_	ContainsVariation=No	_	_	_	Fast=0-5(0)	_	0-5(125)
339-4	BO003	339	4	pensato<	pensato	_	_	_	_	_	linguistic	_	ContainsVariation=No	PauseAfter=Yes	_	_	Fast=0-7(0)	_	0-7(125)
339-5	BO003	339	5	(.)	(.)	_	_	_	_	_	shortpause	_	ContainsVariation=No	_	_	_	_	_	X(125)
339-6	BO003	339	6	ma	ma	_	_	_	_	_	linguistic	_	ContainsVariation=No	_	_	_	_	_	0-2(125)
339-7	BO003	339	7	che	che	_	_	_	_	_	linguistic	_	ContainsVariation=No	_	_	_	_	_	0-3(125)
339-8	BO003	339	8	scri~].	scri~	_	_	_	_	_	linguistic	_	ContainsVariation=No	Intonation=Falling|Interrupted=Yes	End=661.572	_	_	_	0-5(125)
340-0	BO002	340	0	invece	invece	_	_	_	_	_	linguistic	_	ContainsVariation=No	_	Begin=663.206	_	_	_	_
340-1	BO002	340	1	è	è	_	_	_	_	_	linguistic	_	ContainsVariation=No	_	_	_	_	_	_
340-2	BO002	340	2	soc[ci]	socci	_	_	_	_	_	linguistic	_	ContainsVariation=No	_	End=664.452	_	_	_	3-5(126)
341-0	BO003	341	0	[sì]	sì	_	_	_	_	_	linguistic	_	ContainsVariation=No	_	Begin=664.323	_	_	_	0-2(126)
341-1	BO003	341	1	sì	sì	_	_	_	_	_	linguistic	_	ContainsVariation=No	_	_	_	_	_	_
341-2	BO003	341	2	sì	sì	_	_	_	_	_	linguistic	_	ContainsVariation=No	_	End=665.083	_	_	_	_
342-0	BO002	342	0	ah	ah	_	_	_	_	_	linguistic	_	ContainsVariation=No	_	Begin=665.134	_	_	_	_
342-1	BO002	342	1	quindi	quindi	_	_	_	_	_	linguistic	_	ContainsVariation=No	_	_	_	_	_	_
342-2	BO002	342	2	socci	socci	_	_	_	_	_	linguistic	_	ContainsVariation=No	_	_	_	_	_	_
342-3	BO002	342	3	è	è	_	_	_	_	_	linguistic	_	ContainsVariation=No	_	_	_	_	_	_
342-4	BO002	342	4	come	come	_	_	_	_	_	linguistic	_	ContainsVariation=No	_	_	_	_	_	_
342-5	BO002	342	5	dire,	dire	_	_	_	_	_	linguistic	_	ContainsVariation=No	Intonation=WeaklyRising	_	_	_	_	_
342-6	BO002	342	6	mare:m[ma]	maremma	_	_	_	_	_	linguistic	_	ContainsVariation=No	_	End=667.642	3x1	_	_	5-7(127)
343-0	BO003	343	0	[sì	sì	_	_	_	_	_	linguistic	_	ContainsVariation=No	_	Begin=667.444	_	_	_	0-2(127)
343-1	BO003	343	1	sì]	sì	_	_	_	_	_	linguistic	_	ContainsVariation=No	_	_	_	_	_	0-2(127)
343-2	BO003	343	2	sì.	sì	_	_	_	_	_	linguistic	_	ContainsVariation=No	Intonation=Falling	End=668.141	_	_	_	_
344-0	BO002	344	0	fo:r[te]	forte	_	_	_	_	_	linguistic	_	ContainsVariation=No	_	Begin=668.982|End=669.918	1x1	_	_	3-5(128)
345-0	BO003	345	0	[>pe]rò	però	_	_	_	_	_	linguistic	_	ContainsVariation=No	_	Begin=669.608	_	Fast=0-4(0)	_	0-2(128)
345-1	BO003	345	1	qua	qua	_	_	_	_	_	linguistic	_	ContainsVariation=No	_	_	_	Fast=0-3(0)	_	_
345-2	BO003	345	2	si	si	_	_	_	_	_	linguistic	_	ContainsVariation=No	_	_	_	Fast=0-2(0)	_	_
345-3	BO003	345	3	dice<	dice	_	_	_	_	_	linguistic	_	ContainsVariation=No	_	_	_	Fast=0-4(0)	_	_
345-4	BO003	345	4	socci,	socci	_	_	_	_	_	linguistic	_	ContainsVariation=No	Intonation=WeaklyRising	End=670.928	_	_	_	_
346-0	BO003	346	0	proprio	proprio	_	_	_	_	_	linguistic	_	ContainsVariation=No	_	Begin=671.987	_	_	_	_
346-1	BO003	346	1	intona:to	intonato	_	_	_	_	_	linguistic	_	ContainsVariation=No	_	End=673.353	5x1	_	_	_
347-0	BO003	347	0	madonna	madonna	_	_	_	_	_	linguistic	_	ContainsVariation=No	_	Begin=673.835	_	_	_	_
347-1	BO003	347	1	mia	mia	_	_	_	_	_	linguistic	_	ContainsVariation=No	_	_	_	_	_	_
347-2	BO003	347	2	cugina	cugina	_	_	_	_	_	linguistic	_	ContainsVariation=No	_	End=675.134	_	_	_	_
348-0	BO003	348	0	>allora	allora	_	_	_	_	_	linguistic	_	ContainsVariation=No	_	Begin=675.477	_	Fast=0-6(0)	_	_
348-1	BO003	348	1	x<	x	_	_	_	_	_	unknown	_	ContainsVariation=No	Syllables=1	End=676.254	_	Fast=0-1(0)	_	_
349-0	BO003	349	0	io	io	_	_	_	_	_	linguistic	_	ContainsVariation=No	_	Begin=676.419	_	_	_	_
349-1	BO003	349	1	le	le	_	_	_	_	_	linguistic	_	ContainsVariation=No	_	_	_	_	_	_
349-2	BO003	349	2	voglio	voglio	_	_	_	_	_	linguistic	_	ContainsVariation=No	_	_	_	_	_	_
349-3	BO003	349	3	bene	bene	_	_	_	_	_	linguistic	_	ContainsVariation=No	_	_	_	_	_	_
349-4	BO003	349	4	[eh],	eh	_	_	_	_	_	linguistic	_	ContainsVariation=No	Intonation=WeaklyRising	End=677.795	_	_	_	0-2(129)
350-0	BO002	350	0	((ride))	((ride))	_	_	_	_	_	nonverbalbehavior	_	ContainsVariation=No	_	Begin=677.607|End=678.349	_	_	_	_
351-0	BO003	351	0	è	è	_	_	_	_	_	linguistic	_	ContainsVariation=No	_	Begin=678.013	_	_	_	_
351-1	BO003	351	1	una	una	_	_	_	_	_	linguistic	_	ContainsVariation=No	_	_	_	_	_	_
351-2	BO003	351	2	delle::	delle	_	_	_	_	_	linguistic	_	ContainsVariation=No	_	End=678.801	4x2	_	_	_
352-0	BO003	352	0	abbiamo	abbiamo	_	_	_	_	_	linguistic	_	ContainsVariation=No	_	Begin=680.307	_	_	_	_
352-1	BO003	352	1	un	un	_	_	_	_	_	linguistic	_	ContainsVariation=No	_	_	_	_	_	_
352-2	BO003	352	2	bel	bel	_	_	_	_	_	linguistic	_	ContainsVariation=No	_	_	_	_	_	_
352-3	BO003	352	3	rapporto	rapporto	_	_	_	_	_	linguistic	_	ContainsVariation=No	_	_	_	_	_	_
352-4	BO003	352	4	>nel	nel	_	_	_	_	_	linguistic	_	ContainsVariation=No	_	_	_	Fast=0-3(0)	_	_
352-5	BO003	352	5	senso<	senso	_	_	_	_	_	linguistic	_	ContainsVariation=No	_	_	_	Fast=0-5(0)	_	_
352-6	BO003	352	6	siamo	siamo	_	_	_	_	_	linguistic	_	ContainsVariation=No	_	_	_	_	_	_
352-7	BO003	352	7	molto	molto	_	_	_	_	_	linguistic	_	ContainsVariation=No	_	_	_	_	_	_
352-8	BO003	352	8	unite	unite	_	_	_	_	_	linguistic	_	ContainsVariation=No	_	_	_	_	_	_
352-9	BO003	352	9	però	però	_	_	_	_	_	linguistic	_	ContainsVariation=No	_	_	_	_	_	_
352-10	BO003	352	10	ti	ti	_	_	_	_	_	linguistic	_	ContainsVariation=No	_	_	_	_	_	_
352-11	BO003	352	11	devo	devo	_	_	_	_	_	linguistic	_	ContainsVariation=No	_	_	_	_	_	_
352-12	BO003	352	12	troppo.	troppo	_	_	_	_	_	linguistic	_	ContainsVariation=No	Intonation=Falling	_	_	_	_	_
352-13	BO003	352	13	far	far	_	_	_	_	_	linguistic	_	ContainsVariation=No	_	_	_	_	_	_
352-14	BO003	352	14	vedere	vedere	_	_	_	_	_	linguistic	_	ContainsVariation=No	_	_	_	_	_	_
352-15	BO003	352	15	quello	quello	_	_	_	_	_	linguistic	_	ContainsVariation=No	_	_	_	_	_	_
352-16	BO003	352	16	con	con	_	_	_	_	_	linguistic	_	ContainsVariation=No	_	_	_	_	_	_
352-17	BO003	352	17	cui	cui	_	_	_	_	_	linguistic	_	ContainsVariation=No	_	_	_	_	_	_
352-18	BO003	352	18	s'	s'	_	_	_	_	_	linguistic	_	ContainsVariation=No	SpaceAfter=No	_	_	_	_	_
352-19	BO003	352	19	è	è	_	_	_	_	_	linguistic	_	ContainsVariation=No	_	_	_	_	_	_
352-20	BO003	352	20	messa	messa	_	_	_	_	_	linguistic	_	ContainsVariation=No	ProsodicLink=Yes	_	_	_	_	_
352-21	BO003	352	21	a	a	_	_	_	_	_	linguistic	_	ContainsVariation=No	_	_	_	_	_	_
352-22	BO003	352	22	me	me	_	_	_	_	_	linguistic	_	ContainsVariation=No	_	_	_	_	_	_
352-23	BO003	352	23	dispia::ce,	dispiace	_	_	_	_	_	linguistic	_	ContainsVariation=No	Intonation=WeaklyRising	End=686.1745000000001	5x2	_	_	_
353-0	BO002	353	0	((ride))	((ride))	_	_	_	_	_	nonverbalbehavior	_	ContainsVariation=No	_	Begin=686.1745000000001|End=687.016	_	_	_	_
354-0	BO002	354	0	[non	non	_	_	_	_	_	linguistic	_	ContainsVariation=No	_	Begin=687.144	_	_	_	0-3(131)
354-1	BO002	354	1	ti	ti	_	_	_	_	_	linguistic	_	ContainsVariation=No	_	_	_	_	_	0-2(131)
354-2	BO002	354	2	pia:ce].	piace	_	_	_	_	_	linguistic	_	ContainsVariation=No	Intonation=Falling	End=688.241	2x1	_	_	0-5(131)
355-0	BO003	355	0	[però	però	_	_	_	_	_	linguistic	_	ContainsVariation=No	_	Begin=687.144	_	_	_	0-4(131)
355-1	BO003	355	1	te	te	_	_	_	_	_	linguistic	_	ContainsVariation=No	_	_	_	_	_	0-2(131)
355-2	BO003	355	2	lo	lo	_	_	_	_	_	linguistic	_	ContainsVariation=No	_	_	_	_	_	0-2(131)
355-3	BO003	355	3	devo	devo	_	_	_	_	_	linguistic	_	ContainsVariation=No	_	_	_	_	_	0-4(131)
355-4	BO003	355	4	troppo]	troppo	_	_	_	_	_	linguistic	_	ContainsVariation=No	_	_	_	_	_	0-6(131)
355-5	BO003	355	5	far	far	_	_	_	_	_	linguistic	_	ContainsVariation=No	_	_	_	_	_	_
355-6	BO003	355	6	vedere	vedere	_	_	_	_	_	linguistic	_	ContainsVariation=No	_	End=688.949	_	_	_	_
356-0	BO003	356	0	mah	mah	_	_	_	_	_	linguistic	_	ContainsVariation=No	PauseAfter=Yes	Begin=689.23	_	_	_	_
356-1	BO003	356	1	(.)	(.)	_	_	_	_	_	shortpause	_	ContainsVariation=No	_	_	_	_	_	_
356-2	BO003	356	2	eh	eh	_	_	_	_	_	linguistic	_	ContainsVariation=No	PauseAfter=Yes	_	_	_	_	_
356-3	BO003	356	3	(.)	(.)	_	_	_	_	_	shortpause	_	ContainsVariation=No	_	_	_	_	_	_
356-4	BO003	356	4	mh	mh	_	_	_	_	_	linguistic	_	ContainsVariation=No	PauseAfter=Yes	_	_	_	_	_
356-5	BO003	356	5	(.)	(.)	_	_	_	_	_	shortpause	_	ContainsVariation=No	_	_	_	_	_	_
356-6	BO003	356	6	no.	no	_	_	_	_	_	linguistic	_	ContainsVariation=No	Intonation=Falling	End=691.828	_	_	_	_
357-0	BO003	357	0	cioè	cioè	_	_	_	_	_	linguistic	_	ContainsVariation=No	_	Begin=691.908	_	_	_	_
357-1	BO003	357	1	a	a	_	_	_	_	_	linguistic	_	ContainsVariation=No	_	_	_	_	_	_
357-2	BO003	357	2	me::,	me	_	_	_	_	_	linguistic	_	ContainsVariation=No	Intonation=WeaklyRising	End=692.883	1x2	_	_	_
358-0	BO003	358	0	a	a	_	_	_	_	_	linguistic	_	ContainsVariation=No	_	Begin=693.378	_	_	_	_
358-1	BO003	358	1	me	me	_	_	_	_	_	linguistic	_	ContainsVariation=No	_	_	_	_	_	_
358-2	BO003	358	2	non	non	_	_	_	_	_	linguistic	_	ContainsVariation=No	_	End=694.266	_	_	_	_
359-0	BO003	359	0	proprio	proprio	_	_	_	_	_	linguistic	_	ContainsVariation=No	_	Begin=694.711	_	_	_	_
359-1	BO003	359	1	per	per	_	_	_	_	_	linguistic	_	ContainsVariation=No	_	_	_	_	_	_
359-2	BO003	359	2	(gr~)	gr~	_	_	_	_	_	linguistic	_	ContainsVariation=No	Interrupted=Yes	_	_	_	0-3(0)	_
359-3	BO003	359	3	perché	perché	_	_	_	_	_	linguistic	_	ContainsVariation=No	_	_	_	_	_	_
359-4	BO003	359	4	è	è	_	_	_	_	_	linguistic	_	ContainsVariation=No	_	_	_	_	_	_
359-5	BO003	359	5	un	un	_	_	_	_	_	linguistic	_	ContainsVariation=No	_	_	_	_	_	_
359-6	BO003	359	6	bravo	bravo	_	_	_	_	_	linguistic	_	ContainsVariation=No	_	_	_	_	_	_
359-7	BO003	359	7	ragazzo	ragazzo	_	_	_	_	_	linguistic	_	ContainsVariation=No	_	_	_	_	_	_
359-8	BO003	359	8	sicurame:nte,	sicuramente	_	_	_	_	_	linguistic	_	ContainsVariation=No	Intonation=WeaklyRising	End=697.356	7x1	_	_	_
360-0	BO003	360	0	sono	sono	_	_	_	_	_	linguistic	_	ContainsVariation=No	_	Begin=697.406	_	_	_	_
360-1	BO003	360	1	felicissima	felicissima	_	_	_	_	_	linguistic	_	ContainsVariation=No	_	_	_	_	_	_
360-2	BO003	360	2	per	per	_	_	_	_	_	linguistic	_	ContainsVariation=No	_	_	_	_	_	_
360-3	BO003	360	3	lei	lei	_	_	_	_	_	linguistic	_	ContainsVariation=No	_	_	_	_	_	_
360-4	BO003	360	4	che	che	_	_	_	_	_	linguistic	_	ContainsVariation=No	_	End=699.135	_	_	_	_
361-0	BO003	361	0	che	che	_	_	_	_	_	linguistic	_	ContainsVariation=No	_	Begin=699.406	_	_	_	_
361-1	BO003	361	1	sia	sia	_	_	_	_	_	linguistic	_	ContainsVariation=No	_	_	_	_	_	_
361-2	BO003	361	2	feli::ce,	felice	_	_	_	_	_	linguistic	_	ContainsVariation=No	Intonation=WeaklyRising	_	3x2	_	_	_
361-3	BO003	361	3	e	e	_	_	_	_	_	linguistic	_	ContainsVariation=No	_	_	_	_	_	_
361-4	BO003	361	4	che	che	_	_	_	_	_	linguistic	_	ContainsVariation=No	_	_	_	_	_	_
361-5	BO003	361	5	le	le	_	_	_	_	_	linguistic	_	ContainsVariation=No	_	_	_	_	_	_
361-6	BO003	361	6	vada	vada	_	_	_	_	_	linguistic	_	ContainsVariation=No	_	_	_	_	_	_
361-7	BO003	361	7	bene,	bene	_	_	_	_	_	linguistic	_	ContainsVariation=No	Intonation=WeaklyRising	End=702.01	_	_	_	_
362-0	BO003	362	0	è	è	_	_	_	_	_	linguistic	_	ContainsVariation=No	_	Begin=703.529	_	_	_	_
362-1	BO003	362	1	troppo.	troppo	_	_	_	_	_	linguistic	_	ContainsVariation=No	Intonation=Falling|PauseAfter=Yes	_	_	_	_	_
362-2	BO003	362	2	(.)	(.)	_	_	_	_	_	shortpause	_	ContainsVariation=No	_	_	_	_	_	_
362-3	BO003	362	3	cioè	cioè	_	_	_	_	_	linguistic	_	ContainsVariation=No	_	_	_	_	_	_
362-4	BO003	362	4	((ride))	((ride))	_	_	_	_	_	nonverbalbehavior	_	ContainsVariation=No	_	End=704.859	_	_	_	_
363-0	BO002	363	0	ma	ma	_	_	_	_	_	linguistic	_	ContainsVariation=No	_	Begin=705.489	_	_	_	_
363-1	BO002	363	1	troppo	troppo	_	_	_	_	_	linguistic	_	ContainsVariation=No	_	_	_	_	_	_
363-2	BO002	363	2	in	in	_	_	_	_	_	linguistic	_	ContainsVariation=No	_	_	_	_	_	_
363-3	BO002	363	3	che	che	_	_	_	_	_	linguistic	_	ContainsVariation=No	_	_	_	_	_	_
363-4	BO002	363	4	se:n[so]?	senso	_	_	_	_	_	linguistic	_	ContainsVariation=No	Intonation=Rising	End=707.26	1x1	_	_	3-5(132)
364-0	BO003	364	0	[è	è	_	_	_	_	_	linguistic	_	ContainsVariation=No	_	Begin=706.846	_	_	_	0-1(132)
364-1	BO003	364	1	un	un	_	_	_	_	_	linguistic	_	ContainsVariation=No	_	_	_	_	_	0-2(132)
364-2	BO003	364	2	so]ggetto.	soggetto	_	_	_	_	_	linguistic	_	ContainsVariation=No	Intonation=Falling	_	_	_	_	0-2(132)
364-3	BO003	364	3	cioè	cioè	_	_	_	_	_	linguistic	_	ContainsVariation=No	ProsodicLink=Yes	_	_	_	_	_
364-4	BO003	364	4	è	è	_	_	_	_	_	linguistic	_	ContainsVariation=No	_	_	_	_	_	_
364-5	BO003	364	5	un	un	_	_	_	_	_	linguistic	_	ContainsVariation=No	_	_	_	_	_	_
364-6	BO003	364	6	po'	po'	_	_	_	_	_	linguistic	_	ContainsVariation=No	PauseAfter=Yes	_	_	_	_	_
364-7	BO003	364	7	(.)	(.)	_	_	_	_	_	shortpause	_	ContainsVariation=No	_	_	_	_	_	_
364-8	BO003	364	8	[mh]	mh	_	_	_	_	_	linguistic	_	ContainsVariation=No	_	_	_	_	_	0-2(133)
364-9	BO003	364	9	un	un	_	_	_	_	_	linguistic	_	ContainsVariation=No	_	_	_	_	_	_
364-10	BO003	364	10	po'	po'	_	_	_	_	_	linguistic	_	ContainsVariation=No	_	_	_	_	_	_
364-11	BO003	364	11	un	un	_	_	_	_	_	linguistic	_	ContainsVariation=No	_	_	_	_	_	_
364-12	BO003	364	12	po'	po'	_	_	_	_	_	linguistic	_	ContainsVariation=No	_	_	_	_	_	_
364-13	BO003	364	13	un	un	_	_	_	_	_	linguistic	_	ContainsVariation=No	_	_	_	_	_	_
364-14	BO003	364	14	po'	po'	_	_	_	_	_	linguistic	_	ContainsVariation=No	_	_	_	_	_	_
364-15	BO003	364	15	com~	com~	_	_	_	_	_	linguistic	_	ContainsVariation=No	Interrupted=Yes	_	_	_	_	_
364-16	BO003	364	16	mh	mh	_	_	_	_	_	linguistic	_	ContainsVariation=No	_	_	_	_	_	_
364-17	BO003	364	17	vedrai	vedrai	_	_	_	_	_	linguistic	_	ContainsVariation=No	_	_	_	_	_	_
364-18	BO003	364	18	tu	tu	_	_	_	_	_	linguistic	_	ContainsVariation=No	_	_	_	_	_	_
364-19	BO003	364	19	quando	quando	_	_	_	_	_	linguistic	_	ContainsVariation=No	_	_	_	_	_	_
364-20	BO003	364	20	lo	lo	_	_	_	_	_	linguistic	_	ContainsVariation=No	_	_	_	_	_	_
364-21	BO003	364	21	[vedi]	vedi	_	_	_	_	_	linguistic	_	ContainsVariation=No	_	End=712.408	_	_	_	0-4(134)
365-0	BO002	365	0	[ah].	ah	_	_	_	_	_	linguistic	_	ContainsVariation=No	Intonation=Falling	Begin=708.4|End=709.038	_	_	_	0-2(133)
366-0	BO002	366	0	[okay]	okay	_	_	_	_	_	linguistic	_	ContainsVariation=No	_	Begin=711.271	_	_	_	0-4(134)
366-1	BO002	366	1	((ride))	((ride))	_	_	_	_	_	nonverbalbehavior	_	ContainsVariation=No	_	End=712.408	_	_	_	_
367-0	BO002	367	0	((ride))	((ride))	_	_	_	_	_	nonverbalbehavior	_	ContainsVariation=No	_	Begin=714.264|End=714.871	_	_	_	_
368-0	BO003	368	0	intanto	intanto	_	_	_	_	_	linguistic	_	ContainsVariation=No	_	Begin=715.021	_	_	_	_
368-1	BO003	368	1	ha	ha	_	_	_	_	_	linguistic	_	ContainsVariation=No	_	_	_	_	_	_
368-2	BO003	368	2	trentacinque	trentacinque	_	_	_	_	_	linguistic	_	ContainsVariation=No	_	_	_	_	_	_
368-3	BO003	368	3	anni.	anni	_	_	_	_	_	linguistic	_	ContainsVariation=No	Intonation=Falling|PauseAfter=Yes	_	_	_	_	_
368-4	BO003	368	4	(.)	(.)	_	_	_	_	_	shortpause	_	ContainsVariation=No	_	_	_	_	_	_
368-5	BO003	368	5	che	che	_	_	_	_	_	linguistic	_	ContainsVariation=No	_	_	_	_	_	_
368-6	BO003	368	6	gia	gia	_	_	_	_	_	linguistic	_	ContainsVariation=No	_	_	_	_	_	_
368-7	BO003	368	7	lì	lì	_	_	_	_	_	linguistic	_	ContainsVariation=No	_	End=717.649	_	_	_	_
369-0	BO002	369	0	e	e	_	_	_	_	_	linguistic	_	ContainsVariation=No	_	Begin=717.654	_	_	_	_
369-1	BO002	369	1	tua	tua	_	_	_	_	_	linguistic	_	ContainsVariation=No	_	_	_	_	_	_
369-2	BO002	369	2	cugina	cugina	_	_	_	_	_	linguistic	_	ContainsVariation=No	_	_	_	_	_	_
369-3	BO002	369	3	ne	ne	_	_	_	_	_	linguistic	_	ContainsVariation=No	_	_	_	_	_	_
369-4	BO002	369	4	ha,	ha	_	_	_	_	_	linguistic	_	ContainsVariation=No	Intonation=WeaklyRising	End=718.792	_	_	_	_
370-0	BO003	370	0	ne	ne	_	_	_	_	_	linguistic	_	ContainsVariation=No	_	Begin=718.877	_	_	_	_
370-1	BO003	370	1	ha::	ha	_	_	_	_	_	linguistic	_	ContainsVariation=No	_	_	1x2	_	_	_
370-2	BO003	370	2	due	due	_	_	_	_	_	linguistic	_	ContainsVariation=No	_	_	_	_	_	_
370-3	BO003	370	3	in	in	_	_	_	_	_	linguistic	_	ContainsVariation=No	_	_	_	_	_	_
370-4	BO003	370	4	più	più	_	_	_	_	_	linguistic	_	ContainsVariation=No	_	_	_	_	_	_
370-5	BO003	370	5	di	di	_	_	_	_	_	linguistic	_	ContainsVariation=No	_	_	_	_	_	_
370-6	BO003	370	6	me	me	_	_	_	_	_	linguistic	_	ContainsVariation=No	ProsodicLink=Yes	_	_	_	_	_
370-7	BO003	370	7	ne	ne	_	_	_	_	_	linguistic	_	ContainsVariation=No	_	_	_	_	_	_
370-8	BO003	370	8	ha	ha	_	_	_	_	_	linguistic	_	ContainsVariation=No	_	_	_	_	_	_
370-9	BO003	370	9	ventuno.	ventuno	_	_	_	_	_	linguistic	_	ContainsVariation=No	Intonation=Falling	End=721.016	_	_	_	_
371-0	BO002	371	0	ah.	ah	_	_	_	_	_	linguistic	_	ContainsVariation=No	Intonation=Falling	Begin=721.057|End=721.507	_	_	_	_
372-0	BO003	372	0	quindi	quindi	_	_	_	_	_	linguistic	_	ContainsVariation=No	_	Begin=722.147	_	_	_	_
372-1	BO003	372	1	già	già	_	_	_	_	_	linguistic	_	ContainsVariation=No	_	_	_	_	_	_
372-2	BO003	372	2	quello	quello	_	_	_	_	_	linguistic	_	ContainsVariation=No	_	_	_	_	_	_
372-3	BO003	372	3	>ma	ma	_	_	_	_	_	linguistic	_	ContainsVariation=No	_	_	_	Fast=0-2(0)	_	_
372-4	BO003	372	4	però<	però	_	_	_	_	_	linguistic	_	ContainsVariation=No	_	_	_	Fast=0-4(0)	_	_
372-5	BO003	372	5	quello	quello	_	_	_	_	_	linguistic	_	ContainsVariation=No	_	_	_	_	_	_
372-6	BO003	372	6	a	a	_	_	_	_	_	linguistic	_	ContainsVariation=No	_	_	_	_	_	_
372-7	BO003	372	7	me	me	_	_	_	_	_	linguistic	_	ContainsVariation=No	_	_	_	_	_	_
372-8	BO003	372	8	non	non	_	_	_	_	_	linguistic	_	ContainsVariation=No	_	_	_	_	_	_
372-9	BO003	372	9	dà	dà	_	_	_	_	_	linguistic	_	ContainsVariation=No	_	_	_	_	_	_
372-10	BO003	372	10	fastidio	fastidio	_	_	_	_	_	linguistic	_	ContainsVariation=No	_	_	_	_	_	_
372-11	BO003	372	11	perché	perché	_	_	_	_	_	linguistic	_	ContainsVariation=No	_	End=724.63	_	_	_	_
373-0	BO002	373	0	no	no	_	_	_	_	_	linguistic	_	ContainsVariation=No	_	Begin=725.044	_	_	_	_
373-1	BO002	373	1	[no]	no	_	_	_	_	_	linguistic	_	ContainsVariation=No	_	End=725.974	_	_	_	0-2(135)
374-0	BO003	374	0	[il	il	_	_	_	_	_	linguistic	_	ContainsVariation=No	_	Begin=725.363	_	_	_	0-2(135)
374-1	BO003	374	1	mio]	mio	_	_	_	_	_	linguistic	_	ContainsVariation=No	_	_	_	_	_	0-3(135)
374-2	BO003	374	2	amore	amore	_	_	_	_	_	linguistic	_	ContainsVariation=No	_	_	_	_	_	_
374-3	BO003	374	3	plato:nico,	platonico	_	_	_	_	_	linguistic	_	ContainsVariation=No	Intonation=WeaklyRising|PauseAfter=Yes	_	4x1	_	_	_
374-4	BO003	374	4	(.)	(.)	_	_	_	_	_	shortpause	_	ContainsVariation=No	_	_	_	_	_	_
374-5	BO003	374	5	di	di	_	_	_	_	_	linguistic	_	ContainsVariation=No	_	_	_	_	_	_
374-6	BO003	374	6	quando	quando	_	_	_	_	_	linguistic	_	ContainsVariation=No	_	_	_	_	_	_
374-7	BO003	374	7	ero	ero	_	_	_	_	_	linguistic	_	ContainsVariation=No	_	_	_	_	_	_
374-8	BO003	374	8	più	più	_	_	_	_	_	linguistic	_	ContainsVariation=No	_	_	_	_	_	_
374-9	BO003	374	9	piccola,	piccola	_	_	_	_	_	linguistic	_	ContainsVariation=No	Intonation=WeaklyRising	End=728.395	_	_	_	_
375-0	BO003	375	0	cioè	cioè	_	_	_	_	_	linguistic	_	ContainsVariation=No	_	Begin=728.576	_	_	_	_
375-1	BO003	375	1	più	più	_	_	_	_	_	linguistic	_	ContainsVariation=No	_	_	_	_	_	_
375-2	BO003	375	2	piccola	piccola	_	_	_	_	_	linguistic	_	ContainsVariation=No	_	_	_	_	_	_
375-3	BO003	375	3	poi	poi	_	_	_	_	_	linguistic	_	ContainsVariation=No	PauseAfter=Yes	_	_	_	_	_
375-4	BO003	375	4	(.)	(.)	_	_	_	_	_	shortpause	_	ContainsVariation=No	_	_	_	_	_	_
375-5	BO003	375	5	l'	l'	_	_	_	_	_	linguistic	_	ContainsVariation=No	SpaceAfter=No	_	_	_	_	_
375-6	BO003	375	6	anno	anno	_	_	_	_	_	linguistic	_	ContainsVariation=No	_	_	_	_	_	_
375-7	BO003	375	7	scorso	scorso	_	_	_	_	_	linguistic	_	ContainsVariation=No	_	_	_	_	_	_
375-8	BO003	375	8	((ride))	((ride))	_	_	_	_	_	nonverbalbehavior	_	ContainsVariation=No	_	End=730.333	_	_	_	_
376-0	BO002	376	0	((ride))	((ride))	_	_	_	_	_	nonverbalbehavior	_	ContainsVariation=No	_	Begin=730.376|End=731.754	_	_	_	_
377-0	BO003	377	0	che	che	_	_	_	_	_	linguistic	_	ContainsVariation=No	_	Begin=731.856	_	_	_	_
377-1	BO003	377	1	era	era	_	_	_	_	_	linguistic	_	ContainsVariation=No	_	_	_	_	_	_
377-2	BO003	377	2	uno::	uno	_	_	_	_	_	linguistic	_	ContainsVariation=No	_	End=732.755	2x2	_	_	_
378-0	BO003	378	0	era	era	_	_	_	_	_	linguistic	_	ContainsVariation=No	_	Begin=733.295	_	_	_	_
378-1	BO003	378	1	anche	anche	_	_	_	_	_	linguistic	_	ContainsVariation=No	_	_	_	_	_	_
378-2	BO003	378	2	lu~	lu~	_	_	_	_	_	linguistic	_	ContainsVariation=No	Interrupted=Yes	_	_	_	_	_
378-3	BO003	378	3	era	era	_	_	_	_	_	linguistic	_	ContainsVariation=No	_	_	_	_	_	_
378-4	BO003	378	4	una	una	_	_	_	_	_	linguistic	_	ContainsVariation=No	_	_	_	_	_	_
378-5	BO003	378	5	persona	persona	_	_	_	_	_	linguistic	_	ContainsVariation=No	_	_	_	_	_	_
378-6	BO003	378	6	normale	normale	_	_	_	_	_	linguistic	_	ContainsVariation=No	PauseAfter=Yes	_	_	_	_	_
378-7	BO003	378	7	(.)	(.)	_	_	_	_	_	shortpause	_	ContainsVariation=No	_	_	_	_	_	_
378-8	BO003	378	8	però	però	_	_	_	_	_	linguistic	_	ContainsVariation=No	_	_	_	_	_	_
378-9	BO003	378	9	>lui	lui	_	_	_	_	_	linguistic	_	ContainsVariation=No	_	_	_	Fast=0-3(0)	_	_
378-10	BO003	378	10	vive<	vive	_	_	_	_	_	linguistic	_	ContainsVariation=No	_	_	_	Fast=0-4(0)	_	_
378-11	BO003	378	11	in	in	_	_	_	_	_	linguistic	_	ContainsVariation=No	_	_	_	_	_	_
378-12	BO003	378	12	america	america	_	_	_	_	_	linguistic	_	ContainsVariation=No	PauseAfter=Yes	_	_	_	_	_
378-13	BO003	378	13	(.)	(.)	_	_	_	_	_	shortpause	_	ContainsVariation=No	_	_	_	_	_	_
378-14	BO003	378	14	e	e	_	_	_	_	_	linguistic	_	ContainsVariation=No	_	_	_	_	_	_
378-15	BO003	378	15	non	non	_	_	_	_	_	linguistic	_	ContainsVariation=No	_	_	_	_	_	_
378-16	BO003	378	16	mi	mi	_	_	_	_	_	linguistic	_	ContainsVariation=No	_	_	_	_	_	_
378-17	BO003	378	17	ricordo	ricordo	_	_	_	_	_	linguistic	_	ContainsVariation=No	_	_	_	_	_	_
378-18	BO003	378	18	come	come	_	_	_	_	_	linguistic	_	ContainsVariation=No	_	_	_	_	_	_
378-19	BO003	378	19	ci	ci	_	_	_	_	_	linguistic	_	ContainsVariation=No	_	_	_	_	_	_
378-20	BO003	378	20	ero	ero	_	_	_	_	_	linguistic	_	ContainsVariation=No	_	_	_	_	_	_
378-21	BO003	378	21	finita	finita	_	_	_	_	_	linguistic	_	ContainsVariation=No	_	_	_	_	_	_
378-22	BO003	378	22	[sì	sì	_	_	_	_	_	linguistic	_	ContainsVariation=No	_	_	_	_	_	0-2(136)
378-23	BO003	378	23	sopra	sopra	_	_	_	_	_	linguistic	_	ContainsVariation=No	_	_	_	_	_	0-5(136)
378-24	BO003	378	24	a	a	_	_	_	_	_	linguistic	_	ContainsVariation=No	_	_	_	_	_	0-1(136)
378-25	BO003	378	25	sta	sta	_	_	_	_	_	linguistic	_	ContainsVariation=No	_	_	_	_	_	0-3(136)
378-26	BO003	378	26	x~]	x~	_	_	_	_	_	linguistic	_	ContainsVariation=No	Interrupted=Yes	End=739.353	_	_	_	0-2(136)
379-0	BO002	379	0	[davve:ro]?	davvero	_	_	_	_	_	linguistic	_	ContainsVariation=No	Intonation=Rising	Begin=737.895|End=739.36	4x1	_	_	0-7(136)
380-0	BO003	380	0	no	no	_	_	_	_	_	linguistic	_	ContainsVariation=No	_	Begin=739.903	_	_	_	_
380-1	BO003	380	1	>lui	lui	_	_	_	_	_	linguistic	_	ContainsVariation=No	_	_	_	Fast=0-3(0)	_	_
380-2	BO003	380	2	no~<	no~	_	_	_	_	_	linguistic	_	ContainsVariation=No	Interrupted=Yes	_	_	Fast=0-3(0)	_	_
380-3	BO003	380	3	non	non	_	_	_	_	_	linguistic	_	ContainsVariation=No	_	_	_	_	_	_
380-4	BO003	380	4	sa	sa	_	_	_	_	_	linguistic	_	ContainsVariation=No	_	_	_	_	_	_
380-5	BO003	380	5	neanche	neanche	_	_	_	_	_	linguistic	_	ContainsVariation=No	_	_	_	_	_	_
380-6	BO003	380	6	chi	chi	_	_	_	_	_	linguistic	_	ContainsVariation=No	_	_	_	_	_	_
380-7	BO003	380	7	so:no	sono	_	_	_	_	_	linguistic	_	ContainsVariation=No	_	End=741.772	1x1	_	_	_
381-0	BO002	381	0	a:h	ah	_	_	_	_	_	linguistic	_	ContainsVariation=No	_	Begin=741.801|End=742.778	0x1	_	_	_
382-0	BO003	382	0	però	però	_	_	_	_	_	linguistic	_	ContainsVariation=No	_	Begin=742.778	_	_	_	_
382-1	BO003	382	1	io	io	_	_	_	_	_	linguistic	_	ContainsVariation=No	_	_	_	_	_	_
382-2	BO003	382	2	ero	ero	_	_	_	_	_	linguistic	_	ContainsVariation=No	_	_	_	_	_	_
382-3	BO003	382	3	innamorata	innamorata	_	_	_	_	_	linguistic	_	ContainsVariation=No	_	_	_	_	_	_
382-4	BO003	382	4	<pe:r~>	per~	_	_	_	_	_	linguistic	_	ContainsVariation=No	Interrupted=Yes|ProsodicLink=Yes	_	1x1	Slow=0-4(0)	_	_
382-5	BO003	382	5	sissima	sissima	_	_	_	_	_	linguistic	_	ContainsVariation=No	_	_	_	_	_	_
382-6	BO003	382	6	di	di	_	_	_	_	_	linguistic	_	ContainsVariation=No	_	_	_	_	_	_
382-7	BO003	382	7	lu:i,	lui	_	_	_	_	_	linguistic	_	ContainsVariation=No	Intonation=WeaklyRising	End=745.841	1x1	_	_	_
383-0	BO003	383	0	e	e	_	_	_	_	_	linguistic	_	ContainsVariation=No	_	Begin=745.965	_	_	_	_
383-1	BO003	383	1	lo	lo	_	_	_	_	_	linguistic	_	ContainsVariation=No	_	_	_	_	_	_
383-2	BO003	383	2	stalkeravo	stalkeravo	_	_	_	_	_	linguistic	_	ContainsVariation=No	_	_	_	_	_	_
383-3	BO003	383	3	tra	tra	_	_	_	_	_	linguistic	_	ContainsVariation=No	_	_	_	_	_	_
383-4	BO003	383	4	virgolette	virgolette	_	_	_	_	_	linguistic	_	ContainsVariation=No	_	_	_	_	_	_
383-5	BO003	383	5	su	su	_	_	_	_	_	linguistic	_	ContainsVariation=No	_	_	_	_	_	_
383-6	BO003	383	6	tutti	tutti	_	_	_	_	_	linguistic	_	ContainsVariation=No	_	_	_	_	_	_
383-7	BO003	383	7	i	i	_	_	_	_	_	linguistic	_	ContainsVariation=No	_	_	_	_	_	_
383-8	BO003	383	8	social	social	_	_	_	_	_	linguistic	_	ContainsVariation=No	_	End=749.207	_	_	_	_
384-0	BO003	384	0	possibili	possibili	_	_	_	_	_	linguistic	_	ContainsVariation=No	_	Begin=749.838	_	_	_	_
384-1	BO003	384	1	e	e	_	_	_	_	_	linguistic	_	ContainsVariation=No	_	_	_	_	_	_
384-2	BO003	384	2	immaginabili	immaginabili	_	_	_	_	_	linguistic	_	ContainsVariation=No	_	End=751.599	_	_	_	_
385-0	BO002	385	0	e	e	_	_	_	_	_	linguistic	_	ContainsVariation=No	_	Begin=751.628	_	_	_	_
385-1	BO002	385	1	aveva?	aveva	_	_	_	_	_	linguistic	_	ContainsVariation=No	Intonation=Rising	End=752.46	_	_	_	_
386-0	BO003	386	0	grandissimo.	grandissimo	_	_	_	_	_	linguistic	_	ContainsVariation=No	Intonation=Falling	Begin=753.128	_	_	_	_
386-1	BO003	386	1	lui	lui	_	_	_	_	_	linguistic	_	ContainsVariation=No	_	_	_	_	_	_
386-2	BO003	386	2	ne	ne	_	_	_	_	_	linguistic	_	ContainsVariation=No	_	_	_	_	_	_
386-3	BO003	386	3	aveva	aveva	_	_	_	_	_	linguistic	_	ContainsVariation=No	_	_	_	_	_	_
386-4	BO003	386	4	tipo	tipo	_	_	_	_	_	linguistic	_	ContainsVariation=No	_	_	_	_	_	_
386-5	BO003	386	5	trantase:i	trantasei	_	_	_	_	_	linguistic	_	ContainsVariation=No	_	End=755.649	7x1	_	_	_
387-0	BO002	387	0	[davve:~]	davve~	_	_	_	_	_	linguistic	_	ContainsVariation=No	Interrupted=Yes	Begin=755.792|End=756.56	4x1	_	_	0-6(137)
388-0	BO003	388	0	[>ero<	ero	_	_	_	_	_	linguistic	_	ContainsVariation=No	_	Begin=755.792	_	Fast=0-3(0)	_	0-3(137)
388-1	BO003	388	1	ero]	ero	_	_	_	_	_	linguistic	_	ContainsVariation=No	_	_	_	_	_	0-3(137)
388-2	BO003	388	2	cotta	cotta	_	_	_	_	_	linguistic	_	ContainsVariation=No	_	End=756.976	_	_	_	_
389-0	BO003	389	0	in	in	_	_	_	_	_	linguistic	_	ContainsVariation=No	_	Begin=757.421	_	_	_	_
389-1	BO003	389	1	quarta	quarta	_	_	_	_	_	linguistic	_	ContainsVariation=No	_	_	_	_	_	_
389-2	BO003	389	2	superio:re	superiore	_	_	_	_	_	linguistic	_	ContainsVariation=No	_	_	6x1	_	_	_
389-3	BO003	389	3	tipo.	tipo	_	_	_	_	_	linguistic	_	ContainsVariation=No	Intonation=Falling	_	_	_	_	_
389-4	BO003	389	4	però	però	_	_	_	_	_	linguistic	_	ContainsVariation=No	_	_	_	_	_	_
389-5	BO003	389	5	non	non	_	_	_	_	_	linguistic	_	ContainsVariation=No	_	_	_	_	_	_
389-6	BO003	389	6	mai	mai	_	_	_	_	_	linguistic	_	ContainsVariation=No	_	_	_	_	_	_
389-7	BO003	389	7	andato	andato	_	_	_	_	_	linguistic	_	ContainsVariation=No	_	_	_	_	_	_
389-8	BO003	389	8	più	più	_	_	_	_	_	linguistic	_	ContainsVariation=No	_	_	_	_	_	_
389-9	BO003	389	9	del	del	_	_	_	_	_	linguistic	_	ContainsVariation=No	_	_	_	_	_	_
389-10	BO003	389	10	d~	d~	_	_	_	_	_	linguistic	_	ContainsVariation=No	Interrupted=Yes	_	_	_	_	_
389-11	BO003	389	11	io	io	_	_	_	_	_	linguistic	_	ContainsVariation=No	_	_	_	_	_	_
389-12	BO003	389	12	che	che	_	_	_	_	_	linguistic	_	ContainsVariation=No	_	_	_	_	_	_
389-13	BO003	389	13	ti	ti	_	_	_	_	_	linguistic	_	ContainsVariation=No	_	_	_	_	_	_
389-14	BO003	389	14	guardo	guardo	_	_	_	_	_	linguistic	_	ContainsVariation=No	_	_	_	_	_	_
389-15	BO003	389	15	le	le	_	_	_	_	_	linguistic	_	ContainsVariation=No	_	_	_	_	_	_
389-16	BO003	389	16	foto	foto	_	_	_	_	_	linguistic	_	ContainsVariation=No	_	_	_	_	_	_
389-17	BO003	389	17	diciamo	diciamo	_	_	_	_	_	linguistic	_	ContainsVariation=No	_	End=762.707	_	_	_	_
390-0	BO002	390	0	non	non	_	_	_	_	_	linguistic	_	ContainsVariation=No	_	Begin=762.864	_	_	_	_
390-1	BO002	390	1	gli	gli	_	_	_	_	_	linguistic	_	ContainsVariation=No	_	_	_	_	_	_
390-2	BO002	390	2	avevi	avevi	_	_	_	_	_	linguistic	_	ContainsVariation=No	_	_	_	_	_	_
390-3	BO002	390	3	mai	mai	_	_	_	_	_	linguistic	_	ContainsVariation=No	_	_	_	_	_	_
390-4	BO002	390	4	scritto?	scritto	_	_	_	_	_	linguistic	_	ContainsVariation=No	Intonation=Rising	End=764.303	_	_	_	_
391-0	BO003	391	0	no:	no	_	_	_	_	_	linguistic	_	ContainsVariation=No	_	Begin=764.471	1x1	_	_	_
391-1	BO003	391	1	perché	perché	_	_	_	_	_	linguistic	_	ContainsVariation=No	PauseAfter=Yes	_	_	_	_	_
391-2	BO003	391	2	(.)	(.)	_	_	_	_	_	shortpause	_	ContainsVariation=No	_	_	_	_	_	_
391-3	BO003	391	3	non	non	_	_	_	_	_	linguistic	_	ContainsVariation=No	_	_	_	_	_	_
391-4	BO003	391	4	me	me	_	_	_	_	_	linguistic	_	ContainsVariation=No	_	_	_	_	_	_
391-5	BO003	391	5	la	la	_	_	_	_	_	linguistic	_	ContainsVariation=No	_	_	_	_	_	_
391-6	BO003	391	6	senti:[vo]	sentivo	_	_	_	_	_	linguistic	_	ContainsVariation=No	_	End=767.391	4x1	_	_	5-7(138)
392-0	BO002	392	0	[con	con	_	_	_	_	_	linguistic	_	ContainsVariation=No	_	Begin=766.881	_	_	_	0-3(138)
392-1	BO002	392	1	guido]	guido	_	_	_	_	_	linguistic	_	ContainsVariation=No	_	_	_	_	_	0-5(138)
392-2	BO002	392	2	pro:va[ci]	provaci	_	_	_	_	_	linguistic	_	ContainsVariation=No	_	End=768.953	2x1	_	_	5-7(139)
393-0	BO003	393	0	[sì]	sì	_	_	_	_	_	linguistic	_	ContainsVariation=No	PauseAfter=Yes	Begin=768.49	_	_	_	0-2(139)
393-1	BO003	393	1	(.)	(.)	_	_	_	_	_	shortpause	_	ContainsVariation=No	_	_	_	_	_	_
393-2	BO003	393	2	con	con	_	_	_	_	_	linguistic	_	ContainsVariation=No	_	_	_	_	_	_
393-3	BO003	393	3	lui	lui	_	_	_	_	_	linguistic	_	ContainsVariation=No	_	_	_	_	_	_
393-4	BO003	393	4	xxx	xxx	_	_	_	_	_	unknown	_	ContainsVariation=No	Syllables=3	End=770.141	_	_	_	_
394-0	BO002	394	0	è	è	_	_	_	_	_	linguistic	_	ContainsVariation=No	_	Begin=770.377	_	_	_	_
394-1	BO002	394	1	un	un	_	_	_	_	_	linguistic	_	ContainsVariation=No	_	_	_	_	_	_
394-2	BO002	394	2	orsacchiotto	orsacchiotto	_	_	_	_	_	linguistic	_	ContainsVariation=No	_	_	_	_	_	_
394-3	BO002	394	3	almeno	almeno	_	_	_	_	_	linguistic	_	ContainsVariation=No	_	_	_	_	_	_
394-4	BO002	394	4	con	con	_	_	_	_	_	linguistic	_	ContainsVariation=No	_	_	_	_	_	_
394-5	BO002	394	5	me	me	_	_	_	_	_	linguistic	_	ContainsVariation=No	_	_	_	_	_	_
394-6	BO002	394	6	era	era	_	_	_	_	_	linguistic	_	ContainsVariation=No	_	_	_	_	_	_
394-7	BO002	394	7	un	un	_	_	_	_	_	linguistic	_	ContainsVariation=No	_	_	_	_	_	_
394-8	BO002	394	8	orsacchiotto.	orsacchiotto	_	_	_	_	_	linguistic	_	ContainsVariation=No	Intonation=Falling	_	_	_	_	_
394-9	BO002	394	9	se	se	_	_	_	_	_	linguistic	_	ContainsVariation=No	_	_	_	_	_	_
394-10	BO002	394	10	poi	poi	_	_	_	_	_	linguistic	_	ContainsVariation=No	_	_	_	_	_	_
394-11	BO002	394	11	l'	l'	_	_	_	_	_	linguistic	_	ContainsVariation=No	SpaceAfter=No	_	_	_	_	_
394-12	BO002	394	12	è	è	_	_	_	_	_	linguistic	_	ContainsVariation=No	_	_	_	_	_	_
394-13	BO002	394	13	cambiato	cambiato	_	_	_	_	_	linguistic	_	ContainsVariation=No	_	_	_	_	_	_
394-14	BO002	394	14	tutto	tutto	_	_	_	_	_	linguistic	_	ContainsVariation=No	_	_	_	_	_	_
394-15	BO002	394	15	in[sieme]	insieme	_	_	_	_	_	linguistic	_	ContainsVariation=No	_	End=775.364	_	_	_	1-7(140)
395-0	BO003	395	0	[stronzo	stronzo	_	_	_	_	_	linguistic	_	ContainsVariation=No	_	Begin=774.577	_	_	_	0-7(140)
395-1	BO003	395	1	di	di	_	_	_	_	_	linguistic	_	ContainsVariation=No	_	_	_	_	_	0-2(140)
395-2	BO003	395	2	me~]	me~	_	_	_	_	_	linguistic	_	ContainsVariation=No	Interrupted=Yes	_	_	_	_	0-3(140)
395-3	BO003	395	3	((ride))	((ride))	_	_	_	_	_	nonverbalbehavior	_	ContainsVariation=No	_	End=775.368	_	_	_	_
396-0	BO003	396	0	no	no	_	_	_	_	_	linguistic	_	ContainsVariation=No	_	Begin=777.293	_	_	_	_
396-1	BO003	396	1	eh	eh	_	_	_	_	_	linguistic	_	ContainsVariation=No	_	_	_	_	_	_
396-2	BO003	396	2	ma	ma	_	_	_	_	_	linguistic	_	ContainsVariation=No	_	_	_	_	_	_
396-3	BO003	396	3	poi	poi	_	_	_	_	_	linguistic	_	ContainsVariation=No	_	_	_	_	_	_
396-4	BO003	396	4	nel	nel	_	_	_	_	_	linguistic	_	ContainsVariation=No	_	_	_	_	_	_
396-5	BO003	396	5	senso	senso	_	_	_	_	_	linguistic	_	ContainsVariation=No	_	_	_	_	_	_
396-6	BO003	396	6	faccia	faccia	_	_	_	_	_	linguistic	_	ContainsVariation=No	_	_	_	_	_	_
396-7	BO003	396	7	come	come	_	_	_	_	_	linguistic	_	ContainsVariation=No	_	_	_	_	_	_
396-8	BO003	396	8	crede	crede	_	_	_	_	_	linguistic	_	ContainsVariation=No	_	_	_	_	_	_
396-9	BO003	396	9	non	non	_	_	_	_	_	linguistic	_	ContainsVariation=No	_	_	_	_	_	_
396-10	BO003	396	10	ho	ho	_	_	_	_	_	linguistic	_	ContainsVariation=No	_	_	_	_	_	_
396-11	BO003	396	11	aspettative	aspettative	_	_	_	_	_	linguistic	_	ContainsVariation=No	_	End=780.508	_	_	_	_
397-0	BO002	397	0	no	no	_	_	_	_	_	linguistic	_	ContainsVariation=No	_	Begin=780.532	_	_	_	_
397-1	BO002	397	1	infatti.	infatti	_	_	_	_	_	linguistic	_	ContainsVariation=No	Intonation=Falling	_	_	_	_	_
397-2	BO002	397	2	così	così	_	_	_	_	_	linguistic	_	ContainsVariation=No	_	_	_	_	_	_
397-3	BO002	397	3	xxx	xxx	_	_	_	_	_	unknown	_	ContainsVariation=No	Syllables=3	End=782.327	_	_	_	_
398-0	BO003	398	0	eccotelo	eccotelo	_	_	_	_	_	linguistic	_	ContainsVariation=No	_	Begin=782.505	_	_	_	_
398-1	BO003	398	1	lì.	lì	_	_	_	_	_	linguistic	_	ContainsVariation=No	Intonation=Falling	End=783.222	_	_	_	_
399-0	BO002	399	0	anch'	anch'	_	_	_	_	_	linguistic	_	ContainsVariation=No	SpaceAfter=No	Begin=783.342	_	_	_	_
399-1	BO002	399	1	io:	io	_	_	_	_	_	linguistic	_	ContainsVariation=No	PauseAfter=Yes	_	1x1	_	_	_
399-2	BO002	399	2	(.)	(.)	_	_	_	_	_	shortpause	_	ContainsVariation=No	_	_	_	_	_	_
399-3	BO002	399	3	con	con	_	_	_	_	_	linguistic	_	ContainsVariation=No	PauseAfter=Yes	_	_	_	_	_
399-4	BO002	399	4	(.)	(.)	_	_	_	_	_	shortpause	_	ContainsVariation=No	_	_	_	_	_	_
399-5	BO002	399	5	marco	marco	_	_	_	_	_	linguistic	_	ContainsVariation=No	_	_	_	_	_	_
399-6	BO002	399	6	avevo	avevo	_	_	_	_	_	linguistic	_	ContainsVariation=No	_	_	_	_	_	_
399-7	BO002	399	7	cominciato	cominciato	_	_	_	_	_	linguistic	_	ContainsVariation=No	_	_	_	_	_	_
399-8	BO002	399	8	a	a	_	_	_	_	_	linguistic	_	ContainsVariation=No	_	_	_	_	_	_
399-9	BO002	399	9	scrivergli	scrivergli	_	_	_	_	_	linguistic	_	ContainsVariation=No	_	_	_	_	_	_
399-10	BO002	399	10	senza	senza	_	_	_	_	_	linguistic	_	ContainsVariation=No	_	_	_	_	_	_
399-11	BO002	399	11	aspettative	aspettative	_	_	_	_	_	linguistic	_	ContainsVariation=No	_	_	_	_	_	_
399-12	BO002	399	12	in	in	_	_	_	_	_	linguistic	_	ContainsVariation=No	_	_	_	_	_	_
399-13	BO002	399	13	realtà	realtà	_	_	_	_	_	linguistic	_	ContainsVariation=No	_	End=788.333	_	_	_	_
400-0	BO003	400	0	>adesso<	adesso	_	_	_	_	_	linguistic	_	ContainsVariation=No	_	Begin=788.668	_	Fast=0-6(0)	_	_
400-1	BO003	400	1	te	te	_	_	_	_	_	linguistic	_	ContainsVariation=No	_	_	_	_	_	_
400-2	BO003	400	2	lo	lo	_	_	_	_	_	linguistic	_	ContainsVariation=No	_	_	_	_	_	_
400-3	BO003	400	3	faccio	faccio	_	_	_	_	_	linguistic	_	ContainsVariation=No	_	_	_	_	_	_
400-4	BO003	400	4	vedere,	vedere	_	_	_	_	_	linguistic	_	ContainsVariation=No	Intonation=WeaklyRising	End=790.172	_	_	_	_
401-0	BO002	401	0	ah.	ah	_	_	_	_	_	linguistic	_	ContainsVariation=No	Intonation=Falling	Begin=791.736	_	_	_	_
401-1	BO002	401	1	((ride))	((ride))	_	_	_	_	_	nonverbalbehavior	_	ContainsVariation=No	_	End=792.107	_	_	_	_
402-0	BO002	402	0	eh	eh	_	_	_	_	_	linguistic	_	ContainsVariation=No	_	Begin=793.491	_	_	_	_
402-1	BO002	402	1	già	già	_	_	_	_	_	linguistic	_	ContainsVariation=No	_	_	_	_	_	_
402-2	BO002	402	2	dalla	dalla	_	_	_	_	_	linguistic	_	ContainsVariation=No	_	_	_	_	_	_
402-3	BO002	402	3	foto::	foto	_	_	_	_	_	linguistic	_	ContainsVariation=No	_	End=794.949	3x2	_	_	_
403-0	BO003	403	0	sì	sì	_	_	_	_	_	linguistic	_	ContainsVariation=No	_	Begin=795.716	_	_	_	_
403-1	BO003	403	1	lui	lui	_	_	_	_	_	linguistic	_	ContainsVariation=No	_	_	_	_	_	_
403-2	BO003	403	2	è	è	_	_	_	_	_	linguistic	_	ContainsVariation=No	_	_	_	_	_	_
403-3	BO003	403	3	un	un	_	_	_	_	_	linguistic	_	ContainsVariation=No	_	_	_	_	_	_
403-4	BO003	403	4	po'	po'	_	_	_	_	_	linguistic	_	ContainsVariation=No	_	End=796.498	_	_	_	_
404-0	BO003	404	0	ma	ma	_	_	_	_	_	linguistic	_	ContainsVariation=No	_	Begin=796.683	_	_	_	_
404-1	BO003	404	1	qui	qui	_	_	_	_	_	linguistic	_	ContainsVariation=No	_	End=797.45	_	_	_	_
405-0	BO003	405	0	anche	anche	_	_	_	_	_	linguistic	_	ContainsVariation=No	_	Begin=797.807	_	_	_	_
405-1	BO003	405	1	anche	anche	_	_	_	_	_	linguistic	_	ContainsVariation=No	_	_	_	_	_	_
405-2	BO003	405	2	perché	perché	_	_	_	_	_	linguistic	_	ContainsVariation=No	_	_	_	_	_	_
405-3	BO003	405	3	è	è	_	_	_	_	_	linguistic	_	ContainsVariation=No	_	_	_	_	_	_
405-4	BO003	405	4	tutto	tutto	_	_	_	_	_	linguistic	_	ContainsVariation=No	_	_	_	_	_	_
405-5	BO003	405	5	un	un	_	_	_	_	_	linguistic	_	ContainsVariation=No	_	_	_	_	_	_
405-6	BO003	405	6	po'	po'	_	_	_	_	_	linguistic	_	ContainsVariation=No	_	_	_	_	_	_
405-7	BO003	405	7	sfoca~	sfoca~	_	_	_	_	_	linguistic	_	ContainsVariation=No	Interrupted=Yes	_	_	_	_	_
405-8	BO003	405	8	un	un	_	_	_	_	_	linguistic	_	ContainsVariation=No	_	_	_	_	_	_
405-9	BO003	405	9	po'	po'	_	_	_	_	_	linguistic	_	ContainsVariation=No	_	_	_	_	_	_
405-10	BO003	405	10	tutto	tutto	_	_	_	_	_	linguistic	_	ContainsVariation=No	_	_	_	_	_	_
405-11	BO003	405	11	difil~	difil~	_	_	_	_	_	linguistic	_	ContainsVariation=No	Interrupted=Yes	_	_	_	_	_
405-12	BO003	405	12	defilato	defilato	_	_	_	_	_	linguistic	_	ContainsVariation=No	_	_	_	_	_	_
405-13	BO003	405	13	ad~	ad~	_	_	_	_	_	linguistic	_	ContainsVariation=No	Interrupted=Yes	_	_	_	_	_
405-14	BO003	405	14	>te	te	_	_	_	_	_	linguistic	_	ContainsVariation=No	_	_	_	Fast=0-2(0)	_	_
405-15	BO003	405	15	lo	lo	_	_	_	_	_	linguistic	_	ContainsVariation=No	_	_	_	Fast=0-2(0)	_	_
405-16	BO003	405	16	farò	farò	_	_	_	_	_	linguistic	_	ContainsVariation=No	_	_	_	Fast=0-4(0)	_	_
405-17	BO003	405	17	vedere	vedere	_	_	_	_	_	linguistic	_	ContainsVariation=No	_	_	_	Fast=0-6(0)	_	_
405-18	BO003	405	18	proprio<	proprio	_	_	_	_	_	linguistic	_	ContainsVariation=No	_	_	_	Fast=0-7(0)	_	_
405-19	BO003	405	19	quando	quando	_	_	_	_	_	linguistic	_	ContainsVariation=No	_	_	_	_	_	_
405-20	BO003	405	20	si	si	_	_	_	_	_	linguistic	_	ContainsVariation=No	_	_	_	_	_	_
405-21	BO003	405	21	vede	vede	_	_	_	_	_	linguistic	_	ContainsVariation=No	_	_	_	_	_	_
405-22	BO003	405	22	bene	bene	_	_	_	_	_	linguistic	_	ContainsVariation=No	_	_	_	_	_	_
405-23	BO003	405	23	in	in	_	_	_	_	_	linguistic	_	ContainsVariation=No	_	_	_	_	_	_
405-24	BO003	405	24	faccia.	faccia	_	_	_	_	_	linguistic	_	ContainsVariation=No	Intonation=Falling	End=803.345	_	_	_	_
406-0	BO003	406	0	ecco.	ecco	_	_	_	_	_	linguistic	_	ContainsVariation=No	Intonation=Falling	Begin=804.806	_	_	_	_
406-1	BO003	406	1	dai,	dai	_	_	_	_	_	linguistic	_	ContainsVariation=No	Intonation=WeaklyRising	_	_	_	_	_
406-2	BO003	406	2	dai,	dai	_	_	_	_	_	linguistic	_	ContainsVariation=No	Intonation=WeaklyRising	_	_	_	_	_
406-3	BO003	406	3	ti	ti	_	_	_	_	_	linguistic	_	ContainsVariation=No	_	_	_	_	_	_
406-4	BO003	406	4	pre:go:	prego	_	_	_	_	_	linguistic	_	ContainsVariation=No	_	End=806.591	2x1,4x1	_	_	_
407-0	BO003	407	0	no:	no	_	_	_	_	_	linguistic	_	ContainsVariation=No	PauseAfter=Yes	Begin=809.802	1x1	_	_	_
407-1	BO003	407	1	(.)	(.)	_	_	_	_	_	shortpause	_	ContainsVariation=No	_	_	_	_	_	_
407-2	BO003	407	2	te	te	_	_	_	_	_	linguistic	_	ContainsVariation=No	_	_	_	_	_	_
407-3	BO003	407	3	lo	lo	_	_	_	_	_	linguistic	_	ContainsVariation=No	_	_	_	_	_	_
407-4	BO003	407	4	faccio	faccio	_	_	_	_	_	linguistic	_	ContainsVariation=No	_	_	_	_	_	_
407-5	BO003	407	5	vedere	vedere	_	_	_	_	_	linguistic	_	ContainsVariation=No	_	_	_	_	_	_
407-6	BO003	407	6	da	da	_	_	_	_	_	linguistic	_	ContainsVariation=No	_	_	_	_	_	_
407-7	BO003	407	7	whatsapp.	whatsapp	_	_	_	_	_	linguistic	_	ContainsVariation=No	Intonation=Falling	End=811.933	_	_	_	_
408-0	BO002	408	0	yeah	yeah	_	_	_	_	_	linguistic	_	ContainsVariation=No	_	Begin=812.075|End=812.514	_	_	_	_
409-0	BO003	409	0	se	se	_	_	_	_	_	linguistic	_	ContainsVariation=No	_	Begin=812.614	_	_	_	_
409-1	BO003	409	1	è	è	_	_	_	_	_	linguistic	_	ContainsVariation=No	_	_	_	_	_	_
409-2	BO003	409	2	ancora	ancora	_	_	_	_	_	linguistic	_	ContainsVariation=No	_	_	_	_	_	_
409-3	BO003	409	3	lui	lui	_	_	_	_	_	linguistic	_	ContainsVariation=No	_	_	_	_	_	_
409-4	BO003	409	4	come	come	_	_	_	_	_	linguistic	_	ContainsVariation=No	_	_	_	_	_	_
409-5	BO003	409	5	foto	foto	_	_	_	_	_	linguistic	_	ContainsVariation=No	_	_	_	_	_	_
409-6	BO003	409	6	profilo	profilo	_	_	_	_	_	linguistic	_	ContainsVariation=No	_	End=814.76	_	_	_	_
410-0	BO003	410	0	io	io	_	_	_	_	_	linguistic	_	ContainsVariation=No	_	Begin=815.799	_	_	_	_
410-1	BO003	410	1	quando	quando	_	_	_	_	_	linguistic	_	ContainsVariation=No	_	_	_	_	_	_
410-2	BO003	410	2	l'	l'	_	_	_	_	_	linguistic	_	ContainsVariation=No	SpaceAfter=No	_	_	_	_	_
410-3	BO003	410	3	ho	ho	_	_	_	_	_	linguistic	_	ContainsVariation=No	_	_	_	_	_	_
410-4	BO003	410	4	visto	visto	_	_	_	_	_	linguistic	_	ContainsVariation=No	_	End=817.099	_	_	_	_
411-0	BO003	411	0	cioè	cioè	_	_	_	_	_	linguistic	_	ContainsVariation=No	_	Begin=817.878	_	_	_	_
411-1	BO003	411	1	ti	ti	_	_	_	_	_	linguistic	_	ContainsVariation=No	_	_	_	_	_	_
411-2	BO003	411	2	viene	viene	_	_	_	_	_	linguistic	_	ContainsVariation=No	_	_	_	_	_	_
411-3	BO003	411	3	spon[taneo	spontaneo	_	_	_	_	_	linguistic	_	ContainsVariation=No	_	_	_	_	_	4-9(141)
411-4	BO003	411	4	il	il	_	_	_	_	_	linguistic	_	ContainsVariation=No	_	_	_	_	_	0-2(141)
411-5	BO003	411	5	pensie:ro]	pensiero	_	_	_	_	_	linguistic	_	ContainsVariation=No	_	End=819.96	5x1	_	_	0-8(141)
412-0	BO002	412	0	[ma	ma	_	_	_	_	_	linguistic	_	ContainsVariation=No	_	Begin=818.815	_	_	_	0-2(141)
412-1	BO002	412	1	è	è	_	_	_	_	_	linguistic	_	ContainsVariation=No	_	_	_	_	_	0-1(141)
412-2	BO002	412	2	già	già	_	_	_	_	_	linguistic	_	ContainsVariation=No	_	_	_	_	_	0-3(141)
412-3	BO002	412	3	ufficia:le]	ufficiale	_	_	_	_	_	linguistic	_	ContainsVariation=No	_	_	6x1	_	_	0-9(141)
412-4	BO002	412	4	o	o	_	_	_	_	_	linguistic	_	ContainsVariation=No	_	_	_	_	_	_
412-5	BO002	412	5	stanno	stanno	_	_	_	_	_	linguistic	_	ContainsVariation=No	_	_	_	_	_	_
412-6	BO002	412	6	solo	solo	_	_	_	_	_	linguistic	_	ContainsVariation=No	_	_	_	_	_	_
412-7	BO002	412	7	in[sieme]	insieme	_	_	_	_	_	linguistic	_	ContainsVariation=No	_	End=821.6	_	_	_	2-7(142)
413-0	BO003	413	0	[io	io	_	_	_	_	_	linguistic	_	ContainsVariation=No	_	Begin=821.136	_	_	_	0-2(142)
413-1	BO003	413	1	con]	con	_	_	_	_	_	linguistic	_	ContainsVariation=No	_	_	_	_	_	0-3(142)
413-2	BO003	413	2	lei	lei	_	_	_	_	_	linguistic	_	ContainsVariation=No	_	_	_	_	_	_
413-3	BO003	413	3	non	non	_	_	_	_	_	linguistic	_	ContainsVariation=No	_	_	_	_	_	_
413-4	BO003	413	4	so	so	_	_	_	_	_	linguistic	_	ContainsVariation=No	_	_	_	_	_	_
413-5	BO003	413	5	niente	niente	_	_	_	_	_	linguistic	_	ContainsVariation=No	_	_	_	_	_	_
413-6	BO003	413	6	perché	perché	_	_	_	_	_	linguistic	_	ContainsVariation=No	PauseAfter=Yes	_	_	_	_	_
413-7	BO003	413	7	(.)	(.)	_	_	_	_	_	shortpause	_	ContainsVariation=No	_	_	_	_	_	_
413-8	BO003	413	8	io	io	_	_	_	_	_	linguistic	_	ContainsVariation=No	_	_	_	_	_	_
413-9	BO003	413	9	vedo,	vedo	_	_	_	_	_	linguistic	_	ContainsVariation=No	Intonation=WeaklyRising|PauseAfter=Yes	_	_	_	_	_
413-10	BO003	413	10	(.)	(.)	_	_	_	_	_	shortpause	_	ContainsVariation=No	_	_	_	_	_	_
413-11	BO003	413	11	perché	perché	_	_	_	_	_	linguistic	_	ContainsVariation=No	_	_	_	_	_	_
413-12	BO003	413	12	mette	mette	_	_	_	_	_	linguistic	_	ContainsVariation=No	_	_	_	_	_	_
413-13	BO003	413	13	le	le	_	_	_	_	_	linguistic	_	ContainsVariation=No	_	_	_	_	_	_
413-14	BO003	413	14	foto	foto	_	_	_	_	_	linguistic	_	ContainsVariation=No	_	_	_	_	_	_
413-15	BO003	413	15	su:	su	_	_	_	_	_	linguistic	_	ContainsVariation=No	PauseAfter=Yes	_	1x1	_	_	_
413-16	BO003	413	16	(.)	(.)	_	_	_	_	_	shortpause	_	ContainsVariation=No	_	_	_	_	_	_
413-17	BO003	413	17	facebook,	facebook	_	_	_	_	_	linguistic	_	ContainsVariation=No	Intonation=WeaklyRising	_	_	_	_	_
413-18	BO003	413	18	poi	poi	_	_	_	_	_	linguistic	_	ContainsVariation=No	_	_	_	_	_	_
413-19	BO003	413	19	non	non	_	_	_	_	_	linguistic	_	ContainsVariation=No	_	_	_	_	_	_
413-20	BO003	413	20	sono	sono	_	_	_	_	_	linguistic	_	ContainsVariation=No	_	_	_	_	_	_
413-21	BO003	413	21	nata	nata	_	_	_	_	_	linguistic	_	ContainsVariation=No	_	_	_	_	_	_
413-22	BO003	413	22	ieri	ieri	_	_	_	_	_	linguistic	_	ContainsVariation=No	_	_	_	_	_	_
413-23	BO003	413	23	cioè	cioè	_	_	_	_	_	linguistic	_	ContainsVariation=No	_	_	_	_	_	_
413-24	BO003	413	24	lo	lo	_	_	_	_	_	linguistic	_	ContainsVariation=No	_	_	_	_	_	_
413-25	BO003	413	25	capisco.	capisco	_	_	_	_	_	linguistic	_	ContainsVariation=No	Intonation=Falling	End=828.956	_	_	_	_
414-0	BO003	414	0	però	però	_	_	_	_	_	linguistic	_	ContainsVariation=No	_	Begin=829.242	_	_	_	_
414-1	BO003	414	1	con	con	_	_	_	_	_	linguistic	_	ContainsVariation=No	_	_	_	_	_	_
414-2	BO003	414	2	lei	lei	_	_	_	_	_	linguistic	_	ContainsVariation=No	_	_	_	_	_	_
414-3	BO003	414	3	non	non	_	_	_	_	_	linguistic	_	ContainsVariation=No	_	_	_	_	_	_
414-4	BO003	414	4	m'	m'	_	_	_	_	_	linguistic	_	ContainsVariation=No	SpaceAfter=No	_	_	_	_	_
414-5	BO003	414	5	azzardo	azzardo	_	_	_	_	_	linguistic	_	ContainsVariation=No	_	_	_	_	_	_
414-6	BO003	414	6	a	a	_	_	_	_	_	linguistic	_	ContainsVariation=No	_	_	_	_	_	_
414-7	BO003	414	7	dir	dir	_	_	_	_	_	linguistic	_	ContainsVariation=No	_	_	_	_	_	_
414-8	BO003	414	8	niente	niente	_	_	_	_	_	linguistic	_	ContainsVariation=No	PauseAfter=Yes	_	_	_	_	_
414-9	BO003	414	9	(.)	(.)	_	_	_	_	_	shortpause	_	ContainsVariation=No	_	_	_	_	_	_
414-10	BO003	414	10	>cioè	cioè	_	_	_	_	_	linguistic	_	ContainsVariation=No	_	_	_	Fast=0-4(0)	_	_
414-11	BO003	414	11	nel	nel	_	_	_	_	_	linguistic	_	ContainsVariation=No	_	_	_	Fast=0-3(0)	_	_
414-12	BO003	414	12	senso<	senso	_	_	_	_	_	linguistic	_	ContainsVariation=No	_	_	_	Slow=4-5(0)|Fast=0-5(0)	_	_
414-13	BO003	414	13	faccia	faccia	_	_	_	_	_	linguistic	_	ContainsVariation=No	_	_	_	Slow=0-6(0)	_	_
414-14	BO003	414	14	la	la	_	_	_	_	_	linguistic	_	ContainsVariation=No	_	_	_	Slow=0-2(0)	_	_
414-15	BO003	414	15	fai	fai	_	_	_	_	_	linguistic	_	ContainsVariation=No	_	_	_	Slow=0-3(0)	_	_
414-16	BO003	414	16	la	la	_	_	_	_	_	linguistic	_	ContainsVariation=No	_	_	_	Slow=0-2(0)	_	_
414-17	BO003	414	17	tua	tua	_	_	_	_	_	linguistic	_	ContainsVariation=No	_	_	_	Slow=0-3(0)	_	_
414-18	BO003	414	18	vi[ta:]	vita	_	_	_	_	_	linguistic	_	ContainsVariation=No	_	_	3x1	Slow=0-4(0)	_	1-4(144)
414-19	BO003	414	19	da	da	_	_	_	_	_	linguistic	_	ContainsVariation=No	_	_	_	Slow=0-2(0)	_	_
414-20	BO003	414	20	quel	quel	_	_	_	_	_	linguistic	_	ContainsVariation=No	_	_	_	Slow=0-4(0)	_	_
414-21	BO003	414	21	punto	punto	_	_	_	_	_	linguistic	_	ContainsVariation=No	_	_	_	Slow=0-5(0)	_	_
414-22	BO003	414	22	di	di	_	_	_	_	_	linguistic	_	ContainsVariation=No	_	_	_	Slow=0-2(0)	_	_
414-23	BO003	414	23	vi[sta	vista	_	_	_	_	_	linguistic	_	ContainsVariation=No	_	_	_	Slow=0-5(0)	_	1-5(143)
414-24	BO003	414	24	lì	lì	_	_	_	_	_	linguistic	_	ContainsVariation=No	_	_	_	Slow=0-2(0)	_	0-2(143)
414-25	BO003	414	25	non	non	_	_	_	_	_	linguistic	_	ContainsVariation=No	_	_	_	Slow=0-3(0)	_	0-3(143)
414-26	BO003	414	26	mi	mi	_	_	_	_	_	linguistic	_	ContainsVariation=No	_	_	_	Slow=0-2(0)	_	0-2(143)
414-27	BO003	414	27	intromet]to.	intrometto	_	_	_	_	_	linguistic	_	ContainsVariation=No	Intonation=Falling	_	_	Slow=0-10(0)	_	0-8(143)
414-28	BO003	414	28	>però<	però	_	_	_	_	_	linguistic	_	ContainsVariation=No	_	End=835.627	_	Fast=0-4(1)	_	_
415-0	BO002	415	0	[cer~]	cer~	_	_	_	_	_	linguistic	_	ContainsVariation=No	Interrupted=Yes	Begin=832.863|End=833.454	_	_	_	0-4(144)
416-0	BO002	416	0	[>mi<	mi	_	_	_	_	_	linguistic	_	ContainsVariation=No	_	Begin=834.162	_	Fast=0-2(0)	_	0-2(143)
416-1	BO002	416	1	sembra	sembra	_	_	_	_	_	linguistic	_	ContainsVariation=No	_	_	_	_	_	0-6(143)
416-2	BO002	416	2	giusto]	giusto	_	_	_	_	_	linguistic	_	ContainsVariation=No	_	End=835.416	_	_	_	0-6(143)
417-0	BO002	417	0	ah	ah	_	_	_	_	_	linguistic	_	ContainsVariation=No	_	Begin=837.557	_	_	_	_
417-1	BO002	417	1	beh	beh	_	_	_	_	_	linguistic	_	ContainsVariation=No	_	End=838.174	_	_	_	_
418-0	BO002	418	0	eh.	eh	_	_	_	_	_	linguistic	_	ContainsVariation=No	Intonation=Falling	Begin=838.694|End=839.277	_	_	_	_
419-0	BO002	419	0	((ride))	((ride))	_	_	_	_	_	nonverbalbehavior	_	ContainsVariation=No	_	Begin=839.453|End=841.854	_	_	_	_
420-0	BO003	420	0	((ride))	((ride))	_	_	_	_	_	nonverbalbehavior	_	ContainsVariation=No	_	Begin=839.775|End=841.309	_	_	_	_
421-0	BO002	421	0	beh	beh	_	_	_	_	_	linguistic	_	ContainsVariation=No	PauseAfter=Yes	Begin=841.937	_	_	_	_
421-1	BO002	421	1	(.)	(.)	_	_	_	_	_	shortpause	_	ContainsVariation=No	_	_	_	_	_	_
421-2	BO002	421	2	effetivamente	effetivamente	_	_	_	_	_	linguistic	_	ContainsVariation=No	_	_	_	_	_	_
421-3	BO002	421	3	((ride))	((ride))	_	_	_	_	_	nonverbalbehavior	_	ContainsVariation=No	_	End=843.333	_	_	_	_
422-0	BO003	422	0	((ride))	((ride))	_	_	_	_	_	nonverbalbehavior	_	ContainsVariation=No	_	Begin=842.6|End=843.331	_	_	_	_
423-0	BO002	423	0	è	è	_	_	_	_	_	linguistic	_	ContainsVariation=No	_	Begin=844.483	_	_	_	_
423-1	BO002	423	1	un	un	_	_	_	_	_	linguistic	_	ContainsVariation=No	_	_	_	_	_	_
423-2	BO002	423	2	po:::	po	_	_	_	_	_	linguistic	_	ContainsVariation=No	_	End=845.96	1x3	_	_	_
424-0	BO003	424	0	dai	dai	_	_	_	_	_	linguistic	_	ContainsVariation=No	_	Begin=846.848	_	_	_	_
424-1	BO003	424	1	ci	ci	_	_	_	_	_	linguistic	_	ContainsVariation=No	_	_	_	_	_	_
424-2	BO003	424	2	siamo	siamo	_	_	_	_	_	linguistic	_	ContainsVariation=No	_	_	_	_	_	_
424-3	BO003	424	3	capiti	capiti	_	_	_	_	_	linguistic	_	ContainsVariation=No	_	End=847.968	_	_	_	_
425-0	BO003	425	0	mi	mi	_	_	_	_	_	linguistic	_	ContainsVariation=No	_	Begin=848.512	_	_	_	_
425-1	BO003	425	1	sembra	sembra	_	_	_	_	_	linguistic	_	ContainsVariation=No	_	_	_	_	_	_
425-2	BO003	425	2	mio	mio	_	_	_	_	_	linguistic	_	ContainsVariation=No	_	_	_	_	_	_
425-3	BO003	425	3	pa:dre,	padre	_	_	_	_	_	linguistic	_	ContainsVariation=No	Intonation=WeaklyRising	End=849.803	1x1	_	_	_
426-0	BO002	426	0	sì	sì	_	_	_	_	_	linguistic	_	ContainsVariation=No	_	Begin=849.926	_	_	_	_
426-1	BO002	426	1	abbastanza	abbastanza	_	_	_	_	_	linguistic	_	ContainsVariation=No	_	End=851.803	_	_	_	_
427-0	BO002	427	0	no.	no	_	_	_	_	_	linguistic	_	ContainsVariation=No	Intonation=Falling	Begin=852.874	_	_	_	_
427-1	BO002	427	1	effettivamente	effettivamente	_	_	_	_	_	linguistic	_	ContainsVariation=No	_	_	_	_	_	_
427-2	BO002	427	2	sembra	sembra	_	_	_	_	_	linguistic	_	ContainsVariation=No	_	_	_	_	_	_
427-3	BO002	427	3	anche	anche	_	_	_	_	_	linguistic	_	ContainsVariation=No	_	_	_	_	_	_
427-4	BO002	427	4	su:o	suo	_	_	_	_	_	linguistic	_	ContainsVariation=No	_	_	1x1	_	_	_
427-5	BO002	427	5	padre	padre	_	_	_	_	_	linguistic	_	ContainsVariation=No	_	End=855.305	_	_	_	_
428-0	BO003	428	0	sì	sì	_	_	_	_	_	linguistic	_	ContainsVariation=No	_	Begin=855.341	_	_	_	_
428-1	BO003	428	1	sembra	sembra	_	_	_	_	_	linguistic	_	ContainsVariation=No	_	_	_	_	_	_
428-2	BO003	428	2	mio	mio	_	_	_	_	_	linguistic	_	ContainsVariation=No	_	_	_	_	_	_
428-3	BO003	428	3	pa:dre	padre	_	_	_	_	_	linguistic	_	ContainsVariation=No	PauseAfter=Yes	_	1x1	_	_	_
428-4	BO003	428	4	(.)	(.)	_	_	_	_	_	shortpause	_	ContainsVariation=No	_	_	_	_	_	_
428-5	BO003	428	5	però::	però	_	_	_	_	_	linguistic	_	ContainsVariation=No	_	_	3x2	_	_	_
428-6	BO003	428	6	nel	nel	_	_	_	_	_	linguistic	_	ContainsVariation=No	_	_	_	_	_	_
428-7	BO003	428	7	senso:	senso	_	_	_	_	_	linguistic	_	ContainsVariation=No	PauseAfter=Yes	_	4x1	_	_	_
428-8	BO003	428	8	(.)	(.)	_	_	_	_	_	shortpause	_	ContainsVariation=No	_	_	_	_	_	_
428-9	BO003	428	9	vita	vita	_	_	_	_	_	linguistic	_	ContainsVariation=No	_	_	_	_	_	_
428-10	BO003	428	10	tua	tua	_	_	_	_	_	linguistic	_	ContainsVariation=No	_	_	_	_	_	_
428-11	BO003	428	11	eh,	eh	_	_	_	_	_	linguistic	_	ContainsVariation=No	Intonation=WeaklyRising	End=859.395	_	_	_	_
429-0	BO002	429	0	no	no	_	_	_	_	_	linguistic	_	ContainsVariation=No	_	Begin=859.817	_	_	_	_
429-1	BO002	429	1	infatti	infatti	_	_	_	_	_	linguistic	_	ContainsVariation=No	_	_	_	_	_	_
429-2	BO002	429	2	(con	con	_	_	_	_	_	linguistic	_	ContainsVariation=No	_	_	_	_	0-3(0)	_
429-3	BO002	429	3	uno).	uno	_	_	_	_	_	linguistic	_	ContainsVariation=No	Intonation=Falling	_	_	_	0-3(0)	_
429-4	BO002	429	4	se	se	_	_	_	_	_	linguistic	_	ContainsVariation=No	_	_	_	_	_	_
429-5	BO002	429	5	lei	lei	_	_	_	_	_	linguistic	_	ContainsVariation=No	_	_	_	_	_	_
429-6	BO002	429	6	ci	ci	_	_	_	_	_	linguistic	_	ContainsVariation=No	_	_	_	_	_	_
429-7	BO002	429	7	sta	sta	_	_	_	_	_	linguistic	_	ContainsVariation=No	_	_	_	_	_	_
429-8	BO002	429	8	bene:::	bene	_	_	_	_	_	linguistic	_	ContainsVariation=No	_	End=862.414	3x3	_	_	_
430-0	BO003	430	0	>ma	ma	_	_	_	_	_	linguistic	_	ContainsVariation=No	_	Begin=862.54	_	Fast=0-2(0)	_	_
430-1	BO003	430	1	poi	poi	_	_	_	_	_	linguistic	_	ContainsVariation=No	_	_	_	Fast=0-3(0)	_	_
430-2	BO003	430	2	veramente<	veramente	_	_	_	_	_	linguistic	_	ContainsVariation=No	_	_	_	Fast=0-9(0)	_	_
430-3	BO003	430	3	cioè	cioè	_	_	_	_	_	linguistic	_	ContainsVariation=No	PauseAfter=Yes	_	_	_	_	_
430-4	BO003	430	4	(.)	(.)	_	_	_	_	_	shortpause	_	ContainsVariation=No	_	_	_	_	_	_
430-5	BO003	430	5	passa	passa	_	_	_	_	_	linguistic	_	ContainsVariation=No	_	_	_	_	_	_
430-6	BO003	430	6	da	da	_	_	_	_	_	linguistic	_	ContainsVariation=No	_	_	_	_	_	_
430-7	BO003	430	7	un	un	_	_	_	_	_	linguistic	_	ContainsVariation=No	_	_	_	_	_	_
430-8	BO003	430	8	estre:mo,	estremo	_	_	_	_	_	linguistic	_	ContainsVariation=No	Intonation=WeaklyRising	End=865.168	4x1	_	_	_
431-0	BO003	431	0	è	è	_	_	_	_	_	linguistic	_	ContainsVariation=No	_	Begin=865.375	_	_	_	_
431-1	BO003	431	1	passata	passata	_	_	_	_	_	linguistic	_	ContainsVariation=No	_	_	_	_	_	_
431-2	BO003	431	2	da	da	_	_	_	_	_	linguistic	_	ContainsVariation=No	_	_	_	_	_	_
431-3	BO003	431	3	u:no	uno	_	_	_	_	_	linguistic	_	ContainsVariation=No	PauseAfter=Yes	_	0x1	_	_	_
431-4	BO003	431	4	(.)	(.)	_	_	_	_	_	shortpause	_	ContainsVariation=No	_	_	_	_	_	_
431-5	BO003	431	5	un	un	_	_	_	_	_	linguistic	_	ContainsVariation=No	_	_	_	_	_	_
431-6	BO003	431	6	ne:ro	nero	_	_	_	_	_	linguistic	_	ContainsVariation=No	PauseAfter=Yes	_	1x1	_	_	_
431-7	BO003	431	7	(.)	(.)	_	_	_	_	_	shortpause	_	ContainsVariation=No	_	_	_	_	_	_
431-8	BO003	431	8	<al[to>]	alto	_	_	_	_	_	linguistic	_	ContainsVariation=No	_	End=868.834	_	Slow=0-4(0)	_	2-4(147)
432-0	BO002	432	0	[è	è	_	_	_	_	_	linguistic	_	ContainsVariation=No	_	Begin=868.539	_	_	_	0-1(147)
432-1	BO002	432	1	le]i,	lei	_	_	_	_	_	linguistic	_	ContainsVariation=No	Intonation=WeaklyRising	_	_	_	_	0-2(147)
432-2	BO002	432	2	che	che	_	_	_	_	_	linguistic	_	ContainsVariation=No	_	_	_	_	_	_
432-3	BO002	432	3	stava	stava	_	_	_	_	_	linguistic	_	ContainsVariation=No	_	_	_	_	_	_
432-4	BO002	432	4	con	con	_	_	_	_	_	linguistic	_	ContainsVariation=No	_	_	_	_	_	_
432-5	BO002	432	5	[xxx]	xxx	_	_	_	_	_	unknown	_	ContainsVariation=No	Syllables=3	End=869.974	_	_	_	0-3(148)
433-0	BO003	433	0	[lei	lei	_	_	_	_	_	linguistic	_	ContainsVariation=No	_	Begin=869.647	_	_	_	0-3(148)
433-1	BO003	433	1	sta]va	stava	_	_	_	_	_	linguistic	_	ContainsVariation=No	_	_	_	_	_	0-3(148)
433-2	BO003	433	2	con	con	_	_	_	_	_	linguistic	_	ContainsVariation=No	_	_	_	_	_	_
433-3	BO003	433	3	un	un	_	_	_	_	_	linguistic	_	ContainsVariation=No	_	_	_	_	_	_
433-4	BO003	433	4	ne~	ne~	_	_	_	_	_	linguistic	_	ContainsVariation=No	Interrupted=Yes	_	_	_	_	_
433-5	BO003	433	5	>te	te	_	_	_	_	_	linguistic	_	ContainsVariation=No	_	_	_	Fast=0-2(0)	_	_
433-6	BO003	433	6	lo	lo	_	_	_	_	_	linguistic	_	ContainsVariation=No	_	_	_	Fast=0-2(0)	_	_
433-7	BO003	433	7	faccio	faccio	_	_	_	_	_	linguistic	_	ContainsVariation=No	_	_	_	Fast=0-6(0)	_	_
433-8	BO003	433	8	vedere<.	vedere	_	_	_	_	_	linguistic	_	ContainsVariation=No	Intonation=Falling	_	_	Fast=0-6(0)	_	_
433-9	BO003	433	9	[se	se	_	_	_	_	_	linguistic	_	ContainsVariation=No	_	_	_	_	_	0-2(149)
433-10	BO003	433	10	lo	lo	_	_	_	_	_	linguistic	_	ContainsVariation=No	_	_	_	_	_	0-2(149)
433-11	BO003	433	11	trovo]	trovo	_	_	_	_	_	linguistic	_	ContainsVariation=No	_	End=871.956	_	_	_	0-5(149)
434-0	BO002	434	0	[ecco.	ecco	_	_	_	_	_	linguistic	_	ContainsVariation=No	Intonation=Falling	Begin=871.127	_	_	_	0-4(149)
434-1	BO002	434	1	brava]	brava	_	_	_	_	_	linguistic	_	ContainsVariation=No	PauseAfter=Yes	_	_	_	_	0-5(149)
434-2	BO002	434	2	(.)	(.)	_	_	_	_	_	shortpause	_	ContainsVariation=No	_	_	_	_	_	_
434-3	BO002	434	3	perché	perché	_	_	_	_	_	linguistic	_	ContainsVariation=No	_	_	_	_	_	_
434-4	BO002	434	4	qui	qui	_	_	_	_	_	linguistic	_	ContainsVariation=No	_	End=872.569	_	_	_	_
435-0	BO003	435	0	stava	stava	_	_	_	_	_	linguistic	_	ContainsVariation=No	_	Begin=872.578	_	_	_	_
435-1	BO003	435	1	con	con	_	_	_	_	_	linguistic	_	ContainsVariation=No	_	_	_	_	_	_
435-2	BO003	435	2	un	un	_	_	_	_	_	linguistic	_	ContainsVariation=No	_	_	_	_	_	_
435-3	BO003	435	3	nero	nero	_	_	_	_	_	linguistic	_	ContainsVariation=No	_	End=873.868	_	_	_	_
436-0	BO003	436	0	a:lto	alto	_	_	_	_	_	linguistic	_	ContainsVariation=No	_	Begin=874.131|End=874.95	0x1	_	_	_
437-0	BO003	437	0	un::	un	_	_	_	_	_	linguistic	_	ContainsVariation=No	_	Begin=875.08	1x2	_	_	_
437-1	BO003	437	1	due	due	_	_	_	_	_	linguistic	_	ContainsVariation=No	_	_	_	_	_	_
437-2	BO003	437	2	me~	me~	_	_	_	_	_	linguistic	_	ContainsVariation=No	Interrupted=Yes	_	_	_	_	_
437-3	BO003	437	3	più	più	_	_	_	_	_	linguistic	_	ContainsVariation=No	_	_	_	_	_	_
437-4	BO003	437	4	di	di	_	_	_	_	_	linguistic	_	ContainsVariation=No	_	_	_	_	_	_
437-5	BO003	437	5	due	due	_	_	_	_	_	linguistic	_	ContainsVariation=No	_	_	_	_	_	_
437-6	BO003	437	6	metri	metri	_	_	_	_	_	linguistic	_	ContainsVariation=No	_	End=877.118	_	_	_	_
438-0	BO003	438	0	così.	così	_	_	_	_	_	linguistic	_	ContainsVariation=No	Intonation=Falling	Begin=878.178	_	_	_	_
438-1	BO003	438	1	oh	oh	_	_	_	_	_	linguistic	_	ContainsVariation=No	_	_	_	_	_	_
438-2	BO003	438	2	quei	quei	_	_	_	_	_	linguistic	_	ContainsVariation=No	_	_	_	_	_	_
438-3	BO003	438	3	fisici	fisici	_	_	_	_	_	linguistic	_	ContainsVariation=No	_	End=879.853	_	_	_	_
439-0	BO003	439	0	capito?	capito	_	_	_	_	_	linguistic	_	ContainsVariation=No	Intonation=Rising	Begin=880.816|End=881.349	_	_	_	_
440-0	BO002	440	0	perfet[ti]	perfetti	_	_	_	_	_	linguistic	_	ContainsVariation=No	_	Begin=881.524|End=882.472	_	_	_	6-8(150)
441-0	BO003	441	0	[sì]	sì	_	_	_	_	_	linguistic	_	ContainsVariation=No	_	Begin=882.237	_	_	_	0-2(150)
441-1	BO003	441	1	sì	sì	_	_	_	_	_	linguistic	_	ContainsVariation=No	_	_	_	_	_	_
441-2	BO003	441	2	sì.	sì	_	_	_	_	_	linguistic	_	ContainsVariation=No	Intonation=Falling|PauseAfter=Yes	_	_	_	_	_
441-3	BO003	441	3	(.)	(.)	_	_	_	_	_	shortpause	_	ContainsVariation=No	_	_	_	_	_	_
441-4	BO003	441	4	ma	ma	_	_	_	_	_	linguistic	_	ContainsVariation=No	_	_	_	_	_	_
441-5	BO003	441	5	di	di	_	_	_	_	_	linguistic	_	ContainsVariation=No	_	_	_	_	_	_
441-6	BO003	441	6	viso	viso	_	_	_	_	_	linguistic	_	ContainsVariation=No	_	_	_	_	_	_
441-7	BO003	441	7	molto	molto	_	_	_	_	_	linguistic	_	ContainsVariation=No	_	_	_	_	_	_
441-8	BO003	441	8	nero	nero	_	_	_	_	_	linguistic	_	ContainsVariation=No	_	_	_	_	_	_
441-9	BO003	441	9	eh,	eh	_	_	_	_	_	linguistic	_	ContainsVariation=No	Intonation=WeaklyRising	End=884.522	_	_	_	_
442-0	BO003	442	0	>cioè<	cioè	_	_	_	_	_	linguistic	_	ContainsVariation=No	_	Begin=884.641	_	Fast=0-4(0)	_	_
442-1	BO003	442	1	proprio	proprio	_	_	_	_	_	linguistic	_	ContainsVariation=No	_	End=885.303	_	_	_	_
443-0	BO003	443	0	però	però	_	_	_	_	_	linguistic	_	ContainsVariation=No	_	Begin=887.246	_	_	_	_
443-1	BO003	443	1	un	un	_	_	_	_	_	linguistic	_	ContainsVariation=No	_	_	_	_	_	_
443-2	BO003	443	2	bel	bel	_	_	_	_	_	linguistic	_	ContainsVariation=No	_	_	_	_	_	_
443-3	BO003	443	3	ragazzo	ragazzo	_	_	_	_	_	linguistic	_	ContainsVariation=No	_	_	_	_	_	_
443-4	BO003	443	4	secondo	secondo	_	_	_	_	_	linguistic	_	ContainsVariation=No	_	_	_	_	_	_
443-5	BO003	443	5	me.	me	_	_	_	_	_	linguistic	_	ContainsVariation=No	Intonation=Falling	_	_	_	_	_
443-6	BO003	443	6	un	un	_	_	_	_	_	linguistic	_	ContainsVariation=No	_	_	_	_	_	_
443-7	BO003	443	7	po'::	po'	_	_	_	_	_	linguistic	_	ContainsVariation=No	_	End=889.166	1x2	_	_	_
444-0	BO003	444	0	sai	sai	_	_	_	_	_	linguistic	_	ContainsVariation=No	_	Begin=889.538	_	_	_	_
444-1	BO003	444	1	era	era	_	_	_	_	_	linguistic	_	ContainsVariation=No	_	_	_	_	_	_
444-2	BO003	444	2	un	un	_	_	_	_	_	linguistic	_	ContainsVariation=No	_	_	_	_	_	_
444-3	BO003	444	3	penso	penso	_	_	_	_	_	linguistic	_	ContainsVariation=No	_	_	_	_	_	_
444-4	BO003	444	4	fosse	fosse	_	_	_	_	_	linguistic	_	ContainsVariation=No	_	_	_	_	_	_
444-5	BO003	444	5	io	io	_	_	_	_	_	linguistic	_	ContainsVariation=No	_	_	_	_	_	_
444-6	BO003	444	6	non	non	_	_	_	_	_	linguistic	_	ContainsVariation=No	_	_	_	_	_	_
444-7	BO003	444	7	non	non	_	_	_	_	_	linguistic	_	ContainsVariation=No	_	_	_	_	_	_
444-8	BO003	444	8	so:	so	_	_	_	_	_	linguistic	_	ContainsVariation=No	_	_	1x1	_	_	_
444-9	BO003	444	9	quindi	quindi	_	_	_	_	_	linguistic	_	ContainsVariation=No	_	_	_	_	_	_
444-10	BO003	444	10	io	io	_	_	_	_	_	linguistic	_	ContainsVariation=No	_	_	_	_	_	_
444-11	BO003	444	11	cap~	cap~	_	_	_	_	_	linguistic	_	ContainsVariation=No	Interrupted=Yes	_	_	_	_	_
444-12	BO003	444	12	capisco	capisco	_	_	_	_	_	linguistic	_	ContainsVariation=No	_	_	_	_	_	_
444-13	BO003	444	13	e	e	_	_	_	_	_	linguistic	_	ContainsVariation=No	_	_	_	_	_	_
444-14	BO003	444	14	deduco	deduco	_	_	_	_	_	linguistic	_	ContainsVariation=No	_	_	_	_	_	_
444-15	BO003	444	15	però	però	_	_	_	_	_	linguistic	_	ContainsVariation=No	_	End=894.518	_	_	_	_
445-0	BO003	445	0	era	era	_	_	_	_	_	linguistic	_	ContainsVariation=No	_	Begin=894.726	_	_	_	_
445-1	BO003	445	1	proprio	proprio	_	_	_	_	_	linguistic	_	ContainsVariation=No	_	_	_	_	_	_
445-2	BO003	445	2	arrivato	arrivato	_	_	_	_	_	linguistic	_	ContainsVariation=No	_	_	_	_	_	_
445-3	BO003	445	3	con	con	_	_	_	_	_	linguistic	_	ContainsVariation=No	_	_	_	_	_	_
445-4	BO003	445	4	le	le	_	_	_	_	_	linguistic	_	ContainsVariation=No	_	_	_	_	_	_
445-5	BO003	445	5	barche.	barche	_	_	_	_	_	linguistic	_	ContainsVariation=No	Intonation=Falling	End=896.548	_	_	_	_
446-0	BO003	446	0	cioè	cioè	_	_	_	_	_	linguistic	_	ContainsVariation=No	_	Begin=896.89	_	_	_	_
446-1	BO003	446	1	proprio	proprio	_	_	_	_	_	linguistic	_	ContainsVariation=No	_	_	_	_	_	_
446-2	BO003	446	2	di	di	_	_	_	_	_	linguistic	_	ContainsVariation=No	_	_	_	_	_	_
446-3	BO003	446	3	[quelli:]	quelli	_	_	_	_	_	linguistic	_	ContainsVariation=No	PauseAfter=Yes	_	5x1	_	_	0-6(151)
446-4	BO003	446	4	(.)	(.)	_	_	_	_	_	shortpause	_	ContainsVariation=No	_	_	_	_	_	_
446-5	BO003	446	5	sì	sì	_	_	_	_	_	linguistic	_	ContainsVariation=No	_	_	_	_	_	_
446-6	BO003	446	6	sì.	sì	_	_	_	_	_	linguistic	_	ContainsVariation=No	Intonation=Falling	End=899.049	_	_	_	_
447-0	BO002	447	0	[ah	ah	_	_	_	_	_	linguistic	_	ContainsVariation=No	_	Begin=897.515	_	_	_	0-2(151)
447-1	BO002	447	1	davvero]?	davvero	_	_	_	_	_	linguistic	_	ContainsVariation=No	Intonation=Rising	End=898.613	_	_	_	0-7(151)
448-0	BO002	448	0	ah.	ah	_	_	_	_	_	linguistic	_	ContainsVariation=No	Intonation=Falling	Begin=900.37	_	_	_	_
448-1	BO002	448	1	bello	bello	_	_	_	_	_	linguistic	_	ContainsVariation=No	_	_	_	_	_	_
448-2	BO002	448	2	però:	però	_	_	_	_	_	linguistic	_	ContainsVariation=No	_	_	3x1	_	_	_
448-3	BO002	448	3	a	a	_	_	_	_	_	linguistic	_	ContainsVariation=No	_	_	_	_	_	_
448-4	BO002	448	4	me::	me	_	_	_	_	_	linguistic	_	ContainsVariation=No	_	_	1x2	_	_	_
448-5	BO002	448	5	mi	mi	_	_	_	_	_	linguistic	_	ContainsVariation=No	_	_	_	_	_	_
448-6	BO002	448	6	piacciono	piacciono	_	_	_	_	_	linguistic	_	ContainsVariation=No	_	_	_	_	_	_
448-7	BO002	448	7	queste	queste	_	_	_	_	_	linguistic	_	ContainsVariation=No	_	_	_	_	_	_
448-8	BO002	448	8	cose	cose	_	_	_	_	_	linguistic	_	ContainsVariation=No	_	_	_	_	_	_
448-9	BO002	448	9	ques[te	queste	_	_	_	_	_	linguistic	_	ContainsVariation=No	_	_	_	_	_	4-6(152)
448-10	BO002	448	10	sto:]rie	storie	_	_	_	_	_	linguistic	_	ContainsVariation=No	_	_	2x1	_	_	0-3(152)
448-11	BO002	448	11	mol[to:	molto	_	_	_	_	_	linguistic	_	ContainsVariation=No	PauseAfter=Yes	_	4x1	_	_	3-5(153)
448-12	BO002	448	12	(.)	(.)	_	_	_	_	_	shortpause	_	ContainsVariation=No	_	_	_	_	_	X(153)
448-13	BO002	448	13	tormenta:te]	tormentate	_	_	_	_	_	linguistic	_	ContainsVariation=No	_	End=906.333	7x1	_	_	0-10(153)
449-0	BO003	449	0	[sì	sì	_	_	_	_	_	linguistic	_	ContainsVariation=No	_	Begin=903.773	_	_	_	0-2(152)
449-1	BO003	449	1	sì:]	sì	_	_	_	_	_	linguistic	_	ContainsVariation=No	_	End=904.798	1x1	_	_	0-2(152)
450-0	BO003	450	0	[sì	sì	_	_	_	_	_	linguistic	_	ContainsVariation=No	_	Begin=905.126	_	_	_	0-2(153)
450-1	BO003	450	1	sì	sì	_	_	_	_	_	linguistic	_	ContainsVariation=No	PauseAfter=Yes	_	_	_	_	0-2(153)
450-2	BO003	450	2	(.)	(.)	_	_	_	_	_	shortpause	_	ContainsVariation=No	_	_	_	_	_	X(153)
450-3	BO003	450	3	lei	lei	_	_	_	_	_	linguistic	_	ContainsVariation=No	_	_	_	_	_	0-3(153)
450-4	BO003	450	4	gli]	gli	_	_	_	_	_	linguistic	_	ContainsVariation=No	PauseAfter=Yes	_	_	_	_	0-3(153)
450-5	BO003	450	5	(.)	(.)	_	_	_	_	_	shortpause	_	ContainsVariation=No	_	_	_	_	_	_
450-6	BO003	450	6	lei	lei	_	_	_	_	_	linguistic	_	ContainsVariation=No	_	_	_	_	_	_
450-7	BO003	450	7	gli	gli	_	_	_	_	_	linguistic	_	ContainsVariation=No	_	_	_	_	_	_
450-8	BO003	450	8	insegnava:,	insegnava	_	_	_	_	_	linguistic	_	ContainsVariation=No	Intonation=WeaklyRising|PauseAfter=Yes	_	8x1	_	_	_
450-9	BO003	450	9	(.)	(.)	_	_	_	_	_	shortpause	_	ContainsVariation=No	_	_	_	_	_	_
450-10	BO003	450	10	italiano.	italiano	_	_	_	_	_	linguistic	_	ContainsVariation=No	Intonation=Falling	End=909.008	_	_	_	_
451-0	BO002	451	0	dav[ve:::ro],	davvero	_	_	_	_	_	linguistic	_	ContainsVariation=No	Intonation=WeaklyRising	Begin=909.046|End=909.953	4x3	_	_	3-7(154)
452-0	BO003	452	0	[alla	alla	_	_	_	_	_	linguistic	_	ContainsVariation=No	_	Begin=909.586	_	_	_	0-4(154)
452-1	BO003	452	1	scuo]la	scuola	_	_	_	_	_	linguistic	_	ContainsVariation=No	_	_	_	_	_	0-4(154)
452-2	BO003	452	2	di	di	_	_	_	_	_	linguistic	_	ContainsVariation=No	_	_	_	_	_	_
452-3	BO003	452	3	italiano	italiano	_	_	_	_	_	linguistic	_	ContainsVariation=No	_	_	_	_	_	_
452-4	BO003	452	4	per	per	_	_	_	_	_	linguistic	_	ContainsVariation=No	_	_	_	_	_	_
452-5	BO003	452	5	stranieri	stranieri	_	_	_	_	_	linguistic	_	ContainsVariation=No	_	End=911.514	_	_	_	_
453-0	BO002	453	0	che	che	_	_	_	_	_	linguistic	_	ContainsVariation=No	_	Begin=911.835	_	_	_	_
453-1	BO002	453	1	cari::[no]	carino	_	_	_	_	_	linguistic	_	ContainsVariation=No	_	End=913.28	3x2	_	_	4-6(155)
454-0	BO003	454	0	[lei]	lei	_	_	_	_	_	linguistic	_	ContainsVariation=No	_	Begin=912.944	_	_	_	0-3(155)
454-1	BO003	454	1	gli	gli	_	_	_	_	_	linguistic	_	ContainsVariation=No	_	_	_	_	_	_
454-2	BO003	454	2	insegnava	insegnava	_	_	_	_	_	linguistic	_	ContainsVariation=No	_	_	_	_	_	_
454-3	BO003	454	3	l'	l'	_	_	_	_	_	linguistic	_	ContainsVariation=No	SpaceAfter=No	_	_	_	_	_
454-4	BO003	454	4	italiano,	italiano	_	_	_	_	_	linguistic	_	ContainsVariation=No	Intonation=WeaklyRising|PauseAfter=Yes	_	_	_	_	_
454-5	BO003	454	5	(.)	(.)	_	_	_	_	_	shortpause	_	ContainsVariation=No	_	_	_	_	_	_
454-6	BO003	454	6	e	e	_	_	_	_	_	linguistic	_	ContainsVariation=No	_	_	_	_	_	_
454-7	BO003	454	7	lui:::	lui	_	_	_	_	_	linguistic	_	ContainsVariation=No	PauseAfter=Yes	_	2x3	_	_	_
454-8	BO003	454	8	(.)	(.)	_	_	_	_	_	shortpause	_	ContainsVariation=No	_	_	_	_	_	_
454-9	BO003	454	9	>insomma<	insomma	_	_	_	_	_	linguistic	_	ContainsVariation=No	_	End=916.779	_	Fast=0-7(0)	_	_
455-0	BO003	455	0	però	però	_	_	_	_	_	linguistic	_	ContainsVariation=No	_	Begin=916.972	_	_	_	_
455-1	BO003	455	1	lui	lui	_	_	_	_	_	linguistic	_	ContainsVariation=No	_	_	_	_	_	_
455-2	BO003	455	2	lo	lo	_	_	_	_	_	linguistic	_	ContainsVariation=No	_	_	_	_	_	_
455-3	BO003	455	3	vedevo	vedevo	_	_	_	_	_	linguistic	_	ContainsVariation=No	_	_	_	_	_	_
455-4	BO003	455	4	di	di	_	_	_	_	_	linguistic	_	ContainsVariation=No	_	_	_	_	_	_
455-5	BO003	455	5	più	più	_	_	_	_	_	linguistic	_	ContainsVariation=No	_	_	_	_	_	_
455-6	BO003	455	6	perché	perché	_	_	_	_	_	linguistic	_	ContainsVariation=No	_	_	_	_	_	_
455-7	BO003	455	7	almeno	almeno	_	_	_	_	_	linguistic	_	ContainsVariation=No	_	_	_	_	_	_
455-8	BO003	455	8	vabbè	vabbè	_	_	_	_	_	linguistic	_	ContainsVariation=No	PauseAfter=Yes	_	_	_	_	_
455-9	BO003	455	9	(.)	(.)	_	_	_	_	_	shortpause	_	ContainsVariation=No	_	_	_	_	_	_
455-10	BO003	455	10	okay	okay	_	_	_	_	_	linguistic	_	ContainsVariation=No	_	_	_	_	_	_
455-11	BO003	455	11	che.	che	_	_	_	_	_	linguistic	_	ContainsVariation=No	Intonation=Falling	End=919.976	_	_	_	_
456-0	BO003	456	0	per	per	_	_	_	_	_	linguistic	_	ContainsVariation=No	_	Begin=920.753	_	_	_	_
456-1	BO003	456	1	me	me	_	_	_	_	_	linguistic	_	ContainsVariation=No	_	_	_	_	_	_
456-2	BO003	456	2	(un	un	_	_	_	_	_	linguistic	_	ContainsVariation=No	_	_	_	_	0-2(0)	_
456-3	BO003	456	3	ess~)	ess~	_	_	_	_	_	linguistic	_	ContainsVariation=No	Interrupted=Yes	_	_	_	0-4(0)	_
456-4	BO003	456	4	non	non	_	_	_	_	_	linguistic	_	ContainsVariation=No	_	_	_	_	_	_
456-5	BO003	456	5	è	è	_	_	_	_	_	linguistic	_	ContainsVariation=No	_	_	_	_	_	_
456-6	BO003	456	6	un	un	_	_	_	_	_	linguistic	_	ContainsVariation=No	_	_	_	_	_	_
456-7	BO003	456	7	problema	problema	_	_	_	_	_	linguistic	_	ContainsVariation=No	PauseAfter=Yes	_	_	_	_	_
456-8	BO003	456	8	(.)	(.)	_	_	_	_	_	shortpause	_	ContainsVariation=No	_	_	_	_	_	_
456-9	BO003	456	9	però::	però	_	_	_	_	_	linguistic	_	ContainsVariation=No	_	_	3x2	_	_	_
456-10	BO003	456	10	è	è	_	_	_	_	_	linguistic	_	ContainsVariation=No	_	_	_	_	_	_
456-11	BO003	456	11	una	una	_	_	_	_	_	linguistic	_	ContainsVariation=No	_	_	_	_	_	_
456-12	BO003	456	12	bella	bella	_	_	_	_	_	linguistic	_	ContainsVariation=No	_	_	_	_	_	_
456-13	BO003	456	13	differenza	differenza	_	_	_	_	_	linguistic	_	ContainsVariation=No	_	_	_	_	_	_
456-14	BO003	456	14	culturale.	culturale	_	_	_	_	_	linguistic	_	ContainsVariation=No	Intonation=Falling	_	_	_	_	_
456-15	BO003	456	15	[perché	perché	_	_	_	_	_	linguistic	_	ContainsVariation=No	_	_	_	_	_	0-6(156)
456-16	BO003	456	16	lui	lui	_	_	_	_	_	linguistic	_	ContainsVariation=No	_	_	_	_	_	0-3(156)
456-17	BO003	456	17	era	era	_	_	_	_	_	linguistic	_	ContainsVariation=No	_	_	_	_	_	0-3(156)
456-18	BO003	456	18	proprio::]	proprio	_	_	_	_	_	linguistic	_	ContainsVariation=No	_	End=926.603	6x2	_	_	0-7(156)
457-0	BO002	457	0	[mh.	mh	_	_	_	_	_	linguistic	_	ContainsVariation=No	Intonation=Falling	Begin=925.152	_	_	_	0-2(156)
457-1	BO002	457	1	sì.	sì	_	_	_	_	_	linguistic	_	ContainsVariation=No	Intonation=Falling	_	_	_	_	0-2(156)
457-2	BO002	457	2	quello	quello	_	_	_	_	_	linguistic	_	ContainsVariation=No	_	_	_	_	_	0-6(156)
457-3	BO002	457	3	sì].	sì	_	_	_	_	_	linguistic	_	ContainsVariation=No	Intonation=Falling	End=926.603	_	_	_	0-2(156)
458-0	BO003	458	0	>però	però	_	_	_	_	_	linguistic	_	ContainsVariation=No	_	Begin=926.964	_	Fast=0-4(0)	_	_
458-1	BO003	458	1	almeno	almeno	_	_	_	_	_	linguistic	_	ContainsVariation=No	_	_	_	Fast=0-6(0)	_	_
458-2	BO003	458	2	era<	era	_	_	_	_	_	linguistic	_	ContainsVariation=No	_	_	_	Fast=0-3(0)	_	_
458-3	BO003	458	3	aveva	aveva	_	_	_	_	_	linguistic	_	ContainsVariation=No	_	_	_	_	_	_
458-4	BO003	458	4	la	la	_	_	_	_	_	linguistic	_	ContainsVariation=No	_	_	_	_	_	_
458-5	BO003	458	5	tua	tua	_	_	_	_	_	linguistic	_	ContainsVariation=No	_	_	_	_	_	_
458-6	BO003	458	6	età	età	_	_	_	_	_	linguistic	_	ContainsVariation=No	_	End=928.164	_	_	_	_
459-0	BO003	459	0	cioè	cioè	_	_	_	_	_	linguistic	_	ContainsVariation=No	_	Begin=929.185	_	_	_	_
459-1	BO003	459	1	quel	quel	_	_	_	_	_	linguistic	_	ContainsVariation=No	_	_	_	_	_	_
459-2	BO003	459	2	questo	questo	_	_	_	_	_	linguistic	_	ContainsVariation=No	_	End=930.168	_	_	_	_
460-0	BO003	460	0	magari	magari	_	_	_	_	_	linguistic	_	ContainsVariation=No	_	Begin=930.654	_	_	_	_
460-1	BO003	460	1	è	è	_	_	_	_	_	linguistic	_	ContainsVariation=No	_	_	_	_	_	_
460-2	BO003	460	2	più	più	_	_	_	_	_	linguistic	_	ContainsVariation=No	_	_	_	_	_	_
460-3	BO003	460	3	tranquillo,	tranquillo	_	_	_	_	_	linguistic	_	ContainsVariation=No	Intonation=WeaklyRising	_	_	_	_	_
460-4	BO003	460	4	ed	ed	_	_	_	_	_	linguistic	_	ContainsVariation=No	_	_	_	_	_	_
460-5	BO003	460	5	è	è	_	_	_	_	_	linguistic	_	ContainsVariation=No	_	_	_	_	_	_
460-6	BO003	460	6	meno:	meno	_	_	_	_	_	linguistic	_	ContainsVariation=No	PauseAfter=Yes	_	3x1	_	_	_
460-7	BO003	460	7	(.)	(.)	_	_	_	_	_	shortpause	_	ContainsVariation=No	_	_	_	_	_	_
460-8	BO003	460	8	imprevedibile	imprevedibile	_	_	_	_	_	linguistic	_	ContainsVariation=No	_	_	_	_	_	_
460-9	BO003	460	9	diciamo	diciamo	_	_	_	_	_	linguistic	_	ContainsVariation=No	_	_	_	_	_	_
460-10	BO003	460	10	perché	perché	_	_	_	_	_	linguistic	_	ContainsVariation=No	_	End=934.887	_	_	_	_
461-0	BO002	461	0	sì.	sì	_	_	_	_	_	linguistic	_	ContainsVariation=No	Intonation=Falling	Begin=935.341|End=935.753	_	_	_	_
462-0	BO003	462	0	>cioè<	cioè	_	_	_	_	_	linguistic	_	ContainsVariation=No	_	Begin=935.859	_	Fast=0-4(0)	_	_
462-1	BO003	462	1	c'	c'	_	_	_	_	_	linguistic	_	ContainsVariation=No	SpaceAfter=No	_	_	_	_	_
462-2	BO003	462	2	ha	ha	_	_	_	_	_	linguistic	_	ContainsVariation=No	_	_	_	_	_	_
462-3	BO003	462	3	quarant'	quarant'	_	_	_	_	_	linguistic	_	ContainsVariation=No	SpaceAfter=No	_	_	_	_	_
462-4	BO003	462	4	anni	anni	_	_	_	_	_	linguistic	_	ContainsVariation=No	_	_	_	_	_	_
462-5	BO003	462	5	tra	tra	_	_	_	_	_	linguistic	_	ContainsVariation=No	_	_	_	_	_	_
462-6	BO003	462	6	un	un	_	_	_	_	_	linguistic	_	ContainsVariation=No	_	_	_	_	_	_
462-7	BO003	462	7	po'	po'	_	_	_	_	_	linguistic	_	ContainsVariation=No	_	End=937.383	_	_	_	_
463-0	BO002	463	0	((ride))	((ride))	_	_	_	_	_	nonverbalbehavior	_	ContainsVariation=No	_	Begin=937.486|End=939.381	_	_	_	_
464-0	BO003	464	0	allora	allora	_	_	_	_	_	linguistic	_	ContainsVariation=No	_	Begin=939.666	_	_	_	_
464-1	BO003	464	1	aspe~	aspe~	_	_	_	_	_	linguistic	_	ContainsVariation=No	Interrupted=Yes	_	_	_	_	_
464-2	BO003	464	2	lina,	lina	_	_	_	_	_	linguistic	_	ContainsVariation=No	Intonation=WeaklyRising	_	_	_	_	_
464-3	BO003	464	3	perdo:nami.	perdonami	_	_	_	_	_	linguistic	_	ContainsVariation=No	Intonation=Falling	_	4x1	_	_	_
464-4	BO003	464	4	>però	però	_	_	_	_	_	linguistic	_	ContainsVariation=No	_	_	_	Fast=0-4(0)	_	_
464-5	BO003	464	5	vabbè<	vabbè	_	_	_	_	_	linguistic	_	ContainsVariation=No	_	_	_	Fast=0-5(0)	_	_
464-6	BO003	464	6	giusto	giusto	_	_	_	_	_	linguistic	_	ContainsVariation=No	_	_	_	_	_	_
464-7	BO003	464	7	per	per	_	_	_	_	_	linguistic	_	ContainsVariation=No	_	_	_	_	_	_
464-8	BO003	464	8	farci	farci	_	_	_	_	_	linguistic	_	ContainsVariation=No	_	_	_	_	_	_
464-9	BO003	464	9	due	due	_	_	_	_	_	linguistic	_	ContainsVariation=No	_	_	_	_	_	_
464-10	BO003	464	10	ri[sate,	risate	_	_	_	_	_	linguistic	_	ContainsVariation=No	Intonation=WeaklyRising|PauseAfter=Yes	_	_	_	_	2-6(157)
464-11	BO003	464	11	(.)	(.)	_	_	_	_	_	shortpause	_	ContainsVariation=No	_	_	_	_	_	X(157)
464-12	BO003	464	12	nel~	nel~	_	_	_	_	_	linguistic	_	ContainsVariation=No	Interrupted=Yes	_	_	_	_	0-4(157)
464-13	BO003	464	13	senza	senza	_	_	_	_	_	linguistic	_	ContainsVariation=No	_	_	_	_	_	0-5(157)
464-14	BO003	464	14	cattive:ria]	cattiveria	_	_	_	_	_	linguistic	_	ContainsVariation=No	_	End=945.316	6x1	_	_	0-10(157)
465-0	BO002	465	0	[sì:	sì	_	_	_	_	_	linguistic	_	ContainsVariation=No	PauseAfter=Yes	Begin=943.613	1x1	_	_	0-2(157)
465-1	BO002	465	1	(.)	(.)	_	_	_	_	_	shortpause	_	ContainsVariation=No	_	_	_	_	_	X(157)
465-2	BO002	465	2	ma	ma	_	_	_	_	_	linguistic	_	ContainsVariation=No	_	_	_	_	_	0-2(157)
465-3	BO002	465	3	tanto	tanto	_	_	_	_	_	linguistic	_	ContainsVariation=No	_	_	_	_	_	0-5(157)
465-4	BO002	465	4	io:]	io	_	_	_	_	_	linguistic	_	ContainsVariation=No	PauseAfter=Yes	_	1x1	_	_	0-2(157)
465-5	BO002	465	5	(.)	(.)	_	_	_	_	_	shortpause	_	ContainsVariation=No	_	_	_	_	_	_
465-6	BO002	465	6	non	non	_	_	_	_	_	linguistic	_	ContainsVariation=No	_	_	_	_	_	_
465-7	BO002	465	7	la	la	_	_	_	_	_	linguistic	_	ContainsVariation=No	_	_	_	_	_	_
465-8	BO002	465	8	cono:sco	conosco	_	_	_	_	_	linguistic	_	ContainsVariation=No	_	_	3x1	_	_	_
465-9	BO002	465	9	quindi:	quindi	_	_	_	_	_	linguistic	_	ContainsVariation=No	_	End=946.879	5x1	_	_	_
466-0	BO002	466	0	tranquilla	tranquilla	_	_	_	_	_	linguistic	_	ContainsVariation=No	_	Begin=948.094	_	_	_	_
466-1	BO002	466	1	io	io	_	_	_	_	_	linguistic	_	ContainsVariation=No	_	_	_	_	_	_
466-2	BO002	466	2	non:	non	_	_	_	_	_	linguistic	_	ContainsVariation=No	_	End=949.691	2x1	_	_	_
467-0	BO002	467	0	[morto]?	morto	_	_	_	_	_	linguistic	_	ContainsVariation=No	Intonation=Rising	Begin=950.82|End=951.876	_	_	_	0-5(158)
468-0	BO003	468	0	[mo:rto].	morto	_	_	_	_	_	linguistic	_	ContainsVariation=No	Intonation=Falling	Begin=950.82|End=951.876	1x1	_	_	0-5(158)
469-0	BO003	469	0	vabbè	vabbè	_	_	_	_	_	linguistic	_	ContainsVariation=No	_	Begin=952.046	_	_	_	_
469-1	BO003	469	1	do[po	dopo	_	_	_	_	_	linguistic	_	ContainsVariation=No	_	_	_	_	_	2-4(159)
469-2	BO003	469	2	andiamo	andiamo	_	_	_	_	_	linguistic	_	ContainsVariation=No	_	_	_	_	_	0-7(159)
469-3	BO003	469	3	in	in	_	_	_	_	_	linguistic	_	ContainsVariation=No	_	_	_	_	_	0-2(159)
469-4	BO003	469	4	biblio:	biblio	_	_	_	_	_	linguistic	_	ContainsVariation=No	PauseAfter=Yes	_	5x1	_	_	0-6(159)
469-5	BO003	469	5	(.)	(.)	_	_	_	_	_	shortpause	_	ContainsVariation=No	_	_	_	_	_	X(159)
469-6	BO003	469	6	ora	ora	_	_	_	_	_	linguistic	_	ContainsVariation=No	_	_	_	_	_	0-3(159)
469-7	BO003	469	7	non	non	_	_	_	_	_	linguistic	_	ContainsVariation=No	_	_	_	_	_	0-3(159)
469-8	BO003	469	8	possia]mo	possiamo	_	_	_	_	_	linguistic	_	ContainsVariation=No	_	_	_	_	_	0-6(159)
469-9	BO003	469	9	perché	perché	_	_	_	_	_	linguistic	_	ContainsVariation=No	_	End=954.756	_	_	_	_
470-0	BO002	470	0	[no:.	no	_	_	_	_	_	linguistic	_	ContainsVariation=No	Intonation=Falling|PauseAfter=Yes	Begin=952.446	1x1	_	_	0-2(159)
470-1	BO002	470	1	(.)	(.)	_	_	_	_	_	shortpause	_	ContainsVariation=No	_	_	_	_	_	X(159)
470-2	BO002	470	2	sì]	sì	_	_	_	_	_	linguistic	_	ContainsVariation=No	_	End=954.043	_	_	_	0-2(159)
471-0	BO002	471	0	insomma	insomma	_	_	_	_	_	linguistic	_	ContainsVariation=No	_	Begin=956.302|End=957.493	_	_	_	_
472-0	BO003	472	0	sì.	sì	_	_	_	_	_	linguistic	_	ContainsVariation=No	Intonation=Falling	Begin=957.542	_	_	_	_
472-1	BO003	472	1	no	no	_	_	_	_	_	linguistic	_	ContainsVariation=No	_	_	_	_	_	_
472-2	BO003	472	2	quella	quella	_	_	_	_	_	linguistic	_	ContainsVariation=No	_	_	_	_	_	_
472-3	BO003	472	3	(>era	era	_	_	_	_	_	linguistic	_	ContainsVariation=No	_	_	_	Fast=0-3(0)	0-3(0)	_
472-4	BO003	472	4	la<)	la	_	_	_	_	_	linguistic	_	ContainsVariation=No	_	_	_	Fast=0-2(0)	0-2(0)	_
472-5	BO003	472	5	storia,	storia	_	_	_	_	_	linguistic	_	ContainsVariation=No	Intonation=WeaklyRising|PauseAfter=Yes	_	_	_	_	_
472-6	BO003	472	6	(.)	(.)	_	_	_	_	_	shortpause	_	ContainsVariation=No	_	_	_	_	_	_
472-7	BO003	472	7	però	però	_	_	_	_	_	linguistic	_	ContainsVariation=No	_	_	_	_	_	_
472-8	BO003	472	8	era	era	_	_	_	_	_	linguistic	_	ContainsVariation=No	_	_	_	_	_	_
472-9	BO003	472	9	il	il	_	_	_	_	_	linguistic	_	ContainsVariation=No	_	_	_	_	_	_
472-10	BO003	472	10	suo	suo	_	_	_	_	_	linguistic	_	ContainsVariation=No	_	_	_	_	_	_
472-11	BO003	472	11	primo	primo	_	_	_	_	_	linguistic	_	ContainsVariation=No	_	_	_	_	_	_
472-12	BO003	472	12	raga:zzo::,	ragazzo	_	_	_	_	_	linguistic	_	ContainsVariation=No	Intonation=WeaklyRising	End=961.291	3x1,6x2	_	_	_
473-0	BO002	473	0	era	era	_	_	_	_	_	linguistic	_	ContainsVariation=No	_	Begin=961.337	_	_	_	_
473-1	BO002	473	1	il	il	_	_	_	_	_	linguistic	_	ContainsVariation=No	_	_	_	_	_	_
473-2	BO002	473	2	suo	suo	_	_	_	_	_	linguistic	_	ContainsVariation=No	_	_	_	_	_	_
473-3	BO002	473	3	primo	primo	_	_	_	_	_	linguistic	_	ContainsVariation=No	_	_	_	_	_	_
473-4	BO002	473	4	ra[gazzo]?	ragazzo	_	_	_	_	_	linguistic	_	ContainsVariation=No	Intonation=Rising	End=963.042	_	_	_	2-7(160)
474-0	BO003	474	0	[il	il	_	_	_	_	_	linguistic	_	ContainsVariation=No	_	Begin=962.12	_	_	_	0-2(160)
474-1	BO003	474	1	suo	suo	_	_	_	_	_	linguistic	_	ContainsVariation=No	_	_	_	_	_	0-3(160)
474-2	BO003	474	2	primo	primo	_	_	_	_	_	linguistic	_	ContainsVariation=No	_	_	_	_	_	0-5(160)
474-3	BO003	474	3	raga]zzo	ragazzo	_	_	_	_	_	linguistic	_	ContainsVariation=No	_	_	_	_	_	0-4(160)
474-4	BO003	474	4	quello	quello	_	_	_	_	_	linguistic	_	ContainsVariation=No	_	_	_	_	_	_
474-5	BO003	474	5	nero	nero	_	_	_	_	_	linguistic	_	ContainsVariation=No	_	_	_	_	_	_
474-6	BO003	474	6	sì.	sì	_	_	_	_	_	linguistic	_	ContainsVariation=No	Intonation=Falling	End=963.944	_	_	_	_
475-0	BO002	475	0	che	che	_	_	_	_	_	linguistic	_	ContainsVariation=No	_	Begin=965.212	_	_	_	_
475-1	BO002	475	1	cari::ni	carini	_	_	_	_	_	linguistic	_	ContainsVariation=No	_	End=966.526	3x2	_	_	_
476-0	BO003	476	0	sì	sì	_	_	_	_	_	linguistic	_	ContainsVariation=No	ProsodicLink=Yes	Begin=966.533	_	_	_	_
476-1	BO003	476	1	no	no	_	_	_	_	_	linguistic	_	ContainsVariation=No	_	_	_	_	_	_
476-2	BO003	476	2	lui	lui	_	_	_	_	_	linguistic	_	ContainsVariation=No	_	_	_	_	_	_
476-3	BO003	476	3	sì,	sì	_	_	_	_	_	linguistic	_	ContainsVariation=No	Intonation=WeaklyRising	_	_	_	_	_
476-4	BO003	476	4	e	e	_	_	_	_	_	linguistic	_	ContainsVariation=No	_	_	_	_	_	_
476-5	BO003	476	5	poi	poi	_	_	_	_	_	linguistic	_	ContainsVariation=No	PauseAfter=Yes	_	_	_	_	_
476-6	BO003	476	6	(.)	(.)	_	_	_	_	_	shortpause	_	ContainsVariation=No	_	_	_	_	_	_
476-7	BO003	476	7	madonna	madonna	_	_	_	_	_	linguistic	_	ContainsVariation=No	_	_	_	_	_	_
476-8	BO003	476	8	com'	com'	_	_	_	_	_	linguistic	_	ContainsVariation=No	SpaceAfter=No	_	_	_	_	_
476-9	BO003	476	9	era	era	_	_	_	_	_	linguistic	_	ContainsVariation=No	_	_	_	_	_	_
476-10	BO003	476	10	fisicato?	fisicato	_	_	_	_	_	linguistic	_	ContainsVariation=No	Intonation=Rising	End=969.201	_	_	_	_
477-0	BO002	477	0	me	me	_	_	_	_	_	linguistic	_	ContainsVariation=No	_	Begin=969.201	_	_	_	_
477-1	BO002	477	1	lo	lo	_	_	_	_	_	linguistic	_	ContainsVariation=No	_	_	_	_	_	_
477-2	BO002	477	2	imma:gi[no]	immagino	_	_	_	_	_	linguistic	_	ContainsVariation=No	_	End=970.353	3x1	_	_	6-8(161)
478-0	BO003	478	0	[il	il	_	_	_	_	_	linguistic	_	ContainsVariation=No	_	Begin=969.965	_	_	_	0-2(161)
478-1	BO003	478	1	fi]sica:to	fisicato	_	_	_	_	_	linguistic	_	ContainsVariation=No	_	_	5x1	_	_	0-2(161)
478-2	BO003	478	2	proprio:	proprio	_	_	_	_	_	linguistic	_	ContainsVariation=No	_	_	6x1	_	_	_
478-3	BO003	478	3	all'	all'	_	_	_	_	_	linguistic	_	ContainsVariation=No	SpaceAfter=No	_	_	_	_	_
478-4	BO003	478	4	<ennesima	ennesima	_	_	_	_	_	linguistic	_	ContainsVariation=No	_	_	_	Slow=0-8(0)	_	_
478-5	BO003	478	5	potenza>.	potenza	_	_	_	_	_	linguistic	_	ContainsVariation=No	Intonation=Falling	End=973.177	_	Slow=0-7(0)	_	_
479-0	BO003	479	0	<altissimo>,	altissimo	_	_	_	_	_	linguistic	_	ContainsVariation=No	Intonation=WeaklyRising|PauseAfter=Yes	Begin=973.503	_	Slow=0-9(0)	_	_
479-1	BO003	479	1	(.)	(.)	_	_	_	_	_	shortpause	_	ContainsVariation=No	_	_	_	_	_	_
479-2	BO003	479	2	<muscolosissimo>	muscolosissimo	_	_	_	_	_	linguistic	_	ContainsVariation=No	_	_	_	Slow=0-14(1)	_	_
479-3	BO003	479	3	quei	quei	_	_	_	_	_	linguistic	_	ContainsVariation=No	_	_	_	_	_	_
479-4	BO003	479	4	capelli	capelli	_	_	_	_	_	linguistic	_	ContainsVariation=No	_	_	_	_	_	_
479-5	BO003	479	5	tutte	tutte	_	_	_	_	_	linguistic	_	ContainsVariation=No	_	_	_	_	_	_
479-6	BO003	479	6	le	le	_	_	_	_	_	linguistic	_	ContainsVariation=No	_	_	_	_	_	_
479-7	BO003	479	7	treccine,	treccine	_	_	_	_	_	linguistic	_	ContainsVariation=No	Intonation=WeaklyRising	End=978.207	_	_	_	_
480-0	BO002	480	0	beh	beh	_	_	_	_	_	linguistic	_	ContainsVariation=No	PauseAfter=Yes	Begin=978.767	_	_	_	_
480-1	BO002	480	1	(.)	(.)	_	_	_	_	_	shortpause	_	ContainsVariation=No	_	_	_	_	_	_
480-2	BO002	480	2	<oddio>,	oddio	_	_	_	_	_	linguistic	_	ContainsVariation=No	Intonation=WeaklyRising|PauseAfter=Yes	_	_	Slow=0-5(0)	_	_
480-3	BO002	480	3	(.)	(.)	_	_	_	_	_	shortpause	_	ContainsVariation=No	_	_	_	_	_	_
480-4	BO002	480	4	[xx]	xx	_	_	_	_	_	unknown	_	ContainsVariation=No	Syllables=2	End=980.533	_	_	_	0-2(162)
481-0	BO003	481	0	[sì],	sì	_	_	_	_	_	linguistic	_	ContainsVariation=No	Intonation=WeaklyRising	Begin=980.399	_	_	_	0-2(162)
481-1	BO003	481	1	sì,	sì	_	_	_	_	_	linguistic	_	ContainsVariation=No	Intonation=WeaklyRising	_	_	_	_	_
481-2	BO003	481	2	sì.	sì	_	_	_	_	_	linguistic	_	ContainsVariation=No	Intonation=Falling	End=981.155	_	_	_	_
482-0	BO002	482	0	a	a	_	_	_	_	_	linguistic	_	ContainsVariation=No	_	Begin=981.165	_	_	_	_
482-1	BO002	482	1	me	me	_	_	_	_	_	linguistic	_	ContainsVariation=No	_	_	_	_	_	_
482-2	BO002	482	2	questi	questi	_	_	_	_	_	linguistic	_	ContainsVariation=No	_	_	_	_	_	_
482-3	BO002	482	3	tipi	tipi	_	_	_	_	_	linguistic	_	ContainsVariation=No	_	_	_	_	_	_
482-4	BO002	482	4	qui	qui	_	_	_	_	_	linguistic	_	ContainsVariation=No	_	_	_	_	_	_
482-5	BO002	482	5	mi	mi	_	_	_	_	_	linguistic	_	ContainsVariation=No	_	_	_	_	_	_
482-6	BO002	482	6	fanno	fanno	_	_	_	_	_	linguistic	_	ContainsVariation=No	PauseAfter=Yes	_	_	_	_	_
482-7	BO002	482	7	(.)	(.)	_	_	_	_	_	shortpause	_	ContainsVariation=No	_	_	_	_	_	_
482-8	BO002	482	8	[cioè	cioè	_	_	_	_	_	linguistic	_	ContainsVariation=No	_	_	_	_	_	0-4(163)
482-9	BO002	482	9	mi	mi	_	_	_	_	_	linguistic	_	ContainsVariation=No	_	_	_	_	_	0-2(163)
482-10	BO002	482	10	piacciono	piacciono	_	_	_	_	_	linguistic	_	ContainsVariation=No	_	_	_	_	_	0-9(163)
482-11	BO002	482	11	un	un	_	_	_	_	_	linguistic	_	ContainsVariation=No	_	_	_	_	_	0-2(163)
482-12	BO002	482	12	sa:cco]	sacco	_	_	_	_	_	linguistic	_	ContainsVariation=No	_	End=984.673	1x1	_	_	0-5(163)
483-0	BO003	483	0	[no	no	_	_	_	_	_	linguistic	_	ContainsVariation=No	_	Begin=982.737	_	_	_	0-2(163)
483-1	BO003	483	1	no	no	_	_	_	_	_	linguistic	_	ContainsVariation=No	_	_	_	_	_	0-2(163)
483-2	BO003	483	2	no	no	_	_	_	_	_	linguistic	_	ContainsVariation=No	_	_	_	_	_	0-2(163)
483-3	BO003	483	3	lui	lui	_	_	_	_	_	linguistic	_	ContainsVariation=No	_	_	_	_	_	0-3(163)
483-4	BO003	483	4	poi	poi	_	_	_	_	_	linguistic	_	ContainsVariation=No	_	_	_	_	_	0-3(163)
483-5	BO003	483	5	delle	delle	_	_	_	_	_	linguistic	_	ContainsVariation=No	_	_	_	_	_	0-5(163)
483-6	BO003	483	6	bra::cia]	bracia	_	_	_	_	_	linguistic	_	ContainsVariation=No	_	End=984.673	2x2	_	_	0-6(163)
484-0	BO003	484	0	>no	no	_	_	_	_	_	linguistic	_	ContainsVariation=No	_	Begin=985.127	_	Fast=0-2(0)	_	_
484-1	BO003	484	1	no	no	_	_	_	_	_	linguistic	_	ContainsVariation=No	_	_	_	Fast=0-2(0)	_	_
484-2	BO003	484	2	no<	no	_	_	_	_	_	linguistic	_	ContainsVariation=No	_	_	_	Fast=0-2(0)	_	_
484-3	BO003	484	3	per	per	_	_	_	_	_	linguistic	_	ContainsVariation=No	_	_	_	_	_	_
484-4	BO003	484	4	que:llo	quello	_	_	_	_	_	linguistic	_	ContainsVariation=No	_	_	2x1	_	_	_
484-5	BO003	484	5	proprio	proprio	_	_	_	_	_	linguistic	_	ContainsVariation=No	_	_	_	_	_	_
484-6	BO003	484	6	veramente	veramente	_	_	_	_	_	linguistic	_	ContainsVariation=No	_	End=987.298	_	_	_	_
485-0	BO003	485	0	>sì	sì	_	_	_	_	_	linguistic	_	ContainsVariation=No	_	Begin=988.483	_	Fast=0-2(0)	_	_
485-1	BO003	485	1	sì	sì	_	_	_	_	_	linguistic	_	ContainsVariation=No	_	_	_	Fast=0-2(0)	_	_
485-2	BO003	485	2	sì<	sì	_	_	_	_	_	linguistic	_	ContainsVariation=No	_	_	_	Fast=0-2(0)	_	_
485-3	BO003	485	3	un	un	_	_	_	_	_	linguistic	_	ContainsVariation=No	_	_	_	Slow=0-2(0)	_	_
485-4	BO003	485	4	gran	gran	_	_	_	_	_	linguistic	_	ContainsVariation=No	_	_	_	Slow=0-4(0)	_	_
485-5	BO003	485	5	bel	bel	_	_	_	_	_	linguistic	_	ContainsVariation=No	_	_	_	Slow=0-3(0)	_	_
485-6	BO003	485	6	ragazzo	ragazzo	_	_	_	_	_	linguistic	_	ContainsVariation=No	_	_	_	Slow=0-7(0)	_	_
485-7	BO003	485	7	>però	però	_	_	_	_	_	linguistic	_	ContainsVariation=No	_	_	_	Fast=0-4(1)	_	_
485-8	BO003	485	8	sì<	sì	_	_	_	_	_	linguistic	_	ContainsVariation=No	_	_	_	Fast=0-2(1)	_	_
485-9	BO003	485	9	molto	molto	_	_	_	_	_	linguistic	_	ContainsVariation=No	_	End=990.805	_	_	_	_
486-0	BO003	486	0	dive:rso	diverso	_	_	_	_	_	linguistic	_	ContainsVariation=No	_	Begin=991.296	3x1	_	_	_
486-1	BO003	486	1	>cioè	cioè	_	_	_	_	_	linguistic	_	ContainsVariation=No	_	_	_	Fast=0-4(0)	_	_
486-2	BO003	486	2	[magari<	magari	_	_	_	_	_	linguistic	_	ContainsVariation=No	_	_	_	Fast=0-6(0)	_	0-6(164)
486-3	BO003	486	3	non	non	_	_	_	_	_	linguistic	_	ContainsVariation=No	_	_	_	_	_	0-3(164)
486-4	BO003	486	4	un	un	_	_	_	_	_	linguistic	_	ContainsVariation=No	_	_	_	_	_	0-2(164)
486-5	BO003	486	5	i~]	i~	_	_	_	_	_	linguistic	_	ContainsVariation=No	Interrupted=Yes|PauseAfter=Yes	_	_	_	_	0-2(164)
486-6	BO003	486	6	(.)	(.)	_	_	_	_	_	shortpause	_	ContainsVariation=No	_	_	_	_	_	_
486-7	BO003	486	7	un	un	_	_	_	_	_	linguistic	_	ContainsVariation=No	_	_	_	_	_	_
486-8	BO003	486	8	nero	nero	_	_	_	_	_	linguistic	_	ContainsVariation=No	_	_	_	_	_	_
486-9	BO003	486	9	di	di	_	_	_	_	_	linguistic	_	ContainsVariation=No	_	_	_	_	_	_
486-10	BO003	486	10	seconda	seconda	_	_	_	_	_	linguistic	_	ContainsVariation=No	_	_	_	_	_	_
486-11	BO003	486	11	generazio:ne	generazione	_	_	_	_	_	linguistic	_	ContainsVariation=No	_	End=995.181	8x1	_	_	_
487-0	BO002	487	0	[eh].	eh	_	_	_	_	_	linguistic	_	ContainsVariation=No	Intonation=Falling	Begin=992.322|End=992.976	_	_	_	0-2(164)
488-0	BO003	488	0	che	che	_	_	_	_	_	linguistic	_	ContainsVariation=No	_	Begin=995.223	_	_	_	_
488-1	BO003	488	1	ha	ha	_	_	_	_	_	linguistic	_	ContainsVariation=No	_	_	_	_	_	_
488-2	BO003	488	2	fatto	fatto	_	_	_	_	_	linguistic	_	ContainsVariation=No	_	_	_	_	_	_
488-3	BO003	488	3	le	le	_	_	_	_	_	linguistic	_	ContainsVariation=No	_	_	_	_	_	_
488-4	BO003	488	4	scuole	scuole	_	_	_	_	_	linguistic	_	ContainsVariation=No	_	_	_	_	_	_
488-5	BO003	488	5	qua:	qua	_	_	_	_	_	linguistic	_	ContainsVariation=No	PauseAfter=Yes	_	2x1	_	_	_
488-6	BO003	488	6	(.)	(.)	_	_	_	_	_	shortpause	_	ContainsVariation=No	_	_	_	_	_	_
488-7	BO003	488	7	proprio:	proprio	_	_	_	_	_	linguistic	_	ContainsVariation=No	_	_	6x1	_	_	_
488-8	BO003	488	8	arri[va:to::]	arrivato	_	_	_	_	_	linguistic	_	ContainsVariation=No	_	End=998.248	5x1,7x2	_	_	4-8(165)
489-0	BO002	489	0	[eh.	eh	_	_	_	_	_	linguistic	_	ContainsVariation=No	Intonation=Falling	Begin=997.496	_	_	_	0-2(165)
489-1	BO002	489	1	ce:rto]	certo	_	_	_	_	_	linguistic	_	ContainsVariation=No	_	End=998.257	1x1	_	_	0-5(165)
490-0	BO003	490	0	però:	però	_	_	_	_	_	linguistic	_	ContainsVariation=No	_	Begin=999.199	3x1	_	_	_
490-1	BO003	490	1	lui	lui	_	_	_	_	_	linguistic	_	ContainsVariation=No	_	_	_	_	_	_
490-2	BO003	490	2	un	un	_	_	_	_	_	linguistic	_	ContainsVariation=No	_	_	_	_	_	_
490-3	BO003	490	3	bel	bel	_	_	_	_	_	linguistic	_	ContainsVariation=No	_	End=1000.299	_	_	_	_
491-0	BO002	491	0	ma	ma	_	_	_	_	_	linguistic	_	ContainsVariation=No	_	Begin=1000.317	_	_	_	_
491-1	BO002	491	1	sono	sono	_	_	_	_	_	linguistic	_	ContainsVariation=No	_	_	_	_	_	_
491-2	BO002	491	2	stati	stati	_	_	_	_	_	linguistic	_	ContainsVariation=No	_	_	_	_	_	_
491-3	BO002	491	3	ta:nto	tanto	_	_	_	_	_	linguistic	_	ContainsVariation=No	_	_	1x1	_	_	_
491-4	BO002	491	4	insieme?	insieme	_	_	_	_	_	linguistic	_	ContainsVariation=No	Intonation=Rising	End=1002.14	_	_	_	_
492-0	BO003	492	0	allora	allora	_	_	_	_	_	linguistic	_	ContainsVariation=No	_	Begin=1004.122	_	_	_	_
492-1	BO003	492	1	(>adess~	adess~	_	_	_	_	_	linguistic	_	ContainsVariation=No	Interrupted=Yes	_	_	Fast=0-6(0)	0-6(0)	_
492-2	BO003	492	2	sono:	sono	_	_	_	_	_	linguistic	_	ContainsVariation=No	_	_	3x1	Fast=0-4(0)	0-4(0)	_
492-3	BO003	492	3	i<)	i	_	_	_	_	_	linguistic	_	ContainsVariation=No	_	_	_	Fast=0-1(0)	0-1(0)	_
492-4	BO003	492	4	stati	stati	_	_	_	_	_	linguistic	_	ContainsVariation=No	_	_	_	_	_	_
492-5	BO003	492	5	insieme	insieme	_	_	_	_	_	linguistic	_	ContainsVariation=No	_	_	_	_	_	_
492-6	BO003	492	6	due	due	_	_	_	_	_	linguistic	_	ContainsVariation=No	_	_	_	_	_	_
492-7	BO003	492	7	a:nni,	anni	_	_	_	_	_	linguistic	_	ContainsVariation=No	Intonation=WeaklyRising	End=1006.594	0x1	_	_	_
493-0	BO002	493	0	ah,	ah	_	_	_	_	_	linguistic	_	ContainsVariation=No	Intonation=WeaklyRising	Begin=1006.763|End=1007.304	_	_	_	_
494-0	BO003	494	0	poi	poi	_	_	_	_	_	linguistic	_	ContainsVariation=No	_	Begin=1007.494	_	_	_	_
494-1	BO003	494	1	se[con~]	secon~	_	_	_	_	_	linguistic	_	ContainsVariation=No	Interrupted=Yes	End=1008.186	_	_	_	2-6(166)
495-0	BO002	495	0	[tan]ta	tanta	_	_	_	_	_	linguistic	_	ContainsVariation=No	_	Begin=1007.84	_	_	_	0-3(166)
495-1	BO002	495	1	ro:ba,	roba	_	_	_	_	_	linguistic	_	ContainsVariation=No	Intonation=WeaklyRising	End=1008.828	1x1	_	_	_
496-0	BO003	496	0	sì	sì	_	_	_	_	_	linguistic	_	ContainsVariation=No	_	Begin=1008.822	_	_	_	_
496-1	BO003	496	1	sì	sì	_	_	_	_	_	linguistic	_	ContainsVariation=No	_	_	_	_	_	_
496-2	BO003	496	2	sì.	sì	_	_	_	_	_	linguistic	_	ContainsVariation=No	Intonation=Falling	End=1009.653	_	_	_	_
497-0	BO003	497	0	poi	poi	_	_	_	_	_	linguistic	_	ContainsVariation=No	_	Begin=1010.296	_	_	_	_
497-1	BO003	497	1	secondo	secondo	_	_	_	_	_	linguistic	_	ContainsVariation=No	_	_	_	_	_	_
497-2	BO003	497	2	me	me	_	_	_	_	_	linguistic	_	ContainsVariation=No	_	_	_	_	_	_
497-3	BO003	497	3	<lui>,	lui	_	_	_	_	_	linguistic	_	ContainsVariation=No	Intonation=WeaklyRising	End=1011.78	_	Slow=0-3(0)	_	_
498-0	BO003	498	0	e::	e	_	_	_	_	_	linguistic	_	ContainsVariation=No	_	Begin=1012.318|End=1012.92	0x2	_	_	_
499-0	BO003	499	0	l'	l'	_	_	_	_	_	linguistic	_	ContainsVariation=No	SpaceAfter=No	Begin=1013.828	_	_	_	_
499-1	BO003	499	1	ha	ha	_	_	_	_	_	linguistic	_	ContainsVariation=No	_	_	_	_	_	_
499-2	BO003	499	2	un	un	_	_	_	_	_	linguistic	_	ContainsVariation=No	_	_	_	_	_	_
499-3	BO003	499	3	po'::	po'	_	_	_	_	_	linguistic	_	ContainsVariation=No	_	End=1014.95	1x2	_	_	_
500-0	BO003	500	0	cioè	cioè	_	_	_	_	_	linguistic	_	ContainsVariation=No	_	Begin=1015.044	_	_	_	_
500-1	BO003	500	1	sen~	sen~	_	_	_	_	_	linguistic	_	ContainsVariation=No	Interrupted=Yes	_	_	_	_	_
500-2	BO003	500	2	cioè	cioè	_	_	_	_	_	linguistic	_	ContainsVariation=No	_	_	_	_	_	_
500-3	BO003	500	3	l'	l'	_	_	_	_	_	linguistic	_	ContainsVariation=No	SpaceAfter=No	_	_	_	_	_
500-4	BO003	500	4	ha	ha	_	_	_	_	_	linguistic	_	ContainsVariation=No	PauseAfter=Yes	_	_	_	_	_
500-5	BO003	500	5	(.)	(.)	_	_	_	_	_	shortpause	_	ContainsVariation=No	_	_	_	_	_	_
500-6	BO003	500	6	cominciata	cominciata	_	_	_	_	_	linguistic	_	ContainsVariation=No	_	_	_	_	_	_
500-7	BO003	500	7	a	a	_	_	_	_	_	linguistic	_	ContainsVariation=No	_	_	_	_	_	_
500-8	BO003	500	8	considerare	considerare	_	_	_	_	_	linguistic	_	ContainsVariation=No	_	_	_	_	_	_
500-9	BO003	500	9	sempre	sempre	_	_	_	_	_	linguistic	_	ContainsVariation=No	_	_	_	_	_	_
500-10	BO003	500	10	me:no,	meno	_	_	_	_	_	linguistic	_	ContainsVariation=No	Intonation=WeaklyRising	_	1x1	_	_	_
500-11	BO003	500	11	ed	ed	_	_	_	_	_	linguistic	_	ContainsVariation=No	_	_	_	_	_	_
500-12	BO003	500	12	è	è	_	_	_	_	_	linguistic	_	ContainsVariation=No	_	_	_	_	_	_
500-13	BO003	500	13	finita	finita	_	_	_	_	_	linguistic	_	ContainsVariation=No	_	_	_	_	_	_
500-14	BO003	500	14	così.	così	_	_	_	_	_	linguistic	_	ContainsVariation=No	Intonation=Falling	End=1018.627	_	_	_	_
501-0	BO003	501	0	>e	e	_	_	_	_	_	linguistic	_	ContainsVariation=No	_	Begin=1019.468	_	Fast=0-1(0)	_	_
501-1	BO003	501	1	ora<	ora	_	_	_	_	_	linguistic	_	ContainsVariation=No	_	_	_	Fast=0-3(0)	_	_
501-2	BO003	501	2	lei	lei	_	_	_	_	_	linguistic	_	ContainsVariation=No	_	_	_	_	_	_
501-3	BO003	501	3	sta	sta	_	_	_	_	_	linguistic	_	ContainsVariation=No	_	_	_	_	_	_
501-4	BO003	501	4	con	con	_	_	_	_	_	linguistic	_	ContainsVariation=No	_	_	_	_	_	_
501-5	BO003	501	5	questo.	questo	_	_	_	_	_	linguistic	_	ContainsVariation=No	Intonation=Falling	End=1020.79	_	_	_	_
502-0	BO003	502	0	ìpensa	ìpensa	_	_	_	_	_	linguistic	_	ContainsVariation=No	_	Begin=1022.599	_	_	_	_
502-1	BO003	502	1	te	te	_	_	_	_	_	linguistic	_	ContainsVariation=No	_	_	_	_	_	_
502-2	BO003	502	2	((ride))	((ride))	_	_	_	_	_	nonverbalbehavior	_	ContainsVariation=No	_	End=1023.244	_	_	_	_
503-0	BO002	503	0	mh	mh	_	_	_	_	_	linguistic	_	ContainsVariation=No	_	Begin=1023.298|End=1023.724	_	_	_	_
504-0	BO003	504	0	ma	ma	_	_	_	_	_	linguistic	_	ContainsVariation=No	_	Begin=1024.173	_	_	_	_
504-1	BO003	504	1	da	da	_	_	_	_	_	linguistic	_	ContainsVariation=No	_	_	_	_	_	_
504-2	BO003	504	2	quel	quel	_	_	_	_	_	linguistic	_	ContainsVariation=No	_	_	_	_	_	_
504-3	BO003	504	3	pu~	pu~	_	_	_	_	_	linguistic	_	ContainsVariation=No	Interrupted=Yes	_	_	_	_	_
504-4	BO003	504	4	come	come	_	_	_	_	_	linguistic	_	ContainsVariation=No	_	_	_	_	_	_
504-5	BO003	504	5	>xxx<	xxx	_	_	_	_	_	unknown	_	ContainsVariation=No	Syllables=3	_	_	Fast=0-3(0)	_	_
504-6	BO003	504	6	<visivo>	visivo	_	_	_	_	_	linguistic	_	ContainsVariation=No	PauseAfter=Yes	_	_	Slow=0-6(0)	_	_
504-7	BO003	504	7	(.)	(.)	_	_	_	_	_	shortpause	_	ContainsVariation=No	_	_	_	_	_	_
504-8	BO003	504	8	l'	l'	_	_	_	_	_	linguistic	_	ContainsVariation=No	SpaceAfter=No	_	_	_	_	_
504-9	BO003	504	9	altro	altro	_	_	_	_	_	linguistic	_	ContainsVariation=No	ProsodicLink=Yes	_	_	_	_	_
504-10	BO003	504	10	era	era	_	_	_	_	_	linguistic	_	ContainsVariation=No	_	_	_	_	_	_
504-11	BO003	504	11	((ride))	((ride))	_	_	_	_	_	nonverbalbehavior	_	ContainsVariation=No	_	End=1027.69	_	_	_	_
505-0	BO002	505	0	eh	eh	_	_	_	_	_	linguistic	_	ContainsVariation=No	_	Begin=1028.906	_	_	_	_
505-1	BO002	505	1	vabbè	vabbè	_	_	_	_	_	linguistic	_	ContainsVariation=No	PauseAfter=Yes	_	_	_	_	_
505-2	BO002	505	2	(.)	(.)	_	_	_	_	_	shortpause	_	ContainsVariation=No	_	_	_	_	_	_
505-3	BO002	505	3	l'	l'	_	_	_	_	_	linguistic	_	ContainsVariation=No	SpaceAfter=No	_	_	_	_	_
505-4	BO002	505	4	amore	amore	_	_	_	_	_	linguistic	_	ContainsVariation=No	_	_	_	_	_	_
505-5	BO002	505	5	è	è	_	_	_	_	_	linguistic	_	ContainsVariation=No	_	_	_	_	_	_
505-6	BO002	505	6	cie:[co]	cieco	_	_	_	_	_	linguistic	_	ContainsVariation=No	_	End=1031.223	2x1	_	_	3-5(168)
506-0	BO003	506	0	[è	è	_	_	_	_	_	linguistic	_	ContainsVariation=No	_	Begin=1030.567	_	_	_	0-1(168)
506-1	BO003	506	1	cieco]	cieco	_	_	_	_	_	linguistic	_	ContainsVariation=No	_	_	_	_	_	0-5(168)
506-2	BO003	506	2	((ride))	((ride))	_	_	_	_	_	nonverbalbehavior	_	ContainsVariation=No	_	End=1031.228	_	_	_	_
507-0	BO003	507	0	e	e	_	_	_	_	_	linguistic	_	ContainsVariation=No	_	Begin=1032.637	_	_	_	_
507-1	BO003	507	1	questo	questo	_	_	_	_	_	linguistic	_	ContainsVariation=No	_	_	_	_	_	_
507-2	BO003	507	2	sì.	sì	_	_	_	_	_	linguistic	_	ContainsVariation=No	Intonation=Falling	_	_	_	_	_
507-3	BO003	507	3	è	è	_	_	_	_	_	linguistic	_	ContainsVariation=No	_	_	_	_	_	_
507-4	BO003	507	4	nuovissimo	nuovissimo	_	_	_	_	_	linguistic	_	ContainsVariation=No	_	End=1034.336	_	_	_	_
508-0	BO003	508	0	perché	perché	_	_	_	_	_	linguistic	_	ContainsVariation=No	_	Begin=1035.788	_	_	_	_
508-1	BO003	508	1	ogni	ogni	_	_	_	_	_	linguistic	_	ContainsVariation=No	_	_	_	_	_	_
508-2	BO003	508	2	tanto	tanto	_	_	_	_	_	linguistic	_	ContainsVariation=No	_	_	_	_	_	_
508-3	BO003	508	3	lei	lei	_	_	_	_	_	linguistic	_	ContainsVariation=No	_	_	_	_	_	_
508-4	BO003	508	4	cambia	cambia	_	_	_	_	_	linguistic	_	ContainsVariation=No	_	_	_	_	_	_
508-5	BO003	508	5	foto	foto	_	_	_	_	_	linguistic	_	ContainsVariation=No	_	_	_	_	_	_
508-6	BO003	508	6	profilo	profilo	_	_	_	_	_	linguistic	_	ContainsVariation=No	_	_	_	_	_	_
508-7	BO003	508	7	di:	di	_	_	_	_	_	linguistic	_	ContainsVariation=No	_	_	1x1	_	_	_
508-8	BO003	508	8	whatsapp	whatsapp	_	_	_	_	_	linguistic	_	ContainsVariation=No	_	_	_	_	_	_
508-9	BO003	508	9	la	la	_	_	_	_	_	linguistic	_	ContainsVariation=No	_	_	_	_	_	_
508-10	BO003	508	10	vedi	vedi	_	_	_	_	_	linguistic	_	ContainsVariation=No	_	_	_	_	_	_
508-11	BO003	508	11	con	con	_	_	_	_	_	linguistic	_	ContainsVariation=No	_	_	_	_	_	_
508-12	BO003	508	12	uno	uno	_	_	_	_	_	linguistic	_	ContainsVariation=No	_	_	_	_	_	_
508-13	BO003	508	13	>cioè	cioè	_	_	_	_	_	linguistic	_	ContainsVariation=No	_	_	_	Fast=0-4(0)	_	_
508-14	BO003	508	14	cavolo<	cavolo	_	_	_	_	_	linguistic	_	ContainsVariation=No	_	_	_	Fast=0-6(0)	_	_
508-15	BO003	508	15	quello	quello	_	_	_	_	_	linguistic	_	ContainsVariation=No	_	_	_	_	_	_
508-16	BO003	508	16	nuovo	nuovo	_	_	_	_	_	linguistic	_	ContainsVariation=No	_	_	_	_	_	_
508-17	BO003	508	17	((ride))	((ride))	_	_	_	_	_	nonverbalbehavior	_	ContainsVariation=No	_	End=1040.582	_	_	_	_
509-0	BO002	509	0	((ride))	((ride))	_	_	_	_	_	nonverbalbehavior	_	ContainsVariation=No	_	Begin=1040.43|End=1041.678	_	_	_	_
510-0	BO003	510	0	però	però	_	_	_	_	_	linguistic	_	ContainsVariation=No	_	Begin=1041.788	_	_	_	_
510-1	BO003	510	1	sì	sì	_	_	_	_	_	linguistic	_	ContainsVariation=No	_	_	_	_	_	_
510-2	BO003	510	2	lei	lei	_	_	_	_	_	linguistic	_	ContainsVariation=No	_	_	_	_	_	_
510-3	BO003	510	3	è	è	_	_	_	_	_	linguistic	_	ContainsVariation=No	_	_	_	_	_	_
510-4	BO003	510	4	molto	molto	_	_	_	_	_	linguistic	_	ContainsVariation=No	_	_	_	_	_	_
510-5	BO003	510	5	riservata	riservata	_	_	_	_	_	linguistic	_	ContainsVariation=No	_	_	_	_	_	_
510-6	BO003	510	6	da	da	_	_	_	_	_	linguistic	_	ContainsVariation=No	_	_	_	_	_	_
510-7	BO003	510	7	ques~	ques~	_	_	_	_	_	linguistic	_	ContainsVariation=No	Interrupted=Yes	_	_	_	_	_
510-8	BO003	510	8	da	da	_	_	_	_	_	linguistic	_	ContainsVariation=No	_	_	_	_	_	_
510-9	BO003	510	9	questo	questo	_	_	_	_	_	linguistic	_	ContainsVariation=No	_	_	_	_	_	_
510-10	BO003	510	10	punto	punto	_	_	_	_	_	linguistic	_	ContainsVariation=No	_	_	_	_	_	_
510-11	BO003	510	11	di	di	_	_	_	_	_	linguistic	_	ContainsVariation=No	_	_	_	_	_	_
510-12	BO003	510	12	vista	vista	_	_	_	_	_	linguistic	_	ContainsVariation=No	_	_	_	_	_	_
510-13	BO003	510	13	quindi	quindi	_	_	_	_	_	linguistic	_	ContainsVariation=No	_	_	_	_	_	_
510-14	BO003	510	14	io	io	_	_	_	_	_	linguistic	_	ContainsVariation=No	_	_	_	_	_	_
510-15	BO003	510	15	non	non	_	_	_	_	_	linguistic	_	ContainsVariation=No	_	_	_	_	_	_
510-16	BO003	510	16	chiedo	chiedo	_	_	_	_	_	linguistic	_	ContainsVariation=No	_	End=1045.857	_	_	_	_
511-0	BO002	511	0	eh	eh	_	_	_	_	_	linguistic	_	ContainsVariation=No	_	Begin=1049.689	_	_	_	_
511-1	BO002	511	1	vabbè.	vabbè	_	_	_	_	_	linguistic	_	ContainsVariation=No	Intonation=Falling	End=1050.236	_	_	_	_
512-0	BO002	512	0	se	se	_	_	_	_	_	linguistic	_	ContainsVariation=No	_	Begin=1052.198	_	_	_	_
512-1	BO002	512	1	lei	lei	_	_	_	_	_	linguistic	_	ContainsVariation=No	_	_	_	_	_	_
512-2	BO002	512	2	ci	ci	_	_	_	_	_	linguistic	_	ContainsVariation=No	_	_	_	_	_	_
512-3	BO002	512	3	sta	sta	_	_	_	_	_	linguistic	_	ContainsVariation=No	_	_	_	_	_	_
512-4	BO002	512	4	be:[ne]	bene	_	_	_	_	_	linguistic	_	ContainsVariation=No	_	End=1053.74	1x1	_	_	2-4(170)
513-0	BO003	513	0	[(>cioè<)]	cioè	_	_	_	_	_	linguistic	_	ContainsVariation=No	_	Begin=1053.623	_	Fast=0-4(0)	0-4(0)	0-4(170)
513-1	BO003	513	1	lei	lei	_	_	_	_	_	linguistic	_	ContainsVariation=No	_	_	_	_	_	_
513-2	BO003	513	2	ci	ci	_	_	_	_	_	linguistic	_	ContainsVariation=No	_	_	_	_	_	_
513-3	BO003	513	3	sta	sta	_	_	_	_	_	linguistic	_	ContainsVariation=No	_	_	_	_	_	_
513-4	BO003	513	4	bene	bene	_	_	_	_	_	linguistic	_	ContainsVariation=No	_	End=1054.89	_	_	_	_
514-0	BO003	514	0	sì	sì	_	_	_	_	_	linguistic	_	ContainsVariation=No	_	Begin=1055.934	_	_	_	_
514-1	BO003	514	1	sì.	sì	_	_	_	_	_	linguistic	_	ContainsVariation=No	Intonation=Falling|PauseAfter=Yes	_	_	_	_	_
514-2	BO003	514	2	(.)	(.)	_	_	_	_	_	shortpause	_	ContainsVariation=No	_	_	_	_	_	_
514-3	BO003	514	3	no	no	_	_	_	_	_	linguistic	_	ContainsVariation=No	_	_	_	_	_	_
514-4	BO003	514	4	ma	ma	_	_	_	_	_	linguistic	_	ContainsVariation=No	_	_	_	_	_	_
514-5	BO003	514	5	infatti	infatti	_	_	_	_	_	linguistic	_	ContainsVariation=No	_	_	_	_	_	_
514-6	BO003	514	6	io	io	_	_	_	_	_	linguistic	_	ContainsVariation=No	_	_	_	_	_	_
514-7	BO003	514	7	proprio:	proprio	_	_	_	_	_	linguistic	_	ContainsVariation=No	_	End=1058.103	6x1	_	_	_
515-0	BO003	515	0	sono	sono	_	_	_	_	_	linguistic	_	ContainsVariation=No	_	Begin=1059.052	_	_	_	_
515-1	BO003	515	1	conte:nta	contenta	_	_	_	_	_	linguistic	_	ContainsVariation=No	_	_	4x1	_	_	_
515-2	BO003	515	2	per	per	_	_	_	_	_	linguistic	_	ContainsVariation=No	_	_	_	_	_	_
515-3	BO003	515	3	lei	lei	_	_	_	_	_	linguistic	_	ContainsVariation=No	_	End=1060.719	_	_	_	_
516-0	BO003	516	0	però	però	_	_	_	_	_	linguistic	_	ContainsVariation=No	_	Begin=1061.571	_	_	_	_
516-1	BO003	516	1	sì.	sì	_	_	_	_	_	linguistic	_	ContainsVariation=No	Intonation=Falling	_	_	_	_	_
516-2	BO003	516	2	non	non	_	_	_	_	_	linguistic	_	ContainsVariation=No	_	_	_	_	_	_
516-3	BO003	516	3	è	è	_	_	_	_	_	linguistic	_	ContainsVariation=No	_	_	_	_	_	_
516-4	BO003	516	4	il	il	_	_	_	_	_	linguistic	_	ContainsVariation=No	_	_	_	_	_	_
516-5	BO003	516	5	mio	mio	_	_	_	_	_	linguistic	_	ContainsVariation=No	_	_	_	_	_	_
516-6	BO003	516	6	tipo	tipo	_	_	_	_	_	linguistic	_	ContainsVariation=No	_	End=1062.857	_	_	_	_
517-0	BO003	517	0	ma	ma	_	_	_	_	_	linguistic	_	ContainsVariation=No	_	Begin=1063.571	_	_	_	_
517-1	BO003	517	1	non	non	_	_	_	_	_	linguistic	_	ContainsVariation=No	_	_	_	_	_	_
517-2	BO003	517	2	era	era	_	_	_	_	_	linguistic	_	ContainsVariation=No	_	_	_	_	_	_
517-3	BO003	517	3	il	il	_	_	_	_	_	linguistic	_	ContainsVariation=No	_	_	_	_	_	_
517-4	BO003	517	4	mio	mio	_	_	_	_	_	linguistic	_	ContainsVariation=No	_	_	_	_	_	_
517-5	BO003	517	5	tipo	tipo	_	_	_	_	_	linguistic	_	ContainsVariation=No	_	_	_	_	_	_
517-6	BO003	517	6	neanche	neanche	_	_	_	_	_	linguistic	_	ContainsVariation=No	_	_	_	_	_	_
517-7	BO003	517	7	quello	quello	_	_	_	_	_	linguistic	_	ContainsVariation=No	_	_	_	_	_	_
517-8	BO003	517	8	prima.	prima	_	_	_	_	_	linguistic	_	ContainsVariation=No	Intonation=Falling	_	_	_	_	_
517-9	BO003	517	9	per	per	_	_	_	_	_	linguistic	_	ContainsVariation=No	_	_	_	_	_	_
517-10	BO003	517	10	quanto	quanto	_	_	_	_	_	linguistic	_	ContainsVariation=No	PauseAfter=Yes	_	_	_	_	_
517-11	BO003	517	11	(.)	(.)	_	_	_	_	_	shortpause	_	ContainsVariation=No	_	_	_	_	_	_
517-12	BO003	517	12	potesse	potesse	_	_	_	_	_	linguistic	_	ContainsVariation=No	_	_	_	_	_	_
517-13	BO003	517	13	essere	essere	_	_	_	_	_	linguistic	_	ContainsVariation=No	_	_	_	_	_	_
517-14	BO003	517	14	fi:go,	figo	_	_	_	_	_	linguistic	_	ContainsVariation=No	Intonation=WeaklyRising	_	1x1	_	_	_
517-15	BO003	517	15	non	non	_	_	_	_	_	linguistic	_	ContainsVariation=No	_	_	_	_	_	_
517-16	BO003	517	16	era	era	_	_	_	_	_	linguistic	_	ContainsVariation=No	_	_	_	_	_	_
517-17	BO003	517	17	il	il	_	_	_	_	_	linguistic	_	ContainsVariation=No	_	_	_	_	_	_
517-18	BO003	517	18	mio	mio	_	_	_	_	_	linguistic	_	ContainsVariation=No	_	_	_	_	_	_
517-19	BO003	517	19	tipo.	tipo	_	_	_	_	_	linguistic	_	ContainsVariation=No	Intonation=Falling	End=1068.438	_	_	_	_
518-0	BO002	518	0	no	no	_	_	_	_	_	linguistic	_	ContainsVariation=No	_	Begin=1069.115	_	_	_	_
518-1	BO002	518	1	no	no	_	_	_	_	_	linguistic	_	ContainsVariation=No	_	_	_	_	_	_
518-2	BO002	518	2	infa:tti	infatti	_	_	_	_	_	linguistic	_	ContainsVariation=No	_	End=1070.536	3x1	_	_	_
519-0	BO002	519	0	ma	ma	_	_	_	_	_	linguistic	_	ContainsVariation=No	_	Begin=1072.79	_	_	_	_
519-1	BO002	519	1	te	te	_	_	_	_	_	linguistic	_	ContainsVariation=No	_	_	_	_	_	_
519-2	BO002	519	2	se	se	_	_	_	_	_	linguistic	_	ContainsVariation=No	_	_	_	_	_	_
519-3	BO002	519	3	avessi	avessi	_	_	_	_	_	linguistic	_	ContainsVariation=No	_	_	_	_	_	_
519-4	BO002	519	4	un	un	_	_	_	_	_	linguistic	_	ContainsVariation=No	_	_	_	_	_	_
519-5	BO002	519	5	ragazzo	ragazzo	_	_	_	_	_	linguistic	_	ContainsVariation=No	_	_	_	_	_	_
519-6	BO002	519	6	che	che	_	_	_	_	_	linguistic	_	ContainsVariation=No	_	_	_	_	_	_
519-7	BO002	519	7	ave~	ave~	_	_	_	_	_	linguistic	_	ContainsVariation=No	Interrupted=Yes	_	_	_	_	_
519-8	BO002	519	8	che	che	_	_	_	_	_	linguistic	_	ContainsVariation=No	_	_	_	_	_	_
519-9	BO002	519	9	ha	ha	_	_	_	_	_	linguistic	_	ContainsVariation=No	_	_	_	_	_	_
519-10	BO002	519	10	un'	un'	_	_	_	_	_	linguistic	_	ContainsVariation=No	SpaceAfter=No	_	_	_	_	_
519-11	BO002	519	11	ex,	ex	_	_	_	_	_	linguistic	_	ContainsVariation=No	Intonation=WeaklyRising	End=1076.091	_	_	_	_
520-0	BO002	520	0	saresti::	saresti	_	_	_	_	_	linguistic	_	ContainsVariation=No	_	Begin=1076.415	6x2	_	_	_
520-1	BO002	520	1	>cioè<	cioè	_	_	_	_	_	linguistic	_	ContainsVariation=No	_	_	_	Fast=0-4(0)	_	_
520-2	BO002	520	2	la	la	_	_	_	_	_	linguistic	_	ContainsVariation=No	_	_	_	Slow=0-2(0)	_	_
520-3	BO002	520	3	odieresti	odieresti	_	_	_	_	_	linguistic	_	ContainsVariation=No	_	_	_	Slow=0-9(0)	_	_
520-4	BO002	520	4	lei,	lei	_	_	_	_	_	linguistic	_	ContainsVariation=No	Intonation=WeaklyRising	_	_	Slow=0-3(0)	_	_
520-5	BO002	520	5	o	o	_	_	_	_	_	linguistic	_	ContainsVariation=No	_	_	_	Slow=0-1(0)	_	_
520-6	BO002	520	6	(>così<)	così	_	_	_	_	_	linguistic	_	ContainsVariation=No	PauseAfter=Yes	_	_	Fast=0-4(1)	0-4(0)	_
520-7	BO002	520	7	(.)	(.)	_	_	_	_	_	shortpause	_	ContainsVariation=No	_	_	_	_	_	_
520-8	BO002	520	8	sì,	sì	_	_	_	_	_	linguistic	_	ContainsVariation=No	Intonation=WeaklyRising	End=1079.658	_	_	_	_
521-0	BO003	521	0	>cioè<	cioè	_	_	_	_	_	linguistic	_	ContainsVariation=No	_	Begin=1079.896	_	Fast=0-4(0)	_	_
521-1	BO003	521	1	dipende	dipende	_	_	_	_	_	linguistic	_	ContainsVariation=No	_	End=1081.045	_	_	_	_
522-0	BO003	522	0	se:	se	_	_	_	_	_	linguistic	_	ContainsVariation=No	_	Begin=1081.216|End=1081.965	1x1	_	_	_
523-0	BO003	523	0	è	è	_	_	_	_	_	linguistic	_	ContainsVariation=No	_	Begin=1083.506	_	_	_	_
523-1	BO003	523	1	proprio	proprio	_	_	_	_	_	linguistic	_	ContainsVariation=No	_	End=1084.528	_	_	_	_
524-0	BO003	524	0	>cioè<	cioè	_	_	_	_	_	linguistic	_	ContainsVariation=No	PauseAfter=Yes	Begin=1085.252	_	Fast=0-4(0)	_	_
524-1	BO003	524	1	(.)	(.)	_	_	_	_	_	shortpause	_	ContainsVariation=No	_	_	_	_	_	_
524-2	BO003	524	2	non	non	_	_	_	_	_	linguistic	_	ContainsVariation=No	PauseAfter=Yes	_	_	_	_	_
524-3	BO003	524	3	(.)	(.)	_	_	_	_	_	shortpause	_	ContainsVariation=No	_	_	_	_	_	_
524-4	BO003	524	4	sicuramente	sicuramente	_	_	_	_	_	linguistic	_	ContainsVariation=No	_	_	_	_	_	_
524-5	BO003	524	5	non	non	_	_	_	_	_	linguistic	_	ContainsVariation=No	_	_	_	_	_	_
524-6	BO003	524	6	diventerei	diventerei	_	_	_	_	_	linguistic	_	ContainsVariation=No	_	_	_	_	_	_
524-7	BO003	524	7	la	la	_	_	_	_	_	linguistic	_	ContainsVariation=No	_	_	_	_	_	_
524-8	BO003	524	8	sua	sua	_	_	_	_	_	linguistic	_	ContainsVariation=No	_	_	_	_	_	_
524-9	BO003	524	9	migliore	migliore	_	_	_	_	_	linguistic	_	ContainsVariation=No	_	_	_	_	_	_
524-10	BO003	524	10	amica.	amica	_	_	_	_	_	linguistic	_	ContainsVariation=No	Intonation=Falling	End=1089.298	_	_	_	_
525-0	BO003	525	0	terrei	terrei	_	_	_	_	_	linguistic	_	ContainsVariation=No	_	Begin=1090.211	_	_	_	_
525-1	BO003	525	1	le	le	_	_	_	_	_	linguistic	_	ContainsVariation=No	_	_	_	_	_	_
525-2	BO003	525	2	distanze	distanze	_	_	_	_	_	linguistic	_	ContainsVariation=No	_	End=1091.43	_	_	_	_
526-0	BO003	526	0	però	però	_	_	_	_	_	linguistic	_	ContainsVariation=No	PauseAfter=Yes	Begin=1092.47	_	_	_	_
526-1	BO003	526	1	(.)	(.)	_	_	_	_	_	shortpause	_	ContainsVariation=No	_	_	_	_	_	_
526-2	BO003	526	2	se	se	_	_	_	_	_	linguistic	_	ContainsVariation=No	_	_	_	_	_	_
526-3	BO003	526	3	fosse	fosse	_	_	_	_	_	linguistic	_	ContainsVariation=No	_	_	_	_	_	_
526-4	BO003	526	4	una	una	_	_	_	_	_	linguistic	_	ContainsVariation=No	_	_	_	_	_	_
526-5	BO003	526	5	rottura	rottura	_	_	_	_	_	linguistic	_	ContainsVariation=No	_	_	_	_	_	_
526-6	BO003	526	6	proprio	proprio	_	_	_	_	_	linguistic	_	ContainsVariation=No	_	_	_	_	_	_
526-7	BO003	526	7	di	di	_	_	_	_	_	linguistic	_	ContainsVariation=No	_	_	_	_	_	_
526-8	BO003	526	8	quelle::	quelle	_	_	_	_	_	linguistic	_	ContainsVariation=No	_	End=1095.771	5x2	_	_	_
527-0	BO003	527	0	<tota:li>	totali	_	_	_	_	_	linguistic	_	ContainsVariation=No	_	Begin=1096.557	3x1	Slow=0-6(0)	_	_
527-1	BO003	527	1	cioè	cioè	_	_	_	_	_	linguistic	_	ContainsVariation=No	_	_	_	_	_	_
527-2	BO003	527	2	nel	nel	_	_	_	_	_	linguistic	_	ContainsVariation=No	_	_	_	_	_	_
527-3	BO003	527	3	come	come	_	_	_	_	_	linguistic	_	ContainsVariation=No	_	_	_	_	_	_
527-4	BO003	527	4	nel	nel	_	_	_	_	_	linguistic	_	ContainsVariation=No	_	_	_	_	_	_
527-5	BO003	527	5	tuo	tuo	_	_	_	_	_	linguistic	_	ContainsVariation=No	_	_	_	_	_	_
527-6	BO003	527	6	caso,	caso	_	_	_	_	_	linguistic	_	ContainsVariation=No	Intonation=WeaklyRising|PauseAfter=Yes	_	_	_	_	_
527-7	BO003	527	7	(.)	(.)	_	_	_	_	_	shortpause	_	ContainsVariation=No	_	_	_	_	_	_
527-8	BO003	527	8	starei	starei	_	_	_	_	_	linguistic	_	ContainsVariation=No	_	_	_	_	_	_
527-9	BO003	527	9	tranquilla	tranquilla	_	_	_	_	_	linguistic	_	ContainsVariation=No	_	_	_	_	_	_
527-10	BO003	527	10	[nel	nel	_	_	_	_	_	linguistic	_	ContainsVariation=No	_	_	_	_	_	0-3(171)
527-11	BO003	527	11	senso]	senso	_	_	_	_	_	linguistic	_	ContainsVariation=No	_	End=1101.222	_	_	_	0-5(171)
528-0	BO002	528	0	[eh.	eh	_	_	_	_	_	linguistic	_	ContainsVariation=No	Intonation=Falling	Begin=1100.55	_	_	_	0-2(171)
528-1	BO002	528	1	infatti]	infatti	_	_	_	_	_	linguistic	_	ContainsVariation=No	_	End=1101.219	_	_	_	0-7(171)
529-0	BO003	529	0	cioè	cioè	_	_	_	_	_	linguistic	_	ContainsVariation=No	_	Begin=1101.939	_	_	_	_
529-1	BO003	529	1	non	non	_	_	_	_	_	linguistic	_	ContainsVariation=No	_	_	_	_	_	_
529-2	BO003	529	2	mi	mi	_	_	_	_	_	linguistic	_	ContainsVariation=No	_	_	_	_	_	_
529-3	BO003	529	3	non	non	_	_	_	_	_	linguistic	_	ContainsVariation=No	_	_	_	_	_	_
529-4	BO003	529	4	mi	mi	_	_	_	_	_	linguistic	_	ContainsVariation=No	_	_	_	_	_	_
529-5	BO003	529	5	metterei	metterei	_	_	_	_	_	linguistic	_	ContainsVariation=No	_	_	_	_	_	_
529-6	BO003	529	6	>il	il	_	_	_	_	_	linguistic	_	ContainsVariation=No	_	_	_	Fast=0-2(0)	_	_
529-7	BO003	529	7	problema<	problema	_	_	_	_	_	linguistic	_	ContainsVariation=No	_	_	_	Fast=0-8(0)	_	_
529-8	BO003	529	8	proprio	proprio	_	_	_	_	_	linguistic	_	ContainsVariation=No	_	_	_	_	_	_
529-9	BO003	529	9	una	una	_	_	_	_	_	linguistic	_	ContainsVariation=No	_	_	_	_	_	_
529-10	BO003	529	10	cosa	cosa	_	_	_	_	_	linguistic	_	ContainsVariation=No	_	_	_	_	_	_
529-11	BO003	529	11	così:	così	_	_	_	_	_	linguistic	_	ContainsVariation=No	PauseAfter=Yes	_	3x1	_	_	_
529-12	BO003	529	12	(.)	(.)	_	_	_	_	_	shortpause	_	ContainsVariation=No	_	_	_	_	_	_
529-13	BO003	529	13	tota:le	totale	_	_	_	_	_	linguistic	_	ContainsVariation=No	_	End=1106.428	3x1	_	_	_
530-0	BO003	530	0	se	se	_	_	_	_	_	linguistic	_	ContainsVariation=No	_	Begin=1106.818|End=1107.231	_	_	_	_
531-0	BO003	531	0	l::ei	lei	_	_	_	_	_	linguistic	_	ContainsVariation=No	_	Begin=1107.641	0x2	_	_	_
531-1	BO003	531	1	continua	continua	_	_	_	_	_	linguistic	_	ContainsVariation=No	_	_	_	_	_	_
531-2	BO003	531	2	a	a	_	_	_	_	_	linguistic	_	ContainsVariation=No	_	_	_	_	_	_
531-3	BO003	531	3	rompere	rompere	_	_	_	_	_	linguistic	_	ContainsVariation=No	_	_	_	_	_	_
531-4	BO003	531	4	le	le	_	_	_	_	_	linguistic	_	ContainsVariation=No	_	_	_	_	_	_
531-5	BO003	531	5	scatole	scatole	_	_	_	_	_	linguistic	_	ContainsVariation=No	_	_	_	_	_	_
531-6	BO003	531	6	cioè:	cioè	_	_	_	_	_	linguistic	_	ContainsVariation=No	_	_	3x1	_	_	_
531-7	BO003	531	7	mette	mette	_	_	_	_	_	linguistic	_	ContainsVariation=No	_	_	_	_	_	_
531-8	BO003	531	8	mi	mi	_	_	_	_	_	linguistic	_	ContainsVariation=No	_	_	_	_	_	_
531-9	BO003	531	9	piace	piace	_	_	_	_	_	linguistic	_	ContainsVariation=No	_	_	_	_	_	_
531-10	BO003	531	10	alle	alle	_	_	_	_	_	linguistic	_	ContainsVariation=No	_	_	_	_	_	_
531-11	BO003	531	11	foto,	foto	_	_	_	_	_	linguistic	_	ContainsVariation=No	Intonation=WeaklyRising|PauseAfter=Yes	_	_	_	_	_
531-12	BO003	531	12	(.)	(.)	_	_	_	_	_	shortpause	_	ContainsVariation=No	_	_	_	_	_	_
531-13	BO003	531	13	[ti	ti	_	_	_	_	_	linguistic	_	ContainsVariation=No	_	_	_	_	_	0-2(172)
531-14	BO003	531	14	scri]ve,	scrive	_	_	_	_	_	linguistic	_	ContainsVariation=No	Intonation=WeaklyRising	End=1114.343	_	_	_	0-4(172)
532-0	BO002	532	0	[eh	eh	_	_	_	_	_	linguistic	_	ContainsVariation=No	_	Begin=1113.076	_	_	_	0-2(172)
532-1	BO002	532	1	beh].	beh	_	_	_	_	_	linguistic	_	ContainsVariation=No	Intonation=Falling	End=1113.693	_	_	_	0-3(172)
533-0	BO002	533	0	eh	eh	_	_	_	_	_	linguistic	_	ContainsVariation=No	PauseAfter=Yes	Begin=1115.639	_	_	_	_
533-1	BO002	533	1	(.)	(.)	_	_	_	_	_	shortpause	_	ContainsVariation=No	_	_	_	_	_	_
533-2	BO002	533	2	eh.	eh	_	_	_	_	_	linguistic	_	ContainsVariation=No	Intonation=Falling	End=1116.457	_	_	_	_
534-0	BO003	534	0	eh.	eh	_	_	_	_	_	linguistic	_	ContainsVariation=No	Intonation=Falling	Begin=1116.469	_	_	_	_
534-1	BO003	534	1	sarei	sarei	_	_	_	_	_	linguistic	_	ContainsVariation=No	_	_	_	_	_	_
534-2	BO003	534	2	mo:::l[to]	molto	_	_	_	_	_	linguistic	_	ContainsVariation=No	_	End=1118.261	1x3	_	_	3-5(173)
535-0	BO002	535	0	[e]	e	_	_	_	_	_	linguistic	_	ContainsVariation=No	_	Begin=1118.084	_	_	_	0-1(173)
535-1	BO002	535	1	ci	ci	_	_	_	_	_	linguistic	_	ContainsVariation=No	_	_	_	_	_	_
535-2	BO002	535	2	crehdo.	crehdo	_	_	_	_	_	linguistic	_	ContainsVariation=No	Intonation=Falling	End=1119.579	_	_	_	_
536-0	BO002	536	0	infatti	infatti	_	_	_	_	_	linguistic	_	ContainsVariation=No	_	Begin=1119.727	_	_	_	_
536-1	BO002	536	1	anch'	anch'	_	_	_	_	_	linguistic	_	ContainsVariation=No	SpaceAfter=No	_	_	_	_	_
536-2	BO002	536	2	io	io	_	_	_	_	_	linguistic	_	ContainsVariation=No	_	_	_	_	_	_
536-3	BO002	536	3	prima	prima	_	_	_	_	_	linguistic	_	ContainsVariation=No	_	_	_	_	_	_
536-4	BO002	536	4	cioè	cioè	_	_	_	_	_	linguistic	_	ContainsVariation=No	_	_	_	_	_	_
536-5	BO002	536	5	[mh:]	mh	_	_	_	_	_	linguistic	_	ContainsVariation=No	_	End=1121.435	1x1	_	_	0-2(174)
537-0	BO003	537	0	[cioè]	cioè	_	_	_	_	_	linguistic	_	ContainsVariation=No	_	Begin=1121.286	_	_	_	0-4(174)
537-1	BO003	537	1	farei	farei	_	_	_	_	_	linguistic	_	ContainsVariation=No	_	_	_	_	_	_
537-2	BO003	537	2	le	le	_	_	_	_	_	linguistic	_	ContainsVariation=No	_	_	_	_	_	_
537-3	BO003	537	3	sclerate	sclerate	_	_	_	_	_	linguistic	_	ContainsVariation=No	_	_	_	_	_	_
537-4	BO003	537	4	[mol~	mol~	_	_	_	_	_	linguistic	_	ContainsVariation=No	Interrupted=Yes	_	_	_	_	0-4(175)
537-5	BO003	537	5	credo]	credo	_	_	_	_	_	linguistic	_	ContainsVariation=No	_	End=1123.428	_	_	_	0-5(175)
538-0	BO002	538	0	[nel	nel	_	_	_	_	_	linguistic	_	ContainsVariation=No	_	Begin=1122.501	_	_	_	0-3(175)
538-1	BO002	538	1	senso]	senso	_	_	_	_	_	linguistic	_	ContainsVariation=No	PauseAfter=Yes	_	_	_	_	0-5(175)
538-2	BO002	538	2	(.)	(.)	_	_	_	_	_	shortpause	_	ContainsVariation=No	_	_	_	_	_	_
538-3	BO002	538	3	eh	eh	_	_	_	_	_	linguistic	_	ContainsVariation=No	_	_	_	_	_	_
538-4	BO002	538	4	in[fatti]	infatti	_	_	_	_	_	linguistic	_	ContainsVariation=No	_	End=1124.751	_	_	_	2-7(176)
539-0	BO003	539	0	[maga]ri	magari	_	_	_	_	_	linguistic	_	ContainsVariation=No	_	Begin=1123.514	_	_	_	0-4(176)
539-1	BO003	539	1	non	non	_	_	_	_	_	linguistic	_	ContainsVariation=No	_	_	_	_	_	_
539-2	BO003	539	2	con	con	_	_	_	_	_	linguistic	_	ContainsVariation=No	_	_	_	_	_	_
539-3	BO003	539	3	lui	lui	_	_	_	_	_	linguistic	_	ContainsVariation=No	_	_	_	_	_	_
539-4	BO003	539	4	perché	perché	_	_	_	_	_	linguistic	_	ContainsVariation=No	PauseAfter=Yes	_	_	_	_	_
539-5	BO003	539	5	(.)	(.)	_	_	_	_	_	shortpause	_	ContainsVariation=No	_	_	_	_	_	_
539-6	BO003	539	6	io	io	_	_	_	_	_	linguistic	_	ContainsVariation=No	_	_	_	_	_	_
539-7	BO003	539	7	le	le	_	_	_	_	_	linguistic	_	ContainsVariation=No	_	_	_	_	_	_
539-8	BO003	539	8	faccio	faccio	_	_	_	_	_	linguistic	_	ContainsVariation=No	_	_	_	_	_	_
539-9	BO003	539	9	sempre:	sempre	_	_	_	_	_	linguistic	_	ContainsVariation=No	_	_	5x1	_	_	_
539-10	BO003	539	10	i~	i~	_	_	_	_	_	linguistic	_	ContainsVariation=No	Interrupted=Yes	_	_	_	_	_
539-11	BO003	539	11	in	in	_	_	_	_	_	linguistic	_	ContainsVariation=No	_	_	_	_	_	_
539-12	BO003	539	12	privata	privata	_	_	_	_	_	linguistic	_	ContainsVariation=No	_	_	_	_	_	_
539-13	BO003	539	13	sede	sede	_	_	_	_	_	linguistic	_	ContainsVariation=No	_	End=1127.886	_	_	_	_
540-0	BO003	540	0	però	però	_	_	_	_	_	linguistic	_	ContainsVariation=No	_	Begin=1128.176	_	_	_	_
540-1	BO003	540	1	a	a	_	_	_	_	_	linguistic	_	ContainsVariation=No	_	_	_	_	_	_
540-2	BO003	540	2	casa	casa	_	_	_	_	_	linguistic	_	ContainsVariation=No	_	_	_	_	_	_
540-3	BO003	540	3	ci	ci	_	_	_	_	_	linguistic	_	ContainsVariation=No	_	_	_	_	_	_
540-4	BO003	540	4	starei	starei	_	_	_	_	_	linguistic	_	ContainsVariation=No	_	_	_	_	_	_
540-5	BO003	540	5	male	male	_	_	_	_	_	linguistic	_	ContainsVariation=No	_	_	_	_	_	_
540-6	BO003	540	6	[da	da	_	_	_	_	_	linguistic	_	ContainsVariation=No	_	_	_	_	_	0-2(177)
540-7	BO003	540	7	sola]	sola	_	_	_	_	_	linguistic	_	ContainsVariation=No	_	End=1130.673	_	_	_	0-4(177)
541-0	BO002	541	0	[sì	sì	_	_	_	_	_	linguistic	_	ContainsVariation=No	_	Begin=1129.743	_	_	_	0-2(177)
541-1	BO002	541	1	sì	sì	_	_	_	_	_	linguistic	_	ContainsVariation=No	_	_	_	_	_	0-2(177)
541-2	BO002	541	2	sì]	sì	_	_	_	_	_	linguistic	_	ContainsVariation=No	_	End=1130.659	_	_	_	0-2(177)
542-0	BO002	542	0	no	no	_	_	_	_	_	linguistic	_	ContainsVariation=No	ProsodicLink=Yes	Begin=1131.716	_	_	_	_
542-1	BO002	542	1	e	e	_	_	_	_	_	linguistic	_	ContainsVariation=No	PauseAfter=Yes	_	_	_	_	_
542-2	BO002	542	2	(.)	(.)	_	_	_	_	_	shortpause	_	ContainsVariation=No	_	_	_	_	_	_
542-3	BO002	542	3	è	è	_	_	_	_	_	linguistic	_	ContainsVariation=No	_	_	_	_	_	_
542-4	BO002	542	4	che	che	_	_	_	_	_	linguistic	_	ContainsVariation=No	_	_	_	_	_	_
542-5	BO002	542	5	la	la	_	_	_	_	_	linguistic	_	ContainsVariation=No	_	_	_	_	_	_
542-6	BO002	542	6	sofia	sofia	_	_	_	_	_	linguistic	_	ContainsVariation=No	_	_	_	_	_	_
542-7	BO002	542	7	mi	mi	_	_	_	_	_	linguistic	_	ContainsVariation=No	_	_	_	_	_	_
542-8	BO002	542	8	fa	fa	_	_	_	_	_	linguistic	_	ContainsVariation=No	_	_	_	_	_	_
542-9	BO002	542	9	mh:	mh	_	_	_	_	_	linguistic	_	ContainsVariation=No	_	End=1133.815	1x1	_	_	_
543-0	BO002	543	0	mh	mh	_	_	_	_	_	linguistic	_	ContainsVariation=No	_	Begin=1135.253	_	_	_	_
543-1	BO002	543	1	mi	mi	_	_	_	_	_	linguistic	_	ContainsVariation=No	_	_	_	_	_	_
543-2	BO002	543	2	fa	fa	_	_	_	_	_	linguistic	_	ContainsVariation=No	_	_	_	_	_	_
543-3	BO002	543	3	guarda	guarda	_	_	_	_	_	linguistic	_	ContainsVariation=No	_	_	_	_	_	_
543-4	BO002	543	4	questa	questa	_	_	_	_	_	linguistic	_	ContainsVariation=No	_	_	_	_	_	_
543-5	BO002	543	5	è	è	_	_	_	_	_	linguistic	_	ContainsVariation=No	_	_	_	_	_	_
543-6	BO002	543	6	la	la	_	_	_	_	_	linguistic	_	ContainsVariation=No	_	_	_	_	_	_
543-7	BO002	543	7	<ex:>	ex	_	_	_	_	_	linguistic	_	ContainsVariation=No	_	_	1x1	Slow=0-2(0)	_	_
543-8	BO002	543	8	e	e	_	_	_	_	_	linguistic	_	ContainsVariation=No	_	_	_	_	_	_
543-9	BO002	543	9	io	io	_	_	_	_	_	linguistic	_	ContainsVariation=No	_	_	_	_	_	_
543-10	BO002	543	10	ero	ero	_	_	_	_	_	linguistic	_	ContainsVariation=No	_	_	_	_	_	_
543-11	BO002	543	11	xxx	xxx	_	_	_	_	_	unknown	_	ContainsVariation=No	Syllables=3	_	_	_	_	_
543-12	BO002	543	12	okay	okay	_	_	_	_	_	linguistic	_	ContainsVariation=No	_	_	_	_	_	_
543-13	BO002	543	13	ti	ti	_	_	_	_	_	linguistic	_	ContainsVariation=No	_	_	_	_	_	_
543-14	BO002	543	14	odio	odio	_	_	_	_	_	linguistic	_	ContainsVariation=No	_	_	_	_	_	_
543-15	BO002	543	15	solo:	solo	_	_	_	_	_	linguistic	_	ContainsVariation=No	_	_	3x1	_	_	_
543-16	BO002	543	16	anchhe.	anchhe	_	_	_	_	_	linguistic	_	ContainsVariation=No	Intonation=Falling	_	_	_	_	_
543-17	BO002	543	17	se	se	_	_	_	_	_	linguistic	_	ContainsVariation=No	_	_	_	_	_	_
543-18	BO002	543	18	non	non	_	_	_	_	_	linguistic	_	ContainsVariation=No	_	_	_	_	_	_
543-19	BO002	543	19	ti	ti	_	_	_	_	_	linguistic	_	ContainsVariation=No	_	_	_	_	_	_
543-20	BO002	543	20	conosco	conosco	_	_	_	_	_	linguistic	_	ContainsVariation=No	PauseAfter=Yes	_	_	_	_	_
543-21	BO002	543	21	(.)	(.)	_	_	_	_	_	shortpause	_	ContainsVariation=No	_	_	_	_	_	_
543-22	BO002	543	22	ti	ti	_	_	_	_	_	linguistic	_	ContainsVariation=No	_	_	_	_	_	_
543-23	BO002	543	23	odio	odio	_	_	_	_	_	linguistic	_	ContainsVariation=No	_	_	_	_	_	_
543-24	BO002	543	24	già	già	_	_	_	_	_	linguistic	_	ContainsVariation=No	_	End=1142.44	_	_	_	_
544-0	BO003	544	0	((ride))	((ride))	_	_	_	_	_	nonverbalbehavior	_	ContainsVariation=No	_	Begin=1140.411|End=1141.594	_	_	_	_
545-0	BO002	545	0	poi	poi	_	_	_	_	_	linguistic	_	ContainsVariation=No	_	Begin=1144.197	_	_	_	_
545-1	BO002	545	1	però::	però	_	_	_	_	_	linguistic	_	ContainsVariation=No	_	_	3x2	_	_	_
545-2	BO002	545	2	boh	boh	_	_	_	_	_	linguistic	_	ContainsVariation=No	_	_	_	_	_	_
545-3	BO002	545	3	indiffere:nte	indifferente	_	_	_	_	_	linguistic	_	ContainsVariation=No	_	_	8x1	_	_	_
545-4	BO002	545	4	sinceramente	sinceramente	_	_	_	_	_	linguistic	_	ContainsVariation=No	_	End=1147.633	_	_	_	_
546-0	BO002	546	0	>poi<	poi	_	_	_	_	_	linguistic	_	ContainsVariation=No	_	Begin=1147.918	_	Fast=0-3(0)	_	_
546-1	BO002	546	1	lei	lei	_	_	_	_	_	linguistic	_	ContainsVariation=No	PauseAfter=Yes	_	_	_	_	_
546-2	BO002	546	2	(.)	(.)	_	_	_	_	_	shortpause	_	ContainsVariation=No	_	_	_	_	_	_
546-3	BO002	546	3	lei	lei	_	_	_	_	_	linguistic	_	ContainsVariation=No	PauseAfter=Yes	_	_	_	_	_
546-4	BO002	546	4	(.)	(.)	_	_	_	_	_	shortpause	_	ContainsVariation=No	_	_	_	_	_	_
546-5	BO002	546	5	io	io	_	_	_	_	_	linguistic	_	ContainsVariation=No	_	_	_	_	_	_
546-6	BO002	546	6	non	non	_	_	_	_	_	linguistic	_	ContainsVariation=No	_	_	_	_	_	_
546-7	BO002	546	7	so,	so	_	_	_	_	_	linguistic	_	ContainsVariation=No	Intonation=WeaklyRising	End=1150.356	_	_	_	_
547-0	BO003	547	0	ques[ta	questa	_	_	_	_	_	linguistic	_	ContainsVariation=No	_	Begin=1150.983	_	_	_	4-6(179)
547-1	BO003	547	1	qui	qui	_	_	_	_	_	linguistic	_	ContainsVariation=No	_	_	_	_	_	0-3(179)
547-2	BO003	547	2	la]?	la	_	_	_	_	_	linguistic	_	ContainsVariation=No	Intonation=Rising	End=1152.225	_	_	_	0-2(179)
548-0	BO002	548	0	[lei.	lei	_	_	_	_	_	linguistic	_	ContainsVariation=No	Intonation=Falling|PauseAfter=Yes	Begin=1151.177	_	_	_	0-3(179)
548-1	BO002	548	1	(.)	(.)	_	_	_	_	_	shortpause	_	ContainsVariation=No	_	_	_	_	_	X(179)
548-2	BO002	548	2	sì]	sì	_	_	_	_	_	linguistic	_	ContainsVariation=No	_	_	_	_	_	0-2(179)
548-3	BO002	548	3	la	la	_	_	_	_	_	linguistic	_	ContainsVariation=No	_	_	_	_	_	_
548-4	BO002	548	4	ex	ex	_	_	_	_	_	linguistic	_	ContainsVariation=No	_	End=1152.969	_	_	_	_
549-0	BO002	549	0	an~	an~	_	_	_	_	_	linguistic	_	ContainsVariation=No	Interrupted=Yes	Begin=1153.269	_	_	_	_
549-1	BO002	549	1	è	è	_	_	_	_	_	linguistic	_	ContainsVariation=No	_	_	_	_	_	_
549-2	BO002	549	2	ancora	ancora	_	_	_	_	_	linguistic	_	ContainsVariation=No	_	_	_	_	_	_
549-3	BO002	549	3	fra	fra	_	_	_	_	_	linguistic	_	ContainsVariation=No	_	_	_	_	_	_
549-4	BO002	549	4	gli	gli	_	_	_	_	_	linguistic	_	ContainsVariation=No	_	_	_	_	_	_
549-5	BO002	549	5	amici	amici	_	_	_	_	_	linguistic	_	ContainsVariation=No	_	_	_	_	_	_
549-6	BO002	549	6	della	della	_	_	_	_	_	linguistic	_	ContainsVariation=No	_	_	_	_	_	_
549-7	BO002	549	7	sofia.	sofia	_	_	_	_	_	linguistic	_	ContainsVariation=No	Intonation=Falling|PauseAfter=Yes	_	_	_	_	_
549-8	BO002	549	8	(.)	(.)	_	_	_	_	_	shortpause	_	ContainsVariation=No	_	_	_	_	_	_
549-9	BO002	549	9	perché	perché	_	_	_	_	_	linguistic	_	ContainsVariation=No	_	_	_	_	_	_
549-10	BO002	549	10	sembro	sembro	_	_	_	_	_	linguistic	_	ContainsVariation=No	_	_	_	_	_	_
549-11	BO002	549	11	scema	scema	_	_	_	_	_	linguistic	_	ContainsVariation=No	_	_	_	_	_	_
549-12	BO002	549	12	[mh],	mh	_	_	_	_	_	linguistic	_	ContainsVariation=No	Intonation=WeaklyRising	End=1157.648	_	_	_	0-2(180)
550-0	BO003	550	0	[sì]	sì	_	_	_	_	_	linguistic	_	ContainsVariation=No	_	Begin=1157.206|End=1157.64	_	_	_	0-2(180)
551-0	BO002	551	0	>ora<	ora	_	_	_	_	_	linguistic	_	ContainsVariation=No	_	Begin=1158.618	_	Fast=0-3(0)	_	_
551-1	BO002	551	1	la	la	_	_	_	_	_	linguistic	_	ContainsVariation=No	_	_	_	_	_	_
551-2	BO002	551	2	mia	mia	_	_	_	_	_	linguistic	_	ContainsVariation=No	_	_	_	_	_	_
551-3	BO002	551	3	immagine	immagine	_	_	_	_	_	linguistic	_	ContainsVariation=No	_	_	_	_	_	_
551-4	BO002	551	4	di	di	_	_	_	_	_	linguistic	_	ContainsVariation=No	_	_	_	_	_	_
551-5	BO002	551	5	copertina	copertina	_	_	_	_	_	linguistic	_	ContainsVariation=No	_	_	_	_	_	_
551-6	BO002	551	6	che	che	_	_	_	_	_	linguistic	_	ContainsVariation=No	_	_	_	_	_	_
551-7	BO002	551	7	avevo	avevo	_	_	_	_	_	linguistic	_	ContainsVariation=No	_	_	_	_	_	_
551-8	BO002	551	8	prima	prima	_	_	_	_	_	linguistic	_	ContainsVariation=No	_	_	_	_	_	_
551-9	BO002	551	9	no,	no	_	_	_	_	_	linguistic	_	ContainsVariation=No	Intonation=WeaklyRising|PauseAfter=Yes	_	_	_	_	_
551-10	BO002	551	10	(.)	(.)	_	_	_	_	_	shortpause	_	ContainsVariation=No	_	_	_	_	_	_
551-11	BO002	551	11	[era	era	_	_	_	_	_	linguistic	_	ContainsVariation=No	_	_	_	_	_	0-3(181)
551-12	BO002	551	12	insie]me	insieme	_	_	_	_	_	linguistic	_	ContainsVariation=No	_	_	_	_	_	0-5(181)
551-13	BO002	551	13	alla	alla	_	_	_	_	_	linguistic	_	ContainsVariation=No	_	_	_	_	_	_
551-14	BO002	551	14	sofia	sofia	_	_	_	_	_	linguistic	_	ContainsVariation=No	_	End=1162.933	_	_	_	_
552-0	BO003	552	0	[sì],	sì	_	_	_	_	_	linguistic	_	ContainsVariation=No	Intonation=WeaklyRising	Begin=1161.428|End=1161.911	_	_	_	0-2(181)
553-0	BO003	553	0	sì	sì	_	_	_	_	_	linguistic	_	ContainsVariation=No	_	Begin=1162.954|End=1163.684	_	_	_	_
554-0	BO002	554	0	lei	lei	_	_	_	_	_	linguistic	_	ContainsVariation=No	_	Begin=1163.684	_	_	_	_
554-1	BO002	554	1	ha	ha	_	_	_	_	_	linguistic	_	ContainsVariation=No	_	_	_	_	_	_
554-2	BO002	554	2	proprio	proprio	_	_	_	_	_	linguistic	_	ContainsVariation=No	_	_	_	_	_	_
554-3	BO002	554	3	messo	messo	_	_	_	_	_	linguistic	_	ContainsVariation=No	_	_	_	_	_	_
554-4	BO002	554	4	il	il	_	_	_	_	_	linguistic	_	ContainsVariation=No	_	_	_	_	_	_
554-5	BO002	554	5	cuorici:no	cuoricino	_	_	_	_	_	linguistic	_	ContainsVariation=No	_	End=1165.573	6x1	_	_	_
555-0	BO002	555	0	e	e	_	_	_	_	_	linguistic	_	ContainsVariation=No	_	Begin=1167.579	_	_	_	_
555-1	BO002	555	1	io	io	_	_	_	_	_	linguistic	_	ContainsVariation=No	_	_	_	_	_	_
555-2	BO002	555	2	infatti	infatti	_	_	_	_	_	linguistic	_	ContainsVariation=No	PauseAfter=Yes	_	_	_	_	_
555-3	BO002	555	3	(.)	(.)	_	_	_	_	_	shortpause	_	ContainsVariation=No	_	_	_	_	_	_
555-4	BO002	555	4	ho	ho	_	_	_	_	_	linguistic	_	ContainsVariation=No	_	_	_	_	_	_
555-5	BO002	555	5	fatto	fatto	_	_	_	_	_	linguistic	_	ContainsVariation=No	PauseAfter=Yes	_	_	_	_	_
555-6	BO002	555	6	(.)	(.)	_	_	_	_	_	shortpause	_	ContainsVariation=No	_	_	_	_	_	_
555-7	BO002	555	7	sofia	sofia	_	_	_	_	_	linguistic	_	ContainsVariation=No	_	_	_	_	_	_
555-8	BO002	555	8	io	io	_	_	_	_	_	linguistic	_	ContainsVariation=No	_	_	_	_	_	_
555-9	BO002	555	9	ho	ho	_	_	_	_	_	linguistic	_	ContainsVariation=No	_	_	_	_	_	_
555-10	BO002	555	10	paura	paura	_	_	_	_	_	linguistic	_	ContainsVariation=No	_	End=1170.149	_	_	_	_
556-0	BO002	556	0	((ride))	((ride))	_	_	_	_	_	nonverbalbehavior	_	ContainsVariation=No	_	Begin=1170.191|End=1171.768	_	_	_	_
557-0	BO003	557	0	((ride))	((ride))	_	_	_	_	_	nonverbalbehavior	_	ContainsVariation=No	_	Begin=1170.191|End=1171.768	_	_	_	_
558-0	BO002	558	0	tipo	tipo	_	_	_	_	_	linguistic	_	ContainsVariation=No	_	Begin=1171.85	_	_	_	_
558-1	BO002	558	1	ma	ma	_	_	_	_	_	linguistic	_	ContainsVariation=No	_	_	_	_	_	_
558-2	BO002	558	2	lei	lei	_	_	_	_	_	linguistic	_	ContainsVariation=No	_	_	_	_	_	_
558-3	BO002	558	3	non	non	_	_	_	_	_	linguistic	_	ContainsVariation=No	_	_	_	_	_	_
558-4	BO002	558	4	sa	sa	_	_	_	_	_	linguistic	_	ContainsVariation=No	_	_	_	_	_	_
558-5	BO002	558	5	che	che	_	_	_	_	_	linguistic	_	ContainsVariation=No	_	_	_	_	_	_
558-6	BO002	558	6	io::	io	_	_	_	_	_	linguistic	_	ContainsVariation=No	_	End=1173.873	1x2	_	_	_
559-0	BO002	559	0	sto::	sto	_	_	_	_	_	linguistic	_	ContainsVariation=No	_	Begin=1174.952|End=1176.198	2x2	_	_	_
560-0	BO002	560	0	e	e	_	_	_	_	_	linguistic	_	ContainsVariation=No	_	Begin=1176.438	_	_	_	_
560-1	BO002	560	1	la	la	_	_	_	_	_	linguistic	_	ContainsVariation=No	_	_	_	_	_	_
560-2	BO002	560	2	sofia	sofia	_	_	_	_	_	linguistic	_	ContainsVariation=No	_	_	_	_	_	_
560-3	BO002	560	3	mi	mi	_	_	_	_	_	linguistic	_	ContainsVariation=No	_	_	_	_	_	_
560-4	BO002	560	4	fa	fa	_	_	_	_	_	linguistic	_	ContainsVariation=No	PauseAfter=Yes	_	_	_	_	_
560-5	BO002	560	5	(.)	(.)	_	_	_	_	_	shortpause	_	ContainsVariation=No	_	_	_	_	_	_
560-6	BO002	560	6	ma	ma	_	_	_	_	_	linguistic	_	ContainsVariation=No	_	_	_	_	_	_
560-7	BO002	560	7	lei	lei	_	_	_	_	_	linguistic	_	ContainsVariation=No	_	_	_	_	_	_
560-8	BO002	560	8	in	in	_	_	_	_	_	linguistic	_	ContainsVariation=No	_	_	_	_	_	_
560-9	BO002	560	9	realtà	realtà	_	_	_	_	_	linguistic	_	ContainsVariation=No	_	_	_	_	_	_
560-10	BO002	560	10	sa	sa	_	_	_	_	_	linguistic	_	ContainsVariation=No	_	_	_	_	_	_
560-11	BO002	560	11	che:	che	_	_	_	_	_	linguistic	_	ContainsVariation=No	_	_	2x1	_	_	_
560-12	BO002	560	12	lui	lui	_	_	_	_	_	linguistic	_	ContainsVariation=No	_	_	_	_	_	_
560-13	BO002	560	13	si	si	_	_	_	_	_	linguistic	_	ContainsVariation=No	_	_	_	_	_	_
560-14	BO002	560	14	senti:va	sentiva	_	_	_	_	_	linguistic	_	ContainsVariation=No	_	_	4x1	_	_	_
560-15	BO002	560	15	con	con	_	_	_	_	_	linguistic	_	ContainsVariation=No	_	_	_	_	_	_
560-16	BO002	560	16	una	una	_	_	_	_	_	linguistic	_	ContainsVariation=No	_	_	_	_	_	_
560-17	BO002	560	17	ragazza	ragazza	_	_	_	_	_	linguistic	_	ContainsVariation=No	_	_	_	_	_	_
560-18	BO002	560	18	italia::na:	italiana	_	_	_	_	_	linguistic	_	ContainsVariation=No	_	End=1182.457	5x2,7x1	_	_	_
561-0	BO002	561	0	ma	ma	_	_	_	_	_	linguistic	_	ContainsVariation=No	_	Begin=1184.019	_	_	_	_
561-1	BO002	561	1	non	non	_	_	_	_	_	linguistic	_	ContainsVariation=No	_	_	_	_	_	_
561-2	BO002	561	2	sa	sa	_	_	_	_	_	linguistic	_	ContainsVariation=No	_	_	_	_	_	_
561-3	BO002	561	3	che	che	_	_	_	_	_	linguistic	_	ContainsVariation=No	_	_	_	_	_	_
561-4	BO002	561	4	sono	sono	_	_	_	_	_	linguistic	_	ContainsVariation=No	_	_	_	_	_	_
561-5	BO002	561	5	io,	io	_	_	_	_	_	linguistic	_	ContainsVariation=No	Intonation=WeaklyRising	End=1185.815	_	_	_	_
562-0	BO002	562	0	e	e	_	_	_	_	_	linguistic	_	ContainsVariation=No	_	Begin=1186.211	_	_	_	_
562-1	BO002	562	1	lei	lei	_	_	_	_	_	linguistic	_	ContainsVariation=No	PauseAfter=Yes	_	_	_	_	_
562-2	BO002	562	2	(.)	(.)	_	_	_	_	_	shortpause	_	ContainsVariation=No	_	_	_	_	_	_
562-3	BO002	562	3	non	non	_	_	_	_	_	linguistic	_	ContainsVariation=No	_	_	_	_	_	_
562-4	BO002	562	4	so	so	_	_	_	_	_	linguistic	_	ContainsVariation=No	_	_	_	_	_	_
562-5	BO002	562	5	se	se	_	_	_	_	_	linguistic	_	ContainsVariation=No	_	_	_	_	_	_
562-6	BO002	562	6	sa	sa	_	_	_	_	_	linguistic	_	ContainsVariation=No	_	_	_	_	_	_
562-7	BO002	562	7	che	che	_	_	_	_	_	linguistic	_	ContainsVariation=No	_	_	_	_	_	_
562-8	BO002	562	8	sei	sei	_	_	_	_	_	linguistic	_	ContainsVariation=No	_	_	_	_	_	_
562-9	BO002	562	9	te	te	_	_	_	_	_	linguistic	_	ContainsVariation=No	_	End=1188.902	_	_	_	_
563-0	BO002	563	0	mario	mario	_	_	_	_	_	linguistic	_	ContainsVariation=No	_	Begin=1190.644|End=1191.468	_	_	_	_
564-0	BO003	564	0	mario	mario	_	_	_	_	_	linguistic	_	ContainsVariation=No	PauseAfter=Yes	Begin=1191.477	_	_	_	_
564-1	BO003	564	1	(.)	(.)	_	_	_	_	_	shortpause	_	ContainsVariation=No	_	_	_	_	_	_
564-2	BO003	564	2	torna	torna	_	_	_	_	_	linguistic	_	ContainsVariation=No	_	_	_	_	_	_
564-3	BO003	564	3	sempre	sempre	_	_	_	_	_	linguistic	_	ContainsVariation=No	_	_	_	_	_	_
564-4	BO003	564	4	in	in	_	_	_	_	_	linguistic	_	ContainsVariation=No	_	_	_	_	_	_
564-5	BO003	564	5	ballo	ballo	_	_	_	_	_	linguistic	_	ContainsVariation=No	_	End=1193.957	_	_	_	_
565-0	BO002	565	0	>cioè<	cioè	_	_	_	_	_	linguistic	_	ContainsVariation=No	_	Begin=1195.176	_	Fast=0-4(0)	_	_
565-1	BO002	565	1	questa	questa	_	_	_	_	_	linguistic	_	ContainsVariation=No	_	_	_	_	_	_
565-2	BO002	565	2	donna	donna	_	_	_	_	_	linguistic	_	ContainsVariation=No	_	_	_	_	_	_
565-3	BO002	565	3	mi	mi	_	_	_	_	_	linguistic	_	ContainsVariation=No	_	_	_	_	_	_
565-4	BO002	565	4	preo:ccupa	preoccupa	_	_	_	_	_	linguistic	_	ContainsVariation=No	_	End=1197.059	3x1	_	_	_
566-0	BO003	566	0	sì:	sì	_	_	_	_	_	linguistic	_	ContainsVariation=No	_	Begin=1197.059	1x1	_	_	_
566-1	BO003	566	1	ammesso	ammesso	_	_	_	_	_	linguistic	_	ContainsVariation=No	_	_	_	_	_	_
566-2	BO003	566	2	che	che	_	_	_	_	_	linguistic	_	ContainsVariation=No	_	_	_	_	_	_
566-3	BO003	566	3	non:	non	_	_	_	_	_	linguistic	_	ContainsVariation=No	_	End=1198.457	2x1	_	_	_
567-0	BO002	567	0	no.	no	_	_	_	_	_	linguistic	_	ContainsVariation=No	Intonation=Falling	Begin=1199.501	_	_	_	_
567-1	BO002	567	1	[poi	poi	_	_	_	_	_	linguistic	_	ContainsVariation=No	PauseAfter=Yes	_	_	_	_	0-3(183)
567-2	BO002	567	2	(.)	(.)	_	_	_	_	_	shortpause	_	ContainsVariation=No	_	_	_	_	_	X(183)
567-3	BO002	567	3	forse	forse	_	_	_	_	_	linguistic	_	ContainsVariation=No	_	_	_	_	_	0-5(183)
567-4	BO002	567	4	non	non	_	_	_	_	_	linguistic	_	ContainsVariation=No	_	_	_	_	_	0-3(183)
567-5	BO002	567	5	l'	l'	_	_	_	_	_	linguistic	_	ContainsVariation=No	SpaceAfter=No	_	_	_	_	0-2(183)
567-6	BO002	567	6	ho	ho	_	_	_	_	_	linguistic	_	ContainsVariation=No	_	_	_	_	_	0-2(183)
567-7	BO002	567	7	xxx]	xxx	_	_	_	_	_	unknown	_	ContainsVariation=No	Syllables=3	_	_	_	_	0-3(183)
567-8	BO002	567	8	no	no	_	_	_	_	_	linguistic	_	ContainsVariation=No	_	_	_	_	_	_
567-9	BO002	567	9	infa:tti	infatti	_	_	_	_	_	linguistic	_	ContainsVariation=No	_	End=1202.607	3x1	_	_	_
568-0	BO003	568	0	[ma	ma	_	_	_	_	_	linguistic	_	ContainsVariation=No	_	Begin=1199.848	_	_	_	0-2(183)
568-1	BO003	568	1	poi	poi	_	_	_	_	_	linguistic	_	ContainsVariation=No	_	_	_	_	_	0-3(183)
568-2	BO003	568	2	si	si	_	_	_	_	_	linguistic	_	ContainsVariation=No	_	_	_	_	_	0-2(183)
568-3	BO003	568	3	è	è	_	_	_	_	_	linguistic	_	ContainsVariation=No	_	_	_	_	_	0-1(183)
568-4	BO003	568	4	comportata	comportata	_	_	_	_	_	linguistic	_	ContainsVariation=No	_	_	_	_	_	0-10(183)
568-5	BO003	568	5	troppo	troppo	_	_	_	_	_	linguistic	_	ContainsVariation=No	_	_	_	_	_	0-6(183)
568-6	BO003	568	6	male]	male	_	_	_	_	_	linguistic	_	ContainsVariation=No	_	End=1201.999	_	_	_	0-4(183)
569-0	BO003	569	0	poi	poi	_	_	_	_	_	linguistic	_	ContainsVariation=No	_	Begin=1202.627	_	_	_	_
569-1	BO003	569	1	(>il	il	_	_	_	_	_	linguistic	_	ContainsVariation=No	_	_	_	Fast=0-2(0)	0-2(0)	_
569-2	BO003	569	2	tuo<)	tuo	_	_	_	_	_	linguistic	_	ContainsVariation=No	_	_	_	Fast=0-3(0)	0-3(0)	_
569-3	BO003	569	3	io	io	_	_	_	_	_	linguistic	_	ContainsVariation=No	_	_	_	_	_	_
569-4	BO003	569	4	non	non	_	_	_	_	_	linguistic	_	ContainsVariation=No	_	_	_	_	_	_
569-5	BO003	569	5	lo	lo	_	_	_	_	_	linguistic	_	ContainsVariation=No	_	_	_	_	_	_
569-6	BO003	569	6	conosco	conosco	_	_	_	_	_	linguistic	_	ContainsVariation=No	_	_	_	_	_	_
569-7	BO003	569	7	<per	per	_	_	_	_	_	linguistic	_	ContainsVariation=No	_	_	_	Slow=0-3(0)	_	_
569-8	BO003	569	8	niente>	niente	_	_	_	_	_	linguistic	_	ContainsVariation=No	_	_	_	Slow=0-6(0)	_	_
569-9	BO003	569	9	però	però	_	_	_	_	_	linguistic	_	ContainsVariation=No	_	_	_	_	_	_
569-10	BO003	569	10	mi	mi	_	_	_	_	_	linguistic	_	ContainsVariation=No	_	_	_	_	_	_
569-11	BO003	569	11	sa	sa	_	_	_	_	_	linguistic	_	ContainsVariation=No	_	_	_	_	_	_
569-12	BO003	569	12	di	di	_	_	_	_	_	linguistic	_	ContainsVariation=No	_	_	_	_	_	_
569-13	BO003	569	13	uno	uno	_	_	_	_	_	linguistic	_	ContainsVariation=No	_	_	_	_	_	_
569-14	BO003	569	14	che	che	_	_	_	_	_	linguistic	_	ContainsVariation=No	PauseAfter=Yes	_	_	_	_	_
569-15	BO003	569	15	(.)	(.)	_	_	_	_	_	shortpause	_	ContainsVariation=No	_	_	_	_	_	_
569-16	BO003	569	16	ha	ha	_	_	_	_	_	linguistic	_	ContainsVariation=No	_	_	_	_	_	_
569-17	BO003	569	17	un	un	_	_	_	_	_	linguistic	_	ContainsVariation=No	_	_	_	_	_	_
569-18	BO003	569	18	po'	po'	_	_	_	_	_	linguistic	_	ContainsVariation=No	_	_	_	_	_	_
569-19	BO003	569	19	l'	l'	_	_	_	_	_	linguistic	_	ContainsVariation=No	SpaceAfter=No	_	_	_	_	_
569-20	BO003	569	20	onore	onore	_	_	_	_	_	linguistic	_	ContainsVariation=No	_	_	_	_	_	_
569-21	BO003	569	21	anche	anche	_	_	_	_	_	linguistic	_	ContainsVariation=No	_	_	_	_	_	_
569-22	BO003	569	22	con	con	_	_	_	_	_	linguistic	_	ContainsVariation=No	_	_	_	_	_	_
569-23	BO003	569	23	gli	gli	_	_	_	_	_	linguistic	_	ContainsVariation=No	_	_	_	_	_	_
569-24	BO003	569	24	ami::ci,	amici	_	_	_	_	_	linguistic	_	ContainsVariation=No	Intonation=WeaklyRising	End=1208.783	2x2	_	_	_
570-0	BO002	570	0	sì.	sì	_	_	_	_	_	linguistic	_	ContainsVariation=No	Intonation=Falling	Begin=1208.787	_	_	_	_
570-1	BO002	570	1	[sì	sì	_	_	_	_	_	linguistic	_	ContainsVariation=No	_	_	_	_	_	0-2(184)
570-2	BO002	570	2	abbastanza	abbastanza	_	_	_	_	_	linguistic	_	ContainsVariation=No	PauseAfter=Yes	_	_	_	_	0-10(184)
570-3	BO002	570	3	(.)	(.)	_	_	_	_	_	shortpause	_	ContainsVariation=No	_	_	_	_	_	X(184)
570-4	BO002	570	4	sì].	sì	_	_	_	_	_	linguistic	_	ContainsVariation=No	Intonation=Falling	End=1212.0	_	_	_	0-2(184)
571-0	BO003	571	0	[ha	ha	_	_	_	_	_	linguistic	_	ContainsVariation=No	_	Begin=1209.53	_	_	_	0-2(184)
571-1	BO003	571	1	dei	dei	_	_	_	_	_	linguistic	_	ContainsVariation=No	_	_	_	_	_	0-3(184)
571-2	BO003	571	2	bei	bei	_	_	_	_	_	linguistic	_	ContainsVariation=No	_	_	_	_	_	0-3(184)
571-3	BO003	571	3	princi:pi	principi	_	_	_	_	_	linguistic	_	ContainsVariation=No	_	_	5x1	_	_	0-8(184)
571-4	BO003	571	4	nel	nel	_	_	_	_	_	linguistic	_	ContainsVariation=No	_	_	_	_	_	0-3(184)
571-5	BO003	571	5	senso]	senso	_	_	_	_	_	linguistic	_	ContainsVariation=No	_	_	_	_	_	0-5(184)
571-6	BO003	571	6	non	non	_	_	_	_	_	linguistic	_	ContainsVariation=No	_	_	_	_	_	_
571-7	BO003	571	7	è	è	_	_	_	_	_	linguistic	_	ContainsVariation=No	_	_	_	_	_	_
571-8	BO003	571	8	certo	certo	_	_	_	_	_	linguistic	_	ContainsVariation=No	_	_	_	_	_	_
571-9	BO003	571	9	uno,	uno	_	_	_	_	_	linguistic	_	ContainsVariation=No	Intonation=WeaklyRising	End=1212.483	_	_	_	_
572-0	BO002	572	0	no	no	_	_	_	_	_	linguistic	_	ContainsVariation=No	_	Begin=1212.825	_	_	_	_
572-1	BO002	572	1	no	no	_	_	_	_	_	linguistic	_	ContainsVariation=No	_	_	_	_	_	_
572-2	BO002	572	2	infatti.	infatti	_	_	_	_	_	linguistic	_	ContainsVariation=No	Intonation=Falling	_	_	_	_	_
572-3	BO002	572	3	infatti	infatti	_	_	_	_	_	linguistic	_	ContainsVariation=No	_	_	_	_	_	_
572-4	BO002	572	4	lui,	lui	_	_	_	_	_	linguistic	_	ContainsVariation=No	Intonation=WeaklyRising|PauseAfter=Yes	_	_	_	_	_
572-5	BO002	572	5	(.)	(.)	_	_	_	_	_	shortpause	_	ContainsVariation=No	_	_	_	_	_	_
572-6	BO002	572	6	chiuso.	chiuso	_	_	_	_	_	linguistic	_	ContainsVariation=No	Intonation=Falling|PauseAfter=Yes	_	_	_	_	_
572-7	BO002	572	7	(.)	(.)	_	_	_	_	_	shortpause	_	ContainsVariation=No	_	_	_	_	_	_
572-8	BO002	572	8	[proprio]	proprio	_	_	_	_	_	linguistic	_	ContainsVariation=No	_	End=1216.89	_	_	_	0-7(185)
573-0	BO003	573	0	[eh]	eh	_	_	_	_	_	linguistic	_	ContainsVariation=No	_	Begin=1216.275|End=1216.89	_	_	_	0-2(185)
574-0	BO002	574	0	zero	zero	_	_	_	_	_	linguistic	_	ContainsVariation=No	_	Begin=1217.658|End=1218.282	_	_	_	_
575-0	BO002	575	0	cioè	cioè	_	_	_	_	_	linguistic	_	ContainsVariation=No	_	Begin=1219.171	_	_	_	_
575-1	BO002	575	1	non	non	_	_	_	_	_	linguistic	_	ContainsVariation=No	_	_	_	_	_	_
575-2	BO002	575	2	è	è	_	_	_	_	_	linguistic	_	ContainsVariation=No	_	_	_	_	_	_
575-3	BO002	575	3	nemmeno	nemmeno	_	_	_	_	_	linguistic	_	ContainsVariation=No	_	_	_	_	_	_
575-4	BO002	575	4	uno	uno	_	_	_	_	_	linguistic	_	ContainsVariation=No	_	_	_	_	_	_
575-5	BO002	575	5	fa:cile	facile	_	_	_	_	_	linguistic	_	ContainsVariation=No	_	_	1x1	_	_	_
575-6	BO002	575	6	nel	nel	_	_	_	_	_	linguistic	_	ContainsVariation=No	_	_	_	_	_	_
575-7	BO002	575	7	s~	s~	_	_	_	_	_	linguistic	_	ContainsVariation=No	Interrupted=Yes	_	_	_	_	_
575-8	BO002	575	8	della	della	_	_	_	_	_	linguistic	_	ContainsVariation=No	_	_	_	_	_	_
575-9	BO002	575	9	serie	serie	_	_	_	_	_	linguistic	_	ContainsVariation=No	_	_	_	_	_	_
575-10	BO002	575	10	che	che	_	_	_	_	_	linguistic	_	ContainsVariation=No	_	_	_	_	_	_
575-11	BO002	575	11	se	se	_	_	_	_	_	linguistic	_	ContainsVariation=No	_	_	_	_	_	_
575-12	BO002	575	12	lo	lo	_	_	_	_	_	linguistic	_	ContainsVariation=No	_	_	_	_	_	_
575-13	BO002	575	13	deludi	deludi	_	_	_	_	_	linguistic	_	ContainsVariation=No	_	_	_	_	_	_
575-14	BO002	575	14	una	una	_	_	_	_	_	linguistic	_	ContainsVariation=No	_	_	_	_	_	_
575-15	BO002	575	15	volta::,	volta	_	_	_	_	_	linguistic	_	ContainsVariation=No	Intonation=WeaklyRising	End=1224.516	4x2	_	_	_
576-0	BO002	576	0	è	è	_	_	_	_	_	linguistic	_	ContainsVariation=No	_	Begin=1227.003	_	_	_	_
576-1	BO002	576	1	tutta	tutta	_	_	_	_	_	linguistic	_	ContainsVariation=No	_	_	_	_	_	_
576-2	BO002	576	2	poi::	poi	_	_	_	_	_	linguistic	_	ContainsVariation=No	PauseAfter=Yes	_	2x2	_	_	_
576-3	BO002	576	3	(.)	(.)	_	_	_	_	_	shortpause	_	ContainsVariation=No	_	_	_	_	_	_
576-4	BO002	576	4	[xx]	xx	_	_	_	_	_	unknown	_	ContainsVariation=No	Syllables=2	End=1229.09	_	_	_	0-2(186)
577-0	BO003	577	0	[dici	dici	_	_	_	_	_	linguistic	_	ContainsVariation=No	_	Begin=1228.284	_	_	_	0-4(186)
577-1	BO003	577	1	che]	che	_	_	_	_	_	linguistic	_	ContainsVariation=No	_	_	_	_	_	0-3(186)
577-2	BO003	577	2	con	con	_	_	_	_	_	linguistic	_	ContainsVariation=No	_	_	_	_	_	_
577-3	BO003	577	3	la	la	_	_	_	_	_	linguistic	_	ContainsVariation=No	_	_	_	_	_	_
577-4	BO003	577	4	sofia	sofia	_	_	_	_	_	linguistic	_	ContainsVariation=No	_	_	_	_	_	_
577-5	BO003	577	5	non	non	_	_	_	_	_	linguistic	_	ContainsVariation=No	_	_	_	_	_	_
577-6	BO003	577	6	torneranno	torneranno	_	_	_	_	_	linguistic	_	ContainsVariation=No	_	_	_	_	_	_
577-7	BO003	577	7	amici,	amici	_	_	_	_	_	linguistic	_	ContainsVariation=No	Intonation=WeaklyRising	End=1230.616	_	_	_	_
578-0	BO002	578	0	eh::	eh	_	_	_	_	_	linguistic	_	ContainsVariation=No	_	Begin=1230.7	1x2	_	_	_
578-1	BO002	578	1	mh	mh	_	_	_	_	_	linguistic	_	ContainsVariation=No	_	End=1232.081	_	_	_	_
579-0	BO002	579	0	se	se	_	_	_	_	_	linguistic	_	ContainsVariation=No	_	Begin=1232.569	_	_	_	_
579-1	BO002	579	1	lui	lui	_	_	_	_	_	linguistic	_	ContainsVariation=No	_	_	_	_	_	_
579-2	BO002	579	2	viene	viene	_	_	_	_	_	linguistic	_	ContainsVariation=No	_	_	_	_	_	_
579-3	BO002	579	3	a	a	_	_	_	_	_	linguistic	_	ContainsVariation=No	_	_	_	_	_	_
579-4	BO002	579	4	sapere	sapere	_	_	_	_	_	linguistic	_	ContainsVariation=No	_	_	_	_	_	_
579-5	BO002	579	5	quello	quello	_	_	_	_	_	linguistic	_	ContainsVariation=No	_	_	_	_	_	_
579-6	BO002	579	6	che	che	_	_	_	_	_	linguistic	_	ContainsVariation=No	_	_	_	_	_	_
579-7	BO002	579	7	ha	ha	_	_	_	_	_	linguistic	_	ContainsVariation=No	_	_	_	_	_	_
579-8	BO002	579	8	combina:to:,	combinato	_	_	_	_	_	linguistic	_	ContainsVariation=No	Intonation=WeaklyRising	End=1235.165	6x1,8x1	_	_	_
580-0	BO003	580	0	no.	no	_	_	_	_	_	linguistic	_	ContainsVariation=No	Intonation=Falling	Begin=1235.706|End=1236.127	_	_	_	_
581-0	BO002	581	0	mh.	mh	_	_	_	_	_	linguistic	_	ContainsVariation=No	Intonation=Falling	Begin=1236.392|End=1236.623	_	_	_	_
582-0	BO002	582	0	perché	perché	_	_	_	_	_	linguistic	_	ContainsVariation=No	_	Begin=1237.809	_	_	_	_
582-1	BO002	582	1	lui	lui	_	_	_	_	_	linguistic	_	ContainsVariation=No	_	_	_	_	_	_
582-2	BO002	582	2	è	è	_	_	_	_	_	linguistic	_	ContainsVariation=No	_	_	_	_	_	_
582-3	BO002	582	3	uno	uno	_	_	_	_	_	linguistic	_	ContainsVariation=No	_	_	_	_	_	_
582-4	BO002	582	4	che	che	_	_	_	_	_	linguistic	_	ContainsVariation=No	_	_	_	_	_	_
582-5	BO002	582	5	se	se	_	_	_	_	_	linguistic	_	ContainsVariation=No	_	_	_	_	_	_
582-6	BO002	582	6	lo	lo	_	_	_	_	_	linguistic	_	ContainsVariation=No	_	_	_	_	_	_
582-7	BO002	582	7	deludi	deludi	_	_	_	_	_	linguistic	_	ContainsVariation=No	_	_	_	_	_	_
582-8	BO002	582	8	una	una	_	_	_	_	_	linguistic	_	ContainsVariation=No	_	_	_	_	_	_
582-9	BO002	582	9	volta::,	volta	_	_	_	_	_	linguistic	_	ContainsVariation=No	Intonation=WeaklyRising	End=1240.615	4x2	_	_	_
583-0	BO003	583	0	non	non	_	_	_	_	_	linguistic	_	ContainsVariation=No	_	Begin=1241.029	_	_	_	_
583-1	BO003	583	1	torni::,	torni	_	_	_	_	_	linguistic	_	ContainsVariation=No	Intonation=WeaklyRising	End=1242.133	4x2	_	_	_
584-0	BO002	584	0	eh:	eh	_	_	_	_	_	linguistic	_	ContainsVariation=No	ProsodicLink=Yes	Begin=1242.133	1x1	_	_	_
584-1	BO002	584	1	è	è	_	_	_	_	_	linguistic	_	ContainsVariation=No	_	_	_	_	_	_
584-2	BO002	584	2	difficile	difficile	_	_	_	_	_	linguistic	_	ContainsVariation=No	PauseAfter=Yes	_	_	_	_	_
584-3	BO002	584	3	(.)	(.)	_	_	_	_	_	shortpause	_	ContainsVariation=No	_	_	_	_	_	_
584-4	BO002	584	4	è	è	_	_	_	_	_	linguistic	_	ContainsVariation=No	_	_	_	_	_	_
584-5	BO002	584	5	difficile	difficile	_	_	_	_	_	linguistic	_	ContainsVariation=No	_	_	_	_	_	_
584-6	BO002	584	6	bisogna	bisogna	_	_	_	_	_	linguistic	_	ContainsVariation=No	_	_	_	_	_	_
584-7	BO002	584	7	proprio	proprio	_	_	_	_	_	linguistic	_	ContainsVariation=No	_	_	_	_	_	_
584-8	BO002	584	8	che	che	_	_	_	_	_	linguistic	_	ContainsVariation=No	PauseAfter=Yes	_	_	_	_	_
584-9	BO002	584	9	(.)	(.)	_	_	_	_	_	shortpause	_	ContainsVariation=No	_	_	_	_	_	_
584-10	BO002	584	10	ti	ti	_	_	_	_	_	linguistic	_	ContainsVariation=No	_	_	_	_	_	_
584-11	BO002	584	11	ami	ami	_	_	_	_	_	linguistic	_	ContainsVariation=No	_	_	_	_	_	_
584-12	BO002	584	12	spassionatame:nte	spassionatamente	_	_	_	_	_	linguistic	_	ContainsVariation=No	_	End=1247.747	12x1	_	_	_
585-0	BO003	585	0	e	e	_	_	_	_	_	linguistic	_	ContainsVariation=No	_	Begin=1247.747	_	_	_	_
585-1	BO003	585	1	lei,	lei	_	_	_	_	_	linguistic	_	ContainsVariation=No	Intonation=WeaklyRising|PauseAfter=Yes	_	_	_	_	_
585-2	BO003	585	2	(.)	(.)	_	_	_	_	_	shortpause	_	ContainsVariation=No	_	_	_	_	_	_
585-3	BO003	585	3	già	già	_	_	_	_	_	linguistic	_	ContainsVariation=No	_	_	_	_	_	_
585-4	BO003	585	4	prima	prima	_	_	_	_	_	linguistic	_	ContainsVariation=No	_	_	_	_	_	_
585-5	BO003	585	5	[non	non	_	_	_	_	_	linguistic	_	ContainsVariation=No	_	_	_	_	_	0-3(187)
585-6	BO003	585	6	le	le	_	_	_	_	_	linguistic	_	ContainsVariation=No	_	_	_	_	_	0-2(187)
585-7	BO003	585	7	piaceva]	piaceva	_	_	_	_	_	linguistic	_	ContainsVariation=No	_	End=1250.055	_	_	_	0-7(187)
586-0	BO002	586	0	[no.	no	_	_	_	_	_	linguistic	_	ContainsVariation=No	Intonation=Falling|PauseAfter=Yes	Begin=1249.066	_	_	_	0-2(187)
586-1	BO002	586	1	(.)	(.)	_	_	_	_	_	shortpause	_	ContainsVariation=No	_	_	_	_	_	X(187)
586-2	BO002	586	2	in]fatti	infatti	_	_	_	_	_	linguistic	_	ContainsVariation=No	_	_	_	_	_	0-2(187)
586-3	BO002	586	3	((ride))	((ride))	_	_	_	_	_	nonverbalbehavior	_	ContainsVariation=No	_	End=1250.548	_	_	_	_
587-0	BO003	587	0	che	che	_	_	_	_	_	linguistic	_	ContainsVariation=No	_	Begin=1253.641	_	_	_	_
587-1	BO003	587	1	poi	poi	_	_	_	_	_	linguistic	_	ContainsVariation=No	_	_	_	_	_	_
587-2	BO003	587	2	lei	lei	_	_	_	_	_	linguistic	_	ContainsVariation=No	_	_	_	_	_	_
587-3	BO003	587	3	sì	sì	_	_	_	_	_	linguistic	_	ContainsVariation=No	_	_	_	_	_	_
587-4	BO003	587	4	>cioè<	cioè	_	_	_	_	_	linguistic	_	ContainsVariation=No	_	_	_	Fast=0-4(0)	_	_
587-5	BO003	587	5	ha	ha	_	_	_	_	_	linguistic	_	ContainsVariation=No	_	_	_	_	_	_
587-6	BO003	587	6	fatto	fatto	_	_	_	_	_	linguistic	_	ContainsVariation=No	_	_	_	_	_	_
587-7	BO003	587	7	una	una	_	_	_	_	_	linguistic	_	ContainsVariation=No	_	_	_	_	_	_
587-8	BO003	587	8	gran	gran	_	_	_	_	_	linguistic	_	ContainsVariation=No	_	_	_	_	_	_
587-9	BO003	587	9	balotta	balotta	_	_	_	_	_	linguistic	_	ContainsVariation=No	_	_	_	_	_	_
587-10	BO003	587	10	in	in	_	_	_	_	_	linguistic	_	ContainsVariation=No	_	_	_	_	_	_
587-11	BO003	587	11	germa:nia	germania	_	_	_	_	_	linguistic	_	ContainsVariation=No	_	End=1256.869	4x1	_	_	_
588-0	BO002	588	0	((ride))	((ride))	_	_	_	_	_	nonverbalbehavior	_	ContainsVariation=No	_	Begin=1257.807|End=1258.842	_	_	_	_
589-0	BO003	589	0	cioè,	cioè	_	_	_	_	_	linguistic	_	ContainsVariation=No	Intonation=WeaklyRising	Begin=1258.356|End=1258.802	_	_	_	_
590-0	BO002	590	0	ha	ha	_	_	_	_	_	linguistic	_	ContainsVariation=No	_	Begin=1259.417	_	_	_	_
590-1	BO002	590	1	fatto	fatto	_	_	_	_	_	linguistic	_	ContainsVariation=No	_	_	_	_	_	_
590-2	BO002	590	2	un	un	_	_	_	_	_	linguistic	_	ContainsVariation=No	_	_	_	_	_	_
590-3	BO002	590	3	<mace:llo>	macello	_	_	_	_	_	linguistic	_	ContainsVariation=No	_	_	3x1	Slow=0-7(0)	_	_
590-4	BO002	590	4	[praticamen~]	praticamen~	_	_	_	_	_	linguistic	_	ContainsVariation=No	Interrupted=Yes	End=1261.631	_	_	_	0-11(189)
591-0	BO003	591	0	[eh].	eh	_	_	_	_	_	linguistic	_	ContainsVariation=No	Intonation=Falling|PauseAfter=Yes	Begin=1260.876	_	_	_	0-2(189)
591-1	BO003	591	1	(.)	(.)	_	_	_	_	_	shortpause	_	ContainsVariation=No	_	_	_	_	_	_
591-2	BO003	591	2	cioè	cioè	_	_	_	_	_	linguistic	_	ContainsVariation=No	_	_	_	_	_	_
591-3	BO003	591	3	ha	ha	_	_	_	_	_	linguistic	_	ContainsVariation=No	_	_	_	_	_	_
591-4	BO003	591	4	conosciuto	conosciuto	_	_	_	_	_	linguistic	_	ContainsVariation=No	_	_	_	_	_	_
591-5	BO003	591	5	ge:nte,	gente	_	_	_	_	_	linguistic	_	ContainsVariation=No	Intonation=WeaklyRising	_	1x1	_	_	_
591-6	BO003	591	6	è	è	_	_	_	_	_	linguistic	_	ContainsVariation=No	_	_	_	_	_	_
591-7	BO003	591	7	entrata	entrata	_	_	_	_	_	linguistic	_	ContainsVariation=No	_	_	_	_	_	_
591-8	BO003	591	8	in	in	_	_	_	_	_	linguistic	_	ContainsVariation=No	_	_	_	_	_	_
591-9	BO003	591	9	un	un	_	_	_	_	_	linguistic	_	ContainsVariation=No	_	_	_	_	_	_
591-10	BO003	591	10	grup[pino	gruppino	_	_	_	_	_	linguistic	_	ContainsVariation=No	_	_	_	_	_	4-8(190)
591-11	BO003	591	11	di	di	_	_	_	_	_	linguistic	_	ContainsVariation=No	_	_	_	_	_	0-2(190)
591-12	BO003	591	12	ragazzi],	ragazzi	_	_	_	_	_	linguistic	_	ContainsVariation=No	Intonation=WeaklyRising	End=1264.987	_	_	_	0-7(190)
592-0	BO002	592	0	[s::::ì]::	sì	_	_	_	_	_	linguistic	_	ContainsVariation=No	_	Begin=1263.475|End=1265.224	0x4,1x2	_	_	0-2(190)
593-0	BO003	593	0	accipicchia	accipicchia	_	_	_	_	_	linguistic	_	ContainsVariation=No	_	Begin=1267.476|End=1268.407	_	_	_	_
594-0	BO002	594	0	e	e	_	_	_	_	_	linguistic	_	ContainsVariation=No	_	Begin=1269.007	_	_	_	_
594-1	BO002	594	1	prima	prima	_	_	_	_	_	linguistic	_	ContainsVariation=No	_	_	_	_	_	_
594-2	BO002	594	2	mai.	mai	_	_	_	_	_	linguistic	_	ContainsVariation=No	Intonation=Falling	_	_	_	_	_
594-3	BO002	594	3	[niente]	niente	_	_	_	_	_	linguistic	_	ContainsVariation=No	_	End=1270.682	_	_	_	0-6(191)
595-0	BO003	595	0	[eh]	eh	_	_	_	_	_	linguistic	_	ContainsVariation=No	_	Begin=1270.237|End=1270.686	_	_	_	0-2(191)
596-0	BO002	596	0	bah	bah	_	_	_	_	_	linguistic	_	ContainsVariation=No	_	Begin=1272.188|End=1272.697	_	_	_	_
597-0	BO003	597	0	>adesso<	adesso	_	_	_	_	_	linguistic	_	ContainsVariation=No	_	Begin=1273.893	_	Fast=0-6(0)	_	_
597-1	BO003	597	1	c'	c'	_	_	_	_	_	linguistic	_	ContainsVariation=No	SpaceAfter=No	_	_	_	_	_
597-2	BO003	597	2	è	è	_	_	_	_	_	linguistic	_	ContainsVariation=No	_	_	_	_	_	_
597-3	BO003	597	3	mario	mario	_	_	_	_	_	linguistic	_	ContainsVariation=No	_	End=1275.119	_	_	_	_
598-0	BO002	598	0	((ride))	((ride))	_	_	_	_	_	nonverbalbehavior	_	ContainsVariation=No	_	Begin=1275.168|End=1277.512	_	_	_	_
599-0	BO003	599	0	e::	e	_	_	_	_	_	linguistic	_	ContainsVariation=No	_	Begin=1277.512	0x2	_	_	_
599-1	BO003	599	1	le:i	lei	_	_	_	_	_	linguistic	_	ContainsVariation=No	_	_	1x1	_	_	_
599-2	BO003	599	2	no:n	non	_	_	_	_	_	linguistic	_	ContainsVariation=No	_	_	1x1	_	_	_
599-3	BO003	599	3	sappiam	sappiam	_	_	_	_	_	linguistic	_	ContainsVariation=No	_	_	_	_	_	_
599-4	BO003	599	4	più	più	_	_	_	_	_	linguistic	_	ContainsVariation=No	_	_	_	_	_	_
599-5	BO003	599	5	niente	niente	_	_	_	_	_	linguistic	_	ContainsVariation=No	_	_	_	_	_	_
599-6	BO003	599	6	perché	perché	_	_	_	_	_	linguistic	_	ContainsVariation=No	_	_	_	_	_	_
599-7	BO003	599	7	lei	lei	_	_	_	_	_	linguistic	_	ContainsVariation=No	_	_	_	_	_	_
599-8	BO003	599	8	non	non	_	_	_	_	_	linguistic	_	ContainsVariation=No	_	_	_	_	_	_
599-9	BO003	599	9	ci	ci	_	_	_	_	_	linguistic	_	ContainsVariation=No	_	_	_	_	_	_
599-10	BO003	599	10	<dice>	dice	_	_	_	_	_	linguistic	_	ContainsVariation=No	_	End=1281.284	_	Slow=0-4(0)	_	_
600-0	BO003	600	0	però	però	_	_	_	_	_	linguistic	_	ContainsVariation=No	_	Begin=1282.719	_	_	_	_
600-1	BO003	600	1	(>se~	se~	_	_	_	_	_	linguistic	_	ContainsVariation=No	Interrupted=Yes	_	_	Fast=0-3(0)	0-3(0)	_
600-2	BO003	600	2	hanno)	hanno	_	_	_	_	_	linguistic	_	ContainsVariation=No	_	_	_	Fast=0-5(0)	0-5(0)	_
600-3	BO003	600	3	rifatto<	rifatto	_	_	_	_	_	linguistic	_	ContainsVariation=No	_	_	_	Fast=0-7(0)	_	_
600-4	BO003	600	4	sicu[ro].	sicuro	_	_	_	_	_	linguistic	_	ContainsVariation=No	Intonation=Falling	End=1284.362	_	_	_	4-6(192)
601-0	BO002	601	0	[no]	no	_	_	_	_	_	linguistic	_	ContainsVariation=No	_	Begin=1284.184	_	_	_	0-2(192)
601-1	BO002	601	1	infatti	infatti	_	_	_	_	_	linguistic	_	ContainsVariation=No	_	End=1285.398	_	_	_	_
602-0	BO003	602	0	((ride))	((ride))	_	_	_	_	_	nonverbalbehavior	_	ContainsVariation=No	_	Begin=1288.745|End=1290.582	_	_	_	_
603-0	BO002	603	0	((ride))	((ride))	_	_	_	_	_	nonverbalbehavior	_	ContainsVariation=No	_	Begin=1289.116|End=1290.582	_	_	_	_
604-0	BO002	604	0	okay.	okay	_	_	_	_	_	linguistic	_	ContainsVariation=No	Intonation=Falling	Begin=1290.609	_	_	_	_
604-1	BO002	604	1	io	io	_	_	_	_	_	linguistic	_	ContainsVariation=No	_	_	_	_	_	_
604-2	BO002	604	2	dico	dico	_	_	_	_	_	linguistic	_	ContainsVariation=No	PauseAfter=Yes	_	_	_	_	_
604-3	BO002	604	3	(.)	(.)	_	_	_	_	_	shortpause	_	ContainsVariation=No	_	_	_	_	_	_
604-4	BO002	604	4	ma	ma	_	_	_	_	_	linguistic	_	ContainsVariation=No	_	_	_	_	_	_
604-5	BO002	604	5	secondo	secondo	_	_	_	_	_	linguistic	_	ContainsVariation=No	_	_	_	_	_	_
604-6	BO002	604	6	te	te	_	_	_	_	_	linguistic	_	ContainsVariation=No	_	End=1292.803	_	_	_	_
605-0	BO003	605	0	eh	eh	_	_	_	_	_	linguistic	_	ContainsVariation=No	_	Begin=1292.984|End=1293.425	_	_	_	_
606-0	BO002	606	0	ma	ma	_	_	_	_	_	linguistic	_	ContainsVariation=No	_	Begin=1294.139	_	_	_	_
606-1	BO002	606	1	se	se	_	_	_	_	_	linguistic	_	ContainsVariation=No	_	_	_	_	_	_
606-2	BO002	606	2	io	io	_	_	_	_	_	linguistic	_	ContainsVariation=No	_	_	_	_	_	_
606-3	BO002	606	3	gli	gli	_	_	_	_	_	linguistic	_	ContainsVariation=No	_	_	_	_	_	_
606-4	BO002	606	4	chiedo	chiedo	_	_	_	_	_	linguistic	_	ContainsVariation=No	PauseAfter=Yes	_	_	_	_	_
606-5	BO002	606	5	(.)	(.)	_	_	_	_	_	shortpause	_	ContainsVariation=No	_	_	_	_	_	_
606-6	BO002	606	6	all'	all'	_	_	_	_	_	linguistic	_	ContainsVariation=No	SpaceAfter=No	_	_	_	_	_
606-7	BO002	606	7	o:mo::	omo	_	_	_	_	_	linguistic	_	ContainsVariation=No	PauseAfter=Yes	_	0x1,2x2	_	_	_
606-8	BO002	606	8	(.)	(.)	_	_	_	_	_	shortpause	_	ContainsVariation=No	_	_	_	_	_	_
606-9	BO002	606	9	se::	se	_	_	_	_	_	linguistic	_	ContainsVariation=No	PauseAfter=Yes	_	1x2	_	_	_
606-10	BO002	606	10	(.)	(.)	_	_	_	_	_	shortpause	_	ContainsVariation=No	_	_	_	_	_	_
606-11	BO002	606	11	nel	nel	_	_	_	_	_	linguistic	_	ContainsVariation=No	_	_	_	_	_	_
606-12	BO002	606	12	progetto	progetto	_	_	_	_	_	linguistic	_	ContainsVariation=No	_	_	_	_	_	_
606-13	BO002	606	13	non	non	_	_	_	_	_	linguistic	_	ContainsVariation=No	_	_	_	_	_	_
606-14	BO002	606	14	c'	c'	_	_	_	_	_	linguistic	_	ContainsVariation=No	SpaceAfter=No	_	_	_	_	_
606-15	BO002	606	15	è	è	_	_	_	_	_	linguistic	_	ContainsVariation=No	_	_	_	_	_	_
606-16	BO002	606	16	mica	mica	_	_	_	_	_	linguistic	_	ContainsVariation=No	_	_	_	_	_	_
606-17	BO002	606	17	una	una	_	_	_	_	_	linguistic	_	ContainsVariation=No	_	_	_	_	_	_
606-18	BO002	606	18	ragazza	ragazza	_	_	_	_	_	linguistic	_	ContainsVariation=No	_	_	_	_	_	_
606-19	BO002	606	19	che	che	_	_	_	_	_	linguistic	_	ContainsVariation=No	_	_	_	_	_	_
606-20	BO002	606	20	si	si	_	_	_	_	_	linguistic	_	ContainsVariation=No	_	_	_	_	_	_
606-21	BO002	606	21	chiama	chiama	_	_	_	_	_	linguistic	_	ContainsVariation=No	_	_	_	_	_	_
606-22	BO002	606	22	marta	marta	_	_	_	_	_	linguistic	_	ContainsVariation=No	_	_	_	_	_	_
606-23	BO002	606	23	vero	vero	_	_	_	_	_	linguistic	_	ContainsVariation=No	_	_	_	_	_	_
606-24	BO002	606	24	perché	perché	_	_	_	_	_	linguistic	_	ContainsVariation=No	_	_	_	_	_	_
606-25	BO002	606	25	abbia[mo]	abbiamo	_	_	_	_	_	linguistic	_	ContainsVariation=No	_	End=1302.206	_	_	_	3-6(194)
607-0	BO003	607	0	[pu]oi	puoi	_	_	_	_	_	linguistic	_	ContainsVariation=No	_	Begin=1301.948	_	_	_	0-2(194)
607-1	BO003	607	1	chiederglielo.	chiederglielo	_	_	_	_	_	linguistic	_	ContainsVariation=No	Intonation=Falling	_	_	_	_	_
607-2	BO003	607	2	sì	sì	_	_	_	_	_	linguistic	_	ContainsVariation=No	_	_	_	_	_	_
607-3	BO003	607	3	[sì	sì	_	_	_	_	_	linguistic	_	ContainsVariation=No	_	_	_	_	_	0-2(195)
607-4	BO003	607	4	chiediglielo]	chiediglielo	_	_	_	_	_	linguistic	_	ContainsVariation=No	_	End=1304.247	_	_	_	0-12(195)
608-0	BO002	608	0	[sì?	sì	_	_	_	_	_	linguistic	_	ContainsVariation=No	Intonation=Rising	Begin=1303.088	_	_	_	0-2(195)
608-1	BO002	608	1	vabbè	vabbè	_	_	_	_	_	linguistic	_	ContainsVariation=No	_	_	_	_	_	0-5(195)
608-2	BO002	608	2	tan~	tan~	_	_	_	_	_	linguistic	_	ContainsVariation=No	Interrupted=Yes|PauseAfter=Yes	_	_	_	_	0-4(195)
608-3	BO002	608	3	(.)	(.)	_	_	_	_	_	shortpause	_	ContainsVariation=No	_	_	_	_	_	X(195)
608-4	BO002	608	4	tan~]	tan~	_	_	_	_	_	linguistic	_	ContainsVariation=No	Interrupted=Yes	End=1304.248	_	_	_	0-4(195)
609-0	BO003	609	0	ma	ma	_	_	_	_	_	linguistic	_	ContainsVariation=No	_	Begin=1304.517	_	_	_	_
609-1	BO003	609	1	lui	lui	_	_	_	_	_	linguistic	_	ContainsVariation=No	_	_	_	_	_	_
609-2	BO003	609	2	è	è	_	_	_	_	_	linguistic	_	ContainsVariation=No	_	_	_	_	_	_
609-3	BO003	609	3	del	del	_	_	_	_	_	linguistic	_	ContainsVariation=No	_	_	_	_	_	_
609-4	BO003	609	4	secondo	secondo	_	_	_	_	_	linguistic	_	ContainsVariation=No	_	_	_	_	_	_
609-5	BO003	609	5	anno?	anno	_	_	_	_	_	linguistic	_	ContainsVariation=No	Intonation=Rising	End=1305.757	_	_	_	_
610-0	BO002	610	0	boh	boh	_	_	_	_	_	linguistic	_	ContainsVariation=No	_	Begin=1305.866|End=1306.73	_	_	_	_
611-0	BO002	611	0	tanto	tanto	_	_	_	_	_	linguistic	_	ContainsVariation=No	_	Begin=1307.056	_	_	_	_
611-1	BO002	611	1	mi	mi	_	_	_	_	_	linguistic	_	ContainsVariation=No	_	_	_	_	_	_
611-2	BO002	611	2	sembra	sembra	_	_	_	_	_	linguistic	_	ContainsVariation=No	_	_	_	_	_	_
611-3	BO002	611	3	molto	molto	_	_	_	_	_	linguistic	_	ContainsVariation=No	_	_	_	_	_	_
611-4	BO002	611	4	alla	alla	_	_	_	_	_	linguistic	_	ContainsVariation=No	_	_	_	_	_	_
611-5	BO002	611	5	ma[no:	mano	_	_	_	_	_	linguistic	_	ContainsVariation=No	_	_	3x1	_	_	2-4(196)
611-6	BO002	611	6	onde	onde	_	_	_	_	_	linguistic	_	ContainsVariation=No	_	_	_	_	_	0-4(196)
611-7	BO002	611	7	evitare::]	evitare	_	_	_	_	_	linguistic	_	ContainsVariation=No	_	End=1310.23	6x2	_	_	0-7(196)
612-0	BO003	612	0	[sì.	sì	_	_	_	_	_	linguistic	_	ContainsVariation=No	Intonation=Falling|PauseAfter=Yes	Begin=1308.834	_	_	_	0-2(196)
612-1	BO003	612	1	(.)	(.)	_	_	_	_	_	shortpause	_	ContainsVariation=No	_	_	_	_	_	X(196)
612-2	BO003	612	2	sì	sì	_	_	_	_	_	linguistic	_	ContainsVariation=No	_	_	_	_	_	0-2(196)
612-3	BO003	612	3	sì	sì	_	_	_	_	_	linguistic	_	ContainsVariation=No	_	_	_	_	_	0-2(196)
612-4	BO003	612	4	sì]	sì	_	_	_	_	_	linguistic	_	ContainsVariation=No	_	End=1310.227	_	_	_	0-2(196)
613-0	BO003	613	0	onde	onde	_	_	_	_	_	linguistic	_	ContainsVariation=No	_	Begin=1311.519	_	_	_	_
613-1	BO003	613	1	evitare	evitare	_	_	_	_	_	linguistic	_	ContainsVariation=No	_	_	_	_	_	_
613-2	BO003	613	2	problemi,	problemi	_	_	_	_	_	linguistic	_	ContainsVariation=No	Intonation=WeaklyRising|PauseAfter=Yes	_	_	_	_	_
613-3	BO003	613	3	(.)	(.)	_	_	_	_	_	shortpause	_	ContainsVariation=No	_	_	_	_	_	_
613-4	BO003	613	4	che	che	_	_	_	_	_	linguistic	_	ContainsVariation=No	_	_	_	_	_	_
613-5	BO003	613	5	se	se	_	_	_	_	_	linguistic	_	ContainsVariation=No	_	_	_	_	_	_
613-6	BO003	613	6	lei	lei	_	_	_	_	_	linguistic	_	ContainsVariation=No	_	_	_	_	_	_
613-7	BO003	613	7	lo	lo	_	_	_	_	_	linguistic	_	ContainsVariation=No	_	_	_	_	_	_
613-8	BO003	613	8	ascolta,	ascolta	_	_	_	_	_	linguistic	_	ContainsVariation=No	Intonation=WeaklyRising	End=1314.503	_	_	_	_
614-0	BO002	614	0	((ride))	((ride))	_	_	_	_	_	nonverbalbehavior	_	ContainsVariation=No	_	Begin=1314.151|End=1315.186	_	_	_	_
615-0	BO002	615	0	x[xx]	xxx	_	_	_	_	_	unknown	_	ContainsVariation=No	Syllables=3	Begin=1315.235|End=1316.001	_	_	_	1-3(198)
616-0	BO003	616	0	[mi	mi	_	_	_	_	_	linguistic	_	ContainsVariation=No	_	Begin=1315.556	_	_	_	0-2(198)
616-1	BO003	616	1	verrà]	verrà	_	_	_	_	_	linguistic	_	ContainsVariation=No	_	_	_	_	_	0-5(198)
616-2	BO003	616	2	a	a	_	_	_	_	_	linguistic	_	ContainsVariation=No	_	_	_	_	_	_
616-3	BO003	616	3	cercare	cercare	_	_	_	_	_	linguistic	_	ContainsVariation=No	_	End=1316.997	_	_	_	_
617-0	BO002	617	0	a	a	_	_	_	_	_	linguistic	_	ContainsVariation=No	_	Begin=1317.047	_	_	_	_
617-1	BO002	617	1	te.	te	_	_	_	_	_	linguistic	_	ContainsVariation=No	Intonation=Falling	_	_	_	_	_
617-2	BO002	617	2	a	a	_	_	_	_	_	linguistic	_	ContainsVariation=No	_	_	_	_	_	_
617-3	BO002	617	3	me,	me	_	_	_	_	_	linguistic	_	ContainsVariation=No	Intonation=WeaklyRising	End=1318.68	_	_	_	_
618-0	BO002	618	0	a	a	_	_	_	_	_	linguistic	_	ContainsVariation=No	_	Begin=1319.522	_	_	_	_
618-1	BO002	618	1	me,	me	_	_	_	_	_	linguistic	_	ContainsVariation=No	Intonation=WeaklyRising	_	_	_	_	_
618-2	BO002	618	2	cioè	cioè	_	_	_	_	_	linguistic	_	ContainsVariation=No	PauseAfter=Yes	_	_	_	_	_
618-3	BO002	618	3	(.)	(.)	_	_	_	_	_	shortpause	_	ContainsVariation=No	_	_	_	_	_	_
618-4	BO002	618	4	a	a	_	_	_	_	_	linguistic	_	ContainsVariation=No	_	_	_	_	_	_
618-5	BO002	618	5	te	te	_	_	_	_	_	linguistic	_	ContainsVariation=No	_	_	_	_	_	_
618-6	BO002	618	6	magari	magari	_	_	_	_	_	linguistic	_	ContainsVariation=No	_	_	_	_	_	_
618-7	BO002	618	7	ti	ti	_	_	_	_	_	linguistic	_	ContainsVariation=No	_	_	_	_	_	_
618-8	BO002	618	8	(viene)	viene	_	_	_	_	_	linguistic	_	ContainsVariation=No	_	_	_	_	0-5(0)	_
618-9	BO002	618	9	a	a	_	_	_	_	_	linguistic	_	ContainsVariation=No	_	_	_	_	_	_
618-10	BO002	618	10	cerca:re	cercare	_	_	_	_	_	linguistic	_	ContainsVariation=No	_	_	4x1	_	_	_
618-11	BO002	618	11	[a	a	_	_	_	_	_	linguistic	_	ContainsVariation=No	_	_	_	_	_	0-1(199)
618-12	BO002	618	12	m~	m~	_	_	_	_	_	linguistic	_	ContainsVariation=No	Interrupted=Yes	_	_	_	_	0-2(199)
618-13	BO002	618	13	a	a	_	_	_	_	_	linguistic	_	ContainsVariation=No	_	_	_	_	_	0-1(199)
618-14	BO002	618	14	me	me	_	_	_	_	_	linguistic	_	ContainsVariation=No	_	_	_	_	_	0-2(199)
618-15	BO002	618	15	mi	mi	_	_	_	_	_	linguistic	_	ContainsVariation=No	_	_	_	_	_	0-2(199)
618-16	BO002	618	16	u~]	u~	_	_	_	_	_	linguistic	_	ContainsVariation=No	Interrupted=Yes	_	_	_	_	0-2(199)
618-17	BO002	618	17	mi	mi	_	_	_	_	_	linguistic	_	ContainsVariation=No	_	_	_	_	_	_
618-18	BO002	618	18	ucci:de	uccide	_	_	_	_	_	linguistic	_	ContainsVariation=No	_	_	3x1	_	_	_
618-19	BO002	618	19	direttame::nte	direttamente	_	_	_	_	_	linguistic	_	ContainsVariation=No	_	_	8x2	_	_	_
618-20	BO002	618	20	cioè	cioè	_	_	_	_	_	linguistic	_	ContainsVariation=No	_	_	_	_	_	_
618-21	BO002	618	21	non	non	_	_	_	_	_	linguistic	_	ContainsVariation=No	_	_	_	_	_	_
618-22	BO002	618	22	non	non	_	_	_	_	_	linguistic	_	ContainsVariation=No	_	_	_	_	_	_
618-23	BO002	618	23	ritroverete	ritroverete	_	_	_	_	_	linguistic	_	ContainsVariation=No	_	_	_	_	_	_
618-24	BO002	618	24	nemmeno	nemmeno	_	_	_	_	_	linguistic	_	ContainsVariation=No	_	_	_	_	_	_
618-25	BO002	618	25	il	il	_	_	_	_	_	linguistic	_	ContainsVariation=No	_	_	_	_	_	_
618-26	BO002	618	26	mio	mio	_	_	_	_	_	linguistic	_	ContainsVariation=No	_	_	_	_	_	_
618-27	BO002	618	27	cada:vere	cadavere	_	_	_	_	_	linguistic	_	ContainsVariation=No	_	End=1328.377	3x1	_	_	_
619-0	BO003	619	0	[che	che	_	_	_	_	_	linguistic	_	ContainsVariation=No	_	Begin=1322.824	_	_	_	0-3(199)
619-1	BO003	619	1	ansiha].	ansiha	_	_	_	_	_	linguistic	_	ContainsVariation=No	Intonation=Falling	End=1324.06	_	_	_	0-6(199)
620-0	BO002	620	0	no.	no	_	_	_	_	_	linguistic	_	ContainsVariation=No	Intonation=Falling	Begin=1330.272	_	_	_	_
620-1	BO002	620	1	dopo	dopo	_	_	_	_	_	linguistic	_	ContainsVariation=No	_	_	_	_	_	_
620-2	BO002	620	2	glielo	glielo	_	_	_	_	_	linguistic	_	ContainsVariation=No	_	_	_	_	_	_
620-3	BO002	620	3	chie:do	chiedo	_	_	_	_	_	linguistic	_	ContainsVariation=No	_	End=1331.654	3x1	_	_	_
621-0	BO003	621	0	sì	sì	_	_	_	_	_	linguistic	_	ContainsVariation=No	_	Begin=1331.654	_	_	_	_
621-1	BO003	621	1	sì.	sì	_	_	_	_	_	linguistic	_	ContainsVariation=No	Intonation=Falling	End=1332.284	_	_	_	_
622-0	BO002	622	0	(>così<)	così	_	_	_	_	_	linguistic	_	ContainsVariation=No	_	Begin=1334.253|End=1335.198	_	Fast=0-4(0)	0-4(0)	_
623-0	BO002	623	0	che	che	_	_	_	_	_	linguistic	_	ContainsVariation=No	_	Begin=1335.379	_	_	_	_
623-1	BO002	623	1	ore,	ore	_	_	_	_	_	linguistic	_	ContainsVariation=No	Intonation=WeaklyRising	_	_	_	_	_
623-2	BO002	623	2	sono?	sono	_	_	_	_	_	linguistic	_	ContainsVariation=No	Intonation=Rising	End=1336.117	_	_	_	_
624-0	BO003	624	0	non	non	_	_	_	_	_	linguistic	_	ContainsVariation=No	_	Begin=1336.228	_	_	_	_
624-1	BO003	624	1	lo	lo	_	_	_	_	_	linguistic	_	ContainsVariation=No	_	_	_	_	_	_
624-2	BO003	624	2	so.	so	_	_	_	_	_	linguistic	_	ContainsVariation=No	Intonation=Falling	End=1336.73	_	_	_	_
625-0	BO002	625	0	perché	perché	_	_	_	_	_	linguistic	_	ContainsVariation=No	_	Begin=1337.068	_	_	_	_
625-1	BO002	625	1	mi	mi	_	_	_	_	_	linguistic	_	ContainsVariation=No	_	_	_	_	_	_
625-2	BO002	625	2	sa	sa	_	_	_	_	_	linguistic	_	ContainsVariation=No	_	_	_	_	_	_
625-3	BO002	625	3	che	che	_	_	_	_	_	linguistic	_	ContainsVariation=No	PauseAfter=Yes	_	_	_	_	_
625-4	BO002	625	4	(.)	(.)	_	_	_	_	_	shortpause	_	ContainsVariation=No	_	_	_	_	_	_
625-5	BO002	625	5	mi	mi	_	_	_	_	_	linguistic	_	ContainsVariation=No	_	_	_	_	_	_
625-6	BO002	625	6	si	si	_	_	_	_	_	linguistic	_	ContainsVariation=No	_	_	_	_	_	_
625-7	BO002	625	7	è	è	_	_	_	_	_	linguistic	_	ContainsVariation=No	_	_	_	_	_	_
625-8	BO002	625	8	fermato	fermato	_	_	_	_	_	linguistic	_	ContainsVariation=No	_	_	_	_	_	_
625-9	BO002	625	9	l'	l'	_	_	_	_	_	linguistic	_	ContainsVariation=No	SpaceAfter=No	_	_	_	_	_
625-10	BO002	625	10	orolo:gio	orologio	_	_	_	_	_	linguistic	_	ContainsVariation=No	_	End=1339.843	4x1	_	_	_
626-0	BO003	626	0	le	le	_	_	_	_	_	linguistic	_	ContainsVariation=No	_	Begin=1347.768	_	_	_	_
626-1	BO003	626	1	undici	undici	_	_	_	_	_	linguistic	_	ContainsVariation=No	_	_	_	_	_	_
626-2	BO003	626	2	e	e	_	_	_	_	_	linguistic	_	ContainsVariation=No	_	_	_	_	_	_
626-3	BO003	626	3	cinquantuno	cinquantuno	_	_	_	_	_	linguistic	_	ContainsVariation=No	_	End=1349.671	_	_	_	_
627-0	BO002	627	0	non	non	_	_	_	_	_	linguistic	_	ContainsVariation=No	_	Begin=1349.715	_	_	_	_
627-1	BO002	627	1	è	è	_	_	_	_	_	linguistic	_	ContainsVariation=No	_	_	_	_	_	_
627-2	BO002	627	2	ancora	ancora	_	_	_	_	_	linguistic	_	ContainsVariation=No	_	_	_	_	_	_
627-3	BO002	627	3	mezzogio:r[no]	mezzogiorno	_	_	_	_	_	linguistic	_	ContainsVariation=No	_	End=1351.487	7x1	_	_	9-11(200)
628-0	BO003	628	0	[no::],	no	_	_	_	_	_	linguistic	_	ContainsVariation=No	Intonation=WeaklyRising	Begin=1350.932|End=1351.498	1x2	_	_	0-2(200)
629-0	BO002	629	0	f[i:::go:]	figo	_	_	_	_	_	linguistic	_	ContainsVariation=No	_	Begin=1351.933|End=1353.383	1x3,3x1	_	_	1-4(201)
630-0	BO003	630	0	[prestissimo]	prestissimo	_	_	_	_	_	linguistic	_	ContainsVariation=No	_	Begin=1352.198|End=1353.384	_	_	_	0-11(201)
631-0	BO002	631	0	abbiamo	abbiamo	_	_	_	_	_	linguistic	_	ContainsVariation=No	_	Begin=1353.43	_	_	_	_
631-1	BO002	631	1	un	un	_	_	_	_	_	linguistic	_	ContainsVariation=No	_	_	_	_	_	_
631-2	BO002	631	2	monte	monte	_	_	_	_	_	linguistic	_	ContainsVariation=No	_	_	_	_	_	_
631-3	BO002	631	3	di	di	_	_	_	_	_	linguistic	_	ContainsVariation=No	_	_	_	_	_	_
631-4	BO002	631	4	te::m[po:].	tempo	_	_	_	_	_	linguistic	_	ContainsVariation=No	Intonation=Falling	End=1355.997	1x2,4x1	_	_	3-5(202)
632-0	BO003	632	0	[sì]	sì	_	_	_	_	_	linguistic	_	ContainsVariation=No	_	Begin=1355.318|End=1355.998	_	_	_	0-2(202)
633-0	BO002	633	0	mi	mi	_	_	_	_	_	linguistic	_	ContainsVariation=No	_	Begin=1360.665	_	_	_	_
633-1	BO002	633	1	diverto	diverto	_	_	_	_	_	linguistic	_	ContainsVariation=No	_	_	_	_	_	_
633-2	BO002	633	2	a	a	_	_	_	_	_	linguistic	_	ContainsVariation=No	_	_	_	_	_	_
633-3	BO002	633	3	stare	stare	_	_	_	_	_	linguistic	_	ContainsVariation=No	_	_	_	_	_	_
633-4	BO002	633	4	con	con	_	_	_	_	_	linguistic	_	ContainsVariation=No	_	_	_	_	_	_
633-5	BO002	633	5	[te::	te	_	_	_	_	_	linguistic	_	ContainsVariation=No	_	_	1x2	_	_	0-2(203)
633-6	BO002	633	6	a	a	_	_	_	_	_	linguistic	_	ContainsVariation=No	_	_	_	_	_	0-1(203)
633-7	BO002	633	7	dirti	dirti	_	_	_	_	_	linguistic	_	ContainsVariation=No	_	_	_	_	_	0-5(203)
633-8	BO002	633	8	i]	i	_	_	_	_	_	linguistic	_	ContainsVariation=No	_	_	_	_	_	0-1(203)
633-9	BO002	633	9	<gossip>	gossip	_	_	_	_	_	linguistic	_	ContainsVariation=No	_	End=1365.084	_	Slow=0-6(0)	_	_
634-0	BO003	634	0	[sì	sì	_	_	_	_	_	linguistic	_	ContainsVariation=No	PauseAfter=Yes	Begin=1362.247	_	_	_	0-2(203)
634-1	BO003	634	1	(.)	(.)	_	_	_	_	_	shortpause	_	ContainsVariation=No	_	_	_	_	_	X(203)
634-2	BO003	634	2	ci	ci	_	_	_	_	_	linguistic	_	ContainsVariation=No	_	_	_	_	_	0-2(203)
634-3	BO003	634	3	divertiahm~].	divertiahm~	_	_	_	_	_	linguistic	_	ContainsVariation=No	Intonation=Falling|Interrupted=Yes	_	_	_	_	0-11(203)
634-4	BO003	634	4	((ride))	((ride))	_	_	_	_	_	nonverbalbehavior	_	ContainsVariation=No	_	End=1363.878	_	_	_	_
635-0	BO002	635	0	poi	poi	_	_	_	_	_	linguistic	_	ContainsVariation=No	_	Begin=1366.3	_	_	_	_
635-1	BO002	635	1	sono	sono	_	_	_	_	_	linguistic	_	ContainsVariation=No	_	_	_	_	_	_
635-2	BO002	635	2	contenta	contenta	_	_	_	_	_	linguistic	_	ContainsVariation=No	_	_	_	_	_	_
635-3	BO002	635	3	perché	perché	_	_	_	_	_	linguistic	_	ContainsVariation=No	_	_	_	_	_	_
635-4	BO002	635	4	la	la	_	_	_	_	_	linguistic	_	ContainsVariation=No	_	_	_	_	_	_
635-5	BO002	635	5	sofia	sofia	_	_	_	_	_	linguistic	_	ContainsVariation=No	_	_	_	_	_	_
635-6	BO002	635	6	mi	mi	_	_	_	_	_	linguistic	_	ContainsVariation=No	_	_	_	_	_	_
635-7	BO002	635	7	diceva	diceva	_	_	_	_	_	linguistic	_	ContainsVariation=No	_	_	_	_	_	_
635-8	BO002	635	8	sempre	sempre	_	_	_	_	_	linguistic	_	ContainsVariation=No	_	_	_	_	_	_
635-9	BO002	635	9	eh	eh	_	_	_	_	_	linguistic	_	ContainsVariation=No	_	_	_	_	_	_
635-10	BO002	635	10	la	la	_	_	_	_	_	linguistic	_	ContainsVariation=No	_	_	_	_	_	_
635-11	BO002	635	11	ex	ex	_	_	_	_	_	linguistic	_	ContainsVariation=No	_	_	_	_	_	_
635-12	BO002	635	12	di	di	_	_	_	_	_	linguistic	_	ContainsVariation=No	_	_	_	_	_	_
635-13	BO002	635	13	marco	marco	_	_	_	_	_	linguistic	_	ContainsVariation=No	_	_	_	_	_	_
635-14	BO002	635	14	comunque::	comunque	_	_	_	_	_	linguistic	_	ContainsVariation=No	_	End=1371.082	7x2	_	_	_
636-0	BO002	636	0	mi	mi	_	_	_	_	_	linguistic	_	ContainsVariation=No	_	Begin=1371.535	_	_	_	_
636-1	BO002	636	1	diceva	diceva	_	_	_	_	_	linguistic	_	ContainsVariation=No	_	_	_	_	_	_
636-2	BO002	636	2	sei	sei	_	_	_	_	_	linguistic	_	ContainsVariation=No	_	_	_	_	_	_
636-3	BO002	636	3	più	più	_	_	_	_	_	linguistic	_	ContainsVariation=No	_	_	_	_	_	_
636-4	BO002	636	4	bellina	bellina	_	_	_	_	_	linguistic	_	ContainsVariation=No	_	_	_	_	_	_
636-5	BO002	636	5	te	te	_	_	_	_	_	linguistic	_	ContainsVariation=No	ProsodicLink=Yes	_	_	_	_	_
636-6	BO002	636	6	eh,	eh	_	_	_	_	_	linguistic	_	ContainsVariation=No	Intonation=WeaklyRising	End=1373.656	_	_	_	_
637-0	BO002	637	0	però	però	_	_	_	_	_	linguistic	_	ContainsVariation=No	_	Begin=1374.041	_	_	_	_
637-1	BO002	637	1	diceva	diceva	_	_	_	_	_	linguistic	_	ContainsVariation=No	_	_	_	_	_	_
637-2	BO002	637	2	eh,	eh	_	_	_	_	_	linguistic	_	ContainsVariation=No	Intonation=WeaklyRising	_	_	_	_	_
637-3	BO002	637	3	sai.	sai	_	_	_	_	_	linguistic	_	ContainsVariation=No	Intonation=Falling	_	_	_	_	_
637-4	BO002	637	4	ha	ha	_	_	_	_	_	linguistic	_	ContainsVariation=No	_	_	_	_	_	_
637-5	BO002	637	5	un	un	_	_	_	_	_	linguistic	_	ContainsVariation=No	_	_	_	_	_	_
637-6	BO002	637	6	bel	bel	_	_	_	_	_	linguistic	_	ContainsVariation=No	_	_	_	_	_	_
637-7	BO002	637	7	fi:sico	fisico	_	_	_	_	_	linguistic	_	ContainsVariation=No	_	_	1x1	_	_	_
637-8	BO002	637	8	comu:nque	comunque	_	_	_	_	_	linguistic	_	ContainsVariation=No	_	End=1377.433	3x1	_	_	_
638-0	BO003	638	0	sì::	sì	_	_	_	_	_	linguistic	_	ContainsVariation=No	_	Begin=1377.544	1x2	_	_	_
638-1	BO003	638	1	però,	però	_	_	_	_	_	linguistic	_	ContainsVariation=No	Intonation=WeaklyRising|PauseAfter=Yes	_	_	_	_	_
638-2	BO003	638	2	(.)	(.)	_	_	_	_	_	shortpause	_	ContainsVariation=No	_	_	_	_	_	_
638-3	BO003	638	3	non	non	_	_	_	_	_	linguistic	_	ContainsVariation=No	_	_	_	_	_	_
638-4	BO003	638	4	è	è	_	_	_	_	_	linguistic	_	ContainsVariation=No	_	_	_	_	_	_
638-5	BO003	638	5	quello.	quello	_	_	_	_	_	linguistic	_	ContainsVariation=No	Intonation=Falling	_	_	_	_	_
638-6	BO003	638	6	perché	perché	_	_	_	_	_	linguistic	_	ContainsVariation=No	_	_	_	_	_	_
638-7	BO003	638	7	alla	alla	_	_	_	_	_	linguistic	_	ContainsVariation=No	_	_	_	_	_	_
638-8	BO003	638	8	fine	fine	_	_	_	_	_	linguistic	_	ContainsVariation=No	_	_	_	_	_	_
638-9	BO003	638	9	il	il	_	_	_	_	_	linguistic	_	ContainsVariation=No	_	_	_	_	_	_
638-10	BO003	638	10	fi:sico	fisico	_	_	_	_	_	linguistic	_	ContainsVariation=No	_	End=1381.524	1x1	_	_	_
639-0	BO003	639	0	cioè	cioè	_	_	_	_	_	linguistic	_	ContainsVariation=No	_	Begin=1381.864	_	_	_	_
639-1	BO003	639	1	se	se	_	_	_	_	_	linguistic	_	ContainsVariation=No	_	_	_	_	_	_
639-2	BO003	639	2	tu	tu	_	_	_	_	_	linguistic	_	ContainsVariation=No	PauseAfter=Yes	_	_	_	_	_
639-3	BO003	639	3	(.)	(.)	_	_	_	_	_	shortpause	_	ContainsVariation=No	_	_	_	_	_	_
639-4	BO003	639	4	ti	ti	_	_	_	_	_	linguistic	_	ContainsVariation=No	_	_	_	_	_	_
639-5	BO003	639	5	metti	metti	_	_	_	_	_	linguistic	_	ContainsVariation=No	_	_	_	_	_	_
639-6	BO003	639	6	a	a	_	_	_	_	_	linguistic	_	ContainsVariation=No	_	_	_	_	_	_
639-7	BO003	639	7	dieta	dieta	_	_	_	_	_	linguistic	_	ContainsVariation=No	PauseAfter=Yes	_	_	_	_	_
639-8	BO003	639	8	(.)	(.)	_	_	_	_	_	shortpause	_	ContainsVariation=No	_	_	_	_	_	_
639-9	BO003	639	9	se	se	_	_	_	_	_	linguistic	_	ContainsVariation=No	_	_	_	_	_	_
639-10	BO003	639	10	tu	tu	_	_	_	_	_	linguistic	_	ContainsVariation=No	_	_	_	_	_	_
639-11	BO003	639	11	non	non	_	_	_	_	_	linguistic	_	ContainsVariation=No	_	_	_	_	_	_
639-12	BO003	639	12	ne	ne	_	_	_	_	_	linguistic	_	ContainsVariation=No	_	_	_	_	_	_
639-13	BO003	639	13	hai	hai	_	_	_	_	_	linguistic	_	ContainsVariation=No	_	_	_	_	_	_
639-14	BO003	639	14	bisogno	bisogno	_	_	_	_	_	linguistic	_	ContainsVariation=No	_	_	_	_	_	_
639-15	BO003	639	15	però	però	_	_	_	_	_	linguistic	_	ContainsVariation=No	_	_	_	_	_	_
639-16	BO003	639	16	>per	per	_	_	_	_	_	linguistic	_	ContainsVariation=No	_	_	_	Fast=0-3(0)	_	_
639-17	BO003	639	17	dire<	dire	_	_	_	_	_	linguistic	_	ContainsVariation=No	PauseAfter=Yes	_	_	Fast=0-4(0)	_	_
639-18	BO003	639	18	(.)	(.)	_	_	_	_	_	shortpause	_	ContainsVariation=No	_	_	_	_	_	_
639-19	BO003	639	19	uno	uno	_	_	_	_	_	linguistic	_	ContainsVariation=No	_	_	_	_	_	_
639-20	BO003	639	20	si	si	_	_	_	_	_	linguistic	_	ContainsVariation=No	_	_	_	_	_	_
639-21	BO003	639	21	mette	mette	_	_	_	_	_	linguistic	_	ContainsVariation=No	_	_	_	_	_	_
639-22	BO003	639	22	a	a	_	_	_	_	_	linguistic	_	ContainsVariation=No	_	_	_	_	_	_
639-23	BO003	639	23	dieta	dieta	_	_	_	_	_	linguistic	_	ContainsVariation=No	PauseAfter=Yes	_	_	_	_	_
639-24	BO003	639	24	(.)	(.)	_	_	_	_	_	shortpause	_	ContainsVariation=No	_	_	_	_	_	_
639-25	BO003	639	25	si	si	_	_	_	_	_	linguistic	_	ContainsVariation=No	_	_	_	_	_	_
639-26	BO003	639	26	pompa	pompa	_	_	_	_	_	linguistic	_	ContainsVariation=No	_	_	_	_	_	_
639-27	BO003	639	27	di	di	_	_	_	_	_	linguistic	_	ContainsVariation=No	_	_	_	_	_	_
639-28	BO003	639	28	eserci[zi]	esercizi	_	_	_	_	_	linguistic	_	ContainsVariation=No	PauseAfter=Yes	_	_	_	_	6-8(204)
639-29	BO003	639	29	(.)	(.)	_	_	_	_	_	shortpause	_	ContainsVariation=No	_	_	_	_	_	_
639-30	BO003	639	30	ti	ti	_	_	_	_	_	linguistic	_	ContainsVariation=No	_	_	_	_	_	_
639-31	BO003	639	31	vie::ne	viene	_	_	_	_	_	linguistic	_	ContainsVariation=No	_	End=1389.066	2x2	_	_	_
640-0	BO002	640	0	[sì]	sì	_	_	_	_	_	linguistic	_	ContainsVariation=No	_	Begin=1387.554|End=1388.273	_	_	_	0-2(204)
641-0	BO003	641	0	cioè	cioè	_	_	_	_	_	linguistic	_	ContainsVariation=No	_	Begin=1390.232	_	_	_	_
641-1	BO003	641	1	il	il	_	_	_	_	_	linguistic	_	ContainsVariation=No	_	_	_	_	_	_
641-2	BO003	641	2	vi[so	viso	_	_	_	_	_	linguistic	_	ContainsVariation=No	PauseAfter=Yes	_	_	_	_	2-4(205)
641-3	BO003	641	3	(.)	(.)	_	_	_	_	_	shortpause	_	ContainsVariation=No	_	_	_	_	_	X(205)
641-4	BO003	641	4	eh	eh	_	_	_	_	_	linguistic	_	ContainsVariation=No	_	_	_	_	_	0-2(205)
641-5	BO003	641	5	il	il	_	_	_	_	_	linguistic	_	ContainsVariation=No	_	_	_	_	_	0-2(205)
641-6	BO003	641	6	viso	viso	_	_	_	_	_	linguistic	_	ContainsVariation=No	_	_	_	_	_	0-4(205)
641-7	BO003	641	7	è	è	_	_	_	_	_	linguistic	_	ContainsVariation=No	_	_	_	_	_	0-1(205)
641-8	BO003	641	8	la	la	_	_	_	_	_	linguistic	_	ContainsVariation=No	_	_	_	_	_	0-2(205)
641-9	BO003	641	9	faccia.	faccia	_	_	_	_	_	linguistic	_	ContainsVariation=No	Intonation=Falling	_	_	_	_	0-6(205)
641-10	BO003	641	10	la	la	_	_	_	_	_	linguistic	_	ContainsVariation=No	_	_	_	_	_	0-2(205)
641-11	BO003	641	11	faccia]	faccia	_	_	_	_	_	linguistic	_	ContainsVariation=No	_	End=1392.844	_	_	_	0-6(205)
642-0	BO002	642	0	[eh	eh	_	_	_	_	_	linguistic	_	ContainsVariation=No	_	Begin=1390.843	_	_	_	0-2(205)
642-1	BO002	642	1	la	la	_	_	_	_	_	linguistic	_	ContainsVariation=No	_	_	_	_	_	0-2(205)
642-2	BO002	642	2	faccia],	faccia	_	_	_	_	_	linguistic	_	ContainsVariation=No	Intonation=WeaklyRising|PauseAfter=Yes	_	_	_	_	0-6(205)
642-3	BO002	642	3	(.)	(.)	_	_	_	_	_	shortpause	_	ContainsVariation=No	_	_	_	_	_	_
642-4	BO002	642	4	o	o	_	_	_	_	_	linguistic	_	ContainsVariation=No	_	_	_	_	_	_
642-5	BO002	642	5	tu	tu	_	_	_	_	_	linguistic	_	ContainsVariation=No	_	_	_	_	_	_
642-6	BO002	642	6	fai	fai	_	_	_	_	_	linguistic	_	ContainsVariation=No	_	_	_	_	_	_
642-7	BO002	642	7	un:a	una	_	_	_	_	_	linguistic	_	ContainsVariation=No	_	_	1x1	_	_	_
642-8	BO002	642	8	plastica	plastica	_	_	_	_	_	linguistic	_	ContainsVariation=No	PauseAfter=Yes	_	_	_	_	_
642-9	BO002	642	9	(.)	(.)	_	_	_	_	_	shortpause	_	ContainsVariation=No	_	_	_	_	_	_
642-10	BO002	642	10	no	no	_	_	_	_	_	linguistic	_	ContainsVariation=No	_	End=1395.698	_	_	_	_
643-0	BO003	643	0	((ride))	((ride))	_	_	_	_	_	nonverbalbehavior	_	ContainsVariation=No	_	Begin=1394.357|End=1395.56	_	_	_	_
644-0	BO003	644	0	sì	sì	_	_	_	_	_	linguistic	_	ContainsVariation=No	_	Begin=1396.146	_	_	_	_
644-1	BO003	644	1	la	la	_	_	_	_	_	linguistic	_	ContainsVariation=No	_	_	_	_	_	_
644-2	BO003	644	2	faccia	faccia	_	_	_	_	_	linguistic	_	ContainsVariation=No	_	_	_	_	_	_
644-3	BO003	644	3	è	è	_	_	_	_	_	linguistic	_	ContainsVariation=No	_	_	_	_	_	_
644-4	BO003	644	4	la	la	_	_	_	_	_	linguistic	_	ContainsVariation=No	_	_	_	_	_	_
644-5	BO003	644	5	fac[cia].	faccia	_	_	_	_	_	linguistic	_	ContainsVariation=No	Intonation=Falling	End=1397.362	_	_	_	3-6(207)
645-0	BO002	645	0	[eh].	eh	_	_	_	_	_	linguistic	_	ContainsVariation=No	Intonation=Falling|PauseAfter=Yes	Begin=1397.208	_	_	_	0-2(207)
645-1	BO002	645	1	(.)	(.)	_	_	_	_	_	shortpause	_	ContainsVariation=No	_	_	_	_	_	_
645-2	BO002	645	2	sì	sì	_	_	_	_	_	linguistic	_	ContainsVariation=No	_	_	_	_	_	_
645-3	BO002	645	3	sì.	sì	_	_	_	_	_	linguistic	_	ContainsVariation=No	Intonation=Falling	End=1398.721	_	_	_	_
646-0	BO002	646	0	non	non	_	_	_	_	_	linguistic	_	ContainsVariation=No	_	Begin=1399.528	_	_	_	_
646-1	BO002	646	1	c'	c'	_	_	_	_	_	linguistic	_	ContainsVariation=No	SpaceAfter=No	_	_	_	_	_
646-2	BO002	646	2	è:::	è	_	_	_	_	_	linguistic	_	ContainsVariation=No	_	_	0x3	_	_	_
646-3	BO002	646	3	storie	storie	_	_	_	_	_	linguistic	_	ContainsVariation=No	_	_	_	_	_	_
646-4	BO002	646	4	che	che	_	_	_	_	_	linguistic	_	ContainsVariation=No	_	_	_	_	_	_
646-5	BO002	646	5	tengano	tengano	_	_	_	_	_	linguistic	_	ContainsVariation=No	_	End=1402.273	_	_	_	_
647-0	BO003	647	0	no	no	_	_	_	_	_	linguistic	_	ContainsVariation=No	_	Begin=1402.378	_	_	_	_
647-1	BO003	647	1	è	è	_	_	_	_	_	linguistic	_	ContainsVariation=No	_	_	_	_	_	_
647-2	BO003	647	2	sì	sì	_	_	_	_	_	linguistic	_	ContainsVariation=No	_	_	_	_	_	_
647-3	BO003	647	3	sì	sì	_	_	_	_	_	linguistic	_	ContainsVariation=No	_	_	_	_	_	_
647-4	BO003	647	4	sì	sì	_	_	_	_	_	linguistic	_	ContainsVariation=No	_	End=1403.493	_	_	_	_
648-0	BO003	648	0	dio	dio	_	_	_	_	_	linguistic	_	ContainsVariation=No	_	Begin=1409.358	_	_	_	_
648-1	BO003	648	1	gli	gli	_	_	_	_	_	linguistic	_	ContainsVariation=No	_	_	_	_	_	_
648-2	BO003	648	2	spagnoli	spagnoli	_	_	_	_	_	linguistic	_	ContainsVariation=No	_	_	_	_	_	_
648-3	BO003	648	3	((ride))	((ride))	_	_	_	_	_	nonverbalbehavior	_	ContainsVariation=No	_	End=1410.757	_	_	_	_
649-0	BO002	649	0	((ride))	((ride))	_	_	_	_	_	nonverbalbehavior	_	ContainsVariation=No	_	Begin=1410.887|End=1412.632	_	_	_	_
650-0	BO003	650	0	che	che	_	_	_	_	_	linguistic	_	ContainsVariation=No	_	Begin=1418.603	_	_	_	_
650-1	BO003	650	1	poi	poi	_	_	_	_	_	linguistic	_	ContainsVariation=No	_	_	_	_	_	_
650-2	BO003	650	2	sì.	sì	_	_	_	_	_	linguistic	_	ContainsVariation=No	Intonation=Falling	_	_	_	_	_
650-3	BO003	650	3	poveri:no,	poverino	_	_	_	_	_	linguistic	_	ContainsVariation=No	Intonation=WeaklyRising	_	5x1	_	_	_
650-4	BO003	650	4	guido,	guido	_	_	_	_	_	linguistic	_	ContainsVariation=No	Intonation=WeaklyRising	End=1420.598	_	_	_	_
651-0	BO003	651	0	cioè	cioè	_	_	_	_	_	linguistic	_	ContainsVariation=No	_	Begin=1421.378	_	_	_	_
651-1	BO003	651	1	se	se	_	_	_	_	_	linguistic	_	ContainsVariation=No	_	_	_	_	_	_
651-2	BO003	651	2	una	una	_	_	_	_	_	linguistic	_	ContainsVariation=No	_	_	_	_	_	_
651-3	BO003	651	3	come	come	_	_	_	_	_	linguistic	_	ContainsVariation=No	_	_	_	_	_	_
651-4	BO003	651	4	me	me	_	_	_	_	_	linguistic	_	ContainsVariation=No	_	_	_	_	_	_
651-5	BO003	651	5	che	che	_	_	_	_	_	linguistic	_	ContainsVariation=No	_	_	_	_	_	_
651-6	BO003	651	6	si	si	_	_	_	_	_	linguistic	_	ContainsVariation=No	_	_	_	_	_	_
651-7	BO003	651	7	illude	illude	_	_	_	_	_	linguistic	_	ContainsVariation=No	_	_	_	_	_	_
651-8	BO003	651	8	appena	appena	_	_	_	_	_	linguistic	_	ContainsVariation=No	_	_	_	_	_	_
651-9	BO003	651	9	uno	uno	_	_	_	_	_	linguistic	_	ContainsVariation=No	_	_	_	_	_	_
651-10	BO003	651	10	fa	fa	_	_	_	_	_	linguistic	_	ContainsVariation=No	_	_	_	_	_	_
651-11	BO003	651	11	una	una	_	_	_	_	_	linguistic	_	ContainsVariation=No	_	_	_	_	_	_
651-12	BO003	651	12	[cosa	cosa	_	_	_	_	_	linguistic	_	ContainsVariation=No	_	_	_	_	_	0-4(208)
651-13	BO003	651	13	ci	ci	_	_	_	_	_	linguistic	_	ContainsVariation=No	_	_	_	_	_	0-2(208)
651-14	BO003	651	14	vede	vede	_	_	_	_	_	linguistic	_	ContainsVariation=No	_	_	_	_	_	0-4(208)
651-15	BO003	651	15	già::	già	_	_	_	_	_	linguistic	_	ContainsVariation=No	PauseAfter=Yes	_	2x2	_	_	0-3(208)
651-16	BO003	651	16	(.)	(.)	_	_	_	_	_	shortpause	_	ContainsVariation=No	_	_	_	_	_	X(208)
651-17	BO003	651	17	un	un	_	_	_	_	_	linguistic	_	ContainsVariation=No	_	_	_	_	_	0-2(208)
651-18	BO003	651	18	universo	universo	_	_	_	_	_	linguistic	_	ContainsVariation=No	_	_	_	_	_	0-8(208)
651-19	BO003	651	19	dietro],	dietro	_	_	_	_	_	linguistic	_	ContainsVariation=No	Intonation=WeaklyRising	End=1427.591	_	_	_	0-6(208)
652-0	BO002	652	0	[sì	sì	_	_	_	_	_	linguistic	_	ContainsVariation=No	PauseAfter=Yes	Begin=1424.2	_	_	_	0-2(208)
652-1	BO002	652	1	(.)	(.)	_	_	_	_	_	shortpause	_	ContainsVariation=No	_	_	_	_	_	X(208)
652-2	BO002	652	2	sì	sì	_	_	_	_	_	linguistic	_	ContainsVariation=No	_	_	_	_	_	0-2(208)
652-3	BO002	652	3	esa:tto	esatto	_	_	_	_	_	linguistic	_	ContainsVariation=No	PauseAfter=Yes	_	2x1	_	_	0-6(208)
652-4	BO002	652	4	(.)	(.)	_	_	_	_	_	shortpause	_	ContainsVariation=No	_	_	_	_	_	X(208)
652-5	BO002	652	5	ma	ma	_	_	_	_	_	linguistic	_	ContainsVariation=No	_	_	_	_	_	0-2(208)
652-6	BO002	652	6	poi	poi	_	_	_	_	_	linguistic	_	ContainsVariation=No	_	_	_	_	_	0-3(208)
652-7	BO002	652	7	lei	lei	_	_	_	_	_	linguistic	_	ContainsVariation=No	_	_	_	_	_	0-3(208)
652-8	BO002	652	8	lo	lo	_	_	_	_	_	linguistic	_	ContainsVariation=No	_	_	_	_	_	0-2(208)
652-9	BO002	652	9	faceva]	faceva	_	_	_	_	_	linguistic	_	ContainsVariation=No	_	_	_	_	_	0-6(208)
652-10	BO002	652	10	illudere	illudere	_	_	_	_	_	linguistic	_	ContainsVariation=No	_	_	_	_	_	_
652-11	BO002	652	11	eh,	eh	_	_	_	_	_	linguistic	_	ContainsVariation=No	Intonation=WeaklyRising	End=1428.832	_	_	_	_
653-0	BO003	653	0	cioè	cioè	_	_	_	_	_	linguistic	_	ContainsVariation=No	_	Begin=1428.841	_	_	_	_
653-1	BO003	653	1	lei	lei	_	_	_	_	_	linguistic	_	ContainsVariation=No	_	_	_	_	_	_
653-2	BO003	653	2	faceva	faceva	_	_	_	_	_	linguistic	_	ContainsVariation=No	_	_	_	_	_	_
653-3	BO003	653	3	molto	molto	_	_	_	_	_	linguistic	_	ContainsVariation=No	_	_	_	_	_	_
653-4	BO003	653	4	[la::]	la	_	_	_	_	_	linguistic	_	ContainsVariation=No	_	End=1430.671	1x2	_	_	0-2(209)
654-0	BO002	654	0	[eh	eh	_	_	_	_	_	linguistic	_	ContainsVariation=No	_	Begin=1430.167	_	_	_	0-2(209)
654-1	BO002	654	1	la]	la	_	_	_	_	_	linguistic	_	ContainsVariation=No	_	_	_	_	_	0-2(209)
654-2	BO002	654	2	gatta	gatta	_	_	_	_	_	linguistic	_	ContainsVariation=No	_	_	_	_	_	_
654-3	BO002	654	3	mo:rt[a].	morta	_	_	_	_	_	linguistic	_	ContainsVariation=No	Intonation=Falling	End=1432.1	1x1	_	_	4-5(210)
655-0	BO003	655	0	[cuo]:ri	cuori	_	_	_	_	_	linguistic	_	ContainsVariation=No	_	Begin=1431.767	2x1	_	_	0-3(210)
655-1	BO003	655	1	[ba:ci]	baci	_	_	_	_	_	linguistic	_	ContainsVariation=No	_	End=1433.363	1x1	_	_	0-4(211)
656-0	BO002	656	0	[s::ì]	sì	_	_	_	_	_	linguistic	_	ContainsVariation=No	_	Begin=1432.475|End=1433.283	0x2	_	_	0-2(211)
657-0	BO002	657	0	e	e	_	_	_	_	_	linguistic	_	ContainsVariation=No	_	Begin=1434.187	_	_	_	_
657-1	BO002	657	1	poi	poi	_	_	_	_	_	linguistic	_	ContainsVariation=No	_	_	_	_	_	_
657-2	BO002	657	2	xxx	xxx	_	_	_	_	_	unknown	_	ContainsVariation=No	Syllables=3	_	_	_	_	_
657-3	BO002	657	3	il	il	_	_	_	_	_	linguistic	_	ContainsVariation=No	_	_	_	_	_	_
657-4	BO002	657	4	mio	mio	_	_	_	_	_	linguistic	_	ContainsVariation=No	_	_	_	_	_	_
657-5	BO002	657	5	ragazzo	ragazzo	_	_	_	_	_	linguistic	_	ContainsVariation=No	_	End=1436.516	_	_	_	_
658-0	BO002	658	0	hai	hai	_	_	_	_	_	linguistic	_	ContainsVariation=No	_	Begin=1437.247	_	_	_	_
658-1	BO002	658	1	un	un	_	_	_	_	_	linguistic	_	ContainsVariation=No	_	_	_	_	_	_
658-2	BO002	658	2	ragazzo?	ragazzo	_	_	_	_	_	linguistic	_	ContainsVariation=No	Intonation=Rising|PauseAfter=Yes	_	_	_	_	_
658-3	BO002	658	3	(.)	(.)	_	_	_	_	_	shortpause	_	ContainsVariation=No	_	_	_	_	_	_
658-4	BO002	658	4	cioè	cioè	_	_	_	_	_	linguistic	_	ContainsVariation=No	_	End=1438.775	_	_	_	_
659-0	BO002	659	0	ti	ti	_	_	_	_	_	linguistic	_	ContainsVariation=No	_	Begin=1439.707	_	_	_	_
659-1	BO002	659	1	stavi	stavi	_	_	_	_	_	linguistic	_	ContainsVariation=No	_	_	_	_	_	_
659-2	BO002	659	2	scrivendo	scrivendo	_	_	_	_	_	linguistic	_	ContainsVariation=No	_	_	_	_	_	_
659-3	BO002	659	3	con	con	_	_	_	_	_	linguistic	_	ContainsVariation=No	_	_	_	_	_	_
659-4	BO002	659	4	me,	me	_	_	_	_	_	linguistic	_	ContainsVariation=No	Intonation=WeaklyRising	_	_	_	_	_
659-5	BO002	659	5	eh.	eh	_	_	_	_	_	linguistic	_	ContainsVariation=No	Intonation=Falling	_	_	_	_	_
659-6	BO002	659	6	nel	nel	_	_	_	_	_	linguistic	_	ContainsVariation=No	_	_	_	_	_	_
659-7	BO002	659	7	senso.	senso	_	_	_	_	_	linguistic	_	ContainsVariation=No	Intonation=Falling	End=1442.057	_	_	_	_
660-0	BO002	660	0	io	io	_	_	_	_	_	linguistic	_	ContainsVariation=No	PauseAfter=Yes	Begin=1442.407	_	_	_	_
660-1	BO002	660	1	(.)	(.)	_	_	_	_	_	shortpause	_	ContainsVariation=No	_	_	_	_	_	_
660-2	BO002	660	2	non	non	_	_	_	_	_	linguistic	_	ContainsVariation=No	_	_	_	_	_	_
660-3	BO002	660	3	ti	ti	_	_	_	_	_	linguistic	_	ContainsVariation=No	_	_	_	_	_	_
660-4	BO002	660	4	dico	dico	_	_	_	_	_	linguistic	_	ContainsVariation=No	_	_	_	_	_	_
660-5	BO002	660	5	che	che	_	_	_	_	_	linguistic	_	ContainsVariation=No	_	_	_	_	_	_
660-6	BO002	660	6	quando	quando	_	_	_	_	_	linguistic	_	ContainsVariation=No	_	_	_	_	_	_
660-7	BO002	660	7	ti	ti	_	_	_	_	_	linguistic	_	ContainsVariation=No	_	_	_	_	_	_
660-8	BO002	660	8	scrivi	scrivi	_	_	_	_	_	linguistic	_	ContainsVariation=No	_	_	_	_	_	_
660-9	BO002	660	9	co	co	_	_	_	_	_	linguistic	_	ContainsVariation=No	_	_	_	_	_	_
660-10	BO002	660	10	uno	uno	_	_	_	_	_	linguistic	_	ContainsVariation=No	_	_	_	_	_	_
660-11	BO002	660	11	contratto	contratto	_	_	_	_	_	linguistic	_	ContainsVariation=No	_	_	_	_	_	_
660-12	BO002	660	12	[di	di	_	_	_	_	_	linguistic	_	ContainsVariation=No	_	_	_	_	_	0-2(212)
660-13	BO002	660	13	matrimonio	matrimonio	_	_	_	_	_	linguistic	_	ContainsVariation=No	_	_	_	_	_	0-10(212)
660-14	BO002	660	14	e	e	_	_	_	_	_	linguistic	_	ContainsVariation=No	_	_	_	_	_	0-1(212)
660-15	BO002	660	15	tutto]	tutto	_	_	_	_	_	linguistic	_	ContainsVariation=No	_	End=1446.873	_	_	_	0-5(212)
661-0	BO003	661	0	[beh	beh	_	_	_	_	_	linguistic	_	ContainsVariation=No	_	Begin=1445.014	_	_	_	0-3(212)
661-1	BO003	661	1	sì	sì	_	_	_	_	_	linguistic	_	ContainsVariation=No	PauseAfter=Yes	_	_	_	_	0-2(212)
661-2	BO003	661	2	(.)	(.)	_	_	_	_	_	shortpause	_	ContainsVariation=No	_	_	_	_	_	X(212)
661-3	BO003	661	3	quando	quando	_	_	_	_	_	linguistic	_	ContainsVariation=No	_	_	_	_	_	0-6(212)
661-4	BO003	661	4	vede	vede	_	_	_	_	_	linguistic	_	ContainsVariation=No	_	_	_	_	_	0-4(212)
661-5	BO003	661	5	che	che	_	_	_	_	_	linguistic	_	ContainsVariation=No	_	_	_	_	_	0-3(212)
661-6	BO003	661	6	sono	sono	_	_	_	_	_	linguistic	_	ContainsVariation=No	_	_	_	_	_	0-4(212)
661-7	BO003	661	7	ami]ca	amica	_	_	_	_	_	linguistic	_	ContainsVariation=No	_	_	_	_	_	0-3(212)
661-8	BO003	661	8	tua	tua	_	_	_	_	_	linguistic	_	ContainsVariation=No	_	_	_	_	_	_
661-9	BO003	661	9	mia	mia	_	_	_	_	_	linguistic	_	ContainsVariation=No	_	_	_	_	_	_
661-10	BO003	661	10	blocca	blocca	_	_	_	_	_	linguistic	_	ContainsVariation=No	_	End=1447.73	_	_	_	_
662-0	BO003	662	0	perché	perché	_	_	_	_	_	linguistic	_	ContainsVariation=No	_	Begin=1447.998	_	_	_	_
662-1	BO003	662	1	dice	dice	_	_	_	_	_	linguistic	_	ContainsVariation=No	_	_	_	_	_	_
662-2	BO003	662	2	metti	metti	_	_	_	_	_	linguistic	_	ContainsVariation=No	_	_	_	_	_	_
662-3	BO003	662	3	che	che	_	_	_	_	_	linguistic	_	ContainsVariation=No	_	_	_	_	_	_
662-4	BO003	662	4	anche	anche	_	_	_	_	_	linguistic	_	ContainsVariation=No	_	_	_	_	_	_
662-5	BO003	662	5	ques[ta]	questa	_	_	_	_	_	linguistic	_	ContainsVariation=No	_	End=1450.066	_	_	_	4-6(213)
663-0	BO002	663	0	[no]	no	_	_	_	_	_	linguistic	_	ContainsVariation=No	_	Begin=1449.481	_	_	_	0-2(213)
663-1	BO002	663	1	((ride))	((ride))	_	_	_	_	_	nonverbalbehavior	_	ContainsVariation=No	_	End=1450.066	_	_	_	_
664-0	BO002	664	0	no	no	_	_	_	_	_	linguistic	_	ContainsVariation=No	_	Begin=1451.415	_	_	_	_
664-1	BO002	664	1	no	no	_	_	_	_	_	linguistic	_	ContainsVariation=No	_	End=1451.954	_	_	_	_
665-0	BO002	665	0	ma	ma	_	_	_	_	_	linguistic	_	ContainsVariation=No	_	Begin=1452.703	_	_	_	_
665-1	BO002	665	1	io	io	_	_	_	_	_	linguistic	_	ContainsVariation=No	_	_	_	_	_	_
665-2	BO002	665	2	quando	quando	_	_	_	_	_	linguistic	_	ContainsVariation=No	_	_	_	_	_	_
665-3	BO002	665	3	andai	andai	_	_	_	_	_	linguistic	_	ContainsVariation=No	_	_	_	_	_	_
665-4	BO002	665	4	su	su	_	_	_	_	_	linguistic	_	ContainsVariation=No	_	_	_	_	_	_
665-5	BO002	665	5	che	che	_	_	_	_	_	linguistic	_	ContainsVariation=No	_	End=1454.456	_	_	_	_
666-0	BO002	666	0	glielo	glielo	_	_	_	_	_	linguistic	_	ContainsVariation=No	_	Begin=1454.92	_	_	_	_
666-1	BO002	666	1	dissi	dissi	_	_	_	_	_	linguistic	_	ContainsVariation=No	_	_	_	_	_	_
666-2	BO002	666	2	guarda	guarda	_	_	_	_	_	linguistic	_	ContainsVariation=No	_	End=1456.151	_	_	_	_
667-0	BO002	667	0	con	con	_	_	_	_	_	linguistic	_	ContainsVariation=No	_	Begin=1456.611	_	_	_	_
667-1	BO002	667	1	lei	lei	_	_	_	_	_	linguistic	_	ContainsVariation=No	_	_	_	_	_	_
667-2	BO002	667	2	non	non	_	_	_	_	_	linguistic	_	ContainsVariation=No	_	_	_	_	_	_
667-3	BO002	667	3	ci	ci	_	_	_	_	_	linguistic	_	ContainsVariation=No	_	_	_	_	_	_
667-4	BO002	667	4	devi	devi	_	_	_	_	_	linguistic	_	ContainsVariation=No	_	_	_	_	_	_
667-5	BO002	667	5	fare	fare	_	_	_	_	_	linguistic	_	ContainsVariation=No	_	_	_	_	_	_
667-6	BO002	667	6	ca:so	caso	_	_	_	_	_	linguistic	_	ContainsVariation=No	_	_	1x1	_	_	_
667-7	BO002	667	7	eh	eh	_	_	_	_	_	linguistic	_	ContainsVariation=No	_	_	_	_	_	_
667-8	BO002	667	8	cioè	cioè	_	_	_	_	_	linguistic	_	ContainsVariation=No	_	_	_	_	_	_
667-9	BO002	667	9	lei	lei	_	_	_	_	_	linguistic	_	ContainsVariation=No	_	_	_	_	_	_
667-10	BO002	667	10	fa	fa	_	_	_	_	_	linguistic	_	ContainsVariation=No	_	_	_	_	_	_
667-11	BO002	667	11	così	così	_	_	_	_	_	linguistic	_	ContainsVariation=No	PauseAfter=Yes	_	_	_	_	_
667-12	BO002	667	12	(.)	(.)	_	_	_	_	_	shortpause	_	ContainsVariation=No	_	_	_	_	_	_
667-13	BO002	667	13	nel	nel	_	_	_	_	_	linguistic	_	ContainsVariation=No	_	_	_	_	_	_
667-14	BO002	667	14	senso	senso	_	_	_	_	_	linguistic	_	ContainsVariation=No	_	End=1461.438	_	_	_	_
668-0	BO002	668	0	e	e	_	_	_	_	_	linguistic	_	ContainsVariation=No	_	Begin=1462.527	_	_	_	_
668-1	BO002	668	1	lui	lui	_	_	_	_	_	linguistic	_	ContainsVariation=No	_	_	_	_	_	_
668-2	BO002	668	2	mi	mi	_	_	_	_	_	linguistic	_	ContainsVariation=No	_	_	_	_	_	_
668-3	BO002	668	3	fa	fa	_	_	_	_	_	linguistic	_	ContainsVariation=No	_	_	_	_	_	_
668-4	BO002	668	4	no	no	_	_	_	_	_	linguistic	_	ContainsVariation=No	_	_	_	_	_	_
668-5	BO002	668	5	no.	no	_	_	_	_	_	linguistic	_	ContainsVariation=No	Intonation=Falling	_	_	_	_	_
668-6	BO002	668	6	tranquilla	tranquilla	_	_	_	_	_	linguistic	_	ContainsVariation=No	_	End=1464.811	_	_	_	_
669-0	BO003	669	0	no:	no	_	_	_	_	_	linguistic	_	ContainsVariation=No	_	Begin=1466.01	1x1	_	_	_
669-1	BO003	669	1	lui	lui	_	_	_	_	_	linguistic	_	ContainsVariation=No	_	_	_	_	_	_
669-2	BO003	669	2	è	è	_	_	_	_	_	linguistic	_	ContainsVariation=No	_	_	_	_	_	_
669-3	BO003	669	3	carino	carino	_	_	_	_	_	linguistic	_	ContainsVariation=No	_	End=1467.224	_	_	_	_
670-0	BO002	670	0	<molto>	molto	_	_	_	_	_	linguistic	_	ContainsVariation=No	_	Begin=1467.34|End=1468.803	_	Slow=0-5(0)	_	_
671-0	BO002	671	0	carino	carino	_	_	_	_	_	linguistic	_	ContainsVariation=No	_	Begin=1470.183	_	_	_	_
671-1	BO002	671	1	un	un	_	_	_	_	_	linguistic	_	ContainsVariation=No	_	_	_	_	_	_
671-2	BO002	671	2	sa:cco	sacco	_	_	_	_	_	linguistic	_	ContainsVariation=No	_	End=1471.766	1x1	_	_	_
672-0	BO002	672	0	poi	poi	_	_	_	_	_	linguistic	_	ContainsVariation=No	_	Begin=1472.332	_	_	_	_
672-1	BO002	672	1	si	si	_	_	_	_	_	linguistic	_	ContainsVariation=No	_	_	_	_	_	_
672-2	BO002	672	2	doveva	doveva	_	_	_	_	_	linguistic	_	ContainsVariation=No	_	_	_	_	_	_
672-3	BO002	672	3	andare,	andare	_	_	_	_	_	linguistic	_	ContainsVariation=No	Intonation=WeaklyRising|PauseAfter=Yes	_	_	_	_	_
672-4	BO002	672	4	(.)	(.)	_	_	_	_	_	shortpause	_	ContainsVariation=No	_	_	_	_	_	_
672-5	BO002	672	5	in	in	_	_	_	_	_	linguistic	_	ContainsVariation=No	_	_	_	_	_	_
672-6	BO002	672	6	piscina	piscina	_	_	_	_	_	linguistic	_	ContainsVariation=No	_	_	_	_	_	_
672-7	BO002	672	7	insie:me.	insieme	_	_	_	_	_	linguistic	_	ContainsVariation=No	Intonation=Falling|PauseAfter=Yes	_	4x1	_	_	_
672-8	BO002	672	8	(.)	(.)	_	_	_	_	_	shortpause	_	ContainsVariation=No	_	_	_	_	_	_
672-9	BO002	672	9	[con]	con	_	_	_	_	_	linguistic	_	ContainsVariation=No	_	_	_	_	_	0-3(214)
672-10	BO002	672	10	la	la	_	_	_	_	_	linguistic	_	ContainsVariation=No	_	_	_	_	_	_
672-11	BO002	672	11	sofia	sofia	_	_	_	_	_	linguistic	_	ContainsVariation=No	_	_	_	_	_	_
672-12	BO002	672	12	e	e	_	_	_	_	_	linguistic	_	ContainsVariation=No	_	_	_	_	_	_
672-13	BO002	672	13	lui.	lui	_	_	_	_	_	linguistic	_	ContainsVariation=No	Intonation=Falling	End=1477.356	_	_	_	_
673-0	BO003	673	0	[sì]	sì	_	_	_	_	_	linguistic	_	ContainsVariation=No	_	Begin=1475.529|End=1476.167	_	_	_	0-2(214)
674-0	BO003	674	0	sì	sì	_	_	_	_	_	linguistic	_	ContainsVariation=No	_	Begin=1477.356|End=1477.898	_	_	_	_
675-0	BO003	675	0	in	in	_	_	_	_	_	linguistic	_	ContainsVariation=No	_	Begin=1478.677	_	_	_	_
675-1	BO003	675	1	ger[mania]	germania	_	_	_	_	_	linguistic	_	ContainsVariation=No	_	End=1479.715	_	_	_	3-8(215)
676-0	BO002	676	0	[che]	che	_	_	_	_	_	linguistic	_	ContainsVariation=No	PauseAfter=Yes	Begin=1478.921	_	_	_	0-3(215)
676-1	BO002	676	1	(.)	(.)	_	_	_	_	_	shortpause	_	ContainsVariation=No	_	_	_	_	_	_
676-2	BO002	676	2	sì	sì	_	_	_	_	_	linguistic	_	ContainsVariation=No	_	_	_	_	_	_
676-3	BO002	676	3	a	a	_	_	_	_	_	linguistic	_	ContainsVariation=No	_	_	_	_	_	_
676-4	BO002	676	4	una	una	_	_	_	_	_	linguistic	_	ContainsVariation=No	_	_	_	_	_	_
676-5	BO002	676	5	piscina	piscina	_	_	_	_	_	linguistic	_	ContainsVariation=No	_	_	_	_	_	_
676-6	BO002	676	6	[tipo	tipo	_	_	_	_	_	linguistic	_	ContainsVariation=No	_	_	_	_	_	0-4(216)
676-7	BO002	676	7	sa]i	sai	_	_	_	_	_	linguistic	_	ContainsVariation=No	_	_	_	_	_	0-2(216)
676-8	BO002	676	8	comu[na:le]	comunale	_	_	_	_	_	linguistic	_	ContainsVariation=No	_	End=1483.007	5x1	_	_	4-8(217)
677-0	BO003	677	0	[sì]	sì	_	_	_	_	_	linguistic	_	ContainsVariation=No	_	Begin=1481.01|End=1481.583	_	_	_	0-2(216)
678-0	BO003	678	0	[sì	sì	_	_	_	_	_	linguistic	_	ContainsVariation=No	_	Begin=1482.192	_	_	_	0-2(217)
678-1	BO003	678	1	sì	sì	_	_	_	_	_	linguistic	_	ContainsVariation=No	_	_	_	_	_	0-2(217)
678-2	BO003	678	2	sì]	sì	_	_	_	_	_	linguistic	_	ContainsVariation=No	_	End=1483.007	_	_	_	0-2(217)
679-0	BO002	679	0	eh::	eh	_	_	_	_	_	linguistic	_	ContainsVariation=No	PauseAfter=Yes	Begin=1483.613	1x2	_	_	_
679-1	BO002	679	1	(.)	(.)	_	_	_	_	_	shortpause	_	ContainsVariation=No	_	_	_	_	_	_
679-2	BO002	679	2	però,	però	_	_	_	_	_	linguistic	_	ContainsVariation=No	Intonation=WeaklyRising|PauseAfter=Yes	_	_	_	_	_
679-3	BO002	679	3	(.)	(.)	_	_	_	_	_	shortpause	_	ContainsVariation=No	_	_	_	_	_	_
679-4	BO002	679	4	a	a	_	_	_	_	_	linguistic	_	ContainsVariation=No	_	_	_	_	_	_
679-5	BO002	679	5	me	me	_	_	_	_	_	linguistic	_	ContainsVariation=No	_	_	_	_	_	_
679-6	BO002	679	6	mi	mi	_	_	_	_	_	linguistic	_	ContainsVariation=No	_	_	_	_	_	_
679-7	BO002	679	7	viene	viene	_	_	_	_	_	linguistic	_	ContainsVariation=No	_	_	_	_	_	_
679-8	BO002	679	8	le	le	_	_	_	_	_	linguistic	_	ContainsVariation=No	_	_	_	_	_	_
679-9	BO002	679	9	mie	mie	_	_	_	_	_	linguistic	_	ContainsVariation=No	_	_	_	_	_	_
679-10	BO002	679	10	cose	cose	_	_	_	_	_	linguistic	_	ContainsVariation=No	_	End=1487.78	_	_	_	_
680-0	BO002	680	0	((ride))	((ride))	_	_	_	_	_	nonverbalbehavior	_	ContainsVariation=No	_	Begin=1487.836|End=1489.074	_	_	_	_
681-0	BO003	681	0	((ride))	((ride))	_	_	_	_	_	nonverbalbehavior	_	ContainsVariation=No	_	Begin=1487.836|End=1489.074	_	_	_	_
682-0	BO002	682	0	perché	perché	_	_	_	_	_	linguistic	_	ContainsVariation=No	_	Begin=1489.82	_	_	_	_
682-1	BO002	682	1	io	io	_	_	_	_	_	linguistic	_	ContainsVariation=No	_	_	_	_	_	_
682-2	BO002	682	2	la	la	_	_	_	_	_	linguistic	_	ContainsVariation=No	_	_	_	_	_	_
682-3	BO002	682	3	sfiga	sfiga	_	_	_	_	_	linguistic	_	ContainsVariation=No	_	_	_	_	_	_
682-4	BO002	682	4	ce	ce	_	_	_	_	_	linguistic	_	ContainsVariation=No	_	_	_	_	_	_
682-5	BO002	682	5	l'	l'	_	_	_	_	_	linguistic	_	ContainsVariation=No	SpaceAfter=No	_	_	_	_	_
682-6	BO002	682	6	ho	ho	_	_	_	_	_	linguistic	_	ContainsVariation=No	_	_	_	_	_	_
682-7	BO002	682	7	fino	fino	_	_	_	_	_	linguistic	_	ContainsVariation=No	_	_	_	_	_	_
682-8	BO002	682	8	nell'	nell'	_	_	_	_	_	linguistic	_	ContainsVariation=No	SpaceAfter=No	_	_	_	_	_
682-9	BO002	682	9	a:nima	anima	_	_	_	_	_	linguistic	_	ContainsVariation=No	PauseAfter=Yes	_	0x1	_	_	_
682-10	BO002	682	10	(.)	(.)	_	_	_	_	_	shortpause	_	ContainsVariation=No	_	_	_	_	_	_
682-11	BO002	682	11	proprio	proprio	_	_	_	_	_	linguistic	_	ContainsVariation=No	_	_	_	_	_	_
682-12	BO002	682	12	ma	ma	_	_	_	_	_	linguistic	_	ContainsVariation=No	PauseAfter=Yes	_	_	_	_	_
682-13	BO002	682	13	(.)	(.)	_	_	_	_	_	shortpause	_	ContainsVariation=No	_	_	_	_	_	_
682-14	BO002	682	14	proprio	proprio	_	_	_	_	_	linguistic	_	ContainsVariation=No	PauseAfter=Yes	_	_	_	_	_
682-15	BO002	682	15	(.)	(.)	_	_	_	_	_	shortpause	_	ContainsVariation=No	_	_	_	_	_	_
682-16	BO002	682	16	nel	nel	_	_	_	_	_	linguistic	_	ContainsVariation=No	_	_	_	_	_	_
682-17	BO002	682	17	fondo	fondo	_	_	_	_	_	linguistic	_	ContainsVariation=No	_	_	_	_	_	_
682-18	BO002	682	18	dell'	dell'	_	_	_	_	_	linguistic	_	ContainsVariation=No	SpaceAfter=No	_	_	_	_	_
682-19	BO002	682	19	ani[ma]	anima	_	_	_	_	_	linguistic	_	ContainsVariation=No	_	End=1496.158	_	_	_	0-3(219)
683-0	BO003	683	0	[sì]	sì	_	_	_	_	_	linguistic	_	ContainsVariation=No	_	Begin=1495.468|End=1496.155	_	_	_	0-2(219)
684-0	BO002	684	0	quindi	quindi	_	_	_	_	_	linguistic	_	ContainsVariation=No	_	Begin=1496.58	_	_	_	_
684-1	BO002	684	1	niente	niente	_	_	_	_	_	linguistic	_	ContainsVariation=No	_	End=1497.727	_	_	_	_
685-0	BO003	685	0	sono	sono	_	_	_	_	_	linguistic	_	ContainsVariation=No	_	Begin=1497.791	_	_	_	_
685-1	BO003	685	1	andati	andati	_	_	_	_	_	linguistic	_	ContainsVariation=No	_	_	_	_	_	_
685-2	BO003	685	2	loro	loro	_	_	_	_	_	linguistic	_	ContainsVariation=No	_	_	_	_	_	_
685-3	BO003	685	3	due?	due	_	_	_	_	_	linguistic	_	ContainsVariation=No	Intonation=Rising	End=1499.056	_	_	_	_
686-0	BO002	686	0	no	no	_	_	_	_	_	linguistic	_	ContainsVariation=No	_	Begin=1499.616	_	_	_	_
686-1	BO002	686	1	no	no	_	_	_	_	_	linguistic	_	ContainsVariation=No	PauseAfter=Yes	_	_	_	_	_
686-2	BO002	686	2	(.)	(.)	_	_	_	_	_	shortpause	_	ContainsVariation=No	_	_	_	_	_	_
686-3	BO002	686	3	la	la	_	_	_	_	_	linguistic	_	ContainsVariation=No	_	_	_	_	_	_
686-4	BO002	686	4	sofia	sofia	_	_	_	_	_	linguistic	_	ContainsVariation=No	_	_	_	_	_	_
686-5	BO002	686	5	non	non	_	_	_	_	_	linguistic	_	ContainsVariation=No	_	_	_	_	_	_
686-6	BO002	686	6	m'	m'	_	_	_	_	_	linguistic	_	ContainsVariation=No	SpaceAfter=No	_	_	_	_	_
686-7	BO002	686	7	ha	ha	_	_	_	_	_	linguistic	_	ContainsVariation=No	_	_	_	_	_	_
686-8	BO002	686	8	lasciato	lasciato	_	_	_	_	_	linguistic	_	ContainsVariation=No	_	_	_	_	_	_
686-9	BO002	686	9	sola	sola	_	_	_	_	_	linguistic	_	ContainsVariation=No	_	_	_	_	_	_
686-10	BO002	686	10	[e::]	e	_	_	_	_	_	linguistic	_	ContainsVariation=No	_	End=1502.915	0x2	_	_	0-1(220)
687-0	BO003	687	0	[no	no	_	_	_	_	_	linguistic	_	ContainsVariation=No	_	Begin=1502.453	_	_	_	0-2(220)
687-1	BO003	687	1	an]che	anche	_	_	_	_	_	linguistic	_	ContainsVariation=No	_	_	_	_	_	0-2(220)
687-2	BO003	687	2	perché	perché	_	_	_	_	_	linguistic	_	ContainsVariation=No	_	_	_	_	_	_
687-3	BO003	687	3	[loro	loro	_	_	_	_	_	linguistic	_	ContainsVariation=No	_	_	_	_	_	0-4(221)
687-4	BO003	687	4	due	due	_	_	_	_	_	linguistic	_	ContainsVariation=No	_	_	_	_	_	0-3(221)
687-5	BO003	687	5	insieme::	insieme	_	_	_	_	_	linguistic	_	ContainsVariation=No	_	_	6x2	_	_	0-7(221)
687-6	BO003	687	6	chissà]	chissà	_	_	_	_	_	linguistic	_	ContainsVariation=No	_	_	_	_	_	0-6(221)
687-7	BO003	687	7	cosa	cosa	_	_	_	_	_	linguistic	_	ContainsVariation=No	_	_	_	_	_	_
687-8	BO003	687	8	faceva	faceva	_	_	_	_	_	linguistic	_	ContainsVariation=No	_	_	_	_	_	_
687-9	BO003	687	9	la	la	_	_	_	_	_	linguistic	_	ContainsVariation=No	_	_	_	_	_	_
687-10	BO003	687	10	sofia	sofia	_	_	_	_	_	linguistic	_	ContainsVariation=No	_	_	_	_	_	_
687-11	BO003	687	11	((ride))	((ride))	_	_	_	_	_	nonverbalbehavior	_	ContainsVariation=No	_	End=1505.689	_	_	_	_
688-0	BO002	688	0	[alla	alla	_	_	_	_	_	linguistic	_	ContainsVariation=No	_	Begin=1503.213	_	_	_	0-4(221)
688-1	BO002	688	1	fine	fine	_	_	_	_	_	linguistic	_	ContainsVariation=No	PauseAfter=Yes	_	_	_	_	0-4(221)
688-2	BO002	688	2	(.)	(.)	_	_	_	_	_	shortpause	_	ContainsVariation=No	_	_	_	_	_	X(221)
688-3	BO002	688	3	no].	no	_	_	_	_	_	linguistic	_	ContainsVariation=No	Intonation=Falling	End=1504.582	_	_	_	0-2(221)
689-0	BO003	689	0	ma	ma	_	_	_	_	_	linguistic	_	ContainsVariation=No	_	Begin=1508.438	_	_	_	_
689-1	BO003	689	1	alla	alla	_	_	_	_	_	linguistic	_	ContainsVariation=No	_	_	_	_	_	_
689-2	BO003	689	2	sofia	sofia	_	_	_	_	_	linguistic	_	ContainsVariation=No	_	_	_	_	_	_
689-3	BO003	689	3	piace	piace	_	_	_	_	_	linguistic	_	ContainsVariation=No	_	_	_	_	_	_
689-4	BO003	689	4	questo?	questo	_	_	_	_	_	linguistic	_	ContainsVariation=No	Intonation=Rising	End=1510.242	_	_	_	_
690-0	BO002	690	0	non	non	_	_	_	_	_	linguistic	_	ContainsVariation=No	_	Begin=1510.53	_	_	_	_
690-1	BO002	690	1	cre::do	credo	_	_	_	_	_	linguistic	_	ContainsVariation=No	_	End=1512.316	2x2	_	_	_
691-0	BO002	691	0	>non	non	_	_	_	_	_	linguistic	_	ContainsVariation=No	_	Begin=1512.552	_	Fast=0-3(0)	_	_
691-1	BO002	691	1	so<	so	_	_	_	_	_	linguistic	_	ContainsVariation=No	_	_	_	Fast=0-2(0)	_	_
691-2	BO002	691	2	forse	forse	_	_	_	_	_	linguistic	_	ContainsVariation=No	_	_	_	_	_	_
691-3	BO002	691	3	è	è	_	_	_	_	_	linguistic	_	ContainsVariation=No	_	_	_	_	_	_
691-4	BO002	691	4	troppo	troppo	_	_	_	_	_	linguistic	_	ContainsVariation=No	_	_	_	_	_	_
691-5	BO002	691	5	bravo	bravo	_	_	_	_	_	linguistic	_	ContainsVariation=No	_	_	_	_	_	_
691-6	BO002	691	6	ragaz[zo	ragazzo	_	_	_	_	_	linguistic	_	ContainsVariation=No	_	_	_	_	_	5-7(222)
691-7	BO002	691	7	per	per	_	_	_	_	_	linguistic	_	ContainsVariation=No	_	_	_	_	_	0-3(222)
691-8	BO002	691	8	lei]	lei	_	_	_	_	_	linguistic	_	ContainsVariation=No	_	End=1515.617	_	_	_	0-3(222)
692-0	BO003	692	0	[lei	lei	_	_	_	_	_	linguistic	_	ContainsVariation=No	_	Begin=1514.152	_	_	_	0-3(222)
692-1	BO003	692	1	oh	oh	_	_	_	_	_	linguistic	_	ContainsVariation=No	_	_	_	_	_	0-2(222)
692-2	BO003	692	2	gli	gli	_	_	_	_	_	linguistic	_	ContainsVariation=No	_	_	_	_	_	0-3(222)
692-3	BO003	692	3	piacciono]	piacciono	_	_	_	_	_	linguistic	_	ContainsVariation=No	_	_	_	_	_	0-9(222)
692-4	BO003	692	4	i	i	_	_	_	_	_	linguistic	_	ContainsVariation=No	_	_	_	_	_	_
692-5	BO003	692	5	dannati	dannati	_	_	_	_	_	linguistic	_	ContainsVariation=No	_	End=1516.411	_	_	_	_
693-0	BO003	693	0	belli	belli	_	_	_	_	_	linguistic	_	ContainsVariation=No	_	Begin=1517.042	_	_	_	_
693-1	BO003	693	1	e	e	_	_	_	_	_	linguistic	_	ContainsVariation=No	_	_	_	_	_	_
693-2	BO003	693	2	dannati	dannati	_	_	_	_	_	linguistic	_	ContainsVariation=No	_	_	_	_	_	_
693-3	BO003	693	3	((ride))	((ride))	_	_	_	_	_	nonverbalbehavior	_	ContainsVariation=No	_	End=1518.434	_	_	_	_
694-0	BO002	694	0	bah	bah	_	_	_	_	_	linguistic	_	ContainsVariation=No	_	Begin=1518.636	_	_	_	_
694-1	BO002	694	1	belli	belli	_	_	_	_	_	linguistic	_	ContainsVariation=No	_	End=1519.681	_	_	_	_
695-0	BO003	695	0	mario	mario	_	_	_	_	_	linguistic	_	ContainsVariation=No	_	Begin=1520.028|End=1520.88	_	_	_	_
696-0	BO003	696	0	no:	no	_	_	_	_	_	linguistic	_	ContainsVariation=No	_	Begin=1521.363	1x1	_	_	_
696-1	BO003	696	1	perché,	perché	_	_	_	_	_	linguistic	_	ContainsVariation=No	Intonation=WeaklyRising	_	_	_	_	_
696-2	BO003	696	2	[andrea	andrea	_	_	_	_	_	linguistic	_	ContainsVariation=No	_	_	_	_	_	0-6(223)
696-3	BO003	696	3	è	è	_	_	_	_	_	linguistic	_	ContainsVariation=No	_	_	_	_	_	0-1(223)
696-4	BO003	696	4	anche	anche	_	_	_	_	_	linguistic	_	ContainsVariation=No	_	_	_	_	_	0-5(223)
696-5	BO003	696	5	cari]no.	carino	_	_	_	_	_	linguistic	_	ContainsVariation=No	Intonation=Falling	_	_	_	_	0-4(223)
696-6	BO003	696	6	mario	mario	_	_	_	_	_	linguistic	_	ContainsVariation=No	_	_	_	_	_	_
696-7	BO003	696	7	no.	no	_	_	_	_	_	linguistic	_	ContainsVariation=No	Intonation=Falling	_	_	_	_	_
696-8	BO003	696	8	non	non	_	_	_	_	_	linguistic	_	ContainsVariation=No	_	_	_	_	_	_
696-9	BO003	696	9	ci	ci	_	_	_	_	_	linguistic	_	ContainsVariation=No	_	_	_	_	_	_
696-10	BO003	696	10	sia~	sia~	_	_	_	_	_	linguistic	_	ContainsVariation=No	Interrupted=Yes	_	_	_	_	_
696-11	BO003	696	11	ha	ha	_	_	_	_	_	linguistic	_	ContainsVariation=No	_	_	_	_	_	_
696-12	BO003	696	12	la	la	_	_	_	_	_	linguistic	_	ContainsVariation=No	_	_	_	_	_	_
696-13	BO003	696	13	bocca	bocca	_	_	_	_	_	linguistic	_	ContainsVariation=No	_	_	_	_	_	_
696-14	BO003	696	14	che	che	_	_	_	_	_	linguistic	_	ContainsVariation=No	_	_	_	_	_	_
696-15	BO003	696	15	è	è	_	_	_	_	_	linguistic	_	ContainsVariation=No	_	_	_	_	_	_
696-16	BO003	696	16	così,	così	_	_	_	_	_	linguistic	_	ContainsVariation=No	Intonation=WeaklyRising	End=1526.071	_	_	_	_
697-0	BO002	697	0	e:	e	_	_	_	_	_	linguistic	_	ContainsVariation=No	_	Begin=1521.961	0x1	_	_	_
697-1	BO002	697	1	[alla	alla	_	_	_	_	_	linguistic	_	ContainsVariation=No	_	_	_	_	_	0-4(223)
697-2	BO002	697	2	fine::]	fine	_	_	_	_	_	linguistic	_	ContainsVariation=No	_	End=1523.292	3x2	_	_	0-4(223)
698-0	BO002	698	0	sì:	sì	_	_	_	_	_	linguistic	_	ContainsVariation=No	_	Begin=1526.235|End=1526.682	1x1	_	_	_
699-0	BO003	699	0	alta	alta	_	_	_	_	_	linguistic	_	ContainsVariation=No	_	Begin=1526.737	_	_	_	_
699-1	BO003	699	1	f~	f~	_	_	_	_	_	linguistic	_	ContainsVariation=No	Interrupted=Yes	_	_	_	_	_
699-2	BO003	699	2	qui,	qui	_	_	_	_	_	linguistic	_	ContainsVariation=No	Intonation=WeaklyRising	End=1527.74	_	_	_	_
700-0	BO002	700	0	e	e	_	_	_	_	_	linguistic	_	ContainsVariation=No	_	Begin=1527.846	_	_	_	_
700-1	BO002	700	1	poi	poi	_	_	_	_	_	linguistic	_	ContainsVariation=No	_	_	_	_	_	_
700-2	BO002	700	2	si	si	_	_	_	_	_	linguistic	_	ContainsVariation=No	_	_	_	_	_	_
700-3	BO002	700	3	apre	apre	_	_	_	_	_	linguistic	_	ContainsVariation=No	_	_	_	_	_	_
700-4	BO002	700	4	eh,	eh	_	_	_	_	_	linguistic	_	ContainsVariation=No	Intonation=WeaklyRising	_	_	_	_	_
700-5	BO002	700	5	c'	c'	_	_	_	_	_	linguistic	_	ContainsVariation=No	SpaceAfter=No	_	_	_	_	_
700-6	BO002	700	6	ha	ha	_	_	_	_	_	linguistic	_	ContainsVariation=No	_	_	_	_	_	_
700-7	BO002	700	7	i	i	_	_	_	_	_	linguistic	_	ContainsVariation=No	_	_	_	_	_	_
700-8	BO002	700	8	denti	denti	_	_	_	_	_	linguistic	_	ContainsVariation=No	_	_	_	_	_	_
700-9	BO002	700	9	che	che	_	_	_	_	_	linguistic	_	ContainsVariation=No	_	_	_	_	_	_
700-10	BO002	700	10	[a~	a~	_	_	_	_	_	linguistic	_	ContainsVariation=No	Interrupted=Yes	_	_	_	_	0-2(224)
700-11	BO002	700	11	gli	gli	_	_	_	_	_	linguistic	_	ContainsVariation=No	_	_	_	_	_	0-3(224)
700-12	BO002	700	12	arrivano]	arrivano	_	_	_	_	_	linguistic	_	ContainsVariation=No	_	_	_	_	_	0-8(224)
700-13	BO002	700	13	qua	qua	_	_	_	_	_	linguistic	_	ContainsVariation=No	_	_	_	_	_	_
700-14	BO002	700	14	giù	giù	_	_	_	_	_	linguistic	_	ContainsVariation=No	_	End=1530.458	_	_	_	_
701-0	BO003	701	0	[sì	sì	_	_	_	_	_	linguistic	_	ContainsVariation=No	_	Begin=1529.279	_	_	_	0-2(224)
701-1	BO003	701	1	sì]	sì	_	_	_	_	_	linguistic	_	ContainsVariation=No	_	End=1529.93	_	_	_	0-2(224)
702-0	BO003	702	0	sì	sì	_	_	_	_	_	linguistic	_	ContainsVariation=No	_	Begin=1530.458	_	_	_	_
702-1	BO003	702	1	sì	sì	_	_	_	_	_	linguistic	_	ContainsVariation=No	_	_	_	_	_	_
702-2	BO003	702	2	sì	sì	_	_	_	_	_	linguistic	_	ContainsVariation=No	_	_	_	_	_	_
702-3	BO003	702	3	no	no	_	_	_	_	_	linguistic	_	ContainsVariation=No	_	_	_	_	_	_
702-4	BO003	702	4	è	è	_	_	_	_	_	linguistic	_	ContainsVariation=No	_	End=1531.516	_	_	_	_
703-0	BO002	703	0	((ride))	((ride))	_	_	_	_	_	nonverbalbehavior	_	ContainsVariation=No	_	Begin=1532.107|End=1534.3	_	_	_	_
704-0	BO003	704	0	((ride))	((ride))	_	_	_	_	_	nonverbalbehavior	_	ContainsVariation=No	_	Begin=1532.107|End=1534.3	_	_	_	_
705-0	BO002	705	0	no	no	_	_	_	_	_	linguistic	_	ContainsVariation=No	_	Begin=1534.667	_	_	_	_
705-1	BO002	705	1	comunque	comunque	_	_	_	_	_	linguistic	_	ContainsVariation=No	_	_	_	_	_	_
705-2	BO002	705	2	alla	alla	_	_	_	_	_	linguistic	_	ContainsVariation=No	_	_	_	_	_	_
705-3	BO002	705	3	fine	fine	_	_	_	_	_	linguistic	_	ContainsVariation=No	_	_	_	_	_	_
705-4	BO002	705	4	siamo	siamo	_	_	_	_	_	linguistic	_	ContainsVariation=No	_	_	_	_	_	_
705-5	BO002	705	5	andati:	andati	_	_	_	_	_	linguistic	_	ContainsVariation=No	_	_	5x1	_	_	_
705-6	BO002	705	6	a	a	_	_	_	_	_	linguistic	_	ContainsVariation=No	_	_	_	_	_	_
705-7	BO002	705	7	prendere:	prendere	_	_	_	_	_	linguistic	_	ContainsVariation=No	_	_	7x1	_	_	_
705-8	BO002	705	8	qualcosa	qualcosa	_	_	_	_	_	linguistic	_	ContainsVariation=No	_	_	_	_	_	_
705-9	BO002	705	9	da	da	_	_	_	_	_	linguistic	_	ContainsVariation=No	_	_	_	_	_	_
705-10	BO002	705	10	bere	bere	_	_	_	_	_	linguistic	_	ContainsVariation=No	_	_	_	_	_	_
705-11	BO002	705	11	in[vece	invece	_	_	_	_	_	linguistic	_	ContainsVariation=No	_	_	_	_	_	2-6(226)
705-12	BO002	705	12	che	che	_	_	_	_	_	linguistic	_	ContainsVariation=No	_	_	_	_	_	0-3(226)
705-13	BO002	705	13	andare	andare	_	_	_	_	_	linguistic	_	ContainsVariation=No	_	_	_	_	_	0-6(226)
705-14	BO002	705	14	in	in	_	_	_	_	_	linguistic	_	ContainsVariation=No	_	_	_	_	_	0-2(226)
705-15	BO002	705	15	piscina]	piscina	_	_	_	_	_	linguistic	_	ContainsVariation=No	_	End=1540.324	_	_	_	0-7(226)
706-0	BO003	706	0	[sì	sì	_	_	_	_	_	linguistic	_	ContainsVariation=No	_	Begin=1538.62	_	_	_	0-2(226)
706-1	BO003	706	1	avete	avete	_	_	_	_	_	linguistic	_	ContainsVariation=No	_	_	_	_	_	0-5(226)
706-2	BO003	706	2	fatto	fatto	_	_	_	_	_	linguistic	_	ContainsVariation=No	_	_	_	_	_	0-5(226)
706-3	BO003	706	3	bene]	bene	_	_	_	_	_	linguistic	_	ContainsVariation=No	_	End=1540.324	_	_	_	0-4(226)
707-0	BO003	707	0	poi	poi	_	_	_	_	_	linguistic	_	ContainsVariation=No	_	Begin=1541.116	_	_	_	_
707-1	BO003	707	1	in	in	_	_	_	_	_	linguistic	_	ContainsVariation=No	_	_	_	_	_	_
707-2	BO003	707	2	germania	germania	_	_	_	_	_	linguistic	_	ContainsVariation=No	_	_	_	_	_	_
707-3	BO003	707	3	un	un	_	_	_	_	_	linguistic	_	ContainsVariation=No	_	_	_	_	_	_
707-4	BO003	707	4	freddo	freddo	_	_	_	_	_	linguistic	_	ContainsVariation=No	_	_	_	_	_	_
707-5	BO003	707	5	in	in	_	_	_	_	_	linguistic	_	ContainsVariation=No	_	_	_	_	_	_
707-6	BO003	707	6	piscina	piscina	_	_	_	_	_	linguistic	_	ContainsVariation=No	PauseAfter=Yes	_	_	_	_	_
707-7	BO003	707	7	(.)	(.)	_	_	_	_	_	shortpause	_	ContainsVariation=No	_	_	_	_	_	_
707-8	BO003	707	8	credo	credo	_	_	_	_	_	linguistic	_	ContainsVariation=No	_	End=1543.853	_	_	_	_
708-0	BO002	708	0	no	no	_	_	_	_	_	linguistic	_	ContainsVariation=No	_	Begin=1543.853	_	_	_	_
708-1	BO002	708	1	però	però	_	_	_	_	_	linguistic	_	ContainsVariation=No	_	_	_	_	_	_
708-2	BO002	708	2	quel	quel	_	_	_	_	_	linguistic	_	ContainsVariation=No	_	_	_	_	_	_
708-3	BO002	708	3	giorno	giorno	_	_	_	_	_	linguistic	_	ContainsVariation=No	_	_	_	_	_	_
708-4	BO002	708	4	era	era	_	_	_	_	_	linguistic	_	ContainsVariation=No	_	_	_	_	_	_
708-5	BO002	708	5	ca:l[do]	caldo	_	_	_	_	_	linguistic	_	ContainsVariation=No	PauseAfter=Yes	_	1x1	_	_	3-5(227)
708-6	BO002	708	6	(.)	(.)	_	_	_	_	_	shortpause	_	ContainsVariation=No	_	_	_	_	_	_
708-7	BO002	708	7	sì	sì	_	_	_	_	_	linguistic	_	ContainsVariation=No	_	End=1546.556	_	_	_	_
709-0	BO003	709	0	[era	era	_	_	_	_	_	linguistic	_	ContainsVariation=No	_	Begin=1545.523	_	_	_	0-3(227)
709-1	BO003	709	1	caldo]?	caldo	_	_	_	_	_	linguistic	_	ContainsVariation=No	Intonation=Rising	End=1546.28	_	_	_	0-5(227)
710-0	BO002	710	0	io	io	_	_	_	_	_	linguistic	_	ContainsVariation=No	_	Begin=1546.75	_	_	_	_
710-1	BO002	710	1	ero	ero	_	_	_	_	_	linguistic	_	ContainsVariation=No	_	_	_	_	_	_
710-2	BO002	710	2	in	in	_	_	_	_	_	linguistic	_	ContainsVariation=No	_	_	_	_	_	_
710-3	BO002	710	3	canottie:ra	canottiera	_	_	_	_	_	linguistic	_	ContainsVariation=No	PauseAfter=Yes	_	7x1	_	_	_
710-4	BO002	710	4	(.)	(.)	_	_	_	_	_	shortpause	_	ContainsVariation=No	_	_	_	_	_	_
710-5	BO002	710	5	quindi	quindi	_	_	_	_	_	linguistic	_	ContainsVariation=No	_	End=1549.002	_	_	_	_
711-0	BO002	711	0	no.	no	_	_	_	_	_	linguistic	_	ContainsVariation=No	Intonation=Falling	Begin=1550.824	_	_	_	_
711-1	BO002	711	1	però:	però	_	_	_	_	_	linguistic	_	ContainsVariation=No	PauseAfter=Yes	_	3x1	_	_	_
711-2	BO002	711	2	(.)	(.)	_	_	_	_	_	shortpause	_	ContainsVariation=No	_	_	_	_	_	_
711-3	BO002	711	3	gli	gli	_	_	_	_	_	linguistic	_	ContainsVariation=No	_	_	_	_	_	_
711-4	BO002	711	4	ho	ho	_	_	_	_	_	linguistic	_	ContainsVariation=No	_	_	_	_	_	_
711-5	BO002	711	5	rovinato	rovinato	_	_	_	_	_	linguistic	_	ContainsVariation=No	_	_	_	_	_	_
711-6	BO002	711	6	i	i	_	_	_	_	_	linguistic	_	ContainsVariation=No	_	_	_	_	_	_
711-7	BO002	711	7	pia:ni	piani	_	_	_	_	_	linguistic	_	ContainsVariation=No	_	_	2x1	_	_	_
711-8	BO002	711	8	perché	perché	_	_	_	_	_	linguistic	_	ContainsVariation=No	_	_	_	_	_	_
711-9	BO002	711	9	si	si	_	_	_	_	_	linguistic	_	ContainsVariation=No	_	_	_	_	_	_
711-10	BO002	711	10	doveva	doveva	_	_	_	_	_	linguistic	_	ContainsVariation=No	_	_	_	_	_	_
711-11	BO002	711	11	andare	andare	_	_	_	_	_	linguistic	_	ContainsVariation=No	_	_	_	_	_	_
711-12	BO002	711	12	in	in	_	_	_	_	_	linguistic	_	ContainsVariation=No	_	_	_	_	_	_
711-13	BO002	711	13	pisci:na	piscina	_	_	_	_	_	linguistic	_	ContainsVariation=No	_	End=1555.347	4x1	_	_	_
712-0	BO003	712	0	vabbè	vabbè	_	_	_	_	_	linguistic	_	ContainsVariation=No	_	Begin=1555.347	_	_	_	_
712-1	BO003	712	1	xx	xx	_	_	_	_	_	unknown	_	ContainsVariation=No	Syllables=2	_	_	_	_	_
712-2	BO003	712	2	[avete	avete	_	_	_	_	_	linguistic	_	ContainsVariation=No	_	_	_	_	_	0-5(228)
712-3	BO003	712	3	fatto]	fatto	_	_	_	_	_	linguistic	_	ContainsVariation=No	_	End=1556.81	_	_	_	0-5(228)
713-0	BO002	713	0	[e	e	_	_	_	_	_	linguistic	_	ContainsVariation=No	_	Begin=1556.012	_	_	_	0-1(228)
713-1	BO002	713	1	io]	io	_	_	_	_	_	linguistic	_	ContainsVariation=No	_	_	_	_	_	0-2(228)
713-2	BO002	713	2	non	non	_	_	_	_	_	linguistic	_	ContainsVariation=No	_	_	_	_	_	_
713-3	BO002	713	3	po:sso	posso	_	_	_	_	_	linguistic	_	ContainsVariation=No	_	End=1558.099	1x1	_	_	_
714-0	BO003	714	0	hai	hai	_	_	_	_	_	linguistic	_	ContainsVariation=No	_	Begin=1558.831	_	_	_	_
714-1	BO003	714	1	fatto	fatto	_	_	_	_	_	linguistic	_	ContainsVariation=No	_	_	_	_	_	_
714-2	BO003	714	2	bene	bene	_	_	_	_	_	linguistic	_	ContainsVariation=No	PauseAfter=Yes	_	_	_	_	_
714-3	BO003	714	3	(.)	(.)	_	_	_	_	_	shortpause	_	ContainsVariation=No	_	_	_	_	_	_
714-4	BO003	714	4	perché	perché	_	_	_	_	_	linguistic	_	ContainsVariation=No	_	_	_	_	_	_
714-5	BO003	714	5	in	in	_	_	_	_	_	linguistic	_	ContainsVariation=No	_	_	_	_	_	_
714-6	BO003	714	6	piscina,	piscina	_	_	_	_	_	linguistic	_	ContainsVariation=No	Intonation=WeaklyRising	End=1561.539	_	_	_	_
715-0	BO002	715	0	come	come	_	_	_	_	_	linguistic	_	ContainsVariation=No	_	Begin=1562.462	_	_	_	_
715-1	BO002	715	1	fai?	fai	_	_	_	_	_	linguistic	_	ContainsVariation=No	Intonation=Rising	End=1563.46	_	_	_	_
716-0	BO002	716	0	((ride))	((ride))	_	_	_	_	_	nonverbalbehavior	_	ContainsVariation=No	_	Begin=1568.011|End=1570.018	_	_	_	_
717-0	BO003	717	0	((ride))	((ride))	_	_	_	_	_	nonverbalbehavior	_	ContainsVariation=No	_	Begin=1568.011|End=1570.018	_	_	_	_
718-0	BO003	718	0	va	va	_	_	_	_	_	linguistic	_	ContainsVariation=No	_	Begin=1574.958	_	_	_	_
718-1	BO003	718	1	bene	bene	_	_	_	_	_	linguistic	_	ContainsVariation=No	_	_	_	_	_	_
718-2	BO003	718	2	((ride))	((ride))	_	_	_	_	_	nonverbalbehavior	_	ContainsVariation=No	_	End=1576.217	_	_	_	_
719-0	BO002	719	0	e	e	_	_	_	_	_	linguistic	_	ContainsVariation=No	_	Begin=1577.433	_	_	_	_
719-1	BO002	719	1	niente	niente	_	_	_	_	_	linguistic	_	ContainsVariation=No	PauseAfter=Yes	_	_	_	_	_
719-2	BO002	719	2	(.)	(.)	_	_	_	_	_	shortpause	_	ContainsVariation=No	_	_	_	_	_	_
719-3	BO002	719	3	comunque,	comunque	_	_	_	_	_	linguistic	_	ContainsVariation=No	Intonation=WeaklyRising	_	_	_	_	_
719-4	BO002	719	4	vabbè.	vabbè	_	_	_	_	_	linguistic	_	ContainsVariation=No	Intonation=Falling	_	_	_	_	_
719-5	BO002	719	5	quando	quando	_	_	_	_	_	linguistic	_	ContainsVariation=No	_	_	_	_	_	_
719-6	BO002	719	6	vuoi	vuoi	_	_	_	_	_	linguistic	_	ContainsVariation=No	_	_	_	_	_	_
719-7	BO002	719	7	andare	andare	_	_	_	_	_	linguistic	_	ContainsVariation=No	_	_	_	_	_	_
719-8	BO002	719	8	in	in	_	_	_	_	_	linguistic	_	ContainsVariation=No	_	_	_	_	_	_
719-9	BO002	719	9	biblioteca	biblioteca	_	_	_	_	_	linguistic	_	ContainsVariation=No	_	_	_	_	_	_
719-10	BO002	719	10	andia[mo]	andiamo	_	_	_	_	_	linguistic	_	ContainsVariation=No	_	End=1581.909	_	_	_	5-7(230)
720-0	BO003	720	0	[sì],	sì	_	_	_	_	_	linguistic	_	ContainsVariation=No	Intonation=WeaklyRising	Begin=1581.703	_	_	_	0-2(230)
720-1	BO003	720	1	sì.	sì	_	_	_	_	_	linguistic	_	ContainsVariation=No	Intonation=Falling	_	_	_	_	_
720-2	BO003	720	2	ora	ora	_	_	_	_	_	linguistic	_	ContainsVariation=No	_	_	_	_	_	_
720-3	BO003	720	3	dobbiamo	dobbiamo	_	_	_	_	_	linguistic	_	ContainsVariation=No	PauseAfter=Yes	_	_	_	_	_
720-4	BO003	720	4	(.)	(.)	_	_	_	_	_	shortpause	_	ContainsVariation=No	_	_	_	_	_	_
720-5	BO003	720	5	aspettare:	aspettare	_	_	_	_	_	linguistic	_	ContainsVariation=No	_	_	8x1	_	_	_
720-6	BO003	720	6	che:	che	_	_	_	_	_	linguistic	_	ContainsVariation=No	_	_	2x1	_	_	_
720-7	BO003	720	7	finisca	finisca	_	_	_	_	_	linguistic	_	ContainsVariation=No	_	End=1586.407	_	_	_	_
721-0	BO003	721	0	poi	poi	_	_	_	_	_	linguistic	_	ContainsVariation=No	_	Begin=1586.663	_	_	_	_
721-1	BO003	721	1	ci	ci	_	_	_	_	_	linguistic	_	ContainsVariation=No	_	_	_	_	_	_
721-2	BO003	721	2	deve	deve	_	_	_	_	_	linguistic	_	ContainsVariation=No	_	_	_	_	_	_
721-3	BO003	721	3	fare	fare	_	_	_	_	_	linguistic	_	ContainsVariation=No	_	_	_	_	_	_
721-4	BO003	721	4	tutte	tutte	_	_	_	_	_	linguistic	_	ContainsVariation=No	_	_	_	_	_	_
721-5	BO003	721	5	le	le	_	_	_	_	_	linguistic	_	ContainsVariation=No	_	_	_	_	_	_
721-6	BO003	721	6	domande	domande	_	_	_	_	_	linguistic	_	ContainsVariation=No	_	End=1588.642	_	_	_	_
722-0	BO002	722	0	ah	ah	_	_	_	_	_	linguistic	_	ContainsVariation=No	_	Begin=1588.657	_	_	_	_
722-1	BO002	722	1	ci	ci	_	_	_	_	_	linguistic	_	ContainsVariation=No	_	_	_	_	_	_
722-2	BO002	722	2	deve	deve	_	_	_	_	_	linguistic	_	ContainsVariation=No	_	_	_	_	_	_
722-3	BO002	722	3	fare	fare	_	_	_	_	_	linguistic	_	ContainsVariation=No	_	_	_	_	_	_
722-4	BO002	722	4	le	le	_	_	_	_	_	linguistic	_	ContainsVariation=No	_	_	_	_	_	_
722-5	BO002	722	5	doman[de]	domande	_	_	_	_	_	linguistic	_	ContainsVariation=No	_	End=1589.995	_	_	_	5-7(231)
723-0	BO003	723	0	[sì]	sì	_	_	_	_	_	linguistic	_	ContainsVariation=No	_	Begin=1589.814	_	_	_	0-2(231)
723-1	BO003	723	1	dove	dove	_	_	_	_	_	linguistic	_	ContainsVariation=No	_	_	_	_	_	_
723-2	BO003	723	2	siamo	siamo	_	_	_	_	_	linguistic	_	ContainsVariation=No	_	_	_	_	_	_
723-3	BO003	723	3	nati	nati	_	_	_	_	_	linguistic	_	ContainsVariation=No	_	_	_	_	_	_
723-4	BO003	723	4	dove	dove	_	_	_	_	_	linguistic	_	ContainsVariation=No	_	_	_	_	_	_
723-5	BO003	723	5	[siamo	siamo	_	_	_	_	_	linguistic	_	ContainsVariation=No	_	_	_	_	_	0-5(232)
723-6	BO003	723	6	andati	andati	_	_	_	_	_	linguistic	_	ContainsVariation=No	_	_	_	_	_	0-6(232)
723-7	BO003	723	7	a	a	_	_	_	_	_	linguistic	_	ContainsVariation=No	_	_	_	_	_	0-1(232)
723-8	BO003	723	8	scu]o:la:	scuola	_	_	_	_	_	linguistic	_	ContainsVariation=No	_	End=1592.479	3x1,5x1	_	_	0-3(232)
724-0	BO002	724	0	[ah	ah	_	_	_	_	_	linguistic	_	ContainsVariation=No	_	Begin=1591.088	_	_	_	0-2(232)
724-1	BO002	724	1	già]	già	_	_	_	_	_	linguistic	_	ContainsVariation=No	_	End=1591.71	_	_	_	0-3(232)
725-0	BO002	725	0	no	no	_	_	_	_	_	linguistic	_	ContainsVariation=No	_	Begin=1600.638	_	_	_	_
725-1	BO002	725	1	comunque	comunque	_	_	_	_	_	linguistic	_	ContainsVariation=No	_	_	_	_	_	_
725-2	BO002	725	2	io	io	_	_	_	_	_	linguistic	_	ContainsVariation=No	_	_	_	_	_	_
725-3	BO002	725	3	glielo	glielo	_	_	_	_	_	linguistic	_	ContainsVariation=No	_	_	_	_	_	_
725-4	BO002	725	4	chiedo	chiedo	_	_	_	_	_	linguistic	_	ContainsVariation=No	_	_	_	_	_	_
725-5	BO002	725	5	tanto	tanto	_	_	_	_	_	linguistic	_	ContainsVariation=No	_	_	_	_	_	_
725-6	BO002	725	6	pe	pe	_	_	_	_	_	linguistic	_	ContainsVariation=No	_	_	_	_	_	_
725-7	BO002	725	7	sta'	sta'	_	_	_	_	_	linguistic	_	ContainsVariation=No	Truncated=Yes	_	_	_	_	_
725-8	BO002	725	8	tranqui:lla	tranquilla	_	_	_	_	_	linguistic	_	ContainsVariation=No	_	End=1603.558	6x1	_	_	_
726-0	BO003	726	0	sì	sì	_	_	_	_	_	linguistic	_	ContainsVariation=No	_	Begin=1603.56	_	_	_	_
726-1	BO003	726	1	sì	sì	_	_	_	_	_	linguistic	_	ContainsVariation=No	_	_	_	_	_	_
726-2	BO003	726	2	sì.	sì	_	_	_	_	_	linguistic	_	ContainsVariation=No	Intonation=Falling|PauseAfter=Yes	_	_	_	_	_
726-3	BO003	726	3	(.)	(.)	_	_	_	_	_	shortpause	_	ContainsVariation=No	_	_	_	_	_	_
726-4	BO003	726	4	chiediglielo	chiediglielo	_	_	_	_	_	linguistic	_	ContainsVariation=No	_	End=1605.148	_	_	_	_
727-0	BO002	727	0	non	non	_	_	_	_	_	linguistic	_	ContainsVariation=No	_	Begin=1605.421	_	_	_	_
727-1	BO002	727	1	penso	penso	_	_	_	_	_	linguistic	_	ContainsVariation=No	_	_	_	_	_	_
727-2	BO002	727	2	sia	sia	_	_	_	_	_	linguistic	_	ContainsVariation=No	_	_	_	_	_	_
727-3	BO002	727	3	del	del	_	_	_	_	_	linguistic	_	ContainsVariation=No	_	_	_	_	_	_
727-4	BO002	727	4	secondo	secondo	_	_	_	_	_	linguistic	_	ContainsVariation=No	_	_	_	_	_	_
727-5	BO002	727	5	a::n[no]	anno	_	_	_	_	_	linguistic	_	ContainsVariation=No	_	End=1607.912	0x2	_	_	2-4(233)
728-0	BO003	728	0	[ah]	ah	_	_	_	_	_	linguistic	_	ContainsVariation=No	_	Begin=1607.604	_	_	_	0-2(233)
728-1	BO003	728	1	sì	sì	_	_	_	_	_	linguistic	_	ContainsVariation=No	_	_	_	_	_	_
728-2	BO003	728	2	poi	poi	_	_	_	_	_	linguistic	_	ContainsVariation=No	_	_	_	_	_	_
728-3	BO003	728	3	metti	metti	_	_	_	_	_	linguistic	_	ContainsVariation=No	_	_	_	_	_	_
728-4	BO003	728	4	che	che	_	_	_	_	_	linguistic	_	ContainsVariation=No	_	_	_	_	_	_
728-5	BO003	728	5	la	la	_	_	_	_	_	linguistic	_	ContainsVariation=No	_	_	_	_	_	_
728-6	BO003	728	6	marta	marta	_	_	_	_	_	linguistic	_	ContainsVariation=No	_	_	_	_	_	_
728-7	BO003	728	7	si	si	_	_	_	_	_	linguistic	_	ContainsVariation=No	_	_	_	_	_	_
728-8	BO003	728	8	mette	mette	_	_	_	_	_	linguistic	_	ContainsVariation=No	_	_	_	_	_	_
728-9	BO003	728	9	a	a	_	_	_	_	_	linguistic	_	ContainsVariation=No	_	_	_	_	_	_
728-10	BO003	728	10	fare	fare	_	_	_	_	_	linguistic	_	ContainsVariation=No	_	_	_	_	_	_
728-11	BO003	728	11	il	il	_	_	_	_	_	linguistic	_	ContainsVariation=No	_	_	_	_	_	_
728-12	BO003	728	12	co[so	coso	_	_	_	_	_	linguistic	_	ContainsVariation=No	_	_	_	_	_	2-4(234)
728-13	BO003	728	13	degli	degli	_	_	_	_	_	linguistic	_	ContainsVariation=No	_	_	_	_	_	0-5(234)
728-14	BO003	728	14	audiovi]deo	audiovideo	_	_	_	_	_	linguistic	_	ContainsVariation=No	_	_	_	_	_	0-7(234)
728-15	BO003	728	15	((ride))	((ride))	_	_	_	_	_	nonverbalbehavior	_	ContainsVariation=No	_	End=1611.683	_	_	_	_
729-0	BO002	729	0	[no	no	_	_	_	_	_	linguistic	_	ContainsVariation=No	_	Begin=1609.845	_	_	_	0-2(234)
729-1	BO002	729	1	infatti]	infatti	_	_	_	_	_	linguistic	_	ContainsVariation=No	PauseAfter=Yes	_	_	_	_	0-7(234)
729-2	BO002	729	2	(.)	(.)	_	_	_	_	_	shortpause	_	ContainsVariation=No	_	_	_	_	_	_
729-3	BO002	729	3	((ride))	((ride))	_	_	_	_	_	nonverbalbehavior	_	ContainsVariation=No	_	End=1611.131	_	_	_	_
730-0	BO002	730	0	oh	oh	_	_	_	_	_	linguistic	_	ContainsVariation=No	_	Begin=1614.594	_	_	_	_
730-1	BO002	730	1	se	se	_	_	_	_	_	linguistic	_	ContainsVariation=No	_	_	_	_	_	_
730-2	BO002	730	2	no	no	_	_	_	_	_	linguistic	_	ContainsVariation=No	_	_	_	_	_	_
730-3	BO002	730	3	sarebbe	sarebbe	_	_	_	_	_	linguistic	_	ContainsVariation=No	_	_	_	_	_	_
730-4	BO002	730	4	la	la	_	_	_	_	_	linguistic	_	ContainsVariation=No	_	_	_	_	_	_
730-5	BO002	730	5	sfiga	sfiga	_	_	_	_	_	linguistic	_	ContainsVariation=No	_	_	_	_	_	_
730-6	BO002	730	6	[eh],	eh	_	_	_	_	_	linguistic	_	ContainsVariation=No	Intonation=WeaklyRising	End=1616.428	_	_	_	0-2(235)
731-0	BO003	731	0	[sì]	sì	_	_	_	_	_	linguistic	_	ContainsVariation=No	_	Begin=1616.277	_	_	_	0-2(235)
731-1	BO003	731	1	sì.	sì	_	_	_	_	_	linguistic	_	ContainsVariation=No	Intonation=Falling|PauseAfter=Yes	_	_	_	_	_
731-2	BO003	731	2	(.)	(.)	_	_	_	_	_	shortpause	_	ContainsVariation=No	_	_	_	_	_	_
731-3	BO003	731	3	assolutamente	assolutamente	_	_	_	_	_	linguistic	_	ContainsVariation=No	_	_	_	_	_	_
731-4	BO003	731	4	sì.	sì	_	_	_	_	_	linguistic	_	ContainsVariation=No	Intonation=Falling	End=1618.44	_	_	_	_
732-0	BO002	732	0	io	io	_	_	_	_	_	linguistic	_	ContainsVariation=No	_	Begin=1619.641	_	_	_	_
732-1	BO002	732	1	ho	ho	_	_	_	_	_	linguistic	_	ContainsVariation=No	_	_	_	_	_	_
732-2	BO002	732	2	voglia	voglia	_	_	_	_	_	linguistic	_	ContainsVariation=No	_	_	_	_	_	_
732-3	BO002	732	3	di	di	_	_	_	_	_	linguistic	_	ContainsVariation=No	_	_	_	_	_	_
732-4	BO002	732	4	mangiare	mangiare	_	_	_	_	_	linguistic	_	ContainsVariation=No	_	_	_	_	_	_
732-5	BO002	732	5	la	la	_	_	_	_	_	linguistic	_	ContainsVariation=No	_	_	_	_	_	_
732-6	BO002	732	6	bana:na,	banana	_	_	_	_	_	linguistic	_	ContainsVariation=No	Intonation=WeaklyRising	End=1621.587	3x1	_	_	_
733-0	BO003	733	0	mangia	mangia	_	_	_	_	_	linguistic	_	ContainsVariation=No	_	Begin=1621.587	_	_	_	_
733-1	BO003	733	1	mangia.	mangia	_	_	_	_	_	linguistic	_	ContainsVariation=No	Intonation=Falling	End=1622.292	_	_	_	_
734-0	BO002	734	0	xxx	xxx	_	_	_	_	_	unknown	_	ContainsVariation=No	Syllables=3	Begin=1622.35|End=1623.074	_	_	_	_
735-0	BO002	735	0	((ride))	((ride))	_	_	_	_	_	nonverbalbehavior	_	ContainsVariation=No	_	Begin=1623.15|End=1624.481	_	_	_	_
736-0	BO003	736	0	((ride))	((ride))	_	_	_	_	_	nonverbalbehavior	_	ContainsVariation=No	_	Begin=1623.15|End=1624.481	_	_	_	_
737-0	BO002	737	0	mi	mi	_	_	_	_	_	linguistic	_	ContainsVariation=No	_	Begin=1624.519	_	_	_	_
737-1	BO002	737	1	sentono	sentono	_	_	_	_	_	linguistic	_	ContainsVariation=No	_	_	_	_	_	_
737-2	BO002	737	2	masticare	masticare	_	_	_	_	_	linguistic	_	ContainsVariation=No	_	End=1626.207	_	_	_	_
738-0	BO003	738	0	((ride))	((ride))	_	_	_	_	_	nonverbalbehavior	_	ContainsVariation=No	_	Begin=1626.017|End=1626.954	_	_	_	_
739-0	BO003	739	0	>allora<	allora	_	_	_	_	_	linguistic	_	ContainsVariation=No	_	Begin=1627.049	_	Fast=0-6(0)	_	_
739-1	BO003	739	1	magari	magari	_	_	_	_	_	linguistic	_	ContainsVariation=No	_	_	_	_	_	_
739-2	BO003	739	2	aspettia:mo	aspettiamo	_	_	_	_	_	linguistic	_	ContainsVariation=No	_	End=1628.607	7x1	_	_	_
740-0	BO002	740	0	magari	magari	_	_	_	_	_	linguistic	_	ContainsVariation=No	_	Begin=1629.544	_	_	_	_
740-1	BO002	740	1	in	in	_	_	_	_	_	linguistic	_	ContainsVariation=No	_	_	_	_	_	_
740-2	BO002	740	2	bibliote:ca,	biblioteca	_	_	_	_	_	linguistic	_	ContainsVariation=No	Intonation=WeaklyRising	End=1630.996	7x1	_	_	_
741-0	BO003	741	0	sì:	sì	_	_	_	_	_	linguistic	_	ContainsVariation=No	_	Begin=1630.996	1x1	_	_	_
741-1	BO003	741	1	xxxx	xxxx	_	_	_	_	_	unknown	_	ContainsVariation=No	Syllables=4	End=1632.44	_	_	_	_
742-0	BO002	742	0	no	no	_	_	_	_	_	linguistic	_	ContainsVariation=No	PauseAfter=Yes	Begin=1633.139	_	_	_	_
742-1	BO002	742	1	(.)	(.)	_	_	_	_	_	shortpause	_	ContainsVariation=No	_	_	_	_	_	_
742-2	BO002	742	2	[dai	dai	_	_	_	_	_	linguistic	_	ContainsVariation=No	_	_	_	_	_	0-3(238)
742-3	BO002	742	3	no]	no	_	_	_	_	_	linguistic	_	ContainsVariation=No	_	End=1634.247	_	_	_	0-2(238)
743-0	BO003	743	0	[in	in	_	_	_	_	_	linguistic	_	ContainsVariation=No	_	Begin=1633.681	_	_	_	0-2(239)
743-1	BO003	743	1	bi]blioteca	biblioteca	_	_	_	_	_	linguistic	_	ContainsVariation=No	_	_	_	_	_	0-2(239)
743-2	BO003	743	2	ci	ci	_	_	_	_	_	linguistic	_	ContainsVariation=No	_	_	_	_	_	_
743-3	BO003	743	3	son	son	_	_	_	_	_	linguistic	_	ContainsVariation=No	_	_	_	_	_	_
743-4	BO003	743	4	tutti	tutti	_	_	_	_	_	linguistic	_	ContainsVariation=No	ProsodicLink=Yes	_	_	_	_	_
743-5	BO003	743	5	in	in	_	_	_	_	_	linguistic	_	ContainsVariation=No	_	_	_	_	_	_
743-6	BO003	743	6	biblioteca.	biblioteca	_	_	_	_	_	linguistic	_	ContainsVariation=No	Intonation=Falling	_	_	_	_	_
743-7	BO003	743	7	in	in	_	_	_	_	_	linguistic	_	ContainsVariation=No	_	_	_	_	_	_
743-8	BO003	743	8	bi[blioteca	biblioteca	_	_	_	_	_	linguistic	_	ContainsVariation=No	_	_	_	_	_	2-10(240)
743-9	BO003	743	9	possiamo	possiamo	_	_	_	_	_	linguistic	_	ContainsVariation=No	_	_	_	_	_	0-8(240)
743-10	BO003	743	10	beccare]	beccare	_	_	_	_	_	linguistic	_	ContainsVariation=No	PauseAfter=Yes	_	_	_	_	0-7(240)
743-11	BO003	743	11	(.)	(.)	_	_	_	_	_	shortpause	_	ContainsVariation=No	_	_	_	_	_	_
743-12	BO003	743	12	[tu~	tu~	_	_	_	_	_	linguistic	_	ContainsVariation=No	Interrupted=Yes	_	_	_	_	0-3(241)
743-13	BO003	743	13	tutti].	tutti	_	_	_	_	_	linguistic	_	ContainsVariation=No	Intonation=Falling|PauseAfter=Yes	_	_	_	_	0-5(241)
743-14	BO003	743	14	(.)	(.)	_	_	_	_	_	shortpause	_	ContainsVariation=No	_	_	_	_	_	_
743-15	BO003	743	15	andrea.	andrea	_	_	_	_	_	linguistic	_	ContainsVariation=No	Intonation=Falling|PauseAfter=Yes	_	_	_	_	_
743-16	BO003	743	16	(.)	(.)	_	_	_	_	_	shortpause	_	ContainsVariation=No	_	_	_	_	_	_
743-17	BO003	743	17	((matteo))	((matteo))	_	_	_	_	_	nonverbalbehavior	_	ContainsVariation=No	PauseAfter=Yes	_	_	_	_	_
743-18	BO003	743	18	(.)	(.)	_	_	_	_	_	shortpause	_	ContainsVariation=No	_	_	_	_	_	_
743-19	BO003	743	19	la	la	_	_	_	_	_	linguistic	_	ContainsVariation=No	_	_	_	_	_	_
743-20	BO003	743	20	marta	marta	_	_	_	_	_	linguistic	_	ContainsVariation=No	_	End=1641.306	_	_	_	_
744-0	BO002	744	0	[è	è	_	_	_	_	_	linguistic	_	ContainsVariation=No	_	Begin=1635.991	_	_	_	0-1(239)
744-1	BO002	744	1	ve:ro:::]	vero	_	_	_	_	_	linguistic	_	ContainsVariation=No	_	End=1637.656	1x1,3x3	_	_	0-4(239)
745-0	BO002	745	0	[andrea]	andrea	_	_	_	_	_	linguistic	_	ContainsVariation=No	_	Begin=1637.694|End=1638.764	_	_	_	0-6(240)
746-0	BO002	746	0	matteo	matteo	_	_	_	_	_	linguistic	_	ContainsVariation=No	_	Begin=1639.272|End=1640.231	_	_	_	_
747-0	BO003	747	0	vabbè	vabbè	_	_	_	_	_	linguistic	_	ContainsVariation=No	_	Begin=1641.638	_	_	_	_
747-1	BO003	747	1	che	che	_	_	_	_	_	linguistic	_	ContainsVariation=No	_	_	_	_	_	_
747-2	BO003	747	2	la	la	_	_	_	_	_	linguistic	_	ContainsVariation=No	_	_	_	_	_	_
747-3	BO003	747	3	marta	marta	_	_	_	_	_	linguistic	_	ContainsVariation=No	_	_	_	_	_	_
747-4	BO003	747	4	non	non	_	_	_	_	_	linguistic	_	ContainsVariation=No	_	_	_	_	_	_
747-5	BO003	747	5	ci	ci	_	_	_	_	_	linguistic	_	ContainsVariation=No	_	_	_	_	_	_
747-6	BO003	747	6	fuma.	fuma	_	_	_	_	_	linguistic	_	ContainsVariation=No	Intonation=Falling	End=1643.024	_	_	_	_
748-0	BO002	748	0	no	no	_	_	_	_	_	linguistic	_	ContainsVariation=No	_	Begin=1643.091|End=1643.656	_	_	_	_
749-0	BO003	749	0	la:	la	_	_	_	_	_	linguistic	_	ContainsVariation=No	_	Begin=1643.758	1x1	_	_	_
749-1	BO003	749	1	stella.	stella	_	_	_	_	_	linguistic	_	ContainsVariation=No	Intonation=Falling	_	_	_	_	_
749-2	BO003	749	2	quel[la::]	quella	_	_	_	_	_	linguistic	_	ContainsVariation=No	_	End=1645.44	5x2	_	_	4-6(242)
750-0	BO002	750	0	[od]dio:	oddio	_	_	_	_	_	linguistic	_	ContainsVariation=No	_	Begin=1645.14	4x1	_	_	0-2(242)
750-1	BO002	750	1	anche	anche	_	_	_	_	_	linguistic	_	ContainsVariation=No	_	_	_	_	_	_
750-2	BO002	750	2	lei?	lei	_	_	_	_	_	linguistic	_	ContainsVariation=No	Intonation=Rising	End=1647.041	_	_	_	_
751-0	BO003	751	0	sì	sì	_	_	_	_	_	linguistic	_	ContainsVariation=No	_	Begin=1647.041	_	_	_	_
751-1	BO003	751	1	sì.	sì	_	_	_	_	_	linguistic	_	ContainsVariation=No	Intonation=Falling	_	_	_	_	_
751-2	BO003	751	2	possibile	possibile	_	_	_	_	_	linguistic	_	ContainsVariation=No	_	End=1648.213	_	_	_	_
752-0	BO002	752	0	no	no	_	_	_	_	_	linguistic	_	ContainsVariation=No	_	Begin=1648.24	_	_	_	_
752-1	BO002	752	1	a	a	_	_	_	_	_	linguistic	_	ContainsVariation=No	_	_	_	_	_	_
752-2	BO002	752	2	me	me	_	_	_	_	_	linguistic	_	ContainsVariation=No	_	_	_	_	_	_
752-3	BO002	752	3	lei.	lei	_	_	_	_	_	linguistic	_	ContainsVariation=No	Intonation=Falling|PauseAfter=Yes	_	_	_	_	_
752-4	BO002	752	4	(.)	(.)	_	_	_	_	_	shortpause	_	ContainsVariation=No	_	_	_	_	_	_
752-5	BO002	752	5	boh,	boh	_	_	_	_	_	linguistic	_	ContainsVariation=No	Intonation=WeaklyRising|PauseAfter=Yes	_	_	_	_	_
752-6	BO002	752	6	(.)	(.)	_	_	_	_	_	shortpause	_	ContainsVariation=No	_	_	_	_	_	_
752-7	BO002	752	7	mh:	mh	_	_	_	_	_	linguistic	_	ContainsVariation=No	_	_	1x1	_	_	_
752-8	BO002	752	8	[mi:]	mi	_	_	_	_	_	linguistic	_	ContainsVariation=No	_	End=1651.379	1x1	_	_	0-2(243)
753-0	BO003	753	0	[che]	che	_	_	_	_	_	linguistic	_	ContainsVariation=No	_	Begin=1650.947	_	_	_	0-3(243)
753-1	BO003	753	1	(cerca)	cerca	_	_	_	_	_	linguistic	_	ContainsVariation=No	_	_	_	_	0-5(0)	_
753-2	BO003	753	2	degli	degli	_	_	_	_	_	linguistic	_	ContainsVariation=No	_	_	_	_	_	_
753-3	BO003	753	3	audio[vid~]	audiovid~	_	_	_	_	_	linguistic	_	ContainsVariation=No	Interrupted=Yes	End=1652.277	_	_	_	5-9(244)
754-0	BO002	754	0	[sì].	sì	_	_	_	_	_	linguistic	_	ContainsVariation=No	Intonation=Falling	Begin=1652.158	_	_	_	0-2(244)
754-1	BO002	754	1	((ride))	((ride))	_	_	_	_	_	nonverbalbehavior	_	ContainsVariation=No	_	End=1652.279	_	_	_	_
755-0	BO003	755	0	((ride))	((ride))	_	_	_	_	_	nonverbalbehavior	_	ContainsVariation=No	_	Begin=1652.33|End=1653.421	_	_	_	_
756-0	BO002	756	0	no	no	_	_	_	_	_	linguistic	_	ContainsVariation=No	_	Begin=1653.841	_	_	_	_
756-1	BO002	756	1	lei	lei	_	_	_	_	_	linguistic	_	ContainsVariation=No	_	_	_	_	_	_
756-2	BO002	756	2	è	è	_	_	_	_	_	linguistic	_	ContainsVariation=No	_	_	_	_	_	_
756-3	BO002	756	3	al	al	_	_	_	_	_	linguistic	_	ContainsVariation=No	_	_	_	_	_	_
756-4	BO002	756	4	[pri::mo]	primo	_	_	_	_	_	linguistic	_	ContainsVariation=No	_	End=1655.369	2x2	_	_	0-5(245)
757-0	BO003	757	0	[allora]	allora	_	_	_	_	_	linguistic	_	ContainsVariation=No	PauseAfter=Yes	Begin=1654.562	_	_	_	0-6(245)
757-1	BO003	757	1	(.)	(.)	_	_	_	_	_	shortpause	_	ContainsVariation=No	_	_	_	_	_	_
757-2	BO003	757	2	lei,	lei	_	_	_	_	_	linguistic	_	ContainsVariation=No	Intonation=WeaklyRising|PauseAfter=Yes	_	_	_	_	_
757-3	BO003	757	3	(.)	(.)	_	_	_	_	_	shortpause	_	ContainsVariation=No	_	_	_	_	_	_
757-4	BO003	757	4	non	non	_	_	_	_	_	linguistic	_	ContainsVariation=No	PauseAfter=Yes	_	_	_	_	_
757-5	BO003	757	5	(.)	(.)	_	_	_	_	_	shortpause	_	ContainsVariation=No	_	_	_	_	_	_
757-6	BO003	757	6	allora.	allora	_	_	_	_	_	linguistic	_	ContainsVariation=No	Intonation=Falling	End=1657.887	_	_	_	_
758-0	BO003	758	0	io	io	_	_	_	_	_	linguistic	_	ContainsVariation=No	_	Begin=1658.567	_	_	_	_
758-1	BO003	758	1	ci	ci	_	_	_	_	_	linguistic	_	ContainsVariation=No	_	_	_	_	_	_
758-2	BO003	758	2	andavo	andavo	_	_	_	_	_	linguistic	_	ContainsVariation=No	_	_	_	_	_	_
758-3	BO003	758	3	d'	d'	_	_	_	_	_	linguistic	_	ContainsVariation=No	SpaceAfter=No	_	_	_	_	_
758-4	BO003	758	4	accordo	accordo	_	_	_	_	_	linguistic	_	ContainsVariation=No	PauseAfter=Yes	_	_	_	_	_
758-5	BO003	758	5	(.)	(.)	_	_	_	_	_	shortpause	_	ContainsVariation=No	_	_	_	_	_	_
758-6	BO003	758	6	perché	perché	_	_	_	_	_	linguistic	_	ContainsVariation=No	_	_	_	_	_	_
758-7	BO003	758	7	ci	ci	_	_	_	_	_	linguistic	_	ContainsVariation=No	_	_	_	_	_	_
758-8	BO003	758	8	andavo	andavo	_	_	_	_	_	linguistic	_	ContainsVariation=No	_	_	_	_	_	_
758-9	BO003	758	9	d'	d'	_	_	_	_	_	linguistic	_	ContainsVariation=No	SpaceAfter=No	_	_	_	_	_
758-10	BO003	758	10	accordo.	accordo	_	_	_	_	_	linguistic	_	ContainsVariation=No	Intonation=Falling	End=1661.473	_	_	_	_
759-0	BO003	759	0	però,	però	_	_	_	_	_	linguistic	_	ContainsVariation=No	Intonation=WeaklyRising	Begin=1661.811|End=1662.308	_	_	_	_
760-0	BO003	760	0	non	non	_	_	_	_	_	linguistic	_	ContainsVariation=No	_	Begin=1663.68	_	_	_	_
760-1	BO003	760	1	è	è	_	_	_	_	_	linguistic	_	ContainsVariation=No	_	_	_	_	_	_
760-2	BO003	760	2	mai	mai	_	_	_	_	_	linguistic	_	ContainsVariation=No	_	_	_	_	_	_
760-3	BO003	760	3	stata	stata	_	_	_	_	_	linguistic	_	ContainsVariation=No	_	_	_	_	_	_
760-4	BO003	760	4	proprio	proprio	_	_	_	_	_	linguistic	_	ContainsVariation=No	PauseAfter=Yes	_	_	_	_	_
760-5	BO003	760	5	(.)	(.)	_	_	_	_	_	shortpause	_	ContainsVariation=No	_	_	_	_	_	_
760-6	BO003	760	6	amore	amore	_	_	_	_	_	linguistic	_	ContainsVariation=No	_	_	_	_	_	_
760-7	BO003	760	7	a	a	_	_	_	_	_	linguistic	_	ContainsVariation=No	_	_	_	_	_	_
760-8	BO003	760	8	prima	prima	_	_	_	_	_	linguistic	_	ContainsVariation=No	_	_	_	_	_	_
760-9	BO003	760	9	vista	vista	_	_	_	_	_	linguistic	_	ContainsVariation=No	_	_	_	_	_	_
760-10	BO003	760	10	nel	nel	_	_	_	_	_	linguistic	_	ContainsVariation=No	_	_	_	_	_	_
760-11	BO003	760	11	senso.	senso	_	_	_	_	_	linguistic	_	ContainsVariation=No	Intonation=Falling	End=1667.84	_	_	_	_
761-0	BO003	761	0	però	però	_	_	_	_	_	linguistic	_	ContainsVariation=No	_	Begin=1668.535	_	_	_	_
761-1	BO003	761	1	mercoledì	mercoledì	_	_	_	_	_	linguistic	_	ContainsVariation=No	_	_	_	_	_	_
761-2	BO003	761	2	s'	s'	_	_	_	_	_	linguistic	_	ContainsVariation=No	SpaceAfter=No	_	_	_	_	_
761-3	BO003	761	3	è	è	_	_	_	_	_	linguistic	_	ContainsVariation=No	_	_	_	_	_	_
761-4	BO003	761	4	proprio	proprio	_	_	_	_	_	linguistic	_	ContainsVariation=No	PauseAfter=Yes	_	_	_	_	_
761-5	BO003	761	5	(.)	(.)	_	_	_	_	_	shortpause	_	ContainsVariation=No	_	_	_	_	_	_
761-6	BO003	761	6	cioè	cioè	_	_	_	_	_	linguistic	_	ContainsVariation=No	_	_	_	_	_	_
761-7	BO003	761	7	mercoledì	mercoledì	_	_	_	_	_	linguistic	_	ContainsVariation=No	_	_	_	_	_	_
761-8	BO003	761	8	s'	s'	_	_	_	_	_	linguistic	_	ContainsVariation=No	SpaceAfter=No	_	_	_	_	_
761-9	BO003	761	9	è	è	_	_	_	_	_	linguistic	_	ContainsVariation=No	_	_	_	_	_	_
761-10	BO003	761	10	proprio	proprio	_	_	_	_	_	linguistic	_	ContainsVariation=No	_	_	_	_	_	_
761-11	BO003	761	11	comportata	comportata	_	_	_	_	_	linguistic	_	ContainsVariation=No	_	_	_	_	_	_
761-12	BO003	761	12	male.	male	_	_	_	_	_	linguistic	_	ContainsVariation=No	Intonation=Falling	End=1672.335	_	_	_	_
762-0	BO002	762	0	cioè	cioè	_	_	_	_	_	linguistic	_	ContainsVariation=No	_	Begin=1674.672	_	_	_	_
762-1	BO002	762	1	nemmeno	nemmeno	_	_	_	_	_	linguistic	_	ContainsVariation=No	_	_	_	_	_	_
762-2	BO002	762	2	ma:le	male	_	_	_	_	_	linguistic	_	ContainsVariation=No	_	_	1x1	_	_	_
762-3	BO002	762	3	però,	però	_	_	_	_	_	linguistic	_	ContainsVariation=No	Intonation=WeaklyRising	_	_	_	_	_
762-4	BO002	762	4	era	era	_	_	_	_	_	linguistic	_	ContainsVariation=No	_	_	_	_	_	_
762-5	BO002	762	5	dis[ta:::nte	distante	_	_	_	_	_	linguistic	_	ContainsVariation=No	_	_	4x3	_	_	3-8(246)
762-6	BO002	762	6	era::]	era	_	_	_	_	_	linguistic	_	ContainsVariation=No	_	_	2x2	_	_	0-3(246)
762-7	BO002	762	7	cioè	cioè	_	_	_	_	_	linguistic	_	ContainsVariation=No	_	_	_	_	_	_
762-8	BO002	762	8	[nel	nel	_	_	_	_	_	linguistic	_	ContainsVariation=No	_	_	_	_	_	0-3(247)
762-9	BO002	762	9	senso],	senso	_	_	_	_	_	linguistic	_	ContainsVariation=No	Intonation=WeaklyRising	_	_	_	_	0-5(247)
762-10	BO002	762	10	sembrava	sembrava	_	_	_	_	_	linguistic	_	ContainsVariation=No	_	_	_	_	_	_
762-11	BO002	762	11	quasi	quasi	_	_	_	_	_	linguistic	_	ContainsVariation=No	_	_	_	_	_	_
762-12	BO002	762	12	che::	che	_	_	_	_	_	linguistic	_	ContainsVariation=No	_	_	2x2	_	_	_
762-13	BO002	762	13	non	non	_	_	_	_	_	linguistic	_	ContainsVariation=No	_	_	_	_	_	_
762-14	BO002	762	14	gli	gli	_	_	_	_	_	linguistic	_	ContainsVariation=No	_	_	_	_	_	_
762-15	BO002	762	15	andasse	andasse	_	_	_	_	_	linguistic	_	ContainsVariation=No	_	_	_	_	_	_
762-16	BO002	762	16	di	di	_	_	_	_	_	linguistic	_	ContainsVariation=No	_	_	_	_	_	_
762-17	BO002	762	17	stare	stare	_	_	_	_	_	linguistic	_	ContainsVariation=No	_	_	_	_	_	_
762-18	BO002	762	18	con	con	_	_	_	_	_	linguistic	_	ContainsVariation=No	_	_	_	_	_	_
762-19	BO002	762	19	[no:i]	noi	_	_	_	_	_	linguistic	_	ContainsVariation=No	_	End=1683.379	1x1	_	_	0-3(248)
763-0	BO003	763	0	[sì]	sì	_	_	_	_	_	linguistic	_	ContainsVariation=No	_	Begin=1677.738|End=1678.672	_	_	_	0-2(246)
764-0	BO003	764	0	[che	che	_	_	_	_	_	linguistic	_	ContainsVariation=No	_	Begin=1678.791	_	_	_	0-3(247)
764-1	BO003	764	1	poi],	poi	_	_	_	_	_	linguistic	_	ContainsVariation=No	Intonation=WeaklyRising	End=1679.925	_	_	_	0-3(247)
765-0	BO003	765	0	[sì]	sì	_	_	_	_	_	linguistic	_	ContainsVariation=No	_	Begin=1683.121	_	_	_	0-2(248)
765-1	BO003	765	1	sì	sì	_	_	_	_	_	linguistic	_	ContainsVariation=No	_	End=1683.766	_	_	_	_
766-0	BO002	766	0	cioè	cioè	_	_	_	_	_	linguistic	_	ContainsVariation=No	_	Begin=1683.766	_	_	_	_
766-1	BO002	766	1	se	se	_	_	_	_	_	linguistic	_	ContainsVariation=No	_	_	_	_	_	_
766-2	BO002	766	2	non	non	_	_	_	_	_	linguistic	_	ContainsVariation=No	_	_	_	_	_	_
766-3	BO002	766	3	ti	ti	_	_	_	_	_	linguistic	_	ContainsVariation=No	_	_	_	_	_	_
766-4	BO002	766	4	va:	va	_	_	_	_	_	linguistic	_	ContainsVariation=No	_	_	1x1	_	_	_
766-5	BO002	766	5	stai	stai	_	_	_	_	_	linguistic	_	ContainsVariation=No	_	_	_	_	_	_
766-6	BO002	766	6	da	da	_	_	_	_	_	linguistic	_	ContainsVariation=No	_	_	_	_	_	_
766-7	BO002	766	7	s[o:]:la	sola	_	_	_	_	_	linguistic	_	ContainsVariation=No	_	_	1x2	_	_	1-2(250)
766-8	BO002	766	8	e	e	_	_	_	_	_	linguistic	_	ContainsVariation=No	_	_	_	_	_	_
766-9	BO002	766	9	festa	festa	_	_	_	_	_	linguistic	_	ContainsVariation=No	_	_	_	_	_	_
766-10	BO002	766	10	fi[nita]	finita	_	_	_	_	_	linguistic	_	ContainsVariation=No	_	End=1687.609	_	_	_	2-6(249)
767-0	BO003	767	0	[s:ì]	sì	_	_	_	_	_	linguistic	_	ContainsVariation=No	_	Begin=1686.011|End=1686.268	0x1	_	_	0-2(250)
768-0	BO003	768	0	[poi]	poi	_	_	_	_	_	linguistic	_	ContainsVariation=No	_	Begin=1687.06	_	_	_	0-3(249)
768-1	BO003	768	1	io	io	_	_	_	_	_	linguistic	_	ContainsVariation=No	_	_	_	_	_	_
768-2	BO003	768	2	ti	ti	_	_	_	_	_	linguistic	_	ContainsVariation=No	_	_	_	_	_	_
768-3	BO003	768	3	davo	davo	_	_	_	_	_	linguistic	_	ContainsVariation=No	_	_	_	_	_	_
768-4	BO003	768	4	gli	gli	_	_	_	_	_	linguistic	_	ContainsVariation=No	_	_	_	_	_	_
768-5	BO003	768	5	agganci	agganci	_	_	_	_	_	linguistic	_	ContainsVariation=No	_	_	_	_	_	_
768-6	BO003	768	6	per	per	_	_	_	_	_	linguistic	_	ContainsVariation=No	_	_	_	_	_	_
768-7	BO003	768	7	parlare	parlare	_	_	_	_	_	linguistic	_	ContainsVariation=No	_	_	_	_	_	_
768-8	BO003	768	8	con	con	_	_	_	_	_	linguistic	_	ContainsVariation=No	_	_	_	_	_	_
768-9	BO003	768	9	noi	noi	_	_	_	_	_	linguistic	_	ContainsVariation=No	_	_	_	_	_	_
768-10	BO003	768	10	>poi	poi	_	_	_	_	_	linguistic	_	ContainsVariation=No	_	_	_	Fast=0-3(0)	_	_
768-11	BO003	768	11	tu<	tu	_	_	_	_	_	linguistic	_	ContainsVariation=No	_	_	_	Fast=0-2(0)	_	_
768-12	BO003	768	12	stavi	stavi	_	_	_	_	_	linguistic	_	ContainsVariation=No	_	_	_	_	_	_
768-13	BO003	768	13	cento	cento	_	_	_	_	_	linguistic	_	ContainsVariation=No	_	_	_	_	_	_
768-14	BO003	768	14	metri	metri	_	_	_	_	_	linguistic	_	ContainsVariation=No	_	_	_	_	_	_
768-15	BO003	768	15	avanti.	avanti	_	_	_	_	_	linguistic	_	ContainsVariation=No	Intonation=Falling	_	_	_	_	_
768-16	BO003	768	16	andavi	andavi	_	_	_	_	_	linguistic	_	ContainsVariation=No	_	_	_	_	_	_
768-17	BO003	768	17	che	che	_	_	_	_	_	linguistic	_	ContainsVariation=No	_	_	_	_	_	_
768-18	BO003	768	18	sembra[vi:]	sembravi	_	_	_	_	_	linguistic	_	ContainsVariation=No	PauseAfter=Yes	_	7x1	_	_	6-8(251)
768-19	BO003	768	19	(.)	(.)	_	_	_	_	_	shortpause	_	ContainsVariation=No	_	_	_	_	_	_
768-20	BO003	768	20	tutte	tutte	_	_	_	_	_	linguistic	_	ContainsVariation=No	_	_	_	_	_	_
768-21	BO003	768	21	le	le	_	_	_	_	_	linguistic	_	ContainsVariation=No	_	_	_	_	_	_
768-22	BO003	768	22	volte	volte	_	_	_	_	_	linguistic	_	ContainsVariation=No	_	_	_	_	_	_
768-23	BO003	768	23	che	che	_	_	_	_	_	linguistic	_	ContainsVariation=No	_	_	_	_	_	_
768-24	BO003	768	24	dicevam	dicevam	_	_	_	_	_	linguistic	_	ContainsVariation=No	_	_	_	_	_	_
768-25	BO003	768	25	qualcosa	qualcosa	_	_	_	_	_	linguistic	_	ContainsVariation=No	_	_	_	_	_	_
768-26	BO003	768	26	ci::	ci	_	_	_	_	_	linguistic	_	ContainsVariation=No	_	_	1x2	_	_	_
768-27	BO003	768	27	facevi	facevi	_	_	_	_	_	linguistic	_	ContainsVariation=No	_	_	_	_	_	_
768-28	BO003	768	28	sembrare	sembrare	_	_	_	_	_	linguistic	_	ContainsVariation=No	_	_	_	_	_	_
768-29	BO003	768	29	delle	delle	_	_	_	_	_	linguistic	_	ContainsVariation=No	_	_	_	_	_	_
768-30	BO003	768	30	idio:te,	idiote	_	_	_	_	_	linguistic	_	ContainsVariation=No	Intonation=WeaklyRising	End=1696.34	3x1	_	_	_
769-0	BO002	769	0	[sì]	sì	_	_	_	_	_	linguistic	_	ContainsVariation=No	_	Begin=1692.065|End=1692.819	_	_	_	0-2(251)
770-0	BO002	770	0	eh.	eh	_	_	_	_	_	linguistic	_	ContainsVariation=No	Intonation=Falling|PauseAfter=Yes	Begin=1696.401	_	_	_	_
770-1	BO002	770	1	(.)	(.)	_	_	_	_	_	shortpause	_	ContainsVariation=No	_	_	_	_	_	_
770-2	BO002	770	2	esatto.	esatto	_	_	_	_	_	linguistic	_	ContainsVariation=No	Intonation=Falling	End=1698.094	_	_	_	_
771-0	BO002	771	0	come	come	_	_	_	_	_	linguistic	_	ContainsVariation=No	_	Begin=1698.373	_	_	_	_
771-1	BO002	771	1	quella	quella	_	_	_	_	_	linguistic	_	ContainsVariation=No	_	_	_	_	_	_
771-2	BO002	771	2	del	del	_	_	_	_	_	linguistic	_	ContainsVariation=No	_	_	_	_	_	_
771-3	BO002	771	3	cappelli[no]	cappellino	_	_	_	_	_	linguistic	_	ContainsVariation=No	_	End=1700.273	_	_	_	8-10(252)
772-0	BO003	772	0	[sì]	sì	_	_	_	_	_	linguistic	_	ContainsVariation=No	_	Begin=1699.861	_	_	_	0-2(252)
772-1	BO003	772	1	come	come	_	_	_	_	_	linguistic	_	ContainsVariation=No	_	_	_	_	_	_
772-2	BO003	772	2	>se	se	_	_	_	_	_	linguistic	_	ContainsVariation=No	_	_	_	Fast=0-2(0)	_	_
772-3	BO003	772	3	non	non	_	_	_	_	_	linguistic	_	ContainsVariation=No	_	_	_	Fast=0-3(0)	_	_
772-4	BO003	772	4	vuoi<	vuoi	_	_	_	_	_	linguistic	_	ContainsVariation=No	_	_	_	Fast=0-4(0)	_	_
772-5	BO003	772	5	che::	che	_	_	_	_	_	linguistic	_	ContainsVariation=No	PauseAfter=Yes	_	2x2	_	_	_
772-6	BO003	772	6	(.)	(.)	_	_	_	_	_	shortpause	_	ContainsVariation=No	_	_	_	_	_	_
772-7	BO003	772	7	che	che	_	_	_	_	_	linguistic	_	ContainsVariation=No	_	_	_	_	_	_
772-8	BO003	772	8	frasi	frasi	_	_	_	_	_	linguistic	_	ContainsVariation=No	_	_	_	_	_	_
772-9	BO003	772	9	volgari	volgari	_	_	_	_	_	linguistic	_	ContainsVariation=No	_	End=1702.644	_	_	_	_
773-0	BO003	773	0	cioè	cioè	_	_	_	_	_	linguistic	_	ContainsVariation=No	_	Begin=1702.802	_	_	_	_
773-1	BO003	773	1	nel	nel	_	_	_	_	_	linguistic	_	ContainsVariation=No	_	_	_	_	_	_
773-2	BO003	773	2	senso	senso	_	_	_	_	_	linguistic	_	ContainsVariation=No	_	End=1704.218	_	_	_	_
774-0	BO002	774	0	maremma	maremma	_	_	_	_	_	linguistic	_	ContainsVariation=No	_	Begin=1704.579|End=1705.846	_	_	_	_
775-0	BO002	775	0	e	e	_	_	_	_	_	linguistic	_	ContainsVariation=No	_	Begin=1706.321	_	_	_	_
775-1	BO002	775	1	e	e	_	_	_	_	_	linguistic	_	ContainsVariation=No	_	_	_	_	_	_
775-2	BO002	775	2	cioè,	cioè	_	_	_	_	_	linguistic	_	ContainsVariation=No	Intonation=WeaklyRising	_	_	_	_	_
775-3	BO002	775	3	perfetti:na	perfettina	_	_	_	_	_	linguistic	_	ContainsVariation=No	_	_	7x1	_	_	_
775-4	BO002	775	4	>cioè<	cioè	_	_	_	_	_	linguistic	_	ContainsVariation=No	_	_	_	Fast=0-4(0)	_	_
775-5	BO002	775	5	dai	dai	_	_	_	_	_	linguistic	_	ContainsVariation=No	_	End=1709.318	_	_	_	_
776-0	BO002	776	0	[xx]	xx	_	_	_	_	_	unknown	_	ContainsVariation=No	Syllables=2	Begin=1711.808|End=1712.599	_	_	_	0-2(253)
777-0	BO003	777	0	[dopo	dopo	_	_	_	_	_	linguistic	_	ContainsVariation=No	_	Begin=1711.808	_	_	_	0-4(253)
777-1	BO003	777	1	chiediamo]	chiediamo	_	_	_	_	_	linguistic	_	ContainsVariation=No	_	_	_	_	_	0-9(253)
777-2	BO003	777	2	xxxx::	xxxx	_	_	_	_	_	linguistic	_	ContainsVariation=No	_	_	3x2	_	_	_
777-3	BO003	777	3	da	da	_	_	_	_	_	linguistic	_	ContainsVariation=No	_	_	_	_	_	_
777-4	BO003	777	4	chi	chi	_	_	_	_	_	linguistic	_	ContainsVariation=No	_	_	_	_	_	_
777-5	BO003	777	5	verranno	verranno	_	_	_	_	_	linguistic	_	ContainsVariation=No	_	_	_	_	_	_
777-6	BO003	777	6	ascolta::[ti]	ascoltati	_	_	_	_	_	linguistic	_	ContainsVariation=No	_	End=1715.821	6x2	_	_	7-9(254)
778-0	BO002	778	0	[eh].	eh	_	_	_	_	_	linguistic	_	ContainsVariation=No	Intonation=Falling	Begin=1715.327	_	_	_	0-2(254)
778-1	BO002	778	1	sì	sì	_	_	_	_	_	linguistic	_	ContainsVariation=No	_	_	_	_	_	_
778-2	BO002	778	2	sì	sì	_	_	_	_	_	linguistic	_	ContainsVariation=No	_	End=1716.391	_	_	_	_
779-0	BO003	779	0	perché	perché	_	_	_	_	_	linguistic	_	ContainsVariation=No	_	Begin=1716.423	_	_	_	_
779-1	BO003	779	1	metti	metti	_	_	_	_	_	linguistic	_	ContainsVariation=No	_	_	_	_	_	_
779-2	BO003	779	2	che	che	_	_	_	_	_	linguistic	_	ContainsVariation=No	_	_	_	_	_	_
779-3	BO003	779	3	poi	poi	_	_	_	_	_	linguistic	_	ContainsVariation=No	_	_	_	_	_	_
779-4	BO003	779	4	li	li	_	_	_	_	_	linguistic	_	ContainsVariation=No	_	_	_	_	_	_
779-5	BO003	779	5	proietti	proietti	_	_	_	_	_	linguistic	_	ContainsVariation=No	_	_	_	_	_	_
779-6	BO003	779	6	in	in	_	_	_	_	_	linguistic	_	ContainsVariation=No	_	_	_	_	_	_
779-7	BO003	779	7	un'	un'	_	_	_	_	_	linguistic	_	ContainsVariation=No	SpaceAfter=No	_	_	_	_	_
779-8	BO003	779	8	università	università	_	_	_	_	_	linguistic	_	ContainsVariation=No	_	_	_	_	_	_
779-9	BO003	779	9	e:	e	_	_	_	_	_	linguistic	_	ContainsVariation=No	_	_	0x1	_	_	_
779-10	BO003	779	10	c'	c'	_	_	_	_	_	linguistic	_	ContainsVariation=No	SpaceAfter=No	_	_	_	_	_
779-11	BO003	779	11	è	è	_	_	_	_	_	linguistic	_	ContainsVariation=No	_	_	_	_	_	0-1(255)
779-12	BO003	779	12	[lei	lei	_	_	_	_	_	linguistic	_	ContainsVariation=No	_	_	_	_	_	0-3(255)
779-13	BO003	779	13	lì],	lì	_	_	_	_	_	linguistic	_	ContainsVariation=No	Intonation=WeaklyRising	End=1719.785	_	_	_	0-1(255)
780-0	BO002	780	0	[no].	no	_	_	_	_	_	linguistic	_	ContainsVariation=No	Intonation=Falling|PauseAfter=Yes	Begin=1719.198	_	_	_	0-2(255)
780-1	BO002	780	1	(.)	(.)	_	_	_	_	_	shortpause	_	ContainsVariation=No	_	_	_	_	_	_
780-2	BO002	780	2	no.	no	_	_	_	_	_	linguistic	_	ContainsVariation=No	Intonation=Falling	End=1720.626	_	_	_	_
781-0	BO003	781	0	[NO]	no	_	_	_	_	_	linguistic	_	ContainsVariation=No	Volume=high	Begin=1720.662	_	_	_	0-2(?)
781-1	BO003	781	1	((ride))	((ride))	_	_	_	_	_	nonverbalbehavior	_	ContainsVariation=No	_	End=1721.163	_	_	_	_
782-0	BO002	782	0	questa	questa	_	_	_	_	_	linguistic	_	ContainsVariation=No	_	Begin=1721.163	_	_	_	_
782-1	BO002	782	1	cosa	cosa	_	_	_	_	_	linguistic	_	ContainsVariation=No	_	_	_	_	_	_
782-2	BO002	782	2	non	non	_	_	_	_	_	linguistic	_	ContainsVariation=No	_	_	_	_	_	_
782-3	BO002	782	3	deve	deve	_	_	_	_	_	linguistic	_	ContainsVariation=No	_	_	_	_	_	_
782-4	BO002	782	4	succedere	succedere	_	_	_	_	_	linguistic	_	ContainsVariation=No	_	End=1723.272	_	_	_	_
783-0	BO003	783	0	((ride))	((ride))	_	_	_	_	_	nonverbalbehavior	_	ContainsVariation=No	_	Begin=1722.689|End=1725.348	_	_	_	_
784-0	BO002	784	0	((ride))	((ride))	_	_	_	_	_	nonverbalbehavior	_	ContainsVariation=No	_	Begin=1723.644|End=1725.344	_	_	_	_
785-0	BO002	785	0	perché	perché	_	_	_	_	_	linguistic	_	ContainsVariation=No	PauseAfter=Yes	Begin=1726.173	_	_	_	_
785-1	BO002	785	1	(.)	(.)	_	_	_	_	_	shortpause	_	ContainsVariation=No	_	_	_	_	_	_
785-2	BO002	785	2	abbiamo	abbiamo	_	_	_	_	_	linguistic	_	ContainsVariation=No	_	_	_	_	_	_
785-3	BO002	785	3	detto	detto	_	_	_	_	_	linguistic	_	ContainsVariation=No	_	_	_	_	_	_
785-4	BO002	785	4	troppe	troppe	_	_	_	_	_	linguistic	_	ContainsVariation=No	_	_	_	_	_	_
785-5	BO002	785	5	cose	cose	_	_	_	_	_	linguistic	_	ContainsVariation=No	_	_	_	_	_	_
785-6	BO002	785	6	compro[mettenti]	compromettenti	_	_	_	_	_	linguistic	_	ContainsVariation=No	_	End=1729.504	_	_	_	6-14(258)
786-0	BO003	786	0	[sì:]	sì	_	_	_	_	_	linguistic	_	ContainsVariation=No	_	Begin=1728.712	1x1	_	_	0-2(258)
786-1	BO003	786	1	TUTTO	tutto	_	_	_	_	_	linguistic	_	ContainsVariation=No	Volume=high	End=1730.052	_	_	_	_
787-0	BO002	787	0	[tut~]	tut~	_	_	_	_	_	linguistic	_	ContainsVariation=No	Interrupted=Yes	Begin=1730.195|End=1730.841	_	_	_	0-4(259)
788-0	BO003	788	0	[cioè	cioè	_	_	_	_	_	linguistic	_	ContainsVariation=No	_	Begin=1730.197	_	_	_	0-4(259)
788-1	BO003	788	1	abbiam	abbiam	_	_	_	_	_	linguistic	_	ContainsVariation=No	_	_	_	_	_	0-6(259)
788-2	BO003	788	2	parla]to	parlato	_	_	_	_	_	linguistic	_	ContainsVariation=No	_	_	_	_	_	0-5(259)
788-3	BO003	788	3	di	di	_	_	_	_	_	linguistic	_	ContainsVariation=No	_	_	_	_	_	_
788-4	BO003	788	4	tut[to	tutto	_	_	_	_	_	linguistic	_	ContainsVariation=No	_	_	_	_	_	3-5(260)
788-5	BO003	788	5	è	è	_	_	_	_	_	linguistic	_	ContainsVariation=No	_	_	_	_	_	0-1(260)
788-6	BO003	788	6	saltato	saltato	_	_	_	_	_	linguistic	_	ContainsVariation=No	_	_	_	_	_	0-7(260)
788-7	BO003	788	7	fuo]ri	fuori	_	_	_	_	_	linguistic	_	ContainsVariation=No	_	_	_	_	_	0-3(260)
788-8	BO003	788	8	tut[to	tutto	_	_	_	_	_	linguistic	_	ContainsVariation=No	PauseAfter=Yes	_	_	_	_	3-5(261)
788-9	BO003	788	9	(.)	(.)	_	_	_	_	_	shortpause	_	ContainsVariation=No	_	_	_	_	_	X(261)
788-10	BO003	788	10	tutto]	tutto	_	_	_	_	_	linguistic	_	ContainsVariation=No	_	End=1733.757	_	_	_	0-5(261)
789-0	BO002	789	0	[tutto]	tutto	_	_	_	_	_	linguistic	_	ContainsVariation=No	_	Begin=1731.343|End=1732.371	_	_	_	0-5(260)
790-0	BO002	790	0	[sì	sì	_	_	_	_	_	linguistic	_	ContainsVariation=No	_	Begin=1732.715	_	_	_	0-2(261)
790-1	BO002	790	1	ma	ma	_	_	_	_	_	linguistic	_	ContainsVariation=No	_	_	_	_	_	0-2(261)
790-2	BO002	790	2	anche	anche	_	_	_	_	_	linguistic	_	ContainsVariation=No	_	_	_	_	_	0-5(261)
790-3	BO002	790	3	perché]	perché	_	_	_	_	_	linguistic	_	ContainsVariation=No	_	_	_	_	_	0-6(261)
790-4	BO002	790	4	di	di	_	_	_	_	_	linguistic	_	ContainsVariation=No	_	_	_	_	_	_
790-5	BO002	790	5	cosa	cosa	_	_	_	_	_	linguistic	_	ContainsVariation=No	_	_	_	_	_	_
790-6	BO002	790	6	pa:rli?	parli	_	_	_	_	_	linguistic	_	ContainsVariation=No	Intonation=Rising	_	1x1	_	_	_
790-7	BO002	790	7	di	di	_	_	_	_	_	linguistic	_	ContainsVariation=No	_	_	_	_	_	_
790-8	BO002	790	8	sicuro	sicuro	_	_	_	_	_	linguistic	_	ContainsVariation=No	_	_	_	_	_	_
790-9	BO002	790	9	[non	non	_	_	_	_	_	linguistic	_	ContainsVariation=No	_	_	_	_	_	0-3(263)
790-10	BO002	790	10	ti	ti	_	_	_	_	_	linguistic	_	ContainsVariation=No	_	_	_	_	_	0-2(263)
790-11	BO002	790	11	metti	metti	_	_	_	_	_	linguistic	_	ContainsVariation=No	_	_	_	_	_	0-5(263)
790-12	BO002	790	12	a	a	_	_	_	_	_	linguistic	_	ContainsVariation=No	_	_	_	_	_	0-1(263)
790-13	BO002	790	13	infama]re	infamare	_	_	_	_	_	linguistic	_	ContainsVariation=No	_	_	_	_	_	0-6(263)
790-14	BO002	790	14	un	un	_	_	_	_	_	linguistic	_	ContainsVariation=No	_	_	_	_	_	_
790-15	BO002	790	15	[pro:f]	prof	_	_	_	_	_	linguistic	_	ContainsVariation=No	_	End=1737.042	2x1	_	_	0-4(262)
791-0	BO003	791	0	[eh	eh	_	_	_	_	_	linguistic	_	ContainsVariation=No	_	Begin=1735.043	_	_	_	0-2(263)
791-1	BO003	791	1	esatto]	esatto	_	_	_	_	_	linguistic	_	ContainsVariation=No	_	End=1736.208	_	_	_	0-6(263)
792-0	BO003	792	0	[eh	eh	_	_	_	_	_	linguistic	_	ContainsVariation=No	_	Begin=1736.679	_	_	_	0-2(264)
792-1	BO003	792	1	no]	no	_	_	_	_	_	linguistic	_	ContainsVariation=No	_	_	_	_	_	0-2(264)
792-2	BO003	792	2	>e	e	_	_	_	_	_	linguistic	_	ContainsVariation=No	_	_	_	Fast=0-1(0)	_	_
792-3	BO003	792	3	poi<,	poi	_	_	_	_	_	linguistic	_	ContainsVariation=No	Intonation=WeaklyRising|PauseAfter=Yes	_	_	Fast=0-3(0)	_	_
792-4	BO003	792	4	(.)	(.)	_	_	_	_	_	shortpause	_	ContainsVariation=No	_	_	_	_	_	_
792-5	BO003	792	5	cioè	cioè	_	_	_	_	_	linguistic	_	ContainsVariation=No	_	_	_	_	_	_
792-6	BO003	792	6	anche	anche	_	_	_	_	_	linguistic	_	ContainsVariation=No	_	_	_	_	_	_
792-7	BO003	792	7	se	se	_	_	_	_	_	linguistic	_	ContainsVariation=No	_	_	_	_	_	_
792-8	BO003	792	8	ci	ci	_	_	_	_	_	linguistic	_	ContainsVariation=No	_	_	_	_	_	_
792-9	BO003	792	9	mettevamo	mettevamo	_	_	_	_	_	linguistic	_	ContainsVariation=No	_	_	_	_	_	_
792-10	BO003	792	10	a	a	_	_	_	_	_	linguistic	_	ContainsVariation=No	_	_	_	_	_	_
792-11	BO003	792	11	parlare	parlare	_	_	_	_	_	linguistic	_	ContainsVariation=No	_	_	_	_	_	_
792-12	BO003	792	12	non	non	_	_	_	_	_	linguistic	_	ContainsVariation=No	_	_	_	_	_	_
792-13	BO003	792	13	so	so	_	_	_	_	_	linguistic	_	ContainsVariation=No	_	_	_	_	_	_
792-14	BO003	792	14	di	di	_	_	_	_	_	linguistic	_	ContainsVariation=No	_	_	_	_	_	_
792-15	BO003	792	15	animali	animali	_	_	_	_	_	linguistic	_	ContainsVariation=No	_	_	_	_	_	_
792-16	BO003	792	16	fantastici,	fantastici	_	_	_	_	_	linguistic	_	ContainsVariation=No	Intonation=WeaklyRising	_	_	_	_	_
792-17	BO003	792	17	sembravamo	sembravamo	_	_	_	_	_	linguistic	_	ContainsVariation=No	_	_	_	_	_	_
792-18	BO003	792	18	due	due	_	_	_	_	_	linguistic	_	ContainsVariation=No	_	_	_	_	_	_
792-19	BO003	792	19	pirla	pirla	_	_	_	_	_	linguistic	_	ContainsVariation=No	_	End=1742.697	_	_	_	_
793-0	BO002	793	0	((ride))	((ride))	_	_	_	_	_	nonverbalbehavior	_	ContainsVariation=No	_	Begin=1742.175|End=1744.51	_	_	_	_
794-0	BO002	794	0	esa~	esa~	_	_	_	_	_	linguistic	_	ContainsVariation=No	Interrupted=Yes	Begin=1744.684|End=1745.989	_	_	_	_
795-0	BO002	795	0	due	due	_	_	_	_	_	linguistic	_	ContainsVariation=No	_	Begin=1746.04	_	_	_	_
795-1	BO002	795	1	fan	fan	_	_	_	_	_	linguistic	_	ContainsVariation=No	_	_	_	_	_	_
795-2	BO002	795	2	gi:rl	girl	_	_	_	_	_	linguistic	_	ContainsVariation=No	_	End=1747.611	1x1	_	_	_
796-0	BO003	796	0	sì	sì	_	_	_	_	_	linguistic	_	ContainsVariation=No	_	Begin=1747.611|End=1748.637	_	_	_	_
797-0	BO002	797	0	di[sperate	disperate	_	_	_	_	_	linguistic	_	ContainsVariation=No	PauseAfter=Yes	Begin=1748.637	_	_	_	2-9(265)
797-1	BO002	797	1	(.)	(.)	_	_	_	_	_	shortpause	_	ContainsVariation=No	_	_	_	_	_	X(265)
797-2	BO002	797	2	sì]	sì	_	_	_	_	_	linguistic	_	ContainsVariation=No	PauseAfter=Yes	_	_	_	_	0-2(265)
797-3	BO002	797	3	(.)	(.)	_	_	_	_	_	shortpause	_	ContainsVariation=No	_	_	_	_	_	_
797-4	BO002	797	4	però	però	_	_	_	_	_	linguistic	_	ContainsVariation=No	_	_	_	_	_	_
797-5	BO002	797	5	n~	n~	_	_	_	_	_	linguistic	_	ContainsVariation=No	Interrupted=Yes	_	_	_	_	_
797-6	BO002	797	6	non	non	_	_	_	_	_	linguistic	_	ContainsVariation=No	_	_	_	_	_	_
797-7	BO002	797	7	diamo	diamo	_	_	_	_	_	linguistic	_	ContainsVariation=No	_	_	_	_	_	_
797-8	BO002	797	8	quest'	quest'	_	_	_	_	_	linguistic	_	ContainsVariation=No	SpaceAfter=No	_	_	_	_	_
797-9	BO002	797	9	impres[si~]	impressi~	_	_	_	_	_	linguistic	_	ContainsVariation=No	Interrupted=Yes	End=1753.113	_	_	_	5-9(266)
798-0	BO003	798	0	[che	che	_	_	_	_	_	linguistic	_	ContainsVariation=No	_	Begin=1748.893	_	_	_	0-3(265)
798-1	BO003	798	1	poi	poi	_	_	_	_	_	linguistic	_	ContainsVariation=No	_	_	_	_	_	0-3(265)
798-2	BO003	798	2	è	è	_	_	_	_	_	linguistic	_	ContainsVariation=No	_	_	_	_	_	0-1(265)
798-3	BO003	798	3	vero	vero	_	_	_	_	_	linguistic	_	ContainsVariation=No	_	_	_	_	_	0-4(265)
798-4	BO003	798	4	eh,	eh	_	_	_	_	_	linguistic	_	ContainsVariation=No	Intonation=WeaklyRising|PauseAfter=Yes	_	_	_	_	0-2(265)
798-5	BO003	798	5	(.)	(.)	_	_	_	_	_	shortpause	_	ContainsVariation=No	_	_	_	_	_	X(265)
798-6	BO003	798	6	però]	però	_	_	_	_	_	linguistic	_	ContainsVariation=No	_	_	_	_	_	0-4(265)
798-7	BO003	798	7	((ride))	((ride))	_	_	_	_	_	nonverbalbehavior	_	ContainsVariation=No	_	End=1750.866	_	_	_	_
799-0	BO003	799	0	[no].	no	_	_	_	_	_	linguistic	_	ContainsVariation=No	Intonation=Falling|PauseAfter=Yes	Begin=1752.713	_	_	_	0-2(266)
799-1	BO003	799	1	(.)	(.)	_	_	_	_	_	shortpause	_	ContainsVariation=No	_	_	_	_	_	_
799-2	BO003	799	2	esatto.	esatto	_	_	_	_	_	linguistic	_	ContainsVariation=No	Intonation=Falling	End=1753.879	_	_	_	_
800-0	BO002	800	0	poi,	poi	_	_	_	_	_	linguistic	_	ContainsVariation=No	Intonation=WeaklyRising|PauseAfter=Yes	Begin=1754.036	_	_	_	_
800-1	BO002	800	1	(.)	(.)	_	_	_	_	_	shortpause	_	ContainsVariation=No	_	_	_	_	_	_
800-2	BO002	800	2	cioè	cioè	_	_	_	_	_	linguistic	_	ContainsVariation=No	_	_	_	_	_	_
800-3	BO002	800	3	alla	alla	_	_	_	_	_	linguistic	_	ContainsVariation=No	_	_	_	_	_	_
800-4	BO002	800	4	fine	fine	_	_	_	_	_	linguistic	_	ContainsVariation=No	_	_	_	_	_	_
800-5	BO002	800	5	abbiamo	abbiamo	_	_	_	_	_	linguistic	_	ContainsVariation=No	_	_	_	_	_	_
800-6	BO002	800	6	parlato	parlato	_	_	_	_	_	linguistic	_	ContainsVariation=No	_	_	_	_	_	_
800-7	BO002	800	7	di	di	_	_	_	_	_	linguistic	_	ContainsVariation=No	_	_	_	_	_	_
800-8	BO002	800	8	tu:t[to	tutto	_	_	_	_	_	linguistic	_	ContainsVariation=No	PauseAfter=Yes	_	1x1	_	_	3-5(267)
800-9	BO002	800	9	(.)	(.)	_	_	_	_	_	shortpause	_	ContainsVariation=No	_	_	_	_	_	X(267)
800-10	BO002	800	10	quindi]	quindi	_	_	_	_	_	linguistic	_	ContainsVariation=No	_	End=1757.613	_	_	_	0-6(267)
801-0	BO003	801	0	[sì	sì	_	_	_	_	_	linguistic	_	ContainsVariation=No	_	Begin=1756.437	_	_	_	0-2(267)
801-1	BO003	801	1	sì]	sì	_	_	_	_	_	linguistic	_	ContainsVariation=No	_	End=1757.62	_	_	_	0-2(267)
802-0	BO003	802	0	che	che	_	_	_	_	_	linguistic	_	ContainsVariation=No	_	Begin=1757.866	_	_	_	_
802-1	BO003	802	1	alla	alla	_	_	_	_	_	linguistic	_	ContainsVariation=No	_	_	_	_	_	_
802-2	BO003	802	2	fine	fine	_	_	_	_	_	linguistic	_	ContainsVariation=No	_	_	_	_	_	_
802-3	BO003	802	3	io	io	_	_	_	_	_	linguistic	_	ContainsVariation=No	_	_	_	_	_	_
802-4	BO003	802	4	pensavo	pensavo	_	_	_	_	_	linguistic	_	ContainsVariation=No	_	_	_	_	_	_
802-5	BO003	802	5	(no	no	_	_	_	_	_	linguistic	_	ContainsVariation=No	_	_	_	_	0-2(0)	_
802-6	BO003	802	6	e)	e	_	_	_	_	_	linguistic	_	ContainsVariation=No	_	_	_	_	0-1(0)	_
802-7	BO003	802	7	se	se	_	_	_	_	_	linguistic	_	ContainsVariation=No	_	_	_	_	_	_
802-8	BO003	802	8	avremo	avremo	_	_	_	_	_	linguistic	_	ContainsVariation=No	_	_	_	_	_	_
802-9	BO003	802	9	parlato	parlato	_	_	_	_	_	linguistic	_	ContainsVariation=No	_	_	_	_	_	_
802-10	BO003	802	10	tutto	tutto	_	_	_	_	_	linguistic	_	ContainsVariation=No	_	_	_	_	_	_
802-11	BO003	802	11	insteccato	insteccato	_	_	_	_	_	linguistic	_	ContainsVariation=No	_	_	_	_	_	_
802-12	BO003	802	12	per[ché	perché	_	_	_	_	_	linguistic	_	ContainsVariation=No	_	_	_	_	_	3-6(268)
802-13	BO003	802	13	c'	c'	_	_	_	_	_	linguistic	_	ContainsVariation=No	SpaceAfter=No	_	_	_	_	0-2(268)
802-14	BO003	802	14	e~	e~	_	_	_	_	_	linguistic	_	ContainsVariation=No	Interrupted=Yes	_	_	_	_	0-2(268)
802-15	BO003	802	15	e	e	_	_	_	_	_	linguistic	_	ContainsVariation=No	_	_	_	_	_	0-1(268)
802-16	BO003	802	16	invece],	invece	_	_	_	_	_	linguistic	_	ContainsVariation=No	Intonation=WeaklyRising	End=1762.507	_	_	_	0-6(268)
803-0	BO002	803	0	[esatto]	esatto	_	_	_	_	_	linguistic	_	ContainsVariation=No	_	Begin=1761.474	_	_	_	0-6(268)
803-1	BO002	803	1	((ride))	((ride))	_	_	_	_	_	nonverbalbehavior	_	ContainsVariation=No	_	End=1762.523	_	_	_	_
804-0	BO003	804	0	an[zi	anzi	_	_	_	_	_	linguistic	_	ContainsVariation=No	PauseAfter=Yes	Begin=1763.557	_	_	_	2-4(269)
804-1	BO003	804	1	(.)	(.)	_	_	_	_	_	shortpause	_	ContainsVariation=No	_	_	_	_	_	X(269)
804-2	BO003	804	2	peggio	peggio	_	_	_	_	_	linguistic	_	ContainsVariation=No	_	_	_	_	_	0-6(269)
804-3	BO003	804	3	che	che	_	_	_	_	_	linguistic	_	ContainsVariation=No	_	_	_	_	_	0-3(269)
804-4	BO003	804	4	mai]	mai	_	_	_	_	_	linguistic	_	ContainsVariation=No	_	End=1766.132	_	_	_	0-3(269)
805-0	BO002	805	0	[no.	no	_	_	_	_	_	linguistic	_	ContainsVariation=No	Intonation=Falling|PauseAfter=Yes	Begin=1764.181	_	_	_	0-2(269)
805-1	BO002	805	1	(.)	(.)	_	_	_	_	_	shortpause	_	ContainsVariation=No	_	_	_	_	_	X(269)
805-2	BO002	805	2	cioè	cioè	_	_	_	_	_	linguistic	_	ContainsVariation=No	_	_	_	_	_	0-4(269)
805-3	BO002	805	3	a	a	_	_	_	_	_	linguistic	_	ContainsVariation=No	_	_	_	_	_	0-1(269)
805-4	BO002	805	4	me]	me	_	_	_	_	_	linguistic	_	ContainsVariation=No	PauseAfter=Yes	_	_	_	_	0-2(269)
805-5	BO002	805	5	(.)	(.)	_	_	_	_	_	shortpause	_	ContainsVariation=No	_	_	_	_	_	_
805-6	BO002	805	6	a	a	_	_	_	_	_	linguistic	_	ContainsVariation=No	_	_	_	_	_	_
805-7	BO002	805	7	me	me	_	_	_	_	_	linguistic	_	ContainsVariation=No	_	_	_	_	_	_
805-8	BO002	805	8	proprio	proprio	_	_	_	_	_	linguistic	_	ContainsVariation=No	_	_	_	_	_	_
805-9	BO002	805	9	non	non	_	_	_	_	_	linguistic	_	ContainsVariation=No	_	_	_	_	_	_
805-10	BO002	805	10	mi	mi	_	_	_	_	_	linguistic	_	ContainsVariation=No	_	_	_	_	_	_
805-11	BO002	805	11	rie:sce	riesce	_	_	_	_	_	linguistic	_	ContainsVariation=No	_	End=1767.863	2x1	_	_	_
806-0	BO003	806	0	di::,	di	_	_	_	_	_	linguistic	_	ContainsVariation=No	Intonation=WeaklyRising	Begin=1767.967|End=1768.742	1x2	_	_	_
807-0	BO002	807	0	di	di	_	_	_	_	_	linguistic	_	ContainsVariation=No	_	Begin=1768.757	_	_	_	_
807-1	BO002	807	1	parlare	parlare	_	_	_	_	_	linguistic	_	ContainsVariation=No	_	_	_	_	_	_
807-2	BO002	807	2	per	per	_	_	_	_	_	linguistic	_	ContainsVariation=No	_	_	_	_	_	_
807-3	BO002	807	3	beni::[no	benino	_	_	_	_	_	linguistic	_	ContainsVariation=No	_	_	3x2	_	_	4-6(270)
807-4	BO002	807	4	>cioè<	cioè	_	_	_	_	_	linguistic	_	ContainsVariation=No	_	_	_	Fast=0-4(0)	_	0-4(270)
807-5	BO002	807	5	i~]	i~	_	_	_	_	_	linguistic	_	ContainsVariation=No	Interrupted=Yes	_	_	_	_	0-2(270)
807-6	BO002	807	6	io	io	_	_	_	_	_	linguistic	_	ContainsVariation=No	_	_	_	_	_	_
807-7	BO002	807	7	anche	anche	_	_	_	_	_	linguistic	_	ContainsVariation=No	_	_	_	_	_	_
807-8	BO002	807	8	alle	alle	_	_	_	_	_	linguistic	_	ContainsVariation=No	_	_	_	_	_	_
807-9	BO002	807	9	interrogazioni	interrogazioni	_	_	_	_	_	linguistic	_	ContainsVariation=No	_	_	_	_	_	_
807-10	BO002	807	10	al	al	_	_	_	_	_	linguistic	_	ContainsVariation=No	_	_	_	_	_	_
807-11	BO002	807	11	liceo::	liceo	_	_	_	_	_	linguistic	_	ContainsVariation=No	_	_	4x2	_	_	_
807-12	BO002	807	12	o::	o	_	_	_	_	_	linguistic	_	ContainsVariation=No	_	End=1774.628	0x2	_	_	_
808-0	BO003	808	0	[ma	ma	_	_	_	_	_	linguistic	_	ContainsVariation=No	_	Begin=1770.611	_	_	_	0-2(270)
808-1	BO003	808	1	sì	sì	_	_	_	_	_	linguistic	_	ContainsVariation=No	_	_	_	_	_	0-2(270)
808-2	BO003	808	2	neanche	neanche	_	_	_	_	_	linguistic	_	ContainsVariation=No	_	_	_	_	_	0-7(270)
808-3	BO003	808	3	a	a	_	_	_	_	_	linguistic	_	ContainsVariation=No	_	_	_	_	_	0-1(270)
808-4	BO003	808	4	me]	me	_	_	_	_	_	linguistic	_	ContainsVariation=No	_	End=1771.961	_	_	_	0-2(270)
809-0	BO002	809	0	come	come	_	_	_	_	_	linguistic	_	ContainsVariation=No	_	Begin=1776.283	_	_	_	_
809-1	BO002	809	1	farò	farò	_	_	_	_	_	linguistic	_	ContainsVariation=No	_	_	_	_	_	_
809-2	BO002	809	2	gli	gli	_	_	_	_	_	linguistic	_	ContainsVariation=No	_	_	_	_	_	_
809-3	BO002	809	3	esami	esami	_	_	_	_	_	linguistic	_	ContainsVariation=No	_	_	_	_	_	_
809-4	BO002	809	4	all'	all'	_	_	_	_	_	linguistic	_	ContainsVariation=No	SpaceAfter=No	_	_	_	_	_
809-5	BO002	809	5	università,	università	_	_	_	_	_	linguistic	_	ContainsVariation=No	Intonation=WeaklyRising|PauseAfter=Yes	_	_	_	_	_
809-6	BO002	809	6	(.)	(.)	_	_	_	_	_	shortpause	_	ContainsVariation=No	_	_	_	_	_	_
809-7	BO002	809	7	mi	mi	_	_	_	_	_	linguistic	_	ContainsVariation=No	_	_	_	_	_	_
809-8	BO002	809	8	dovrò	dovrò	_	_	_	_	_	linguistic	_	ContainsVariation=No	_	_	_	_	_	_
809-9	BO002	809	9	impegna:re	impegnare	_	_	_	_	_	linguistic	_	ContainsVariation=No	_	_	6x1	_	_	_
809-10	BO002	809	10	per	per	_	_	_	_	_	linguistic	_	ContainsVariation=No	_	_	_	_	_	_
809-11	BO002	809	11	parlare	parlare	_	_	_	_	_	linguistic	_	ContainsVariation=No	_	_	_	_	_	_
809-12	BO002	809	12	proprio	proprio	_	_	_	_	_	linguistic	_	ContainsVariation=No	_	_	_	_	_	_
809-13	BO002	809	13	italia::no::	italiano	_	_	_	_	_	linguistic	_	ContainsVariation=No	_	End=1782.121	5x2,7x2	_	_	_
810-0	BO003	810	0	sì	sì	_	_	_	_	_	linguistic	_	ContainsVariation=No	_	Begin=1782.121	_	_	_	_
810-1	BO003	810	1	sì	sì	_	_	_	_	_	linguistic	_	ContainsVariation=No	_	End=1782.739	_	_	_	_
811-0	BO002	811	0	perché	perché	_	_	_	_	_	linguistic	_	ContainsVariation=No	_	Begin=1782.739	_	_	_	_
811-1	BO002	811	1	se	se	_	_	_	_	_	linguistic	_	ContainsVariation=No	_	_	_	_	_	_
811-2	BO002	811	2	no	no	_	_	_	_	_	linguistic	_	ContainsVariation=No	_	_	_	_	_	_
811-3	BO002	811	3	a	a	_	_	_	_	_	linguistic	_	ContainsVariation=No	_	_	_	_	_	_
811-4	BO002	811	4	me	me	_	_	_	_	_	linguistic	_	ContainsVariation=No	_	_	_	_	_	_
811-5	BO002	811	5	mi	mi	_	_	_	_	_	linguistic	_	ContainsVariation=No	_	_	_	_	_	_
811-6	BO002	811	6	esce	esce	_	_	_	_	_	linguistic	_	ContainsVariation=No	_	_	_	_	_	_
811-7	BO002	811	7	il	il	_	_	_	_	_	linguistic	_	ContainsVariation=No	_	_	_	_	_	_
811-8	BO002	811	8	toscanaccio	toscanaccio	_	_	_	_	_	linguistic	_	ContainsVariation=No	_	_	_	_	_	_
811-9	BO002	811	9	((ride))	((ride))	_	_	_	_	_	nonverbalbehavior	_	ContainsVariation=No	_	End=1785.917	_	_	_	_
812-0	BO003	812	0	((ride))	((ride))	_	_	_	_	_	nonverbalbehavior	_	ContainsVariation=No	_	Begin=1785.201|End=1786.35	_	_	_	_
813-0	BO002	813	0	no	no	_	_	_	_	_	linguistic	_	ContainsVariation=No	_	Begin=1786.427	_	_	_	_
813-1	BO002	813	1	a	a	_	_	_	_	_	linguistic	_	ContainsVariation=No	_	_	_	_	_	_
813-2	BO002	813	2	me	me	_	_	_	_	_	linguistic	_	ContainsVariation=No	_	_	_	_	_	_
813-3	BO002	813	3	non	non	_	_	_	_	_	linguistic	_	ContainsVariation=No	_	_	_	_	_	_
813-4	BO002	813	4	mi	mi	_	_	_	_	_	linguistic	_	ContainsVariation=No	_	_	_	_	_	_
813-5	BO002	813	5	noi	noi	_	_	_	_	_	linguistic	_	ContainsVariation=No	_	_	_	_	_	_
813-6	BO002	813	6	siamo	siamo	_	_	_	_	_	linguistic	_	ContainsVariation=No	_	_	_	_	_	_
813-7	BO002	813	7	così	così	_	_	_	_	_	linguistic	_	ContainsVariation=No	_	_	_	_	_	_
813-8	BO002	813	8	no,	no	_	_	_	_	_	linguistic	_	ContainsVariation=No	Intonation=WeaklyRising|PauseAfter=Yes	_	_	_	_	_
813-9	BO002	813	9	(.)	(.)	_	_	_	_	_	shortpause	_	ContainsVariation=No	_	_	_	_	_	_
813-10	BO002	813	10	hai	hai	_	_	_	_	_	linguistic	_	ContainsVariation=No	_	_	_	_	_	_
813-11	BO002	813	11	vis[to	visto	_	_	_	_	_	linguistic	_	ContainsVariation=No	_	_	_	_	_	3-5(272)
813-12	BO002	813	12	si	si	_	_	_	_	_	linguistic	_	ContainsVariation=No	_	_	_	_	_	0-2(272)
813-13	BO002	813	13	parla	parla	_	_	_	_	_	linguistic	_	ContainsVariation=No	_	_	_	_	_	0-5(272)
813-14	BO002	813	14	molto::]	molto	_	_	_	_	_	linguistic	_	ContainsVariation=No	_	End=1790.153	4x2	_	_	0-5(272)
814-0	BO003	814	0	[sì	sì	_	_	_	_	_	linguistic	_	ContainsVariation=No	_	Begin=1788.65	_	_	_	0-2(272)
814-1	BO003	814	1	sì.	sì	_	_	_	_	_	linguistic	_	ContainsVariation=No	Intonation=Falling	_	_	_	_	0-2(272)
814-2	BO003	814	2	no	no	_	_	_	_	_	linguistic	_	ContainsVariation=No	_	_	_	_	_	0-2(272)
814-3	BO003	814	3	no	no	_	_	_	_	_	linguistic	_	ContainsVariation=No	_	_	_	_	_	0-2(272)
814-4	BO003	814	4	no],	no	_	_	_	_	_	linguistic	_	ContainsVariation=No	Intonation=WeaklyRising	_	_	_	_	0-2(272)
814-5	BO003	814	5	sì	sì	_	_	_	_	_	linguistic	_	ContainsVariation=No	_	_	_	_	_	_
814-6	BO003	814	6	sì	sì	_	_	_	_	_	linguistic	_	ContainsVariation=No	_	_	_	_	_	_
814-7	BO003	814	7	sì	sì	_	_	_	_	_	linguistic	_	ContainsVariation=No	_	End=1790.554	_	_	_	_
815-0	BO002	815	0	terra	terra	_	_	_	_	_	linguistic	_	ContainsVariation=No	_	Begin=1790.713	_	_	_	_
815-1	BO002	815	1	terra	terra	_	_	_	_	_	linguistic	_	ContainsVariation=No	_	_	_	_	_	_
815-2	BO002	815	2	e	e	_	_	_	_	_	linguistic	_	ContainsVariation=No	_	_	_	_	_	_
815-3	BO002	815	3	non::	non	_	_	_	_	_	linguistic	_	ContainsVariation=No	_	_	2x2	_	_	_
815-4	BO002	815	4	non	non	_	_	_	_	_	linguistic	_	ContainsVariation=No	_	_	_	_	_	_
815-5	BO002	815	5	mi	mi	_	_	_	_	_	linguistic	_	ContainsVariation=No	_	_	_	_	_	_
815-6	BO002	815	6	riesce	riesce	_	_	_	_	_	linguistic	_	ContainsVariation=No	_	_	_	_	_	_
815-7	BO002	815	7	a	a	_	_	_	_	_	linguistic	_	ContainsVariation=No	_	_	_	_	_	_
815-8	BO002	815	8	stare	stare	_	_	_	_	_	linguistic	_	ContainsVariation=No	_	_	_	_	_	_
815-9	BO002	815	9	atte:nta	attenta	_	_	_	_	_	linguistic	_	ContainsVariation=No	_	_	3x1	_	_	_
815-10	BO002	815	10	[a	a	_	_	_	_	_	linguistic	_	ContainsVariation=No	_	_	_	_	_	0-1(273)
815-11	BO002	815	11	parlare	parlare	_	_	_	_	_	linguistic	_	ContainsVariation=No	_	_	_	_	_	0-7(273)
815-12	BO002	815	12	tutta::]	tutta	_	_	_	_	_	linguistic	_	ContainsVariation=No	_	End=1796.245	4x2	_	_	0-5(273)
816-0	BO003	816	0	[ma	ma	_	_	_	_	_	linguistic	_	ContainsVariation=No	_	Begin=1794.569	_	_	_	0-2(273)
816-1	BO003	816	1	sì	sì	_	_	_	_	_	linguistic	_	ContainsVariation=No	_	_	_	_	_	0-2(273)
816-2	BO003	816	2	poi	poi	_	_	_	_	_	linguistic	_	ContainsVariation=No	_	_	_	_	_	0-3(273)
816-3	BO003	816	3	la	la	_	_	_	_	_	linguistic	_	ContainsVariation=No	_	_	_	_	_	0-2(273)
816-4	BO003	816	4	verdi	verdi	_	_	_	_	_	linguistic	_	ContainsVariation=No	_	_	_	_	_	0-5(273)
816-5	BO003	816	5	cioè	cioè	_	_	_	_	_	linguistic	_	ContainsVariation=No	_	_	_	_	_	0-4(273)
816-6	BO003	816	6	anche]	anche	_	_	_	_	_	linguistic	_	ContainsVariation=No	_	_	_	_	_	0-5(273)
816-7	BO003	816	7	lei	lei	_	_	_	_	_	linguistic	_	ContainsVariation=No	_	_	_	_	_	_
816-8	BO003	816	8	non	non	_	_	_	_	_	linguistic	_	ContainsVariation=No	_	_	_	_	_	_
816-9	BO003	816	9	è	è	_	_	_	_	_	linguistic	_	ContainsVariation=No	_	_	_	_	_	_
816-10	BO003	816	10	che	che	_	_	_	_	_	linguistic	_	ContainsVariation=No	PauseAfter=Yes	_	_	_	_	_
816-11	BO003	816	11	(.)	(.)	_	_	_	_	_	shortpause	_	ContainsVariation=No	_	_	_	_	_	_
816-12	BO003	816	12	>adesso<	adesso	_	_	_	_	_	linguistic	_	ContainsVariation=No	_	End=1797.669	_	Fast=0-6(0)	_	_
817-0	BO002	817	0	no	no	_	_	_	_	_	linguistic	_	ContainsVariation=No	_	Begin=1798.398	_	_	_	_
817-1	BO002	817	1	anche	anche	_	_	_	_	_	linguistic	_	ContainsVariation=No	_	_	_	_	_	_
817-2	BO002	817	2	lei	lei	_	_	_	_	_	linguistic	_	ContainsVariation=No	_	_	_	_	_	_
817-3	BO002	817	3	si	si	_	_	_	_	_	linguistic	_	ContainsVariation=No	_	_	_	_	_	_
817-4	BO002	817	4	sente	sente	_	_	_	_	_	linguistic	_	ContainsVariation=No	_	_	_	_	_	_
817-5	BO002	817	5	che	che	_	_	_	_	_	linguistic	_	ContainsVariation=No	_	_	_	_	_	_
817-6	BO002	817	6	è::	è	_	_	_	_	_	linguistic	_	ContainsVariation=No	_	End=1799.877	0x2	_	_	_
818-0	BO003	818	0	sì	sì	_	_	_	_	_	linguistic	_	ContainsVariation=No	_	Begin=1799.877	_	_	_	_
818-1	BO003	818	1	sì	sì	_	_	_	_	_	linguistic	_	ContainsVariation=No	_	End=1800.449	_	_	_	_
819-0	BO003	819	0	la:	la	_	_	_	_	_	linguistic	_	ContainsVariation=No	PauseAfter=Yes	Begin=1801.153	1x1	_	_	_
819-1	BO003	819	1	(.)	(.)	_	_	_	_	_	shortpause	_	ContainsVariation=No	_	_	_	_	_	_
819-2	BO003	819	2	magari	magari	_	_	_	_	_	linguistic	_	ContainsVariation=No	_	_	_	_	_	_
819-3	BO003	819	3	quella	quella	_	_	_	_	_	linguistic	_	ContainsVariation=No	_	_	_	_	_	_
819-4	BO003	819	4	di	di	_	_	_	_	_	linguistic	_	ContainsVariation=No	_	_	_	_	_	_
819-5	BO003	819	5	quella	quella	_	_	_	_	_	linguistic	_	ContainsVariation=No	_	_	_	_	_	_
819-6	BO003	819	6	di	di	_	_	_	_	_	linguistic	_	ContainsVariation=No	_	_	_	_	_	_
819-7	BO003	819	7	italiano	italiano	_	_	_	_	_	linguistic	_	ContainsVariation=No	_	_	_	_	_	_
819-8	BO003	819	8	è	è	_	_	_	_	_	linguistic	_	ContainsVariation=No	_	_	_	_	_	_
819-9	BO003	819	9	un	un	_	_	_	_	_	linguistic	_	ContainsVariation=No	_	_	_	_	_	_
819-10	BO003	819	10	po'	po'	_	_	_	_	_	linguistic	_	ContainsVariation=No	_	_	_	_	_	_
819-11	BO003	819	11	più	più	_	_	_	_	_	linguistic	_	ContainsVariation=No	_	_	_	_	_	_
819-12	BO003	819	12	è	è	_	_	_	_	_	linguistic	_	ContainsVariation=No	_	_	_	_	_	_
819-13	BO003	819	13	proprio	proprio	_	_	_	_	_	linguistic	_	ContainsVariation=No	_	_	_	_	_	_
819-14	BO003	819	14	la:	la	_	_	_	_	_	linguistic	_	ContainsVariation=No	_	_	1x1	_	_	_
819-15	BO003	819	15	[la	la	_	_	_	_	_	linguistic	_	ContainsVariation=No	PauseAfter=Yes	_	_	_	_	0-2(274)
819-16	BO003	819	16	(.)	(.)	_	_	_	_	_	shortpause	_	ContainsVariation=No	_	_	_	_	_	X(274)
819-17	BO003	819	17	l'	l'	_	_	_	_	_	linguistic	_	ContainsVariation=No	SpaceAfter=No	_	_	_	_	0-2(274)
819-18	BO003	819	18	italiano	italiano	_	_	_	_	_	linguistic	_	ContainsVariation=No	_	_	_	_	_	0-8(274)
819-19	BO003	819	19	perfetto]	perfetto	_	_	_	_	_	linguistic	_	ContainsVariation=No	_	End=1807.262	_	_	_	0-8(274)
820-0	BO002	820	0	[sì	sì	_	_	_	_	_	linguistic	_	ContainsVariation=No	PauseAfter=Yes	Begin=1805.346	_	_	_	0-2(274)
820-1	BO002	820	1	(.)	(.)	_	_	_	_	_	shortpause	_	ContainsVariation=No	_	_	_	_	_	X(274)
820-2	BO002	820	2	sì	sì	_	_	_	_	_	linguistic	_	ContainsVariation=No	_	_	_	_	_	0-2(274)
820-3	BO002	820	3	esa:t]to	esatto	_	_	_	_	_	linguistic	_	ContainsVariation=No	_	_	2x1	_	_	0-4(274)
820-4	BO002	820	4	lei	lei	_	_	_	_	_	linguistic	_	ContainsVariation=No	_	_	_	_	_	_
820-5	BO002	820	5	non	non	_	_	_	_	_	linguistic	_	ContainsVariation=No	_	_	_	_	_	_
820-6	BO002	820	6	c'	c'	_	_	_	_	_	linguistic	_	ContainsVariation=No	SpaceAfter=No	_	_	_	_	_
820-7	BO002	820	7	ha	ha	_	_	_	_	_	linguistic	_	ContainsVariation=No	_	_	_	_	_	_
820-8	BO002	820	8	nemmeno	nemmeno	_	_	_	_	_	linguistic	_	ContainsVariation=No	_	_	_	_	_	_
820-9	BO002	820	9	una	una	_	_	_	_	_	linguistic	_	ContainsVariation=No	_	_	_	_	_	_
820-10	BO002	820	10	<influ[e:nz~]	influenz~	_	_	_	_	_	linguistic	_	ContainsVariation=No	Interrupted=Yes	End=1810.047	5x1	_	_	4-9(275)
821-0	BO003	821	0	[sì.	sì	_	_	_	_	_	linguistic	_	ContainsVariation=No	Intonation=Falling	Begin=1809.504	_	_	_	0-2(275)
821-1	BO003	821	1	se]condo	secondo	_	_	_	_	_	linguistic	_	ContainsVariation=No	_	_	_	_	_	0-2(275)
821-2	BO003	821	2	me	me	_	_	_	_	_	linguistic	_	ContainsVariation=No	_	_	_	_	_	_
821-3	BO003	821	3	è	è	_	_	_	_	_	linguistic	_	ContainsVariation=No	_	_	_	_	_	_
821-4	BO003	821	4	di	di	_	_	_	_	_	linguistic	_	ContainsVariation=No	_	_	_	_	_	_
821-5	BO003	821	5	bologna.	bologna	_	_	_	_	_	linguistic	_	ContainsVariation=No	Intonation=Falling	_	_	_	_	_
821-6	BO003	821	6	però,	però	_	_	_	_	_	linguistic	_	ContainsVariation=No	Intonation=WeaklyRising|PauseAfter=Yes	_	_	_	_	_
821-7	BO003	821	7	(.)	(.)	_	_	_	_	_	shortpause	_	ContainsVariation=No	_	_	_	_	_	_
821-8	BO003	821	8	ha	ha	_	_	_	_	_	linguistic	_	ContainsVariation=No	_	_	_	_	_	_
821-9	BO003	821	9	proprio	proprio	_	_	_	_	_	linguistic	_	ContainsVariation=No	_	_	_	_	_	_
821-10	BO003	821	10	la:	la	_	_	_	_	_	linguistic	_	ContainsVariation=No	_	End=1813.316	1x1	_	_	_
822-0	BO003	822	0	perfetto.	perfetto	_	_	_	_	_	linguistic	_	ContainsVariation=No	Intonation=Falling	Begin=1815.136	_	_	_	_
822-1	BO003	822	1	come::	come	_	_	_	_	_	linguistic	_	ContainsVariation=No	_	End=1816.874	3x2	_	_	_
823-0	BO002	823	0	poi	poi	_	_	_	_	_	linguistic	_	ContainsVariation=No	_	Begin=1816.874	_	_	_	_
823-1	BO002	823	1	leggevo.	leggevo	_	_	_	_	_	linguistic	_	ContainsVariation=No	Intonation=Falling	_	_	_	_	_
823-2	BO002	823	2	nella	nella	_	_	_	_	_	linguistic	_	ContainsVariation=No	_	_	_	_	_	_
823-3	BO002	823	3	sua	sua	_	_	_	_	_	linguistic	_	ContainsVariation=No	_	_	_	_	_	_
823-4	BO002	823	4	biografia,	biografia	_	_	_	_	_	linguistic	_	ContainsVariation=No	Intonation=WeaklyRising	End=1819.018	_	_	_	_
824-0	BO003	824	0	questa	questa	_	_	_	_	_	linguistic	_	ContainsVariation=No	_	Begin=1819.113	_	_	_	_
824-1	BO003	824	1	nuova	nuova	_	_	_	_	_	linguistic	_	ContainsVariation=No	_	_	_	_	_	_
824-2	BO003	824	2	la	la	_	_	_	_	_	linguistic	_	ContainsVariation=No	_	_	_	_	_	_
824-3	BO003	824	3	gialli	gialli	_	_	_	_	_	linguistic	_	ContainsVariation=No	_	End=1820.515	_	_	_	_
825-0	BO002	825	0	sì.	sì	_	_	_	_	_	linguistic	_	ContainsVariation=No	Intonation=Falling|PauseAfter=Yes	Begin=1820.596	_	_	_	_
825-1	BO002	825	1	(.)	(.)	_	_	_	_	_	shortpause	_	ContainsVariation=No	_	_	_	_	_	_
825-2	BO002	825	2	si	si	_	_	_	_	_	linguistic	_	ContainsVariation=No	_	_	_	_	_	_
825-3	BO002	825	3	è	è	_	_	_	_	_	linguistic	_	ContainsVariation=No	_	_	_	_	_	_
825-4	BO002	825	4	laureata	laureata	_	_	_	_	_	linguistic	_	ContainsVariation=No	_	_	_	_	_	_
825-5	BO002	825	5	con	con	_	_	_	_	_	linguistic	_	ContainsVariation=No	_	_	_	_	_	_
825-6	BO002	825	6	centodieci	centodieci	_	_	_	_	_	linguistic	_	ContainsVariation=No	_	_	_	_	_	_
825-7	BO002	825	7	e	e	_	_	_	_	_	linguistic	_	ContainsVariation=No	_	_	_	_	_	_
825-8	BO002	825	8	lo[de]	lode	_	_	_	_	_	linguistic	_	ContainsVariation=No	_	End=1824.13	_	_	_	2-4(276)
826-0	BO003	826	0	[me]rda	merda	_	_	_	_	_	linguistic	_	ContainsVariation=No	_	Begin=1823.879|End=1824.775	_	_	_	0-2(276)
827-0	BO002	827	0	tipo	tipo	_	_	_	_	_	linguistic	_	ContainsVariation=No	_	Begin=1825.407	_	_	_	_
827-1	BO002	827	1	nel	nel	_	_	_	_	_	linguistic	_	ContainsVariation=No	_	_	_	_	_	_
827-2	BO002	827	2	novantano::ve	novantanove	_	_	_	_	_	linguistic	_	ContainsVariation=No	_	_	8x2	_	_	_
827-3	BO002	827	3	mi	mi	_	_	_	_	_	linguistic	_	ContainsVariation=No	_	_	_	_	_	_
827-4	BO002	827	4	[pa:re]	pare	_	_	_	_	_	linguistic	_	ContainsVariation=No	_	End=1827.806	1x1	_	_	0-4(277)
828-0	BO003	828	0	[sì.	sì	_	_	_	_	_	linguistic	_	ContainsVariation=No	Intonation=Falling	Begin=1827.112	_	_	_	0-2(277)
828-1	BO003	828	1	noi]	noi	_	_	_	_	_	linguistic	_	ContainsVariation=No	_	_	_	_	_	0-3(277)
828-2	BO003	828	2	avevamo::	avevamo	_	_	_	_	_	linguistic	_	ContainsVariation=No	PauseAfter=Yes	_	6x2	_	_	_
828-3	BO003	828	3	(.)	(.)	_	_	_	_	_	shortpause	_	ContainsVariation=No	_	_	_	_	_	_
828-4	BO003	828	4	c'	c'	_	_	_	_	_	linguistic	_	ContainsVariation=No	SpaceAfter=No	_	_	_	_	_
828-5	BO003	828	5	eravamo	eravamo	_	_	_	_	_	linguistic	_	ContainsVariation=No	_	_	_	_	_	_
828-6	BO003	828	6	già	già	_	_	_	_	_	linguistic	_	ContainsVariation=No	_	End=1829.284	_	_	_	_
829-0	BO002	829	0	sì.	sì	_	_	_	_	_	linguistic	_	ContainsVariation=No	Intonation=Falling	Begin=1829.653	_	_	_	_
829-1	BO002	829	1	due	due	_	_	_	_	_	linguistic	_	ContainsVariation=No	_	_	_	_	_	_
829-2	BO002	829	2	a:n[ni]	anni	_	_	_	_	_	linguistic	_	ContainsVariation=No	_	End=1831.319	0x1	_	_	2-4(278)
830-0	BO003	830	0	[s~]	s~	_	_	_	_	_	linguistic	_	ContainsVariation=No	Interrupted=Yes	Begin=1830.827|End=1831.327	_	_	_	0-2(278)
831-0	BO002	831	0	maremma	maremma	_	_	_	_	_	linguistic	_	ContainsVariation=No	PauseAfter=Yes	Begin=1833.628	_	_	_	_
831-1	BO002	831	1	(.)	(.)	_	_	_	_	_	shortpause	_	ContainsVariation=No	_	_	_	_	_	_
831-2	BO002	831	2	[>a	a	_	_	_	_	_	linguistic	_	ContainsVariation=No	_	_	_	Fast=0-1(0)	_	0-1(279)
831-3	BO002	831	3	parte<	parte	_	_	_	_	_	linguistic	_	ContainsVariation=No	_	_	_	Fast=0-5(0)	_	0-5(279)
831-4	BO002	831	4	si]	si	_	_	_	_	_	linguistic	_	ContainsVariation=No	_	_	_	_	_	0-2(279)
831-5	BO002	831	5	vede	vede	_	_	_	_	_	linguistic	_	ContainsVariation=No	_	_	_	_	_	_
831-6	BO002	831	6	che	che	_	_	_	_	_	linguistic	_	ContainsVariation=No	_	_	_	_	_	_
831-7	BO002	831	7	è	è	_	_	_	_	_	linguistic	_	ContainsVariation=No	_	_	_	_	_	_
831-8	BO002	831	8	una	una	_	_	_	_	_	linguistic	_	ContainsVariation=No	_	_	_	_	_	_
831-9	BO002	831	9	parecchi[o::]	parecchio	_	_	_	_	_	linguistic	_	ContainsVariation=No	_	End=1836.776	8x2	_	_	8-9(280)
832-0	BO003	832	0	[eh],	eh	_	_	_	_	_	linguistic	_	ContainsVariation=No	Intonation=WeaklyRising	Begin=1834.426|End=1835.15	_	_	_	0-2(279)
833-0	BO003	833	0	[sì]	sì	_	_	_	_	_	linguistic	_	ContainsVariation=No	_	Begin=1836.576	_	_	_	0-2(280)
833-1	BO003	833	1	sì	sì	_	_	_	_	_	linguistic	_	ContainsVariation=No	_	End=1837.751	_	_	_	_
834-0	BO003	834	0	no	no	_	_	_	_	_	linguistic	_	ContainsVariation=No	_	Begin=1839.413	_	_	_	_
834-1	BO003	834	1	lei::,	lei	_	_	_	_	_	linguistic	_	ContainsVariation=No	Intonation=WeaklyRising|PauseAfter=Yes	_	2x2	_	_	_
834-2	BO003	834	2	(.)	(.)	_	_	_	_	_	shortpause	_	ContainsVariation=No	_	_	_	_	_	_
834-3	BO003	834	3	però	però	_	_	_	_	_	linguistic	_	ContainsVariation=No	_	_	_	_	_	_
834-4	BO003	834	4	boh.	boh	_	_	_	_	_	linguistic	_	ContainsVariation=No	Intonation=Falling	_	_	_	_	_
834-5	BO003	834	5	non:	non	_	_	_	_	_	linguistic	_	ContainsVariation=No	PauseAfter=Yes	_	2x1	_	_	_
834-6	BO003	834	6	(.)	(.)	_	_	_	_	_	shortpause	_	ContainsVariation=No	_	_	_	_	_	_
834-7	BO003	834	7	non	non	_	_	_	_	_	linguistic	_	ContainsVariation=No	_	_	_	_	_	_
834-8	BO003	834	8	mi	mi	_	_	_	_	_	linguistic	_	ContainsVariation=No	_	_	_	_	_	_
834-9	BO003	834	9	fa	fa	_	_	_	_	_	linguistic	_	ContainsVariation=No	_	_	_	_	_	_
834-10	BO003	834	10	paura	paura	_	_	_	_	_	linguistic	_	ContainsVariation=No	PauseAfter=Yes	_	_	_	_	_
834-11	BO003	834	11	(.)	(.)	_	_	_	_	_	shortpause	_	ContainsVariation=No	_	_	_	_	_	_
834-12	BO003	834	12	la	la	_	_	_	_	_	linguistic	_	ContainsVariation=No	_	_	_	_	_	_
834-13	BO003	834	13	blu	blu	_	_	_	_	_	linguistic	_	ContainsVariation=No	_	_	_	_	_	_
834-14	BO003	834	14	mi	mi	_	_	_	_	_	linguistic	_	ContainsVariation=No	_	_	_	_	_	_
834-15	BO003	834	15	avrebbe	avrebbe	_	_	_	_	_	linguistic	_	ContainsVariation=No	_	_	_	_	_	_
834-16	BO003	834	16	fatto	fatto	_	_	_	_	_	linguistic	_	ContainsVariation=No	_	_	_	_	_	_
834-17	BO003	834	17	più	più	_	_	_	_	_	linguistic	_	ContainsVariation=No	_	_	_	_	_	_
834-18	BO003	834	18	[ansia]	ansia	_	_	_	_	_	linguistic	_	ContainsVariation=No	_	End=1845.773	_	_	_	0-5(281)
835-0	BO002	835	0	[sì]?	sì	_	_	_	_	_	linguistic	_	ContainsVariation=No	Intonation=Rising	Begin=1845.011|End=1845.767	_	_	_	0-2(281)
836-0	BO003	836	0	sì.	sì	_	_	_	_	_	linguistic	_	ContainsVariation=No	Intonation=Falling	Begin=1846.238|End=1846.909	_	_	_	_
837-0	BO002	837	0	secondo	secondo	_	_	_	_	_	linguistic	_	ContainsVariation=No	_	Begin=1846.989	_	_	_	_
837-1	BO002	837	1	me	me	_	_	_	_	_	linguistic	_	ContainsVariation=No	_	_	_	_	_	_
837-2	BO002	837	2	la	la	_	_	_	_	_	linguistic	_	ContainsVariation=No	_	_	_	_	_	_
837-3	BO002	837	3	blu	blu	_	_	_	_	_	linguistic	_	ContainsVariation=No	_	_	_	_	_	_
837-4	BO002	837	4	era	era	_	_	_	_	_	linguistic	_	ContainsVariation=No	_	_	_	_	_	_
837-5	BO002	837	5	una	una	_	_	_	_	_	linguistic	_	ContainsVariation=No	_	_	_	_	_	_
837-6	BO002	837	6	vecchiettina	vecchiettina	_	_	_	_	_	linguistic	_	ContainsVariation=No	_	_	_	_	_	_
837-7	BO002	837	7	cari::na,	carina	_	_	_	_	_	linguistic	_	ContainsVariation=No	Intonation=WeaklyRising|PauseAfter=Yes	_	3x2	_	_	_
837-8	BO002	837	8	(.)	(.)	_	_	_	_	_	shortpause	_	ContainsVariation=No	_	_	_	_	_	_
837-9	BO002	837	9	[alla]	alla	_	_	_	_	_	linguistic	_	ContainsVariation=No	_	_	_	_	_	0-4(282)
837-10	BO002	837	10	fine,	fine	_	_	_	_	_	linguistic	_	ContainsVariation=No	Intonation=WeaklyRising	_	_	_	_	_
837-11	BO002	837	11	sì	sì	_	_	_	_	_	linguistic	_	ContainsVariation=No	_	End=1852.128	_	_	_	_
838-0	BO003	838	0	[dici]?	dici	_	_	_	_	_	linguistic	_	ContainsVariation=No	Intonation=Rising	Begin=1850.264|End=1850.978	_	_	_	0-4(282)
839-0	BO002	839	0	e	e	_	_	_	_	_	linguistic	_	ContainsVariation=No	_	Begin=1853.387	_	_	_	_
839-1	BO002	839	1	chi	chi	_	_	_	_	_	linguistic	_	ContainsVariation=No	_	_	_	_	_	_
839-2	BO002	839	2	l'	l'	_	_	_	_	_	linguistic	_	ContainsVariation=No	SpaceAfter=No	_	_	_	_	_
839-3	BO002	839	3	ha	ha	_	_	_	_	_	linguistic	_	ContainsVariation=No	_	_	_	_	_	_
839-4	BO002	839	4	fatto	fatto	_	_	_	_	_	linguistic	_	ContainsVariation=No	_	_	_	_	_	_
839-5	BO002	839	5	lo	lo	_	_	_	_	_	linguistic	_	ContainsVariation=No	_	_	_	_	_	_
839-6	BO002	839	6	con	con	_	_	_	_	_	linguistic	_	ContainsVariation=No	_	_	_	_	_	_
839-7	BO002	839	7	lei,	lei	_	_	_	_	_	linguistic	_	ContainsVariation=No	Intonation=WeaklyRising	_	_	_	_	_
839-8	BO002	839	8	ho	ho	_	_	_	_	_	linguistic	_	ContainsVariation=No	_	_	_	_	_	_
839-9	BO002	839	9	conosciuto	conosciuto	_	_	_	_	_	linguistic	_	ContainsVariation=No	_	_	_	_	_	_
839-10	BO002	839	10	gente	gente	_	_	_	_	_	linguistic	_	ContainsVariation=No	_	_	_	_	_	_
839-11	BO002	839	11	non	non	_	_	_	_	_	linguistic	_	ContainsVariation=No	_	_	_	_	_	_
839-12	BO002	839	12	ha	ha	_	_	_	_	_	linguistic	_	ContainsVariation=No	_	_	_	_	_	_
839-13	BO002	839	13	avuto	avuto	_	_	_	_	_	linguistic	_	ContainsVariation=No	_	_	_	_	_	_
839-14	BO002	839	14	proble[mi	problemi	_	_	_	_	_	linguistic	_	ContainsVariation=No	_	_	_	_	_	5-8(283)
839-15	BO002	839	15	all'	all'	_	_	_	_	_	linguistic	_	ContainsVariation=No	SpaceAfter=No	_	_	_	_	0-4(283)
839-16	BO002	839	16	esa~]	esa~	_	_	_	_	_	linguistic	_	ContainsVariation=No	Interrupted=Yes	_	_	_	_	0-3(283)
839-17	BO002	839	17	dice	dice	_	_	_	_	_	linguistic	_	ContainsVariation=No	_	_	_	_	_	_
839-18	BO002	839	18	era	era	_	_	_	_	_	linguistic	_	ContainsVariation=No	_	_	_	_	_	_
839-19	BO002	839	19	un	un	_	_	_	_	_	linguistic	_	ContainsVariation=No	_	_	_	_	_	_
839-20	BO002	839	20	po'	po'	_	_	_	_	_	linguistic	_	ContainsVariation=No	_	_	_	_	_	_
839-21	BO002	839	21	severa	severa	_	_	_	_	_	linguistic	_	ContainsVariation=No	_	_	_	_	_	_
839-22	BO002	839	22	sullo	sullo	_	_	_	_	_	linguistic	_	ContainsVariation=No	_	_	_	Slow=4-5(0)	_	_
839-23	BO002	839	23	<scritto>	scritto	_	_	_	_	_	linguistic	_	ContainsVariation=No	_	End=1859.965	_	Slow=0-6(0)	_	_
840-0	BO003	840	0	[ah]	ah	_	_	_	_	_	linguistic	_	ContainsVariation=No	_	Begin=1857.195|End=1857.987	_	_	_	0-2(283)
841-0	BO003	841	0	okay	okay	_	_	_	_	_	linguistic	_	ContainsVariation=No	_	Begin=1859.965|End=1860.667	_	_	_	_
842-0	BO002	842	0	però	però	_	_	_	_	_	linguistic	_	ContainsVariation=No	_	Begin=1860.667	_	_	_	_
842-1	BO002	842	1	sull'	sull'	_	_	_	_	_	linguistic	_	ContainsVariation=No	SpaceAfter=No	_	_	_	_	_
842-2	BO002	842	2	ora[le::	orale	_	_	_	_	_	linguistic	_	ContainsVariation=No	_	_	4x2	_	_	2-5(284)
842-3	BO002	842	3	era	era	_	_	_	_	_	linguistic	_	ContainsVariation=No	_	_	_	_	_	0-3(284)
842-4	BO002	842	4	tranqui~]	tranqui~	_	_	_	_	_	linguistic	_	ContainsVariation=No	Interrupted=Yes	End=1862.635	_	_	_	0-8(284)
843-0	BO003	843	0	>[invece<	invece	_	_	_	_	_	linguistic	_	ContainsVariation=No	_	Begin=1861.648	_	Fast=0-6(0)	_	0-6(284)
843-1	BO003	843	1	dici	dici	_	_	_	_	_	linguistic	_	ContainsVariation=No	_	_	_	_	_	0-4(284)
843-2	BO003	843	2	che]	che	_	_	_	_	_	linguistic	_	ContainsVariation=No	_	_	_	_	_	0-3(284)
843-3	BO003	843	3	questa	questa	_	_	_	_	_	linguistic	_	ContainsVariation=No	_	_	_	_	_	_
843-4	BO003	843	4	bastona?	bastona	_	_	_	_	_	linguistic	_	ContainsVariation=No	Intonation=Rising	End=1863.73	_	_	_	_
844-0	BO002	844	0	io	io	_	_	_	_	_	linguistic	_	ContainsVariation=No	_	Begin=1863.906	_	_	_	_
844-1	BO002	844	1	ho	ho	_	_	_	_	_	linguistic	_	ContainsVariation=No	_	_	_	_	_	_
844-2	BO002	844	2	paura	paura	_	_	_	_	_	linguistic	_	ContainsVariation=No	_	_	_	_	_	_
844-3	BO002	844	3	che	che	_	_	_	_	_	linguistic	_	ContainsVariation=No	_	_	_	_	_	_
844-4	BO002	844	4	questa	questa	_	_	_	_	_	linguistic	_	ContainsVariation=No	_	_	_	_	_	_
844-5	BO002	844	5	vada	vada	_	_	_	_	_	linguistic	_	ContainsVariation=No	_	_	_	_	_	_
844-6	BO002	844	6	a	a	_	_	_	_	_	linguistic	_	ContainsVariation=No	_	_	_	_	_	_
844-7	BO002	844	7	cercare	cercare	_	_	_	_	_	linguistic	_	ContainsVariation=No	_	_	_	_	_	_
844-8	BO002	844	8	parecchio	parecchio	_	_	_	_	_	linguistic	_	ContainsVariation=No	_	_	_	_	_	_
844-9	BO002	844	9	il	il	_	_	_	_	_	linguistic	_	ContainsVariation=No	_	_	_	_	_	_
844-10	BO002	844	10	pelo	pelo	_	_	_	_	_	linguistic	_	ContainsVariation=No	_	_	_	_	_	_
844-11	BO002	844	11	nell'	nell'	_	_	_	_	_	linguistic	_	ContainsVariation=No	SpaceAfter=No	_	_	_	_	_
844-12	BO002	844	12	uo:[vo]	uovo	_	_	_	_	_	linguistic	_	ContainsVariation=No	_	End=1867.471	1x1	_	_	2-4(285)
845-0	BO003	845	0	[di]ci?	dici	_	_	_	_	_	linguistic	_	ContainsVariation=No	Intonation=Rising	Begin=1867.326|End=1868.195	_	_	_	0-2(285)
846-0	BO002	846	0	eh:	eh	_	_	_	_	_	linguistic	_	ContainsVariation=No	_	Begin=1868.298	1x1	_	_	_
846-1	BO002	846	1	questo	questo	_	_	_	_	_	linguistic	_	ContainsVariation=No	_	_	_	_	_	_
846-2	BO002	846	2	mi	mi	_	_	_	_	_	linguistic	_	ContainsVariation=No	_	_	_	_	_	_
846-3	BO002	846	3	fa	fa	_	_	_	_	_	linguistic	_	ContainsVariation=No	_	_	_	_	_	_
846-4	BO002	846	4	paura	paura	_	_	_	_	_	linguistic	_	ContainsVariation=No	_	End=1870.498	_	_	_	_
847-0	BO002	847	0	cioè	cioè	_	_	_	_	_	linguistic	_	ContainsVariation=No	_	Begin=1870.527	_	_	_	_
847-1	BO002	847	1	sai	sai	_	_	_	_	_	linguistic	_	ContainsVariation=No	_	_	_	_	_	_
847-2	BO002	847	2	quelle	quelle	_	_	_	_	_	linguistic	_	ContainsVariation=No	_	_	_	_	_	_
847-3	BO002	847	3	preci:se	precise	_	_	_	_	_	linguistic	_	ContainsVariation=No	_	_	4x1	_	_	_
847-4	BO002	847	4	[che	che	_	_	_	_	_	linguistic	_	ContainsVariation=No	_	_	_	_	_	0-3(286)
847-5	BO002	847	5	vogliono	vogliono	_	_	_	_	_	linguistic	_	ContainsVariation=No	_	_	_	_	_	0-8(286)
847-6	BO002	847	6	sape'	sape'	_	_	_	_	_	linguistic	_	ContainsVariation=No	Truncated=Yes	_	_	_	_	0-5(286)
847-7	BO002	847	7	<tu]tto>	tutto	_	_	_	_	_	linguistic	_	ContainsVariation=No	_	_	_	Slow=0-5(0)	_	0-2(286)
847-8	BO002	847	8	[cioè	cioè	_	_	_	_	_	linguistic	_	ContainsVariation=No	_	_	_	_	_	0-4(287)
847-9	BO002	847	9	i~	i~	_	_	_	_	_	linguistic	_	ContainsVariation=No	Interrupted=Yes	_	_	_	_	0-2(287)
847-10	BO002	847	10	il	il	_	_	_	_	_	linguistic	_	ContainsVariation=No	_	_	_	_	_	0-2(287)
847-11	BO002	847	11	bocca:ccio	boccaccio	_	_	_	_	_	linguistic	_	ContainsVariation=No	_	_	4x1	_	_	0-9(287)
847-12	BO002	847	12	anche]	anche	_	_	_	_	_	linguistic	_	ContainsVariation=No	PauseAfter=Yes	_	_	_	_	0-5(287)
847-13	BO002	847	13	(.)	(.)	_	_	_	_	_	shortpause	_	ContainsVariation=No	_	_	_	_	_	_
847-14	BO002	847	14	anche	anche	_	_	_	_	_	linguistic	_	ContainsVariation=No	_	_	_	_	_	_
847-15	BO002	847	15	il	il	_	_	_	_	_	linguistic	_	ContainsVariation=No	_	_	_	_	_	_
847-16	BO002	847	16	colore	colore	_	_	_	_	_	linguistic	_	ContainsVariation=No	_	_	_	_	_	_
847-17	BO002	847	17	delle	delle	_	_	_	_	_	linguistic	_	ContainsVariation=No	_	_	_	_	_	_
847-18	BO002	847	18	muta:nde	mutande	_	_	_	_	_	linguistic	_	ContainsVariation=No	_	_	3x1	_	_	_
847-19	BO002	847	19	voglio	voglio	_	_	_	_	_	linguistic	_	ContainsVariation=No	_	_	_	_	_	_
847-20	BO002	847	20	di~	di~	_	_	_	_	_	linguistic	_	ContainsVariation=No	Interrupted=Yes	End=1878.449	_	_	_	_
848-0	BO003	848	0	[ah	ah	_	_	_	_	_	linguistic	_	ContainsVariation=No	_	Begin=1871.926	_	_	_	0-2(286)
848-1	BO003	848	1	ho	ho	_	_	_	_	_	linguistic	_	ContainsVariation=No	_	_	_	_	_	0-2(286)
848-2	BO003	848	2	capito],	capito	_	_	_	_	_	linguistic	_	ContainsVariation=No	Intonation=WeaklyRising	End=1873.091	_	_	_	0-6(286)
849-0	BO003	849	0	[sì	sì	_	_	_	_	_	linguistic	_	ContainsVariation=No	PauseAfter=Yes	Begin=1873.469	_	_	_	0-2(287)
849-1	BO003	849	1	(.)	(.)	_	_	_	_	_	shortpause	_	ContainsVariation=No	_	_	_	_	_	X(287)
849-2	BO003	849	2	(che)	che	_	_	_	_	_	linguistic	_	ContainsVariation=No	_	_	_	_	0-3(0)	0-3(287)
849-3	BO003	849	3	noi	noi	_	_	_	_	_	linguistic	_	ContainsVariation=No	_	_	_	_	_	0-3(287)
849-4	BO003	849	4	non	non	_	_	_	_	_	linguistic	_	ContainsVariation=No	_	_	_	_	_	0-3(287)
849-5	BO003	849	5	andiamo	andiamo	_	_	_	_	_	linguistic	_	ContainsVariation=No	_	_	_	_	_	0-7(287)
849-6	BO003	849	6	a	a	_	_	_	_	_	linguistic	_	ContainsVariation=No	_	_	_	_	_	0-1(287)
849-7	BO003	849	7	lezione]	lezione	_	_	_	_	_	linguistic	_	ContainsVariation=No	_	_	_	_	_	0-7(287)
849-8	BO003	849	8	((ride))	((ride))	_	_	_	_	_	nonverbalbehavior	_	ContainsVariation=No	_	End=1876.078	_	_	_	_
850-0	BO003	850	0	((ride))	((ride))	_	_	_	_	_	nonverbalbehavior	_	ContainsVariation=No	_	Begin=1877.619|End=1878.799	_	_	_	_
851-0	BO003	851	0	vabbè	vabbè	_	_	_	_	_	linguistic	_	ContainsVariation=No	_	Begin=1879.079	_	_	_	_
851-1	BO003	851	1	tanto:,	tanto	_	_	_	_	_	linguistic	_	ContainsVariation=No	Intonation=WeaklyRising	_	4x1	_	_	_
851-2	BO003	851	2	ho	ho	_	_	_	_	_	linguistic	_	ContainsVariation=No	_	_	_	_	_	_
851-3	BO003	851	3	una	una	_	_	_	_	_	linguistic	_	ContainsVariation=No	_	_	_	_	_	_
851-4	BO003	851	4	che:	che	_	_	_	_	_	linguistic	_	ContainsVariation=No	PauseAfter=Yes	_	2x1	_	_	_
851-5	BO003	851	5	(.)	(.)	_	_	_	_	_	shortpause	_	ContainsVariation=No	_	_	_	_	_	_
851-6	BO003	851	6	fa	fa	_	_	_	_	_	linguistic	_	ContainsVariation=No	_	_	_	_	_	_
851-7	BO003	851	7	mh:	mh	_	_	_	_	_	linguistic	_	ContainsVariation=No	PauseAfter=Yes	_	1x1	_	_	_
851-8	BO003	851	8	(.)	(.)	_	_	_	_	_	shortpause	_	ContainsVariation=No	_	_	_	_	_	_
851-9	BO003	851	9	che	che	_	_	_	_	_	linguistic	_	ContainsVariation=No	_	_	_	_	_	_
851-10	BO003	851	10	fa	fa	_	_	_	_	_	linguistic	_	ContainsVariation=No	_	_	_	_	_	_
851-11	BO003	851	11	con	con	_	_	_	_	_	linguistic	_	ContainsVariation=No	_	_	_	_	_	_
851-12	BO003	851	12	noi::	noi	_	_	_	_	_	linguistic	_	ContainsVariation=No	_	_	2x2	_	_	_
851-13	BO003	851	13	linguistica	linguistica	_	_	_	_	_	linguistic	_	ContainsVariation=No	_	_	_	_	_	_
851-14	BO003	851	14	e	e	_	_	_	_	_	linguistic	_	ContainsVariation=No	_	_	_	_	_	_
851-15	BO003	851	15	letteratura	letteratura	_	_	_	_	_	linguistic	_	ContainsVariation=No	_	_	_	_	_	_
851-16	BO003	851	16	che	che	_	_	_	_	_	linguistic	_	ContainsVariation=No	_	_	_	_	_	_
851-17	BO003	851	17	viene	viene	_	_	_	_	_	linguistic	_	ContainsVariation=No	_	_	_	_	_	_
851-18	BO003	851	18	sempre	sempre	_	_	_	_	_	linguistic	_	ContainsVariation=No	_	_	_	_	_	_
851-19	BO003	851	19	prende	prende	_	_	_	_	_	linguistic	_	ContainsVariation=No	_	_	_	_	_	_
851-20	BO003	851	20	sem[pre	sempre	_	_	_	_	_	linguistic	_	ContainsVariation=No	_	_	_	_	_	3-6(289)
851-21	BO003	851	21	gli	gli	_	_	_	_	_	linguistic	_	ContainsVariation=No	_	_	_	_	_	0-3(289)
851-22	BO003	851	22	ap~]	ap~	_	_	_	_	_	linguistic	_	ContainsVariation=No	Interrupted=Yes	End=1885.835	_	_	_	0-3(289)
852-0	BO002	852	0	[ah.	ah	_	_	_	_	_	linguistic	_	ContainsVariation=No	Intonation=Falling	Begin=1885.154	_	_	_	0-2(289)
852-1	BO002	852	1	me	me	_	_	_	_	_	linguistic	_	ContainsVariation=No	_	_	_	_	_	0-2(289)
852-2	BO002	852	2	l'	l'	_	_	_	_	_	linguistic	_	ContainsVariation=No	SpaceAfter=No	_	_	_	_	0-2(289)
852-3	BO002	852	3	avevi]	avevi	_	_	_	_	_	linguistic	_	ContainsVariation=No	_	_	_	_	_	0-5(289)
852-4	BO002	852	4	de:t[to]	detto	_	_	_	_	_	linguistic	_	ContainsVariation=No	_	End=1886.542	1x1	_	_	2-5(290)
853-0	BO003	853	0	[lei],	lei	_	_	_	_	_	linguistic	_	ContainsVariation=No	Intonation=WeaklyRising	Begin=1886.07	_	_	_	0-3(290)
853-1	BO003	853	1	dopo	dopo	_	_	_	_	_	linguistic	_	ContainsVariation=No	_	_	_	_	_	_
853-2	BO003	853	2	ve	ve	_	_	_	_	_	linguistic	_	ContainsVariation=No	_	_	_	_	_	_
853-3	BO003	853	3	li	li	_	_	_	_	_	linguistic	_	ContainsVariation=No	_	_	_	_	_	_
853-4	BO003	853	4	passo.	passo	_	_	_	_	_	linguistic	_	ContainsVariation=No	Intonation=Falling	End=1887.468	_	_	_	_
854-0	BO002	854	0	bene	bene	_	_	_	_	_	linguistic	_	ContainsVariation=No	_	Begin=1887.573|End=1888.634	_	_	_	_
855-0	BO003	855	0	così	così	_	_	_	_	_	linguistic	_	ContainsVariation=No	_	Begin=1890.274	_	_	_	_
855-1	BO003	855	1	almeno	almeno	_	_	_	_	_	linguistic	_	ContainsVariation=No	_	_	_	_	_	_
855-2	BO003	855	2	abbiamo	abbiamo	_	_	_	_	_	linguistic	_	ContainsVariation=No	_	_	_	_	_	_
855-3	BO003	855	3	gli	gli	_	_	_	_	_	linguistic	_	ContainsVariation=No	_	_	_	_	_	_
855-4	BO003	855	4	ap[punti]	appunti	_	_	_	_	_	linguistic	_	ContainsVariation=No	_	End=1892.483	_	_	_	2-7(291)
856-0	BO002	856	0	[sì]	sì	_	_	_	_	_	linguistic	_	ContainsVariation=No	_	Begin=1891.621|End=1892.637	_	_	_	0-2(291)
857-0	BO003	857	0	però	però	_	_	_	_	_	linguistic	_	ContainsVariation=No	_	Begin=1892.828	_	_	_	_
857-1	BO003	857	1	sì.	sì	_	_	_	_	_	linguistic	_	ContainsVariation=No	Intonation=Falling	_	_	_	_	_
857-2	BO003	857	2	dante	dante	_	_	_	_	_	linguistic	_	ContainsVariation=No	_	_	_	_	_	_
857-3	BO003	857	3	è	è	_	_	_	_	_	linguistic	_	ContainsVariation=No	_	_	_	_	_	_
857-4	BO003	857	4	quello	quello	_	_	_	_	_	linguistic	_	ContainsVariation=No	_	_	_	_	_	_
857-5	BO003	857	5	più	più	_	_	_	_	_	linguistic	_	ContainsVariation=No	_	_	_	_	_	_
857-6	BO003	857	6	bello	bello	_	_	_	_	_	linguistic	_	ContainsVariation=No	_	_	_	_	_	_
857-7	BO003	857	7	da	da	_	_	_	_	_	linguistic	_	ContainsVariation=No	_	_	_	_	_	_
857-8	BO003	857	8	fare	fare	_	_	_	_	_	linguistic	_	ContainsVariation=No	_	_	_	_	_	_
857-9	BO003	857	9	che	che	_	_	_	_	_	linguistic	_	ContainsVariation=No	_	_	_	_	_	_
857-10	BO003	857	10	boccac[cio	boccaccio	_	_	_	_	_	linguistic	_	ContainsVariation=No	_	_	_	_	_	6-9(292)
857-11	BO003	857	11	>sec~<	sec~	_	_	_	_	_	linguistic	_	ContainsVariation=No	Interrupted=Yes	_	_	Fast=0-4(0)	_	0-4(292)
857-12	BO003	857	12	quello	quello	_	_	_	_	_	linguistic	_	ContainsVariation=No	_	_	_	_	_	0-6(292)
857-13	BO003	857	13	è	è	_	_	_	_	_	linguistic	_	ContainsVariation=No	_	_	_	_	_	0-1(292)
857-14	BO003	857	14	bello]	bello	_	_	_	_	_	linguistic	_	ContainsVariation=No	_	End=1896.924	_	_	_	0-5(292)
858-0	BO002	858	0	[sì]	sì	_	_	_	_	_	linguistic	_	ContainsVariation=No	PauseAfter=Yes	Begin=1895.577	_	_	_	0-2(292)
858-1	BO002	858	1	(.)	(.)	_	_	_	_	_	shortpause	_	ContainsVariation=No	_	_	_	_	_	_
858-2	BO002	858	2	a	a	_	_	_	_	_	linguistic	_	ContainsVariation=No	_	_	_	_	_	_
858-3	BO002	858	3	me	me	_	_	_	_	_	linguistic	_	ContainsVariation=No	_	_	_	_	_	_
858-4	BO002	858	4	boccaccio	boccaccio	_	_	_	_	_	linguistic	_	ContainsVariation=No	_	_	_	_	_	_
858-5	BO002	858	5	non	non	_	_	_	_	_	linguistic	_	ContainsVariation=No	_	_	_	_	_	_
858-6	BO002	858	6	piace.	piace	_	_	_	_	_	linguistic	_	ContainsVariation=No	Intonation=Falling	_	_	_	_	_
858-7	BO002	858	7	[sarà	sarà	_	_	_	_	_	linguistic	_	ContainsVariation=No	_	_	_	_	_	0-4(293)
858-8	BO002	858	8	che]	che	_	_	_	_	_	linguistic	_	ContainsVariation=No	PauseAfter=Yes	_	_	_	_	0-3(293)
858-9	BO002	858	9	(.)	(.)	_	_	_	_	_	shortpause	_	ContainsVariation=No	_	_	_	_	_	_
858-10	BO002	858	10	no.	no	_	_	_	_	_	linguistic	_	ContainsVariation=No	Intonation=Falling	_	_	_	_	_
858-11	BO002	858	11	ma	ma	_	_	_	_	_	linguistic	_	ContainsVariation=No	_	_	_	_	_	_
858-12	BO002	858	12	me	me	_	_	_	_	_	linguistic	_	ContainsVariation=No	_	_	_	_	_	_
858-13	BO002	858	13	l'	l'	_	_	_	_	_	linguistic	_	ContainsVariation=No	SpaceAfter=No	_	_	_	_	_
858-14	BO002	858	14	hanno	hanno	_	_	_	_	_	linguistic	_	ContainsVariation=No	_	_	_	_	_	_
858-15	BO002	858	15	fatto	fatto	_	_	_	_	_	linguistic	_	ContainsVariation=No	_	_	_	_	_	_
858-16	BO002	858	16	odiare	odiare	_	_	_	_	_	linguistic	_	ContainsVariation=No	_	_	_	_	_	_
858-17	BO002	858	17	al	al	_	_	_	_	_	linguistic	_	ContainsVariation=No	_	_	_	_	_	_
858-18	BO002	858	18	lice:o	liceo	_	_	_	_	_	linguistic	_	ContainsVariation=No	_	_	3x1	_	_	_
858-19	BO002	858	19	mi	mi	_	_	_	_	_	linguistic	_	ContainsVariation=No	_	_	_	_	_	_
858-20	BO002	858	20	sa	sa	_	_	_	_	_	linguistic	_	ContainsVariation=No	_	End=1901.873	_	_	_	_
859-0	BO003	859	0	[non	non	_	_	_	_	_	linguistic	_	ContainsVariation=No	_	Begin=1898.059	_	_	_	0-3(293)
859-1	BO003	859	1	ti	ti	_	_	_	_	_	linguistic	_	ContainsVariation=No	_	_	_	_	_	0-2(293)
859-2	BO003	859	2	piace],	piace	_	_	_	_	_	linguistic	_	ContainsVariation=No	Intonation=WeaklyRising	End=1898.904	_	_	_	0-5(293)
860-0	BO002	860	0	perché	perché	_	_	_	_	_	linguistic	_	ContainsVariation=No	_	Begin=1902.357	_	_	_	_
860-1	BO002	860	1	al	al	_	_	_	_	_	linguistic	_	ContainsVariation=No	_	_	_	_	_	_
860-2	BO002	860	2	liceo	liceo	_	_	_	_	_	linguistic	_	ContainsVariation=No	PauseAfter=Yes	_	_	_	_	_
860-3	BO002	860	3	(.)	(.)	_	_	_	_	_	shortpause	_	ContainsVariation=No	_	_	_	_	_	_
860-4	BO002	860	4	ce	ce	_	_	_	_	_	linguistic	_	ContainsVariation=No	_	_	_	_	_	_
860-5	BO002	860	5	lo	lo	_	_	_	_	_	linguistic	_	ContainsVariation=No	_	_	_	_	_	_
860-6	BO002	860	6	fecero	fecero	_	_	_	_	_	linguistic	_	ContainsVariation=No	_	_	_	_	_	_
860-7	BO002	860	7	leggere	leggere	_	_	_	_	_	linguistic	_	ContainsVariation=No	_	_	_	_	_	_
860-8	BO002	860	8	tutto	tutto	_	_	_	_	_	linguistic	_	ContainsVariation=No	_	_	_	_	_	_
860-9	BO002	860	9	intero	intero	_	_	_	_	_	linguistic	_	ContainsVariation=No	_	_	_	_	_	_
860-10	BO002	860	10	in	in	_	_	_	_	_	linguistic	_	ContainsVariation=No	_	_	_	_	_	_
860-11	BO002	860	11	seco:nda.	seconda	_	_	_	_	_	linguistic	_	ContainsVariation=No	Intonation=Falling	_	3x1	_	_	_
860-12	BO002	860	12	da	da	_	_	_	_	_	linguistic	_	ContainsVariation=No	_	_	_	_	_	_
860-13	BO002	860	13	[soli].	soli	_	_	_	_	_	linguistic	_	ContainsVariation=No	Intonation=Falling	_	_	_	_	0-4(294)
860-14	BO002	860	14	senza	senza	_	_	_	_	_	linguistic	_	ContainsVariation=No	_	_	_	_	_	_
860-15	BO002	860	15	nean[che	neanche	_	_	_	_	_	linguistic	_	ContainsVariation=No	_	_	_	_	_	4-7(295)
860-16	BO002	860	16	spiegarcelo]	spiegarcelo	_	_	_	_	_	linguistic	_	ContainsVariation=No	_	End=1908.808	_	_	_	0-11(295)
861-0	BO003	861	0	[sì]	sì	_	_	_	_	_	linguistic	_	ContainsVariation=No	_	Begin=1906.559|End=1907.265	_	_	_	0-2(294)
862-0	BO003	862	0	[sì.	sì	_	_	_	_	_	linguistic	_	ContainsVariation=No	Intonation=Falling	Begin=1907.523	_	_	_	0-2(295)
862-1	BO003	862	1	no	no	_	_	_	_	_	linguistic	_	ContainsVariation=No	_	_	_	_	_	0-2(295)
862-2	BO003	862	2	così	così	_	_	_	_	_	linguistic	_	ContainsVariation=No	_	_	_	_	_	0-4(295)
862-3	BO003	862	3	no]	no	_	_	_	_	_	linguistic	_	ContainsVariation=No	_	End=1908.816	_	_	_	0-2(295)
863-0	BO003	863	0	non	non	_	_	_	_	_	linguistic	_	ContainsVariation=No	_	Begin=1908.856	_	_	_	_
863-1	BO003	863	1	si	si	_	_	_	_	_	linguistic	_	ContainsVariation=No	_	_	_	_	_	_
863-2	BO003	863	2	capi[sce]	capisce	_	_	_	_	_	linguistic	_	ContainsVariation=No	_	End=1910.073	_	_	_	4-7(296)
864-0	BO002	864	0	[e	e	_	_	_	_	_	linguistic	_	ContainsVariation=No	_	Begin=1909.359	_	_	_	0-1(296)
864-1	BO002	864	1	quindi]	quindi	_	_	_	_	_	linguistic	_	ContainsVariation=No	PauseAfter=Yes	_	_	_	_	0-6(296)
864-2	BO002	864	2	(.)	(.)	_	_	_	_	_	shortpause	_	ContainsVariation=No	_	_	_	_	_	_
864-3	BO002	864	3	>cioè	cioè	_	_	_	_	_	linguistic	_	ContainsVariation=No	_	_	_	Fast=0-4(0)	_	_
864-4	BO002	864	4	non<	non	_	_	_	_	_	linguistic	_	ContainsVariation=No	_	_	_	Fast=0-3(0)	_	_
864-5	BO002	864	5	s~	s~	_	_	_	_	_	linguistic	_	ContainsVariation=No	Interrupted=Yes	_	_	_	_	_
864-6	BO002	864	6	mh	mh	_	_	_	_	_	linguistic	_	ContainsVariation=No	_	_	_	_	_	_
864-7	BO002	864	7	ha	ha	_	_	_	_	_	linguistic	_	ContainsVariation=No	_	_	_	_	_	_
864-8	BO002	864	8	poco	poco	_	_	_	_	_	linguistic	_	ContainsVariation=No	_	_	_	_	_	_
864-9	BO002	864	9	se:nso	senso	_	_	_	_	_	linguistic	_	ContainsVariation=No	_	_	1x1	_	_	_
864-10	BO002	864	10	leggerlo	leggerlo	_	_	_	_	_	linguistic	_	ContainsVariation=No	_	_	_	_	_	_
864-11	BO002	864	11	senza	senza	_	_	_	_	_	linguistic	_	ContainsVariation=No	_	_	_	_	_	_
864-12	BO002	864	12	un	un	_	_	_	_	_	linguistic	_	ContainsVariation=No	_	_	_	_	_	_
864-13	BO002	864	13	contes~	contes~	_	_	_	_	_	linguistic	_	ContainsVariation=No	Interrupted=Yes	_	_	_	_	_
864-14	BO002	864	14	senza	senza	_	_	_	_	_	linguistic	_	ContainsVariation=No	_	_	_	_	_	_
864-15	BO002	864	15	avere	avere	_	_	_	_	_	linguistic	_	ContainsVariation=No	_	_	_	_	_	_
864-16	BO002	864	16	prima	prima	_	_	_	_	_	linguistic	_	ContainsVariation=No	_	_	_	_	_	_
864-17	BO002	864	17	un	un	_	_	_	_	_	linguistic	_	ContainsVariation=No	_	_	_	_	_	_
864-18	BO002	864	18	conte:sto	contesto	_	_	_	_	_	linguistic	_	ContainsVariation=No	_	_	4x1	_	_	_
864-19	BO002	864	19	[un	un	_	_	_	_	_	linguistic	_	ContainsVariation=No	_	_	_	_	_	0-2(297)
864-20	BO002	864	20	qualc~]	qualc~	_	_	_	_	_	linguistic	_	ContainsVariation=No	Interrupted=Yes	End=1917.804	_	_	_	0-6(297)
865-0	BO003	865	0	[sì	sì	_	_	_	_	_	linguistic	_	ContainsVariation=No	_	Begin=1916.952	_	_	_	0-2(297)
865-1	BO003	865	1	sì	sì	_	_	_	_	_	linguistic	_	ContainsVariation=No	_	_	_	_	_	0-2(297)
865-2	BO003	865	2	no]	no	_	_	_	_	_	linguistic	_	ContainsVariation=No	_	_	_	_	_	0-2(297)
865-3	BO003	865	3	così	così	_	_	_	_	_	linguistic	_	ContainsVariation=No	_	_	_	_	_	_
865-4	BO003	865	4	no.	no	_	_	_	_	_	linguistic	_	ContainsVariation=No	Intonation=Falling|PauseAfter=Yes	_	_	_	_	_
865-5	BO003	865	5	(.)	(.)	_	_	_	_	_	shortpause	_	ContainsVariation=No	_	_	_	_	_	_
865-6	BO003	865	6	il	il	_	_	_	_	_	linguistic	_	ContainsVariation=No	_	_	_	_	_	_
865-7	BO003	865	7	c~	c~	_	_	_	_	_	linguistic	_	ContainsVariation=No	Interrupted=Yes	_	_	_	_	_
865-8	BO003	865	8	lo	lo	_	_	_	_	_	linguistic	_	ContainsVariation=No	_	_	_	_	_	_
865-9	BO003	865	9	odi	odi	_	_	_	_	_	linguistic	_	ContainsVariation=No	_	_	_	_	_	_
865-10	BO003	865	10	per	per	_	_	_	_	_	linguistic	_	ContainsVariation=No	_	_	_	_	_	_
865-11	BO003	865	11	forza	forza	_	_	_	_	_	linguistic	_	ContainsVariation=No	_	End=1919.539	_	_	_	_
866-0	BO002	866	0	eh,	eh	_	_	_	_	_	linguistic	_	ContainsVariation=No	Intonation=WeaklyRising|PauseAfter=Yes	Begin=1919.592	_	_	_	_
866-1	BO002	866	1	(.)	(.)	_	_	_	_	_	shortpause	_	ContainsVariation=No	_	_	_	_	_	_
866-2	BO002	866	2	e	e	_	_	_	_	_	linguistic	_	ContainsVariation=No	_	_	_	_	_	_
866-3	BO002	866	3	e	e	_	_	_	_	_	linguistic	_	ContainsVariation=No	_	_	_	_	_	_
866-4	BO002	866	4	infatti	infatti	_	_	_	_	_	linguistic	_	ContainsVariation=No	_	_	_	_	_	_
866-5	BO002	866	5	io	io	_	_	_	_	_	linguistic	_	ContainsVariation=No	_	_	_	_	_	_
866-6	BO002	866	6	sempre	sempre	_	_	_	_	_	linguistic	_	ContainsVariation=No	_	_	_	_	_	_
866-7	BO002	866	7	odiato	odiato	_	_	_	_	_	linguistic	_	ContainsVariation=No	_	End=1921.606	_	_	_	_
867-0	BO003	867	0	((ride))	((ride))	_	_	_	_	_	nonverbalbehavior	_	ContainsVariation=No	_	Begin=1921.606|End=1923.014	_	_	_	_
868-0	BO002	868	0	dante	dante	_	_	_	_	_	linguistic	_	ContainsVariation=No	_	Begin=1923.162	_	_	_	_
868-1	BO002	868	1	a	a	_	_	_	_	_	linguistic	_	ContainsVariation=No	_	_	_	_	_	_
868-2	BO002	868	2	me	me	_	_	_	_	_	linguistic	_	ContainsVariation=No	_	_	_	_	_	_
868-3	BO002	868	3	piace	piace	_	_	_	_	_	linguistic	_	ContainsVariation=No	_	_	_	_	_	_
868-4	BO002	868	4	l'	l'	_	_	_	_	_	linguistic	_	ContainsVariation=No	SpaceAfter=No	_	_	_	_	_
868-5	BO002	868	5	inferno	inferno	_	_	_	_	_	linguistic	_	ContainsVariation=No	_	_	_	_	_	_
868-6	BO002	868	6	e	e	_	_	_	_	_	linguistic	_	ContainsVariation=No	_	_	_	_	_	_
868-7	BO002	868	7	basta	basta	_	_	_	_	_	linguistic	_	ContainsVariation=No	_	End=1925.664	_	_	_	_
869-0	BO003	869	0	l'	l'	_	_	_	_	_	linguistic	_	ContainsVariation=No	SpaceAfter=No	Begin=1925.664	_	_	_	_
869-1	BO003	869	1	inferno	inferno	_	_	_	_	_	linguistic	_	ContainsVariation=No	PauseAfter=Yes	_	_	_	_	_
869-2	BO003	869	2	(.)	(.)	_	_	_	_	_	shortpause	_	ContainsVariation=No	_	_	_	_	_	_
869-3	BO003	869	3	[sì.	sì	_	_	_	_	_	linguistic	_	ContainsVariation=No	Intonation=Falling	_	_	_	_	0-2(298)
869-4	BO003	869	4	a	a	_	_	_	_	_	linguistic	_	ContainsVariation=No	_	_	_	_	_	0-1(298)
869-5	BO003	869	5	me	me	_	_	_	_	_	linguistic	_	ContainsVariation=No	_	_	_	_	_	0-2(298)
869-6	BO003	869	6	quello	quello	_	_	_	_	_	linguistic	_	ContainsVariation=No	_	_	_	_	_	0-6(298)
869-7	BO003	869	7	molto].	molto	_	_	_	_	_	linguistic	_	ContainsVariation=No	Intonation=Falling	End=1928.344	_	_	_	0-5(298)
870-0	BO002	870	0	[sì::	sì	_	_	_	_	_	linguistic	_	ContainsVariation=No	PauseAfter=Yes	Begin=1926.58	1x2	_	_	0-2(298)
870-1	BO002	870	1	(.)	(.)	_	_	_	_	_	shortpause	_	ContainsVariation=No	_	_	_	_	_	X(298)
870-2	BO002	870	2	le	le	_	_	_	_	_	linguistic	_	ContainsVariation=No	_	_	_	_	_	0-2(298)
870-3	BO002	870	3	anime]	anime	_	_	_	_	_	linguistic	_	ContainsVariation=No	_	_	_	_	_	0-5(298)
870-4	BO002	870	4	danna:[te]	dannate	_	_	_	_	_	linguistic	_	ContainsVariation=No	_	End=1929.686	4x1	_	_	5-7(299)
871-0	BO003	871	0	[sì]	sì	_	_	_	_	_	linguistic	_	ContainsVariation=No	_	Begin=1929.252	_	_	_	0-2(299)
871-1	BO003	871	1	sì	sì	_	_	_	_	_	linguistic	_	ContainsVariation=No	_	End=1930.116	_	_	_	_
872-0	BO003	872	0	>poi	poi	_	_	_	_	_	linguistic	_	ContainsVariation=No	_	Begin=1930.213	_	Fast=0-3(0)	_	_
872-1	BO003	872	1	a	a	_	_	_	_	_	linguistic	_	ContainsVariation=No	_	_	_	Fast=0-1(0)	_	_
872-2	BO003	872	2	me	me	_	_	_	_	_	linguistic	_	ContainsVariation=No	_	_	_	Fast=0-2(0)	_	_
872-3	BO003	872	3	tipo<	tipo	_	_	_	_	_	linguistic	_	ContainsVariation=No	_	_	_	Fast=0-4(0)	_	_
872-4	BO003	872	4	paolo	paolo	_	_	_	_	_	linguistic	_	ContainsVariation=No	_	_	_	_	_	_
872-5	BO003	872	5	e	e	_	_	_	_	_	linguistic	_	ContainsVariation=No	_	_	_	_	_	_
872-6	BO003	872	6	francesca	francesca	_	_	_	_	_	linguistic	_	ContainsVariation=No	_	_	_	_	_	_
872-7	BO003	872	7	è	è	_	_	_	_	_	linguistic	_	ContainsVariation=No	_	_	_	_	_	_
872-8	BO003	872	8	quello	quello	_	_	_	_	_	linguistic	_	ContainsVariation=No	_	_	_	_	_	_
872-9	BO003	872	9	che	che	_	_	_	_	_	linguistic	_	ContainsVariation=No	_	_	_	_	_	_
872-10	BO003	872	10	piace	piace	_	_	_	_	_	linguistic	_	ContainsVariation=No	_	_	_	_	_	_
872-11	BO003	872	11	meno	meno	_	_	_	_	_	linguistic	_	ContainsVariation=No	_	End=1932.721	_	_	_	_
873-0	BO003	873	0	perché	perché	_	_	_	_	_	linguistic	_	ContainsVariation=No	_	Begin=1933.115	_	_	_	_
873-1	BO003	873	1	a	a	_	_	_	_	_	linguistic	_	ContainsVariation=No	_	_	_	_	_	_
873-2	BO003	873	2	me	me	_	_	_	_	_	linguistic	_	ContainsVariation=No	_	_	_	_	_	_
873-3	BO003	873	3	piacciono	piacciono	_	_	_	_	_	linguistic	_	ContainsVariation=No	_	_	_	_	_	_
873-4	BO003	873	4	quelli	quelli	_	_	_	_	_	linguistic	_	ContainsVariation=No	_	_	_	_	_	_
873-5	BO003	873	5	un	un	_	_	_	_	_	linguistic	_	ContainsVariation=No	_	_	_	_	_	_
873-6	BO003	873	6	po'	po'	_	_	_	_	_	linguistic	_	ContainsVariation=No	_	_	_	_	_	_
873-7	BO003	873	7	cattivi	cattivi	_	_	_	_	_	linguistic	_	ContainsVariation=No	_	End=1934.627	_	_	_	_
874-0	BO002	874	0	esa:t[to]	esatto	_	_	_	_	_	linguistic	_	ContainsVariation=No	_	Begin=1934.708|End=1935.799	2x1	_	_	4-6(300)
875-0	BO003	875	0	[cioè]	cioè	_	_	_	_	_	linguistic	_	ContainsVariation=No	_	Begin=1935.457	_	_	_	0-4(300)
875-1	BO003	875	1	che	che	_	_	_	_	_	linguistic	_	ContainsVariation=No	_	_	_	_	_	_
875-2	BO003	875	2	se	se	_	_	_	_	_	linguistic	_	ContainsVariation=No	_	_	_	_	_	_
875-3	BO003	875	3	lo	lo	_	_	_	_	_	linguistic	_	ContainsVariation=No	_	_	_	_	_	_
875-4	BO003	875	4	[meritano	meritano	_	_	_	_	_	linguistic	_	ContainsVariation=No	_	_	_	_	_	0-8(301)
875-5	BO003	875	5	di	di	_	_	_	_	_	linguistic	_	ContainsVariation=No	_	_	_	_	_	0-2(301)
875-6	BO003	875	6	essere	essere	_	_	_	_	_	linguistic	_	ContainsVariation=No	_	_	_	_	_	0-6(301)
875-7	BO003	875	7	all'	all'	_	_	_	_	_	linguistic	_	ContainsVariation=No	SpaceAfter=No	_	_	_	_	0-4(301)
875-8	BO003	875	8	inferno]	inferno	_	_	_	_	_	linguistic	_	ContainsVariation=No	_	End=1938.161	_	_	_	0-7(301)
876-0	BO002	876	0	[noi	noi	_	_	_	_	_	linguistic	_	ContainsVariation=No	_	Begin=1936.527	_	_	_	0-3(301)
876-1	BO002	876	1	siamo	siamo	_	_	_	_	_	linguistic	_	ContainsVariation=No	PauseAfter=Yes	_	_	_	_	0-5(301)
876-2	BO002	876	2	(.)	(.)	_	_	_	_	_	shortpause	_	ContainsVariation=No	_	_	_	_	_	X(301)
876-3	BO002	876	3	l'	l'	_	_	_	_	_	linguistic	_	ContainsVariation=No	SpaceAfter=No	_	_	_	_	0-2(301)
876-4	BO002	876	4	anti	anti	_	_	_	_	_	linguistic	_	ContainsVariation=No	_	_	_	_	_	0-4(301)
876-5	BO002	876	5	roman]ticismo	romanticismo	_	_	_	_	_	linguistic	_	ContainsVariation=No	_	_	_	_	_	0-5(301)
876-6	BO002	876	6	[fatto	fatto	_	_	_	_	_	linguistic	_	ContainsVariation=No	_	_	_	_	_	0-5(302)
876-7	BO002	876	7	perso]na	persona	_	_	_	_	_	linguistic	_	ContainsVariation=No	_	End=1940.846	_	_	_	0-5(302)
877-0	BO003	877	0	[sì.	sì	_	_	_	_	_	linguistic	_	ContainsVariation=No	Intonation=Falling	Begin=1938.714	_	_	_	0-2(302)
877-1	BO003	877	1	noi,	noi	_	_	_	_	_	linguistic	_	ContainsVariation=No	Intonation=WeaklyRising	_	_	_	_	0-3(302)
877-2	BO003	877	2	sì	sì	_	_	_	_	_	linguistic	_	ContainsVariation=No	_	_	_	_	_	0-2(302)
877-3	BO003	877	3	sì].	sì	_	_	_	_	_	linguistic	_	ContainsVariation=No	Intonation=Falling	End=1940.383	_	_	_	0-2(302)
878-0	BO003	878	0	a	a	_	_	_	_	_	linguistic	_	ContainsVariation=No	_	Begin=1941.379	_	_	_	_
878-1	BO003	878	1	me	me	_	_	_	_	_	linguistic	_	ContainsVariation=No	_	_	_	_	_	_
878-2	BO003	878	2	piaceva	piaceva	_	_	_	_	_	linguistic	_	ContainsVariation=No	_	_	_	_	_	_
878-3	BO003	878	3	ugoli:no	ugolino	_	_	_	_	_	linguistic	_	ContainsVariation=No	_	End=1942.928	4x1	_	_	_
879-0	BO002	879	0	<il	il	_	_	_	_	_	linguistic	_	ContainsVariation=No	_	Begin=1943.279	_	Slow=0-2(0)	_	_
879-1	BO002	879	1	conte	conte	_	_	_	_	_	linguistic	_	ContainsVariation=No	_	_	_	Slow=0-5(0)	_	_
879-2	BO002	879	2	ugoli:[no>]	ugolino	_	_	_	_	_	linguistic	_	ContainsVariation=No	_	End=1945.335	4x1	Slow=0-7(0)	_	5-7(303)
880-0	BO003	880	0	[quel]lo	quello	_	_	_	_	_	linguistic	_	ContainsVariation=No	_	Begin=1945.002	_	_	_	0-4(303)
880-1	BO003	880	1	sì:,	sì	_	_	_	_	_	linguistic	_	ContainsVariation=No	Intonation=WeaklyRising|PauseAfter=Yes	_	1x1	_	_	_
880-2	BO003	880	2	(.)	(.)	_	_	_	_	_	shortpause	_	ContainsVariation=No	_	_	_	_	_	_
880-3	BO003	880	3	[cioè	cioè	_	_	_	_	_	linguistic	_	ContainsVariation=No	_	_	_	_	_	0-4(304)
880-4	BO003	880	4	proprio	proprio	_	_	_	_	_	linguistic	_	ContainsVariation=No	_	_	_	_	_	0-7(304)
880-5	BO003	880	5	quelli	quelli	_	_	_	_	_	linguistic	_	ContainsVariation=No	_	_	_	_	_	0-6(304)
880-6	BO003	880	6	catti:vi	cattivi	_	_	_	_	_	linguistic	_	ContainsVariation=No	_	_	4x1	_	_	0-7(304)
880-7	BO003	880	7	paolo	paolo	_	_	_	_	_	linguistic	_	ContainsVariation=No	_	_	_	_	_	0-5(304)
880-8	BO003	880	8	e	e	_	_	_	_	_	linguistic	_	ContainsVariation=No	_	_	_	_	_	0-1(304)
880-9	BO003	880	9	france]sca	francesca	_	_	_	_	_	linguistic	_	ContainsVariation=No	_	_	_	_	_	0-6(304)
880-10	BO003	880	10	du	du	_	_	_	_	_	linguistic	_	ContainsVariation=No	_	_	_	_	_	_
880-11	BO003	880	11	balle	balle	_	_	_	_	_	linguistic	_	ContainsVariation=No	_	End=1949.487	_	_	_	_
881-0	BO002	881	0	[<è	è	_	_	_	_	_	linguistic	_	ContainsVariation=No	_	Begin=1945.864	_	Slow=0-1(0)	_	0-1(304)
881-1	BO002	881	1	meraviglio::so>]	meraviglioso	_	_	_	_	_	linguistic	_	ContainsVariation=No	_	End=1948.253	9x2	Slow=0-12(0)	_	0-12(304)
882-0	BO002	882	0	mare:mma	maremma	_	_	_	_	_	linguistic	_	ContainsVariation=No	_	Begin=1949.523|End=1950.65	3x1	_	_	_
883-0	BO003	883	0	poi	poi	_	_	_	_	_	linguistic	_	ContainsVariation=No	_	Begin=1950.8	_	_	_	_
883-1	BO003	883	1	son	son	_	_	_	_	_	linguistic	_	ContainsVariation=No	_	_	_	_	_	_
883-2	BO003	883	2	belli	belli	_	_	_	_	_	linguistic	_	ContainsVariation=No	_	_	_	_	_	_
883-3	BO003	883	3	i	i	_	_	_	_	_	linguistic	_	ContainsVariation=No	_	_	_	_	_	_
883-4	BO003	883	4	gironi	gironi	_	_	_	_	_	linguistic	_	ContainsVariation=No	_	_	_	_	_	_
883-5	BO003	883	5	quelli	quelli	_	_	_	_	_	linguistic	_	ContainsVariation=No	_	_	_	_	_	_
883-6	BO003	883	6	pesanti.	pesanti	_	_	_	_	_	linguistic	_	ContainsVariation=No	Intonation=Falling	_	_	_	_	_
883-7	BO003	883	7	(non	non	_	_	_	_	_	linguistic	_	ContainsVariation=No	_	_	_	_	0-3(0)	_
883-8	BO003	883	8	lì)	lì	_	_	_	_	_	linguistic	_	ContainsVariation=No	_	_	_	_	0-2(0)	_
883-9	BO003	883	9	che	che	_	_	_	_	_	linguistic	_	ContainsVariation=No	_	_	_	_	_	_
883-10	BO003	883	10	vo:lano::	volano	_	_	_	_	_	linguistic	_	ContainsVariation=No	_	End=1954.186	1x1,5x2	_	_	_
884-0	BO002	884	0	sì:	sì	_	_	_	_	_	linguistic	_	ContainsVariation=No	_	Begin=1954.346|End=1955.41	1x1	_	_	_
885-0	BO002	885	0	bel~	bel~	_	_	_	_	_	linguistic	_	ContainsVariation=No	Interrupted=Yes	Begin=1956.271|End=1956.614	_	_	_	_
886-0	BO003	886	0	bellissimo.	bellissimo	_	_	_	_	_	linguistic	_	ContainsVariation=No	Intonation=Falling	Begin=1956.614|End=1957.978	_	_	_	_
887-0	BO002	887	0	[e::h]:	eh	_	_	_	_	_	linguistic	_	ContainsVariation=No	_	Begin=1961.397|End=1961.996	0x2,1x1	_	_	0-2(305)
888-0	BO003	888	0	[e]::h	eh	_	_	_	_	_	linguistic	_	ContainsVariation=No	_	Begin=1961.716	0x2	_	_	0-1(305)
888-1	BO003	888	1	già.	già	_	_	_	_	_	linguistic	_	ContainsVariation=No	Intonation=Falling	End=1962.968	_	_	_	_
889-0	BO003	889	0	sì	sì	_	_	_	_	_	linguistic	_	ContainsVariation=No	_	Begin=1964.527|End=1964.731	_	_	_	_
890-0	BO002	890	0	che	che	_	_	_	_	_	linguistic	_	ContainsVariation=No	_	Begin=1964.949	_	_	_	_
890-1	BO002	890	1	poi	poi	_	_	_	_	_	linguistic	_	ContainsVariation=No	_	_	_	_	_	_
890-2	BO002	890	2	ora	ora	_	_	_	_	_	linguistic	_	ContainsVariation=No	_	_	_	_	_	_
890-3	BO002	890	3	anche	anche	_	_	_	_	_	linguistic	_	ContainsVariation=No	_	_	_	_	_	_
890-4	BO002	890	4	lorenzo	lorenzo	_	_	_	_	_	linguistic	_	ContainsVariation=No	PauseAfter=Yes	_	_	_	_	_
890-5	BO002	890	5	(.)	(.)	_	_	_	_	_	shortpause	_	ContainsVariation=No	_	_	_	_	_	_
890-6	BO002	890	6	ora	ora	_	_	_	_	_	linguistic	_	ContainsVariation=No	_	_	_	_	_	_
890-7	BO002	890	7	lo	lo	_	_	_	_	_	linguistic	_	ContainsVariation=No	_	_	_	_	_	_
890-8	BO002	890	8	vedo	vedo	_	_	_	_	_	linguistic	_	ContainsVariation=No	_	_	_	_	_	_
890-9	BO002	890	9	nel	nel	_	_	_	_	_	linguistic	_	ContainsVariation=No	_	_	_	_	_	_
890-10	BO002	890	10	tre:no.	treno	_	_	_	_	_	linguistic	_	ContainsVariation=No	Intonation=Falling	_	2x1	_	_	_
890-11	BO002	890	11	al	al	_	_	_	_	_	linguistic	_	ContainsVariation=No	_	_	_	_	_	_
890-12	BO002	890	12	rito:rno	ritorno	_	_	_	_	_	linguistic	_	ContainsVariation=No	_	End=1969.714	3x1	_	_	_
891-0	BO003	891	0	sì.	sì	_	_	_	_	_	linguistic	_	ContainsVariation=No	Intonation=Falling	Begin=1969.708	_	_	_	_
891-1	BO003	891	1	per	per	_	_	_	_	_	linguistic	_	ContainsVariation=No	_	_	_	_	_	_
891-2	BO003	891	2	forza	forza	_	_	_	_	_	linguistic	_	ContainsVariation=No	_	_	_	_	_	_
891-3	BO003	891	3	perché	perché	_	_	_	_	_	linguistic	_	ContainsVariation=No	_	_	_	_	_	_
891-4	BO003	891	4	è	è	_	_	_	_	_	linguistic	_	ContainsVariation=No	_	_	_	_	_	_
891-5	BO003	891	5	e:	e	_	_	_	_	_	linguistic	_	ContainsVariation=No	_	_	0x1	_	_	_
891-6	BO003	891	6	è	è	_	_	_	_	_	linguistic	_	ContainsVariation=No	_	_	_	_	_	_
891-7	BO003	891	7	a	a	_	_	_	_	_	linguistic	_	ContainsVariation=No	_	_	_	_	_	_
891-8	BO003	891	8	spagnolo	spagnolo	_	_	_	_	_	linguistic	_	ContainsVariation=No	_	_	_	_	_	_
891-9	BO003	891	9	[con	con	_	_	_	_	_	linguistic	_	ContainsVariation=No	_	_	_	_	_	0-3(307)
891-10	BO003	891	10	te]	te	_	_	_	_	_	linguistic	_	ContainsVariation=No	_	End=1973.231	_	_	_	0-2(307)
892-0	BO002	892	0	[eh	eh	_	_	_	_	_	linguistic	_	ContainsVariation=No	_	Begin=1972.782	_	_	_	0-2(307)
892-1	BO002	892	1	sì]	sì	_	_	_	_	_	linguistic	_	ContainsVariation=No	_	End=1973.25	_	_	_	0-2(307)
893-0	BO002	893	0	ti	ti	_	_	_	_	_	linguistic	_	ContainsVariation=No	_	Begin=1974.112	_	_	_	_
893-1	BO002	893	1	pare	pare	_	_	_	_	_	linguistic	_	ContainsVariation=No	_	_	_	_	_	_
893-2	BO002	893	2	vada	vada	_	_	_	_	_	linguistic	_	ContainsVariation=No	_	_	_	_	_	_
893-3	BO002	893	3	vi	vi	_	_	_	_	_	linguistic	_	ContainsVariation=No	_	_	_	_	_	_
893-4	BO002	893	4	pri[ma].	prima	_	_	_	_	_	linguistic	_	ContainsVariation=No	Intonation=Falling|PauseAfter=Yes	_	_	_	_	_
893-5	BO002	893	5	(.)	(.)	_	_	_	_	_	shortpause	_	ContainsVariation=No	_	_	_	_	_	_
893-6	BO002	893	6	eh].	eh	_	_	_	_	_	linguistic	_	ContainsVariation=No	Intonation=Falling	End=1976.168	_	_	_	_
894-0	BO003	894	0	[eh	eh	_	_	_	_	_	linguistic	_	ContainsVariation=No	_	Begin=1975.291	_	_	_	0-2(308)
894-1	BO003	894	1	sì.	sì	_	_	_	_	_	linguistic	_	ContainsVariation=No	Intonation=Falling	_	_	_	_	0-2(308)
894-2	BO003	894	2	figurati].	figurati	_	_	_	_	_	linguistic	_	ContainsVariation=No	Intonation=Falling|PauseAfter=Yes	_	_	_	_	0-8(308)
894-3	BO003	894	3	(.)	(.)	_	_	_	_	_	shortpause	_	ContainsVariation=No	_	_	_	_	_	_
894-4	BO003	894	4	deve:	deve	_	_	_	_	_	linguistic	_	ContainsVariation=No	_	_	3x1	_	_	_
894-5	BO003	894	5	infama~	infama~	_	_	_	_	_	linguistic	_	ContainsVariation=No	Interrupted=Yes	_	_	_	_	_
894-6	BO003	894	6	deve	deve	_	_	_	_	_	linguistic	_	ContainsVariation=No	_	_	_	_	_	_
894-7	BO003	894	7	li::	li	_	_	_	_	_	linguistic	_	ContainsVariation=No	ProsodicLink=Yes	_	1x2	_	_	_
894-8	BO003	894	8	nguazzare	nguazzare	_	_	_	_	_	linguistic	_	ContainsVariation=No	_	_	_	_	_	_
894-9	BO003	894	9	la	la	_	_	_	_	_	linguistic	_	ContainsVariation=No	_	_	_	_	_	_
894-10	BO003	894	10	prof.	prof	_	_	_	_	_	linguistic	_	ContainsVariation=No	Intonation=Falling	End=1979.49	_	_	_	_
895-0	BO002	895	0	comunque	comunque	_	_	_	_	_	linguistic	_	ContainsVariation=No	PauseAfter=Yes	Begin=1982.048	_	_	_	_
895-1	BO002	895	1	(.)	(.)	_	_	_	_	_	shortpause	_	ContainsVariation=No	_	_	_	_	_	_
895-2	BO002	895	2	speriamo	speriamo	_	_	_	_	_	linguistic	_	ContainsVariation=No	_	_	_	_	_	_
895-3	BO002	895	3	l'	l'	_	_	_	_	_	linguistic	_	ContainsVariation=No	SpaceAfter=No	_	_	_	_	_
895-4	BO002	895	4	abbia	abbia	_	_	_	_	_	linguistic	_	ContainsVariation=No	_	_	_	_	_	_
895-5	BO002	895	5	capi:ta	capita	_	_	_	_	_	linguistic	_	ContainsVariation=No	_	_	3x1	_	_	_
895-6	BO002	895	6	la	la	_	_	_	_	_	linguistic	_	ContainsVariation=No	_	_	_	_	_	_
895-7	BO002	895	7	lezione	lezione	_	_	_	_	_	linguistic	_	ContainsVariation=No	_	End=1985.747	_	_	_	_
896-0	BO003	896	0	non	non	_	_	_	_	_	linguistic	_	ContainsVariation=No	_	Begin=1985.747	_	_	_	_
896-1	BO003	896	1	sederti	sederti	_	_	_	_	_	linguistic	_	ContainsVariation=No	_	_	_	_	_	_
896-2	BO003	896	2	vicino	vicino	_	_	_	_	_	linguistic	_	ContainsVariation=No	_	_	_	_	_	_
896-3	BO003	896	3	a	a	_	_	_	_	_	linguistic	_	ContainsVariation=No	_	_	_	_	_	_
896-4	BO003	896	4	lu:i	lui	_	_	_	_	_	linguistic	_	ContainsVariation=No	_	End=1987.858	1x1	_	_	_
897-0	BO002	897	0	ma	ma	_	_	_	_	_	linguistic	_	ContainsVariation=No	_	Begin=1988.288	_	_	_	_
897-1	BO002	897	1	come	come	_	_	_	_	_	linguistic	_	ContainsVariation=No	_	_	_	_	_	_
897-2	BO002	897	2	fa:ccio?	faccio	_	_	_	_	_	linguistic	_	ContainsVariation=No	Intonation=Rising	_	1x1	_	_	_
897-3	BO002	897	3	entriamo	entriamo	_	_	_	_	_	linguistic	_	ContainsVariation=No	_	_	_	_	_	_
897-4	BO002	897	4	insie:me	insieme	_	_	_	_	_	linguistic	_	ContainsVariation=No	_	End=1990.973	4x1	_	_	_
898-0	BO003	898	0	sì	sì	_	_	_	_	_	linguistic	_	ContainsVariation=No	_	Begin=1992.561	_	_	_	_
898-1	BO003	898	1	allora	allora	_	_	_	_	_	linguistic	_	ContainsVariation=No	_	_	_	_	_	_
898-2	BO003	898	2	per	per	_	_	_	_	_	linguistic	_	ContainsVariation=No	_	_	_	_	_	_
898-3	BO003	898	3	forza	forza	_	_	_	_	_	linguistic	_	ContainsVariation=No	_	End=1994.237	_	_	_	_
899-0	BO002	899	0	mi	mi	_	_	_	_	_	linguistic	_	ContainsVariation=No	_	Begin=1995.125	_	_	_	_
899-1	BO002	899	1	toc[ca]	tocca	_	_	_	_	_	linguistic	_	ContainsVariation=No	_	End=1996.059	_	_	_	3-5(309)
900-0	BO003	900	0	[eh]	eh	_	_	_	_	_	linguistic	_	ContainsVariation=No	_	Begin=1995.821	_	_	_	0-2(309)
900-1	BO003	900	1	sì.	sì	_	_	_	_	_	linguistic	_	ContainsVariation=No	Intonation=Falling	End=1996.615	_	_	_	_
901-0	BO003	901	0	>cioè	cioè	_	_	_	_	_	linguistic	_	ContainsVariation=No	_	Begin=1997.014	_	Fast=0-4(0)	_	_
901-1	BO003	901	1	oddio<	oddio	_	_	_	_	_	linguistic	_	ContainsVariation=No	_	_	_	Fast=0-5(0)	_	_
901-2	BO003	901	2	non	non	_	_	_	_	_	linguistic	_	ContainsVariation=No	_	_	_	_	_	_
901-3	BO003	901	3	lo	lo	_	_	_	_	_	linguistic	_	ContainsVariation=No	_	_	_	_	_	_
901-4	BO003	901	4	so.	so	_	_	_	_	_	linguistic	_	ContainsVariation=No	Intonation=Falling	_	_	_	_	_
901-5	BO003	901	5	magari	magari	_	_	_	_	_	linguistic	_	ContainsVariation=No	_	_	_	_	_	_
901-6	BO003	901	6	no.	no	_	_	_	_	_	linguistic	_	ContainsVariation=No	Intonation=Falling|PauseAfter=Yes	_	_	_	_	_
901-7	BO003	901	7	(.)	(.)	_	_	_	_	_	shortpause	_	ContainsVariation=No	_	_	_	_	_	_
901-8	BO003	901	8	magari	magari	_	_	_	_	_	linguistic	_	ContainsVariation=No	_	_	_	_	_	_
901-9	BO003	901	9	c'	c'	_	_	_	_	_	linguistic	_	ContainsVariation=No	SpaceAfter=No	_	_	_	_	_
901-10	BO003	901	10	è	è	_	_	_	_	_	linguistic	_	ContainsVariation=No	_	_	_	_	_	_
901-11	BO003	901	11	(un'	un'	_	_	_	_	_	linguistic	_	ContainsVariation=No	SpaceAfter=No	_	_	_	0-3(0)	_
901-12	BO003	901	12	a~)	a~	_	_	_	_	_	linguistic	_	ContainsVariation=No	Interrupted=Yes	_	_	_	0-1(0)	_
901-13	BO003	901	13	con	con	_	_	_	_	_	linguistic	_	ContainsVariation=No	_	_	_	_	_	_
901-14	BO003	901	14	un:	un	_	_	_	_	_	linguistic	_	ContainsVariation=No	_	_	1x1	_	_	_
901-15	BO003	901	15	posto	posto	_	_	_	_	_	linguistic	_	ContainsVariation=No	_	_	_	_	_	_
901-16	BO003	901	16	vuoto,	vuoto	_	_	_	_	_	linguistic	_	ContainsVariation=No	Intonation=WeaklyRising	_	_	_	_	_
901-17	BO003	901	17	ti	ti	_	_	_	_	_	linguistic	_	ContainsVariation=No	_	_	_	_	_	_
901-18	BO003	901	18	siedi	siedi	_	_	_	_	_	linguistic	_	ContainsVariation=No	_	_	_	_	_	_
901-19	BO003	901	19	lì.	lì	_	_	_	_	_	linguistic	_	ContainsVariation=No	Intonation=Falling	End=2001.691	_	_	_	_
902-0	BO003	902	0	(star)	star	_	_	_	_	_	linguistic	_	ContainsVariation=No	_	Begin=2005.498	_	_	0-4(0)	_
902-1	BO003	902	1	sempre	sempre	_	_	_	_	_	linguistic	_	ContainsVariation=No	_	_	_	_	_	_
902-2	BO003	902	2	con	con	_	_	_	_	_	linguistic	_	ContainsVariation=No	_	_	_	_	_	_
902-3	BO003	902	3	lui	lui	_	_	_	_	_	linguistic	_	ContainsVariation=No	_	_	_	_	_	_
902-4	BO003	902	4	((ride))	((ride))	_	_	_	_	_	nonverbalbehavior	_	ContainsVariation=No	_	End=2006.75	_	_	_	_
903-0	BO002	903	0	mamma	mamma	_	_	_	_	_	linguistic	_	ContainsVariation=No	_	Begin=2007.391	_	_	_	_
903-1	BO002	903	1	mia	mia	_	_	_	_	_	linguistic	_	ContainsVariation=No	_	End=2008.622	_	_	_	_
904-0	BO002	904	0	incubo	incubo	_	_	_	_	_	linguistic	_	ContainsVariation=No	_	Begin=2009.536	_	_	_	_
904-1	BO002	904	1	xxx	xxx	_	_	_	_	_	unknown	_	ContainsVariation=No	Syllables=3	End=2010.942	_	_	_	_
905-0	BO003	905	0	sì.	sì	_	_	_	_	_	linguistic	_	ContainsVariation=No	Intonation=Falling	Begin=2012.796	_	_	_	_
905-1	BO003	905	1	questa	questa	_	_	_	_	_	linguistic	_	ContainsVariation=No	_	_	_	_	_	_
905-2	BO003	905	2	registrazione	registrazione	_	_	_	_	_	linguistic	_	ContainsVariation=No	_	_	_	_	_	_
905-3	BO003	905	3	non	non	_	_	_	_	_	linguistic	_	ContainsVariation=No	_	_	_	_	_	_
905-4	BO003	905	4	deve	deve	_	_	_	_	_	linguistic	_	ContainsVariation=No	PauseAfter=Yes	_	_	_	_	_
905-5	BO003	905	5	(.)	(.)	_	_	_	_	_	shortpause	_	ContainsVariation=No	_	_	_	_	_	_
905-6	BO003	905	6	<assolutamente>	assolutamente	_	_	_	_	_	linguistic	_	ContainsVariation=No	_	_	_	Slow=0-13(0)	_	_
905-7	BO003	905	7	essere	essere	_	_	_	_	_	linguistic	_	ContainsVariation=No	_	_	_	_	_	_
905-8	BO003	905	8	sentita	sentita	_	_	_	_	_	linguistic	_	ContainsVariation=No	_	_	_	_	_	_
905-9	BO003	905	9	perché	perché	_	_	_	_	_	linguistic	_	ContainsVariation=No	_	_	_	_	_	_
905-10	BO003	905	10	infamiamo	infamiamo	_	_	_	_	_	linguistic	_	ContainsVariation=No	_	_	_	_	_	_
905-11	BO003	905	11	tutti.	tutti	_	_	_	_	_	linguistic	_	ContainsVariation=No	Intonation=Falling	End=2018.008	_	_	_	_
906-0	BO002	906	0	((ride))	((ride))	_	_	_	_	_	nonverbalbehavior	_	ContainsVariation=No	_	Begin=2016.887|End=2020.346	_	_	_	_
907-0	BO002	907	0	abbiamo	abbiamo	_	_	_	_	_	linguistic	_	ContainsVariation=No	_	Begin=2020.387	_	_	_	_
907-1	BO002	907	1	infamato	infamato	_	_	_	_	_	linguistic	_	ContainsVariation=No	PauseAfter=Yes	_	_	_	_	_
907-2	BO002	907	2	(.)	(.)	_	_	_	_	_	shortpause	_	ContainsVariation=No	_	_	_	_	_	_
907-3	BO002	907	3	mezza	mezza	_	_	_	_	_	linguistic	_	ContainsVariation=No	_	_	_	_	_	_
907-4	BO002	907	4	@nomepaese	@nomepaese	_	_	_	_	_	anonymized	_	ContainsVariation=No	Anonymized=Yes	_	_	_	_	_
907-5	BO002	907	5	e	e	_	_	_	_	_	linguistic	_	ContainsVariation=No	_	_	_	_	_	_
907-6	BO002	907	6	mez[za	mezza	_	_	_	_	_	linguistic	_	ContainsVariation=No	_	_	_	_	_	_
907-7	BO002	907	7	bo]logna]	bologna	_	_	_	_	_	linguistic	_	ContainsVariation=No	_	_	_	_	_	_
907-8	BO002	907	8	((ride))	((ride))	_	_	_	_	_	nonverbalbehavior	_	ContainsVariation=No	_	End=2024.821	_	_	_	_
908-0	BO003	908	0	[sì]	sì	_	_	_	_	_	linguistic	_	ContainsVariation=No	_	Begin=2023.136	_	_	_	0-2(311)
908-1	BO003	908	1	((ride))	((ride))	_	_	_	_	_	nonverbalbehavior	_	ContainsVariation=No	_	End=2023.645	_	_	_	_
909-0	BO003	909	0	co[munque]	comunque	_	_	_	_	_	linguistic	_	ContainsVariation=No	_	Begin=2026.472|End=2027.129	_	_	_	2-8(312)
910-0	BO002	910	0	[e	e	_	_	_	_	_	linguistic	_	ContainsVariation=No	_	Begin=2026.571	_	_	_	0-1(312)
910-1	BO002	910	1	anche	anche	_	_	_	_	_	linguistic	_	ContainsVariation=No	_	_	_	_	_	0-5(312)
910-2	BO002	910	2	un]	un	_	_	_	_	_	linguistic	_	ContainsVariation=No	_	_	_	_	_	0-2(312)
910-3	BO002	910	3	po'	po'	_	_	_	_	_	linguistic	_	ContainsVariation=No	_	_	_	_	_	_
910-4	BO002	910	4	di	di	_	_	_	_	_	linguistic	_	ContainsVariation=No	_	_	_	_	_	_
910-5	BO002	910	5	fire:nze	firenze	_	_	_	_	_	linguistic	_	ContainsVariation=No	_	End=2028.302	3x1	_	_	_
911-0	BO003	911	0	sì:	sì	_	_	_	_	_	linguistic	_	ContainsVariation=No	_	Begin=2028.338|End=2029.186	1x1	_	_	_
912-0	BO003	912	0	che	che	_	_	_	_	_	linguistic	_	ContainsVariation=No	_	Begin=2029.334	_	_	_	_
912-1	BO003	912	1	poi	poi	_	_	_	_	_	linguistic	_	ContainsVariation=No	_	_	_	_	_	_
912-2	BO003	912	2	sì.	sì	_	_	_	_	_	linguistic	_	ContainsVariation=No	Intonation=Falling	_	_	_	_	_
912-3	BO003	912	3	i	i	_	_	_	_	_	linguistic	_	ContainsVariation=No	_	_	_	_	_	_
912-4	BO003	912	4	fiorenti[ni	fiorentini	_	_	_	_	_	linguistic	_	ContainsVariation=No	_	_	_	_	_	8-10(313)
912-5	BO003	912	5	devono	devono	_	_	_	_	_	linguistic	_	ContainsVariation=No	_	_	_	_	_	0-6(313)
912-6	BO003	912	6	essere	essere	_	_	_	_	_	linguistic	_	ContainsVariation=No	_	_	_	_	_	0-6(313)
912-7	BO003	912	7	(un	un	_	_	_	_	_	linguistic	_	ContainsVariation=No	_	_	_	_	0-2(0)	0-2(313)
912-8	BO003	912	8	po')]	po'	_	_	_	_	_	linguistic	_	ContainsVariation=No	_	End=2031.486	_	_	0-3(0)	0-3(313)
913-0	BO002	913	0	[e	e	_	_	_	_	_	linguistic	_	ContainsVariation=No	_	Begin=2030.279	_	_	_	0-1(313)
913-1	BO002	913	1	mezza	mezza	_	_	_	_	_	linguistic	_	ContainsVariation=No	_	_	_	_	_	0-5(313)
913-2	BO002	913	2	germa]nia	germania	_	_	_	_	_	linguistic	_	ContainsVariation=No	_	End=2031.751	_	_	_	0-5(313)
914-0	BO003	914	0	((ride))	((ride))	_	_	_	_	_	nonverbalbehavior	_	ContainsVariation=No	_	Begin=2031.536|End=2033.089	_	_	_	_
915-0	BO002	915	0	((ride))	((ride))	_	_	_	_	_	nonverbalbehavior	_	ContainsVariation=No	_	Begin=2031.85|End=2033.09	_	_	_	_
916-0	BO003	916	0	xxx	xxx	_	_	_	_	_	unknown	_	ContainsVariation=No	Syllables=3	Begin=2033.162	_	_	_	_
916-1	BO003	916	1	dice	dice	_	_	_	_	_	linguistic	_	ContainsVariation=No	_	_	_	_	_	_
916-2	BO003	916	2	mado:nna,	madonna	_	_	_	_	_	linguistic	_	ContainsVariation=No	Intonation=WeaklyRising	End=2034.677	3x1	_	_	_
917-0	BO003	917	0	per	per	_	_	_	_	_	linguistic	_	ContainsVariation=No	_	Begin=2035.682	_	_	_	_
917-1	BO003	917	1	la	la	_	_	_	_	_	linguistic	_	ContainsVariation=No	_	_	_	_	_	_
917-2	BO003	917	2	spagna	spagna	_	_	_	_	_	linguistic	_	ContainsVariation=No	_	_	_	_	_	_
917-3	BO003	917	3	proprio:	proprio	_	_	_	_	_	linguistic	_	ContainsVariation=No	_	End=2037.596	6x1	_	_	_
918-0	BO003	918	0	pelo	pelo	_	_	_	_	_	linguistic	_	ContainsVariation=No	_	Begin=2037.993	_	_	_	_
918-1	BO003	918	1	e	e	_	_	_	_	_	linguistic	_	ContainsVariation=No	_	_	_	_	_	_
918-2	BO003	918	2	contrope:lo	contropelo	_	_	_	_	_	linguistic	_	ContainsVariation=No	_	End=2039.208	7x1	_	_	_
919-0	BO002	919	0	sì.	sì	_	_	_	_	_	linguistic	_	ContainsVariation=No	Intonation=Falling	Begin=2039.263	_	_	_	_
919-1	BO002	919	1	sì	sì	_	_	_	_	_	linguistic	_	ContainsVariation=No	_	_	_	_	_	_
919-2	BO002	919	2	i	i	_	_	_	_	_	linguistic	_	ContainsVariation=No	_	_	_	_	_	_
919-3	BO002	919	3	fiorentini	fiorentini	_	_	_	_	_	linguistic	_	ContainsVariation=No	_	_	_	_	_	_
919-4	BO002	919	4	[sono	sono	_	_	_	_	_	linguistic	_	ContainsVariation=No	_	_	_	_	_	0-4(316)
919-5	BO002	919	5	un	un	_	_	_	_	_	linguistic	_	ContainsVariation=No	_	_	_	_	_	0-2(316)
919-6	BO002	919	6	po':::]	po'	_	_	_	_	_	linguistic	_	ContainsVariation=No	_	End=2042.024	1x3	_	_	0-3(316)
920-0	BO003	920	0	[sono:]	sono	_	_	_	_	_	linguistic	_	ContainsVariation=No	PauseAfter=Yes	Begin=2041.24	3x1	_	_	0-4(316)
920-1	BO003	920	1	(.)	(.)	_	_	_	_	_	shortpause	_	ContainsVariation=No	_	_	_	_	_	_
920-2	BO003	920	2	fighetti	fighetti	_	_	_	_	_	linguistic	_	ContainsVariation=No	_	End=2042.811	_	_	_	_
921-0	BO002	921	0	sì,	sì	_	_	_	_	_	linguistic	_	ContainsVariation=No	Intonation=WeaklyRising	Begin=2043.007	_	_	_	_
921-1	BO002	921	1	sì.	sì	_	_	_	_	_	linguistic	_	ContainsVariation=No	Intonation=Falling	_	_	_	_	_
921-2	BO002	921	2	te	te	_	_	_	_	_	linguistic	_	ContainsVariation=No	_	_	_	_	_	_
921-3	BO002	921	3	l'	l'	_	_	_	_	_	linguistic	_	ContainsVariation=No	SpaceAfter=No	_	_	_	_	_
921-4	BO002	921	4	ho	ho	_	_	_	_	_	linguistic	_	ContainsVariation=No	_	_	_	_	_	_
921-5	BO002	921	5	detto	detto	_	_	_	_	_	linguistic	_	ContainsVariation=No	_	End=2044.915	_	_	_	_
922-0	BO003	922	0	molto	molto	_	_	_	_	_	linguistic	_	ContainsVariation=No	_	Begin=2047.618	_	_	_	_
922-1	BO003	922	1	meglio	meglio	_	_	_	_	_	linguistic	_	ContainsVariation=No	_	_	_	_	_	_
922-2	BO003	922	2	terra	terra	_	_	_	_	_	linguistic	_	ContainsVariation=No	_	_	_	_	_	_
922-3	BO003	922	3	terra	terra	_	_	_	_	_	linguistic	_	ContainsVariation=No	_	End=2049.147	_	_	_	_
923-0	BO002	923	0	sì	sì	_	_	_	_	_	linguistic	_	ContainsVariation=No	_	Begin=2049.147|End=2050.281	_	_	_	_
924-0	BO002	924	0	cioè	cioè	_	_	_	_	_	linguistic	_	ContainsVariation=No	_	Begin=2051.344|End=2052.65	_	_	_	_
925-0	BO003	925	0	decisame:nte	decisamente	_	_	_	_	_	linguistic	_	ContainsVariation=No	_	Begin=2055.731	7x1	_	_	_
925-1	BO003	925	1	meglio	meglio	_	_	_	_	_	linguistic	_	ContainsVariation=No	_	_	_	_	_	_
925-2	BO003	925	2	terra	terra	_	_	_	_	_	linguistic	_	ContainsVariation=No	_	_	_	_	_	_
925-3	BO003	925	3	terra	terra	_	_	_	_	_	linguistic	_	ContainsVariation=No	_	End=2058.09	_	_	_	_
926-0	BO002	926	0	ohi	ohi	_	_	_	_	_	linguistic	_	ContainsVariation=No	_	Begin=2059.273	_	_	_	_
926-1	BO002	926	1	je[sus]	jesus	_	_	_	_	_	linguistic	_	ContainsVariation=No	_	End=2060.466	_	_	_	2-5(317)
927-0	BO003	927	0	[ma]donna	madonna	_	_	_	_	_	linguistic	_	ContainsVariation=No	_	Begin=2060.282	_	_	_	0-2(317)
927-1	BO003	927	1	che	che	_	_	_	_	_	linguistic	_	ContainsVariation=No	_	_	_	_	_	_
927-2	BO003	927	2	mezz'	mezz'	_	_	_	_	_	linguistic	_	ContainsVariation=No	SpaceAfter=No	_	_	_	_	_
927-3	BO003	927	3	ora	ora	_	_	_	_	_	linguistic	_	ContainsVariation=No	_	_	_	_	_	_
927-4	BO003	927	4	infinita	infinita	_	_	_	_	_	linguistic	_	ContainsVariation=No	_	_	_	_	_	_
927-5	BO003	927	5	((ride))	((ride))	_	_	_	_	_	nonverbalbehavior	_	ContainsVariation=No	_	End=2062.202	_	_	_	_
928-0	BO003	928	0	ehm:	ehm	_	_	_	_	_	linguistic	_	ContainsVariation=No	_	Begin=2065.857|End=2066.92	2x1	_	_	_
929-0	BO003	929	0	e::	e	_	_	_	_	_	linguistic	_	ContainsVariation=No	_	Begin=2066.984	0x2	_	_	_
929-1	BO003	929	1	xx.	xx	_	_	_	_	_	linguistic	_	ContainsVariation=No	Intonation=Falling	_	_	_	_	_
929-2	BO003	929	2	perché,	perché	_	_	_	_	_	linguistic	_	ContainsVariation=No	Intonation=WeaklyRising	End=2068.389	_	_	_	_
930-0	BO003	930	0	normalmente	normalmente	_	_	_	_	_	linguistic	_	ContainsVariation=No	PauseAfter=Yes	Begin=2068.589	_	_	_	_
930-1	BO003	930	1	(.)	(.)	_	_	_	_	_	shortpause	_	ContainsVariation=No	_	_	_	_	_	_
930-2	BO003	930	2	non	non	_	_	_	_	_	linguistic	_	ContainsVariation=No	_	_	_	_	_	_
930-3	BO003	930	3	stiamo	stiamo	_	_	_	_	_	linguistic	_	ContainsVariation=No	ProsodicLink=Yes	_	_	_	_	_
930-4	BO003	930	4	però	però	_	_	_	_	_	linguistic	_	ContainsVariation=No	_	_	_	_	_	_
930-5	BO003	930	5	>col	col	_	_	_	_	_	linguistic	_	ContainsVariation=No	_	_	_	Fast=0-3(0)	_	_
930-6	BO003	930	6	fatto	fatto	_	_	_	_	_	linguistic	_	ContainsVariation=No	_	_	_	Fast=0-5(0)	_	_
930-7	BO003	930	7	che	che	_	_	_	_	_	linguistic	_	ContainsVariation=No	_	_	_	Fast=0-3(0)	_	_
930-8	BO003	930	8	dobbiamo	dobbiamo	_	_	_	_	_	linguistic	_	ContainsVariation=No	_	_	_	Fast=0-8(0)	_	_
930-9	BO003	930	9	aspettare<	aspettare	_	_	_	_	_	linguistic	_	ContainsVariation=No	_	_	_	Fast=0-9(0)	_	_
930-10	BO003	930	10	mezz'	mezz'	_	_	_	_	_	linguistic	_	ContainsVariation=No	SpaceAfter=No	_	_	_	_	_
930-11	BO003	930	11	ora	ora	_	_	_	_	_	linguistic	_	ContainsVariation=No	_	_	_	_	_	_
930-12	BO003	930	12	che	che	_	_	_	_	_	linguistic	_	ContainsVariation=No	_	_	_	_	_	_
930-13	BO003	930	13	finisca,	finisca	_	_	_	_	_	linguistic	_	ContainsVariation=No	Intonation=WeaklyRising	_	_	_	_	_
930-14	BO003	930	14	è	è	_	_	_	_	_	linguistic	_	ContainsVariation=No	_	_	_	_	_	_
930-15	BO003	930	15	vero	vero	_	_	_	_	_	linguistic	_	ContainsVariation=No	_	_	_	_	_	_
930-16	BO003	930	16	che	che	_	_	_	_	_	linguistic	_	ContainsVariation=No	_	End=2074.081	_	_	_	_
931-0	BO002	931	0	sì::	sì	_	_	_	_	_	linguistic	_	ContainsVariation=No	_	Begin=2074.289	1x2	_	_	_
931-1	BO002	931	1	è	è	_	_	_	_	_	linguistic	_	ContainsVariation=No	_	_	_	_	_	_
931-2	BO002	931	2	ve::ro	vero	_	_	_	_	_	linguistic	_	ContainsVariation=No	_	End=2075.683	1x2	_	_	_
932-0	BO002	932	0	eh	eh	_	_	_	_	_	linguistic	_	ContainsVariation=No	_	Begin=2077.896	_	_	_	_
932-1	BO002	932	1	niente	niente	_	_	_	_	_	linguistic	_	ContainsVariation=No	_	End=2079.174	_	_	_	_
933-0	BO002	933	0	comunque,	comunque	_	_	_	_	_	linguistic	_	ContainsVariation=No	Intonation=WeaklyRising	Begin=2079.927|End=2080.822	_	_	_	_
934-0	BO003	934	0	e::	e	_	_	_	_	_	linguistic	_	ContainsVariation=No	_	Begin=2080.822|End=2081.482	0x2	_	_	_
935-0	BO002	935	0	ieri	ieri	_	_	_	_	_	linguistic	_	ContainsVariation=No	_	Begin=2081.482	_	_	_	_
935-1	BO002	935	1	sono	sono	_	_	_	_	_	linguistic	_	ContainsVariation=No	_	_	_	_	_	_
935-2	BO002	935	2	arriva:ta,	arrivata	_	_	_	_	_	linguistic	_	ContainsVariation=No	Intonation=WeaklyRising|PauseAfter=Yes	_	5x1	_	_	_
935-3	BO002	935	3	(.)	(.)	_	_	_	_	_	shortpause	_	ContainsVariation=No	_	_	_	_	_	_
935-4	BO002	935	4	[al	al	_	_	_	_	_	linguistic	_	ContainsVariation=No	_	_	_	_	_	0-2(318)
935-5	BO002	935	5	signore	signore	_	_	_	_	_	linguistic	_	ContainsVariation=No	_	_	_	_	_	0-7(318)
935-6	BO002	935	6	de~]	de~	_	_	_	_	_	linguistic	_	ContainsVariation=No	Interrupted=Yes	End=2084.11	_	_	_	0-3(318)
936-0	BO003	936	0	[ah,	ah	_	_	_	_	_	linguistic	_	ContainsVariation=No	Intonation=WeaklyRising	Begin=2083.141	_	_	_	0-2(318)
936-1	BO003	936	1	sì.	sì	_	_	_	_	_	linguistic	_	ContainsVariation=No	Intonation=Falling	_	_	_	_	0-2(318)
936-2	BO003	936	2	parli]amo	parliamo	_	_	_	_	_	linguistic	_	ContainsVariation=No	_	_	_	_	_	0-5(318)
936-3	BO003	936	3	par[liamo]	parliamo	_	_	_	_	_	linguistic	_	ContainsVariation=No	_	End=2085.013	_	_	_	3-8(319)
937-0	BO002	937	0	[sì	sì	_	_	_	_	_	linguistic	_	ContainsVariation=No	_	Begin=2084.518	_	_	_	0-2(319)
937-1	BO002	937	1	sì]	sì	_	_	_	_	_	linguistic	_	ContainsVariation=No	PauseAfter=Yes	_	_	_	_	0-2(319)
937-2	BO002	937	2	(.)	(.)	_	_	_	_	_	shortpause	_	ContainsVariation=No	_	_	_	_	_	_
937-3	BO002	937	3	al	al	_	_	_	_	_	linguistic	_	ContainsVariation=No	_	_	_	_	_	_
937-4	BO002	937	4	signore	signore	_	_	_	_	_	linguistic	_	ContainsVariation=No	_	_	_	_	_	_
937-5	BO002	937	5	degli	degli	_	_	_	_	_	linguistic	_	ContainsVariation=No	_	_	_	_	_	_
937-6	BO002	937	6	anelli	anelli	_	_	_	_	_	linguistic	_	ContainsVariation=No	_	End=2086.705	_	_	_	_
938-0	BO003	938	0	sì,	sì	_	_	_	_	_	linguistic	_	ContainsVariation=No	Intonation=WeaklyRising	Begin=2086.705|End=2087.366	_	_	_	_
939-0	BO002	939	0	devo	devo	_	_	_	_	_	linguistic	_	ContainsVariation=No	_	Begin=2087.366	_	_	_	_
939-1	BO002	939	1	iniziare	iniziare	_	_	_	_	_	linguistic	_	ContainsVariation=No	_	_	_	_	_	_
939-2	BO002	939	2	il	il	_	_	_	_	_	linguistic	_	ContainsVariation=No	_	_	_	_	_	_
939-3	BO002	939	3	dodicesimo	dodicesimo	_	_	_	_	_	linguistic	_	ContainsVariation=No	_	_	_	_	_	_
939-4	BO002	939	4	capi:to[lo]	capitolo	_	_	_	_	_	linguistic	_	ContainsVariation=No	_	End=2089.583	3x1	_	_	6-8(320)
940-0	BO003	940	0	[se]i	sei	_	_	_	_	_	linguistic	_	ContainsVariation=No	_	Begin=2089.293	_	_	_	0-2(320)
940-1	BO003	940	1	avantissimo.	avantissimo	_	_	_	_	_	linguistic	_	ContainsVariation=No	Intonation=Falling	_	_	_	_	_
940-2	BO003	940	2	mi	mi	_	_	_	_	_	linguistic	_	ContainsVariation=No	_	_	_	_	_	_
940-3	BO003	940	3	hai	hai	_	_	_	_	_	linguistic	_	ContainsVariation=No	_	_	_	_	_	_
940-4	BO003	940	4	superato	superato	_	_	_	_	_	linguistic	_	ContainsVariation=No	PauseAfter=Yes	_	_	_	_	_
940-5	BO003	940	5	(.)	(.)	_	_	_	_	_	shortpause	_	ContainsVariation=No	_	_	_	_	_	_
940-6	BO003	940	6	io	io	_	_	_	_	_	linguistic	_	ContainsVariation=No	_	_	_	_	_	_
940-7	BO003	940	7	sono	sono	_	_	_	_	_	linguistic	_	ContainsVariation=No	_	_	_	_	_	_
940-8	BO003	940	8	al	al	_	_	_	_	_	linguistic	_	ContainsVariation=No	_	_	_	_	_	_
940-9	BO003	940	9	nono,	nono	_	_	_	_	_	linguistic	_	ContainsVariation=No	Intonation=WeaklyRising	End=2092.139	_	_	_	_
941-0	BO002	941	0	dav[ve:ro]?	davvero	_	_	_	_	_	linguistic	_	ContainsVariation=No	Intonation=Rising	Begin=2092.27|End=2093.154	4x1	_	_	3-7(321)
942-0	BO003	942	0	[ancora	ancora	_	_	_	_	_	linguistic	_	ContainsVariation=No	_	Begin=2092.44	_	_	_	0-6(321)
942-1	BO003	942	1	sì]	sì	_	_	_	_	_	linguistic	_	ContainsVariation=No	_	_	_	_	_	0-2(321)
942-2	BO003	942	2	sì	sì	_	_	_	_	_	linguistic	_	ContainsVariation=No	_	_	_	_	_	_
942-3	BO003	942	3	sì	sì	_	_	_	_	_	linguistic	_	ContainsVariation=No	_	End=2093.474	_	_	_	_
943-0	BO002	943	0	sono	sono	_	_	_	_	_	linguistic	_	ContainsVariation=No	_	Begin=2093.545	_	_	_	_
943-1	BO002	943	1	oltre	oltre	_	_	_	_	_	linguistic	_	ContainsVariation=No	_	_	_	_	_	_
943-2	BO002	943	2	metà	metà	_	_	_	_	_	linguistic	_	ContainsVariation=No	_	_	_	_	_	_
943-3	BO002	943	3	li:bro,	libro	_	_	_	_	_	linguistic	_	ContainsVariation=No	Intonation=WeaklyRising	_	1x1	_	_	_
943-4	BO002	943	4	e	e	_	_	_	_	_	linguistic	_	ContainsVariation=No	_	_	_	_	_	_
943-5	BO002	943	5	mi	mi	_	_	_	_	_	linguistic	_	ContainsVariation=No	_	_	_	_	_	_
943-6	BO002	943	6	sento	sento	_	_	_	_	_	linguistic	_	ContainsVariation=No	_	_	_	_	_	_
943-7	BO002	943	7	molto	molto	_	_	_	_	_	linguistic	_	ContainsVariation=No	_	_	_	_	_	_
943-8	BO002	943	8	fiera.	fiera	_	_	_	_	_	linguistic	_	ContainsVariation=No	Intonation=Falling	_	_	_	_	_
943-9	BO002	943	9	((ride))	((ride))	_	_	_	_	_	nonverbalbehavior	_	ContainsVariation=No	_	End=2097.119	_	_	_	_
944-0	BO003	944	0	((ride))	((ride))	_	_	_	_	_	nonverbalbehavior	_	ContainsVariation=No	_	Begin=2094.867|End=2095.638	_	_	_	_
945-0	BO002	945	0	per	per	_	_	_	_	_	linguistic	_	ContainsVariation=No	_	Begin=2099.011	_	_	_	_
945-1	BO002	945	1	il	il	_	_	_	_	_	linguistic	_	ContainsVariation=No	_	_	_	_	_	_
945-2	BO002	945	2	resto.	resto	_	_	_	_	_	linguistic	_	ContainsVariation=No	Intonation=Falling	_	_	_	_	_
945-3	BO002	945	3	sono	sono	_	_	_	_	_	linguistic	_	ContainsVariation=No	_	_	_	_	_	_
945-4	BO002	945	4	arrivata	arrivata	_	_	_	_	_	linguistic	_	ContainsVariation=No	_	_	_	_	_	_
945-5	BO002	945	5	quando,	quando	_	_	_	_	_	linguistic	_	ContainsVariation=No	Intonation=WeaklyRising	End=2101.686	_	_	_	_
946-0	BO003	946	0	sì,	sì	_	_	_	_	_	linguistic	_	ContainsVariation=No	Intonation=WeaklyRising	Begin=2101.742|End=2102.589	_	_	_	_
947-0	BO002	947	0	eh::	eh	_	_	_	_	_	linguistic	_	ContainsVariation=No	PauseAfter=Yes	Begin=2103.459	1x2	_	_	_
947-1	BO002	947	1	(.)	(.)	_	_	_	_	_	shortpause	_	ContainsVariation=No	_	_	_	_	_	_
947-2	BO002	947	2	sono	sono	_	_	_	_	_	linguistic	_	ContainsVariation=No	_	_	_	_	_	_
947-3	BO002	947	3	a	a	_	_	_	_	_	linguistic	_	ContainsVariation=No	_	_	_	_	_	_
947-4	BO002	947	4	collevento	collevento	_	_	_	_	_	linguistic	_	ContainsVariation=No	_	End=2105.387	_	_	_	_
948-0	BO002	948	0	[gli	gli	_	_	_	_	_	linguistic	_	ContainsVariation=No	_	Begin=2105.561	_	_	_	0-3(323)
948-1	BO002	948	1	hob]bit	hobbit	_	_	_	_	_	linguistic	_	ContainsVariation=No	_	_	_	_	_	0-3(323)
948-2	BO002	948	2	e	e	_	_	_	_	_	linguistic	_	ContainsVariation=No	_	_	_	_	_	_
948-3	BO002	948	3	grampasso	grampasso	_	_	_	_	_	linguistic	_	ContainsVariation=No	_	End=2107.468	_	_	_	_
949-0	BO003	949	0	[sì]	sì	_	_	_	_	_	linguistic	_	ContainsVariation=No	_	Begin=2105.57|End=2105.959	_	_	_	0-2(323)
950-0	BO003	950	0	sì	sì	_	_	_	_	_	linguistic	_	ContainsVariation=No	_	Begin=2107.535|End=2107.799	_	_	_	_
951-0	BO002	951	0	e	e	_	_	_	_	_	linguistic	_	ContainsVariation=No	_	Begin=2107.849	_	_	_	_
951-1	BO002	951	1	vengono	vengono	_	_	_	_	_	linguistic	_	ContainsVariation=No	_	_	_	_	_	_
951-2	BO002	951	2	attaccati	attaccati	_	_	_	_	_	linguistic	_	ContainsVariation=No	_	_	_	_	_	_
951-3	BO002	951	3	dai	dai	_	_	_	_	_	linguistic	_	ContainsVariation=No	_	_	_	_	_	_
951-4	BO002	951	4	cavalieri	cavalieri	_	_	_	_	_	linguistic	_	ContainsVariation=No	_	_	_	_	_	_
951-5	BO002	951	5	neri.	neri	_	_	_	_	_	linguistic	_	ContainsVariation=No	Intonation=Falling	_	_	_	_	_
951-6	BO002	951	6	[quando	quando	_	_	_	_	_	linguistic	_	ContainsVariation=No	_	_	_	_	_	0-6(324)
951-7	BO002	951	7	sa]i	sai	_	_	_	_	_	linguistic	_	ContainsVariation=No	_	_	_	_	_	0-2(324)
951-8	BO002	951	8	frodo	frodo	_	_	_	_	_	linguistic	_	ContainsVariation=No	_	_	_	_	_	_
951-9	BO002	951	9	viene::	viene	_	_	_	_	_	linguistic	_	ContainsVariation=No	PauseAfter=Yes	_	4x2	_	_	_
951-10	BO002	951	10	(.)	(.)	_	_	_	_	_	shortpause	_	ContainsVariation=No	_	_	_	_	_	_
951-11	BO002	951	11	[pugna]lato	pugnalato	_	_	_	_	_	linguistic	_	ContainsVariation=No	_	End=2113.141	_	_	_	0-5(325)
952-0	BO003	952	0	[sì]	sì	_	_	_	_	_	linguistic	_	ContainsVariation=No	_	Begin=2109.977|End=2110.529	_	_	_	0-2(324)
953-0	BO003	953	0	[sì	sì	_	_	_	_	_	linguistic	_	ContainsVariation=No	_	Begin=2111.64	_	_	_	0-2(325)
953-1	BO003	953	1	sì	sì	_	_	_	_	_	linguistic	_	ContainsVariation=No	_	_	_	_	_	0-2(325)
953-2	BO003	953	2	sì]	sì	_	_	_	_	_	linguistic	_	ContainsVariation=No	_	End=2112.466	_	_	_	0-2(325)
954-0	BO002	954	0	però	però	_	_	_	_	_	linguistic	_	ContainsVariation=No	_	Begin=2114.021	_	_	_	_
954-1	BO002	954	1	lì	lì	_	_	_	_	_	linguistic	_	ContainsVariation=No	_	_	_	_	_	_
954-2	BO002	954	2	finisce	finisce	_	_	_	_	_	linguistic	_	ContainsVariation=No	_	_	_	_	_	_
954-3	BO002	954	3	il	il	_	_	_	_	_	linguistic	_	ContainsVariation=No	_	_	_	_	_	_
954-4	BO002	954	4	capitolo	capitolo	_	_	_	_	_	linguistic	_	ContainsVariation=No	_	End=2115.519	_	_	_	_
955-0	BO003	955	0	sì	sì	_	_	_	_	_	linguistic	_	ContainsVariation=No	_	Begin=2115.658|End=2116.079	_	_	_	_
956-0	BO002	956	0	e	e	_	_	_	_	_	linguistic	_	ContainsVariation=No	_	Begin=2116.148	_	_	_	_
956-1	BO002	956	1	io	io	_	_	_	_	_	linguistic	_	ContainsVariation=No	_	_	_	_	_	_
956-2	BO002	956	2	ora	ora	_	_	_	_	_	linguistic	_	ContainsVariation=No	_	_	_	_	_	_
956-3	BO002	956	3	a	a	_	_	_	_	_	linguistic	_	ContainsVariation=No	_	_	_	_	_	_
956-4	BO002	956	4	iniziarne	iniziarne	_	_	_	_	_	linguistic	_	ContainsVariation=No	_	_	_	_	_	_
956-5	BO002	956	5	un	un	_	_	_	_	_	linguistic	_	ContainsVariation=No	_	_	_	_	_	_
956-6	BO002	956	6	altro	altro	_	_	_	_	_	linguistic	_	ContainsVariation=No	_	_	_	_	_	_
956-7	BO002	956	7	ier	ier	_	_	_	_	_	linguistic	_	ContainsVariation=No	_	_	_	_	_	_
956-8	BO002	956	8	sera	sera	_	_	_	_	_	linguistic	_	ContainsVariation=No	_	_	_	_	_	_
956-9	BO002	956	9	nun	nun	_	_	_	_	_	linguistic	_	ContainsVariation=No	_	_	_	_	_	_
956-10	BO002	956	10	ce	ce	_	_	_	_	_	linguistic	_	ContainsVariation=No	_	_	_	_	_	_
956-11	BO002	956	11	la	la	_	_	_	_	_	linguistic	_	ContainsVariation=No	_	_	_	_	_	_
956-12	BO002	956	12	facevo.	facevo	_	_	_	_	_	linguistic	_	ContainsVariation=No	Intonation=Falling	_	_	_	_	_
956-13	BO002	956	13	però,	però	_	_	_	_	_	linguistic	_	ContainsVariation=No	Intonation=WeaklyRising	_	_	_	_	_
956-14	BO002	956	14	[son	son	_	_	_	_	_	linguistic	_	ContainsVariation=No	_	_	_	_	_	0-3(326)
956-15	BO002	956	15	rimasta]	rimasta	_	_	_	_	_	linguistic	_	ContainsVariation=No	_	_	_	_	_	0-7(326)
956-16	BO002	956	16	a	a	_	_	_	_	_	linguistic	_	ContainsVariation=No	_	_	_	_	_	_
956-17	BO002	956	17	metà,	metà	_	_	_	_	_	linguistic	_	ContainsVariation=No	Intonation=WeaklyRising	End=2120.71	_	_	_	_
957-0	BO003	957	0	[no	no	_	_	_	_	_	linguistic	_	ContainsVariation=No	_	Begin=2119.629	_	_	_	0-2(326)
957-1	BO003	957	1	sì	sì	_	_	_	_	_	linguistic	_	ContainsVariation=No	_	_	_	_	_	0-2(326)
957-2	BO003	957	2	sì]	sì	_	_	_	_	_	linguistic	_	ContainsVariation=No	_	End=2120.314	_	_	_	0-2(326)
958-0	BO003	958	0	((ride))	((ride))	_	_	_	_	_	nonverbalbehavior	_	ContainsVariation=No	_	Begin=2120.767|End=2121.396	_	_	_	_
959-0	BO002	959	0	lì.	lì	_	_	_	_	_	linguistic	_	ContainsVariation=No	Intonation=Falling	Begin=2121.435	_	_	_	_
959-1	BO002	959	1	[lì].	lì	_	_	_	_	_	linguistic	_	ContainsVariation=No	Intonation=Falling	End=2122.205	_	_	_	0-2(327)
960-0	BO003	960	0	[che]	che	_	_	_	_	_	linguistic	_	ContainsVariation=No	_	Begin=2122.083	_	_	_	0-3(327)
960-1	BO003	960	1	c'	c'	_	_	_	_	_	linguistic	_	ContainsVariation=No	SpaceAfter=No	_	_	_	_	_
960-2	BO003	960	2	è	è	_	_	_	_	_	linguistic	_	ContainsVariation=No	_	_	_	_	_	_
960-3	BO003	960	3	aragon	aragon	_	_	_	_	_	linguistic	_	ContainsVariation=No	_	_	_	_	_	_
960-4	BO003	960	4	bellissimo	bellissimo	_	_	_	_	_	linguistic	_	ContainsVariation=No	_	End=2124.063	_	_	_	_
961-0	BO002	961	0	>cioè<	cioè	_	_	_	_	_	linguistic	_	ContainsVariation=No	PauseAfter=Yes	Begin=2124.207	_	Fast=0-4(0)	_	_
961-1	BO002	961	1	(.)	(.)	_	_	_	_	_	shortpause	_	ContainsVariation=No	_	_	_	_	_	_
961-2	BO002	961	2	praticamente	praticamente	_	_	_	_	_	linguistic	_	ContainsVariation=No	_	_	_	Slow=0-12(0)	_	_
961-3	BO002	961	3	frodo	frodo	_	_	_	_	_	linguistic	_	ContainsVariation=No	_	_	_	Slow=0-5(0)	_	_
961-4	BO002	961	4	sta	sta	_	_	_	_	_	linguistic	_	ContainsVariation=No	PauseAfter=Yes	_	_	Slow=0-3(0)	_	_
961-5	BO002	961	5	(.)	(.)	_	_	_	_	_	shortpause	_	ContainsVariation=No	_	_	_	_	_	_
961-6	BO002	961	6	sv~	sv~	_	_	_	_	_	linguistic	_	ContainsVariation=No	Interrupted=Yes	_	_	Slow=0-3(0)	_	_
961-7	BO002	961	7	>tipo<	tipo	_	_	_	_	_	linguistic	_	ContainsVariation=No	PauseAfter=Yes	_	_	Fast=0-4(1)	_	_
961-8	BO002	961	8	(.)	(.)	_	_	_	_	_	shortpause	_	ContainsVariation=No	_	_	_	_	_	_
961-9	BO002	961	9	muoren~	muoren~	_	_	_	_	_	linguistic	_	ContainsVariation=No	Interrupted=Yes	_	_	_	_	_
961-10	BO002	961	10	moren[do	morendo	_	_	_	_	_	linguistic	_	ContainsVariation=No	_	_	_	_	_	5-7(328)
961-11	BO002	961	11	no].	no	_	_	_	_	_	linguistic	_	ContainsVariation=No	Intonation=Falling	_	_	_	_	0-2(328)
961-12	BO002	961	12	però	però	_	_	_	_	_	linguistic	_	ContainsVariation=No	_	_	_	_	_	_
961-13	BO002	961	13	sve[nendo],	svenendo	_	_	_	_	_	linguistic	_	ContainsVariation=No	Intonation=WeaklyRising	End=2129.983	_	_	_	3-8(329)
962-0	BO003	962	0	[sì]	sì	_	_	_	_	_	linguistic	_	ContainsVariation=No	_	Begin=2128.506|End=2129.01	_	_	_	0-2(328)
963-0	BO003	963	0	[sì],	sì	_	_	_	_	_	linguistic	_	ContainsVariation=No	Intonation=WeaklyRising	Begin=2129.62|End=2129.997	_	_	_	0-2(329)
964-0	BO002	964	0	e	e	_	_	_	_	_	linguistic	_	ContainsVariation=No	_	Begin=2130.363	_	_	_	_
964-1	BO002	964	1	invece	invece	_	_	_	_	_	linguistic	_	ContainsVariation=No	_	_	_	_	_	_
964-2	BO002	964	2	e	e	_	_	_	_	_	linguistic	_	ContainsVariation=No	_	_	_	_	_	_
964-3	BO002	964	3	vede	vede	_	_	_	_	_	linguistic	_	ContainsVariation=No	_	_	_	_	_	_
964-4	BO002	964	4	<aragon>	aragon	_	_	_	_	_	linguistic	_	ContainsVariation=No	PauseAfter=Yes	_	_	Slow=0-6(0)	_	_
964-5	BO002	964	5	(.)	(.)	_	_	_	_	_	shortpause	_	ContainsVariation=No	_	_	_	_	_	_
964-6	BO002	964	6	uscire	uscire	_	_	_	_	_	linguistic	_	ContainsVariation=No	_	_	_	Fast=0-6(0)	_	_
964-7	BO002	964	7	<dall'	dall'	_	_	_	_	_	linguistic	_	ContainsVariation=No	SpaceAfter=No	_	_	Slow=0-5(1)	_	_
964-8	BO002	964	8	ombra>	ombra	_	_	_	_	_	linguistic	_	ContainsVariation=No	PauseAfter=Yes	_	_	Slow=0-5(1)	_	_
964-9	BO002	964	9	(.)	(.)	_	_	_	_	_	shortpause	_	ContainsVariation=No	_	_	_	_	_	_
964-10	BO002	964	10	con	con	_	_	_	_	_	linguistic	_	ContainsVariation=No	_	_	_	_	_	_
964-11	BO002	964	11	il	il	_	_	_	_	_	linguistic	_	ContainsVariation=No	_	_	_	_	_	_
964-12	BO002	964	12	fuoco	fuoco	_	_	_	_	_	linguistic	_	ContainsVariation=No	_	_	_	_	_	_
964-13	BO002	964	13	in	in	_	_	_	_	_	linguistic	_	ContainsVariation=No	_	_	_	_	_	_
964-14	BO002	964	14	ma:no	mano	_	_	_	_	_	linguistic	_	ContainsVariation=No	PauseAfter=Yes	_	1x1	_	_	_
964-15	BO002	964	15	(.)	(.)	_	_	_	_	_	shortpause	_	ContainsVariation=No	_	_	_	_	_	_
964-16	BO002	964	16	e	e	_	_	_	_	_	linguistic	_	ContainsVariation=No	_	_	_	_	_	_
964-17	BO002	964	17	tipo	tipo	_	_	_	_	_	linguistic	_	ContainsVariation=No	_	_	_	_	_	_
964-18	BO002	964	18	se	se	_	_	_	_	_	linguistic	_	ContainsVariation=No	_	_	_	_	_	_
964-19	BO002	964	19	lì	lì	_	_	_	_	_	linguistic	_	ContainsVariation=No	_	End=2137.381	_	_	_	_
965-0	BO003	965	0	che	che	_	_	_	_	_	linguistic	_	ContainsVariation=No	_	Begin=2137.549	_	_	_	_
965-1	BO003	965	1	bel[lo]	bello	_	_	_	_	_	linguistic	_	ContainsVariation=No	_	End=2138.711	_	_	_	3-5(330)
966-0	BO002	966	0	[che]	che	_	_	_	_	_	linguistic	_	ContainsVariation=No	_	Begin=2138.368	_	_	_	0-3(330)
966-1	BO002	966	1	xxx,	xxx	_	_	_	_	_	linguistic	_	ContainsVariation=No	Intonation=WeaklyRising	End=2139.252	_	_	_	_
967-0	BO003	967	0	((ride))	((ride))	_	_	_	_	_	nonverbalbehavior	_	ContainsVariation=No	_	Begin=2139.252|End=2140.185	_	_	_	_
968-0	BO002	968	0	[xxx]	xxx	_	_	_	_	_	unknown	_	ContainsVariation=No	Syllables=3	Begin=2140.738|End=2141.391	_	_	_	0-3(331)
969-0	BO003	969	0	[poi	poi	_	_	_	_	_	linguistic	_	ContainsVariation=No	_	Begin=2140.755	_	_	_	0-3(331)
969-1	BO003	969	1	quando	quando	_	_	_	_	_	linguistic	_	ContainsVariation=No	_	_	_	_	_	0-6(331)
969-2	BO003	969	2	arri]verà	arriverà	_	_	_	_	_	linguistic	_	ContainsVariation=No	_	_	_	_	_	0-4(331)
969-3	BO003	969	3	con	con	_	_	_	_	_	linguistic	_	ContainsVariation=No	_	_	_	_	_	_
969-4	BO003	969	4	a:rwen	arwen	_	_	_	_	_	linguistic	_	ContainsVariation=No	PauseAfter=Yes	_	0x1	_	_	_
969-5	BO003	969	5	(.)	(.)	_	_	_	_	_	shortpause	_	ContainsVariation=No	_	_	_	_	_	_
969-6	BO003	969	6	che	che	_	_	_	_	_	linguistic	_	ContainsVariation=No	_	_	_	_	_	_
969-7	BO003	969	7	be:lli	belli	_	_	_	_	_	linguistic	_	ContainsVariation=No	_	End=2143.865	1x1	_	_	_
970-0	BO002	970	0	quando	quando	_	_	_	_	_	linguistic	_	ContainsVariation=No	_	Begin=2144.178	_	_	_	_
970-1	BO002	970	1	arriverà	arriverà	_	_	_	_	_	linguistic	_	ContainsVariation=No	_	_	_	_	_	_
970-2	BO002	970	2	legolas,	legolas	_	_	_	_	_	linguistic	_	ContainsVariation=No	Intonation=WeaklyRising	End=2145.86	_	_	_	_
971-0	BO003	971	0	s::::	s	_	_	_	_	_	linguistic	_	ContainsVariation=No	_	Begin=2145.86|End=2146.965	0x4	_	_	_
972-0	BO002	972	0	((ride))	((ride))	_	_	_	_	_	nonverbalbehavior	_	ContainsVariation=No	_	Begin=2147.101|End=2149.149	_	_	_	_
973-0	BO003	973	0	((ride))	((ride))	_	_	_	_	_	nonverbalbehavior	_	ContainsVariation=No	_	Begin=2147.268|End=2149.149	_	_	_	_
974-0	BO002	974	0	[ma	ma	_	_	_	_	_	linguistic	_	ContainsVariation=No	_	Begin=2149.346	_	_	_	0-2(334)
974-1	BO002	974	1	quando	quando	_	_	_	_	_	linguistic	_	ContainsVariation=No	_	_	_	_	_	0-6(334)
974-2	BO002	974	2	arriva]?	arriva	_	_	_	_	_	linguistic	_	ContainsVariation=No	Intonation=Rising	_	_	_	_	0-6(334)
974-3	BO002	974	3	le:golas	legolas	_	_	_	_	_	linguistic	_	ContainsVariation=No	_	_	1x1	_	_	_
974-4	BO002	974	4	[nel	nel	_	_	_	_	_	linguistic	_	ContainsVariation=No	_	_	_	_	_	0-3(333)
974-5	BO002	974	5	primo].	primo	_	_	_	_	_	linguistic	_	ContainsVariation=No	Intonation=Falling	End=2152.273	_	_	_	0-5(333)
975-0	BO003	975	0	[non	non	_	_	_	_	_	linguistic	_	ContainsVariation=No	_	Begin=2149.346	_	_	_	0-3(334)
975-1	BO003	975	1	vedi	vedi	_	_	_	_	_	linguistic	_	ContainsVariation=No	_	_	_	_	_	0-4(334)
975-2	BO003	975	2	l'	l'	_	_	_	_	_	linguistic	_	ContainsVariation=No	SpaceAfter=No	_	_	_	_	0-2(334)
975-3	BO003	975	3	o:ra]	ora	_	_	_	_	_	linguistic	_	ContainsVariation=No	_	End=2150.415	0x1	_	_	0-3(334)
976-0	BO003	976	0	[quando	quando	_	_	_	_	_	linguistic	_	ContainsVariation=No	_	Begin=2151.195	_	_	_	_
976-1	BO003	976	1	creano	creano	_	_	_	_	_	linguistic	_	ContainsVariation=No	_	_	_	_	_	_
976-2	BO003	976	2	la	la	_	_	_	_	_	linguistic	_	ContainsVariation=No	_	_	_	_	_	_
976-3	BO003	976	3	com]pagnia	compagnia	_	_	_	_	_	linguistic	_	ContainsVariation=No	_	_	_	_	_	_
976-4	BO003	976	4	dell'	dell'	_	_	_	_	_	linguistic	_	ContainsVariation=No	SpaceAfter=No	_	_	_	_	_
976-5	BO003	976	5	anello]	anello	_	_	_	_	_	linguistic	_	ContainsVariation=No	_	End=2153.268	_	_	_	_
977-0	BO002	977	0	giu:s[to]	giusto	_	_	_	_	_	linguistic	_	ContainsVariation=No	_	Begin=2153.416|End=2154.199	2x1	_	_	4-6(335)
978-0	BO003	978	0	[quan]do	quando	_	_	_	_	_	linguistic	_	ContainsVariation=No	_	Begin=2154.054	_	_	_	0-4(335)
978-1	BO003	978	1	arrivano	arrivano	_	_	_	_	_	linguistic	_	ContainsVariation=No	_	_	_	_	_	_
978-2	BO003	978	2	al	al	_	_	_	_	_	linguistic	_	ContainsVariation=No	_	_	_	_	_	_
978-3	BO003	978	3	[granburro:ne]	granburrone	_	_	_	_	_	linguistic	_	ContainsVariation=No	_	End=2156.211	8x1	_	_	0-11(336)
979-0	BO002	979	0	[alla	alla	_	_	_	_	_	linguistic	_	ContainsVariation=No	_	Begin=2154.951	_	_	_	0-4(336)
979-1	BO002	979	1	fi:ne::]:	fine	_	_	_	_	_	linguistic	_	ContainsVariation=No	_	End=2156.512	1x1,3x3	_	_	0-4(336)
980-0	BO002	980	0	[no:].	no	_	_	_	_	_	linguistic	_	ContainsVariation=No	Intonation=Falling	Begin=2156.747	1x1	_	_	0-2(338)
980-1	BO002	980	1	io	io	_	_	_	_	_	linguistic	_	ContainsVariation=No	_	_	_	_	_	_
980-2	BO002	980	2	voglio	voglio	_	_	_	_	_	linguistic	_	ContainsVariation=No	_	_	_	_	_	_
980-3	BO002	980	3	le:golas	legolas	_	_	_	_	_	linguistic	_	ContainsVariation=No	PauseAfter=Yes	_	1x1	_	_	_
980-4	BO002	980	4	(.)	(.)	_	_	_	_	_	shortpause	_	ContainsVariation=No	_	_	_	_	_	_
980-5	BO002	980	5	io	io	_	_	_	_	_	linguistic	_	ContainsVariation=No	_	_	_	_	_	_
980-6	BO002	980	6	vivo	vivo	_	_	_	_	_	linguistic	_	ContainsVariation=No	_	_	_	_	_	_
980-7	BO002	980	7	solo	solo	_	_	_	_	_	linguistic	_	ContainsVariation=No	_	_	_	_	_	_
980-8	BO002	980	8	per	per	_	_	_	_	_	linguistic	_	ContainsVariation=No	_	_	_	_	_	_
980-9	BO002	980	9	le~	le~	_	_	_	_	_	linguistic	_	ContainsVariation=No	Interrupted=Yes	_	_	_	_	_
980-10	BO002	980	10	((ride))	((ride))	_	_	_	_	_	nonverbalbehavior	_	ContainsVariation=No	_	End=2160.699	_	_	_	_
981-0	BO003	981	0	[eh]	eh	_	_	_	_	_	linguistic	_	ContainsVariation=No	_	Begin=2156.747|End=2157.146	_	_	_	0-2(337)
982-0	BO003	982	0	((ride))	((ride))	_	_	_	_	_	nonverbalbehavior	_	ContainsVariation=No	_	Begin=2159.952|End=2162.763	_	_	_	_
983-0	BO003	983	0	sì	sì	_	_	_	_	_	linguistic	_	ContainsVariation=No	_	Begin=2164.068	_	_	_	_
983-1	BO003	983	1	sì.	sì	_	_	_	_	_	linguistic	_	ContainsVariation=No	Intonation=Falling	_	_	_	_	_
983-2	BO003	983	2	io	io	_	_	_	_	_	linguistic	_	ContainsVariation=No	_	_	_	_	_	_
983-3	BO003	983	3	mi	mi	_	_	_	_	_	linguistic	_	ContainsVariation=No	_	_	_	_	_	_
983-4	BO003	983	4	ricordo	ricordo	_	_	_	_	_	linguistic	_	ContainsVariation=No	_	_	_	_	_	_
983-5	BO003	983	5	alla	alla	_	_	_	_	_	linguistic	_	ContainsVariation=No	_	_	_	_	_	_
983-6	BO003	983	6	fi:ne	fine	_	_	_	_	_	linguistic	_	ContainsVariation=No	_	End=2165.879	1x1	_	_	_
984-0	BO003	984	0	quando	quando	_	_	_	_	_	linguistic	_	ContainsVariation=No	_	Begin=2166.434	_	_	_	_
984-1	BO003	984	1	sono	sono	_	_	_	_	_	linguistic	_	ContainsVariation=No	_	_	_	_	_	_
984-2	BO003	984	2	a	a	_	_	_	_	_	linguistic	_	ContainsVariation=No	_	_	_	_	_	_
984-3	BO003	984	3	granburrone	granburrone	_	_	_	_	_	linguistic	_	ContainsVariation=No	_	_	_	_	_	_
984-4	BO003	984	4	che	che	_	_	_	_	_	linguistic	_	ContainsVariation=No	_	_	_	_	_	_
984-5	BO003	984	5	c'	c'	_	_	_	_	_	linguistic	_	ContainsVariation=No	SpaceAfter=No	_	_	_	_	_
984-6	BO003	984	6	è	è	_	_	_	_	_	linguistic	_	ContainsVariation=No	_	_	_	_	_	_
984-7	BO003	984	7	anche	anche	_	_	_	_	_	linguistic	_	ContainsVariation=No	_	_	_	_	_	_
984-8	BO003	984	8	ar[wen]	arwen	_	_	_	_	_	linguistic	_	ContainsVariation=No	_	End=2168.736	_	_	_	1-5(339)
985-0	BO002	985	0	[sì]	sì	_	_	_	_	_	linguistic	_	ContainsVariation=No	_	Begin=2168.573|End=2168.734	_	_	_	0-2(339)
986-0	BO002	986	0	ma	ma	_	_	_	_	_	linguistic	_	ContainsVariation=No	_	Begin=2170.208	_	_	_	_
986-1	BO002	986	1	[io	io	_	_	_	_	_	linguistic	_	ContainsVariation=No	_	_	_	_	_	0-2(340)
986-2	BO002	986	2	voglio	voglio	_	_	_	_	_	linguistic	_	ContainsVariation=No	_	_	_	_	_	0-6(340)
986-3	BO002	986	3	vedere	vedere	_	_	_	_	_	linguistic	_	ContainsVariation=No	_	_	_	_	_	0-6(340)
986-4	BO002	986	4	s~]	s~	_	_	_	_	_	linguistic	_	ContainsVariation=No	Interrupted=Yes	End=2171.513	_	_	_	0-2(340)
987-0	BO003	987	0	[che	che	_	_	_	_	_	linguistic	_	ContainsVariation=No	_	Begin=2170.35	_	_	_	0-3(340)
987-1	BO003	987	1	arwen,	arwen	_	_	_	_	_	linguistic	_	ContainsVariation=No	Intonation=WeaklyRising	_	_	_	_	0-5(340)
987-2	BO003	987	2	è	è	_	_	_	_	_	linguistic	_	ContainsVariation=No	_	_	_	_	_	0-1(340)
987-3	BO003	987	3	la	la	_	_	_	_	_	linguistic	_	ContainsVariation=No	_	_	_	_	_	0-2(340)
987-4	BO003	987	4	fi]glia	figlia	_	_	_	_	_	linguistic	_	ContainsVariation=No	_	_	_	_	_	0-2(340)
987-5	BO003	987	5	di	di	_	_	_	_	_	linguistic	_	ContainsVariation=No	_	_	_	_	_	_
987-6	BO003	987	6	galadriel.	galadriel	_	_	_	_	_	linguistic	_	ContainsVariation=No	Intonation=Falling	_	_	_	_	_
987-7	BO003	987	7	[vero],	vero	_	_	_	_	_	linguistic	_	ContainsVariation=No	Intonation=WeaklyRising	End=2173.184	_	_	_	0-4(341)
988-0	BO002	988	0	[sì]	sì	_	_	_	_	_	linguistic	_	ContainsVariation=No	_	Begin=2172.656|End=2173.187	_	_	_	0-2(341)
989-0	BO002	989	0	io	io	_	_	_	_	_	linguistic	_	ContainsVariation=No	_	Begin=2174.382	_	_	_	_
989-1	BO002	989	1	voglio	voglio	_	_	_	_	_	linguistic	_	ContainsVariation=No	_	_	_	_	_	_
989-2	BO002	989	2	vedere	vedere	_	_	_	_	_	linguistic	_	ContainsVariation=No	_	_	_	_	_	_
989-3	BO002	989	3	troppo	troppo	_	_	_	_	_	linguistic	_	ContainsVariation=No	_	_	_	_	_	_
989-4	BO002	989	4	come	come	_	_	_	_	_	linguistic	_	ContainsVariation=No	_	_	_	_	_	_
989-5	BO002	989	5	descrive	descrive	_	_	_	_	_	linguistic	_	ContainsVariation=No	_	_	_	_	_	_
989-6	BO002	989	6	le:golas	legolas	_	_	_	_	_	linguistic	_	ContainsVariation=No	_	End=2177.494	1x1	_	_	_
990-0	BO003	990	0	eh	eh	_	_	_	_	_	linguistic	_	ContainsVariation=No	_	Begin=2177.601	_	_	_	_
990-1	BO003	990	1	sì	sì	_	_	_	_	_	linguistic	_	ContainsVariation=No	_	_	_	_	_	_
990-2	BO003	990	2	((ride))	((ride))	_	_	_	_	_	nonverbalbehavior	_	ContainsVariation=No	PauseAfter=Yes	_	_	_	_	_
990-3	BO003	990	3	(.)	(.)	_	_	_	_	_	shortpause	_	ContainsVariation=No	_	_	_	_	_	_
990-4	BO003	990	4	lui	lui	_	_	_	_	_	linguistic	_	ContainsVariation=No	_	_	_	_	_	_
990-5	BO003	990	5	penso	penso	_	_	_	_	_	linguistic	_	ContainsVariation=No	_	_	_	_	_	_
990-6	BO003	990	6	che	che	_	_	_	_	_	linguistic	_	ContainsVariation=No	_	_	_	_	_	_
990-7	BO003	990	7	sia	sia	_	_	_	_	_	linguistic	_	ContainsVariation=No	_	_	_	_	_	_
990-8	BO003	990	8	il	il	_	_	_	_	_	linguistic	_	ContainsVariation=No	_	_	_	_	_	_
990-9	BO003	990	9	più	più	_	_	_	_	_	linguistic	_	ContainsVariation=No	_	_	_	_	_	_
990-10	BO003	990	10	ama:to	amato	_	_	_	_	_	linguistic	_	ContainsVariation=No	_	_	2x1	_	_	_
990-11	BO003	990	11	di	di	_	_	_	_	_	linguistic	_	ContainsVariation=No	_	_	_	_	_	_
990-12	BO003	990	12	<tut[ti>]	tutti	_	_	_	_	_	linguistic	_	ContainsVariation=No	_	End=2182.649	_	Slow=0-5(0)	_	3-5(342)
991-0	BO002	991	0	[ma]mma	mamma	_	_	_	_	_	linguistic	_	ContainsVariation=No	_	Begin=2182.263	_	_	_	0-2(342)
991-1	BO002	991	1	mia	mia	_	_	_	_	_	linguistic	_	ContainsVariation=No	_	_	_	_	_	_
991-2	BO002	991	2	ci	ci	_	_	_	_	_	linguistic	_	ContainsVariation=No	_	_	_	_	_	_
991-3	BO002	991	3	cre:do	credo	_	_	_	_	_	linguistic	_	ContainsVariation=No	_	End=2183.807	2x1	_	_	_
992-0	BO002	992	0	è	è	_	_	_	_	_	linguistic	_	ContainsVariation=No	_	Begin=2184.089	_	_	_	_
992-1	BO002	992	1	bello	bello	_	_	_	_	_	linguistic	_	ContainsVariation=No	_	_	_	_	_	_
992-2	BO002	992	2	un	un	_	_	_	_	_	linguistic	_	ContainsVariation=No	_	_	_	_	_	_
992-3	BO002	992	3	<sac[co>	sacco	_	_	_	_	_	linguistic	_	ContainsVariation=No	PauseAfter=Yes	_	_	Slow=0-5(0)	_	3-5(343)
992-4	BO002	992	4	(.)	(.)	_	_	_	_	_	shortpause	_	ContainsVariation=No	_	_	_	_	_	X(343)
992-5	BO002	992	5	sa]i	sai	_	_	_	_	_	linguistic	_	ContainsVariation=No	_	_	_	_	_	0-2(343)
992-6	BO002	992	6	la	la	_	_	_	_	_	linguistic	_	ContainsVariation=No	_	_	_	_	_	_
992-7	BO002	992	7	mia	mia	_	_	_	_	_	linguistic	_	ContainsVariation=No	_	_	_	_	_	_
992-8	BO002	992	8	scena	scena	_	_	_	_	_	linguistic	_	ContainsVariation=No	_	_	_	_	_	_
992-9	BO002	992	9	preferita	preferita	_	_	_	_	_	linguistic	_	ContainsVariation=No	_	_	_	_	_	_
992-10	BO002	992	10	qual	qual	_	_	_	_	_	linguistic	_	ContainsVariation=No	_	_	_	_	_	_
992-11	BO002	992	11	[è]?	è	_	_	_	_	_	linguistic	_	ContainsVariation=No	Intonation=Rising	End=2188.046	_	_	_	0-1(344)
993-0	BO003	993	0	[sì.	sì	_	_	_	_	_	linguistic	_	ContainsVariation=No	Intonation=Falling	Begin=2185.404	_	_	_	0-2(343)
993-1	BO003	993	1	lui	lui	_	_	_	_	_	linguistic	_	ContainsVariation=No	_	_	_	_	_	0-3(343)
993-2	BO003	993	2	sì].	sì	_	_	_	_	_	linguistic	_	ContainsVariation=No	Intonation=Falling	End=2186.4	_	_	_	0-2(343)
994-0	BO003	994	0	[qua]le?	quale	_	_	_	_	_	linguistic	_	ContainsVariation=No	Intonation=Rising	Begin=2187.746|End=2188.593	_	_	_	0-3(344)
995-0	BO002	995	0	nel	nel	_	_	_	_	_	linguistic	_	ContainsVariation=No	_	Begin=2188.637	_	_	_	_
995-1	BO002	995	1	secondo	secondo	_	_	_	_	_	linguistic	_	ContainsVariation=No	_	End=2189.543	_	_	_	_
996-0	BO003	996	0	sì	sì	_	_	_	_	_	linguistic	_	ContainsVariation=No	_	Begin=2189.543|End=2190.014	_	_	_	_
997-0	BO002	997	0	durante	durante	_	_	_	_	_	linguistic	_	ContainsVariation=No	_	Begin=2190.014	_	_	_	_
997-1	BO002	997	1	la	la	_	_	_	_	_	linguistic	_	ContainsVariation=No	_	_	_	_	_	_
997-2	BO002	997	2	battaglia	battaglia	_	_	_	_	_	linguistic	_	ContainsVariation=No	_	End=2191.402	_	_	_	_
998-0	BO003	998	0	sì	sì	_	_	_	_	_	linguistic	_	ContainsVariation=No	_	Begin=2191.402|End=2192.272	_	_	_	_
999-0	BO002	999	0	mi	mi	_	_	_	_	_	linguistic	_	ContainsVariation=No	_	Begin=2192.3	_	_	_	_
999-1	BO002	999	1	pare	pare	_	_	_	_	_	linguistic	_	ContainsVariation=No	_	_	_	_	_	_
999-2	BO002	999	2	quella	quella	_	_	_	_	_	linguistic	_	ContainsVariation=No	_	_	_	_	_	_
999-3	BO002	999	3	dove	dove	_	_	_	_	_	linguistic	_	ContainsVariation=No	_	_	_	_	_	_
999-4	BO002	999	4	c'	c'	_	_	_	_	_	linguistic	_	ContainsVariation=No	SpaceAfter=No	_	_	_	_	_
999-5	BO002	999	5	è	è	_	_	_	_	_	linguistic	_	ContainsVariation=No	_	_	_	_	_	_
999-6	BO002	999	6	anche	anche	_	_	_	_	_	linguistic	_	ContainsVariation=No	_	_	_	_	_	_
999-7	BO002	999	7	quell'	quell'	_	_	_	_	_	linguistic	_	ContainsVariation=No	SpaceAfter=No	_	_	_	_	_
999-8	BO002	999	8	altro	altro	_	_	_	_	_	linguistic	_	ContainsVariation=No	_	_	_	_	_	_
999-9	BO002	999	9	elfo	elfo	_	_	_	_	_	linguistic	_	ContainsVariation=No	_	_	_	_	_	_
999-10	BO002	999	10	bio:ndo	biondo	_	_	_	_	_	linguistic	_	ContainsVariation=No	_	_	2x1	_	_	_
999-11	BO002	999	11	che	che	_	_	_	_	_	linguistic	_	ContainsVariation=No	_	_	_	_	_	_
999-12	BO002	999	12	non	non	_	_	_	_	_	linguistic	_	ContainsVariation=No	_	_	_	_	_	_
999-13	BO002	999	13	mi	mi	_	_	_	_	_	linguistic	_	ContainsVariation=No	_	_	_	_	_	_
999-14	BO002	999	14	ricordo	ricordo	_	_	_	_	_	linguistic	_	ContainsVariation=No	_	_	_	_	_	_
999-15	BO002	999	15	come	come	_	_	_	_	_	linguistic	_	ContainsVariation=No	_	_	_	_	_	_
999-16	BO002	999	16	si	si	_	_	_	_	_	linguistic	_	ContainsVariation=No	_	_	_	_	_	_
999-17	BO002	999	17	chiami,	chiami	_	_	_	_	_	linguistic	_	ContainsVariation=No	Intonation=WeaklyRising	End=2196.938	_	_	_	_
1000-0	BO002	1000	0	che	che	_	_	_	_	_	linguistic	_	ContainsVariation=No	_	Begin=2197.004	_	_	_	_
1000-1	BO002	1000	1	poi	poi	_	_	_	_	_	linguistic	_	ContainsVariation=No	_	_	_	_	_	_
1000-2	BO002	1000	2	lui	lui	_	_	_	_	_	linguistic	_	ContainsVariation=No	_	_	_	_	_	_
1000-3	BO002	1000	3	muore	muore	_	_	_	_	_	linguistic	_	ContainsVariation=No	_	End=2197.974	_	_	_	_
1001-0	BO003	1001	0	sì,	sì	_	_	_	_	_	linguistic	_	ContainsVariation=No	Intonation=WeaklyRising	Begin=2198.107|End=2198.971	_	_	_	_
1002-0	BO002	1002	0	>c'	c'	_	_	_	_	_	linguistic	_	ContainsVariation=No	SpaceAfter=No	Begin=2199.198	_	Fast=0-2(0)	_	_
1002-1	BO002	1002	1	è<	è	_	_	_	_	_	linguistic	_	ContainsVariation=No	_	_	_	Fast=0-1(0)	_	_
1002-2	BO002	1002	2	a	a	_	_	_	_	_	linguistic	_	ContainsVariation=No	_	_	_	_	_	_
1002-3	BO002	1002	3	un	un	_	_	_	_	_	linguistic	_	ContainsVariation=No	_	_	_	_	_	_
1002-4	BO002	1002	4	certo	certo	_	_	_	_	_	linguistic	_	ContainsVariation=No	_	_	_	_	_	_
1002-5	BO002	1002	5	punto,	punto	_	_	_	_	_	linguistic	_	ContainsVariation=No	Intonation=WeaklyRising|PauseAfter=Yes	_	_	_	_	_
1002-6	BO002	1002	6	(.)	(.)	_	_	_	_	_	shortpause	_	ContainsVariation=No	_	_	_	_	_	_
1002-7	BO002	1002	7	legolas,	legolas	_	_	_	_	_	linguistic	_	ContainsVariation=No	Intonation=WeaklyRising	End=2202.158	_	_	_	_
1003-0	BO003	1003	0	sì	sì	_	_	_	_	_	linguistic	_	ContainsVariation=No	_	Begin=2202.158|End=2202.846	_	_	_	_
1004-0	BO002	1004	0	c'	c'	_	_	_	_	_	linguistic	_	ContainsVariation=No	SpaceAfter=No	Begin=2202.846	_	_	_	_
1004-1	BO002	1004	1	è	è	_	_	_	_	_	linguistic	_	ContainsVariation=No	_	_	_	_	_	_
1004-2	BO002	1004	2	una	una	_	_	_	_	_	linguistic	_	ContainsVariation=No	_	_	_	_	_	_
1004-3	BO002	1004	3	scalinata,	scalinata	_	_	_	_	_	linguistic	_	ContainsVariation=No	Intonation=WeaklyRising	End=2203.883	_	_	_	_
1005-0	BO003	1005	0	sì,	sì	_	_	_	_	_	linguistic	_	ContainsVariation=No	Intonation=WeaklyRising	Begin=2204.029|End=2204.698	_	_	_	_
1006-0	BO002	1006	0	col	col	_	_	_	_	_	linguistic	_	ContainsVariation=No	_	Begin=2204.804	_	_	_	_
1006-1	BO002	1006	1	suo	suo	_	_	_	_	_	linguistic	_	ContainsVariation=No	_	_	_	_	_	_
1006-2	BO002	1006	2	scudo	scudo	_	_	_	_	_	linguistic	_	ContainsVariation=No	_	_	_	_	_	_
1006-3	BO002	1006	3	lo	lo	_	_	_	_	_	linguistic	_	ContainsVariation=No	_	_	_	_	_	_
1006-4	BO002	1006	4	lancia,	lancia	_	_	_	_	_	linguistic	_	ContainsVariation=No	Intonation=WeaklyRising|PauseAfter=Yes	_	_	_	_	_
1006-5	BO002	1006	5	(.)	(.)	_	_	_	_	_	shortpause	_	ContainsVariation=No	_	_	_	_	_	_
1006-6	BO002	1006	6	s~	s~	_	_	_	_	_	linguistic	_	ContainsVariation=No	Interrupted=Yes	_	_	_	_	_
1006-7	BO002	1006	7	giù	giù	_	_	_	_	_	linguistic	_	ContainsVariation=No	_	_	_	_	_	_
1006-8	BO002	1006	8	dalla	dalla	_	_	_	_	_	linguistic	_	ContainsVariation=No	_	_	_	_	_	_
1006-9	BO002	1006	9	scali[nata],	scalinata	_	_	_	_	_	linguistic	_	ContainsVariation=No	Intonation=WeaklyRising	End=2208.889	_	_	_	5-9(345)
1007-0	BO003	1007	0	[sì]	sì	_	_	_	_	_	linguistic	_	ContainsVariation=No	_	Begin=2206.632|End=2207.148	_	_	_	0-2(346)
1008-0	BO003	1008	0	[tipo	tipo	_	_	_	_	_	linguistic	_	ContainsVariation=No	_	Begin=2208.349	_	_	_	0-4(345)
1008-1	BO003	1008	1	fri]sbee	frisbee	_	_	_	_	_	linguistic	_	ContainsVariation=No	_	End=2209.316	_	_	_	0-3(345)
1009-0	BO002	1009	0	esatto.	esatto	_	_	_	_	_	linguistic	_	ContainsVariation=No	Intonation=Falling	Begin=2209.339	_	_	_	_
1009-1	BO002	1009	1	e	e	_	_	_	_	_	linguistic	_	ContainsVariation=No	_	_	_	_	_	_
1009-2	BO002	1009	2	lui	lui	_	_	_	_	_	linguistic	_	ContainsVariation=No	_	_	_	_	_	_
1009-3	BO002	1009	3	ci	ci	_	_	_	_	_	linguistic	_	ContainsVariation=No	_	_	_	_	_	_
1009-4	BO002	1009	4	sale	sale	_	_	_	_	_	linguistic	_	ContainsVariation=No	_	_	_	_	_	_
1009-5	BO002	1009	5	so:pra	sopra	_	_	_	_	_	linguistic	_	ContainsVariation=No	_	_	1x1	_	_	_
1009-6	BO002	1009	6	tipo	tipo	_	_	_	_	_	linguistic	_	ContainsVariation=No	_	_	_	_	_	_
1009-7	BO002	1009	7	surf,	surf	_	_	_	_	_	linguistic	_	ContainsVariation=No	Intonation=WeaklyRising	_	_	_	_	_
1009-8	BO002	1009	8	e	e	_	_	_	_	_	linguistic	_	ContainsVariation=No	_	_	_	_	_	_
1009-9	BO002	1009	9	lancia	lancia	_	_	_	_	_	linguistic	_	ContainsVariation=No	_	_	_	_	_	_
1009-10	BO002	1009	10	le	le	_	_	_	_	_	linguistic	_	ContainsVariation=No	_	_	_	_	_	_
1009-11	BO002	1009	11	fre:c[ce]	frecce	_	_	_	_	_	linguistic	_	ContainsVariation=No	_	End=2213.779	2x1	_	_	4-6(347)
1010-0	BO003	1010	0	[ma]do:n[na:]	madonna	_	_	_	_	_	linguistic	_	ContainsVariation=No	_	Begin=2213.497|End=2214.608	3x1,6x1	_	_	0-2(347),5-7(348)
1011-0	BO002	1011	0	[eh]	eh	_	_	_	_	_	linguistic	_	ContainsVariation=No	_	Begin=2214.35	_	_	_	0-2(348)
1011-1	BO002	1011	1	io	io	_	_	_	_	_	linguistic	_	ContainsVariation=No	_	_	_	_	_	_
1011-2	BO002	1011	2	sono	sono	_	_	_	_	_	linguistic	_	ContainsVariation=No	_	_	_	_	_	_
1011-3	BO002	1011	3	lì	lì	_	_	_	_	_	linguistic	_	ContainsVariation=No	_	_	_	_	_	_
1011-4	BO002	1011	4	ogni	ogni	_	_	_	_	_	linguistic	_	ContainsVariation=No	_	_	_	_	_	_
1011-5	BO002	1011	5	vo::lta	volta	_	_	_	_	_	linguistic	_	ContainsVariation=No	PauseAfter=Yes	_	1x2	_	_	_
1011-6	BO002	1011	6	(.)	(.)	_	_	_	_	_	shortpause	_	ContainsVariation=No	_	_	_	_	_	_
1011-7	BO002	1011	7	che	che	_	_	_	_	_	linguistic	_	ContainsVariation=No	_	End=2218.381	_	_	_	_
1012-0	BO003	1012	0	che.	che	_	_	_	_	_	linguistic	_	ContainsVariation=No	Intonation=Falling	Begin=2218.997	_	_	_	_
1012-1	BO003	1012	1	<figo>.	figo	_	_	_	_	_	linguistic	_	ContainsVariation=No	Intonation=Falling	End=2220.584	_	Slow=0-4(0)	_	_
1013-0	BO002	1013	0	((ride))	((ride))	_	_	_	_	_	nonverbalbehavior	_	ContainsVariation=No	_	Begin=2219.923|End=2221.303	_	_	_	_
1014-0	BO002	1014	0	è	è	_	_	_	_	_	linguistic	_	ContainsVariation=No	_	Begin=2222.308	_	_	_	_
1014-1	BO002	1014	1	bellissim~	bellissim~	_	_	_	_	_	linguistic	_	ContainsVariation=No	Interrupted=Yes	_	_	_	_	_
1014-2	BO002	1014	2	non	non	_	_	_	_	_	linguistic	_	ContainsVariation=No	_	_	_	_	_	_
1014-3	BO002	1014	3	so,	so	_	_	_	_	_	linguistic	_	ContainsVariation=No	Intonation=WeaklyRising	_	_	_	_	_
1014-4	BO002	1014	4	[se	se	_	_	_	_	_	linguistic	_	ContainsVariation=No	_	_	_	_	_	0-2(351)
1014-5	BO002	1014	5	l'	l'	_	_	_	_	_	linguistic	_	ContainsVariation=No	SpaceAfter=No	_	_	_	_	0-2(351)
1014-6	BO002	1014	6	hai	hai	_	_	_	_	_	linguistic	_	ContainsVariation=No	_	_	_	_	_	0-3(351)
1014-7	BO002	1014	7	prese:nte]	presente	_	_	_	_	_	linguistic	_	ContainsVariation=No	_	_	4x1	_	_	0-8(351)
1014-8	BO002	1014	8	la	la	_	_	_	_	_	linguistic	_	ContainsVariation=No	_	_	_	_	_	_
1014-9	BO002	1014	9	sce:[na]	scena	_	_	_	_	_	linguistic	_	ContainsVariation=No	_	End=2225.497	2x1	_	_	3-5(350)
1015-0	BO003	1015	0	[sì	sì	_	_	_	_	_	linguistic	_	ContainsVariation=No	_	Begin=2223.414	_	_	_	0-2(351)
1015-1	BO003	1015	1	lui	lui	_	_	_	_	_	linguistic	_	ContainsVariation=No	_	_	_	_	_	0-3(351)
1015-2	BO003	1015	2	sì]	sì	_	_	_	_	_	linguistic	_	ContainsVariation=No	_	End=2224.689	_	_	_	0-2(351)
1016-0	BO003	1016	0	[la]	la	_	_	_	_	_	linguistic	_	ContainsVariation=No	_	Begin=2225.243	_	_	_	0-2(350)
1016-1	BO003	1016	1	scena	scena	_	_	_	_	_	linguistic	_	ContainsVariation=No	_	_	_	_	_	_
1016-2	BO003	1016	2	no	no	_	_	_	_	_	linguistic	_	ContainsVariation=No	_	_	_	_	_	_
1016-3	BO003	1016	3	però	però	_	_	_	_	_	linguistic	_	ContainsVariation=No	_	_	_	_	_	_
1016-4	BO003	1016	4	lui	lui	_	_	_	_	_	linguistic	_	ContainsVariation=No	_	_	_	_	_	_
1016-5	BO003	1016	5	mi	mi	_	_	_	_	_	linguistic	_	ContainsVariation=No	_	_	_	_	_	_
1016-6	BO003	1016	6	ricordo	ricordo	_	_	_	_	_	linguistic	_	ContainsVariation=No	_	_	_	_	_	_
1016-7	BO003	1016	7	che	che	_	_	_	_	_	linguistic	_	ContainsVariation=No	_	_	_	_	_	_
1016-8	BO003	1016	8	era	era	_	_	_	_	_	linguistic	_	ContainsVariation=No	_	_	_	_	_	_
1016-9	BO003	1016	9	proprio:	proprio	_	_	_	_	_	linguistic	_	ContainsVariation=No	PauseAfter=Yes	_	6x1	_	_	_
1016-10	BO003	1016	10	(.)	(.)	_	_	_	_	_	shortpause	_	ContainsVariation=No	_	_	_	_	_	_
1016-11	BO003	1016	11	<un	un	_	_	_	_	_	linguistic	_	ContainsVariation=No	_	_	_	Slow=0-2(0)	_	_
1016-12	BO003	1016	12	di	di	_	_	_	_	_	linguistic	_	ContainsVariation=No	_	_	_	Slow=0-2(0)	_	_
1016-13	BO003	1016	13	più>	più	_	_	_	_	_	linguistic	_	ContainsVariation=No	_	_	_	Slow=0-3(0)	_	_
1016-14	BO003	1016	14	[del	del	_	_	_	_	_	linguistic	_	ContainsVariation=No	_	_	_	_	_	0-3(352)
1016-15	BO003	1016	15	più	più	_	_	_	_	_	linguistic	_	ContainsVariation=No	_	_	_	_	_	0-3(352)
1016-16	BO003	1016	16	del	del	_	_	_	_	_	linguistic	_	ContainsVariation=No	_	_	_	_	_	0-3(352)
1016-17	BO003	1016	17	più]	più	_	_	_	_	_	linguistic	_	ContainsVariation=No	_	End=2230.75	_	_	_	0-3(352)
1017-0	BO002	1017	0	[te	te	_	_	_	_	_	linguistic	_	ContainsVariation=No	_	Begin=2229.062	_	_	_	0-2(352)
1017-1	BO002	1017	1	la	la	_	_	_	_	_	linguistic	_	ContainsVariation=No	_	_	_	_	_	0-2(352)
1017-2	BO002	1017	2	devo	devo	_	_	_	_	_	linguistic	_	ContainsVariation=No	_	_	_	_	_	0-4(352)
1017-3	BO002	1017	3	fare	fare	_	_	_	_	_	linguistic	_	ContainsVariation=No	_	_	_	_	_	0-4(352)
1017-4	BO002	1017	4	vede:]re	vedere	_	_	_	_	_	linguistic	_	ContainsVariation=No	_	End=2231.147	3x1	_	_	0-4(352)
1018-0	BO003	1018	0	((ride))	((ride))	_	_	_	_	_	nonverbalbehavior	_	ContainsVariation=No	_	Begin=2232.581|End=2233.51	_	_	_	_
1019-0	BO003	1019	0	sì.	sì	_	_	_	_	_	linguistic	_	ContainsVariation=No	Intonation=Falling	Begin=2234.593	_	_	_	_
1019-1	BO003	1019	1	lui	lui	_	_	_	_	_	linguistic	_	ContainsVariation=No	_	_	_	_	_	_
1019-2	BO003	1019	2	e	e	_	_	_	_	_	linguistic	_	ContainsVariation=No	_	_	_	_	_	_
1019-3	BO003	1019	3	aragon	aragon	_	_	_	_	_	linguistic	_	ContainsVariation=No	_	_	_	_	_	_
1019-4	BO003	1019	4	sono	sono	_	_	_	_	_	linguistic	_	ContainsVariation=No	_	_	_	_	_	_
1019-5	BO003	1019	5	i	i	_	_	_	_	_	linguistic	_	ContainsVariation=No	_	_	_	_	_	_
1019-6	BO003	1019	6	più	più	_	_	_	_	_	linguistic	_	ContainsVariation=No	PauseAfter=Yes	_	_	_	_	_
1019-7	BO003	1019	7	(.)	(.)	_	_	_	_	_	shortpause	_	ContainsVariation=No	_	_	_	_	_	_
1019-8	BO003	1019	8	sono	sono	_	_	_	_	_	linguistic	_	ContainsVariation=No	_	_	_	_	_	_
1019-9	BO003	1019	9	i	i	_	_	_	_	_	linguistic	_	ContainsVariation=No	_	_	_	_	_	_
1019-10	BO003	1019	10	più	più	_	_	_	_	_	linguistic	_	ContainsVariation=No	_	_	_	_	_	_
1019-11	BO003	1019	11	belli	belli	_	_	_	_	_	linguistic	_	ContainsVariation=No	_	End=2238.696	_	_	_	_
1020-0	BO003	1020	0	però	però	_	_	_	_	_	linguistic	_	ContainsVariation=No	_	Begin=2238.919	_	_	_	_
1020-1	BO003	1020	1	forse	forse	_	_	_	_	_	linguistic	_	ContainsVariation=No	_	_	_	_	_	_
1020-2	BO003	1020	2	legolas	legolas	_	_	_	_	_	linguistic	_	ContainsVariation=No	_	_	_	_	_	_
1020-3	BO003	1020	3	è	è	_	_	_	_	_	linguistic	_	ContainsVariation=No	_	_	_	_	_	_
1020-4	BO003	1020	4	ancora	ancora	_	_	_	_	_	linguistic	_	ContainsVariation=No	_	_	_	_	_	_
1020-5	BO003	1020	5	più	più	_	_	_	_	_	linguistic	_	ContainsVariation=No	_	_	_	_	_	_
1020-6	BO003	1020	6	bello	bello	_	_	_	_	_	linguistic	_	ContainsVariation=No	_	End=2241.156	_	_	_	_
1021-0	BO002	1021	0	il	il	_	_	_	_	_	linguistic	_	ContainsVariation=No	_	Begin=2242.14	_	_	_	_
1021-1	BO002	1021	1	fatto	fatto	_	_	_	_	_	linguistic	_	ContainsVariation=No	_	_	_	_	_	_
1021-2	BO002	1021	2	è	è	_	_	_	_	_	linguistic	_	ContainsVariation=No	_	_	_	_	_	_
1021-3	BO002	1021	3	che	che	_	_	_	_	_	linguistic	_	ContainsVariation=No	PauseAfter=Yes	_	_	_	_	_
1021-4	BO002	1021	4	(.)	(.)	_	_	_	_	_	shortpause	_	ContainsVariation=No	_	_	_	_	_	_
1021-5	BO002	1021	5	aragon,	aragon	_	_	_	_	_	linguistic	_	ContainsVariation=No	Intonation=WeaklyRising	_	_	_	_	_
1021-6	BO002	1021	6	io	io	_	_	_	_	_	linguistic	_	ContainsVariation=No	_	_	_	_	_	_
1021-7	BO002	1021	7	sono	sono	_	_	_	_	_	linguistic	_	ContainsVariation=No	_	_	_	_	_	_
1021-8	BO002	1021	8	andata	andata	_	_	_	_	_	linguistic	_	ContainsVariation=No	_	_	_	_	_	_
1021-9	BO002	1021	9	a	a	_	_	_	_	_	linguistic	_	ContainsVariation=No	_	_	_	_	_	_
1021-10	BO002	1021	10	cercare::	cercare	_	_	_	_	_	linguistic	_	ContainsVariation=No	_	_	6x2	_	_	_
1021-11	BO002	1021	11	l'	l'	_	_	_	_	_	linguistic	_	ContainsVariation=No	SpaceAfter=No	_	_	_	_	_
1021-12	BO002	1021	12	attore	attore	_	_	_	_	_	linguistic	_	ContainsVariation=No	_	_	_	_	_	_
1021-13	BO002	1021	13	[>che	che	_	_	_	_	_	linguistic	_	ContainsVariation=No	_	_	_	Fast=0-3(0)	_	0-3(353)
1021-14	BO002	1021	14	non	non	_	_	_	_	_	linguistic	_	ContainsVariation=No	_	_	_	Fast=0-3(0)	_	0-3(353)
1021-15	BO002	1021	15	mi]	mi	_	_	_	_	_	linguistic	_	ContainsVariation=No	_	_	_	Fast=0-2(0)	_	0-2(353)
1021-16	BO002	1021	16	ricordo	ricordo	_	_	_	_	_	linguistic	_	ContainsVariation=No	_	_	_	Fast=0-7(0)	_	_
1021-17	BO002	1021	17	come	come	_	_	_	_	_	linguistic	_	ContainsVariation=No	_	_	_	Fast=0-4(0)	_	_
1021-18	BO002	1021	18	si	si	_	_	_	_	_	linguistic	_	ContainsVariation=No	_	_	_	Fast=0-2(0)	_	_
1021-19	BO002	1021	19	chiama<	chiama	_	_	_	_	_	linguistic	_	ContainsVariation=No	_	End=2247.77	_	Fast=0-6(0)	_	_
1022-0	BO003	1022	0	[sì]	sì	_	_	_	_	_	linguistic	_	ContainsVariation=No	_	Begin=2246.605|End=2247.497	_	_	_	0-2(353)
1023-0	BO003	1023	0	sì,	sì	_	_	_	_	_	linguistic	_	ContainsVariation=No	Intonation=WeaklyRising	Begin=2247.77|End=2248.254	_	_	_	_
1024-0	BO002	1024	0	che	che	_	_	_	_	_	linguistic	_	ContainsVariation=No	_	Begin=2248.254	_	_	_	_
1024-1	BO002	1024	1	a	a	_	_	_	_	_	linguistic	_	ContainsVariation=No	_	_	_	_	_	_
1024-2	BO002	1024	2	parte	parte	_	_	_	_	_	linguistic	_	ContainsVariation=No	_	_	_	_	_	_
1024-3	BO002	1024	3	che	che	_	_	_	_	_	linguistic	_	ContainsVariation=No	PauseAfter=Yes	_	_	_	_	_
1024-4	BO002	1024	4	(.)	(.)	_	_	_	_	_	shortpause	_	ContainsVariation=No	_	_	_	_	_	_
1024-5	BO002	1024	5	era	era	_	_	_	_	_	linguistic	_	ContainsVariation=No	_	_	_	_	_	_
1024-6	BO002	1024	6	già	già	_	_	_	_	_	linguistic	_	ContainsVariation=No	_	_	_	_	_	_
1024-7	BO002	1024	7	vecchio	vecchio	_	_	_	_	_	linguistic	_	ContainsVariation=No	_	End=2250.368	_	_	_	_
1025-0	BO003	1025	0	sì	sì	_	_	_	_	_	linguistic	_	ContainsVariation=No	_	Begin=2250.459|End=2251.054	_	_	_	_
1026-0	BO002	1026	0	non	non	_	_	_	_	_	linguistic	_	ContainsVariation=No	_	Begin=2251.054	_	_	_	_
1026-1	BO002	1026	1	è	è	_	_	_	_	_	linguistic	_	ContainsVariation=No	_	_	_	_	_	_
1026-2	BO002	1026	2	un	un	_	_	_	_	_	linguistic	_	ContainsVariation=No	_	_	_	_	_	_
1026-3	BO002	1026	3	granché	granché	_	_	_	_	_	linguistic	_	ContainsVariation=No	_	_	_	_	_	_
1026-4	BO002	1026	4	l'	l'	_	_	_	_	_	linguistic	_	ContainsVariation=No	SpaceAfter=No	_	_	_	_	_
1026-5	BO002	1026	5	attore	attore	_	_	_	_	_	linguistic	_	ContainsVariation=No	_	End=2253.144	_	_	_	_
1027-0	BO003	1027	0	nor[male]	normale	_	_	_	_	_	linguistic	_	ContainsVariation=No	_	Begin=2253.917|End=2255.112	_	_	_	3-7(354)
1028-0	BO002	1028	0	[>cioè<	cioè	_	_	_	_	_	linguistic	_	ContainsVariation=No	_	Begin=2254.059	_	Fast=0-4(0)	_	0-4(354)
1028-1	BO002	1028	1	è	è	_	_	_	_	_	linguistic	_	ContainsVariation=No	_	_	_	_	_	0-1(354)
1028-2	BO002	1028	2	affasci]nante	affascinante	_	_	_	_	_	linguistic	_	ContainsVariation=No	_	_	_	_	_	0-7(354)
1028-3	BO002	1028	3	nel	nel	_	_	_	_	_	linguistic	_	ContainsVariation=No	_	_	_	_	_	_
1028-4	BO002	1028	4	persoanggio	persoanggio	_	_	_	_	_	linguistic	_	ContainsVariation=No	_	_	_	_	_	_
1028-5	BO002	1028	5	di	di	_	_	_	_	_	linguistic	_	ContainsVariation=No	_	_	_	_	_	_
1028-6	BO002	1028	6	ara[gon]	aragon	_	_	_	_	_	linguistic	_	ContainsVariation=No	_	End=2257.14	_	_	_	3-6(355)
1029-0	BO003	1029	0	[sì]:	sì	_	_	_	_	_	linguistic	_	ContainsVariation=No	_	Begin=2256.955|End=2257.213	1x1	_	_	0-2(355)
1030-0	BO002	1030	0	però,	però	_	_	_	_	_	linguistic	_	ContainsVariation=No	Intonation=WeaklyRising|PauseAfter=Yes	Begin=2257.64	_	_	_	_
1030-1	BO002	1030	1	(.)	(.)	_	_	_	_	_	shortpause	_	ContainsVariation=No	_	_	_	_	_	_
1030-2	BO002	1030	2	l'	l'	_	_	_	_	_	linguistic	_	ContainsVariation=No	SpaceAfter=No	_	_	_	_	_
1030-3	BO002	1030	3	attore	attore	_	_	_	_	_	linguistic	_	ContainsVariation=No	_	_	_	_	_	_
1030-4	BO002	1030	4	di	di	_	_	_	_	_	linguistic	_	ContainsVariation=No	_	_	_	_	_	_
1030-5	BO002	1030	5	per	per	_	_	_	_	_	linguistic	_	ContainsVariation=No	_	_	_	_	_	_
1030-6	BO002	1030	6	sé	sé	_	_	_	_	_	linguistic	_	ContainsVariation=No	_	End=2260.491	_	_	_	_
1031-0	BO002	1031	0	invece	invece	_	_	_	_	_	linguistic	_	ContainsVariation=No	_	Begin=2260.823	_	_	_	_
1031-1	BO002	1031	1	il	il	_	_	_	_	_	linguistic	_	ContainsVariation=No	_	_	_	_	_	_
1031-2	BO002	1031	2	fatto	fatto	_	_	_	_	_	linguistic	_	ContainsVariation=No	_	_	_	_	_	_
1031-3	BO002	1031	3	che	che	_	_	_	_	_	linguistic	_	ContainsVariation=No	_	_	_	_	_	_
1031-4	BO002	1031	4	[orlando	orlando	_	_	_	_	_	linguistic	_	ContainsVariation=No	_	_	_	_	_	0-7(356)
1031-5	BO002	1031	5	bloom]	bloom	_	_	_	_	_	linguistic	_	ContainsVariation=No	_	_	_	_	_	0-5(356)
1031-6	BO002	1031	6	è	è	_	_	_	_	_	linguistic	_	ContainsVariation=No	_	_	_	_	_	_
1031-7	BO002	1031	7	figo	figo	_	_	_	_	_	linguistic	_	ContainsVariation=No	_	_	_	_	_	_
1031-8	BO002	1031	8	già	già	_	_	_	_	_	linguistic	_	ContainsVariation=No	_	_	_	_	_	_
1031-9	BO002	1031	9	di	di	_	_	_	_	_	linguistic	_	ContainsVariation=No	_	_	_	_	_	_
1031-10	BO002	1031	10	suo	suo	_	_	_	_	_	linguistic	_	ContainsVariation=No	PauseAfter=Yes	_	_	_	_	_
1031-11	BO002	1031	11	(.)	(.)	_	_	_	_	_	shortpause	_	ContainsVariation=No	_	_	_	_	_	_
1031-12	BO002	1031	12	poi	poi	_	_	_	_	_	linguistic	_	ContainsVariation=No	_	_	_	_	_	_
1031-13	BO002	1031	13	lo	lo	_	_	_	_	_	linguistic	_	ContainsVariation=No	_	_	_	_	_	_
1031-14	BO002	1031	14	fai	fai	_	_	_	_	_	linguistic	_	ContainsVariation=No	_	_	_	_	_	_
1031-15	BO002	1031	15	interpretare	interpretare	_	_	_	_	_	linguistic	_	ContainsVariation=No	PauseAfter=Yes	_	_	_	_	_
1031-16	BO002	1031	16	(.)	(.)	_	_	_	_	_	shortpause	_	ContainsVariation=No	_	_	_	_	_	_
1031-17	BO002	1031	17	uno	uno	_	_	_	_	_	linguistic	_	ContainsVariation=No	_	_	_	_	_	_
1031-18	BO002	1031	18	fi:go,	figo	_	_	_	_	_	linguistic	_	ContainsVariation=No	Intonation=WeaklyRising	_	1x1	_	_	_
1031-19	BO002	1031	19	è	è	_	_	_	_	_	linguistic	_	ContainsVariation=No	_	_	_	_	_	_
1031-20	BO002	1031	20	figo,	figo	_	_	_	_	_	linguistic	_	ContainsVariation=No	Intonation=WeaklyRising	_	_	_	_	_
1031-21	BO002	1031	21	all'	all'	_	_	_	_	_	linguistic	_	ContainsVariation=No	SpaceAfter=No	_	_	_	_	_
1031-22	BO002	1031	22	enesima	enesima	_	_	_	_	_	linguistic	_	ContainsVariation=No	_	_	_	_	_	_
1031-23	BO002	1031	23	potehnza.	potehnza	_	_	_	_	_	linguistic	_	ContainsVariation=No	Intonation=Falling	End=2269.893	_	_	_	_
1032-0	BO003	1032	0	[orlando	orlando	_	_	_	_	_	linguistic	_	ContainsVariation=No	_	Begin=2261.717	_	_	_	0-7(356)
1032-1	BO003	1032	1	bloom]	bloom	_	_	_	_	_	linguistic	_	ContainsVariation=No	_	End=2262.784	_	_	_	0-5(356)
1033-0	BO003	1033	0	((ride))	((ride))	_	_	_	_	_	nonverbalbehavior	_	ContainsVariation=No	_	Begin=2264.421|End=2265.16	_	_	_	_
1034-0	BO003	1034	0	sì	sì	_	_	_	_	_	linguistic	_	ContainsVariation=No	_	Begin=2269.943	_	_	_	_
1034-1	BO003	1034	1	((ride))	((ride))	_	_	_	_	_	nonverbalbehavior	_	ContainsVariation=No	_	End=2270.429	_	_	_	_
1035-0	BO003	1035	0	che	che	_	_	_	_	_	linguistic	_	ContainsVariation=No	_	Begin=2271.426	_	_	_	_
1035-1	BO003	1035	1	poi	poi	_	_	_	_	_	linguistic	_	ContainsVariation=No	_	_	_	_	_	_
1035-2	BO003	1035	2	legolas,	legolas	_	_	_	_	_	linguistic	_	ContainsVariation=No	Intonation=WeaklyRising	_	_	_	_	_
1035-3	BO003	1035	3	>cioè<	cioè	_	_	_	_	_	linguistic	_	ContainsVariation=No	_	_	_	Fast=0-4(0)	_	_
1035-4	BO003	1035	4	era	era	_	_	_	_	_	linguistic	_	ContainsVariation=No	_	_	_	_	_	_
1035-5	BO003	1035	5	un	un	_	_	_	_	_	linguistic	_	ContainsVariation=No	_	_	_	_	_	_
1035-6	BO003	1035	6	ragazzino	ragazzino	_	_	_	_	_	linguistic	_	ContainsVariation=No	_	_	_	_	_	_
1035-7	BO003	1035	7	nella	nella	_	_	_	_	_	linguistic	_	ContainsVariation=No	_	_	_	_	_	_
1035-8	BO003	1035	8	compagnia	compagnia	_	_	_	_	_	linguistic	_	ContainsVariation=No	_	_	_	_	_	_
1035-9	BO003	1035	9	dell'	dell'	_	_	_	_	_	linguistic	_	ContainsVariation=No	SpaceAfter=No	_	_	_	_	_
1035-10	BO003	1035	10	anello	anello	_	_	_	_	_	linguistic	_	ContainsVariation=No	_	End=2275.14	_	_	_	_
1036-0	BO003	1036	0	il	il	_	_	_	_	_	linguistic	_	ContainsVariation=No	_	Begin=2275.304	_	_	_	_
1036-1	BO003	1036	1	eh:	eh	_	_	_	_	_	linguistic	_	ContainsVariation=No	_	_	1x1	_	_	_
1036-2	BO003	1036	2	orlando	orlando	_	_	_	_	_	linguistic	_	ContainsVariation=No	_	_	_	_	_	_
1036-3	BO003	1036	3	bloom	bloom	_	_	_	_	_	linguistic	_	ContainsVariation=No	_	End=2277.046	_	_	_	_
1037-0	BO003	1037	0	quindi	quindi	_	_	_	_	_	linguistic	_	ContainsVariation=No	_	Begin=2277.446	_	_	_	_
1037-1	BO003	1037	1	propri[o]	proprio	_	_	_	_	_	linguistic	_	ContainsVariation=No	_	End=2278.439	_	_	_	6-7(358)
1038-0	BO002	1038	0	[qua]ndo	quando	_	_	_	_	_	linguistic	_	ContainsVariation=No	_	Begin=2278.263	_	_	_	0-3(358)
1038-1	BO002	1038	1	gli	gli	_	_	_	_	_	linguistic	_	ContainsVariation=No	_	_	_	_	_	_
1038-2	BO002	1038	2	dice:	dice	_	_	_	_	_	linguistic	_	ContainsVariation=No	PauseAfter=Yes	_	3x1	_	_	_
1038-3	BO002	1038	3	(.)	(.)	_	_	_	_	_	shortpause	_	ContainsVariation=No	_	_	_	_	_	_
1038-4	BO002	1038	4	hai	hai	_	_	_	_	_	linguistic	_	ContainsVariation=No	_	_	_	_	_	_
1038-5	BO002	1038	5	la	la	_	_	_	_	_	linguistic	_	ContainsVariation=No	_	_	_	_	_	_
1038-6	BO002	1038	6	mia	mia	_	_	_	_	_	linguistic	_	ContainsVariation=No	_	_	_	_	_	_
1038-7	BO002	1038	7	spada,	spada	_	_	_	_	_	linguistic	_	ContainsVariation=No	Intonation=WeaklyRising	_	_	_	_	_
1038-8	BO002	1038	8	[a	a	_	_	_	_	_	linguistic	_	ContainsVariation=No	_	_	_	_	_	0-1(359)
1038-9	BO002	1038	9	ara]gon,	aragon	_	_	_	_	_	linguistic	_	ContainsVariation=No	Intonation=WeaklyRising	End=2281.996	_	_	_	0-3(359)
1039-0	BO003	1039	0	[sì]	sì	_	_	_	_	_	linguistic	_	ContainsVariation=No	_	Begin=2281.248|End=2281.794	_	_	_	0-2(359)
1040-0	BO003	1040	0	sì	sì	_	_	_	_	_	linguistic	_	ContainsVariation=No	_	Begin=2282.057|End=2282.822	_	_	_	_
1041-0	BO002	1041	0	eh:	eh	_	_	_	_	_	linguistic	_	ContainsVariation=No	_	Begin=2283.197	1x1	_	_	_
1041-1	BO002	1041	1	mh	mh	_	_	_	_	_	linguistic	_	ContainsVariation=No	_	_	_	_	_	_
1041-2	BO002	1041	2	mh	mh	_	_	_	_	_	linguistic	_	ContainsVariation=No	_	_	_	_	_	_
1041-3	BO002	1041	3	e	e	_	_	_	_	_	linguistic	_	ContainsVariation=No	_	_	_	_	_	_
1041-4	BO002	1041	4	la	la	_	_	_	_	_	linguistic	_	ContainsVariation=No	_	_	_	_	_	_
1041-5	BO002	1041	5	mia	mia	_	_	_	_	_	linguistic	_	ContainsVariation=No	_	_	_	_	_	_
1041-6	BO002	1041	6	<lancia>	lancia	_	_	_	_	_	linguistic	_	ContainsVariation=No	_	_	_	Slow=0-6(0)	_	_
1041-7	BO002	1041	7	perché	perché	_	_	_	_	_	linguistic	_	ContainsVariation=No	_	_	_	_	_	_
1041-8	BO002	1041	8	ha	ha	_	_	_	_	_	linguistic	_	ContainsVariation=No	_	_	_	_	_	_
1041-9	BO002	1041	9	tipo::	tipo	_	_	_	_	_	linguistic	_	ContainsVariation=No	_	_	3x2	_	_	_
1041-10	BO002	1041	10	legola~	legola~	_	_	_	_	_	linguistic	_	ContainsVariation=No	Interrupted=Yes	_	_	_	_	_
1041-11	BO002	1041	11	no.	no	_	_	_	_	_	linguistic	_	ContainsVariation=No	Intonation=Falling	_	_	_	_	_
1041-12	BO002	1041	12	e	e	_	_	_	_	_	linguistic	_	ContainsVariation=No	_	_	_	_	_	_
1041-13	BO002	1041	13	il	il	_	_	_	_	_	linguistic	_	ContainsVariation=No	_	_	_	_	_	_
1041-14	BO002	1041	14	mio	mio	_	_	_	_	_	linguistic	_	ContainsVariation=No	_	_	_	_	_	_
1041-15	BO002	1041	15	arco	arco	_	_	_	_	_	linguistic	_	ContainsVariation=No	_	_	_	_	_	_
1041-16	BO002	1041	16	gli	gli	_	_	_	_	_	linguistic	_	ContainsVariation=No	_	_	_	_	_	_
1041-17	BO002	1041	17	dice	dice	_	_	_	_	_	linguistic	_	ContainsVariation=No	_	_	_	_	_	_
1041-18	BO002	1041	18	lego[las]	legolas	_	_	_	_	_	linguistic	_	ContainsVariation=No	_	End=2289.92	_	_	_	4-7(360)
1042-0	BO003	1042	0	[sì]	sì	_	_	_	_	_	linguistic	_	ContainsVariation=No	_	Begin=2289.521|End=2289.918	_	_	_	0-2(360)
1043-0	BO003	1043	0	((ride))	((ride))	_	_	_	_	_	nonverbalbehavior	_	ContainsVariation=No	_	Begin=2293.281|End=2294.181	_	_	_	_
1044-0	BO002	1044	0	io	io	_	_	_	_	_	linguistic	_	ContainsVariation=No	_	Begin=2294.181	_	_	_	_
1044-1	BO002	1044	1	ho	ho	_	_	_	_	_	linguistic	_	ContainsVariation=No	_	_	_	_	_	_
1044-2	BO002	1044	2	un	un	_	_	_	_	_	linguistic	_	ContainsVariation=No	_	_	_	_	_	_
1044-3	BO002	1044	3	amore	amore	_	_	_	_	_	linguistic	_	ContainsVariation=No	_	_	_	_	_	_
1044-4	BO002	1044	4	per	per	_	_	_	_	_	linguistic	_	ContainsVariation=No	_	_	_	_	_	_
1044-5	BO002	1044	5	legolas	legolas	_	_	_	_	_	linguistic	_	ContainsVariation=No	_	_	_	_	_	_
1044-6	BO002	1044	6	che	che	_	_	_	_	_	linguistic	_	ContainsVariation=No	_	_	_	_	_	_
1044-7	BO002	1044	7	va	va	_	_	_	_	_	linguistic	_	ContainsVariation=No	_	_	_	_	_	_
1044-8	BO002	1044	8	oltre::	oltre	_	_	_	_	_	linguistic	_	ContainsVariation=No	_	End=2297.396	4x2	_	_	_
1045-0	BO003	1045	0	qualunque:	qualunque	_	_	_	_	_	linguistic	_	ContainsVariation=No	_	Begin=2297.396	8x1	_	_	_
1045-1	BO003	1045	1	((ride))	((ride))	_	_	_	_	_	nonverbalbehavior	_	ContainsVariation=No	_	_	_	_	_	_
1045-2	BO003	1045	2	non	non	_	_	_	_	_	linguistic	_	ContainsVariation=No	_	_	_	_	_	_
1045-3	BO003	1045	3	vedi	vedi	_	_	_	_	_	linguistic	_	ContainsVariation=No	_	_	_	_	_	_
1045-4	BO003	1045	4	l'	l'	_	_	_	_	_	linguistic	_	ContainsVariation=No	SpaceAfter=No	_	_	_	_	_
1045-5	BO003	1045	5	ora	ora	_	_	_	_	_	linguistic	_	ContainsVariation=No	_	_	_	_	_	_
1045-6	BO003	1045	6	che	che	_	_	_	_	_	linguistic	_	ContainsVariation=No	_	_	_	_	_	_
1045-7	BO003	1045	7	arrivi	arrivi	_	_	_	_	_	linguistic	_	ContainsVariation=No	_	End=2300.359	_	_	_	_
1046-0	BO002	1046	0	((ride))	((ride))	_	_	_	_	_	nonverbalbehavior	_	ContainsVariation=No	_	Begin=2298.046|End=2298.932	_	_	_	_
1047-0	BO002	1047	0	sì::	sì	_	_	_	_	_	linguistic	_	ContainsVariation=No	_	Begin=2300.401	1x2	_	_	_
1047-1	BO002	1047	1	>tutto<	tutto	_	_	_	_	_	linguistic	_	ContainsVariation=No	PauseAfter=Yes	_	_	Fast=0-5(0)	_	_
1047-2	BO002	1047	2	(.)	(.)	_	_	_	_	_	shortpause	_	ContainsVariation=No	_	_	_	_	_	_
1047-3	BO002	1047	3	però	però	_	_	_	_	_	linguistic	_	ContainsVariation=No	_	_	_	_	_	_
1047-4	BO002	1047	4	nel	nel	_	_	_	_	_	linguistic	_	ContainsVariation=No	_	_	_	_	_	_
1047-5	BO002	1047	5	primo	primo	_	_	_	_	_	linguistic	_	ContainsVariation=No	_	_	_	_	_	_
1047-6	BO002	1047	6	libro	libro	_	_	_	_	_	linguistic	_	ContainsVariation=No	_	_	_	_	_	_
1047-7	BO002	1047	7	mi	mi	_	_	_	_	_	linguistic	_	ContainsVariation=No	_	_	_	_	_	_
1047-8	BO002	1047	8	sa	sa	_	_	_	_	_	linguistic	_	ContainsVariation=No	_	_	_	_	_	_
1047-9	BO002	1047	9	che::	che	_	_	_	_	_	linguistic	_	ContainsVariation=No	_	_	2x2	_	_	_
1047-10	BO002	1047	10	arriva	arriva	_	_	_	_	_	linguistic	_	ContainsVariation=No	_	_	_	_	_	_
1047-11	BO002	1047	11	solo	solo	_	_	_	_	_	linguistic	_	ContainsVariation=No	_	_	_	_	_	_
1047-12	BO002	1047	12	alla	alla	_	_	_	_	_	linguistic	_	ContainsVariation=No	_	_	_	_	_	_
1047-13	BO002	1047	13	fi:ne	fine	_	_	_	_	_	linguistic	_	ContainsVariation=No	_	End=2305.404	1x1	_	_	_
1048-0	BO003	1048	0	sì	sì	_	_	_	_	_	linguistic	_	ContainsVariation=No	PauseAfter=Yes	Begin=2305.448	_	_	_	_
1048-1	BO003	1048	1	(.)	(.)	_	_	_	_	_	shortpause	_	ContainsVariation=No	_	_	_	_	_	_
1048-2	BO003	1048	2	no.	no	_	_	_	_	_	linguistic	_	ContainsVariation=No	Intonation=Falling	_	_	_	_	_
1048-3	BO003	1048	3	no.	no	_	_	_	_	_	linguistic	_	ContainsVariation=No	Intonation=Falling	End=2307.344	_	_	_	_
1049-0	BO003	1049	0	ma	ma	_	_	_	_	_	linguistic	_	ContainsVariation=No	_	Begin=2307.759	_	_	_	_
1049-1	BO003	1049	1	anche	anche	_	_	_	_	_	linguistic	_	ContainsVariation=No	_	_	_	_	_	_
1049-2	BO003	1049	2	con	con	_	_	_	_	_	linguistic	_	ContainsVariation=No	_	_	_	_	_	_
1049-3	BO003	1049	3	arwen	arwen	_	_	_	_	_	linguistic	_	ContainsVariation=No	_	_	_	_	_	_
1049-4	BO003	1049	4	e	e	_	_	_	_	_	linguistic	_	ContainsVariation=No	_	_	_	_	_	_
1049-5	BO003	1049	5	aragon	aragon	_	_	_	_	_	linguistic	_	ContainsVariation=No	_	_	_	_	_	_
1049-6	BO003	1049	6	non	non	_	_	_	_	_	linguistic	_	ContainsVariation=No	_	_	_	_	_	_
1049-7	BO003	1049	7	c'	c'	_	_	_	_	_	linguistic	_	ContainsVariation=No	SpaceAfter=No	_	_	_	_	_
1049-8	BO003	1049	8	è	è	_	_	_	_	_	linguistic	_	ContainsVariation=No	_	_	_	_	_	_
1049-9	BO003	1049	9	niente	niente	_	_	_	_	_	linguistic	_	ContainsVariation=No	_	_	_	_	_	_
1049-10	BO003	1049	10	nel	nel	_	_	_	_	_	linguistic	_	ContainsVariation=No	_	_	_	_	_	_
1049-11	BO003	1049	11	primo	primo	_	_	_	_	_	linguistic	_	ContainsVariation=No	_	_	_	_	_	_
1049-12	BO003	1049	12	libro	libro	_	_	_	_	_	linguistic	_	ContainsVariation=No	_	End=2311.172	_	_	_	_
1050-0	BO003	1050	0	è	è	_	_	_	_	_	linguistic	_	ContainsVariation=No	_	Begin=2311.453	_	_	_	_
1050-1	BO003	1050	1	tutto	tutto	_	_	_	_	_	linguistic	_	ContainsVariation=No	_	_	_	_	_	_
1050-2	BO003	1050	2	dopo.	dopo	_	_	_	_	_	linguistic	_	ContainsVariation=No	Intonation=Falling	End=2312.605	_	_	_	_
1051-0	BO002	1051	0	mh.	mh	_	_	_	_	_	linguistic	_	ContainsVariation=No	Intonation=Falling	Begin=2312.683|End=2313.324	_	_	_	_
1052-0	BO002	1052	0	primo	primo	_	_	_	_	_	linguistic	_	ContainsVariation=No	_	Begin=2313.465	_	_	_	_
1052-1	BO002	1052	1	libro	libro	_	_	_	_	_	linguistic	_	ContainsVariation=No	_	_	_	_	_	_
1052-2	BO002	1052	2	son	son	_	_	_	_	_	linguistic	_	ContainsVariation=No	_	_	_	_	_	_
1052-3	BO002	1052	3	tutti	tutti	_	_	_	_	_	linguistic	_	ContainsVariation=No	_	_	_	_	_	_
1052-4	BO002	1052	4	gli	gli	_	_	_	_	_	linguistic	_	ContainsVariation=No	_	_	_	_	_	_
1052-5	BO002	1052	5	hobbit	hobbit	_	_	_	_	_	linguistic	_	ContainsVariation=No	_	End=2315.68	_	_	_	_
1053-0	BO003	1053	0	secondo	secondo	_	_	_	_	_	linguistic	_	ContainsVariation=No	_	Begin=2316.234	_	_	_	_
1053-1	BO003	1053	1	me	me	_	_	_	_	_	linguistic	_	ContainsVariation=No	_	_	_	_	_	_
1053-2	BO003	1053	2	nell'	nell'	_	_	_	_	_	linguistic	_	ContainsVariation=No	SpaceAfter=No	_	_	_	_	_
1053-3	BO003	1053	3	ultimo	ultimo	_	_	_	_	_	linguistic	_	ContainsVariation=No	_	_	_	_	_	_
1053-4	BO003	1053	4	addirittura	addirittura	_	_	_	_	_	linguistic	_	ContainsVariation=No	_	_	_	_	_	_
1053-5	BO003	1053	5	ci	ci	_	_	_	_	_	linguistic	_	ContainsVariation=No	_	_	_	_	_	_
1053-6	BO003	1053	6	s~	s~	_	_	_	_	_	linguistic	_	ContainsVariation=No	Interrupted=Yes	_	_	_	_	_
1053-7	BO003	1053	7	nel	nel	_	_	_	_	_	linguistic	_	ContainsVariation=No	_	_	_	_	_	_
1053-8	BO003	1053	8	ritorno	ritorno	_	_	_	_	_	linguistic	_	ContainsVariation=No	_	_	_	_	_	_
1053-9	BO003	1053	9	del	del	_	_	_	_	_	linguistic	_	ContainsVariation=No	_	_	_	_	_	_
1053-10	BO003	1053	10	re	re	_	_	_	_	_	linguistic	_	ContainsVariation=No	_	_	_	_	_	_
1053-11	BO003	1053	11	che	che	_	_	_	_	_	linguistic	_	ContainsVariation=No	_	_	_	_	_	_
1053-12	BO003	1053	12	ci	ci	_	_	_	_	_	linguistic	_	ContainsVariation=No	_	_	_	_	_	_
1053-13	BO003	1053	13	sono:	sono	_	_	_	_	_	linguistic	_	ContainsVariation=No	PauseAfter=Yes	_	3x1	_	_	_
1053-14	BO003	1053	14	(.)	(.)	_	_	_	_	_	shortpause	_	ContainsVariation=No	_	_	_	_	_	_
1053-15	BO003	1053	15	aragon	aragon	_	_	_	_	_	linguistic	_	ContainsVariation=No	_	_	_	_	_	_
1053-16	BO003	1053	16	e	e	_	_	_	_	_	linguistic	_	ContainsVariation=No	_	_	_	_	_	_
1053-17	BO003	1053	17	arwen	arwen	_	_	_	_	_	linguistic	_	ContainsVariation=No	_	End=2322.124	_	_	_	_
1054-0	BO002	1054	0	sì	sì	_	_	_	_	_	linguistic	_	ContainsVariation=No	PauseAfter=Yes	Begin=2322.15	_	_	_	_
1054-1	BO002	1054	1	(.)	(.)	_	_	_	_	_	shortpause	_	ContainsVariation=No	_	_	_	_	_	_
1054-2	BO002	1054	2	be:llo	bello	_	_	_	_	_	linguistic	_	ContainsVariation=No	_	_	1x1	_	_	_
1054-3	BO002	1054	3	eh,	eh	_	_	_	_	_	linguistic	_	ContainsVariation=No	Intonation=WeaklyRising	End=2324.669	_	_	_	_
1055-0	BO002	1055	0	poi	poi	_	_	_	_	_	linguistic	_	ContainsVariation=No	_	Begin=2325.443	_	_	_	_
1055-1	BO002	1055	1	anche	anche	_	_	_	_	_	linguistic	_	ContainsVariation=No	_	_	_	_	_	_
1055-2	BO002	1055	2	i	i	_	_	_	_	_	linguistic	_	ContainsVariation=No	_	_	_	_	_	_
1055-3	BO002	1055	3	film	film	_	_	_	_	_	linguistic	_	ContainsVariation=No	_	_	_	_	_	_
1055-4	BO002	1055	4	fatti	fatti	_	_	_	_	_	linguistic	_	ContainsVariation=No	_	_	_	_	_	_
1055-5	BO002	1055	5	be::ne	bene	_	_	_	_	_	linguistic	_	ContainsVariation=No	PauseAfter=Yes	_	1x2	_	_	_
1055-6	BO002	1055	6	(.)	(.)	_	_	_	_	_	shortpause	_	ContainsVariation=No	_	_	_	_	_	_
1055-7	BO002	1055	7	[a	a	_	_	_	_	_	linguistic	_	ContainsVariation=No	_	_	_	_	_	0-1(362)
1055-8	BO002	1055	8	differenza	differenza	_	_	_	_	_	linguistic	_	ContainsVariation=No	_	_	_	_	_	0-10(362)
1055-9	BO002	1055	9	di	di	_	_	_	_	_	linguistic	_	ContainsVariation=No	_	_	_	_	_	0-2(362)
1055-10	BO002	1055	10	quel]li	quelli	_	_	_	_	_	linguistic	_	ContainsVariation=No	_	_	_	_	_	0-4(362)
1055-11	BO002	1055	11	di	di	_	_	_	_	_	linguistic	_	ContainsVariation=No	_	_	_	_	_	_
1055-12	BO002	1055	12	harry	harry	_	_	_	_	_	linguistic	_	ContainsVariation=No	_	_	_	_	_	_
1055-13	BO002	1055	13	po:t[ter]	potter	_	_	_	_	_	linguistic	_	ContainsVariation=No	_	End=2330.606	1x1	_	_	3-6(363)
1056-0	BO003	1056	0	[sì	sì	_	_	_	_	_	linguistic	_	ContainsVariation=No	_	Begin=2327.718	_	_	_	0-2(362)
1056-1	BO003	1056	1	sì	sì	_	_	_	_	_	linguistic	_	ContainsVariation=No	PauseAfter=Yes	_	_	_	_	0-2(362)
1056-2	BO003	1056	2	(.)	(.)	_	_	_	_	_	shortpause	_	ContainsVariation=No	_	_	_	_	_	X(362)
1056-3	BO003	1056	3	bellissimo]	bellissimo	_	_	_	_	_	linguistic	_	ContainsVariation=No	_	End=2329.38	_	_	_	0-10(362)
1057-0	BO003	1057	0	[che],	che	_	_	_	_	_	linguistic	_	ContainsVariation=No	Intonation=WeaklyRising	Begin=2330.095|End=2330.597	_	_	_	0-3(363)
1058-0	BO002	1058	0	fatti	fatti	_	_	_	_	_	linguistic	_	ContainsVariation=No	_	Begin=2332.362	_	_	_	_
1058-1	BO002	1058	1	proprio	proprio	_	_	_	_	_	linguistic	_	ContainsVariation=No	_	_	_	_	_	_
1058-2	BO002	1058	2	be:[ne]	bene	_	_	_	_	_	linguistic	_	ContainsVariation=No	_	End=2333.897	1x1	_	_	2-4(364)
1059-0	BO003	1059	0	[sì]	sì	_	_	_	_	_	linguistic	_	ContainsVariation=No	_	Begin=2333.758	_	_	_	0-2(364)
1059-1	BO003	1059	1	sì	sì	_	_	_	_	_	linguistic	_	ContainsVariation=No	_	_	_	_	_	_
1059-2	BO003	1059	2	sì	sì	_	_	_	_	_	linguistic	_	ContainsVariation=No	_	End=2334.792	_	_	_	_
1060-0	BO003	1060	0	il	il	_	_	_	_	_	linguistic	_	ContainsVariation=No	_	Begin=2335.355	_	_	_	_
1060-1	BO003	1060	1	primo	primo	_	_	_	_	_	linguistic	_	ContainsVariation=No	_	_	_	_	_	_
1060-2	BO003	1060	2	è	è	_	_	_	_	_	linguistic	_	ContainsVariation=No	_	_	_	_	_	_
1060-3	BO003	1060	3	bellissimo.	bellissimo	_	_	_	_	_	linguistic	_	ContainsVariation=No	Intonation=Falling	End=2336.745	_	_	_	_
1061-0	BO003	1061	0	(sta	sta	_	_	_	_	_	linguistic	_	ContainsVariation=No	_	Begin=2337.438	_	_	0-3(0)	_
1061-1	BO003	1061	1	a	a	_	_	_	_	_	linguistic	_	ContainsVariation=No	_	_	_	_	0-1(0)	_
1061-2	BO003	1061	2	veder	veder	_	_	_	_	_	linguistic	_	ContainsVariation=No	_	_	_	_	0-5(0)	_
1061-3	BO003	1061	3	che	che	_	_	_	_	_	linguistic	_	ContainsVariation=No	_	_	_	_	0-3(0)	_
1061-4	BO003	1061	4	è	è	_	_	_	_	_	linguistic	_	ContainsVariation=No	_	_	_	_	0-1(0)	_
1061-5	BO003	1061	5	a	a	_	_	_	_	_	linguistic	_	ContainsVariation=No	_	_	_	_	0-1(0)	_
1061-6	BO003	1061	6	casa)	casa	_	_	_	_	_	linguistic	_	ContainsVariation=No	_	End=2339.098	_	_	0-4(0)	_
1062-0	BO002	1062	0	((ride))	((ride))	_	_	_	_	_	nonverbalbehavior	_	ContainsVariation=No	_	Begin=2338.693|End=2339.709	_	_	_	_
1063-0	BO002	1063	0	io,	io	_	_	_	_	_	linguistic	_	ContainsVariation=No	Intonation=WeaklyRising	Begin=2340.22	_	_	_	_
1063-1	BO002	1063	1	adoro	adoro	_	_	_	_	_	linguistic	_	ContainsVariation=No	_	_	_	_	_	_
1063-2	BO002	1063	2	l'	l'	_	_	_	_	_	linguistic	_	ContainsVariation=No	SpaceAfter=No	_	_	_	_	_
1063-3	BO002	1063	3	u:ltimo	ultimo	_	_	_	_	_	linguistic	_	ContainsVariation=No	_	End=2341.918	0x1	_	_	_
1064-0	BO003	1064	0	l'	l'	_	_	_	_	_	linguistic	_	ContainsVariation=No	SpaceAfter=No	Begin=2342.173	_	_	_	_
1064-1	BO003	1064	1	ultimo.	ultimo	_	_	_	_	_	linguistic	_	ContainsVariation=No	Intonation=Falling	_	_	_	_	_
1064-2	BO003	1064	2	[tutto	tutto	_	_	_	_	_	linguistic	_	ContainsVariation=No	_	_	_	_	_	0-5(366)
1064-3	BO003	1064	3	guerra]	guerra	_	_	_	_	_	linguistic	_	ContainsVariation=No	_	End=2343.984	_	_	_	0-6(366)
1065-0	BO002	1065	0	[sì:]	sì	_	_	_	_	_	linguistic	_	ContainsVariation=No	PauseAfter=Yes	Begin=2342.845	1x1	_	_	0-2(366)
1065-1	BO002	1065	1	(.)	(.)	_	_	_	_	_	shortpause	_	ContainsVariation=No	_	_	_	_	_	_
1065-2	BO002	1065	2	sì	sì	_	_	_	_	_	linguistic	_	ContainsVariation=No	_	_	_	_	_	_
1065-3	BO002	1065	3	è	è	_	_	_	_	_	linguistic	_	ContainsVariation=No	_	_	_	_	_	_
1065-4	BO002	1065	4	tutto	tutto	_	_	_	_	_	linguistic	_	ContainsVariation=No	PauseAfter=Yes	_	_	_	_	_
1065-5	BO002	1065	5	(.)	(.)	_	_	_	_	_	shortpause	_	ContainsVariation=No	_	_	_	_	_	_
1065-6	BO002	1065	6	guerra	guerra	_	_	_	_	_	linguistic	_	ContainsVariation=No	_	_	_	_	_	_
1065-7	BO002	1065	7	è	è	_	_	_	_	_	linguistic	_	ContainsVariation=No	_	_	_	_	_	_
1065-8	BO002	1065	8	belliss~	belliss~	_	_	_	_	_	linguistic	_	ContainsVariation=No	Interrupted=Yes	_	_	_	_	_
1065-9	BO002	1065	9	è	è	_	_	_	_	_	linguistic	_	ContainsVariation=No	_	_	_	_	_	_
1065-10	BO002	1065	10	<bellissimo>.	bellissimo	_	_	_	_	_	linguistic	_	ContainsVariation=No	Intonation=Falling	End=2348.308	_	Slow=0-10(0)	_	_
1066-0	BO003	1066	0	sì.	sì	_	_	_	_	_	linguistic	_	ContainsVariation=No	Intonation=Falling|PauseAfter=Yes	Begin=2349.615	_	_	_	_
1066-1	BO003	1066	1	(.)	(.)	_	_	_	_	_	shortpause	_	ContainsVariation=No	_	_	_	_	_	_
1066-2	BO003	1066	2	legolas	legolas	_	_	_	_	_	linguistic	_	ContainsVariation=No	_	End=2352.08	_	_	_	_
1067-0	BO002	1067	0	poi	poi	_	_	_	_	_	linguistic	_	ContainsVariation=No	_	Begin=2352.422	_	_	_	_
1067-1	BO002	1067	1	quando	quando	_	_	_	_	_	linguistic	_	ContainsVariation=No	_	_	_	_	_	_
1067-2	BO002	1067	2	c'	c'	_	_	_	_	_	linguistic	_	ContainsVariation=No	SpaceAfter=No	_	_	_	_	_
1067-3	BO002	1067	3	è	è	_	_	_	_	_	linguistic	_	ContainsVariation=No	_	_	_	_	_	_
1067-4	BO002	1067	4	le	le	_	_	_	_	_	linguistic	_	ContainsVariation=No	_	_	_	_	_	_
1067-5	BO002	1067	5	scene	scene	_	_	_	_	_	linguistic	_	ContainsVariation=No	_	_	_	_	_	_
1067-6	BO002	1067	6	con	con	_	_	_	_	_	linguistic	_	ContainsVariation=No	_	_	_	_	_	_
1067-7	BO002	1067	7	legolas	legolas	_	_	_	_	_	linguistic	_	ContainsVariation=No	_	_	_	_	_	_
1067-8	BO002	1067	8	io,	io	_	_	_	_	_	linguistic	_	ContainsVariation=No	Intonation=WeaklyRising	End=2355.244	_	_	_	_
1068-0	BO003	1068	0	((ride))	((ride))	_	_	_	_	_	nonverbalbehavior	_	ContainsVariation=No	_	Begin=2355.356	_	_	_	_
1068-1	BO003	1068	1	quella	quella	_	_	_	_	_	linguistic	_	ContainsVariation=No	_	_	_	_	_	_
1068-2	BO003	1068	2	dello	dello	_	_	_	_	_	linguistic	_	ContainsVariation=No	_	_	_	_	_	_
1068-3	BO003	1068	3	scudo	scudo	_	_	_	_	_	linguistic	_	ContainsVariation=No	_	_	_	_	_	_
1068-4	BO003	1068	4	surf	surf	_	_	_	_	_	linguistic	_	ContainsVariation=No	_	_	_	_	_	_
1068-5	BO003	1068	5	((ride))	((ride))	_	_	_	_	_	nonverbalbehavior	_	ContainsVariation=No	_	End=2357.667	_	_	_	_
1069-0	BO002	1069	0	mamma	mamma	_	_	_	_	_	linguistic	_	ContainsVariation=No	_	Begin=2357.852	_	_	_	_
1069-1	BO002	1069	1	mi::a:	mia	_	_	_	_	_	linguistic	_	ContainsVariation=No	_	_	1x2,2x1	_	_	_
1069-2	BO002	1069	2	quell'	quell'	_	_	_	_	_	linguistic	_	ContainsVariation=No	SpaceAfter=No	_	_	_	_	_
1069-3	BO002	1069	3	omo	omo	_	_	_	_	_	linguistic	_	ContainsVariation=No	_	_	_	_	_	_
1069-4	BO002	1069	4	mi	mi	_	_	_	_	_	linguistic	_	ContainsVariation=No	_	_	_	_	_	_
1069-5	BO002	1069	5	fa	fa	_	_	_	_	_	linguistic	_	ContainsVariation=No	_	_	_	_	_	_
1069-6	BO002	1069	6	>morire<	morire	_	_	_	_	_	linguistic	_	ContainsVariation=No	_	_	_	Fast=0-6(0)	_	_
1069-7	BO002	1069	7	poi	poi	_	_	_	_	_	linguistic	_	ContainsVariation=No	_	_	_	_	_	_
1069-8	BO002	1069	8	nello	nello	_	_	_	_	_	linguistic	_	ContainsVariation=No	_	_	_	_	_	_
1069-9	BO002	1069	9	hobbit	hobbit	_	_	_	_	_	linguistic	_	ContainsVariation=No	_	_	_	_	_	_
1069-10	BO002	1069	10	[come	come	_	_	_	_	_	linguistic	_	ContainsVariation=No	_	_	_	_	_	0-4(367)
1069-11	BO002	1069	11	se	se	_	_	_	_	_	linguistic	_	ContainsVariation=No	_	_	_	_	_	0-2(367)
1069-12	BO002	1069	12	non	non	_	_	_	_	_	linguistic	_	ContainsVariation=No	_	_	_	_	_	0-3(367)
1069-13	BO002	1069	13	bas]tasse,	bastasse	_	_	_	_	_	linguistic	_	ContainsVariation=No	Intonation=WeaklyRising	_	_	_	_	0-3(367)
1069-14	BO002	1069	14	lui,	lui	_	_	_	_	_	linguistic	_	ContainsVariation=No	Intonation=WeaklyRising	End=2363.713	_	_	_	_
1070-0	BO003	1070	0	[sì],	sì	_	_	_	_	_	linguistic	_	ContainsVariation=No	Intonation=WeaklyRising	Begin=2361.94|End=2362.726	_	_	_	0-2(367)
1071-0	BO003	1071	0	sì,	sì	_	_	_	_	_	linguistic	_	ContainsVariation=No	Intonation=WeaklyRising	Begin=2363.713|End=2364.502	_	_	_	_
1072-0	BO002	1072	0	quello	quello	_	_	_	_	_	linguistic	_	ContainsVariation=No	_	Begin=2364.736	_	_	_	_
1072-1	BO002	1072	1	sai	sai	_	_	_	_	_	linguistic	_	ContainsVariation=No	_	_	_	_	_	_
1072-2	BO002	1072	2	del	del	_	_	_	_	_	linguistic	_	ContainsVariation=No	_	_	_	_	_	_
1072-3	BO002	1072	3	pon[te	ponte	_	_	_	_	_	linguistic	_	ContainsVariation=No	_	_	_	_	_	3-5(368)
1072-4	BO002	1072	4	xxxx]	xxxx	_	_	_	_	_	unknown	_	ContainsVariation=No	Syllables=4	End=2366.697	_	_	_	0-4(368)
1073-0	BO003	1073	0	[ah	ah	_	_	_	_	_	linguistic	_	ContainsVariation=No	_	Begin=2366.012	_	_	_	0-2(368)
1073-1	BO003	1073	1	sì.	sì	_	_	_	_	_	linguistic	_	ContainsVariation=No	Intonation=Falling	_	_	_	_	0-2(368)
1073-2	BO003	1073	2	quello	quello	_	_	_	_	_	linguistic	_	ContainsVariation=No	_	_	_	_	_	0-6(368)
1073-3	BO003	1073	3	me	me	_	_	_	_	_	linguistic	_	ContainsVariation=No	_	_	_	_	_	0-2(368)
1073-4	BO003	1073	4	l'	l'	_	_	_	_	_	linguistic	_	ContainsVariation=No	SpaceAfter=No	_	_	_	_	0-2(368)
1073-5	BO003	1073	5	a]vevi	avevi	_	_	_	_	_	linguistic	_	ContainsVariation=No	_	_	_	_	_	0-1(368)
1073-6	BO003	1073	6	detto.	detto	_	_	_	_	_	linguistic	_	ContainsVariation=No	Intonation=Falling	_	_	_	_	_
1073-7	BO003	1073	7	che	che	_	_	_	_	_	linguistic	_	ContainsVariation=No	_	_	_	_	_	_
1073-8	BO003	1073	8	anche	anche	_	_	_	_	_	linguistic	_	ContainsVariation=No	_	_	_	_	_	_
1073-9	BO003	1073	9	lì	lì	_	_	_	_	_	linguistic	_	ContainsVariation=No	PauseAfter=Yes	_	_	_	_	_
1073-10	BO003	1073	10	(.)	(.)	_	_	_	_	_	shortpause	_	ContainsVariation=No	_	_	_	_	_	_
1073-11	BO003	1073	11	ti	ti	_	_	_	_	_	linguistic	_	ContainsVariation=No	_	_	_	_	_	_
1073-12	BO003	1073	12	sciogli	sciogli	_	_	_	_	_	linguistic	_	ContainsVariation=No	_	_	_	_	_	_
1073-13	BO003	1073	13	((ride))	((ride))	_	_	_	_	_	nonverbalbehavior	_	ContainsVariation=No	_	End=2370.037	_	_	_	_
1074-0	BO002	1074	0	ti	ti	_	_	_	_	_	linguistic	_	ContainsVariation=No	_	Begin=2370.223	_	_	_	_
1074-1	BO002	1074	1	sciogli	sciogli	_	_	_	_	_	linguistic	_	ContainsVariation=No	_	_	_	_	_	_
1074-2	BO002	1074	2	proprio	proprio	_	_	_	_	_	linguistic	_	ContainsVariation=No	_	_	_	_	_	_
1074-3	BO002	1074	3	xxx	xxx	_	_	_	_	_	unknown	_	ContainsVariation=No	Syllables=3	End=2372.433	_	_	_	_
1075-0	BO003	1075	0	sì.	sì	_	_	_	_	_	linguistic	_	ContainsVariation=No	Intonation=Falling|PauseAfter=Yes	Begin=2373.657	_	_	_	_
1075-1	BO003	1075	1	(.)	(.)	_	_	_	_	_	shortpause	_	ContainsVariation=No	_	_	_	_	_	_
1075-2	BO003	1075	2	[fro:do,	frodo	_	_	_	_	_	linguistic	_	ContainsVariation=No	Intonation=WeaklyRising	_	2x1	_	_	0-5(369)
1075-3	BO003	1075	3	co]sa	cosa	_	_	_	_	_	linguistic	_	ContainsVariation=No	_	_	_	_	_	0-2(369)
1075-4	BO003	1075	4	ne	ne	_	_	_	_	_	linguistic	_	ContainsVariation=No	_	_	_	_	_	_
1075-5	BO003	1075	5	pensi?	pensi	_	_	_	_	_	linguistic	_	ContainsVariation=No	Intonation=Rising	End=2376.5	_	_	_	_
1076-0	BO002	1076	0	[stupe~	stupe~	_	_	_	_	_	linguistic	_	ContainsVariation=No	Interrupted=Yes	Begin=2374.124	_	_	_	0-6(369)
1076-1	BO002	1076	1	io	io	_	_	_	_	_	linguistic	_	ContainsVariation=No	_	_	_	_	_	0-2(369)
1076-2	BO002	1076	2	xx~]	xx~	_	_	_	_	_	linguistic	_	ContainsVariation=No	Interrupted=Yes	End=2375.306	_	_	_	0-3(369)
1077-0	BO002	1077	0	frodo	frodo	_	_	_	_	_	linguistic	_	ContainsVariation=No	_	Begin=2377.187	_	_	_	_
1077-1	BO002	1077	1	è	è	_	_	_	_	_	linguistic	_	ContainsVariation=No	_	_	_	_	_	_
1077-2	BO002	1077	2	un	un	_	_	_	_	_	linguistic	_	ContainsVariation=No	_	_	_	_	_	_
1077-3	BO002	1077	3	idiota	idiota	_	_	_	_	_	linguistic	_	ContainsVariation=No	_	_	_	_	_	_
1077-4	BO002	1077	4	totale	totale	_	_	_	_	_	linguistic	_	ContainsVariation=No	_	End=2379.816	_	_	_	_
1078-0	BO003	1078	0	((ride))	((ride))	_	_	_	_	_	nonverbalbehavior	_	ContainsVariation=No	_	Begin=2378.788|End=2379.732	_	_	_	_
1079-0	BO002	1079	0	no.	no	_	_	_	_	_	linguistic	_	ContainsVariation=No	Intonation=Falling	Begin=2380.502	_	_	_	_
1079-1	BO002	1079	1	frodo,	frodo	_	_	_	_	_	linguistic	_	ContainsVariation=No	Intonation=WeaklyRising	_	_	_	_	_
1079-2	BO002	1079	2	quei	quei	_	_	_	_	_	linguistic	_	ContainsVariation=No	_	_	_	_	_	_
1079-3	BO002	1079	3	quattro,	quattro	_	_	_	_	_	linguistic	_	ContainsVariation=No	Intonation=WeaklyRising	_	_	_	_	_
1079-4	BO002	1079	4	n~	n~	_	_	_	_	_	linguistic	_	ContainsVariation=No	Interrupted=Yes	_	_	_	_	_
1079-5	BO002	1079	5	non	non	_	_	_	_	_	linguistic	_	ContainsVariation=No	_	_	_	_	_	_
1079-6	BO002	1079	6	sarebbero,	sarebbero	_	_	_	_	_	linguistic	_	ContainsVariation=No	Intonation=WeaklyRising	_	_	_	_	_
1079-7	BO002	1079	7	>sarebbero<	sarebbero	_	_	_	_	_	linguistic	_	ContainsVariation=No	_	_	_	Fast=0-9(0)	_	_
1079-8	BO002	1079	8	già	già	_	_	_	_	_	linguistic	_	ContainsVariation=No	_	_	_	_	_	_
1079-9	BO002	1079	9	morti	morti	_	_	_	_	_	linguistic	_	ContainsVariation=No	_	_	_	_	_	_
1079-10	BO002	1079	10	dieci	dieci	_	_	_	_	_	linguistic	_	ContainsVariation=No	_	_	_	_	_	_
1079-11	BO002	1079	11	volte	volte	_	_	_	_	_	linguistic	_	ContainsVariation=No	PauseAfter=Yes	_	_	_	_	_
1079-12	BO002	1079	12	(.)	(.)	_	_	_	_	_	shortpause	_	ContainsVariation=No	_	_	_	_	_	_
1079-13	BO002	1079	13	[so]lo	solo	_	_	_	_	_	linguistic	_	ContainsVariation=No	_	_	_	_	_	0-2(371)
1079-14	BO002	1079	14	a	a	_	_	_	_	_	linguistic	_	ContainsVariation=No	_	_	_	_	_	_
1079-15	BO002	1079	15	arrivare	arrivare	_	_	_	_	_	linguistic	_	ContainsVariation=No	_	_	_	_	_	_
1079-16	BO002	1079	16	a	a	_	_	_	_	_	linguistic	_	ContainsVariation=No	_	_	_	_	_	_
1079-17	BO002	1079	17	collevento	collevento	_	_	_	_	_	linguistic	_	ContainsVariation=No	_	_	_	_	_	_
1079-18	BO002	1079	18	[se	se	_	_	_	_	_	linguistic	_	ContainsVariation=No	_	_	_	_	_	0-2(372)
1079-19	BO002	1079	19	no]n	non	_	_	_	_	_	linguistic	_	ContainsVariation=No	_	_	_	_	_	0-2(372)
1079-20	BO002	1079	20	avessero	avessero	_	_	_	_	_	linguistic	_	ContainsVariation=No	_	_	_	_	_	_
1079-21	BO002	1079	21	avuto	avuto	_	_	_	_	_	linguistic	_	ContainsVariation=No	_	_	_	_	_	_
1079-22	BO002	1079	22	grampa::sso:	grampasso	_	_	_	_	_	linguistic	_	ContainsVariation=No	_	End=2390.144	5x2,8x1	_	_	_
1080-0	BO003	1080	0	[sì	sì	_	_	_	_	_	linguistic	_	ContainsVariation=No	_	Begin=2385.067	_	_	_	0-2(371)
1080-1	BO003	1080	1	sì]	sì	_	_	_	_	_	linguistic	_	ContainsVariation=No	_	End=2385.905	_	_	_	0-2(371)
1081-0	BO003	1081	0	[sì]	sì	_	_	_	_	_	linguistic	_	ContainsVariation=No	_	Begin=2387.595|End=2388.068	_	_	_	0-2(372)
1082-0	BO002	1082	0	>poi	poi	_	_	_	_	_	linguistic	_	ContainsVariation=No	_	Begin=2390.313	_	Fast=0-3(0)	_	_
1082-1	BO002	1082	1	tipo<	tipo	_	_	_	_	_	linguistic	_	ContainsVariation=No	PauseAfter=Yes	_	_	Fast=0-4(0)	_	_
1082-2	BO002	1082	2	(.)	(.)	_	_	_	_	_	shortpause	_	ContainsVariation=No	_	_	_	_	_	_
1082-3	BO002	1082	3	nel	nel	_	_	_	_	_	linguistic	_	ContainsVariation=No	_	_	_	_	_	_
1082-4	BO002	1082	4	libro	libro	_	_	_	_	_	linguistic	_	ContainsVariation=No	_	_	_	_	_	_
1082-5	BO002	1082	5	c'	c'	_	_	_	_	_	linguistic	_	ContainsVariation=No	SpaceAfter=No	_	_	_	_	_
1082-6	BO002	1082	6	è	è	_	_	_	_	_	linguistic	_	ContainsVariation=No	_	_	_	_	_	_
1082-7	BO002	1082	7	tom	tom	_	_	_	_	_	linguistic	_	ContainsVariation=No	_	_	_	_	_	_
1082-8	BO002	1082	8	bombadil	bombadil	_	_	_	_	_	linguistic	_	ContainsVariation=No	_	End=2392.908	_	_	_	_
1083-0	BO003	1083	0	sì	sì	_	_	_	_	_	linguistic	_	ContainsVariation=No	_	Begin=2392.908|End=2393.636	_	_	_	_
1084-0	BO002	1084	0	che	che	_	_	_	_	_	linguistic	_	ContainsVariation=No	_	Begin=2393.636	_	_	_	_
1084-1	BO002	1084	1	nel	nel	_	_	_	_	_	linguistic	_	ContainsVariation=No	_	_	_	_	_	_
1084-2	BO002	1084	2	film	film	_	_	_	_	_	linguistic	_	ContainsVariation=No	_	_	_	_	_	_
1084-3	BO002	1084	3	non	non	_	_	_	_	_	linguistic	_	ContainsVariation=No	_	_	_	_	_	_
1084-4	BO002	1084	4	c'	c'	_	_	_	_	_	linguistic	_	ContainsVariation=No	SpaceAfter=No	_	_	_	_	_
1084-5	BO002	1084	5	è.	è	_	_	_	_	_	linguistic	_	ContainsVariation=No	Intonation=Falling	End=2394.897	_	_	_	_
1085-0	BO003	1085	0	sì	sì	_	_	_	_	_	linguistic	_	ContainsVariation=No	_	Begin=2394.897|End=2395.58	_	_	_	_
1086-0	BO002	1086	0	non	non	_	_	_	_	_	linguistic	_	ContainsVariation=No	_	Begin=2395.788	_	_	_	_
1086-1	BO002	1086	1	si	si	_	_	_	_	_	linguistic	_	ContainsVariation=No	_	_	_	_	_	_
1086-2	BO002	1086	2	sa	sa	_	_	_	_	_	linguistic	_	ContainsVariation=No	_	_	_	_	_	_
1086-3	BO002	1086	3	chi	chi	_	_	_	_	_	linguistic	_	ContainsVariation=No	_	_	_	_	_	_
1086-4	BO002	1086	4	è.	è	_	_	_	_	_	linguistic	_	ContainsVariation=No	Intonation=Falling	_	_	_	_	_
1086-5	BO002	1086	5	è	è	_	_	_	_	_	linguistic	_	ContainsVariation=No	_	_	_	_	_	_
1086-6	BO002	1086	6	uscito	uscito	_	_	_	_	_	linguistic	_	ContainsVariation=No	_	_	_	_	_	_
1086-7	BO002	1086	7	de'	de'	_	_	_	_	_	linguistic	_	ContainsVariation=No	Truncated=Yes	End=2397.681	_	_	_	_
1087-0	BO003	1087	0	((ride))	((ride))	_	_	_	_	_	nonverbalbehavior	_	ContainsVariation=No	_	Begin=2397.785|End=2398.733	_	_	_	_
1088-0	BO002	1088	0	>però<	però	_	_	_	_	_	linguistic	_	ContainsVariation=No	_	Begin=2398.816	_	Fast=0-4(0)	_	_
1088-1	BO002	1088	1	quelli	quelli	_	_	_	_	_	linguistic	_	ContainsVariation=No	_	_	_	_	_	_
1088-2	BO002	1088	2	erano	erano	_	_	_	_	_	linguistic	_	ContainsVariation=No	_	_	_	_	_	_
1088-3	BO002	1088	3	già	già	_	_	_	_	_	linguistic	_	ContainsVariation=No	_	_	_	_	_	_
1088-4	BO002	1088	4	morti	morti	_	_	_	_	_	linguistic	_	ContainsVariation=No	_	_	_	_	_	_
1088-5	BO002	1088	5	da	da	_	_	_	_	_	linguistic	_	ContainsVariation=No	_	_	_	_	_	_
1088-6	BO002	1088	6	un	un	_	_	_	_	_	linguistic	_	ContainsVariation=No	_	_	_	_	_	_
1088-7	BO002	1088	7	pe:zzo	pezzo	_	_	_	_	_	linguistic	_	ContainsVariation=No	_	_	1x1	_	_	_
1088-8	BO002	1088	8	se:	se	_	_	_	_	_	linguistic	_	ContainsVariation=No	_	End=2402.06	1x1	_	_	_
1089-0	BO003	1089	0	sì	sì	_	_	_	_	_	linguistic	_	ContainsVariation=No	_	Begin=2405.534	_	_	_	_
1089-1	BO003	1089	1	sì.	sì	_	_	_	_	_	linguistic	_	ContainsVariation=No	Intonation=Falling	_	_	_	_	_
1089-2	BO003	1089	2	oh,	oh	_	_	_	_	_	linguistic	_	ContainsVariation=No	Intonation=WeaklyRising	End=2406.749	_	_	_	_
1090-0	BO003	1090	0	anche	anche	_	_	_	_	_	linguistic	_	ContainsVariation=No	_	Begin=2407.392	_	_	_	_
1090-1	BO003	1090	1	se	se	_	_	_	_	_	linguistic	_	ContainsVariation=No	_	_	_	_	_	_
1090-2	BO003	1090	2	non	non	_	_	_	_	_	linguistic	_	ContainsVariation=No	_	_	_	_	_	_
1090-3	BO003	1090	3	c'	c'	_	_	_	_	_	linguistic	_	ContainsVariation=No	SpaceAfter=No	_	_	_	_	_
1090-4	BO003	1090	4	è	è	_	_	_	_	_	linguistic	_	ContainsVariation=No	_	_	_	_	_	_
1090-5	BO003	1090	5	aragon	aragon	_	_	_	_	_	linguistic	_	ContainsVariation=No	_	_	_	_	_	_
1090-6	BO003	1090	6	dopo	dopo	_	_	_	_	_	linguistic	_	ContainsVariation=No	_	_	_	_	_	_
1090-7	BO003	1090	7	sai	sai	_	_	_	_	_	linguistic	_	ContainsVariation=No	_	_	_	_	_	_
1090-8	BO003	1090	8	quante	quante	_	_	_	_	_	linguistic	_	ContainsVariation=No	_	_	_	_	_	_
1090-9	BO003	1090	9	volte	volte	_	_	_	_	_	linguistic	_	ContainsVariation=No	_	_	_	_	_	_
1090-10	BO003	1090	10	muoio[no],	muoiono	_	_	_	_	_	linguistic	_	ContainsVariation=No	Intonation=WeaklyRising	End=2410.497	_	_	_	4-7(373)
1091-0	BO002	1091	0	[mah]	mah	_	_	_	_	_	linguistic	_	ContainsVariation=No	_	Begin=2410.104|End=2410.506	_	_	_	0-3(373)
1092-0	BO002	1092	0	[mh]	mh	_	_	_	_	_	linguistic	_	ContainsVariation=No	_	Begin=2413.395|End=2414.326	_	_	_	0-2(374)
1093-0	BO003	1093	0	[oh]	oh	_	_	_	_	_	linguistic	_	ContainsVariation=No	_	Begin=2413.395|End=2414.326	_	_	_	0-2(374)
1094-0	BO003	1094	0	solo	solo	_	_	_	_	_	linguistic	_	ContainsVariation=No	_	Begin=2416.089	_	_	_	_
1094-1	BO003	1094	1	che	che	_	_	_	_	_	linguistic	_	ContainsVariation=No	_	_	_	_	_	_
1094-2	BO003	1094	2	>dobbiamo<	dobbiamo	_	_	_	_	_	linguistic	_	ContainsVariation=No	_	_	_	Fast=0-8(0)	_	_
1094-3	BO003	1094	3	aspettar	aspettar	_	_	_	_	_	linguistic	_	ContainsVariation=No	_	_	_	_	_	_
1094-4	BO003	1094	4	due	due	_	_	_	_	_	linguistic	_	ContainsVariation=No	_	_	_	_	_	_
1094-5	BO003	1094	5	libri	libri	_	_	_	_	_	linguistic	_	ContainsVariation=No	_	_	_	_	_	_
1094-6	BO003	1094	6	per	per	_	_	_	_	_	linguistic	_	ContainsVariation=No	_	_	_	_	_	_
1094-7	BO003	1094	7	la	la	_	_	_	_	_	linguistic	_	ContainsVariation=No	_	_	_	_	_	_
1094-8	BO003	1094	8	storia	storia	_	_	_	_	_	linguistic	_	ContainsVariation=No	_	_	_	_	_	_
1094-9	BO003	1094	9	d'	d'	_	_	_	_	_	linguistic	_	ContainsVariation=No	SpaceAfter=No	_	_	_	_	_
1094-10	BO003	1094	10	amore	amore	_	_	_	_	_	linguistic	_	ContainsVariation=No	PauseAfter=Yes	_	_	_	_	_
1094-11	BO003	1094	11	(.)	(.)	_	_	_	_	_	shortpause	_	ContainsVariation=No	_	_	_	_	_	_
1094-12	BO003	1094	12	(o	o	_	_	_	_	_	linguistic	_	ContainsVariation=No	_	_	_	_	0-1(0)	_
1094-13	BO003	1094	13	no?)	no	_	_	_	_	_	linguistic	_	ContainsVariation=No	Intonation=Rising	End=2419.574	_	_	0-2(0)	_
1095-0	BO002	1095	0	a	a	_	_	_	_	_	linguistic	_	ContainsVariation=No	_	Begin=2421.408	_	_	_	_
1095-1	BO002	1095	1	me	me	_	_	_	_	_	linguistic	_	ContainsVariation=No	_	_	_	_	_	_
1095-2	BO002	1095	2	quando	quando	_	_	_	_	_	linguistic	_	ContainsVariation=No	_	_	_	_	_	_
1095-3	BO002	1095	3	mi	mi	_	_	_	_	_	linguistic	_	ContainsVariation=No	_	_	_	_	_	_
1095-4	BO002	1095	4	danno	danno	_	_	_	_	_	linguistic	_	ContainsVariation=No	_	_	_	_	_	_
1095-5	BO002	1095	5	legolas	legolas	_	_	_	_	_	linguistic	_	ContainsVariation=No	_	_	_	_	_	_
1095-6	BO002	1095	6	son	son	_	_	_	_	_	linguistic	_	ContainsVariation=No	_	_	_	_	_	_
1095-7	BO002	1095	7	già	già	_	_	_	_	_	linguistic	_	ContainsVariation=No	_	_	_	_	_	_
1095-8	BO002	1095	8	contenta	contenta	_	_	_	_	_	linguistic	_	ContainsVariation=No	_	End=2424.505	_	_	_	_
1096-0	BO003	1096	0	ti	ti	_	_	_	_	_	linguistic	_	ContainsVariation=No	_	Begin=2424.505	_	_	_	_
1096-1	BO003	1096	1	basta	basta	_	_	_	_	_	linguistic	_	ContainsVariation=No	_	_	_	_	_	_
1096-2	BO003	1096	2	lui	lui	_	_	_	_	_	linguistic	_	ContainsVariation=No	_	End=2425.297	_	_	_	_
1097-0	BO002	1097	0	sì	sì	_	_	_	_	_	linguistic	_	ContainsVariation=No	_	Begin=2425.42	_	_	_	_
1097-1	BO002	1097	1	(>cioè<)	cioè	_	_	_	_	_	linguistic	_	ContainsVariation=No	PauseAfter=Yes	_	_	Fast=0-4(0)	0-4(0)	_
1097-2	BO002	1097	2	(.)	(.)	_	_	_	_	_	shortpause	_	ContainsVariation=No	_	_	_	_	_	_
1097-3	BO002	1097	3	è	è	_	_	_	_	_	linguistic	_	ContainsVariation=No	_	_	_	_	_	_
1097-4	BO002	1097	4	belliss~	belliss~	_	_	_	_	_	linguistic	_	ContainsVariation=No	Interrupted=Yes	End=2427.445	_	_	_	_
1098-0	BO003	1098	0	per	per	_	_	_	_	_	linguistic	_	ContainsVariation=No	_	Begin=2427.445	_	_	_	_
1098-1	BO003	1098	1	fortuna	fortuna	_	_	_	_	_	linguistic	_	ContainsVariation=No	_	_	_	_	_	_
1098-2	BO003	1098	2	che	che	_	_	_	_	_	linguistic	_	ContainsVariation=No	_	_	_	_	_	_
1098-3	BO003	1098	3	non	non	_	_	_	_	_	linguistic	_	ContainsVariation=No	_	_	_	_	_	_
1098-4	BO003	1098	4	lo	lo	_	_	_	_	_	linguistic	_	ContainsVariation=No	_	_	_	_	_	_
1098-5	BO003	1098	5	fanno	fanno	_	_	_	_	_	linguistic	_	ContainsVariation=No	_	_	_	_	_	_
1098-6	BO003	1098	6	morire	morire	_	_	_	_	_	linguistic	_	ContainsVariation=No	_	End=2429.757	_	_	_	_
1099-0	BO002	1099	0	no	no	_	_	_	_	_	linguistic	_	ContainsVariation=No	_	Begin=2430.087	_	_	_	_
1099-1	BO002	1099	1	>se	se	_	_	_	_	_	linguistic	_	ContainsVariation=No	_	_	_	Fast=0-2(0)	_	_
1099-2	BO002	1099	2	lo	lo	_	_	_	_	_	linguistic	_	ContainsVariation=No	_	_	_	Fast=0-2(0)	_	_
1099-3	BO002	1099	3	facevan<	facevan	_	_	_	_	_	linguistic	_	ContainsVariation=No	_	_	_	Fast=0-7(0)	_	_
1099-4	BO002	1099	4	morire	morire	_	_	_	_	_	linguistic	_	ContainsVariation=No	_	_	_	_	_	_
1099-5	BO002	1099	5	io	io	_	_	_	_	_	linguistic	_	ContainsVariation=No	_	_	_	_	_	_
1099-6	BO002	1099	6	uccidevo	uccidevo	_	_	_	_	_	linguistic	_	ContainsVariation=No	_	_	_	_	_	_
1099-7	BO002	1099	7	regi:sta,	regista	_	_	_	_	_	linguistic	_	ContainsVariation=No	Intonation=WeaklyRising	_	3x1	_	_	_
1099-8	BO002	1099	8	sceneggiato:re,	sceneggiatore	_	_	_	_	_	linguistic	_	ContainsVariation=No	Intonation=WeaklyRising	_	10x1	_	_	_
1099-9	BO002	1099	9	tutti.	tutti	_	_	_	_	_	linguistic	_	ContainsVariation=No	Intonation=Falling	End=2435.514	_	_	_	_
1100-0	BO003	1100	0	((ride))	((ride))	_	_	_	_	_	nonverbalbehavior	_	ContainsVariation=No	_	Begin=2434.604|End=2435.516	_	_	_	_
1101-0	BO003	1101	0	e::	e	_	_	_	_	_	linguistic	_	ContainsVariation=No	_	Begin=2437.584	0x2	_	_	_
1101-1	BO003	1101	1	mh:	mh	_	_	_	_	_	linguistic	_	ContainsVariation=No	_	End=2438.962	1x1	_	_	_
1102-0	BO002	1102	0	cioè	cioè	_	_	_	_	_	linguistic	_	ContainsVariation=No	ProsodicLink=Yes	Begin=2441.986	_	_	_	_
1102-1	BO002	1102	1	è	è	_	_	_	_	_	linguistic	_	ContainsVariation=No	_	_	_	_	_	_
1102-2	BO002	1102	2	stupe:::ndo	stupendo	_	_	_	_	_	linguistic	_	ContainsVariation=No	_	_	4x3	_	_	_
1102-3	BO002	1102	3	[xxx]	xxx	_	_	_	_	_	unknown	_	ContainsVariation=No	Syllables=3	End=2443.882	_	_	_	0-3(376)
1103-0	BO003	1103	0	[sì]	sì	_	_	_	_	_	linguistic	_	ContainsVariation=No	_	Begin=2443.616	_	_	_	0-2(376)
1103-1	BO003	1103	1	lui	lui	_	_	_	_	_	linguistic	_	ContainsVariation=No	_	_	_	_	_	_
1103-2	BO003	1103	2	sì	sì	_	_	_	_	_	linguistic	_	ContainsVariation=No	_	End=2444.715	_	_	_	_
1104-0	BO003	1104	0	>è	è	_	_	_	_	_	linguistic	_	ContainsVariation=No	_	Begin=2446.163	_	Fast=0-1(0)	_	_
1104-1	BO003	1104	1	più<	più	_	_	_	_	_	linguistic	_	ContainsVariation=No	_	_	_	Fast=0-3(0)	_	_
1104-2	BO003	1104	2	bello	bello	_	_	_	_	_	linguistic	_	ContainsVariation=No	_	_	_	_	_	_
1104-3	BO003	1104	3	lui	lui	_	_	_	_	_	linguistic	_	ContainsVariation=No	_	_	_	_	_	_
1104-4	BO003	1104	4	così,	così	_	_	_	_	_	linguistic	_	ContainsVariation=No	Intonation=WeaklyRising	_	_	_	_	_
1104-5	BO003	1104	5	che	che	_	_	_	_	_	linguistic	_	ContainsVariation=No	_	_	_	_	_	_
1104-6	BO003	1104	6	lui	lui	_	_	_	_	_	linguistic	_	ContainsVariation=No	_	_	_	_	_	_
1104-7	BO003	1104	7	norma:le.	normale	_	_	_	_	_	linguistic	_	ContainsVariation=No	Intonation=Falling	_	4x1	_	_	_
1104-8	BO003	1104	8	se[condo	secondo	_	_	_	_	_	linguistic	_	ContainsVariation=No	_	_	_	_	_	2-7(377)
1104-9	BO003	1104	9	me]	me	_	_	_	_	_	linguistic	_	ContainsVariation=No	_	End=2449.563	_	_	_	0-2(377)
1105-0	BO002	1105	0	[ve:]ro	vero	_	_	_	_	_	linguistic	_	ContainsVariation=No	PauseAfter=Yes	Begin=2448.934	1x1	_	_	0-2(377)
1105-1	BO002	1105	1	(.)	(.)	_	_	_	_	_	shortpause	_	ContainsVariation=No	_	_	_	_	_	_
1105-2	BO002	1105	2	anche	anche	_	_	_	_	_	linguistic	_	ContainsVariation=No	_	_	_	_	_	_
1105-3	BO002	1105	3	[se~]	se~	_	_	_	_	_	linguistic	_	ContainsVariation=No	Interrupted=Yes	End=2450.622	_	_	_	0-3(378)
1106-0	BO003	1106	0	[>dovreb]be<	dovrebbe	_	_	_	_	_	linguistic	_	ContainsVariation=No	_	Begin=2450.399	_	Fast=0-8(0)	_	0-6(379)
1106-1	BO003	1106	1	farsi	farsi	_	_	_	_	_	linguistic	_	ContainsVariation=No	_	_	_	_	_	_
1106-2	BO003	1106	2	crescere	crescere	_	_	_	_	_	linguistic	_	ContainsVariation=No	_	_	_	_	_	_
1106-3	BO003	1106	3	i	i	_	_	_	_	_	linguistic	_	ContainsVariation=No	_	_	_	_	_	_
1106-4	BO003	1106	4	capelli	capelli	_	_	_	_	_	linguistic	_	ContainsVariation=No	_	_	_	_	_	_
1106-5	BO003	1106	5	lunghi	lunghi	_	_	_	_	_	linguistic	_	ContainsVariation=No	_	_	_	_	_	_
1106-6	BO003	1106	6	biondi	biondi	_	_	_	_	_	linguistic	_	ContainsVariation=No	_	End=2453.406	_	_	_	_
1107-0	BO002	1107	0	((ride))	((ride))	_	_	_	_	_	nonverbalbehavior	_	ContainsVariation=No	_	Begin=2452.715|End=2454.227	_	_	_	_
1108-0	BO002	1108	0	ma	ma	_	_	_	_	_	linguistic	_	ContainsVariation=No	_	Begin=2454.368	_	_	_	_
1108-1	BO002	1108	1	sai	sai	_	_	_	_	_	linguistic	_	ContainsVariation=No	_	_	_	_	_	_
1108-2	BO002	1108	2	cosa,	cosa	_	_	_	_	_	linguistic	_	ContainsVariation=No	Intonation=WeaklyRising	_	_	_	_	_
1108-3	BO002	1108	3	i:o	io	_	_	_	_	_	linguistic	_	ContainsVariation=No	PauseAfter=Yes	_	0x1	_	_	_
1108-4	BO002	1108	4	(.)	(.)	_	_	_	_	_	shortpause	_	ContainsVariation=No	_	_	_	_	_	_
1108-5	BO002	1108	5	anche	anche	_	_	_	_	_	linguistic	_	ContainsVariation=No	_	_	_	_	_	_
1108-6	BO002	1108	6	in	in	_	_	_	_	_	linguistic	_	ContainsVariation=No	_	_	_	_	_	_
1108-7	BO002	1108	7	ehm:	ehm	_	_	_	_	_	linguistic	_	ContainsVariation=No	PauseAfter=Yes	_	2x1	_	_	_
1108-8	BO002	1108	8	(.)	(.)	_	_	_	_	_	shortpause	_	ContainsVariation=No	_	_	_	_	_	_
1108-9	BO002	1108	9	pirati	pirati	_	_	_	_	_	linguistic	_	ContainsVariation=No	_	_	_	_	_	_
1108-10	BO002	1108	10	dei	dei	_	_	_	_	_	linguistic	_	ContainsVariation=No	_	_	_	_	_	_
1108-11	BO002	1108	11	carai[bi],	caraibi	_	_	_	_	_	linguistic	_	ContainsVariation=No	Intonation=WeaklyRising	End=2458.879	_	_	_	5-7(380)
1109-0	BO003	1109	0	[sì]	sì	_	_	_	_	_	linguistic	_	ContainsVariation=No	_	Begin=2458.426|End=2458.893	_	_	_	0-2(380)
1110-0	BO002	1110	0	mi	mi	_	_	_	_	_	linguistic	_	ContainsVariation=No	_	Begin=2459.155	_	_	_	_
1110-1	BO002	1110	1	pia:ce	piace	_	_	_	_	_	linguistic	_	ContainsVariation=No	_	_	2x1	_	_	_
1110-2	BO002	1110	2	lui.	lui	_	_	_	_	_	linguistic	_	ContainsVariation=No	Intonation=Falling	_	_	_	_	_
1110-3	BO002	1110	3	come	come	_	_	_	_	_	linguistic	_	ContainsVariation=No	_	_	_	_	_	_
1110-4	BO002	1110	4	si	si	_	_	_	_	_	linguistic	_	ContainsVariation=No	_	_	_	_	_	_
1110-5	BO002	1110	5	chia[ma]?	chiama	_	_	_	_	_	linguistic	_	ContainsVariation=No	Intonation=Rising	End=2461.211	_	_	_	4-6(381)
1111-0	BO003	1111	0	[sì]	sì	_	_	_	_	_	linguistic	_	ContainsVariation=No	_	Begin=2460.689	_	_	_	0-2(381)
1111-1	BO003	1111	1	non	non	_	_	_	_	_	linguistic	_	ContainsVariation=No	_	_	_	_	_	_
1111-2	BO003	1111	2	mi	mi	_	_	_	_	_	linguistic	_	ContainsVariation=No	_	_	_	_	_	_
1111-3	BO003	1111	3	ricordo	ricordo	_	_	_	_	_	linguistic	_	ContainsVariation=No	_	End=2462.147	_	_	_	_
1112-0	BO002	1112	0	<william	william	_	_	_	_	_	linguistic	_	ContainsVariation=No	_	Begin=2462.206	_	_	_	_
1112-1	BO002	1112	1	[turn~]	turn~	_	_	_	_	_	linguistic	_	ContainsVariation=No	Interrupted=Yes	End=2463.548	_	_	_	0-5(382)
1113-0	BO003	1113	0	[>però<]	però	_	_	_	_	_	linguistic	_	ContainsVariation=No	_	Begin=2462.84	_	Fast=0-4(0)	_	0-4(382)
1113-1	BO003	1113	1	anche	anche	_	_	_	_	_	linguistic	_	ContainsVariation=No	_	_	_	_	_	_
1113-2	BO003	1113	2	lui	lui	_	_	_	_	_	linguistic	_	ContainsVariation=No	_	_	_	_	_	_
1113-3	BO003	1113	3	è	è	_	_	_	_	_	linguistic	_	ContainsVariation=No	_	_	_	_	_	_
1113-4	BO003	1113	4	un	un	_	_	_	_	_	linguistic	_	ContainsVariation=No	_	_	_	_	_	_
1113-5	BO003	1113	5	idiota	idiota	_	_	_	_	_	linguistic	_	ContainsVariation=No	_	_	_	_	_	_
1113-6	BO003	1113	6	nel	nel	_	_	_	_	_	linguistic	_	ContainsVariation=No	_	_	_	_	_	_
1113-7	BO003	1113	7	fil[m]	film	_	_	_	_	_	linguistic	_	ContainsVariation=No	_	End=2464.867	_	_	_	3-4(383)
1114-0	BO002	1114	0	[sì]a.	sìa	_	_	_	_	_	linguistic	_	ContainsVariation=No	Intonation=Falling	Begin=2464.507	_	_	_	0-2(383)
1114-1	BO002	1114	1	parte	parte	_	_	_	_	_	linguistic	_	ContainsVariation=No	_	_	_	_	_	_
1114-2	BO002	1114	2	che:	che	_	_	_	_	_	linguistic	_	ContainsVariation=No	_	_	2x1	_	_	_
1114-3	BO002	1114	3	l~	l~	_	_	_	_	_	linguistic	_	ContainsVariation=No	Interrupted=Yes	End=2466.204	_	_	_	_
1115-0	BO002	1115	0	william	william	_	_	_	_	_	linguistic	_	ContainsVariation=No	_	Begin=2466.488	_	_	_	_
1115-1	BO002	1115	1	turn~	turn~	_	_	_	_	_	linguistic	_	ContainsVariation=No	Interrupted=Yes	_	_	_	_	_
1115-2	BO002	1115	2	will	will	_	_	_	_	_	linguistic	_	ContainsVariation=No	_	_	_	_	_	_
1115-3	BO002	1115	3	tur[ner	turner	_	_	_	_	_	linguistic	_	ContainsVariation=No	_	_	_	_	_	3-6(384)
1115-4	BO002	1115	4	si	si	_	_	_	_	_	linguistic	_	ContainsVariation=No	_	_	_	_	_	0-2(384)
1115-5	BO002	1115	5	chiamava]	chiamava	_	_	_	_	_	linguistic	_	ContainsVariation=No	_	End=2468.773	_	_	_	0-8(384)
1116-0	BO003	1116	0	[>direi	direi	_	_	_	_	_	linguistic	_	ContainsVariation=No	_	Begin=2467.81	_	Fast=0-5(0)	_	0-5(384)
1116-1	BO003	1116	1	di	di	_	_	_	_	_	linguistic	_	ContainsVariation=No	_	_	_	Fast=0-2(0)	_	0-2(384)
1116-2	BO003	1116	2	sì<].	sì	_	_	_	_	_	linguistic	_	ContainsVariation=No	Intonation=Falling	_	_	Fast=0-2(0)	_	0-2(384)
1116-3	BO003	1116	3	william	william	_	_	_	_	_	linguistic	_	ContainsVariation=No	_	_	_	_	_	_
1116-4	BO003	1116	4	turner	turner	_	_	_	_	_	linguistic	_	ContainsVariation=No	_	End=2469.776	_	_	_	_
1117-0	BO002	1117	0	è	è	_	_	_	_	_	linguistic	_	ContainsVariation=No	_	Begin=2470.29	_	_	_	_
1117-1	BO002	1117	1	belloccio.	belloccio	_	_	_	_	_	linguistic	_	ContainsVariation=No	Intonation=Falling	_	_	_	_	_
1117-2	BO002	1117	2	>per[ché	perché	_	_	_	_	_	linguistic	_	ContainsVariation=No	_	_	_	Fast=0-6(0)	_	3-6(385)
1117-3	BO002	1117	3	vabbè<]	vabbè	_	_	_	_	_	linguistic	_	ContainsVariation=No	_	_	_	Fast=0-5(0)	_	0-5(385)
1117-4	BO002	1117	4	orlando	orlando	_	_	_	_	_	linguistic	_	ContainsVariation=No	_	_	_	_	_	_
1117-5	BO002	1117	5	bloom	bloom	_	_	_	_	_	linguistic	_	ContainsVariation=No	_	_	_	_	_	_
1117-6	BO002	1117	6	è	è	_	_	_	_	_	linguistic	_	ContainsVariation=No	_	_	_	_	_	_
1117-7	BO002	1117	7	fi[go].	figo	_	_	_	_	_	linguistic	_	ContainsVariation=No	Intonation=Falling	End=2473.044	_	_	_	2-4(386)
1118-0	BO003	1118	0	[sì	sì	_	_	_	_	_	linguistic	_	ContainsVariation=No	_	Begin=2471.073	_	_	_	0-2(385)
1118-1	BO003	1118	1	sì]	sì	_	_	_	_	_	linguistic	_	ContainsVariation=No	_	End=2471.978	_	_	_	0-2(385)
1119-0	BO003	1119	0	[sì]	sì	_	_	_	_	_	linguistic	_	ContainsVariation=No	_	Begin=2472.799	_	_	_	0-2(386)
1119-1	BO003	1119	1	però	però	_	_	_	_	_	linguistic	_	ContainsVariation=No	_	_	_	_	_	_
1119-2	BO003	1119	2	lì	lì	_	_	_	_	_	linguistic	_	ContainsVariation=No	_	_	_	_	_	_
1119-3	BO003	1119	3	(>appun~<)	appun~	_	_	_	_	_	linguistic	_	ContainsVariation=No	Interrupted=Yes	_	_	Fast=0-6(0)	0-6(0)	_
1119-4	BO003	1119	4	c'	c'	_	_	_	_	_	linguistic	_	ContainsVariation=No	SpaceAfter=No	_	_	_	_	_
1119-5	BO003	1119	5	è	è	_	_	_	_	_	linguistic	_	ContainsVariation=No	_	_	_	_	_	_
1119-6	BO003	1119	6	[jack	jack	_	_	_	_	_	linguistic	_	ContainsVariation=No	_	_	_	_	_	0-4(387)
1119-7	BO003	1119	7	spar]row	sparrow	_	_	_	_	_	linguistic	_	ContainsVariation=No	_	_	_	_	_	0-4(387)
1119-8	BO003	1119	8	che	che	_	_	_	_	_	linguistic	_	ContainsVariation=No	_	_	_	_	_	_
1119-9	BO003	1119	9	ti	ti	_	_	_	_	_	linguistic	_	ContainsVariation=No	_	_	_	_	_	_
1119-10	BO003	1119	10	pr~	pr~	_	_	_	_	_	linguistic	_	ContainsVariation=No	Interrupted=Yes	_	_	_	_	_
1119-11	BO003	1119	11	[ti	ti	_	_	_	_	_	linguistic	_	ContainsVariation=No	_	_	_	_	_	0-2(388)
1119-12	BO003	1119	12	ti	ti	_	_	_	_	_	linguistic	_	ContainsVariation=No	_	_	_	_	_	0-2(388)
1119-13	BO003	1119	13	pialla.	pialla	_	_	_	_	_	linguistic	_	ContainsVariation=No	Intonation=Falling	_	_	_	_	0-6(388)
1119-14	BO003	1119	14	eh],	eh	_	_	_	_	_	linguistic	_	ContainsVariation=No	Intonation=WeaklyRising	End=2476.606	_	_	_	0-2(388)
1120-0	BO002	1120	0	[ma],	ma	_	_	_	_	_	linguistic	_	ContainsVariation=No	Intonation=WeaklyRising	Begin=2473.85|End=2474.464	_	_	_	0-2(387)
1121-0	BO002	1121	0	[eh.	eh	_	_	_	_	_	linguistic	_	ContainsVariation=No	Intonation=Falling	Begin=2475.376	_	_	_	0-2(388)
1121-1	BO002	1121	1	ti	ti	_	_	_	_	_	linguistic	_	ContainsVariation=No	_	_	_	_	_	0-2(388)
1121-2	BO002	1121	2	ruba,	ruba	_	_	_	_	_	linguistic	_	ContainsVariation=No	Intonation=WeaklyRising	_	_	_	_	0-4(388)
1121-3	BO002	1121	3	ti	ti	_	_	_	_	_	linguistic	_	ContainsVariation=No	_	_	_	_	_	0-2(388)
1121-4	BO002	1121	4	ruba]	ruba	_	_	_	_	_	linguistic	_	ContainsVariation=No	_	_	_	_	_	0-4(388)
1121-5	BO002	1121	5	un	un	_	_	_	_	_	linguistic	_	ContainsVariation=No	_	_	_	_	_	_
1121-6	BO002	1121	6	po'	po'	_	_	_	_	_	linguistic	_	ContainsVariation=No	_	_	_	_	_	_
1121-7	BO002	1121	7	la	la	_	_	_	_	_	linguistic	_	ContainsVariation=No	_	_	_	_	_	_
1121-8	BO002	1121	8	scena	scena	_	_	_	_	_	linguistic	_	ContainsVariation=No	_	End=2478.133	_	_	_	_
1122-0	BO002	1122	0	jack	jack	_	_	_	_	_	linguistic	_	ContainsVariation=No	_	Begin=2478.18	_	_	_	_
1122-1	BO002	1122	1	sparrow	sparrow	_	_	_	_	_	linguistic	_	ContainsVariation=No	_	_	_	_	_	_
1122-2	BO002	1122	2	è	è	_	_	_	_	_	linguistic	_	ContainsVariation=No	_	_	_	_	_	_
1122-3	BO002	1122	3	>tan~<	tan~	_	_	_	_	_	linguistic	_	ContainsVariation=No	Interrupted=Yes|PauseAfter=Yes	_	_	Fast=0-4(0)	_	_
1122-4	BO002	1122	4	(.)	(.)	_	_	_	_	_	shortpause	_	ContainsVariation=No	_	_	_	_	_	_
1122-5	BO002	1122	5	a	a	_	_	_	_	_	linguistic	_	ContainsVariation=No	_	_	_	_	_	_
1122-6	BO002	1122	6	me.	me	_	_	_	_	_	linguistic	_	ContainsVariation=No	Intonation=Falling	_	_	_	_	_
1122-7	BO002	1122	7	piace	piace	_	_	_	_	_	linguistic	_	ContainsVariation=No	_	_	_	_	_	_
1122-8	BO002	1122	8	di	di	_	_	_	_	_	linguistic	_	ContainsVariation=No	_	_	_	_	_	_
1122-9	BO002	1122	9	più	più	_	_	_	_	_	linguistic	_	ContainsVariation=No	_	_	_	_	_	_
1122-10	BO002	1122	10	orlando	orlando	_	_	_	_	_	linguistic	_	ContainsVariation=No	_	_	_	_	_	_
1122-11	BO002	1122	11	bloom	bloom	_	_	_	_	_	linguistic	_	ContainsVariation=No	_	_	_	_	_	_
1122-12	BO002	1122	12	nei	nei	_	_	_	_	_	linguistic	_	ContainsVariation=No	_	_	_	_	_	_
1122-13	BO002	1122	13	panni	panni	_	_	_	_	_	linguistic	_	ContainsVariation=No	_	_	_	_	_	_
1122-14	BO002	1122	14	di	di	_	_	_	_	_	linguistic	_	ContainsVariation=No	_	_	_	_	_	_
1122-15	BO002	1122	15	lego[las	legolas	_	_	_	_	_	linguistic	_	ContainsVariation=No	_	_	_	_	_	4-7(389)
1122-16	BO002	1122	16	secondo	secondo	_	_	_	_	_	linguistic	_	ContainsVariation=No	_	_	_	_	_	0-7(389)
1122-17	BO002	1122	17	me]	me	_	_	_	_	_	linguistic	_	ContainsVariation=No	_	_	_	_	_	0-2(389)
1122-18	BO002	1122	18	è	è	_	_	_	_	_	linguistic	_	ContainsVariation=No	_	_	_	_	_	_
1122-19	BO002	1122	19	molto	molto	_	_	_	_	_	linguistic	_	ContainsVariation=No	_	_	_	_	_	_
1122-20	BO002	1122	20	più	più	_	_	_	_	_	linguistic	_	ContainsVariation=No	_	_	_	_	_	_
1122-21	BO002	1122	21	af[fascina:n~]	affascinan~	_	_	_	_	_	linguistic	_	ContainsVariation=No	Interrupted=Yes	End=2484.998	8x1	_	_	2-11(390)
1123-0	BO003	1123	0	[sì]	sì	_	_	_	_	_	linguistic	_	ContainsVariation=No	_	Begin=2482.876|End=2483.65	_	_	_	0-2(389)
1124-0	BO003	1124	0	[sì	sì	_	_	_	_	_	linguistic	_	ContainsVariation=No	_	Begin=2484.104	_	_	_	0-2(390)
1124-1	BO003	1124	1	sì	sì	_	_	_	_	_	linguistic	_	ContainsVariation=No	_	_	_	_	_	0-2(390)
1124-2	BO003	1124	2	sì]	sì	_	_	_	_	_	linguistic	_	ContainsVariation=No	_	_	_	_	_	0-2(390)
1124-3	BO003	1124	3	da	da	_	_	_	_	_	linguistic	_	ContainsVariation=No	_	_	_	_	_	_
1124-4	BO003	1124	4	da	da	_	_	_	_	_	linguistic	_	ContainsVariation=No	_	_	_	_	_	_
1124-5	BO003	1124	5	ragazzo	ragazzo	_	_	_	_	_	linguistic	_	ContainsVariation=No	_	_	_	_	_	_
1124-6	BO003	1124	6	>secondo<	secondo	_	_	_	_	_	linguistic	_	ContainsVariation=No	_	_	_	Fast=0-7(0)	_	_
1124-7	BO003	1124	7	me	me	_	_	_	_	_	linguistic	_	ContainsVariation=No	_	_	_	_	_	_
1124-8	BO003	1124	8	più	più	_	_	_	_	_	linguistic	_	ContainsVariation=No	_	_	_	_	_	_
1124-9	BO003	1124	9	vai	vai	_	_	_	_	_	linguistic	_	ContainsVariation=No	_	_	_	_	_	_
1124-10	BO003	1124	10	indietro,	indietro	_	_	_	_	_	linguistic	_	ContainsVariation=No	Intonation=WeaklyRising	_	_	_	_	_
1124-11	BO003	1124	11	più	più	_	_	_	_	_	linguistic	_	ContainsVariation=No	_	_	_	_	_	_
1124-12	BO003	1124	12	è	è	_	_	_	_	_	linguistic	_	ContainsVariation=No	_	_	_	_	_	_
1124-13	BO003	1124	13	giovane,	giovane	_	_	_	_	_	linguistic	_	ContainsVariation=No	Intonation=WeaklyRising	_	_	_	_	_
1124-14	BO003	1124	14	più	più	_	_	_	_	_	linguistic	_	ContainsVariation=No	_	_	_	_	_	_
1124-15	BO003	1124	15	è	è	_	_	_	_	_	linguistic	_	ContainsVariation=No	_	_	_	_	_	_
1124-16	BO003	1124	16	bello.	bello	_	_	_	_	_	linguistic	_	ContainsVariation=No	Intonation=Falling	End=2488.553	_	_	_	_
1125-0	BO002	1125	0	sì.	sì	_	_	_	_	_	linguistic	_	ContainsVariation=No	Intonation=Falling	Begin=2488.703|End=2489.576	_	_	_	_
1126-0	BO003	1126	0	con	con	_	_	_	_	_	linguistic	_	ContainsVariation=No	_	Begin=2493.039	_	_	_	_
1126-1	BO003	1126	1	[gimli]	gimli	_	_	_	_	_	linguistic	_	ContainsVariation=No	_	End=2494.086	_	_	_	0-5(391)
1127-0	BO002	1127	0	[(in	in	_	_	_	_	_	linguistic	_	ContainsVariation=No	_	Begin=2493.342	_	_	0-2(0)	0-2(391)
1127-1	BO002	1127	1	defi~)]	defi~	_	_	_	_	_	linguistic	_	ContainsVariation=No	Interrupted=Yes	End=2493.982	_	_	0-5(0)	0-5(391)
1128-0	BO002	1128	0	sì	sì	_	_	_	_	_	linguistic	_	ContainsVariation=No	_	Begin=2494.775	_	_	_	_
1128-1	BO002	1128	1	è	è	_	_	_	_	_	linguistic	_	ContainsVariation=No	_	_	_	_	_	_
1128-2	BO002	1128	2	belli::ssimo	bellissimo	_	_	_	_	_	linguistic	_	ContainsVariation=No	_	End=2496.963	4x2	_	_	_
1129-0	BO002	1129	0	invece	invece	_	_	_	_	_	linguistic	_	ContainsVariation=No	_	Begin=2498.54	_	_	_	_
1129-1	BO002	1129	1	johhny	johhny	_	_	_	_	_	linguistic	_	ContainsVariation=No	_	_	_	_	_	_
1129-2	BO002	1129	2	depp	depp	_	_	_	_	_	linguistic	_	ContainsVariation=No	_	_	_	_	_	_
1129-3	BO002	1129	3	fa	fa	_	_	_	_	_	linguistic	_	ContainsVariation=No	_	_	_	_	_	_
1129-4	BO002	1129	4	come	come	_	_	_	_	_	linguistic	_	ContainsVariation=No	_	_	_	_	_	_
1129-5	BO002	1129	5	il	il	_	_	_	_	_	linguistic	_	ContainsVariation=No	_	_	_	_	_	_
1129-6	BO002	1129	6	vino	vino	_	_	_	_	_	linguistic	_	ContainsVariation=No	PauseAfter=Yes	_	_	_	_	_
1129-7	BO002	1129	7	(.)	(.)	_	_	_	_	_	shortpause	_	ContainsVariation=No	_	_	_	_	_	_
1129-8	BO002	1129	8	[più	più	_	_	_	_	_	linguistic	_	ContainsVariation=No	_	_	_	_	_	0-3(392)
1129-9	BO002	1129	9	invehcchia]	invehcchia	_	_	_	_	_	linguistic	_	ContainsVariation=No	_	_	_	_	_	0-10(392)
1129-10	BO002	1129	10	più	più	_	_	_	_	_	linguistic	_	ContainsVariation=No	_	_	_	_	_	_
1129-11	BO002	1129	11	è	è	_	_	_	_	_	linguistic	_	ContainsVariation=No	_	_	_	_	_	_
1129-12	BO002	1129	12	bono	bono	_	_	_	_	_	linguistic	_	ContainsVariation=No	_	End=2503.308	_	_	_	_
1130-0	BO003	1130	0	[sì]	sì	_	_	_	_	_	linguistic	_	ContainsVariation=No	_	Begin=2501.15	_	_	_	0-2(392)
1130-1	BO003	1130	1	((ride))	((ride))	_	_	_	_	_	nonverbalbehavior	_	ContainsVariation=No	_	End=2502.051	_	_	_	_
1131-0	BO002	1131	0	ugua:le	uguale	_	_	_	_	_	linguistic	_	ContainsVariation=No	_	Begin=2505.546|End=2506.519	3x1	_	_	_
1132-0	BO003	1132	0	lui	lui	_	_	_	_	_	linguistic	_	ContainsVariation=No	_	Begin=2506.519	_	_	_	_
1132-1	BO003	1132	1	>dove	dove	_	_	_	_	_	linguistic	_	ContainsVariation=No	_	_	_	Fast=0-4(0)	_	_
1132-2	BO003	1132	2	è	è	_	_	_	_	_	linguistic	_	ContainsVariation=No	_	_	_	Fast=0-1(0)	_	_
1132-3	BO003	1132	3	quello<	quello	_	_	_	_	_	linguistic	_	ContainsVariation=No	PauseAfter=Yes	_	_	Fast=0-6(0)	_	_
1132-4	BO003	1132	4	(.)	(.)	_	_	_	_	_	shortpause	_	ContainsVariation=No	_	_	_	_	_	_
1132-5	BO003	1132	5	più	più	_	_	_	_	_	linguistic	_	ContainsVariation=No	_	_	_	_	_	_
1132-6	BO003	1132	6	bello	bello	_	_	_	_	_	linguistic	_	ContainsVariation=No	_	_	_	_	_	_
1132-7	BO003	1132	7	secondo	secondo	_	_	_	_	_	linguistic	_	ContainsVariation=No	_	_	_	_	_	_
1132-8	BO003	1132	8	me	me	_	_	_	_	_	linguistic	_	ContainsVariation=No	_	_	_	_	_	_
1132-9	BO003	1132	9	è	è	_	_	_	_	_	linguistic	_	ContainsVariation=No	_	_	_	_	_	_
1132-10	BO003	1132	10	jack	jack	_	_	_	_	_	linguistic	_	ContainsVariation=No	_	_	_	_	_	_
1132-11	BO003	1132	11	sparrow	sparrow	_	_	_	_	_	linguistic	_	ContainsVariation=No	_	_	_	_	_	_
1132-12	BO003	1132	12	jack	jack	_	_	_	_	_	linguistic	_	ContainsVariation=No	_	_	_	_	_	_
1132-13	BO003	1132	13	sparrow	sparrow	_	_	_	_	_	linguistic	_	ContainsVariation=No	_	_	_	_	_	_
1132-14	BO003	1132	14	è	è	_	_	_	_	_	linguistic	_	ContainsVariation=No	_	_	_	_	_	_
1132-15	BO003	1132	15	proprio	proprio	_	_	_	_	_	linguistic	_	ContainsVariation=No	_	_	_	_	_	_
1132-16	BO003	1132	16	bello	bello	_	_	_	_	_	linguistic	_	ContainsVariation=No	_	End=2510.833	_	_	_	_
1133-0	BO002	1133	0	tanta	tanta	_	_	_	_	_	linguistic	_	ContainsVariation=No	_	Begin=2510.87	_	_	_	_
1133-1	BO002	1133	1	ro:ba	roba	_	_	_	_	_	linguistic	_	ContainsVariation=No	_	End=2512.068	1x1	_	_	_
1134-0	BO002	1134	0	[jack	jack	_	_	_	_	_	linguistic	_	ContainsVariation=No	_	Begin=2512.881	_	_	_	0-4(393)
1134-1	BO002	1134	1	sparrow	sparrow	_	_	_	_	_	linguistic	_	ContainsVariation=No	_	_	_	_	_	0-7(393)
1134-2	BO002	1134	2	è	è	_	_	_	_	_	linguistic	_	ContainsVariation=No	_	_	_	_	_	0-1(393)
1134-3	BO002	1134	3	<tanta	tanta	_	_	_	_	_	linguistic	_	ContainsVariation=No	_	_	_	Slow=0-5(0)	_	0-5(393)
1134-4	BO002	1134	4	roba>]	roba	_	_	_	_	_	linguistic	_	ContainsVariation=No	_	End=2515.399	_	Slow=0-4(0)	_	0-4(393)
1135-0	BO003	1135	0	[quando::	quando	_	_	_	_	_	linguistic	_	ContainsVariation=No	PauseAfter=Yes	Begin=2512.881	5x2	_	_	0-6(393)
1135-1	BO003	1135	1	(.)	(.)	_	_	_	_	_	shortpause	_	ContainsVariation=No	_	_	_	_	_	X(393)
1135-2	BO003	1135	2	quando	quando	_	_	_	_	_	linguistic	_	ContainsVariation=No	_	_	_	_	_	0-6(393)
1135-3	BO003	1135	3	è	è	_	_	_	_	_	linguistic	_	ContainsVariation=No	_	_	_	_	_	0-1(393)
1135-4	BO003	1135	4	lì	lì	_	_	_	_	_	linguistic	_	ContainsVariation=No	_	_	_	_	_	0-2(393)
1135-5	BO003	1135	5	che::	che	_	_	_	_	_	linguistic	_	ContainsVariation=No	_	_	2x2	_	_	0-3(393)
1135-6	BO003	1135	6	che]	che	_	_	_	_	_	linguistic	_	ContainsVariation=No	_	_	_	_	_	0-3(393)
1135-7	BO003	1135	7	mh:	mh	_	_	_	_	_	linguistic	_	ContainsVariation=No	_	_	1x1	_	_	_
1135-8	BO003	1135	8	fa	fa	_	_	_	_	_	linguistic	_	ContainsVariation=No	_	_	_	_	_	_
1135-9	BO003	1135	9	il	il	_	_	_	_	_	linguistic	_	ContainsVariation=No	_	_	_	_	_	_
1135-10	BO003	1135	10	duello	duello	_	_	_	_	_	linguistic	_	ContainsVariation=No	_	_	_	_	_	_
1135-11	BO003	1135	11	con	con	_	_	_	_	_	linguistic	_	ContainsVariation=No	_	_	_	_	_	_
1135-12	BO003	1135	12	penelope	penelope	_	_	_	_	_	linguistic	_	ContainsVariation=No	_	_	_	_	_	_
1135-13	BO003	1135	13	cruz	cruz	_	_	_	_	_	linguistic	_	ContainsVariation=No	_	_	_	_	_	_
1135-14	BO003	1135	14	nel	nel	_	_	_	_	_	linguistic	_	ContainsVariation=No	PauseAfter=Yes	_	_	_	_	_
1135-15	BO003	1135	15	(.)	(.)	_	_	_	_	_	shortpause	_	ContainsVariation=No	_	_	_	_	_	_
1135-16	BO003	1135	16	quello	quello	_	_	_	_	_	linguistic	_	ContainsVariation=No	_	_	_	_	_	_
1135-17	BO003	1135	17	ai	ai	_	_	_	_	_	linguistic	_	ContainsVariation=No	_	_	_	_	_	_
1135-18	BO003	1135	18	confini	confini	_	_	_	_	_	linguistic	_	ContainsVariation=No	_	_	_	_	_	_
1135-19	BO003	1135	19	del	del	_	_	_	_	_	linguistic	_	ContainsVariation=No	_	_	_	_	_	_
1135-20	BO003	1135	20	[mare]?	mare	_	_	_	_	_	linguistic	_	ContainsVariation=No	Intonation=Rising	End=2520.761	_	_	_	0-4(394)
1136-0	BO002	1136	0	[sì]	sì	_	_	_	_	_	linguistic	_	ContainsVariation=No	_	Begin=2520.375|End=2520.762	_	_	_	0-2(394)
1137-0	BO002	1137	0	mamma	mamma	_	_	_	_	_	linguistic	_	ContainsVariation=No	_	Begin=2522.499	_	_	_	_
1137-1	BO002	1137	1	mia	mia	_	_	_	_	_	linguistic	_	ContainsVariation=No	_	End=2523.96	_	_	_	_
1138-0	BO002	1138	0	poi	poi	_	_	_	_	_	linguistic	_	ContainsVariation=No	_	Begin=2524.357	_	_	_	_
1138-1	BO002	1138	1	in	in	_	_	_	_	_	linguistic	_	ContainsVariation=No	_	_	_	_	_	_
1138-2	BO002	1138	2	che	che	_	_	_	_	_	linguistic	_	ContainsVariation=No	_	_	_	_	_	_
1138-3	BO002	1138	3	film	film	_	_	_	_	_	linguistic	_	ContainsVariation=No	_	_	_	_	_	_
1138-4	BO002	1138	4	era	era	_	_	_	_	_	linguistic	_	ContainsVariation=No	_	_	_	_	_	_
1138-5	BO002	1138	5	anche	anche	_	_	_	_	_	linguistic	_	ContainsVariation=No	_	_	_	_	_	_
1138-6	BO002	1138	6	bello	bello	_	_	_	_	_	linguistic	_	ContainsVariation=No	_	_	_	_	_	_
1138-7	BO002	1138	7	lui,	lui	_	_	_	_	_	linguistic	_	ContainsVariation=No	Intonation=WeaklyRising	End=2527.092	_	_	_	_
1139-0	BO002	1139	0	>vabbè<	vabbè	_	_	_	_	_	linguistic	_	ContainsVariation=No	_	Begin=2527.945	_	Fast=0-5(0)	_	_
1139-1	BO002	1139	1	sempre	sempre	_	_	_	_	_	linguistic	_	ContainsVariation=No	_	_	_	Slow=0-6(0)	_	_
1139-2	BO002	1139	2	bello	bello	_	_	_	_	_	linguistic	_	ContainsVariation=No	_	_	_	Slow=0-5(0)	_	_
1139-3	BO002	1139	3	>comunque<	comunque	_	_	_	_	_	linguistic	_	ContainsVariation=No	_	_	_	Fast=0-8(1)	_	_
1139-4	BO002	1139	4	è	è	_	_	_	_	_	linguistic	_	ContainsVariation=No	_	_	_	_	_	_
1139-5	BO002	1139	5	che	che	_	_	_	_	_	linguistic	_	ContainsVariation=No	_	_	_	_	_	_
1139-6	BO002	1139	6	lui	lui	_	_	_	_	_	linguistic	_	ContainsVariation=No	_	_	_	_	_	_
1139-7	BO002	1139	7	lo	lo	_	_	_	_	_	linguistic	_	ContainsVariation=No	_	_	_	_	_	_
1139-8	BO002	1139	8	mascherano	mascherano	_	_	_	_	_	linguistic	_	ContainsVariation=No	_	_	_	_	_	_
1139-9	BO002	1139	9	sempre	sempre	_	_	_	_	_	linguistic	_	ContainsVariation=No	_	_	_	_	_	_
1139-10	BO002	1139	10	tan[tissimo	tantissimo	_	_	_	_	_	linguistic	_	ContainsVariation=No	PauseAfter=Yes	_	_	_	_	3-10(395)
1139-11	BO002	1139	11	(.)	(.)	_	_	_	_	_	shortpause	_	ContainsVariation=No	_	_	_	_	_	X(395)
1139-12	BO002	1139	12	quindi]	quindi	_	_	_	_	_	linguistic	_	ContainsVariation=No	_	End=2533.093	_	_	_	0-6(395)
1140-0	BO003	1140	0	[sì	sì	_	_	_	_	_	linguistic	_	ContainsVariation=No	PauseAfter=Yes	Begin=2531.369	_	_	_	0-2(395)
1140-1	BO003	1140	1	(.)	(.)	_	_	_	_	_	shortpause	_	ContainsVariation=No	_	_	_	_	_	X(395)
1140-2	BO003	1140	2	sì	sì	_	_	_	_	_	linguistic	_	ContainsVariation=No	_	_	_	_	_	0-2(395)
1140-3	BO003	1140	3	sì	sì	_	_	_	_	_	linguistic	_	ContainsVariation=No	_	_	_	_	_	0-2(395)
1140-4	BO003	1140	4	sì]	sì	_	_	_	_	_	linguistic	_	ContainsVariation=No	_	End=2532.712	_	_	_	0-2(395)
1141-0	BO003	1141	0	e::	e	_	_	_	_	_	linguistic	_	ContainsVariation=No	_	Begin=2534.347	0x2	_	_	_
1141-1	BO003	1141	1	nella	nella	_	_	_	_	_	linguistic	_	ContainsVariation=No	_	_	_	_	_	_
1141-2	BO003	1141	2	fabbrica	fabbrica	_	_	_	_	_	linguistic	_	ContainsVariation=No	_	_	_	_	_	_
1141-3	BO003	1141	3	di	di	_	_	_	_	_	linguistic	_	ContainsVariation=No	_	_	_	_	_	_
1141-4	BO003	1141	4	cioccolato	cioccolato	_	_	_	_	_	linguistic	_	ContainsVariation=No	_	_	_	_	_	_
1141-5	BO003	1141	5	non	non	_	_	_	_	_	linguistic	_	ContainsVariation=No	_	_	_	_	_	_
1141-6	BO003	1141	6	è::	è	_	_	_	_	_	linguistic	_	ContainsVariation=No	_	_	0x2	_	_	_
1141-7	BO003	1141	7	cioè	cioè	_	_	_	_	_	linguistic	_	ContainsVariation=No	_	_	_	_	_	_
1141-8	BO003	1141	8	è	è	_	_	_	_	_	linguistic	_	ContainsVariation=No	_	_	_	_	_	_
1141-9	BO003	1141	9	troppo	troppo	_	_	_	_	_	linguistic	_	ContainsVariation=No	_	_	_	_	_	_
1141-10	BO003	1141	10	fantastico	fantastico	_	_	_	_	_	linguistic	_	ContainsVariation=No	_	_	_	_	_	_
1141-11	BO003	1141	11	per	per	_	_	_	_	_	linguistic	_	ContainsVariation=No	_	_	_	_	_	_
1141-12	BO003	1141	12	essere	essere	_	_	_	_	_	linguistic	_	ContainsVariation=No	_	_	_	_	_	_
1141-13	BO003	1141	13	considerato	considerato	_	_	_	_	_	linguistic	_	ContainsVariation=No	_	_	_	_	_	_
1141-14	BO003	1141	14	bello	bello	_	_	_	_	_	linguistic	_	ContainsVariation=No	_	_	_	_	_	_
1141-15	BO003	1141	15	o	o	_	_	_	_	_	linguistic	_	ContainsVariation=No	_	_	_	_	_	_
1141-16	BO003	1141	16	brut[to]	brutto	_	_	_	_	_	linguistic	_	ContainsVariation=No	_	End=2540.115	_	_	_	4-6(396)
1142-0	BO002	1142	0	[esa]tto	esatto	_	_	_	_	_	linguistic	_	ContainsVariation=No	PauseAfter=Yes	Begin=2539.885	_	_	_	0-3(396)
1142-1	BO002	1142	1	(.)	(.)	_	_	_	_	_	shortpause	_	ContainsVariation=No	_	_	_	_	_	_
1142-2	BO002	1142	2	ma	ma	_	_	_	_	_	linguistic	_	ContainsVariation=No	_	_	_	_	_	_
1142-3	BO002	1142	3	anche	anche	_	_	_	_	_	linguistic	_	ContainsVariation=No	_	_	_	_	_	_
1142-4	BO002	1142	4	edward	edward	_	_	_	_	_	linguistic	_	ContainsVariation=No	_	_	_	_	_	_
1142-5	BO002	1142	5	mani	mani	_	_	_	_	_	linguistic	_	ContainsVariation=No	_	_	_	_	_	_
1142-6	BO002	1142	6	di	di	_	_	_	_	_	linguistic	_	ContainsVariation=No	_	_	_	_	_	_
1142-7	BO002	1142	7	for[bice]	forbice	_	_	_	_	_	linguistic	_	ContainsVariation=No	_	End=2543.278	_	_	_	3-7(397)
1143-0	BO003	1143	0	[sì]	sì	_	_	_	_	_	linguistic	_	ContainsVariation=No	_	Begin=2542.342	_	_	_	0-2(397)
1143-1	BO003	1143	1	non	non	_	_	_	_	_	linguistic	_	ContainsVariation=No	_	_	_	_	_	_
1143-2	BO003	1143	2	è:	è	_	_	_	_	_	linguistic	_	ContainsVariation=No	_	End=2543.897	0x1	_	_	_
1144-0	BO003	1144	0	che	che	_	_	_	_	_	linguistic	_	ContainsVariation=No	_	Begin=2544.324	_	_	_	_
1144-1	BO003	1144	1	poi	poi	_	_	_	_	_	linguistic	_	ContainsVariation=No	_	_	_	_	_	_
1144-2	BO003	1144	2	sai	sai	_	_	_	_	_	linguistic	_	ContainsVariation=No	_	_	_	_	_	_
1144-3	BO003	1144	3	che	che	_	_	_	_	_	linguistic	_	ContainsVariation=No	_	_	_	_	_	_
1144-4	BO003	1144	4	io	io	_	_	_	_	_	linguistic	_	ContainsVariation=No	_	_	_	_	_	_
1144-5	BO003	1144	5	nella	nella	_	_	_	_	_	linguistic	_	ContainsVariation=No	_	_	_	_	_	_
1144-6	BO003	1144	6	fabbrica	fabbrica	_	_	_	_	_	linguistic	_	ContainsVariation=No	_	_	_	_	_	_
1144-7	BO003	1144	7	di	di	_	_	_	_	_	linguistic	_	ContainsVariation=No	_	_	_	_	_	_
1144-8	BO003	1144	8	cioccolato,	cioccolato	_	_	_	_	_	linguistic	_	ContainsVariation=No	Intonation=WeaklyRising	End=2546.962	_	_	_	_
1145-0	BO003	1145	0	la	la	_	_	_	_	_	linguistic	_	ContainsVariation=No	_	Begin=2547.281	_	_	_	_
1145-1	BO003	1145	1	<mamma>	mamma	_	_	_	_	_	linguistic	_	ContainsVariation=No	_	_	_	Slow=0-5(0)	_	_
1145-2	BO003	1145	2	di	di	_	_	_	_	_	linguistic	_	ContainsVariation=No	_	_	_	_	_	_
1145-3	BO003	1145	3	charlie	charlie	_	_	_	_	_	linguistic	_	ContainsVariation=No	PauseAfter=Yes	_	_	_	_	_
1145-4	BO003	1145	4	(.)	(.)	_	_	_	_	_	shortpause	_	ContainsVariation=No	_	_	_	_	_	_
1145-5	BO003	1145	5	[è	è	_	_	_	_	_	linguistic	_	ContainsVariation=No	_	_	_	_	_	0-1(398)
1145-6	BO003	1145	6	bellatrix]	bellatrix	_	_	_	_	_	linguistic	_	ContainsVariation=No	_	_	_	_	_	0-9(398)
1145-7	BO003	1145	7	((ride))	((ride))	_	_	_	_	_	nonverbalbehavior	_	ContainsVariation=No	_	End=2550.662	_	_	_	_
1146-0	BO002	1146	0	[è::	è	_	_	_	_	_	linguistic	_	ContainsVariation=No	_	Begin=2549.085	0x2	_	_	0-1(398)
1146-1	BO002	1146	1	è:	è	_	_	_	_	_	linguistic	_	ContainsVariation=No	_	_	0x1	_	_	0-1(398)
1146-2	BO002	1146	2	sì	sì	_	_	_	_	_	linguistic	_	ContainsVariation=No	_	_	_	_	_	0-2(398)
1146-3	BO002	1146	3	lho.	lho	_	_	_	_	_	linguistic	_	ContainsVariation=No	Intonation=Falling	_	_	_	_	0-3(398)
1146-4	BO002	1146	4	so::]	so	_	_	_	_	_	linguistic	_	ContainsVariation=No	_	_	1x2	_	_	0-2(398)
1146-5	BO002	1146	5	loro	loro	_	_	_	_	_	linguistic	_	ContainsVariation=No	_	_	_	_	_	_
1146-6	BO002	1146	6	hanno	hanno	_	_	_	_	_	linguistic	_	ContainsVariation=No	_	_	_	_	_	_
1146-7	BO002	1146	7	fatto::	fatto	_	_	_	_	_	linguistic	_	ContainsVariation=No	_	End=2552.978	4x2	_	_	_
1147-0	BO002	1147	0	ha	ha	_	_	_	_	_	linguistic	_	ContainsVariation=No	_	Begin=2553.628	_	_	_	_
1147-1	BO002	1147	1	ha	ha	_	_	_	_	_	linguistic	_	ContainsVariation=No	_	_	_	_	_	_
1147-2	BO002	1147	2	lavorato:	lavorato	_	_	_	_	_	linguistic	_	ContainsVariation=No	_	_	7x1	_	_	_
1147-3	BO002	1147	3	mh	mh	_	_	_	_	_	linguistic	_	ContainsVariation=No	_	_	_	_	_	_
1147-4	BO002	1147	4	>cioè<	cioè	_	_	_	_	_	linguistic	_	ContainsVariation=No	_	_	_	Fast=0-4(0)	_	_
1147-5	BO002	1147	5	han	han	_	_	_	_	_	linguistic	_	ContainsVariation=No	_	_	_	_	_	_
1147-6	BO002	1147	6	fatto	fatto	_	_	_	_	_	linguistic	_	ContainsVariation=No	_	_	_	_	_	_
1147-7	BO002	1147	7	diversi	diversi	_	_	_	_	_	linguistic	_	ContainsVariation=No	_	_	_	_	_	_
1147-8	BO002	1147	8	film	film	_	_	_	_	_	linguistic	_	ContainsVariation=No	_	_	_	_	_	_
1147-9	BO002	1147	9	con	con	_	_	_	_	_	linguistic	_	ContainsVariation=No	_	_	_	_	_	_
1147-10	BO002	1147	10	johnny	johnny	_	_	_	_	_	linguistic	_	ContainsVariation=No	_	_	_	_	_	_
1147-11	BO002	1147	11	depp	depp	_	_	_	_	_	linguistic	_	ContainsVariation=No	_	_	_	_	_	_
1147-12	BO002	1147	12	[la::	la	_	_	_	_	_	linguistic	_	ContainsVariation=No	_	_	1x2	_	_	0-2(399)
1147-13	BO002	1147	13	helena	helena	_	_	_	_	_	linguistic	_	ContainsVariation=No	_	_	_	_	_	0-6(399)
1147-14	BO002	1147	14	bonham	bonham	_	_	_	_	_	linguistic	_	ContainsVariation=No	_	_	_	_	_	0-6(399)
1147-15	BO002	1147	15	carter]	carter	_	_	_	_	_	linguistic	_	ContainsVariation=No	_	End=2560.303	_	_	_	0-6(399)
1148-0	BO003	1148	0	[sì	sì	_	_	_	_	_	linguistic	_	ContainsVariation=No	PauseAfter=Yes	Begin=2557.782	_	_	_	0-2(399)
1148-1	BO003	1148	1	(.)	(.)	_	_	_	_	_	shortpause	_	ContainsVariation=No	_	_	_	_	_	X(399)
1148-2	BO003	1148	2	lei.	lei	_	_	_	_	_	linguistic	_	ContainsVariation=No	Intonation=Falling	_	_	_	_	0-3(399)
1148-3	BO003	1148	3	lei	lei	_	_	_	_	_	linguistic	_	ContainsVariation=No	_	_	_	_	_	0-3(399)
1148-4	BO003	1148	4	è	è	_	_	_	_	_	linguistic	_	ContainsVariation=No	_	_	_	_	_	0-1(399)
1148-5	BO003	1148	5	<bra]vissi[ma>]	bravissima	_	_	_	_	_	linguistic	_	ContainsVariation=No	_	End=2561.158	_	Slow=0-10(0)	_	0-3(399),8-10(400)
1149-0	BO002	1149	0	[sì].	sì	_	_	_	_	_	linguistic	_	ContainsVariation=No	Intonation=Falling|PauseAfter=Yes	Begin=2560.659	_	_	_	0-2(400)
1149-1	BO002	1149	1	(.)	(.)	_	_	_	_	_	shortpause	_	ContainsVariation=No	_	_	_	_	_	_
1149-2	BO002	1149	2	e	e	_	_	_	_	_	linguistic	_	ContainsVariation=No	_	_	_	_	_	_
1149-3	BO002	1149	3	anche	anche	_	_	_	_	_	linguistic	_	ContainsVariation=No	_	_	_	_	_	_
1149-4	BO002	1149	4	be:l[la]	bella	_	_	_	_	_	linguistic	_	ContainsVariation=No	_	End=2562.819	1x1	_	_	3-5(401)
1150-0	BO003	1150	0	[sì]	sì	_	_	_	_	_	linguistic	_	ContainsVariation=No	_	Begin=2562.285	_	_	_	0-2(401)
1150-1	BO003	1150	1	lei	lei	_	_	_	_	_	linguistic	_	ContainsVariation=No	_	_	_	_	_	_
1150-2	BO003	1150	2	è	è	_	_	_	_	_	linguistic	_	ContainsVariation=No	_	_	_	_	_	_
1150-3	BO003	1150	3	bellissima	bellissima	_	_	_	_	_	linguistic	_	ContainsVariation=No	_	End=2564.331	_	_	_	_
1151-0	BO002	1151	0	no	no	_	_	_	_	_	linguistic	_	ContainsVariation=No	_	Begin=2566.121	_	_	_	_
1151-1	BO002	1151	1	comunque	comunque	_	_	_	_	_	linguistic	_	ContainsVariation=No	_	_	_	_	_	_
1151-2	BO002	1151	2	lui:,	lui	_	_	_	_	_	linguistic	_	ContainsVariation=No	Intonation=WeaklyRising	End=2568.364	2x1	_	_	_
1152-0	BO003	1152	0	ne	ne	_	_	_	_	_	linguistic	_	ContainsVariation=No	_	Begin=2570.487	_	_	_	_
1152-1	BO003	1152	1	sa,	sa	_	_	_	_	_	linguistic	_	ContainsVariation=No	Intonation=WeaklyRising|PauseAfter=Yes	_	_	_	_	_
1152-2	BO003	1152	2	(.)	(.)	_	_	_	_	_	shortpause	_	ContainsVariation=No	_	_	_	_	_	_
1152-3	BO003	1152	3	poi	poi	_	_	_	_	_	linguistic	_	ContainsVariation=No	_	_	_	_	_	_
1152-4	BO003	1152	4	ha	ha	_	_	_	_	_	linguistic	_	ContainsVariation=No	_	_	_	_	_	_
1152-5	BO003	1152	5	fatto	fatto	_	_	_	_	_	linguistic	_	ContainsVariation=No	_	_	_	_	_	_
1152-6	BO003	1152	6	il	il	_	_	_	_	_	linguistic	_	ContainsVariation=No	_	_	_	_	_	_
1152-7	BO003	1152	7	cappellaio	cappellaio	_	_	_	_	_	linguistic	_	ContainsVariation=No	_	_	_	_	_	_
1152-8	BO003	1152	8	matto	matto	_	_	_	_	_	linguistic	_	ContainsVariation=No	_	_	_	_	_	_
1152-9	BO003	1152	9	però	però	_	_	_	_	_	linguistic	_	ContainsVariation=No	_	_	_	_	_	_
1152-10	BO003	1152	10	anche	anche	_	_	_	_	_	linguistic	_	ContainsVariation=No	_	_	_	_	_	_
1152-11	BO003	1152	11	lì	lì	_	_	_	_	_	linguistic	_	ContainsVariation=No	_	End=2574.232	_	_	_	_
1153-0	BO003	1153	0	lui	lui	_	_	_	_	_	linguistic	_	ContainsVariation=No	_	Begin=2574.971	_	_	_	_
1153-1	BO003	1153	1	fa	fa	_	_	_	_	_	linguistic	_	ContainsVariation=No	_	_	_	_	_	_
1153-2	BO003	1153	2	solo	solo	_	_	_	_	_	linguistic	_	ContainsVariation=No	_	_	_	_	_	_
1153-3	BO003	1153	3	dei	dei	_	_	_	_	_	linguistic	_	ContainsVariation=No	_	_	_	_	_	_
1153-4	BO003	1153	4	ruoli	ruoli	_	_	_	_	_	linguistic	_	ContainsVariation=No	_	_	_	_	_	_
1153-5	BO003	1153	5	((ride))	((ride))	_	_	_	_	_	nonverbalbehavior	_	ContainsVariation=No	_	End=2576.894	_	_	_	_
1154-0	BO002	1154	0	sì:::	sì	_	_	_	_	_	linguistic	_	ContainsVariation=No	_	Begin=2576.894|End=2577.954	1x3	_	_	_
1155-0	BO002	1155	0	poi	poi	_	_	_	_	_	linguistic	_	ContainsVariation=No	_	Begin=2578.691	_	_	_	_
1155-1	BO002	1155	1	lui	lui	_	_	_	_	_	linguistic	_	ContainsVariation=No	_	_	_	_	_	_
1155-2	BO002	1155	2	mi	mi	_	_	_	_	_	linguistic	_	ContainsVariation=No	_	_	_	_	_	_
1155-3	BO002	1155	3	sa	sa	_	_	_	_	_	linguistic	_	ContainsVariation=No	_	_	_	_	_	_
1155-4	BO002	1155	4	aveva	aveva	_	_	_	_	_	linguistic	_	ContainsVariation=No	_	_	_	_	_	_
1155-5	BO002	1155	5	fatto	fatto	_	_	_	_	_	linguistic	_	ContainsVariation=No	_	_	_	_	_	_
1155-6	BO002	1155	6	<anche	anche	_	_	_	_	_	linguistic	_	ContainsVariation=No	_	_	_	Slow=0-5(0)	_	_
1155-7	BO002	1155	7	un	un	_	_	_	_	_	linguistic	_	ContainsVariation=No	_	_	_	Slow=0-2(0)	_	_
1155-8	BO002	1155	8	film>	film	_	_	_	_	_	linguistic	_	ContainsVariation=No	_	_	_	Slow=0-4(0)	_	_
1155-9	BO002	1155	9	[girato	girato	_	_	_	_	_	linguistic	_	ContainsVariation=No	_	_	_	_	_	0-6(402)
1155-10	BO002	1155	10	in	in	_	_	_	_	_	linguistic	_	ContainsVariation=No	_	_	_	_	_	0-2(402)
1155-11	BO002	1155	11	ita:]lia	italia	_	_	_	_	_	linguistic	_	ContainsVariation=No	_	End=2583.108	2x1	_	_	0-3(402)
1156-0	BO003	1156	0	[sì],	sì	_	_	_	_	_	linguistic	_	ContainsVariation=No	Intonation=WeaklyRising	Begin=2581.797|End=2582.674	_	_	_	0-2(402)
1157-0	BO003	1157	0	sì,	sì	_	_	_	_	_	linguistic	_	ContainsVariation=No	Intonation=WeaklyRising	Begin=2583.108|End=2583.817	_	_	_	_
1158-0	BO002	1158	0	che	che	_	_	_	_	_	linguistic	_	ContainsVariation=No	_	Begin=2583.817	_	_	_	_
1158-1	BO002	1158	1	io	io	_	_	_	_	_	linguistic	_	ContainsVariation=No	PauseAfter=Yes	_	_	_	_	_
1158-2	BO002	1158	2	(.)	(.)	_	_	_	_	_	shortpause	_	ContainsVariation=No	_	_	_	_	_	_
1158-3	BO002	1158	3	tra	tra	_	_	_	_	_	linguistic	_	ContainsVariation=No	_	_	_	_	_	_
1158-4	BO002	1158	4	l'	l'	_	_	_	_	_	linguistic	_	ContainsVariation=No	SpaceAfter=No	_	_	_	_	_
1158-5	BO002	1158	5	altro	altro	_	_	_	_	_	linguistic	_	ContainsVariation=No	_	_	_	_	_	_
1158-6	BO002	1158	6	ho	ho	_	_	_	_	_	linguistic	_	ContainsVariation=No	_	_	_	_	_	_
1158-7	BO002	1158	7	visto	visto	_	_	_	_	_	linguistic	_	ContainsVariation=No	_	_	_	_	_	_
1158-8	BO002	1158	8	anche	anche	_	_	_	_	_	linguistic	_	ContainsVariation=No	_	_	_	_	_	_
1158-9	BO002	1158	9	due	due	_	_	_	_	_	linguistic	_	ContainsVariation=No	_	_	_	_	_	_
1158-10	BO002	1158	10	volte	volte	_	_	_	_	_	linguistic	_	ContainsVariation=No	PauseAfter=Yes	_	_	_	_	_
1158-11	BO002	1158	11	(.)	(.)	_	_	_	_	_	shortpause	_	ContainsVariation=No	_	_	_	_	_	_
1158-12	BO002	1158	12	>un	un	_	_	_	_	_	linguistic	_	ContainsVariation=No	_	_	_	Fast=0-2(0)	_	_
1158-13	BO002	1158	13	mi	mi	_	_	_	_	_	linguistic	_	ContainsVariation=No	_	_	_	Fast=0-2(0)	_	_
1158-14	BO002	1158	14	ricordo<	ricordo	_	_	_	_	_	linguistic	_	ContainsVariation=No	_	_	_	Fast=0-7(0)	_	_
1158-15	BO002	1158	15	[come	come	_	_	_	_	_	linguistic	_	ContainsVariation=No	_	_	_	_	_	0-4(403)
1158-16	BO002	1158	16	si	si	_	_	_	_	_	linguistic	_	ContainsVariation=No	_	_	_	_	_	0-2(403)
1158-17	BO002	1158	17	xx]	xx	_	_	_	_	_	unknown	_	ContainsVariation=No	Syllables=2	End=2587.534	_	_	_	0-2(403)
1159-0	BO003	1159	0	[>quello	quello	_	_	_	_	_	linguistic	_	ContainsVariation=No	_	Begin=2586.811	_	Fast=0-6(0)	_	0-6(403)
1159-1	BO003	1159	1	della<	della	_	_	_	_	_	linguistic	_	ContainsVariation=No	_	_	_	Fast=0-5(0)	_	0-5(403)
1159-2	BO003	1159	2	truf]fa,	truffa	_	_	_	_	_	linguistic	_	ContainsVariation=No	Intonation=WeaklyRising	End=2587.969	_	_	_	0-4(403)
1160-0	BO002	1160	0	SÌ	sì	_	_	_	_	_	linguistic	_	ContainsVariation=No	Volume=high	Begin=2587.969|End=2588.515	_	_	_	_
1161-0	BO003	1161	0	i	i	_	_	_	_	_	linguistic	_	ContainsVariation=No	_	Begin=2588.515	_	_	_	_
1161-1	BO003	1161	1	maghi	maghi	_	_	_	_	_	linguistic	_	ContainsVariation=No	_	_	_	_	_	_
1161-2	BO003	1161	2	della	della	_	_	_	_	_	linguistic	_	ContainsVariation=No	_	_	_	_	_	_
1161-3	BO003	1161	3	truffa,	truffa	_	_	_	_	_	linguistic	_	ContainsVariation=No	Intonation=WeaklyRising	End=2589.805	_	_	_	_
1162-0	BO002	1162	0	è	è	_	_	_	_	_	linguistic	_	ContainsVariation=No	_	Begin=2589.805	_	_	_	_
1162-1	BO002	1162	1	quel[lo]?	quello	_	_	_	_	_	linguistic	_	ContainsVariation=No	Intonation=Rising	End=2590.732	_	_	_	4-6(404)
1163-0	BO003	1163	0	[>se]condo	secondo	_	_	_	_	_	linguistic	_	ContainsVariation=No	_	Begin=2590.539	_	Fast=0-7(0)	_	0-2(404)
1163-1	BO003	1163	1	me<	me	_	_	_	_	_	linguistic	_	ContainsVariation=No	_	_	_	Fast=0-2(0)	_	_
1163-2	BO003	1163	2	[sì]	sì	_	_	_	_	_	linguistic	_	ContainsVariation=No	_	End=2591.586	_	_	_	0-2(405)
1164-0	BO002	1164	0	[c'	c'	_	_	_	_	_	linguistic	_	ContainsVariation=No	SpaceAfter=No	Begin=2591.275	_	_	_	0-2(405)
1164-1	BO002	1164	1	è	è	_	_	_	_	_	linguistic	_	ContainsVariation=No	_	_	_	_	_	0-1(405)
1164-2	BO002	1164	2	ju]lia	julia	_	_	_	_	_	linguistic	_	ContainsVariation=No	_	_	_	_	_	0-2(405)
1164-3	BO002	1164	3	ro[berts],	roberts	_	_	_	_	_	linguistic	_	ContainsVariation=No	Intonation=WeaklyRising	End=2592.8	_	_	_	1-7(406)
1165-0	BO003	1165	0	[sì]	sì	_	_	_	_	_	linguistic	_	ContainsVariation=No	_	Begin=2592.49	_	_	_	0-2(406)
1165-1	BO003	1165	1	sì	sì	_	_	_	_	_	linguistic	_	ContainsVariation=No	_	_	_	_	_	_
1165-2	BO003	1165	2	sì,	sì	_	_	_	_	_	linguistic	_	ContainsVariation=No	Intonation=WeaklyRising	_	_	_	_	_
1165-3	BO003	1165	3	[AH	ah	_	_	_	_	_	linguistic	_	ContainsVariation=No	Volume=high	_	_	_	_	0-2(407)
1165-4	BO003	1165	4	sì	sì	_	_	_	_	_	linguistic	_	ContainsVariation=No	_	_	_	_	_	0-2(407)
1165-5	BO003	1165	5	sì	sì	_	_	_	_	_	linguistic	_	ContainsVariation=No	_	_	_	_	_	0-2(407)
1165-6	BO003	1165	6	sì	sì	_	_	_	_	_	linguistic	_	ContainsVariation=No	_	_	_	_	_	0-2(407)
1165-7	BO003	1165	7	sì	sì	_	_	_	_	_	linguistic	_	ContainsVariation=No	_	_	_	_	_	0-2(407)
1165-8	BO003	1165	8	sì]	sì	_	_	_	_	_	linguistic	_	ContainsVariation=No	_	End=2595.137	_	_	_	0-2(407)
1166-0	BO002	1166	0	[è	è	_	_	_	_	_	linguistic	_	ContainsVariation=No	_	Begin=2593.236	_	_	_	0-1(407)
1166-1	BO002	1166	1	que:llo,	quello	_	_	_	_	_	linguistic	_	ContainsVariation=No	Intonation=WeaklyRising|PauseAfter=Yes	_	2x1	_	_	0-6(407)
1166-2	BO002	1166	2	(.)	(.)	_	_	_	_	_	shortpause	_	ContainsVariation=No	_	_	_	_	_	X(407)
1166-3	BO002	1166	3	c'	c'	_	_	_	_	_	linguistic	_	ContainsVariation=No	SpaceAfter=No	_	_	_	_	0-2(407)
1166-4	BO002	1166	4	è	è	_	_	_	_	_	linguistic	_	ContainsVariation=No	_	_	_	_	_	0-1(407)
1166-5	BO002	1166	5	anche	anche	_	_	_	_	_	linguistic	_	ContainsVariation=No	_	_	_	_	_	0-5(407)
1166-6	BO002	1166	6	nino]	nino	_	_	_	_	_	linguistic	_	ContainsVariation=No	_	_	_	_	_	0-4(407)
1166-7	BO002	1166	7	frassica	frassica	_	_	_	_	_	linguistic	_	ContainsVariation=No	_	_	_	_	_	_
1166-8	BO002	1166	8	((ride))	((ride))	_	_	_	_	_	nonverbalbehavior	_	ContainsVariation=No	_	End=2596.68	_	_	_	_
1167-0	BO003	1167	0	((ride))	((ride))	_	_	_	_	_	nonverbalbehavior	_	ContainsVariation=No	_	Begin=2595.971|End=2597.76	_	_	_	_
1168-0	BO002	1168	0	è	è	_	_	_	_	_	linguistic	_	ContainsVariation=No	_	Begin=2597.169	_	_	_	_
1168-1	BO002	1168	1	ve[ro].	vero	_	_	_	_	_	linguistic	_	ContainsVariation=No	Intonation=Falling	End=2598.119	_	_	_	2-4(409)
1169-0	BO003	1169	0	[sì]	sì	_	_	_	_	_	linguistic	_	ContainsVariation=No	_	Begin=2597.923	_	_	_	0-2(410)
1169-1	BO003	1169	1	sì	sì	_	_	_	_	_	linguistic	_	ContainsVariation=No	_	_	_	_	_	_
1169-2	BO003	1169	2	sì	sì	_	_	_	_	_	linguistic	_	ContainsVariation=No	PauseAfter=Yes	_	_	_	_	_
1169-3	BO003	1169	3	(.)	(.)	_	_	_	_	_	shortpause	_	ContainsVariation=No	_	_	_	_	_	_
1169-4	BO003	1169	4	ho	ho	_	_	_	_	_	linguistic	_	ContainsVariation=No	_	_	_	_	_	_
1169-5	BO003	1169	5	presen[te	presente	_	_	_	_	_	linguistic	_	ContainsVariation=No	_	_	_	_	_	6-8(411)
1169-6	BO003	1169	6	qual	qual	_	_	_	_	_	linguistic	_	ContainsVariation=No	_	_	_	_	_	0-4(411)
1169-7	BO003	1169	7	è]	è	_	_	_	_	_	linguistic	_	ContainsVariation=No	_	End=2600.32	_	_	_	0-1(411)
1170-0	BO002	1170	0	[anche]	anche	_	_	_	_	_	linguistic	_	ContainsVariation=No	_	Begin=2599.605	_	_	_	0-5(411)
1170-1	BO002	1170	1	lì:	lì	_	_	_	_	_	linguistic	_	ContainsVariation=No	_	_	1x1	_	_	_
1170-2	BO002	1170	2	è	è	_	_	_	_	_	linguistic	_	ContainsVariation=No	_	_	_	_	_	_
1170-3	BO002	1170	3	perché	perché	_	_	_	_	_	linguistic	_	ContainsVariation=No	_	_	_	_	_	_
1170-4	BO002	1170	4	lì	lì	_	_	_	_	_	linguistic	_	ContainsVariation=No	_	_	_	_	_	_
1170-5	BO002	1170	5	è	è	_	_	_	_	_	linguistic	_	ContainsVariation=No	_	_	_	_	_	_
1170-6	BO002	1170	6	norma:[le],	normale	_	_	_	_	_	linguistic	_	ContainsVariation=No	Intonation=WeaklyRising	End=2601.867	4x1	_	_	5-7(412)
1171-0	BO003	1171	0	[sì]	sì	_	_	_	_	_	linguistic	_	ContainsVariation=No	_	Begin=2601.64	_	_	_	0-2(412)
1171-1	BO003	1171	1	lì:	lì	_	_	_	_	_	linguistic	_	ContainsVariation=No	_	_	1x1	_	_	_
1171-2	BO003	1171	2	socci	socci	_	_	_	_	_	linguistic	_	ContainsVariation=No	_	End=2603.22	_	_	_	_
1172-0	BO003	1172	0	eh	eh	_	_	_	_	_	linguistic	_	ContainsVariation=No	_	Begin=2603.997	_	_	_	_
1172-1	BO003	1172	1	sì	sì	_	_	_	_	_	linguistic	_	ContainsVariation=No	_	End=2604.638	_	_	_	_
1173-0	BO002	1173	0	è	è	_	_	_	_	_	linguistic	_	ContainsVariation=No	_	Begin=2604.638	_	_	_	_
1173-1	BO002	1173	1	quel[lo]	quello	_	_	_	_	_	linguistic	_	ContainsVariation=No	_	End=2605.633	_	_	_	4-6(413)
1174-0	BO003	1174	0	[sì]	sì	_	_	_	_	_	linguistic	_	ContainsVariation=No	_	Begin=2605.514	_	_	_	0-2(413)
1174-1	BO003	1174	1	direi	direi	_	_	_	_	_	linguistic	_	ContainsVariation=No	_	_	_	_	_	_
1174-2	BO003	1174	2	di	di	_	_	_	_	_	linguistic	_	ContainsVariation=No	_	_	_	_	_	_
1174-3	BO003	1174	3	sì	sì	_	_	_	_	_	linguistic	_	ContainsVariation=No	PauseAfter=Yes	_	_	_	_	_
1174-4	BO003	1174	4	(.)	(.)	_	_	_	_	_	shortpause	_	ContainsVariation=No	_	_	_	_	_	_
1174-5	BO003	1174	5	ma	ma	_	_	_	_	_	linguistic	_	ContainsVariation=No	_	_	_	_	_	_
1174-6	BO003	1174	6	anche	anche	_	_	_	_	_	linguistic	_	ContainsVariation=No	_	_	_	_	_	_
1174-7	BO003	1174	7	quel	quel	_	_	_	_	_	linguistic	_	ContainsVariation=No	_	_	_	_	_	_
1174-8	BO003	1174	8	film,	film	_	_	_	_	_	linguistic	_	ContainsVariation=No	Intonation=WeaklyRising	_	_	_	_	_
1174-9	BO003	1174	9	blow.	blow	_	_	_	_	_	linguistic	_	ContainsVariation=No	Intonation=Falling	_	_	_	_	_
1174-10	BO003	1174	10	quello	quello	_	_	_	_	_	linguistic	_	ContainsVariation=No	_	_	_	_	_	_
1174-11	BO003	1174	11	sulla	sulla	_	_	_	_	_	linguistic	_	ContainsVariation=No	_	_	_	_	_	_
1174-12	BO003	1174	12	droga	droga	_	_	_	_	_	linguistic	_	ContainsVariation=No	_	End=2609.551	_	_	_	_
1175-0	BO002	1175	0	sì	sì	_	_	_	_	_	linguistic	_	ContainsVariation=No	_	Begin=2609.551|End=2609.952	_	_	_	_
1176-0	BO003	1176	0	anche	anche	_	_	_	_	_	linguistic	_	ContainsVariation=No	_	Begin=2609.952	_	_	_	_
1176-1	BO003	1176	1	lì	lì	_	_	_	_	_	linguistic	_	ContainsVariation=No	PauseAfter=Yes	_	_	_	_	_
1176-2	BO003	1176	2	(.)	(.)	_	_	_	_	_	shortpause	_	ContainsVariation=No	_	_	_	_	_	_
1176-3	BO003	1176	3	quando	quando	_	_	_	_	_	linguistic	_	ContainsVariation=No	_	_	_	_	_	_
1176-4	BO003	1176	4	fa	fa	_	_	_	_	_	linguistic	_	ContainsVariation=No	_	_	_	_	_	_
1176-5	BO003	1176	5	quella	quella	_	_	_	_	_	linguistic	_	ContainsVariation=No	_	_	_	_	_	_
1176-6	BO003	1176	6	parte	parte	_	_	_	_	_	linguistic	_	ContainsVariation=No	_	_	_	_	_	_
1176-7	BO003	1176	7	che	che	_	_	_	_	_	linguistic	_	ContainsVariation=No	PauseAfter=Yes	_	_	_	_	_
1176-8	BO003	1176	8	(.)	(.)	_	_	_	_	_	shortpause	_	ContainsVariation=No	_	_	_	_	_	_
1176-9	BO003	1176	9	perché	perché	_	_	_	_	_	linguistic	_	ContainsVariation=No	_	_	_	_	_	_
1176-10	BO003	1176	10	a	a	_	_	_	_	_	linguistic	_	ContainsVariation=No	_	_	_	_	_	_
1176-11	BO003	1176	11	un	un	_	_	_	_	_	linguistic	_	ContainsVariation=No	_	_	_	_	_	_
1176-12	BO003	1176	12	certo	certo	_	_	_	_	_	linguistic	_	ContainsVariation=No	_	_	_	_	_	_
1176-13	BO003	1176	13	punto,	punto	_	_	_	_	_	linguistic	_	ContainsVariation=No	Intonation=WeaklyRising|PauseAfter=Yes	_	_	_	_	_
1176-14	BO003	1176	14	(.)	(.)	_	_	_	_	_	shortpause	_	ContainsVariation=No	_	_	_	_	_	_
1176-15	BO003	1176	15	nel	nel	_	_	_	_	_	linguistic	_	ContainsVariation=No	_	_	_	_	_	_
1176-16	BO003	1176	16	film	film	_	_	_	_	_	linguistic	_	ContainsVariation=No	_	_	_	_	_	_
1176-17	BO003	1176	17	tipo	tipo	_	_	_	_	_	linguistic	_	ContainsVariation=No	_	_	_	_	_	_
1176-18	BO003	1176	18	gli	gli	_	_	_	_	_	linguistic	_	ContainsVariation=No	_	_	_	_	_	_
1176-19	BO003	1176	19	rompono	rompono	_	_	_	_	_	linguistic	_	ContainsVariation=No	_	_	_	_	_	_
1176-20	BO003	1176	20	il	il	_	_	_	_	_	linguistic	_	ContainsVariation=No	_	_	_	_	_	_
1176-21	BO003	1176	21	naso	naso	_	_	_	_	_	linguistic	_	ContainsVariation=No	_	End=2616.648	_	_	_	_
1177-0	BO003	1177	0	e	e	_	_	_	_	_	linguistic	_	ContainsVariation=No	_	Begin=2616.796	_	_	_	_
1177-1	BO003	1177	1	quindi	quindi	_	_	_	_	_	linguistic	_	ContainsVariation=No	_	_	_	_	_	_
1177-2	BO003	1177	2	lui	lui	_	_	_	_	_	linguistic	_	ContainsVariation=No	_	_	_	_	_	_
1177-3	BO003	1177	3	ha:	ha	_	_	_	_	_	linguistic	_	ContainsVariation=No	_	_	1x1	_	_	_
1177-4	BO003	1177	4	>tutto	tutto	_	_	_	_	_	linguistic	_	ContainsVariation=No	_	_	_	Fast=0-5(0)	_	_
1177-5	BO003	1177	5	fa~<	fa~	_	_	_	_	_	linguistic	_	ContainsVariation=No	Interrupted=Yes	_	_	Fast=0-3(0)	_	_
1177-6	BO003	1177	6	il	il	_	_	_	_	_	linguistic	_	ContainsVariation=No	_	_	_	_	_	_
1177-7	BO003	1177	7	naso	naso	_	_	_	_	_	linguistic	_	ContainsVariation=No	_	_	_	_	_	_
1177-8	BO003	1177	8	fatto	fatto	_	_	_	_	_	linguistic	_	ContainsVariation=No	_	_	_	_	_	_
1177-9	BO003	1177	9	con	con	_	_	_	_	_	linguistic	_	ContainsVariation=No	_	_	_	_	_	_
1177-10	BO003	1177	10	la	la	_	_	_	_	_	linguistic	_	ContainsVariation=No	_	_	_	_	_	_
1177-11	BO003	1177	11	plastilina,	plastilina	_	_	_	_	_	linguistic	_	ContainsVariation=No	Intonation=WeaklyRising	_	_	_	_	_
1177-12	BO003	1177	12	tutto	tutto	_	_	_	_	_	linguistic	_	ContainsVariation=No	_	_	_	_	_	_
1177-13	BO003	1177	13	storto	storto	_	_	_	_	_	linguistic	_	ContainsVariation=No	_	End=2621.038	_	_	_	_
1178-0	BO003	1178	0	e	e	_	_	_	_	_	linguistic	_	ContainsVariation=No	_	Begin=2621.239	_	_	_	_
1178-1	BO003	1178	1	lì:	lì	_	_	_	_	_	linguistic	_	ContainsVariation=No	PauseAfter=Yes	_	1x1	_	_	_
1178-2	BO003	1178	2	(.)	(.)	_	_	_	_	_	shortpause	_	ContainsVariation=No	_	_	_	_	_	_
1178-3	BO003	1178	3	perde	perde	_	_	_	_	_	linguistic	_	ContainsVariation=No	_	_	_	_	_	_
1178-4	BO003	1178	4	un	un	_	_	_	_	_	linguistic	_	ContainsVariation=No	_	_	_	_	_	_
1178-5	BO003	1178	5	pochino.	pochino	_	_	_	_	_	linguistic	_	ContainsVariation=No	Intonation=Falling	End=2624.078	_	_	_	_
1179-0	BO002	1179	0	[eh	eh	_	_	_	_	_	linguistic	_	ContainsVariation=No	_	Begin=2624.237	_	_	_	0-2(414)
1179-1	BO002	1179	1	beh]	beh	_	_	_	_	_	linguistic	_	ContainsVariation=No	_	End=2625.027	_	_	_	0-3(414)
1180-0	BO003	1180	0	[però	però	_	_	_	_	_	linguistic	_	ContainsVariation=No	_	Begin=2624.237	_	_	_	0-4(414)
1180-1	BO003	1180	1	all'	all'	_	_	_	_	_	linguistic	_	ContainsVariation=No	SpaceAfter=No	_	_	_	_	0-4(414)
1180-2	BO003	1180	2	ini]zio	inizio	_	_	_	_	_	linguistic	_	ContainsVariation=No	_	_	_	_	_	0-3(414)
1180-3	BO003	1180	3	quando	quando	_	_	_	_	_	linguistic	_	ContainsVariation=No	_	_	_	_	_	_
1180-4	BO003	1180	4	è	è	_	_	_	_	_	linguistic	_	ContainsVariation=No	_	_	_	_	_	_
1180-5	BO003	1180	5	giovane	giovane	_	_	_	_	_	linguistic	_	ContainsVariation=No	_	End=2626.532	_	_	_	_
1181-0	BO003	1181	0	che	che	_	_	_	_	_	linguistic	_	ContainsVariation=No	_	Begin=2626.595	_	_	_	_
1181-1	BO003	1181	1	ha	ha	_	_	_	_	_	linguistic	_	ContainsVariation=No	_	_	_	_	_	_
1181-2	BO003	1181	2	tutto	tutto	_	_	_	_	_	linguistic	_	ContainsVariation=No	_	_	_	_	_	_
1181-3	BO003	1181	3	il	il	_	_	_	_	_	linguistic	_	ContainsVariation=No	_	_	_	_	_	_
1181-4	BO003	1181	4	viso:	viso	_	_	_	_	_	linguistic	_	ContainsVariation=No	_	_	3x1	_	_	_
1181-5	BO003	1181	5	>con<	con	_	_	_	_	_	linguistic	_	ContainsVariation=No	_	_	_	Fast=0-3(0)	_	_
1181-6	BO003	1181	6	tutto	tutto	_	_	_	_	_	linguistic	_	ContainsVariation=No	_	_	_	_	_	_
1181-7	BO003	1181	7	moro	moro	_	_	_	_	_	linguistic	_	ContainsVariation=No	_	_	_	_	_	_
1181-8	BO003	1181	8	con	con	_	_	_	_	_	linguistic	_	ContainsVariation=No	_	_	_	_	_	_
1181-9	BO003	1181	9	la	la	_	_	_	_	_	linguistic	_	ContainsVariation=No	_	_	_	_	_	_
1181-10	BO003	1181	10	barbetta	barbetta	_	_	_	_	_	linguistic	_	ContainsVariation=No	_	_	_	_	_	_
1181-11	BO003	1181	11	e	e	_	_	_	_	_	linguistic	_	ContainsVariation=No	_	_	_	_	_	_
1181-12	BO003	1181	12	i	i	_	_	_	_	_	linguistic	_	ContainsVariation=No	_	_	_	_	_	_
1181-13	BO003	1181	13	capelli,	capelli	_	_	_	_	_	linguistic	_	ContainsVariation=No	Intonation=WeaklyRising	End=2630.637	_	_	_	_
1182-0	BO002	1182	0	e	e	_	_	_	_	_	linguistic	_	ContainsVariation=No	_	Begin=2631.979	_	_	_	_
1182-1	BO002	1182	1	e	e	_	_	_	_	_	linguistic	_	ContainsVariation=No	_	_	_	_	_	_
1182-2	BO002	1182	2	eh	eh	_	_	_	_	_	linguistic	_	ContainsVariation=No	_	End=2632.729	_	_	_	_
1183-0	BO003	1183	0	((ride))	((ride))	_	_	_	_	_	nonverbalbehavior	_	ContainsVariation=No	_	Begin=2632.773|End=2633.7	_	_	_	_
1184-0	BO002	1184	0	eh	eh	_	_	_	_	_	linguistic	_	ContainsVariation=No	_	Begin=2633.257|End=2634.195	_	_	_	_
1185-0	BO003	1185	0	che	che	_	_	_	_	_	linguistic	_	ContainsVariation=No	_	Begin=2634.576	_	_	_	_
1185-1	BO003	1185	1	anche	anche	_	_	_	_	_	linguistic	_	ContainsVariation=No	_	_	_	_	_	_
1185-2	BO003	1185	2	[lì	lì	_	_	_	_	_	linguistic	_	ContainsVariation=No	_	_	_	_	_	0-2(416)
1185-3	BO003	1185	3	sta	sta	_	_	_	_	_	linguistic	_	ContainsVariation=No	_	_	_	_	_	0-3(416)
1185-4	BO003	1185	4	con]	con	_	_	_	_	_	linguistic	_	ContainsVariation=No	_	_	_	_	_	0-3(416)
1185-5	BO003	1185	5	penelope	penelope	_	_	_	_	_	linguistic	_	ContainsVariation=No	_	_	_	_	_	_
1185-6	BO003	1185	6	cruz	cruz	_	_	_	_	_	linguistic	_	ContainsVariation=No	PauseAfter=Yes	_	_	_	_	_
1185-7	BO003	1185	7	(.)	(.)	_	_	_	_	_	shortpause	_	ContainsVariation=No	_	_	_	_	_	_
1185-8	BO003	1185	8	nel	nel	_	_	_	_	_	linguistic	_	ContainsVariation=No	_	_	_	_	_	_
1185-9	BO003	1185	9	film	film	_	_	_	_	_	linguistic	_	ContainsVariation=No	_	End=2637.841	_	_	_	_
1186-0	BO002	1186	0	[per	per	_	_	_	_	_	linguistic	_	ContainsVariation=No	_	Begin=2635.072	_	_	_	0-3(416)
1186-1	BO002	1186	1	esempi~]	esempi~	_	_	_	_	_	linguistic	_	ContainsVariation=No	Interrupted=Yes	End=2636.315	_	_	_	0-7(416)
1187-0	BO002	1187	0	[sì].	sì	_	_	_	_	_	linguistic	_	ContainsVariation=No	Intonation=Falling	Begin=2636.752|End=2637.475	_	_	_	0-2(417)
1188-0	BO002	1188	0	per	per	_	_	_	_	_	linguistic	_	ContainsVariation=No	_	Begin=2638.992	_	_	_	_
1188-1	BO002	1188	1	esempio	esempio	_	_	_	_	_	linguistic	_	ContainsVariation=No	_	_	_	_	_	_
1188-2	BO002	1188	2	a	a	_	_	_	_	_	linguistic	_	ContainsVariation=No	_	_	_	_	_	_
1188-3	BO002	1188	3	me,	me	_	_	_	_	_	linguistic	_	ContainsVariation=No	Intonation=WeaklyRising	_	_	_	_	_
1188-4	BO002	1188	4	piace	piace	_	_	_	_	_	linguistic	_	ContainsVariation=No	_	_	_	_	_	_
1188-5	BO002	1188	5	molto	molto	_	_	_	_	_	linguistic	_	ContainsVariation=No	_	_	_	_	_	_
1188-6	BO002	1188	6	di	di	_	_	_	_	_	linguistic	_	ContainsVariation=No	_	_	_	_	_	_
1188-7	BO002	1188	7	più	più	_	_	_	_	_	linguistic	_	ContainsVariation=No	_	_	_	_	_	_
1188-8	BO002	1188	8	lu:i	lui	_	_	_	_	_	linguistic	_	ContainsVariation=No	_	_	1x1	_	_	_
1188-9	BO002	1188	9	rispetto	rispetto	_	_	_	_	_	linguistic	_	ContainsVariation=No	_	_	_	_	_	_
1188-10	BO002	1188	10	a	a	_	_	_	_	_	linguistic	_	ContainsVariation=No	_	_	_	_	_	_
1188-11	BO002	1188	11	brad	brad	_	_	_	_	_	linguistic	_	ContainsVariation=No	_	_	_	_	_	_
1188-12	BO002	1188	12	[pitt]	pitt	_	_	_	_	_	linguistic	_	ContainsVariation=No	_	End=2643.57	_	_	_	0-4(418)
1189-0	BO003	1189	0	[sì	sì	_	_	_	_	_	linguistic	_	ContainsVariation=No	_	Begin=2642.889	_	_	_	0-2(418)
1189-1	BO003	1189	1	sì]	sì	_	_	_	_	_	linguistic	_	ContainsVariation=No	_	_	_	_	_	0-2(418)
1189-2	BO003	1189	2	a	a	_	_	_	_	_	linguistic	_	ContainsVariation=No	_	_	_	_	_	_
1189-3	BO003	1189	3	me	me	_	_	_	_	_	linguistic	_	ContainsVariation=No	_	_	_	_	_	_
1189-4	BO003	1189	4	brad	brad	_	_	_	_	_	linguistic	_	ContainsVariation=No	_	_	_	_	_	_
1189-5	BO003	1189	5	pitt	pitt	_	_	_	_	_	linguistic	_	ContainsVariation=No	_	_	_	_	_	_
1189-6	BO003	1189	6	>non	non	_	_	_	_	_	linguistic	_	ContainsVariation=No	_	_	_	Fast=0-3(0)	_	_
1189-7	BO003	1189	7	no~	no~	_	_	_	_	_	linguistic	_	ContainsVariation=No	Interrupted=Yes	_	_	Fast=0-3(0)	_	_
1189-8	BO003	1189	8	no~	no~	_	_	_	_	_	linguistic	_	ContainsVariation=No	Interrupted=Yes	_	_	Fast=0-3(0)	_	_
1189-9	BO003	1189	9	non<	non	_	_	_	_	_	linguistic	_	ContainsVariation=No	PauseAfter=Yes	_	_	Fast=0-3(0)	_	_
1189-10	BO003	1189	10	(.)	(.)	_	_	_	_	_	shortpause	_	ContainsVariation=No	_	_	_	_	_	_
1189-11	BO003	1189	11	è	è	_	_	_	_	_	linguistic	_	ContainsVariation=No	_	_	_	_	_	_
1189-12	BO003	1189	12	bellissimo	bellissimo	_	_	_	_	_	linguistic	_	ContainsVariation=No	_	_	_	_	_	_
1189-13	BO003	1189	13	eh,	eh	_	_	_	_	_	linguistic	_	ContainsVariation=No	Intonation=WeaklyRising	_	_	_	_	_
1189-14	BO003	1189	14	per	per	_	_	_	_	_	linguistic	_	ContainsVariation=No	_	_	_	_	_	_
1189-15	BO003	1189	15	l'	l'	_	_	_	_	_	linguistic	_	ContainsVariation=No	SpaceAfter=No	_	_	_	_	_
1189-16	BO003	1189	16	amor	amor	_	_	_	_	_	linguistic	_	ContainsVariation=No	_	_	_	_	_	_
1189-17	BO003	1189	17	di	di	_	_	_	_	_	linguistic	_	ContainsVariation=No	_	_	_	_	_	_
1189-18	BO003	1189	18	dio.	dio	_	_	_	_	_	linguistic	_	ContainsVariation=No	Intonation=Falling	_	_	_	_	_
1189-19	BO003	1189	19	però	però	_	_	_	_	_	linguistic	_	ContainsVariation=No	_	_	_	_	_	_
1189-20	BO003	1189	20	non	non	_	_	_	_	_	linguistic	_	ContainsVariation=No	_	_	_	_	_	_
1189-21	BO003	1189	21	è	è	_	_	_	_	_	linguistic	_	ContainsVariation=No	_	_	_	_	_	_
1189-22	BO003	1189	22	il	il	_	_	_	_	_	linguistic	_	ContainsVariation=No	_	_	_	_	_	_
1189-23	BO003	1189	23	mio	mio	_	_	_	_	_	linguistic	_	ContainsVariation=No	_	_	_	_	_	_
1189-24	BO003	1189	24	genere.	genere	_	_	_	_	_	linguistic	_	ContainsVariation=No	Intonation=Falling	End=2648.222	_	_	_	_
1190-0	BO002	1190	0	sì	sì	_	_	_	_	_	linguistic	_	ContainsVariation=No	_	Begin=2648.314	_	_	_	_
1190-1	BO002	1190	1	non	non	_	_	_	_	_	linguistic	_	ContainsVariation=No	_	_	_	_	_	_
1190-2	BO002	1190	2	mi	mi	_	_	_	_	_	linguistic	_	ContainsVariation=No	_	_	_	_	_	_
1190-3	BO002	1190	3	entusia:sma	entusiasma	_	_	_	_	_	linguistic	_	ContainsVariation=No	_	End=2650.374	6x1	_	_	_
1191-0	BO002	1191	0	poi	poi	_	_	_	_	_	linguistic	_	ContainsVariation=No	_	Begin=2668.174	_	_	_	_
1191-1	BO002	1191	1	tipo	tipo	_	_	_	_	_	linguistic	_	ContainsVariation=No	_	_	_	_	_	_
1191-2	BO002	1191	2	la	la	_	_	_	_	_	linguistic	_	ContainsVariation=No	_	_	_	_	_	_
1191-3	BO002	1191	3	mi	mi	_	_	_	_	_	linguistic	_	ContainsVariation=No	_	_	_	_	_	_
1191-4	BO002	1191	4	mamma,	mamma	_	_	_	_	_	linguistic	_	ContainsVariation=No	Intonation=WeaklyRising|PauseAfter=Yes	_	_	_	_	_
1191-5	BO002	1191	5	(.)	(.)	_	_	_	_	_	shortpause	_	ContainsVariation=No	_	_	_	_	_	_
1191-6	BO002	1191	6	è	è	_	_	_	_	_	linguistic	_	ContainsVariation=No	_	_	_	_	_	_
1191-7	BO002	1191	7	innamorata	innamorata	_	_	_	_	_	linguistic	_	ContainsVariation=No	_	_	_	_	_	_
1191-8	BO002	1191	8	di	di	_	_	_	_	_	linguistic	_	ContainsVariation=No	_	_	_	_	_	_
1191-9	BO002	1191	9	richard	richard	_	_	_	_	_	linguistic	_	ContainsVariation=No	_	_	_	_	_	_
1191-10	BO002	1191	10	gere	gere	_	_	_	_	_	linguistic	_	ContainsVariation=No	_	End=2671.849	_	_	_	_
1192-0	BO003	1192	0	anche	anche	_	_	_	_	_	linguistic	_	ContainsVariation=No	_	Begin=2671.879	_	_	_	_
1192-1	BO003	1192	1	mia	mia	_	_	_	_	_	linguistic	_	ContainsVariation=No	_	_	_	_	_	_
1192-2	BO003	1192	2	mahmma.	mahmma	_	_	_	_	_	linguistic	_	ContainsVariation=No	Intonation=Falling	End=2672.838	_	_	_	_
1193-0	BO002	1193	0	davvero?	davvero	_	_	_	_	_	linguistic	_	ContainsVariation=No	Intonation=Rising	Begin=2672.916|End=2673.929	_	_	_	_
1194-0	BO003	1194	0	eh	eh	_	_	_	_	_	linguistic	_	ContainsVariation=No	_	Begin=2673.976	_	_	_	_
1194-1	BO003	1194	1	[sì:]	sì	_	_	_	_	_	linguistic	_	ContainsVariation=No	_	End=2674.683	1x1	_	_	0-2(419)
1195-0	BO002	1195	0	[che]	che	_	_	_	_	_	linguistic	_	ContainsVariation=No	_	Begin=2674.558	_	_	_	0-3(419)
1195-1	BO002	1195	1	effettivamente	effettivamente	_	_	_	_	_	linguistic	_	ContainsVariation=No	_	_	_	_	_	_
1195-2	BO002	1195	2	vabbè	vabbè	_	_	_	_	_	linguistic	_	ContainsVariation=No	PauseAfter=Yes	_	_	_	_	_
1195-3	BO002	1195	3	(.)	(.)	_	_	_	_	_	shortpause	_	ContainsVariation=No	_	_	_	_	_	_
1195-4	BO002	1195	4	ora,	ora	_	_	_	_	_	linguistic	_	ContainsVariation=No	Intonation=WeaklyRising	_	_	_	_	_
1195-5	BO002	1195	5	è	è	_	_	_	_	_	linguistic	_	ContainsVariation=No	_	_	_	_	_	_
1195-6	BO002	1195	6	vec[chio.	vecchio	_	_	_	_	_	linguistic	_	ContainsVariation=No	Intonation=Falling|PauseAfter=Yes	_	_	_	_	3-7(420)
1195-7	BO002	1195	7	(.)	(.)	_	_	_	_	_	shortpause	_	ContainsVariation=No	_	_	_	_	_	X(420)
1195-8	BO002	1195	8	però]	però	_	_	_	_	_	linguistic	_	ContainsVariation=No	_	_	_	_	_	0-4(420)
1195-9	BO002	1195	9	se	se	_	_	_	_	_	linguistic	_	ContainsVariation=No	_	_	_	_	_	_
1195-10	BO002	1195	10	lo	lo	_	_	_	_	_	linguistic	_	ContainsVariation=No	_	_	_	_	_	_
1195-11	BO002	1195	11	guardi	guardi	_	_	_	_	_	linguistic	_	ContainsVariation=No	_	_	_	_	_	_
1195-12	BO002	1195	12	nei	nei	_	_	_	_	_	linguistic	_	ContainsVariation=No	_	_	_	_	_	_
1195-13	BO002	1195	13	film	film	_	_	_	_	_	linguistic	_	ContainsVariation=No	_	End=2679.684	_	_	_	_
1196-0	BO003	1196	0	[sì	sì	_	_	_	_	_	linguistic	_	ContainsVariation=No	_	Begin=2676.632	_	_	_	0-2(420)
1196-1	BO003	1196	1	ora	ora	_	_	_	_	_	linguistic	_	ContainsVariation=No	_	_	_	_	_	0-3(420)
1196-2	BO003	1196	2	è	è	_	_	_	_	_	linguistic	_	ContainsVariation=No	_	_	_	_	_	0-1(420)
1196-3	BO003	1196	3	vecchio	vecchio	_	_	_	_	_	linguistic	_	ContainsVariation=No	_	_	_	_	_	0-7(420)
1196-4	BO003	1196	4	però],	però	_	_	_	_	_	linguistic	_	ContainsVariation=No	Intonation=WeaklyRising	End=2677.713	_	_	_	0-4(420)
1197-0	BO003	1197	0	l'	l'	_	_	_	_	_	linguistic	_	ContainsVariation=No	SpaceAfter=No	Begin=2680.064	_	_	_	_
1197-1	BO003	1197	1	ultimo	ultimo	_	_	_	_	_	linguistic	_	ContainsVariation=No	_	_	_	_	_	_
1197-2	BO003	1197	2	cavaliere	cavaliere	_	_	_	_	_	linguistic	_	ContainsVariation=No	_	End=2681.886	_	_	_	_
1198-0	BO002	1198	0	non	non	_	_	_	_	_	linguistic	_	ContainsVariation=No	_	Begin=2681.886	_	_	_	_
1198-1	BO002	1198	1	l'	l'	_	_	_	_	_	linguistic	_	ContainsVariation=No	SpaceAfter=No	_	_	_	_	_
1198-2	BO002	1198	2	ho	ho	_	_	_	_	_	linguistic	_	ContainsVariation=No	_	_	_	_	_	_
1198-3	BO002	1198	3	[mai	mai	_	_	_	_	_	linguistic	_	ContainsVariation=No	_	_	_	_	_	0-3(421)
1198-4	BO002	1198	4	visto]	visto	_	_	_	_	_	linguistic	_	ContainsVariation=No	_	End=2683.238	_	_	_	0-5(421)
1199-0	BO003	1199	0	[mia	mia	_	_	_	_	_	linguistic	_	ContainsVariation=No	_	Begin=2682.283	_	_	_	0-3(421)
1199-1	BO003	1199	1	mamma	mamma	_	_	_	_	_	linguistic	_	ContainsVariation=No	_	_	_	_	_	0-5(421)
1199-2	BO003	1199	2	lo	lo	_	_	_	_	_	linguistic	_	ContainsVariation=No	_	_	_	_	_	0-2(421)
1199-3	BO003	1199	3	guar]da	guarda	_	_	_	_	_	linguistic	_	ContainsVariation=No	_	_	_	_	_	0-4(421)
1199-4	BO003	1199	4	se:mpre	sempre	_	_	_	_	_	linguistic	_	ContainsVariation=No	_	_	1x1	_	_	_
1199-5	BO003	1199	5	lì	lì	_	_	_	_	_	linguistic	_	ContainsVariation=No	_	_	_	_	_	_
1199-6	BO003	1199	6	c'	c'	_	_	_	_	_	linguistic	_	ContainsVariation=No	SpaceAfter=No	_	_	_	_	_
1199-7	BO003	1199	7	è	è	_	_	_	_	_	linguistic	_	ContainsVariation=No	_	_	_	_	_	_
1199-8	BO003	1199	8	lui	lui	_	_	_	_	_	linguistic	_	ContainsVariation=No	PauseAfter=Yes	_	_	_	_	_
1199-9	BO003	1199	9	(.)	(.)	_	_	_	_	_	shortpause	_	ContainsVariation=No	_	_	_	_	_	_
1199-10	BO003	1199	10	giovane.	giovane	_	_	_	_	_	linguistic	_	ContainsVariation=No	Intonation=Falling	_	_	_	_	_
1199-11	BO003	1199	11	col	col	_	_	_	_	_	linguistic	_	ContainsVariation=No	_	_	_	_	_	_
1199-12	BO003	1199	12	capello	capello	_	_	_	_	_	linguistic	_	ContainsVariation=No	_	_	_	_	_	_
1199-13	BO003	1199	13	lungo	lungo	_	_	_	_	_	linguistic	_	ContainsVariation=No	_	End=2687.056	_	_	_	_
1200-0	BO002	1200	0	mi	mi	_	_	_	_	_	linguistic	_	ContainsVariation=No	_	Begin=2687.257	_	_	_	_
1200-1	BO002	1200	1	pare:	pare	_	_	_	_	_	linguistic	_	ContainsVariation=No	_	_	3x1	_	_	_
1200-2	BO002	1200	2	di	di	_	_	_	_	_	linguistic	_	ContainsVariation=No	_	_	_	_	_	_
1200-3	BO002	1200	3	aver	aver	_	_	_	_	_	linguistic	_	ContainsVariation=No	_	_	_	_	_	_
1200-4	BO002	1200	4	visto	visto	_	_	_	_	_	linguistic	_	ContainsVariation=No	_	_	_	_	_	_
1200-5	BO002	1200	5	american	american	_	_	_	_	_	linguistic	_	ContainsVariation=No	_	_	_	_	_	_
1200-6	BO002	1200	6	gigolò	gigolò	_	_	_	_	_	linguistic	_	ContainsVariation=No	PauseAfter=Yes	_	_	_	_	_
1200-7	BO002	1200	7	(.)	(.)	_	_	_	_	_	shortpause	_	ContainsVariation=No	_	_	_	_	_	_
1200-8	BO002	1200	8	che	che	_	_	_	_	_	linguistic	_	ContainsVariation=No	_	_	_	_	_	_
1200-9	BO002	1200	9	mi	mi	_	_	_	_	_	linguistic	_	ContainsVariation=No	_	_	_	_	_	_
1200-10	BO002	1200	10	pare	pare	_	_	_	_	_	linguistic	_	ContainsVariation=No	_	_	_	_	_	_
1200-11	BO002	1200	11	ci	ci	_	_	_	_	_	linguistic	_	ContainsVariation=No	_	_	_	_	_	_
1200-12	BO002	1200	12	sia	sia	_	_	_	_	_	linguistic	_	ContainsVariation=No	_	_	_	_	_	_
1200-13	BO002	1200	13	sem[pre	sempre	_	_	_	_	_	linguistic	_	ContainsVariation=No	_	_	_	_	_	3-6(422)
1200-14	BO002	1200	14	lui]	lui	_	_	_	_	_	linguistic	_	ContainsVariation=No	_	End=2692.071	_	_	_	0-3(422)
1201-0	BO003	1201	0	[sì]	sì	_	_	_	_	_	linguistic	_	ContainsVariation=No	_	Begin=2691.16	_	_	_	0-2(422)
1201-1	BO003	1201	1	>porca	porca	_	_	_	_	_	linguistic	_	ContainsVariation=No	_	_	_	Fast=0-5(0)	_	_
1201-2	BO003	1201	2	miseria<	miseria	_	_	_	_	_	linguistic	_	ContainsVariation=No	PauseAfter=Yes	_	_	Fast=0-7(0)	_	_
1201-3	BO003	1201	3	(.)	(.)	_	_	_	_	_	shortpause	_	ContainsVariation=No	_	_	_	_	_	_
1201-4	BO003	1201	4	anche	anche	_	_	_	_	_	linguistic	_	ContainsVariation=No	_	_	_	_	_	_
1201-5	BO003	1201	5	pretty	pretty	_	_	_	_	_	linguistic	_	ContainsVariation=No	_	_	_	_	_	_
1201-6	BO003	1201	6	woman	woman	_	_	_	_	_	linguistic	_	ContainsVariation=No	_	End=2693.335	_	_	_	_
1202-0	BO002	1202	0	sì.	sì	_	_	_	_	_	linguistic	_	ContainsVariation=No	Intonation=Falling|PauseAfter=Yes	Begin=2693.335	_	_	_	_
1202-1	BO002	1202	1	(.)	(.)	_	_	_	_	_	shortpause	_	ContainsVariation=No	_	_	_	_	_	_
1202-2	BO002	1202	2	>(proprio)<	proprio	_	_	_	_	_	linguistic	_	ContainsVariation=No	_	_	_	Fast=0-7(0)	0-7(0)	_
1202-3	BO002	1202	3	è	è	_	_	_	_	_	linguistic	_	ContainsVariation=No	_	End=2695.114	_	_	_	_
1203-0	BO003	1203	0	sì.	sì	_	_	_	_	_	linguistic	_	ContainsVariation=No	Intonation=Falling	Begin=2695.114	_	_	_	_
1203-1	BO003	1203	1	lì	lì	_	_	_	_	_	linguistic	_	ContainsVariation=No	_	_	_	_	_	_
1203-2	BO003	1203	2	lui	lui	_	_	_	_	_	linguistic	_	ContainsVariation=No	_	_	_	_	_	_
1203-3	BO003	1203	3	sì	sì	_	_	_	_	_	linguistic	_	ContainsVariation=No	_	End=2696.397	_	_	_	_
1204-0	BO002	1204	0	no	no	_	_	_	_	_	linguistic	_	ContainsVariation=No	_	Begin=2697.392	_	_	_	_
1204-1	BO002	1204	1	no	no	_	_	_	_	_	linguistic	_	ContainsVariation=No	_	_	_	_	_	_
1204-2	BO002	1204	2	era	era	_	_	_	_	_	linguistic	_	ContainsVariation=No	_	_	_	_	_	_
1204-3	BO002	1204	3	tanta	tanta	_	_	_	_	_	linguistic	_	ContainsVariation=No	_	_	_	_	_	_
1204-4	BO002	1204	4	roba	roba	_	_	_	_	_	linguistic	_	ContainsVariation=No	_	_	_	_	_	_
1204-5	BO002	1204	5	[anche	anche	_	_	_	_	_	linguistic	_	ContainsVariation=No	_	_	_	_	_	0-5(423)
1204-6	BO002	1204	6	lì]	lì	_	_	_	_	_	linguistic	_	ContainsVariation=No	_	End=2699.039	_	_	_	0-2(423)
1205-0	BO003	1205	0	[sì	sì	_	_	_	_	_	linguistic	_	ContainsVariation=No	_	Begin=2698.623	_	_	_	0-2(423)
1205-1	BO003	1205	1	sì]	sì	_	_	_	_	_	linguistic	_	ContainsVariation=No	_	_	_	_	_	0-2(423)
1205-2	BO003	1205	2	madonna	madonna	_	_	_	_	_	linguistic	_	ContainsVariation=No	_	End=2700.078	_	_	_	_
1206-0	BO003	1206	0	a	a	_	_	_	_	_	linguistic	_	ContainsVariation=No	_	Begin=2700.432	_	_	_	_
1206-1	BO003	1206	1	me	me	_	_	_	_	_	linguistic	_	ContainsVariation=No	_	_	_	_	_	_
1206-2	BO003	1206	2	il	il	_	_	_	_	_	linguistic	_	ContainsVariation=No	_	_	_	_	_	_
1206-3	BO003	1206	3	mio	mio	_	_	_	_	_	linguistic	_	ContainsVariation=No	_	_	_	_	_	_
1206-4	BO003	1206	4	preferito,	preferito	_	_	_	_	_	linguistic	_	ContainsVariation=No	Intonation=WeaklyRising|PauseAfter=Yes	_	_	_	_	_
1206-5	BO003	1206	5	(.)	(.)	_	_	_	_	_	shortpause	_	ContainsVariation=No	_	_	_	_	_	_
1206-6	BO003	1206	6	di	di	_	_	_	_	_	linguistic	_	ContainsVariation=No	_	_	_	_	_	_
1206-7	BO003	1206	7	tutti,	tutti	_	_	_	_	_	linguistic	_	ContainsVariation=No	Intonation=WeaklyRising	End=2703.798	_	_	_	_
1207-0	BO003	1207	0	oddio	oddio	_	_	_	_	_	linguistic	_	ContainsVariation=No	_	Begin=2705.784	_	_	_	_
1207-1	BO003	1207	1	bella	bella	_	_	_	_	_	linguistic	_	ContainsVariation=No	_	_	_	_	_	_
1207-2	BO003	1207	2	ga:ra	gara	_	_	_	_	_	linguistic	_	ContainsVariation=No	_	_	1x1	_	_	_
1207-3	BO003	1207	3	perché	perché	_	_	_	_	_	linguistic	_	ContainsVariation=No	_	_	_	_	_	_
1207-4	BO003	1207	4	ce	ce	_	_	_	_	_	linguistic	_	ContainsVariation=No	_	_	_	_	_	_
1207-5	BO003	1207	5	ne	ne	_	_	_	_	_	linguistic	_	ContainsVariation=No	_	_	_	_	_	_
1207-6	BO003	1207	6	son	son	_	_	_	_	_	linguistic	_	ContainsVariation=No	_	_	_	_	_	_
1207-7	BO003	1207	7	tanti	tanti	_	_	_	_	_	linguistic	_	ContainsVariation=No	_	_	_	_	_	_
1207-8	BO003	1207	8	che	che	_	_	_	_	_	linguistic	_	ContainsVariation=No	_	End=2709.099	_	_	_	_
1208-0	BO003	1208	0	però	però	_	_	_	_	_	linguistic	_	ContainsVariation=No	_	Begin=2709.604	_	_	_	_
1208-1	BO003	1208	1	forse	forse	_	_	_	_	_	linguistic	_	ContainsVariation=No	_	_	_	_	_	_
1208-2	BO003	1208	2	quello	quello	_	_	_	_	_	linguistic	_	ContainsVariation=No	_	_	_	_	_	_
1208-3	BO003	1208	3	proprio:	proprio	_	_	_	_	_	linguistic	_	ContainsVariation=No	PauseAfter=Yes	_	6x1	_	_	_
1208-4	BO003	1208	4	(.)	(.)	_	_	_	_	_	shortpause	_	ContainsVariation=No	_	_	_	_	_	_
1208-5	BO003	1208	5	che	che	_	_	_	_	_	linguistic	_	ContainsVariation=No	PauseAfter=Yes	_	_	_	_	_
1208-6	BO003	1208	6	(.)	(.)	_	_	_	_	_	shortpause	_	ContainsVariation=No	_	_	_	_	_	_
1208-7	BO003	1208	7	<preferisco	preferisco	_	_	_	_	_	linguistic	_	ContainsVariation=No	_	_	_	Slow=0-10(0)	_	_
1208-8	BO003	1208	8	in	in	_	_	_	_	_	linguistic	_	ContainsVariation=No	_	_	_	Slow=0-2(0)	_	_
1208-9	BO003	1208	9	assoluto>,	assoluto	_	_	_	_	_	linguistic	_	ContainsVariation=No	Intonation=WeaklyRising	End=2714.349	_	Slow=0-8(0)	_	_
1209-0	BO003	1209	0	ah.	ah	_	_	_	_	_	linguistic	_	ContainsVariation=No	Intonation=Falling	Begin=2718.59	_	_	_	_
1209-1	BO003	1209	1	johnny	johnny	_	_	_	_	_	linguistic	_	ContainsVariation=No	_	_	_	_	_	_
1209-2	BO003	1209	2	depp	depp	_	_	_	_	_	linguistic	_	ContainsVariation=No	_	_	_	_	_	_
1209-3	BO003	1209	3	nei	nei	_	_	_	_	_	linguistic	_	ContainsVariation=No	_	_	_	_	_	_
1209-4	BO003	1209	4	suoi	suoi	_	_	_	_	_	linguistic	_	ContainsVariation=No	_	_	_	_	_	_
1209-5	BO003	1209	5	momenti	momenti	_	_	_	_	_	linguistic	_	ContainsVariation=No	_	_	_	_	_	_
1209-6	BO003	1209	6	d'	d'	_	_	_	_	_	linguistic	_	ContainsVariation=No	SpaceAfter=No	_	_	_	_	_
1209-7	BO003	1209	7	oro	oro	_	_	_	_	_	linguistic	_	ContainsVariation=No	_	_	_	_	_	_
1209-8	BO003	1209	8	era::	era	_	_	_	_	_	linguistic	_	ContainsVariation=No	_	End=2721.463	2x2	_	_	_
1210-0	BO003	1210	0	quand'	quand'	_	_	_	_	_	linguistic	_	ContainsVariation=No	SpaceAfter=No	Begin=2721.958	_	_	_	_
1210-1	BO003	1210	1	era	era	_	_	_	_	_	linguistic	_	ContainsVariation=No	_	_	_	_	_	_
1210-2	BO003	1210	2	un	un	_	_	_	_	_	linguistic	_	ContainsVariation=No	_	_	_	_	_	_
1210-3	BO003	1210	3	ragazzi:~	ragazzi~	_	_	_	_	_	linguistic	_	ContainsVariation=No	Interrupted=Yes	_	6x1	_	_	_
1210-4	BO003	1210	4	>cioè	cioè	_	_	_	_	_	linguistic	_	ContainsVariation=No	_	_	_	Fast=0-4(0)	_	_
1210-5	BO003	1210	5	quando	quando	_	_	_	_	_	linguistic	_	ContainsVariation=No	_	_	_	Fast=0-6(0)	_	_
1210-6	BO003	1210	6	era	era	_	_	_	_	_	linguistic	_	ContainsVariation=No	_	_	_	Fast=0-3(0)	_	_
1210-7	BO003	1210	7	un<	un	_	_	_	_	_	linguistic	_	ContainsVariation=No	PauseAfter=Yes	_	_	Slow=1-2(0)|Fast=0-2(0)	_	_
1210-8	BO003	1210	8	(.)	(.)	_	_	_	_	_	shortpause	_	ContainsVariation=No	_	_	_	_	_	_
1210-9	BO003	1210	9	ragazzo	ragazzo	_	_	_	_	_	linguistic	_	ContainsVariation=No	_	_	_	Slow=0-7(0)	_	_
1210-10	BO003	1210	10	>non	non	_	_	_	_	_	linguistic	_	ContainsVariation=No	_	_	_	Fast=0-3(1)	_	_
1210-11	BO003	1210	11	so<	so	_	_	_	_	_	linguistic	_	ContainsVariation=No	_	_	_	Fast=0-2(1)	_	_
1210-12	BO003	1210	12	ventino:ve	ventinove	_	_	_	_	_	linguistic	_	ContainsVariation=No	PauseAfter=Yes	_	6x1	_	_	_
1210-13	BO003	1210	13	(.)	(.)	_	_	_	_	_	shortpause	_	ContainsVariation=No	_	_	_	_	_	_
1210-14	BO003	1210	14	ventici:nque	venticinque	_	_	_	_	_	linguistic	_	ContainsVariation=No	_	End=2726.66	6x1	_	_	_
1211-0	BO002	1211	0	sì	sì	_	_	_	_	_	linguistic	_	ContainsVariation=No	_	Begin=2728.148|End=2728.466	_	_	_	_
1212-0	BO002	1212	0	sì	sì	_	_	_	_	_	linguistic	_	ContainsVariation=No	_	Begin=2730.152	_	_	_	_
1212-1	BO002	1212	1	quando	quando	_	_	_	_	_	linguistic	_	ContainsVariation=No	_	_	_	_	_	_
1212-2	BO002	1212	2	era	era	_	_	_	_	_	linguistic	_	ContainsVariation=No	_	_	_	_	_	_
1212-3	BO002	1212	3	sulla	sulla	_	_	_	_	_	linguistic	_	ContainsVariation=No	_	_	_	_	_	_
1212-4	BO002	1212	4	trenti:na	trentina	_	_	_	_	_	linguistic	_	ContainsVariation=No	_	_	5x1	_	_	_
1212-5	BO002	1212	5	e[ra::]	era	_	_	_	_	_	linguistic	_	ContainsVariation=No	_	End=2732.667	2x2	_	_	1-3(424)
1213-0	BO003	1213	0	[era]	era	_	_	_	_	_	linguistic	_	ContainsVariation=No	_	Begin=2732.442	_	_	_	0-3(424)
1213-1	BO003	1213	1	parecchio	parecchio	_	_	_	_	_	linguistic	_	ContainsVariation=No	_	_	_	_	_	_
1213-2	BO003	1213	2	bello	bello	_	_	_	_	_	linguistic	_	ContainsVariation=No	_	End=2733.699	_	_	_	_
1214-0	BO003	1214	0	poi	poi	_	_	_	_	_	linguistic	_	ContainsVariation=No	_	Begin=2734.512	_	_	_	_
1214-1	BO003	1214	1	anche	anche	_	_	_	_	_	linguistic	_	ContainsVariation=No	_	End=2735.483	_	_	_	_
1215-0	BO003	1215	0	>non	non	_	_	_	_	_	linguistic	_	ContainsVariation=No	_	Begin=2738.112	_	Fast=0-3(0)	_	_
1215-1	BO003	1215	1	so<	so	_	_	_	_	_	linguistic	_	ContainsVariation=No	_	_	_	Fast=0-2(0)	_	_
1215-2	BO003	1215	2	se	se	_	_	_	_	_	linguistic	_	ContainsVariation=No	_	_	_	_	_	_
1215-3	BO003	1215	3	lo	lo	_	_	_	_	_	linguistic	_	ContainsVariation=No	_	_	_	_	_	_
1215-4	BO003	1215	4	conosci	conosci	_	_	_	_	_	linguistic	_	ContainsVariation=No	_	End=2739.872	_	_	_	_
1216-0	BO003	1216	0	ehm	ehm	_	_	_	_	_	linguistic	_	ContainsVariation=No	PauseAfter=Yes	Begin=2740.205	_	_	_	_
1216-1	BO003	1216	1	(.)	(.)	_	_	_	_	_	shortpause	_	ContainsVariation=No	_	_	_	_	_	_
1216-2	BO003	1216	2	patrick	patrick	_	_	_	_	_	linguistic	_	ContainsVariation=No	_	_	_	_	_	_
1216-3	BO003	1216	3	dempsey:	dempsey	_	_	_	_	_	linguistic	_	ContainsVariation=No	_	_	6x1	_	_	_
1216-4	BO003	1216	4	quello	quello	_	_	_	_	_	linguistic	_	ContainsVariation=No	_	_	_	_	_	_
1216-5	BO003	1216	5	che	che	_	_	_	_	_	linguistic	_	ContainsVariation=No	_	_	_	_	_	_
1216-6	BO003	1216	6	ha	ha	_	_	_	_	_	linguistic	_	ContainsVariation=No	_	_	_	_	_	_
1216-7	BO003	1216	7	fatto	fatto	_	_	_	_	_	linguistic	_	ContainsVariation=No	_	_	_	_	_	_
1216-8	BO003	1216	8	derek	derek	_	_	_	_	_	linguistic	_	ContainsVariation=No	_	_	_	_	_	_
1216-9	BO003	1216	9	in	in	_	_	_	_	_	linguistic	_	ContainsVariation=No	_	_	_	_	_	_
1216-10	BO003	1216	10	gre[y'	grey'	_	_	_	_	_	linguistic	_	ContainsVariation=No	SpaceAfter=No	_	_	_	_	3-5(425)
1216-11	BO003	1216	11	s	s	_	_	_	_	_	linguistic	_	ContainsVariation=No	_	_	_	_	_	0-1(425)
1216-12	BO003	1216	12	anatomy]	anatomy	_	_	_	_	_	linguistic	_	ContainsVariation=No	_	_	_	_	_	0-7(425)
1216-13	BO003	1216	13	anche	anche	_	_	_	_	_	linguistic	_	ContainsVariation=No	_	_	_	_	_	_
1216-14	BO003	1216	14	lui	lui	_	_	_	_	_	linguistic	_	ContainsVariation=No	_	End=2745.364	_	_	_	_
1217-0	BO002	1217	0	[ah:	ah	_	_	_	_	_	linguistic	_	ContainsVariation=No	_	Begin=2744.438	1x1	_	_	0-2(425)
1217-1	BO002	1217	1	sì:]	sì	_	_	_	_	_	linguistic	_	ContainsVariation=No	_	End=2745.086	1x1	_	_	0-2(425)
1218-0	BO002	1218	0	sì	sì	_	_	_	_	_	linguistic	_	ContainsVariation=No	_	Begin=2746.57	_	_	_	_
1218-1	BO002	1218	1	[piace~]	piace~	_	_	_	_	_	linguistic	_	ContainsVariation=No	Interrupted=Yes	End=2747.507	_	_	_	0-6(426)
1219-0	BO003	1219	0	[nei	nei	_	_	_	_	_	linguistic	_	ContainsVariation=No	_	Begin=2746.776	_	_	_	0-3(426)
1219-1	BO003	1219	1	suoi	suoi	_	_	_	_	_	linguistic	_	ContainsVariation=No	_	_	_	_	_	0-4(426)
1219-2	BO003	1219	2	momen]ti	momenti	_	_	_	_	_	linguistic	_	ContainsVariation=No	_	_	_	_	_	0-5(426)
1219-3	BO003	1219	3	d'	d'	_	_	_	_	_	linguistic	_	ContainsVariation=No	SpaceAfter=No	_	_	_	_	_
1219-4	BO003	1219	4	o:ro	oro	_	_	_	_	_	linguistic	_	ContainsVariation=No	_	_	0x1	_	_	_
1219-5	BO003	1219	5	[era]	era	_	_	_	_	_	linguistic	_	ContainsVariation=No	_	End=2748.655	_	_	_	0-3(427)
1220-0	BO002	1220	0	[pia]ce	piace	_	_	_	_	_	linguistic	_	ContainsVariation=No	_	Begin=2748.186	_	_	_	_
1220-1	BO002	1220	1	a	a	_	_	_	_	_	linguistic	_	ContainsVariation=No	_	_	_	_	_	_
1220-2	BO002	1220	2	ta::n[ti]	tanti	_	_	_	_	_	linguistic	_	ContainsVariation=No	PauseAfter=Yes	_	1x2	_	_	_
1220-3	BO002	1220	3	(.)	(.)	_	_	_	_	_	shortpause	_	ContainsVariation=No	_	_	_	_	_	_
1220-4	BO002	1220	4	sì]	sì	_	_	_	_	_	linguistic	_	ContainsVariation=No	_	End=2750.349	_	_	_	_
1221-0	BO003	1221	0	[davvero]	davvero	_	_	_	_	_	linguistic	_	ContainsVariation=No	_	Begin=2749.281|End=2750.044	_	_	_	0-7(428)
1222-0	BO003	1222	0	anche	anche	_	_	_	_	_	linguistic	_	ContainsVariation=No	_	Begin=2750.408	_	_	_	_
1222-1	BO003	1222	1	lui	lui	_	_	_	_	_	linguistic	_	ContainsVariation=No	_	_	_	_	_	_
1222-2	BO003	1222	2	era	era	_	_	_	_	_	linguistic	_	ContainsVariation=No	_	_	_	_	_	_
1222-3	BO003	1222	3	bello.	bello	_	_	_	_	_	linguistic	_	ContainsVariation=No	Intonation=Falling	_	_	_	_	_
1222-4	BO003	1222	4	grey'	grey'	_	_	_	_	_	linguistic	_	ContainsVariation=No	SpaceAfter=No	_	_	_	_	_
1222-5	BO003	1222	5	s	s	_	_	_	_	_	linguistic	_	ContainsVariation=No	_	_	_	_	_	_
1222-6	BO003	1222	6	anatomy	anatomy	_	_	_	_	_	linguistic	_	ContainsVariation=No	_	_	_	_	_	_
1222-7	BO003	1222	7	tutti	tutti	_	_	_	_	_	linguistic	_	ContainsVariation=No	_	End=2753.01	_	_	_	_
1223-0	BO002	1223	0	sì.	sì	_	_	_	_	_	linguistic	_	ContainsVariation=No	Intonation=Falling	Begin=2753.081	_	_	_	_
1223-1	BO002	1223	1	grey'	grey'	_	_	_	_	_	linguistic	_	ContainsVariation=No	SpaceAfter=No	_	_	_	_	_
1223-2	BO002	1223	2	s	s	_	_	_	_	_	linguistic	_	ContainsVariation=No	_	_	_	_	_	_
1223-3	BO002	1223	3	anatomy,	anatomy	_	_	_	_	_	linguistic	_	ContainsVariation=No	Intonation=WeaklyRising	_	_	_	_	_
1223-4	BO002	1223	4	la	la	_	_	_	_	_	linguistic	_	ContainsVariation=No	_	_	_	_	_	_
1223-5	BO002	1223	5	guardano	guardano	_	_	_	_	_	linguistic	_	ContainsVariation=No	_	_	_	_	_	_
1223-6	BO002	1223	6	tu:tti	tutti	_	_	_	_	_	linguistic	_	ContainsVariation=No	PauseAfter=Yes	_	1x1	_	_	_
1223-7	BO002	1223	7	(.)	(.)	_	_	_	_	_	shortpause	_	ContainsVariation=No	_	_	_	_	_	_
1223-8	BO002	1223	8	[tu~]	tu~	_	_	_	_	_	linguistic	_	ContainsVariation=No	Interrupted=Yes	End=2756.4	_	_	_	0-3(429)
1224-0	BO003	1224	0	[sì:]	sì	_	_	_	_	_	linguistic	_	ContainsVariation=No	_	Begin=2755.736	1x1	_	_	0-2(429)
1224-1	BO003	1224	1	no	no	_	_	_	_	_	linguistic	_	ContainsVariation=No	_	_	_	_	_	_
1224-2	BO003	1224	2	lì	lì	_	_	_	_	_	linguistic	_	ContainsVariation=No	_	_	_	_	_	_
1224-3	BO003	1224	3	è	è	_	_	_	_	_	linguistic	_	ContainsVariation=No	_	_	_	_	_	_
1224-4	BO003	1224	4	pieno	pieno	_	_	_	_	_	linguistic	_	ContainsVariation=No	_	_	_	_	_	_
1224-5	BO003	1224	5	di::	di	_	_	_	_	_	linguistic	_	ContainsVariation=No	_	End=2758.144	1x2	_	_	_
1225-0	BO003	1225	0	però	però	_	_	_	_	_	linguistic	_	ContainsVariation=No	_	Begin=2758.861	_	_	_	_
1225-1	BO003	1225	1	forse	forse	_	_	_	_	_	linguistic	_	ContainsVariation=No	_	_	_	_	_	_
1225-2	BO003	1225	2	tra	tra	_	_	_	_	_	linguistic	_	ContainsVariation=No	_	_	_	_	_	_
1225-3	BO003	1225	3	quelli::	quelli	_	_	_	_	_	linguistic	_	ContainsVariation=No	PauseAfter=Yes	_	5x2	_	_	_
1225-4	BO003	1225	4	(.)	(.)	_	_	_	_	_	shortpause	_	ContainsVariation=No	_	_	_	_	_	_
1225-5	BO003	1225	5	ehm::	ehm	_	_	_	_	_	linguistic	_	ContainsVariation=No	PauseAfter=Yes	_	2x2	_	_	_
1225-6	BO003	1225	6	(.)	(.)	_	_	_	_	_	shortpause	_	ContainsVariation=No	_	_	_	_	_	_
1225-7	BO003	1225	7	famosi	famosi	_	_	_	_	_	linguistic	_	ContainsVariation=No	_	_	_	_	_	_
1225-8	BO003	1225	8	dei	dei	_	_	_	_	_	linguistic	_	ContainsVariation=No	_	_	_	_	_	_
1225-9	BO003	1225	9	dei	dei	_	_	_	_	_	linguistic	_	ContainsVariation=No	_	_	_	_	_	_
1225-10	BO003	1225	10	film	film	_	_	_	_	_	linguistic	_	ContainsVariation=No	_	_	_	_	_	_
1225-11	BO003	1225	11	che	che	_	_	_	_	_	linguistic	_	ContainsVariation=No	_	_	_	_	_	_
1225-12	BO003	1225	12	conoscono	conoscono	_	_	_	_	_	linguistic	_	ContainsVariation=No	_	_	_	_	_	_
1225-13	BO003	1225	13	tutti::,	tutti	_	_	_	_	_	linguistic	_	ContainsVariation=No	Intonation=WeaklyRising	_	4x2	_	_	_
1225-14	BO003	1225	14	johnny	johnny	_	_	_	_	_	linguistic	_	ContainsVariation=No	_	_	_	_	_	_
1225-15	BO003	1225	15	depp.	depp	_	_	_	_	_	linguistic	_	ContainsVariation=No	Intonation=Falling	End=2766.525	_	_	_	_
1226-0	BO002	1226	0	sì	sì	_	_	_	_	_	linguistic	_	ContainsVariation=No	_	Begin=2767.577	_	_	_	_
1226-1	BO002	1226	1	anche	anche	_	_	_	_	_	linguistic	_	ContainsVariation=No	_	_	_	_	_	_
1226-2	BO002	1226	2	a	a	_	_	_	_	_	linguistic	_	ContainsVariation=No	_	_	_	_	_	_
1226-3	BO002	1226	3	me.	me	_	_	_	_	_	linguistic	_	ContainsVariation=No	Intonation=Falling|PauseAfter=Yes	_	_	_	_	_
1226-4	BO002	1226	4	(.)	(.)	_	_	_	_	_	shortpause	_	ContainsVariation=No	_	_	_	_	_	_
1226-5	BO002	1226	5	e	e	_	_	_	_	_	linguistic	_	ContainsVariation=No	_	_	_	_	_	_
1226-6	BO002	1226	6	orlando	orlando	_	_	_	_	_	linguistic	_	ContainsVariation=No	_	_	_	_	_	_
1226-7	BO002	1226	7	bloo:m	bloom	_	_	_	_	_	linguistic	_	ContainsVariation=No	_	End=2769.892	3x1	_	_	_
1227-0	BO003	1227	0	sì:	sì	_	_	_	_	_	linguistic	_	ContainsVariation=No	_	Begin=2769.892	1x1	_	_	_
1227-1	BO003	1227	1	no	no	_	_	_	_	_	linguistic	_	ContainsVariation=No	_	_	_	_	_	_
1227-2	BO003	1227	2	johnny	johnny	_	_	_	_	_	linguistic	_	ContainsVariation=No	_	_	_	_	_	_
1227-3	BO003	1227	3	depp	depp	_	_	_	_	_	linguistic	_	ContainsVariation=No	PauseAfter=Yes	_	_	_	_	_
1227-4	BO003	1227	4	(.)	(.)	_	_	_	_	_	shortpause	_	ContainsVariation=No	_	_	_	_	_	_
1227-5	BO003	1227	5	proprio	proprio	_	_	_	_	_	linguistic	_	ContainsVariation=No	_	_	_	_	_	_
1227-6	BO003	1227	6	proprio	proprio	_	_	_	_	_	linguistic	_	ContainsVariation=No	_	End=2772.661	_	_	_	_
1228-0	BO002	1228	0	tan~	tan~	_	_	_	_	_	linguistic	_	ContainsVariation=No	Interrupted=Yes	Begin=2772.965|End=2773.522	_	_	_	_
1229-0	BO003	1229	0	sì:	sì	_	_	_	_	_	linguistic	_	ContainsVariation=No	_	Begin=2773.522	1x1	_	_	_
1229-1	BO003	1229	1	quando	quando	_	_	_	_	_	linguistic	_	ContainsVariation=No	_	_	_	_	_	_
1229-2	BO003	1229	2	poi:	poi	_	_	_	_	_	linguistic	_	ContainsVariation=No	_	_	2x1	_	_	_
1229-3	BO003	1229	3	e:	e	_	_	_	_	_	linguistic	_	ContainsVariation=No	_	_	0x1	_	_	_
1229-4	BO003	1229	4	adesso	adesso	_	_	_	_	_	linguistic	_	ContainsVariation=No	_	_	_	_	_	_
1229-5	BO003	1229	5	è	è	_	_	_	_	_	linguistic	_	ContainsVariation=No	_	_	_	_	_	_
1229-6	BO003	1229	6	vecchio	vecchio	_	_	_	_	_	linguistic	_	ContainsVariation=No	_	_	_	_	_	_
1229-7	BO003	1229	7	è	è	_	_	_	_	_	linguistic	_	ContainsVariation=No	_	_	_	_	_	_
1229-8	BO003	1229	8	invecchiato	invecchiato	_	_	_	_	_	linguistic	_	ContainsVariation=No	_	_	_	_	_	_
1229-9	BO003	1229	9	anche	anche	_	_	_	_	_	linguistic	_	ContainsVariation=No	_	_	_	_	_	_
1229-10	BO003	1229	10	un	un	_	_	_	_	_	linguistic	_	ContainsVariation=No	_	_	_	_	_	_
1229-11	BO003	1229	11	po'	po'	_	_	_	_	_	linguistic	_	ContainsVariation=No	_	_	_	_	_	_
1229-12	BO003	1229	12	male	male	_	_	_	_	_	linguistic	_	ContainsVariation=No	_	_	_	_	_	_
1229-13	BO003	1229	13	secondo	secondo	_	_	_	_	_	linguistic	_	ContainsVariation=No	_	_	_	_	_	_
1229-14	BO003	1229	14	me	me	_	_	_	_	_	linguistic	_	ContainsVariation=No	_	End=2777.642	_	_	_	_
1230-0	BO003	1230	0	mh:	mh	_	_	_	_	_	linguistic	_	ContainsVariation=No	_	Begin=2779.069	1x1	_	_	_
1230-1	BO003	1230	1	cioè	cioè	_	_	_	_	_	linguistic	_	ContainsVariation=No	_	_	_	_	_	_
1230-2	BO003	1230	2	non	non	_	_	_	_	_	linguistic	_	ContainsVariation=No	_	_	_	_	_	_
1230-3	BO003	1230	3	è	è	_	_	_	_	_	linguistic	_	ContainsVariation=No	_	_	_	_	_	_
1230-4	BO003	1230	4	invecchiato	invecchiato	_	_	_	_	_	linguistic	_	ContainsVariation=No	_	_	_	_	_	_
1230-5	BO003	1230	5	ma~	ma~	_	_	_	_	_	linguistic	_	ContainsVariation=No	Interrupted=Yes	_	_	_	_	_
1230-6	BO003	1230	6	>cioè<	cioè	_	_	_	_	_	linguistic	_	ContainsVariation=No	_	_	_	Fast=0-4(0)	_	_
1230-7	BO003	1230	7	mh	mh	_	_	_	_	_	linguistic	_	ContainsVariation=No	_	_	_	_	_	_
1230-8	BO003	1230	8	nohn.	nohn	_	_	_	_	_	linguistic	_	ContainsVariation=No	Intonation=Falling	_	_	_	_	_
1230-9	BO003	1230	9	loh.	loh	_	_	_	_	_	linguistic	_	ContainsVariation=No	Intonation=Falling	_	_	_	_	_
1230-10	BO003	1230	10	soh.	soh	_	_	_	_	_	linguistic	_	ContainsVariation=No	Intonation=Falling	End=2781.732	_	_	_	_
1231-0	BO002	1231	0	vabbè	vabbè	_	_	_	_	_	linguistic	_	ContainsVariation=No	_	Begin=2782.832	_	_	_	_
1231-1	BO002	1231	1	è	è	_	_	_	_	_	linguistic	_	ContainsVariation=No	_	_	_	_	_	_
1231-2	BO002	1231	2	invecchiato.	invecchiato	_	_	_	_	_	linguistic	_	ContainsVariation=No	Intonation=Falling	End=2783.838	_	_	_	_
1232-0	BO003	1232	0	è	è	_	_	_	_	_	linguistic	_	ContainsVariation=No	_	Begin=2783.923	_	_	_	_
1232-1	BO003	1232	1	invecchiato	invecchiato	_	_	_	_	_	linguistic	_	ContainsVariation=No	_	End=2785.445	_	_	_	_
1233-0	BO002	1233	0	eh	eh	_	_	_	_	_	linguistic	_	ContainsVariation=No	_	Begin=2785.447	_	_	_	_
1233-1	BO002	1233	1	oh	oh	_	_	_	_	_	linguistic	_	ContainsVariation=No	_	End=2786.012	_	_	_	_
1234-0	BO002	1234	0	però::,	però	_	_	_	_	_	linguistic	_	ContainsVariation=No	Intonation=WeaklyRising	Begin=2786.792|End=2787.933	3x2	_	_	_
1235-0	BO003	1235	0	no	no	_	_	_	_	_	linguistic	_	ContainsVariation=No	_	Begin=2787.978	_	_	_	_
1235-1	BO003	1235	1	lui:	lui	_	_	_	_	_	linguistic	_	ContainsVariation=No	_	_	2x1	_	_	_
1235-2	BO003	1235	2	sì.	sì	_	_	_	_	_	linguistic	_	ContainsVariation=No	Intonation=Falling	_	_	_	_	_
1235-3	BO003	1235	3	johhny	johhny	_	_	_	_	_	linguistic	_	ContainsVariation=No	_	_	_	_	_	_
1235-4	BO003	1235	4	depp	depp	_	_	_	_	_	linguistic	_	ContainsVariation=No	_	_	_	_	_	_
1235-5	BO003	1235	5	è	è	_	_	_	_	_	linguistic	_	ContainsVariation=No	_	_	_	_	_	_
1235-6	BO003	1235	6	il	il	_	_	_	_	_	linguistic	_	ContainsVariation=No	_	_	_	_	_	_
1235-7	BO003	1235	7	mio	mio	_	_	_	_	_	linguistic	_	ContainsVariation=No	_	_	_	_	_	_
1235-8	BO003	1235	8	preferito	preferito	_	_	_	_	_	linguistic	_	ContainsVariation=No	_	End=2790.253	_	_	_	_
1236-0	BO002	1236	0	lui	lui	_	_	_	_	_	linguistic	_	ContainsVariation=No	_	Begin=2790.258	_	_	_	_
1236-1	BO002	1236	1	era	era	_	_	_	_	_	linguistic	_	ContainsVariation=No	_	_	_	_	_	_
1236-2	BO002	1236	2	ancora	ancora	_	_	_	_	_	linguistic	_	ContainsVariation=No	_	_	_	_	_	_
1236-3	BO002	1236	3	bello	bello	_	_	_	_	_	linguistic	_	ContainsVariation=No	_	_	_	_	_	_
1236-4	BO002	1236	4	an[che::]	anche	_	_	_	_	_	linguistic	_	ContainsVariation=No	_	_	4x2	_	_	2-5(430)
1236-5	BO002	1236	5	verso	verso	_	_	_	_	_	linguistic	_	ContainsVariation=No	_	_	_	_	_	_
1236-6	BO002	1236	6	i	i	_	_	_	_	_	linguistic	_	ContainsVariation=No	_	_	_	_	_	_
1236-7	BO002	1236	7	quaranta	quaranta	_	_	_	_	_	linguistic	_	ContainsVariation=No	_	_	_	_	_	_
1236-8	BO002	1236	8	eh	eh	_	_	_	_	_	linguistic	_	ContainsVariation=No	_	_	_	_	_	_
1236-9	BO002	1236	9	però	però	_	_	_	_	_	linguistic	_	ContainsVariation=No	_	End=2794.857	_	_	_	_
1237-0	BO003	1237	0	[sì	sì	_	_	_	_	_	linguistic	_	ContainsVariation=No	_	Begin=2792.097	_	_	_	0-2(430)
1237-1	BO003	1237	1	sì]	sì	_	_	_	_	_	linguistic	_	ContainsVariation=No	_	End=2793.165	_	_	_	0-2(430)
1238-0	BO003	1238	0	è	è	_	_	_	_	_	linguistic	_	ContainsVariation=No	_	Begin=2794.911	_	_	_	_
1238-1	BO003	1238	1	che	che	_	_	_	_	_	linguistic	_	ContainsVariation=No	_	_	_	_	_	_
1238-2	BO003	1238	2	con	con	_	_	_	_	_	linguistic	_	ContainsVariation=No	_	_	_	_	_	_
1238-3	BO003	1238	3	l'	l'	_	_	_	_	_	linguistic	_	ContainsVariation=No	SpaceAfter=No	_	_	_	_	_
1238-4	BO003	1238	4	ultimo	ultimo	_	_	_	_	_	linguistic	_	ContainsVariation=No	_	_	_	_	_	_
1238-5	BO003	1238	5	film	film	_	_	_	_	_	linguistic	_	ContainsVariation=No	_	_	_	_	_	_
1238-6	BO003	1238	6	che	che	_	_	_	_	_	linguistic	_	ContainsVariation=No	_	_	_	_	_	_
1238-7	BO003	1238	7	ha	ha	_	_	_	_	_	linguistic	_	ContainsVariation=No	_	_	_	_	_	_
1238-8	BO003	1238	8	dovuto	dovuto	_	_	_	_	_	linguistic	_	ContainsVariation=No	_	_	_	_	_	_
1238-9	BO003	1238	9	ingras[sare	ingrassare	_	_	_	_	_	linguistic	_	ContainsVariation=No	_	_	_	_	_	5-10(432)
1238-10	BO003	1238	10	gli	gli	_	_	_	_	_	linguistic	_	ContainsVariation=No	_	_	_	_	_	0-3(432)
1238-11	BO003	1238	11	si	si	_	_	_	_	_	linguistic	_	ContainsVariation=No	_	_	_	_	_	0-2(432)
1238-12	BO003	1238	12	è	è	_	_	_	_	_	linguistic	_	ContainsVariation=No	_	_	_	_	_	0-1(432)
1238-13	BO003	1238	13	un	un	_	_	_	_	_	linguistic	_	ContainsVariation=No	_	_	_	_	_	0-2(432)
1238-14	BO003	1238	14	p~	p~	_	_	_	_	_	linguistic	_	ContainsVariation=No	Interrupted=Yes	_	_	_	_	0-2(432)
1238-15	BO003	1238	15	tut]ta	tutta	_	_	_	_	_	linguistic	_	ContainsVariation=No	_	_	_	_	_	0-3(432)
1238-16	BO003	1238	16	un	un	_	_	_	_	_	linguistic	_	ContainsVariation=No	_	_	_	_	_	_
1238-17	BO003	1238	17	po'	po'	_	_	_	_	_	linguistic	_	ContainsVariation=No	_	_	_	_	_	_
1238-18	BO003	1238	18	rovinata	rovinata	_	_	_	_	_	linguistic	_	ContainsVariation=No	_	_	_	_	_	_
1238-19	BO003	1238	19	la	la	_	_	_	_	_	linguistic	_	ContainsVariation=No	_	_	_	_	_	_
1238-20	BO003	1238	20	faccia	faccia	_	_	_	_	_	linguistic	_	ContainsVariation=No	PauseAfter=Yes	_	_	_	_	_
1238-21	BO003	1238	21	(.)	(.)	_	_	_	_	_	shortpause	_	ContainsVariation=No	_	_	_	_	_	_
1238-22	BO003	1238	22	[vero]?	vero	_	_	_	_	_	linguistic	_	ContainsVariation=No	Intonation=Rising	End=2800.196	_	_	_	0-4(431)
1239-0	BO002	1239	0	[sì::]	sì	_	_	_	_	_	linguistic	_	ContainsVariation=No	_	Begin=2796.868|End=2798.326	1x2	_	_	0-2(432)
1240-0	BO002	1240	0	[esa:tto]	esatto	_	_	_	_	_	linguistic	_	ContainsVariation=No	_	Begin=2799.343	2x1	_	_	0-6(431)
1240-1	BO002	1240	1	sì	sì	_	_	_	_	_	linguistic	_	ContainsVariation=No	_	End=2800.753	_	_	_	_
1241-0	BO002	1241	0	dev'	dev'	_	_	_	_	_	linguistic	_	ContainsVariation=No	SpaceAfter=No	Begin=2801.107	_	_	_	_
1241-1	BO002	1241	1	esse	esse	_	_	_	_	_	linguistic	_	ContainsVariation=No	_	_	_	_	_	_
1241-2	BO002	1241	2	que:llo	quello	_	_	_	_	_	linguistic	_	ContainsVariation=No	_	End=2802.651	2x1	_	_	_
1242-0	BO003	1242	0	però	però	_	_	_	_	_	linguistic	_	ContainsVariation=No	_	Begin=2803.031	_	_	_	_
1242-1	BO003	1242	1	sì	sì	_	_	_	_	_	linguistic	_	ContainsVariation=No	_	_	_	_	_	_
1242-2	BO003	1242	2	madonna	madonna	_	_	_	_	_	linguistic	_	ContainsVariation=No	_	_	_	_	_	_
1242-3	BO003	1242	3	quando::	quando	_	_	_	_	_	linguistic	_	ContainsVariation=No	_	End=2805.155	5x2	_	_	_
1243-0	BO002	1243	0	no	no	_	_	_	_	_	linguistic	_	ContainsVariation=No	_	Begin=2806.718	_	_	_	_
1243-1	BO002	1243	1	no	no	_	_	_	_	_	linguistic	_	ContainsVariation=No	_	_	_	_	_	_
1243-2	BO002	1243	2	è	è	_	_	_	_	_	linguistic	_	ContainsVariation=No	_	_	_	_	_	_
1243-3	BO002	1243	3	tanta	tanta	_	_	_	_	_	linguistic	_	ContainsVariation=No	_	_	_	_	_	_
1243-4	BO002	1243	4	ro:ba	roba	_	_	_	_	_	linguistic	_	ContainsVariation=No	_	End=2807.89	1x1	_	_	_
1244-0	BO003	1244	0	quando	quando	_	_	_	_	_	linguistic	_	ContainsVariation=No	_	Begin=2807.89	_	_	_	_
1244-1	BO003	1244	1	era	era	_	_	_	_	_	linguistic	_	ContainsVariation=No	_	_	_	_	_	_
1244-2	BO003	1244	2	sulla	sulla	_	_	_	_	_	linguistic	_	ContainsVariation=No	_	_	_	_	_	_
1244-3	BO003	1244	3	trentina	trentina	_	_	_	_	_	linguistic	_	ContainsVariation=No	_	_	_	_	_	_
1244-4	BO003	1244	4	era	era	_	_	_	_	_	linguistic	_	ContainsVariation=No	_	_	_	_	_	_
1244-5	BO003	1244	5	proprio	proprio	_	_	_	_	_	linguistic	_	ContainsVariation=No	_	_	_	_	_	_
1244-6	BO003	1244	6	più	più	_	_	_	_	_	linguistic	_	ContainsVariation=No	_	_	_	_	_	_
1244-7	BO003	1244	7	di	di	_	_	_	_	_	linguistic	_	ContainsVariation=No	_	_	_	_	_	_
1244-8	BO003	1244	8	così,	così	_	_	_	_	_	linguistic	_	ContainsVariation=No	Intonation=WeaklyRising	End=2810.619	_	_	_	_
1245-0	BO002	1245	0	maremma	maremma	_	_	_	_	_	linguistic	_	ContainsVariation=No	_	Begin=2811.841|End=2812.999	_	_	_	_
1246-0	BO002	1246	0	te	te	_	_	_	_	_	linguistic	_	ContainsVariation=No	_	Begin=2814.81	_	_	_	_
1246-1	BO002	1246	1	lo	lo	_	_	_	_	_	linguistic	_	ContainsVariation=No	_	_	_	_	_	_
1246-2	BO002	1246	2	immagini	immagini	_	_	_	_	_	linguistic	_	ContainsVariation=No	_	_	_	_	_	_
1246-3	BO002	1246	3	il	il	_	_	_	_	_	linguistic	_	ContainsVariation=No	_	_	_	_	_	_
1246-4	BO002	1246	4	signore	signore	_	_	_	_	_	linguistic	_	ContainsVariation=No	_	_	_	_	_	_
1246-5	BO002	1246	5	degli	degli	_	_	_	_	_	linguistic	_	ContainsVariation=No	_	_	_	_	_	_
1246-6	BO002	1246	6	anelli,	anelli	_	_	_	_	_	linguistic	_	ContainsVariation=No	Intonation=WeaklyRising	_	_	_	_	_
1246-7	BO002	1246	7	in	in	_	_	_	_	_	linguistic	_	ContainsVariation=No	_	_	_	_	_	_
1246-8	BO002	1246	8	cui,	cui	_	_	_	_	_	linguistic	_	ContainsVariation=No	Intonation=WeaklyRising|PauseAfter=Yes	_	_	_	_	_
1246-9	BO002	1246	9	(.)	(.)	_	_	_	_	_	shortpause	_	ContainsVariation=No	_	_	_	_	_	_
1246-10	BO002	1246	10	aragon	aragon	_	_	_	_	_	linguistic	_	ContainsVariation=No	PauseAfter=Yes	_	_	_	_	_
1246-11	BO002	1246	11	(.)	(.)	_	_	_	_	_	shortpause	_	ContainsVariation=No	_	_	_	_	_	_
1246-12	BO002	1246	12	era	era	_	_	_	_	_	linguistic	_	ContainsVariation=No	_	_	_	_	_	_
1246-13	BO002	1246	13	johnny	johnny	_	_	_	_	_	linguistic	_	ContainsVariation=No	_	_	_	_	_	_
1246-14	BO002	1246	14	depp	depp	_	_	_	_	_	linguistic	_	ContainsVariation=No	_	End=2819.976	_	_	_	_
1247-0	BO003	1247	0	porca	porca	_	_	_	_	_	linguistic	_	ContainsVariation=No	_	Begin=2821.655	_	_	_	_
1247-1	BO003	1247	1	miseria	miseria	_	_	_	_	_	linguistic	_	ContainsVariation=No	_	End=2823.25	_	_	_	_
1248-0	BO003	1248	0	lui	lui	_	_	_	_	_	linguistic	_	ContainsVariation=No	_	Begin=2823.866	_	_	_	_
1248-1	BO003	1248	1	sì	sì	_	_	_	_	_	linguistic	_	ContainsVariation=No	_	_	_	_	_	_
1248-2	BO003	1248	2	era:	era	_	_	_	_	_	linguistic	_	ContainsVariation=No	PauseAfter=Yes	_	2x1	_	_	_
1248-3	BO003	1248	3	(.)	(.)	_	_	_	_	_	shortpause	_	ContainsVariation=No	_	_	_	_	_	_
1248-4	BO003	1248	4	bellissimissimo	bellissimissimo	_	_	_	_	_	linguistic	_	ContainsVariation=No	_	End=2828.103	_	_	_	_
1249-0	BO002	1249	0	ma	ma	_	_	_	_	_	linguistic	_	ContainsVariation=No	_	Begin=2828.103	_	_	_	_
1249-1	BO002	1249	1	sul	sul	_	_	_	_	_	linguistic	_	ContainsVariation=No	_	_	_	_	_	_
1249-2	BO002	1249	2	se:rio	serio	_	_	_	_	_	linguistic	_	ContainsVariation=No	_	End=2829.715	1x1	_	_	_
1250-0	BO003	1250	0	johnny	johnny	_	_	_	_	_	linguistic	_	ContainsVariation=No	_	Begin=2845.06	_	_	_	_
1250-1	BO003	1250	1	depp	depp	_	_	_	_	_	linguistic	_	ContainsVariation=No	PauseAfter=Yes	_	_	_	_	_
1250-2	BO003	1250	2	(.)	(.)	_	_	_	_	_	shortpause	_	ContainsVariation=No	_	_	_	_	_	_
1250-3	BO003	1250	3	tanta	tanta	_	_	_	_	_	linguistic	_	ContainsVariation=No	_	_	_	_	_	_
1250-4	BO003	1250	4	roba	roba	_	_	_	_	_	linguistic	_	ContainsVariation=No	_	End=2847.15	_	_	_	_
1251-0	BO002	1251	0	((ride))	((ride))	_	_	_	_	_	nonverbalbehavior	_	ContainsVariation=No	_	Begin=2850.151|End=2850.866	_	_	_	_
1252-0	BO003	1252	0	anche	anche	_	_	_	_	_	linguistic	_	ContainsVariation=No	_	Begin=2851.177	_	_	_	_
1252-1	BO003	1252	1	ashton	ashton	_	_	_	_	_	linguistic	_	ContainsVariation=No	_	_	_	_	_	_
1252-2	BO003	1252	2	kutcher	kutcher	_	_	_	_	_	linguistic	_	ContainsVariation=No	_	_	_	_	_	_
1252-3	BO003	1252	3	è	è	_	_	_	_	_	linguistic	_	ContainsVariation=No	_	_	_	_	_	_
1252-4	BO003	1252	4	molto	molto	_	_	_	_	_	linguistic	_	ContainsVariation=No	_	_	_	_	_	_
1252-5	BO003	1252	5	bello	bello	_	_	_	_	_	linguistic	_	ContainsVariation=No	_	End=2853.489	_	_	_	_
1253-0	BO002	1253	0	lo	lo	_	_	_	_	_	linguistic	_	ContainsVariation=No	_	Begin=2854.636	_	_	_	_
1253-1	BO002	1253	1	sai,	sai	_	_	_	_	_	linguistic	_	ContainsVariation=No	Intonation=WeaklyRising	_	_	_	_	_
1253-2	BO002	1253	2	chi	chi	_	_	_	_	_	linguistic	_	ContainsVariation=No	_	_	_	_	_	_
1253-3	BO002	1253	3	non	non	_	_	_	_	_	linguistic	_	ContainsVariation=No	_	_	_	_	_	_
1253-4	BO002	1253	4	è	è	_	_	_	_	_	linguistic	_	ContainsVariation=No	_	_	_	_	_	_
1253-5	BO002	1253	5	brutto.	brutto	_	_	_	_	_	linguistic	_	ContainsVariation=No	Intonation=Falling	_	_	_	_	_
1253-6	BO002	1253	6	anche.	anche	_	_	_	_	_	linguistic	_	ContainsVariation=No	Intonation=Falling	_	_	_	_	_
1253-7	BO002	1253	7	quello	quello	_	_	_	_	_	linguistic	_	ContainsVariation=No	_	_	_	_	_	_
1253-8	BO002	1253	8	che	che	_	_	_	_	_	linguistic	_	ContainsVariation=No	_	_	_	_	_	_
1253-9	BO002	1253	9	fa	fa	_	_	_	_	_	linguistic	_	ContainsVariation=No	_	_	_	_	_	_
1253-10	BO002	1253	10	voldemort	voldemort	_	_	_	_	_	linguistic	_	ContainsVariation=No	_	End=2858.509	_	_	_	_
1254-0	BO003	1254	0	sì	sì	_	_	_	_	_	linguistic	_	ContainsVariation=No	_	Begin=2858.509	_	_	_	_
1254-1	BO003	1254	1	((ride))	((ride))	_	_	_	_	_	nonverbalbehavior	_	ContainsVariation=No	_	End=2859.344	_	_	_	_
1255-0	BO002	1255	0	se	se	_	_	_	_	_	linguistic	_	ContainsVariation=No	_	Begin=2859.38	_	_	_	_
1255-1	BO002	1255	1	lo	lo	_	_	_	_	_	linguistic	_	ContainsVariation=No	_	_	_	_	_	_
1255-2	BO002	1255	2	vedi,	vedi	_	_	_	_	_	linguistic	_	ContainsVariation=No	Intonation=WeaklyRising	_	_	_	_	_
1255-3	BO002	1255	3	in	in	_	_	_	_	_	linguistic	_	ContainsVariation=No	_	_	_	_	_	_
1255-4	BO002	1255	4	panni	panni	_	_	_	_	_	linguistic	_	ContainsVariation=No	_	_	_	_	_	_
1255-5	BO002	1255	5	normali	normali	_	_	_	_	_	linguistic	_	ContainsVariation=No	PauseAfter=Yes	_	_	_	_	_
1255-6	BO002	1255	6	(.)	(.)	_	_	_	_	_	shortpause	_	ContainsVariation=No	_	_	_	_	_	_
1255-7	BO002	1255	7	è	è	_	_	_	_	_	linguistic	_	ContainsVariation=No	_	_	_	_	_	_
1255-8	BO002	1255	8	belloc[cio]	belloccio	_	_	_	_	_	linguistic	_	ContainsVariation=No	_	End=2863.923	_	_	_	6-9(433)
1256-0	BO003	1256	0	[eh]	eh	_	_	_	_	_	linguistic	_	ContainsVariation=No	_	Begin=2863.319	_	_	_	0-2(433)
1256-1	BO003	1256	1	sì.	sì	_	_	_	_	_	linguistic	_	ContainsVariation=No	Intonation=Falling	_	_	_	_	_
1256-2	BO003	1256	2	sì	sì	_	_	_	_	_	linguistic	_	ContainsVariation=No	_	_	_	_	_	_
1256-3	BO003	1256	3	sì	sì	_	_	_	_	_	linguistic	_	ContainsVariation=No	_	_	_	_	_	_
1256-4	BO003	1256	4	sì	sì	_	_	_	_	_	linguistic	_	ContainsVariation=No	_	End=2864.666	_	_	_	_
1257-0	BO002	1257	0	ralph	ralph	_	_	_	_	_	linguistic	_	ContainsVariation=No	_	Begin=2864.661	_	_	_	_
1257-1	BO002	1257	1	fiennes	fiennes	_	_	_	_	_	linguistic	_	ContainsVariation=No	_	End=2866.276	_	_	_	_
1258-0	BO003	1258	0	ma	ma	_	_	_	_	_	linguistic	_	ContainsVariation=No	_	Begin=2866.414	_	_	_	_
1258-1	BO003	1258	1	anche	anche	_	_	_	_	_	linguistic	_	ContainsVariation=No	_	_	_	_	_	_
1258-2	BO003	1258	2	quello	quello	_	_	_	_	_	linguistic	_	ContainsVariation=No	_	_	_	_	_	_
1258-3	BO003	1258	3	che	che	_	_	_	_	_	linguistic	_	ContainsVariation=No	_	_	_	_	_	_
1258-4	BO003	1258	4	fa	fa	_	_	_	_	_	linguistic	_	ContainsVariation=No	_	_	_	_	_	_
1258-5	BO003	1258	5	dean.	dean	_	_	_	_	_	linguistic	_	ContainsVariation=No	Intonation=Falling	_	_	_	_	_
1258-6	BO003	1258	6	tu	tu	_	_	_	_	_	linguistic	_	ContainsVariation=No	_	_	_	_	_	_
1258-7	BO003	1258	7	hai	hai	_	_	_	_	_	linguistic	_	ContainsVariation=No	_	_	_	_	_	_
1258-8	BO003	1258	8	visto	visto	_	_	_	_	_	linguistic	_	ContainsVariation=No	_	_	_	_	_	_
1258-9	BO003	1258	9	che	che	_	_	_	_	_	linguistic	_	ContainsVariation=No	_	_	_	_	_	_
1258-10	BO003	1258	10	fisi[co]?	fisico	_	_	_	_	_	linguistic	_	ContainsVariation=No	Intonation=Rising	End=2869.248	_	_	_	4-6(435)
1259-0	BO002	1259	0	[sì:]:::	sì	_	_	_	_	_	linguistic	_	ContainsVariation=No	_	Begin=2868.936|End=2870.452	1x4	_	_	0-2(435)
1260-0	BO002	1260	0	mare:mma	maremma	_	_	_	_	_	linguistic	_	ContainsVariation=No	_	Begin=2872.662|End=2873.888	3x1	_	_	_
1261-0	BO002	1261	0	comunque,	comunque	_	_	_	_	_	linguistic	_	ContainsVariation=No	Intonation=WeaklyRising	Begin=2875.063	_	_	_	_
1261-1	BO002	1261	1	a	a	_	_	_	_	_	linguistic	_	ContainsVariation=No	_	_	_	_	_	_
1261-2	BO002	1261	2	me	me	_	_	_	_	_	linguistic	_	ContainsVariation=No	_	_	_	_	_	_
1261-3	BO002	1261	3	sinceramente	sinceramente	_	_	_	_	_	linguistic	_	ContainsVariation=No	_	_	_	_	_	_
1261-4	BO002	1261	4	anche::	anche	_	_	_	_	_	linguistic	_	ContainsVariation=No	PauseAfter=Yes	_	4x2	_	_	_
1261-5	BO002	1261	5	(.)	(.)	_	_	_	_	_	shortpause	_	ContainsVariation=No	_	_	_	_	_	_
1261-6	BO002	1261	6	daniel	daniel	_	_	_	_	_	linguistic	_	ContainsVariation=No	_	_	_	_	_	_
1261-7	BO002	1261	7	radcliffe	radcliffe	_	_	_	_	_	linguistic	_	ContainsVariation=No	_	_	_	_	_	_
1261-8	BO002	1261	8	non	non	_	_	_	_	_	linguistic	_	ContainsVariation=No	_	_	_	_	_	_
1261-9	BO002	1261	9	mi	mi	_	_	_	_	_	linguistic	_	ContainsVariation=No	_	_	_	_	_	_
1261-10	BO002	1261	10	dispia:[ce]	dispiace	_	_	_	_	_	linguistic	_	ContainsVariation=No	_	End=2880.774	5x1	_	_	6-8(436)
1262-0	BO003	1262	0	[no]	no	_	_	_	_	_	linguistic	_	ContainsVariation=No	_	Begin=2880.279	_	_	_	0-2(436)
1262-1	BO003	1262	1	no	no	_	_	_	_	_	linguistic	_	ContainsVariation=No	_	_	_	_	_	_
1262-2	BO003	1262	2	infatti.	infatti	_	_	_	_	_	linguistic	_	ContainsVariation=No	Intonation=Falling	_	_	_	_	_
1262-3	BO003	1262	3	ha	ha	_	_	_	_	_	linguistic	_	ContainsVariation=No	_	_	_	_	_	_
1262-4	BO003	1262	4	degli	degli	_	_	_	_	_	linguistic	_	ContainsVariation=No	_	_	_	_	_	_
1262-5	BO003	1262	5	occhi,	occhi	_	_	_	_	_	linguistic	_	ContainsVariation=No	Intonation=WeaklyRising	End=2882.381	_	_	_	_
1263-0	BO002	1263	0	cioè,	cioè	_	_	_	_	_	linguistic	_	ContainsVariation=No	Intonation=WeaklyRising	Begin=2882.841	_	_	_	_
1263-1	BO002	1263	1	diciamo.	diciamo	_	_	_	_	_	linguistic	_	ContainsVariation=No	Intonation=Falling	_	_	_	_	_
1263-2	BO002	1263	2	nei	nei	_	_	_	_	_	linguistic	_	ContainsVariation=No	_	_	_	_	_	_
1263-3	BO002	1263	3	film	film	_	_	_	_	_	linguistic	_	ContainsVariation=No	_	_	_	_	_	_
1263-4	BO002	1263	4	di	di	_	_	_	_	_	linguistic	_	ContainsVariation=No	_	_	_	_	_	_
1263-5	BO002	1263	5	harry	harry	_	_	_	_	_	linguistic	_	ContainsVariation=No	_	_	_	_	_	_
1263-6	BO002	1263	6	potter,	potter	_	_	_	_	_	linguistic	_	ContainsVariation=No	Intonation=WeaklyRising	_	_	_	_	_
1263-7	BO002	1263	7	nel	nel	_	_	_	_	_	linguistic	_	ContainsVariation=No	_	_	_	_	_	_
1263-8	BO002	1263	8	sesto	sesto	_	_	_	_	_	linguistic	_	ContainsVariation=No	_	_	_	_	_	_
1263-9	BO002	1263	9	e	e	_	_	_	_	_	linguistic	_	ContainsVariation=No	_	_	_	_	_	_
1263-10	BO002	1263	10	nel	nel	_	_	_	_	_	linguistic	_	ContainsVariation=No	_	_	_	_	_	_
1263-11	BO002	1263	11	settimo,	settimo	_	_	_	_	_	linguistic	_	ContainsVariation=No	Intonation=WeaklyRising	_	_	_	_	_
1263-12	BO002	1263	12	faceva	faceva	_	_	_	_	_	linguistic	_	ContainsVariation=No	_	_	_	_	_	_
1263-13	BO002	1263	13	abbastahanza.	abbastahanza	_	_	_	_	_	linguistic	_	ContainsVariation=No	Intonation=Falling	_	_	_	_	_
1263-14	BO002	1263	14	schifo	schifo	_	_	_	_	_	linguistic	_	ContainsVariation=No	_	_	_	_	_	_
1263-15	BO002	1263	15	((ride))	((ride))	_	_	_	_	_	nonverbalbehavior	_	ContainsVariation=No	_	End=2888.929	_	_	_	_
1264-0	BO003	1264	0	((ride))	((ride))	_	_	_	_	_	nonverbalbehavior	_	ContainsVariation=No	_	Begin=2888.652|End=2889.757	_	_	_	_
1265-0	BO002	1265	0	non	non	_	_	_	_	_	linguistic	_	ContainsVariation=No	_	Begin=2889.757	_	_	_	_
1265-1	BO002	1265	1	so.	so	_	_	_	_	_	linguistic	_	ContainsVariation=No	Intonation=Falling	_	_	_	_	_
1265-2	BO002	1265	2	era	era	_	_	_	_	_	linguistic	_	ContainsVariation=No	_	_	_	_	_	_
1265-3	BO002	1265	3	(rimbruttito)	rimbruttito	_	_	_	_	_	linguistic	_	ContainsVariation=No	_	_	_	_	0-11(0)	_
1265-4	BO002	1265	4	xxx	xxx	_	_	_	_	_	unknown	_	ContainsVariation=No	Syllables=3	End=2892.711	_	_	_	_
1266-0	BO002	1266	0	però:	però	_	_	_	_	_	linguistic	_	ContainsVariation=No	_	Begin=2893.062	3x1	_	_	_
1266-1	BO002	1266	1	ora	ora	_	_	_	_	_	linguistic	_	ContainsVariation=No	_	_	_	_	_	_
1266-2	BO002	1266	2	co~	co~	_	_	_	_	_	linguistic	_	ContainsVariation=No	Interrupted=Yes	_	_	_	_	_
1266-3	BO002	1266	3	se	se	_	_	_	_	_	linguistic	_	ContainsVariation=No	_	_	_	_	_	_
1266-4	BO002	1266	4	lo	lo	_	_	_	_	_	linguistic	_	ContainsVariation=No	_	_	_	_	_	_
1266-5	BO002	1266	5	vedi	vedi	_	_	_	_	_	linguistic	_	ContainsVariation=No	_	_	_	_	_	_
1266-6	BO002	1266	6	con	con	_	_	_	_	_	linguistic	_	ContainsVariation=No	_	_	_	_	_	_
1266-7	BO002	1266	7	la	la	_	_	_	_	_	linguistic	_	ContainsVariation=No	_	_	_	_	_	_
1266-8	BO002	1266	8	ba:rba,	barba	_	_	_	_	_	linguistic	_	ContainsVariation=No	Intonation=WeaklyRising	End=2896.249	1x1	_	_	_
1267-0	BO003	1267	0	cari[no]	carino	_	_	_	_	_	linguistic	_	ContainsVariation=No	_	Begin=2896.68|End=2897.446	_	_	_	4-6(438)
1268-0	BO002	1268	0	[sì]>secondo	sìsecondo	_	_	_	_	_	linguistic	_	ContainsVariation=No	_	Begin=2897.242	_	Fast=2-9(0)	_	0-2(438)
1268-1	BO002	1268	1	me<	me	_	_	_	_	_	linguistic	_	ContainsVariation=No	_	_	_	Fast=0-2(0)	_	_
1268-2	BO002	1268	2	[sì]	sì	_	_	_	_	_	linguistic	_	ContainsVariation=No	_	End=2898.501	_	_	_	0-2(439)
1269-0	BO003	1269	0	[>però<]	però	_	_	_	_	_	linguistic	_	ContainsVariation=No	PauseAfter=Yes	Begin=2897.809	_	Fast=0-4(0)	_	0-4(439)
1269-1	BO003	1269	1	(.)	(.)	_	_	_	_	_	shortpause	_	ContainsVariation=No	_	_	_	_	_	_
1269-2	BO003	1269	2	a	a	_	_	_	_	_	linguistic	_	ContainsVariation=No	_	_	_	_	_	_
1269-3	BO003	1269	3	me	me	_	_	_	_	_	linguistic	_	ContainsVariation=No	_	_	_	_	_	_
1269-4	BO003	1269	4	piace	piace	_	_	_	_	_	linguistic	_	ContainsVariation=No	_	_	_	_	_	_
1269-5	BO003	1269	5	di	di	_	_	_	_	_	linguistic	_	ContainsVariation=No	_	_	_	_	_	_
1269-6	BO003	1269	6	più	più	_	_	_	_	_	linguistic	_	ContainsVariation=No	_	_	_	_	_	_
1269-7	BO003	1269	7	rupert	rupert	_	_	_	_	_	linguistic	_	ContainsVariation=No	_	End=2899.618	_	_	_	_
1270-0	BO002	1270	0	ah.	ah	_	_	_	_	_	linguistic	_	ContainsVariation=No	Intonation=Falling	Begin=2899.618	_	_	_	_
1270-1	BO002	1270	1	ti	ti	_	_	_	_	_	linguistic	_	ContainsVariation=No	_	_	_	_	_	_
1270-2	BO002	1270	2	piace	piace	_	_	_	_	_	linguistic	_	ContainsVariation=No	_	_	_	_	_	_
1270-3	BO002	1270	3	[d~	d~	_	_	_	_	_	linguistic	_	ContainsVariation=No	Interrupted=Yes	_	_	_	_	0-2(440)
1270-4	BO002	1270	4	sì]	sì	_	_	_	_	_	linguistic	_	ContainsVariation=No	_	End=2900.901	_	_	_	0-2(440)
1271-0	BO003	1271	0	[sì].	sì	_	_	_	_	_	linguistic	_	ContainsVariation=No	Intonation=Falling	Begin=2900.21	_	_	_	0-2(440)
1271-1	BO003	1271	1	perché	perché	_	_	_	_	_	linguistic	_	ContainsVariation=No	_	_	_	_	_	_
1271-2	BO003	1271	2	è	è	_	_	_	_	_	linguistic	_	ContainsVariation=No	_	_	_	_	_	_
1271-3	BO003	1271	3	più	più	_	_	_	_	_	linguistic	_	ContainsVariation=No	_	_	_	_	_	_
1271-4	BO003	1271	4	a:lto	alto	_	_	_	_	_	linguistic	_	ContainsVariation=No	_	_	0x1	_	_	_
1271-5	BO003	1271	5	è	è	_	_	_	_	_	linguistic	_	ContainsVariation=No	_	_	_	_	_	_
1271-6	BO003	1271	6	più:	più	_	_	_	_	_	linguistic	_	ContainsVariation=No	_	End=2902.78	2x1	_	_	_
1272-0	BO003	1272	0	>mi	mi	_	_	_	_	_	linguistic	_	ContainsVariation=No	_	Begin=2903.147	_	Fast=0-2(0)	_	_
1272-1	BO003	1272	1	piace	piace	_	_	_	_	_	linguistic	_	ContainsVariation=No	_	_	_	Fast=0-5(0)	_	_
1272-2	BO003	1272	2	[di	di	_	_	_	_	_	linguistic	_	ContainsVariation=No	_	_	_	Fast=0-2(0)	_	0-2(441)
1272-3	BO003	1272	3	più<]	più	_	_	_	_	_	linguistic	_	ContainsVariation=No	_	End=2904.097	_	Fast=0-3(0)	_	0-3(441)
1273-0	BO002	1273	0	[coi]	coi	_	_	_	_	_	linguistic	_	ContainsVariation=No	_	Begin=2903.76	_	_	_	0-3(441)
1273-1	BO002	1273	1	capelli	capelli	_	_	_	_	_	linguistic	_	ContainsVariation=No	_	_	_	_	_	_
1273-2	BO002	1273	2	ro::~	ro~	_	_	_	_	_	linguistic	_	ContainsVariation=No	Interrupted=Yes|PauseAfter=Yes	_	1x2	_	_	_
1273-3	BO002	1273	3	(.)	(.)	_	_	_	_	_	shortpause	_	ContainsVariation=No	_	_	_	_	_	_
1273-4	BO002	1273	4	[è	è	_	_	_	_	_	linguistic	_	ContainsVariation=No	_	_	_	_	_	0-1(442)
1273-5	BO002	1273	5	particola:re]	particolare	_	_	_	_	_	linguistic	_	ContainsVariation=No	_	End=2906.766	8x1	_	_	0-11(442)
1274-0	BO003	1274	0	[sì.	sì	_	_	_	_	_	linguistic	_	ContainsVariation=No	Intonation=Falling	Begin=2904.629	_	_	_	0-2(442)
1274-1	BO003	1274	1	è	è	_	_	_	_	_	linguistic	_	ContainsVariation=No	_	_	_	_	_	0-1(442)
1274-2	BO003	1274	2	bellino	bellino	_	_	_	_	_	linguistic	_	ContainsVariation=No	_	_	_	_	_	0-7(442)
1274-3	BO003	1274	3	rupert]	rupert	_	_	_	_	_	linguistic	_	ContainsVariation=No	_	End=2906.758	_	_	_	0-6(442)
1275-0	BO002	1275	0	comunque	comunque	_	_	_	_	_	linguistic	_	ContainsVariation=No	_	Begin=2911.031	_	_	_	_
1275-1	BO002	1275	1	a	a	_	_	_	_	_	linguistic	_	ContainsVariation=No	_	_	_	_	_	_
1275-2	BO002	1275	2	me,	me	_	_	_	_	_	linguistic	_	ContainsVariation=No	Intonation=WeaklyRising	_	_	_	_	_
1275-3	BO002	1275	3	per	per	_	_	_	_	_	linguistic	_	ContainsVariation=No	_	_	_	_	_	_
1275-4	BO002	1275	4	dire,	dire	_	_	_	_	_	linguistic	_	ContainsVariation=No	Intonation=WeaklyRising	_	_	_	_	_
1275-5	BO002	1275	5	piace	piace	_	_	_	_	_	linguistic	_	ContainsVariation=No	_	_	_	_	_	_
1275-6	BO002	1275	6	molto	molto	_	_	_	_	_	linguistic	_	ContainsVariation=No	_	_	_	_	_	_
1275-7	BO002	1275	7	anche::	anche	_	_	_	_	_	linguistic	_	ContainsVariation=No	_	_	4x2	_	_	_
1275-8	BO002	1275	8	eddie	eddie	_	_	_	_	_	linguistic	_	ContainsVariation=No	_	_	_	_	_	_
1275-9	BO002	1275	9	redmayne	redmayne	_	_	_	_	_	linguistic	_	ContainsVariation=No	_	End=2914.78	_	_	_	_
1276-0	BO003	1276	0	sì	sì	_	_	_	_	_	linguistic	_	ContainsVariation=No	_	Begin=2915.304|End=2916.254	_	_	_	_
1277-0	BO002	1277	0	è	è	_	_	_	_	_	linguistic	_	ContainsVariation=No	_	Begin=2916.787	_	_	_	_
1277-1	BO002	1277	1	[be:llo]	bello	_	_	_	_	_	linguistic	_	ContainsVariation=No	_	End=2917.721	1x1	_	_	0-5(443)
1278-0	BO003	1278	0	[sì	sì	_	_	_	_	_	linguistic	_	ContainsVariation=No	_	Begin=2917.075	_	_	_	0-2(443)
1278-1	BO003	1278	1	sì].	sì	_	_	_	_	_	linguistic	_	ContainsVariation=No	Intonation=Falling	_	_	_	_	0-2(443)
1278-2	BO003	1278	2	lui	lui	_	_	_	_	_	linguistic	_	ContainsVariation=No	_	_	_	_	_	_
1278-3	BO003	1278	3	sì	sì	_	_	_	_	_	linguistic	_	ContainsVariation=No	_	End=2918.451	_	_	_	_
1279-0	BO003	1279	0	[ha	ha	_	_	_	_	_	linguistic	_	ContainsVariation=No	_	Begin=2918.592	_	_	_	0-2(444)
1279-1	BO003	1279	1	due	due	_	_	_	_	_	linguistic	_	ContainsVariation=No	_	_	_	_	_	0-3(444)
1279-2	BO003	1279	2	occhi],	occhi	_	_	_	_	_	linguistic	_	ContainsVariation=No	Intonation=WeaklyRising	End=2919.688	_	_	_	0-5(444)
1280-0	BO002	1280	0	[cioè	cioè	_	_	_	_	_	linguistic	_	ContainsVariation=No	_	Begin=2918.603	_	_	_	0-4(444)
1280-1	BO002	1280	1	>da~<	da~	_	_	_	_	_	linguistic	_	ContainsVariation=No	Interrupted=Yes	_	_	Fast=0-3(0)	_	0-3(444)
1280-2	BO002	1280	2	è	è	_	_	_	_	_	linguistic	_	ContainsVariation=No	_	_	_	_	_	0-1(444)
1280-3	BO002	1280	3	particola::]re	particolare	_	_	_	_	_	linguistic	_	ContainsVariation=No	_	End=2920.236	8x2	_	_	0-9(444)
1281-0	BO003	1281	0	sì	sì	_	_	_	_	_	linguistic	_	ContainsVariation=No	_	Begin=2920.273	_	_	_	_
1281-1	BO003	1281	1	sì	sì	_	_	_	_	_	linguistic	_	ContainsVariation=No	_	_	_	_	_	_
1281-2	BO003	1281	2	no	no	_	_	_	_	_	linguistic	_	ContainsVariation=No	_	_	_	_	_	_
1281-3	BO003	1281	3	[no]	no	_	_	_	_	_	linguistic	_	ContainsVariation=No	_	End=2921.014	_	_	_	0-2(445)
1282-0	BO002	1282	0	[però]	però	_	_	_	_	_	linguistic	_	ContainsVariation=No	_	Begin=2920.839	_	_	_	0-4(445)
1282-1	BO002	1282	1	anche	anche	_	_	_	_	_	linguistic	_	ContainsVariation=No	_	_	_	_	_	_
1282-2	BO002	1282	2	il	il	_	_	_	_	_	linguistic	_	ContainsVariation=No	_	_	_	_	_	_
1282-3	BO002	1282	3	sorriso	sorriso	_	_	_	_	_	linguistic	_	ContainsVariation=No	_	_	_	_	_	_
1282-4	BO002	1282	4	cioè	cioè	_	_	_	_	_	linguistic	_	ContainsVariation=No	_	_	_	_	_	_
1282-5	BO002	1282	5	[t'	t'	_	_	_	_	_	linguistic	_	ContainsVariation=No	SpaceAfter=No	_	_	_	_	0-2(446)
1282-6	BO002	1282	6	in]ca::nta	incanta	_	_	_	_	_	linguistic	_	ContainsVariation=No	_	_	3x2	_	_	0-2(446)
1282-7	BO002	1282	7	[pro:prio]	proprio	_	_	_	_	_	linguistic	_	ContainsVariation=No	_	End=2924.665	2x1	_	_	0-7(447)
1283-0	BO003	1283	0	[sì]	sì	_	_	_	_	_	linguistic	_	ContainsVariation=No	_	Begin=2922.433|End=2923.012	_	_	_	0-2(446)
1284-0	BO003	1284	0	[sì	sì	_	_	_	_	_	linguistic	_	ContainsVariation=No	_	Begin=2923.81	_	_	_	0-2(447)
1284-1	BO003	1284	1	sì]	sì	_	_	_	_	_	linguistic	_	ContainsVariation=No	_	_	_	_	_	0-2(447)
1284-2	BO003	1284	2	sì.	sì	_	_	_	_	_	linguistic	_	ContainsVariation=No	Intonation=Falling|PauseAfter=Yes	_	_	_	_	_
1284-3	BO003	1284	3	(.)	(.)	_	_	_	_	_	shortpause	_	ContainsVariation=No	_	_	_	_	_	_
1284-4	BO003	1284	4	bellissimo	bellissimo	_	_	_	_	_	linguistic	_	ContainsVariation=No	PauseAfter=Yes	_	_	_	_	_
1284-5	BO003	1284	5	(.)	(.)	_	_	_	_	_	shortpause	_	ContainsVariation=No	_	_	_	_	_	_
1284-6	BO003	1284	6	newt,	newt	_	_	_	_	_	linguistic	_	ContainsVariation=No	Intonation=WeaklyRising	End=2926.693	_	_	_	_
1285-0	BO003	1285	0	((ride))	((ride))	_	_	_	_	_	nonverbalbehavior	_	ContainsVariation=No	_	Begin=2926.836|End=2927.768	_	_	_	_
1286-0	BO002	1286	0	lui	lui	_	_	_	_	_	linguistic	_	ContainsVariation=No	_	Begin=2927.768	_	_	_	_
1286-1	BO002	1286	1	è	è	_	_	_	_	_	linguistic	_	ContainsVariation=No	_	_	_	_	_	_
1286-2	BO002	1286	2	innam~	innam~	_	_	_	_	_	linguistic	_	ContainsVariation=No	Interrupted=Yes	_	_	_	_	_
1286-3	BO002	1286	3	>cioè<	cioè	_	_	_	_	_	linguistic	_	ContainsVariation=No	PauseAfter=Yes	_	_	Fast=0-4(0)	_	_
1286-4	BO002	1286	4	(.)	(.)	_	_	_	_	_	shortpause	_	ContainsVariation=No	_	_	_	_	_	_
1286-5	BO002	1286	5	la	la	_	_	_	_	_	linguistic	_	ContainsVariation=No	_	_	_	_	_	_
1286-6	BO002	1286	6	sara	sara	_	_	_	_	_	linguistic	_	ContainsVariation=No	_	_	_	_	_	_
1286-7	BO002	1286	7	è	è	_	_	_	_	_	linguistic	_	ContainsVariation=No	_	_	_	_	_	_
1286-8	BO002	1286	8	innamorata	innamorata	_	_	_	_	_	linguistic	_	ContainsVariation=No	_	_	_	_	_	_
1286-9	BO002	1286	9	di	di	_	_	_	_	_	linguistic	_	ContainsVariation=No	_	_	_	_	_	_
1286-10	BO002	1286	10	questo	questo	_	_	_	_	_	linguistic	_	ContainsVariation=No	_	_	_	_	_	_
1286-11	BO002	1286	11	qui	qui	_	_	_	_	_	linguistic	_	ContainsVariation=No	_	_	_	_	_	_
1286-12	BO002	1286	12	[di	di	_	_	_	_	_	linguistic	_	ContainsVariation=No	_	_	_	_	_	0-2(448)
1286-13	BO002	1286	13	eddie]	eddie	_	_	_	_	_	linguistic	_	ContainsVariation=No	PauseAfter=Yes	_	_	_	_	0-5(448)
1286-14	BO002	1286	14	(.)	(.)	_	_	_	_	_	shortpause	_	ContainsVariation=No	_	_	_	_	_	_
1286-15	BO002	1286	15	sì.	sì	_	_	_	_	_	linguistic	_	ContainsVariation=No	Intonation=Falling	End=2932.516	_	_	_	_
1287-0	BO003	1287	0	[proprio	proprio	_	_	_	_	_	linguistic	_	ContainsVariation=No	_	Begin=2931.052	_	_	_	0-7(448)
1287-1	BO003	1287	1	innamorata]	innamorata	_	_	_	_	_	linguistic	_	ContainsVariation=No	_	End=2932.294	_	_	_	0-10(448)
1288-0	BO002	1288	0	perché	perché	_	_	_	_	_	linguistic	_	ContainsVariation=No	_	Begin=2933.063	_	_	_	_
1288-1	BO002	1288	1	>hai	hai	_	_	_	_	_	linguistic	_	ContainsVariation=No	_	_	_	Fast=0-3(0)	_	_
1288-2	BO002	1288	2	visto<	visto	_	_	_	_	_	linguistic	_	ContainsVariation=No	_	_	_	Fast=0-5(0)	_	_
1288-3	BO002	1288	3	lui	lui	_	_	_	_	_	linguistic	_	ContainsVariation=No	_	_	_	_	_	_
1288-4	BO002	1288	4	ha	ha	_	_	_	_	_	linguistic	_	ContainsVariation=No	_	_	_	_	_	_
1288-5	BO002	1288	5	i	i	_	_	_	_	_	linguistic	_	ContainsVariation=No	_	_	_	_	_	_
1288-6	BO002	1288	6	lineamenti	lineamenti	_	_	_	_	_	linguistic	_	ContainsVariation=No	_	_	_	_	_	_
1288-7	BO002	1288	7	un	un	_	_	_	_	_	linguistic	_	ContainsVariation=No	_	_	_	_	_	_
1288-8	BO002	1288	8	po'::	po'	_	_	_	_	_	linguistic	_	ContainsVariation=No	_	_	1x2	_	_	_
1288-9	BO002	1288	9	mol[to::]	molto	_	_	_	_	_	linguistic	_	ContainsVariation=No	_	End=2936.254	4x2	_	_	3-5(449)
1289-0	BO003	1289	0	[eh::]	eh	_	_	_	_	_	linguistic	_	ContainsVariation=No	_	Begin=2935.946	1x2	_	_	0-2(449)
1289-1	BO003	1289	1	vedi	vedi	_	_	_	_	_	linguistic	_	ContainsVariation=No	_	_	_	_	_	_
1289-2	BO003	1289	2	che	che	_	_	_	_	_	linguistic	_	ContainsVariation=No	_	_	_	_	_	_
1289-3	BO003	1289	3	((ride))	((ride))	_	_	_	_	_	nonverbalbehavior	_	ContainsVariation=No	_	End=2937.036	_	_	_	_
1290-0	BO002	1290	0	e:h.	eh	_	_	_	_	_	linguistic	_	ContainsVariation=No	Intonation=Falling	Begin=2937.09	0x1	_	_	_
1290-1	BO002	1290	1	te	te	_	_	_	_	_	linguistic	_	ContainsVariation=No	_	_	_	_	_	_
1290-2	BO002	1290	2	l'	l'	_	_	_	_	_	linguistic	_	ContainsVariation=No	SpaceAfter=No	_	_	_	_	_
1290-3	BO002	1290	3	ho	ho	_	_	_	_	_	linguistic	_	ContainsVariation=No	_	_	_	_	_	_
1290-4	BO002	1290	4	de:tto	detto	_	_	_	_	_	linguistic	_	ContainsVariation=No	_	End=2938.847	1x1	_	_	_
1291-0	BO002	1291	0	un	un	_	_	_	_	_	linguistic	_	ContainsVariation=No	_	Begin=2939.356	_	_	_	_
1291-1	BO002	1291	1	po'	po'	_	_	_	_	_	linguistic	_	ContainsVariation=No	_	_	_	_	_	_
1291-2	BO002	1291	2	femmi[ni~	femmini~	_	_	_	_	_	linguistic	_	ContainsVariation=No	Interrupted=Yes	_	_	_	_	5-8(450)
1291-3	BO002	1291	3	non	non	_	_	_	_	_	linguistic	_	ContainsVariation=No	_	_	_	_	_	0-3(450)
1291-4	BO002	1291	4	femminili	femminili	_	_	_	_	_	linguistic	_	ContainsVariation=No	_	_	_	_	_	0-9(450)
1291-5	BO002	1291	5	pe]rò::	però	_	_	_	_	_	linguistic	_	ContainsVariation=No	_	End=2941.88	3x2	_	_	0-2(450)
1292-0	BO003	1292	0	[sì	sì	_	_	_	_	_	linguistic	_	ContainsVariation=No	_	Begin=2940.097	_	_	_	0-2(450)
1292-1	BO003	1292	1	lui	lui	_	_	_	_	_	linguistic	_	ContainsVariation=No	_	_	_	_	_	0-3(450)
1292-2	BO003	1292	2	sì]	sì	_	_	_	_	_	linguistic	_	ContainsVariation=No	_	End=2941.124	_	_	_	0-2(450)
1293-0	BO003	1293	0	beh	beh	_	_	_	_	_	linguistic	_	ContainsVariation=No	_	Begin=2941.946	_	_	_	_
1293-1	BO003	1293	1	in	in	_	_	_	_	_	linguistic	_	ContainsVariation=No	_	_	_	_	_	_
1293-2	BO003	1293	2	eh:	eh	_	_	_	_	_	linguistic	_	ContainsVariation=No	_	_	1x1	_	_	_
1293-3	BO003	1293	3	the	the	_	_	_	_	_	linguistic	_	ContainsVariation=No	_	_	_	_	_	_
1293-4	BO003	1293	4	danish	danish	_	_	_	_	_	linguistic	_	ContainsVariation=No	_	_	_	_	_	_
1293-5	BO003	1293	5	girl	girl	_	_	_	_	_	linguistic	_	ContainsVariation=No	_	_	_	_	_	_
1293-6	BO003	1293	6	sembrava	sembrava	_	_	_	_	_	linguistic	_	ContainsVariation=No	_	_	_	_	_	_
1293-7	BO003	1293	7	proprio	proprio	_	_	_	_	_	linguistic	_	ContainsVariation=No	_	_	_	_	_	_
1293-8	BO003	1293	8	una	una	_	_	_	_	_	linguistic	_	ContainsVariation=No	_	_	_	_	_	_
1293-9	BO003	1293	9	[donna]	donna	_	_	_	_	_	linguistic	_	ContainsVariation=No	_	End=2945.071	_	_	_	0-5(451)
1294-0	BO002	1294	0	[esat]to.	esatto	_	_	_	_	_	linguistic	_	ContainsVariation=No	Intonation=Falling	Begin=2944.434	_	_	_	0-4(451)
1294-1	BO002	1294	1	cioè,	cioè	_	_	_	_	_	linguistic	_	ContainsVariation=No	Intonation=WeaklyRising	End=2946.092	_	_	_	_
1295-0	BO002	1295	0	ben	ben	_	_	_	_	_	linguistic	_	ContainsVariation=No	_	Begin=2946.388	_	_	_	_
1295-1	BO002	1295	1	che	che	_	_	_	_	_	linguistic	_	ContainsVariation=No	_	_	_	_	_	_
1295-2	BO002	1295	2	è	è	_	_	_	_	_	linguistic	_	ContainsVariation=No	_	_	_	_	_	_
1295-3	BO002	1295	3	truccato,	truccato	_	_	_	_	_	linguistic	_	ContainsVariation=No	Intonation=WeaklyRising	_	_	_	_	_
1295-4	BO002	1295	4	ma	ma	_	_	_	_	_	linguistic	_	ContainsVariation=No	_	_	_	_	_	_
1295-5	BO002	1295	5	anche	anche	_	_	_	_	_	linguistic	_	ContainsVariation=No	_	_	_	_	_	_
1295-6	BO002	1295	6	il	il	_	_	_	_	_	linguistic	_	ContainsVariation=No	_	_	_	_	_	_
1295-7	BO002	1295	7	viso	viso	_	_	_	_	_	linguistic	_	ContainsVariation=No	_	_	_	_	_	_
1295-8	BO002	1295	8	si	si	_	_	_	_	_	linguistic	_	ContainsVariation=No	_	_	_	_	_	_
1295-9	BO002	1295	9	prestava	prestava	_	_	_	_	_	linguistic	_	ContainsVariation=No	_	_	_	_	_	_
1295-10	BO002	1295	10	bene	bene	_	_	_	_	_	linguistic	_	ContainsVariation=No	_	_	_	_	_	_
1295-11	BO002	1295	11	a::	a	_	_	_	_	_	linguistic	_	ContainsVariation=No	_	End=2949.547	0x2	_	_	_
1296-0	BO003	1296	0	sì	sì	_	_	_	_	_	linguistic	_	ContainsVariation=No	_	Begin=2949.547	_	_	_	_
1296-1	BO003	1296	1	sì	sì	_	_	_	_	_	linguistic	_	ContainsVariation=No	_	End=2950.701	_	_	_	_
1297-0	BO003	1297	0	>anche<	anche	_	_	_	_	_	linguistic	_	ContainsVariation=No	_	Begin=2951.689	_	Fast=0-5(0)	_	_
1297-1	BO003	1297	1	sai	sai	_	_	_	_	_	linguistic	_	ContainsVariation=No	_	_	_	_	_	_
1297-2	BO003	1297	2	chi	chi	_	_	_	_	_	linguistic	_	ContainsVariation=No	_	_	_	_	_	_
1297-3	BO003	1297	3	è	è	_	_	_	_	_	linguistic	_	ContainsVariation=No	_	_	_	_	_	_
1297-4	BO003	1297	4	<bellissimo>	bellissimo	_	_	_	_	_	linguistic	_	ContainsVariation=No	_	End=2953.719	_	Slow=0-10(0)	_	_
1298-0	BO003	1298	0	quello::	quello	_	_	_	_	_	linguistic	_	ContainsVariation=No	PauseAfter=Yes	Begin=2954.198	5x2	_	_	_
1298-1	BO003	1298	1	(.)	(.)	_	_	_	_	_	shortpause	_	ContainsVariation=No	_	_	_	_	_	_
1298-2	BO003	1298	2	che	che	_	_	_	_	_	linguistic	_	ContainsVariation=No	_	_	_	_	_	_
1298-3	BO003	1298	3	fa::	fa	_	_	_	_	_	linguistic	_	ContainsVariation=No	_	_	1x2	_	_	_
1298-4	BO003	1298	4	mh:	mh	_	_	_	_	_	linguistic	_	ContainsVariation=No	_	_	1x1	_	_	_
1298-5	BO003	1298	5	eh:	eh	_	_	_	_	_	linguistic	_	ContainsVariation=No	_	_	1x1	_	_	_
1298-6	BO003	1298	6	thor	thor	_	_	_	_	_	linguistic	_	ContainsVariation=No	_	End=2958.527	_	_	_	_
1299-0	BO002	1299	0	eh	eh	_	_	_	_	_	linguistic	_	ContainsVariation=No	_	Begin=2958.725|End=2959.512	_	_	_	_
1300-0	BO003	1300	0	((ride))	((ride))	_	_	_	_	_	nonverbalbehavior	_	ContainsVariation=No	_	Begin=2959.512|End=2961.572	_	_	_	_
1301-0	BO002	1301	0	eh.	eh	_	_	_	_	_	linguistic	_	ContainsVariation=No	Intonation=Falling	Begin=2960.479	_	_	_	_
1301-1	BO002	1301	1	((ride))	((ride))	_	_	_	_	_	nonverbalbehavior	_	ContainsVariation=No	_	_	_	_	_	_
1301-2	BO002	1301	2	eh.	eh	_	_	_	_	_	linguistic	_	ContainsVariation=No	Intonation=Falling|PauseAfter=Yes	_	_	_	_	_
1301-3	BO002	1301	3	(.)	(.)	_	_	_	_	_	shortpause	_	ContainsVariation=No	_	_	_	_	_	_
1301-4	BO002	1301	4	sai	sai	_	_	_	_	_	linguistic	_	ContainsVariation=No	_	End=2963.674	_	_	_	_
1302-0	BO003	1302	0	((ride))	((ride))	_	_	_	_	_	nonverbalbehavior	_	ContainsVariation=No	_	Begin=2963.766|End=2964.752	_	_	_	_
1303-0	BO003	1303	0	mica	mica	_	_	_	_	_	linguistic	_	ContainsVariation=No	_	Begin=2967.995	_	_	_	_
1303-1	BO003	1303	1	male	male	_	_	_	_	_	linguistic	_	ContainsVariation=No	_	_	_	_	_	_
1303-2	BO003	1303	2	eh,	eh	_	_	_	_	_	linguistic	_	ContainsVariation=No	Intonation=WeaklyRising	End=2969.237	_	_	_	_
1304-0	BO002	1304	0	per	per	_	_	_	_	_	linguistic	_	ContainsVariation=No	_	Begin=2969.237	_	_	_	_
1304-1	BO002	1304	1	nie:nte	niente	_	_	_	_	_	linguistic	_	ContainsVariation=No	PauseAfter=Yes	_	2x1	_	_	_
1304-2	BO002	1304	2	(.)	(.)	_	_	_	_	_	shortpause	_	ContainsVariation=No	_	_	_	_	_	_
1304-3	BO002	1304	3	ma	ma	_	_	_	_	_	linguistic	_	ContainsVariation=No	PauseAfter=Yes	_	_	_	_	_
1304-4	BO002	1304	4	(.)	(.)	_	_	_	_	_	shortpause	_	ContainsVariation=No	_	_	_	_	_	_
1304-5	BO002	1304	5	non	non	_	_	_	_	_	linguistic	_	ContainsVariation=No	_	_	_	_	_	_
1304-6	BO002	1304	6	lo	lo	_	_	_	_	_	linguistic	_	ContainsVariation=No	_	_	_	_	_	_
1304-7	BO002	1304	7	so	so	_	_	_	_	_	linguistic	_	ContainsVariation=No	_	_	_	_	_	_
1304-8	BO002	1304	8	io	io	_	_	_	_	_	linguistic	_	ContainsVariation=No	_	End=2973.187	_	_	_	_
1305-0	BO003	1305	0	((ride))	((ride))	_	_	_	_	_	nonverbalbehavior	_	ContainsVariation=No	_	Begin=2970.001|End=2970.972	_	_	_	_
1306-0	BO002	1306	0	no	no	_	_	_	_	_	linguistic	_	ContainsVariation=No	_	Begin=2973.431	_	_	_	_
1306-1	BO002	1306	1	no	no	_	_	_	_	_	linguistic	_	ContainsVariation=No	PauseAfter=Yes	_	_	_	_	_
1306-2	BO002	1306	2	(.)	(.)	_	_	_	_	_	shortpause	_	ContainsVariation=No	_	_	_	_	_	_
1306-3	BO002	1306	3	per	per	_	_	_	_	_	linguistic	_	ContainsVariation=No	_	_	_	_	_	_
1306-4	BO002	1306	4	niente	niente	_	_	_	_	_	linguistic	_	ContainsVariation=No	_	End=2975.181	_	_	_	_
1307-0	BO002	1307	0	e	e	_	_	_	_	_	linguistic	_	ContainsVariation=No	_	Begin=2980.739	_	_	_	_
1307-1	BO002	1307	1	invece,	invece	_	_	_	_	_	linguistic	_	ContainsVariation=No	Intonation=WeaklyRising	_	_	_	_	_
1307-2	BO002	1307	2	ah	ah	_	_	_	_	_	linguistic	_	ContainsVariation=No	_	_	_	_	_	_
1307-3	BO002	1307	3	no.	no	_	_	_	_	_	linguistic	_	ContainsVariation=No	Intonation=Falling	_	_	_	_	_
1307-4	BO002	1307	4	ti	ti	_	_	_	_	_	linguistic	_	ContainsVariation=No	_	_	_	_	_	_
1307-5	BO002	1307	5	se~	se~	_	_	_	_	_	linguistic	_	ContainsVariation=No	Interrupted=Yes	_	_	_	_	_
1307-6	BO002	1307	6	ti	ti	_	_	_	_	_	linguistic	_	ContainsVariation=No	_	_	_	_	_	_
1307-7	BO002	1307	7	è	è	_	_	_	_	_	linguistic	_	ContainsVariation=No	_	_	_	_	_	_
1307-8	BO002	1307	8	morto	morto	_	_	_	_	_	linguistic	_	ContainsVariation=No	_	_	_	_	_	_
1307-9	BO002	1307	9	il	il	_	_	_	_	_	linguistic	_	ContainsVariation=No	_	_	_	_	_	_
1307-10	BO002	1307	10	tele:fono	telefono	_	_	_	_	_	linguistic	_	ContainsVariation=No	_	_	3x1	_	_	_
1307-11	BO002	1307	11	[(esat~)]	esat~	_	_	_	_	_	linguistic	_	ContainsVariation=No	Interrupted=Yes	End=2984.029	_	_	0-5(0)	0-5(454)
1308-0	BO003	1308	0	[sì]	sì	_	_	_	_	_	linguistic	_	ContainsVariation=No	_	Begin=2983.643|End=2984.627	_	_	_	0-2(454)
1309-0	BO003	1309	0	tanto	tanto	_	_	_	_	_	linguistic	_	ContainsVariation=No	_	Begin=2985.118	_	_	_	_
1309-1	BO003	1309	1	dopo	dopo	_	_	_	_	_	linguistic	_	ContainsVariation=No	_	_	_	_	_	_
1309-2	BO003	1309	2	andiamo	andiamo	_	_	_	_	_	linguistic	_	ContainsVariation=No	_	_	_	_	_	_
1309-3	BO003	1309	3	e	e	_	_	_	_	_	linguistic	_	ContainsVariation=No	_	_	_	_	_	_
1309-4	BO003	1309	4	lo	lo	_	_	_	_	_	linguistic	_	ContainsVariation=No	_	_	_	_	_	_
1309-5	BO003	1309	5	attacco.	attacco	_	_	_	_	_	linguistic	_	ContainsVariation=No	Intonation=Falling	End=2986.494	_	_	_	_
1310-0	BO002	1310	0	[sì]	sì	_	_	_	_	_	linguistic	_	ContainsVariation=No	_	Begin=2986.514|End=2986.974	_	_	_	0-2(?)
1311-0	BO003	1311	0	ma:	ma	_	_	_	_	_	linguistic	_	ContainsVariation=No	_	Begin=2991.416	1x1	_	_	_
1311-1	BO003	1311	1	nel	nel	_	_	_	_	_	linguistic	_	ContainsVariation=No	_	_	_	_	_	_
1311-2	BO003	1311	2	senso	senso	_	_	_	_	_	linguistic	_	ContainsVariation=No	_	_	_	_	_	_
1311-3	BO003	1311	3	dobbiamo	dobbiamo	_	_	_	_	_	linguistic	_	ContainsVariation=No	_	_	_	_	_	_
1311-4	BO003	1311	4	stare	stare	_	_	_	_	_	linguistic	_	ContainsVariation=No	_	_	_	_	_	_
1311-5	BO003	1311	5	qui	qui	_	_	_	_	_	linguistic	_	ContainsVariation=No	_	_	_	_	_	_
1311-6	BO003	1311	6	finché	finché	_	_	_	_	_	linguistic	_	ContainsVariation=No	PauseAfter=Yes	_	_	_	_	_
1311-7	BO003	1311	7	(.)	(.)	_	_	_	_	_	shortpause	_	ContainsVariation=No	_	_	_	_	_	_
1311-8	BO003	1311	8	che	che	_	_	_	_	_	linguistic	_	ContainsVariation=No	_	_	_	_	_	_
1311-9	BO003	1311	9	non	non	_	_	_	_	_	linguistic	_	ContainsVariation=No	_	_	_	_	_	_
1311-10	BO003	1311	10	è	è	_	_	_	_	_	linguistic	_	ContainsVariation=No	_	_	_	_	_	_
1311-11	BO003	1311	11	un	un	_	_	_	_	_	linguistic	_	ContainsVariation=No	_	_	_	_	_	_
1311-12	BO003	1311	12	problema	problema	_	_	_	_	_	linguistic	_	ContainsVariation=No	_	_	_	_	_	_
1311-13	BO003	1311	13	però	però	_	_	_	_	_	linguistic	_	ContainsVariation=No	_	_	_	_	_	_
1311-14	BO003	1311	14	((ride))	((ride))	_	_	_	_	_	nonverbalbehavior	_	ContainsVariation=No	_	End=2995.42	_	_	_	_
1312-0	BO002	1312	0	no	no	_	_	_	_	_	linguistic	_	ContainsVariation=No	_	Begin=2995.42	_	_	_	_
1312-1	BO002	1312	1	no	no	_	_	_	_	_	linguistic	_	ContainsVariation=No	_	End=2996.731	_	_	_	_
1313-0	BO003	1313	0	e	e	_	_	_	_	_	linguistic	_	ContainsVariation=No	_	Begin=2997.1	_	_	_	_
1313-1	BO003	1313	1	invece	invece	_	_	_	_	_	linguistic	_	ContainsVariation=No	_	_	_	_	_	_
1313-2	BO003	1313	2	di	di	_	_	_	_	_	linguistic	_	ContainsVariation=No	_	_	_	_	_	_
1313-3	BO003	1313	3	attri:ci,	attrici	_	_	_	_	_	linguistic	_	ContainsVariation=No	Intonation=WeaklyRising	_	4x1	_	_	_
1313-4	BO003	1313	4	chi	chi	_	_	_	_	_	linguistic	_	ContainsVariation=No	_	_	_	_	_	_
1313-5	BO003	1313	5	ti	ti	_	_	_	_	_	linguistic	_	ContainsVariation=No	_	_	_	_	_	_
1313-6	BO003	1313	6	piace?	piace	_	_	_	_	_	linguistic	_	ContainsVariation=No	Intonation=Rising	End=2999.43	_	_	_	_
1314-0	BO002	1314	0	allora	allora	_	_	_	_	_	linguistic	_	ContainsVariation=No	_	Begin=2999.577	_	_	_	_
1314-1	BO002	1314	1	attri:ci,	attrici	_	_	_	_	_	linguistic	_	ContainsVariation=No	Intonation=WeaklyRising|PauseAfter=Yes	_	4x1	_	_	_
1314-2	BO002	1314	2	(.)	(.)	_	_	_	_	_	shortpause	_	ContainsVariation=No	_	_	_	_	_	_
1314-3	BO002	1314	3	fammi	fammi	_	_	_	_	_	linguistic	_	ContainsVariation=No	_	_	_	_	_	_
1314-4	BO002	1314	4	pensà.	pensà	_	_	_	_	_	linguistic	_	ContainsVariation=No	Intonation=Falling	_	_	_	_	_
1314-5	BO002	1314	5	eh,	eh	_	_	_	_	_	linguistic	_	ContainsVariation=No	Intonation=WeaklyRising	End=3004.353	_	_	_	_
1315-0	BO003	1315	0	di::	di	_	_	_	_	_	linguistic	_	ContainsVariation=No	_	Begin=3004.703	1x2	_	_	_
1315-1	BO003	1315	1	maschi	maschi	_	_	_	_	_	linguistic	_	ContainsVariation=No	_	_	_	_	_	_
1315-2	BO003	1315	2	io:	io	_	_	_	_	_	linguistic	_	ContainsVariation=No	_	_	1x1	_	_	_
1315-3	BO003	1315	3	johnny	johnny	_	_	_	_	_	linguistic	_	ContainsVariation=No	_	_	_	_	_	_
1315-4	BO003	1315	4	depp.	depp	_	_	_	_	_	linguistic	_	ContainsVariation=No	Intonation=Falling	End=3006.799	_	_	_	_
1316-0	BO002	1316	0	sì.	sì	_	_	_	_	_	linguistic	_	ContainsVariation=No	Intonation=Falling	Begin=3007.007|End=3007.479	_	_	_	_
1317-0	BO003	1317	0	nei	nei	_	_	_	_	_	linguistic	_	ContainsVariation=No	_	Begin=3007.525	_	_	_	_
1317-1	BO003	1317	1	momenti	momenti	_	_	_	_	_	linguistic	_	ContainsVariation=No	_	_	_	_	_	_
1317-2	BO003	1317	2	d'	d'	_	_	_	_	_	linguistic	_	ContainsVariation=No	SpaceAfter=No	_	_	_	_	_
1317-3	BO003	1317	3	oro,	oro	_	_	_	_	_	linguistic	_	ContainsVariation=No	Intonation=WeaklyRising	_	_	_	_	_
1317-4	BO003	1317	4	[johnny	johnny	_	_	_	_	_	linguistic	_	ContainsVariation=No	_	_	_	_	_	0-6(455)
1317-5	BO003	1317	5	depp].	depp	_	_	_	_	_	linguistic	_	ContainsVariation=No	Intonation=Falling	End=3009.499	_	_	_	0-4(455)
1318-0	BO002	1318	0	[sì]	sì	_	_	_	_	_	linguistic	_	ContainsVariation=No	_	Begin=3008.674|End=3009.334	_	_	_	0-2(455)
1319-0	BO002	1319	0	io	io	_	_	_	_	_	linguistic	_	ContainsVariation=No	_	Begin=3010.14	_	_	_	_
1319-1	BO002	1319	1	johnny	johnny	_	_	_	_	_	linguistic	_	ContainsVariation=No	_	_	_	_	_	_
1319-2	BO002	1319	2	depp	depp	_	_	_	_	_	linguistic	_	ContainsVariation=No	_	_	_	_	_	_
1319-3	BO002	1319	3	e	e	_	_	_	_	_	linguistic	_	ContainsVariation=No	_	_	_	_	_	_
1319-4	BO002	1319	4	orlando	orlando	_	_	_	_	_	linguistic	_	ContainsVariation=No	_	_	_	_	_	_
1319-5	BO002	1319	5	bloom	bloom	_	_	_	_	_	linguistic	_	ContainsVariation=No	_	_	_	_	_	_
1319-6	BO002	1319	6	[sono	sono	_	_	_	_	_	linguistic	_	ContainsVariation=No	_	_	_	_	_	0-4(456)
1319-7	BO002	1319	7	i	i	_	_	_	_	_	linguistic	_	ContainsVariation=No	_	_	_	_	_	0-1(456)
1319-8	BO002	1319	8	miei:::]	miei	_	_	_	_	_	linguistic	_	ContainsVariation=No	_	End=3014.136	3x3	_	_	0-4(456)
1320-0	BO003	1320	0	[sì	sì	_	_	_	_	_	linguistic	_	ContainsVariation=No	PauseAfter=Yes	Begin=3011.996	_	_	_	0-2(456)
1320-1	BO003	1320	1	(.)	(.)	_	_	_	_	_	shortpause	_	ContainsVariation=No	_	_	_	_	_	X(456)
1320-2	BO003	1320	2	c~	c~	_	_	_	_	_	linguistic	_	ContainsVariation=No	Interrupted=Yes	_	_	_	_	0-2(456)
1320-3	BO003	1320	3	jack	jack	_	_	_	_	_	linguistic	_	ContainsVariation=No	_	_	_	_	_	0-4(456)
1320-4	BO003	1320	4	sparrow]	sparrow	_	_	_	_	_	linguistic	_	ContainsVariation=No	_	End=3014.139	_	_	_	0-7(456)
1321-0	BO003	1321	0	proprio	proprio	_	_	_	_	_	linguistic	_	ContainsVariation=No	_	Begin=3014.363	_	_	_	_
1321-1	BO003	1321	1	lì	lì	_	_	_	_	_	linguistic	_	ContainsVariation=No	_	End=3015.447	_	_	_	_
1322-0	BO002	1322	0	sì.	sì	_	_	_	_	_	linguistic	_	ContainsVariation=No	Intonation=Falling|PauseAfter=Yes	Begin=3015.492	_	_	_	_
1322-1	BO002	1322	1	(.)	(.)	_	_	_	_	_	shortpause	_	ContainsVariation=No	_	_	_	_	_	_
1322-2	BO002	1322	2	[che	che	_	_	_	_	_	linguistic	_	ContainsVariation=No	_	_	_	_	_	0-3(457)
1322-3	BO002	1322	3	po]i	poi	_	_	_	_	_	linguistic	_	ContainsVariation=No	_	_	_	_	_	0-2(457)
1322-4	BO002	1322	4	io	io	_	_	_	_	_	linguistic	_	ContainsVariation=No	_	_	_	_	_	_
1322-5	BO002	1322	5	sono	sono	_	_	_	_	_	linguistic	_	ContainsVariation=No	_	_	_	_	_	_
1322-6	BO002	1322	6	inna[morata	innamorata	_	_	_	_	_	linguistic	_	ContainsVariation=No	_	_	_	_	_	4-10(458)
1322-7	BO002	1322	7	di	di	_	_	_	_	_	linguistic	_	ContainsVariation=No	_	_	_	_	_	0-2(458)
1322-8	BO002	1322	8	le:]golas	legolas	_	_	_	_	_	linguistic	_	ContainsVariation=No	_	End=3018.825	1x1	_	_	0-2(458)
1323-0	BO003	1323	0	[lì]	lì	_	_	_	_	_	linguistic	_	ContainsVariation=No	_	Begin=3016.078|End=3016.648	_	_	_	0-2(457)
1324-0	BO003	1324	0	[è	è	_	_	_	_	_	linguistic	_	ContainsVariation=No	_	Begin=3017.074	_	_	_	0-1(458)
1324-1	BO003	1324	1	bellissimo]	bellissimo	_	_	_	_	_	linguistic	_	ContainsVariation=No	_	End=3018.353	_	_	_	0-10(458)
1325-0	BO002	1325	0	quindi,	quindi	_	_	_	_	_	linguistic	_	ContainsVariation=No	Intonation=WeaklyRising	Begin=3019.086|End=3020.267	_	_	_	_
1326-0	BO003	1326	0	sì.	sì	_	_	_	_	_	linguistic	_	ContainsVariation=No	Intonation=Falling	Begin=3020.349	_	_	_	_
1326-1	BO003	1326	1	in	in	_	_	_	_	_	linguistic	_	ContainsVariation=No	_	_	_	_	_	_
1326-2	BO003	1326	2	jack	jack	_	_	_	_	_	linguistic	_	ContainsVariation=No	_	_	_	_	_	_
1326-3	BO003	1326	3	sparrow	sparrow	_	_	_	_	_	linguistic	_	ContainsVariation=No	_	_	_	_	_	_
1326-4	BO003	1326	4	è	è	_	_	_	_	_	linguistic	_	ContainsVariation=No	_	End=3022.071	_	_	_	_
1327-0	BO003	1327	0	eh.	eh	_	_	_	_	_	linguistic	_	ContainsVariation=No	Intonation=Falling	Begin=3023.173	_	_	_	_
1327-1	BO003	1327	1	((ride))	((ride))	_	_	_	_	_	nonverbalbehavior	_	ContainsVariation=No	_	End=3023.519	_	_	_	_
1328-0	BO002	1328	0	è	è	_	_	_	_	_	linguistic	_	ContainsVariation=No	_	Begin=3024.419	_	_	_	_
1328-1	BO002	1328	1	[be:llo]	bello	_	_	_	_	_	linguistic	_	ContainsVariation=No	_	End=3025.504	1x1	_	_	0-5(459)
1329-0	BO003	1329	0	[è	è	_	_	_	_	_	linguistic	_	ContainsVariation=No	_	Begin=3024.715	_	_	_	0-1(459)
1329-1	BO003	1329	1	bellissi]mo	bellissimo	_	_	_	_	_	linguistic	_	ContainsVariation=No	_	End=3026.357	_	_	_	0-8(459)
1330-0	BO003	1330	0	è	è	_	_	_	_	_	linguistic	_	ContainsVariation=No	_	Begin=3026.811	_	_	_	_
1330-1	BO003	1330	1	bellis[simo]	bellissimo	_	_	_	_	_	linguistic	_	ContainsVariation=No	_	End=3027.778	_	_	_	6-10(460)
1331-0	BO002	1331	0	[sì].	sì	_	_	_	_	_	linguistic	_	ContainsVariation=No	Intonation=Falling	Begin=3027.224|End=3027.762	_	_	_	0-2(460)
1332-0	BO002	1332	0	cioè	cioè	_	_	_	_	_	linguistic	_	ContainsVariation=No	_	Begin=3028.924	_	_	_	_
1332-1	BO002	1332	1	proprio:	proprio	_	_	_	_	_	linguistic	_	ContainsVariation=No	PauseAfter=Yes	_	6x1	_	_	_
1332-2	BO002	1332	2	(.)	(.)	_	_	_	_	_	shortpause	_	ContainsVariation=No	_	_	_	_	_	_
1332-3	BO002	1332	3	fuori	fuori	_	_	_	_	_	linguistic	_	ContainsVariation=No	_	_	_	_	_	_
1332-4	BO002	1332	4	dal	dal	_	_	_	_	_	linguistic	_	ContainsVariation=No	_	_	_	_	_	_
1332-5	BO002	1332	5	normale	normale	_	_	_	_	_	linguistic	_	ContainsVariation=No	_	End=3031.446	_	_	_	_
1333-0	BO003	1333	0	sì	sì	_	_	_	_	_	linguistic	_	ContainsVariation=No	_	Begin=3031.495	_	_	_	_
1333-1	BO003	1333	1	sì.	sì	_	_	_	_	_	linguistic	_	ContainsVariation=No	Intonation=Falling	_	_	_	_	_
1333-2	BO003	1333	2	lui	lui	_	_	_	_	_	linguistic	_	ContainsVariation=No	_	_	_	_	_	_
1333-3	BO003	1333	3	sì	sì	_	_	_	_	_	linguistic	_	ContainsVariation=No	_	End=3032.612	_	_	_	_
1334-0	BO002	1334	0	e	e	_	_	_	_	_	linguistic	_	ContainsVariation=No	_	Begin=3033.59	_	_	_	_
1334-1	BO002	1334	1	attri:ci	attrici	_	_	_	_	_	linguistic	_	ContainsVariation=No	_	End=3035.264	4x1	_	_	_
1335-0	BO002	1335	0	fammi	fammi	_	_	_	_	_	linguistic	_	ContainsVariation=No	_	Begin=3037.256	_	_	_	_
1335-1	BO002	1335	1	pen[sare]	pensare	_	_	_	_	_	linguistic	_	ContainsVariation=No	_	End=3038.774	_	_	_	3-7(461)
1336-0	BO003	1336	0	[fam]mi	fammi	_	_	_	_	_	linguistic	_	ContainsVariation=No	_	Begin=3038.319	_	_	_	0-3(461)
1336-1	BO003	1336	1	pensare	pensare	_	_	_	_	_	linguistic	_	ContainsVariation=No	_	End=3039.873	_	_	_	_
1337-0	BO002	1337	0	a	a	_	_	_	_	_	linguistic	_	ContainsVariation=No	_	Begin=3040.552	_	_	_	_
1337-1	BO002	1337	1	te?	te	_	_	_	_	_	linguistic	_	ContainsVariation=No	Intonation=Rising	End=3041.607	_	_	_	_
1338-0	BO003	1338	0	allo:ra	allora	_	_	_	_	_	linguistic	_	ContainsVariation=No	_	Begin=3041.607|End=3042.699	3x1	_	_	_
1339-0	BO002	1339	0	ah	ah	_	_	_	_	_	linguistic	_	ContainsVariation=No	_	Begin=3043.032	_	_	_	_
1339-1	BO002	1339	1	eh	eh	_	_	_	_	_	linguistic	_	ContainsVariation=No	_	_	_	_	_	_
1339-2	BO002	1339	2	la	la	_	_	_	_	_	linguistic	_	ContainsVariation=No	_	_	_	_	_	_
1339-3	BO002	1339	3	mh:	mh	_	_	_	_	_	linguistic	_	ContainsVariation=No	_	_	1x1	_	_	_
1339-4	BO002	1339	4	helena	helena	_	_	_	_	_	linguistic	_	ContainsVariation=No	_	_	_	_	_	_
1339-5	BO002	1339	5	bonham	bonham	_	_	_	_	_	linguistic	_	ContainsVariation=No	_	_	_	_	_	_
1339-6	BO002	1339	6	car[ter]	carter	_	_	_	_	_	linguistic	_	ContainsVariation=No	_	End=3046.368	_	_	_	3-6(462)
1340-0	BO003	1340	0	[sì]	sì	_	_	_	_	_	linguistic	_	ContainsVariation=No	_	Begin=3045.667	_	_	_	0-2(462)
1340-1	BO003	1340	1	lei	lei	_	_	_	_	_	linguistic	_	ContainsVariation=No	_	_	_	_	_	_
1340-2	BO003	1340	2	sì	sì	_	_	_	_	_	linguistic	_	ContainsVariation=No	_	End=3046.967	_	_	_	_
1341-0	BO003	1341	0	lei	lei	_	_	_	_	_	linguistic	_	ContainsVariation=No	_	Begin=3047.118	_	_	_	_
1341-1	BO003	1341	1	[a	a	_	_	_	_	_	linguistic	_	ContainsVariation=No	_	_	_	_	_	0-1(463)
1341-2	BO003	1341	2	parte	parte	_	_	_	_	_	linguistic	_	ContainsVariation=No	PauseAfter=Yes	_	_	_	_	0-5(463)
1341-3	BO003	1341	3	(.)	(.)	_	_	_	_	_	shortpause	_	ContainsVariation=No	_	_	_	_	_	X(463)
1341-4	BO003	1341	4	sì	sì	_	_	_	_	_	linguistic	_	ContainsVariation=No	_	_	_	_	_	0-2(463)
1341-5	BO003	1341	5	sì]	sì	_	_	_	_	_	linguistic	_	ContainsVariation=No	_	End=3048.636	_	_	_	0-2(463)
1342-0	BO002	1342	0	[lei	lei	_	_	_	_	_	linguistic	_	ContainsVariation=No	_	Begin=3047.32	_	_	_	0-3(463)
1342-1	BO002	1342	1	è	è	_	_	_	_	_	linguistic	_	ContainsVariation=No	_	_	_	_	_	0-1(463)
1342-2	BO002	1342	2	bravi:ssima]	bravissima	_	_	_	_	_	linguistic	_	ContainsVariation=No	_	End=3048.646	4x1	_	_	0-10(463)
1343-0	BO003	1343	0	>io	io	_	_	_	_	_	linguistic	_	ContainsVariation=No	_	Begin=3048.821	_	Fast=0-2(0)	_	_
1343-1	BO003	1343	1	proprio<	proprio	_	_	_	_	_	linguistic	_	ContainsVariation=No	_	_	_	Fast=0-7(0)	_	_
1343-2	BO003	1343	2	la:	la	_	_	_	_	_	linguistic	_	ContainsVariation=No	_	_	1x1	Slow=0-2(0)	_	_
1343-3	BO003	1343	3	la	la	_	_	_	_	_	linguistic	_	ContainsVariation=No	_	_	_	Slow=0-2(0)	_	_
1343-4	BO003	1343	4	>adoro<	adoro	_	_	_	_	_	linguistic	_	ContainsVariation=No	_	_	_	Fast=0-5(1)	_	_
1343-5	BO003	1343	5	come	come	_	_	_	_	_	linguistic	_	ContainsVariation=No	_	_	_	_	_	_
1343-6	BO003	1343	6	perso:na	persona	_	_	_	_	_	linguistic	_	ContainsVariation=No	_	_	4x1	_	_	_
1343-7	BO003	1343	7	in	in	_	_	_	_	_	linguistic	_	ContainsVariation=No	PauseAfter=Yes	_	_	_	_	_
1343-8	BO003	1343	8	(.)	(.)	_	_	_	_	_	shortpause	_	ContainsVariation=No	_	_	_	_	_	_
1343-9	BO003	1343	9	tutto	tutto	_	_	_	_	_	linguistic	_	ContainsVariation=No	_	_	_	_	_	_
1343-10	BO003	1343	10	tondo	tondo	_	_	_	_	_	linguistic	_	ContainsVariation=No	_	End=3052.35	_	_	_	_
1344-0	BO002	1344	0	ah	ah	_	_	_	_	_	linguistic	_	ContainsVariation=No	_	Begin=3052.35	_	_	_	_
1344-1	BO002	1344	1	ecco	ecco	_	_	_	_	_	linguistic	_	ContainsVariation=No	_	_	_	_	_	_
1344-2	BO002	1344	2	un'	un'	_	_	_	_	_	linguistic	_	ContainsVariation=No	SpaceAfter=No	_	_	_	_	_
1344-3	BO002	1344	3	a:ltra	altra	_	_	_	_	_	linguistic	_	ContainsVariation=No	_	_	0x1	_	_	_
1344-4	BO002	1344	4	>ora	ora	_	_	_	_	_	linguistic	_	ContainsVariation=No	_	_	_	Fast=0-3(0)	_	_
1344-5	BO002	1344	5	xxx	xxx	_	_	_	_	_	unknown	_	ContainsVariation=No	Syllables=3	_	_	Fast=0-3(0)	_	_
1344-6	BO002	1344	6	di<	di	_	_	_	_	_	linguistic	_	ContainsVariation=No	PauseAfter=Yes	_	_	Fast=0-2(0)	_	_
1344-7	BO002	1344	7	(.)	(.)	_	_	_	_	_	shortpause	_	ContainsVariation=No	_	_	_	_	_	_
1344-8	BO002	1344	8	emma	emma	_	_	_	_	_	linguistic	_	ContainsVariation=No	_	_	_	_	_	_
1344-9	BO002	1344	9	watson	watson	_	_	_	_	_	linguistic	_	ContainsVariation=No	_	End=3055.778	_	_	_	_
1345-0	BO003	1345	0	[sì],	sì	_	_	_	_	_	linguistic	_	ContainsVariation=No	Intonation=WeaklyRising	Begin=3054.376|End=3054.785	_	_	_	0-2(464)
1346-0	BO003	1346	0	sì.	sì	_	_	_	_	_	linguistic	_	ContainsVariation=No	Intonation=Falling	Begin=3055.83|End=3056.356	_	_	_	_
1347-0	BO002	1347	0	perché	perché	_	_	_	_	_	linguistic	_	ContainsVariation=No	_	Begin=3056.519	_	_	_	_
1347-1	BO002	1347	1	lei	lei	_	_	_	_	_	linguistic	_	ContainsVariation=No	_	_	_	_	_	_
1347-2	BO002	1347	2	è:	è	_	_	_	_	_	linguistic	_	ContainsVariation=No	_	_	0x1	_	_	_
1347-3	BO002	1347	3	bella.	bella	_	_	_	_	_	linguistic	_	ContainsVariation=No	Intonation=Falling|PauseAfter=Yes	_	_	_	_	_
1347-4	BO002	1347	4	(.)	(.)	_	_	_	_	_	shortpause	_	ContainsVariation=No	_	_	_	_	_	_
1347-5	BO002	1347	5	è	è	_	_	_	_	_	linguistic	_	ContainsVariation=No	_	_	_	_	_	_
1347-6	BO002	1347	6	brava.	brava	_	_	_	_	_	linguistic	_	ContainsVariation=No	Intonation=Falling|PauseAfter=Yes	_	_	_	_	_
1347-7	BO002	1347	7	(.)	(.)	_	_	_	_	_	shortpause	_	ContainsVariation=No	_	_	_	_	_	_
1347-8	BO002	1347	8	è	è	_	_	_	_	_	linguistic	_	ContainsVariation=No	_	_	_	_	_	_
1347-9	BO002	1347	9	intelli[gente],	intelligente	_	_	_	_	_	linguistic	_	ContainsVariation=No	Intonation=WeaklyRising|PauseAfter=Yes	_	_	_	_	7-12(465)
1347-10	BO002	1347	10	(.)	(.)	_	_	_	_	_	shortpause	_	ContainsVariation=No	_	_	_	_	_	_
1347-11	BO002	1347	11	[e	e	_	_	_	_	_	linguistic	_	ContainsVariation=No	_	_	_	_	_	0-1(466)
1347-12	BO002	1347	12	combatte]	combatte	_	_	_	_	_	linguistic	_	ContainsVariation=No	_	_	_	_	_	0-8(466)
1347-13	BO002	1347	13	pure	pure	_	_	_	_	_	linguistic	_	ContainsVariation=No	_	_	_	_	_	_
1347-14	BO002	1347	14	[per	per	_	_	_	_	_	linguistic	_	ContainsVariation=No	_	_	_	_	_	0-3(467)
1347-15	BO002	1347	15	i	i	_	_	_	_	_	linguistic	_	ContainsVariation=No	_	_	_	_	_	0-1(467)
1347-16	BO002	1347	16	diritti]	diritti	_	_	_	_	_	linguistic	_	ContainsVariation=No	_	_	_	_	_	0-7(467)
1347-17	BO002	1347	17	delle	delle	_	_	_	_	_	linguistic	_	ContainsVariation=No	_	_	_	_	_	_
1347-18	BO002	1347	18	don[ne]	donne	_	_	_	_	_	linguistic	_	ContainsVariation=No	_	End=3064.331	_	_	_	3-5(468)
1348-0	BO003	1348	0	[sì]	sì	_	_	_	_	_	linguistic	_	ContainsVariation=No	_	Begin=3059.577|End=3060.304	_	_	_	0-2(465)
1349-0	BO003	1349	0	le	le	_	_	_	_	_	linguistic	_	ContainsVariation=No	_	Begin=3060.772	_	_	_	_
1349-1	BO003	1349	1	[ha	ha	_	_	_	_	_	linguistic	_	ContainsVariation=No	_	_	_	_	_	0-2(466)
1349-2	BO003	1349	2	tutte]	tutte	_	_	_	_	_	linguistic	_	ContainsVariation=No	_	End=3061.91	_	_	_	0-5(466)
1350-0	BO003	1350	0	[sì	sì	_	_	_	_	_	linguistic	_	ContainsVariation=No	_	Begin=3062.534	_	_	_	0-2(467)
1350-1	BO003	1350	1	sì	sì	_	_	_	_	_	linguistic	_	ContainsVariation=No	_	_	_	_	_	0-2(467)
1350-2	BO003	1350	2	sì	sì	_	_	_	_	_	linguistic	_	ContainsVariation=No	_	_	_	_	_	0-2(467)
1350-3	BO003	1350	3	sì]	sì	_	_	_	_	_	linguistic	_	ContainsVariation=No	_	End=3063.615	_	_	_	0-2(467)
1351-0	BO003	1351	0	[sì]	sì	_	_	_	_	_	linguistic	_	ContainsVariation=No	_	Begin=3064.052	_	_	_	0-2(468)
1351-1	BO003	1351	1	sì.	sì	_	_	_	_	_	linguistic	_	ContainsVariation=No	Intonation=Falling	_	_	_	_	_
1351-2	BO003	1351	2	lei,	lei	_	_	_	_	_	linguistic	_	ContainsVariation=No	Intonation=WeaklyRising	_	_	_	_	_
1351-3	BO003	1351	3	tutto.	tutto	_	_	_	_	_	linguistic	_	ContainsVariation=No	Intonation=Falling	End=3065.568	_	_	_	_
1352-0	BO002	1352	0	cioè	cioè	_	_	_	_	_	linguistic	_	ContainsVariation=No	_	Begin=3065.568	_	_	_	_
1352-1	BO002	1352	1	lei	lei	_	_	_	_	_	linguistic	_	ContainsVariation=No	_	_	_	_	_	_
1352-2	BO002	1352	2	ce	ce	_	_	_	_	_	linguistic	_	ContainsVariation=No	_	_	_	_	_	_
1352-3	BO002	1352	3	l'	l'	_	_	_	_	_	linguistic	_	ContainsVariation=No	SpaceAfter=No	_	_	_	_	_
1352-4	BO002	1352	4	ha,	ha	_	_	_	_	_	linguistic	_	ContainsVariation=No	Intonation=WeaklyRising	_	_	_	_	_
1352-5	BO002	1352	5	tut[te].	tutte	_	_	_	_	_	linguistic	_	ContainsVariation=No	Intonation=Falling	End=3067.293	_	_	_	2-5(469)
1353-0	BO003	1353	0	[sì]	sì	_	_	_	_	_	linguistic	_	ContainsVariation=No	_	Begin=3067.087	_	_	_	0-2(469)
1353-1	BO003	1353	1	lei	lei	_	_	_	_	_	linguistic	_	ContainsVariation=No	_	_	_	_	_	_
1353-2	BO003	1353	2	sì.	sì	_	_	_	_	_	linguistic	_	ContainsVariation=No	Intonation=Falling	_	_	_	_	_
1353-3	BO003	1353	3	tutte.	tutte	_	_	_	_	_	linguistic	_	ContainsVariation=No	Intonation=Falling	End=3069.087	_	_	_	_
1354-0	BO003	1354	0	a	a	_	_	_	_	_	linguistic	_	ContainsVariation=No	_	Begin=3069.358	_	_	_	_
1354-1	BO003	1354	1	me	me	_	_	_	_	_	linguistic	_	ContainsVariation=No	_	_	_	_	_	_
1354-2	BO003	1354	2	piace	piace	_	_	_	_	_	linguistic	_	ContainsVariation=No	PauseAfter=Yes	_	_	_	_	_
1354-3	BO003	1354	3	(.)	(.)	_	_	_	_	_	shortpause	_	ContainsVariation=No	_	_	_	_	_	_
1354-4	BO003	1354	4	anne	anne	_	_	_	_	_	linguistic	_	ContainsVariation=No	_	_	_	_	_	_
1354-5	BO003	1354	5	hathaway,	hathaway	_	_	_	_	_	linguistic	_	ContainsVariation=No	Intonation=WeaklyRising|PauseAfter=Yes	_	_	_	_	_
1354-6	BO003	1354	6	(.)	(.)	_	_	_	_	_	shortpause	_	ContainsVariation=No	_	_	_	_	_	_
1354-7	BO003	1354	7	[quella	quella	_	_	_	_	_	linguistic	_	ContainsVariation=No	_	_	_	_	_	0-6(470)
1354-8	BO003	1354	8	che	che	_	_	_	_	_	linguistic	_	ContainsVariation=No	_	_	_	_	_	0-3(470)
1354-9	BO003	1354	9	fa	fa	_	_	_	_	_	linguistic	_	ContainsVariation=No	_	_	_	_	_	0-2(470)
1354-10	BO003	1354	10	il	il	_	_	_	_	_	linguistic	_	ContainsVariation=No	_	_	_	_	_	0-2(470)
1354-11	BO003	1354	11	diavolo	diavolo	_	_	_	_	_	linguistic	_	ContainsVariation=No	_	_	_	_	_	0-7(470)
1354-12	BO003	1354	12	veste	veste	_	_	_	_	_	linguistic	_	ContainsVariation=No	_	_	_	_	_	0-5(470)
1354-13	BO003	1354	13	prada	prada	_	_	_	_	_	linguistic	_	ContainsVariation=No	PauseAfter=Yes	_	_	_	_	0-5(470)
1354-14	BO003	1354	14	(.)	(.)	_	_	_	_	_	shortpause	_	ContainsVariation=No	_	_	_	_	_	X(470)
1354-15	BO003	1354	15	mol]to	molto	_	_	_	_	_	linguistic	_	ContainsVariation=No	_	_	_	_	_	0-3(470)
1354-16	BO003	1354	16	bellina,	bellina	_	_	_	_	_	linguistic	_	ContainsVariation=No	Intonation=WeaklyRising	End=3075.171	_	_	_	_
1355-0	BO002	1355	0	[ah.	ah	_	_	_	_	_	linguistic	_	ContainsVariation=No	Intonation=Falling	Begin=3071.977	_	_	_	0-2(470)
1355-1	BO002	1355	1	sì.	sì	_	_	_	_	_	linguistic	_	ContainsVariation=No	Intonation=Falling|PauseAfter=Yes	_	_	_	_	0-2(470)
1355-2	BO002	1355	2	(.)	(.)	_	_	_	_	_	shortpause	_	ContainsVariation=No	_	_	_	_	_	X(470)
1355-3	BO002	1355	3	sì	sì	_	_	_	_	_	linguistic	_	ContainsVariation=No	_	_	_	_	_	0-2(470)
1355-4	BO002	1355	4	sì	sì	_	_	_	_	_	linguistic	_	ContainsVariation=No	_	_	_	_	_	0-2(470)
1355-5	BO002	1355	5	sì]	sì	_	_	_	_	_	linguistic	_	ContainsVariation=No	_	End=3074.177	_	_	_	0-2(470)
1356-0	BO003	1356	0	e:	e	_	_	_	_	_	linguistic	_	ContainsVariation=No	_	Begin=3076.279	0x1	_	_	_
1356-1	BO003	1356	1	poi::	poi	_	_	_	_	_	linguistic	_	ContainsVariation=No	_	End=3077.702	2x2	_	_	_
1357-0	BO003	1357	0	a	a	_	_	_	_	_	linguistic	_	ContainsVariation=No	_	Begin=3078.297	_	_	_	_
1357-1	BO003	1357	1	me	me	_	_	_	_	_	linguistic	_	ContainsVariation=No	_	_	_	_	_	_
1357-2	BO003	1357	2	piacciono,	piacciono	_	_	_	_	_	linguistic	_	ContainsVariation=No	Intonation=WeaklyRising|PauseAfter=Yes	_	_	_	_	_
1357-3	BO003	1357	3	(.)	(.)	_	_	_	_	_	shortpause	_	ContainsVariation=No	_	_	_	_	_	_
1357-4	BO003	1357	4	quelle:,	quelle	_	_	_	_	_	linguistic	_	ContainsVariation=No	Intonation=WeaklyRising	_	5x1	_	_	_
1357-5	BO003	1357	5	quelle:,	quelle	_	_	_	_	_	linguistic	_	ContainsVariation=No	Intonation=WeaklyRising	_	5x1	_	_	_
1357-6	BO003	1357	6	castane.	castane	_	_	_	_	_	linguistic	_	ContainsVariation=No	Intonation=Falling|PauseAfter=Yes	_	_	_	_	_
1357-7	BO003	1357	7	(.)	(.)	_	_	_	_	_	shortpause	_	ContainsVariation=No	_	_	_	_	_	_
1357-8	BO003	1357	8	a	a	_	_	_	_	_	linguistic	_	ContainsVariation=No	_	_	_	_	_	_
1357-9	BO003	1357	9	me	me	_	_	_	_	_	linguistic	_	ContainsVariation=No	_	_	_	_	_	_
1357-10	BO003	1357	10	piacciono	piacciono	_	_	_	_	_	linguistic	_	ContainsVariation=No	_	_	_	_	_	_
1357-11	BO003	1357	11	i	i	_	_	_	_	_	linguistic	_	ContainsVariation=No	_	_	_	_	_	_
1357-12	BO003	1357	12	capelli	capelli	_	_	_	_	_	linguistic	_	ContainsVariation=No	_	_	_	_	_	_
1357-13	BO003	1357	13	scuri	scuri	_	_	_	_	_	linguistic	_	ContainsVariation=No	_	End=3082.862	_	_	_	_
1358-0	BO002	1358	0	ah.	ah	_	_	_	_	_	linguistic	_	ContainsVariation=No	Intonation=Falling	Begin=3082.862	_	_	_	_
1358-1	BO002	1358	1	ho	ho	_	_	_	_	_	linguistic	_	ContainsVariation=No	_	_	_	_	_	_
1358-2	BO002	1358	2	capito	capito	_	_	_	_	_	linguistic	_	ContainsVariation=No	_	End=3083.881	_	_	_	_
1359-0	BO003	1359	0	cioè	cioè	_	_	_	_	_	linguistic	_	ContainsVariation=No	_	Begin=3083.881	_	_	_	_
1359-1	BO003	1359	1	anche	anche	_	_	_	_	_	linguistic	_	ContainsVariation=No	_	_	_	_	_	_
1359-2	BO003	1359	2	bionde.	bionde	_	_	_	_	_	linguistic	_	ContainsVariation=No	Intonation=Falling	_	_	_	_	_
1359-3	BO003	1359	3	però::	però	_	_	_	_	_	linguistic	_	ContainsVariation=No	_	End=3085.606	3x2	_	_	_
1360-0	BO003	1360	0	come	come	_	_	_	_	_	linguistic	_	ContainsVariation=No	_	Begin=3086.59	_	_	_	_
1360-1	BO003	1360	1	gusti::,	gusti	_	_	_	_	_	linguistic	_	ContainsVariation=No	Intonation=WeaklyRising	_	4x2	_	_	_
1360-2	BO003	1360	2	[preferis]co::,	preferisco	_	_	_	_	_	linguistic	_	ContainsVariation=No	Intonation=WeaklyRising	_	9x2	_	_	0-8(471)
1360-3	BO003	1360	3	gli	gli	_	_	_	_	_	linguistic	_	ContainsVariation=No	_	_	_	_	_	_
1360-4	BO003	1360	4	scuro.	scuro	_	_	_	_	_	linguistic	_	ContainsVariation=No	Intonation=Falling	End=3089.756	_	_	_	_
1361-0	BO002	1361	0	[sì	sì	_	_	_	_	_	linguistic	_	ContainsVariation=No	_	Begin=3087.57	_	_	_	0-2(471)
1361-1	BO002	1361	1	sì	sì	_	_	_	_	_	linguistic	_	ContainsVariation=No	_	_	_	_	_	0-2(471)
1361-2	BO002	1361	2	sì]	sì	_	_	_	_	_	linguistic	_	ContainsVariation=No	_	End=3088.341	_	_	_	0-2(471)
1362-0	BO002	1362	0	capito	capito	_	_	_	_	_	linguistic	_	ContainsVariation=No	_	Begin=3090.076|End=3091.123	_	_	_	_
1363-0	BO003	1363	0	mi	mi	_	_	_	_	_	linguistic	_	ContainsVariation=No	_	Begin=3091.262	_	_	_	_
1363-1	BO003	1363	1	piace	piace	_	_	_	_	_	linguistic	_	ContainsVariation=No	_	_	_	_	_	_
1363-2	BO003	1363	2	le:i,	lei	_	_	_	_	_	linguistic	_	ContainsVariation=No	Intonation=WeaklyRising|PauseAfter=Yes	_	1x1	_	_	_
1363-3	BO003	1363	3	(.)	(.)	_	_	_	_	_	shortpause	_	ContainsVariation=No	_	_	_	_	_	_
1363-4	BO003	1363	4	poi	poi	_	_	_	_	_	linguistic	_	ContainsVariation=No	_	_	_	_	_	_
1363-5	BO003	1363	5	>vabbè<	vabbè	_	_	_	_	_	linguistic	_	ContainsVariation=No	_	_	_	Fast=0-5(0)	_	_
1363-6	BO003	1363	6	emma	emma	_	_	_	_	_	linguistic	_	ContainsVariation=No	_	_	_	_	_	_
1363-7	BO003	1363	7	watson	watson	_	_	_	_	_	linguistic	_	ContainsVariation=No	_	_	_	_	_	_
1363-8	BO003	1363	8	piace	piace	_	_	_	_	_	linguistic	_	ContainsVariation=No	_	_	_	_	_	_
1363-9	BO003	1363	9	anche	anche	_	_	_	_	_	linguistic	_	ContainsVariation=No	_	_	_	_	_	_
1363-10	BO003	1363	10	a	a	_	_	_	_	_	linguistic	_	ContainsVariation=No	_	_	_	_	_	_
1363-11	BO003	1363	11	me	me	_	_	_	_	_	linguistic	_	ContainsVariation=No	_	_	_	_	_	_
1363-12	BO003	1363	12	come	come	_	_	_	_	_	linguistic	_	ContainsVariation=No	_	_	_	_	_	_
1363-13	BO003	1363	13	a	a	_	_	_	_	_	linguistic	_	ContainsVariation=No	_	_	_	_	_	_
1363-14	BO003	1363	14	tutti	tutti	_	_	_	_	_	linguistic	_	ContainsVariation=No	_	_	_	_	_	_
1363-15	BO003	1363	15	credo	credo	_	_	_	_	_	linguistic	_	ContainsVariation=No	_	End=3096.329	_	_	_	_
1364-0	BO003	1364	0	poi	poi	_	_	_	_	_	linguistic	_	ContainsVariation=No	_	Begin=3096.872	_	_	_	_
1364-1	BO003	1364	1	xx	xx	_	_	_	_	_	unknown	_	ContainsVariation=No	Syllables=2	_	_	_	_	_
1364-2	BO003	1364	2	anche	anche	_	_	_	_	_	linguistic	_	ContainsVariation=No	_	_	_	_	_	_
1364-3	BO003	1364	3	per	per	_	_	_	_	_	linguistic	_	ContainsVariation=No	_	_	_	_	_	_
1364-4	BO003	1364	4	ermio::ne	ermione	_	_	_	_	_	linguistic	_	ContainsVariation=No	_	_	4x2	_	_	_
1364-5	BO003	1364	5	[>mi	mi	_	_	_	_	_	linguistic	_	ContainsVariation=No	_	_	_	_	_	0-2(472)
1364-6	BO003	1364	6	ci	ci	_	_	_	_	_	linguistic	_	ContainsVariation=No	_	_	_	_	_	0-2(472)
1364-7	BO003	1364	7	sono>	sono	_	_	_	_	_	linguistic	_	ContainsVariation=No	_	_	_	_	_	0-4(472)
1364-8	BO003	1364	8	af]fezionata	affezionata	_	_	_	_	_	linguistic	_	ContainsVariation=No	_	End=3099.774	_	_	_	0-2(472)
1365-0	BO002	1365	0	[s~	s~	_	_	_	_	_	linguistic	_	ContainsVariation=No	Interrupted=Yes	Begin=3098.548	_	_	_	0-2(472)
1365-1	BO002	1365	1	sì]	sì	_	_	_	_	_	linguistic	_	ContainsVariation=No	_	End=3099.419	_	_	_	0-2(472)
1366-0	BO002	1366	0	sì	sì	_	_	_	_	_	linguistic	_	ContainsVariation=No	_	Begin=3099.77|End=3100.292	_	_	_	_
1367-0	BO003	1367	0	poi,	poi	_	_	_	_	_	linguistic	_	ContainsVariation=No	Intonation=WeaklyRising	Begin=3100.649	_	_	_	_
1367-1	BO003	1367	1	anche	anche	_	_	_	_	_	linguistic	_	ContainsVariation=No	_	_	_	_	_	_
1367-2	BO003	1367	2	quella	quella	_	_	_	_	_	linguistic	_	ContainsVariation=No	_	_	_	_	_	_
1367-3	BO003	1367	3	non	non	_	_	_	_	_	linguistic	_	ContainsVariation=No	_	_	_	_	_	_
1367-4	BO003	1367	4	so	so	_	_	_	_	_	linguistic	_	ContainsVariation=No	_	_	_	_	_	_
1367-5	BO003	1367	5	se	se	_	_	_	_	_	linguistic	_	ContainsVariation=No	_	_	_	_	_	_
1367-6	BO003	1367	6	la	la	_	_	_	_	_	linguistic	_	ContainsVariation=No	_	_	_	_	_	_
1367-7	BO003	1367	7	conosci	conosci	_	_	_	_	_	linguistic	_	ContainsVariation=No	PauseAfter=Yes	_	_	_	_	_
1367-8	BO003	1367	8	(.)	(.)	_	_	_	_	_	shortpause	_	ContainsVariation=No	_	_	_	_	_	_
1367-9	BO003	1367	9	la	la	_	_	_	_	_	linguistic	_	ContainsVariation=No	_	_	_	_	_	_
1367-10	BO003	1367	10	nuova::	nuova	_	_	_	_	_	linguistic	_	ContainsVariation=No	_	_	4x2	_	_	_
1367-11	BO003	1367	11	moglie	moglie	_	_	_	_	_	linguistic	_	ContainsVariation=No	_	_	_	_	_	_
1367-12	BO003	1367	12	di	di	_	_	_	_	_	linguistic	_	ContainsVariation=No	_	_	_	_	_	_
1367-13	BO003	1367	13	ashton	ashton	_	_	_	_	_	linguistic	_	ContainsVariation=No	_	_	_	_	_	_
1367-14	BO003	1367	14	kutcher	kutcher	_	_	_	_	_	linguistic	_	ContainsVariation=No	_	End=3106.615	_	_	_	_
1368-0	BO002	1368	0	ah::	ah	_	_	_	_	_	linguistic	_	ContainsVariation=No	_	Begin=3106.615	1x2	_	_	_
1368-1	BO002	1368	1	sì	sì	_	_	_	_	_	linguistic	_	ContainsVariation=No	_	_	_	_	_	_
1368-2	BO002	1368	2	ho	ho	_	_	_	_	_	linguistic	_	ContainsVariation=No	_	_	_	_	_	_
1368-3	BO002	1368	3	pre[sente],	presente	_	_	_	_	_	linguistic	_	ContainsVariation=No	Intonation=WeaklyRising	End=3108.468	_	_	_	3-8(474)
1369-0	BO003	1369	0	[quella	quella	_	_	_	_	_	linguistic	_	ContainsVariation=No	_	Begin=3107.657	_	_	_	0-6(474)
1369-1	BO003	1369	1	che	che	_	_	_	_	_	linguistic	_	ContainsVariation=No	_	_	_	_	_	0-3(474)
1369-2	BO003	1369	2	ha	ha	_	_	_	_	_	linguistic	_	ContainsVariation=No	_	_	_	_	_	0-2(474)
1369-3	BO003	1369	3	fatto	fatto	_	_	_	_	_	linguistic	_	ContainsVariation=No	_	_	_	_	_	0-5(474)
1369-4	BO003	1369	4	an]che	anche	_	_	_	_	_	linguistic	_	ContainsVariation=No	_	_	_	_	_	0-2(474)
1369-5	BO003	1369	5	amici	amici	_	_	_	_	_	linguistic	_	ContainsVariation=No	_	_	_	_	_	_
1369-6	BO003	1369	6	di	di	_	_	_	_	_	linguistic	_	ContainsVariation=No	_	_	_	_	_	_
1369-7	BO003	1369	7	letto::,	letto	_	_	_	_	_	linguistic	_	ContainsVariation=No	Intonation=WeaklyRising	End=3109.855	4x2	_	_	_
1370-0	BO002	1370	0	sì	sì	_	_	_	_	_	linguistic	_	ContainsVariation=No	_	Begin=3110.027	_	_	_	_
1370-1	BO002	1370	1	ho	ho	_	_	_	_	_	linguistic	_	ContainsVariation=No	_	_	_	_	_	_
1370-2	BO002	1370	2	presente	presente	_	_	_	_	_	linguistic	_	ContainsVariation=No	_	_	_	_	_	_
1370-3	BO002	1370	3	[ma	ma	_	_	_	_	_	linguistic	_	ContainsVariation=No	_	_	_	_	_	0-2(475)
1370-4	BO002	1370	4	n~]	n~	_	_	_	_	_	linguistic	_	ContainsVariation=No	Interrupted=Yes	End=3111.92	_	_	_	0-2(475)
1371-0	BO003	1371	0	[bad]	bad	_	_	_	_	_	linguistic	_	ContainsVariation=No	_	Begin=3111.285	_	_	_	0-3(475)
1371-1	BO003	1371	1	[moms],	moms	_	_	_	_	_	linguistic	_	ContainsVariation=No	Intonation=WeaklyRising|PauseAfter=Yes	_	_	_	_	0-4(476)
1371-2	BO003	1371	2	(.)	(.)	_	_	_	_	_	shortpause	_	ContainsVariation=No	_	_	_	_	_	_
1371-3	BO003	1371	3	mila	mila	_	_	_	_	_	linguistic	_	ContainsVariation=No	_	_	_	_	_	_
1371-4	BO003	1371	4	kunis	kunis	_	_	_	_	_	linguistic	_	ContainsVariation=No	_	_	_	_	_	_
1371-5	BO003	1371	5	si	si	_	_	_	_	_	linguistic	_	ContainsVariation=No	_	_	_	_	_	_
1371-6	BO003	1371	6	chiama	chiama	_	_	_	_	_	linguistic	_	ContainsVariation=No	PauseAfter=Yes	_	_	_	_	_
1371-7	BO003	1371	7	(.)	(.)	_	_	_	_	_	shortpause	_	ContainsVariation=No	_	_	_	_	_	_
1371-8	BO003	1371	8	[che]	che	_	_	_	_	_	linguistic	_	ContainsVariation=No	_	_	_	_	_	0-3(477)
1371-9	BO003	1371	9	lei,	lei	_	_	_	_	_	linguistic	_	ContainsVariation=No	Intonation=WeaklyRising	End=3115.385	_	_	_	_
1372-0	BO002	1372	0	[sì]	sì	_	_	_	_	_	linguistic	_	ContainsVariation=No	_	Begin=3112.26|End=3112.836	_	_	_	0-2(476)
1373-0	BO002	1373	0	[ah	ah	_	_	_	_	_	linguistic	_	ContainsVariation=No	_	Begin=3114.335	_	_	_	0-2(477)
1373-1	BO002	1373	1	ecco]	ecco	_	_	_	_	_	linguistic	_	ContainsVariation=No	_	End=3115.203	_	_	_	0-4(477)
1374-0	BO002	1374	0	non	non	_	_	_	_	_	linguistic	_	ContainsVariation=No	_	Begin=3115.906	_	_	_	_
1374-1	BO002	1374	1	sape[vo	sapevo	_	_	_	_	_	linguistic	_	ContainsVariation=No	_	_	_	_	_	4-6(478)
1374-2	BO002	1374	2	come	come	_	_	_	_	_	linguistic	_	ContainsVariation=No	_	_	_	_	_	0-4(478)
1374-3	BO002	1374	3	si	si	_	_	_	_	_	linguistic	_	ContainsVariation=No	_	_	_	_	_	0-2(478)
1374-4	BO002	1374	4	chiamava]	chiamava	_	_	_	_	_	linguistic	_	ContainsVariation=No	_	End=3117.487	_	_	_	0-8(478)
1375-0	BO003	1375	0	[lei	lei	_	_	_	_	_	linguistic	_	ContainsVariation=No	_	Begin=3116.469	_	_	_	0-3(478)
1375-1	BO003	1375	1	è	è	_	_	_	_	_	linguistic	_	ContainsVariation=No	_	_	_	_	_	0-1(478)
1375-2	BO003	1375	2	(un	un	_	_	_	_	_	linguistic	_	ContainsVariation=No	_	_	_	_	0-2(0)	0-2(478)
1375-3	BO003	1375	3	po')	po'	_	_	_	_	_	linguistic	_	ContainsVariation=No	_	_	_	_	0-3(0)	0-3(478)
1375-4	BO003	1375	4	bella].	bella	_	_	_	_	_	linguistic	_	ContainsVariation=No	Intonation=Falling|PauseAfter=Yes	_	_	_	_	0-5(478)
1375-5	BO003	1375	5	(.)	(.)	_	_	_	_	_	shortpause	_	ContainsVariation=No	_	_	_	_	_	_
1375-6	BO003	1375	6	che	che	_	_	_	_	_	linguistic	_	ContainsVariation=No	_	_	_	_	_	_
1375-7	BO003	1375	7	è	è	_	_	_	_	_	linguistic	_	ContainsVariation=No	_	_	_	_	_	_
1375-8	BO003	1375	8	ucraina	ucraina	_	_	_	_	_	linguistic	_	ContainsVariation=No	_	_	_	_	_	_
1375-9	BO003	1375	9	tra	tra	_	_	_	_	_	linguistic	_	ContainsVariation=No	_	_	_	_	_	_
1375-10	BO003	1375	10	l'	l'	_	_	_	_	_	linguistic	_	ContainsVariation=No	SpaceAfter=No	_	_	_	_	_
1375-11	BO003	1375	11	altro.	altro	_	_	_	_	_	linguistic	_	ContainsVariation=No	Intonation=Falling	_	_	_	_	_
1375-12	BO003	1375	12	non	non	_	_	_	_	_	linguistic	_	ContainsVariation=No	_	_	_	_	_	_
1375-13	BO003	1375	13	so.	so	_	_	_	_	_	linguistic	_	ContainsVariation=No	Intonation=Falling	End=3119.967	_	_	_	_
1376-0	BO003	1376	0	che::	che	_	_	_	_	_	linguistic	_	ContainsVariation=No	_	Begin=3120.2	2x2	_	_	_
1376-1	BO003	1376	1	è	è	_	_	_	_	_	linguistic	_	ContainsVariation=No	_	_	_	_	_	_
1376-2	BO003	1376	2	arrivata	arrivata	_	_	_	_	_	linguistic	_	ContainsVariation=No	_	_	_	_	_	_
1376-3	BO003	1376	3	ad	ad	_	_	_	_	_	linguistic	_	ContainsVariation=No	_	_	_	_	_	_
1376-4	BO003	1376	4	hollywood	hollywood	_	_	_	_	_	linguistic	_	ContainsVariation=No	_	_	_	_	_	_
1376-5	BO003	1376	5	così	così	_	_	_	_	_	linguistic	_	ContainsVariation=No	_	_	_	_	_	_
1376-6	BO003	1376	6	per	per	_	_	_	_	_	linguistic	_	ContainsVariation=No	_	_	_	_	_	_
1376-7	BO003	1376	7	culo	culo	_	_	_	_	_	linguistic	_	ContainsVariation=No	_	_	_	_	_	_
1376-8	BO003	1376	8	((ride))	((ride))	_	_	_	_	_	nonverbalbehavior	_	ContainsVariation=No	_	End=3123.369	_	_	_	_
1377-0	BO003	1377	0	però	però	_	_	_	_	_	linguistic	_	ContainsVariation=No	_	Begin=3125.385	_	_	_	_
1377-1	BO003	1377	1	sì	sì	_	_	_	_	_	linguistic	_	ContainsVariation=No	_	_	_	_	_	_
1377-2	BO003	1377	2	lei,	lei	_	_	_	_	_	linguistic	_	ContainsVariation=No	Intonation=WeaklyRising|PauseAfter=Yes	_	_	_	_	_
1377-3	BO003	1377	3	(.)	(.)	_	_	_	_	_	shortpause	_	ContainsVariation=No	_	_	_	_	_	_
1377-4	BO003	1377	4	è	è	_	_	_	_	_	linguistic	_	ContainsVariation=No	_	_	_	_	_	_
1377-5	BO003	1377	5	pa[recchio	parecchio	_	_	_	_	_	linguistic	_	ContainsVariation=No	_	_	_	_	_	2-9(479)
1377-6	BO003	1377	6	bel]la	bella	_	_	_	_	_	linguistic	_	ContainsVariation=No	_	_	_	_	_	0-3(479)
1377-7	BO003	1377	7	poi	poi	_	_	_	_	_	linguistic	_	ContainsVariation=No	_	_	_	_	_	_
1377-8	BO003	1377	8	nell'	nell'	_	_	_	_	_	linguistic	_	ContainsVariation=No	SpaceAfter=No	_	_	_	_	_
1377-9	BO003	1377	9	ultimo	ultimo	_	_	_	_	_	linguistic	_	ContainsVariation=No	_	_	_	_	_	_
1377-10	BO003	1377	10	film,	film	_	_	_	_	_	linguistic	_	ContainsVariation=No	Intonation=WeaklyRising	End=3129.718	_	_	_	_
1378-0	BO002	1378	0	[sì]	sì	_	_	_	_	_	linguistic	_	ContainsVariation=No	_	Begin=3127.552|End=3128.406	_	_	_	0-2(479)
1379-0	BO003	1379	0	che	che	_	_	_	_	_	linguistic	_	ContainsVariation=No	_	Begin=3129.865	_	_	_	_
1379-1	BO003	1379	1	è	è	_	_	_	_	_	linguistic	_	ContainsVariation=No	_	_	_	_	_	_
1379-2	BO003	1379	2	un	un	_	_	_	_	_	linguistic	_	ContainsVariation=No	_	_	_	_	_	_
1379-3	BO003	1379	3	po',	po'	_	_	_	_	_	linguistic	_	ContainsVariation=No	Intonation=WeaklyRising	_	_	_	_	_
1379-4	BO003	1379	4	fa	fa	_	_	_	_	_	linguistic	_	ContainsVariation=No	_	_	_	_	_	_
1379-5	BO003	1379	5	ridere.	ridere	_	_	_	_	_	linguistic	_	ContainsVariation=No	Intonation=Falling	_	_	_	_	_
1379-6	BO003	1379	6	perché	perché	_	_	_	_	_	linguistic	_	ContainsVariation=No	_	_	_	_	_	_
1379-7	BO003	1379	7	fa	fa	_	_	_	_	_	linguistic	_	ContainsVariation=No	_	_	_	_	_	_
1379-8	BO003	1379	8	ridere.	ridere	_	_	_	_	_	linguistic	_	ContainsVariation=No	Intonation=Falling	_	_	_	_	_
1379-9	BO003	1379	9	però	però	_	_	_	_	_	linguistic	_	ContainsVariation=No	_	_	_	_	_	_
1379-10	BO003	1379	10	molto::	molto	_	_	_	_	_	linguistic	_	ContainsVariation=No	PauseAfter=Yes	_	4x2	_	_	_
1379-11	BO003	1379	11	(.)	(.)	_	_	_	_	_	shortpause	_	ContainsVariation=No	_	_	_	_	_	_
1379-12	BO003	1379	12	c~	c~	_	_	_	_	_	linguistic	_	ContainsVariation=No	Interrupted=Yes	_	_	_	_	_
1379-13	BO003	1379	13	stupido:	stupido	_	_	_	_	_	linguistic	_	ContainsVariation=No	_	End=3135.273	6x1	_	_	_
1380-0	BO003	1380	0	però	però	_	_	_	_	_	linguistic	_	ContainsVariation=No	_	Begin=3135.412	_	_	_	_
1380-1	BO003	1380	1	lì::	lì	_	_	_	_	_	linguistic	_	ContainsVariation=No	_	_	1x2	_	_	_
1380-2	BO003	1380	2	a	a	_	_	_	_	_	linguistic	_	ContainsVariation=No	_	_	_	_	_	_
1380-3	BO003	1380	3	un	un	_	_	_	_	_	linguistic	_	ContainsVariation=No	_	_	_	_	_	_
1380-4	BO003	1380	4	certo	certo	_	_	_	_	_	linguistic	_	ContainsVariation=No	_	_	_	_	_	_
1380-5	BO003	1380	5	punto	punto	_	_	_	_	_	linguistic	_	ContainsVariation=No	_	_	_	_	_	_
1380-6	BO003	1380	6	quando	quando	_	_	_	_	_	linguistic	_	ContainsVariation=No	_	_	_	_	_	_
1380-7	BO003	1380	7	la,	la	_	_	_	_	_	linguistic	_	ContainsVariation=No	Intonation=WeaklyRising|PauseAfter=Yes	_	_	_	_	_
1380-8	BO003	1380	8	(.)	(.)	_	_	_	_	_	shortpause	_	ContainsVariation=No	_	_	_	_	_	_
1380-9	BO003	1380	9	c'	c'	_	_	_	_	_	linguistic	_	ContainsVariation=No	SpaceAfter=No	_	_	_	_	_
1380-10	BO003	1380	10	è	è	_	_	_	_	_	linguistic	_	ContainsVariation=No	_	_	_	_	_	_
1380-11	BO003	1380	11	una	una	_	_	_	_	_	linguistic	_	ContainsVariation=No	_	_	_	_	_	_
1380-12	BO003	1380	12	parte	parte	_	_	_	_	_	linguistic	_	ContainsVariation=No	_	_	_	_	_	_
1380-13	BO003	1380	13	dove	dove	_	_	_	_	_	linguistic	_	ContainsVariation=No	_	_	_	_	_	_
1380-14	BO003	1380	14	la	la	_	_	_	_	_	linguistic	_	ContainsVariation=No	_	_	_	_	_	_
1380-15	BO003	1380	15	infighettano	infighettano	_	_	_	_	_	linguistic	_	ContainsVariation=No	_	_	_	_	_	_
1380-16	BO003	1380	16	tutta::,	tutta	_	_	_	_	_	linguistic	_	ContainsVariation=No	Intonation=WeaklyRising	End=3140.49	4x2	_	_	_
1381-0	BO003	1381	0	[perché	perché	_	_	_	_	_	linguistic	_	ContainsVariation=No	_	Begin=3141.367	_	_	_	0-6(480)
1381-1	BO003	1381	1	deve	deve	_	_	_	_	_	linguistic	_	ContainsVariation=No	_	_	_	_	_	0-4(480)
1381-2	BO003	1381	2	passa]re	passare	_	_	_	_	_	linguistic	_	ContainsVariation=No	_	_	_	_	_	0-5(480)
1381-3	BO003	1381	3	da	da	_	_	_	_	_	linguistic	_	ContainsVariation=No	_	_	_	_	_	_
1381-4	BO003	1381	4	mamma,	mamma	_	_	_	_	_	linguistic	_	ContainsVariation=No	Intonation=WeaklyRising	_	_	_	_	_
1381-5	BO003	1381	5	di	di	_	_	_	_	_	linguistic	_	ContainsVariation=No	_	_	_	_	_	_
1381-6	BO003	1381	6	due	due	_	_	_	_	_	linguistic	_	ContainsVariation=No	_	_	_	_	_	_
1381-7	BO003	1381	7	figli,	figli	_	_	_	_	_	linguistic	_	ContainsVariation=No	Intonation=WeaklyRising	_	_	_	_	_
1381-8	BO003	1381	8	sempre::	sempre	_	_	_	_	_	linguistic	_	ContainsVariation=No	PauseAfter=Yes	_	5x2	_	_	_
1381-9	BO003	1381	9	(.)	(.)	_	_	_	_	_	shortpause	_	ContainsVariation=No	_	_	_	_	_	_
1381-10	BO003	1381	10	trafe[lata:	trafelata	_	_	_	_	_	linguistic	_	ContainsVariation=No	_	_	8x1	_	_	5-9(481)
1381-11	BO003	1381	11	a::	a	_	_	_	_	_	linguistic	_	ContainsVariation=No	_	_	0x2	_	_	0-1(481)
1381-12	BO003	1381	12	super	super	_	_	_	_	_	linguistic	_	ContainsVariation=No	_	_	_	_	_	0-5(481)
1381-13	BO003	1381	13	sexy]	sexy	_	_	_	_	_	linguistic	_	ContainsVariation=No	_	End=3147.713	_	_	_	0-4(481)
1382-0	BO002	1382	0	[be:llo]	bello	_	_	_	_	_	linguistic	_	ContainsVariation=No	_	Begin=3141.369|End=3142.229	1x1	_	_	0-5(480)
1383-0	BO002	1383	0	[ah:	ah	_	_	_	_	_	linguistic	_	ContainsVariation=No	_	Begin=3145.006	1x1	_	_	0-2(481)
1383-1	BO002	1383	1	ho	ho	_	_	_	_	_	linguistic	_	ContainsVariation=No	_	_	_	_	_	0-2(481)
1383-2	BO002	1383	2	capito.	capito	_	_	_	_	_	linguistic	_	ContainsVariation=No	Intonation=Falling	_	_	_	_	0-6(481)
1383-3	BO002	1383	3	ho	ho	_	_	_	_	_	linguistic	_	ContainsVariation=No	_	_	_	_	_	0-2(481)
1383-4	BO002	1383	4	capito	capito	_	_	_	_	_	linguistic	_	ContainsVariation=No	_	_	_	_	_	0-6(481)
1383-5	BO002	1383	5	che	che	_	_	_	_	_	linguistic	_	ContainsVariation=No	_	_	_	_	_	0-3(481)
1383-6	BO002	1383	6	film	film	_	_	_	_	_	linguistic	_	ContainsVariation=No	_	_	_	_	_	0-4(481)
1383-7	BO002	1383	7	è::]	è	_	_	_	_	_	linguistic	_	ContainsVariation=No	_	_	0x2	_	_	0-1(481)
1383-8	BO002	1383	8	ho	ho	_	_	_	_	_	linguistic	_	ContainsVariation=No	_	_	_	_	_	_
1383-9	BO002	1383	9	capito.	capito	_	_	_	_	_	linguistic	_	ContainsVariation=No	Intonation=Falling	_	_	_	_	_
1383-10	BO002	1383	10	sì	sì	_	_	_	_	_	linguistic	_	ContainsVariation=No	_	_	_	_	_	_
1383-11	BO002	1383	11	sì	sì	_	_	_	_	_	linguistic	_	ContainsVariation=No	_	_	_	_	_	_
1383-12	BO002	1383	12	[sì]	sì	_	_	_	_	_	linguistic	_	ContainsVariation=No	_	End=3148.786	_	_	_	0-2(482)
1384-0	BO003	1384	0	[(lei	lei	_	_	_	_	_	linguistic	_	ContainsVariation=No	_	Begin=3148.541	_	_	0-3(0)	0-3(482)
1384-1	BO003	1384	1	>allora<)]	allora	_	_	_	_	_	linguistic	_	ContainsVariation=No	_	_	_	Fast=0-6(0)	0-6(0)	0-6(482)
1384-2	BO003	1384	2	la	la	_	_	_	_	_	linguistic	_	ContainsVariation=No	_	_	_	_	_	_
1384-3	BO003	1384	3	metton	metton	_	_	_	_	_	linguistic	_	ContainsVariation=No	_	_	_	_	_	_
1384-4	BO003	1384	4	tutt~	tutt~	_	_	_	_	_	linguistic	_	ContainsVariation=No	Interrupted=Yes	_	_	_	_	_
1384-5	BO003	1384	5	in	in	_	_	_	_	_	linguistic	_	ContainsVariation=No	_	_	_	_	_	_
1384-6	BO003	1384	6	ti:ro	tiro	_	_	_	_	_	linguistic	_	ContainsVariation=No	_	_	1x1	_	_	_
1384-7	BO003	1384	7	e	e	_	_	_	_	_	linguistic	_	ContainsVariation=No	_	_	_	_	_	_
1384-8	BO003	1384	8	allora	allora	_	_	_	_	_	linguistic	_	ContainsVariation=No	_	_	_	_	_	_
1384-9	BO003	1384	9	lì	lì	_	_	_	_	_	linguistic	_	ContainsVariation=No	_	_	_	_	_	_
1384-10	BO003	1384	10	mado:nna	madonna	_	_	_	_	_	linguistic	_	ContainsVariation=No	_	_	3x1	_	_	_
1384-11	BO003	1384	11	((ride))	((ride))	_	_	_	_	_	nonverbalbehavior	_	ContainsVariation=No	_	End=3151.758	_	_	_	_
1385-0	BO003	1385	0	poi	poi	_	_	_	_	_	linguistic	_	ContainsVariation=No	_	Begin=3153.269	_	_	_	_
1385-1	BO003	1385	1	si	si	_	_	_	_	_	linguistic	_	ContainsVariation=No	_	_	_	_	_	_
1385-2	BO003	1385	2	vede	vede	_	_	_	_	_	linguistic	_	ContainsVariation=No	_	_	_	_	_	_
1385-3	BO003	1385	3	proprio	proprio	_	_	_	_	_	linguistic	_	ContainsVariation=No	_	_	_	_	_	_
1385-4	BO003	1385	4	il	il	_	_	_	_	_	linguistic	_	ContainsVariation=No	_	_	_	_	_	_
1385-5	BO003	1385	5	passaggio	passaggio	_	_	_	_	_	linguistic	_	ContainsVariation=No	_	_	_	_	_	_
1385-6	BO003	1385	6	>perché<	perché	_	_	_	_	_	linguistic	_	ContainsVariation=No	_	_	_	Fast=0-6(0)	_	_
1385-7	BO003	1385	7	passa	passa	_	_	_	_	_	linguistic	_	ContainsVariation=No	_	_	_	Slow=0-5(0)	_	_
1385-8	BO003	1385	8	dall'	dall'	_	_	_	_	_	linguistic	_	ContainsVariation=No	SpaceAfter=No	_	_	Slow=0-5(0)	_	_
1385-9	BO003	1385	9	essere	essere	_	_	_	_	_	linguistic	_	ContainsVariation=No	_	_	_	Slow=0-6(0)	_	_
1385-10	BO003	1385	10	tutta	tutta	_	_	_	_	_	linguistic	_	ContainsVariation=No	_	_	_	Slow=0-5(0)	_	_
1385-11	BO003	1385	11	strucca:ta::,	struccata	_	_	_	_	_	linguistic	_	ContainsVariation=No	Intonation=WeaklyRising|PauseAfter=Yes	_	6x1,8x2	Slow=0-9(0)	_	_
1385-12	BO003	1385	12	(.)	(.)	_	_	_	_	_	shortpause	_	ContainsVariation=No	_	_	_	_	_	_
1385-13	BO003	1385	13	vestita	vestita	_	_	_	_	_	linguistic	_	ContainsVariation=No	_	_	_	Slow=0-7(0)	_	_
1385-14	BO003	1385	14	da	da	_	_	_	_	_	linguistic	_	ContainsVariation=No	_	_	_	Slow=0-2(0)	_	_
1385-15	BO003	1385	15	mamma::,	mamma	_	_	_	_	_	linguistic	_	ContainsVariation=No	Intonation=WeaklyRising	_	4x2	Slow=0-5(0)	_	_
1385-16	BO003	1385	16	così:,	così	_	_	_	_	_	linguistic	_	ContainsVariation=No	Intonation=WeaklyRising	_	3x1	Slow=0-4(0)	_	_
1385-17	BO003	1385	17	>intanto<	intanto	_	_	_	_	_	linguistic	_	ContainsVariation=No	_	_	_	Fast=0-7(1)	_	_
1385-18	BO003	1385	18	le	le	_	_	_	_	_	linguistic	_	ContainsVariation=No	_	_	_	_	_	_
1385-19	BO003	1385	19	perde	perde	_	_	_	_	_	linguistic	_	ContainsVariation=No	_	_	_	_	_	_
1385-20	BO003	1385	20	vent'	vent'	_	_	_	_	_	linguistic	_	ContainsVariation=No	SpaceAfter=No	_	_	_	_	_
1385-21	BO003	1385	21	anni	anni	_	_	_	_	_	linguistic	_	ContainsVariation=No	_	_	_	_	_	_
1385-22	BO003	1385	22	((ride))	((ride))	_	_	_	_	_	nonverbalbehavior	_	ContainsVariation=No	_	End=3163.048	_	_	_	_
1386-0	BO003	1386	0	e	e	_	_	_	_	_	linguistic	_	ContainsVariation=No	_	Begin=3163.717	_	_	_	_
1386-1	BO003	1386	1	poi	poi	_	_	_	_	_	linguistic	_	ContainsVariation=No	_	_	_	_	_	_
1386-2	BO003	1386	2	sì.	sì	_	_	_	_	_	linguistic	_	ContainsVariation=No	Intonation=Falling	_	_	_	_	_
1386-3	BO003	1386	3	pro[prio]	proprio	_	_	_	_	_	linguistic	_	ContainsVariation=No	_	End=3165.169	_	_	_	3-7(483)
1387-0	BO002	1387	0	[eh]	eh	_	_	_	_	_	linguistic	_	ContainsVariation=No	_	Begin=3164.85	_	_	_	0-2(483)
1387-1	BO002	1387	1	bella	bella	_	_	_	_	_	linguistic	_	ContainsVariation=No	_	End=3165.756	_	_	_	_
1388-0	BO003	1388	0	sì	sì	_	_	_	_	_	linguistic	_	ContainsVariation=No	_	Begin=3165.756	_	_	_	_
1388-1	BO003	1388	1	sì	sì	_	_	_	_	_	linguistic	_	ContainsVariation=No	_	End=3166.705	_	_	_	_
1389-0	BO002	1389	0	invece	invece	_	_	_	_	_	linguistic	_	ContainsVariation=No	_	Begin=3166.756	_	_	_	_
1389-1	BO002	1389	1	a	a	_	_	_	_	_	linguistic	_	ContainsVariation=No	_	_	_	_	_	_
1389-2	BO002	1389	2	me	me	_	_	_	_	_	linguistic	_	ContainsVariation=No	_	_	_	_	_	_
1389-3	BO002	1389	3	un'	un'	_	_	_	_	_	linguistic	_	ContainsVariation=No	SpaceAfter=No	_	_	_	_	_
1389-4	BO002	1389	4	attrice	attrice	_	_	_	_	_	linguistic	_	ContainsVariation=No	_	_	_	_	_	_
1389-5	BO002	1389	5	che	che	_	_	_	_	_	linguistic	_	ContainsVariation=No	_	_	_	_	_	_
1389-6	BO002	1389	6	mi	mi	_	_	_	_	_	linguistic	_	ContainsVariation=No	_	_	_	_	_	_
1389-7	BO002	1389	7	piace	piace	_	_	_	_	_	linguistic	_	ContainsVariation=No	_	_	_	_	_	_
1389-8	BO002	1389	8	tantissimo,	tantissimo	_	_	_	_	_	linguistic	_	ContainsVariation=No	Intonation=WeaklyRising	_	_	_	_	_
1389-9	BO002	1389	9	non	non	_	_	_	_	_	linguistic	_	ContainsVariation=No	_	_	_	_	_	_
1389-10	BO002	1389	10	per	per	_	_	_	_	_	linguistic	_	ContainsVariation=No	_	_	_	_	_	_
1389-11	BO002	1389	11	la	la	_	_	_	_	_	linguistic	_	ContainsVariation=No	_	_	_	_	_	_
1389-12	BO002	1389	12	bellezza	bellezza	_	_	_	_	_	linguistic	_	ContainsVariation=No	_	_	_	_	_	_
1389-13	BO002	1389	13	eh,	eh	_	_	_	_	_	linguistic	_	ContainsVariation=No	Intonation=WeaklyRising	End=3170.34	_	_	_	_
1390-0	BO003	1390	0	sì,	sì	_	_	_	_	_	linguistic	_	ContainsVariation=No	Intonation=WeaklyRising	Begin=3170.361|End=3170.941	_	_	_	_
1391-0	BO002	1391	0	però:	però	_	_	_	_	_	linguistic	_	ContainsVariation=No	PauseAfter=Yes	Begin=3171.142	3x1	_	_	_
1391-1	BO002	1391	1	(.)	(.)	_	_	_	_	_	shortpause	_	ContainsVariation=No	_	_	_	_	_	_
1391-2	BO002	1391	2	per	per	_	_	_	_	_	linguistic	_	ContainsVariation=No	_	_	_	_	_	_
1391-3	BO002	1391	3	quello	quello	_	_	_	_	_	linguistic	_	ContainsVariation=No	_	_	_	_	_	_
1391-4	BO002	1391	4	che	che	_	_	_	_	_	linguistic	_	ContainsVariation=No	_	_	_	_	_	_
1391-5	BO002	1391	5	fa,	fa	_	_	_	_	_	linguistic	_	ContainsVariation=No	Intonation=WeaklyRising	_	_	_	_	_
1391-6	BO002	1391	6	ha	ha	_	_	_	_	_	linguistic	_	ContainsVariation=No	_	_	_	_	_	_
1391-7	BO002	1391	7	fatto	fatto	_	_	_	_	_	linguistic	_	ContainsVariation=No	_	_	_	_	_	_
1391-8	BO002	1391	8	tanti	tanti	_	_	_	_	_	linguistic	_	ContainsVariation=No	_	_	_	_	_	_
1391-9	BO002	1391	9	film.	film	_	_	_	_	_	linguistic	_	ContainsVariation=No	Intonation=Falling	End=3174.507	_	_	_	_
1392-0	BO003	1392	0	sì,	sì	_	_	_	_	_	linguistic	_	ContainsVariation=No	Intonation=WeaklyRising	Begin=3174.636|End=3174.944	_	_	_	_
1393-0	BO002	1393	0	è	è	_	_	_	_	_	linguistic	_	ContainsVariation=No	_	Begin=3174.957	_	_	_	_
1393-1	BO002	1393	1	di	di	_	_	_	_	_	linguistic	_	ContainsVariation=No	_	_	_	_	_	_
1393-2	BO002	1393	2	colo::re	colore	_	_	_	_	_	linguistic	_	ContainsVariation=No	_	End=3176.301	3x2	_	_	_
1394-0	BO003	1394	0	[whoopi	whoopi	_	_	_	_	_	linguistic	_	ContainsVariation=No	_	Begin=3176.475	_	_	_	0-6(484)
1394-1	BO003	1394	1	goldberg],	goldberg	_	_	_	_	_	linguistic	_	ContainsVariation=No	Intonation=WeaklyRising|PauseAfter=Yes	_	_	_	_	0-8(484)
1394-2	BO003	1394	2	(.)	(.)	_	_	_	_	_	shortpause	_	ContainsVariation=No	_	_	_	_	_	_
1394-3	BO003	1394	3	anche	anche	_	_	_	_	_	linguistic	_	ContainsVariation=No	_	_	_	_	_	_
1394-4	BO003	1394	4	a	a	_	_	_	_	_	linguistic	_	ContainsVariation=No	_	_	_	_	_	_
1394-5	BO003	1394	5	me	me	_	_	_	_	_	linguistic	_	ContainsVariation=No	_	End=3178.398	_	_	_	_
1395-0	BO002	1395	0	[ha	ha	_	_	_	_	_	linguistic	_	ContainsVariation=No	_	Begin=3176.477	_	_	_	0-2(484)
1395-1	BO002	1395	1	fatto	fatto	_	_	_	_	_	linguistic	_	ContainsVariation=No	PauseAfter=Yes	_	_	_	_	0-5(484)
1395-2	BO002	1395	2	(.)	(.)	_	_	_	_	_	shortpause	_	ContainsVariation=No	_	_	_	_	_	X(484)
1395-3	BO002	1395	3	sì]	sì	_	_	_	_	_	linguistic	_	ContainsVariation=No	_	End=3177.724	_	_	_	0-2(484)
1396-0	BO002	1396	0	io	io	_	_	_	_	_	linguistic	_	ContainsVariation=No	_	Begin=3178.524	_	_	_	_
1396-1	BO002	1396	1	la	la	_	_	_	_	_	linguistic	_	ContainsVariation=No	_	_	_	_	_	_
1396-2	BO002	1396	2	ado:[ro:]	adoro	_	_	_	_	_	linguistic	_	ContainsVariation=No	_	End=3179.74	2x1,4x1	_	_	3-5(485)
1397-0	BO003	1397	0	[sì].	sì	_	_	_	_	_	linguistic	_	ContainsVariation=No	Intonation=Falling	Begin=3179.495	_	_	_	0-2(485)
1397-1	BO003	1397	1	è	è	_	_	_	_	_	linguistic	_	ContainsVariation=No	_	_	_	_	_	_
1397-2	BO003	1397	2	bravissima.	bravissima	_	_	_	_	_	linguistic	_	ContainsVariation=No	Intonation=Falling	End=3180.624	_	_	_	_
1398-0	BO002	1398	0	è::	è	_	_	_	_	_	linguistic	_	ContainsVariation=No	_	Begin=3180.697	0x2	_	_	_
1398-1	BO002	1398	1	genia[le]	geniale	_	_	_	_	_	linguistic	_	ContainsVariation=No	_	End=3181.991	_	_	_	5-7(486)
1399-0	BO003	1399	0	[sì]	sì	_	_	_	_	_	linguistic	_	ContainsVariation=No	_	Begin=3181.497	_	_	_	0-2(486)
1399-1	BO003	1399	1	lei	lei	_	_	_	_	_	linguistic	_	ContainsVariation=No	_	_	_	_	_	_
1399-2	BO003	1399	2	sì	sì	_	_	_	_	_	linguistic	_	ContainsVariation=No	_	End=3182.321	_	_	_	_
1400-0	BO002	1400	0	anche	anche	_	_	_	_	_	linguistic	_	ContainsVariation=No	_	Begin=3182.666	_	_	_	_
1400-1	BO002	1400	1	in	in	_	_	_	_	_	linguistic	_	ContainsVariation=No	_	_	_	_	_	_
1400-2	BO002	1400	2	ghost	ghost	_	_	_	_	_	linguistic	_	ContainsVariation=No	_	_	_	_	_	_
1400-3	BO002	1400	3	lei	lei	_	_	_	_	_	linguistic	_	ContainsVariation=No	_	_	_	_	_	_
1400-4	BO002	1400	4	fa	fa	_	_	_	_	_	linguistic	_	ContainsVariation=No	_	_	_	_	_	_
1400-5	BO002	1400	5	la	la	_	_	_	_	_	linguistic	_	ContainsVariation=No	_	_	_	_	_	_
1400-6	BO002	1400	6	me[dium	medium	_	_	_	_	_	linguistic	_	ContainsVariation=No	_	_	_	_	_	2-6(487)
1400-7	BO002	1400	7	se	se	_	_	_	_	_	linguistic	_	ContainsVariation=No	_	_	_	_	_	0-2(487)
1400-8	BO002	1400	8	non	non	_	_	_	_	_	linguistic	_	ContainsVariation=No	_	_	_	_	_	0-3(487)
1400-9	BO002	1400	9	sba]glio	sbaglio	_	_	_	_	_	linguistic	_	ContainsVariation=No	_	End=3186.209	_	_	_	0-3(487)
1401-0	BO003	1401	0	[sì]	sì	_	_	_	_	_	linguistic	_	ContainsVariation=No	_	Begin=3184.665|End=3185.577	_	_	_	0-2(487)
1402-0	BO003	1402	0	è	è	_	_	_	_	_	linguistic	_	ContainsVariation=No	_	Begin=3186.432	_	_	_	_
1402-1	BO003	1402	1	bravissimissima	bravissimissima	_	_	_	_	_	linguistic	_	ContainsVariation=No	_	End=3187.791	_	_	_	_
1403-0	BO002	1403	0	è	è	_	_	_	_	_	linguistic	_	ContainsVariation=No	_	Begin=3187.832	_	_	_	_
1403-1	BO002	1403	1	geniale.	geniale	_	_	_	_	_	linguistic	_	ContainsVariation=No	Intonation=Falling	_	_	_	_	_
1403-2	BO002	1403	2	[sì]	sì	_	_	_	_	_	linguistic	_	ContainsVariation=No	_	End=3189.374	_	_	_	0-2(488)
1404-0	BO003	1404	0	[ma]	ma	_	_	_	_	_	linguistic	_	ContainsVariation=No	_	Begin=3189.057	_	_	_	0-2(488)
1404-1	BO003	1404	1	anche::	anche	_	_	_	_	_	linguistic	_	ContainsVariation=No	_	_	4x2	_	_	_
1404-2	BO003	1404	2	solo::	solo	_	_	_	_	_	linguistic	_	ContainsVariation=No	PauseAfter=Yes	_	3x2	_	_	_
1404-3	BO003	1404	3	(.)	(.)	_	_	_	_	_	shortpause	_	ContainsVariation=No	_	_	_	_	_	_
1404-4	BO003	1404	4	>eh<	eh	_	_	_	_	_	linguistic	_	ContainsVariation=No	_	_	_	Fast=0-2(0)	_	_
1404-5	BO003	1404	5	sister	sister	_	_	_	_	_	linguistic	_	ContainsVariation=No	_	_	_	_	_	_
1404-6	BO003	1404	6	[act]	act	_	_	_	_	_	linguistic	_	ContainsVariation=No	_	End=3191.974	_	_	_	0-3(489)
1405-0	BO002	1405	0	[sis]ter	sister	_	_	_	_	_	linguistic	_	ContainsVariation=No	_	Begin=3191.555	_	_	_	_
1405-1	BO002	1405	1	act	act	_	_	_	_	_	linguistic	_	ContainsVariation=No	PauseAfter=Yes	_	_	_	_	_
1405-2	BO002	1405	2	(.)	(.)	_	_	_	_	_	shortpause	_	ContainsVariation=No	_	_	_	_	_	_
1405-3	BO002	1405	3	fa	fa	_	_	_	_	_	linguistic	_	ContainsVariation=No	_	_	_	_	_	_
1405-4	BO002	1405	4	buttà	buttà	_	_	_	_	_	linguistic	_	ContainsVariation=No	_	_	_	_	_	_
1405-5	BO002	1405	5	[via]	via	_	_	_	_	_	linguistic	_	ContainsVariation=No	PauseAfter=Yes	_	_	_	_	_
1405-6	BO002	1405	6	(.)	(.)	_	_	_	_	_	shortpause	_	ContainsVariation=No	_	_	_	_	_	_
1405-7	BO002	1405	7	è	è	_	_	_	_	_	linguistic	_	ContainsVariation=No	_	_	_	_	_	_
1405-8	BO002	1405	8	bellissimo]	bellissimo	_	_	_	_	_	linguistic	_	ContainsVariation=No	_	End=3195.574	_	_	_	_
1406-0	BO003	1406	0	[sì]	sì	_	_	_	_	_	linguistic	_	ContainsVariation=No	_	Begin=3193.811	_	_	_	0-2(490)
1406-1	BO003	1406	1	((ride))	((ride))	_	_	_	_	_	nonverbalbehavior	_	ContainsVariation=No	_	End=3194.186	_	_	_	_
1407-0	BO003	1407	0	che	che	_	_	_	_	_	linguistic	_	ContainsVariation=No	_	Begin=3195.602	_	_	_	_
1407-1	BO003	1407	1	[c'	c'	_	_	_	_	_	linguistic	_	ContainsVariation=No	SpaceAfter=No	_	_	_	_	0-2(491)
1407-2	BO003	1407	2	è::],	è	_	_	_	_	_	linguistic	_	ContainsVariation=No	Intonation=WeaklyRising	End=3196.481	0x2	_	_	0-1(491)
1408-0	BO002	1408	0	[quando	quando	_	_	_	_	_	linguistic	_	ContainsVariation=No	_	Begin=3195.723	_	_	_	0-6(491)
1408-1	BO002	1408	1	di]rige	dirige	_	_	_	_	_	linguistic	_	ContainsVariation=No	_	_	_	_	_	0-2(491)
1408-2	BO002	1408	2	il	il	_	_	_	_	_	linguistic	_	ContainsVariation=No	_	_	_	_	_	_
1408-3	BO002	1408	3	[co:ro]	coro	_	_	_	_	_	linguistic	_	ContainsVariation=No	_	End=3197.678	1x1	_	_	0-4(492)
1409-0	BO003	1409	0	[sì]	sì	_	_	_	_	_	linguistic	_	ContainsVariation=No	_	Begin=3196.971	_	_	_	0-2(492)
1409-1	BO003	1409	1	è	è	_	_	_	_	_	linguistic	_	ContainsVariation=No	_	_	_	_	_	_
1409-2	BO003	1409	2	bravissima	bravissima	_	_	_	_	_	linguistic	_	ContainsVariation=No	_	End=3198.337	_	_	_	_
1410-0	BO003	1410	0	>perché	perché	_	_	_	_	_	linguistic	_	ContainsVariation=No	_	Begin=3198.658	_	Fast=0-6(0)	_	_
1410-1	BO003	1410	1	proprio<,	proprio	_	_	_	_	_	linguistic	_	ContainsVariation=No	Intonation=WeaklyRising	_	_	Fast=0-7(0)	_	_
1410-2	BO003	1410	2	cioè	cioè	_	_	_	_	_	linguistic	_	ContainsVariation=No	_	_	_	_	_	_
1410-3	BO003	1410	3	la	la	_	_	_	_	_	linguistic	_	ContainsVariation=No	_	_	_	_	_	_
1410-4	BO003	1410	4	faccia.	faccia	_	_	_	_	_	linguistic	_	ContainsVariation=No	Intonation=Falling	_	_	_	_	_
1410-5	BO003	1410	5	lei,	lei	_	_	_	_	_	linguistic	_	ContainsVariation=No	Intonation=WeaklyRising	_	_	_	_	_
1410-6	BO003	1410	6	ha	ha	_	_	_	_	_	linguistic	_	ContainsVariation=No	_	_	_	_	_	_
1410-7	BO003	1410	7	la	la	_	_	_	_	_	linguistic	_	ContainsVariation=No	_	_	_	_	_	_
1410-8	BO003	1410	8	fac[cia].	faccia	_	_	_	_	_	linguistic	_	ContainsVariation=No	Intonation=Falling	End=3201.503	_	_	_	3-6(493)
1411-0	BO002	1411	0	[sì::]	sì	_	_	_	_	_	linguistic	_	ContainsVariation=No	_	Begin=3201.0|End=3202.174	1x2	_	_	0-2(493)
1412-0	BO003	1412	0	c'	c'	_	_	_	_	_	linguistic	_	ContainsVariation=No	SpaceAfter=No	Begin=3202.24	_	_	_	_
1412-1	BO003	1412	1	è	è	_	_	_	_	_	linguistic	_	ContainsVariation=No	_	_	_	_	_	_
1412-2	BO003	1412	2	della	della	_	_	_	_	_	linguistic	_	ContainsVariation=No	_	_	_	_	_	_
1412-3	BO003	1412	3	gente	gente	_	_	_	_	_	linguistic	_	ContainsVariation=No	_	_	_	_	_	_
1412-4	BO003	1412	4	che	che	_	_	_	_	_	linguistic	_	ContainsVariation=No	_	_	_	_	_	_
1412-5	BO003	1412	5	nasce	nasce	_	_	_	_	_	linguistic	_	ContainsVariation=No	_	_	_	_	_	_
1412-6	BO003	1412	6	con	con	_	_	_	_	_	linguistic	_	ContainsVariation=No	_	_	_	_	_	_
1412-7	BO003	1412	7	la	la	_	_	_	_	_	linguistic	_	ContainsVariation=No	_	_	_	_	_	_
1412-8	BO003	1412	8	faccia	faccia	_	_	_	_	_	linguistic	_	ContainsVariation=No	_	_	_	_	_	_
1412-9	BO003	1412	9	per	per	_	_	_	_	_	linguistic	_	ContainsVariation=No	_	_	_	_	_	_
1412-10	BO003	1412	10	fa[re	fare	_	_	_	_	_	linguistic	_	ContainsVariation=No	_	_	_	_	_	1-4(494)
1412-11	BO003	1412	11	l'	l'	_	_	_	_	_	linguistic	_	ContainsVariation=No	SpaceAfter=No	_	_	_	_	0-2(494)
1412-12	BO003	1412	12	attore	attore	_	_	_	_	_	linguistic	_	ContainsVariation=No	_	_	_	_	_	0-6(494)
1412-13	BO003	1412	13	lei	lei	_	_	_	_	_	linguistic	_	ContainsVariation=No	_	_	_	_	_	0-3(494)
1412-14	BO003	1412	14	ha]	ha	_	_	_	_	_	linguistic	_	ContainsVariation=No	_	_	_	_	_	0-1(494)
1412-15	BO003	1412	15	la	la	_	_	_	_	_	linguistic	_	ContainsVariation=No	_	_	_	_	_	_
1412-16	BO003	1412	16	fac[cia]	faccia	_	_	_	_	_	linguistic	_	ContainsVariation=No	_	End=3205.816	_	_	_	1-5(495)
1413-0	BO002	1413	0	[esatto]	esatto	_	_	_	_	_	linguistic	_	ContainsVariation=No	_	Begin=3204.174|End=3204.982	_	_	_	0-6(494)
1414-0	BO002	1414	0	[sì].	sì	_	_	_	_	_	linguistic	_	ContainsVariation=No	Intonation=Falling	Begin=3205.302	_	_	_	0-2(495)
1414-1	BO002	1414	1	è,	è	_	_	_	_	_	linguistic	_	ContainsVariation=No	Intonation=WeaklyRising	_	_	_	_	_
1414-2	BO002	1414	2	pr~,	pr~	_	_	_	_	_	linguistic	_	ContainsVariation=No	Intonation=WeaklyRising|Interrupted=Yes	_	_	_	_	_
1414-3	BO002	1414	3	poi	poi	_	_	_	_	_	linguistic	_	ContainsVariation=No	_	_	_	_	_	_
1414-4	BO002	1414	4	l'	l'	_	_	_	_	_	linguistic	_	ContainsVariation=No	SpaceAfter=No	_	_	_	_	_
1414-5	BO002	1414	5	è	è	_	_	_	_	_	linguistic	_	ContainsVariation=No	_	_	_	_	_	_
1414-6	BO002	1414	6	una	una	_	_	_	_	_	linguistic	_	ContainsVariation=No	_	_	_	_	_	_
1414-7	BO002	1414	7	fan	fan	_	_	_	_	_	linguistic	_	ContainsVariation=No	_	_	_	_	_	_
1414-8	BO002	1414	8	dei	dei	_	_	_	_	_	linguistic	_	ContainsVariation=No	_	_	_	_	_	_
1414-9	BO002	1414	9	be:[atles]	beatles	_	_	_	_	_	linguistic	_	ContainsVariation=No	_	End=3208.349	1x1	_	_	2-7(496)
1415-0	BO003	1415	0	[sì],	sì	_	_	_	_	_	linguistic	_	ContainsVariation=No	Intonation=WeaklyRising|PauseAfter=Yes	Begin=3207.57	_	_	_	0-2(496)
1415-1	BO003	1415	1	(.)	(.)	_	_	_	_	_	shortpause	_	ContainsVariation=No	_	_	_	_	_	_
1415-2	BO003	1415	2	amore	amore	_	_	_	_	_	linguistic	_	ContainsVariation=No	_	_	_	_	_	_
1415-3	BO003	1415	3	((ride))	((ride))	_	_	_	_	_	nonverbalbehavior	_	ContainsVariation=No	_	End=3209.094	_	_	_	_
1416-0	BO002	1416	0	è	è	_	_	_	_	_	linguistic	_	ContainsVariation=No	_	Begin=3210.423	_	_	_	_
1416-1	BO002	1416	1	un	un	_	_	_	_	_	linguistic	_	ContainsVariation=No	_	_	_	_	_	_
1416-2	BO002	1416	2	genio.	genio	_	_	_	_	_	linguistic	_	ContainsVariation=No	Intonation=Falling	_	_	_	_	_
1416-3	BO002	1416	3	[xx]	xx	_	_	_	_	_	unknown	_	ContainsVariation=No	Syllables=2	End=3211.657	_	_	_	0-2(497)
1417-0	BO003	1417	0	[an]che::	anche	_	_	_	_	_	linguistic	_	ContainsVariation=No	_	Begin=3211.218	4x2	_	_	0-2(497)
1417-1	BO003	1417	1	quello	quello	_	_	_	_	_	linguistic	_	ContainsVariation=No	_	_	_	_	_	_
1417-2	BO003	1417	2	che	che	_	_	_	_	_	linguistic	_	ContainsVariation=No	_	_	_	_	_	_
1417-3	BO003	1417	3	ha	ha	_	_	_	_	_	linguistic	_	ContainsVariation=No	_	_	_	_	_	_
1417-4	BO003	1417	4	fatto	fatto	_	_	_	_	_	linguistic	_	ContainsVariation=No	_	_	_	_	_	_
1417-5	BO003	1417	5	jumanji	jumanji	_	_	_	_	_	linguistic	_	ContainsVariation=No	_	End=3213.346	_	_	_	_
1418-0	BO002	1418	0	sì:.	sì	_	_	_	_	_	linguistic	_	ContainsVariation=No	Intonation=Falling|PauseAfter=Yes	Begin=3213.504	1x1	_	_	_
1418-1	BO002	1418	1	(.)	(.)	_	_	_	_	_	shortpause	_	ContainsVariation=No	_	_	_	_	_	_
1418-2	BO002	1418	2	[eh::	eh	_	_	_	_	_	linguistic	_	ContainsVariation=No	_	_	1x2	_	_	0-2(498)
1418-3	BO002	1418	3	robin	robin	_	_	_	_	_	linguistic	_	ContainsVariation=No	_	_	_	_	_	0-5(498)
1418-4	BO002	1418	4	wil]li[ams]	williams	_	_	_	_	_	linguistic	_	ContainsVariation=No	_	End=3216.285	_	_	_	0-3(498),5-8(499)
1419-0	BO003	1419	0	[che	che	_	_	_	_	_	linguistic	_	ContainsVariation=No	_	Begin=3213.753	_	_	_	0-3(498)
1419-1	BO003	1419	1	è	è	_	_	_	_	_	linguistic	_	ContainsVariation=No	_	_	_	_	_	0-1(498)
1419-2	BO003	1419	2	merto::,	merto	_	_	_	_	_	linguistic	_	ContainsVariation=No	Intonation=WeaklyRising	_	4x2	_	_	0-5(498)
1419-3	BO003	1419	3	l'	l'	_	_	_	_	_	linguistic	_	ContainsVariation=No	SpaceAfter=No	_	_	_	_	0-2(498)
1419-4	BO003	1419	4	anno	anno	_	_	_	_	_	linguistic	_	ContainsVariation=No	_	_	_	_	_	0-4(498)
1419-5	BO003	1419	5	sc~]	sc~	_	_	_	_	_	linguistic	_	ContainsVariation=No	Interrupted=Yes	End=3215.395	_	_	_	0-3(498)
1420-0	BO003	1420	0	[anche	anche	_	_	_	_	_	linguistic	_	ContainsVariation=No	_	Begin=3215.637	_	_	_	0-5(499)
1420-1	BO003	1420	1	lui]	lui	_	_	_	_	_	linguistic	_	ContainsVariation=No	_	_	_	_	_	0-3(499)
1420-2	BO003	1420	2	ha	ha	_	_	_	_	_	linguistic	_	ContainsVariation=No	_	_	_	_	_	_
1420-3	BO003	1420	3	la	la	_	_	_	_	_	linguistic	_	ContainsVariation=No	_	_	_	_	_	_
1420-4	BO003	1420	4	faccia	faccia	_	_	_	_	_	linguistic	_	ContainsVariation=No	_	_	_	_	_	_
1420-5	BO003	1420	5	per	per	_	_	_	_	_	linguistic	_	ContainsVariation=No	_	_	_	_	_	_
1420-6	BO003	1420	6	fare	fare	_	_	_	_	_	linguistic	_	ContainsVariation=No	_	_	_	_	_	_
1420-7	BO003	1420	7	l'	l'	_	_	_	_	_	linguistic	_	ContainsVariation=No	SpaceAfter=No	_	_	_	_	_
1420-8	BO003	1420	8	attore	attore	_	_	_	_	_	linguistic	_	ContainsVariation=No	ProsodicLink=Yes	_	_	_	_	_
1420-9	BO003	1420	9	lui	lui	_	_	_	_	_	linguistic	_	ContainsVariation=No	_	_	_	_	_	_
1420-10	BO003	1420	10	non	non	_	_	_	_	_	linguistic	_	ContainsVariation=No	_	_	_	_	_	_
1420-11	BO003	1420	11	<po[teva	poteva	_	_	_	_	_	linguistic	_	ContainsVariation=No	_	_	_	Slow=0-6(0)	_	1-6(500)
1420-12	BO003	1420	12	fare	fare	_	_	_	_	_	linguistic	_	ContainsVariation=No	_	_	_	Slow=0-4(0)	_	0-4(500)
1420-13	BO003	1420	13	altro>]	altro	_	_	_	_	_	linguistic	_	ContainsVariation=No	_	End=3219.247	_	Slow=0-5(0)	_	0-5(500)
1421-0	BO002	1421	0	[lui	lui	_	_	_	_	_	linguistic	_	ContainsVariation=No	_	Begin=3217.932	_	_	_	0-3(500)
1421-1	BO002	1421	1	era	era	_	_	_	_	_	linguistic	_	ContainsVariation=No	_	_	_	_	_	0-3(500)
1421-2	BO002	1421	2	bravis]simo	bravissimo	_	_	_	_	_	linguistic	_	ContainsVariation=No	_	End=3219.325	_	_	_	0-6(500)
1422-0	BO003	1422	0	sì	sì	_	_	_	_	_	linguistic	_	ContainsVariation=No	_	Begin=3219.385|End=3219.927	_	_	_	_
1423-0	BO002	1423	0	io	io	_	_	_	_	_	linguistic	_	ContainsVariation=No	_	Begin=3220.014	_	_	_	_
1423-1	BO002	1423	1	ci	ci	_	_	_	_	_	linguistic	_	ContainsVariation=No	_	_	_	_	_	_
1423-2	BO002	1423	2	son	son	_	_	_	_	_	linguistic	_	ContainsVariation=No	_	_	_	_	_	_
1423-3	BO002	1423	3	rimasta	rimasta	_	_	_	_	_	linguistic	_	ContainsVariation=No	_	_	_	_	_	_
1423-4	BO002	1423	4	malis[simo]	malissimo	_	_	_	_	_	linguistic	_	ContainsVariation=No	_	End=3222.102	_	_	_	5-9(501)
1424-0	BO003	1424	0	[anch'	anch'	_	_	_	_	_	linguistic	_	ContainsVariation=No	SpaceAfter=No	Begin=3221.156	_	_	_	0-5(501)
1424-1	BO003	1424	1	io],	io	_	_	_	_	_	linguistic	_	ContainsVariation=No	Intonation=WeaklyRising	End=3222.103	_	_	_	0-2(501)
1425-0	BO002	1425	0	io::	io	_	_	_	_	_	linguistic	_	ContainsVariation=No	_	Begin=3222.189	1x2	_	_	_
1425-1	BO002	1425	1	ho	ho	_	_	_	_	_	linguistic	_	ContainsVariation=No	_	_	_	_	_	_
1425-2	BO002	1425	2	visto	visto	_	_	_	_	_	linguistic	_	ContainsVariation=No	_	_	_	_	_	_
1425-3	BO002	1425	3	di	di	_	_	_	_	_	linguistic	_	ContainsVariation=No	_	_	_	_	_	_
1425-4	BO002	1425	4	lui,	lui	_	_	_	_	_	linguistic	_	ContainsVariation=No	Intonation=WeaklyRising	_	_	_	_	_
1425-5	BO002	1425	5	e	e	_	_	_	_	_	linguistic	_	ContainsVariation=No	_	_	_	_	_	_
1425-6	BO002	1425	6	mi	mi	_	_	_	_	_	linguistic	_	ContainsVariation=No	_	_	_	_	_	_
1425-7	BO002	1425	7	sono	sono	_	_	_	_	_	linguistic	_	ContainsVariation=No	_	_	_	_	_	_
1425-8	BO002	1425	8	innamorata	innamorata	_	_	_	_	_	linguistic	_	ContainsVariation=No	_	_	_	_	_	_
1425-9	BO002	1425	9	di	di	_	_	_	_	_	linguistic	_	ContainsVariation=No	_	_	_	_	_	_
1425-10	BO002	1425	10	lui,	lui	_	_	_	_	_	linguistic	_	ContainsVariation=No	Intonation=WeaklyRising	_	_	_	_	_
1425-11	BO002	1425	11	nell'	nell'	_	_	_	_	_	linguistic	_	ContainsVariation=No	SpaceAfter=No	_	_	_	_	_
1425-12	BO002	1425	12	attimo	attimo	_	_	_	_	_	linguistic	_	ContainsVariation=No	_	_	_	_	_	_
1425-13	BO002	1425	13	fug[ge::nte]	fuggente	_	_	_	_	_	linguistic	_	ContainsVariation=No	_	_	4x2	_	_	2-8(502)
1425-14	BO002	1425	14	che.	che	_	_	_	_	_	linguistic	_	ContainsVariation=No	Intonation=Falling|PauseAfter=Yes	_	_	_	_	_
1425-15	BO002	1425	15	(.)	(.)	_	_	_	_	_	shortpause	_	ContainsVariation=No	_	_	_	_	_	_
1425-16	BO002	1425	16	[è	è	_	_	_	_	_	linguistic	_	ContainsVariation=No	_	_	_	_	_	0-1(503)
1425-17	BO002	1425	17	un'	un'	_	_	_	_	_	linguistic	_	ContainsVariation=No	SpaceAfter=No	_	_	_	_	0-3(503)
1425-18	BO002	1425	18	interpretazio]ne,	interpretazione	_	_	_	_	_	linguistic	_	ContainsVariation=No	Intonation=WeaklyRising|PauseAfter=Yes	_	_	_	_	0-12(503)
1425-19	BO002	1425	19	(.)	(.)	_	_	_	_	_	shortpause	_	ContainsVariation=No	_	_	_	_	_	_
1425-20	BO002	1425	20	>secon[do	secondo	_	_	_	_	_	linguistic	_	ContainsVariation=No	_	_	_	Fast=0-7(0)	_	3-7(504)
1425-21	BO002	1425	21	me<	me	_	_	_	_	_	linguistic	_	ContainsVariation=No	PauseAfter=Yes	_	_	Fast=0-1(0)	_	0-2(504)
1425-22	BO002	1425	22	(.)	(.)	_	_	_	_	_	shortpause	_	ContainsVariation=No	_	_	_	_	_	X(504)
1425-23	BO002	1425	23	fuori	fuori	_	_	_	_	_	linguistic	_	ContainsVariation=No	_	_	_	_	_	0-5(504)
1425-24	BO002	1425	24	da::l]	dal	_	_	_	_	_	linguistic	_	ContainsVariation=No	_	End=3232.74	1x2	_	_	0-2(504)
1426-0	BO003	1426	0	[sì]	sì	_	_	_	_	_	linguistic	_	ContainsVariation=No	_	Begin=3226.03|End=3227.084	_	_	_	0-2(502)
1427-0	BO003	1427	0	[sì.	sì	_	_	_	_	_	linguistic	_	ContainsVariation=No	Intonation=Falling	Begin=3227.403	_	_	_	0-2(503)
1427-1	BO003	1427	1	bellissimo].	bellissimo	_	_	_	_	_	linguistic	_	ContainsVariation=No	Intonation=Falling	End=3229.034	_	_	_	0-10(503)
1428-0	BO003	1428	0	[sì	sì	_	_	_	_	_	linguistic	_	ContainsVariation=No	_	Begin=3230.436	_	_	_	0-2(504)
1428-1	BO003	1428	1	sì	sì	_	_	_	_	_	linguistic	_	ContainsVariation=No	_	_	_	_	_	0-2(504)
1428-2	BO003	1428	2	sì]	sì	_	_	_	_	_	linguistic	_	ContainsVariation=No	PauseAfter=Yes	_	_	_	_	0-2(504)
1428-3	BO003	1428	3	(.)	(.)	_	_	_	_	_	shortpause	_	ContainsVariation=No	_	_	_	_	_	_
1428-4	BO003	1428	4	fuori	fuori	_	_	_	_	_	linguistic	_	ContainsVariation=No	_	_	_	_	_	_
1428-5	BO003	1428	5	dal	dal	_	_	_	_	_	linguistic	_	ContainsVariation=No	_	_	_	_	_	_
1428-6	BO003	1428	6	norma:le	normale	_	_	_	_	_	linguistic	_	ContainsVariation=No	_	End=3233.738	4x1	_	_	_
1429-0	BO003	1429	0	poi	poi	_	_	_	_	_	linguistic	_	ContainsVariation=No	_	Begin=3234.641	_	_	_	_
1429-1	BO003	1429	1	quant'	quant'	_	_	_	_	_	linguistic	_	ContainsVariation=No	SpaceAfter=No	_	_	_	_	_
1429-2	BO003	1429	2	è	è	_	_	_	_	_	linguistic	_	ContainsVariation=No	_	_	_	_	_	_
1429-3	BO003	1429	3	bello	bello	_	_	_	_	_	linguistic	_	ContainsVariation=No	_	_	_	_	_	_
1429-4	BO003	1429	4	quel	quel	_	_	_	_	_	linguistic	_	ContainsVariation=No	_	_	_	_	_	_
1429-5	BO003	1429	5	film,	film	_	_	_	_	_	linguistic	_	ContainsVariation=No	Intonation=WeaklyRising	End=3236.423	_	_	_	_
1430-0	BO002	1430	0	ve:[ro::]	vero	_	_	_	_	_	linguistic	_	ContainsVariation=No	_	Begin=3236.468|End=3237.396	1x1,3x2	_	_	2-4(505)
1431-0	BO003	1431	0	[è	è	_	_	_	_	_	linguistic	_	ContainsVariation=No	_	Begin=3237.118	_	_	_	0-1(505)
1431-1	BO003	1431	1	bel]lissimo	bellissimo	_	_	_	_	_	linguistic	_	ContainsVariation=No	_	End=3238.271	_	_	_	0-3(505)
1432-0	BO003	1432	0	anche	anche	_	_	_	_	_	linguistic	_	ContainsVariation=No	_	Begin=3238.527	_	_	_	_
1432-1	BO003	1432	1	>luiè	luiè	_	_	_	_	_	linguistic	_	ContainsVariation=No	_	_	_	Fast=0-4(0)	_	_
1432-2	BO003	1432	2	p~<	p~	_	_	_	_	_	linguistic	_	ContainsVariation=No	Interrupted=Yes	_	_	Fast=0-2(0)	_	_
1432-3	BO003	1432	3	non	non	_	_	_	_	_	linguistic	_	ContainsVariation=No	_	_	_	_	_	_
1432-4	BO003	1432	4	<poteva>	poteva	_	_	_	_	_	linguistic	_	ContainsVariation=No	_	_	_	Slow=0-6(0)	_	_
1432-5	BO003	1432	5	fare	fare	_	_	_	_	_	linguistic	_	ContainsVariation=No	_	_	_	_	_	_
1432-6	BO003	1432	6	altro	altro	_	_	_	_	_	linguistic	_	ContainsVariation=No	_	End=3241.21	_	_	_	_
1433-0	BO003	1433	0	non	non	_	_	_	_	_	linguistic	_	ContainsVariation=No	_	Begin=3241.989	_	_	_	_
1433-1	BO003	1433	1	pote~	pote~	_	_	_	_	_	linguistic	_	ContainsVariation=No	Interrupted=Yes	_	_	_	_	_
1433-2	BO003	1433	2	[>cioè<	cioè	_	_	_	_	_	linguistic	_	ContainsVariation=No	ProsodicLink=Yes	_	_	Fast=0-4(0)	_	0-4(506)
1433-3	BO003	1433	3	era::	era	_	_	_	_	_	linguistic	_	ContainsVariation=No	_	_	2x2	_	_	0-3(506)
1433-4	BO003	1433	4	<na:to]	nato	_	_	_	_	_	linguistic	_	ContainsVariation=No	_	_	1x1	Slow=0-4(0)	_	0-4(506)
1433-5	BO003	1433	5	per	per	_	_	_	_	_	linguistic	_	ContainsVariation=No	_	_	_	Slow=0-3(0)	_	_
1433-6	BO003	1433	6	fare	fare	_	_	_	_	_	linguistic	_	ContainsVariation=No	_	_	_	Slow=0-4(0)	_	_
1433-7	BO003	1433	7	quello>	quello	_	_	_	_	_	linguistic	_	ContainsVariation=No	_	End=3244.424	_	Slow=0-6(0)	_	_
1434-0	BO002	1434	0	[no	no	_	_	_	_	_	linguistic	_	ContainsVariation=No	_	Begin=3242.5	_	_	_	0-2(506)
1434-1	BO002	1434	1	no	no	_	_	_	_	_	linguistic	_	ContainsVariation=No	_	_	_	_	_	0-2(506)
1434-2	BO002	1434	2	davve~]	davve~	_	_	_	_	_	linguistic	_	ContainsVariation=No	Interrupted=Yes	End=3243.599	_	_	_	0-6(506)
1435-0	BO002	1435	0	>un	un	_	_	_	_	_	linguistic	_	ContainsVariation=No	_	Begin=3244.424	_	Fast=0-2(0)	_	_
1435-1	BO002	1435	1	po'	po'	_	_	_	_	_	linguistic	_	ContainsVariation=No	_	_	_	Fast=0-3(0)	_	_
1435-2	BO002	1435	2	come<	come	_	_	_	_	_	linguistic	_	ContainsVariation=No	_	_	_	Fast=0-4(0)	_	_
1435-3	BO002	1435	3	questi	questi	_	_	_	_	_	linguistic	_	ContainsVariation=No	_	_	_	_	_	_
1435-4	BO002	1435	4	tipo::	tipo	_	_	_	_	_	linguistic	_	ContainsVariation=No	_	_	3x2	_	_	_
1435-5	BO002	1435	5	che	che	_	_	_	_	_	linguistic	_	ContainsVariation=No	_	_	_	_	_	_
1435-6	BO002	1435	6	ne	ne	_	_	_	_	_	linguistic	_	ContainsVariation=No	_	_	_	_	_	_
1435-7	BO002	1435	7	so.	so	_	_	_	_	_	linguistic	_	ContainsVariation=No	Intonation=Falling	_	_	_	_	_
1435-8	BO002	1435	8	al	al	_	_	_	_	_	linguistic	_	ContainsVariation=No	_	_	_	_	_	_
1435-9	BO002	1435	9	paci::no	pacino	_	_	_	_	_	linguistic	_	ContainsVariation=No	_	_	3x2	_	_	_
1435-10	BO002	1435	10	[ora	ora	_	_	_	_	_	linguistic	_	ContainsVariation=No	_	_	_	_	_	0-3(507)
1435-11	BO002	1435	11	anche	anche	_	_	_	_	_	linguistic	_	ContainsVariation=No	_	_	_	_	_	0-5(507)
1435-12	BO002	1435	12	al	al	_	_	_	_	_	linguistic	_	ContainsVariation=No	_	_	_	_	_	0-2(507)
1435-13	BO002	1435	13	pa]cino	pacino	_	_	_	_	_	linguistic	_	ContainsVariation=No	_	End=3248.845	_	_	_	0-2(507)
1436-0	BO003	1436	0	[sì	sì	_	_	_	_	_	linguistic	_	ContainsVariation=No	_	Begin=3247.513	_	_	_	0-2(507)
1436-1	BO003	1436	1	sì	sì	_	_	_	_	_	linguistic	_	ContainsVariation=No	_	_	_	_	_	0-2(507)
1436-2	BO003	1436	2	sì]	sì	_	_	_	_	_	linguistic	_	ContainsVariation=No	_	End=3248.229	_	_	_	0-2(507)
1437-0	BO003	1437	0	sì	sì	_	_	_	_	_	linguistic	_	ContainsVariation=No	_	Begin=3248.883|End=3249.284	_	_	_	_
1438-0	BO002	1438	0	per	per	_	_	_	_	_	linguistic	_	ContainsVariation=No	_	Begin=3249.284	_	_	_	_
1438-1	BO002	1438	1	forza.	forza	_	_	_	_	_	linguistic	_	ContainsVariation=No	Intonation=Falling	_	_	_	_	_
1438-2	BO002	1438	2	>cioè	cioè	_	_	_	_	_	linguistic	_	ContainsVariation=No	_	_	_	Fast=0-4(0)	_	_
1438-3	BO002	1438	3	è<	è	_	_	_	_	_	linguistic	_	ContainsVariation=No	_	_	_	Fast=0-1(0)	_	_
1438-4	BO002	1438	4	è	è	_	_	_	_	_	linguistic	_	ContainsVariation=No	PauseAfter=Yes	_	_	_	_	_
1438-5	BO002	1438	5	(.)	(.)	_	_	_	_	_	shortpause	_	ContainsVariation=No	_	_	_	_	_	_
1438-6	BO002	1438	6	bravissim~	bravissim~	_	_	_	_	_	linguistic	_	ContainsVariation=No	Interrupted=Yes	_	_	_	_	_
1438-7	BO002	1438	7	nel	nel	_	_	_	_	_	linguistic	_	ContainsVariation=No	_	_	_	_	_	_
1438-8	BO002	1438	8	[senso]	senso	_	_	_	_	_	linguistic	_	ContainsVariation=No	_	End=3252.627	_	_	_	0-5(508)
1439-0	BO003	1439	0	[sì	sì	_	_	_	_	_	linguistic	_	ContainsVariation=No	_	Begin=3251.837	_	_	_	0-2(508)
1439-1	BO003	1439	1	sì]	sì	_	_	_	_	_	linguistic	_	ContainsVariation=No	_	_	_	_	_	0-2(508)
1439-2	BO003	1439	2	sì	sì	_	_	_	_	_	linguistic	_	ContainsVariation=No	_	End=3252.891	_	_	_	_
1440-0	BO002	1440	0	secondo	secondo	_	_	_	_	_	linguistic	_	ContainsVariation=No	_	Begin=3253.109	_	_	_	_
1440-1	BO002	1440	1	me.	me	_	_	_	_	_	linguistic	_	ContainsVariation=No	Intonation=Falling	_	_	_	_	_
1440-2	BO002	1440	2	[eh],	eh	_	_	_	_	_	linguistic	_	ContainsVariation=No	Intonation=WeaklyRising	End=3253.907	_	_	_	0-2(509)
1441-0	BO003	1441	0	[tu	tu	_	_	_	_	_	linguistic	_	ContainsVariation=No	_	Begin=3253.771	_	_	_	0-2(509)
1441-1	BO003	1441	1	l'	l'	_	_	_	_	_	linguistic	_	ContainsVariation=No	SpaceAfter=No	_	_	_	_	0-2(509)
1441-2	BO003	1441	2	ha]i	hai	_	_	_	_	_	linguistic	_	ContainsVariation=No	_	_	_	_	_	0-2(509)
1441-3	BO003	1441	3	visto	visto	_	_	_	_	_	linguistic	_	ContainsVariation=No	_	_	_	_	_	_
1441-4	BO003	1441	4	il	il	_	_	_	_	_	linguistic	_	ContainsVariation=No	_	_	_	_	_	_
1441-5	BO003	1441	5	padrino?	padrino	_	_	_	_	_	linguistic	_	ContainsVariation=No	Intonation=Rising	End=3255.116	_	_	_	_
1442-0	BO002	1442	0	s[ì:::]	sì	_	_	_	_	_	linguistic	_	ContainsVariation=No	_	Begin=3255.116	1x3	_	_	1-2(510)
1442-1	BO002	1442	1	((ride))	((ride))	_	_	_	_	_	nonverbalbehavior	_	ContainsVariation=No	_	End=3256.236	_	_	_	_
1443-0	BO003	1443	0	[com'	com'	_	_	_	_	_	linguistic	_	ContainsVariation=No	SpaceAfter=No	Begin=3255.535	_	_	_	0-4(510)
1443-1	BO003	1443	1	è]?	è	_	_	_	_	_	linguistic	_	ContainsVariation=No	Intonation=Rising	_	_	_	_	0-1(510)
1443-2	BO003	1443	2	((ride))	((ride))	_	_	_	_	_	nonverbalbehavior	_	ContainsVariation=No	_	End=3256.252	_	_	_	_
1444-0	BO002	1444	0	io	io	_	_	_	_	_	linguistic	_	ContainsVariation=No	_	Begin=3257.117	_	_	_	_
1444-1	BO002	1444	1	ho	ho	_	_	_	_	_	linguistic	_	ContainsVariation=No	_	_	_	_	_	_
1444-2	BO002	1444	2	visto	visto	_	_	_	_	_	linguistic	_	ContainsVariation=No	_	_	_	_	_	_
1444-3	BO002	1444	3	solo	solo	_	_	_	_	_	linguistic	_	ContainsVariation=No	_	_	_	_	_	_
1444-4	BO002	1444	4	il	il	_	_	_	_	_	linguistic	_	ContainsVariation=No	_	_	_	_	_	_
1444-5	BO002	1444	5	primo.	primo	_	_	_	_	_	linguistic	_	ContainsVariation=No	Intonation=Falling	End=3258.473	_	_	_	_
1445-0	BO003	1445	0	sì	sì	_	_	_	_	_	linguistic	_	ContainsVariation=No	_	Begin=3258.473|End=3259.285	_	_	_	_
1446-0	BO003	1446	0	bello?	bello	_	_	_	_	_	linguistic	_	ContainsVariation=No	Intonation=Rising	Begin=3259.567|End=3260.077	_	_	_	_
1447-0	BO002	1447	0	sì:	sì	_	_	_	_	_	linguistic	_	ContainsVariation=No	_	Begin=3260.077|End=3260.461	1x1	_	_	_
1448-0	BO002	1448	0	è	è	_	_	_	_	_	linguistic	_	ContainsVariation=No	_	Begin=3261.727	_	_	_	_
1448-1	BO002	1448	1	il	il	_	_	_	_	_	linguistic	_	ContainsVariation=No	_	_	_	_	_	_
1448-2	BO002	1448	2	film	film	_	_	_	_	_	linguistic	_	ContainsVariation=No	_	_	_	_	_	_
1448-3	BO002	1448	3	preferito:	preferito	_	_	_	_	_	linguistic	_	ContainsVariation=No	_	_	8x1	_	_	_
1448-4	BO002	1448	4	dal	dal	_	_	_	_	_	linguistic	_	ContainsVariation=No	_	_	_	_	_	_
1448-5	BO002	1448	5	mio	mio	_	_	_	_	_	linguistic	_	ContainsVariation=No	_	_	_	_	_	_
1448-6	BO002	1448	6	raga:z[zo,	ragazzo	_	_	_	_	_	linguistic	_	ContainsVariation=No	Intonation=WeaklyRising	_	3x1	_	_	5-7(511)
1448-7	BO002	1448	7	non	non	_	_	_	_	_	linguistic	_	ContainsVariation=No	_	_	_	_	_	0-3(511)
1448-8	BO002	1448	8	so]	so	_	_	_	_	_	linguistic	_	ContainsVariation=No	_	_	_	_	_	0-2(511)
1448-9	BO002	1448	9	perché.	perché	_	_	_	_	_	linguistic	_	ContainsVariation=No	Intonation=Falling	_	_	_	_	_
1448-10	BO002	1448	10	gli	gli	_	_	_	_	_	linguistic	_	ContainsVariation=No	_	_	_	_	_	_
1448-11	BO002	1448	11	piace,	piace	_	_	_	_	_	linguistic	_	ContainsVariation=No	Intonation=WeaklyRising	_	_	_	_	_
1448-12	BO002	1448	12	il	il	_	_	_	_	_	linguistic	_	ContainsVariation=No	_	_	_	_	_	_
1448-13	BO002	1448	13	pad[rino].	padrino	_	_	_	_	_	linguistic	_	ContainsVariation=No	Intonation=Falling	End=3266.687	_	_	_	3-7(513)
1449-0	BO003	1449	0	[davve:ro]?	davvero	_	_	_	_	_	linguistic	_	ContainsVariation=No	Intonation=Rising	Begin=3263.921|End=3264.766	4x1	_	_	0-7(511)
1450-0	BO003	1450	0	((ride))	((ride))	_	_	_	_	_	nonverbalbehavior	_	ContainsVariation=No	_	Begin=3264.82|End=3265.992	_	_	_	_
1451-0	BO003	1451	0	[il	il	_	_	_	_	_	linguistic	_	ContainsVariation=No	_	Begin=3266.039	_	_	_	0-2(513)
1451-1	BO003	1451	1	pad]ri[no]	padrino	_	_	_	_	_	linguistic	_	ContainsVariation=No	_	End=3267.192	_	_	_	0-3(513),5-7(514)
1452-0	BO002	1452	0	[>ma]	ma	_	_	_	_	_	linguistic	_	ContainsVariation=No	_	Begin=3266.993	_	Fast=0-2(0)	_	0-2(515)
1452-1	BO002	1452	1	infatti<,	infatti	_	_	_	_	_	linguistic	_	ContainsVariation=No	Intonation=WeaklyRising	_	_	Fast=0-7(0)	_	_
1452-2	BO002	1452	2	su:bito	subito	_	_	_	_	_	linguistic	_	ContainsVariation=No	_	_	1x1	_	_	_
1452-3	BO002	1452	3	quando::	quando	_	_	_	_	_	linguistic	_	ContainsVariation=No	_	_	5x2	_	_	_
1452-4	BO002	1452	4	eh:	eh	_	_	_	_	_	linguistic	_	ContainsVariation=No	_	_	1x1	_	_	_
1452-5	BO002	1452	5	tipo::	tipo	_	_	_	_	_	linguistic	_	ContainsVariation=No	PauseAfter=Yes	_	3x2	_	_	_
1452-6	BO002	1452	6	(.)	(.)	_	_	_	_	_	shortpause	_	ContainsVariation=No	_	_	_	_	_	_
1452-7	BO002	1452	7	e	e	_	_	_	_	_	linguistic	_	ContainsVariation=No	_	_	_	_	_	_
1452-8	BO002	1452	8	che	che	_	_	_	_	_	linguistic	_	ContainsVariation=No	_	_	_	_	_	_
1452-9	BO002	1452	9	io	io	_	_	_	_	_	linguistic	_	ContainsVariation=No	_	_	_	_	_	_
1452-10	BO002	1452	10	sono	sono	_	_	_	_	_	linguistic	_	ContainsVariation=No	_	_	_	_	_	_
1452-11	BO002	1452	11	italia:na	italiana	_	_	_	_	_	linguistic	_	ContainsVariation=No	_	_	5x1	_	_	_
1452-12	BO002	1452	12	lui	lui	_	_	_	_	_	linguistic	_	ContainsVariation=No	_	_	_	_	_	_
1452-13	BO002	1452	13	mi	mi	_	_	_	_	_	linguistic	_	ContainsVariation=No	_	_	_	_	_	_
1452-14	BO002	1452	14	fa	fa	_	_	_	_	_	linguistic	_	ContainsVariation=No	_	_	_	_	_	_
1452-15	BO002	1452	15	[ah:	ah	_	_	_	_	_	linguistic	_	ContainsVariation=No	_	_	1x1	_	_	0-2(517)
1452-16	BO002	1452	16	il	il	_	_	_	_	_	linguistic	_	ContainsVariation=No	_	_	_	_	_	0-2(517)
1452-17	BO002	1452	17	padri]no	padrino	_	_	_	_	_	linguistic	_	ContainsVariation=No	PauseAfter=Yes	_	_	_	_	0-5(517)
1452-18	BO002	1452	18	(.)	(.)	_	_	_	_	_	shortpause	_	ContainsVariation=No	_	_	_	_	_	_
1452-19	BO002	1452	19	okay.	okay	_	_	_	_	_	linguistic	_	ContainsVariation=No	Intonation=Falling	_	_	_	_	_
1452-20	BO002	1452	20	ora,	ora	_	_	_	_	_	linguistic	_	ContainsVariation=No	Intonation=WeaklyRising	_	_	_	_	_
1452-21	BO002	1452	21	non	non	_	_	_	_	_	linguistic	_	ContainsVariation=No	_	_	_	_	_	_
1452-22	BO002	1452	22	è	è	_	_	_	_	_	linguistic	_	ContainsVariation=No	_	_	_	_	_	_
1452-23	BO002	1452	23	che	che	_	_	_	_	_	linguistic	_	ContainsVariation=No	_	_	_	_	_	_
1452-24	BO002	1452	24	abbiamo	abbiamo	_	_	_	_	_	linguistic	_	ContainsVariation=No	_	_	_	_	_	_
1452-25	BO002	1452	25	solo	solo	_	_	_	_	_	linguistic	_	ContainsVariation=No	_	_	_	_	_	_
1452-26	BO002	1452	26	la	la	_	_	_	_	_	linguistic	_	ContainsVariation=No	_	_	_	_	_	_
1452-27	BO002	1452	27	ma::fia	mafia	_	_	_	_	_	linguistic	_	ContainsVariation=No	_	_	1x2	_	_	_
1452-28	BO002	1452	28	in	in	_	_	_	_	_	linguistic	_	ContainsVariation=No	_	_	_	_	_	_
1452-29	BO002	1452	29	ita::lia	italia	_	_	_	_	_	linguistic	_	ContainsVariation=No	_	_	2x2	_	_	_
1452-30	BO002	1452	30	sai	sai	_	_	_	_	_	linguistic	_	ContainsVariation=No	_	_	_	_	_	_
1452-31	BO002	1452	31	com'	com'	_	_	_	_	_	linguistic	_	ContainsVariation=No	SpaceAfter=No	_	_	_	_	_
1452-32	BO002	1452	32	è,	è	_	_	_	_	_	linguistic	_	ContainsVariation=No	Intonation=WeaklyRising	End=3278.335	_	_	_	_
1453-0	BO003	1453	0	[sì]	sì	_	_	_	_	_	linguistic	_	ContainsVariation=No	_	Begin=3272.668|End=3273.585	_	_	_	0-2(515)
1454-0	BO003	1454	0	((ride))	((ride))	_	_	_	_	_	nonverbalbehavior	_	ContainsVariation=No	_	Begin=3273.902|End=3274.744	_	_	_	_
1455-0	BO003	1455	0	((ride))	((ride))	_	_	_	_	_	nonverbalbehavior	_	ContainsVariation=No	_	Begin=3277.457|End=3278.386	_	_	_	_
1456-0	BO003	1456	0	ma	ma	_	_	_	_	_	linguistic	_	ContainsVariation=No	_	Begin=3278.468	_	_	_	_
1456-1	BO003	1456	1	tutti	tutti	_	_	_	_	_	linguistic	_	ContainsVariation=No	_	_	_	_	_	_
1456-2	BO003	1456	2	co[sì]	così	_	_	_	_	_	linguistic	_	ContainsVariation=No	_	End=3279.416	_	_	_	2-4(518)
1457-0	BO002	1457	0	[pe]rò	però	_	_	_	_	_	linguistic	_	ContainsVariation=No	_	Begin=3279.121	_	_	_	0-2(518)
1457-1	BO002	1457	1	((ride))	((ride))	_	_	_	_	_	nonverbalbehavior	_	ContainsVariation=No	_	End=3280.141	_	_	_	_
1458-0	BO003	1458	0	berlusconi,	berlusconi	_	_	_	_	_	linguistic	_	ContainsVariation=No	Intonation=WeaklyRising|PauseAfter=Yes	Begin=3280.183	_	_	_	_
1458-1	BO003	1458	1	(.)	(.)	_	_	_	_	_	shortpause	_	ContainsVariation=No	_	_	_	_	_	_
1458-2	BO003	1458	2	mafia	mafia	_	_	_	_	_	linguistic	_	ContainsVariation=No	_	End=3282.404	_	_	_	_
1459-0	BO003	1459	0	eh::	eh	_	_	_	_	_	linguistic	_	ContainsVariation=No	_	Begin=3288.048	1x2	_	_	_
1459-1	BO003	1459	1	mh	mh	_	_	_	_	_	linguistic	_	ContainsVariation=No	_	End=3288.833	_	_	_	_
1460-0	BO003	1460	0	((ride))	((ride))	_	_	_	_	_	nonverbalbehavior	_	ContainsVariation=No	_	Begin=3290.518|End=3291.991	_	_	_	_
1461-0	BO002	1461	0	((ride))	((ride))	_	_	_	_	_	nonverbalbehavior	_	ContainsVariation=No	_	Begin=3291.372|End=3293.149	_	_	_	_
1462-0	BO003	1462	0	sì	sì	_	_	_	_	_	linguistic	_	ContainsVariation=No	_	Begin=3293.939	_	_	_	_
1462-1	BO003	1462	1	((ride))	((ride))	_	_	_	_	_	nonverbalbehavior	_	ContainsVariation=No	_	End=3294.852	_	_	_	_
1463-0	BO002	1463	0	sì.	sì	_	_	_	_	_	linguistic	_	ContainsVariation=No	Intonation=Falling	Begin=3295.907	_	_	_	_
1463-1	BO002	1463	1	lui	lui	_	_	_	_	_	linguistic	_	ContainsVariation=No	_	_	_	_	_	_
1463-2	BO002	1463	2	adora	adora	_	_	_	_	_	linguistic	_	ContainsVariation=No	_	_	_	_	_	_
1463-3	BO002	1463	3	il	il	_	_	_	_	_	linguistic	_	ContainsVariation=No	_	_	_	_	_	_
1463-4	BO002	1463	4	padrino.	padrino	_	_	_	_	_	linguistic	_	ContainsVariation=No	Intonation=Falling	_	_	_	_	_
1463-5	BO002	1463	5	proprio	proprio	_	_	_	_	_	linguistic	_	ContainsVariation=No	_	_	_	_	_	_
1463-6	BO002	1463	6	lui,	lui	_	_	_	_	_	linguistic	_	ContainsVariation=No	Intonation=WeaklyRising	_	_	_	_	_
1463-7	BO002	1463	7	è	è	_	_	_	_	_	linguistic	_	ContainsVariation=No	_	_	_	_	_	_
1463-8	BO002	1463	8	patito	patito	_	_	_	_	_	linguistic	_	ContainsVariation=No	_	_	_	_	_	_
1463-9	BO002	1463	9	per	per	_	_	_	_	_	linguistic	_	ContainsVariation=No	_	_	_	_	_	_
1463-10	BO002	1463	10	il	il	_	_	_	_	_	linguistic	_	ContainsVariation=No	_	_	_	_	_	_
1463-11	BO002	1463	11	padrino,	padrino	_	_	_	_	_	linguistic	_	ContainsVariation=No	Intonation=WeaklyRising	_	_	_	_	_
1463-12	BO002	1463	12	gli	gli	_	_	_	_	_	linguistic	_	ContainsVariation=No	_	_	_	_	_	_
1463-13	BO002	1463	13	piace	piace	_	_	_	_	_	linguistic	_	ContainsVariation=No	_	_	_	_	_	_
1463-14	BO002	1463	14	tantissimo.	tantissimo	_	_	_	_	_	linguistic	_	ContainsVariation=No	Intonation=Falling	End=3300.925	_	_	_	_
1464-0	BO003	1464	0	>però	però	_	_	_	_	_	linguistic	_	ContainsVariation=No	_	Begin=3301.623	_	Fast=0-4(0)	_	_
1464-1	BO003	1464	1	sì<	sì	_	_	_	_	_	linguistic	_	ContainsVariation=No	_	_	_	Fast=0-2(0)	_	_
1464-2	BO003	1464	2	a	a	_	_	_	_	_	linguistic	_	ContainsVariation=No	_	_	_	_	_	_
1464-3	BO003	1464	3	mio	mio	_	_	_	_	_	linguistic	_	ContainsVariation=No	_	_	_	_	_	_
1464-4	BO003	1464	4	fratello,	fratello	_	_	_	_	_	linguistic	_	ContainsVariation=No	Intonation=WeaklyRising	End=3303.321	_	_	_	_
1465-0	BO003	1465	0	il	il	_	_	_	_	_	linguistic	_	ContainsVariation=No	_	Begin=3303.727	_	_	_	_
1465-1	BO003	1465	1	suo	suo	_	_	_	_	_	linguistic	_	ContainsVariation=No	_	_	_	_	_	_
1465-2	BO003	1465	2	film	film	_	_	_	_	_	linguistic	_	ContainsVariation=No	_	_	_	_	_	_
1465-3	BO003	1465	3	preferito	preferito	_	_	_	_	_	linguistic	_	ContainsVariation=No	_	_	_	_	_	_
1465-4	BO003	1465	4	in	in	_	_	_	_	_	linguistic	_	ContainsVariation=No	_	_	_	_	_	_
1465-5	BO003	1465	5	assoluto,	assoluto	_	_	_	_	_	linguistic	_	ContainsVariation=No	Intonation=WeaklyRising	_	_	_	_	_
1465-6	BO003	1465	6	che	che	_	_	_	_	_	linguistic	_	ContainsVariation=No	_	_	_	_	_	_
1465-7	BO003	1465	7	avrà	avrà	_	_	_	_	_	linguistic	_	ContainsVariation=No	_	_	_	_	_	_
1465-8	BO003	1465	8	rivisto	rivisto	_	_	_	_	_	linguistic	_	ContainsVariation=No	_	_	_	_	_	_
1465-9	BO003	1465	9	centomila	centomila	_	_	_	_	_	linguistic	_	ContainsVariation=No	_	_	_	_	_	_
1465-10	BO003	1465	10	volte	volte	_	_	_	_	_	linguistic	_	ContainsVariation=No	_	_	_	_	_	_
1465-11	BO003	1465	11	è	è	_	_	_	_	_	linguistic	_	ContainsVariation=No	_	_	_	_	_	_
1465-12	BO003	1465	12	django.	django	_	_	_	_	_	linguistic	_	ContainsVariation=No	Intonation=Falling	End=3308.64	_	_	_	_
1466-0	BO002	1466	0	djan[go,	django	_	_	_	_	_	linguistic	_	ContainsVariation=No	Intonation=WeaklyRising	Begin=3308.832	_	_	_	4-6(520)
1466-1	BO002	1466	1	gli	gli	_	_	_	_	_	linguistic	_	ContainsVariation=No	_	_	_	_	_	0-3(520)
1466-2	BO002	1466	2	piace],	piace	_	_	_	_	_	linguistic	_	ContainsVariation=No	Intonation=WeaklyRising|PauseAfter=Yes	_	_	_	_	0-5(520)
1466-3	BO002	1466	3	(.)	(.)	_	_	_	_	_	shortpause	_	ContainsVariation=No	_	_	_	_	_	_
1466-4	BO002	1466	4	non	non	_	_	_	_	_	linguistic	_	ContainsVariation=No	_	_	_	_	_	_
1466-5	BO002	1466	5	l'	l'	_	_	_	_	_	linguistic	_	ContainsVariation=No	SpaceAfter=No	_	_	_	_	_
1466-6	BO002	1466	6	ho	ho	_	_	_	_	_	linguistic	_	ContainsVariation=No	_	_	_	_	_	_
1466-7	BO002	1466	7	mai	mai	_	_	_	_	_	linguistic	_	ContainsVariation=No	_	_	_	_	_	_
1466-8	BO002	1466	8	visto	visto	_	_	_	_	_	linguistic	_	ContainsVariation=No	_	_	_	_	_	_
1466-9	BO002	1466	9	ma:	ma	_	_	_	_	_	linguistic	_	ContainsVariation=No	_	_	1x1	_	_	_
1466-10	BO002	1466	10	ho	ho	_	_	_	_	_	linguistic	_	ContainsVariation=No	_	_	_	_	_	_
1466-11	BO002	1466	11	[prese:nte	presente	_	_	_	_	_	linguistic	_	ContainsVariation=No	_	_	4x1	_	_	0-8(521)
1466-12	BO002	1466	12	il	il	_	_	_	_	_	linguistic	_	ContainsVariation=No	_	_	_	_	_	0-2(521)
1466-13	BO002	1466	13	film]	film	_	_	_	_	_	linguistic	_	ContainsVariation=No	_	End=3313.919	_	_	_	0-4(521)
1467-0	BO003	1467	0	[non	non	_	_	_	_	_	linguistic	_	ContainsVariation=No	_	Begin=3308.996	_	_	_	_
1467-1	BO003	1467	1	so	so	_	_	_	_	_	linguistic	_	ContainsVariation=No	_	_	_	_	_	_
1467-2	BO003	1467	2	se	se	_	_	_	_	_	linguistic	_	ContainsVariation=No	_	_	_	_	_	_
1467-3	BO003	1467	3	l'	l'	_	_	_	_	_	linguistic	_	ContainsVariation=No	SpaceAfter=No	_	_	_	_	_
1467-4	BO003	1467	4	hai	hai	_	_	_	_	_	linguistic	_	ContainsVariation=No	_	_	_	_	_	_
1467-5	BO003	1467	5	mai	mai	_	_	_	_	_	linguistic	_	ContainsVariation=No	_	_	_	_	_	_
1467-6	BO003	1467	6	visto]],	visto	_	_	_	_	_	linguistic	_	ContainsVariation=No	Intonation=WeaklyRising	End=3310.646	_	_	_	_
1468-0	BO003	1468	0	[lui	lui	_	_	_	_	_	linguistic	_	ContainsVariation=No	_	Begin=3312.879	_	_	_	0-3(521)
1468-1	BO003	1468	1	è	è	_	_	_	_	_	linguistic	_	ContainsVariation=No	_	_	_	_	_	0-1(521)
1468-2	BO003	1468	2	innamorato]	innamorato	_	_	_	_	_	linguistic	_	ContainsVariation=No	_	_	_	_	_	0-10(521)
1468-3	BO003	1468	3	di	di	_	_	_	_	_	linguistic	_	ContainsVariation=No	_	_	_	_	_	_
1468-4	BO003	1468	4	taranti:no	tarantino	_	_	_	_	_	linguistic	_	ContainsVariation=No	_	_	6x1	_	_	_
1468-5	BO003	1468	5	tutti	tutti	_	_	_	_	_	linguistic	_	ContainsVariation=No	_	_	_	_	_	_
1468-6	BO003	1468	6	i	i	_	_	_	_	_	linguistic	_	ContainsVariation=No	_	_	_	_	_	_
1468-7	BO003	1468	7	film	film	_	_	_	_	_	linguistic	_	ContainsVariation=No	_	_	_	_	_	_
1468-8	BO003	1468	8	di	di	_	_	_	_	_	linguistic	_	ContainsVariation=No	_	_	_	_	_	_
1468-9	BO003	1468	9	taran[ti:no],	tarantino	_	_	_	_	_	linguistic	_	ContainsVariation=No	Intonation=WeaklyRising	End=3316.593	6x1	_	_	5-9(522)
1469-0	BO002	1469	0	[eh:]	eh	_	_	_	_	_	linguistic	_	ContainsVariation=No	_	Begin=3315.895	1x1	_	_	0-2(522)
1469-1	BO002	1469	1	beh.	beh	_	_	_	_	_	linguistic	_	ContainsVariation=No	Intonation=Falling	_	_	_	_	_
1469-2	BO002	1469	2	tarantino	tarantino	_	_	_	_	_	linguistic	_	ContainsVariation=No	_	_	_	_	_	_
1469-3	BO002	1469	3	è	è	_	_	_	_	_	linguistic	_	ContainsVariation=No	_	_	_	_	_	_
1469-4	BO002	1469	4	tanta	tanta	_	_	_	_	_	linguistic	_	ContainsVariation=No	_	_	_	_	_	_
1469-5	BO002	1469	5	ro::[ba]	roba	_	_	_	_	_	linguistic	_	ContainsVariation=No	_	End=3318.502	1x2	_	_	2-4(523)
1470-0	BO003	1470	0	[sì].	sì	_	_	_	_	_	linguistic	_	ContainsVariation=No	Intonation=Falling	Begin=3318.057	_	_	_	0-2(523)
1470-1	BO003	1470	1	e	e	_	_	_	_	_	linguistic	_	ContainsVariation=No	_	_	_	_	_	_
1470-2	BO003	1470	2	hai	hai	_	_	_	_	_	linguistic	_	ContainsVariation=No	_	_	_	_	_	_
1470-3	BO003	1470	3	visto	visto	_	_	_	_	_	linguistic	_	ContainsVariation=No	_	_	_	_	_	_
1470-4	BO003	1470	4	blood	blood	_	_	_	_	_	linguistic	_	ContainsVariation=No	_	_	_	_	_	_
1470-5	BO003	1470	5	diamond,	diamond	_	_	_	_	_	linguistic	_	ContainsVariation=No	Intonation=WeaklyRising	_	_	_	_	_
1470-6	BO003	1470	6	quello	quello	_	_	_	_	_	linguistic	_	ContainsVariation=No	_	_	_	_	_	_
1470-7	BO003	1470	7	con	con	_	_	_	_	_	linguistic	_	ContainsVariation=No	_	_	_	_	_	_
1470-8	BO003	1470	8	di	di	_	_	_	_	_	linguistic	_	ContainsVariation=No	_	_	_	_	_	_
1470-9	BO003	1470	9	caprio?	caprio	_	_	_	_	_	linguistic	_	ContainsVariation=No	Intonation=Rising	End=3321.648	_	_	_	_
1471-0	BO003	1471	0	bellissimo	bellissimo	_	_	_	_	_	linguistic	_	ContainsVariation=No	_	Begin=3322.107|End=3323.404	_	_	_	_
1472-0	BO003	1472	0	bellissimo	bellissimo	_	_	_	_	_	linguistic	_	ContainsVariation=No	_	Begin=3324.152|End=3324.996	_	_	_	_
1473-0	BO002	1473	0	invece	invece	_	_	_	_	_	linguistic	_	ContainsVariation=No	_	Begin=3327.123	_	_	_	_
1473-1	BO002	1473	1	di	di	_	_	_	_	_	linguistic	_	ContainsVariation=No	_	_	_	_	_	_
1473-2	BO002	1473	2	attrici	attrici	_	_	_	_	_	linguistic	_	ContainsVariation=No	_	_	_	_	_	_
1473-3	BO002	1473	3	al	al	_	_	_	_	_	linguistic	_	ContainsVariation=No	_	_	_	_	_	_
1473-4	BO002	1473	4	mio	mio	_	_	_	_	_	linguistic	_	ContainsVariation=No	_	_	_	_	_	_
1473-5	BO002	1473	5	ragazzo	ragazzo	_	_	_	_	_	linguistic	_	ContainsVariation=No	_	_	_	_	_	_
1473-6	BO002	1473	6	gli	gli	_	_	_	_	_	linguistic	_	ContainsVariation=No	_	_	_	_	_	_
1473-7	BO002	1473	7	piace	piace	_	_	_	_	_	linguistic	_	ContainsVariation=No	PauseAfter=Yes	_	_	_	_	_
1473-8	BO002	1473	8	(.)	(.)	_	_	_	_	_	shortpause	_	ContainsVariation=No	_	_	_	_	_	_
1473-9	BO002	1473	9	megan	megan	_	_	_	_	_	linguistic	_	ContainsVariation=No	_	_	_	_	_	_
1473-10	BO002	1473	10	[fox]	fox	_	_	_	_	_	linguistic	_	ContainsVariation=No	_	End=3331.899	_	_	_	0-3(524)
1474-0	BO003	1474	0	[va]bbè	vabbè	_	_	_	_	_	linguistic	_	ContainsVariation=No	_	Begin=3331.755	_	_	_	0-2(524)
1474-1	BO003	1474	1	quello,	quello	_	_	_	_	_	linguistic	_	ContainsVariation=No	Intonation=WeaklyRising|PauseAfter=Yes	_	_	_	_	_
1474-2	BO003	1474	2	(.)	(.)	_	_	_	_	_	shortpause	_	ContainsVariation=No	_	_	_	_	_	_
1474-3	BO003	1474	3	anche	anche	_	_	_	_	_	linguistic	_	ContainsVariation=No	_	_	_	_	_	_
1474-4	BO003	1474	4	a	a	_	_	_	_	_	linguistic	_	ContainsVariation=No	_	_	_	_	_	_
1474-5	BO003	1474	5	mio	mio	_	_	_	_	_	linguistic	_	ContainsVariation=No	_	_	_	_	_	_
1474-6	BO003	1474	6	fra[tello]	fratello	_	_	_	_	_	linguistic	_	ContainsVariation=No	_	End=3334.545	_	_	_	3-8(525)
1475-0	BO002	1475	0	[stra::no]	strano	_	_	_	_	_	linguistic	_	ContainsVariation=No	_	Begin=3333.732	3x2	_	_	0-6(525)
1475-1	BO002	1475	1	eh,	eh	_	_	_	_	_	linguistic	_	ContainsVariation=No	Intonation=WeaklyRising	End=3335.171	_	_	_	_
1476-0	BO002	1476	0	no	no	_	_	_	_	_	linguistic	_	ContainsVariation=No	_	Begin=3335.63	_	_	_	_
1476-1	BO002	1476	1	guarda	guarda	_	_	_	_	_	linguistic	_	ContainsVariation=No	_	End=3336.585	_	_	_	_
1477-0	BO003	1477	0	a	a	_	_	_	_	_	linguistic	_	ContainsVariation=No	_	Begin=3336.715	_	_	_	_
1477-1	BO003	1477	1	me	me	_	_	_	_	_	linguistic	_	ContainsVariation=No	_	_	_	_	_	_
1477-2	BO003	1477	2	non	non	_	_	_	_	_	linguistic	_	ContainsVariation=No	_	_	_	_	_	_
1477-3	BO003	1477	3	piace	piace	_	_	_	_	_	linguistic	_	ContainsVariation=No	_	_	_	_	_	_
1477-4	BO003	1477	4	megan	megan	_	_	_	_	_	linguistic	_	ContainsVariation=No	_	_	_	_	_	_
1477-5	BO003	1477	5	fox.	fox	_	_	_	_	_	linguistic	_	ContainsVariation=No	Intonation=Falling	_	_	_	_	_
1477-6	BO003	1477	6	poi	poi	_	_	_	_	_	linguistic	_	ContainsVariation=No	_	_	_	_	_	_
1477-7	BO003	1477	7	sì	sì	_	_	_	_	_	linguistic	_	ContainsVariation=No	PauseAfter=Yes	_	_	_	_	_
1477-8	BO003	1477	8	(.)	(.)	_	_	_	_	_	shortpause	_	ContainsVariation=No	_	_	_	_	_	_
1477-9	BO003	1477	9	[gusti	gusti	_	_	_	_	_	linguistic	_	ContainsVariation=No	_	_	_	_	_	0-5(526)
1477-10	BO003	1477	10	miei	miei	_	_	_	_	_	linguistic	_	ContainsVariation=No	_	_	_	_	_	0-4(526)
1477-11	BO003	1477	11	eh],	eh	_	_	_	_	_	linguistic	_	ContainsVariation=No	Intonation=WeaklyRising	End=3340.441	_	_	_	0-2(526)
1478-0	BO002	1478	0	[come	come	_	_	_	_	_	linguistic	_	ContainsVariation=No	_	Begin=3339.152	_	_	_	0-4(526)
1478-1	BO002	1478	1	attrice	attrice	_	_	_	_	_	linguistic	_	ContainsVariation=No	_	_	_	_	_	0-7(526)
1478-2	BO002	1478	2	o]	o	_	_	_	_	_	linguistic	_	ContainsVariation=No	_	_	_	_	_	0-1(526)
1478-3	BO002	1478	3	come	come	_	_	_	_	_	linguistic	_	ContainsVariation=No	_	_	_	_	_	_
1478-4	BO002	1478	4	donna?	donna	_	_	_	_	_	linguistic	_	ContainsVariation=No	Intonation=Rising	End=3341.663	_	_	_	_
1479-0	BO003	1479	0	mh::	mh	_	_	_	_	_	linguistic	_	ContainsVariation=No	_	Begin=3341.698	1x2	_	_	_
1479-1	BO003	1479	1	non	non	_	_	_	_	_	linguistic	_	ContainsVariation=No	_	_	_	_	_	_
1479-2	BO003	1479	2	non	non	_	_	_	_	_	linguistic	_	ContainsVariation=No	_	_	_	_	_	_
1479-3	BO003	1479	3	lo	lo	_	_	_	_	_	linguistic	_	ContainsVariation=No	_	_	_	_	_	_
1479-4	BO003	1479	4	so,	so	_	_	_	_	_	linguistic	_	ContainsVariation=No	Intonation=WeaklyRising	_	_	_	_	_
1479-5	BO003	1479	5	>io	io	_	_	_	_	_	linguistic	_	ContainsVariation=No	_	_	_	Fast=0-2(0)	_	_
1479-6	BO003	1479	6	ho	ho	_	_	_	_	_	linguistic	_	ContainsVariation=No	_	_	_	Fast=0-2(0)	_	_
1479-7	BO003	1479	7	dei<,	dei	_	_	_	_	_	linguistic	_	ContainsVariation=No	Intonation=WeaklyRising	End=3343.428	_	Fast=0-3(0)	_	_
1480-0	BO003	1480	0	è	è	_	_	_	_	_	linguistic	_	ContainsVariation=No	_	Begin=3344.429	_	_	_	_
1480-1	BO003	1480	1	pr~	pr~	_	_	_	_	_	linguistic	_	ContainsVariation=No	Interrupted=Yes	_	_	_	_	_
1480-2	BO003	1480	2	è	è	_	_	_	_	_	linguistic	_	ContainsVariation=No	_	_	_	_	_	_
1480-3	BO003	1480	3	probabile	probabile	_	_	_	_	_	linguistic	_	ContainsVariation=No	_	_	_	_	_	_
1480-4	BO003	1480	4	che	che	_	_	_	_	_	linguistic	_	ContainsVariation=No	_	_	_	_	_	_
1480-5	BO003	1480	5	una	una	_	_	_	_	_	linguistic	_	ContainsVariation=No	_	_	_	_	_	_
1480-6	BO003	1480	6	bellissima	bellissima	_	_	_	_	_	linguistic	_	ContainsVariation=No	_	_	_	_	_	_
1480-7	BO003	1480	7	a	a	_	_	_	_	_	linguistic	_	ContainsVariation=No	_	_	_	_	_	_
1480-8	BO003	1480	8	me	me	_	_	_	_	_	linguistic	_	ContainsVariation=No	_	_	_	_	_	_
1480-9	BO003	1480	9	non	non	_	_	_	_	_	linguistic	_	ContainsVariation=No	_	_	_	_	_	_
1480-10	BO003	1480	10	piaccia	piaccia	_	_	_	_	_	linguistic	_	ContainsVariation=No	_	_	_	_	_	_
1480-11	BO003	1480	11	e	e	_	_	_	_	_	linguistic	_	ContainsVariation=No	_	_	_	_	_	_
1480-12	BO003	1480	12	che	che	_	_	_	_	_	linguistic	_	ContainsVariation=No	_	_	_	_	_	_
1480-13	BO003	1480	13	una	una	_	_	_	_	_	linguistic	_	ContainsVariation=No	_	_	_	_	_	_
1480-14	BO003	1480	14	che	che	_	_	_	_	_	linguistic	_	ContainsVariation=No	_	_	_	_	_	_
1480-15	BO003	1480	15	non	non	_	_	_	_	_	linguistic	_	ContainsVariation=No	_	_	_	_	_	_
1480-16	BO003	1480	16	piace	piace	_	_	_	_	_	linguistic	_	ContainsVariation=No	_	_	_	_	_	_
1480-17	BO003	1480	17	a	a	_	_	_	_	_	linguistic	_	ContainsVariation=No	_	_	_	_	_	_
1480-18	BO003	1480	18	nessuno	nessuno	_	_	_	_	_	linguistic	_	ContainsVariation=No	_	_	_	_	_	_
1480-19	BO003	1480	19	io	io	_	_	_	_	_	linguistic	_	ContainsVariation=No	_	_	_	_	_	_
1480-20	BO003	1480	20	la	la	_	_	_	_	_	linguistic	_	ContainsVariation=No	_	_	_	_	_	_
1480-21	BO003	1480	21	tro:[vi::	trovi	_	_	_	_	_	linguistic	_	ContainsVariation=No	PauseAfter=Yes	_	2x1,4x2	_	_	3-5(527)
1480-22	BO003	1480	22	(.)	(.)	_	_	_	_	_	shortpause	_	ContainsVariation=No	_	_	_	_	_	X(527)
1480-23	BO003	1480	23	il	il	_	_	_	_	_	linguistic	_	ContainsVariation=No	_	_	_	_	_	0-2(527)
1480-24	BO003	1480	24	non	non	_	_	_	_	_	linguistic	_	ContainsVariation=No	_	_	_	_	_	0-3(527)
1480-25	BO003	1480	25	plus]	plus	_	_	_	_	_	linguistic	_	ContainsVariation=No	_	_	_	_	_	0-4(527)
1480-26	BO003	1480	26	ul[tra]	ultra	_	_	_	_	_	linguistic	_	ContainsVariation=No	_	End=3351.366	_	_	_	2-5(528)
1481-0	BO002	1481	0	[eh	eh	_	_	_	_	_	linguistic	_	ContainsVariation=No	_	Begin=3349.168	_	_	_	0-2(527)
1481-1	BO002	1481	1	esa:tto]	esatto	_	_	_	_	_	linguistic	_	ContainsVariation=No	_	End=3350.564	2x1	_	_	0-6(527)
1482-0	BO002	1482	0	[per	per	_	_	_	_	_	linguistic	_	ContainsVariation=No	_	Begin=3351.085	_	_	_	0-3(528)
1482-1	BO002	1482	1	dire]	dire	_	_	_	_	_	linguistic	_	ContainsVariation=No	PauseAfter=Yes	_	_	_	_	0-4(528)
1482-2	BO002	1482	2	(.)	(.)	_	_	_	_	_	shortpause	_	ContainsVariation=No	_	_	_	_	_	_
1482-3	BO002	1482	3	secondo	secondo	_	_	_	_	_	linguistic	_	ContainsVariation=No	_	_	_	_	_	_
1482-4	BO002	1482	4	il	il	_	_	_	_	_	linguistic	_	ContainsVariation=No	_	_	_	_	_	_
1482-5	BO002	1482	5	mio	mio	_	_	_	_	_	linguistic	_	ContainsVariation=No	_	_	_	_	_	_
1482-6	BO002	1482	6	ra[gazzo]	ragazzo	_	_	_	_	_	linguistic	_	ContainsVariation=No	_	End=3353.443	_	_	_	2-7(529)
1483-0	BO003	1483	0	[a	a	_	_	_	_	_	linguistic	_	ContainsVariation=No	_	Begin=3352.827	_	_	_	0-1(529)
1483-1	BO003	1483	1	me]	me	_	_	_	_	_	linguistic	_	ContainsVariation=No	_	_	_	_	_	0-2(529)
1483-2	BO003	1483	2	non	non	_	_	_	_	_	linguistic	_	ContainsVariation=No	_	_	_	_	_	_
1483-3	BO003	1483	3	piace.	piace	_	_	_	_	_	linguistic	_	ContainsVariation=No	Intonation=Falling	End=3354.193	_	_	_	_
1484-0	BO002	1484	0	eh.	eh	_	_	_	_	_	linguistic	_	ContainsVariation=No	Intonation=Falling|PauseAfter=Yes	Begin=3354.367	_	_	_	_
1484-1	BO002	1484	1	(.)	(.)	_	_	_	_	_	shortpause	_	ContainsVariation=No	_	_	_	_	_	_
1484-2	BO002	1484	2	nemmeno	nemmeno	_	_	_	_	_	linguistic	_	ContainsVariation=No	_	_	_	_	_	_
1484-3	BO002	1484	3	>cioè<	cioè	_	_	_	_	_	linguistic	_	ContainsVariation=No	_	_	_	Fast=0-4(0)	_	_
1484-4	BO002	1484	4	a	a	_	_	_	_	_	linguistic	_	ContainsVariation=No	_	_	_	_	_	_
1484-5	BO002	1484	5	me	me	_	_	_	_	_	linguistic	_	ContainsVariation=No	_	_	_	_	_	_
1484-6	BO002	1484	6	mi	mi	_	_	_	_	_	linguistic	_	ContainsVariation=No	_	_	_	_	_	_
1484-7	BO002	1484	7	sta	sta	_	_	_	_	_	linguistic	_	ContainsVariation=No	_	_	_	_	_	_
1484-8	BO002	1484	8	sulle	sulle	_	_	_	_	_	linguistic	_	ContainsVariation=No	_	_	_	_	_	_
1484-9	BO002	1484	9	[scatole]	scatole	_	_	_	_	_	linguistic	_	ContainsVariation=No	_	End=3357.288	_	_	_	0-7(530)
1485-0	BO003	1485	0	[sì,	sì	_	_	_	_	_	linguistic	_	ContainsVariation=No	Intonation=WeaklyRising	Begin=3356.766	_	_	_	0-2(530)
1485-1	BO003	1485	1	anche	anche	_	_	_	_	_	linguistic	_	ContainsVariation=No	_	_	_	_	_	0-5(530)
1485-2	BO003	1485	2	a]	a	_	_	_	_	_	linguistic	_	ContainsVariation=No	_	_	_	_	_	0-1(530)
1485-3	BO003	1485	3	me	me	_	_	_	_	_	linguistic	_	ContainsVariation=No	_	End=3358.398	_	_	_	_
1486-0	BO002	1486	0	secondo	secondo	_	_	_	_	_	linguistic	_	ContainsVariation=No	_	Begin=3359.386	_	_	_	_
1486-1	BO002	1486	1	il	il	_	_	_	_	_	linguistic	_	ContainsVariation=No	_	_	_	_	_	_
1486-2	BO002	1486	2	mio	mio	_	_	_	_	_	linguistic	_	ContainsVariation=No	_	_	_	_	_	_
1486-3	BO002	1486	3	ragazzo	ragazzo	_	_	_	_	_	linguistic	_	ContainsVariation=No	_	_	_	_	_	_
1486-4	BO002	1486	4	emma	emma	_	_	_	_	_	linguistic	_	ContainsVariation=No	_	_	_	_	_	_
1486-5	BO002	1486	5	watson	watson	_	_	_	_	_	linguistic	_	ContainsVariation=No	_	_	_	_	_	_
1486-6	BO002	1486	6	n~	n~	_	_	_	_	_	linguistic	_	ContainsVariation=No	Interrupted=Yes	_	_	_	_	_
1486-7	BO002	1486	7	non	non	_	_	_	_	_	linguistic	_	ContainsVariation=No	_	_	_	_	_	_
1486-8	BO002	1486	8	è::	è	_	_	_	_	_	linguistic	_	ContainsVariation=No	_	End=3362.232	0x2	_	_	_
1487-0	BO003	1487	0	non	non	_	_	_	_	_	linguistic	_	ContainsVariation=No	_	Begin=3362.347	_	_	_	_
1487-1	BO003	1487	1	è	è	_	_	_	_	_	linguistic	_	ContainsVariation=No	_	_	_	_	_	_
1487-2	BO003	1487	2	bel[la]?	bella	_	_	_	_	_	linguistic	_	ContainsVariation=No	Intonation=Rising	End=3363.205	_	_	_	3-5(531)
1488-0	BO002	1488	0	[non	non	_	_	_	_	_	linguistic	_	ContainsVariation=No	_	Begin=3362.797	_	_	_	0-3(531)
1488-1	BO002	1488	1	è]	è	_	_	_	_	_	linguistic	_	ContainsVariation=No	_	_	_	_	_	0-1(531)
1488-2	BO002	1488	2	bella.	bella	_	_	_	_	_	linguistic	_	ContainsVariation=No	Intonation=Falling	End=3364.024	_	_	_	_
1489-0	BO003	1489	0	secondo	secondo	_	_	_	_	_	linguistic	_	ContainsVariation=No	_	Begin=3364.357	_	_	_	_
1489-1	BO003	1489	1	me:	me	_	_	_	_	_	linguistic	_	ContainsVariation=No	_	_	1x1	_	_	_
1489-2	BO003	1489	2	lei	lei	_	_	_	_	_	linguistic	_	ContainsVariation=No	_	_	_	_	_	_
1489-3	BO003	1489	3	invece,	invece	_	_	_	_	_	linguistic	_	ContainsVariation=No	Intonation=WeaklyRising	_	_	_	_	_
1489-4	BO003	1489	4	altroché	altroché	_	_	_	_	_	linguistic	_	ContainsVariation=No	_	End=3366.525	_	_	_	_
1490-0	BO002	1490	0	eh.	eh	_	_	_	_	_	linguistic	_	ContainsVariation=No	Intonation=Falling	Begin=3367.595	_	_	_	_
1490-1	BO002	1490	1	perché	perché	_	_	_	_	_	linguistic	_	ContainsVariation=No	_	_	_	_	_	_
1490-2	BO002	1490	2	è	è	_	_	_	_	_	linguistic	_	ContainsVariation=No	_	_	_	_	_	_
1490-3	BO002	1490	3	una	una	_	_	_	_	_	linguistic	_	ContainsVariation=No	_	_	_	_	_	_
1490-4	BO002	1490	4	bellezza	bellezza	_	_	_	_	_	linguistic	_	ContainsVariation=No	_	_	_	_	_	_
1490-5	BO002	1490	5	sem[plice]	semplice	_	_	_	_	_	linguistic	_	ContainsVariation=No	_	End=3369.654	_	_	_	3-8(532)
1491-0	BO003	1491	0	[sì],	sì	_	_	_	_	_	linguistic	_	ContainsVariation=No	Intonation=WeaklyRising|PauseAfter=Yes	Begin=3369.028	_	_	_	0-2(532)
1491-1	BO003	1491	1	(.)	(.)	_	_	_	_	_	shortpause	_	ContainsVariation=No	_	_	_	_	_	_
1491-2	BO003	1491	2	ma	ma	_	_	_	_	_	linguistic	_	ContainsVariation=No	_	_	_	_	_	_
1491-3	BO003	1491	3	megan	megan	_	_	_	_	_	linguistic	_	ContainsVariation=No	_	_	_	_	_	_
1491-4	BO003	1491	4	fox	fox	_	_	_	_	_	linguistic	_	ContainsVariation=No	_	_	_	_	_	_
1491-5	BO003	1491	5	è	è	_	_	_	_	_	linguistic	_	ContainsVariation=No	_	_	_	_	_	_
1491-6	BO003	1491	6	un	un	_	_	_	_	_	linguistic	_	ContainsVariation=No	_	_	_	_	_	_
1491-7	BO003	1491	7	po'	po'	_	_	_	_	_	linguistic	_	ContainsVariation=No	_	_	_	_	_	_
1491-8	BO003	1491	8	un	un	_	_	_	_	_	linguistic	_	ContainsVariation=No	_	_	_	_	_	_
1491-9	BO003	1491	9	troio:ne	troione	_	_	_	_	_	linguistic	_	ContainsVariation=No	_	End=3371.484	4x1	_	_	_
1492-0	BO002	1492	0	eh.	eh	_	_	_	_	_	linguistic	_	ContainsVariation=No	Intonation=Falling	Begin=3371.484	_	_	_	_
1492-1	BO002	1492	1	e[sat~]	esat~	_	_	_	_	_	linguistic	_	ContainsVariation=No	Interrupted=Yes	End=3372.731	_	_	_	1-5(533)
1493-0	BO003	1493	0	[parecchio]	parecchio	_	_	_	_	_	linguistic	_	ContainsVariation=No	_	Begin=3372.055	_	_	_	0-9(533)
1493-1	BO003	1493	1	anche	anche	_	_	_	_	_	linguistic	_	ContainsVariation=No	_	End=3373.722	_	_	_	_
1494-0	BO002	1494	0	esatto	esatto	_	_	_	_	_	linguistic	_	ContainsVariation=No	_	Begin=3373.759|End=3374.67	_	_	_	_
1495-0	BO003	1495	0	poi	poi	_	_	_	_	_	linguistic	_	ContainsVariation=No	_	Begin=3374.67	_	_	_	_
1495-1	BO003	1495	1	a	a	_	_	_	_	_	linguistic	_	ContainsVariation=No	_	_	_	_	_	_
1495-2	BO003	1495	2	me	me	_	_	_	_	_	linguistic	_	ContainsVariation=No	_	_	_	_	_	_
1495-3	BO003	1495	3	non	non	_	_	_	_	_	linguistic	_	ContainsVariation=No	_	_	_	_	_	_
1495-4	BO003	1495	4	piacciono	piacciono	_	_	_	_	_	linguistic	_	ContainsVariation=No	_	_	_	_	_	_
1495-5	BO003	1495	5	le	le	_	_	_	_	_	linguistic	_	ContainsVariation=No	_	_	_	_	_	_
1495-6	BO003	1495	6	sue	sue	_	_	_	_	_	linguistic	_	ContainsVariation=No	_	_	_	_	_	_
1495-7	BO003	1495	7	sopracciglia.	sopracciglia	_	_	_	_	_	linguistic	_	ContainsVariation=No	Intonation=Falling	_	_	_	_	_
1495-8	BO003	1495	8	perché	perché	_	_	_	_	_	linguistic	_	ContainsVariation=No	_	_	_	_	_	_
1495-9	BO003	1495	9	si	si	_	_	_	_	_	linguistic	_	ContainsVariation=No	_	_	_	_	_	_
1495-10	BO003	1495	10	uniscono,	uniscono	_	_	_	_	_	linguistic	_	ContainsVariation=No	Intonation=WeaklyRising	_	_	_	_	_
1495-11	BO003	1495	11	cioè	cioè	_	_	_	_	_	linguistic	_	ContainsVariation=No	_	_	_	_	_	_
1495-12	BO003	1495	12	le	le	_	_	_	_	_	linguistic	_	ContainsVariation=No	_	_	_	_	_	_
1495-13	BO003	1495	13	ha	ha	_	_	_	_	_	linguistic	_	ContainsVariation=No	_	End=3378.232	_	_	_	_
1496-0	BO002	1496	0	boh	boh	_	_	_	_	_	linguistic	_	ContainsVariation=No	_	Begin=3378.232	_	_	_	_
1496-1	BO002	1496	1	ora	ora	_	_	_	_	_	linguistic	_	ContainsVariation=No	_	_	_	_	_	_
1496-2	BO002	1496	2	>sinceramente<	sinceramente	_	_	_	_	_	linguistic	_	ContainsVariation=No	_	_	_	Fast=0-12(0)	_	_
1496-3	BO002	1496	3	un	un	_	_	_	_	_	linguistic	_	ContainsVariation=No	_	_	_	_	_	_
1496-4	BO002	1496	4	l'	l'	_	_	_	_	_	linguistic	_	ContainsVariation=No	SpaceAfter=No	_	_	_	_	_
1496-5	BO002	1496	5	ho	ho	_	_	_	_	_	linguistic	_	ContainsVariation=No	_	_	_	_	_	_
1496-6	BO002	1496	6	prese:nte	presente	_	_	_	_	_	linguistic	_	ContainsVariation=No	_	End=3380.823	4x1	_	_	_
1497-0	BO003	1497	0	non	non	_	_	_	_	_	linguistic	_	ContainsVariation=No	_	Begin=3381.869	_	_	_	_
1497-1	BO003	1497	1	lo	lo	_	_	_	_	_	linguistic	_	ContainsVariation=No	_	_	_	_	_	_
1497-2	BO003	1497	2	so	so	_	_	_	_	_	linguistic	_	ContainsVariation=No	_	_	_	_	_	_
1497-3	BO003	1497	3	a	a	_	_	_	_	_	linguistic	_	ContainsVariation=No	_	_	_	_	_	_
1497-4	BO003	1497	4	me	me	_	_	_	_	_	linguistic	_	ContainsVariation=No	_	_	_	_	_	_
1497-5	BO003	1497	5	neanche	neanche	_	_	_	_	_	linguistic	_	ContainsVariation=No	_	_	_	_	_	_
1497-6	BO003	1497	6	di	di	_	_	_	_	_	linguistic	_	ContainsVariation=No	_	_	_	_	_	_
1497-7	BO003	1497	7	viso	viso	_	_	_	_	_	linguistic	_	ContainsVariation=No	_	_	_	_	_	_
1497-8	BO003	1497	8	piace	piace	_	_	_	_	_	linguistic	_	ContainsVariation=No	_	_	_	_	_	_
1497-9	BO003	1497	9	perché	perché	_	_	_	_	_	linguistic	_	ContainsVariation=No	_	_	_	_	_	_
1497-10	BO003	1497	10	è	è	_	_	_	_	_	linguistic	_	ContainsVariation=No	_	_	_	_	_	_
1497-11	BO003	1497	11	[talmente]	talmente	_	_	_	_	_	linguistic	_	ContainsVariation=No	PauseAfter=Yes	_	_	_	_	0-8(534)
1497-12	BO003	1497	12	(.)	(.)	_	_	_	_	_	shortpause	_	ContainsVariation=No	_	_	_	_	_	_
1497-13	BO003	1497	13	[boh::	boh	_	_	_	_	_	linguistic	_	ContainsVariation=No	_	_	2x2	_	_	0-3(535)
1497-14	BO003	1497	14	sì.	sì	_	_	_	_	_	linguistic	_	ContainsVariation=No	Intonation=Falling	_	_	_	_	0-2(535)
1497-15	BO003	1497	15	quello	quello	_	_	_	_	_	linguistic	_	ContainsVariation=No	_	_	_	_	_	0-6(535)
1497-16	BO003	1497	16	sì].	sì	_	_	_	_	_	linguistic	_	ContainsVariation=No	Intonation=Falling	End=3387.577	_	_	_	0-2(535)
1498-0	BO002	1498	0	[mh]	mh	_	_	_	_	_	linguistic	_	ContainsVariation=No	_	Begin=3383.832|End=3384.443	_	_	_	0-2(534)
1499-0	BO002	1499	0	[ha	ha	_	_	_	_	_	linguistic	_	ContainsVariation=No	_	Begin=3385.08	_	_	_	0-2(535)
1499-1	BO002	1499	1	dei	dei	_	_	_	_	_	linguistic	_	ContainsVariation=No	_	_	_	_	_	0-3(535)
1499-2	BO002	1499	2	begli	begli	_	_	_	_	_	linguistic	_	ContainsVariation=No	_	_	_	_	_	0-5(535)
1499-3	BO002	1499	3	o::cchi	occhi	_	_	_	_	_	linguistic	_	ContainsVariation=No	_	_	0x2	_	_	0-5(535)
1499-4	BO002	1499	4	ma::]	ma	_	_	_	_	_	linguistic	_	ContainsVariation=No	_	End=3387.512	1x2	_	_	0-2(535)
1500-0	BO003	1500	0	a	a	_	_	_	_	_	linguistic	_	ContainsVariation=No	_	Begin=3388.239	_	_	_	_
1500-1	BO003	1500	1	me	me	_	_	_	_	_	linguistic	_	ContainsVariation=No	_	_	_	_	_	_
1500-2	BO003	1500	2	non	non	_	_	_	_	_	linguistic	_	ContainsVariation=No	_	_	_	_	_	_
1500-3	BO003	1500	3	pia[ce]	piace	_	_	_	_	_	linguistic	_	ContainsVariation=No	_	End=3389.292	_	_	_	3-5(536)
1501-0	BO002	1501	0	[boh]	boh	_	_	_	_	_	linguistic	_	ContainsVariation=No	_	Begin=3388.961	_	_	_	0-3(536)
1501-1	BO002	1501	1	è:	è	_	_	_	_	_	linguistic	_	ContainsVariation=No	PauseAfter=Yes	_	0x1	_	_	_
1501-2	BO002	1501	2	(.)	(.)	_	_	_	_	_	shortpause	_	ContainsVariation=No	_	_	_	_	_	_
1501-3	BO002	1501	3	è	è	_	_	_	_	_	linguistic	_	ContainsVariation=No	_	_	_	_	_	_
1501-4	BO002	1501	4	un	un	_	_	_	_	_	linguistic	_	ContainsVariation=No	_	_	_	_	_	_
1501-5	BO002	1501	5	po'	po'	_	_	_	_	_	linguistic	_	ContainsVariation=No	_	_	_	_	_	_
1501-6	BO002	1501	6	un	un	_	_	_	_	_	linguistic	_	ContainsVariation=No	_	_	_	_	_	_
1501-7	BO002	1501	7	troio[ne]	troione	_	_	_	_	_	linguistic	_	ContainsVariation=No	_	End=3390.685	_	_	_	5-7(537)
1502-0	BO003	1502	0	[sì.	sì	_	_	_	_	_	linguistic	_	ContainsVariation=No	Intonation=Falling	Begin=3390.278	_	_	_	0-2(538)
1502-1	BO003	1502	1	ma]donna	madonna	_	_	_	_	_	linguistic	_	ContainsVariation=No	PauseAfter=Yes	_	_	_	_	0-2(538)
1502-2	BO003	1502	2	(.)	(.)	_	_	_	_	_	shortpause	_	ContainsVariation=No	_	_	_	_	_	_
1502-3	BO003	1502	3	troione	troione	_	_	_	_	_	linguistic	_	ContainsVariation=No	_	_	_	_	_	_
1502-4	BO003	1502	4	da	da	_	_	_	_	_	linguistic	_	ContainsVariation=No	_	_	_	_	_	_
1502-5	BO003	1502	5	da	da	_	_	_	_	_	linguistic	_	ContainsVariation=No	_	_	_	_	_	_
1502-6	BO003	1502	6	da	da	_	_	_	_	_	linguistic	_	ContainsVariation=No	PauseAfter=Yes	_	_	_	_	_
1502-7	BO003	1502	7	(.)	(.)	_	_	_	_	_	shortpause	_	ContainsVariation=No	_	_	_	_	_	_
1502-8	BO003	1502	8	combattimento	combattimento	_	_	_	_	_	linguistic	_	ContainsVariation=No	_	End=3393.465	_	_	_	_
1503-0	BO002	1503	0	((ride))	((ride))	_	_	_	_	_	nonverbalbehavior	_	ContainsVariation=No	_	Begin=3392.617|End=3397.514	_	_	_	_
1504-0	BO003	1504	0	a	a	_	_	_	_	_	linguistic	_	ContainsVariation=No	_	Begin=3398.486	_	_	_	_
1504-1	BO003	1504	1	me	me	_	_	_	_	_	linguistic	_	ContainsVariation=No	_	_	_	_	_	_
1504-2	BO003	1504	2	non	non	_	_	_	_	_	linguistic	_	ContainsVariation=No	_	_	_	_	_	_
1504-3	BO003	1504	3	piace	piace	_	_	_	_	_	linguistic	_	ContainsVariation=No	_	End=3399.36	_	_	_	_
1505-0	BO003	1505	0	per	per	_	_	_	_	_	linguistic	_	ContainsVariation=No	_	Begin=3400.278	_	_	_	_
1505-1	BO003	1505	1	niente	niente	_	_	_	_	_	linguistic	_	ContainsVariation=No	_	End=3401.52	_	_	_	_
1506-0	BO003	1506	0	sì	sì	_	_	_	_	_	linguistic	_	ContainsVariation=No	_	Begin=3402.793	_	_	_	_
1506-1	BO003	1506	1	sì.	sì	_	_	_	_	_	linguistic	_	ContainsVariation=No	Intonation=Falling	_	_	_	_	_
1506-2	BO003	1506	2	>poi	poi	_	_	_	_	_	linguistic	_	ContainsVariation=No	_	_	_	Fast=0-3(0)	_	_
1506-3	BO003	1506	3	lei<	lei	_	_	_	_	_	linguistic	_	ContainsVariation=No	_	_	_	Fast=0-3(0)	_	_
1506-4	BO003	1506	4	fa	fa	_	_	_	_	_	linguistic	_	ContainsVariation=No	_	_	_	Slow=0-2(0)	_	_
1506-5	BO003	1506	5	solo	solo	_	_	_	_	_	linguistic	_	ContainsVariation=No	_	_	_	Slow=0-4(0)	_	_
1506-6	BO003	1506	6	quello	quello	_	_	_	_	_	linguistic	_	ContainsVariation=No	_	_	_	Slow=0-6(0)	_	_
1506-7	BO003	1506	7	nei	nei	_	_	_	_	_	linguistic	_	ContainsVariation=No	_	_	_	Slow=0-3(0)	_	_
1506-8	BO003	1506	8	film	film	_	_	_	_	_	linguistic	_	ContainsVariation=No	_	_	_	Slow=0-4(0)	_	_
1506-9	BO003	1506	9	>cioè	cioè	_	_	_	_	_	linguistic	_	ContainsVariation=No	_	_	_	Fast=0-4(1)	_	_
1506-10	BO003	1506	10	lei<	lei	_	_	_	_	_	linguistic	_	ContainsVariation=No	_	_	_	Fast=0-3(1)	_	_
1506-11	BO003	1506	11	è	è	_	_	_	_	_	linguistic	_	ContainsVariation=No	_	_	_	_	_	_
1506-12	BO003	1506	12	lì	lì	_	_	_	_	_	linguistic	_	ContainsVariation=No	_	_	_	_	_	_
1506-13	BO003	1506	13	per	per	_	_	_	_	_	linguistic	_	ContainsVariation=No	_	_	_	_	_	_
1506-14	BO003	1506	14	quel[lo].	quello	_	_	_	_	_	linguistic	_	ContainsVariation=No	Intonation=Falling	End=3406.501	_	_	_	4-6(539)
1507-0	BO002	1507	0	[sì]	sì	_	_	_	_	_	linguistic	_	ContainsVariation=No	_	Begin=3406.169|End=3406.89	_	_	_	0-2(539)
1508-0	BO003	1508	0	come::	come	_	_	_	_	_	linguistic	_	ContainsVariation=No	_	Begin=3407.029	3x2	_	_	_
1508-1	BO003	1508	1	taylor	taylor	_	_	_	_	_	linguistic	_	ContainsVariation=No	_	_	_	_	_	_
1508-2	BO003	1508	2	lautner.	lautner	_	_	_	_	_	linguistic	_	ContainsVariation=No	Intonation=Falling	_	_	_	_	_
1508-3	BO003	1508	3	lei	lei	_	_	_	_	_	linguistic	_	ContainsVariation=No	_	_	_	_	_	_
1508-4	BO003	1508	4	è	è	_	_	_	_	_	linguistic	_	ContainsVariation=No	_	_	_	_	_	_
1508-5	BO003	1508	5	lì	lì	_	_	_	_	_	linguistic	_	ContainsVariation=No	_	_	_	_	_	_
1508-6	BO003	1508	6	per	per	_	_	_	_	_	linguistic	_	ContainsVariation=No	_	_	_	_	_	_
1508-7	BO003	1508	7	quel[lo]	quello	_	_	_	_	_	linguistic	_	ContainsVariation=No	PauseAfter=Yes	_	_	_	_	4-6(?)
1508-8	BO003	1508	8	(.)	(.)	_	_	_	_	_	shortpause	_	ContainsVariation=No	_	_	_	_	_	_
1508-9	BO003	1508	9	[identici]	identici	_	_	_	_	_	linguistic	_	ContainsVariation=No	_	End=3410.94	_	_	_	0-8(?)
1509-0	BO002	1509	0	[ugua:]le.	uguale	_	_	_	_	_	linguistic	_	ContainsVariation=No	Intonation=Falling	Begin=3409.201	3x1	_	_	0-4(?)
1509-1	BO002	1509	1	[anche	anche	_	_	_	_	_	linguistic	_	ContainsVariation=No	_	_	_	_	_	0-5(?)
1509-2	BO002	1509	2	taylor]	taylor	_	_	_	_	_	linguistic	_	ContainsVariation=No	_	_	_	_	_	0-6(?)
1509-3	BO002	1509	3	lautner,	lautner	_	_	_	_	_	linguistic	_	ContainsVariation=No	Intonation=WeaklyRising	End=3411.457	_	_	_	_
1510-0	BO003	1510	0	sì	sì	_	_	_	_	_	linguistic	_	ContainsVariation=No	_	Begin=3411.457	_	_	_	_
1510-1	BO003	1510	1	sì	sì	_	_	_	_	_	linguistic	_	ContainsVariation=No	_	_	_	_	_	_
1510-2	BO003	1510	2	lui	lui	_	_	_	_	_	linguistic	_	ContainsVariation=No	_	_	_	_	_	_
1510-3	BO003	1510	3	de~	de~	_	_	_	_	_	linguistic	_	ContainsVariation=No	Interrupted=Yes	_	_	_	_	_
1510-4	BO003	1510	4	si	si	_	_	_	_	_	linguistic	_	ContainsVariation=No	_	_	_	_	_	_
1510-5	BO003	1510	5	de:ve	deve	_	_	_	_	_	linguistic	_	ContainsVariation=No	_	_	1x1	_	_	_
1510-6	BO003	1510	6	>proprio<	proprio	_	_	_	_	_	linguistic	_	ContainsVariation=No	_	_	_	Fast=0-7(0)	_	_
1510-7	BO003	1510	7	da	da	_	_	_	_	_	linguistic	_	ContainsVariation=No	_	_	_	_	_	_
1510-8	BO003	1510	8	programma	programma	_	_	_	_	_	linguistic	_	ContainsVariation=No	_	_	_	_	_	_
1510-9	BO003	1510	9	quando	quando	_	_	_	_	_	linguistic	_	ContainsVariation=No	_	_	_	_	_	_
1510-10	BO003	1510	10	lo	lo	_	_	_	_	_	linguistic	_	ContainsVariation=No	_	_	_	_	_	_
1510-11	BO003	1510	11	assumono	assumono	_	_	_	_	_	linguistic	_	ContainsVariation=No	_	_	_	_	_	_
1510-12	BO003	1510	12	lui	lui	_	_	_	_	_	linguistic	_	ContainsVariation=No	_	_	_	_	_	_
1510-13	BO003	1510	13	[deve	deve	_	_	_	_	_	linguistic	_	ContainsVariation=No	_	_	_	_	_	0-4(541)
1510-14	BO003	1510	14	togliersi	togliersi	_	_	_	_	_	linguistic	_	ContainsVariation=No	_	_	_	_	_	0-9(541)
1510-15	BO003	1510	15	la	la	_	_	_	_	_	linguistic	_	ContainsVariation=No	_	_	_	_	_	0-2(541)
1510-16	BO003	1510	16	maglietta]	maglietta	_	_	_	_	_	linguistic	_	ContainsVariation=No	_	End=3416.507	_	_	_	0-9(541)
1511-0	BO002	1511	0	[lu,	lu	_	_	_	_	_	linguistic	_	ContainsVariation=No	Intonation=WeaklyRising|PauseAfter=Yes	Begin=3414.876	_	_	_	0-2(541)
1511-1	BO002	1511	1	(.)	(.)	_	_	_	_	_	shortpause	_	ContainsVariation=No	_	_	_	_	_	X(541)
1511-2	BO002	1511	2	esa:tto.	esatto	_	_	_	_	_	linguistic	_	ContainsVariation=No	Intonation=Falling	_	2x1	_	_	0-6(541)
1511-3	BO002	1511	3	lui	lui	_	_	_	_	_	linguistic	_	ContainsVariation=No	_	_	_	_	_	0-3(541)
1511-4	BO002	1511	4	si	si	_	_	_	_	_	linguistic	_	ContainsVariation=No	_	_	_	_	_	0-2(541)
1511-5	BO002	1511	5	deve]	deve	_	_	_	_	_	linguistic	_	ContainsVariation=No	_	_	_	_	_	0-4(541)
1511-6	BO002	1511	6	spogliare.	spogliare	_	_	_	_	_	linguistic	_	ContainsVariation=No	Intonation=Falling	_	_	_	_	_
1511-7	BO002	1511	7	[se	se	_	_	_	_	_	linguistic	_	ContainsVariation=No	_	_	_	_	_	0-2(542)
1511-8	BO002	1511	8	no],	no	_	_	_	_	_	linguistic	_	ContainsVariation=No	Intonation=WeaklyRising	End=3417.734	_	_	_	0-2(542)
1512-0	BO003	1512	0	[per	per	_	_	_	_	_	linguistic	_	ContainsVariation=No	_	Begin=3417.186	_	_	_	0-3(542)
1512-1	BO003	1512	1	for]za	forza	_	_	_	_	_	linguistic	_	ContainsVariation=No	_	End=3418.248	_	_	_	0-3(542)
1513-0	BO002	1513	0	comunque,	comunque	_	_	_	_	_	linguistic	_	ContainsVariation=No	Intonation=WeaklyRising|PauseAfter=Yes	Begin=3420.27	_	_	_	_
1513-1	BO002	1513	1	(.)	(.)	_	_	_	_	_	shortpause	_	ContainsVariation=No	_	_	_	_	_	_
1513-2	BO002	1513	2	lì.	lì	_	_	_	_	_	linguistic	_	ContainsVariation=No	Intonation=Falling	_	_	_	_	_
1513-3	BO002	1513	3	troppo	troppo	_	_	_	_	_	linguistic	_	ContainsVariation=No	_	_	_	_	_	_
1513-4	BO002	1513	4	eh,	eh	_	_	_	_	_	linguistic	_	ContainsVariation=No	Intonation=WeaklyRising|PauseAfter=Yes	_	_	_	_	_
1513-5	BO002	1513	5	(.)	(.)	_	_	_	_	_	shortpause	_	ContainsVariation=No	_	_	_	_	_	_
1513-6	BO002	1513	6	però	però	_	_	_	_	_	linguistic	_	ContainsVariation=No	_	_	_	_	_	_
1513-7	BO002	1513	7	questa	questa	_	_	_	_	_	linguistic	_	ContainsVariation=No	_	_	_	_	_	_
1513-8	BO002	1513	8	cosa	cosa	_	_	_	_	_	linguistic	_	ContainsVariation=No	_	_	_	_	_	_
1513-9	BO002	1513	9	che:	che	_	_	_	_	_	linguistic	_	ContainsVariation=No	_	_	2x1	_	_	_
1513-10	BO002	1513	10	legolas	legolas	_	_	_	_	_	linguistic	_	ContainsVariation=No	_	_	_	_	_	_
1513-11	BO002	1513	11	non	non	_	_	_	_	_	linguistic	_	ContainsVariation=No	_	_	_	_	_	_
1513-12	BO002	1513	12	si	si	_	_	_	_	_	linguistic	_	ContainsVariation=No	_	_	_	_	_	_
1513-13	BO002	1513	13	spoglia	spoglia	_	_	_	_	_	linguistic	_	ContainsVariation=No	_	_	_	_	_	_
1513-14	BO002	1513	14	mai	mai	_	_	_	_	_	linguistic	_	ContainsVariation=No	_	_	_	_	_	_
1513-15	BO002	1513	15	[non	non	_	_	_	_	_	linguistic	_	ContainsVariation=No	_	_	_	_	_	0-3(543)
1513-16	BO002	1513	16	va	va	_	_	_	_	_	linguistic	_	ContainsVariation=No	_	_	_	_	_	0-2(543)
1513-17	BO002	1513	17	nemmeno	nemmeno	_	_	_	_	_	linguistic	_	ContainsVariation=No	_	_	_	_	_	0-7(543)
1513-18	BO002	1513	18	bene]	bene	_	_	_	_	_	linguistic	_	ContainsVariation=No	_	End=3427.559	_	_	_	0-4(543)
1514-0	BO003	1514	0	((ride))	((ride))	_	_	_	_	_	nonverbalbehavior	_	ContainsVariation=No	_	Begin=3425.695|End=3427.25	_	_	_	_
1515-0	BO003	1515	0	mai?	mai	_	_	_	_	_	linguistic	_	ContainsVariation=No	Intonation=Rising	Begin=3429.549|End=3430.395	_	_	_	_
1516-0	BO002	1516	0	ma::[i:::]	mai	_	_	_	_	_	linguistic	_	ContainsVariation=No	_	Begin=3430.395|End=3431.535	1x2,2x3	_	_	2-3(544)
1517-0	BO003	1517	0	[(lei)	lei	_	_	_	_	_	linguistic	_	ContainsVariation=No	_	Begin=3431.217	_	_	0-3(0)	0-3(544)
1517-1	BO003	1517	1	sem]pre	sempre	_	_	_	_	_	linguistic	_	ContainsVariation=No	_	_	_	_	_	0-3(544)
1517-2	BO003	1517	2	con	con	_	_	_	_	_	linguistic	_	ContainsVariation=No	_	_	_	_	_	_
1517-3	BO003	1517	3	la	la	_	_	_	_	_	linguistic	_	ContainsVariation=No	_	_	_	_	_	_
1517-4	BO003	1517	4	tunica::	tunica	_	_	_	_	_	linguistic	_	ContainsVariation=No	_	_	5x2	_	_	_
1517-5	BO003	1517	5	[da	da	_	_	_	_	_	linguistic	_	ContainsVariation=No	_	_	_	_	_	0-2(545)
1517-6	BO003	1517	6	elfo].	elfo	_	_	_	_	_	linguistic	_	ContainsVariation=No	Intonation=Falling	End=3433.76	_	_	_	0-4(545)
1518-0	BO002	1518	0	[SÌ].	sì	_	_	_	_	_	linguistic	_	ContainsVariation=No	Intonation=Falling|Volume=high	Begin=3433.05	_	_	_	0-2(545)
1518-1	BO002	1518	1	sempre	sempre	_	_	_	_	_	linguistic	_	ContainsVariation=No	_	End=3434.632	_	_	_	_
1519-0	BO003	1519	0	sempre	sempre	_	_	_	_	_	linguistic	_	ContainsVariation=No	_	Begin=3434.66|End=3435.562	_	_	_	_
1520-0	BO002	1520	0	l'	l'	_	_	_	_	_	linguistic	_	ContainsVariation=No	SpaceAfter=No	Begin=3435.562	_	_	_	_
1520-1	BO002	1520	1	arcoe,	arcoe	_	_	_	_	_	linguistic	_	ContainsVariation=No	Intonation=WeaklyRising	_	_	_	_	_
1520-2	BO002	1520	2	le	le	_	_	_	_	_	linguistic	_	ContainsVariation=No	_	_	_	_	_	_
1520-3	BO002	1520	3	[fre~]	fre~	_	_	_	_	_	linguistic	_	ContainsVariation=No	Interrupted=Yes	End=3436.728	_	_	_	0-4(546)
1521-0	BO003	1521	0	[però]	però	_	_	_	_	_	linguistic	_	ContainsVariation=No	_	Begin=3436.359	_	_	_	0-4(546)
1521-1	BO003	1521	1	anche	anche	_	_	_	_	_	linguistic	_	ContainsVariation=No	_	_	_	_	_	_
1521-2	BO003	1521	2	lui	lui	_	_	_	_	_	linguistic	_	ContainsVariation=No	_	_	_	_	_	_
1521-3	BO003	1521	3	non	non	_	_	_	_	_	linguistic	_	ContainsVariation=No	_	_	_	_	_	_
1521-4	BO003	1521	4	ha	ha	_	_	_	_	_	linguistic	_	ContainsVariation=No	_	_	_	_	_	_
1521-5	BO003	1521	5	una	una	_	_	_	_	_	linguistic	_	ContainsVariation=No	_	_	_	_	_	_
1521-6	BO003	1521	6	ship	ship	_	_	_	_	_	linguistic	_	ContainsVariation=No	_	End=3438.174	_	_	_	_
1522-0	BO003	1522	0	cioè	cioè	_	_	_	_	_	linguistic	_	ContainsVariation=No	_	Begin=3438.596	_	_	_	_
1522-1	BO003	1522	1	ha	ha	_	_	_	_	_	linguistic	_	ContainsVariation=No	_	_	_	_	_	_
1522-2	BO003	1522	2	gimli	gimli	_	_	_	_	_	linguistic	_	ContainsVariation=No	_	_	_	_	_	_
1522-3	BO003	1522	3	ma::	ma	_	_	_	_	_	linguistic	_	ContainsVariation=No	_	_	1x2	_	_	_
1522-4	BO003	1522	4	è	è	_	_	_	_	_	linguistic	_	ContainsVariation=No	_	_	_	_	_	_
1522-5	BO003	1522	5	tutto	tutto	_	_	_	_	_	linguistic	_	ContainsVariation=No	_	_	_	_	_	_
1522-6	BO003	1522	6	inventato.	inventato	_	_	_	_	_	linguistic	_	ContainsVariation=No	Intonation=Falling	_	_	_	_	_
1522-7	BO003	1522	7	((ride))	((ride))	_	_	_	_	_	nonverbalbehavior	_	ContainsVariation=No	_	End=3441.194	_	_	_	_
1523-0	BO002	1523	0	((ride))	((ride))	_	_	_	_	_	nonverbalbehavior	_	ContainsVariation=No	_	Begin=3440.1|End=3441.624	_	_	_	_
1524-0	BO002	1524	0	no.	no	_	_	_	_	_	linguistic	_	ContainsVariation=No	Intonation=Falling	Begin=3441.84	_	_	_	_
1524-1	BO002	1524	1	però	però	_	_	_	_	_	linguistic	_	ContainsVariation=No	_	_	_	_	_	_
1524-2	BO002	1524	2	nello	nello	_	_	_	_	_	linguistic	_	ContainsVariation=No	_	_	_	_	_	_
1524-3	BO002	1524	3	hobbit	hobbit	_	_	_	_	_	linguistic	_	ContainsVariation=No	_	_	_	_	_	_
1524-4	BO002	1524	4	c'	c'	_	_	_	_	_	linguistic	_	ContainsVariation=No	SpaceAfter=No	_	_	_	_	_
1524-5	BO002	1524	5	ha	ha	_	_	_	_	_	linguistic	_	ContainsVariation=No	_	_	_	_	_	_
1524-6	BO002	1524	6	la	la	_	_	_	_	_	linguistic	_	ContainsVariation=No	_	_	_	_	_	_
1524-7	BO002	1524	7	raga:zza	ragazza	_	_	_	_	_	linguistic	_	ContainsVariation=No	_	End=3444.732	3x1	_	_	_
1525-0	BO003	1525	0	quella:,	quella	_	_	_	_	_	linguistic	_	ContainsVariation=No	Intonation=WeaklyRising	Begin=3444.761	5x1	_	_	_
1525-1	BO003	1525	1	coi	coi	_	_	_	_	_	linguistic	_	ContainsVariation=No	_	_	_	_	_	_
1525-2	BO003	1525	2	capelli	capelli	_	_	_	_	_	linguistic	_	ContainsVariation=No	_	_	_	_	_	_
1525-3	BO003	1525	3	rossi	rossi	_	_	_	_	_	linguistic	_	ContainsVariation=No	_	End=3446.448	_	_	_	_
1526-0	BO002	1526	0	<brutta>	brutta	_	_	_	_	_	linguistic	_	ContainsVariation=No	_	Begin=3446.743	_	Slow=0-6(0)	_	_
1526-1	BO002	1526	1	come	come	_	_	_	_	_	linguistic	_	ContainsVariation=No	_	_	_	_	_	_
1526-2	BO002	1526	2	po:chi.	pochi	_	_	_	_	_	linguistic	_	ContainsVariation=No	Intonation=Falling	_	1x1	_	_	_
1526-3	BO002	1526	3	insomma.	insomma	_	_	_	_	_	linguistic	_	ContainsVariation=No	Intonation=Falling	_	_	_	_	_
1526-4	BO002	1526	4	ero	ero	_	_	_	_	_	linguistic	_	ContainsVariation=No	_	_	_	_	_	_
1526-5	BO002	1526	5	meglio	meglio	_	_	_	_	_	linguistic	_	ContainsVariation=No	_	_	_	_	_	_
1526-6	BO002	1526	6	io.	io	_	_	_	_	_	linguistic	_	ContainsVariation=No	Intonation=Falling	_	_	_	_	_
1526-7	BO002	1526	7	(pensan~	pensan~	_	_	_	_	_	linguistic	_	ContainsVariation=No	Interrupted=Yes	_	_	_	0-7(0)	_
1526-8	BO002	1526	8	pro~	pro~	_	_	_	_	_	linguistic	_	ContainsVariation=No	Interrupted=Yes	_	_	_	0-4(0)	_
1526-9	BO002	1526	9	eh:,)	eh	_	_	_	_	_	linguistic	_	ContainsVariation=No	Intonation=WeaklyRising	End=3451.475	1x1	_	0-2(0)	_
1527-0	BO003	1527	0	((ride))	((ride))	_	_	_	_	_	nonverbalbehavior	_	ContainsVariation=No	_	Begin=3448.434|End=3451.149	_	_	_	_
1528-0	BO003	1528	0	jessica:,	jessica	_	_	_	_	_	linguistic	_	ContainsVariation=No	Intonation=WeaklyRising	Begin=3451.535	6x1	_	_	_
1528-1	BO003	1528	1	chastain.	chastain	_	_	_	_	_	linguistic	_	ContainsVariation=No	Intonation=Falling	_	_	_	_	_
1528-2	BO003	1528	2	lì	lì	_	_	_	_	_	linguistic	_	ContainsVariation=No	_	_	_	_	_	_
1528-3	BO003	1528	3	cha[stain]	chastain	_	_	_	_	_	linguistic	_	ContainsVariation=No	_	End=3454.333	_	_	_	3-8(549)
1529-0	BO002	1529	0	[non	non	_	_	_	_	_	linguistic	_	ContainsVariation=No	_	Begin=3453.571	_	_	_	0-3(549)
1529-1	BO002	1529	1	lo	lo	_	_	_	_	_	linguistic	_	ContainsVariation=No	_	_	_	_	_	0-2(549)
1529-2	BO002	1529	2	so]	so	_	_	_	_	_	linguistic	_	ContainsVariation=No	_	_	_	_	_	0-2(549)
1529-3	BO002	1529	3	come	come	_	_	_	_	_	linguistic	_	ContainsVariation=No	_	_	_	_	_	_
1529-4	BO002	1529	4	si	si	_	_	_	_	_	linguistic	_	ContainsVariation=No	_	_	_	_	_	_
1529-5	BO002	1529	5	chia~	chia~	_	_	_	_	_	linguistic	_	ContainsVariation=No	Interrupted=Yes	End=3455.447	_	_	_	_
1530-0	BO002	1530	0	[a	a	_	_	_	_	_	linguistic	_	ContainsVariation=No	_	Begin=3455.543	_	_	_	0-1(550)
1530-1	BO002	1530	1	me	me	_	_	_	_	_	linguistic	_	ContainsVariation=No	_	_	_	_	_	0-2(550)
1530-2	BO002	1530	2	non	non	_	_	_	_	_	linguistic	_	ContainsVariation=No	_	_	_	_	_	0-3(550)
1530-3	BO002	1530	3	pia::ce]	piace	_	_	_	_	_	linguistic	_	ContainsVariation=No	_	End=3457.176	2x2	_	_	0-5(550)
1531-0	BO003	1531	0	[sì	sì	_	_	_	_	_	linguistic	_	ContainsVariation=No	_	Begin=3455.543	_	_	_	0-2(550)
1531-1	BO003	1531	1	neanche	neanche	_	_	_	_	_	linguistic	_	ContainsVariation=No	_	_	_	_	_	0-7(550)
1531-2	BO003	1531	2	a	a	_	_	_	_	_	linguistic	_	ContainsVariation=No	_	_	_	_	_	0-1(550)
1531-3	BO003	1531	3	me	me	_	_	_	_	_	linguistic	_	ContainsVariation=No	_	_	_	_	_	0-2(550)
1531-4	BO003	1531	4	piaceva]	piaceva	_	_	_	_	_	linguistic	_	ContainsVariation=No	_	End=3457.176	_	_	_	0-7(550)
1532-0	BO003	1532	0	no	no	_	_	_	_	_	linguistic	_	ContainsVariation=No	_	Begin=3457.254	_	_	_	_
1532-1	BO003	1532	1	neanche	neanche	_	_	_	_	_	linguistic	_	ContainsVariation=No	_	_	_	_	_	_
1532-2	BO003	1532	2	a	a	_	_	_	_	_	linguistic	_	ContainsVariation=No	_	_	_	_	_	_
1532-3	BO003	1532	3	me	me	_	_	_	_	_	linguistic	_	ContainsVariation=No	_	End=3458.258	_	_	_	_
1533-0	BO002	1533	0	no	no	_	_	_	_	_	linguistic	_	ContainsVariation=No	_	Begin=3458.638	_	_	_	_
1533-1	BO002	1533	1	>poi<.	poi	_	_	_	_	_	linguistic	_	ContainsVariation=No	Intonation=Falling	_	_	Fast=0-3(0)	_	_
1533-2	BO002	1533	2	m~	m~	_	_	_	_	_	linguistic	_	ContainsVariation=No	Interrupted=Yes	_	_	_	_	_
1533-3	BO002	1533	3	me	me	_	_	_	_	_	linguistic	_	ContainsVariation=No	_	_	_	_	_	_
1533-4	BO002	1533	4	non	non	_	_	_	_	_	linguistic	_	ContainsVariation=No	_	_	_	_	_	_
1533-5	BO002	1533	5	piace	piace	_	_	_	_	_	linguistic	_	ContainsVariation=No	_	_	_	_	_	_
1533-6	BO002	1533	6	a	a	_	_	_	_	_	linguistic	_	ContainsVariation=No	_	_	_	_	_	_
1533-7	BO002	1533	7	prescindere	prescindere	_	_	_	_	_	linguistic	_	ContainsVariation=No	_	_	_	_	_	_
1533-8	BO002	1533	8	perché	perché	_	_	_	_	_	linguistic	_	ContainsVariation=No	_	_	_	_	_	_
1533-9	BO002	1533	9	[x]	x	_	_	_	_	_	unknown	_	ContainsVariation=No	Syllables=1	End=3461.378	_	_	_	0-1(551)
1534-0	BO003	1534	0	[>perché<]	perché	_	_	_	_	_	linguistic	_	ContainsVariation=No	_	Begin=3460.803	_	Fast=0-6(0)	_	0-6(551)
1534-1	BO003	1534	1	è	è	_	_	_	_	_	linguistic	_	ContainsVariation=No	_	_	_	_	_	_
1534-2	BO003	1534	2	tuo,	tuo	_	_	_	_	_	linguistic	_	ContainsVariation=No	Intonation=WeaklyRising	End=3461.492	_	_	_	_
1535-0	BO002	1535	0	eh.	eh	_	_	_	_	_	linguistic	_	ContainsVariation=No	Intonation=Falling|PauseAfter=Yes	Begin=3461.545	_	_	_	_
1535-1	BO002	1535	1	(.)	(.)	_	_	_	_	_	shortpause	_	ContainsVariation=No	_	_	_	_	_	_
1535-2	BO002	1535	2	[x]	x	_	_	_	_	_	unknown	_	ContainsVariation=No	Syllables=1	End=3462.788	_	_	_	0-1(552)
1536-0	BO003	1536	0	[al	al	_	_	_	_	_	linguistic	_	ContainsVariation=No	_	Begin=3462.131	_	_	_	0-2(552)
1536-1	BO003	1536	1	mas]simo	massimo	_	_	_	_	_	linguistic	_	ContainsVariation=No	_	_	_	_	_	0-3(552)
1536-2	BO003	1536	2	di	di	_	_	_	_	_	linguistic	_	ContainsVariation=No	_	_	_	_	_	_
1536-3	BO003	1536	3	gimli	gimli	_	_	_	_	_	linguistic	_	ContainsVariation=No	_	End=3463.543	_	_	_	_
1537-0	BO002	1537	0	((ride))	((ride))	_	_	_	_	_	nonverbalbehavior	_	ContainsVariation=No	_	Begin=3463.607|End=3464.512	_	_	_	_
1538-0	BO003	1538	0	((ride))	((ride))	_	_	_	_	_	nonverbalbehavior	_	ContainsVariation=No	_	Begin=3463.607|End=3464.512	_	_	_	_
1539-0	BO002	1539	0	<con	con	_	_	_	_	_	linguistic	_	ContainsVariation=No	_	Begin=3464.588	_	Slow=0-3(0)	_	_
1539-1	BO002	1539	1	gimli>	gimli	_	_	_	_	_	linguistic	_	ContainsVariation=No	_	_	_	Slow=0-5(0)	_	_
1539-2	BO002	1539	2	posso	posso	_	_	_	_	_	linguistic	_	ContainsVariation=No	_	_	_	_	_	_
1539-3	BO002	1539	3	fare,	fare	_	_	_	_	_	linguistic	_	ContainsVariation=No	Intonation=WeaklyRising|PauseAfter=Yes	_	_	_	_	_
1539-4	BO002	1539	4	(.)	(.)	_	_	_	_	_	shortpause	_	ContainsVariation=No	_	_	_	_	_	_
1539-5	BO002	1539	5	un	un	_	_	_	_	_	linguistic	_	ContainsVariation=No	_	_	_	_	_	_
1539-6	BO002	1539	6	eh::	eh	_	_	_	_	_	linguistic	_	ContainsVariation=No	_	_	1x2	_	_	_
1539-7	BO002	1539	7	sha[ring]	sharing	_	_	_	_	_	linguistic	_	ContainsVariation=No	_	End=3470.192	_	_	_	3-7(554)
1540-0	BO003	1540	0	[sì	sì	_	_	_	_	_	linguistic	_	ContainsVariation=No	_	Begin=3469.81	_	_	_	0-2(554)
1540-1	BO003	1540	1	nean]che	neanche	_	_	_	_	_	linguistic	_	ContainsVariation=No	_	_	_	_	_	0-4(554)
1540-2	BO003	1540	2	a	a	_	_	_	_	_	linguistic	_	ContainsVariation=No	_	_	_	_	_	_
1540-3	BO003	1540	3	me	me	_	_	_	_	_	linguistic	_	ContainsVariation=No	_	_	_	_	_	_
1540-4	BO003	1540	4	lei	lei	_	_	_	_	_	linguistic	_	ContainsVariation=No	_	_	_	_	_	_
1540-5	BO003	1540	5	piace	piace	_	_	_	_	_	linguistic	_	ContainsVariation=No	_	End=3471.443	_	_	_	_
1541-0	BO002	1541	0	ma	ma	_	_	_	_	_	linguistic	_	ContainsVariation=No	_	Begin=3471.544	_	_	_	_
1541-1	BO002	1541	1	con	con	_	_	_	_	_	linguistic	_	ContainsVariation=No	_	_	_	_	_	_
1541-2	BO002	1541	2	lei	lei	_	_	_	_	_	linguistic	_	ContainsVariation=No	_	_	_	_	_	_
1541-3	BO002	1541	3	no.	no	_	_	_	_	_	linguistic	_	ContainsVariation=No	Intonation=Falling	End=3473.007	_	_	_	_
1542-0	BO003	1542	0	ah	ah	_	_	_	_	_	linguistic	_	ContainsVariation=No	_	Begin=3473.18	_	_	_	_
1542-1	BO003	1542	1	poi	poi	_	_	_	_	_	linguistic	_	ContainsVariation=No	_	_	_	_	_	_
1542-2	BO003	1542	2	gandalf	gandalf	_	_	_	_	_	linguistic	_	ContainsVariation=No	_	_	_	_	_	_
1542-3	BO003	1542	3	è	è	_	_	_	_	_	linguistic	_	ContainsVariation=No	_	_	_	_	_	_
1542-4	BO003	1542	4	il	il	_	_	_	_	_	linguistic	_	ContainsVariation=No	_	_	_	_	_	_
1542-5	BO003	1542	5	sosia	sosia	_	_	_	_	_	linguistic	_	ContainsVariation=No	_	_	_	_	_	_
1542-6	BO003	1542	6	di	di	_	_	_	_	_	linguistic	_	ContainsVariation=No	_	_	_	_	_	_
1542-7	BO003	1542	7	sile:nte	silente	_	_	_	_	_	linguistic	_	ContainsVariation=No	_	_	3x1	_	_	_
1542-8	BO003	1542	8	cioè	cioè	_	_	_	_	_	linguistic	_	ContainsVariation=No	_	_	_	_	_	_
1542-9	BO003	1542	9	quanto	quanto	_	_	_	_	_	linguistic	_	ContainsVariation=No	_	_	_	_	_	_
1542-10	BO003	1542	10	[è	è	_	_	_	_	_	linguistic	_	ContainsVariation=No	_	_	_	_	_	0-1(555)
1542-11	BO003	1542	11	xxx	xxx	_	_	_	_	_	unknown	_	ContainsVariation=No	Syllables=3	_	_	_	_	0-3(555)
1542-12	BO003	1542	12	è	è	_	_	_	_	_	linguistic	_	ContainsVariation=No	_	_	_	_	_	0-1(555)
1542-13	BO003	1542	13	identico]	identico	_	_	_	_	_	linguistic	_	ContainsVariation=No	_	End=3477.127	_	_	_	0-8(555)
1543-0	BO002	1543	0	[sì::]	sì	_	_	_	_	_	linguistic	_	ContainsVariation=No	_	Begin=3475.956|End=3477.135	1x2	_	_	0-2(555)
1544-0	BO002	1544	0	è	è	_	_	_	_	_	linguistic	_	ContainsVariation=No	_	Begin=3477.314	_	_	_	_
1544-1	BO002	1544	1	ve::[ro]	vero	_	_	_	_	_	linguistic	_	ContainsVariation=No	_	End=3478.633	1x2	_	_	2-4(556)
1545-0	BO003	1545	0	[è	è	_	_	_	_	_	linguistic	_	ContainsVariation=No	_	Begin=3477.594	_	_	_	0-1(556)
1545-1	BO003	1545	1	ugua:]le	uguale	_	_	_	_	_	linguistic	_	ContainsVariation=No	_	End=3478.652	3x1	_	_	0-4(556)
1546-0	BO002	1546	0	sì	sì	_	_	_	_	_	linguistic	_	ContainsVariation=No	_	Begin=3479.895	_	_	_	_
1546-1	BO002	1546	1	sì	sì	_	_	_	_	_	linguistic	_	ContainsVariation=No	_	_	_	_	_	_
1546-2	BO002	1546	2	sì	sì	_	_	_	_	_	linguistic	_	ContainsVariation=No	_	End=3481.076	_	_	_	_
1547-0	BO002	1547	0	ma:	ma	_	_	_	_	_	linguistic	_	ContainsVariation=No	_	Begin=3481.655	1x1	_	_	_
1547-1	BO002	1547	1	poi::	poi	_	_	_	_	_	linguistic	_	ContainsVariation=No	PauseAfter=Yes	_	2x2	_	_	_
1547-2	BO002	1547	2	(.)	(.)	_	_	_	_	_	shortpause	_	ContainsVariation=No	_	_	_	_	_	_
1547-3	BO002	1547	3	che	che	_	_	_	_	_	linguistic	_	ContainsVariation=No	_	_	_	_	_	_
1547-4	BO002	1547	4	bel	bel	_	_	_	_	_	linguistic	_	ContainsVariation=No	_	_	_	_	_	_
1547-5	BO002	1547	5	cavallo	cavallo	_	_	_	_	_	linguistic	_	ContainsVariation=No	_	_	_	_	_	_
1547-6	BO002	1547	6	che	che	_	_	_	_	_	linguistic	_	ContainsVariation=No	_	_	_	_	_	_
1547-7	BO002	1547	7	ha,	ha	_	_	_	_	_	linguistic	_	ContainsVariation=No	Intonation=WeaklyRising	End=3484.618	_	_	_	_
1548-0	BO003	1548	0	sì::	sì	_	_	_	_	_	linguistic	_	ContainsVariation=No	_	Begin=3484.618|End=3485.133	1x2	_	_	_
1549-0	BO002	1549	0	ombromanto	ombromanto	_	_	_	_	_	linguistic	_	ContainsVariation=No	_	Begin=3485.229|End=3486.16	_	_	_	_
1550-0	BO003	1550	0	sì	sì	_	_	_	_	_	linguistic	_	ContainsVariation=No	_	Begin=3486.298|End=3487.075	_	_	_	_
1551-0	BO002	1551	0	che	che	_	_	_	_	_	linguistic	_	ContainsVariation=No	_	Begin=3487.129	_	_	_	_
1551-1	BO002	1551	1	poi	poi	_	_	_	_	_	linguistic	_	ContainsVariation=No	_	_	_	_	_	_
1551-2	BO002	1551	2	è	è	_	_	_	_	_	linguistic	_	ContainsVariation=No	_	_	_	_	_	_
1551-3	BO002	1551	3	bianco	bianco	_	_	_	_	_	linguistic	_	ContainsVariation=No	_	_	_	_	_	_
1551-4	BO002	1551	4	>pero	pero	_	_	_	_	_	linguistic	_	ContainsVariation=No	_	_	_	Fast=0-4(0)	_	_
1551-5	BO002	1551	5	vabbè<]	vabbè	_	_	_	_	_	linguistic	_	ContainsVariation=No	_	_	_	Fast=0-5(0)	_	_
1551-6	BO002	1551	6	((ride))	((ride))	_	_	_	_	_	nonverbalbehavior	_	ContainsVariation=No	_	End=3488.995	_	_	_	_
1552-0	BO003	1552	0	((ride))	((ride))	_	_	_	_	_	nonverbalbehavior	_	ContainsVariation=No	_	Begin=3487.976|End=3488.667	_	_	_	_
1553-0	BO002	1553	0	no.	no	_	_	_	_	_	linguistic	_	ContainsVariation=No	Intonation=Falling	Begin=3491.443	_	_	_	_
1553-1	BO002	1553	1	legolas,	legolas	_	_	_	_	_	linguistic	_	ContainsVariation=No	Intonation=WeaklyRising	_	_	_	_	_
1553-2	BO002	1553	2	questa	questa	_	_	_	_	_	linguistic	_	ContainsVariation=No	_	_	_	_	_	_
1553-3	BO002	1553	3	cosa	cosa	_	_	_	_	_	linguistic	_	ContainsVariation=No	_	_	_	_	_	_
1553-4	BO002	1553	4	che	che	_	_	_	_	_	linguistic	_	ContainsVariation=No	_	_	_	_	_	_
1553-5	BO002	1553	5	legolas	legolas	_	_	_	_	_	linguistic	_	ContainsVariation=No	PauseAfter=Yes	_	_	_	_	_
1553-6	BO002	1553	6	(.)	(.)	_	_	_	_	_	shortpause	_	ContainsVariation=No	_	_	_	_	_	_
1553-7	BO002	1553	7	no	no	_	_	_	_	_	linguistic	_	ContainsVariation=No	_	_	_	_	_	_
1553-8	BO002	1553	8	questa	questa	_	_	_	_	_	linguistic	_	ContainsVariation=No	_	_	_	_	_	_
1553-9	BO002	1553	9	cosa	cosa	_	_	_	_	_	linguistic	_	ContainsVariation=No	_	_	_	_	_	_
1553-10	BO002	1553	10	non	non	_	_	_	_	_	linguistic	_	ContainsVariation=No	_	_	_	_	_	_
1553-11	BO002	1553	11	va	va	_	_	_	_	_	linguistic	_	ContainsVariation=No	_	_	_	_	_	_
1553-12	BO002	1553	12	be~	be~	_	_	_	_	_	linguistic	_	ContainsVariation=No	Interrupted=Yes	_	_	_	_	_
1553-13	BO002	1553	13	(>boia<)	boia	_	_	_	_	_	linguistic	_	ContainsVariation=No	_	_	_	Fast=0-4(0)	0-4(0)	_
1553-14	BO002	1553	14	taylor	taylor	_	_	_	_	_	linguistic	_	ContainsVariation=No	_	_	_	_	_	_
1553-15	BO002	1553	15	lautner	lautner	_	_	_	_	_	linguistic	_	ContainsVariation=No	_	_	_	_	_	_
1553-16	BO002	1553	16	troppo	troppo	_	_	_	_	_	linguistic	_	ContainsVariation=No	_	_	_	_	_	_
1553-17	BO002	1553	17	ma,	ma	_	_	_	_	_	linguistic	_	ContainsVariation=No	Intonation=WeaklyRising	End=3498.251	_	_	_	_
1554-0	BO003	1554	0	((ride))	((ride))	_	_	_	_	_	nonverbalbehavior	_	ContainsVariation=No	_	Begin=3493.651|End=3494.326	_	_	_	_
1555-0	BO003	1555	0	((ride))	((ride))	_	_	_	_	_	nonverbalbehavior	_	ContainsVariation=No	_	Begin=3495.159|End=3497.799	_	_	_	_
1556-0	BO003	1556	0	taylor	taylor	_	_	_	_	_	linguistic	_	ContainsVariation=No	_	Begin=3498.324	_	_	_	_
1556-1	BO003	1556	1	lautner	lautner	_	_	_	_	_	linguistic	_	ContainsVariation=No	_	_	_	_	_	_
1556-2	BO003	1556	2	so:l[o]	solo	_	_	_	_	_	linguistic	_	ContainsVariation=No	_	End=3499.842	1x1	_	_	3-4(560)
1557-0	BO002	1557	0	[so]lo	solo	_	_	_	_	_	linguistic	_	ContainsVariation=No	_	Begin=3499.629|End=3500.611	_	_	_	0-2(560)
1558-0	BO002	1558	0	[xxxx]	xxxx	_	_	_	_	_	unknown	_	ContainsVariation=No	Syllables=4	Begin=3501.059	_	_	_	0-4(561)
1558-1	BO002	1558	1	sì.	sì	_	_	_	_	_	linguistic	_	ContainsVariation=No	Intonation=Falling	_	_	_	_	_
1558-2	BO002	1558	2	anche	anche	_	_	_	_	_	linguistic	_	ContainsVariation=No	_	_	_	_	_	_
1558-3	BO002	1558	3	in	in	_	_	_	_	_	linguistic	_	ContainsVariation=No	PauseAfter=Yes	_	_	_	_	_
1558-4	BO002	1558	4	(.)	(.)	_	_	_	_	_	shortpause	_	ContainsVariation=No	_	_	_	_	_	_
1558-5	BO002	1558	5	twilight.	twilight	_	_	_	_	_	linguistic	_	ContainsVariation=No	Intonation=Falling	End=3503.921	_	_	_	_
1559-0	BO003	1559	0	[lui	lui	_	_	_	_	_	linguistic	_	ContainsVariation=No	_	Begin=3501.059	_	_	_	0-3(561)
1559-1	BO003	1559	1	è	è	_	_	_	_	_	linguistic	_	ContainsVariation=No	_	_	_	_	_	0-1(561)
1559-2	BO003	1559	2	lì	lì	_	_	_	_	_	linguistic	_	ContainsVariation=No	_	_	_	_	_	0-2(561)
1559-3	BO003	1559	3	per	per	_	_	_	_	_	linguistic	_	ContainsVariation=No	_	_	_	_	_	0-3(561)
1559-4	BO003	1559	4	quello]	quello	_	_	_	_	_	linguistic	_	ContainsVariation=No	_	End=3502.298	_	_	_	0-6(561)
1560-0	BO003	1560	0	sì	sì	_	_	_	_	_	linguistic	_	ContainsVariation=No	_	Begin=3503.921|End=3504.63	_	_	_	_
1561-0	BO002	1561	0	anche	anche	_	_	_	_	_	linguistic	_	ContainsVariation=No	_	Begin=3504.63	_	_	_	_
1561-1	BO002	1561	1	quando	quando	_	_	_	_	_	linguistic	_	ContainsVariation=No	_	_	_	_	_	_
1561-2	BO002	1561	2	pio:ve	piove	_	_	_	_	_	linguistic	_	ContainsVariation=No	_	_	2x1	_	_	_
1561-3	BO002	1561	3	lui	lui	_	_	_	_	_	linguistic	_	ContainsVariation=No	_	_	_	_	_	_
1561-4	BO002	1561	4	sta	sta	_	_	_	_	_	linguistic	_	ContainsVariation=No	_	_	_	_	_	_
1561-5	BO002	1561	5	semp~	semp~	_	_	_	_	_	linguistic	_	ContainsVariation=No	Interrupted=Yes	_	_	_	_	_
1561-6	BO002	1561	6	senza	senza	_	_	_	_	_	linguistic	_	ContainsVariation=No	_	_	_	_	_	_
1561-7	BO002	1561	7	maglia.	maglia	_	_	_	_	_	linguistic	_	ContainsVariation=No	Intonation=Falling	_	_	_	_	_
1561-8	BO002	1561	8	io	io	_	_	_	_	_	linguistic	_	ContainsVariation=No	_	_	_	_	_	_
1561-9	BO002	1561	9	ho	ho	_	_	_	_	_	linguistic	_	ContainsVariation=No	_	_	_	_	_	_
1561-10	BO002	1561	10	capito	capito	_	_	_	_	_	linguistic	_	ContainsVariation=No	_	_	_	_	_	_
1561-11	BO002	1561	11	tu	tu	_	_	_	_	_	linguistic	_	ContainsVariation=No	_	_	_	_	_	_
1561-12	BO002	1561	12	sei	sei	_	_	_	_	_	linguistic	_	ContainsVariation=No	_	_	_	_	_	_
1561-13	BO002	1561	13	un	un	_	_	_	_	_	linguistic	_	ContainsVariation=No	_	_	_	_	_	_
1561-14	BO002	1561	14	lupo	lupo	_	_	_	_	_	linguistic	_	ContainsVariation=No	_	_	_	_	_	_
1561-15	BO002	1561	15	e	e	_	_	_	_	_	linguistic	_	ContainsVariation=No	_	_	_	_	_	_
1561-16	BO002	1561	16	tu	tu	_	_	_	_	_	linguistic	_	ContainsVariation=No	_	_	_	_	_	_
1561-17	BO002	1561	17	hai	hai	_	_	_	_	_	linguistic	_	ContainsVariation=No	_	_	_	_	_	_
1561-18	BO002	1561	18	quaranta	quaranta	_	_	_	_	_	linguistic	_	ContainsVariation=No	_	_	_	_	_	_
1561-19	BO002	1561	19	gradi	gradi	_	_	_	_	_	linguistic	_	ContainsVariation=No	_	_	_	_	_	_
1561-20	BO002	1561	20	di	di	_	_	_	_	_	linguistic	_	ContainsVariation=No	_	_	_	_	_	_
1561-21	BO002	1561	21	temperatura	temperatura	_	_	_	_	_	linguistic	_	ContainsVariation=No	_	End=3510.27	_	_	_	_
1562-0	BO003	1562	0	((ride))	((ride))	_	_	_	_	_	nonverbalbehavior	_	ContainsVariation=No	_	Begin=3508.485|End=3509.164	_	_	_	_
1563-0	BO003	1563	0	((ride))	((ride))	_	_	_	_	_	nonverbalbehavior	_	ContainsVariation=No	_	Begin=3510.106|End=3511.366	_	_	_	_
1564-0	BO002	1564	0	>però<.	però	_	_	_	_	_	linguistic	_	ContainsVariation=No	Intonation=Falling	Begin=3510.974	_	Fast=0-4(0)	_	_
1564-1	BO002	1564	1	>ohi<.	ohi	_	_	_	_	_	linguistic	_	ContainsVariation=No	Intonation=Falling	_	_	Fast=0-3(1)	_	_
1564-2	BO002	1564	2	[xxxx]	xxxx	_	_	_	_	_	unknown	_	ContainsVariation=No	Syllables=4	_	_	_	_	0-4(565)
1564-3	BO002	1564	3	un	un	_	_	_	_	_	linguistic	_	ContainsVariation=No	_	_	_	_	_	_
1564-4	BO002	1564	4	è	è	_	_	_	_	_	linguistic	_	ContainsVariation=No	_	_	_	_	_	_
1564-5	BO002	1564	5	che	che	_	_	_	_	_	linguistic	_	ContainsVariation=No	_	_	_	_	_	_
1564-6	BO002	1564	6	uno,	uno	_	_	_	_	_	linguistic	_	ContainsVariation=No	Intonation=WeaklyRising	_	_	_	_	_
1564-7	BO002	1564	7	va	va	_	_	_	_	_	linguistic	_	ContainsVariation=No	_	_	_	_	_	_
1564-8	BO002	1564	8	a	a	_	_	_	_	_	linguistic	_	ContainsVariation=No	_	_	_	_	_	_
1564-9	BO002	1564	9	giro	giro	_	_	_	_	_	linguistic	_	ContainsVariation=No	_	_	_	_	_	_
1564-10	BO002	1564	10	pe	pe	_	_	_	_	_	linguistic	_	ContainsVariation=No	_	_	_	_	_	_
1564-11	BO002	1564	11	i	i	_	_	_	_	_	linguistic	_	ContainsVariation=No	_	_	_	_	_	_
1564-12	BO002	1564	12	paese	paese	_	_	_	_	_	linguistic	_	ContainsVariation=No	_	_	_	_	_	_
1564-13	BO002	1564	13	senza	senza	_	_	_	_	_	linguistic	_	ContainsVariation=No	_	_	_	_	_	_
1564-14	BO002	1564	14	[ma::glia]	maglia	_	_	_	_	_	linguistic	_	ContainsVariation=No	_	End=3515.379	1x2	_	_	0-6(566)
1565-0	BO003	1565	0	[un	un	_	_	_	_	_	linguistic	_	ContainsVariation=No	_	Begin=3511.566	_	_	_	0-2(565)
1565-1	BO003	1565	1	te:rmo~]	termo~	_	_	_	_	_	linguistic	_	ContainsVariation=No	Interrupted=Yes	End=3512.638	1x1	_	_	0-6(565)
1566-0	BO003	1566	0	[sì	sì	_	_	_	_	_	linguistic	_	ContainsVariation=No	_	Begin=3514.768	_	_	_	0-2(566)
1566-1	BO003	1566	1	sì]	sì	_	_	_	_	_	linguistic	_	ContainsVariation=No	_	End=3515.393	_	_	_	0-2(566)
1567-0	BO003	1567	0	poi	poi	_	_	_	_	_	linguistic	_	ContainsVariation=No	_	Begin=3515.905	_	_	_	_
1567-1	BO003	1567	1	dopo,	dopo	_	_	_	_	_	linguistic	_	ContainsVariation=No	Intonation=WeaklyRising	_	_	_	_	_
1567-2	BO003	1567	2	cioè.	cioè	_	_	_	_	_	linguistic	_	ContainsVariation=No	Intonation=Falling	_	_	_	_	_
1567-3	BO003	1567	3	adesso	adesso	_	_	_	_	_	linguistic	_	ContainsVariation=No	_	_	_	_	_	_
1567-4	BO003	1567	4	tu	tu	_	_	_	_	_	linguistic	_	ContainsVariation=No	_	_	_	_	_	_
1567-5	BO003	1567	5	spiegami	spiegami	_	_	_	_	_	linguistic	_	ContainsVariation=No	_	_	_	_	_	_
1567-6	BO003	1567	6	la	la	_	_	_	_	_	linguistic	_	ContainsVariation=No	_	_	_	_	_	_
1567-7	BO003	1567	7	logica	logica	_	_	_	_	_	linguistic	_	ContainsVariation=No	_	End=3518.937	_	_	_	_
1568-0	BO003	1568	0	eh::	eh	_	_	_	_	_	linguistic	_	ContainsVariation=No	_	Begin=3520.61	1x2	_	_	_
1568-1	BO003	1568	1	allora.	allora	_	_	_	_	_	linguistic	_	ContainsVariation=No	Intonation=Falling	End=3522.532	_	_	_	_
1569-0	BO003	1569	0	i	i	_	_	_	_	_	linguistic	_	ContainsVariation=No	_	Begin=3523.849	_	_	_	_
1569-1	BO003	1569	1	vampiri	vampiri	_	_	_	_	_	linguistic	_	ContainsVariation=No	_	_	_	_	_	_
1569-2	BO003	1569	2	e	e	_	_	_	_	_	linguistic	_	ContainsVariation=No	_	_	_	_	_	_
1569-3	BO003	1569	3	i	i	_	_	_	_	_	linguistic	_	ContainsVariation=No	_	_	_	_	_	_
1569-4	BO003	1569	4	lupi	lupi	_	_	_	_	_	linguistic	_	ContainsVariation=No	_	_	_	_	_	_
1569-5	BO003	1569	5	esistono	esistono	_	_	_	_	_	linguistic	_	ContainsVariation=No	_	_	_	_	_	_
1569-6	BO003	1569	6	da	da	_	_	_	_	_	linguistic	_	ContainsVariation=No	_	_	_	_	_	_
1569-7	BO003	1569	7	migliaia	migliaia	_	_	_	_	_	linguistic	_	ContainsVariation=No	_	_	_	_	_	_
1569-8	BO003	1569	8	di	di	_	_	_	_	_	linguistic	_	ContainsVariation=No	_	_	_	_	_	_
1569-9	BO003	1569	9	anni	anni	_	_	_	_	_	linguistic	_	ContainsVariation=No	_	End=3527.083	_	_	_	_
1570-0	BO002	1570	0	((ride))	((ride))	_	_	_	_	_	nonverbalbehavior	_	ContainsVariation=No	_	Begin=3524.211|End=3525.044	_	_	_	_
1571-0	BO002	1571	0	sì	sì	_	_	_	_	_	linguistic	_	ContainsVariation=No	_	Begin=3527.083|End=3527.969	_	_	_	_
1572-0	BO003	1572	0	vivono	vivono	_	_	_	_	_	linguistic	_	ContainsVariation=No	_	Begin=3528.677	_	_	_	_
1572-1	BO003	1572	1	camuffa:ti	camuffati	_	_	_	_	_	linguistic	_	ContainsVariation=No	_	_	6x1	_	_	_
1572-2	BO003	1572	2	senza	senza	_	_	_	_	_	linguistic	_	ContainsVariation=No	_	_	_	_	_	_
1572-3	BO003	1572	3	farsi	farsi	_	_	_	_	_	linguistic	_	ContainsVariation=No	_	_	_	_	_	_
1572-4	BO003	1572	4	scoprire	scoprire	_	_	_	_	_	linguistic	_	ContainsVariation=No	_	_	_	_	_	_
1572-5	BO003	1572	5	da	da	_	_	_	_	_	linguistic	_	ContainsVariation=No	_	_	_	_	_	_
1572-6	BO003	1572	6	migliaia	migliaia	_	_	_	_	_	linguistic	_	ContainsVariation=No	_	_	_	_	_	_
1572-7	BO003	1572	7	di	di	_	_	_	_	_	linguistic	_	ContainsVariation=No	_	_	_	_	_	_
1572-8	BO003	1572	8	an[ni]	anni	_	_	_	_	_	linguistic	_	ContainsVariation=No	_	End=3532.382	_	_	_	2-4(568)
1573-0	BO002	1573	0	[sì]	sì	_	_	_	_	_	linguistic	_	ContainsVariation=No	_	Begin=3532.022|End=3532.639	_	_	_	0-2(568)
1574-0	BO003	1574	0	arriva	arriva	_	_	_	_	_	linguistic	_	ContainsVariation=No	_	Begin=3532.658	_	_	_	_
1574-1	BO003	1574	1	una	una	_	_	_	_	_	linguistic	_	ContainsVariation=No	_	_	_	_	_	_
1574-2	BO003	1574	2	deficiente	deficiente	_	_	_	_	_	linguistic	_	ContainsVariation=No	PauseAfter=Yes	_	_	_	_	_
1574-3	BO003	1574	3	(.)	(.)	_	_	_	_	_	shortpause	_	ContainsVariation=No	_	_	_	_	_	_
1574-4	BO003	1574	4	complessata	complessata	_	_	_	_	_	linguistic	_	ContainsVariation=No	PauseAfter=Yes	_	_	_	_	_
1574-5	BO003	1574	5	(.)	(.)	_	_	_	_	_	shortpause	_	ContainsVariation=No	_	_	_	_	_	_
1574-6	BO003	1574	6	con	con	_	_	_	_	_	linguistic	_	ContainsVariation=No	_	_	_	_	_	_
1574-7	BO003	1574	7	un'	un'	_	_	_	_	_	linguistic	_	ContainsVariation=No	SpaceAfter=No	_	_	_	_	_
1574-8	BO003	1574	8	espressione	espressione	_	_	_	_	_	linguistic	_	ContainsVariation=No	_	_	_	_	_	_
1574-9	BO003	1574	9	per	per	_	_	_	_	_	linguistic	_	ContainsVariation=No	_	_	_	_	_	_
1574-10	BO003	1574	10	tutte	tutte	_	_	_	_	_	linguistic	_	ContainsVariation=No	_	_	_	_	_	_
1574-11	BO003	1574	11	le:::	le	_	_	_	_	_	linguistic	_	ContainsVariation=No	_	_	1x3	_	_	_
1574-12	BO003	1574	12	l~	l~	_	_	_	_	_	linguistic	_	ContainsVariation=No	Interrupted=Yes	_	_	_	_	_
1574-13	BO003	1574	13	le:	le	_	_	_	_	_	linguistic	_	ContainsVariation=No	PauseAfter=Yes	_	1x1	_	_	_
1574-14	BO003	1574	14	(.)	(.)	_	_	_	_	_	shortpause	_	ContainsVariation=No	_	_	_	_	_	_
1574-15	BO003	1574	15	[le	le	_	_	_	_	_	linguistic	_	ContainsVariation=No	_	_	_	_	_	0-2(569)
1574-16	BO003	1574	16	emozioni	emozioni	_	_	_	_	_	linguistic	_	ContainsVariation=No	_	_	_	_	_	0-8(569)
1574-17	BO003	1574	17	umane]	umane	_	_	_	_	_	linguistic	_	ContainsVariation=No	_	End=3540.199	_	_	_	0-5(569)
1575-0	BO002	1575	0	((ride))	((ride))	_	_	_	_	_	nonverbalbehavior	_	ContainsVariation=No	_	Begin=3535.379|End=3536.287	_	_	_	_
1576-0	BO002	1576	0	[ugua:le.	uguale	_	_	_	_	_	linguistic	_	ContainsVariation=No	Intonation=Falling	Begin=3538.377	3x1	_	_	0-6(569)
1576-1	BO002	1576	1	sempre	sempre	_	_	_	_	_	linguistic	_	ContainsVariation=No	_	_	_	_	_	0-6(569)
1576-2	BO002	1576	2	questa]	questa	_	_	_	_	_	linguistic	_	ContainsVariation=No	_	End=3540.191	_	_	_	0-6(569)
1577-0	BO003	1577	0	sì	sì	_	_	_	_	_	linguistic	_	ContainsVariation=No	_	Begin=3540.433|End=3540.787	_	_	_	_
1578-0	BO002	1578	0	((ride))	((ride))	_	_	_	_	_	nonverbalbehavior	_	ContainsVariation=No	_	Begin=3540.787|End=3541.419	_	_	_	_
1579-0	BO003	1579	0	bianca,	bianca	_	_	_	_	_	linguistic	_	ContainsVariation=No	Intonation=WeaklyRising	Begin=3542.07	_	_	_	_
1579-1	BO003	1579	1	>e	e	_	_	_	_	_	linguistic	_	ContainsVariation=No	_	_	_	Fast=0-1(0)	_	_
1579-2	BO003	1579	2	adess~	adess~	_	_	_	_	_	linguistic	_	ContainsVariation=No	Interrupted=Yes	_	_	Fast=0-6(0)	_	_
1579-3	BO003	1579	3	non	non	_	_	_	_	_	linguistic	_	ContainsVariation=No	_	_	_	Fast=0-3(0)	_	_
1579-4	BO003	1579	4	è	è	_	_	_	_	_	linguistic	_	ContainsVariation=No	_	_	_	Fast=0-1(0)	_	_
1579-5	BO003	1579	5	che	che	_	_	_	_	_	linguistic	_	ContainsVariation=No	_	_	_	Fast=0-3(0)	_	_
1579-6	BO003	1579	6	io	io	_	_	_	_	_	linguistic	_	ContainsVariation=No	_	_	_	Fast=0-2(0)	_	_
1579-7	BO003	1579	7	sia	sia	_	_	_	_	_	linguistic	_	ContainsVariation=No	_	_	_	Fast=0-3(0)	_	_
1579-8	BO003	1579	8	abbron~non	abbron~non	_	_	_	_	_	error	_	ContainsVariation=No	_	_	_	Fast=0-10(0)	_	_
1579-9	BO003	1579	9	è	è	_	_	_	_	_	linguistic	_	ContainsVariation=No	_	_	_	Fast=0-1(0)	_	_
1579-10	BO003	1579	10	che	che	_	_	_	_	_	linguistic	_	ContainsVariation=No	_	_	_	Fast=0-3(0)	_	_
1579-11	BO003	1579	11	io	io	_	_	_	_	_	linguistic	_	ContainsVariation=No	_	_	_	Fast=0-2(0)	_	_
1579-12	BO003	1579	12	sia<	sia	_	_	_	_	_	linguistic	_	ContainsVariation=No	_	_	_	Fast=0-3(0)	_	_
1579-13	BO003	1579	13	mulatta	mulatta	_	_	_	_	_	linguistic	_	ContainsVariation=No	_	_	_	_	_	_
1579-14	BO003	1579	14	però	però	_	_	_	_	_	linguistic	_	ContainsVariation=No	_	_	_	_	_	_
1579-15	BO003	1579	15	così.	così	_	_	_	_	_	linguistic	_	ContainsVariation=No	Intonation=Falling	End=3545.891	_	_	_	_
1580-0	BO002	1580	0	((ride))	((ride))	_	_	_	_	_	nonverbalbehavior	_	ContainsVariation=No	_	Begin=3545.9|End=3546.779	_	_	_	_
1581-0	BO003	1581	0	così.	così	_	_	_	_	_	linguistic	_	ContainsVariation=No	Intonation=Falling	Begin=3546.918|End=3547.66	_	_	_	_
1582-0	BO003	1582	0	tu	tu	_	_	_	_	_	linguistic	_	ContainsVariation=No	_	Begin=3548.798	_	_	_	_
1582-1	BO003	1582	1	tu	tu	_	_	_	_	_	linguistic	_	ContainsVariation=No	_	_	_	_	_	_
1582-2	BO003	1582	2	te.	te	_	_	_	_	_	linguistic	_	ContainsVariation=No	Intonation=Falling|PauseAfter=Yes	_	_	_	_	_
1582-3	BO003	1582	3	(.)	(.)	_	_	_	_	_	shortpause	_	ContainsVariation=No	_	_	_	_	_	_
1582-4	BO003	1582	4	non	non	_	_	_	_	_	linguistic	_	ContainsVariation=No	_	_	_	_	_	_
1582-5	BO003	1582	5	è	è	_	_	_	_	_	linguistic	_	ContainsVariation=No	_	_	_	_	_	_
1582-6	BO003	1582	6	brutta.	brutta	_	_	_	_	_	linguistic	_	ContainsVariation=No	Intonation=Falling	_	_	_	_	_
1582-7	BO003	1582	7	però	però	_	_	_	_	_	linguistic	_	ContainsVariation=No	_	_	_	_	_	_
1582-8	BO003	1582	8	non	non	_	_	_	_	_	linguistic	_	ContainsVariation=No	_	_	_	_	_	_
1582-9	BO003	1582	9	è	è	_	_	_	_	_	linguistic	_	ContainsVariation=No	_	_	_	_	_	_
1582-10	BO003	1582	10	neanche	neanche	_	_	_	_	_	linguistic	_	ContainsVariation=No	_	_	_	_	_	_
1582-11	BO003	1582	11	tutto	tutto	_	_	_	_	_	linguistic	_	ContainsVariation=No	_	_	_	_	_	_
1582-12	BO003	1582	12	sto::	sto	_	_	_	_	_	linguistic	_	ContainsVariation=No	_	End=3552.365	2x2	_	_	_
1583-0	BO003	1583	0	sì.	sì	_	_	_	_	_	linguistic	_	ContainsVariation=No	Intonation=Falling	Begin=3553.701	_	_	_	_
1583-1	BO003	1583	1	cioè	cioè	_	_	_	_	_	linguistic	_	ContainsVariation=No	_	_	_	_	_	_
1583-2	BO003	1583	2	fa	fa	_	_	_	_	_	linguistic	_	ContainsVariation=No	PauseAfter=Yes	_	_	_	_	_
1583-3	BO003	1583	3	(.)	(.)	_	_	_	_	_	shortpause	_	ContainsVariation=No	_	_	_	_	_	_
1583-4	BO003	1583	4	l~	l~	_	_	_	_	_	linguistic	_	ContainsVariation=No	Interrupted=Yes	_	_	_	_	_
1583-5	BO003	1583	5	la	la	_	_	_	_	_	linguistic	_	ContainsVariation=No	_	_	_	_	_	_
1583-6	BO003	1583	6	la	la	_	_	_	_	_	linguistic	_	ContainsVariation=No	_	_	_	_	_	_
1583-7	BO003	1583	7	terza	terza	_	_	_	_	_	linguistic	_	ContainsVariation=No	_	_	_	_	_	_
1583-8	BO003	1583	8	guerra	guerra	_	_	_	_	_	linguistic	_	ContainsVariation=No	_	_	_	_	_	_
1583-9	BO003	1583	9	mondia[le]	mondiale	_	_	_	_	_	linguistic	_	ContainsVariation=No	_	End=3557.331	_	_	_	6-8(571)
1584-0	BO002	1584	0	[sì].	sì	_	_	_	_	_	linguistic	_	ContainsVariation=No	Intonation=Falling	Begin=3556.809|End=3557.335	_	_	_	0-2(571)
1585-0	BO003	1585	0	morti	morti	_	_	_	_	_	linguistic	_	ContainsVariation=No	_	Begin=3558.05	_	_	_	_
1585-1	BO003	1585	1	sterminati	sterminati	_	_	_	_	_	linguistic	_	ContainsVariation=No	_	_	_	_	_	_
1585-2	BO003	1585	2	i	i	_	_	_	_	_	linguistic	_	ContainsVariation=No	_	_	_	_	_	_
1585-3	BO003	1585	3	vampiri	vampiri	_	_	_	_	_	linguistic	_	ContainsVariation=No	_	_	_	_	_	_
1585-4	BO003	1585	4	e	e	_	_	_	_	_	linguistic	_	ContainsVariation=No	_	_	_	_	_	_
1585-5	BO003	1585	5	i	i	_	_	_	_	_	linguistic	_	ContainsVariation=No	_	_	_	_	_	_
1585-6	BO003	1585	6	lupi,	lupi	_	_	_	_	_	linguistic	_	ContainsVariation=No	Intonation=WeaklyRising	End=3561.341	_	_	_	_
1586-0	BO003	1586	0	tutti	tutti	_	_	_	_	_	linguistic	_	ContainsVariation=No	_	Begin=3562.436	_	_	_	_
1586-1	BO003	1586	1	i	i	_	_	_	_	_	linguistic	_	ContainsVariation=No	_	_	_	_	_	_
1586-2	BO003	1586	2	voltu:ri	volturi	_	_	_	_	_	linguistic	_	ContainsVariation=No	_	End=3563.828	4x1	_	_	_
1587-0	BO002	1587	0	sì.	sì	_	_	_	_	_	linguistic	_	ContainsVariation=No	Intonation=Falling	Begin=3563.903|End=3564.557	_	_	_	_
1588-0	BO003	1588	0	perché:::	perché	_	_	_	_	_	linguistic	_	ContainsVariation=No	_	Begin=3564.642	5x3	_	_	_
1588-1	BO003	1588	1	per	per	_	_	_	_	_	linguistic	_	ContainsVariation=No	_	_	_	_	_	_
1588-2	BO003	1588	2	bella.	bella	_	_	_	_	_	linguistic	_	ContainsVariation=No	Intonation=Falling	End=3566.557	_	_	_	_
1589-0	BO002	1589	0	mh	mh	_	_	_	_	_	linguistic	_	ContainsVariation=No	_	Begin=3568.213	_	_	_	_
1589-1	BO002	1589	1	bo:ni.	boni	_	_	_	_	_	linguistic	_	ContainsVariation=No	Intonation=Falling	_	1x1	_	_	_
1589-2	BO002	1589	2	((ride))	((ride))	_	_	_	_	_	nonverbalbehavior	_	ContainsVariation=No	_	End=3569.871	_	_	_	_
1590-0	BO003	1590	0	((ride))	((ride))	_	_	_	_	_	nonverbalbehavior	_	ContainsVariation=No	_	Begin=3568.845|End=3570.246	_	_	_	_
1591-0	BO002	1591	0	sì	sì	_	_	_	_	_	linguistic	_	ContainsVariation=No	_	Begin=3570.353	_	_	_	_
1591-1	BO002	1591	1	[ma	ma	_	_	_	_	_	linguistic	_	ContainsVariation=No	_	_	_	_	_	0-2(573)
1591-2	BO002	1591	2	poi:	poi	_	_	_	_	_	linguistic	_	ContainsVariation=No	_	_	2x1	_	_	0-3(573)
1591-3	BO002	1591	3	cioè]	cioè	_	_	_	_	_	linguistic	_	ContainsVariation=No	PauseAfter=Yes	_	_	_	_	0-4(573)
1591-4	BO002	1591	4	(.)	(.)	_	_	_	_	_	shortpause	_	ContainsVariation=No	_	_	_	_	_	_
1591-5	BO002	1591	5	no.	no	_	_	_	_	_	linguistic	_	ContainsVariation=No	Intonation=Falling	End=3572.409	_	_	_	_
1592-0	BO003	1592	0	[capito	capito	_	_	_	_	_	linguistic	_	ContainsVariation=No	_	Begin=3570.523	_	_	_	0-6(573)
1592-1	BO003	1592	1	che]	che	_	_	_	_	_	linguistic	_	ContainsVariation=No	_	End=3571.562	_	_	_	0-3(573)
1593-0	BO002	1593	0	e::	e	_	_	_	_	_	linguistic	_	ContainsVariation=No	_	Begin=3573.25|End=3574.276	0x2	_	_	_
1594-0	BO002	1594	0	poi	poi	_	_	_	_	_	linguistic	_	ContainsVariation=No	_	Begin=3574.4	_	_	_	_
1594-1	BO002	1594	1	anche	anche	_	_	_	_	_	linguistic	_	ContainsVariation=No	_	_	_	_	_	_
1594-2	BO002	1594	2	lì	lì	_	_	_	_	_	linguistic	_	ContainsVariation=No	_	End=3575.384	_	_	_	_
1595-0	BO002	1595	0	i	i	_	_	_	_	_	linguistic	_	ContainsVariation=No	_	Begin=3575.569	_	_	_	_
1595-1	BO002	1595	1	vampiri,	vampiri	_	_	_	_	_	linguistic	_	ContainsVariation=No	Intonation=WeaklyRising	_	_	_	_	_
1595-2	BO002	1595	2	non	non	_	_	_	_	_	linguistic	_	ContainsVariation=No	_	_	_	_	_	_
1595-3	BO002	1595	3	dovrebbero	dovrebbero	_	_	_	_	_	linguistic	_	ContainsVariation=No	_	_	_	_	_	_
1595-4	BO002	1595	4	stare	stare	_	_	_	_	_	linguistic	_	ContainsVariation=No	_	_	_	_	_	_
1595-5	BO002	1595	5	alla	alla	_	_	_	_	_	linguistic	_	ContainsVariation=No	_	_	_	_	_	_
1595-6	BO002	1595	6	luce	luce	_	_	_	_	_	linguistic	_	ContainsVariation=No	_	_	_	_	_	_
1595-7	BO002	1595	7	del	del	_	_	_	_	_	linguistic	_	ContainsVariation=No	_	_	_	_	_	_
1595-8	BO002	1595	8	so:[le]	sole	_	_	_	_	_	linguistic	_	ContainsVariation=No	_	End=3578.789	1x1	_	_	2-4(574)
1596-0	BO003	1596	0	[sì]	sì	_	_	_	_	_	linguistic	_	ContainsVariation=No	_	Begin=3578.334|End=3578.868	_	_	_	0-2(574)
1597-0	BO002	1597	0	quello	quello	_	_	_	_	_	linguistic	_	ContainsVariation=No	_	Begin=3579.822	_	_	_	_
1597-1	BO002	1597	1	va	va	_	_	_	_	_	linguistic	_	ContainsVariation=No	_	_	_	_	_	_
1597-2	BO002	1597	2	a	a	_	_	_	_	_	linguistic	_	ContainsVariation=No	_	_	_	_	_	_
1597-3	BO002	1597	3	giro	giro	_	_	_	_	_	linguistic	_	ContainsVariation=No	_	_	_	_	_	_
1597-4	BO002	1597	4	come	come	_	_	_	_	_	linguistic	_	ContainsVariation=No	_	_	_	_	_	_
1597-5	BO002	1597	5	se	se	_	_	_	_	_	linguistic	_	ContainsVariation=No	_	_	_	_	_	_
1597-6	BO002	1597	6	un	un	_	_	_	_	_	linguistic	_	ContainsVariation=No	_	_	_	_	_	_
1597-7	BO002	1597	7	ci	ci	_	_	_	_	_	linguistic	_	ContainsVariation=No	_	_	_	_	_	_
1597-8	BO002	1597	8	fosse	fosse	_	_	_	_	_	linguistic	_	ContainsVariation=No	_	_	_	_	_	_
1597-9	BO002	1597	9	un	un	_	_	_	_	_	linguistic	_	ContainsVariation=No	_	_	_	_	_	_
1597-10	BO002	1597	10	domani	domani	_	_	_	_	_	linguistic	_	ContainsVariation=No	_	_	_	_	_	_
1597-11	BO002	1597	11	tran[quillamente]	tranquillamente	_	_	_	_	_	linguistic	_	ContainsVariation=No	_	End=3583.961	_	_	_	4-15(575)
1598-0	BO003	1598	0	[e	e	_	_	_	_	_	linguistic	_	ContainsVariation=No	_	Begin=3582.92	_	_	_	0-1(575)
1598-1	BO003	1598	1	infa:tti]	infatti	_	_	_	_	_	linguistic	_	ContainsVariation=No	_	End=3583.968	3x1	_	_	0-7(575)
1599-0	BO002	1599	0	non	non	_	_	_	_	_	linguistic	_	ContainsVariation=No	_	Begin=3584.167	_	_	_	_
1599-1	BO002	1599	1	ha,	ha	_	_	_	_	_	linguistic	_	ContainsVariation=No	Intonation=WeaklyRising	_	_	_	_	_
1599-2	BO002	1599	2	se:n[so]	senso	_	_	_	_	_	linguistic	_	ContainsVariation=No	_	End=3585.547	1x1	_	_	3-5(576)
1600-0	BO003	1600	0	[eh].	eh	_	_	_	_	_	linguistic	_	ContainsVariation=No	Intonation=Falling	Begin=3585.247	_	_	_	0-2(576)
1600-1	BO003	1600	1	perché	perché	_	_	_	_	_	linguistic	_	ContainsVariation=No	_	_	_	_	_	_
1600-2	BO003	1600	2	all'	all'	_	_	_	_	_	linguistic	_	ContainsVariation=No	SpaceAfter=No	_	_	_	_	_
1600-3	BO003	1600	3	inizio,	inizio	_	_	_	_	_	linguistic	_	ContainsVariation=No	Intonation=WeaklyRising	End=3586.8	_	_	_	_
1601-0	BO003	1601	0	>magari<	magari	_	_	_	_	_	linguistic	_	ContainsVariation=No	_	Begin=3588.061	_	Fast=0-6(0)	_	_
1601-1	BO003	1601	1	nel	nel	_	_	_	_	_	linguistic	_	ContainsVariation=No	_	_	_	_	_	_
1601-2	BO003	1601	2	primo	primo	_	_	_	_	_	linguistic	_	ContainsVariation=No	_	_	_	_	_	_
1601-3	BO003	1601	3	ci	ci	_	_	_	_	_	linguistic	_	ContainsVariation=No	_	_	_	_	_	_
1601-4	BO003	1601	4	stanno	stanno	_	_	_	_	_	linguistic	_	ContainsVariation=No	_	_	_	_	_	_
1601-5	BO003	1601	5	attenti	attenti	_	_	_	_	_	linguistic	_	ContainsVariation=No	_	End=3590.464	_	_	_	_
1602-0	BO003	1602	0	però	però	_	_	_	_	_	linguistic	_	ContainsVariation=No	_	Begin=3590.726	_	_	_	_
1602-1	BO003	1602	1	dal	dal	_	_	_	_	_	linguistic	_	ContainsVariation=No	_	_	_	_	_	_
1602-2	BO003	1602	2	secondo	secondo	_	_	_	_	_	linguistic	_	ContainsVariation=No	_	_	_	_	_	_
1602-3	BO003	1602	3	e	e	_	_	_	_	_	linguistic	_	ContainsVariation=No	_	_	_	_	_	_
1602-4	BO003	1602	4	il	il	_	_	_	_	_	linguistic	_	ContainsVariation=No	_	_	_	_	_	_
1602-5	BO003	1602	5	terzo	terzo	_	_	_	_	_	linguistic	_	ContainsVariation=No	_	_	_	_	_	_
1602-6	BO003	1602	6	si	si	_	_	_	_	_	linguistic	_	ContainsVariation=No	_	_	_	_	_	_
1602-7	BO003	1602	7	dimenticano	dimenticano	_	_	_	_	_	linguistic	_	ContainsVariation=No	_	_	_	_	_	_
1602-8	BO003	1602	8	secondo	secondo	_	_	_	_	_	linguistic	_	ContainsVariation=No	_	_	_	_	_	_
1602-9	BO003	1602	9	me	me	_	_	_	_	_	linguistic	_	ContainsVariation=No	_	_	_	_	_	_
1602-10	BO003	1602	10	che	che	_	_	_	_	_	linguistic	_	ContainsVariation=No	_	_	_	_	_	_
1602-11	BO003	1602	11	lui	lui	_	_	_	_	_	linguistic	_	ContainsVariation=No	_	_	_	_	_	_
1602-12	BO003	1602	12	brilla,	brilla	_	_	_	_	_	linguistic	_	ContainsVariation=No	Intonation=WeaklyRising	End=3594.488	_	_	_	_
1603-0	BO003	1603	0	e	e	_	_	_	_	_	linguistic	_	ContainsVariation=No	_	Begin=3594.804	_	_	_	_
1603-1	BO003	1603	1	quindi	quindi	_	_	_	_	_	linguistic	_	ContainsVariation=No	_	_	_	_	_	_
1603-2	BO003	1603	2	lui	lui	_	_	_	_	_	linguistic	_	ContainsVariation=No	_	_	_	_	_	_
1603-3	BO003	1603	3	va	va	_	_	_	_	_	linguistic	_	ContainsVariation=No	_	_	_	_	_	_
1603-4	BO003	1603	4	in	in	_	_	_	_	_	linguistic	_	ContainsVariation=No	_	_	_	_	_	_
1603-5	BO003	1603	5	gi~	gi~	_	_	_	_	_	linguistic	_	ContainsVariation=No	Interrupted=Yes	_	_	_	_	_
1603-6	BO003	1603	6	poi	poi	_	_	_	_	_	linguistic	_	ContainsVariation=No	_	_	_	_	_	_
1603-7	BO003	1603	7	nel	nel	_	_	_	_	_	linguistic	_	ContainsVariation=No	_	_	_	_	_	_
1603-8	BO003	1603	8	terzo	terzo	_	_	_	_	_	linguistic	_	ContainsVariation=No	_	_	_	_	_	_
1603-9	BO003	1603	9	proprio	proprio	_	_	_	_	_	linguistic	_	ContainsVariation=No	_	_	_	_	_	_
1603-10	BO003	1603	10	va	va	_	_	_	_	_	linguistic	_	ContainsVariation=No	_	_	_	_	_	_
1603-11	BO003	1603	11	in	in	_	_	_	_	_	linguistic	_	ContainsVariation=No	_	_	_	_	_	_
1603-12	BO003	1603	12	giro:	giro	_	_	_	_	_	linguistic	_	ContainsVariation=No	_	End=3597.479	3x1	_	_	_
1604-0	BO002	1604	0	sì:.	sì	_	_	_	_	_	linguistic	_	ContainsVariation=No	Intonation=Falling	Begin=3597.479|End=3598.435	1x1	_	_	_
1605-0	BO002	1605	0	ma	ma	_	_	_	_	_	linguistic	_	ContainsVariation=No	_	Begin=3599.068	_	_	_	_
1605-1	BO002	1605	1	poi	poi	_	_	_	_	_	linguistic	_	ContainsVariation=No	_	_	_	_	_	_
1605-2	BO002	1605	2	io,	io	_	_	_	_	_	linguistic	_	ContainsVariation=No	Intonation=WeaklyRising|PauseAfter=Yes	_	_	_	_	_
1605-3	BO002	1605	3	(.)	(.)	_	_	_	_	_	shortpause	_	ContainsVariation=No	_	_	_	_	_	_
1605-4	BO002	1605	4	almeno	almeno	_	_	_	_	_	linguistic	_	ContainsVariation=No	_	_	_	_	_	_
1605-5	BO002	1605	5	a	a	_	_	_	_	_	linguistic	_	ContainsVariation=No	_	_	_	_	_	_
1605-6	BO002	1605	6	che	che	_	_	_	_	_	linguistic	_	ContainsVariation=No	_	_	_	_	_	_
1605-7	BO002	1605	7	sapevo	sapevo	_	_	_	_	_	linguistic	_	ContainsVariation=No	_	_	_	_	_	_
1605-8	BO002	1605	8	io	io	_	_	_	_	_	linguistic	_	ContainsVariation=No	_	_	_	_	_	_
1605-9	BO002	1605	9	non	non	_	_	_	_	_	linguistic	_	ContainsVariation=No	_	_	_	_	_	_
1605-10	BO002	1605	10	è	è	_	_	_	_	_	linguistic	_	ContainsVariation=No	_	_	_	_	_	_
1605-11	BO002	1605	11	che	che	_	_	_	_	_	linguistic	_	ContainsVariation=No	_	_	_	_	_	_
1605-12	BO002	1605	12	i	i	_	_	_	_	_	linguistic	_	ContainsVariation=No	_	_	_	_	_	_
1605-13	BO002	1605	13	vampiri	vampiri	_	_	_	_	_	linguistic	_	ContainsVariation=No	_	_	_	_	_	_
1605-14	BO002	1605	14	brillino	brillino	_	_	_	_	_	linguistic	_	ContainsVariation=No	_	_	_	_	_	_
1605-15	BO002	1605	15	al	al	_	_	_	_	_	linguistic	_	ContainsVariation=No	_	_	_	_	_	_
1605-16	BO002	1605	16	sole	sole	_	_	_	_	_	linguistic	_	ContainsVariation=No	PauseAfter=Yes	_	_	_	_	_
1605-17	BO002	1605	17	(.)	(.)	_	_	_	_	_	shortpause	_	ContainsVariation=No	_	_	_	_	_	_
1605-18	BO002	1605	18	[cioè	cioè	_	_	_	_	_	linguistic	_	ContainsVariation=No	_	_	_	_	_	0-4(577)
1605-19	BO002	1605	19	proprio	proprio	_	_	_	_	_	linguistic	_	ContainsVariation=No	_	_	_	_	_	0-7(577)
1605-20	BO002	1605	20	no~	no~	_	_	_	_	_	linguistic	_	ContainsVariation=No	Interrupted=Yes	_	_	_	_	0-3(577)
1605-21	BO002	1605	21	non]	non	_	_	_	_	_	linguistic	_	ContainsVariation=No	_	_	_	_	_	0-3(577)
1605-22	BO002	1605	22	ci	ci	_	_	_	_	_	linguistic	_	ContainsVariation=No	_	_	_	_	_	_
1605-23	BO002	1605	23	possono	possono	_	_	_	_	_	linguistic	_	ContainsVariation=No	_	_	_	_	_	_
1605-24	BO002	1605	24	stare	stare	_	_	_	_	_	linguistic	_	ContainsVariation=No	_	_	_	_	_	_
1605-25	BO002	1605	25	al	al	_	_	_	_	_	linguistic	_	ContainsVariation=No	_	_	_	_	_	_
1605-26	BO002	1605	26	so[le]	sole	_	_	_	_	_	linguistic	_	ContainsVariation=No	_	End=3607.308	_	_	_	2-4(578)
1606-0	BO003	1606	0	[no	no	_	_	_	_	_	linguistic	_	ContainsVariation=No	_	Begin=3603.578	_	_	_	0-2(577)
1606-1	BO003	1606	1	se	se	_	_	_	_	_	linguistic	_	ContainsVariation=No	_	_	_	_	_	0-2(577)
1606-2	BO003	1606	2	l'	l'	_	_	_	_	_	linguistic	_	ContainsVariation=No	SpaceAfter=No	_	_	_	_	0-2(577)
1606-3	BO003	1606	3	è	è	_	_	_	_	_	linguistic	_	ContainsVariation=No	_	_	_	_	_	0-1(577)
1606-4	BO003	1606	4	inventato::]	inventato	_	_	_	_	_	linguistic	_	ContainsVariation=No	_	End=3605.221	8x2	_	_	0-9(577)
1607-0	BO003	1607	0	[no]	no	_	_	_	_	_	linguistic	_	ContainsVariation=No	_	Begin=3606.904	_	_	_	0-2(578)
1607-1	BO003	1607	1	bruciano	bruciano	_	_	_	_	_	linguistic	_	ContainsVariation=No	_	End=3607.858	_	_	_	_
1608-0	BO002	1608	0	eh	eh	_	_	_	_	_	linguistic	_	ContainsVariation=No	_	Begin=3607.927|End=3608.359	_	_	_	_
1609-0	BO003	1609	0	no	no	_	_	_	_	_	linguistic	_	ContainsVariation=No	_	Begin=3608.703	_	_	_	_
1609-1	BO003	1609	1	lì	lì	_	_	_	_	_	linguistic	_	ContainsVariation=No	_	_	_	_	_	_
1609-2	BO003	1609	2	brillano	brillano	_	_	_	_	_	linguistic	_	ContainsVariation=No	_	End=3609.919	_	_	_	_
1610-0	BO002	1610	0	ero	ero	_	_	_	_	_	linguistic	_	ContainsVariation=No	_	Begin=3610.806	_	_	_	_
1610-1	BO002	1610	1	più	più	_	_	_	_	_	linguistic	_	ContainsVariation=No	_	_	_	_	_	_
1610-2	BO002	1610	2	bella	bella	_	_	_	_	_	linguistic	_	ContainsVariation=No	_	_	_	_	_	_
1610-3	BO002	1610	3	io	io	_	_	_	_	_	linguistic	_	ContainsVariation=No	_	_	_	_	_	_
1610-4	BO002	1610	4	come	come	_	_	_	_	_	linguistic	_	ContainsVariation=No	_	_	_	_	_	_
1610-5	BO002	1610	5	vampira	vampira	_	_	_	_	_	linguistic	_	ContainsVariation=No	_	_	_	_	_	_
1610-6	BO002	1610	6	xxx	xxx	_	_	_	_	_	unknown	_	ContainsVariation=No	Syllables=3	End=3613.569	_	_	_	_
1611-0	BO003	1611	0	((ride))	((ride))	_	_	_	_	_	nonverbalbehavior	_	ContainsVariation=No	_	Begin=3613.635	_	_	_	_
1611-1	BO003	1611	1	sì.	sì	_	_	_	_	_	linguistic	_	ContainsVariation=No	Intonation=Falling	End=3614.156	_	_	_	_
1612-0	BO003	1612	0	sì	sì	_	_	_	_	_	linguistic	_	ContainsVariation=No	_	Begin=3615.136	_	_	_	_
1612-1	BO003	1612	1	poi	poi	_	_	_	_	_	linguistic	_	ContainsVariation=No	_	_	_	_	_	_
1612-2	BO003	1612	2	a	a	_	_	_	_	_	linguistic	_	ContainsVariation=No	_	_	_	_	_	_
1612-3	BO003	1612	3	me	me	_	_	_	_	_	linguistic	_	ContainsVariation=No	_	_	_	_	_	_
1612-4	BO003	1612	4	proprio	proprio	_	_	_	_	_	linguistic	_	ContainsVariation=No	_	_	_	_	_	_
1612-5	BO003	1612	5	twilight	twilight	_	_	_	_	_	linguistic	_	ContainsVariation=No	_	_	_	_	_	_
1612-6	BO003	1612	6	i	i	_	_	_	_	_	linguistic	_	ContainsVariation=No	_	_	_	_	_	_
1612-7	BO003	1612	7	film,	film	_	_	_	_	_	linguistic	_	ContainsVariation=No	Intonation=WeaklyRising	_	_	_	_	_
1612-8	BO003	1612	8	non	non	_	_	_	_	_	linguistic	_	ContainsVariation=No	_	End=3617.71	_	_	_	_
1613-0	BO002	1613	0	io	io	_	_	_	_	_	linguistic	_	ContainsVariation=No	_	Begin=3618.1	_	_	_	_
1613-1	BO002	1613	1	non	non	_	_	_	_	_	linguistic	_	ContainsVariation=No	_	_	_	_	_	_
1613-2	BO002	1613	2	ho	ho	_	_	_	_	_	linguistic	_	ContainsVariation=No	_	_	_	_	_	_
1613-3	BO002	1613	3	letto	letto	_	_	_	_	_	linguistic	_	ContainsVariation=No	_	_	_	_	_	_
1613-4	BO002	1613	4	il	il	_	_	_	_	_	linguistic	_	ContainsVariation=No	_	_	_	_	_	_
1613-5	BO002	1613	5	nemmeno	nemmeno	_	_	_	_	_	linguistic	_	ContainsVariation=No	_	_	_	_	_	_
1613-6	BO002	1613	6	i	i	_	_	_	_	_	linguistic	_	ContainsVariation=No	_	_	_	_	_	_
1613-7	BO002	1613	7	libri	libri	_	_	_	_	_	linguistic	_	ContainsVariation=No	_	_	_	_	_	_
1613-8	BO002	1613	8	e	e	_	_	_	_	_	linguistic	_	ContainsVariation=No	_	_	_	_	_	_
1613-9	BO002	1613	9	non	non	_	_	_	_	_	linguistic	_	ContainsVariation=No	_	_	_	_	_	_
1613-10	BO002	1613	10	li	li	_	_	_	_	_	linguistic	_	ContainsVariation=No	_	_	_	_	_	_
1613-11	BO002	1613	11	[voglio	voglio	_	_	_	_	_	linguistic	_	ContainsVariation=No	_	_	_	_	_	0-6(579)
1613-12	BO002	1613	12	legge~]	legge~	_	_	_	_	_	linguistic	_	ContainsVariation=No	Interrupted=Yes	End=3621.202	_	_	_	0-6(579)
1614-0	BO003	1614	0	[ma	ma	_	_	_	_	_	linguistic	_	ContainsVariation=No	_	Begin=3620.391	_	_	_	0-2(579)
1614-1	BO003	1614	1	io]	io	_	_	_	_	_	linguistic	_	ContainsVariation=No	_	_	_	_	_	0-2(579)
1614-2	BO003	1614	2	il	il	_	_	_	_	_	linguistic	_	ContainsVariation=No	_	_	_	_	_	_
1614-3	BO003	1614	3	primo:	primo	_	_	_	_	_	linguistic	_	ContainsVariation=No	_	End=3621.741	4x1	_	_	_
1615-0	BO003	1615	0	sono	sono	_	_	_	_	_	linguistic	_	ContainsVariation=No	_	Begin=3622.009	_	_	_	_
1615-1	BO003	1615	1	meglio.	meglio	_	_	_	_	_	linguistic	_	ContainsVariation=No	Intonation=Falling	_	_	_	_	_
1615-2	BO003	1615	2	però	però	_	_	_	_	_	linguistic	_	ContainsVariation=No	_	_	_	_	_	_
1615-3	BO003	1615	3	è	è	_	_	_	_	_	linguistic	_	ContainsVariation=No	_	_	_	_	_	_
1615-4	BO003	1615	4	sempre	sempre	_	_	_	_	_	linguistic	_	ContainsVariation=No	_	_	_	_	_	_
1615-5	BO003	1615	5	molto	molto	_	_	_	_	_	linguistic	_	ContainsVariation=No	_	_	_	_	_	_
1615-6	BO003	1615	6	molto	molto	_	_	_	_	_	linguistic	_	ContainsVariation=No	_	_	_	_	_	_
1615-7	BO003	1615	7	romantico	romantico	_	_	_	_	_	linguistic	_	ContainsVariation=No	_	_	_	_	_	_
1615-8	BO003	1615	8	e	e	_	_	_	_	_	linguistic	_	ContainsVariation=No	_	_	_	_	_	_
1615-9	BO003	1615	9	melen[so]	melenso	_	_	_	_	_	linguistic	_	ContainsVariation=No	_	End=3625.695	_	_	_	5-7(580)
1616-0	BO002	1616	0	[sì]	sì	_	_	_	_	_	linguistic	_	ContainsVariation=No	_	Begin=3625.389	_	_	_	0-2(580)
1616-1	BO002	1616	1	infatti	infatti	_	_	_	_	_	linguistic	_	ContainsVariation=No	_	_	_	_	_	_
1616-2	BO002	1616	2	cioè	cioè	_	_	_	_	_	linguistic	_	ContainsVariation=No	_	_	_	_	_	_
1616-3	BO002	1616	3	è	è	_	_	_	_	_	linguistic	_	ContainsVariation=No	_	_	_	_	_	_
1616-4	BO002	1616	4	tutto::	tutto	_	_	_	_	_	linguistic	_	ContainsVariation=No	_	_	4x2	_	_	_
1616-5	BO002	1616	5	gne	gne	_	_	_	_	_	linguistic	_	ContainsVariation=No	_	_	_	_	_	_
1616-6	BO002	1616	6	gne	gne	_	_	_	_	_	linguistic	_	ContainsVariation=No	_	_	_	_	_	_
1616-7	BO002	1616	7	gne	gne	_	_	_	_	_	linguistic	_	ContainsVariation=No	_	_	_	_	_	_
1616-8	BO002	1616	8	gne	gne	_	_	_	_	_	linguistic	_	ContainsVariation=No	_	_	_	_	_	_
1616-9	BO002	1616	9	gne	gne	_	_	_	_	_	linguistic	_	ContainsVariation=No	_	End=3628.711	_	_	_	_
1617-0	BO003	1617	0	sì	sì	_	_	_	_	_	linguistic	_	ContainsVariation=No	_	Begin=3629.079	_	_	_	_
1617-1	BO003	1617	1	poi	poi	_	_	_	_	_	linguistic	_	ContainsVariation=No	_	_	_	_	_	_
1617-2	BO003	1617	2	la	la	_	_	_	_	_	linguistic	_	ContainsVariation=No	_	_	_	_	_	_
1617-3	BO003	1617	3	stor~	stor~	_	_	_	_	_	linguistic	_	ContainsVariation=No	Interrupted=Yes	_	_	_	_	_
1617-4	BO003	1617	4	>cioè<	cioè	_	_	_	_	_	linguistic	_	ContainsVariation=No	_	_	_	Fast=0-4(0)	_	_
1617-5	BO003	1617	5	non	non	_	_	_	_	_	linguistic	_	ContainsVariation=No	_	_	_	_	_	_
1617-6	BO003	1617	6	è	è	_	_	_	_	_	linguistic	_	ContainsVariation=No	_	_	_	_	_	_
1617-7	BO003	1617	7	inc~	inc~	_	_	_	_	_	linguistic	_	ContainsVariation=No	Interrupted=Yes	_	_	_	_	_
1617-8	BO003	1617	8	cioè	cioè	_	_	_	_	_	linguistic	_	ContainsVariation=No	_	_	_	_	_	_
1617-9	BO003	1617	9	una	una	_	_	_	_	_	linguistic	_	ContainsVariation=No	_	_	_	_	_	_
1617-10	BO003	1617	10	storia	storia	_	_	_	_	_	linguistic	_	ContainsVariation=No	_	_	_	_	_	_
1617-11	BO003	1617	11	la	la	_	_	_	_	_	linguistic	_	ContainsVariation=No	_	_	_	_	_	_
1617-12	BO003	1617	12	storia	storia	_	_	_	_	_	linguistic	_	ContainsVariation=No	_	_	_	_	_	_
1617-13	BO003	1617	13	è	è	_	_	_	_	_	linguistic	_	ContainsVariation=No	_	_	_	_	_	_
1617-14	BO003	1617	14	la	la	_	_	_	_	_	linguistic	_	ContainsVariation=No	_	_	_	_	_	_
1617-15	BO003	1617	15	storia	storia	_	_	_	_	_	linguistic	_	ContainsVariation=No	_	_	_	_	_	_
1617-16	BO003	1617	16	d'	d'	_	_	_	_	_	linguistic	_	ContainsVariation=No	SpaceAfter=No	_	_	_	_	_
1617-17	BO003	1617	17	amore	amore	_	_	_	_	_	linguistic	_	ContainsVariation=No	_	_	_	_	_	_
1617-18	BO003	1617	18	tra	tra	_	_	_	_	_	linguistic	_	ContainsVariation=No	_	_	_	_	_	_
1617-19	BO003	1617	19	lei	lei	_	_	_	_	_	linguistic	_	ContainsVariation=No	_	_	_	_	_	_
1617-20	BO003	1617	20	e::	e	_	_	_	_	_	linguistic	_	ContainsVariation=No	PauseAfter=Yes	_	0x2	_	_	_
1617-21	BO003	1617	21	(.)	(.)	_	_	_	_	_	shortpause	_	ContainsVariation=No	_	_	_	_	_	_
1617-22	BO003	1617	22	[e	e	_	_	_	_	_	linguistic	_	ContainsVariation=No	_	_	_	_	_	0-1(581)
1617-23	BO003	1617	23	e]dward.	edward	_	_	_	_	_	linguistic	_	ContainsVariation=No	Intonation=Falling	_	_	_	_	0-1(581)
1617-24	BO003	1617	24	[è	è	_	_	_	_	_	linguistic	_	ContainsVariation=No	_	_	_	_	_	0-1(582)
1617-25	BO003	1617	25	quello	quello	_	_	_	_	_	linguistic	_	ContainsVariation=No	_	_	_	_	_	0-6(582)
1617-26	BO003	1617	26	il	il	_	_	_	_	_	linguistic	_	ContainsVariation=No	_	_	_	_	_	0-2(582)
1617-27	BO003	1617	27	fulcro]	fulcro	_	_	_	_	_	linguistic	_	ContainsVariation=No	_	_	_	_	_	0-6(582)
1617-28	BO003	1617	28	di	di	_	_	_	_	_	linguistic	_	ContainsVariation=No	_	_	_	_	_	_
1617-29	BO003	1617	29	tutto	tutto	_	_	_	_	_	linguistic	_	ContainsVariation=No	_	_	_	_	_	_
1617-30	BO003	1617	30	il	il	_	_	_	_	_	linguistic	_	ContainsVariation=No	_	_	_	_	_	_
1617-31	BO003	1617	31	libro	libro	_	_	_	_	_	linguistic	_	ContainsVariation=No	_	End=3636.009	_	_	_	_
1618-0	BO002	1618	0	[sì]	sì	_	_	_	_	_	linguistic	_	ContainsVariation=No	_	Begin=3632.894|End=3633.54	_	_	_	0-2(581)
1619-0	BO002	1619	0	[lei,	lei	_	_	_	_	_	linguistic	_	ContainsVariation=No	Intonation=WeaklyRising|PauseAfter=Yes	Begin=3633.793	_	_	_	0-3(582)
1619-1	BO002	1619	1	(.)	(.)	_	_	_	_	_	shortpause	_	ContainsVariation=No	_	_	_	_	_	X(582)
1619-2	BO002	1619	2	lei	lei	_	_	_	_	_	linguistic	_	ContainsVariation=No	_	_	_	_	_	0-3(582)
1619-3	BO002	1619	3	e	e	_	_	_	_	_	linguistic	_	ContainsVariation=No	_	_	_	_	_	0-1(582)
1619-4	BO002	1619	4	lui]	lui	_	_	_	_	_	linguistic	_	ContainsVariation=No	_	End=3635.84	_	_	_	0-3(582)
1620-0	BO002	1620	0	lei	lei	_	_	_	_	_	linguistic	_	ContainsVariation=No	_	Begin=3636.292	_	_	_	_
1620-1	BO002	1620	1	è	è	_	_	_	_	_	linguistic	_	ContainsVariation=No	_	_	_	_	_	_
1620-2	BO002	1620	2	arrabbiata	arrabbiata	_	_	_	_	_	linguistic	_	ContainsVariation=No	_	_	_	_	_	_
1620-3	BO002	1620	3	con	con	_	_	_	_	_	linguistic	_	ContainsVariation=No	_	_	_	_	_	_
1620-4	BO002	1620	4	lu:i	lui	_	_	_	_	_	linguistic	_	ContainsVariation=No	_	_	1x1	_	_	_
1620-5	BO002	1620	5	va	va	_	_	_	_	_	linguistic	_	ContainsVariation=No	_	_	_	_	_	_
1620-6	BO002	1620	6	con	con	_	_	_	_	_	linguistic	_	ContainsVariation=No	_	_	_	_	_	_
1620-7	BO002	1620	7	jacob.	jacob	_	_	_	_	_	linguistic	_	ContainsVariation=No	Intonation=Falling|PauseAfter=Yes	_	_	_	_	_
1620-8	BO002	1620	8	(.)	(.)	_	_	_	_	_	shortpause	_	ContainsVariation=No	_	_	_	_	_	_
1620-9	BO002	1620	9	[>pe]rò<	però	_	_	_	_	_	linguistic	_	ContainsVariation=No	_	_	_	Fast=0-4(0)	_	0-2(584)
1620-10	BO002	1620	10	poi	poi	_	_	_	_	_	linguistic	_	ContainsVariation=No	_	_	_	Slow=0-3(0)	_	_
1620-11	BO002	1620	11	lui	lui	_	_	_	_	_	linguistic	_	ContainsVariation=No	_	_	_	Slow=0-3(0)	_	_
1620-12	BO002	1620	12	torna	torna	_	_	_	_	_	linguistic	_	ContainsVariation=No	_	_	_	Slow=0-5(0)	_	_
1620-13	BO002	1620	13	e	e	_	_	_	_	_	linguistic	_	ContainsVariation=No	_	_	_	Slow=0-1(0)	_	_
1620-14	BO002	1620	14	>allora<	allora	_	_	_	_	_	linguistic	_	ContainsVariation=No	_	_	_	Fast=0-6(1)	_	_
1620-15	BO002	1620	15	jacob	jacob	_	_	_	_	_	linguistic	_	ContainsVariation=No	_	_	_	_	_	_
1620-16	BO002	1620	16	vaffanculo	vaffanculo	_	_	_	_	_	linguistic	_	ContainsVariation=No	_	_	_	_	_	_
1620-17	BO002	1620	17	io	io	_	_	_	_	_	linguistic	_	ContainsVariation=No	_	_	_	_	_	_
1620-18	BO002	1620	18	vado	vado	_	_	_	_	_	linguistic	_	ContainsVariation=No	_	_	_	_	_	_
1620-19	BO002	1620	19	con	con	_	_	_	_	_	linguistic	_	ContainsVariation=No	_	_	_	_	_	_
1620-20	BO002	1620	20	lu:i,	lui	_	_	_	_	_	linguistic	_	ContainsVariation=No	Intonation=WeaklyRising	End=3642.648	1x1	_	_	_
1621-0	BO003	1621	0	[sì]	sì	_	_	_	_	_	linguistic	_	ContainsVariation=No	_	Begin=3638.651|End=3639.177	_	_	_	0-2(583)
1622-0	BO003	1622	0	((ride))	((ride))	_	_	_	_	_	nonverbalbehavior	_	ContainsVariation=No	_	Begin=3641.456|End=3642.541	_	_	_	_
1623-0	BO003	1623	0	è	è	_	_	_	_	_	linguistic	_	ContainsVariation=No	_	Begin=3642.706	_	_	_	_
1623-1	BO003	1623	1	così,	così	_	_	_	_	_	linguistic	_	ContainsVariation=No	Intonation=WeaklyRising	_	_	_	_	_
1623-2	BO003	1623	2	ma	ma	_	_	_	_	_	linguistic	_	ContainsVariation=No	_	_	_	_	_	_
1623-3	BO003	1623	3	davve[ro].	davvero	_	_	_	_	_	linguistic	_	ContainsVariation=No	Intonation=Falling	End=3644.087	_	_	_	5-7(585)
1624-0	BO002	1624	0	[è]	è	_	_	_	_	_	linguistic	_	ContainsVariation=No	_	Begin=3643.819	_	_	_	0-1(585)
1624-1	BO002	1624	1	così	così	_	_	_	_	_	linguistic	_	ContainsVariation=No	_	End=3644.561	_	_	_	_
1625-0	BO003	1625	0	è	è	_	_	_	_	_	linguistic	_	ContainsVariation=No	_	Begin=3644.587	_	_	_	_
1625-1	BO003	1625	1	così.	così	_	_	_	_	_	linguistic	_	ContainsVariation=No	Intonation=Falling	_	_	_	_	_
1625-2	BO003	1625	2	poi	poi	_	_	_	_	_	linguistic	_	ContainsVariation=No	_	_	_	_	_	_
1625-3	BO003	1625	3	rimane	rimane	_	_	_	_	_	linguistic	_	ContainsVariation=No	_	_	_	_	_	_
1625-4	BO003	1625	4	incinta	incinta	_	_	_	_	_	linguistic	_	ContainsVariation=No	_	_	_	_	_	_
1625-5	BO003	1625	5	della	della	_	_	_	_	_	linguistic	_	ContainsVariation=No	_	_	_	_	_	_
1625-6	BO003	1625	6	vampira	vampira	_	_	_	_	_	linguistic	_	ContainsVariation=No	_	_	_	_	_	_
1625-7	BO003	1625	7	che	che	_	_	_	_	_	linguistic	_	ContainsVariation=No	_	_	_	_	_	_
1625-8	BO003	1625	8	le	le	_	_	_	_	_	linguistic	_	ContainsVariation=No	_	_	_	_	_	_
1625-9	BO003	1625	9	d~	d~	_	_	_	_	_	linguistic	_	ContainsVariation=No	Interrupted=Yes	_	_	_	_	_
1625-10	BO003	1625	10	mh	mh	_	_	_	_	_	linguistic	_	ContainsVariation=No	_	_	_	_	_	_
1625-11	BO003	1625	11	divora	divora	_	_	_	_	_	linguistic	_	ContainsVariation=No	_	_	_	_	_	_
1625-12	BO003	1625	12	l'	l'	_	_	_	_	_	linguistic	_	ContainsVariation=No	SpaceAfter=No	_	_	_	_	_
1625-13	BO003	1625	13	anima,	anima	_	_	_	_	_	linguistic	_	ContainsVariation=No	Intonation=WeaklyRising	End=3648.225	_	_	_	_
1626-0	BO003	1626	0	muore,	muore	_	_	_	_	_	linguistic	_	ContainsVariation=No	Intonation=WeaklyRising|PauseAfter=Yes	Begin=3648.375	_	_	_	_
1626-1	BO003	1626	1	(.)	(.)	_	_	_	_	_	shortpause	_	ContainsVariation=No	_	_	_	_	_	_
1626-2	BO003	1626	2	la	la	_	_	_	_	_	linguistic	_	ContainsVariation=No	_	_	_	_	_	_
1626-3	BO003	1626	3	mordono,	mordono	_	_	_	_	_	linguistic	_	ContainsVariation=No	Intonation=WeaklyRising|PauseAfter=Yes	_	_	_	_	_
1626-4	BO003	1626	4	(.)	(.)	_	_	_	_	_	shortpause	_	ContainsVariation=No	_	_	_	_	_	_
1626-5	BO003	1626	5	diventa	diventa	_	_	_	_	_	linguistic	_	ContainsVariation=No	_	_	_	_	_	_
1626-6	BO003	1626	6	una	una	_	_	_	_	_	linguistic	_	ContainsVariation=No	_	_	_	_	_	_
1626-7	BO003	1626	7	vampira,	vampira	_	_	_	_	_	linguistic	_	ContainsVariation=No	Intonation=WeaklyRising|PauseAfter=Yes	_	_	_	_	_
1626-8	BO003	1626	8	(.)	(.)	_	_	_	_	_	shortpause	_	ContainsVariation=No	_	_	_	_	_	_
1626-9	BO003	1626	9	(le)	le	_	_	_	_	_	linguistic	_	ContainsVariation=No	_	_	_	_	0-2(0)	_
1626-10	BO003	1626	10	crescon	crescon	_	_	_	_	_	linguistic	_	ContainsVariation=No	_	_	_	_	_	_
1626-11	BO003	1626	11	le	le	_	_	_	_	_	linguistic	_	ContainsVariation=No	_	_	_	_	_	_
1626-12	BO003	1626	12	tette,	tette	_	_	_	_	_	linguistic	_	ContainsVariation=No	Intonation=WeaklyRising	End=3653.381	_	_	_	_
1627-0	BO003	1627	0	okay,	okay	_	_	_	_	_	linguistic	_	ContainsVariation=No	Intonation=WeaklyRising	Begin=3653.621|End=3654.325	_	_	_	_
1628-0	BO003	1628	0	va	va	_	_	_	_	_	linguistic	_	ContainsVariation=No	_	Begin=3655.101	_	_	_	_
1628-1	BO003	1628	1	bene,	bene	_	_	_	_	_	linguistic	_	ContainsVariation=No	Intonation=WeaklyRising	_	_	_	_	_
1628-2	BO003	1628	2	((ride))	((ride))	_	_	_	_	_	nonverbalbehavior	_	ContainsVariation=No	_	End=3655.935	_	_	_	_
1629-0	BO003	1629	0	diventi	diventi	_	_	_	_	_	linguistic	_	ContainsVariation=No	_	Begin=3656.682	_	_	_	_
1629-1	BO003	1629	1	super	super	_	_	_	_	_	linguistic	_	ContainsVariation=No	_	_	_	_	_	_
1629-2	BO003	1629	2	forte,	forte	_	_	_	_	_	linguistic	_	ContainsVariation=No	Intonation=WeaklyRising|PauseAfter=Yes	_	_	_	_	_
1629-3	BO003	1629	3	(.)	(.)	_	_	_	_	_	shortpause	_	ContainsVariation=No	_	_	_	_	_	_
1629-4	BO003	1629	4	c'	c'	_	_	_	_	_	linguistic	_	ContainsVariation=No	SpaceAfter=No	_	_	_	_	_
1629-5	BO003	1629	5	è	è	_	_	_	_	_	linguistic	_	ContainsVariation=No	_	_	_	_	_	_
1629-6	BO003	1629	6	la	la	_	_	_	_	_	linguistic	_	ContainsVariation=No	_	_	_	_	_	_
1629-7	BO003	1629	7	guerra,	guerra	_	_	_	_	_	linguistic	_	ContainsVariation=No	Intonation=WeaklyRising|PauseAfter=Yes	_	_	_	_	_
1629-8	BO003	1629	8	(.)	(.)	_	_	_	_	_	shortpause	_	ContainsVariation=No	_	_	_	_	_	_
1629-9	BO003	1629	9	muoion	muoion	_	_	_	_	_	linguistic	_	ContainsVariation=No	_	_	_	_	_	_
1629-10	BO003	1629	10	tutti,	tutti	_	_	_	_	_	linguistic	_	ContainsVariation=No	Intonation=WeaklyRising	End=3660.847	_	_	_	_
1630-0	BO003	1630	0	tu.	tu	_	_	_	_	_	linguistic	_	ContainsVariation=No	Intonation=Falling	Begin=3660.884	_	_	_	_
1630-1	BO003	1630	1	per	per	_	_	_	_	_	linguistic	_	ContainsVariation=No	_	_	_	_	_	_
1630-2	BO003	1630	2	eh:	eh	_	_	_	_	_	linguistic	_	ContainsVariation=No	PauseAfter=Yes	_	1x1	_	_	_
1630-3	BO003	1630	3	(.)	(.)	_	_	_	_	_	shortpause	_	ContainsVariation=No	_	_	_	_	_	_
1630-4	BO003	1630	4	i::	i	_	_	_	_	_	linguistic	_	ContainsVariation=No	_	_	0x2	_	_	_
1630-5	BO003	1630	5	volontà	volontà	_	_	_	_	_	linguistic	_	ContainsVariation=No	_	_	_	_	_	_
1630-6	BO003	1630	6	di	di	_	_	_	_	_	linguistic	_	ContainsVariation=No	_	_	_	_	_	_
1630-7	BO003	1630	7	dio	dio	_	_	_	_	_	linguistic	_	ContainsVariation=No	_	_	_	_	_	_
1630-8	BO003	1630	8	rimani	rimani	_	_	_	_	_	linguistic	_	ContainsVariation=No	_	_	_	_	_	_
1630-9	BO003	1630	9	viva,	viva	_	_	_	_	_	linguistic	_	ContainsVariation=No	Intonation=WeaklyRising	End=3665.442	_	_	_	_
1631-0	BO003	1631	0	e	e	_	_	_	_	_	linguistic	_	ContainsVariation=No	_	Begin=3665.991	_	_	_	_
1631-1	BO003	1631	1	finita	finita	_	_	_	_	_	linguistic	_	ContainsVariation=No	_	_	_	_	_	_
1631-2	BO003	1631	2	lì.	lì	_	_	_	_	_	linguistic	_	ContainsVariation=No	Intonation=Falling	End=3667.113	_	_	_	_
1632-0	BO002	1632	0	già	già	_	_	_	_	_	linguistic	_	ContainsVariation=No	_	Begin=3667.403	_	_	_	_
1632-1	BO002	1632	1	ma	ma	_	_	_	_	_	linguistic	_	ContainsVariation=No	_	_	_	_	_	_
1632-2	BO002	1632	2	come	come	_	_	_	_	_	linguistic	_	ContainsVariation=No	_	_	_	_	_	_
1632-3	BO002	1632	3	va	va	_	_	_	_	_	linguistic	_	ContainsVariation=No	_	_	_	_	_	_
1632-4	BO002	1632	4	a	a	_	_	_	_	_	linguistic	_	ContainsVariation=No	_	_	_	_	_	_
1632-5	BO002	1632	5	finire?	finire	_	_	_	_	_	linguistic	_	ContainsVariation=No	Intonation=Rising	_	_	_	_	_
1632-6	BO002	1632	6	poi	poi	_	_	_	_	_	linguistic	_	ContainsVariation=No	_	_	_	_	_	_
1632-7	BO002	1632	7	[lei,	lei	_	_	_	_	_	linguistic	_	ContainsVariation=No	Intonation=WeaklyRising	_	_	_	_	0-3(586)
1632-8	BO002	1632	8	muo~]	muo~	_	_	_	_	_	linguistic	_	ContainsVariation=No	Interrupted=Yes	_	_	_	_	0-4(586)
1632-9	BO002	1632	9	chi	chi	_	_	_	_	_	linguistic	_	ContainsVariation=No	_	_	_	_	_	_
1632-10	BO002	1632	10	muore.	muore	_	_	_	_	_	linguistic	_	ContainsVariation=No	Intonation=Falling	_	_	_	_	_
1632-11	BO002	1632	11	tutti?	tutti	_	_	_	_	_	linguistic	_	ContainsVariation=No	Intonation=Rising	End=3671.493	_	_	_	_
1633-0	BO003	1633	0	[così].	così	_	_	_	_	_	linguistic	_	ContainsVariation=No	Intonation=Falling	Begin=3669.648|End=3670.266	_	_	_	0-4(586)
1634-0	BO003	1634	0	no	no	_	_	_	_	_	linguistic	_	ContainsVariation=No	_	Begin=3671.649	_	_	_	_
1634-1	BO003	1634	1	eh.	eh	_	_	_	_	_	linguistic	_	ContainsVariation=No	Intonation=Falling|PauseAfter=Yes	_	_	_	_	_
1634-2	BO003	1634	2	(.)	(.)	_	_	_	_	_	shortpause	_	ContainsVariation=No	_	_	_	_	_	_
1634-3	BO003	1634	3	mh::	mh	_	_	_	_	_	linguistic	_	ContainsVariation=No	PauseAfter=Yes	_	1x2	_	_	_
1634-4	BO003	1634	4	(.)	(.)	_	_	_	_	_	shortpause	_	ContainsVariation=No	_	_	_	_	_	_
1634-5	BO003	1634	5	mh	mh	_	_	_	_	_	linguistic	_	ContainsVariation=No	_	_	_	_	_	_
1634-6	BO003	1634	6	morti	morti	_	_	_	_	_	linguistic	_	ContainsVariation=No	_	_	_	_	_	_
1634-7	BO003	1634	7	morti,	morti	_	_	_	_	_	linguistic	_	ContainsVariation=No	Intonation=WeaklyRising	_	_	_	_	_
1634-8	BO003	1634	8	muoiono.	muoiono	_	_	_	_	_	linguistic	_	ContainsVariation=No	Intonation=Falling	_	_	_	_	_
1634-9	BO003	1634	9	i	i	_	_	_	_	_	linguistic	_	ContainsVariation=No	_	_	_	_	_	_
1634-10	BO003	1634	10	volturi	volturi	_	_	_	_	_	linguistic	_	ContainsVariation=No	_	_	_	_	_	_
1634-11	BO003	1634	11	muoion	muoion	_	_	_	_	_	linguistic	_	ContainsVariation=No	_	_	_	_	_	_
1634-12	BO003	1634	12	tutti	tutti	_	_	_	_	_	linguistic	_	ContainsVariation=No	_	End=3678.126	_	_	_	_
1635-0	BO003	1635	0	>cioè	cioè	_	_	_	_	_	linguistic	_	ContainsVariation=No	_	Begin=3678.492	_	Fast=0-4(0)	_	_
1635-1	BO003	1635	1	proprio<	proprio	_	_	_	_	_	linguistic	_	ContainsVariation=No	_	_	_	Fast=0-7(0)	_	_
1635-2	BO003	1635	2	sterminati.	sterminati	_	_	_	_	_	linguistic	_	ContainsVariation=No	Intonation=Falling	_	_	_	_	_
1635-3	BO003	1635	3	i	i	_	_	_	_	_	linguistic	_	ContainsVariation=No	_	_	_	_	_	_
1635-4	BO003	1635	4	volturi.	volturi	_	_	_	_	_	linguistic	_	ContainsVariation=No	Intonation=Falling	End=3680.937	_	_	_	_
1636-0	BO003	1636	0	e:::	e	_	_	_	_	_	linguistic	_	ContainsVariation=No	_	Begin=3682.29	0x3	_	_	_
1636-1	BO003	1636	1	muoiono	muoiono	_	_	_	_	_	linguistic	_	ContainsVariation=No	_	_	_	_	_	_
1636-2	BO003	1636	2	un	un	_	_	_	_	_	linguistic	_	ContainsVariation=No	_	_	_	_	_	_
1636-3	BO003	1636	3	sacco	sacco	_	_	_	_	_	linguistic	_	ContainsVariation=No	_	_	_	_	_	_
1636-4	BO003	1636	4	di	di	_	_	_	_	_	linguistic	_	ContainsVariation=No	_	_	_	_	_	_
1636-5	BO003	1636	5	lupi,	lupi	_	_	_	_	_	linguistic	_	ContainsVariation=No	Intonation=WeaklyRising	End=3684.964	_	_	_	_
1637-0	BO002	1637	0	ma	ma	_	_	_	_	_	linguistic	_	ContainsVariation=No	_	Begin=3686.222	_	_	_	_
1637-1	BO002	1637	1	jacob	jacob	_	_	_	_	_	linguistic	_	ContainsVariation=No	_	_	_	_	_	_
1637-2	BO002	1637	2	no?	no	_	_	_	_	_	linguistic	_	ContainsVariation=No	Intonation=Rising	End=3687.193	_	_	_	_
1638-0	BO003	1638	0	no	no	_	_	_	_	_	linguistic	_	ContainsVariation=No	ProsodicLink=Yes	Begin=3687.193	_	_	_	_
1638-1	BO003	1638	1	no	no	_	_	_	_	_	linguistic	_	ContainsVariation=No	ProsodicLink=Yes	_	_	_	_	_
1638-2	BO003	1638	2	no.	no	_	_	_	_	_	linguistic	_	ContainsVariation=No	Intonation=Falling	_	_	_	_	_
1638-3	BO003	1638	3	jacob,	jacob	_	_	_	_	_	linguistic	_	ContainsVariation=No	Intonation=WeaklyRising	_	_	_	_	_
1638-4	BO003	1638	4	dei	dei	_	_	_	_	_	linguistic	_	ContainsVariation=No	_	_	_	_	_	_
1638-5	BO003	1638	5	loro	loro	_	_	_	_	_	linguistic	_	ContainsVariation=No	_	_	_	_	_	_
1638-6	BO003	1638	6	mh	mh	_	_	_	_	_	linguistic	_	ContainsVariation=No	_	_	_	_	_	_
1638-7	BO003	1638	7	viv~	viv~	_	_	_	_	_	linguistic	_	ContainsVariation=No	Interrupted=Yes|PauseAfter=Yes	_	_	_	_	_
1638-8	BO003	1638	8	(.)	(.)	_	_	_	_	_	shortpause	_	ContainsVariation=No	_	_	_	_	_	_
1638-9	BO003	1638	9	rimangono	rimangono	_	_	_	_	_	linguistic	_	ContainsVariation=No	_	_	_	_	_	_
1638-10	BO003	1638	10	vivi	vivi	_	_	_	_	_	linguistic	_	ContainsVariation=No	_	_	_	_	_	_
1638-11	BO003	1638	11	tutti	tutti	_	_	_	_	_	linguistic	_	ContainsVariation=No	_	End=3691.388	_	_	_	_
1639-0	BO003	1639	0	però::,	però	_	_	_	_	_	linguistic	_	ContainsVariation=No	Intonation=WeaklyRising	Begin=3692.238	3x2	_	_	_
1639-1	BO003	1639	1	sì.	sì	_	_	_	_	_	linguistic	_	ContainsVariation=No	Intonation=Falling	_	_	_	_	_
1639-2	BO003	1639	2	muoiono	muoiono	_	_	_	_	_	linguistic	_	ContainsVariation=No	_	_	_	_	_	_
1639-3	BO003	1639	3	i	i	_	_	_	_	_	linguistic	_	ContainsVariation=No	_	_	_	_	_	_
1639-4	BO003	1639	4	lupi,	lupi	_	_	_	_	_	linguistic	_	ContainsVariation=No	Intonation=WeaklyRising	_	_	_	_	_
1639-5	BO003	1639	5	i	i	_	_	_	_	_	linguistic	_	ContainsVariation=No	_	_	_	_	_	_
1639-6	BO003	1639	6	volturi	volturi	_	_	_	_	_	linguistic	_	ContainsVariation=No	_	_	_	_	_	_
1639-7	BO003	1639	7	muoiono	muoiono	_	_	_	_	_	linguistic	_	ContainsVariation=No	_	_	_	_	_	_
1639-8	BO003	1639	8	tutti,	tutti	_	_	_	_	_	linguistic	_	ContainsVariation=No	Intonation=WeaklyRising	End=3695.463	_	_	_	_
1640-0	BO003	1640	0	qua:si,	quasi	_	_	_	_	_	linguistic	_	ContainsVariation=No	Intonation=WeaklyRising	Begin=3695.685|End=3696.541	2x1	_	_	_
1641-0	BO003	1641	0	e	e	_	_	_	_	_	linguistic	_	ContainsVariation=No	_	Begin=3696.72	_	_	_	_
1641-1	BO003	1641	1	anche	anche	_	_	_	_	_	linguistic	_	ContainsVariation=No	_	_	_	_	_	_
1641-2	BO003	1641	2	tra	tra	_	_	_	_	_	linguistic	_	ContainsVariation=No	_	_	_	_	_	_
1641-3	BO003	1641	3	i	i	_	_	_	_	_	linguistic	_	ContainsVariation=No	_	_	_	_	_	_
1641-4	BO003	1641	4	vampiri	vampiri	_	_	_	_	_	linguistic	_	ContainsVariation=No	_	_	_	_	_	_
1641-5	BO003	1641	5	mi	mi	_	_	_	_	_	linguistic	_	ContainsVariation=No	_	_	_	_	_	_
1641-6	BO003	1641	6	sembra:	sembra	_	_	_	_	_	linguistic	_	ContainsVariation=No	_	_	5x1	_	_	_
1641-7	BO003	1641	7	alla	alla	_	_	_	_	_	linguistic	_	ContainsVariation=No	_	_	_	_	_	_
1641-8	BO003	1641	8	fine	fine	_	_	_	_	_	linguistic	_	ContainsVariation=No	_	_	_	_	_	_
1641-9	BO003	1641	9	che	che	_	_	_	_	_	linguistic	_	ContainsVariation=No	_	_	_	_	_	_
1641-10	BO003	1641	10	chiaman	chiaman	_	_	_	_	_	linguistic	_	ContainsVariation=No	_	_	_	_	_	_
1641-11	BO003	1641	11	tutti	tutti	_	_	_	_	_	linguistic	_	ContainsVariation=No	_	_	_	_	_	_
1641-12	BO003	1641	12	quei	quei	_	_	_	_	_	linguistic	_	ContainsVariation=No	_	_	_	_	_	_
1641-13	BO003	1641	13	pare:nti,	parenti	_	_	_	_	_	linguistic	_	ContainsVariation=No	Intonation=WeaklyRising	End=3700.911	3x1	_	_	_
1642-0	BO003	1642	0	dal	dal	_	_	_	_	_	linguistic	_	ContainsVariation=No	_	Begin=3701.265	_	_	_	_
1642-1	BO003	1642	1	mh::	mh	_	_	_	_	_	linguistic	_	ContainsVariation=No	_	_	1x2	_	_	_
1642-2	BO003	1642	2	da	da	_	_	_	_	_	linguistic	_	ContainsVariation=No	_	_	_	_	_	_
1642-3	BO003	1642	3	tutto	tutto	_	_	_	_	_	linguistic	_	ContainsVariation=No	_	_	_	_	_	_
1642-4	BO003	1642	4	il	il	_	_	_	_	_	linguistic	_	ContainsVariation=No	_	_	_	_	_	_
1642-5	BO003	1642	5	mondo	mondo	_	_	_	_	_	linguistic	_	ContainsVariation=No	_	_	_	_	_	_
1642-6	BO003	1642	6	per	per	_	_	_	_	_	linguistic	_	ContainsVariation=No	_	_	_	_	_	_
1642-7	BO003	1642	7	aiutar[li]	aiutarli	_	_	_	_	_	linguistic	_	ContainsVariation=No	_	End=3703.678	_	_	_	6-8(587)
1643-0	BO002	1643	0	[qual]cuno	qualcuno	_	_	_	_	_	linguistic	_	ContainsVariation=No	_	Begin=3703.35	_	_	_	0-4(587)
1643-1	BO002	1643	1	muore	muore	_	_	_	_	_	linguistic	_	ContainsVariation=No	_	_	_	_	_	_
1643-2	BO002	1643	2	pe	pe	_	_	_	_	_	linguistic	_	ContainsVariation=No	_	_	_	_	_	_
1643-3	BO002	1643	3	[fo~].	fo~	_	_	_	_	_	linguistic	_	ContainsVariation=No	Intonation=Falling|Interrupted=Yes	End=3704.854	_	_	_	0-3(588)
1644-0	BO003	1644	0	[sì]	sì	_	_	_	_	_	linguistic	_	ContainsVariation=No	_	Begin=3704.606	_	_	_	0-2(588)
1644-1	BO003	1644	1	sì	sì	_	_	_	_	_	linguistic	_	ContainsVariation=No	_	End=3705.5	_	_	_	_
1645-0	BO002	1645	0	sì	sì	_	_	_	_	_	linguistic	_	ContainsVariation=No	_	Begin=3707.125	_	_	_	_
1645-1	BO002	1645	1	ma:,	ma	_	_	_	_	_	linguistic	_	ContainsVariation=No	Intonation=WeaklyRising	End=3708.096	1x1	_	_	_
1646-0	BO003	1646	0	e	e	_	_	_	_	_	linguistic	_	ContainsVariation=No	_	Begin=3708.164	_	_	_	_
1646-1	BO003	1646	1	bella	bella	_	_	_	_	_	linguistic	_	ContainsVariation=No	_	_	_	_	_	_
1646-2	BO003	1646	2	viva.	viva	_	_	_	_	_	linguistic	_	ContainsVariation=No	Intonation=Falling	_	_	_	_	_
1646-3	BO003	1646	3	senza	senza	_	_	_	_	_	linguistic	_	ContainsVariation=No	_	_	_	_	_	_
1646-4	BO003	1646	4	neanche	neanche	_	_	_	_	_	linguistic	_	ContainsVariation=No	_	_	_	_	_	_
1646-5	BO003	1646	5	un	un	_	_	_	_	_	linguistic	_	ContainsVariation=No	_	_	_	_	_	_
1646-6	BO003	1646	6	graf[fio]	graffio	_	_	_	_	_	linguistic	_	ContainsVariation=No	_	_	_	_	_	4-7(589)
1646-7	BO003	1646	7	((ride))	((ride))	_	_	_	_	_	nonverbalbehavior	_	ContainsVariation=No	_	End=3710.565	_	_	_	_
1647-0	BO002	1647	0	[cioè]	cioè	_	_	_	_	_	linguistic	_	ContainsVariation=No	_	Begin=3710.016	_	_	_	0-4(589)
1647-1	BO002	1647	1	ovvio.	ovvio	_	_	_	_	_	linguistic	_	ContainsVariation=No	Intonation=Falling	_	_	_	_	_
1647-2	BO002	1647	2	trucca:ta	truccata	_	_	_	_	_	linguistic	_	ContainsVariation=No	_	_	5x1	_	_	_
1647-3	BO002	1647	3	e[sce	esce	_	_	_	_	_	linguistic	_	ContainsVariation=No	_	_	_	_	_	1-4(590)
1647-4	BO002	1647	4	dalla	dalla	_	_	_	_	_	linguistic	_	ContainsVariation=No	_	_	_	_	_	0-5(590)
1647-5	BO002	1647	5	bat]taglia	battaglia	_	_	_	_	_	linguistic	_	ContainsVariation=No	_	_	_	_	_	0-3(590)
1647-6	BO002	1647	6	truc[ca:ta]	truccata	_	_	_	_	_	linguistic	_	ContainsVariation=No	_	End=3713.699	5x1	_	_	4-8(591)
1648-0	BO003	1648	0	[truc~]	truc~	_	_	_	_	_	linguistic	_	ContainsVariation=No	Interrupted=Yes	Begin=3711.811|End=3712.472	_	_	_	0-5(590)
1649-0	BO003	1649	0	[sì	sì	_	_	_	_	_	linguistic	_	ContainsVariation=No	_	Begin=3713.227	_	_	_	0-2(591)
1649-1	BO003	1649	1	sì	sì	_	_	_	_	_	linguistic	_	ContainsVariation=No	_	_	_	_	_	0-2(591)
1649-2	BO003	1649	2	sì].	sì	_	_	_	_	_	linguistic	_	ContainsVariation=No	Intonation=Falling	_	_	_	_	0-2(591)
1649-3	BO003	1649	3	lei,	lei	_	_	_	_	_	linguistic	_	ContainsVariation=No	Intonation=WeaklyRising	_	_	_	_	_
1649-4	BO003	1649	4	sì.	sì	_	_	_	_	_	linguistic	_	ContainsVariation=No	Intonation=Falling	End=3714.52	_	_	_	_
1650-0	BO003	1650	0	poi	poi	_	_	_	_	_	linguistic	_	ContainsVariation=No	_	Begin=3715.931	_	_	_	_
1650-1	BO003	1650	1	proprio	proprio	_	_	_	_	_	linguistic	_	ContainsVariation=No	_	_	_	_	_	_
1650-2	BO003	1650	2	sempre	sempre	_	_	_	_	_	linguistic	_	ContainsVariation=No	_	_	_	_	_	_
1650-3	BO003	1650	3	così	così	_	_	_	_	_	linguistic	_	ContainsVariation=No	_	End=3717.105	_	_	_	_
1651-0	BO002	1651	0	esa:tto.	esatto	_	_	_	_	_	linguistic	_	ContainsVariation=No	Intonation=Falling	Begin=3718.358	2x1	_	_	_
1651-1	BO002	1651	1	sempre	sempre	_	_	_	_	_	linguistic	_	ContainsVariation=No	_	End=3720.045	_	_	_	_
1652-0	BO003	1652	0	((ride))	((ride))	_	_	_	_	_	nonverbalbehavior	_	ContainsVariation=No	_	Begin=3719.746|End=3720.254	_	_	_	_
1653-0	BO002	1653	0	ma	ma	_	_	_	_	_	linguistic	_	ContainsVariation=No	_	Begin=3720.254	_	_	_	_
1653-1	BO002	1653	1	poi.	poi	_	_	_	_	_	linguistic	_	ContainsVariation=No	Intonation=Falling	_	_	_	_	_
1653-2	BO002	1653	2	ora,	ora	_	_	_	_	_	linguistic	_	ContainsVariation=No	Intonation=WeaklyRising|PauseAfter=Yes	_	_	_	_	_
1653-3	BO002	1653	3	(.)	(.)	_	_	_	_	_	shortpause	_	ContainsVariation=No	_	_	_	_	_	_
1653-4	BO002	1653	4	io,	io	_	_	_	_	_	linguistic	_	ContainsVariation=No	Intonation=WeaklyRising	_	_	_	_	_
1653-5	BO002	1653	5	il	il	_	_	_	_	_	linguistic	_	ContainsVariation=No	_	_	_	_	_	_
1653-6	BO002	1653	6	set~	set~	_	_	_	_	_	linguistic	_	ContainsVariation=No	Interrupted=Yes	_	_	_	_	_
1653-7	BO002	1653	7	>perché<	perché	_	_	_	_	_	linguistic	_	ContainsVariation=No	_	_	_	Fast=0-6(0)	_	_
1653-8	BO002	1653	8	allora	allora	_	_	_	_	_	linguistic	_	ContainsVariation=No	_	_	_	_	_	_
1653-9	BO002	1653	9	io	io	_	_	_	_	_	linguistic	_	ContainsVariation=No	_	_	_	_	_	_
1653-10	BO002	1653	10	vedevo	vedevo	_	_	_	_	_	linguistic	_	ContainsVariation=No	_	_	_	_	_	_
1653-11	BO002	1653	11	questi	questi	_	_	_	_	_	linguistic	_	ContainsVariation=No	_	_	_	_	_	_
1653-12	BO002	1653	12	film	film	_	_	_	_	_	linguistic	_	ContainsVariation=No	PauseAfter=Yes	_	_	_	_	_
1653-13	BO002	1653	13	(.)	(.)	_	_	_	_	_	shortpause	_	ContainsVariation=No	_	_	_	_	_	_
1653-14	BO002	1653	14	perché	perché	_	_	_	_	_	linguistic	_	ContainsVariation=No	_	_	_	_	_	_
1653-15	BO002	1653	15	l'	l'	_	_	_	_	_	linguistic	_	ContainsVariation=No	SpaceAfter=No	_	_	_	_	_
1653-16	BO002	1653	16	ada	ada	_	_	_	_	_	linguistic	_	ContainsVariation=No	_	_	_	_	_	_
1653-17	BO002	1653	17	era	era	_	_	_	_	_	linguistic	_	ContainsVariation=No	_	_	_	_	_	_
1653-18	BO002	1653	18	fissata	fissata	_	_	_	_	_	linguistic	_	ContainsVariation=No	_	End=3726.351	_	_	_	_
1654-0	BO003	1654	0	con	con	_	_	_	_	_	linguistic	_	ContainsVariation=No	_	Begin=3726.351	_	_	_	_
1654-1	BO003	1654	1	twilight?	twilight	_	_	_	_	_	linguistic	_	ContainsVariation=No	Intonation=Rising	End=3727.114	_	_	_	_
1655-0	BO002	1655	0	sì.	sì	_	_	_	_	_	linguistic	_	ContainsVariation=No	Intonation=Falling	Begin=3727.114|End=3727.88	_	_	_	_
1656-0	BO002	1656	0	cioè.	cioè	_	_	_	_	_	linguistic	_	ContainsVariation=No	Intonation=Falling	Begin=3728.167	_	_	_	_
1656-1	BO002	1656	1	lei,	lei	_	_	_	_	_	linguistic	_	ContainsVariation=No	Intonation=WeaklyRising	_	_	_	_	_
1656-2	BO002	1656	2	o~	o~	_	_	_	_	_	linguistic	_	ContainsVariation=No	Interrupted=Yes	_	_	_	_	_
1656-3	BO002	1656	3	non	non	_	_	_	_	_	linguistic	_	ContainsVariation=No	PauseAfter=Yes	_	_	_	_	_
1656-4	BO002	1656	4	(.)	(.)	_	_	_	_	_	shortpause	_	ContainsVariation=No	_	_	_	_	_	_
1656-5	BO002	1656	5	n~	n~	_	_	_	_	_	linguistic	_	ContainsVariation=No	Interrupted=Yes	_	_	_	_	_
1656-6	BO002	1656	6	poteva	poteva	_	_	_	_	_	linguistic	_	ContainsVariation=No	_	_	_	_	_	_
1656-7	BO002	1656	7	vedere	vedere	_	_	_	_	_	linguistic	_	ContainsVariation=No	_	_	_	_	_	_
1656-8	BO002	1656	8	harry	harry	_	_	_	_	_	linguistic	_	ContainsVariation=No	_	_	_	_	_	_
1656-9	BO002	1656	9	potter,	potter	_	_	_	_	_	linguistic	_	ContainsVariation=No	Intonation=WeaklyRising	_	_	_	_	_
1656-10	BO002	1656	10	né	né	_	_	_	_	_	linguistic	_	ContainsVariation=No	_	_	_	_	_	_
1656-11	BO002	1656	11	il	il	_	_	_	_	_	linguistic	_	ContainsVariation=No	_	_	_	_	_	_
1656-12	BO002	1656	12	signore	signore	_	_	_	_	_	linguistic	_	ContainsVariation=No	_	_	_	_	_	_
1656-13	BO002	1656	13	degli	degli	_	_	_	_	_	linguistic	_	ContainsVariation=No	_	_	_	_	_	_
1656-14	BO002	1656	14	anelli,	anelli	_	_	_	_	_	linguistic	_	ContainsVariation=No	Intonation=WeaklyRising	_	_	_	_	_
1656-15	BO002	1656	15	e	e	_	_	_	_	_	linguistic	_	ContainsVariation=No	_	_	_	_	_	_
1656-16	BO002	1656	16	guardi	guardi	_	_	_	_	_	linguistic	_	ContainsVariation=No	_	_	_	_	_	_
1656-17	BO002	1656	17	twilight.	twilight	_	_	_	_	_	linguistic	_	ContainsVariation=No	Intonation=Falling	_	_	_	_	_
1656-18	BO002	1656	18	no.	no	_	_	_	_	_	linguistic	_	ContainsVariation=No	Intonation=Falling	_	_	_	_	_
1656-19	BO002	1656	19	scusa.	scusa	_	_	_	_	_	linguistic	_	ContainsVariation=No	Intonation=Falling	_	_	_	_	_
1656-20	BO002	1656	20	io	io	_	_	_	_	_	linguistic	_	ContainsVariation=No	_	_	_	_	_	_
1656-21	BO002	1656	21	con	con	_	_	_	_	_	linguistic	_	ContainsVariation=No	_	_	_	_	_	_
1656-22	BO002	1656	22	te	te	_	_	_	_	_	linguistic	_	ContainsVariation=No	_	_	_	_	_	_
1656-23	BO002	1656	23	non	non	_	_	_	_	_	linguistic	_	ContainsVariation=No	_	_	_	_	_	_
1656-24	BO002	1656	24	ci	ci	_	_	_	_	_	linguistic	_	ContainsVariation=No	_	_	_	_	_	_
1656-25	BO002	1656	25	parlo	parlo	_	_	_	_	_	linguistic	_	ContainsVariation=No	_	_	_	_	_	_
1656-26	BO002	1656	26	[più],	più	_	_	_	_	_	linguistic	_	ContainsVariation=No	Intonation=WeaklyRising	End=3735.483	_	_	_	0-3(593)
1657-0	BO003	1657	0	[sì]	sì	_	_	_	_	_	linguistic	_	ContainsVariation=No	_	Begin=3735.22	_	_	_	0-2(593)
1657-1	BO003	1657	1	che	che	_	_	_	_	_	linguistic	_	ContainsVariation=No	_	_	_	_	_	_
1657-2	BO003	1657	2	è	è	_	_	_	_	_	linguistic	_	ContainsVariation=No	_	_	_	_	_	_
1657-3	BO003	1657	3	quello	quello	_	_	_	_	_	linguistic	_	ContainsVariation=No	_	_	_	_	_	_
1657-4	BO003	1657	4	più::	più	_	_	_	_	_	linguistic	_	ContainsVariation=No	_	_	2x2	_	_	_
1657-5	BO003	1657	5	di	di	_	_	_	_	_	linguistic	_	ContainsVariation=No	_	_	_	_	_	_
1657-6	BO003	1657	6	bassa	bassa	_	_	_	_	_	linguistic	_	ContainsVariation=No	_	_	_	_	_	_
1657-7	BO003	1657	7	lega:	lega	_	_	_	_	_	linguistic	_	ContainsVariation=No	_	End=3737.622	3x1	_	_	_
1658-0	BO002	1658	0	sì.	sì	_	_	_	_	_	linguistic	_	ContainsVariation=No	Intonation=Falling	Begin=3737.771|End=3738.409	_	_	_	_
1659-0	BO002	1659	0	cioè.	cioè	_	_	_	_	_	linguistic	_	ContainsVariation=No	Intonation=Falling	Begin=3738.877	_	_	_	_
1659-1	BO002	1659	1	anche	anche	_	_	_	_	_	linguistic	_	ContainsVariation=No	_	_	_	_	_	_
1659-2	BO002	1659	2	la	la	_	_	_	_	_	linguistic	_	ContainsVariation=No	_	_	_	_	_	_
1659-3	BO002	1659	3	battaglia	battaglia	_	_	_	_	_	linguistic	_	ContainsVariation=No	_	_	_	_	_	_
1659-4	BO002	1659	4	finale	finale	_	_	_	_	_	linguistic	_	ContainsVariation=No	PauseAfter=Yes	_	_	_	_	_
1659-5	BO002	1659	5	(.)	(.)	_	_	_	_	_	shortpause	_	ContainsVariation=No	_	_	_	_	_	_
1659-6	BO002	1659	6	io	io	_	_	_	_	_	linguistic	_	ContainsVariation=No	_	_	_	_	_	_
1659-7	BO002	1659	7	mi	mi	_	_	_	_	_	linguistic	_	ContainsVariation=No	_	_	_	_	_	_
1659-8	BO002	1659	8	sono	sono	_	_	_	_	_	linguistic	_	ContainsVariation=No	_	_	_	_	_	_
1659-9	BO002	1659	9	rifiutata	rifiutata	_	_	_	_	_	linguistic	_	ContainsVariation=No	_	_	_	_	_	_
1659-10	BO002	1659	10	di	di	_	_	_	_	_	linguistic	_	ContainsVariation=No	_	_	_	_	_	_
1659-11	BO002	1659	11	vederla.	vederla	_	_	_	_	_	linguistic	_	ContainsVariation=No	Intonation=Falling	End=3743.151	_	_	_	_
1660-0	BO002	1660	0	perché	perché	_	_	_	_	_	linguistic	_	ContainsVariation=No	_	Begin=3743.388	_	_	_	_
1660-1	BO002	1660	1	dopo	dopo	_	_	_	_	_	linguistic	_	ContainsVariation=No	_	_	_	_	_	_
1660-2	BO002	1660	2	aver	aver	_	_	_	_	_	linguistic	_	ContainsVariation=No	_	_	_	_	_	_
1660-3	BO002	1660	3	visto	visto	_	_	_	_	_	linguistic	_	ContainsVariation=No	_	_	_	_	_	_
1660-4	BO002	1660	4	la	la	_	_	_	_	_	linguistic	_	ContainsVariation=No	_	_	_	_	_	_
1660-5	BO002	1660	5	battaglia	battaglia	_	_	_	_	_	linguistic	_	ContainsVariation=No	_	_	_	_	_	_
1660-6	BO002	1660	6	d~	d~	_	_	_	_	_	linguistic	_	ContainsVariation=No	Interrupted=Yes	_	_	_	_	_
1660-7	BO002	1660	7	finale	finale	_	_	_	_	_	linguistic	_	ContainsVariation=No	_	_	_	_	_	_
1660-8	BO002	1660	8	del	del	_	_	_	_	_	linguistic	_	ContainsVariation=No	_	_	_	_	_	_
1660-9	BO002	1660	9	signore	signore	_	_	_	_	_	linguistic	_	ContainsVariation=No	_	_	_	_	_	_
1660-10	BO002	1660	10	degli	degli	_	_	_	_	_	linguistic	_	ContainsVariation=No	_	_	_	_	_	_
1660-11	BO002	1660	11	anelli,	anelli	_	_	_	_	_	linguistic	_	ContainsVariation=No	Intonation=WeaklyRising	_	_	_	_	_
1660-12	BO002	1660	12	per	per	_	_	_	_	_	linguistic	_	ContainsVariation=No	_	_	_	_	_	_
1660-13	BO002	1660	13	me	me	_	_	_	_	_	linguistic	_	ContainsVariation=No	_	_	_	_	_	_
1660-14	BO002	1660	14	non	non	_	_	_	_	_	linguistic	_	ContainsVariation=No	_	_	_	_	_	_
1660-15	BO002	1660	15	c'	c'	_	_	_	_	_	linguistic	_	ContainsVariation=No	SpaceAfter=No	_	_	_	_	_
1660-16	BO002	1660	16	è	è	_	_	_	_	_	linguistic	_	ContainsVariation=No	_	_	_	_	_	_
1660-17	BO002	1660	17	battaglia	battaglia	_	_	_	_	_	linguistic	_	ContainsVariation=No	_	_	_	_	_	_
1660-18	BO002	1660	18	che	che	_	_	_	_	_	linguistic	_	ContainsVariation=No	_	_	_	_	_	_
1660-19	BO002	1660	19	re:gga	regga	_	_	_	_	_	linguistic	_	ContainsVariation=No	_	End=3749.217	1x1	_	_	_
1661-0	BO003	1661	0	quella	quella	_	_	_	_	_	linguistic	_	ContainsVariation=No	_	Begin=3749.599	_	_	_	_
1661-1	BO003	1661	1	lì:	lì	_	_	_	_	_	linguistic	_	ContainsVariation=No	_	_	1x1	_	_	_
1661-2	BO003	1661	2	cioè,	cioè	_	_	_	_	_	linguistic	_	ContainsVariation=No	Intonation=WeaklyRising|PauseAfter=Yes	_	_	_	_	_
1661-3	BO003	1661	3	(.)	(.)	_	_	_	_	_	shortpause	_	ContainsVariation=No	_	_	_	_	_	_
1661-4	BO003	1661	4	poi	poi	_	_	_	_	_	linguistic	_	ContainsVariation=No	_	_	_	_	_	_
1661-5	BO003	1661	5	non	non	_	_	_	_	_	linguistic	_	ContainsVariation=No	_	_	_	_	_	_
1661-6	BO003	1661	6	si	si	_	_	_	_	_	linguistic	_	ContainsVariation=No	_	_	_	_	_	_
1661-7	BO003	1661	7	consuma	consuma	_	_	_	_	_	linguistic	_	ContainsVariation=No	_	_	_	_	_	_
1661-8	BO003	1661	8	neanche	neanche	_	_	_	_	_	linguistic	_	ContainsVariation=No	_	_	_	_	_	_
1661-9	BO003	1661	9	la	la	_	_	_	_	_	linguistic	_	ContainsVariation=No	_	_	_	_	_	_
1661-10	BO003	1661	10	battaglia.	battaglia	_	_	_	_	_	linguistic	_	ContainsVariation=No	Intonation=Falling	_	_	_	_	_
1661-11	BO003	1661	11	perché:,	perché	_	_	_	_	_	linguistic	_	ContainsVariation=No	Intonation=WeaklyRising	End=3753.605	5x1	_	_	_
1662-0	BO003	1662	0	è	è	_	_	_	_	_	linguistic	_	ContainsVariation=No	_	Begin=3757.474	_	_	_	_
1662-1	BO003	1662	1	u~	u~	_	_	_	_	_	linguistic	_	ContainsVariation=No	Interrupted=Yes	_	_	_	_	_
1662-2	BO003	1662	2	tutt'	tutt'	_	_	_	_	_	linguistic	_	ContainsVariation=No	SpaceAfter=No	_	_	_	_	_
1662-3	BO003	1662	3	una	una	_	_	_	_	_	linguistic	_	ContainsVariation=No	_	_	_	_	_	_
1662-4	BO003	1662	4	visio:ne	visione	_	_	_	_	_	linguistic	_	ContainsVariation=No	_	End=3759.382	4x1	_	_	_
1663-0	BO002	1663	0	ah.	ah	_	_	_	_	_	linguistic	_	ContainsVariation=No	Intonation=Falling	Begin=3759.382|End=3759.872	_	_	_	_
1664-0	BO002	1664	0	bello	bello	_	_	_	_	_	linguistic	_	ContainsVariation=No	_	Begin=3760.188|End=3760.911	_	_	_	_
1665-0	BO003	1665	0	cioè	cioè	_	_	_	_	_	linguistic	_	ContainsVariation=No	_	Begin=3761.837	_	_	_	_
1665-1	BO003	1665	1	ci	ci	_	_	_	_	_	linguistic	_	ContainsVariation=No	_	_	_	_	_	_
1665-2	BO003	1665	2	sarà:	sarà	_	_	_	_	_	linguistic	_	ContainsVariation=No	_	_	3x1	_	_	_
1665-3	BO003	1665	3	ma	ma	_	_	_	_	_	linguistic	_	ContainsVariation=No	_	_	_	_	_	_
1665-4	BO003	1665	4	n~	n~	_	_	_	_	_	linguistic	_	ContainsVariation=No	Interrupted=Yes|PauseAfter=Yes	_	_	_	_	_
1665-5	BO003	1665	5	(.)	(.)	_	_	_	_	_	shortpause	_	ContainsVariation=No	_	_	_	_	_	_
1665-6	BO003	1665	6	ci	ci	_	_	_	_	_	linguistic	_	ContainsVariation=No	_	_	_	_	_	_
1665-7	BO003	1665	7	sarebbe	sarebbe	_	_	_	_	_	linguistic	_	ContainsVariation=No	_	_	_	_	_	_
1665-8	BO003	1665	8	stata	stata	_	_	_	_	_	linguistic	_	ContainsVariation=No	_	_	_	_	_	_
1665-9	BO003	1665	9	se.	se	_	_	_	_	_	linguistic	_	ContainsVariation=No	Intonation=Falling	End=3765.144	_	_	_	_
1666-0	BO002	1666	0	ah::	ah	_	_	_	_	_	linguistic	_	ContainsVariation=No	_	Begin=3765.81	1x2	_	_	_
1666-1	BO002	1666	1	ho	ho	_	_	_	_	_	linguistic	_	ContainsVariation=No	_	_	_	_	_	_
1666-2	BO002	1666	2	capito	capito	_	_	_	_	_	linguistic	_	ContainsVariation=No	_	End=3767.213	_	_	_	_
1667-0	BO003	1667	0	((ride))	((ride))	_	_	_	_	_	nonverbalbehavior	_	ContainsVariation=No	_	Begin=3768.397|End=3769.612	_	_	_	_
1668-0	BO002	1668	0	cioè	cioè	_	_	_	_	_	linguistic	_	ContainsVariation=No	_	Begin=3769.962	_	_	_	_
1668-1	BO002	1668	1	io	io	_	_	_	_	_	linguistic	_	ContainsVariation=No	_	_	_	_	_	_
1668-2	BO002	1668	2	proprio,	proprio	_	_	_	_	_	linguistic	_	ContainsVariation=No	Intonation=WeaklyRising	_	_	_	_	_
1668-3	BO002	1668	3	(ho	ho	_	_	_	_	_	linguistic	_	ContainsVariation=No	ProsodicLink=Yes	_	_	_	0-2(0)	_
1668-4	BO002	1668	4	no:)	no	_	_	_	_	_	linguistic	_	ContainsVariation=No	_	End=3771.642	1x1	_	0-2(0)	_
1669-0	BO002	1669	0	io	io	_	_	_	_	_	linguistic	_	ContainsVariation=No	_	Begin=3772.745	_	_	_	_
1669-1	BO002	1669	1	che	che	_	_	_	_	_	linguistic	_	ContainsVariation=No	_	_	_	_	_	_
1669-2	BO002	1669	2	ho,	ho	_	_	_	_	_	linguistic	_	ContainsVariation=No	Intonation=WeaklyRising|PauseAfter=Yes	_	_	_	_	_
1669-3	BO002	1669	3	(.)	(.)	_	_	_	_	_	shortpause	_	ContainsVariation=No	_	_	_	_	_	_
1669-4	BO002	1669	4	>cioè<	cioè	_	_	_	_	_	linguistic	_	ContainsVariation=No	_	End=3774.729	_	Fast=0-4(0)	_	_
1670-0	BO002	1670	0	non	non	_	_	_	_	_	linguistic	_	ContainsVariation=No	_	Begin=3775.285	_	_	_	_
1670-1	BO002	1670	1	so.	so	_	_	_	_	_	linguistic	_	ContainsVariation=No	Intonation=Falling	_	_	_	_	_
1670-2	BO002	1670	2	a	a	_	_	_	_	_	linguistic	_	ContainsVariation=No	_	_	_	_	_	_
1670-3	BO002	1670	3	me	me	_	_	_	_	_	linguistic	_	ContainsVariation=No	_	_	_	_	_	_
1670-4	BO002	1670	4	che	che	_	_	_	_	_	linguistic	_	ContainsVariation=No	_	_	_	_	_	_
1670-5	BO002	1670	5	piace:	piace	_	_	_	_	_	linguistic	_	ContainsVariation=No	PauseAfter=Yes	_	4x1	_	_	_
1670-6	BO002	1670	6	(.)	(.)	_	_	_	_	_	shortpause	_	ContainsVariation=No	_	_	_	_	_	_
1670-7	BO002	1670	7	il	il	_	_	_	_	_	linguistic	_	ContainsVariation=No	_	_	_	_	_	_
1670-8	BO002	1670	8	top.	top	_	_	_	_	_	linguistic	_	ContainsVariation=No	Intonation=Falling	_	_	_	_	_
1670-9	BO002	1670	9	diciamo	diciamo	_	_	_	_	_	linguistic	_	ContainsVariation=No	_	_	_	_	_	_
1670-10	BO002	1670	10	il	il	_	_	_	_	_	linguistic	_	ContainsVariation=No	_	_	_	_	_	_
1670-11	BO002	1670	11	eh:	eh	_	_	_	_	_	linguistic	_	ContainsVariation=No	PauseAfter=Yes	_	1x1	_	_	_
1670-12	BO002	1670	12	(.)	(.)	_	_	_	_	_	shortpause	_	ContainsVariation=No	_	_	_	_	_	_
1670-13	BO002	1670	13	non	non	_	_	_	_	_	linguistic	_	ContainsVariation=No	_	_	_	_	_	_
1670-14	BO002	1670	14	ci	ci	_	_	_	_	_	linguistic	_	ContainsVariation=No	_	_	_	_	_	_
1670-15	BO002	1670	15	riesco	riesco	_	_	_	_	_	linguistic	_	ContainsVariation=No	_	_	_	_	_	_
1670-16	BO002	1670	16	a	a	_	_	_	_	_	linguistic	_	ContainsVariation=No	_	_	_	_	_	_
1670-17	BO002	1670	17	guardare	guardare	_	_	_	_	_	linguistic	_	ContainsVariation=No	_	_	_	_	_	_
1670-18	BO002	1670	18	queste	queste	_	_	_	_	_	linguistic	_	ContainsVariation=No	_	_	_	_	_	_
1670-19	BO002	1670	19	cose	cose	_	_	_	_	_	linguistic	_	ContainsVariation=No	_	End=3783.723	_	_	_	_
1671-0	BO002	1671	0	cioè	cioè	_	_	_	_	_	linguistic	_	ContainsVariation=No	_	Begin=3783.981	_	_	_	_
1671-1	BO002	1671	1	io	io	_	_	_	_	_	linguistic	_	ContainsVariation=No	_	_	_	_	_	_
1671-2	BO002	1671	2	anche	anche	_	_	_	_	_	linguistic	_	ContainsVariation=No	_	_	_	_	_	_
1671-3	BO002	1671	3	quando	quando	_	_	_	_	_	linguistic	_	ContainsVariation=No	_	_	_	_	_	_
1671-4	BO002	1671	4	guardavo	guardavo	_	_	_	_	_	linguistic	_	ContainsVariation=No	_	_	_	_	_	_
1671-5	BO002	1671	5	twi:light,	twilight	_	_	_	_	_	linguistic	_	ContainsVariation=No	Intonation=WeaklyRising	_	2x1	_	_	_
1671-6	BO002	1671	6	il	il	_	_	_	_	_	linguistic	_	ContainsVariation=No	_	_	_	_	_	_
1671-7	BO002	1671	7	seco:ndo,	secondo	_	_	_	_	_	linguistic	_	ContainsVariation=No	Intonation=WeaklyRising	_	3x1	_	_	_
1671-8	BO002	1671	8	>un	un	_	_	_	_	_	linguistic	_	ContainsVariation=No	_	_	_	Fast=0-2(0)	_	_
1671-9	BO002	1671	9	mi	mi	_	_	_	_	_	linguistic	_	ContainsVariation=No	_	_	_	Fast=0-2(0)	_	_
1671-10	BO002	1671	10	ricordo<	ricordo	_	_	_	_	_	linguistic	_	ContainsVariation=No	_	_	_	Fast=0-7(0)	_	_
1671-11	BO002	1671	11	più	più	_	_	_	_	_	linguistic	_	ContainsVariation=No	_	_	_	_	_	_
1671-12	BO002	1671	12	nemmeno	nemmeno	_	_	_	_	_	linguistic	_	ContainsVariation=No	_	_	_	_	_	_
1671-13	BO002	1671	13	come	come	_	_	_	_	_	linguistic	_	ContainsVariation=No	_	_	_	_	_	_
1671-14	BO002	1671	14	si	si	_	_	_	_	_	linguistic	_	ContainsVariation=No	_	_	_	_	_	_
1671-15	BO002	1671	15	chiama,	chiama	_	_	_	_	_	linguistic	_	ContainsVariation=No	Intonation=WeaklyRising	_	_	_	_	_
1671-16	BO002	1671	16	io	io	_	_	_	_	_	linguistic	_	ContainsVariation=No	_	_	_	_	_	_
1671-17	BO002	1671	17	ho	ho	_	_	_	_	_	linguistic	_	ContainsVariation=No	_	_	_	_	_	_
1671-18	BO002	1671	18	guardato	guardato	_	_	_	_	_	linguistic	_	ContainsVariation=No	_	_	_	_	_	_
1671-19	BO002	1671	19	fino	fino	_	_	_	_	_	linguistic	_	ContainsVariation=No	_	_	_	_	_	_
1671-20	BO002	1671	20	al,	al	_	_	_	_	_	linguistic	_	ContainsVariation=No	Intonation=WeaklyRising|PauseAfter=Yes	_	_	_	_	_
1671-21	BO002	1671	21	(.)	(.)	_	_	_	_	_	shortpause	_	ContainsVariation=No	_	_	_	_	_	_
1671-22	BO002	1671	22	quanti	quanti	_	_	_	_	_	linguistic	_	ContainsVariation=No	_	_	_	_	_	_
1671-23	BO002	1671	23	sono?	sono	_	_	_	_	_	linguistic	_	ContainsVariation=No	Intonation=Rising	End=3790.954	_	_	_	_
1672-0	BO003	1672	0	tre.	tre	_	_	_	_	_	linguistic	_	ContainsVariation=No	Intonation=Falling	Begin=3791.5|End=3792.28	_	_	_	_
1673-0	BO002	1673	0	tre.	tre	_	_	_	_	_	linguistic	_	ContainsVariation=No	Intonation=Falling	Begin=3792.4|End=3792.988	_	_	_	_
1674-0	BO003	1674	0	no	no	_	_	_	_	_	linguistic	_	ContainsVariation=No	_	Begin=3793.3	_	_	_	_
1674-1	BO003	1674	1	quattro	quattro	_	_	_	_	_	linguistic	_	ContainsVariation=No	_	_	_	_	_	_
1674-2	BO003	1674	2	col	col	_	_	_	_	_	linguistic	_	ContainsVariation=No	_	_	_	_	_	_
1674-3	BO003	1674	3	quarto	quarto	_	_	_	_	_	linguistic	_	ContainsVariation=No	_	_	_	_	_	_
1674-4	BO003	1674	4	diviso	diviso	_	_	_	_	_	linguistic	_	ContainsVariation=No	_	_	_	_	_	_
1674-5	BO003	1674	5	in	in	_	_	_	_	_	linguistic	_	ContainsVariation=No	_	_	_	_	_	_
1674-6	BO003	1674	6	due	due	_	_	_	_	_	linguistic	_	ContainsVariation=No	_	_	_	_	_	_
1674-7	BO003	1674	7	parti.	parti	_	_	_	_	_	linguistic	_	ContainsVariation=No	Intonation=Falling	End=3795.802	_	_	_	_
1675-0	BO002	1675	0	ah	ah	_	_	_	_	_	linguistic	_	ContainsVariation=No	_	Begin=3795.86	_	_	_	_
1675-1	BO002	1675	1	okay.	okay	_	_	_	_	_	linguistic	_	ContainsVariation=No	Intonation=Falling	_	_	_	_	_
1675-2	BO002	1675	2	io	io	_	_	_	_	_	linguistic	_	ContainsVariation=No	_	_	_	_	_	_
1675-3	BO002	1675	3	>ho	ho	_	_	_	_	_	linguistic	_	ContainsVariation=No	_	_	_	Fast=0-2(0)	_	_
1675-4	BO002	1675	4	guardato<	guardato	_	_	_	_	_	linguistic	_	ContainsVariation=No	_	_	_	Fast=0-8(0)	_	_
1675-5	BO002	1675	5	fino	fino	_	_	_	_	_	linguistic	_	ContainsVariation=No	_	_	_	_	_	_
1675-6	BO002	1675	6	a	a	_	_	_	_	_	linguistic	_	ContainsVariation=No	_	_	_	_	_	_
1675-7	BO002	1675	7	un	un	_	_	_	_	_	linguistic	_	ContainsVariation=No	PauseAfter=Yes	_	_	_	_	_
1675-8	BO002	1675	8	(.)	(.)	_	_	_	_	_	shortpause	_	ContainsVariation=No	_	_	_	_	_	_
1675-9	BO002	1675	9	terzo	terzo	_	_	_	_	_	linguistic	_	ContainsVariation=No	_	_	_	_	_	_
1675-10	BO002	1675	10	[ini]zio	inizio	_	_	_	_	_	linguistic	_	ContainsVariation=No	_	_	_	_	_	0-3(594)
1675-11	BO002	1675	11	nemmeno	nemmeno	_	_	_	_	_	linguistic	_	ContainsVariation=No	_	_	_	_	_	_
1675-12	BO002	1675	12	tut[to],	tutto	_	_	_	_	_	linguistic	_	ContainsVariation=No	Intonation=WeaklyRising	End=3800.217	_	_	_	3-5(595)
1676-0	BO003	1676	0	[sì]	sì	_	_	_	_	_	linguistic	_	ContainsVariation=No	_	Begin=3798.861|End=3799.408	_	_	_	0-2(594)
1677-0	BO003	1677	0	[sì	sì	_	_	_	_	_	linguistic	_	ContainsVariation=No	_	Begin=3799.956	_	_	_	0-2(595)
1677-1	BO003	1677	1	sì]	sì	_	_	_	_	_	linguistic	_	ContainsVariation=No	_	_	_	_	_	0-2(595)
1677-2	BO003	1677	2	sì,	sì	_	_	_	_	_	linguistic	_	ContainsVariation=No	Intonation=WeaklyRising	End=3800.681	_	_	_	_
1678-0	BO002	1678	0	ma	ma	_	_	_	_	_	linguistic	_	ContainsVariation=No	_	Begin=3801.482	_	_	_	_
1678-1	BO002	1678	1	ogni	ogni	_	_	_	_	_	linguistic	_	ContainsVariation=No	_	_	_	_	_	_
1678-2	BO002	1678	2	volta	volta	_	_	_	_	_	linguistic	_	ContainsVariation=No	_	_	_	_	_	_
1678-3	BO002	1678	3	li	li	_	_	_	_	_	linguistic	_	ContainsVariation=No	_	_	_	_	_	_
1678-4	BO002	1678	4	trovavo	trovavo	_	_	_	_	_	linguistic	_	ContainsVariation=No	_	_	_	_	_	_
1678-5	BO002	1678	5	<insu:lsi>,	insulsi	_	_	_	_	_	linguistic	_	ContainsVariation=No	Intonation=WeaklyRising	_	3x1	Slow=0-7(0)	_	_
1678-6	BO002	1678	6	cioè	cioè	_	_	_	_	_	linguistic	_	ContainsVariation=No	_	_	_	_	_	_
1678-7	BO002	1678	7	n~	n~	_	_	_	_	_	linguistic	_	ContainsVariation=No	Interrupted=Yes|PauseAfter=Yes	_	_	_	_	_
1678-8	BO002	1678	8	(.)	(.)	_	_	_	_	_	shortpause	_	ContainsVariation=No	_	_	_	_	_	_
1678-9	BO002	1678	9	senza	senza	_	_	_	_	_	linguistic	_	ContainsVariation=No	_	_	_	_	_	_
1678-10	BO002	1678	10	sen[so]	senso	_	_	_	_	_	linguistic	_	ContainsVariation=No	_	End=3806.276	_	_	_	3-5(596)
1679-0	BO003	1679	0	[sì	sì	_	_	_	_	_	linguistic	_	ContainsVariation=No	_	Begin=3806.033	_	_	_	0-2(596)
1679-1	BO003	1679	1	sì]	sì	_	_	_	_	_	linguistic	_	ContainsVariation=No	_	_	_	_	_	0-2(596)
1679-2	BO003	1679	2	no	no	_	_	_	_	_	linguistic	_	ContainsVariation=No	_	_	_	_	_	_
1679-3	BO003	1679	3	no	no	_	_	_	_	_	linguistic	_	ContainsVariation=No	_	_	_	_	_	_
1679-4	BO003	1679	4	an[che	anche	_	_	_	_	_	linguistic	_	ContainsVariation=No	_	_	_	_	_	2-5(597)
1679-5	BO003	1679	5	a	a	_	_	_	_	_	linguistic	_	ContainsVariation=No	_	_	_	_	_	0-1(597)
1679-6	BO003	1679	6	me]	me	_	_	_	_	_	linguistic	_	ContainsVariation=No	_	End=3807.088	_	_	_	0-2(597)
1680-0	BO002	1680	0	[che],	che	_	_	_	_	_	linguistic	_	ContainsVariation=No	Intonation=WeaklyRising	Begin=3806.639	_	_	_	0-3(597)
1680-1	BO002	1680	1	effettivamente,	effettivamente	_	_	_	_	_	linguistic	_	ContainsVariation=No	Intonation=WeaklyRising	_	_	_	_	_
1680-2	BO002	1680	2	vedi.	vedi	_	_	_	_	_	linguistic	_	ContainsVariation=No	Intonation=Falling|PauseAfter=Yes	_	_	_	_	_
1680-3	BO002	1680	3	(.)	(.)	_	_	_	_	_	shortpause	_	ContainsVariation=No	_	_	_	_	_	_
1680-4	BO002	1680	4	la	la	_	_	_	_	_	linguistic	_	ContainsVariation=No	_	_	_	_	_	_
1680-5	BO002	1680	5	battaglia	battaglia	_	_	_	_	_	linguistic	_	ContainsVariation=No	_	_	_	_	_	_
1680-6	BO002	1680	6	finale	finale	_	_	_	_	_	linguistic	_	ContainsVariation=No	_	_	_	_	_	_
1680-7	BO002	1680	7	di	di	_	_	_	_	_	linguistic	_	ContainsVariation=No	_	_	_	_	_	_
1680-8	BO002	1680	8	harry	harry	_	_	_	_	_	linguistic	_	ContainsVariation=No	_	_	_	_	_	_
1680-9	BO002	1680	9	potter.	potter	_	_	_	_	_	linguistic	_	ContainsVariation=No	Intonation=Falling	_	_	_	_	_
1680-10	BO002	1680	10	che	che	_	_	_	_	_	linguistic	_	ContainsVariation=No	_	_	_	_	_	_
1680-11	BO002	1680	11	an[che	anche	_	_	_	_	_	linguistic	_	ContainsVariation=No	_	_	_	_	_	2-5(598)
1680-12	BO002	1680	12	lì]	lì	_	_	_	_	_	linguistic	_	ContainsVariation=No	_	End=3810.337	_	_	_	0-2(598)
1681-0	BO003	1681	0	[sì].	sì	_	_	_	_	_	linguistic	_	ContainsVariation=No	Intonation=Falling	Begin=3809.75	_	_	_	0-2(598)
1681-1	BO003	1681	1	che	che	_	_	_	_	_	linguistic	_	ContainsVariation=No	_	_	_	_	_	_
1681-2	BO003	1681	2	è,	è	_	_	_	_	_	linguistic	_	ContainsVariation=No	Intonation=WeaklyRising	_	_	_	_	_
1681-3	BO003	1681	3	tanta	tanta	_	_	_	_	_	linguistic	_	ContainsVariation=No	_	_	_	_	_	_
1681-4	BO003	1681	4	[ro:ba]	roba	_	_	_	_	_	linguistic	_	ContainsVariation=No	_	_	1x1	_	_	0-4(599)
1681-5	BO003	1681	5	quella	quella	_	_	_	_	_	linguistic	_	ContainsVariation=No	_	_	_	_	_	_
1681-6	BO003	1681	6	del	del	_	_	_	_	_	linguistic	_	ContainsVariation=No	_	_	_	_	_	_
1681-7	BO003	1681	7	signore	signore	_	_	_	_	_	linguistic	_	ContainsVariation=No	_	_	_	_	_	_
1681-8	BO003	1681	8	degli	degli	_	_	_	_	_	linguistic	_	ContainsVariation=No	_	_	_	_	_	_
1681-9	BO003	1681	9	anelli	anelli	_	_	_	_	_	linguistic	_	ContainsVariation=No	_	_	_	_	_	_
1681-10	BO003	1681	10	[che]	che	_	_	_	_	_	linguistic	_	ContainsVariation=No	_	End=3812.818	_	_	_	0-3(600)
1682-0	BO002	1682	0	[tanta	tanta	_	_	_	_	_	linguistic	_	ContainsVariation=No	_	Begin=3811.071	_	_	_	0-5(599)
1682-1	BO002	1682	1	ro~]	ro~	_	_	_	_	_	linguistic	_	ContainsVariation=No	Interrupted=Yes	End=3812.02	_	_	_	0-3(599)
1683-0	BO002	1683	0	[quel]la	quella	_	_	_	_	_	linguistic	_	ContainsVariation=No	_	Begin=3812.56	_	_	_	0-4(600)
1683-1	BO002	1683	1	del	del	_	_	_	_	_	linguistic	_	ContainsVariation=No	_	_	_	_	_	_
1683-2	BO002	1683	2	signore	signore	_	_	_	_	_	linguistic	_	ContainsVariation=No	_	_	_	_	_	_
1683-3	BO002	1683	3	degli	degli	_	_	_	_	_	linguistic	_	ContainsVariation=No	_	_	_	_	_	_
1683-4	BO002	1683	4	anelli,	anelli	_	_	_	_	_	linguistic	_	ContainsVariation=No	Intonation=WeaklyRising	_	_	_	_	_
1683-5	BO002	1683	5	>cioè<	cioè	_	_	_	_	_	linguistic	_	ContainsVariation=No	_	_	_	Fast=0-4(0)	_	_
1683-6	BO002	1683	6	rimani	rimani	_	_	_	_	_	linguistic	_	ContainsVariation=No	_	_	_	_	_	_
1683-7	BO002	1683	7	io,	io	_	_	_	_	_	linguistic	_	ContainsVariation=No	Intonation=WeaklyRising	_	_	_	_	_
1683-8	BO002	1683	8	io	io	_	_	_	_	_	linguistic	_	ContainsVariation=No	_	_	_	_	_	_
1683-9	BO002	1683	9	ogni	ogni	_	_	_	_	_	linguistic	_	ContainsVariation=No	_	_	_	_	_	_
1683-10	BO002	1683	10	volta	volta	_	_	_	_	_	linguistic	_	ContainsVariation=No	_	_	_	_	_	_
1683-11	BO002	1683	11	sono	sono	_	_	_	_	_	linguistic	_	ContainsVariation=No	_	_	_	_	_	_
1683-12	BO002	1683	12	così	così	_	_	_	_	_	linguistic	_	ContainsVariation=No	_	_	_	_	_	_
1683-13	BO002	1683	13	davanti	davanti	_	_	_	_	_	linguistic	_	ContainsVariation=No	_	_	_	_	_	_
1683-14	BO002	1683	14	alla	alla	_	_	_	_	_	linguistic	_	ContainsVariation=No	_	_	_	_	_	_
1683-15	BO002	1683	15	televisione	televisione	_	_	_	_	_	linguistic	_	ContainsVariation=No	_	End=3817.607	_	_	_	_
1684-0	BO003	1684	0	((ride))	((ride))	_	_	_	_	_	nonverbalbehavior	_	ContainsVariation=No	_	Begin=3817.774|End=3819.041	_	_	_	_
1685-0	BO002	1685	0	no.	no	_	_	_	_	_	linguistic	_	ContainsVariation=No	Intonation=Falling	Begin=3819.348	_	_	_	_
1685-1	BO002	1685	1	se	se	_	_	_	_	_	linguistic	_	ContainsVariation=No	_	_	_	_	_	_
1685-2	BO002	1685	2	mi	mi	_	_	_	_	_	linguistic	_	ContainsVariation=No	_	_	_	_	_	_
1685-3	BO002	1685	3	chiami	chiami	_	_	_	_	_	linguistic	_	ContainsVariation=No	_	_	_	_	_	_
1685-4	BO002	1685	4	non	non	_	_	_	_	_	linguistic	_	ContainsVariation=No	_	_	_	_	_	_
1685-5	BO002	1685	5	ti	ti	_	_	_	_	_	linguistic	_	ContainsVariation=No	_	_	_	_	_	_
1685-6	BO002	1685	6	sento.	sento	_	_	_	_	_	linguistic	_	ContainsVariation=No	Intonation=Falling	_	_	_	_	_
1685-7	BO002	1685	7	io	io	_	_	_	_	_	linguistic	_	ContainsVariation=No	_	_	_	_	_	_
1685-8	BO002	1685	8	sono	sono	_	_	_	_	_	linguistic	_	ContainsVariation=No	_	End=3821.736	_	_	_	_
1686-0	BO003	1686	0	xxx,	xxx	_	_	_	_	_	linguistic	_	ContainsVariation=No	Intonation=WeaklyRising	Begin=3821.736	_	_	_	_
1686-1	BO003	1686	1	((ride))	((ride))	_	_	_	_	_	nonverbalbehavior	_	ContainsVariation=No	_	End=3822.924	_	_	_	_
1687-0	BO002	1687	0	no	no	_	_	_	_	_	linguistic	_	ContainsVariation=No	_	Begin=3823.13	_	_	_	_
1687-1	BO002	1687	1	i~	i~	_	_	_	_	_	linguistic	_	ContainsVariation=No	Interrupted=Yes	_	_	_	_	_
1687-2	BO002	1687	2	io,	io	_	_	_	_	_	linguistic	_	ContainsVariation=No	Intonation=WeaklyRising	_	_	_	_	_
1687-3	BO002	1687	3	ti	ti	_	_	_	_	_	linguistic	_	ContainsVariation=No	_	_	_	_	_	_
1687-4	BO002	1687	4	giuro,	giuro	_	_	_	_	_	linguistic	_	ContainsVariation=No	Intonation=WeaklyRising	_	_	_	_	_
1687-5	BO002	1687	5	i~	i~	_	_	_	_	_	linguistic	_	ContainsVariation=No	Interrupted=Yes	_	_	_	_	_
1687-6	BO002	1687	6	mi	mi	_	_	_	_	_	linguistic	_	ContainsVariation=No	_	_	_	_	_	_
1687-7	BO002	1687	7	piaccion	piaccion	_	_	_	_	_	linguistic	_	ContainsVariation=No	_	_	_	_	_	_
1687-8	BO002	1687	8	troppo	troppo	_	_	_	_	_	linguistic	_	ContainsVariation=No	_	_	_	_	_	_
1687-9	BO002	1687	9	quelle	quelle	_	_	_	_	_	linguistic	_	ContainsVariation=No	_	_	_	_	_	_
1687-10	BO002	1687	10	sce:ne	scene	_	_	_	_	_	linguistic	_	ContainsVariation=No	_	End=3826.864	2x1	_	_	_
1688-0	BO002	1688	0	cioè	cioè	_	_	_	_	_	linguistic	_	ContainsVariation=No	PauseAfter=Yes	Begin=3827.52	_	_	_	_
1688-1	BO002	1688	1	(.)	(.)	_	_	_	_	_	shortpause	_	ContainsVariation=No	_	_	_	_	_	_
1688-2	BO002	1688	2	poi,	poi	_	_	_	_	_	linguistic	_	ContainsVariation=No	Intonation=WeaklyRising	_	_	_	_	_
1688-3	BO002	1688	3	quando	quando	_	_	_	_	_	linguistic	_	ContainsVariation=No	_	_	_	_	_	_
1688-4	BO002	1688	4	in[quadrano	inquadrano	_	_	_	_	_	linguistic	_	ContainsVariation=No	_	_	_	_	_	2-10(601)
1688-5	BO002	1688	5	le]golas	legolas	_	_	_	_	_	linguistic	_	ContainsVariation=No	_	_	_	_	_	0-2(601)
1688-6	BO002	1688	6	che	che	_	_	_	_	_	linguistic	_	ContainsVariation=No	_	_	_	_	_	_
1688-7	BO002	1688	7	comba:~	comba~	_	_	_	_	_	linguistic	_	ContainsVariation=No	Interrupted=Yes	_	4x1	_	_	_
1688-8	BO002	1688	8	>vabbè<	vabbè	_	_	_	_	_	linguistic	_	ContainsVariation=No	_	_	_	Fast=0-5(0)	_	_
1688-9	BO002	1688	9	lasciamo	lasciamo	_	_	_	_	_	linguistic	_	ContainsVariation=No	_	_	_	_	_	_
1688-10	BO002	1688	10	[per~]	per~	_	_	_	_	_	linguistic	_	ContainsVariation=No	Interrupted=Yes	_	_	_	_	0-4(602)
1688-11	BO002	1688	11	((ride))	((ride))	_	_	_	_	_	nonverbalbehavior	_	ContainsVariation=No	_	End=3831.96	_	_	_	_
1689-0	BO003	1689	0	[sì	sì	_	_	_	_	_	linguistic	_	ContainsVariation=No	_	Begin=3829.056	_	_	_	0-2(601)
1689-1	BO003	1689	1	ma],	ma	_	_	_	_	_	linguistic	_	ContainsVariation=No	Intonation=WeaklyRising	End=3829.899	_	_	_	0-2(601)
1690-0	BO003	1690	0	[sì]	sì	_	_	_	_	_	linguistic	_	ContainsVariation=No	_	Begin=3831.263	_	_	_	0-2(602)
1690-1	BO003	1690	1	((ride))	((ride))	_	_	_	_	_	nonverbalbehavior	_	ContainsVariation=No	_	End=3831.976	_	_	_	_
1691-0	BO003	1691	0	no	no	_	_	_	_	_	linguistic	_	ContainsVariation=No	_	Begin=3833.069	_	_	_	_
1691-1	BO003	1691	1	ma	ma	_	_	_	_	_	linguistic	_	ContainsVariation=No	_	_	_	_	_	_
1691-2	BO003	1691	2	è	è	_	_	_	_	_	linguistic	_	ContainsVariation=No	_	_	_	_	_	_
1691-3	BO003	1691	3	ehm::	ehm	_	_	_	_	_	linguistic	_	ContainsVariation=No	PauseAfter=Yes	_	2x2	_	_	_
1691-4	BO003	1691	4	(.)	(.)	_	_	_	_	_	shortpause	_	ContainsVariation=No	_	_	_	_	_	_
1691-5	BO003	1691	5	twilight	twilight	_	_	_	_	_	linguistic	_	ContainsVariation=No	_	_	_	_	_	_
1691-6	BO003	1691	6	è	è	_	_	_	_	_	linguistic	_	ContainsVariation=No	_	_	_	_	_	_
1691-7	BO003	1691	7	per	per	_	_	_	_	_	linguistic	_	ContainsVariation=No	_	_	_	_	_	_
1691-8	BO003	1691	8	le	le	_	_	_	_	_	linguistic	_	ContainsVariation=No	_	_	_	_	_	_
1691-9	BO003	1691	9	ragazzine	ragazzine	_	_	_	_	_	linguistic	_	ContainsVariation=No	_	_	_	_	_	_
1691-10	BO003	1691	10	in	in	_	_	_	_	_	linguistic	_	ContainsVariation=No	_	_	_	_	_	_
1691-11	BO003	1691	11	[pratica]	pratica	_	_	_	_	_	linguistic	_	ContainsVariation=No	_	End=3837.137	_	_	_	0-7(603)
1692-0	BO002	1692	0	[sì]	sì	_	_	_	_	_	linguistic	_	ContainsVariation=No	_	Begin=3836.132|End=3837.135	_	_	_	0-2(603)
1693-0	BO002	1693	0	ma	ma	_	_	_	_	_	linguistic	_	ContainsVariation=No	_	Begin=3837.849	_	_	_	_
1693-1	BO002	1693	1	quelle:	quelle	_	_	_	_	_	linguistic	_	ContainsVariation=No	_	_	5x1	_	_	_
1693-2	BO002	1693	2	o,	o	_	_	_	_	_	linguistic	_	ContainsVariation=No	Intonation=WeaklyRising	_	_	_	_	_
1693-3	BO002	1693	3	[<morte::>]	morte	_	_	_	_	_	linguistic	_	ContainsVariation=No	_	_	4x2	Slow=0-5(0)	_	0-5(604)
1693-4	BO002	1693	4	di:	di	_	_	_	_	_	linguistic	_	ContainsVariation=No	_	_	1x1	_	_	_
1693-5	BO002	1693	5	eh::	eh	_	_	_	_	_	linguistic	_	ContainsVariation=No	_	_	1x2	_	_	_
1693-6	BO002	1693	6	che	che	_	_	_	_	_	linguistic	_	ContainsVariation=No	PauseAfter=Yes	_	_	_	_	_
1693-7	BO002	1693	7	(.)	(.)	_	_	_	_	_	shortpause	_	ContainsVariation=No	_	_	_	_	_	_
1693-8	BO002	1693	8	sbavano	sbavano	_	_	_	_	_	linguistic	_	ContainsVariation=No	_	_	_	_	_	_
1693-9	BO002	1693	9	per	per	_	_	_	_	_	linguistic	_	ContainsVariation=No	_	_	_	_	_	_
1693-10	BO002	1693	10	eh::	eh	_	_	_	_	_	linguistic	_	ContainsVariation=No	PauseAfter=Yes	_	1x2	_	_	_
1693-11	BO002	1693	11	(.)	(.)	_	_	_	_	_	shortpause	_	ContainsVariation=No	_	_	_	_	_	_
1693-12	BO002	1693	12	robert	robert	_	_	_	_	_	linguistic	_	ContainsVariation=No	_	_	_	_	_	_
1693-13	BO002	1693	13	eh::come	ehcome	_	_	_	_	_	linguistic	_	ContainsVariation=No	_	_	1x2	_	_	_
1693-14	BO002	1693	14	si	si	_	_	_	_	_	linguistic	_	ContainsVariation=No	_	_	_	_	_	_
1693-15	BO002	1693	15	chiama.	chiama	_	_	_	_	_	linguistic	_	ContainsVariation=No	Intonation=Falling	_	_	_	_	_
1693-16	BO002	1693	16	lui,	lui	_	_	_	_	_	linguistic	_	ContainsVariation=No	Intonation=WeaklyRising	End=3847.456	_	_	_	_
1694-0	BO003	1694	0	[sì:	sì	_	_	_	_	_	linguistic	_	ContainsVariation=No	PauseAfter=Yes	Begin=3839.099	1x1	_	_	0-2(604)
1694-1	BO003	1694	1	(.)	(.)	_	_	_	_	_	shortpause	_	ContainsVariation=No	_	_	_	_	_	X(604)
1694-2	BO003	1694	2	sì:	sì	_	_	_	_	_	linguistic	_	ContainsVariation=No	_	_	1x1	_	_	0-2(604)
1694-3	BO003	1694	3	di	di	_	_	_	_	_	linguistic	_	ContainsVariation=No	_	_	_	_	_	0-2(604)
1694-4	BO003	1694	4	eh:	eh	_	_	_	_	_	linguistic	_	ContainsVariation=No	_	_	1x1	_	_	0-2(604)
1694-5	BO003	1694	5	mh]	mh	_	_	_	_	_	linguistic	_	ContainsVariation=No	_	End=3841.848	_	_	_	0-2(604)
1695-0	BO002	1695	0	robert	robert	_	_	_	_	_	linguistic	_	ContainsVariation=No	_	Begin=3847.555	_	_	_	_
1695-1	BO002	1695	1	pattin[son]	pattinson	_	_	_	_	_	linguistic	_	ContainsVariation=No	_	End=3848.675	_	_	_	6-9(605)
1696-0	BO003	1696	0	[sì],	sì	_	_	_	_	_	linguistic	_	ContainsVariation=No	Intonation=WeaklyRising	Begin=3848.331|End=3849.005	_	_	_	0-2(605)
1697-0	BO002	1697	0	>che	che	_	_	_	_	_	linguistic	_	ContainsVariation=No	_	Begin=3849.263	_	Fast=0-3(0)	_	_
1697-1	BO002	1697	1	poi<	poi	_	_	_	_	_	linguistic	_	ContainsVariation=No	_	_	_	Fast=0-3(0)	_	_
1697-2	BO002	1697	2	a	a	_	_	_	_	_	linguistic	_	ContainsVariation=No	_	_	_	_	_	_
1697-3	BO002	1697	3	me	me	_	_	_	_	_	linguistic	_	ContainsVariation=No	_	_	_	_	_	_
1697-4	BO002	1697	4	un	un	_	_	_	_	_	linguistic	_	ContainsVariation=No	_	_	_	_	_	_
1697-5	BO002	1697	5	m~	m~	_	_	_	_	_	linguistic	_	ContainsVariation=No	Interrupted=Yes	_	_	_	_	_
1697-6	BO002	1697	6	un	un	_	_	_	_	_	linguistic	_	ContainsVariation=No	_	_	_	_	_	_
1697-7	BO002	1697	7	mi	mi	_	_	_	_	_	linguistic	_	ContainsVariation=No	_	_	_	_	_	_
1697-8	BO002	1697	8	pare	pare	_	_	_	_	_	linguistic	_	ContainsVariation=No	_	_	_	_	_	_
1697-9	BO002	1697	9	bel[lo	bello	_	_	_	_	_	linguistic	_	ContainsVariation=No	_	_	_	_	_	3-5(606)
1697-10	BO002	1697	10	eh	eh	_	_	_	_	_	linguistic	_	ContainsVariation=No	_	_	_	_	_	0-2(606)
1697-11	BO002	1697	11	però]	però	_	_	_	_	_	linguistic	_	ContainsVariation=No	_	End=3851.432	_	_	_	0-4(606)
1698-0	BO003	1698	0	[no].	no	_	_	_	_	_	linguistic	_	ContainsVariation=No	Intonation=Falling	Begin=3850.942	_	_	_	0-2(606)
1698-1	BO003	1698	1	lui	lui	_	_	_	_	_	linguistic	_	ContainsVariation=No	_	_	_	_	_	_
1698-2	BO003	1698	2	è	è	_	_	_	_	_	linguistic	_	ContainsVariation=No	_	_	_	_	_	_
1698-3	BO003	1698	3	coso	coso	_	_	_	_	_	linguistic	_	ContainsVariation=No	_	_	_	_	_	_
1698-4	BO003	1698	4	è::	è	_	_	_	_	_	linguistic	_	ContainsVariation=No	_	_	0x2	_	_	_
1698-5	BO003	1698	5	mh	mh	_	_	_	_	_	linguistic	_	ContainsVariation=No	_	End=3852.872	_	_	_	_
1699-0	BO002	1699	0	è:	è	_	_	_	_	_	linguistic	_	ContainsVariation=No	_	Begin=3852.872	0x1	_	_	_
1699-1	BO002	1699	1	mh	mh	_	_	_	_	_	linguistic	_	ContainsVariation=No	_	_	_	_	_	_
1699-2	BO002	1699	2	cedric	cedric	_	_	_	_	_	linguistic	_	ContainsVariation=No	_	End=3853.962	_	_	_	_
1700-0	BO003	1700	0	sì.	sì	_	_	_	_	_	linguistic	_	ContainsVariation=No	Intonation=Falling	Begin=3854.175	_	_	_	_
1700-1	BO003	1700	1	che	che	_	_	_	_	_	linguistic	_	ContainsVariation=No	_	_	_	_	_	_
1700-2	BO003	1700	2	lì,	lì	_	_	_	_	_	linguistic	_	ContainsVariation=No	Intonation=WeaklyRising	_	_	_	_	_
1700-3	BO003	1700	3	sì.	sì	_	_	_	_	_	linguistic	_	ContainsVariation=No	Intonation=Falling|PauseAfter=Yes	_	_	_	_	_
1700-4	BO003	1700	4	(.)	(.)	_	_	_	_	_	shortpause	_	ContainsVariation=No	_	_	_	_	_	_
1700-5	BO003	1700	5	lì	lì	_	_	_	_	_	linguistic	_	ContainsVariation=No	_	_	_	_	_	_
1700-6	BO003	1700	6	andava	andava	_	_	_	_	_	linguistic	_	ContainsVariation=No	_	_	_	_	_	_
1700-7	BO003	1700	7	be[ne]	bene	_	_	_	_	_	linguistic	_	ContainsVariation=No	_	End=3857.16	_	_	_	2-4(607)
1701-0	BO002	1701	0	[c'	c'	_	_	_	_	_	linguistic	_	ContainsVariation=No	SpaceAfter=No	Begin=3856.939	_	_	_	0-2(607)
1701-1	BO002	1701	1	e]ra,	era	_	_	_	_	_	linguistic	_	ContainsVariation=No	Intonation=WeaklyRising	_	_	_	_	0-1(607)
1701-2	BO002	1701	2	c'	c'	_	_	_	_	_	linguistic	_	ContainsVariation=No	SpaceAfter=No	_	_	_	_	_
1701-3	BO002	1701	3	era	era	_	_	_	_	_	linguistic	_	ContainsVariation=No	_	_	_	_	_	_
1701-4	BO002	1701	4	un'	un'	_	_	_	_	_	linguistic	_	ContainsVariation=No	SpaceAfter=No	_	_	_	_	_
1701-5	BO002	1701	5	immagine	immagine	_	_	_	_	_	linguistic	_	ContainsVariation=No	_	_	_	_	_	_
1701-6	BO002	1701	6	bellissima	bellissima	_	_	_	_	_	linguistic	_	ContainsVariation=No	_	_	_	_	_	_
1701-7	BO002	1701	7	in	in	_	_	_	_	_	linguistic	_	ContainsVariation=No	_	_	_	_	_	_
1701-8	BO002	1701	8	cui:	cui	_	_	_	_	_	linguistic	_	ContainsVariation=No	_	_	2x1	_	_	_
1701-9	BO002	1701	9	la	la	_	_	_	_	_	linguistic	_	ContainsVariation=No	_	_	_	_	_	_
1701-10	BO002	1701	10	scena	scena	_	_	_	_	_	linguistic	_	ContainsVariation=No	_	_	_	_	_	_
1701-11	BO002	1701	11	in	in	_	_	_	_	_	linguistic	_	ContainsVariation=No	_	_	_	_	_	_
1701-12	BO002	1701	12	cui	cui	_	_	_	_	_	linguistic	_	ContainsVariation=No	_	_	_	_	_	_
1701-13	BO002	1701	13	cedric	cedric	_	_	_	_	_	linguistic	_	ContainsVariation=No	_	_	_	_	_	_
1701-14	BO002	1701	14	è	è	_	_	_	_	_	linguistic	_	ContainsVariation=No	_	_	_	_	_	_
1701-15	BO002	1701	15	morto	morto	_	_	_	_	_	linguistic	_	ContainsVariation=No	_	_	_	_	_	_
1701-16	BO002	1701	16	e	e	_	_	_	_	_	linguistic	_	ContainsVariation=No	_	_	_	_	_	_
1701-17	BO002	1701	17	harry	harry	_	_	_	_	_	linguistic	_	ContainsVariation=No	_	_	_	_	_	_
1701-18	BO002	1701	18	sopra,	sopra	_	_	_	_	_	linguistic	_	ContainsVariation=No	Intonation=WeaklyRising	End=3862.472	_	_	_	_
1702-0	BO003	1702	0	sì,	sì	_	_	_	_	_	linguistic	_	ContainsVariation=No	Intonation=WeaklyRising	Begin=3862.472|End=3863.057	_	_	_	_
1703-0	BO002	1703	0	ci	ci	_	_	_	_	_	linguistic	_	ContainsVariation=No	_	Begin=3863.558	_	_	_	_
1703-1	BO002	1703	1	avevano	avevano	_	_	_	_	_	linguistic	_	ContainsVariation=No	_	_	_	_	_	_
1703-2	BO002	1703	2	scritto	scritto	_	_	_	_	_	linguistic	_	ContainsVariation=No	PauseAfter=Yes	_	_	_	_	_
1703-3	BO002	1703	3	(.)	(.)	_	_	_	_	_	shortpause	_	ContainsVariation=No	_	_	_	_	_	_
1703-4	BO002	1703	4	no,	no	_	_	_	_	_	linguistic	_	ContainsVariation=No	Intonation=WeaklyRising	_	_	_	_	_
1703-5	BO002	1703	5	cedric,	cedric	_	_	_	_	_	linguistic	_	ContainsVariation=No	Intonation=WeaklyRising	_	_	_	_	_
1703-6	BO002	1703	6	ti	ti	_	_	_	_	_	linguistic	_	ContainsVariation=No	_	_	_	_	_	_
1703-7	BO002	1703	7	prego,	prego	_	_	_	_	_	linguistic	_	ContainsVariation=No	Intonation=WeaklyRising	_	_	_	_	_
1703-8	BO002	1703	8	non	non	_	_	_	_	_	linguistic	_	ContainsVariation=No	_	_	_	_	_	_
1703-9	BO002	1703	9	andare	andare	_	_	_	_	_	linguistic	_	ContainsVariation=No	_	_	_	_	_	_
1703-10	BO002	1703	10	a	a	_	_	_	_	_	linguistic	_	ContainsVariation=No	_	_	_	_	_	_
1703-11	BO002	1703	11	twilighht.	twilighht	_	_	_	_	_	linguistic	_	ContainsVariation=No	Intonation=Falling	_	_	_	_	_
1703-12	BO002	1703	12	rimani	rimani	_	_	_	_	_	linguistic	_	ContainsVariation=No	_	_	_	_	_	_
1703-13	BO002	1703	13	con	con	_	_	_	_	_	linguistic	_	ContainsVariation=No	_	_	_	_	_	_
1703-14	BO002	1703	14	noi	noi	_	_	_	_	_	linguistic	_	ContainsVariation=No	_	End=3869.001	_	_	_	_
1704-0	BO003	1704	0	((ride))	((ride))	_	_	_	_	_	nonverbalbehavior	_	ContainsVariation=No	_	Begin=3867.501|End=3869.431	_	_	_	_
1705-0	BO002	1705	0	ci	ci	_	_	_	_	_	linguistic	_	ContainsVariation=No	_	Begin=3869.499	_	_	_	_
1705-1	BO002	1705	1	avrebbe	avrebbe	_	_	_	_	_	linguistic	_	ContainsVariation=No	_	_	_	_	_	_
1705-2	BO002	1705	2	guadagnato	guadagnato	_	_	_	_	_	linguistic	_	ContainsVariation=No	_	_	_	_	_	_
1705-3	BO002	1705	3	di	di	_	_	_	_	_	linguistic	_	ContainsVariation=No	_	_	_	_	_	_
1705-4	BO002	1705	4	più,	più	_	_	_	_	_	linguistic	_	ContainsVariation=No	Intonation=WeaklyRising	_	_	_	_	_
1705-5	BO002	1705	5	comunque.	comunque	_	_	_	_	_	linguistic	_	ContainsVariation=No	Intonation=Falling	End=3871.604	_	_	_	_
1706-0	BO003	1706	0	sì	sì	_	_	_	_	_	linguistic	_	ContainsVariation=No	_	Begin=3872.096|End=3872.715	_	_	_	_
1707-0	BO002	1707	0	bellissima	bellissima	_	_	_	_	_	linguistic	_	ContainsVariation=No	_	Begin=3873.352|End=3874.551	_	_	_	_
1708-0	BO002	1708	0	sì.	sì	_	_	_	_	_	linguistic	_	ContainsVariation=No	Intonation=Falling	Begin=3875.453	_	_	_	_
1708-1	BO002	1708	1	che	che	_	_	_	_	_	linguistic	_	ContainsVariation=No	_	_	_	_	_	_
1708-2	BO002	1708	2	poi	poi	_	_	_	_	_	linguistic	_	ContainsVariation=No	_	_	_	_	_	_
1708-3	BO002	1708	3	anche	anche	_	_	_	_	_	linguistic	_	ContainsVariation=No	_	_	_	_	_	_
1708-4	BO002	1708	4	cedric,	cedric	_	_	_	_	_	linguistic	_	ContainsVariation=No	Intonation=WeaklyRising	_	_	_	_	_
1708-5	BO002	1708	5	un	un	_	_	_	_	_	linguistic	_	ContainsVariation=No	_	_	_	_	_	_
1708-6	BO002	1708	6	po'	po'	_	_	_	_	_	linguistic	_	ContainsVariation=No	_	_	_	_	_	_
1708-7	BO002	1708	7	sbruffo:ne	sbruffone	_	_	_	_	_	linguistic	_	ContainsVariation=No	_	_	6x1	_	_	_
1708-8	BO002	1708	8	eh,	eh	_	_	_	_	_	linguistic	_	ContainsVariation=No	Intonation=WeaklyRising	End=3878.774	_	_	_	_
1709-0	BO003	1709	0	eh	eh	_	_	_	_	_	linguistic	_	ContainsVariation=No	_	Begin=3878.774	_	_	_	_
1709-1	BO003	1709	1	sì.	sì	_	_	_	_	_	linguistic	_	ContainsVariation=No	Intonation=Falling|PauseAfter=Yes	_	_	_	_	_
1709-2	BO003	1709	2	(.)	(.)	_	_	_	_	_	shortpause	_	ContainsVariation=No	_	_	_	_	_	_
1709-3	BO003	1709	3	[e	e	_	_	_	_	_	linguistic	_	ContainsVariation=No	_	_	_	_	_	0-1(609)
1709-4	BO003	1709	4	anche	anche	_	_	_	_	_	linguistic	_	ContainsVariation=No	_	_	_	_	_	0-5(609)
1709-5	BO003	1709	5	un	un	_	_	_	_	_	linguistic	_	ContainsVariation=No	_	_	_	_	_	0-2(609)
1709-6	BO003	1709	6	po'	po'	_	_	_	_	_	linguistic	_	ContainsVariation=No	_	_	_	_	_	0-3(609)
1709-7	BO003	1709	7	stupidi:no]	stupidino	_	_	_	_	_	linguistic	_	ContainsVariation=No	_	End=3881.674	6x1	_	_	0-9(609)
1710-0	BO002	1710	0	[cioè	cioè	_	_	_	_	_	linguistic	_	ContainsVariation=No	_	Begin=3879.559	_	_	_	0-4(609)
1710-1	BO002	1710	1	non	non	_	_	_	_	_	linguistic	_	ContainsVariation=No	_	_	_	_	_	0-3(609)
1710-2	BO002	1710	2	è	è	_	_	_	_	_	linguistic	_	ContainsVariation=No	_	_	_	_	_	0-1(609)
1710-3	BO002	1710	3	diciamo:]	diciamo	_	_	_	_	_	linguistic	_	ContainsVariation=No	_	End=3880.959	6x1	_	_	0-7(609)
1711-0	BO002	1711	0	sì.	sì	_	_	_	_	_	linguistic	_	ContainsVariation=No	Intonation=Falling	Begin=3881.674|End=3882.278	_	_	_	_
1712-0	BO002	1712	0	>il	il	_	_	_	_	_	linguistic	_	ContainsVariation=No	_	Begin=3882.879	_	Fast=0-2(0)	_	_
1712-1	BO002	1712	1	tipico<	tipico	_	_	_	_	_	linguistic	_	ContainsVariation=No	_	_	_	Fast=0-6(0)	_	_
1712-2	BO002	1712	2	be:llo	bello	_	_	_	_	_	linguistic	_	ContainsVariation=No	_	_	1x1	_	_	_
1712-3	BO002	1712	3	stu:pido	stupido	_	_	_	_	_	linguistic	_	ContainsVariation=No	_	_	2x1	_	_	_
1712-4	BO002	1712	4	un	un	_	_	_	_	_	linguistic	_	ContainsVariation=No	_	_	_	_	_	_
1712-5	BO002	1712	5	capisce	capisce	_	_	_	_	_	linguistic	_	ContainsVariation=No	_	_	_	_	_	_
1712-6	BO002	1712	6	ni[e]	nie	_	_	_	_	_	linguistic	_	ContainsVariation=No	_	End=3885.947	_	_	_	2-3(610)
1713-0	BO003	1713	0	[tas]sorosso	tassorosso	_	_	_	_	_	linguistic	_	ContainsVariation=No	_	Begin=3885.733|End=3886.843	_	_	_	0-3(610)
1714-0	BO002	1714	0	sì	sì	_	_	_	_	_	linguistic	_	ContainsVariation=No	_	Begin=3886.906	_	_	_	_
1714-1	BO002	1714	1	eh	eh	_	_	_	_	_	linguistic	_	ContainsVariation=No	_	_	_	_	_	_
1714-2	BO002	1714	2	d~	d~	_	_	_	_	_	linguistic	_	ContainsVariation=No	Interrupted=Yes	_	_	_	_	_
1714-3	BO002	1714	3	cioè	cioè	_	_	_	_	_	linguistic	_	ContainsVariation=No	PauseAfter=Yes	_	_	_	_	_
1714-4	BO002	1714	4	(.)	(.)	_	_	_	_	_	shortpause	_	ContainsVariation=No	_	_	_	_	_	_
1714-5	BO002	1714	5	stra:no.	strano	_	_	_	_	_	linguistic	_	ContainsVariation=No	Intonation=Falling	_	3x1	_	_	_
1714-6	BO002	1714	6	eh,	eh	_	_	_	_	_	linguistic	_	ContainsVariation=No	Intonation=WeaklyRising	End=3889.229	_	_	_	_
1715-0	BO003	1715	0	che	che	_	_	_	_	_	linguistic	_	ContainsVariation=No	_	Begin=3891.266	_	_	_	_
1715-1	BO003	1715	1	poi	poi	_	_	_	_	_	linguistic	_	ContainsVariation=No	_	_	_	_	_	_
1715-2	BO003	1715	2	i	i	_	_	_	_	_	linguistic	_	ContainsVariation=No	_	_	_	_	_	_
1715-3	BO003	1715	3	corvonero	corvonero	_	_	_	_	_	linguistic	_	ContainsVariation=No	_	_	_	_	_	_
1715-4	BO003	1715	4	son	son	_	_	_	_	_	linguistic	_	ContainsVariation=No	_	_	_	_	_	_
1715-5	BO003	1715	5	tutte	tutte	_	_	_	_	_	linguistic	_	ContainsVariation=No	_	_	_	_	_	_
1715-6	BO003	1715	6	donne	donne	_	_	_	_	_	linguistic	_	ContainsVariation=No	_	End=3893.361	_	_	_	_
1716-0	BO002	1716	0	ve:[ro],	vero	_	_	_	_	_	linguistic	_	ContainsVariation=No	Intonation=WeaklyRising	Begin=3893.886|End=3895.146	1x1	_	_	2-4(611)
1717-0	BO003	1717	0	[eh	eh	_	_	_	_	_	linguistic	_	ContainsVariation=No	_	Begin=3894.545	_	_	_	0-2(611)
1717-1	BO003	1717	1	sì]	sì	_	_	_	_	_	linguistic	_	ContainsVariation=No	_	_	_	_	_	0-2(611)
1717-2	BO003	1717	2	più	più	_	_	_	_	_	linguistic	_	ContainsVariation=No	_	_	_	_	_	_
1717-3	BO003	1717	3	o	o	_	_	_	_	_	linguistic	_	ContainsVariation=No	_	_	_	_	_	_
1717-4	BO003	1717	4	meno,	meno	_	_	_	_	_	linguistic	_	ContainsVariation=No	Intonation=WeaklyRising	_	_	_	_	_
1717-5	BO003	1717	5	s~	s~	_	_	_	_	_	linguistic	_	ContainsVariation=No	Interrupted=Yes	_	_	_	_	_
1717-6	BO003	1717	6	io	io	_	_	_	_	_	linguistic	_	ContainsVariation=No	_	_	_	_	_	_
1717-7	BO003	1717	7	di	di	_	_	_	_	_	linguistic	_	ContainsVariation=No	_	_	_	_	_	_
1717-8	BO003	1717	8	maschi	maschi	_	_	_	_	_	linguistic	_	ContainsVariation=No	_	_	_	_	_	_
1717-9	BO003	1717	9	corvonero	corvonero	_	_	_	_	_	linguistic	_	ContainsVariation=No	_	End=3897.373	_	_	_	_
1718-0	BO002	1718	0	eh.	eh	_	_	_	_	_	linguistic	_	ContainsVariation=No	Intonation=Falling	Begin=3897.373	_	_	_	_
1718-1	BO002	1718	1	non	non	_	_	_	_	_	linguistic	_	ContainsVariation=No	_	_	_	_	_	_
1718-2	BO002	1718	2	sono	sono	_	_	_	_	_	linguistic	_	ContainsVariation=No	_	_	_	_	_	_
1718-3	BO002	1718	3	abbastanza	abbastanza	_	_	_	_	_	linguistic	_	ContainsVariation=No	_	End=3899.329	_	_	_	_
1719-0	BO003	1719	0	no.	no	_	_	_	_	_	linguistic	_	ContainsVariation=No	Intonation=Falling	Begin=3899.329	_	_	_	_
1719-1	BO003	1719	1	((ride))	((ride))	_	_	_	_	_	nonverbalbehavior	_	ContainsVariation=No	_	End=3899.784	_	_	_	_
1720-0	BO002	1720	0	xxx	xxx	_	_	_	_	_	unknown	_	ContainsVariation=No	Syllables=3	Begin=3901.623|End=3902.258	_	_	_	_
1721-0	BO002	1721	0	lo	lo	_	_	_	_	_	linguistic	_	ContainsVariation=No	_	Begin=3902.735	_	_	_	_
1721-1	BO002	1721	1	sai	sai	_	_	_	_	_	linguistic	_	ContainsVariation=No	_	_	_	_	_	_
1721-2	BO002	1721	2	cosa	cosa	_	_	_	_	_	linguistic	_	ContainsVariation=No	_	_	_	_	_	_
1721-3	BO002	1721	3	avevo	avevo	_	_	_	_	_	linguistic	_	ContainsVariation=No	_	_	_	_	_	_
1721-4	BO002	1721	4	le:tto,	letto	_	_	_	_	_	linguistic	_	ContainsVariation=No	Intonation=WeaklyRising	_	1x1	_	_	_
1721-5	BO002	1721	5	[una	una	_	_	_	_	_	linguistic	_	ContainsVariation=No	_	_	_	_	_	0-3(612)
1721-6	BO002	1721	6	cosa]	cosa	_	_	_	_	_	linguistic	_	ContainsVariation=No	_	_	_	_	_	0-4(612)
1721-7	BO002	1721	7	bellissima	bellissima	_	_	_	_	_	linguistic	_	ContainsVariation=No	_	_	_	_	_	_
1721-8	BO002	1721	8	che	che	_	_	_	_	_	linguistic	_	ContainsVariation=No	_	_	_	_	_	_
1721-9	BO002	1721	9	aveva	aveva	_	_	_	_	_	linguistic	_	ContainsVariation=No	_	_	_	_	_	_
1721-10	BO002	1721	10	co~	co~	_	_	_	_	_	linguistic	_	ContainsVariation=No	Interrupted=Yes	_	_	_	_	_
1721-11	BO002	1721	11	condiviso	condiviso	_	_	_	_	_	linguistic	_	ContainsVariation=No	_	_	_	_	_	_
1721-12	BO002	1721	12	tra	tra	_	_	_	_	_	linguistic	_	ContainsVariation=No	_	_	_	_	_	_
1721-13	BO002	1721	13	l'	l'	_	_	_	_	_	linguistic	_	ContainsVariation=No	SpaceAfter=No	_	_	_	_	_
1721-14	BO002	1721	14	altro	altro	_	_	_	_	_	linguistic	_	ContainsVariation=No	_	_	_	_	_	_
1721-15	BO002	1721	15	l'	l'	_	_	_	_	_	linguistic	_	ContainsVariation=No	SpaceAfter=No	_	_	_	_	_
1721-16	BO002	1721	16	enrica,	enrica	_	_	_	_	_	linguistic	_	ContainsVariation=No	Intonation=WeaklyRising	End=3908.157	_	_	_	_
1722-0	BO003	1722	0	[cosa]?	cosa	_	_	_	_	_	linguistic	_	ContainsVariation=No	Intonation=Rising	Begin=3904.254|End=3904.974	_	_	_	0-4(612)
1723-0	BO003	1723	0	sì,	sì	_	_	_	_	_	linguistic	_	ContainsVariation=No	Intonation=WeaklyRising	Begin=3908.491|End=3909.044	_	_	_	_
1724-0	BO002	1724	0	che	che	_	_	_	_	_	linguistic	_	ContainsVariation=No	_	Begin=3909.539	_	_	_	_
1724-1	BO002	1724	1	c'	c'	_	_	_	_	_	linguistic	_	ContainsVariation=No	SpaceAfter=No	_	_	_	_	_
1724-2	BO002	1724	2	era	era	_	_	_	_	_	linguistic	_	ContainsVariation=No	_	_	_	_	_	_
1724-3	BO002	1724	3	scritto	scritto	_	_	_	_	_	linguistic	_	ContainsVariation=No	_	_	_	_	_	_
1724-4	BO002	1724	4	che.	che	_	_	_	_	_	linguistic	_	ContainsVariation=No	Intonation=Falling	_	_	_	_	_
1724-5	BO002	1724	5	tassorosso	tassorosso	_	_	_	_	_	linguistic	_	ContainsVariation=No	_	_	_	_	_	_
1724-6	BO002	1724	6	e	e	_	_	_	_	_	linguistic	_	ContainsVariation=No	_	_	_	_	_	_
1724-7	BO002	1724	7	serpeverde,	serpeverde	_	_	_	_	_	linguistic	_	ContainsVariation=No	Intonation=WeaklyRising	_	_	_	_	_
1724-8	BO002	1724	8	[tendono	tendono	_	_	_	_	_	linguistic	_	ContainsVariation=No	_	_	_	_	_	0-7(613)
1724-9	BO002	1724	9	a	a	_	_	_	_	_	linguistic	_	ContainsVariation=No	_	_	_	_	_	0-1(613)
1724-10	BO002	1724	10	es]sere	essere	_	_	_	_	_	linguistic	_	ContainsVariation=No	_	_	_	_	_	0-2(613)
1724-11	BO002	1724	11	molto	molto	_	_	_	_	_	linguistic	_	ContainsVariation=No	_	_	_	_	_	_
1724-12	BO002	1724	12	amici	amici	_	_	_	_	_	linguistic	_	ContainsVariation=No	_	End=3914.103	_	_	_	_
1725-0	BO003	1725	0	[sì]	sì	_	_	_	_	_	linguistic	_	ContainsVariation=No	_	Begin=3912.217|End=3912.87	_	_	_	0-2(613)
1726-0	BO003	1726	0	sì	sì	_	_	_	_	_	linguistic	_	ContainsVariation=No	_	Begin=3914.103|End=3914.632	_	_	_	_
1727-0	BO002	1727	0	perché	perché	_	_	_	_	_	linguistic	_	ContainsVariation=No	_	Begin=3914.632	_	_	_	_
1727-1	BO002	1727	1	tassorosso	tassorosso	_	_	_	_	_	linguistic	_	ContainsVariation=No	_	_	_	_	_	_
1727-2	BO002	1727	2	sono	sono	_	_	_	_	_	linguistic	_	ContainsVariation=No	_	_	_	_	_	_
1727-3	BO002	1727	3	quelli	quelli	_	_	_	_	_	linguistic	_	ContainsVariation=No	_	_	_	_	_	_
1727-4	BO002	1727	4	buo:::ni:	buoni	_	_	_	_	_	linguistic	_	ContainsVariation=No	_	_	2x3,4x1	_	_	_
1727-5	BO002	1727	5	che	che	_	_	_	_	_	linguistic	_	ContainsVariation=No	_	_	_	_	_	_
1727-6	BO002	1727	6	gli	gli	_	_	_	_	_	linguistic	_	ContainsVariation=No	_	_	_	_	_	_
1727-7	BO002	1727	7	fai	fai	_	_	_	_	_	linguistic	_	ContainsVariation=No	_	_	_	_	_	_
1727-8	BO002	1727	8	di	di	_	_	_	_	_	linguistic	_	ContainsVariation=No	_	_	_	_	_	_
1727-9	BO002	1727	9	tu::tto	tutto	_	_	_	_	_	linguistic	_	ContainsVariation=No	_	_	1x2	_	_	_
1727-10	BO002	1727	10	[e	e	_	_	_	_	_	linguistic	_	ContainsVariation=No	_	_	_	_	_	0-1(614)
1727-11	BO002	1727	11	serpeverde	serpeverde	_	_	_	_	_	linguistic	_	ContainsVariation=No	_	_	_	_	_	0-10(614)
1727-12	BO002	1727	12	inve]ce	invece	_	_	_	_	_	linguistic	_	ContainsVariation=No	_	_	_	_	_	0-4(614)
1727-13	BO002	1727	13	sono	sono	_	_	_	_	_	linguistic	_	ContainsVariation=No	_	_	_	_	_	_
1727-14	BO002	1727	14	quelli	quelli	_	_	_	_	_	linguistic	_	ContainsVariation=No	_	_	_	_	_	_
1727-15	BO002	1727	15	[lì	lì	_	_	_	_	_	linguistic	_	ContainsVariation=No	_	_	_	_	_	0-2(615)
1727-16	BO002	1727	16	eh].	eh	_	_	_	_	_	linguistic	_	ContainsVariation=No	Intonation=Falling	End=3920.982	_	_	_	0-2(615)
1728-0	BO003	1728	0	[sì]	sì	_	_	_	_	_	linguistic	_	ContainsVariation=No	_	Begin=3918.765|End=3919.627	_	_	_	0-2(614)
1729-0	BO003	1729	0	[sì].	sì	_	_	_	_	_	linguistic	_	ContainsVariation=No	Intonation=Falling	Begin=3920.351	_	_	_	0-2(615)
1729-1	BO003	1729	1	sì	sì	_	_	_	_	_	linguistic	_	ContainsVariation=No	_	_	_	_	_	_
1729-2	BO003	1729	2	sì	sì	_	_	_	_	_	linguistic	_	ContainsVariation=No	ProsodicLink=Yes	_	_	_	_	_
1729-3	BO003	1729	3	sì	sì	_	_	_	_	_	linguistic	_	ContainsVariation=No	_	_	_	_	_	_
1729-4	BO003	1729	4	sì	sì	_	_	_	_	_	linguistic	_	ContainsVariation=No	_	End=3921.869	_	_	_	_
1730-0	BO002	1730	0	quindi	quindi	_	_	_	_	_	linguistic	_	ContainsVariation=No	_	Begin=3922.101	_	_	_	_
1730-1	BO002	1730	1	ogni	ogni	_	_	_	_	_	linguistic	_	ContainsVariation=No	_	_	_	_	_	_
1730-2	BO002	1730	2	volta	volta	_	_	_	_	_	linguistic	_	ContainsVariation=No	_	_	_	_	_	_
1730-3	BO002	1730	3	che	che	_	_	_	_	_	linguistic	_	ContainsVariation=No	_	_	_	_	_	_
1730-4	BO002	1730	4	c'	c'	_	_	_	_	_	linguistic	_	ContainsVariation=No	SpaceAfter=No	_	_	_	_	_
1730-5	BO002	1730	5	è	è	_	_	_	_	_	linguistic	_	ContainsVariation=No	_	_	_	_	_	_
1730-6	BO002	1730	6	un'	un'	_	_	_	_	_	linguistic	_	ContainsVariation=No	SpaceAfter=No	_	_	_	_	_
1730-7	BO002	1730	7	amicizia	amicizia	_	_	_	_	_	linguistic	_	ContainsVariation=No	_	_	_	_	_	_
1730-8	BO002	1730	8	del	del	_	_	_	_	_	linguistic	_	ContainsVariation=No	_	_	_	_	_	_
1730-9	BO002	1730	9	ge:nere,	genere	_	_	_	_	_	linguistic	_	ContainsVariation=No	Intonation=WeaklyRising	_	1x1	_	_	_
1730-10	BO002	1730	10	se	se	_	_	_	_	_	linguistic	_	ContainsVariation=No	_	_	_	_	_	_
1730-11	BO002	1730	11	anche	anche	_	_	_	_	_	linguistic	_	ContainsVariation=No	_	_	_	_	_	_
1730-12	BO002	1730	12	a	a	_	_	_	_	_	linguistic	_	ContainsVariation=No	_	_	_	_	_	_
1730-13	BO002	1730	13	tassorosso	tassorosso	_	_	_	_	_	linguistic	_	ContainsVariation=No	_	_	_	_	_	_
1730-14	BO002	1730	14	viene	viene	_	_	_	_	_	linguistic	_	ContainsVariation=No	_	_	_	_	_	_
1730-15	BO002	1730	15	fatto	fatto	_	_	_	_	_	linguistic	_	ContainsVariation=No	_	_	_	_	_	_
1730-16	BO002	1730	16	un	un	_	_	_	_	_	linguistic	_	ContainsVariation=No	_	_	_	_	_	_
1730-17	BO002	1730	17	torto,	torto	_	_	_	_	_	linguistic	_	ContainsVariation=No	Intonation=WeaklyRising	End=3927.758	_	_	_	_
1731-0	BO002	1731	0	diciamo.	diciamo	_	_	_	_	_	linguistic	_	ContainsVariation=No	Intonation=Falling	Begin=3928.107	_	_	_	_
1731-1	BO002	1731	1	se	se	_	_	_	_	_	linguistic	_	ContainsVariation=No	_	_	_	_	_	_
1731-2	BO002	1731	2	ha	ha	_	_	_	_	_	linguistic	_	ContainsVariation=No	_	_	_	_	_	_
1731-3	BO002	1731	3	un	un	_	_	_	_	_	linguistic	_	ContainsVariation=No	_	_	_	_	_	_
1731-4	BO002	1731	4	amico	amico	_	_	_	_	_	linguistic	_	ContainsVariation=No	_	_	_	_	_	_
1731-5	BO002	1731	5	serpeverde	serpeverde	_	_	_	_	_	linguistic	_	ContainsVariation=No	_	End=3930.424	_	_	_	_
1732-0	BO002	1732	0	>insomma<.	insomma	_	_	_	_	_	linguistic	_	ContainsVariation=No	Intonation=Falling	Begin=3930.685	_	Fast=0-7(0)	_	_
1732-1	BO002	1732	1	state	state	_	_	_	_	_	linguistic	_	ContainsVariation=No	_	_	_	_	_	_
1732-2	BO002	1732	2	attenti	attenti	_	_	_	_	_	linguistic	_	ContainsVariation=No	_	_	_	_	_	_
1732-3	BO002	1732	3	a	a	_	_	_	_	_	linguistic	_	ContainsVariation=No	_	_	_	_	_	_
1732-4	BO002	1732	4	fargli	fargli	_	_	_	_	_	linguistic	_	ContainsVariation=No	_	_	_	_	_	_
1732-5	BO002	1732	5	[un	un	_	_	_	_	_	linguistic	_	ContainsVariation=No	_	_	_	_	_	0-2(616)
1732-6	BO002	1732	6	torto],	torto	_	_	_	_	_	linguistic	_	ContainsVariation=No	Intonation=WeaklyRising	End=3933.462	_	_	_	0-5(616)
1733-0	BO003	1733	0	[sì	sì	_	_	_	_	_	linguistic	_	ContainsVariation=No	_	Begin=3932.385	_	_	_	0-2(616)
1733-1	BO003	1733	1	sì	sì	_	_	_	_	_	linguistic	_	ContainsVariation=No	_	_	_	_	_	0-2(616)
1733-2	BO003	1733	2	sì]	sì	_	_	_	_	_	linguistic	_	ContainsVariation=No	PauseAfter=Yes	_	_	_	_	0-2(616)
1733-3	BO003	1733	3	(.)	(.)	_	_	_	_	_	shortpause	_	ContainsVariation=No	_	_	_	_	_	_
1733-4	BO003	1733	4	ho	ho	_	_	_	_	_	linguistic	_	ContainsVariation=No	_	_	_	_	_	_
1733-5	BO003	1733	5	capito	capito	_	_	_	_	_	linguistic	_	ContainsVariation=No	_	End=3934.366	_	_	_	_
1734-0	BO002	1734	0	perché::	perché	_	_	_	_	_	linguistic	_	ContainsVariation=No	_	Begin=3934.366|End=3935.414	5x2	_	_	_
1735-0	BO003	1735	0	t'	t'	_	_	_	_	_	linguistic	_	ContainsVariation=No	SpaceAfter=No	Begin=3936.176	_	_	_	_
1735-1	BO003	1735	1	arriva	arriva	_	_	_	_	_	linguistic	_	ContainsVariation=No	_	_	_	_	_	_
1735-2	BO003	1735	2	((ride))	((ride))	_	_	_	_	_	nonverbalbehavior	_	ContainsVariation=No	_	End=3937.001	_	_	_	_
1736-0	BO002	1736	0	((ride))	((ride))	_	_	_	_	_	nonverbalbehavior	_	ContainsVariation=No	_	Begin=3936.776|End=3937.975	_	_	_	_
1737-0	BO002	1737	0	eh.	eh	_	_	_	_	_	linguistic	_	ContainsVariation=No	Intonation=Falling	Begin=3940.543	_	_	_	_
1737-1	BO002	1737	1	cioè:	cioè	_	_	_	_	_	linguistic	_	ContainsVariation=No	PauseAfter=Yes	_	3x1	_	_	_
1737-2	BO002	1737	2	(.)	(.)	_	_	_	_	_	shortpause	_	ContainsVariation=No	_	_	_	_	_	_
1737-3	BO002	1737	3	quindi,	quindi	_	_	_	_	_	linguistic	_	ContainsVariation=No	Intonation=WeaklyRising	End=3942.981	_	_	_	_
1738-0	BO003	1738	0	no:	no	_	_	_	_	_	linguistic	_	ContainsVariation=No	_	Begin=3943.132	1x1	_	_	_
1738-1	BO003	1738	1	i	i	_	_	_	_	_	linguistic	_	ContainsVariation=No	_	_	_	_	_	_
1738-2	BO003	1738	2	serpeverde	serpeverde	_	_	_	_	_	linguistic	_	ContainsVariation=No	_	_	_	_	_	_
1738-3	BO003	1738	3	sono	sono	_	_	_	_	_	linguistic	_	ContainsVariation=No	_	_	_	_	_	_
1738-4	BO003	1738	4	i	i	_	_	_	_	_	linguistic	_	ContainsVariation=No	_	_	_	_	_	_
1738-5	BO003	1738	5	più:	più	_	_	_	_	_	linguistic	_	ContainsVariation=No	_	End=3944.879	2x1	_	_	_
1739-0	BO002	1739	0	a	a	_	_	_	_	_	linguistic	_	ContainsVariation=No	_	Begin=3944.984	_	_	_	_
1739-1	BO002	1739	1	me	me	_	_	_	_	_	linguistic	_	ContainsVariation=No	_	_	_	_	_	_
1739-2	BO002	1739	2	piacciono	piacciono	_	_	_	_	_	linguistic	_	ContainsVariation=No	_	_	_	_	_	_
1739-3	BO002	1739	3	[un	un	_	_	_	_	_	linguistic	_	ContainsVariation=No	_	_	_	_	_	0-2(618)
1739-4	BO002	1739	4	sacco]	sacco	_	_	_	_	_	linguistic	_	ContainsVariation=No	PauseAfter=Yes	_	_	_	_	0-5(618)
1739-5	BO002	1739	5	(.)	(.)	_	_	_	_	_	shortpause	_	ContainsVariation=No	_	_	_	_	_	_
1739-6	BO002	1739	6	sì.	sì	_	_	_	_	_	linguistic	_	ContainsVariation=No	Intonation=Falling	_	_	_	_	_
1739-7	BO002	1739	7	io	io	_	_	_	_	_	linguistic	_	ContainsVariation=No	_	_	_	_	_	_
1739-8	BO002	1739	8	sto	sto	_	_	_	_	_	linguistic	_	ContainsVariation=No	_	_	_	_	_	_
1739-9	BO002	1739	9	amando	amando	_	_	_	_	_	linguistic	_	ContainsVariation=No	_	_	_	_	_	_
1739-10	BO002	1739	10	la	la	_	_	_	_	_	linguistic	_	ContainsVariation=No	_	_	_	_	_	_
1739-11	BO002	1739	11	mia	mia	_	_	_	_	_	linguistic	_	ContainsVariation=No	_	_	_	_	_	_
1739-12	BO002	1739	12	casa	casa	_	_	_	_	_	linguistic	_	ContainsVariation=No	_	End=3949.174	_	_	_	_
1740-0	BO003	1740	0	[mi	mi	_	_	_	_	_	linguistic	_	ContainsVariation=No	_	Begin=3945.92	_	_	_	0-2(618)
1740-1	BO003	1740	1	piacciono	piacciono	_	_	_	_	_	linguistic	_	ContainsVariation=No	_	_	_	_	_	0-9(618)
1740-2	BO003	1740	2	un	un	_	_	_	_	_	linguistic	_	ContainsVariation=No	_	_	_	_	_	0-2(618)
1740-3	BO003	1740	3	sacco]	sacco	_	_	_	_	_	linguistic	_	ContainsVariation=No	_	End=3947.157	_	_	_	0-5(618)
1741-0	BO003	1741	0	((ride))	((ride))	_	_	_	_	_	nonverbalbehavior	_	ContainsVariation=No	_	Begin=3949.266|End=3949.988	_	_	_	_
1742-0	BO002	1742	0	all'	all'	_	_	_	_	_	linguistic	_	ContainsVariation=No	SpaceAfter=No	Begin=3950.107	_	_	_	_
1742-1	BO002	1742	1	inizio	inizio	_	_	_	_	_	linguistic	_	ContainsVariation=No	_	_	_	_	_	_
1742-2	BO002	1742	2	dicevo,	dicevo	_	_	_	_	_	linguistic	_	ContainsVariation=No	Intonation=WeaklyRising	End=3951.321	_	_	_	_
1743-0	BO003	1743	0	comunque	comunque	_	_	_	_	_	linguistic	_	ContainsVariation=No	_	Begin=3952.708	_	_	_	_
1743-1	BO003	1743	1	noi	noi	_	_	_	_	_	linguistic	_	ContainsVariation=No	_	_	_	_	_	_
1743-2	BO003	1743	2	siam	siam	_	_	_	_	_	linguistic	_	ContainsVariation=No	_	_	_	_	_	_
1743-3	BO003	1743	3	delle	delle	_	_	_	_	_	linguistic	_	ContainsVariation=No	_	_	_	_	_	_
1743-4	BO003	1743	4	fogne	fogne	_	_	_	_	_	linguistic	_	ContainsVariation=No	_	_	_	_	_	_
1743-5	BO003	1743	5	((ride))	((ride))	_	_	_	_	_	nonverbalbehavior	_	ContainsVariation=No	_	End=3954.5209999999997	_	_	_	_
1744-0	BO002	1744	0	((ride))	((ride))	_	_	_	_	_	nonverbalbehavior	_	ContainsVariation=No	_	Begin=3954.5209999999997|End=3955.982	_	_	_	_
1745-0	BO002	1745	0	ve::ro	vero	_	_	_	_	_	linguistic	_	ContainsVariation=No	_	Begin=3956.056|End=3957.183	1x2	_	_	_
1746-0	BO003	1746	0	poi	poi	_	_	_	_	_	linguistic	_	ContainsVariation=No	_	Begin=3957.273	_	_	_	_
1746-1	BO003	1746	1	c'	c'	_	_	_	_	_	linguistic	_	ContainsVariation=No	SpaceAfter=No	_	_	_	_	_
1746-2	BO003	1746	2	è	è	_	_	_	_	_	linguistic	_	ContainsVariation=No	_	_	_	_	_	_
1746-3	BO003	1746	3	pi:ton	piton	_	_	_	_	_	linguistic	_	ContainsVariation=No	_	End=3958.736	1x1	_	_	_
1747-0	BO002	1747	0	che	che	_	_	_	_	_	linguistic	_	ContainsVariation=No	_	Begin=3959.239	_	_	_	_
1747-1	BO002	1747	1	omo	omo	_	_	_	_	_	linguistic	_	ContainsVariation=No	_	_	_	_	_	_
1747-2	BO002	1747	2	(che)	che	_	_	_	_	_	linguistic	_	ContainsVariation=No	_	_	_	_	0-3(0)	_
1747-3	BO002	1747	3	gli	gli	_	_	_	_	_	linguistic	_	ContainsVariation=No	_	_	_	_	_	_
1747-4	BO002	1747	4	è	è	_	_	_	_	_	linguistic	_	ContainsVariation=No	_	End=3961.126	_	_	_	_
1748-0	BO002	1748	0	xxx	xxx	_	_	_	_	_	unknown	_	ContainsVariation=No	Syllables=3	Begin=3965.413|End=3966.207	_	_	_	_
1749-0	BO003	1749	0	eh?	eh	_	_	_	_	_	linguistic	_	ContainsVariation=No	Intonation=Rising	Begin=3966.207|End=3966.587	_	_	_	_
1750-0	BO002	1750	0	(è	è	_	_	_	_	_	linguistic	_	ContainsVariation=No	_	Begin=3966.587	_	_	0-1(0)	_
1750-1	BO002	1750	1	già	già	_	_	_	_	_	linguistic	_	ContainsVariation=No	_	_	_	_	0-3(0)	_
1750-2	BO002	1750	2	passata)	passata	_	_	_	_	_	linguistic	_	ContainsVariation=No	_	_	_	_	0-7(0)	_
1750-3	BO002	1750	3	xxx	xxx	_	_	_	_	_	unknown	_	ContainsVariation=No	Syllables=3	End=3969.13	_	_	_	_
1751-0	BO003	1751	0	che	che	_	_	_	_	_	linguistic	_	ContainsVariation=No	_	Begin=3976.578	_	_	_	_
1751-1	BO003	1751	1	ore	ore	_	_	_	_	_	linguistic	_	ContainsVariation=No	_	_	_	_	_	_
1751-2	BO003	1751	2	sono?	sono	_	_	_	_	_	linguistic	_	ContainsVariation=No	Intonation=Rising	End=3977.813	_	_	_	_
1752-0	BO002	1752	0	e	e	_	_	_	_	_	linguistic	_	ContainsVariation=No	_	Begin=3977.84	_	_	_	_
1752-1	BO002	1752	1	mezza.	mezza	_	_	_	_	_	linguistic	_	ContainsVariation=No	Intonation=Falling	_	_	_	_	_
1752-2	BO002	1752	2	[x~]	x~	_	_	_	_	_	linguistic	_	ContainsVariation=No	Interrupted=Yes	End=3978.902	_	_	_	0-2(619)
1753-0	BO003	1753	0	[do]dici	dodici	_	_	_	_	_	linguistic	_	ContainsVariation=No	_	Begin=3978.619	_	_	_	0-2(619)
1753-1	BO003	1753	1	e	e	_	_	_	_	_	linguistic	_	ContainsVariation=No	_	_	_	_	_	_
1753-2	BO003	1753	2	mez[za]?	mezza	_	_	_	_	_	linguistic	_	ContainsVariation=No	Intonation=Rising	End=3979.58	_	_	_	3-5(620)
1754-0	BO002	1754	0	[sì]	sì	_	_	_	_	_	linguistic	_	ContainsVariation=No	_	Begin=3979.286|End=3979.589	_	_	_	0-2(620)
1755-0	BO002	1755	0	andiamo	andiamo	_	_	_	_	_	linguistic	_	ContainsVariation=No	_	Begin=3982.766	_	_	_	_
1755-1	BO002	1755	1	a	a	_	_	_	_	_	linguistic	_	ContainsVariation=No	_	_	_	_	_	_
1755-2	BO002	1755	2	dirglielo	dirglielo	_	_	_	_	_	linguistic	_	ContainsVariation=No	_	End=3984.064	_	_	_	_
1756-0	BO003	1756	0	>eh<	eh	_	_	_	_	_	linguistic	_	ContainsVariation=No	_	Begin=3984.41	_	Fast=0-2(0)	_	_
1756-1	BO003	1756	1	sì.	sì	_	_	_	_	_	linguistic	_	ContainsVariation=No	Intonation=Falling	_	_	_	_	_
1756-2	BO003	1756	2	perché:	perché	_	_	_	_	_	linguistic	_	ContainsVariation=No	_	_	5x1	_	_	_
1756-3	BO003	1756	3	v~	v~	_	_	_	_	_	linguistic	_	ContainsVariation=No	Interrupted=Yes|PauseAfter=Yes	_	_	_	_	_
1756-4	BO003	1756	4	(.)	(.)	_	_	_	_	_	shortpause	_	ContainsVariation=No	_	_	_	_	_	_
1756-5	BO003	1756	5	come	come	_	_	_	_	_	linguistic	_	ContainsVariation=No	_	_	_	_	_	_
1756-6	BO003	1756	6	vuoi	vuoi	_	_	_	_	_	linguistic	_	ContainsVariation=No	_	End=3986.62	_	_	_	_
1757-0	BO002	1757	0	sì::	sì	_	_	_	_	_	linguistic	_	ContainsVariation=No	PauseAfter=Yes	Begin=3986.62	1x2	_	_	_
1757-1	BO002	1757	1	(.)	(.)	_	_	_	_	_	shortpause	_	ContainsVariation=No	_	_	_	_	_	_
1757-2	BO002	1757	2	almeno	almeno	_	_	_	_	_	linguistic	_	ContainsVariation=No	_	_	_	_	_	_
1757-3	BO002	1757	3	andiamo	andiamo	_	_	_	_	_	linguistic	_	ContainsVariation=No	_	_	_	_	_	_
1757-4	BO002	1757	4	un	un	_	_	_	_	_	linguistic	_	ContainsVariation=No	_	_	_	_	_	_
1757-5	BO002	1757	5	po'	po'	_	_	_	_	_	linguistic	_	ContainsVariation=No	_	_	_	_	_	_
1757-6	BO002	1757	6	[in	in	_	_	_	_	_	linguistic	_	ContainsVariation=No	_	_	_	_	_	0-2(621)
1757-7	BO002	1757	7	bibliote:ca]	biblioteca	_	_	_	_	_	linguistic	_	ContainsVariation=No	_	End=3989.463	7x1	_	_	0-10(621)
1758-0	BO003	1758	0	[sì.	sì	_	_	_	_	_	linguistic	_	ContainsVariation=No	Intonation=Falling|PauseAfter=Yes	Begin=3988.249	_	_	_	0-2(621)
1758-1	BO003	1758	1	(.)	(.)	_	_	_	_	_	shortpause	_	ContainsVariation=No	_	_	_	_	_	X(621)
1758-2	BO003	1758	2	sì	sì	_	_	_	_	_	linguistic	_	ContainsVariation=No	_	_	_	_	_	0-2(621)
1758-3	BO003	1758	3	sì]	sì	_	_	_	_	_	linguistic	_	ContainsVariation=No	_	End=3989.474	_	_	_	0-2(621)
1759-0	BO003	1759	0	scusa,	scusa	_	_	_	_	_	linguistic	_	ContainsVariation=No	Intonation=WeaklyRising|PauseAfter=Yes	Begin=3989.829	_	_	_	_
1759-1	BO003	1759	1	(.)	(.)	_	_	_	_	_	shortpause	_	ContainsVariation=No	_	_	_	_	_	_
1759-2	BO003	1759	2	noi	noi	_	_	_	_	_	linguistic	_	ContainsVariation=No	_	_	_	_	_	_
1759-3	BO003	1759	3	dovremmo	dovremmo	_	_	_	_	_	linguistic	_	ContainsVariation=No	_	_	_	_	_	_
1759-4	BO003	1759	4	anda:re	andare	_	_	_	_	_	linguistic	_	ContainsVariation=No	_	_	3x1	_	_	_
1759-5	BO003	1759	5	ora	ora	_	_	_	_	_	linguistic	_	ContainsVariation=No	PauseAfter=Yes	_	_	_	_	_
1759-6	BO003	1759	6	(.)	(.)	_	_	_	_	_	shortpause	_	ContainsVariation=No	_	_	_	_	_	_
1759-7	BO003	1759	7	((ride))	((ride))	_	_	_	_	_	nonverbalbehavior	_	ContainsVariation=No	_	End=3992.538	_	_	_	_
