token_id	speaker	tu_id	id	span	form	lemma	upos	xpos	feats	deprel	type	meta_label	variation	jefferson_feats	align	prolongations	pace	guesses	overlaps
0-0	BO048	0	0	e	e	_	_	_	_	_	linguistic	_	ContainsVariation=No	_	Begin=0.04	_	_	_	_
0-1	BO048	0	1	lui	lui	_	_	_	_	_	linguistic	_	ContainsVariation=No	_	_	_	_	_	_
0-2	BO048	0	2	fa	fa	_	_	_	_	_	linguistic	_	ContainsVariation=No	_	_	_	_	_	_
0-3	BO048	0	3	finta	finta	_	_	_	_	_	linguistic	_	ContainsVariation=No	_	_	_	_	_	_
0-4	BO048	0	4	di	di	_	_	_	_	_	linguistic	_	ContainsVariation=No	_	_	_	_	_	_
0-5	BO048	0	5	fare	fare	_	_	_	_	_	linguistic	_	ContainsVariation=No	_	_	_	_	_	_
0-6	BO048	0	6	il	il	_	_	_	_	_	linguistic	_	ContainsVariation=No	_	_	_	_	_	_
0-7	BO048	0	7	toro	toro	_	_	_	_	_	linguistic	_	ContainsVariation=No	_	_	_	_	_	_
0-8	BO048	0	8	lo	lo	_	_	_	_	_	linguistic	_	ContainsVariation=No	_	_	_	_	_	_
0-9	BO048	0	9	segue	segue	_	_	_	_	_	linguistic	_	ContainsVariation=No	_	_	_	_	_	_
0-10	BO048	0	10	con	con	_	_	_	_	_	linguistic	_	ContainsVariation=No	_	_	_	_	_	_
0-11	BO048	0	11	degli	degli	_	_	_	_	_	linguistic	_	ContainsVariation=No	_	_	_	_	_	_
0-12	BO048	0	12	uncini	uncini	_	_	_	_	_	linguistic	_	ContainsVariation=No	_	_	_	_	_	_
0-13	BO048	0	13	dice	dice	_	_	_	_	_	linguistic	_	ContainsVariation=No	_	_	_	_	_	_
0-14	BO048	0	14	di	di	_	_	_	_	_	linguistic	_	ContainsVariation=No	_	_	_	_	_	_
0-15	BO048	0	15	inseguire	inseguire	_	_	_	_	_	linguistic	_	ContainsVariation=No	_	_	_	_	_	_
0-16	BO048	0	16	l'	l'	_	_	_	_	_	linguistic	_	ContainsVariation=No	SpaceAfter=No	_	_	_	_	_
0-17	BO048	0	17	altro	altro	_	_	_	_	_	linguistic	_	ContainsVariation=No	_	_	_	_	_	_
0-18	BO048	0	18	ragazzetto	ragazzetto	_	_	_	_	_	linguistic	_	ContainsVariation=No	_	_	_	_	_	_
0-19	BO048	0	19	lo	lo	_	_	_	_	_	linguistic	_	ContainsVariation=No	_	_	_	_	_	_
0-20	BO048	0	20	colpisce	colpisce	_	_	_	_	_	linguistic	_	ContainsVariation=No	_	_	_	_	_	_
0-21	BO048	0	21	e:,	e	_	_	_	_	_	linguistic	_	ContainsVariation=No	Intonation=WeaklyRising	End=5.76	0x1	_	_	_
1-0	BO072	1	0	eh.	eh	_	_	_	_	_	linguistic	_	ContainsVariation=No	Intonation=Falling	Begin=6.45|End=6.95	_	_	_	_
2-0	BO071	2	0	questa	questa	_	_	_	_	_	linguistic	_	ContainsVariation=No	_	Begin=8.8	_	_	_	_
2-1	BO071	2	1	è	è	_	_	_	_	_	linguistic	_	ContainsVariation=No	_	_	_	_	_	_
2-2	BO071	2	2	una	una	_	_	_	_	_	linguistic	_	ContainsVariation=No	_	_	_	_	_	_
2-3	BO071	2	3	bella	bella	_	_	_	_	_	linguistic	_	ContainsVariation=No	_	_	_	_	_	_
2-4	BO071	2	4	metafora	metafora	_	_	_	_	_	linguistic	_	ContainsVariation=No	_	_	_	_	_	_
2-5	BO071	2	5	((ride))	((ride))	_	_	_	_	_	nonverbalbehavior	_	ContainsVariation=No	_	End=10.6	_	_	_	_
3-0	BO072	3	0	non	non	_	_	_	_	_	linguistic	_	ContainsVariation=No	_	Begin=11.13	_	_	_	_
3-1	BO072	3	1	sono	sono	_	_	_	_	_	linguistic	_	ContainsVariation=No	_	_	_	_	_	_
3-2	BO072	3	2	morti	morti	_	_	_	_	_	linguistic	_	ContainsVariation=No	_	_	_	_	_	_
3-3	BO072	3	3	neanche	neanche	_	_	_	_	_	linguistic	_	ContainsVariation=No	_	_	_	_	_	_
3-4	BO072	3	4	dei	dei	_	_	_	_	_	linguistic	_	ContainsVariation=No	_	_	_	_	_	_
3-5	BO072	3	5	[tori]	tori	_	_	_	_	_	linguistic	_	ContainsVariation=No	_	End=12.29	_	_	_	0-4(0)
4-0	BO048	4	0	[della	della	_	_	_	_	_	linguistic	_	ContainsVariation=No	_	Begin=11.68	_	_	_	0-5(0)
4-1	BO048	4	1	corri]da	corrida	_	_	_	_	_	linguistic	_	ContainsVariation=No	_	End=12.78	_	_	_	0-5(0)
5-0	BO048	5	0	quello	quello	_	_	_	_	_	linguistic	_	ContainsVariation=No	_	Begin=12.95	_	_	_	_
5-1	BO048	5	1	stava	stava	_	_	_	_	_	linguistic	_	ContainsVariation=No	_	_	_	_	_	_
5-2	BO048	5	2	fissa[to].	fissato	_	_	_	_	_	linguistic	_	ContainsVariation=No	Intonation=Falling	End=13.84	_	_	_	5-7(1)
6-0	BO072	6	0	[i	i	_	_	_	_	_	linguistic	_	ContainsVariation=No	_	Begin=13.63	_	_	_	0-1(1)
6-1	BO072	6	1	to]ri	tori	_	_	_	_	_	linguistic	_	ContainsVariation=No	_	_	_	_	_	0-2(1)
6-2	BO072	6	2	non	non	_	_	_	_	_	linguistic	_	ContainsVariation=No	_	_	_	_	_	_
6-3	BO072	6	3	c'	c'	_	_	_	_	_	linguistic	_	ContainsVariation=No	SpaceAfter=No	_	_	_	_	_
6-4	BO072	6	4	erano	erano	_	_	_	_	_	linguistic	_	ContainsVariation=No	_	_	_	_	_	_
6-5	BO072	6	5	proprio.	proprio	_	_	_	_	_	linguistic	_	ContainsVariation=No	Intonation=Falling	End=14.9	_	_	_	_
7-0	BO048	7	0	>ma	ma	_	_	_	_	_	linguistic	_	ContainsVariation=No	_	Begin=15.92	_	Fast=0-2(0)	_	_
7-1	BO048	7	1	pure	pure	_	_	_	_	_	linguistic	_	ContainsVariation=No	_	_	_	Fast=0-4(0)	_	_
7-2	BO048	7	2	quell'	quell'	_	_	_	_	_	linguistic	_	ContainsVariation=No	SpaceAfter=No	_	_	Fast=0-6(0)	_	_
7-3	BO048	7	3	altro	altro	_	_	_	_	_	linguistic	_	ContainsVariation=No	_	_	_	Fast=0-5(0)	_	_
7-4	BO048	7	4	dove	dove	_	_	_	_	_	linguistic	_	ContainsVariation=No	_	_	_	Fast=0-4(0)	_	_
7-5	BO048	7	5	andavano	andavano	_	_	_	_	_	linguistic	_	ContainsVariation=No	_	_	_	Fast=0-8(0)	_	_
7-6	BO048	7	6	a	a	_	_	_	_	_	linguistic	_	ContainsVariation=No	_	_	_	Fast=0-1(0)	_	_
7-7	BO048	7	7	cacciare	cacciare	_	_	_	_	_	linguistic	_	ContainsVariation=No	_	_	_	Fast=0-8(0)	_	_
7-8	BO048	7	8	la	la	_	_	_	_	_	linguistic	_	ContainsVariation=No	_	_	_	Fast=0-2(0)	_	_
7-9	BO048	7	9	ti:gre	tigre	_	_	_	_	_	linguistic	_	ContainsVariation=No	_	_	1x1	Fast=0-5(0)	_	_
7-10	BO048	7	10	e	e	_	_	_	_	_	linguistic	_	ContainsVariation=No	_	_	_	Fast=0-1(0)	_	_
7-11	BO048	7	11	poi	poi	_	_	_	_	_	linguistic	_	ContainsVariation=No	_	_	_	Fast=0-3(0)	_	_
7-12	BO048	7	12	lei	lei	_	_	_	_	_	linguistic	_	ContainsVariation=No	_	_	_	Fast=0-3(0)	_	_
7-13	BO048	7	13	lo	lo	_	_	_	_	_	linguistic	_	ContainsVariation=No	_	_	_	Fast=0-2(0)	_	_
7-14	BO048	7	14	mollava	mollava	_	_	_	_	_	linguistic	_	ContainsVariation=No	_	_	_	Fast=0-7(0)	_	_
7-15	BO048	7	15	e	e	_	_	_	_	_	linguistic	_	ContainsVariation=No	_	_	_	Fast=0-1(0)	_	_
7-16	BO048	7	16	lei	lei	_	_	_	_	_	linguistic	_	ContainsVariation=No	_	_	_	Fast=0-3(0)	_	_
7-17	BO048	7	17	si	si	_	_	_	_	_	linguistic	_	ContainsVariation=No	_	_	_	Fast=0-2(0)	_	_
7-18	BO048	7	18	metteva	metteva	_	_	_	_	_	linguistic	_	ContainsVariation=No	_	_	_	Fast=0-7(0)	_	_
7-19	BO048	7	19	con	con	_	_	_	_	_	linguistic	_	ContainsVariation=No	_	_	_	Fast=0-3(0)	_	_
7-20	BO048	7	20	un	un	_	_	_	_	_	linguistic	_	ContainsVariation=No	_	_	_	Fast=0-2(0)	_	_
7-21	BO048	7	21	altro	altro	_	_	_	_	_	linguistic	_	ContainsVariation=No	_	_	_	Fast=0-5(0)	_	_
7-22	BO048	7	22	che	che	_	_	_	_	_	linguistic	_	ContainsVariation=No	_	_	_	Fast=0-3(0)	_	_
7-23	BO048	7	23	cacciava	cacciava	_	_	_	_	_	linguistic	_	ContainsVariation=No	_	_	_	Fast=0-8(0)	_	_
7-24	BO048	7	24	la	la	_	_	_	_	_	linguistic	_	ContainsVariation=No	_	_	_	Fast=0-2(0)	_	_
7-25	BO048	7	25	tigre	tigre	_	_	_	_	_	linguistic	_	ContainsVariation=No	_	_	_	Fast=0-5(0)	_	_
7-26	BO048	7	26	meglio	meglio	_	_	_	_	_	linguistic	_	ContainsVariation=No	_	_	_	Fast=0-6(0)	_	_
7-27	BO048	7	27	dell'	dell'	_	_	_	_	_	linguistic	_	ContainsVariation=No	SpaceAfter=No	_	_	Fast=0-5(0)	_	_
7-28	BO048	7	28	altro	altro	_	_	_	_	_	linguistic	_	ContainsVariation=No	_	_	_	Fast=0-5(0)	_	_
7-29	BO048	7	29	che	che	_	_	_	_	_	linguistic	_	ContainsVariation=No	_	_	_	Fast=0-3(0)	_	_
7-30	BO048	7	30	veniva	veniva	_	_	_	_	_	linguistic	_	ContainsVariation=No	_	_	_	Fast=0-6(0)	_	_
7-31	BO048	7	31	preso	preso	_	_	_	_	_	linguistic	_	ContainsVariation=No	_	_	_	Fast=0-5(0)	_	_
7-32	BO048	7	32	in	in	_	_	_	_	_	linguistic	_	ContainsVariation=No	_	_	_	Fast=0-2(0)	_	_
7-33	BO048	7	33	giro	giro	_	_	_	_	_	linguistic	_	ContainsVariation=No	_	_	_	Fast=0-4(0)	_	_
7-34	BO048	7	34	da	da	_	_	_	_	_	linguistic	_	ContainsVariation=No	_	_	_	Fast=0-2(0)	_	_
7-35	BO048	7	35	tutti<	tutti	_	_	_	_	_	linguistic	_	ContainsVariation=No	_	End=23.76	_	Fast=0-4(0)	_	_
8-0	BO021	8	0	perché	perché	_	_	_	_	_	linguistic	_	ContainsVariation=No	_	Begin=23.77	_	_	_	_
8-1	BO021	8	1	non	non	_	_	_	_	_	linguistic	_	ContainsVariation=No	_	_	_	_	_	_
8-2	BO021	8	2	sapeva	sapeva	_	_	_	_	_	linguistic	_	ContainsVariation=No	_	_	_	_	_	_
8-3	BO021	8	3	cacciare	cacciare	_	_	_	_	_	linguistic	_	ContainsVariation=No	_	_	_	_	_	_
8-4	BO021	8	4	bene	bene	_	_	_	_	_	linguistic	_	ContainsVariation=No	_	_	_	_	_	_
8-5	BO021	8	5	le	le	_	_	_	_	_	linguistic	_	ContainsVariation=No	_	_	_	_	_	_
8-6	BO021	8	6	tigri?	tigri	_	_	_	_	_	linguistic	_	ContainsVariation=No	Intonation=Rising	_	_	_	_	_
8-7	BO021	8	7	((ride))	((ride))	_	_	_	_	_	nonverbalbehavior	_	ContainsVariation=No	_	End=26.24	_	_	_	_
9-0	BO072	9	0	che	che	_	_	_	_	_	linguistic	_	ContainsVariation=No	_	Begin=26.45	_	_	_	_
9-1	BO072	9	1	sfigato.	sfigato	_	_	_	_	_	linguistic	_	ContainsVariation=No	Intonation=Falling	End=27.39	_	_	_	_
10-0	BO048	10	0	no	no	_	_	_	_	_	linguistic	_	ContainsVariation=No	_	Begin=27.62	_	_	_	_
10-1	BO048	10	1	no	no	_	_	_	_	_	linguistic	_	ContainsVariation=No	PauseAfter=Yes	_	_	_	_	_
10-2	BO048	10	2	(.)	(.)	_	_	_	_	_	shortpause	_	ContainsVariation=No	_	_	_	_	_	_
10-3	BO048	10	3	raga[zzi],	ragazzi	_	_	_	_	_	linguistic	_	ContainsVariation=No	Intonation=WeaklyRising	End=29.03	_	_	_	4-7(2)
11-0	BO072	11	0	[chi]	chi	_	_	_	_	_	linguistic	_	ContainsVariation=No	_	Begin=28.68	_	_	_	0-3(2)
11-1	BO072	11	1	non	non	_	_	_	_	_	linguistic	_	ContainsVariation=No	_	_	_	_	_	_
11-2	BO072	11	2	sa	sa	_	_	_	_	_	linguistic	_	ContainsVariation=No	_	_	_	_	_	_
11-3	BO072	11	3	cacciare	cacciare	_	_	_	_	_	linguistic	_	ContainsVariation=No	_	_	_	_	_	_
11-4	BO072	11	4	le	le	_	_	_	_	_	linguistic	_	ContainsVariation=No	_	_	_	_	_	_
11-5	BO072	11	5	tigri?	tigri	_	_	_	_	_	linguistic	_	ContainsVariation=No	Intonation=Rising	End=29.98	_	_	_	_
12-0	BO048	12	0	è	è	_	_	_	_	_	linguistic	_	ContainsVariation=No	_	Begin=30.78	_	_	_	_
12-1	BO048	12	1	facile	facile	_	_	_	_	_	linguistic	_	ContainsVariation=No	_	End=31.325	_	_	_	_
13-0	BO072	13	0	a	a	_	_	_	_	_	linguistic	_	ContainsVariation=No	_	Begin=31.3	_	_	_	_
13-1	BO072	13	1	mani	mani	_	_	_	_	_	linguistic	_	ContainsVariation=No	_	_	_	_	_	_
13-2	BO072	13	2	nude	nude	_	_	_	_	_	linguistic	_	ContainsVariation=No	_	_	_	_	_	_
13-3	BO072	13	3	[poi]	poi	_	_	_	_	_	linguistic	_	ContainsVariation=No	_	End=32.52	_	_	_	0-3(4)
14-0	BO048	14	0	[qua]	qua	_	_	_	_	_	linguistic	_	ContainsVariation=No	_	Begin=32.03	_	_	_	0-3(4)
14-1	BO048	14	1	a	a	_	_	_	_	_	linguistic	_	ContainsVariation=No	_	_	_	_	_	_
14-2	BO048	14	2	bologna	bologna	_	_	_	_	_	linguistic	_	ContainsVariation=No	_	_	_	_	_	_
14-3	BO048	14	3	tra	tra	_	_	_	_	_	linguistic	_	ContainsVariation=No	_	_	_	_	_	_
14-4	BO048	14	4	l'	l'	_	_	_	_	_	linguistic	_	ContainsVariation=No	SpaceAfter=No	_	_	_	_	_
14-5	BO048	14	5	a~	a~	_	_	_	_	_	linguistic	_	ContainsVariation=No	Interrupted=Yes	End=33.81	_	_	_	_
15-0	BO021	15	0	((ride))	((ride))	_	_	_	_	_	nonverbalbehavior	_	ContainsVariation=No	_	Begin=33.849|End=34.247	_	_	_	_
16-0	BO072	16	0	una	una	_	_	_	_	_	linguistic	_	ContainsVariation=No	_	Begin=34.7	_	_	_	_
16-1	BO072	16	1	tigre	tigre	_	_	_	_	_	linguistic	_	ContainsVariation=No	_	End=35.61	_	_	_	_
17-0	BO021	17	0	((ride))	((ride))	_	_	_	_	_	nonverbalbehavior	_	ContainsVariation=No	_	Begin=36.098|End=36.402	_	_	_	_
18-0	BO048	18	0	la	la	_	_	_	_	_	linguistic	_	ContainsVariation=No	_	Begin=37.02	_	_	_	_
18-1	BO048	18	1	piglia	piglia	_	_	_	_	_	linguistic	_	ContainsVariation=No	_	_	_	_	_	_
18-2	BO048	18	2	a	a	_	_	_	_	_	linguistic	_	ContainsVariation=No	_	_	_	_	_	_
18-3	BO048	18	3	pugni	pugni	_	_	_	_	_	linguistic	_	ContainsVariation=No	_	End=38.15	_	_	_	_
19-0	BO072	19	0	ti	ti	_	_	_	_	_	linguistic	_	ContainsVariation=No	_	Begin=43.63	_	_	_	_
19-1	BO072	19	1	ci	ci	_	_	_	_	_	linguistic	_	ContainsVariation=No	_	_	_	_	_	_
19-2	BO072	19	2	vedo	vedo	_	_	_	_	_	linguistic	_	ContainsVariation=No	_	_	_	_	_	_
19-3	BO072	19	3	a	a	_	_	_	_	_	linguistic	_	ContainsVariation=No	_	_	_	_	_	_
19-4	BO072	19	4	te	te	_	_	_	_	_	linguistic	_	ContainsVariation=No	_	_	_	_	_	_
19-5	BO072	19	5	a	a	_	_	_	_	_	linguistic	_	ContainsVariation=No	_	_	_	_	_	_
19-6	BO072	19	6	combattere	combattere	_	_	_	_	_	linguistic	_	ContainsVariation=No	_	_	_	_	_	_
19-7	BO072	19	7	le	le	_	_	_	_	_	linguistic	_	ContainsVariation=No	_	_	_	_	_	_
19-8	BO072	19	8	tigri	tigri	_	_	_	_	_	linguistic	_	ContainsVariation=No	_	_	_	_	_	_
19-9	BO072	19	9	a	a	_	_	_	_	_	linguistic	_	ContainsVariation=No	_	_	_	_	_	_
19-10	BO072	19	10	mani	mani	_	_	_	_	_	linguistic	_	ContainsVariation=No	_	_	_	_	_	_
19-11	BO072	19	11	nude	nude	_	_	_	_	_	linguistic	_	ContainsVariation=No	_	_	_	_	_	_
19-12	BO072	19	12	andre	andre	_	_	_	_	_	linguistic	_	ContainsVariation=No	_	End=46.71	_	_	_	_
20-0	BO071	20	0	io	io	_	_	_	_	_	linguistic	_	ContainsVariation=No	_	Begin=47.19	_	_	_	_
20-1	BO071	20	1	pesco	pesco	_	_	_	_	_	linguistic	_	ContainsVariation=No	_	_	_	_	_	_
20-2	BO071	20	2	magari	magari	_	_	_	_	_	linguistic	_	ContainsVariation=No	_	End=48.19	_	_	_	_
21-0	BO072	21	0	io	io	_	_	_	_	_	linguistic	_	ContainsVariation=No	_	Begin=48.19	_	_	_	_
21-1	BO072	21	1	pe~?	pe~	_	_	_	_	_	linguistic	_	ContainsVariation=No	Intonation=Rising|Interrupted=Yes	End=48.67	_	_	_	_
22-0	BO072	22	0	con	con	_	_	_	_	_	linguistic	_	ContainsVariation=No	_	Begin=48.92	_	_	_	_
22-1	BO072	22	1	la	la	_	_	_	_	_	linguistic	_	ContainsVariation=No	_	_	_	_	_	_
22-2	BO072	22	2	canna	canna	_	_	_	_	_	linguistic	_	ContainsVariation=No	_	_	_	_	_	_
22-3	BO072	22	3	da	da	_	_	_	_	_	linguistic	_	ContainsVariation=No	_	_	_	_	_	_
22-4	BO072	22	4	pesca?	pesca	_	_	_	_	_	linguistic	_	ContainsVariation=No	Intonation=Rising	End=50.32	_	_	_	_
23-0	BO071	23	0	mi	mi	_	_	_	_	_	linguistic	_	ContainsVariation=No	_	Begin=50.63	_	_	_	_
23-1	BO071	23	1	ficco	ficco	_	_	_	_	_	linguistic	_	ContainsVariation=No	_	_	_	_	_	_
23-2	BO071	23	2	nei	nei	_	_	_	_	_	linguistic	_	ContainsVariation=No	_	_	_	_	_	_
23-3	BO071	23	3	tombini	tombini	_	_	_	_	_	linguistic	_	ContainsVariation=No	_	_	_	_	_	_
23-4	BO071	23	4	e	e	_	_	_	_	_	linguistic	_	ContainsVariation=No	_	_	_	_	_	_
23-5	BO071	23	5	vado	vado	_	_	_	_	_	linguistic	_	ContainsVariation=No	_	_	_	_	_	_
23-6	BO071	23	6	a	a	_	_	_	_	_	linguistic	_	ContainsVariation=No	_	_	_	_	_	_
23-7	BO071	23	7	cacciare	cacciare	_	_	_	_	_	linguistic	_	ContainsVariation=No	_	_	_	_	_	_
23-8	BO071	23	8	gli	gli	_	_	_	_	_	linguistic	_	ContainsVariation=No	_	_	_	_	_	_
23-9	BO071	23	9	alligatori	alligatori	_	_	_	_	_	linguistic	_	ContainsVariation=No	_	End=52.99	_	_	_	_
24-0	BO072	24	0	guarda	guarda	_	_	_	_	_	linguistic	_	ContainsVariation=No	_	Begin=54.21	_	_	_	_
24-1	BO072	24	1	se	se	_	_	_	_	_	linguistic	_	ContainsVariation=No	_	_	_	_	_	_
24-2	BO072	24	2	un	un	_	_	_	_	_	linguistic	_	ContainsVariation=No	_	_	_	_	_	_
24-3	BO072	24	3	giorno	giorno	_	_	_	_	_	linguistic	_	ContainsVariation=No	_	_	_	_	_	_
24-4	BO072	24	4	diventerò	diventerò	_	_	_	_	_	linguistic	_	ContainsVariation=No	_	_	_	_	_	_
24-5	BO072	24	5	ricco	ricco	_	_	_	_	_	linguistic	_	ContainsVariation=No	_	_	_	_	_	_
24-6	BO072	24	6	sfondato	sfondato	_	_	_	_	_	linguistic	_	ContainsVariation=No	_	_	_	_	_	_
24-7	BO072	24	7	ma	ma	_	_	_	_	_	linguistic	_	ContainsVariation=No	_	_	_	_	_	_
24-8	BO072	24	8	ricco	ricco	_	_	_	_	_	linguistic	_	ContainsVariation=No	_	_	_	_	_	_
24-9	BO072	24	9	da	da	_	_	_	_	_	linguistic	_	ContainsVariation=No	_	_	_	_	_	_
24-10	BO072	24	10	fare	fare	_	_	_	_	_	linguistic	_	ContainsVariation=No	_	_	_	_	_	_
24-11	BO072	24	11	sfi~	sfi~	_	_	_	_	_	linguistic	_	ContainsVariation=No	Interrupted=Yes	_	_	_	_	_
24-12	BO072	24	12	da	da	_	_	_	_	_	linguistic	_	ContainsVariation=No	_	_	_	_	_	_
24-13	BO072	24	13	fare	fare	_	_	_	_	_	linguistic	_	ContainsVariation=No	_	_	_	_	_	_
24-14	BO072	24	14	sch[ifo],	schifo	_	_	_	_	_	linguistic	_	ContainsVariation=No	Intonation=WeaklyRising	End=57.98	_	_	_	3-6(5)
25-0	BO071	25	0	[non]	non	_	_	_	_	_	linguistic	_	ContainsVariation=No	_	Begin=57.71	_	_	_	0-3(5)
25-1	BO071	25	1	lo	lo	_	_	_	_	_	linguistic	_	ContainsVariation=No	_	_	_	_	_	_
25-2	BO071	25	2	divent[erai]	diventerai	_	_	_	_	_	linguistic	_	ContainsVariation=No	_	End=58.92	_	_	_	6-10(6)
26-0	BO048	26	0	[sfiga]?	sfiga	_	_	_	_	_	linguistic	_	ContainsVariation=No	Intonation=Rising	Begin=58.43|End=58.92	_	_	_	0-5(6)
27-0	BO072	27	0	ricco	ricco	_	_	_	_	_	linguistic	_	ContainsVariation=No	_	Begin=59.53	_	_	_	_
27-1	BO072	27	1	da	da	_	_	_	_	_	linguistic	_	ContainsVariation=No	_	_	_	_	_	_
27-2	BO072	27	2	fare	fare	_	_	_	_	_	linguistic	_	ContainsVariation=No	_	_	_	_	_	_
27-3	BO072	27	3	sfiga	sfiga	_	_	_	_	_	linguistic	_	ContainsVariation=No	_	End=60.67	_	_	_	_
28-0	BO072	28	0	mi	mi	_	_	_	_	_	linguistic	_	ContainsVariation=No	_	Begin=61.7	_	_	_	_
28-1	BO072	28	1	comprerò:::	comprerò	_	_	_	_	_	linguistic	_	ContainsVariation=No	_	End=63.02	7x3	_	_	_
29-0	BO072	29	0	della	della	_	_	_	_	_	linguistic	_	ContainsVariation=No	_	Begin=64.0	_	_	_	_
29-1	BO072	29	1	gente	gente	_	_	_	_	_	linguistic	_	ContainsVariation=No	_	_	_	_	_	_
29-2	BO072	29	2	per	per	_	_	_	_	_	linguistic	_	ContainsVariation=No	_	_	_	_	_	_
29-3	BO072	29	3	metterti	metterti	_	_	_	_	_	linguistic	_	ContainsVariation=No	_	_	_	_	_	_
29-4	BO072	29	4	su	su	_	_	_	_	_	linguistic	_	ContainsVariation=No	_	_	_	_	_	_
29-5	BO072	29	5	una	una	_	_	_	_	_	linguistic	_	ContainsVariation=No	_	_	_	_	_	_
29-6	BO072	29	6	roccia	roccia	_	_	_	_	_	linguistic	_	ContainsVariation=No	_	_	_	_	_	_
29-7	BO072	29	7	circondato	circondato	_	_	_	_	_	linguistic	_	ContainsVariation=No	_	_	_	_	_	_
29-8	BO072	29	8	dalle	dalle	_	_	_	_	_	linguistic	_	ContainsVariation=No	_	_	_	_	_	_
29-9	BO072	29	9	tigri	tigri	_	_	_	_	_	linguistic	_	ContainsVariation=No	_	_	_	_	_	_
29-10	BO072	29	10	con	con	_	_	_	_	_	linguistic	_	ContainsVariation=No	_	_	_	_	_	_
29-11	BO072	29	11	una	una	_	_	_	_	_	linguistic	_	ContainsVariation=No	_	_	_	_	_	_
29-12	BO072	29	12	canna	canna	_	_	_	_	_	linguistic	_	ContainsVariation=No	_	_	_	_	_	_
29-13	BO072	29	13	da	da	_	_	_	_	_	linguistic	_	ContainsVariation=No	_	_	_	_	_	_
29-14	BO072	29	14	pesca	pesca	_	_	_	_	_	linguistic	_	ContainsVariation=No	_	End=68.03	_	_	_	_
30-0	BO048	30	0	ti	ti	_	_	_	_	_	linguistic	_	ContainsVariation=No	_	Begin=68.66	_	_	_	_
30-1	BO048	30	1	fai	fai	_	_	_	_	_	linguistic	_	ContainsVariation=No	_	_	_	_	_	_
30-2	BO048	30	2	il	il	_	_	_	_	_	linguistic	_	ContainsVariation=No	_	_	_	_	_	_
30-3	BO048	30	3	vecchio	vecchio	_	_	_	_	_	linguistic	_	ContainsVariation=No	_	_	_	_	_	_
30-4	BO048	30	4	e	e	_	_	_	_	_	linguistic	_	ContainsVariation=No	_	_	_	_	_	_
30-5	BO048	30	5	il	il	_	_	_	_	_	linguistic	_	ContainsVariation=No	_	_	_	_	_	_
30-6	BO048	30	6	mare	mare	_	_	_	_	_	linguistic	_	ContainsVariation=No	_	_	_	_	_	_
30-7	BO048	30	7	tra	tra	_	_	_	_	_	linguistic	_	ContainsVariation=No	_	_	_	_	_	_
30-8	BO048	30	8	le	le	_	_	_	_	_	linguistic	_	ContainsVariation=No	_	_	_	_	_	_
30-9	BO048	30	9	tigri	tigri	_	_	_	_	_	linguistic	_	ContainsVariation=No	_	End=70.452	_	_	_	_
31-0	BO072	31	0	posso	posso	_	_	_	_	_	linguistic	_	ContainsVariation=No	_	Begin=70.452	_	_	_	_
31-1	BO072	31	1	chiederti	chiederti	_	_	_	_	_	linguistic	_	ContainsVariation=No	_	_	_	_	_	_
31-2	BO072	31	2	una	una	_	_	_	_	_	linguistic	_	ContainsVariation=No	_	_	_	_	_	_
31-3	BO072	31	3	cosa?	cosa	_	_	_	_	_	linguistic	_	ContainsVariation=No	Intonation=Rising	End=71.311	_	_	_	_
32-0	BO021	32	0	sì	sì	_	_	_	_	_	linguistic	_	ContainsVariation=No	_	Begin=71.321|End=71.636	_	_	_	_
33-0	???	33	0	eh	eh	_	_	_	_	_	linguistic	_	ContainsVariation=No	_	Begin=71.676	_	_	_	_
33-1	???	33	1	ho	ho	_	_	_	_	_	linguistic	_	ContainsVariation=No	_	_	_	_	_	_
33-2	???	33	2	perso	perso	_	_	_	_	_	linguistic	_	ContainsVariation=No	_	_	_	_	_	_
33-3	???	33	3	il	il	_	_	_	_	_	linguistic	_	ContainsVariation=No	_	_	_	_	_	_
33-4	???	33	4	mio	mio	_	_	_	_	_	linguistic	_	ContainsVariation=No	_	_	_	_	_	_
33-5	???	33	5	caricabatterie	caricabatterie	_	_	_	_	_	linguistic	_	ContainsVariation=No	_	_	_	_	_	_
33-6	???	33	6	e	e	_	_	_	_	_	linguistic	_	ContainsVariation=No	_	_	_	_	_	_
33-7	???	33	7	alla	alla	_	_	_	_	_	linguistic	_	ContainsVariation=No	_	_	_	_	_	_
33-8	???	33	8	fine	fine	_	_	_	_	_	linguistic	_	ContainsVariation=No	_	_	_	_	_	_
33-9	???	33	9	non	non	_	_	_	_	_	linguistic	_	ContainsVariation=No	_	_	_	_	_	_
33-10	???	33	10	l'	l'	_	_	_	_	_	linguistic	_	ContainsVariation=No	SpaceAfter=No	_	_	_	_	_
33-11	???	33	11	avevano	avevano	_	_	_	_	_	linguistic	_	ContainsVariation=No	_	_	_	_	_	_
33-12	???	33	12	xxx	xxx	_	_	_	_	_	unknown	_	ContainsVariation=No	Syllables=3	_	_	_	_	_
33-13	???	33	13	tu	tu	_	_	_	_	_	linguistic	_	ContainsVariation=No	_	_	_	_	_	_
33-14	???	33	14	[xx]	xx	_	_	_	_	_	unknown	_	ContainsVariation=No	Syllables=2	End=75.197	_	_	_	0-2(7)
34-0	BO021	34	0	[sì	sì	_	_	_	_	_	linguistic	_	ContainsVariation=No	_	Begin=75.1	_	_	_	0-2(7)
34-1	BO021	34	1	no]	no	_	_	_	_	_	linguistic	_	ContainsVariation=No	_	_	_	_	_	0-2(7)
34-2	BO021	34	2	ti	ti	_	_	_	_	_	linguistic	_	ContainsVariation=No	_	_	_	_	_	_
34-3	BO021	34	3	giu~	giu~	_	_	_	_	_	linguistic	_	ContainsVariation=No	Interrupted=Yes	_	_	_	_	_
34-4	BO021	34	4	cioè	cioè	_	_	_	_	_	linguistic	_	ContainsVariation=No	_	_	_	_	_	_
34-5	BO021	34	5	io	io	_	_	_	_	_	linguistic	_	ContainsVariation=No	_	_	_	_	_	_
34-6	BO021	34	6	l'	l'	_	_	_	_	_	linguistic	_	ContainsVariation=No	SpaceAfter=No	_	_	_	_	_
34-7	BO021	34	7	ho	ho	_	_	_	_	_	linguistic	_	ContainsVariation=No	_	_	_	_	_	_
34-8	BO021	34	8	portato	portato	_	_	_	_	_	linguistic	_	ContainsVariation=No	_	_	_	_	_	_
34-9	BO021	34	9	al	al	_	_	_	_	_	linguistic	_	ContainsVariation=No	_	_	_	_	_	_
34-10	BO021	34	10	custode	custode	_	_	_	_	_	linguistic	_	ContainsVariation=No	_	_	_	_	_	_
34-11	BO021	34	11	e	e	_	_	_	_	_	linguistic	_	ContainsVariation=No	_	_	_	_	_	_
34-12	BO021	34	12	gli	gli	_	_	_	_	_	linguistic	_	ContainsVariation=No	_	_	_	_	_	_
34-13	BO021	34	13	ho	ho	_	_	_	_	_	linguistic	_	ContainsVariation=No	_	_	_	_	_	_
34-14	BO021	34	14	detto	detto	_	_	_	_	_	linguistic	_	ContainsVariation=No	_	_	_	_	_	_
34-15	BO021	34	15	guarda	guarda	_	_	_	_	_	linguistic	_	ContainsVariation=No	_	_	_	_	_	_
34-16	BO021	34	16	le	le	_	_	_	_	_	linguistic	_	ContainsVariation=No	_	_	_	_	_	_
34-17	BO021	34	17	ragazze	ragazze	_	_	_	_	_	linguistic	_	ContainsVariation=No	_	_	_	_	_	_
34-18	BO021	34	18	davanti	davanti	_	_	_	_	_	linguistic	_	ContainsVariation=No	_	_	_	_	_	_
34-19	BO021	34	19	a	a	_	_	_	_	_	linguistic	_	ContainsVariation=No	_	_	_	_	_	_
34-20	BO021	34	20	me	me	_	_	_	_	_	linguistic	_	ContainsVariation=No	_	_	_	_	_	_
34-21	BO021	34	21	se	se	_	_	_	_	_	linguistic	_	ContainsVariation=No	_	_	_	_	_	_
34-22	BO021	34	22	l'	l'	_	_	_	_	_	linguistic	_	ContainsVariation=No	SpaceAfter=No	_	_	_	_	_
34-23	BO021	34	23	erano	erano	_	_	_	_	_	linguistic	_	ContainsVariation=No	_	_	_	_	_	_
34-24	BO021	34	24	dimenticato	dimenticato	_	_	_	_	_	linguistic	_	ContainsVariation=No	_	_	_	_	_	_
34-25	BO021	34	25	tientelo.	tientelo	_	_	_	_	_	linguistic	_	ContainsVariation=No	Intonation=Falling	End=80.614	_	_	_	_
35-0	???	35	0	eh	eh	_	_	_	_	_	linguistic	_	ContainsVariation=No	_	Begin=80.638	_	_	_	_
35-1	???	35	1	allora	allora	_	_	_	_	_	linguistic	_	ContainsVariation=No	_	_	_	_	_	_
35-2	???	35	2	se	se	_	_	_	_	_	linguistic	_	ContainsVariation=No	_	_	_	_	_	_
35-3	???	35	3	lo	lo	_	_	_	_	_	linguistic	_	ContainsVariation=No	_	_	_	_	_	_
35-4	???	35	4	sarà	sarà	_	_	_	_	_	linguistic	_	ContainsVariation=No	_	_	_	_	_	_
35-5	???	35	5	preso	preso	_	_	_	_	_	linguistic	_	ContainsVariation=No	_	_	_	_	_	_
35-6	???	35	6	qualcuno	qualcuno	_	_	_	_	_	linguistic	_	ContainsVariation=No	_	_	_	_	_	_
35-7	???	35	7	xx	xx	_	_	_	_	_	unknown	_	ContainsVariation=No	Syllables=2	End=82.86	_	_	_	_
36-0	BO021	36	0	che	che	_	_	_	_	_	linguistic	_	ContainsVariation=No	_	Begin=83.14	_	_	_	_
36-1	BO021	36	1	stronzo	stronzo	_	_	_	_	_	linguistic	_	ContainsVariation=No	_	_	_	_	_	_
36-2	BO021	36	2	però	però	_	_	_	_	_	linguistic	_	ContainsVariation=No	_	_	_	_	_	_
36-3	BO021	36	3	beh	beh	_	_	_	_	_	linguistic	_	ContainsVariation=No	_	_	_	_	_	_
36-4	BO021	36	4	io	io	_	_	_	_	_	linguistic	_	ContainsVariation=No	_	_	_	_	_	_
36-5	BO021	36	5	l'	l'	_	_	_	_	_	linguistic	_	ContainsVariation=No	SpaceAfter=No	_	_	_	_	_
36-6	BO021	36	6	ho	ho	_	_	_	_	_	linguistic	_	ContainsVariation=No	_	_	_	_	_	_
36-7	BO021	36	7	davvero	davvero	_	_	_	_	_	linguistic	_	ContainsVariation=No	_	_	_	_	_	_
36-8	BO021	36	8	proprio	proprio	_	_	_	_	_	linguistic	_	ContainsVariation=No	_	_	_	_	_	_
36-9	BO021	36	9	lasciato	lasciato	_	_	_	_	_	linguistic	_	ContainsVariation=No	_	_	_	_	_	_
36-10	BO021	36	10	[a	a	_	_	_	_	_	linguistic	_	ContainsVariation=No	_	_	_	_	_	0-1(8)
36-11	BO021	36	11	lui],	lui	_	_	_	_	_	linguistic	_	ContainsVariation=No	Intonation=WeaklyRising	End=86.11	_	_	_	0-3(8)
37-0	???	37	0	[sì	sì	_	_	_	_	_	linguistic	_	ContainsVariation=No	_	Begin=85.625	_	_	_	0-2(8)
37-1	???	37	1	sì]	sì	_	_	_	_	_	linguistic	_	ContainsVariation=No	_	_	_	_	_	0-2(8)
37-2	???	37	2	no	no	_	_	_	_	_	linguistic	_	ContainsVariation=No	_	_	_	_	_	_
37-3	???	37	3	ma	ma	_	_	_	_	_	linguistic	_	ContainsVariation=No	_	_	_	_	_	_
37-4	???	37	4	figurati.	figurati	_	_	_	_	_	linguistic	_	ContainsVariation=No	Intonation=Falling	_	_	_	_	_
37-5	???	37	5	è	è	_	_	_	_	_	linguistic	_	ContainsVariation=No	_	_	_	_	_	_
37-6	???	37	6	solo	solo	_	_	_	_	_	linguistic	_	ContainsVariation=No	_	_	_	_	_	_
37-7	???	37	7	che	che	_	_	_	_	_	linguistic	_	ContainsVariation=No	_	_	_	_	_	_
37-8	???	37	8	non	non	_	_	_	_	_	linguistic	_	ContainsVariation=No	_	_	_	_	_	_
37-9	???	37	9	so	so	_	_	_	_	_	linguistic	_	ContainsVariation=No	_	_	_	_	_	_
37-10	???	37	10	quale	quale	_	_	_	_	_	linguistic	_	ContainsVariation=No	_	_	_	_	_	_
37-11	???	37	11	custode	custode	_	_	_	_	_	linguistic	_	ContainsVariation=No	_	_	_	_	_	_
37-12	???	37	12	sia	sia	_	_	_	_	_	linguistic	_	ContainsVariation=No	_	_	_	_	_	_
37-13	???	37	13	e::	e	_	_	_	_	_	linguistic	_	ContainsVariation=No	_	End=89.02	0x2	_	_	_
38-0	BO021	38	0	quello	quello	_	_	_	_	_	linguistic	_	ContainsVariation=No	_	Begin=89.14	_	_	_	_
38-1	BO021	38	1	giovane	giovane	_	_	_	_	_	linguistic	_	ContainsVariation=No	_	End=90.101	_	_	_	_
39-0	???	39	0	va	va	_	_	_	_	_	linguistic	_	ContainsVariation=No	_	Begin=94.016	_	_	_	_
39-1	???	39	1	bene.	bene	_	_	_	_	_	linguistic	_	ContainsVariation=No	Intonation=Falling	_	_	_	_	_
39-2	???	39	2	niente.	niente	_	_	_	_	_	linguistic	_	ContainsVariation=No	Intonation=Falling	_	_	_	_	_
39-3	???	39	3	grazie	grazie	_	_	_	_	_	linguistic	_	ContainsVariation=No	_	End=95.643	_	_	_	_
40-0	???	40	0	ciao	ciao	_	_	_	_	_	linguistic	_	ContainsVariation=No	_	Begin=95.754|End=96.014	_	_	_	_
41-0	BO048	41	0	[ciao]	ciao	_	_	_	_	_	linguistic	_	ContainsVariation=No	_	Begin=96.12|End=96.883	_	_	_	0-4(9)
42-0	BO071	42	0	[ciao]	ciao	_	_	_	_	_	linguistic	_	ContainsVariation=No	_	Begin=96.12|End=96.883	_	_	_	0-4(9)
43-0	BO072	43	0	eh,	eh	_	_	_	_	_	linguistic	_	ContainsVariation=No	Intonation=WeaklyRising	Begin=99.8	_	_	_	_
43-1	BO072	43	1	andre,	andre	_	_	_	_	_	linguistic	_	ContainsVariation=No	Intonation=WeaklyRising	End=100.928	_	_	_	_
44-0	BO072	44	0	beato	beato	_	_	_	_	_	linguistic	_	ContainsVariation=No	_	Begin=103.16	_	_	_	_
44-1	BO072	44	1	fra	fra	_	_	_	_	_	linguistic	_	ContainsVariation=No	_	_	_	_	_	_
44-2	BO072	44	2	le	le	_	_	_	_	_	linguistic	_	ContainsVariation=No	_	_	_	_	_	_
44-3	BO072	44	3	donne	donne	_	_	_	_	_	linguistic	_	ContainsVariation=No	_	End=104.48	_	_	_	_
45-0	BO071	45	0	è	è	_	_	_	_	_	linguistic	_	ContainsVariation=No	_	Begin=104.81	_	_	_	_
45-1	BO071	45	1	un'	un'	_	_	_	_	_	linguistic	_	ContainsVariation=No	SpaceAfter=No	_	_	_	_	_
45-2	BO071	45	2	ami~	ami~	_	_	_	_	_	linguistic	_	ContainsVariation=No	Interrupted=Yes	_	_	_	_	_
45-3	BO071	45	3	è	è	_	_	_	_	_	linguistic	_	ContainsVariation=No	_	_	_	_	_	_
45-4	BO071	45	4	e::	e	_	_	_	_	_	linguistic	_	ContainsVariation=No	_	_	0x2	_	_	_
45-5	BO071	45	5	quella:	quella	_	_	_	_	_	linguistic	_	ContainsVariation=No	_	_	5x1	_	_	_
45-6	BO071	45	6	>è	è	_	_	_	_	_	linguistic	_	ContainsVariation=No	_	_	_	Fast=0-1(0)	_	_
45-7	BO071	45	7	una	una	_	_	_	_	_	linguistic	_	ContainsVariation=No	_	_	_	Fast=0-3(0)	_	_
45-8	BO071	45	8	mia	mia	_	_	_	_	_	linguistic	_	ContainsVariation=No	_	_	_	Fast=0-3(0)	_	_
45-9	BO071	45	9	carissima	carissima	_	_	_	_	_	linguistic	_	ContainsVariation=No	_	_	_	Fast=0-9(0)	_	_
45-10	BO071	45	10	amica<	amica	_	_	_	_	_	linguistic	_	ContainsVariation=No	_	_	_	Fast=0-5(0)	_	_
45-11	BO071	45	11	di	di	_	_	_	_	_	linguistic	_	ContainsVariation=No	_	_	_	_	_	_
45-12	BO071	45	12	brescia	brescia	_	_	_	_	_	linguistic	_	ContainsVariation=No	_	_	_	_	_	_
45-13	BO071	45	13	quella	quella	_	_	_	_	_	linguistic	_	ContainsVariation=No	_	_	_	_	_	_
45-14	BO071	45	14	di	di	_	_	_	_	_	linguistic	_	ContainsVariation=No	_	_	_	_	_	_
45-15	BO071	45	15	cui	cui	_	_	_	_	_	linguistic	_	ContainsVariation=No	_	_	_	_	_	_
45-16	BO071	45	16	ti	ti	_	_	_	_	_	linguistic	_	ContainsVariation=No	_	_	_	_	_	_
45-17	BO071	45	17	parlavo	parlavo	_	_	_	_	_	linguistic	_	ContainsVariation=No	_	End=109.1	_	_	_	_
46-0	BO048	46	0	che,	che	_	_	_	_	_	linguistic	_	ContainsVariation=No	Intonation=WeaklyRising	Begin=109.33	_	_	_	_
46-1	BO048	46	1	non	non	_	_	_	_	_	linguistic	_	ContainsVariation=No	_	_	_	_	_	_
46-2	BO048	46	2	hai	hai	_	_	_	_	_	linguistic	_	ContainsVariation=No	_	_	_	_	_	_
46-3	BO048	46	3	pianto	pianto	_	_	_	_	_	linguistic	_	ContainsVariation=No	_	_	_	_	_	_
46-4	BO048	46	4	quando	quando	_	_	_	_	_	linguistic	_	ContainsVariation=No	_	_	_	_	_	_
46-5	BO048	46	5	hanno	hanno	_	_	_	_	_	linguistic	_	ContainsVariation=No	_	_	_	_	_	_
46-6	BO048	46	6	ucciso	ucciso	_	_	_	_	_	linguistic	_	ContainsVariation=No	_	_	_	_	_	_
46-7	BO048	46	7	i	i	_	_	_	_	_	linguistic	_	ContainsVariation=No	_	_	_	_	_	_
46-8	BO048	46	8	nazisti?	nazisti	_	_	_	_	_	linguistic	_	ContainsVariation=No	Intonation=Rising	End=111.917	_	_	_	_
47-0	BO021	47	0	((ride))	((ride))	_	_	_	_	_	nonverbalbehavior	_	ContainsVariation=No	_	Begin=113.778|End=114.231	_	_	_	_
48-0	BO072	48	0	a	a	_	_	_	_	_	linguistic	_	ContainsVariation=No	_	Begin=113.79	_	_	_	_
48-1	BO072	48	1	norimberga?	norimberga	_	_	_	_	_	linguistic	_	ContainsVariation=No	Intonation=Rising	End=114.73	_	_	_	_
49-0	BO072	49	0	a	a	_	_	_	_	_	linguistic	_	ContainsVariation=No	_	Begin=115.3	_	_	_	_
49-1	BO072	49	1	norimberga	norimberga	_	_	_	_	_	linguistic	_	ContainsVariation=No	_	_	_	_	_	_
49-2	BO072	49	2	dici?	dici	_	_	_	_	_	linguistic	_	ContainsVariation=No	Intonation=Rising	End=116.61	_	_	_	_
50-0	BO071	50	0	piango	piango	_	_	_	_	_	linguistic	_	ContainsVariation=No	_	Begin=117.37|End=118.09	_	_	_	_
51-0	BO072	51	0	poveri::no:	poverino	_	_	_	_	_	linguistic	_	ContainsVariation=No	_	Begin=118.37|End=119.27	5x2,7x1	_	_	_
52-0	BO072	52	0	ha	ha	_	_	_	_	_	linguistic	_	ContainsVariation=No	_	Begin=119.7	_	_	_	_
52-1	BO072	52	1	solo	solo	_	_	_	_	_	linguistic	_	ContainsVariation=No	_	_	_	_	_	_
52-2	BO072	52	2	ammazzato	ammazzato	_	_	_	_	_	linguistic	_	ContainsVariation=No	_	_	_	_	_	_
52-3	BO072	52	3	un	un	_	_	_	_	_	linguistic	_	ContainsVariation=No	_	_	_	_	_	_
52-4	BO072	52	4	milione	milione	_	_	_	_	_	linguistic	_	ContainsVariation=No	_	_	_	_	_	_
52-5	BO072	52	5	di	di	_	_	_	_	_	linguistic	_	ContainsVariation=No	_	_	_	_	_	_
52-6	BO072	52	6	perso::ne	persone	_	_	_	_	_	linguistic	_	ContainsVariation=No	_	End=121.79	4x2	_	_	_
53-0	BO072	53	0	stava	stava	_	_	_	_	_	linguistic	_	ContainsVariation=No	_	Begin=122.33	_	_	_	_
53-1	BO072	53	1	eseguendo	eseguendo	_	_	_	_	_	linguistic	_	ContainsVariation=No	_	_	_	_	_	_
53-2	BO072	53	2	gli	gli	_	_	_	_	_	linguistic	_	ContainsVariation=No	_	_	_	_	_	_
53-3	BO072	53	3	o:rdini:	ordini	_	_	_	_	_	linguistic	_	ContainsVariation=No	_	End=123.68	0x1,5x1	_	_	_
54-0	BO072	54	0	no	no	_	_	_	_	_	linguistic	_	ContainsVariation=No	_	Begin=126.41	_	_	_	_
54-1	BO072	54	1	vabbè,	vabbè	_	_	_	_	_	linguistic	_	ContainsVariation=No	Intonation=WeaklyRising	_	_	_	_	_
54-2	BO072	54	2	io	io	_	_	_	_	_	linguistic	_	ContainsVariation=No	_	_	_	_	_	_
54-3	BO072	54	3	non	non	_	_	_	_	_	linguistic	_	ContainsVariation=No	_	_	_	_	_	_
54-4	BO072	54	4	piango	piango	_	_	_	_	_	linguistic	_	ContainsVariation=No	_	_	_	_	_	_
54-5	BO072	54	5	solitamente	solitamente	_	_	_	_	_	linguistic	_	ContainsVariation=No	_	_	_	_	_	_
54-6	BO072	54	6	quando	quando	_	_	_	_	_	linguistic	_	ContainsVariation=No	_	_	_	_	_	_
54-7	BO072	54	7	ammazzano	ammazzano	_	_	_	_	_	linguistic	_	ContainsVariation=No	_	_	_	_	_	_
54-8	BO072	54	8	i	i	_	_	_	_	_	linguistic	_	ContainsVariation=No	_	_	_	_	_	_
54-9	BO072	54	9	nazisti.	nazisti	_	_	_	_	_	linguistic	_	ContainsVariation=No	Intonation=Falling	End=129.0	_	_	_	_
55-0	BO071	55	0	lu~	lu~	_	_	_	_	_	linguistic	_	ContainsVariation=No	Interrupted=Yes	Begin=129.36	_	_	_	_
55-1	BO071	55	1	lui	lui	_	_	_	_	_	linguistic	_	ContainsVariation=No	_	_	_	_	_	_
55-2	BO071	55	2	non	non	_	_	_	_	_	linguistic	_	ContainsVariation=No	_	_	_	_	_	_
55-3	BO071	55	3	piange.	piange	_	_	_	_	_	linguistic	_	ContainsVariation=No	Intonation=Falling	End=130.46	_	_	_	_
56-0	BO071	56	0	n~	n~	_	_	_	_	_	linguistic	_	ContainsVariation=No	Interrupted=Yes	Begin=131.59	_	_	_	_
56-1	BO071	56	1	neanche	neanche	_	_	_	_	_	linguistic	_	ContainsVariation=No	_	_	_	_	_	_
56-2	BO071	56	2	se	se	_	_	_	_	_	linguistic	_	ContainsVariation=No	_	_	_	_	_	_
56-3	BO071	56	3	una	una	_	_	_	_	_	linguistic	_	ContainsVariation=No	_	_	_	_	_	_
56-4	BO071	56	4	tigre	tigre	_	_	_	_	_	linguistic	_	ContainsVariation=No	_	_	_	_	_	_
56-5	BO071	56	5	gli	gli	_	_	_	_	_	linguistic	_	ContainsVariation=No	_	_	_	_	_	_
56-6	BO071	56	6	stacca	stacca	_	_	_	_	_	linguistic	_	ContainsVariation=No	_	_	_	_	_	_
56-7	BO071	56	7	una	una	_	_	_	_	_	linguistic	_	ContainsVariation=No	_	_	_	_	_	_
56-8	BO071	56	8	gamba.	gamba	_	_	_	_	_	linguistic	_	ContainsVariation=No	Intonation=Falling	End=133.9	_	_	_	_
57-0	BO071	57	0	lui	lui	_	_	_	_	_	linguistic	_	ContainsVariation=No	_	Begin=134.11	_	_	_	_
57-1	BO071	57	1	è	è	_	_	_	_	_	linguistic	_	ContainsVariation=No	_	_	_	_	_	_
57-2	BO071	57	2	così	così	_	_	_	_	_	linguistic	_	ContainsVariation=No	_	End=134.82	_	_	_	_
58-0	BO071	58	0	embeh	embeh	_	_	_	_	_	linguistic	_	ContainsVariation=No	_	Begin=134.96|End=135.58	_	_	_	_
59-0	BO072	59	0	riderai	riderai	_	_	_	_	_	linguistic	_	ContainsVariation=No	_	Begin=135.6	_	_	_	_
59-1	BO072	59	1	un	un	_	_	_	_	_	linguistic	_	ContainsVariation=No	_	_	_	_	_	_
59-2	BO072	59	2	sacco	sacco	_	_	_	_	_	linguistic	_	ContainsVariation=No	_	_	_	_	_	_
59-3	BO072	59	3	quando	quando	_	_	_	_	_	linguistic	_	ContainsVariation=No	_	_	_	_	_	_
59-4	BO072	59	4	ti	ti	_	_	_	_	_	linguistic	_	ContainsVariation=No	_	_	_	_	_	_
59-5	BO072	59	5	troverai	troverai	_	_	_	_	_	linguistic	_	ContainsVariation=No	_	_	_	_	_	_
59-6	BO072	59	6	in	in	_	_	_	_	_	linguistic	_	ContainsVariation=No	_	_	_	_	_	_
59-7	BO072	59	7	mezzo	mezzo	_	_	_	_	_	linguistic	_	ContainsVariation=No	_	_	_	_	_	_
59-8	BO072	59	8	ad	ad	_	_	_	_	_	linguistic	_	ContainsVariation=No	_	_	_	_	_	_
59-9	BO072	59	9	una	una	_	_	_	_	_	linguistic	_	ContainsVariation=No	_	_	_	_	_	_
59-10	BO072	59	10	roccia	roccia	_	_	_	_	_	linguistic	_	ContainsVariation=No	_	_	_	_	_	_
59-11	BO072	59	11	con	con	_	_	_	_	_	linguistic	_	ContainsVariation=No	_	_	_	_	_	_
59-12	BO072	59	12	le	le	_	_	_	_	_	linguistic	_	ContainsVariation=No	_	_	_	_	_	_
59-13	BO072	59	13	tigri	tigri	_	_	_	_	_	linguistic	_	ContainsVariation=No	_	_	_	_	_	_
59-14	BO072	59	14	sotto	sotto	_	_	_	_	_	linguistic	_	ContainsVariation=No	_	End=139.16	_	_	_	_
60-0	BO021	60	0	in	in	_	_	_	_	_	linguistic	_	ContainsVariation=No	_	Begin=139.76	_	_	_	_
60-1	BO021	60	1	mezzo	mezzo	_	_	_	_	_	linguistic	_	ContainsVariation=No	_	_	_	_	_	_
60-2	BO021	60	2	ad	ad	_	_	_	_	_	linguistic	_	ContainsVariation=No	_	_	_	_	_	_
60-3	BO021	60	3	una	una	_	_	_	_	_	linguistic	_	ContainsVariation=No	_	_	_	_	_	_
60-4	BO021	60	4	roccia	roccia	_	_	_	_	_	linguistic	_	ContainsVariation=No	_	End=141.97	_	_	_	_
61-0	BO072	61	0	in	in	_	_	_	_	_	linguistic	_	ContainsVariation=No	_	Begin=142.03	_	_	_	_
61-1	BO072	61	1	mezzo	mezzo	_	_	_	_	_	linguistic	_	ContainsVariation=No	_	_	_	_	_	_
61-2	BO072	61	2	a	a	_	_	_	_	_	linguistic	_	ContainsVariation=No	_	_	_	_	_	_
61-3	BO072	61	3	una	una	_	_	_	_	_	linguistic	_	ContainsVariation=No	_	_	_	_	_	_
61-4	BO072	61	4	[roccia]	roccia	_	_	_	_	_	linguistic	_	ContainsVariation=No	_	End=143.187	_	_	_	0-6(11)
62-0	BO071	62	0	[inca~]	inca~	_	_	_	_	_	linguistic	_	ContainsVariation=No	Interrupted=Yes	Begin=142.59	_	_	_	0-5(11)
62-1	BO071	62	1	incastrato	incastrato	_	_	_	_	_	linguistic	_	ContainsVariation=No	_	_	_	_	_	_
62-2	BO071	62	2	tipo	tipo	_	_	_	_	_	linguistic	_	ContainsVariation=No	_	_	_	_	_	_
62-3	BO071	62	3	così	così	_	_	_	_	_	linguistic	_	ContainsVariation=No	PauseAfter=Yes	_	_	_	_	_
62-4	BO071	62	4	(.)	(.)	_	_	_	_	_	shortpause	_	ContainsVariation=No	_	_	_	_	_	_
62-5	BO071	62	5	che	che	_	_	_	_	_	linguistic	_	ContainsVariation=No	_	_	_	_	_	_
62-6	BO071	62	6	mi	mi	_	_	_	_	_	linguistic	_	ContainsVariation=No	_	_	_	_	_	_
62-7	BO071	62	7	sbucano	sbucano	_	_	_	_	_	linguistic	_	ContainsVariation=No	_	_	_	_	_	_
62-8	BO071	62	8	solo	solo	_	_	_	_	_	linguistic	_	ContainsVariation=No	_	_	_	_	_	_
62-9	BO071	62	9	i	i	_	_	_	_	_	linguistic	_	ContainsVariation=No	_	_	_	_	_	_
62-10	BO071	62	10	piedi	piedi	_	_	_	_	_	linguistic	_	ContainsVariation=No	_	End=146.83	_	_	_	_
63-0	BO071	63	0	che	che	_	_	_	_	_	linguistic	_	ContainsVariation=No	_	Begin=147.28	_	_	_	_
63-1	BO071	63	1	[odio]	odio	_	_	_	_	_	linguistic	_	ContainsVariation=No	_	End=148.25	_	_	_	0-4(12)
64-0	BO072	64	0	[solo]	solo	_	_	_	_	_	linguistic	_	ContainsVariation=No	_	Begin=147.57	_	_	_	0-4(12)
64-1	BO072	64	1	le	le	_	_	_	_	_	linguistic	_	ContainsVariation=No	_	_	_	_	_	_
64-2	BO072	64	2	mani	mani	_	_	_	_	_	linguistic	_	ContainsVariation=No	_	_	_	_	_	_
64-3	BO072	64	3	scusami	scusami	_	_	_	_	_	linguistic	_	ContainsVariation=No	_	End=149.33	_	_	_	_
65-0	BO071	65	0	sì	sì	_	_	_	_	_	linguistic	_	ContainsVariation=No	_	Begin=149.65	_	_	_	_
65-1	BO071	65	1	le	le	_	_	_	_	_	linguistic	_	ContainsVariation=No	_	_	_	_	_	_
65-2	BO071	65	2	mani	mani	_	_	_	_	_	linguistic	_	ContainsVariation=No	_	_	_	_	_	_
65-3	BO071	65	3	sì	sì	_	_	_	_	_	linguistic	_	ContainsVariation=No	_	_	_	_	_	_
65-4	BO071	65	4	sì	sì	_	_	_	_	_	linguistic	_	ContainsVariation=No	_	End=150.823	_	_	_	_
66-0	BO072	66	0	l'	l'	_	_	_	_	_	linguistic	_	ContainsVariation=No	SpaceAfter=No	Begin=152.4	_	_	_	_
66-1	BO072	66	1	uomo	uomo	_	_	_	_	_	linguistic	_	ContainsVariation=No	_	_	_	_	_	_
66-2	BO072	66	2	roccia	roccia	_	_	_	_	_	linguistic	_	ContainsVariation=No	_	End=153.33	_	_	_	_
67-0	BO072	67	0	no	no	_	_	_	_	_	linguistic	_	ContainsVariation=No	_	Begin=155.01	_	_	_	_
67-1	BO072	67	1	hemingway	hemingway	_	_	_	_	_	linguistic	_	ContainsVariation=No	_	_	_	_	_	_
67-2	BO072	67	2	non	non	_	_	_	_	_	linguistic	_	ContainsVariation=No	_	_	_	_	_	_
67-3	BO072	67	3	mi	mi	_	_	_	_	_	linguistic	_	ContainsVariation=No	_	_	_	_	_	_
67-4	BO072	67	4	è	è	_	_	_	_	_	linguistic	_	ContainsVariation=No	_	_	_	_	_	_
67-5	BO072	67	5	mai	mai	_	_	_	_	_	linguistic	_	ContainsVariation=No	_	_	_	_	_	_
67-6	BO072	67	6	piaciuto	piaciuto	_	_	_	_	_	linguistic	_	ContainsVariation=No	_	End=156.47	_	_	_	_
68-0	BO072	68	0	non	non	_	_	_	_	_	linguistic	_	ContainsVariation=No	_	Begin=156.84	_	_	_	_
68-1	BO072	68	1	lo	lo	_	_	_	_	_	linguistic	_	ContainsVariation=No	_	_	_	_	_	_
68-2	BO072	68	2	so	so	_	_	_	_	_	linguistic	_	ContainsVariation=No	_	_	_	_	_	_
68-3	BO072	68	3	perché,	perché	_	_	_	_	_	linguistic	_	ContainsVariation=No	Intonation=WeaklyRising	_	_	_	_	_
68-4	BO072	68	4	ho	ho	_	_	_	_	_	linguistic	_	ContainsVariation=No	_	_	_	_	_	_
68-5	BO072	68	5	letto	letto	_	_	_	_	_	linguistic	_	ContainsVariation=No	_	_	_	_	_	_
68-6	BO072	68	6	tanto	tanto	_	_	_	_	_	linguistic	_	ContainsVariation=No	_	_	_	_	_	_
68-7	BO072	68	7	pure	pure	_	_	_	_	_	linguistic	_	ContainsVariation=No	_	_	_	_	_	_
68-8	BO072	68	8	di	di	_	_	_	_	_	linguistic	_	ContainsVariation=No	_	_	_	_	_	_
68-9	BO072	68	9	lui	lui	_	_	_	_	_	linguistic	_	ContainsVariation=No	_	End=158.51	_	_	_	_
69-0	BO048	69	0	>poi	poi	_	_	_	_	_	linguistic	_	ContainsVariation=No	_	Begin=158.6	_	Fast=0-3(0)	_	_
69-1	BO048	69	1	c'	c'	_	_	_	_	_	linguistic	_	ContainsVariation=No	SpaceAfter=No	_	_	Fast=0-2(0)	_	_
69-2	BO048	69	2	è	è	_	_	_	_	_	linguistic	_	ContainsVariation=No	_	_	_	Fast=0-1(0)	_	_
69-3	BO048	69	3	pilar	pilar	_	_	_	_	_	linguistic	_	ContainsVariation=No	_	_	_	Fast=0-5(0)	_	_
69-4	BO048	69	4	che	che	_	_	_	_	_	linguistic	_	ContainsVariation=No	_	_	_	Fast=0-3(0)	_	_
69-5	BO048	69	5	racconta	racconta	_	_	_	_	_	linguistic	_	ContainsVariation=No	_	_	_	Fast=0-8(0)	_	_
69-6	BO048	69	6	la	la	_	_	_	_	_	linguistic	_	ContainsVariation=No	_	_	_	Fast=0-2(0)	_	_
69-7	BO048	69	7	storia	storia	_	_	_	_	_	linguistic	_	ContainsVariation=No	_	_	_	Fast=0-6(0)	_	_
69-8	BO048	69	8	dei	dei	_	_	_	_	_	linguistic	_	ContainsVariation=No	_	_	_	Fast=0-3(0)	_	_
69-9	BO048	69	9	nazisti	nazisti	_	_	_	_	_	linguistic	_	ContainsVariation=No	_	_	_	Fast=0-7(0)	_	_
69-10	BO048	69	10	che	che	_	_	_	_	_	linguistic	_	ContainsVariation=No	_	_	_	Fast=0-3(0)	_	_
69-11	BO048	69	11	li	li	_	_	_	_	_	linguistic	_	ContainsVariation=No	_	_	_	Fast=0-2(0)	_	_
69-12	BO048	69	12	buttano	buttano	_	_	_	_	_	linguistic	_	ContainsVariation=No	_	_	_	Fast=0-7(0)	_	_
69-13	BO048	69	13	tutti	tutti	_	_	_	_	_	linguistic	_	ContainsVariation=No	_	_	_	Fast=0-5(0)	_	_
69-14	BO048	69	14	nel	nel	_	_	_	_	_	linguistic	_	ContainsVariation=No	_	_	_	Fast=0-3(0)	_	_
69-15	BO048	69	15	fosso<	fosso	_	_	_	_	_	linguistic	_	ContainsVariation=No	_	End=162.23	_	Fast=0-5(0)	_	_
70-0	BO072	70	0	[intendi	intendi	_	_	_	_	_	linguistic	_	ContainsVariation=No	_	Begin=162.408	_	_	_	0-7(13)
70-1	BO072	70	1	in]	in	_	_	_	_	_	linguistic	_	ContainsVariation=No	_	_	_	_	_	0-2(13)
70-2	BO072	70	2	per	per	_	_	_	_	_	linguistic	_	ContainsVariation=No	_	_	_	_	_	_
70-3	BO072	70	3	chi	chi	_	_	_	_	_	linguistic	_	ContainsVariation=No	_	_	_	_	_	_
70-4	BO072	70	4	suona	suona	_	_	_	_	_	linguistic	_	ContainsVariation=No	_	_	_	_	_	_
70-5	BO072	70	5	la	la	_	_	_	_	_	linguistic	_	ContainsVariation=No	_	_	_	_	_	_
70-6	BO072	70	6	campana?	campana	_	_	_	_	_	linguistic	_	ContainsVariation=No	Intonation=Rising	End=164.01	_	_	_	_
71-0	BO071	71	0	[invece::],	invece	_	_	_	_	_	linguistic	_	ContainsVariation=No	Intonation=WeaklyRising	Begin=162.42|End=162.95	5x2	_	_	0-6(13)
72-0	BO071	72	0	pur	pur	_	_	_	_	_	linguistic	_	ContainsVariation=No	_	Begin=164.61	_	_	_	_
72-1	BO071	72	1	[ave~	ave~	_	_	_	_	_	linguistic	_	ContainsVariation=No	Interrupted=Yes	_	_	_	_	0-4(14)
72-2	BO071	72	2	avendo	avendo	_	_	_	_	_	linguistic	_	ContainsVariation=No	_	_	_	_	_	0-6(14)
72-3	BO071	72	3	letto	letto	_	_	_	_	_	linguistic	_	ContainsVariation=No	_	_	_	_	_	0-5(14)
72-4	BO071	72	4	solo	solo	_	_	_	_	_	linguistic	_	ContainsVariation=No	_	_	_	_	_	0-4(14)
72-5	BO071	72	5	il	il	_	_	_	_	_	linguistic	_	ContainsVariation=No	_	_	_	_	_	0-2(14)
72-6	BO071	72	6	ve]cchio	vecchio	_	_	_	_	_	linguistic	_	ContainsVariation=No	_	_	_	_	_	0-2(14)
72-7	BO071	72	7	e	e	_	_	_	_	_	linguistic	_	ContainsVariation=No	_	_	_	_	_	_
72-8	BO071	72	8	il	il	_	_	_	_	_	linguistic	_	ContainsVariation=No	_	_	_	_	_	_
72-9	BO071	72	9	mare	mare	_	_	_	_	_	linguistic	_	ContainsVariation=No	_	_	_	_	_	_
72-10	BO071	72	10	anche	anche	_	_	_	_	_	linguistic	_	ContainsVariation=No	_	_	_	_	_	_
72-11	BO071	72	11	se	se	_	_	_	_	_	linguistic	_	ContainsVariation=No	_	_	_	_	_	_
72-12	BO071	72	12	ave[sse	avesse	_	_	_	_	_	linguistic	_	ContainsVariation=No	_	_	_	_	_	3-6(15)
72-13	BO071	72	13	scritto	scritto	_	_	_	_	_	linguistic	_	ContainsVariation=No	_	_	_	_	_	0-7(15)
72-14	BO071	72	14	solo	solo	_	_	_	_	_	linguistic	_	ContainsVariation=No	_	_	_	_	_	0-4(15)
72-15	BO071	72	15	quello]	quello	_	_	_	_	_	linguistic	_	ContainsVariation=No	_	_	_	_	_	0-6(15)
72-16	BO071	72	16	per	per	_	_	_	_	_	linguistic	_	ContainsVariation=No	_	_	_	_	_	_
72-17	BO071	72	17	me	me	_	_	_	_	_	linguistic	_	ContainsVariation=No	_	_	_	_	_	_
72-18	BO071	72	18	sarebbe	sarebbe	_	_	_	_	_	linguistic	_	ContainsVariation=No	_	_	_	_	_	_
72-19	BO071	72	19	un	un	_	_	_	_	_	linguistic	_	ContainsVariation=No	_	_	_	_	_	_
72-20	BO071	72	20	grande	grande	_	_	_	_	_	linguistic	_	ContainsVariation=No	_	_	_	_	_	_
72-21	BO071	72	21	scrittore	scrittore	_	_	_	_	_	linguistic	_	ContainsVariation=No	_	End=170.13	_	_	_	_
73-0	BO048	73	0	[quello	quello	_	_	_	_	_	linguistic	_	ContainsVariation=No	_	Begin=165.32	_	_	_	0-6(14)
73-1	BO048	73	1	ho	ho	_	_	_	_	_	linguistic	_	ContainsVariation=No	_	_	_	_	_	0-2(14)
73-2	BO048	73	2	pianto	pianto	_	_	_	_	_	linguistic	_	ContainsVariation=No	_	_	_	_	_	0-6(14)
73-3	BO048	73	3	tantissimo]	tantissimo	_	_	_	_	_	linguistic	_	ContainsVariation=No	_	End=166.66	_	_	_	0-10(14)
74-0	BO048	74	0	[forse	forse	_	_	_	_	_	linguistic	_	ContainsVariation=No	_	Begin=167.99	_	_	_	0-5(15)
74-1	BO048	74	1	non	non	_	_	_	_	_	linguistic	_	ContainsVariation=No	_	_	_	_	_	0-3(15)
74-2	BO048	74	2	era	era	_	_	_	_	_	linguistic	_	ContainsVariation=No	_	_	_	_	_	0-3(15)
74-3	BO048	74	3	lì]	lì	_	_	_	_	_	linguistic	_	ContainsVariation=No	_	End=168.95	_	_	_	0-2(15)
75-0	BO072	75	0	sì?	sì	_	_	_	_	_	linguistic	_	ContainsVariation=No	Intonation=Rising	Begin=170.21|End=170.852	_	_	_	_
76-0	BO071	76	0	sì.	sì	_	_	_	_	_	linguistic	_	ContainsVariation=No	Intonation=Falling	Begin=170.89|End=171.26	_	_	_	_
77-0	BO048	77	0	però	però	_	_	_	_	_	linguistic	_	ContainsVariation=No	_	Begin=174.2	_	_	_	_
77-1	BO048	77	1	anch'	anch'	_	_	_	_	_	linguistic	_	ContainsVariation=No	SpaceAfter=No	_	_	_	_	_
77-2	BO048	77	2	io	io	_	_	_	_	_	linguistic	_	ContainsVariation=No	_	_	_	_	_	_
77-3	BO048	77	3	>cioè<	cioè	_	_	_	_	_	linguistic	_	ContainsVariation=No	_	_	_	Fast=0-4(0)	_	_
77-4	BO048	77	4	non	non	_	_	_	_	_	linguistic	_	ContainsVariation=No	_	_	_	_	_	_
77-5	BO048	77	5	sono	sono	_	_	_	_	_	linguistic	_	ContainsVariation=No	_	_	_	_	_	_
77-6	BO048	77	6	una	una	_	_	_	_	_	linguistic	_	ContainsVariation=No	_	_	_	_	_	_
77-7	BO048	77	7	grande	grande	_	_	_	_	_	linguistic	_	ContainsVariation=No	_	_	_	_	_	_
77-8	BO048	77	8	fan	fan	_	_	_	_	_	linguistic	_	ContainsVariation=No	_	_	_	_	_	_
77-9	BO048	77	9	però,	però	_	_	_	_	_	linguistic	_	ContainsVariation=No	Intonation=WeaklyRising	End=177.05	_	_	_	_
78-0	BO072	78	0	a	a	_	_	_	_	_	linguistic	_	ContainsVariation=No	_	Begin=177.8	_	_	_	_
78-1	BO072	78	1	me:~	me~	_	_	_	_	_	linguistic	_	ContainsVariation=No	Interrupted=Yes	_	1x1	_	_	_
78-2	BO072	78	2	a	a	_	_	_	_	_	linguistic	_	ContainsVariation=No	_	_	_	_	_	_
78-3	BO072	78	3	me	me	_	_	_	_	_	linguistic	_	ContainsVariation=No	_	_	_	_	_	_
78-4	BO072	78	4	>non	non	_	_	_	_	_	linguistic	_	ContainsVariation=No	_	_	_	Fast=0-3(0)	_	_
78-5	BO072	78	5	m'	m'	_	_	_	_	_	linguistic	_	ContainsVariation=No	SpaceAfter=No	_	_	Fast=0-2(0)	_	_
78-6	BO072	78	6	(è<	è	_	_	_	_	_	linguistic	_	ContainsVariation=No	_	_	_	Fast=0-1(0)	_	_
78-7	BO072	78	7	mai	mai	_	_	_	_	_	linguistic	_	ContainsVariation=No	_	_	_	_	_	_
78-8	BO072	78	8	piaciuto	piaciuto	_	_	_	_	_	linguistic	_	ContainsVariation=No	_	End=179.22	_	_	_	_
79-0	BO072	79	0	io	io	_	_	_	_	_	linguistic	_	ContainsVariation=No	_	Begin=179.67	_	_	_	_
79-1	BO072	79	1	avrei	avrei	_	_	_	_	_	linguistic	_	ContainsVariation=No	_	_	_	_	_	_
79-2	BO072	79	2	avuto	avuto	_	_	_	_	_	linguistic	_	ContainsVariation=No	_	_	_	_	_	_
79-3	BO072	79	3	sempre	sempre	_	_	_	_	_	linguistic	_	ContainsVariation=No	_	_	_	_	_	_
79-4	BO072	79	4	l'	l'	_	_	_	_	_	linguistic	_	ContainsVariation=No	SpaceAfter=No	_	_	_	_	_
79-5	BO072	79	5	idea	idea	_	_	_	_	_	linguistic	_	ContainsVariation=No	_	_	_	_	_	_
79-6	BO072	79	6	di	di	_	_	_	_	_	linguistic	_	ContainsVariation=No	_	_	_	_	_	_
79-7	BO072	79	7	hemingway	hemingway	_	_	_	_	_	linguistic	_	ContainsVariation=No	_	_	_	_	_	_
79-8	BO072	79	8	come::,	come	_	_	_	_	_	linguistic	_	ContainsVariation=No	Intonation=WeaklyRising	End=182.42	3x2	_	_	_
80-0	BO048	80	0	un	un	_	_	_	_	_	linguistic	_	ContainsVariation=No	_	Begin=183.05	_	_	_	_
80-1	BO048	80	1	americanaccio?	americanaccio	_	_	_	_	_	linguistic	_	ContainsVariation=No	Intonation=Rising	End=183.92	_	_	_	_
81-0	BO072	81	0	no	no	_	_	_	_	_	linguistic	_	ContainsVariation=No	_	Begin=183.96	_	_	_	_
81-1	BO072	81	1	come	come	_	_	_	_	_	linguistic	_	ContainsVariation=No	_	_	_	_	_	_
81-2	BO072	81	2	americanaccio	americanaccio	_	_	_	_	_	linguistic	_	ContainsVariation=No	_	_	_	_	_	_
81-3	BO072	81	3	perché	perché	_	_	_	_	_	linguistic	_	ContainsVariation=No	_	_	_	_	_	_
81-4	BO072	81	4	alla	alla	_	_	_	_	_	linguistic	_	ContainsVariation=No	_	_	_	_	_	_
81-5	BO072	81	5	fine	fine	_	_	_	_	_	linguistic	_	ContainsVariation=No	_	_	_	_	_	_
81-6	BO072	81	6	non	non	_	_	_	_	_	linguistic	_	ContainsVariation=No	_	_	_	_	_	_
81-7	BO072	81	7	era	era	_	_	_	_	_	linguistic	_	ContainsVariation=No	_	_	_	_	_	_
81-8	BO072	81	8	americanaccio	americanaccio	_	_	_	_	_	linguistic	_	ContainsVariation=No	_	_	_	_	_	_
81-9	BO072	81	9	però	però	_	_	_	_	_	linguistic	_	ContainsVariation=No	_	_	_	_	_	_
81-10	BO072	81	10	>coiè<	coiè	_	_	_	_	_	linguistic	_	ContainsVariation=No	_	_	_	Fast=0-4(0)	_	_
81-11	BO072	81	11	era	era	_	_	_	_	_	linguistic	_	ContainsVariation=No	_	_	_	_	_	_
81-12	BO072	81	12	proprio,	proprio	_	_	_	_	_	linguistic	_	ContainsVariation=No	Intonation=WeaklyRising	End=188.122	_	_	_	_
82-0	BO072	82	0	era	era	_	_	_	_	_	linguistic	_	ContainsVariation=No	_	Begin=188.5	_	_	_	_
82-1	BO072	82	1	un	un	_	_	_	_	_	linguistic	_	ContainsVariation=No	_	_	_	_	_	_
82-2	BO072	82	2	uomo	uomo	_	_	_	_	_	linguistic	_	ContainsVariation=No	_	_	_	_	_	_
82-3	BO072	82	3	di	di	_	_	_	_	_	linguistic	_	ContainsVariation=No	_	_	_	_	_	_
82-4	BO072	82	4	altri	altri	_	_	_	_	_	linguistic	_	ContainsVariation=No	_	_	_	_	_	_
82-5	BO072	82	5	tempi.	tempi	_	_	_	_	_	linguistic	_	ContainsVariation=No	Intonation=Falling	End=189.85	_	_	_	_
83-0	BO048	83	0	sì.	sì	_	_	_	_	_	linguistic	_	ContainsVariation=No	Intonation=Falling|PauseAfter=Yes	Begin=190.1	_	_	_	_
83-1	BO048	83	1	(.)	(.)	_	_	_	_	_	shortpause	_	ContainsVariation=No	_	_	_	_	_	_
83-2	BO048	83	2	[di	di	_	_	_	_	_	linguistic	_	ContainsVariation=No	_	_	_	_	_	0-2(16)
83-3	BO048	83	3	brutto].	brutto	_	_	_	_	_	linguistic	_	ContainsVariation=No	Intonation=Falling	End=191.6	_	_	_	0-6(16)
84-0	BO072	84	0	[per	per	_	_	_	_	_	linguistic	_	ContainsVariation=No	_	Begin=190.41	_	_	_	0-3(16)
84-1	BO072	84	1	certi	certi	_	_	_	_	_	linguistic	_	ContainsVariation=No	_	_	_	_	_	0-5(16)
84-2	BO072	84	2	punti	punti	_	_	_	_	_	linguistic	_	ContainsVariation=No	_	_	_	_	_	0-5(16)
84-3	BO072	84	3	di	di	_	_	_	_	_	linguistic	_	ContainsVariation=No	_	_	_	_	_	0-2(16)
84-4	BO072	84	4	vi]sta,	vista	_	_	_	_	_	linguistic	_	ContainsVariation=No	Intonation=WeaklyRising	_	_	_	_	0-2(16)
84-5	BO072	84	5	c'	c'	_	_	_	_	_	linguistic	_	ContainsVariation=No	SpaceAfter=No	_	_	_	_	_
84-6	BO072	84	6	aveva	aveva	_	_	_	_	_	linguistic	_	ContainsVariation=No	_	_	_	_	_	_
84-7	BO072	84	7	una	una	_	_	_	_	_	linguistic	_	ContainsVariation=No	_	_	_	_	_	_
84-8	BO072	84	8	visione	visione	_	_	_	_	_	linguistic	_	ContainsVariation=No	_	_	_	_	_	_
84-9	BO072	84	9	del	del	_	_	_	_	_	linguistic	_	ContainsVariation=No	_	_	_	_	_	_
84-10	BO072	84	10	mondo	mondo	_	_	_	_	_	linguistic	_	ContainsVariation=No	_	_	_	_	_	_
84-11	BO072	84	11	molto	molto	_	_	_	_	_	linguistic	_	ContainsVariation=No	_	_	_	_	_	_
84-12	BO072	84	12	machista	machista	_	_	_	_	_	linguistic	_	ContainsVariation=No	_	_	_	_	_	_
84-13	BO072	84	13	per	per	_	_	_	_	_	linguistic	_	ContainsVariation=No	_	_	_	_	_	_
84-14	BO072	84	14	quanto	quanto	_	_	_	_	_	linguistic	_	ContainsVariation=No	_	_	_	_	_	_
84-15	BO072	84	15	le	le	_	_	_	_	_	linguistic	_	ContainsVariation=No	_	_	_	_	_	_
84-16	BO072	84	16	donne	donne	_	_	_	_	_	linguistic	_	ContainsVariation=No	_	_	_	_	_	_
84-17	BO072	84	17	nei	nei	_	_	_	_	_	linguistic	_	ContainsVariation=No	_	_	_	_	_	_
84-18	BO072	84	18	[suoi	suoi	_	_	_	_	_	linguistic	_	ContainsVariation=No	_	_	_	_	_	0-4(17)
84-19	BO072	84	19	racconti	racconti	_	_	_	_	_	linguistic	_	ContainsVariation=No	_	_	_	_	_	0-8(17)
84-20	BO072	84	20	siano	siano	_	_	_	_	_	linguistic	_	ContainsVariation=No	_	_	_	_	_	0-5(17)
84-21	BO072	84	21	se]mpre	sempre	_	_	_	_	_	linguistic	_	ContainsVariation=No	_	_	_	_	_	0-2(17)
84-22	BO072	84	22	molto	molto	_	_	_	_	_	linguistic	_	ContainsVariation=No	_	_	_	_	_	_
84-23	BO072	84	23	forti	forti	_	_	_	_	_	linguistic	_	ContainsVariation=No	_	End=197.352	_	_	_	_
85-0	BO048	85	0	[di	di	_	_	_	_	_	linguistic	_	ContainsVariation=No	_	Begin=194.9	_	_	_	0-2(17)
85-1	BO048	85	1	brutto]	brutto	_	_	_	_	_	linguistic	_	ContainsVariation=No	_	End=195.8	_	_	_	0-6(17)
86-0	BO071	86	0	forti?	forti	_	_	_	_	_	linguistic	_	ContainsVariation=No	Intonation=Rising	Begin=197.35|End=198.0	_	_	_	_
87-0	BO072	87	0	>cioè<	cioè	_	_	_	_	_	linguistic	_	ContainsVariation=No	_	Begin=198.331	_	Fast=0-4(0)	_	_
87-1	BO072	87	1	[pilar	pilar	_	_	_	_	_	linguistic	_	ContainsVariation=No	_	_	_	_	_	0-5(19)
87-2	BO072	87	2	in	in	_	_	_	_	_	linguistic	_	ContainsVariation=No	_	_	_	_	_	0-2(19)
87-3	BO072	87	3	per	per	_	_	_	_	_	linguistic	_	ContainsVariation=No	_	_	_	_	_	0-3(19)
87-4	BO072	87	4	chi	chi	_	_	_	_	_	linguistic	_	ContainsVariation=No	_	_	_	_	_	0-3(19)
87-5	BO072	87	5	suona	suona	_	_	_	_	_	linguistic	_	ContainsVariation=No	_	_	_	_	_	0-5(19)
87-6	BO072	87	6	la	la	_	_	_	_	_	linguistic	_	ContainsVariation=No	_	_	_	_	_	0-2(19)
87-7	BO072	87	7	campana	campana	_	_	_	_	_	linguistic	_	ContainsVariation=No	_	_	_	_	_	0-7(19)
87-8	BO072	87	8	c'	c'	_	_	_	_	_	linguistic	_	ContainsVariation=No	SpaceAfter=No	_	_	_	_	0-2(19)
87-9	BO072	87	9	ha]	ha	_	_	_	_	_	linguistic	_	ContainsVariation=No	_	_	_	_	_	0-2(19)
87-10	BO072	87	10	[due	due	_	_	_	_	_	linguistic	_	ContainsVariation=No	_	_	_	_	_	0-3(20)
87-11	BO072	87	11	coglioni	coglioni	_	_	_	_	_	linguistic	_	ContainsVariation=No	_	_	_	_	_	0-8(20)
87-12	BO072	87	12	così	così	_	_	_	_	_	linguistic	_	ContainsVariation=No	_	_	_	_	_	0-4(20)
87-13	BO072	87	13	tanto	tanto	_	_	_	_	_	linguistic	_	ContainsVariation=No	_	_	_	_	_	0-5(20)
87-14	BO072	87	14	eh]	eh	_	_	_	_	_	linguistic	_	ContainsVariation=No	_	End=202.293	_	_	_	0-2(20)
88-0	BO048	88	0	[insomma,	insomma	_	_	_	_	_	linguistic	_	ContainsVariation=No	Intonation=WeaklyRising	Begin=198.491	_	_	_	0-7(19)
88-1	BO048	88	1	metà	metà	_	_	_	_	_	linguistic	_	ContainsVariation=No	_	_	_	_	_	0-4(19)
88-2	BO048	88	2	e	e	_	_	_	_	_	linguistic	_	ContainsVariation=No	_	_	_	_	_	0-1(19)
88-3	BO048	88	3	metà]	metà	_	_	_	_	_	linguistic	_	ContainsVariation=No	_	End=200.211	_	_	_	0-4(19)
89-0	BO048	89	0	[sì	sì	_	_	_	_	_	linguistic	_	ContainsVariation=No	_	Begin=200.411	_	_	_	0-2(20)
89-1	BO048	89	1	è	è	_	_	_	_	_	linguistic	_	ContainsVariation=No	_	_	_	_	_	0-1(20)
89-2	BO048	89	2	vero	vero	_	_	_	_	_	linguistic	_	ContainsVariation=No	_	_	_	_	_	0-4(20)
89-3	BO048	89	3	quella	quella	_	_	_	_	_	linguistic	_	ContainsVariation=No	_	_	_	_	_	0-6(20)
89-4	BO048	89	4	c'	c'	_	_	_	_	_	linguistic	_	ContainsVariation=No	SpaceAfter=No	_	_	_	_	0-2(20)
89-5	BO048	89	5	ha	ha	_	_	_	_	_	linguistic	_	ContainsVariation=No	_	_	_	_	_	0-2(20)
89-6	BO048	89	6	proprio]	proprio	_	_	_	_	_	linguistic	_	ContainsVariation=No	_	_	_	_	_	0-7(20)
89-7	BO048	89	7	due	due	_	_	_	_	_	linguistic	_	ContainsVariation=No	_	_	_	_	_	_
89-8	BO048	89	8	coglioni	coglioni	_	_	_	_	_	linguistic	_	ContainsVariation=No	_	End=202.484	_	_	_	_
90-0	BO072	90	0	però	però	_	_	_	_	_	linguistic	_	ContainsVariation=No	_	Begin=202.483	_	_	_	_
90-1	BO072	90	1	>cioè<	cioè	_	_	_	_	_	linguistic	_	ContainsVariation=No	_	_	_	Fast=0-4(0)	_	_
90-2	BO072	90	2	sempre	sempre	_	_	_	_	_	linguistic	_	ContainsVariation=No	_	_	_	_	_	_
90-3	BO072	90	3	quella	quella	_	_	_	_	_	linguistic	_	ContainsVariation=No	_	_	_	_	_	_
90-4	BO072	90	4	visione	visione	_	_	_	_	_	linguistic	_	ContainsVariation=No	_	_	_	_	_	_
90-5	BO072	90	5	del[l'	dell'	_	_	_	_	_	linguistic	_	ContainsVariation=No	SpaceAfter=No	_	_	_	_	3-5(22)
90-6	BO072	90	6	uomo	uomo	_	_	_	_	_	linguistic	_	ContainsVariation=No	_	_	_	_	_	0-4(22)
90-7	BO072	90	7	forte	forte	_	_	_	_	_	linguistic	_	ContainsVariation=No	_	_	_	_	_	0-5(22)
90-8	BO072	90	8	che	che	_	_	_	_	_	linguistic	_	ContainsVariation=No	_	_	_	_	_	0-3(22)
90-9	BO072	90	9	de]ve	deve	_	_	_	_	_	linguistic	_	ContainsVariation=No	_	_	_	_	_	0-2(22)
90-10	BO072	90	10	combattere	combattere	_	_	_	_	_	linguistic	_	ContainsVariation=No	_	_	_	_	_	_
90-11	BO072	90	11	per	per	_	_	_	_	_	linguistic	_	ContainsVariation=No	_	_	_	_	_	_
90-12	BO072	90	12	i	i	_	_	_	_	_	linguistic	_	ContainsVariation=No	_	_	_	_	_	_
90-13	BO072	90	13	propri	propri	_	_	_	_	_	linguistic	_	ContainsVariation=No	_	_	_	_	_	_
90-14	BO072	90	14	principi	principi	_	_	_	_	_	linguistic	_	ContainsVariation=No	_	_	_	_	_	_
90-15	BO072	90	15	e	e	_	_	_	_	_	linguistic	_	ContainsVariation=No	_	_	_	_	_	_
90-16	BO072	90	16	deve	deve	_	_	_	_	_	linguistic	_	ContainsVariation=No	_	_	_	_	_	_
90-17	BO072	90	17	farlo	farlo	_	_	_	_	_	linguistic	_	ContainsVariation=No	_	_	_	_	_	_
90-18	BO072	90	18	anche	anche	_	_	_	_	_	linguistic	_	ContainsVariation=No	_	_	_	_	_	_
90-19	BO072	90	19	a	a	_	_	_	_	_	linguistic	_	ContainsVariation=No	_	_	_	_	_	_
90-20	BO072	90	20	costo	costo	_	_	_	_	_	linguistic	_	ContainsVariation=No	_	_	_	_	_	_
90-21	BO072	90	21	di	di	_	_	_	_	_	linguistic	_	ContainsVariation=No	_	_	_	_	_	_
90-22	BO072	90	22	lasciarci	lasciarci	_	_	_	_	_	linguistic	_	ContainsVariation=No	_	_	_	_	_	_
90-23	BO072	90	23	le	le	_	_	_	_	_	linguistic	_	ContainsVariation=No	_	_	_	_	_	_
90-24	BO072	90	24	penne	penne	_	_	_	_	_	linguistic	_	ContainsVariation=No	_	End=210.823	_	_	_	_
91-0	BO048	91	0	[anche	anche	_	_	_	_	_	linguistic	_	ContainsVariation=No	_	Begin=204.6	_	_	_	0-5(22)
91-1	BO048	91	1	la	la	_	_	_	_	_	linguistic	_	ContainsVariation=No	_	_	_	_	_	0-2(22)
91-2	BO048	91	2	ragazza	ragazza	_	_	_	_	_	linguistic	_	ContainsVariation=No	_	_	_	_	_	0-7(22)
91-3	BO048	91	3	di	di	_	_	_	_	_	linguistic	_	ContainsVariation=No	_	_	_	_	_	0-2(22)
91-4	BO048	91	4	xx]	xx	_	_	_	_	_	unknown	_	ContainsVariation=No	Syllables=2	End=206.07	_	_	_	0-2(22)
92-0	BO072	92	0	perché	perché	_	_	_	_	_	linguistic	_	ContainsVariation=No	_	Begin=210.858	_	_	_	_
92-1	BO072	92	1	vaffanculo	vaffanculo	_	_	_	_	_	linguistic	_	ContainsVariation=No	_	_	_	_	_	_
92-2	BO072	92	2	quella	quella	_	_	_	_	_	linguistic	_	ContainsVariation=No	_	_	_	_	_	_
92-3	BO072	92	3	è	è	_	_	_	_	_	linguistic	_	ContainsVariation=No	_	_	_	_	_	_
92-4	BO072	92	4	la	la	_	_	_	_	_	linguistic	_	ContainsVariation=No	_	_	_	_	_	_
92-5	BO072	92	5	cosa	cosa	_	_	_	_	_	linguistic	_	ContainsVariation=No	_	_	_	_	_	_
92-6	BO072	92	6	importante	importante	_	_	_	_	_	linguistic	_	ContainsVariation=No	_	_	_	_	_	_
92-7	BO072	92	7	nella	nella	_	_	_	_	_	linguistic	_	ContainsVariation=No	_	_	_	_	_	_
92-8	BO072	92	8	vità	vità	_	_	_	_	_	linguistic	_	ContainsVariation=No	_	_	_	_	_	_
92-9	BO072	92	9	ma	ma	_	_	_	_	_	linguistic	_	ContainsVariation=No	_	End=213.911	_	_	_	_
93-0	BO048	93	0	quest'	quest'	_	_	_	_	_	linguistic	_	ContainsVariation=No	SpaceAfter=No	Begin=214.211	_	_	_	_
93-1	BO048	93	1	amore	amore	_	_	_	_	_	linguistic	_	ContainsVariation=No	_	_	_	_	_	_
93-2	BO048	93	2	per	per	_	_	_	_	_	linguistic	_	ContainsVariation=No	_	_	_	_	_	_
93-3	BO048	93	3	la	la	_	_	_	_	_	linguistic	_	ContainsVariation=No	_	_	_	_	_	_
93-4	BO048	93	4	corrida	corrida	_	_	_	_	_	linguistic	_	ContainsVariation=No	_	_	_	_	_	_
93-5	BO048	93	5	che	che	_	_	_	_	_	linguistic	_	ContainsVariation=No	_	End=216.022	_	_	_	_
94-0	BO021	94	0	((ride))	((ride))	_	_	_	_	_	nonverbalbehavior	_	ContainsVariation=No	_	Begin=216.515|End=216.93	_	_	_	_
95-0	BO048	95	0	proprio	proprio	_	_	_	_	_	linguistic	_	ContainsVariation=No	_	Begin=217.411	_	_	_	_
95-1	BO048	95	1	veramen[te]	veramente	_	_	_	_	_	linguistic	_	ContainsVariation=No	_	End=218.6	_	_	_	7-9(23)
96-0	BO072	96	0	[ne]l	nel	_	_	_	_	_	linguistic	_	ContainsVariation=No	_	Begin=218.488	_	_	_	0-2(23)
96-1	BO072	96	1	senso	senso	_	_	_	_	_	linguistic	_	ContainsVariation=No	_	_	_	_	_	_
96-2	BO072	96	2	[bah]	bah	_	_	_	_	_	linguistic	_	ContainsVariation=No	_	End=219.344	_	_	_	0-3(24)
97-0	BO048	97	0	[quello]	quello	_	_	_	_	_	linguistic	_	ContainsVariation=No	_	Begin=219.14	_	_	_	0-6(24)
97-1	BO048	97	1	andava	andava	_	_	_	_	_	linguistic	_	ContainsVariation=No	_	_	_	_	_	_
97-2	BO048	97	2	solo	solo	_	_	_	_	_	linguistic	_	ContainsVariation=No	_	_	_	_	_	_
97-3	BO048	97	3	a	a	_	_	_	_	_	linguistic	_	ContainsVariation=No	_	_	_	_	_	_
97-4	BO048	97	4	corride	corride	_	_	_	_	_	linguistic	_	ContainsVariation=No	_	_	_	_	_	_
97-5	BO048	97	5	nella	nella	_	_	_	_	_	linguistic	_	ContainsVariation=No	_	_	_	_	_	_
97-6	BO048	97	6	sua	sua	_	_	_	_	_	linguistic	_	ContainsVariation=No	_	_	_	_	_	_
97-7	BO048	97	7	vita	vita	_	_	_	_	_	linguistic	_	ContainsVariation=No	_	_	_	_	_	_
97-8	BO048	97	8	e	e	_	_	_	_	_	linguistic	_	ContainsVariation=No	_	_	_	_	_	_
97-9	BO048	97	9	a	a	_	_	_	_	_	linguistic	_	ContainsVariation=No	_	_	_	_	_	_
97-10	BO048	97	10	bere	bere	_	_	_	_	_	linguistic	_	ContainsVariation=No	_	End=221.211	_	_	_	_
98-0	BO072	98	0	>cioè::<	cioè	_	_	_	_	_	linguistic	_	ContainsVariation=No	_	Begin=221.711	3x2	Fast=0-4(0)	_	_
98-1	BO072	98	1	mm	mm	_	_	_	_	_	linguistic	_	ContainsVariation=No	_	_	_	_	_	_
98-2	BO072	98	2	va	va	_	_	_	_	_	linguistic	_	ContainsVariation=No	_	_	_	_	_	_
98-3	BO072	98	3	bene,	bene	_	_	_	_	_	linguistic	_	ContainsVariation=No	Intonation=WeaklyRising	_	_	_	_	_
98-4	BO072	98	4	quello	quello	_	_	_	_	_	linguistic	_	ContainsVariation=No	_	_	_	_	_	_
98-5	BO072	98	5	che	che	_	_	_	_	_	linguistic	_	ContainsVariation=No	_	_	_	_	_	_
98-6	BO072	98	6	vuoi,	vuoi	_	_	_	_	_	linguistic	_	ContainsVariation=No	Intonation=WeaklyRising	_	_	_	_	_
98-7	BO072	98	7	ho	ho	_	_	_	_	_	linguistic	_	ContainsVariation=No	_	_	_	_	_	_
98-8	BO072	98	8	capito	capito	_	_	_	_	_	linguistic	_	ContainsVariation=No	_	_	_	_	_	_
98-9	BO072	98	9	che	che	_	_	_	_	_	linguistic	_	ContainsVariation=No	_	_	_	_	_	_
98-10	BO072	98	10	sei	sei	_	_	_	_	_	linguistic	_	ContainsVariation=No	_	_	_	_	_	_
98-11	BO072	98	11	andato	andato	_	_	_	_	_	linguistic	_	ContainsVariation=No	_	_	_	_	_	_
98-12	BO072	98	12	a	a	_	_	_	_	_	linguistic	_	ContainsVariation=No	_	_	_	_	_	_
98-13	BO072	98	13	fare	fare	_	_	_	_	_	linguistic	_	ContainsVariation=No	_	_	_	_	_	_
98-14	BO072	98	14	la	la	_	_	_	_	_	linguistic	_	ContainsVariation=No	_	_	_	_	_	_
98-15	BO072	98	15	prima	prima	_	_	_	_	_	linguistic	_	ContainsVariation=No	_	_	_	_	_	_
98-16	BO072	98	16	guerra	guerra	_	_	_	_	_	linguistic	_	ContainsVariation=No	_	_	_	_	_	_
98-17	BO072	98	17	mondiale,	mondiale	_	_	_	_	_	linguistic	_	ContainsVariation=No	Intonation=WeaklyRising	_	_	_	_	_
98-18	BO072	98	18	che	che	_	_	_	_	_	linguistic	_	ContainsVariation=No	_	_	_	_	_	_
98-19	BO072	98	19	poi	poi	_	_	_	_	_	linguistic	_	ContainsVariation=No	_	_	_	_	_	_
98-20	BO072	98	20	[sei	sei	_	_	_	_	_	linguistic	_	ContainsVariation=No	_	_	_	_	_	0-3(25)
98-21	BO072	98	21	stato	stato	_	_	_	_	_	linguistic	_	ContainsVariation=No	_	_	_	_	_	0-5(25)
98-22	BO072	98	22	ferito	ferito	_	_	_	_	_	linguistic	_	ContainsVariation=No	_	_	_	_	_	0-6(25)
98-23	BO072	98	23	dopo]	dopo	_	_	_	_	_	linguistic	_	ContainsVariation=No	_	_	_	_	_	0-4(25)
98-24	BO072	98	24	due	due	_	_	_	_	_	linguistic	_	ContainsVariation=No	_	_	_	_	_	_
98-25	BO072	98	25	giorni	giorni	_	_	_	_	_	linguistic	_	ContainsVariation=No	_	_	_	_	_	_
98-26	BO072	98	26	e	e	_	_	_	_	_	linguistic	_	ContainsVariation=No	_	_	_	_	_	_
98-27	BO072	98	27	ti	ti	_	_	_	_	_	linguistic	_	ContainsVariation=No	_	_	_	_	_	_
98-28	BO072	98	28	sei	sei	_	_	_	_	_	linguistic	_	ContainsVariation=No	_	_	_	_	_	_
98-29	BO072	98	29	scopato	scopato	_	_	_	_	_	linguistic	_	ContainsVariation=No	_	_	_	_	_	_
98-30	BO072	98	30	un'	un'	_	_	_	_	_	linguistic	_	ContainsVariation=No	SpaceAfter=No	_	_	_	_	_
98-31	BO072	98	31	infermiera	infermiera	_	_	_	_	_	linguistic	_	ContainsVariation=No	_	_	_	_	_	_
98-32	BO072	98	32	per	per	_	_	_	_	_	linguistic	_	ContainsVariation=No	_	_	_	_	_	_
98-33	BO072	98	33	tutto	tutto	_	_	_	_	_	linguistic	_	ContainsVariation=No	_	_	_	_	_	_
98-34	BO072	98	34	il	il	_	_	_	_	_	linguistic	_	ContainsVariation=No	_	_	_	_	_	_
98-35	BO072	98	35	resto	resto	_	_	_	_	_	linguistic	_	ContainsVariation=No	_	_	_	_	_	_
98-36	BO072	98	36	della	della	_	_	_	_	_	linguistic	_	ContainsVariation=No	_	_	_	_	_	_
98-37	BO072	98	37	guerra,	guerra	_	_	_	_	_	linguistic	_	ContainsVariation=No	Intonation=WeaklyRising	_	_	_	_	_
98-38	BO072	98	38	e	e	_	_	_	_	_	linguistic	_	ContainsVariation=No	_	_	_	_	_	_
98-39	BO072	98	39	va	va	_	_	_	_	_	linguistic	_	ContainsVariation=No	_	_	_	_	_	_
98-40	BO072	98	40	bene,	bene	_	_	_	_	_	linguistic	_	ContainsVariation=No	Intonation=WeaklyRising	End=232.811	_	_	_	_
99-0	BO048	99	0	[eh	eh	_	_	_	_	_	linguistic	_	ContainsVariation=No	_	Begin=228.155	_	_	_	0-2(25)
99-1	BO048	99	1	però:]	però	_	_	_	_	_	linguistic	_	ContainsVariation=No	_	End=228.955	3x1	_	_	0-4(25)
100-0	BO072	100	0	>cioè<	cioè	_	_	_	_	_	linguistic	_	ContainsVariation=No	_	Begin=232.96	_	Fast=0-4(0)	_	_
100-1	BO072	100	1	bella	bella	_	_	_	_	_	linguistic	_	ContainsVariation=No	_	_	_	Slow=0-5(0)	_	_
100-2	BO072	100	2	esperienza	esperienza	_	_	_	_	_	linguistic	_	ContainsVariation=No	_	_	_	Slow=0-10(0)	_	_
100-3	BO072	100	3	tutto	tutto	_	_	_	_	_	linguistic	_	ContainsVariation=No	_	_	_	Slow=0-5(0)	_	_
100-4	BO072	100	4	sommato	sommato	_	_	_	_	_	linguistic	_	ContainsVariation=No	_	_	_	Slow=0-7(0)	_	_
100-5	BO072	100	5	>cioè<	cioè	_	_	_	_	_	linguistic	_	ContainsVariation=No	_	End=234.911	_	Fast=0-4(1)	_	_
101-0	BO048	101	0	è	è	_	_	_	_	_	linguistic	_	ContainsVariation=No	_	Begin=235.13	_	_	_	_
101-1	BO048	101	1	[vero]	vero	_	_	_	_	_	linguistic	_	ContainsVariation=No	_	End=235.89	_	_	_	0-4(26)
102-0	BO072	102	0	[capis]co	capisco	_	_	_	_	_	linguistic	_	ContainsVariation=No	_	Begin=235.588	_	_	_	0-5(26)
102-1	BO072	102	1	anche	anche	_	_	_	_	_	linguistic	_	ContainsVariation=No	_	_	_	_	_	_
102-2	BO072	102	2	que:llo,	quello	_	_	_	_	_	linguistic	_	ContainsVariation=No	Intonation=WeaklyRising	_	2x1	_	_	_
102-3	BO072	102	3	capisco	capisco	_	_	_	_	_	linguistic	_	ContainsVariation=No	_	_	_	_	_	_
102-4	BO072	102	4	un	un	_	_	_	_	_	linguistic	_	ContainsVariation=No	_	_	_	_	_	_
102-5	BO072	102	5	sacco	sacco	_	_	_	_	_	linguistic	_	ContainsVariation=No	_	_	_	_	_	_
102-6	BO072	102	6	di	di	_	_	_	_	_	linguistic	_	ContainsVariation=No	_	_	_	_	_	_
102-7	BO072	102	7	cose,	cose	_	_	_	_	_	linguistic	_	ContainsVariation=No	Intonation=WeaklyRising	_	_	_	_	_
102-8	BO072	102	8	pe:rò:	però	_	_	_	_	_	linguistic	_	ContainsVariation=No	_	_	1x1,3x1	_	_	_
102-9	BO072	102	9	>cioè<	cioè	_	_	_	_	_	linguistic	_	ContainsVariation=No	_	_	_	Fast=0-4(0)	_	_
102-10	BO072	102	10	nel	nel	_	_	_	_	_	linguistic	_	ContainsVariation=No	_	_	_	_	_	_
102-11	BO072	102	11	senso::,	senso	_	_	_	_	_	linguistic	_	ContainsVariation=No	Intonation=WeaklyRising	End=239.9	4x2	_	_	_
103-0	BO072	103	0	fra	fra	_	_	_	_	_	linguistic	_	ContainsVariation=No	_	Begin=240.455	_	_	_	_
103-1	BO072	103	1	i:	i	_	_	_	_	_	linguistic	_	ContainsVariation=No	_	_	0x1	_	_	_
103-2	BO072	103	2	fra	fra	_	_	_	_	_	linguistic	_	ContainsVariation=No	_	_	_	_	_	_
103-3	BO072	103	3	gli	gli	_	_	_	_	_	linguistic	_	ContainsVariation=No	_	_	_	_	_	_
103-4	BO072	103	4	autori	autori	_	_	_	_	_	linguistic	_	ContainsVariation=No	_	_	_	_	_	_
103-5	BO072	103	5	americani	americani	_	_	_	_	_	linguistic	_	ContainsVariation=No	_	_	_	_	_	_
103-6	BO072	103	6	fra	fra	_	_	_	_	_	linguistic	_	ContainsVariation=No	_	_	_	_	_	_
103-7	BO072	103	7	gli	gli	_	_	_	_	_	linguistic	_	ContainsVariation=No	_	_	_	_	_	_
103-8	BO072	103	8	scrittori	scrittori	_	_	_	_	_	linguistic	_	ContainsVariation=No	_	_	_	_	_	_
103-9	BO072	103	9	americani	americani	_	_	_	_	_	linguistic	_	ContainsVariation=No	_	_	_	_	_	_
103-10	BO072	103	10	è	è	_	_	_	_	_	linguistic	_	ContainsVariation=No	_	_	_	_	_	_
103-11	BO072	103	11	proprio	proprio	_	_	_	_	_	linguistic	_	ContainsVariation=No	_	_	_	_	_	_
103-12	BO072	103	12	uno	uno	_	_	_	_	_	linguistic	_	ContainsVariation=No	_	_	_	_	_	_
103-13	BO072	103	13	di	di	_	_	_	_	_	linguistic	_	ContainsVariation=No	_	_	_	_	_	_
103-14	BO072	103	14	quelli	quelli	_	_	_	_	_	linguistic	_	ContainsVariation=No	_	_	_	_	_	_
103-15	BO072	103	15	che:	che	_	_	_	_	_	linguistic	_	ContainsVariation=No	_	_	2x1	_	_	_
103-16	BO072	103	16	>sopporto	sopporto	_	_	_	_	_	linguistic	_	ContainsVariation=No	_	_	_	Fast=0-8(0)	_	_
103-17	BO072	103	17	di	di	_	_	_	_	_	linguistic	_	ContainsVariation=No	_	_	_	Fast=0-2(0)	_	_
103-18	BO072	103	18	meno<	meno	_	_	_	_	_	linguistic	_	ContainsVariation=No	_	End=245.17	_	Fast=0-4(0)	_	_
104-0	BO072	104	0	>cioè<	cioè	_	_	_	_	_	linguistic	_	ContainsVariation=No	_	Begin=245.633	_	Fast=0-4(0)	_	_
104-1	BO072	104	1	tu	tu	_	_	_	_	_	linguistic	_	ContainsVariation=No	_	_	_	_	_	_
104-2	BO072	104	2	piglia	piglia	_	_	_	_	_	linguistic	_	ContainsVariation=No	_	_	_	_	_	_
104-3	BO072	104	3	un	un	_	_	_	_	_	linguistic	_	ContainsVariation=No	_	_	_	_	_	_
104-4	BO072	104	4	miller	miller	_	_	_	_	_	linguistic	_	ContainsVariation=No	_	End=246.866	_	_	_	_
105-0	BO072	105	0	henry	henry	_	_	_	_	_	linguistic	_	ContainsVariation=No	_	Begin=247.344	_	_	_	_
105-1	BO072	105	1	miller.	miller	_	_	_	_	_	linguistic	_	ContainsVariation=No	Intonation=Falling	End=248.08	_	_	_	_
106-0	BO072	106	0	piglia::	piglia	_	_	_	_	_	linguistic	_	ContainsVariation=No	_	Begin=248.211	5x2	_	_	_
106-1	BO072	106	1	un~	un~	_	_	_	_	_	linguistic	_	ContainsVariation=No	Interrupted=Yes|PauseAfter=Yes	_	_	_	_	_
106-2	BO072	106	2	(.)	(.)	_	_	_	_	_	shortpause	_	ContainsVariation=No	_	_	_	_	_	_
106-3	BO072	106	3	un	un	_	_	_	_	_	linguistic	_	ContainsVariation=No	_	_	_	_	_	_
106-4	BO072	106	4	roth	roth	_	_	_	_	_	linguistic	_	ContainsVariation=No	_	_	_	_	_	_
106-5	BO072	106	5	per	per	_	_	_	_	_	linguistic	_	ContainsVariation=No	_	_	_	_	_	_
106-6	BO072	106	6	esempio	esempio	_	_	_	_	_	linguistic	_	ContainsVariation=No	_	End=251.5	_	_	_	_
107-0	BO072	107	0	palahniuk,	palahniuk	_	_	_	_	_	linguistic	_	ContainsVariation=No	Intonation=WeaklyRising	Begin=252.69	_	_	_	_
107-1	BO072	107	1	qualsiasi	qualsiasi	_	_	_	_	_	linguistic	_	ContainsVariation=No	_	_	_	_	_	_
107-2	BO072	107	2	c[osa:],	cosa	_	_	_	_	_	linguistic	_	ContainsVariation=No	Intonation=WeaklyRising	End=254.54	3x1	_	_	1-4(27)
108-0	BO048	108	0	[no],	no	_	_	_	_	_	linguistic	_	ContainsVariation=No	Intonation=WeaklyRising	Begin=253.84	_	_	_	0-2(27)
108-1	BO048	108	1	nun	nun	_	_	_	_	_	linguistic	_	ContainsVariation=No	_	_	_	_	_	_
108-2	BO048	108	2	me	me	_	_	_	_	_	linguistic	_	ContainsVariation=No	_	_	_	_	_	_
108-3	BO048	108	3	piasce	piasce	_	_	_	_	_	linguistic	_	ContainsVariation=No	_	End=254.95	_	_	_	_
109-0	BO048	109	0	a	a	_	_	_	_	_	linguistic	_	ContainsVariation=No	_	Begin=255.23	_	_	_	_
109-1	BO048	109	1	me	me	_	_	_	_	_	linguistic	_	ContainsVariation=No	_	_	_	_	_	_
109-2	BO048	109	2	piace:	piace	_	_	_	_	_	linguistic	_	ContainsVariation=No	_	_	4x1	_	_	_
109-3	BO048	109	3	>paul	paul	_	_	_	_	_	linguistic	_	ContainsVariation=No	_	_	_	Fast=0-4(0)	_	_
109-4	BO048	109	4	auster<	auster	_	_	_	_	_	linguistic	_	ContainsVariation=No	_	End=256.66	_	Fast=0-6(0)	_	_
110-0	BO072	110	0	paul	paul	_	_	_	_	_	linguistic	_	ContainsVariation=No	_	Begin=256.72	_	_	_	_
110-1	BO072	110	1	auster	auster	_	_	_	_	_	linguistic	_	ContainsVariation=No	_	_	_	_	_	_
110-2	BO072	110	2	non	non	_	_	_	_	_	linguistic	_	ContainsVariation=No	_	_	_	_	_	_
110-3	BO072	110	3	lo	lo	_	_	_	_	_	linguistic	_	ContainsVariation=No	_	_	_	_	_	_
110-4	BO072	110	4	conosco	conosco	_	_	_	_	_	linguistic	_	ContainsVariation=No	_	End=258.23	_	_	_	_
111-0	BO072	111	0	che	che	_	_	_	_	_	linguistic	_	ContainsVariation=No	_	Begin=259.05	_	_	_	_
111-1	BO072	111	1	ha	ha	_	_	_	_	_	linguistic	_	ContainsVariation=No	_	_	_	_	_	_
111-2	BO072	111	2	fatto	fatto	_	_	_	_	_	linguistic	_	ContainsVariation=No	_	_	_	_	_	_
111-3	BO072	111	3	lui?	lui	_	_	_	_	_	linguistic	_	ContainsVariation=No	Intonation=Rising	End=260.19	_	_	_	_
112-0	BO048	112	0	allo:::ra,	allora	_	_	_	_	_	linguistic	_	ContainsVariation=No	Intonation=WeaklyRising	Begin=260.48	3x3	_	_	_
112-1	BO048	112	1	tipo	tipo	_	_	_	_	_	linguistic	_	ContainsVariation=No	_	_	_	_	_	_
112-2	BO048	112	2	ver~	ver~	_	_	_	_	_	linguistic	_	ContainsVariation=No	Interrupted=Yes	_	_	_	_	_
112-3	BO048	112	3	mister	mister	_	_	_	_	_	linguistic	_	ContainsVariation=No	_	_	_	_	_	_
112-4	BO048	112	4	vertigo	vertigo	_	_	_	_	_	linguistic	_	ContainsVariation=No	_	End=263.3	_	_	_	_
113-0	BO048	113	0	la	la	_	_	_	_	_	linguistic	_	ContainsVariation=No	_	Begin=263.92	_	_	_	_
113-1	BO048	113	1	trilogia	trilogia	_	_	_	_	_	linguistic	_	ContainsVariation=No	_	_	_	_	_	_
113-2	BO048	113	2	di	di	_	_	_	_	_	linguistic	_	ContainsVariation=No	_	_	_	_	_	_
113-3	BO048	113	3	new	new	_	_	_	_	_	linguistic	_	ContainsVariation=No	_	_	_	_	_	_
113-4	BO048	113	4	york	york	_	_	_	_	_	linguistic	_	ContainsVariation=No	_	End=265.2	_	_	_	_
114-0	BO072	114	0	la	la	_	_	_	_	_	linguistic	_	ContainsVariation=No	_	Begin=265.6	_	_	_	_
114-1	BO072	114	1	trilogia?	trilogia	_	_	_	_	_	linguistic	_	ContainsVariation=No	Intonation=Rising	End=266.55	_	_	_	_
115-0	BO048	115	0	di	di	_	_	_	_	_	linguistic	_	ContainsVariation=No	_	Begin=266.55	_	_	_	_
115-1	BO048	115	1	new	new	_	_	_	_	_	linguistic	_	ContainsVariation=No	_	_	_	_	_	_
115-2	BO048	115	2	york	york	_	_	_	_	_	linguistic	_	ContainsVariation=No	_	End=267.63	_	_	_	_
116-0	BO072	116	0	di	di	_	_	_	_	_	linguistic	_	ContainsVariation=No	_	Begin=267.65	_	_	_	_
116-1	BO072	116	1	new	new	_	_	_	_	_	linguistic	_	ContainsVariation=No	_	_	_	_	_	_
116-2	BO072	116	2	yor~	yor~	_	_	_	_	_	linguistic	_	ContainsVariation=No	Interrupted=Yes	_	_	_	_	_
116-3	BO072	116	3	che?	che	_	_	_	_	_	linguistic	_	ContainsVariation=No	Intonation=Rising	End=268.91	_	_	_	_
117-0	BO048	117	0	new	new	_	_	_	_	_	linguistic	_	ContainsVariation=No	_	Begin=269.51	_	_	_	_
117-1	BO048	117	1	yorcche	yorcche	_	_	_	_	_	linguistic	_	ContainsVariation=No	_	End=270.38	_	_	_	_
118-0	BO021	118	0	scritto	scritto	_	_	_	_	_	linguistic	_	ContainsVariation=No	_	Begin=270.85	_	_	_	_
118-1	BO021	118	1	con	con	_	_	_	_	_	linguistic	_	ContainsVariation=No	_	_	_	_	_	_
118-2	BO021	118	2	ci	ci	_	_	_	_	_	linguistic	_	ContainsVariation=No	_	_	_	_	_	_
118-3	BO021	118	3	acca	acca	_	_	_	_	_	linguistic	_	ContainsVariation=No	_	_	_	_	_	_
118-4	BO021	118	4	((ride))	((ride))	_	_	_	_	_	nonverbalbehavior	_	ContainsVariation=No	_	End=273.51	_	_	_	_
119-0	BO072	119	0	siamo	siamo	_	_	_	_	_	linguistic	_	ContainsVariation=No	_	Begin=273.11	_	_	_	_
119-1	BO072	119	1	a	a	_	_	_	_	_	linguistic	_	ContainsVariation=No	_	_	_	_	_	_
119-2	BO072	119	2	new	new	_	_	_	_	_	linguistic	_	ContainsVariation=No	_	_	_	_	_	_
119-3	BO072	119	3	[yorche]	yorche	_	_	_	_	_	linguistic	_	ContainsVariation=No	_	End=274.17	_	_	_	0-6(29)
120-0	BO048	120	0	[new	new	_	_	_	_	_	linguistic	_	ContainsVariation=No	_	Begin=273.66	_	_	_	0-3(29)
120-1	BO048	120	1	yor]che	yorche	_	_	_	_	_	linguistic	_	ContainsVariation=No	_	End=274.641	_	_	_	0-3(29)
121-0	BO072	121	0	vabbè	vabbè	_	_	_	_	_	linguistic	_	ContainsVariation=No	_	Begin=275.778	_	_	_	_
121-1	BO072	121	1	>cioè<	cioè	_	_	_	_	_	linguistic	_	ContainsVariation=No	_	_	_	Fast=0-4(0)	_	_
121-2	BO072	121	2	io	io	_	_	_	_	_	linguistic	_	ContainsVariation=No	_	_	_	_	_	_
121-3	BO072	121	3	sono	sono	_	_	_	_	_	linguistic	_	ContainsVariation=No	_	_	_	_	_	_
121-4	BO072	121	4	ba:s~	bas~	_	_	_	_	_	linguistic	_	ContainsVariation=No	Interrupted=Yes	_	1x1	_	_	_
121-5	BO072	121	5	sono	sono	_	_	_	_	_	linguistic	_	ContainsVariation=No	_	_	_	_	_	_
121-6	BO072	121	6	in	in	_	_	_	_	_	linguistic	_	ContainsVariation=No	_	_	_	_	_	_
121-7	BO072	121	7	un~	un~	_	_	_	_	_	linguistic	_	ContainsVariation=No	Interrupted=Yes	_	_	_	_	_
121-8	BO072	121	8	(non	non	_	_	_	_	_	linguistic	_	ContainsVariation=No	_	_	_	_	0-3(0)	_
121-9	BO072	121	9	mi	mi	_	_	_	_	_	linguistic	_	ContainsVariation=No	_	_	_	_	0-2(0)	_
121-10	BO072	121	10	va	va	_	_	_	_	_	linguistic	_	ContainsVariation=No	_	_	_	_	0-2(0)	_
121-11	BO072	121	11	di	di	_	_	_	_	_	linguistic	_	ContainsVariation=No	_	_	_	_	0-2(0)	_
121-12	BO072	121	12	giudicare)	giudicare	_	_	_	_	_	linguistic	_	ContainsVariation=No	_	End=277.776	_	_	0-9(0)	_
122-0	BO072	122	0	e	e	_	_	_	_	_	linguistic	_	ContainsVariation=No	_	Begin=278.488	_	_	_	_
122-1	BO072	122	1	non	non	_	_	_	_	_	linguistic	_	ContainsVariation=No	_	_	_	_	_	_
122-2	BO072	122	2	ho	ho	_	_	_	_	_	linguistic	_	ContainsVariation=No	_	_	_	_	_	_
122-3	BO072	122	3	mai	mai	_	_	_	_	_	linguistic	_	ContainsVariation=No	_	_	_	_	_	_
122-4	BO072	122	4	capito	capito	_	_	_	_	_	linguistic	_	ContainsVariation=No	_	_	_	_	_	_
122-5	BO072	122	5	perché	perché	_	_	_	_	_	linguistic	_	ContainsVariation=No	_	_	_	_	_	_
122-6	BO072	122	6	tyler	tyler	_	_	_	_	_	linguistic	_	ContainsVariation=No	_	_	_	_	_	_
122-7	BO072	122	7	durden	durden	_	_	_	_	_	linguistic	_	ContainsVariation=No	_	_	_	_	_	_
122-8	BO072	122	8	in	in	_	_	_	_	_	linguistic	_	ContainsVariation=No	_	_	_	_	_	_
122-9	BO072	122	9	the	the	_	_	_	_	_	linguistic	_	ContainsVariation=No	_	_	_	_	_	_
122-10	BO072	122	10	fight	fight	_	_	_	_	_	linguistic	_	ContainsVariation=No	_	_	_	_	_	_
122-11	BO072	122	11	club	club	_	_	_	_	_	linguistic	_	ContainsVariation=No	_	End=281.318	_	_	_	_
123-0	BO072	123	0	dice	dice	_	_	_	_	_	linguistic	_	ContainsVariation=No	_	Begin=282.026	_	_	_	_
123-1	BO072	123	1	che	che	_	_	_	_	_	linguistic	_	ContainsVariation=No	_	_	_	_	_	_
123-2	BO072	123	2	se	se	_	_	_	_	_	linguistic	_	ContainsVariation=No	_	_	_	_	_	_
123-3	BO072	123	3	c'	c'	_	_	_	_	_	linguistic	_	ContainsVariation=No	SpaceAfter=No	_	_	_	_	_
123-4	BO072	123	4	è	è	_	_	_	_	_	linguistic	_	ContainsVariation=No	_	_	_	_	_	_
123-5	BO072	123	5	uno	uno	_	_	_	_	_	linguistic	_	ContainsVariation=No	_	_	_	_	_	_
123-6	BO072	123	6	srittore~	srittore~	_	_	_	_	_	linguistic	_	ContainsVariation=No	Interrupted=Yes	_	_	_	_	_
123-7	BO072	123	7	un~	un~	_	_	_	_	_	linguistic	_	ContainsVariation=No	Interrupted=Yes	_	_	_	_	_
123-8	BO072	123	8	una	una	_	_	_	_	_	linguistic	_	ContainsVariation=No	_	_	_	_	_	_
123-9	BO072	123	9	personalità	personalità	_	_	_	_	_	linguistic	_	ContainsVariation=No	_	_	_	_	_	_
123-10	BO072	123	10	americana	americana	_	_	_	_	_	linguistic	_	ContainsVariation=No	_	_	_	_	_	_
123-11	BO072	123	11	con	con	_	_	_	_	_	linguistic	_	ContainsVariation=No	_	_	_	_	_	_
123-12	BO072	123	12	cui	cui	_	_	_	_	_	linguistic	_	ContainsVariation=No	_	_	_	_	_	_
123-13	BO072	123	13	vorrebbe	vorrebbe	_	_	_	_	_	linguistic	_	ContainsVariation=No	_	_	_	_	_	_
123-14	BO072	123	14	fare	fare	_	_	_	_	_	linguistic	_	ContainsVariation=No	_	_	_	_	_	_
123-15	BO072	123	15	a	a	_	_	_	_	_	linguistic	_	ContainsVariation=No	_	_	_	_	_	_
123-16	BO072	123	16	pugni	pugni	_	_	_	_	_	linguistic	_	ContainsVariation=No	_	_	_	_	_	_
123-17	BO072	123	17	è	è	_	_	_	_	_	linguistic	_	ContainsVariation=No	_	_	_	_	_	_
123-18	BO072	123	18	proprio	proprio	_	_	_	_	_	linguistic	_	ContainsVariation=No	_	_	_	_	_	_
123-19	BO072	123	19	hemingway	hemingway	_	_	_	_	_	linguistic	_	ContainsVariation=No	_	End=287.51	_	_	_	_
124-0	BO072	124	0	io	io	_	_	_	_	_	linguistic	_	ContainsVariation=No	_	Begin=288.26	_	_	_	_
124-1	BO072	124	1	reputavo	reputavo	_	_	_	_	_	linguistic	_	ContainsVariation=No	_	_	_	_	_	_
124-2	BO072	124	2	[>cioè<]	cioè	_	_	_	_	_	linguistic	_	ContainsVariation=No	_	End=289.57	_	Fast=0-4(0)	_	0-4(30)
125-0	BO071	125	0	[per	per	_	_	_	_	_	linguistic	_	ContainsVariation=No	_	Begin=288.92	_	_	_	0-3(30)
125-1	BO071	125	1	sta	sta	_	_	_	_	_	linguistic	_	ContainsVariation=No	_	_	_	_	_	0-3(30)
125-2	BO071	125	2	cosa]	cosa	_	_	_	_	_	linguistic	_	ContainsVariation=No	_	_	_	_	_	0-4(30)
125-3	BO071	125	3	qua	qua	_	_	_	_	_	linguistic	_	ContainsVariation=No	_	_	_	_	_	_
125-4	BO071	125	4	magari,	magari	_	_	_	_	_	linguistic	_	ContainsVariation=No	Intonation=WeaklyRising	End=290.1	_	_	_	_
126-0	BO072	126	0	che	che	_	_	_	_	_	linguistic	_	ContainsVariation=No	_	Begin=290.11	_	_	_	_
126-1	BO072	126	1	cosa?	cosa	_	_	_	_	_	linguistic	_	ContainsVariation=No	Intonation=Rising	End=290.84	_	_	_	_
127-0	BO071	127	0	cioè	cioè	_	_	_	_	_	linguistic	_	ContainsVariation=No	_	Begin=291.01	_	_	_	_
127-1	BO071	127	1	per	per	_	_	_	_	_	linguistic	_	ContainsVariation=No	_	_	_	_	_	_
127-2	BO071	127	2	la	la	_	_	_	_	_	linguistic	_	ContainsVariation=No	_	_	_	_	_	_
127-3	BO071	127	3	cosa	cosa	_	_	_	_	_	linguistic	_	ContainsVariation=No	_	_	_	_	_	_
127-4	BO071	127	4	che	che	_	_	_	_	_	linguistic	_	ContainsVariation=No	_	_	_	_	_	_
127-5	BO071	127	5	dicevi	dicevi	_	_	_	_	_	linguistic	_	ContainsVariation=No	_	_	_	_	_	_
127-6	BO071	127	6	prima,	prima	_	_	_	_	_	linguistic	_	ContainsVariation=No	Intonation=WeaklyRising	_	_	_	_	_
127-7	BO071	127	7	perché	perché	_	_	_	_	_	linguistic	_	ContainsVariation=No	_	_	_	_	_	_
127-8	BO071	127	8	è~	è~	_	_	_	_	_	linguistic	_	ContainsVariation=No	Interrupted=Yes	_	_	_	_	_
127-9	BO071	127	9	xx	xx	_	_	_	_	_	unknown	_	ContainsVariation=No	Syllables=2	_	_	_	_	_
127-10	BO071	127	10	interpreta	interpreta	_	_	_	_	_	linguistic	_	ContainsVariation=No	_	_	_	_	_	_
127-11	BO071	127	11	sempre	sempre	_	_	_	_	_	linguistic	_	ContainsVariation=No	_	_	_	_	_	_
127-12	BO071	127	12	la	la	_	_	_	_	_	linguistic	_	ContainsVariation=No	_	_	_	_	_	_
127-13	BO071	127	13	figura	figura	_	_	_	_	_	linguistic	_	ContainsVariation=No	_	_	_	_	_	_
127-14	BO071	127	14	del	del	_	_	_	_	_	linguistic	_	ContainsVariation=No	_	_	_	_	_	_
127-15	BO071	127	15	machista	machista	_	_	_	_	_	linguistic	_	ContainsVariation=No	_	_	_	_	_	_
127-16	BO071	127	16	ma	ma	_	_	_	_	_	linguistic	_	ContainsVariation=No	_	_	_	_	_	_
127-17	BO071	127	17	magari	magari	_	_	_	_	_	linguistic	_	ContainsVariation=No	_	_	_	_	_	_
127-18	BO071	127	18	è	è	_	_	_	_	_	linguistic	_	ContainsVariation=No	_	_	_	_	_	_
127-19	BO071	127	19	un	un	_	_	_	_	_	linguistic	_	ContainsVariation=No	_	_	_	_	_	_
127-20	BO071	127	20	po',	po'	_	_	_	_	_	linguistic	_	ContainsVariation=No	Intonation=WeaklyRising	_	_	_	_	_
127-21	BO071	127	21	è	è	_	_	_	_	_	linguistic	_	ContainsVariation=No	_	_	_	_	_	_
127-22	BO071	127	22	velato.	velato	_	_	_	_	_	linguistic	_	ContainsVariation=No	Intonation=Falling	End=296.9	_	_	_	_
128-0	BO072	128	0	ti	ti	_	_	_	_	_	linguistic	_	ContainsVariation=No	_	Begin=296.92	_	_	_	_
128-1	BO072	128	1	pice	pice	_	_	_	_	_	linguistic	_	ContainsVariation=No	_	_	_	_	_	_
128-2	BO072	128	2	la	la	_	_	_	_	_	linguistic	_	ContainsVariation=No	_	_	_	_	_	_
128-3	BO072	128	3	parola	parola	_	_	_	_	_	linguistic	_	ContainsVariation=No	_	_	_	_	_	_
128-4	BO072	128	4	[machista	machista	_	_	_	_	_	linguistic	_	ContainsVariation=No	_	_	_	_	_	0-8(31)
128-5	BO072	128	5	adeso]	adeso	_	_	_	_	_	linguistic	_	ContainsVariation=No	_	_	_	_	_	0-5(31)
128-6	BO072	128	6	eh?	eh	_	_	_	_	_	linguistic	_	ContainsVariation=No	Intonation=Rising	End=298.726	_	_	_	_
129-0	BO071	129	0	[è	è	_	_	_	_	_	linguistic	_	ContainsVariation=No	_	Begin=297.5	_	_	_	0-1(31)
129-1	BO071	129	1	un'	un'	_	_	_	_	_	linguistic	_	ContainsVariation=No	SpaceAfter=No	_	_	_	_	0-3(31)
129-2	BO071	129	2	ipocrisa]	ipocrisa	_	_	_	_	_	linguistic	_	ContainsVariation=No	_	End=298.29	_	_	_	0-8(31)
130-0	BO072	130	0	ieri	ieri	_	_	_	_	_	linguistic	_	ContainsVariation=No	_	Begin=299.35	_	_	_	_
130-1	BO072	130	1	non	non	_	_	_	_	_	linguistic	_	ContainsVariation=No	_	_	_	_	_	_
130-2	BO072	130	2	ci	ci	_	_	_	_	_	linguistic	_	ContainsVariation=No	_	_	_	_	_	_
130-3	BO072	130	3	credevi	credevi	_	_	_	_	_	linguistic	_	ContainsVariation=No	PauseAfter=Yes	_	_	_	_	_
130-4	BO072	130	4	(.)	(.)	_	_	_	_	_	shortpause	_	ContainsVariation=No	_	_	_	_	_	_
130-5	BO072	130	5	mo	mo	_	_	_	_	_	linguistic	_	ContainsVariation=No	_	_	_	_	_	_
130-6	BO072	130	6	tutto	tutto	_	_	_	_	_	linguistic	_	ContainsVariation=No	_	_	_	_	_	_
130-7	BO072	130	7	a	a	_	_	_	_	_	linguistic	_	ContainsVariation=No	_	_	_	_	_	_
130-8	BO072	130	8	un	un	_	_	_	_	_	linguistic	_	ContainsVariation=No	_	_	_	_	_	_
130-9	BO072	130	9	tratto	tratto	_	_	_	_	_	linguistic	_	ContainsVariation=No	_	_	_	_	_	_
130-10	BO072	130	10	ti	ti	_	_	_	_	_	linguistic	_	ContainsVariation=No	_	_	_	_	_	_
130-11	BO072	130	11	piace	piace	_	_	_	_	_	linguistic	_	ContainsVariation=No	_	End=302.38	_	_	_	_
131-0	BO071	131	0	che	che	_	_	_	_	_	linguistic	_	ContainsVariation=No	_	Begin=302.57	_	_	_	_
131-1	BO071	131	1	cosa?	cosa	_	_	_	_	_	linguistic	_	ContainsVariation=No	Intonation=Rising	End=303.31	_	_	_	_
132-0	BO072	132	0	la	la	_	_	_	_	_	linguistic	_	ContainsVariation=No	_	Begin=303.51	_	_	_	_
132-1	BO072	132	1	parola	parola	_	_	_	_	_	linguistic	_	ContainsVariation=No	_	_	_	_	_	_
132-2	BO072	132	2	machista	machista	_	_	_	_	_	linguistic	_	ContainsVariation=No	_	End=304.72	_	_	_	_
133-0	BO071	133	0	a	a	_	_	_	_	_	linguistic	_	ContainsVariation=No	_	Begin=304.74	_	_	_	_
133-1	BO071	133	1	me?	me	_	_	_	_	_	linguistic	_	ContainsVariation=No	Intonation=Rising	_	_	_	_	_
133-2	BO071	133	2	((ride))	((ride))	_	_	_	_	_	nonverbalbehavior	_	ContainsVariation=No	_	End=305.71	_	_	_	_
134-0	BO021	134	0	((ride))	((ride))	_	_	_	_	_	nonverbalbehavior	_	ContainsVariation=No	_	Begin=305.194|End=305.729	_	_	_	_
135-0	BO072	135	0	ieri~	ieri~	_	_	_	_	_	linguistic	_	ContainsVariation=No	Interrupted=Yes	Begin=306.81	_	_	_	_
135-1	BO072	135	1	ieri	ieri	_	_	_	_	_	linguistic	_	ContainsVariation=No	_	_	_	_	_	_
135-2	BO072	135	2	no::,	no	_	_	_	_	_	linguistic	_	ContainsVariation=No	Intonation=WeaklyRising	_	1x2	_	_	_
135-3	BO072	135	3	non	non	_	_	_	_	_	linguistic	_	ContainsVariation=No	_	_	_	_	_	_
135-4	BO072	135	4	esi:ste:	esiste	_	_	_	_	_	linguistic	_	ContainsVariation=No	_	End=308.83	2x1,5x1	_	_	_
136-0	BO071	136	0	no.	no	_	_	_	_	_	linguistic	_	ContainsVariation=No	Intonation=Falling	Begin=309.17|End=309.72	_	_	_	_
137-0	BO072	137	0	e	e	_	_	_	_	_	linguistic	_	ContainsVariation=No	_	Begin=309.71	_	_	_	_
137-1	BO072	137	1	oggi	oggi	_	_	_	_	_	linguistic	_	ContainsVariation=No	_	_	_	_	_	_
137-2	BO072	137	2	invece	invece	_	_	_	_	_	linguistic	_	ContainsVariation=No	_	_	_	_	_	_
137-3	BO072	137	3	machista.	machista	_	_	_	_	_	linguistic	_	ContainsVariation=No	Intonation=Falling	_	_	_	_	_
137-4	BO072	137	4	[veramente:,	veramente	_	_	_	_	_	linguistic	_	ContainsVariation=No	Intonation=WeaklyRising	_	8x1	_	_	0-9(34)
137-5	BO072	137	5	maria]	maria	_	_	_	_	_	linguistic	_	ContainsVariation=No	_	End=312.316	_	_	_	0-5(34)
138-0	BO071	138	0	[non	non	_	_	_	_	_	linguistic	_	ContainsVariation=No	_	Begin=311.05	_	_	_	0-3(34)
138-1	BO071	138	1	ho	ho	_	_	_	_	_	linguistic	_	ContainsVariation=No	_	_	_	_	_	0-2(34)
138-2	BO071	138	2	detto	detto	_	_	_	_	_	linguistic	_	ContainsVariation=No	_	_	_	_	_	0-5(34)
138-3	BO071	138	3	questo]	questo	_	_	_	_	_	linguistic	_	ContainsVariation=No	_	End=312.31	_	_	_	0-6(34)
139-0	BO072	139	0	bra:vo,	bravo	_	_	_	_	_	linguistic	_	ContainsVariation=No	Intonation=WeaklyRising	Begin=313.4	2x1	_	_	_
139-1	BO072	139	1	[bra:vo]	bravo	_	_	_	_	_	linguistic	_	ContainsVariation=No	_	End=314.58	2x1	_	_	0-5(35)
140-0	BO048	140	0	[e	e	_	_	_	_	_	linguistic	_	ContainsVariation=No	_	Begin=313.9	_	_	_	0-1(35)
140-1	BO048	140	1	oggi	oggi	_	_	_	_	_	linguistic	_	ContainsVariation=No	_	_	_	_	_	0-4(35)
140-2	BO048	140	2	so'	so'	_	_	_	_	_	linguistic	_	ContainsVariation=No	Truncated=Yes	_	_	_	_	0-3(35)
140-3	BO048	140	3	tu]tti	tutti	_	_	_	_	_	linguistic	_	ContainsVariation=No	_	_	_	_	_	0-2(35)
140-4	BO048	140	4	machisti	machisti	_	_	_	_	_	linguistic	_	ContainsVariation=No	_	End=315.62	_	_	_	_
141-0	BO072	141	0	tutti	tutti	_	_	_	_	_	linguistic	_	ContainsVariation=No	_	Begin=315.62	_	_	_	_
141-1	BO072	141	1	machisti	machisti	_	_	_	_	_	linguistic	_	ContainsVariation=No	_	End=316.791	_	_	_	_
142-0	BO072	142	0	vabbè,	vabbè	_	_	_	_	_	linguistic	_	ContainsVariation=No	Intonation=WeaklyRising	Begin=317.6	_	_	_	_
142-1	BO072	142	1	io	io	_	_	_	_	_	linguistic	_	ContainsVariation=No	_	_	_	_	_	_
142-2	BO072	142	2	continuo	continuo	_	_	_	_	_	linguistic	_	ContainsVariation=No	_	_	_	_	_	_
142-3	BO072	142	3	la	la	_	_	_	_	_	linguistic	_	ContainsVariation=No	_	_	_	_	_	_
142-4	BO072	142	4	mia::	mia	_	_	_	_	_	linguistic	_	ContainsVariation=No	_	_	2x2	_	_	_
142-5	BO072	142	5	[la	la	_	_	_	_	_	linguistic	_	ContainsVariation=No	_	_	_	_	_	0-2(36)
142-6	BO072	142	6	mia	mia	_	_	_	_	_	linguistic	_	ContainsVariation=No	_	_	_	_	_	0-3(36)
142-7	BO072	142	7	pagliacciata]	pagliacciata	_	_	_	_	_	linguistic	_	ContainsVariation=No	_	End=320.914	_	_	_	0-12(36)
143-0	BO048	143	0	[io	io	_	_	_	_	_	linguistic	_	ContainsVariation=No	_	Begin=319.8	_	_	_	0-2(36)
143-1	BO048	143	1	vado	vado	_	_	_	_	_	linguistic	_	ContainsVariation=No	_	_	_	_	_	0-4(36)
143-2	BO048	143	2	a	a	_	_	_	_	_	linguistic	_	ContainsVariation=No	_	_	_	_	_	0-1(36)
143-3	BO048	143	3	lezione]	lezione	_	_	_	_	_	linguistic	_	ContainsVariation=No	_	End=320.89	_	_	_	0-7(36)
144-0	BO071	144	0	che	che	_	_	_	_	_	linguistic	_	ContainsVariation=No	_	Begin=326.49	_	_	_	_
144-1	BO071	144	1	ppalle	ppalle	_	_	_	_	_	linguistic	_	ContainsVariation=No	_	End=326.991	_	_	_	_
145-0	BO072	145	0	cazzo	cazzo	_	_	_	_	_	linguistic	_	ContainsVariation=No	_	Begin=326.991	_	_	_	_
145-1	BO072	145	1	ridi?	ridi	_	_	_	_	_	linguistic	_	ContainsVariation=No	Intonation=Rising	End=327.81	_	_	_	_
146-0	BO071	146	0	fa	fa	_	_	_	_	_	linguistic	_	ContainsVariation=No	_	Begin=327.82	_	_	_	_
146-1	BO071	146	1	ridere,	ridere	_	_	_	_	_	linguistic	_	ContainsVariation=No	Intonation=WeaklyRising	End=328.33	_	_	_	_
147-0	BO072	147	0	ridi	ridi	_	_	_	_	_	linguistic	_	ContainsVariation=No	_	Begin=328.32	_	_	_	_
147-1	BO072	147	1	[stronzo]	stronzo	_	_	_	_	_	linguistic	_	ContainsVariation=No	_	End=329.21	_	_	_	0-7(38)
148-0	BO021	148	0	[mi	mi	_	_	_	_	_	linguistic	_	ContainsVariation=No	_	Begin=329.07	_	_	_	0-2(38)
148-1	BO021	148	1	volevo]	volevo	_	_	_	_	_	linguistic	_	ContainsVariation=No	_	_	_	_	_	0-6(38)
148-2	BO021	148	2	appoggiare	appoggiare	_	_	_	_	_	linguistic	_	ContainsVariation=No	_	_	_	_	_	_
148-3	BO021	148	3	[su	su	_	_	_	_	_	linguistic	_	ContainsVariation=No	_	_	_	_	_	0-2(39)
148-4	BO021	148	4	di	di	_	_	_	_	_	linguistic	_	ContainsVariation=No	_	_	_	_	_	0-2(39)
148-5	BO021	148	5	te	te	_	_	_	_	_	linguistic	_	ContainsVariation=No	_	_	_	_	_	0-2(39)
148-6	BO021	148	6	un	un	_	_	_	_	_	linguistic	_	ContainsVariation=No	_	_	_	_	_	0-2(39)
148-7	BO021	148	7	att~]	att~	_	_	_	_	_	linguistic	_	ContainsVariation=No	Interrupted=Yes	End=330.79	_	_	_	0-4(39)
149-0	BO048	149	0	[no,	no	_	_	_	_	_	linguistic	_	ContainsVariation=No	Intonation=WeaklyRising	Begin=330.0	_	_	_	0-2(39)
149-1	BO048	149	1	scusa	scusa	_	_	_	_	_	linguistic	_	ContainsVariation=No	_	_	_	_	_	0-5(39)
149-2	BO048	149	2	maria]	maria	_	_	_	_	_	linguistic	_	ContainsVariation=No	_	_	_	_	_	0-5(39)
149-3	BO048	149	3	dammi	dammi	_	_	_	_	_	linguistic	_	ContainsVariation=No	_	_	_	_	_	_
149-4	BO048	149	4	un	un	_	_	_	_	_	linguistic	_	ContainsVariation=No	_	_	_	_	_	_
149-5	BO048	149	5	abbraccio	abbraccio	_	_	_	_	_	linguistic	_	ContainsVariation=No	_	End=331.67	_	_	_	_
150-0	BO071	150	0	prima	prima	_	_	_	_	_	linguistic	_	ContainsVariation=No	_	Begin=336.17	_	_	_	_
150-1	BO071	150	1	o	o	_	_	_	_	_	linguistic	_	ContainsVariation=No	_	_	_	_	_	_
150-2	BO071	150	2	po~	po~	_	_	_	_	_	linguistic	_	ContainsVariation=No	Interrupted=Yes	_	_	_	_	_
150-3	BO071	150	3	prima	prima	_	_	_	_	_	linguistic	_	ContainsVariation=No	_	_	_	_	_	_
150-4	BO071	150	4	o	o	_	_	_	_	_	linguistic	_	ContainsVariation=No	_	_	_	_	_	_
150-5	BO071	150	5	poi	poi	_	_	_	_	_	linguistic	_	ContainsVariation=No	_	_	_	_	_	_
150-6	BO071	150	6	mi~	mi~	_	_	_	_	_	linguistic	_	ContainsVariation=No	Interrupted=Yes	_	_	_	_	_
150-7	BO071	150	7	mi~	mi~	_	_	_	_	_	linguistic	_	ContainsVariation=No	Interrupted=Yes	_	_	_	_	_
150-8	BO071	150	8	[mi	mi	_	_	_	_	_	linguistic	_	ContainsVariation=No	_	_	_	_	_	0-2(74)
150-9	BO071	150	9	stuferò	stuferò	_	_	_	_	_	linguistic	_	ContainsVariation=No	_	_	_	_	_	0-7(74)
150-10	BO071	150	10	delle	delle	_	_	_	_	_	linguistic	_	ContainsVariation=No	_	_	_	_	_	0-5(74)
150-11	BO071	150	11	tue]	tue	_	_	_	_	_	linguistic	_	ContainsVariation=No	_	_	_	_	_	0-3(74)
150-12	BO071	150	12	mistificazioni	mistificazioni	_	_	_	_	_	linguistic	_	ContainsVariation=No	_	_	_	_	_	_
150-13	BO071	150	13	della	della	_	_	_	_	_	linguistic	_	ContainsVariation=No	_	_	_	_	_	_
150-14	BO071	150	14	realtà	realtà	_	_	_	_	_	linguistic	_	ContainsVariation=No	_	End=341.16	_	_	_	_
151-0	BO048	151	0	[senti	senti	_	_	_	_	_	linguistic	_	ContainsVariation=No	_	Begin=338.19	_	_	_	0-5(74)
151-1	BO048	151	1	che	che	_	_	_	_	_	linguistic	_	ContainsVariation=No	_	_	_	_	_	0-3(74)
151-2	BO048	151	2	abbraccio],	abbraccio	_	_	_	_	_	linguistic	_	ContainsVariation=No	Intonation=WeaklyRising	End=339.51	_	_	_	0-9(74)
152-0	BO021	152	0	((ride))	((ride))	_	_	_	_	_	nonverbalbehavior	_	ContainsVariation=No	_	Begin=338.803|End=339.175	_	_	_	_
153-0	BO071	153	0	mi	mi	_	_	_	_	_	linguistic	_	ContainsVariation=No	_	Begin=342.87	_	_	_	_
153-1	BO071	153	1	stuferò	stuferò	_	_	_	_	_	linguistic	_	ContainsVariation=No	_	_	_	_	_	_
153-2	BO071	153	2	delle	delle	_	_	_	_	_	linguistic	_	ContainsVariation=No	_	_	_	_	_	_
153-3	BO071	153	3	tue	tue	_	_	_	_	_	linguistic	_	ContainsVariation=No	_	_	_	_	_	_
153-4	BO071	153	4	modificazioni	modificazioni	_	_	_	_	_	linguistic	_	ContainsVariation=No	_	_	_	_	_	_
153-5	BO071	153	5	della	della	_	_	_	_	_	linguistic	_	ContainsVariation=No	_	_	_	_	_	_
153-6	BO071	153	6	realtà	realtà	_	_	_	_	_	linguistic	_	ContainsVariation=No	_	_	_	_	_	_
153-7	BO071	153	7	mistificatore	mistificatore	_	_	_	_	_	linguistic	_	ContainsVariation=No	_	_	_	_	_	_
153-8	BO071	153	8	che	che	_	_	_	_	_	linguistic	_	ContainsVariation=No	_	_	_	_	_	_
153-9	BO071	153	9	non	non	_	_	_	_	_	linguistic	_	ContainsVariation=No	_	_	_	_	_	_
153-10	BO071	153	10	sei	sei	_	_	_	_	_	linguistic	_	ContainsVariation=No	_	_	_	_	_	_
153-11	BO071	153	11	altro	altro	_	_	_	_	_	linguistic	_	ContainsVariation=No	_	End=346.7	_	_	_	_
154-0	BO072	154	0	mistificatore?	mistificatore	_	_	_	_	_	linguistic	_	ContainsVariation=No	Intonation=Rising	Begin=347.16	_	_	_	_
154-1	BO072	154	1	bello	bello	_	_	_	_	_	linguistic	_	ContainsVariation=No	PauseAfter=Yes	_	_	_	_	_
154-2	BO072	154	2	(.)	(.)	_	_	_	_	_	shortpause	_	ContainsVariation=No	_	_	_	_	_	_
154-3	BO072	154	3	io	io	_	_	_	_	_	linguistic	_	ContainsVariation=No	_	_	_	_	_	_
154-4	BO072	154	4	l'	l'	_	_	_	_	_	linguistic	_	ContainsVariation=No	SpaceAfter=No	_	_	_	_	_
154-5	BO072	154	5	ho	ho	_	_	_	_	_	linguistic	_	ContainsVariation=No	_	_	_	_	_	_
154-6	BO072	154	6	già	già	_	_	_	_	_	linguistic	_	ContainsVariation=No	_	_	_	_	_	_
154-7	BO072	154	7	detto,	detto	_	_	_	_	_	linguistic	_	ContainsVariation=No	Intonation=WeaklyRising	_	_	_	_	_
154-8	BO072	154	8	dopo	dopo	_	_	_	_	_	linguistic	_	ContainsVariation=No	_	_	_	_	_	_
154-9	BO072	154	9	la	la	_	_	_	_	_	linguistic	_	ContainsVariation=No	_	_	_	_	_	_
154-10	BO072	154	10	laurea	laurea	_	_	_	_	_	linguistic	_	ContainsVariation=No	_	_	_	_	_	_
154-11	BO072	154	11	voglio	voglio	_	_	_	_	_	linguistic	_	ContainsVariation=No	_	_	_	_	_	_
154-12	BO072	154	12	fare	fare	_	_	_	_	_	linguistic	_	ContainsVariation=No	_	_	_	_	_	_
154-13	BO072	154	13	il	il	_	_	_	_	_	linguistic	_	ContainsVariation=No	_	_	_	_	_	_
154-14	BO072	154	14	profeta	profeta	_	_	_	_	_	linguistic	_	ContainsVariation=No	_	End=351.16	_	_	_	_
155-0	BO048	155	0	pagano	pagano	_	_	_	_	_	linguistic	_	ContainsVariation=No	_	Begin=352.85	_	_	_	_
155-1	BO048	155	1	bene	bene	_	_	_	_	_	linguistic	_	ContainsVariation=No	_	End=353.91	_	_	_	_
156-0	BO072	156	0	minchia	minchia	_	_	_	_	_	linguistic	_	ContainsVariation=No	_	Begin=354.49	_	_	_	_
156-1	BO072	156	1	se	se	_	_	_	_	_	linguistic	_	ContainsVariation=No	_	_	_	_	_	_
156-2	BO072	156	2	riesci	riesci	_	_	_	_	_	linguistic	_	ContainsVariation=No	_	_	_	_	_	_
156-3	BO072	156	3	a	a	_	_	_	_	_	linguistic	_	ContainsVariation=No	_	_	_	_	_	_
156-4	BO072	156	4	farti	farti	_	_	_	_	_	linguistic	_	ContainsVariation=No	_	_	_	_	_	_
156-5	BO072	156	5	e::	e	_	_	_	_	_	linguistic	_	ContainsVariation=No	_	End=356.45	0x2	_	_	_
157-0	BO071	157	0	l'	l'	_	_	_	_	_	linguistic	_	ContainsVariation=No	SpaceAfter=No	Begin=356.68	_	_	_	_
157-1	BO071	157	1	agenzia	agenzia	_	_	_	_	_	linguistic	_	ContainsVariation=No	_	_	_	_	_	_
157-2	BO071	157	2	di	di	_	_	_	_	_	linguistic	_	ContainsVariation=No	_	_	_	_	_	_
157-3	BO071	157	3	profeti	profeti	_	_	_	_	_	linguistic	_	ContainsVariation=No	_	_	_	_	_	_
157-4	BO071	157	4	io	io	_	_	_	_	_	linguistic	_	ContainsVariation=No	_	_	_	_	_	_
157-5	BO071	157	5	non	non	_	_	_	_	_	linguistic	_	ContainsVariation=No	_	_	_	_	_	_
157-6	BO071	157	6	l'	l'	_	_	_	_	_	linguistic	_	ContainsVariation=No	SpaceAfter=No	_	_	_	_	_
157-7	BO071	157	7	ho	ho	_	_	_	_	_	linguistic	_	ContainsVariation=No	_	_	_	_	_	_
157-8	BO071	157	8	ancora	ancora	_	_	_	_	_	linguistic	_	ContainsVariation=No	_	_	_	_	_	_
157-9	BO071	157	9	trova[ta]	trovata	_	_	_	_	_	linguistic	_	ContainsVariation=No	_	End=359.31	_	_	_	3-6(40)
158-0	BO072	158	0	[quando]	quando	_	_	_	_	_	linguistic	_	ContainsVariation=No	_	Begin=358.7	_	_	_	0-6(40)
158-1	BO072	158	1	mando	mando	_	_	_	_	_	linguistic	_	ContainsVariation=No	_	_	_	_	_	_
158-2	BO072	158	2	il	il	_	_	_	_	_	linguistic	_	ContainsVariation=No	_	_	_	_	_	_
158-3	BO072	158	3	curriculum	curriculum	_	_	_	_	_	linguistic	_	ContainsVariation=No	_	_	_	_	_	_
158-4	BO072	158	4	vita	vita	_	_	_	_	_	linguistic	_	ContainsVariation=No	_	_	_	_	_	_
158-5	BO072	158	5	a	a	_	_	_	_	_	linguistic	_	ContainsVariation=No	_	_	_	_	_	_
158-6	BO072	158	6	kim	kim	_	_	_	_	_	linguistic	_	ContainsVariation=No	_	_	_	_	_	_
158-7	BO072	158	7	jong	jong	_	_	_	_	_	linguistic	_	ContainsVariation=No	_	_	_	_	_	_
158-8	BO072	158	8	un	un	_	_	_	_	_	linguistic	_	ContainsVariation=No	_	End=360.78	_	_	_	_
159-0	BO071	159	0	perché?	perché	_	_	_	_	_	linguistic	_	ContainsVariation=No	Intonation=Rising	Begin=360.87|End=361.74	_	_	_	_
160-0	BO021	160	0	((ride))	((ride))	_	_	_	_	_	nonverbalbehavior	_	ContainsVariation=No	_	Begin=361.496|End=361.909	_	_	_	_
161-0	BO048	161	0	oh	oh	_	_	_	_	_	linguistic	_	ContainsVariation=No	_	Begin=361.98	_	_	_	_
161-1	BO048	161	1	no	no	_	_	_	_	_	linguistic	_	ContainsVariation=No	_	End=362.59	_	_	_	_
162-0	BO048	162	0	viva	viva	_	_	_	_	_	linguistic	_	ContainsVariation=No	_	Begin=364.81	_	_	_	_
162-1	BO048	162	1	le	le	_	_	_	_	_	linguistic	_	ContainsVariation=No	_	_	_	_	_	_
162-2	BO048	162	2	basse	basse	_	_	_	_	_	linguistic	_	ContainsVariation=No	_	_	_	_	_	_
162-3	BO048	162	3	aspirazioni	aspirazioni	_	_	_	_	_	linguistic	_	ContainsVariation=No	_	_	_	_	_	_
162-4	BO048	162	4	>cioè<	cioè	_	_	_	_	_	linguistic	_	ContainsVariation=No	_	End=367.21	_	Fast=0-4(0)	_	_
163-0	BO072	163	0	voglio	voglio	_	_	_	_	_	linguistic	_	ContainsVariation=No	_	Begin=367.72	_	_	_	_
163-1	BO072	163	1	andare	andare	_	_	_	_	_	linguistic	_	ContainsVariation=No	_	_	_	_	_	_
163-2	BO072	163	2	a	a	_	_	_	_	_	linguistic	_	ContainsVariation=No	_	_	_	_	_	_
163-3	BO072	163	3	vivere	vivere	_	_	_	_	_	linguistic	_	ContainsVariation=No	_	_	_	_	_	_
163-4	BO072	163	4	a	a	_	_	_	_	_	linguistic	_	ContainsVariation=No	_	_	_	_	_	_
163-5	BO072	163	5	pyongyang.	pyongyang	_	_	_	_	_	linguistic	_	ContainsVariation=No	Intonation=Falling	_	_	_	_	_
163-6	BO072	163	6	vaffanculo	vaffanculo	_	_	_	_	_	linguistic	_	ContainsVariation=No	_	End=370.26	_	_	_	_
164-0	BO072	164	0	mammami'	mammami'	_	_	_	_	_	linguistic	_	ContainsVariation=No	Truncated=Yes	Begin=370.87|End=371.73	_	_	_	_
165-0	BO072	165	0	il	il	_	_	_	_	_	linguistic	_	ContainsVariation=No	_	Begin=371.97	_	_	_	_
165-1	BO072	165	1	mio	mio	_	_	_	_	_	linguistic	_	ContainsVariation=No	_	_	_	_	_	_
165-2	BO072	165	2	sogno	sogno	_	_	_	_	_	linguistic	_	ContainsVariation=No	PauseAfter=Yes	_	_	_	_	_
165-3	BO072	165	3	(.)	(.)	_	_	_	_	_	shortpause	_	ContainsVariation=No	_	_	_	_	_	_
165-4	BO072	165	4	nessuno	nessuno	_	_	_	_	_	linguistic	_	ContainsVariation=No	_	_	_	_	_	_
165-5	BO072	165	5	che	che	_	_	_	_	_	linguistic	_	ContainsVariation=No	_	_	_	_	_	_
165-6	BO072	165	6	rompe	rompe	_	_	_	_	_	linguistic	_	ContainsVariation=No	_	_	_	_	_	_
165-7	BO072	165	7	i	i	_	_	_	_	_	linguistic	_	ContainsVariation=No	_	_	_	_	_	_
165-8	BO072	165	8	coglioni,	coglioni	_	_	_	_	_	linguistic	_	ContainsVariation=No	Intonation=WeaklyRising	End=374.56	_	_	_	_
166-0	BO071	166	0	che	che	_	_	_	_	_	linguistic	_	ContainsVariation=No	_	Begin=374.63	_	_	_	_
166-1	BO071	166	1	poi	poi	_	_	_	_	_	linguistic	_	ContainsVariation=No	_	_	_	_	_	_
166-2	BO071	166	2	dicono	dicono	_	_	_	_	_	linguistic	_	ContainsVariation=No	_	_	_	_	_	_
166-3	BO071	166	3	di	di	_	_	_	_	_	linguistic	_	ContainsVariation=No	_	_	_	_	_	_
166-4	BO071	166	4	te	te	_	_	_	_	_	linguistic	_	ContainsVariation=No	_	_	_	_	_	_
166-5	BO071	166	5	che	che	_	_	_	_	_	linguistic	_	ContainsVariation=No	_	_	_	_	_	_
166-6	BO071	166	6	non	non	_	_	_	_	_	linguistic	_	ContainsVariation=No	_	_	_	_	_	_
166-7	BO071	166	7	caghi	caghi	_	_	_	_	_	linguistic	_	ContainsVariation=No	_	_	_	_	_	_
166-8	BO071	166	8	proprio	proprio	_	_	_	_	_	linguistic	_	ContainsVariation=No	_	End=376.31	_	_	_	_
167-0	BO072	167	0	perché?	perché	_	_	_	_	_	linguistic	_	ContainsVariation=No	Intonation=Rising	Begin=377.1|End=377.76	_	_	_	_
168-0	BO071	168	0	come:,	come	_	_	_	_	_	linguistic	_	ContainsVariation=No	Intonation=WeaklyRising	Begin=377.82	3x1	_	_	_
168-1	BO071	168	1	di	di	_	_	_	_	_	linguistic	_	ContainsVariation=No	_	_	_	_	_	_
168-2	BO071	168	2	kim	kim	_	_	_	_	_	linguistic	_	ContainsVariation=No	_	_	_	_	_	_
168-3	BO071	168	3	jong	jong	_	_	_	_	_	linguistic	_	ContainsVariation=No	_	_	_	_	_	_
168-4	BO071	168	4	un	un	_	_	_	_	_	linguistic	_	ContainsVariation=No	_	_	_	_	_	_
168-5	BO071	168	5	di~	di~	_	_	_	_	_	linguistic	_	ContainsVariation=No	Interrupted=Yes	_	_	_	_	_
168-6	BO071	168	6	>cioécioè<	cioécioè	_	_	_	_	_	linguistic	_	ContainsVariation=No	_	_	_	Fast=0-8(0)	_	_
168-7	BO071	168	7	per	per	_	_	_	_	_	linguistic	_	ContainsVariation=No	_	_	_	_	_	_
168-8	BO071	168	8	sta	sta	_	_	_	_	_	linguistic	_	ContainsVariation=No	_	_	_	_	_	_
168-9	BO071	168	9	gente	gente	_	_	_	_	_	linguistic	_	ContainsVariation=No	_	_	_	_	_	_
168-10	BO071	168	10	e	e	_	_	_	_	_	linguistic	_	ContainsVariation=No	_	_	_	_	_	_
168-11	BO071	168	11	osannarlo	osannarlo	_	_	_	_	_	linguistic	_	ContainsVariation=No	_	_	_	_	_	_
168-12	BO071	168	12	ancora	ancora	_	_	_	_	_	linguistic	_	ContainsVariation=No	_	_	_	_	_	_
168-13	BO071	168	13	di	di	_	_	_	_	_	linguistic	_	ContainsVariation=No	_	_	_	_	_	_
168-14	BO071	168	14	più	più	_	_	_	_	_	linguistic	_	ContainsVariation=No	_	_	_	_	_	_
168-15	BO071	168	15	e	e	_	_	_	_	_	linguistic	_	ContainsVariation=No	_	_	_	_	_	_
168-16	BO071	168	16	elevarlo	elevarlo	_	_	_	_	_	linguistic	_	ContainsVariation=No	_	_	_	_	_	_
168-17	BO071	168	17	al	al	_	_	_	_	_	linguistic	_	ContainsVariation=No	_	_	_	_	_	_
168-18	BO071	168	18	grado	grado	_	_	_	_	_	linguistic	_	ContainsVariation=No	_	_	_	_	_	_
168-19	BO071	168	19	di	di	_	_	_	_	_	linguistic	_	ContainsVariation=No	_	_	_	_	_	_
168-20	BO071	168	20	divinità	divinità	_	_	_	_	_	linguistic	_	ContainsVariation=No	_	_	_	_	_	_
168-21	BO071	168	21	di	di	_	_	_	_	_	linguistic	_	ContainsVariation=No	_	_	_	_	_	_
168-22	BO071	168	22	tutta	tutta	_	_	_	_	_	linguistic	_	ContainsVariation=No	_	_	_	_	_	_
168-23	BO071	168	23	[quanta	quanta	_	_	_	_	_	linguistic	_	ContainsVariation=No	_	_	_	_	_	0-6(42)
168-24	BO071	168	24	la	la	_	_	_	_	_	linguistic	_	ContainsVariation=No	_	_	_	_	_	0-2(42)
168-25	BO071	168	25	classe	classe	_	_	_	_	_	linguistic	_	ContainsVariation=No	_	_	_	_	_	0-6(42)
168-26	BO071	168	26	reale]	reale	_	_	_	_	_	linguistic	_	ContainsVariation=No	_	End=386.295	_	_	_	0-5(42)
169-0	BO021	169	0	[ci	ci	_	_	_	_	_	linguistic	_	ContainsVariation=No	_	Begin=384.82	_	_	_	0-2(42)
169-1	BO021	169	1	sono	sono	_	_	_	_	_	linguistic	_	ContainsVariation=No	_	_	_	_	_	0-4(42)
169-2	BO021	169	2	ancora	ancora	_	_	_	_	_	linguistic	_	ContainsVariation=No	_	_	_	_	_	0-6(42)
169-3	BO021	169	3	delle	delle	_	_	_	_	_	linguistic	_	ContainsVariation=No	_	_	_	_	_	0-5(42)
169-4	BO021	169	4	patatine]	patatine	_	_	_	_	_	linguistic	_	ContainsVariation=No	_	_	_	_	_	0-8(42)
169-5	BO021	169	5	ali,	ali	_	_	_	_	_	linguistic	_	ContainsVariation=No	Intonation=WeaklyRising	End=386.79	_	_	_	_
170-0	BO048	170	0	le	le	_	_	_	_	_	linguistic	_	ContainsVariation=No	_	Begin=386.74	_	_	_	_
170-1	BO048	170	1	butto	butto	_	_	_	_	_	linguistic	_	ContainsVariation=No	_	_	_	_	_	_
170-2	BO048	170	2	[eh]	eh	_	_	_	_	_	linguistic	_	ContainsVariation=No	_	End=387.47	_	_	_	0-2(44)
171-0	BO021	171	0	[no]	no	_	_	_	_	_	linguistic	_	ContainsVariation=No	_	Begin=387.26	_	_	_	0-2(44)
171-1	BO021	171	1	non	non	_	_	_	_	_	linguistic	_	ContainsVariation=No	_	_	_	_	_	_
171-2	BO021	171	2	le	le	_	_	_	_	_	linguistic	_	ContainsVariation=No	_	_	_	_	_	_
171-3	BO021	171	3	buttare	buttare	_	_	_	_	_	linguistic	_	ContainsVariation=No	_	End=388.75	_	_	_	_
172-0	BO048	172	0	no	no	_	_	_	_	_	linguistic	_	ContainsVariation=No	_	Begin=388.76	_	_	_	_
172-1	BO048	172	1	non	non	_	_	_	_	_	linguistic	_	ContainsVariation=No	_	_	_	_	_	_
172-2	BO048	172	2	me	me	_	_	_	_	_	linguistic	_	ContainsVariation=No	_	_	_	_	_	_
172-3	BO048	172	3	ne	ne	_	_	_	_	_	linguistic	_	ContainsVariation=No	_	_	_	_	_	_
172-4	BO048	172	4	frega	frega	_	_	_	_	_	linguistic	_	ContainsVariation=No	_	_	_	_	_	_
172-5	BO048	172	5	un	un	_	_	_	_	_	linguistic	_	ContainsVariation=No	_	_	_	_	_	_
172-6	BO048	172	6	cazzo	cazzo	_	_	_	_	_	linguistic	_	ContainsVariation=No	_	End=389.71	_	_	_	_
173-0	BO021	173	0	ma	ma	_	_	_	_	_	linguistic	_	ContainsVariation=No	_	Begin=389.84	_	_	_	_
173-1	BO021	173	1	io	io	_	_	_	_	_	linguistic	_	ContainsVariation=No	_	_	_	_	_	_
173-2	BO021	173	2	non	non	_	_	_	_	_	linguistic	_	ContainsVariation=No	_	_	_	_	_	_
173-3	BO021	173	3	riesco	riesco	_	_	_	_	_	linguistic	_	ContainsVariation=No	_	_	_	_	_	_
173-4	BO021	173	4	a	a	_	_	_	_	_	linguistic	_	ContainsVariation=No	_	_	_	_	_	_
173-5	BO021	173	5	mangiarle	mangiarle	_	_	_	_	_	linguistic	_	ContainsVariation=No	_	_	_	_	_	_
173-6	BO021	173	6	ora	ora	_	_	_	_	_	linguistic	_	ContainsVariation=No	_	End=392.11	_	_	_	_
174-0	BO048	174	0	le	le	_	_	_	_	_	linguistic	_	ContainsVariation=No	_	Begin=392.47	_	_	_	_
174-1	BO048	174	1	butto	butto	_	_	_	_	_	linguistic	_	ContainsVariation=No	_	_	_	_	_	_
174-2	BO048	174	2	eh	eh	_	_	_	_	_	linguistic	_	ContainsVariation=No	_	End=393.71	_	_	_	_
175-0	BO021	175	0	no	no	_	_	_	_	_	linguistic	_	ContainsVariation=No	_	Begin=393.76	_	_	_	_
175-1	BO021	175	1	ali	ali	_	_	_	_	_	linguistic	_	ContainsVariation=No	_	_	_	_	_	_
175-2	BO021	175	2	non	non	_	_	_	_	_	linguistic	_	ContainsVariation=No	_	_	_	_	_	_
175-3	BO021	175	3	le	le	_	_	_	_	_	linguistic	_	ContainsVariation=No	_	_	_	_	_	_
175-4	BO021	175	4	buttare	buttare	_	_	_	_	_	linguistic	_	ContainsVariation=No	_	_	_	_	_	_
175-5	BO021	175	5	non	non	_	_	_	_	_	linguistic	_	ContainsVariation=No	_	_	_	_	_	_
175-6	BO021	175	6	le	le	_	_	_	_	_	linguistic	_	ContainsVariation=No	_	_	_	_	_	_
175-7	BO021	175	7	butt~	butt~	_	_	_	_	_	linguistic	_	ContainsVariation=No	Interrupted=Yes	End=395.742	_	_	_	_
176-0	BO072	176	0	fra	fra	_	_	_	_	_	linguistic	_	ContainsVariation=No	_	Begin=395.742	_	_	_	_
176-1	BO072	176	1	le	le	_	_	_	_	_	linguistic	_	ContainsVariation=No	_	_	_	_	_	_
176-2	BO072	176	2	cose	cose	_	_	_	_	_	linguistic	_	ContainsVariation=No	_	_	_	_	_	_
176-3	BO072	176	3	più	più	_	_	_	_	_	linguistic	_	ContainsVariation=No	_	_	_	_	_	_
176-4	BO072	176	4	importanti:,	importanti	_	_	_	_	_	linguistic	_	ContainsVariation=No	Intonation=WeaklyRising	_	9x1	_	_	_
176-5	BO072	176	5	fra	fra	_	_	_	_	_	linguistic	_	ContainsVariation=No	_	_	_	_	_	_
176-6	BO072	176	6	le	le	_	_	_	_	_	linguistic	_	ContainsVariation=No	_	_	_	_	_	_
176-7	BO072	176	7	cose	cose	_	_	_	_	_	linguistic	_	ContainsVariation=No	_	_	_	_	_	_
176-8	BO072	176	8	più	più	_	_	_	_	_	linguistic	_	ContainsVariation=No	_	_	_	_	_	_
176-9	BO072	176	9	importanti	importanti	_	_	_	_	_	linguistic	_	ContainsVariation=No	_	_	_	_	_	_
176-10	BO072	176	10	del	del	_	_	_	_	_	linguistic	_	ContainsVariation=No	_	_	_	_	_	_
176-11	BO072	176	11	mondo	mondo	_	_	_	_	_	linguistic	_	ContainsVariation=No	_	_	_	_	_	_
176-12	BO072	176	12	c'	c'	_	_	_	_	_	linguistic	_	ContainsVariation=No	SpaceAfter=No	_	_	_	_	_
176-13	BO072	176	13	è	è	_	_	_	_	_	linguistic	_	ContainsVariation=No	_	_	_	_	_	_
176-14	BO072	176	14	la	la	_	_	_	_	_	linguistic	_	ContainsVariation=No	_	_	_	_	_	_
176-15	BO072	176	15	faccenda	faccenda	_	_	_	_	_	linguistic	_	ContainsVariation=No	_	_	_	_	_	_
176-16	BO072	176	16	di	di	_	_	_	_	_	linguistic	_	ContainsVariation=No	_	_	_	_	_	_
176-17	BO072	176	17	xx	xx	_	_	_	_	_	unknown	_	ContainsVariation=No	Syllables=2	_	_	_	_	_
176-18	BO072	176	18	e	e	_	_	_	_	_	linguistic	_	ContainsVariation=No	_	_	_	_	_	_
176-19	BO072	176	19	la	la	_	_	_	_	_	linguistic	_	ContainsVariation=No	_	_	_	_	_	_
176-20	BO072	176	20	faccia	faccia	_	_	_	_	_	linguistic	_	ContainsVariation=No	_	_	_	_	_	_
176-21	BO072	176	21	di	di	_	_	_	_	_	linguistic	_	ContainsVariation=No	_	_	_	_	_	_
176-22	BO072	176	22	kim	kim	_	_	_	_	_	linguistic	_	ContainsVariation=No	_	_	_	_	_	_
176-23	BO072	176	23	jong	jong	_	_	_	_	_	linguistic	_	ContainsVariation=No	_	_	_	_	_	_
176-24	BO072	176	24	un	un	_	_	_	_	_	linguistic	_	ContainsVariation=No	_	End=400.83	_	_	_	_
177-0	BO071	177	0	merda	merda	_	_	_	_	_	linguistic	_	ContainsVariation=No	_	Begin=401.0	_	_	_	_
177-1	BO071	177	1	[eh	eh	_	_	_	_	_	linguistic	_	ContainsVariation=No	_	_	_	_	_	0-2(45)
177-2	BO071	177	2	quel	quel	_	_	_	_	_	linguistic	_	ContainsVariation=No	_	_	_	_	_	0-4(45)
177-3	BO071	177	3	ta~	ta~	_	_	_	_	_	linguistic	_	ContainsVariation=No	Interrupted=Yes	_	_	_	_	0-3(45)
177-4	BO071	177	4	quel	quel	_	_	_	_	_	linguistic	_	ContainsVariation=No	_	_	_	_	_	0-4(45)
177-5	BO071	177	5	taglio	taglio	_	_	_	_	_	linguistic	_	ContainsVariation=No	_	_	_	_	_	0-6(45)
177-6	BO071	177	6	lì	lì	_	_	_	_	_	linguistic	_	ContainsVariation=No	_	_	_	_	_	0-2(45)
177-7	BO071	177	7	quanto	quanto	_	_	_	_	_	linguistic	_	ContainsVariation=No	_	_	_	_	_	0-6(45)
177-8	BO071	177	8	è][opinabile]?	èopinabile	_	_	_	_	_	linguistic	_	ContainsVariation=No	Intonation=Rising	_	_	_	_	0-1(45),1-10(46)
177-9	BO071	177	9	e~	e~	_	_	_	_	_	linguistic	_	ContainsVariation=No	Interrupted=Yes	_	_	_	_	_
177-10	BO071	177	10	e::~	e~	_	_	_	_	_	linguistic	_	ContainsVariation=No	Interrupted=Yes	_	0x2	_	_	_
177-11	BO071	177	11	è	è	_	_	_	_	_	linguistic	_	ContainsVariation=No	_	_	_	_	_	_
177-12	BO071	177	12	proprio	proprio	_	_	_	_	_	linguistic	_	ContainsVariation=No	_	_	_	_	_	_
177-13	BO071	177	13	un	un	_	_	_	_	_	linguistic	_	ContainsVariation=No	_	_	_	_	_	_
177-14	BO071	177	14	taglio	taglio	_	_	_	_	_	linguistic	_	ContainsVariation=No	_	_	_	_	_	_
177-15	BO071	177	15	da	da	_	_	_	_	_	linguistic	_	ContainsVariation=No	_	_	_	_	_	_
177-16	BO071	177	16	pedofilo	pedofilo	_	_	_	_	_	linguistic	_	ContainsVariation=No	_	End=406.84	_	_	_	_
178-0	BO021	178	0	[sono	sono	_	_	_	_	_	linguistic	_	ContainsVariation=No	_	Begin=402.252	_	_	_	0-4(45)
178-1	BO021	178	1	fredde	fredde	_	_	_	_	_	linguistic	_	ContainsVariation=No	_	_	_	_	_	0-6(45)
178-2	BO021	178	2	e	e	_	_	_	_	_	linguistic	_	ContainsVariation=No	_	_	_	_	_	0-1(45)
178-3	BO021	178	3	schifose]	schifose	_	_	_	_	_	linguistic	_	ContainsVariation=No	_	End=403.84	_	_	_	0-8(45)
179-0	BO048	179	0	[io	io	_	_	_	_	_	linguistic	_	ContainsVariation=No	_	Begin=403.95	_	_	_	0-2(46)
179-1	BO048	179	1	le	le	_	_	_	_	_	linguistic	_	ContainsVariation=No	_	_	_	_	_	0-2(46)
179-2	BO048	179	2	butto]	butto	_	_	_	_	_	linguistic	_	ContainsVariation=No	_	End=404.97	_	_	_	0-5(46)
180-0	BO072	180	0	ma:	ma	_	_	_	_	_	linguistic	_	ContainsVariation=No	_	Begin=406.85	1x1	_	_	_
180-1	BO072	180	1	tu	tu	_	_	_	_	_	linguistic	_	ContainsVariation=No	_	_	_	_	_	_
180-2	BO072	180	2	lo	lo	_	_	_	_	_	linguistic	_	ContainsVariation=No	_	_	_	_	_	_
180-3	BO072	180	3	sai	sai	_	_	_	_	_	linguistic	_	ContainsVariation=No	_	_	_	_	_	_
180-4	BO072	180	4	che	che	_	_	_	_	_	linguistic	_	ContainsVariation=No	_	_	_	_	_	_
180-5	BO072	180	5	l'	l'	_	_	_	_	_	linguistic	_	ContainsVariation=No	SpaceAfter=No	_	_	_	_	_
180-6	BO072	180	6	ha	ha	_	_	_	_	_	linguistic	_	ContainsVariation=No	_	_	_	_	_	_
180-7	BO072	180	7	istituzionalizzato	istituzionalizzato	_	_	_	_	_	linguistic	_	ContainsVariation=No	_	_	_	_	_	_
180-8	BO072	180	8	come	come	_	_	_	_	_	linguistic	_	ContainsVariation=No	_	_	_	_	_	_
180-9	BO072	180	9	taglio	taglio	_	_	_	_	_	linguistic	_	ContainsVariation=No	_	_	_	_	_	_
180-10	BO072	180	10	pubblico?	pubblico	_	_	_	_	_	linguistic	_	ContainsVariation=No	Intonation=Rising	End=410.52	_	_	_	_
181-0	BO071	181	0	si	si	_	_	_	_	_	linguistic	_	ContainsVariation=No	PauseAfter=Yes	Begin=410.61	_	_	_	_
181-1	BO071	181	1	(.)	(.)	_	_	_	_	_	shortpause	_	ContainsVariation=No	_	_	_	_	_	_
181-2	BO071	181	2	quello	quello	_	_	_	_	_	linguistic	_	ContainsVariation=No	_	_	_	_	_	_
181-3	BO071	181	3	[assurdo]	assurdo	_	_	_	_	_	linguistic	_	ContainsVariation=No	_	End=412.1	_	_	_	0-7(47)
182-0	BO072	182	0	[>cioè<	cioè	_	_	_	_	_	linguistic	_	ContainsVariation=No	_	Begin=411.07	_	Fast=0-4(0)	_	0-4(47)
182-1	BO072	182	1	in	in	_	_	_	_	_	linguistic	_	ContainsVariation=No	_	_	_	_	_	0-2(47)
182-2	BO072	182	2	nord	nord	_	_	_	_	_	linguistic	_	ContainsVariation=No	_	_	_	_	_	0-4(47)
182-3	BO072	182	3	corea	corea	_	_	_	_	_	linguistic	_	ContainsVariation=No	_	_	_	_	_	0-5(47)
182-4	BO072	182	4	i	i	_	_	_	_	_	linguistic	_	ContainsVariation=No	_	_	_	_	_	0-1(47)
182-5	BO072	182	5	maschi],	maschi	_	_	_	_	_	linguistic	_	ContainsVariation=No	Intonation=WeaklyRising	_	_	_	_	0-6(47)
182-6	BO072	182	6	se	se	_	_	_	_	_	linguistic	_	ContainsVariation=No	_	_	_	_	_	_
182-7	BO072	182	7	c'	c'	_	_	_	_	_	linguistic	_	ContainsVariation=No	SpaceAfter=No	_	_	_	_	_
182-8	BO072	182	8	hanno	hanno	_	_	_	_	_	linguistic	_	ContainsVariation=No	_	_	_	_	_	_
182-9	BO072	182	9	i	i	_	_	_	_	_	linguistic	_	ContainsVariation=No	_	_	_	_	_	_
182-10	BO072	182	10	capelli,	capelli	_	_	_	_	_	linguistic	_	ContainsVariation=No	Intonation=WeaklyRising	_	_	_	_	_
182-11	BO072	182	11	devono	devono	_	_	_	_	_	linguistic	_	ContainsVariation=No	_	_	_	_	_	_
182-12	BO072	182	12	farsi	farsi	_	_	_	_	_	linguistic	_	ContainsVariation=No	_	_	_	_	_	_
182-13	BO072	182	13	il	il	_	_	_	_	_	linguistic	_	ContainsVariation=No	_	_	_	_	_	_
182-14	BO072	182	14	taglio	taglio	_	_	_	_	_	linguistic	_	ContainsVariation=No	_	_	_	_	_	_
182-15	BO072	182	15	in	in	_	_	_	_	_	linguistic	_	ContainsVariation=No	_	_	_	_	_	_
182-16	BO072	182	16	quella	quella	_	_	_	_	_	linguistic	_	ContainsVariation=No	_	_	_	_	_	_
182-17	BO072	182	17	maniera	maniera	_	_	_	_	_	linguistic	_	ContainsVariation=No	_	End=414.53	_	_	_	_
183-0	BO048	183	0	('damo)	'damo	_	_	_	_	_	linguistic	_	ContainsVariation=No	Truncated=Yes	Begin=415.07	_	_	0-5(0)	_
183-1	BO048	183	1	[regà]	regà	_	_	_	_	_	linguistic	_	ContainsVariation=No	_	End=415.95	_	_	_	0-4(48)
184-0	BO072	184	0	[se	se	_	_	_	_	_	linguistic	_	ContainsVariation=No	_	Begin=415.37	_	_	_	0-2(48)
184-1	BO072	184	1	non	non	_	_	_	_	_	linguistic	_	ContainsVariation=No	_	_	_	_	_	0-3(48)
184-2	BO072	184	2	c'	c'	_	_	_	_	_	linguistic	_	ContainsVariation=No	SpaceAfter=No	_	_	_	_	0-2(48)
184-3	BO072	184	3	hanno	hanno	_	_	_	_	_	linguistic	_	ContainsVariation=No	_	_	_	_	_	0-5(48)
184-4	BO072	184	4	i	i	_	_	_	_	_	linguistic	_	ContainsVariation=No	_	_	_	_	_	0-1(48)
184-5	BO072	184	5	capelli]	capelli	_	_	_	_	_	linguistic	_	ContainsVariation=No	_	_	_	_	_	0-7(48)
184-6	BO072	184	6	via	via	_	_	_	_	_	linguistic	_	ContainsVariation=No	_	_	_	_	_	_
184-7	BO072	184	7	in	in	_	_	_	_	_	linguistic	_	ContainsVariation=No	_	_	_	_	_	_
184-8	BO072	184	8	un	un	_	_	_	_	_	linguistic	_	ContainsVariation=No	_	_	_	_	_	_
184-9	BO072	184	9	campo	campo	_	_	_	_	_	linguistic	_	ContainsVariation=No	_	_	_	_	_	_
184-10	BO072	184	10	di	di	_	_	_	_	_	linguistic	_	ContainsVariation=No	_	_	_	_	_	_
184-11	BO072	184	11	concentramento	concentramento	_	_	_	_	_	linguistic	_	ContainsVariation=No	_	End=417.21	_	_	_	_
185-0	BO071	185	0	minchia	minchia	_	_	_	_	_	linguistic	_	ContainsVariation=No	_	Begin=417.26|End=417.95	_	_	_	_
186-0	BO048	186	0	madonna	madonna	_	_	_	_	_	linguistic	_	ContainsVariation=No	_	Begin=418.06	_	_	_	_
186-1	BO048	186	1	marì	marì	_	_	_	_	_	linguistic	_	ContainsVariation=No	_	_	_	_	_	_
186-2	BO048	186	2	perché?	perché	_	_	_	_	_	linguistic	_	ContainsVariation=No	Intonation=Rising|PauseAfter=Yes	_	_	_	_	_
186-3	BO048	186	3	(.)	(.)	_	_	_	_	_	shortpause	_	ContainsVariation=No	_	_	_	_	_	_
186-4	BO048	186	4	perché?	perché	_	_	_	_	_	linguistic	_	ContainsVariation=No	Intonation=Rising	End=420.01	_	_	_	_
187-0	BO021	187	0	ti	ti	_	_	_	_	_	linguistic	_	ContainsVariation=No	_	Begin=420.46	_	_	_	_
187-1	BO021	187	1	è	è	_	_	_	_	_	linguistic	_	ContainsVariation=No	_	_	_	_	_	_
187-2	BO021	187	2	piacuto	piacuto	_	_	_	_	_	linguistic	_	ContainsVariation=No	_	_	_	_	_	_
187-3	BO021	187	3	dire	dire	_	_	_	_	_	linguistic	_	ContainsVariation=No	_	_	_	_	_	_
187-4	BO021	187	4	che	che	_	_	_	_	_	linguistic	_	ContainsVariation=No	_	_	_	_	_	_
187-5	BO021	187	5	volevi	volevi	_	_	_	_	_	linguistic	_	ContainsVariation=No	_	_	_	_	_	_
187-6	BO021	187	6	buttare	buttare	_	_	_	_	_	linguistic	_	ContainsVariation=No	_	_	_	_	_	_
187-7	BO021	187	7	l'	l'	_	_	_	_	_	linguistic	_	ContainsVariation=No	SpaceAfter=No	_	_	_	_	_
187-8	BO021	187	8	immondizia?	immondizia	_	_	_	_	_	linguistic	_	ContainsVariation=No	Intonation=Rising	End=423.08	_	_	_	_
188-0	BO048	188	0	che	che	_	_	_	_	_	linguistic	_	ContainsVariation=No	_	Begin=425.24	_	_	_	_
188-1	BO048	188	1	profu:mo	profumo	_	_	_	_	_	linguistic	_	ContainsVariation=No	_	_	4x1	_	_	_
188-2	BO048	188	2	di	di	_	_	_	_	_	linguistic	_	ContainsVariation=No	_	_	_	_	_	_
188-3	BO048	188	3	benza	benza	_	_	_	_	_	linguistic	_	ContainsVariation=No	_	End=426.36	_	_	_	_
189-0	BO072	189	0	[sì]	sì	_	_	_	_	_	linguistic	_	ContainsVariation=No	PauseAfter=Yes	Begin=426.349	_	_	_	0-2(49)
189-1	BO072	189	1	(.)	(.)	_	_	_	_	_	shortpause	_	ContainsVariation=No	_	_	_	_	_	_
189-2	BO072	189	2	poi	poi	_	_	_	_	_	linguistic	_	ContainsVariation=No	_	_	_	_	_	_
189-3	BO072	189	3	ha:~	ha~	_	_	_	_	_	linguistic	_	ContainsVariation=No	Interrupted=Yes	_	1x1	_	_	_
189-4	BO072	189	4	poi	poi	_	_	_	_	_	linguistic	_	ContainsVariation=No	_	_	_	_	_	_
189-5	BO072	189	5	ha	ha	_	_	_	_	_	linguistic	_	ContainsVariation=No	_	_	_	_	_	_
189-6	BO072	189	6	fatto	fatto	_	_	_	_	_	linguistic	_	ContainsVariation=No	_	_	_	_	_	_
189-7	BO072	189	7	una	una	_	_	_	_	_	linguistic	_	ContainsVariation=No	_	_	_	_	_	_
189-8	BO072	189	8	simulazione	simulazione	_	_	_	_	_	linguistic	_	ContainsVariation=No	_	_	_	_	_	_
189-9	BO072	189	9	della	della	_	_	_	_	_	linguistic	_	ContainsVariation=No	_	_	_	_	_	_
189-10	BO072	189	10	[finale	finale	_	_	_	_	_	linguistic	_	ContainsVariation=No	_	_	_	_	_	0-6(50)
189-11	BO072	189	11	col	col	_	_	_	_	_	linguistic	_	ContainsVariation=No	_	_	_	_	_	0-3(50)
189-12	BO072	189	12	brasile]	brasile	_	_	_	_	_	linguistic	_	ContainsVariation=No	_	End=430.119	_	_	_	0-7(50)
190-0	BO048	190	0	[ah::	ah	_	_	_	_	_	linguistic	_	ContainsVariation=No	_	Begin=428.4	1x2	_	_	0-2(50)
190-1	BO048	190	1	mammamia	mammamia	_	_	_	_	_	linguistic	_	ContainsVariation=No	_	_	_	_	_	0-8(50)
190-2	BO048	190	2	inebrante]	inebrante	_	_	_	_	_	linguistic	_	ContainsVariation=No	_	End=430.13	_	_	_	0-9(50)
191-0	BO021	191	0	no,	no	_	_	_	_	_	linguistic	_	ContainsVariation=No	Intonation=WeaklyRising	Begin=430.16	_	_	_	_
191-1	BO021	191	1	io	io	_	_	_	_	_	linguistic	_	ContainsVariation=No	_	_	_	_	_	_
191-2	BO021	191	2	lo	lo	_	_	_	_	_	linguistic	_	ContainsVariation=No	_	_	_	_	_	_
191-3	BO021	191	3	odio,	odio	_	_	_	_	_	linguistic	_	ContainsVariation=No	Intonation=WeaklyRising	End=431.2	_	_	_	_
192-0	BO021	192	0	da	da	_	_	_	_	_	linguistic	_	ContainsVariation=No	_	Begin=431.66	_	_	_	_
192-1	BO021	192	1	piccola	piccola	_	_	_	_	_	linguistic	_	ContainsVariation=No	_	_	_	_	_	_
192-2	BO021	192	2	mi	mi	_	_	_	_	_	linguistic	_	ContainsVariation=No	_	_	_	_	_	_
192-3	BO021	192	3	piaceva,	piaceva	_	_	_	_	_	linguistic	_	ContainsVariation=No	Intonation=WeaklyRising	_	_	_	_	_
192-4	BO021	192	4	mo	mo	_	_	_	_	_	linguistic	_	ContainsVariation=No	_	_	_	_	_	_
192-5	BO021	192	5	non	non	_	_	_	_	_	linguistic	_	ContainsVariation=No	_	_	_	_	_	_
192-6	BO021	192	6	lo	lo	_	_	_	_	_	linguistic	_	ContainsVariation=No	_	_	_	_	_	_
192-7	BO021	192	7	sopporto	sopporto	_	_	_	_	_	linguistic	_	ContainsVariation=No	_	_	_	_	_	_
192-8	BO021	192	8	[proprio]	proprio	_	_	_	_	_	linguistic	_	ContainsVariation=No	_	End=434.41	_	_	_	0-7(51)
193-0	BO072	193	0	[ha]	ha	_	_	_	_	_	linguistic	_	ContainsVariation=No	_	Begin=433.81	_	_	_	0-2(51)
193-1	BO072	193	1	fatto	fatto	_	_	_	_	_	linguistic	_	ContainsVariation=No	_	_	_	_	_	_
193-2	BO072	193	2	una	una	_	_	_	_	_	linguistic	_	ContainsVariation=No	_	_	_	_	_	_
193-3	BO072	193	3	simulazione	simulazione	_	_	_	_	_	linguistic	_	ContainsVariation=No	_	_	_	_	_	_
193-4	BO072	193	4	nel	nel	_	_	_	_	_	linguistic	_	ContainsVariation=No	_	_	_	_	_	_
193-5	BO072	193	5	senso	senso	_	_	_	_	_	linguistic	_	ContainsVariation=No	_	_	_	_	_	_
193-6	BO072	193	6	che	che	_	_	_	_	_	linguistic	_	ContainsVariation=No	_	_	_	_	_	_
193-7	BO072	193	7	lui	lui	_	_	_	_	_	linguistic	_	ContainsVariation=No	_	_	_	_	_	_
193-8	BO072	193	8	ha	ha	_	_	_	_	_	linguistic	_	ContainsVariation=No	_	_	_	_	_	_
193-9	BO072	193	9	detto	detto	_	_	_	_	_	linguistic	_	ContainsVariation=No	_	_	_	_	_	_
193-10	BO072	193	10	che	che	_	_	_	_	_	linguistic	_	ContainsVariation=No	_	_	_	_	_	_
193-11	BO072	193	11	la	la	_	_	_	_	_	linguistic	_	ContainsVariation=No	_	_	_	_	_	_
193-12	BO072	193	12	nord	nord	_	_	_	_	_	linguistic	_	ContainsVariation=No	_	_	_	_	_	_
193-13	BO072	193	13	corea	corea	_	_	_	_	_	linguistic	_	ContainsVariation=No	_	_	_	_	_	_
193-14	BO072	193	14	ha	ha	_	_	_	_	_	linguistic	_	ContainsVariation=No	_	_	_	_	_	_
193-15	BO072	193	15	vinto	vinto	_	_	_	_	_	linguistic	_	ContainsVariation=No	_	_	_	_	_	_
193-16	BO072	193	16	i	i	_	_	_	_	_	linguistic	_	ContainsVariation=No	_	_	_	_	_	_
193-17	BO072	193	17	mondiali	mondiali	_	_	_	_	_	linguistic	_	ContainsVariation=No	_	End=437.684	_	_	_	_
194-0	BO072	194	0	ti	ti	_	_	_	_	_	linguistic	_	ContainsVariation=No	_	Begin=439.01	_	_	_	_
194-1	BO072	194	1	giuro.	giuro	_	_	_	_	_	linguistic	_	ContainsVariation=No	Intonation=Falling	_	_	_	_	_
194-2	BO072	194	2	ha	ha	_	_	_	_	_	linguistic	_	ContainsVariation=No	_	_	_	_	_	_
194-3	BO072	194	3	fatto	fatto	_	_	_	_	_	linguistic	_	ContainsVariation=No	_	_	_	_	_	_
194-4	BO072	194	4	una	una	_	_	_	_	_	linguistic	_	ContainsVariation=No	_	_	_	_	_	_
194-5	BO072	194	5	simulazione	simulazione	_	_	_	_	_	linguistic	_	ContainsVariation=No	_	_	_	_	_	_
194-6	BO072	194	6	mandata	mandata	_	_	_	_	_	linguistic	_	ContainsVariation=No	_	_	_	_	_	_
194-7	BO072	194	7	in	in	_	_	_	_	_	linguistic	_	ContainsVariation=No	_	_	_	_	_	_
194-8	BO072	194	8	tv	tv	_	_	_	_	_	linguistic	_	ContainsVariation=No	_	_	_	_	_	_
194-9	BO072	194	9	nelle:	nelle	_	_	_	_	_	linguistic	_	ContainsVariation=No	_	_	4x1	_	_	_
194-10	BO072	194	10	città	città	_	_	_	_	_	linguistic	_	ContainsVariation=No	_	_	_	_	_	_
194-11	BO072	194	11	nordcoreane	nordcoreane	_	_	_	_	_	linguistic	_	ContainsVariation=No	_	_	_	_	_	_
194-12	BO072	194	12	dove	dove	_	_	_	_	_	linguistic	_	ContainsVariation=No	_	_	_	_	_	_
194-13	BO072	194	13	c'	c'	_	_	_	_	_	linguistic	_	ContainsVariation=No	SpaceAfter=No	_	_	_	_	_
194-14	BO072	194	14	era	era	_	_	_	_	_	linguistic	_	ContainsVariation=No	_	_	_	_	_	_
194-15	BO072	194	15	la	la	_	_	_	_	_	linguistic	_	ContainsVariation=No	_	_	_	_	_	_
194-16	BO072	194	16	squadra	squadra	_	_	_	_	_	linguistic	_	ContainsVariation=No	_	_	_	_	_	_
194-17	BO072	194	17	farlocca	farlocca	_	_	_	_	_	linguistic	_	ContainsVariation=No	_	_	_	_	_	_
194-18	BO072	194	18	della	della	_	_	_	_	_	linguistic	_	ContainsVariation=No	_	_	_	_	_	_
194-19	BO072	194	19	nord	nord	_	_	_	_	_	linguistic	_	ContainsVariation=No	_	_	_	_	_	_
194-20	BO072	194	20	corea,	corea	_	_	_	_	_	linguistic	_	ContainsVariation=No	Intonation=WeaklyRising	_	_	_	_	_
194-21	BO072	194	21	[la	la	_	_	_	_	_	linguistic	_	ContainsVariation=No	_	_	_	_	_	0-2(52)
194-22	BO072	194	22	squadra	squadra	_	_	_	_	_	linguistic	_	ContainsVariation=No	_	_	_	_	_	0-7(52)
194-23	BO072	194	23	farlo]cca	farlocca	_	_	_	_	_	linguistic	_	ContainsVariation=No	_	_	_	_	_	0-5(52)
194-24	BO072	194	24	del	del	_	_	_	_	_	linguistic	_	ContainsVariation=No	_	_	_	_	_	_
194-25	BO072	194	25	brasile	brasile	_	_	_	_	_	linguistic	_	ContainsVariation=No	_	_	_	_	_	_
194-26	BO072	194	26	[e:]	e	_	_	_	_	_	linguistic	_	ContainsVariation=No	_	End=447.75	0x1	_	_	0-1(53)
195-0	BO048	195	0	[che	che	_	_	_	_	_	linguistic	_	ContainsVariation=No	_	Begin=444.76	_	_	_	0-3(52)
195-1	BO048	195	1	be:llo]	bello	_	_	_	_	_	linguistic	_	ContainsVariation=No	_	End=445.82	1x1	_	_	0-5(52)
196-0	BO021	196	0	[e]	e	_	_	_	_	_	linguistic	_	ContainsVariation=No	_	Begin=447.29	_	_	_	0-1(53)
196-1	BO021	196	1	ha	ha	_	_	_	_	_	linguistic	_	ContainsVariation=No	_	_	_	_	_	_
196-2	BO021	196	2	vinto	vinto	_	_	_	_	_	linguistic	_	ContainsVariation=No	_	_	_	_	_	_
196-3	BO021	196	3	la	la	_	_	_	_	_	linguistic	_	ContainsVariation=No	_	_	_	_	_	_
196-4	BO021	196	4	nord	nord	_	_	_	_	_	linguistic	_	ContainsVariation=No	_	_	_	_	_	_
196-5	BO021	196	5	corea,	corea	_	_	_	_	_	linguistic	_	ContainsVariation=No	Intonation=WeaklyRising	End=449.19	_	_	_	_
197-0	BO048	197	0	[contro	contro	_	_	_	_	_	linguistic	_	ContainsVariation=No	_	Begin=449.11	_	_	_	0-6(55)
197-1	BO048	197	1	il	il	_	_	_	_	_	linguistic	_	ContainsVariation=No	_	_	_	_	_	0-2(55)
197-2	BO048	197	2	brasile,	brasile	_	_	_	_	_	linguistic	_	ContainsVariation=No	Intonation=WeaklyRising	_	_	_	_	0-7(55)
197-3	BO048	197	3	manco::,	manco	_	_	_	_	_	linguistic	_	ContainsVariation=No	Intonation=WeaklyRising	_	4x2	_	_	0-5(55)
197-4	BO048	197	4	insomma].	insomma	_	_	_	_	_	linguistic	_	ContainsVariation=No	Intonation=Falling	End=451.17	_	_	_	0-7(55)
198-0	BO072	198	0	[devo	devo	_	_	_	_	_	linguistic	_	ContainsVariation=No	_	Begin=449.25	_	_	_	0-4(55)
198-1	BO072	198	1	ancora	ancora	_	_	_	_	_	linguistic	_	ContainsVariation=No	_	_	_	_	_	0-6(55)
198-2	BO072	198	2	capire	capire	_	_	_	_	_	linguistic	_	ContainsVariation=No	_	_	_	_	_	0-6(55)
198-3	BO072	198	3	chi	chi	_	_	_	_	_	linguistic	_	ContainsVariation=No	_	_	_	_	_	0-3(55)
198-4	BO072	198	4	so]no~	sono~	_	_	_	_	_	linguistic	_	ContainsVariation=No	Interrupted=Yes	_	_	_	_	0-2(55)
198-5	BO072	198	5	come	come	_	_	_	_	_	linguistic	_	ContainsVariation=No	_	_	_	_	_	_
198-6	BO072	198	6	hanno	hanno	_	_	_	_	_	linguistic	_	ContainsVariation=No	_	_	_	_	_	_
198-7	BO072	198	7	fatto	fatto	_	_	_	_	_	linguistic	_	ContainsVariation=No	_	_	_	_	_	_
198-8	BO072	198	8	i	i	_	_	_	_	_	linguistic	_	ContainsVariation=No	_	_	_	_	_	_
198-9	BO072	198	9	brasiliani,	brasiliani	_	_	_	_	_	linguistic	_	ContainsVariation=No	Intonation=WeaklyRising	_	_	_	_	_
198-10	BO072	198	10	tipo	tipo	_	_	_	_	_	linguistic	_	ContainsVariation=No	_	_	_	_	_	_
198-11	BO072	198	11	hanno	hanno	_	_	_	_	_	linguistic	_	ContainsVariation=No	_	_	_	_	_	_
198-12	BO072	198	12	preso	preso	_	_	_	_	_	linguistic	_	ContainsVariation=No	_	_	_	_	_	_
198-13	BO072	198	13	i	i	_	_	_	_	_	linguistic	_	ContainsVariation=No	_	_	_	_	_	_
198-14	BO072	198	14	nordcoreani,	nordcoreani	_	_	_	_	_	linguistic	_	ContainsVariation=No	Intonation=WeaklyRising	_	_	_	_	_
198-15	BO072	198	15	li	li	_	_	_	_	_	linguistic	_	ContainsVariation=No	_	_	_	_	_	_
198-16	BO072	198	16	hanno	hanno	_	_	_	_	_	linguistic	_	ContainsVariation=No	_	_	_	_	_	_
198-17	BO072	198	17	colorati	colorati	_	_	_	_	_	linguistic	_	ContainsVariation=No	_	_	_	_	_	_
198-18	BO072	198	18	non	non	_	_	_	_	_	linguistic	_	ContainsVariation=No	_	_	_	_	_	_
198-19	BO072	198	19	lo	lo	_	_	_	_	_	linguistic	_	ContainsVariation=No	_	_	_	_	_	_
198-20	BO072	198	20	so,	so	_	_	_	_	_	linguistic	_	ContainsVariation=No	Intonation=WeaklyRising	_	_	_	_	_
198-21	BO072	198	21	con	con	_	_	_	_	_	linguistic	_	ContainsVariation=No	_	_	_	_	_	_
198-22	BO072	198	22	tutti	tutti	_	_	_	_	_	linguistic	_	ContainsVariation=No	_	_	_	_	_	_
198-23	BO072	198	23	i	i	_	_	_	_	_	linguistic	_	ContainsVariation=No	_	_	_	_	_	_
198-24	BO072	198	24	rasta,	rasta	_	_	_	_	_	linguistic	_	ContainsVariation=No	Intonation=WeaklyRising	_	_	_	_	_
198-25	BO072	198	25	cazzo	cazzo	_	_	_	_	_	linguistic	_	ContainsVariation=No	_	_	_	_	_	_
198-26	BO072	198	26	ne	ne	_	_	_	_	_	linguistic	_	ContainsVariation=No	_	_	_	_	_	_
198-27	BO072	198	27	so	so	_	_	_	_	_	linguistic	_	ContainsVariation=No	_	End=456.565	_	_	_	_
199-0	BO072	199	0	xx	xx	_	_	_	_	_	unknown	_	ContainsVariation=No	Syllables=2	Begin=456.631	_	_	_	_
199-1	BO072	199	1	ronaldinho	ronaldinho	_	_	_	_	_	linguistic	_	ContainsVariation=No	_	End=457.583	_	_	_	_
200-0	BO072	200	0	quello	quello	_	_	_	_	_	linguistic	_	ContainsVariation=No	_	Begin=459.1	_	_	_	_
200-1	BO072	200	1	la	la	_	_	_	_	_	linguistic	_	ContainsVariation=No	_	_	_	_	_	_
200-2	BO072	200	2	è	è	_	_	_	_	_	linguistic	_	ContainsVariation=No	_	_	_	_	_	_
200-3	BO072	200	3	difficile	difficile	_	_	_	_	_	linguistic	_	ContainsVariation=No	_	End=460.37	_	_	_	_
201-0	BO072	201	0	muso	muso	_	_	_	_	_	linguistic	_	ContainsVariation=No	_	Begin=461.01	_	_	_	_
201-1	BO072	201	1	giallo	giallo	_	_	_	_	_	linguistic	_	ContainsVariation=No	_	_	_	_	_	_
201-2	BO072	201	2	anche	anche	_	_	_	_	_	linguistic	_	ContainsVariation=No	_	_	_	_	_	_
201-3	BO072	201	3	lui	lui	_	_	_	_	_	linguistic	_	ContainsVariation=No	_	End=462.12	_	_	_	_
202-0	BO072	202	0	l'	l'	_	_	_	_	_	linguistic	_	ContainsVariation=No	SpaceAfter=No	Begin=463.05	_	_	_	_
202-1	BO072	202	1	hai	hai	_	_	_	_	_	linguistic	_	ContainsVariation=No	_	_	_	_	_	_
202-2	BO072	202	2	registrato	registrato	_	_	_	_	_	linguistic	_	ContainsVariation=No	_	_	_	_	_	_
202-3	BO072	202	3	[questo]?	questo	_	_	_	_	_	linguistic	_	ContainsVariation=No	Intonation=Rising	End=464.312	_	_	_	0-6(56)
203-0	BO048	203	0	[musi	musi	_	_	_	_	_	linguistic	_	ContainsVariation=No	_	Begin=463.51	_	_	_	0-4(56)
203-1	BO048	203	1	gialli]	gialli	_	_	_	_	_	linguistic	_	ContainsVariation=No	_	End=464.31	_	_	_	0-6(56)
204-0	BO021	204	0	si	si	_	_	_	_	_	linguistic	_	ContainsVariation=No	_	Begin=464.41	_	_	_	_
204-1	BO021	204	1	certo,	certo	_	_	_	_	_	linguistic	_	ContainsVariation=No	Intonation=WeaklyRising	_	_	_	_	_
204-2	BO021	204	2	ho	ho	_	_	_	_	_	linguistic	_	ContainsVariation=No	_	_	_	_	_	_
204-3	BO021	204	3	registrato	registrato	_	_	_	_	_	linguistic	_	ContainsVariation=No	_	_	_	_	_	_
204-4	BO021	204	4	tu~	tu~	_	_	_	_	_	linguistic	_	ContainsVariation=No	Interrupted=Yes	End=465.216	_	_	_	_
205-0	BO072	205	0	un	un	_	_	_	_	_	linguistic	_	ContainsVariation=No	_	Begin=465.216	_	_	_	_
205-1	BO072	205	1	po'	po'	_	_	_	_	_	linguistic	_	ContainsVariation=No	_	_	_	_	_	_
205-2	BO072	205	2	di	di	_	_	_	_	_	linguistic	_	ContainsVariation=No	_	_	_	_	_	_
205-3	BO072	205	3	razzismo	razzismo	_	_	_	_	_	linguistic	_	ContainsVariation=No	_	_	_	_	_	_
205-4	BO072	205	4	gratis	gratis	_	_	_	_	_	linguistic	_	ContainsVariation=No	_	_	_	_	_	_
205-5	BO072	205	5	per	per	_	_	_	_	_	linguistic	_	ContainsVariation=No	_	_	_	_	_	_
205-6	BO072	205	6	te	te	_	_	_	_	_	linguistic	_	ContainsVariation=No	_	End=466.58	_	_	_	_
206-0	BO048	206	0	esatto	esatto	_	_	_	_	_	linguistic	_	ContainsVariation=No	_	Begin=466.63	_	_	_	_
206-1	BO048	206	1	((ride))	((ride))	_	_	_	_	_	nonverbalbehavior	_	ContainsVariation=No	_	End=467.43	_	_	_	_
207-0	BO048	207	0	contro	contro	_	_	_	_	_	linguistic	_	ContainsVariation=No	_	Begin=468.55	_	_	_	_
207-1	BO048	207	1	tutti	tutti	_	_	_	_	_	linguistic	_	ContainsVariation=No	_	_	_	_	_	_
207-2	BO048	207	2	poi	poi	_	_	_	_	_	linguistic	_	ContainsVariation=No	_	_	_	_	_	_
207-3	BO048	207	3	i	i	_	_	_	_	_	linguistic	_	ContainsVariation=No	_	_	_	_	_	_
207-4	BO048	207	4	popoli	popoli	_	_	_	_	_	linguistic	_	ContainsVariation=No	_	End=470.165	_	_	_	_
208-0	BO072	208	0	contro	contro	_	_	_	_	_	linguistic	_	ContainsVariation=No	_	Begin=470.165	_	_	_	_
208-1	BO072	208	1	tutti	tutti	_	_	_	_	_	linguistic	_	ContainsVariation=No	_	_	_	_	_	_
208-2	BO072	208	2	i	i	_	_	_	_	_	linguistic	_	ContainsVariation=No	_	_	_	_	_	_
208-3	BO072	208	3	popoli	popoli	_	_	_	_	_	linguistic	_	ContainsVariation=No	_	End=471.25	_	_	_	_
209-0	BO021	209	0	eh	eh	_	_	_	_	_	linguistic	_	ContainsVariation=No	_	Begin=471.25	_	_	_	_
209-1	BO021	209	1	in	in	_	_	_	_	_	linguistic	_	ContainsVariation=No	_	_	_	_	_	_
209-2	BO021	209	2	realtà	realtà	_	_	_	_	_	linguistic	_	ContainsVariation=No	_	_	_	_	_	_
209-3	BO021	209	3	tra~	tra~	_	_	_	_	_	linguistic	_	ContainsVariation=No	Interrupted=Yes	_	_	_	_	_
209-4	BO021	209	4	nelle	nelle	_	_	_	_	_	linguistic	_	ContainsVariation=No	_	_	_	_	_	_
209-5	BO021	209	5	mie	mie	_	_	_	_	_	linguistic	_	ContainsVariation=No	_	_	_	_	_	_
209-6	BO021	209	6	registrazioni	registrazioni	_	_	_	_	_	linguistic	_	ContainsVariation=No	_	_	_	_	_	_
209-7	BO021	209	7	le	le	_	_	_	_	_	linguistic	_	ContainsVariation=No	_	_	_	_	_	_
209-8	BO021	209	8	battute	battute	_	_	_	_	_	linguistic	_	ContainsVariation=No	_	_	_	_	_	_
209-9	BO021	209	9	peggiorni	peggiorni	_	_	_	_	_	linguistic	_	ContainsVariation=No	_	_	_	_	_	_
209-10	BO021	209	10	contro	contro	_	_	_	_	_	linguistic	_	ContainsVariation=No	_	_	_	_	_	_
209-11	BO021	209	11	i	i	_	_	_	_	_	linguistic	_	ContainsVariation=No	_	_	_	_	_	_
209-12	BO021	209	12	napoletani	napoletani	_	_	_	_	_	linguistic	_	ContainsVariation=No	_	_	_	_	_	_
209-13	BO021	209	13	le	le	_	_	_	_	_	linguistic	_	ContainsVariation=No	_	_	_	_	_	_
209-14	BO021	209	14	ho	ho	_	_	_	_	_	linguistic	_	ContainsVariation=No	_	_	_	_	_	_
209-15	BO021	209	15	fatte	fatte	_	_	_	_	_	linguistic	_	ContainsVariation=No	_	_	_	_	_	_
209-16	BO021	209	16	sempre	sempre	_	_	_	_	_	linguistic	_	ContainsVariation=No	_	_	_	_	_	_
209-17	BO021	209	17	io	io	_	_	_	_	_	linguistic	_	ContainsVariation=No	_	End=476.32	_	_	_	_
210-0	BO072	210	0	e	e	_	_	_	_	_	linguistic	_	ContainsVariation=No	_	Begin=478.03	_	_	_	_
210-1	BO072	210	1	vab[bé]	vabbé	_	_	_	_	_	linguistic	_	ContainsVariation=No	_	End=478.74	_	_	_	3-5(57)
211-0	BO071	211	0	[eh]	eh	_	_	_	_	_	linguistic	_	ContainsVariation=No	_	Begin=478.61	_	_	_	0-2(57)
211-1	BO071	211	1	un	un	_	_	_	_	_	linguistic	_	ContainsVariation=No	_	_	_	_	_	_
211-2	BO071	211	2	po'	po'	_	_	_	_	_	linguistic	_	ContainsVariation=No	_	_	_	_	_	_
211-3	BO071	211	3	di	di	_	_	_	_	_	linguistic	_	ContainsVariation=No	_	_	_	_	_	_
211-4	BO071	211	4	sana	sana	_	_	_	_	_	linguistic	_	ContainsVariation=No	_	_	_	_	_	_
211-5	BO071	211	5	autoironia	autoironia	_	_	_	_	_	linguistic	_	ContainsVariation=No	_	_	_	_	_	_
211-6	BO071	211	6	non	non	_	_	_	_	_	linguistic	_	ContainsVariation=No	_	_	_	_	_	_
211-7	BO071	211	7	fa	fa	_	_	_	_	_	linguistic	_	ContainsVariation=No	_	_	_	_	_	_
211-8	BO071	211	8	mai	mai	_	_	_	_	_	linguistic	_	ContainsVariation=No	_	_	_	_	_	_
211-9	BO071	211	9	male	male	_	_	_	_	_	linguistic	_	ContainsVariation=No	_	End=480.438	_	_	_	_
212-0	BO072	212	0	ma	ma	_	_	_	_	_	linguistic	_	ContainsVariation=No	_	Begin=480.45	_	_	_	_
212-1	BO072	212	1	fino	fino	_	_	_	_	_	linguistic	_	ContainsVariation=No	_	_	_	_	_	_
212-2	BO072	212	2	a	a	_	_	_	_	_	linguistic	_	ContainsVariation=No	_	_	_	_	_	_
212-3	BO072	212	3	quando	quando	_	_	_	_	_	linguistic	_	ContainsVariation=No	_	_	_	_	_	_
212-4	BO072	212	4	le	le	_	_	_	_	_	linguistic	_	ContainsVariation=No	_	_	_	_	_	_
212-5	BO072	212	5	fai	fai	_	_	_	_	_	linguistic	_	ContainsVariation=No	_	_	_	_	_	_
212-6	BO072	212	6	tu	tu	_	_	_	_	_	linguistic	_	ContainsVariation=No	_	_	_	_	_	_
212-7	BO072	212	7	è	è	_	_	_	_	_	linguistic	_	ContainsVariation=No	_	_	_	_	_	_
212-8	BO072	212	8	legittimo	legittimo	_	_	_	_	_	linguistic	_	ContainsVariation=No	_	End=482.4	_	_	_	_
213-0	BO072	213	0	come	come	_	_	_	_	_	linguistic	_	ContainsVariation=No	_	Begin=483.04	_	_	_	_
213-1	BO072	213	1	i	i	_	_	_	_	_	linguistic	_	ContainsVariation=No	_	_	_	_	_	_
213-2	BO072	213	2	neri	neri	_	_	_	_	_	linguistic	_	ContainsVariation=No	_	_	_	_	_	_
213-3	BO072	213	3	che	che	_	_	_	_	_	linguistic	_	ContainsVariation=No	_	_	_	_	_	_
213-4	BO072	213	4	si	si	_	_	_	_	_	linguistic	_	ContainsVariation=No	_	_	_	_	_	_
213-5	BO072	213	5	di~	di~	_	_	_	_	_	linguistic	_	ContainsVariation=No	Interrupted=Yes	_	_	_	_	_
213-6	BO072	213	6	si	si	_	_	_	_	_	linguistic	_	ContainsVariation=No	_	_	_	_	_	_
213-7	BO072	213	7	danno	danno	_	_	_	_	_	linguistic	_	ContainsVariation=No	_	_	_	_	_	_
213-8	BO072	213	8	dei	dei	_	_	_	_	_	linguistic	_	ContainsVariation=No	_	_	_	_	_	_
213-9	BO072	213	9	negri	negri	_	_	_	_	_	linguistic	_	ContainsVariation=No	_	_	_	_	_	_
213-10	BO072	213	10	a	a	_	_	_	_	_	linguistic	_	ContainsVariation=No	_	_	_	_	_	_
213-11	BO072	213	11	vi[cenda]	vicenda	_	_	_	_	_	linguistic	_	ContainsVariation=No	_	End=485.6	_	_	_	2-7(58)
214-0	BO021	214	0	[ma	ma	_	_	_	_	_	linguistic	_	ContainsVariation=No	_	Begin=484.8	_	_	_	0-2(58)
214-1	BO021	214	1	>guarda<]	guarda	_	_	_	_	_	linguistic	_	ContainsVariation=No	_	_	_	Fast=0-6(0)	_	0-6(58)
214-2	BO021	214	2	noi	noi	_	_	_	_	_	linguistic	_	ContainsVariation=No	_	_	_	_	_	_
214-3	BO021	214	3	abbiamo	abbiamo	_	_	_	_	_	linguistic	_	ContainsVariation=No	_	_	_	_	_	_
214-4	BO021	214	4	la	la	_	_	_	_	_	linguistic	_	ContainsVariation=No	_	_	_	_	_	_
214-5	BO021	214	5	stessa	stessa	_	_	_	_	_	linguistic	_	ContainsVariation=No	_	_	_	_	_	_
214-6	BO021	214	6	ferita	ferita	_	_	_	_	_	linguistic	_	ContainsVariation=No	_	_	_	_	_	_
214-7	BO021	214	7	su:::	su	_	_	_	_	_	linguistic	_	ContainsVariation=No	_	End=487.27	1x3	_	_	_
215-0	BO021	215	0	guarda	guarda	_	_	_	_	_	linguistic	_	ContainsVariation=No	_	Begin=488.8|End=489.565	_	_	_	_
216-0	BO072	216	0	davve:ro?	davvero	_	_	_	_	_	linguistic	_	ContainsVariation=No	Intonation=Rising	Begin=489.76|End=490.6	4x1	_	_	_
217-0	BO021	217	0	guarda	guarda	_	_	_	_	_	linguistic	_	ContainsVariation=No	_	Begin=490.62	_	_	_	_
217-1	BO021	217	1	qua	qua	_	_	_	_	_	linguistic	_	ContainsVariation=No	_	End=491.41	_	_	_	_
218-0	BO021	218	0	hai	hai	_	_	_	_	_	linguistic	_	ContainsVariation=No	_	Begin=491.89	_	_	_	_
218-1	BO021	218	1	[visto]?	visto	_	_	_	_	_	linguistic	_	ContainsVariation=No	Intonation=Rising	_	_	_	_	0-5(59)
218-2	BO021	218	2	siamo	siamo	_	_	_	_	_	linguistic	_	ContainsVariation=No	_	_	_	_	_	_
218-3	BO021	218	3	fr:~	fr~	_	_	_	_	_	linguistic	_	ContainsVariation=No	Interrupted=Yes	End=493.34	1x1	_	_	_
219-0	BO072	219	0	[è	è	_	_	_	_	_	linguistic	_	ContainsVariation=No	_	Begin=492.02	_	_	_	0-1(59)
219-1	BO072	219	1	vero]	vero	_	_	_	_	_	linguistic	_	ContainsVariation=No	_	End=492.94	_	_	_	0-4(59)
220-0	BO071	220	0	eh?	eh	_	_	_	_	_	linguistic	_	ContainsVariation=No	Intonation=Rising	Begin=493.51|End=493.706	_	_	_	_
221-0	BO021	221	0	tu	tu	_	_	_	_	_	linguistic	_	ContainsVariation=No	_	Begin=493.76	_	_	_	_
221-1	BO021	221	1	come	come	_	_	_	_	_	linguistic	_	ContainsVariation=No	_	_	_	_	_	_
221-2	BO021	221	2	te	te	_	_	_	_	_	linguistic	_	ContainsVariation=No	_	_	_	_	_	_
221-3	BO021	221	3	la	la	_	_	_	_	_	linguistic	_	ContainsVariation=No	_	_	_	_	_	_
221-4	BO021	221	4	sei	sei	_	_	_	_	_	linguistic	_	ContainsVariation=No	_	_	_	_	_	_
221-5	BO021	221	5	fatta?	fatta	_	_	_	_	_	linguistic	_	ContainsVariation=No	Intonation=Rising	End=494.96	_	_	_	_
222-0	BO072	222	0	tirando	tirando	_	_	_	_	_	linguistic	_	ContainsVariation=No	_	Begin=495.1	_	_	_	_
222-1	BO072	222	1	un	un	_	_	_	_	_	linguistic	_	ContainsVariation=No	_	_	_	_	_	_
222-2	BO072	222	2	pugno	pugno	_	_	_	_	_	linguistic	_	ContainsVariation=No	_	_	_	_	_	_
222-3	BO072	222	3	alle	alle	_	_	_	_	_	linguistic	_	ContainsVariation=No	_	_	_	_	_	_
222-4	BO072	222	4	macchinette	macchinette	_	_	_	_	_	linguistic	_	ContainsVariation=No	_	End=496.81	_	_	_	_
223-0	BO021	223	0	ah.	ah	_	_	_	_	_	linguistic	_	ContainsVariation=No	Intonation=Falling	Begin=496.879|End=497.037	_	_	_	_
224-0	BO072	224	0	mi	mi	_	_	_	_	_	linguistic	_	ContainsVariation=No	_	Begin=497.02	_	_	_	_
224-1	BO072	224	1	avevano	avevano	_	_	_	_	_	linguistic	_	ContainsVariation=No	_	_	_	_	_	_
224-2	BO072	224	2	fottuto	fottuto	_	_	_	_	_	linguistic	_	ContainsVariation=No	_	_	_	_	_	_
224-3	BO072	224	3	dieci	dieci	_	_	_	_	_	linguistic	_	ContainsVariation=No	_	_	_	_	_	_
224-4	BO072	224	4	cente[simi]	centesimi	_	_	_	_	_	linguistic	_	ContainsVariation=No	_	End=498.39	_	_	_	5-9(61)
225-0	BO048	225	0	[an]che	anche	_	_	_	_	_	linguistic	_	ContainsVariation=No	_	Begin=497.7	_	_	_	0-2(61)
225-1	BO048	225	1	maria	maria	_	_	_	_	_	linguistic	_	ContainsVariation=No	_	End=498.54	_	_	_	_
226-0	BO021	226	0	no	no	_	_	_	_	_	linguistic	_	ContainsVariation=No	_	Begin=498.55	_	_	_	_
226-1	BO021	226	1	eh,	eh	_	_	_	_	_	linguistic	_	ContainsVariation=No	Intonation=WeaklyRising	End=499.0	_	_	_	_
227-0	BO021	227	0	no	no	_	_	_	_	_	linguistic	_	ContainsVariation=No	_	Begin=499.63	_	_	_	_
227-1	BO021	227	1	io	io	_	_	_	_	_	linguistic	_	ContainsVariation=No	_	_	_	_	_	_
227-2	BO021	227	2	ficcando	ficcando	_	_	_	_	_	linguistic	_	ContainsVariation=No	_	_	_	_	_	_
227-3	BO021	227	3	la	la	_	_	_	_	_	linguistic	_	ContainsVariation=No	_	_	_	_	_	_
227-4	BO021	227	4	[mano	mano	_	_	_	_	_	linguistic	_	ContainsVariation=No	_	_	_	_	_	0-4(62)
227-5	BO021	227	5	nel	nel	_	_	_	_	_	linguistic	_	ContainsVariation=No	_	_	_	_	_	0-3(62)
227-6	BO021	227	6	forno]	forno	_	_	_	_	_	linguistic	_	ContainsVariation=No	_	_	_	_	_	0-5(62)
227-7	BO021	227	7	come	come	_	_	_	_	_	linguistic	_	ContainsVariation=No	_	_	_	_	_	_
227-8	BO021	227	8	una	una	_	_	_	_	_	linguistic	_	ContainsVariation=No	_	_	_	_	_	_
227-9	BO021	227	9	mongola	mongola	_	_	_	_	_	linguistic	_	ContainsVariation=No	PauseAfter=Yes	_	_	_	_	_
227-10	BO021	227	10	(.)	(.)	_	_	_	_	_	shortpause	_	ContainsVariation=No	_	_	_	_	_	_
227-11	BO021	227	11	tra	tra	_	_	_	_	_	linguistic	_	ContainsVariation=No	_	_	_	_	_	_
227-12	BO021	227	12	l'	l'	_	_	_	_	_	linguistic	_	ContainsVariation=No	SpaceAfter=No	_	_	_	_	_
227-13	BO021	227	13	altro	altro	_	_	_	_	_	linguistic	_	ContainsVariation=No	_	_	_	_	_	_
227-14	BO021	227	14	lo	lo	_	_	_	_	_	linguistic	_	ContainsVariation=No	_	_	_	_	_	_
227-15	BO021	227	15	sai	sai	_	_	_	_	_	linguistic	_	ContainsVariation=No	_	_	_	_	_	_
227-16	BO021	227	16	quando?	quando	_	_	_	_	_	linguistic	_	ContainsVariation=No	Intonation=Rising	_	_	_	_	_
227-17	BO021	227	17	[quando	quando	_	_	_	_	_	linguistic	_	ContainsVariation=No	_	_	_	_	_	0-6(63)
227-18	BO021	227	18	abbiamo	abbiamo	_	_	_	_	_	linguistic	_	ContainsVariation=No	_	_	_	_	_	0-7(63)
227-19	BO021	227	19	fa]tto	fatto	_	_	_	_	_	linguistic	_	ContainsVariation=No	_	_	_	_	_	0-2(63)
227-20	BO021	227	20	il	il	_	_	_	_	_	linguistic	_	ContainsVariation=No	_	_	_	_	_	_
227-21	BO021	227	21	gioco	gioco	_	_	_	_	_	linguistic	_	ContainsVariation=No	_	_	_	_	_	_
227-22	BO021	227	22	da	da	_	_	_	_	_	linguistic	_	ContainsVariation=No	_	_	_	_	_	_
227-23	BO021	227	23	tavolo	tavolo	_	_	_	_	_	linguistic	_	ContainsVariation=No	_	_	_	_	_	_
227-24	BO021	227	24	[a	a	_	_	_	_	_	linguistic	_	ContainsVariation=No	_	_	_	_	_	0-1(64)
227-25	BO021	227	25	casa]	casa	_	_	_	_	_	linguistic	_	ContainsVariation=No	_	End=506.72	_	_	_	0-4(64)
228-0	BO071	228	0	[bastarda]	bastarda	_	_	_	_	_	linguistic	_	ContainsVariation=No	_	Begin=500.74|End=501.9	_	_	_	0-8(62)
229-0	BO071	229	0	[i	i	_	_	_	_	_	linguistic	_	ContainsVariation=No	_	Begin=504.08	_	_	_	0-1(63)
229-1	BO071	229	1	miei	miei	_	_	_	_	_	linguistic	_	ContainsVariation=No	_	_	_	_	_	0-4(63)
229-2	BO071	229	2	die~]	die~	_	_	_	_	_	linguistic	_	ContainsVariation=No	Interrupted=Yes	End=505.38	_	_	_	0-4(63)
230-0	BO071	230	0	[i	i	_	_	_	_	_	linguistic	_	ContainsVariation=No	_	Begin=506.15	_	_	_	0-1(64)
230-1	BO071	230	1	miei]	miei	_	_	_	_	_	linguistic	_	ContainsVariation=No	_	_	_	_	_	0-4(64)
230-2	BO071	230	2	dieci	dieci	_	_	_	_	_	linguistic	_	ContainsVariation=No	_	_	_	_	_	_
230-3	BO071	230	3	centesimi	centesimi	_	_	_	_	_	linguistic	_	ContainsVariation=No	_	_	_	_	_	_
230-4	BO071	230	4	no	no	_	_	_	_	_	linguistic	_	ContainsVariation=No	_	End=507.23	_	_	_	_
231-0	BO048	231	0	quando	quando	_	_	_	_	_	linguistic	_	ContainsVariation=No	_	Begin=507.69	_	_	_	_
231-1	BO048	231	1	ho	ho	_	_	_	_	_	linguistic	_	ContainsVariation=No	_	_	_	_	_	_
231-2	BO048	231	2	sbigozzato?	sbigozzato	_	_	_	_	_	linguistic	_	ContainsVariation=No	Intonation=Rising	End=508.91	_	_	_	_
232-0	BO021	232	0	si.	si	_	_	_	_	_	linguistic	_	ContainsVariation=No	Intonation=Falling	Begin=508.922|End=509.414	_	_	_	_
233-0	BO048	233	0	ma	ma	_	_	_	_	_	linguistic	_	ContainsVariation=No	_	Begin=512.09	_	_	_	_
233-1	BO048	233	1	quindi	quindi	_	_	_	_	_	linguistic	_	ContainsVariation=No	_	_	_	_	_	_
233-2	BO048	233	2	ti	ti	_	_	_	_	_	linguistic	_	ContainsVariation=No	_	_	_	_	_	_
233-3	BO048	233	3	rimane?	rimane	_	_	_	_	_	linguistic	_	ContainsVariation=No	Intonation=Rising	End=512.918	_	_	_	_
234-0	BO071	234	0	tutto	tutto	_	_	_	_	_	linguistic	_	ContainsVariation=No	_	Begin=512.892	_	_	_	_
234-1	BO071	234	1	tranne	tranne	_	_	_	_	_	linguistic	_	ContainsVariation=No	_	_	_	_	_	_
234-2	BO071	234	2	quei	quei	_	_	_	_	_	linguistic	_	ContainsVariation=No	_	_	_	_	_	_
234-3	BO071	234	3	[dieci	dieci	_	_	_	_	_	linguistic	_	ContainsVariation=No	_	_	_	_	_	0-5(66)
234-4	BO071	234	4	centesimi]	centesimi	_	_	_	_	_	linguistic	_	ContainsVariation=No	_	End=514.49	_	_	_	0-9(66)
235-0	BO021	235	0	[sì	sì	_	_	_	_	_	linguistic	_	ContainsVariation=No	PauseAfter=Yes	Begin=513.2	_	_	_	0-2(66)
235-1	BO021	235	1	(.)	(.)	_	_	_	_	_	shortpause	_	ContainsVariation=No	_	_	_	_	_	X(66)
235-2	BO021	235	2	lo	lo	_	_	_	_	_	linguistic	_	ContainsVariation=No	_	_	_	_	_	0-2(66)
235-3	BO021	235	3	spero]	spero	_	_	_	_	_	linguistic	_	ContainsVariation=No	_	_	_	_	_	0-5(66)
235-4	BO021	235	4	>cioè<	cioè	_	_	_	_	_	linguistic	_	ContainsVariation=No	_	_	_	Fast=0-4(0)	_	_
235-5	BO021	235	5	mi	mi	_	_	_	_	_	linguistic	_	ContainsVariation=No	_	_	_	_	_	_
235-6	BO021	235	6	farebbe	farebbe	_	_	_	_	_	linguistic	_	ContainsVariation=No	_	_	_	_	_	_
235-7	BO021	235	7	piacere	piacere	_	_	_	_	_	linguistic	_	ContainsVariation=No	_	_	_	_	_	_
235-8	BO021	235	8	però	però	_	_	_	_	_	linguistic	_	ContainsVariation=No	_	_	_	_	_	_
235-9	BO021	235	9	secondo	secondo	_	_	_	_	_	linguistic	_	ContainsVariation=No	_	_	_	_	_	_
235-10	BO021	235	10	me	me	_	_	_	_	_	linguistic	_	ContainsVariation=No	_	_	_	_	_	_
235-11	BO021	235	11	si	si	_	_	_	_	_	linguistic	_	ContainsVariation=No	_	_	_	_	_	_
235-12	BO021	235	12	rimargina.	rimargina	_	_	_	_	_	linguistic	_	ContainsVariation=No	Intonation=Falling	End=517.24	_	_	_	_
236-0	BO021	236	0	>cioè<	cioè	_	_	_	_	_	linguistic	_	ContainsVariation=No	_	Begin=517.78	_	Fast=0-4(0)	_	_
236-1	BO021	236	1	avevo	avevo	_	_	_	_	_	linguistic	_	ContainsVariation=No	_	_	_	_	_	_
236-2	BO021	236	2	due	due	_	_	_	_	_	linguistic	_	ContainsVariation=No	_	_	_	_	_	_
236-3	BO021	236	3	stimgi~	stimgi~	_	_	_	_	_	linguistic	_	ContainsVariation=No	Interrupted=Yes	_	_	_	_	_
236-4	BO021	236	4	si	si	_	_	_	_	_	linguistic	_	ContainsVariation=No	_	_	_	_	_	_
236-5	BO021	236	5	erano	erano	_	_	_	_	_	linguistic	_	ContainsVariation=No	_	_	_	_	_	_
236-6	BO021	236	6	fatte	fatte	_	_	_	_	_	linguistic	_	ContainsVariation=No	_	_	_	_	_	_
236-7	BO021	236	7	due	due	_	_	_	_	_	linguistic	_	ContainsVariation=No	_	_	_	_	_	_
236-8	BO021	236	8	stigmati	stigmati	_	_	_	_	_	linguistic	_	ContainsVariation=No	_	_	_	_	_	_
236-9	BO021	236	9	sui	sui	_	_	_	_	_	linguistic	_	ContainsVariation=No	_	_	_	_	_	_
236-10	BO021	236	10	piedi:	piedi	_	_	_	_	_	linguistic	_	ContainsVariation=No	_	_	4x1	_	_	_
236-11	BO021	236	11	tale	tale	_	_	_	_	_	linguistic	_	ContainsVariation=No	_	_	_	_	_	_
236-12	BO021	236	12	e	e	_	_	_	_	_	linguistic	_	ContainsVariation=No	_	_	_	_	_	_
236-13	BO021	236	13	quale	quale	_	_	_	_	_	linguistic	_	ContainsVariation=No	_	_	_	_	_	_
236-14	BO021	236	14	e	e	_	_	_	_	_	linguistic	_	ContainsVariation=No	_	_	_	_	_	_
236-15	BO021	236	15	io	io	_	_	_	_	_	linguistic	_	ContainsVariation=No	_	_	_	_	_	_
236-16	BO021	236	16	speravo	speravo	_	_	_	_	_	linguistic	_	ContainsVariation=No	_	_	_	_	_	_
236-17	BO021	236	17	mi	mi	_	_	_	_	_	linguistic	_	ContainsVariation=No	_	_	_	_	_	_
236-18	BO021	236	18	rimanessero	rimanessero	_	_	_	_	_	linguistic	_	ContainsVariation=No	_	_	_	_	_	_
236-19	BO021	236	19	perché	perché	_	_	_	_	_	linguistic	_	ContainsVariation=No	_	_	_	_	_	_
236-20	BO021	236	20	così	così	_	_	_	_	_	linguistic	_	ContainsVariation=No	_	_	_	_	_	_
236-21	BO021	236	21	potevo	potevo	_	_	_	_	_	linguistic	_	ContainsVariation=No	_	_	_	_	_	_
236-22	BO021	236	22	andare	andare	_	_	_	_	_	linguistic	_	ContainsVariation=No	_	_	_	_	_	_
236-23	BO021	236	23	in	in	_	_	_	_	_	linguistic	_	ContainsVariation=No	_	_	_	_	_	_
236-24	BO021	236	24	giro	giro	_	_	_	_	_	linguistic	_	ContainsVariation=No	_	_	_	_	_	_
236-25	BO021	236	25	a	a	_	_	_	_	_	linguistic	_	ContainsVariation=No	_	_	_	_	_	_
236-26	BO021	236	26	dire	dire	_	_	_	_	_	linguistic	_	ContainsVariation=No	_	_	_	_	_	_
236-27	BO021	236	27	gu::arda::	guarda	_	_	_	_	_	linguistic	_	ContainsVariation=No	_	End=525.631	1x2,5x2	_	_	_
237-0	BO048	237	0	sono	sono	_	_	_	_	_	linguistic	_	ContainsVariation=No	_	Begin=525.631	_	_	_	_
237-1	BO048	237	1	beata	beata	_	_	_	_	_	linguistic	_	ContainsVariation=No	_	End=526.281	_	_	_	_
238-0	BO021	238	0	ho	ho	_	_	_	_	_	linguistic	_	ContainsVariation=No	_	Begin=526.281	_	_	_	_
238-1	BO021	238	1	le	le	_	_	_	_	_	linguistic	_	ContainsVariation=No	_	_	_	_	_	_
238-2	BO021	238	2	stigmati	stigmati	_	_	_	_	_	linguistic	_	ContainsVariation=No	_	End=527.333	_	_	_	_
239-0	BO021	239	0	>cioè<	cioè	_	_	_	_	_	linguistic	_	ContainsVariation=No	_	Begin=528.335	_	Fast=0-4(0)	_	_
239-1	BO021	239	1	capi'	capi'	_	_	_	_	_	linguistic	_	ContainsVariation=No	Truncated=Yes	_	_	Slow=0-5(0)	_	_
239-2	BO021	239	2	già	già	_	_	_	_	_	linguistic	_	ContainsVariation=No	_	_	_	Slow=0-3(0)	_	_
239-3	BO021	239	3	c'	c'	_	_	_	_	_	linguistic	_	ContainsVariation=No	SpaceAfter=No	_	_	Slow=0-2(0)	_	_
239-4	BO021	239	4	ho	ho	_	_	_	_	_	linguistic	_	ContainsVariation=No	_	_	_	Slow=0-2(0)	_	_
239-5	BO021	239	5	la	la	_	_	_	_	_	linguistic	_	ContainsVariation=No	_	_	_	Slow=0-2(0)	_	_
239-6	BO021	239	6	croce	croce	_	_	_	_	_	linguistic	_	ContainsVariation=No	_	_	_	Slow=0-5(0)	_	_
239-7	BO021	239	7	qua	qua	_	_	_	_	_	linguistic	_	ContainsVariation=No	_	_	_	Slow=0-3(0)	_	_
239-8	BO021	239	8	po'	po'	_	_	_	_	_	linguistic	_	ContainsVariation=No	_	_	_	Slow=0-3(0)	_	_
239-9	BO021	239	9	pure	pure	_	_	_	_	_	linguistic	_	ContainsVariation=No	_	_	_	Slow=0-4(0)	_	_
239-10	BO021	239	10	le	le	_	_	_	_	_	linguistic	_	ContainsVariation=No	_	_	_	Slow=0-2(0)	_	_
239-11	BO021	239	11	stigmati	stigmati	_	_	_	_	_	linguistic	_	ContainsVariation=No	_	_	_	Slow=0-8(0)	_	_
239-12	BO021	239	12	>cioè<	cioè	_	_	_	_	_	linguistic	_	ContainsVariation=No	_	_	_	Fast=0-4(1)	_	_
239-13	BO021	239	13	sto	sto	_	_	_	_	_	linguistic	_	ContainsVariation=No	_	_	_	_	_	_
239-14	BO021	239	14	se~	se~	_	_	_	_	_	linguistic	_	ContainsVariation=No	Interrupted=Yes	End=532.201	_	_	_	_
240-0	BO021	240	0	no	no	_	_	_	_	_	linguistic	_	ContainsVariation=No	_	Begin=532.7	_	_	_	_
240-1	BO021	240	1	comunque	comunque	_	_	_	_	_	linguistic	_	ContainsVariation=No	_	_	_	_	_	_
240-2	BO021	240	2	sì	sì	_	_	_	_	_	linguistic	_	ContainsVariation=No	_	_	_	_	_	_
240-3	BO021	240	3	secondo	secondo	_	_	_	_	_	linguistic	_	ContainsVariation=No	_	_	_	_	_	_
240-4	BO021	240	4	me::	me	_	_	_	_	_	linguistic	_	ContainsVariation=No	_	End=534.556	1x2	_	_	_
241-0	BO021	241	0	gesù	gesù	_	_	_	_	_	linguistic	_	ContainsVariation=No	_	Begin=534.906	_	_	_	_
241-1	BO021	241	1	mi	mi	_	_	_	_	_	linguistic	_	ContainsVariation=No	_	_	_	_	_	_
241-2	BO021	241	2	vuole	vuole	_	_	_	_	_	linguistic	_	ContainsVariation=No	_	_	_	_	_	_
241-3	BO021	241	3	beatificare	beatificare	_	_	_	_	_	linguistic	_	ContainsVariation=No	_	End=536.268	_	_	_	_
242-0	BO021	242	0	ca:zzo	cazzo	_	_	_	_	_	linguistic	_	ContainsVariation=No	_	Begin=536.871	1x1	_	_	_
242-1	BO021	242	1	posso	posso	_	_	_	_	_	linguistic	_	ContainsVariation=No	_	_	_	_	_	_
242-2	BO021	242	2	fa'	fa'	_	_	_	_	_	linguistic	_	ContainsVariation=No	Truncated=Yes	_	_	_	_	_
242-3	BO021	242	3	io	io	_	_	_	_	_	linguistic	_	ContainsVariation=No	_	_	_	_	_	_
242-4	BO021	242	4	da:nte	dante	_	_	_	_	_	linguistic	_	ContainsVariation=No	_	End=538.85	1x1	_	_	_
243-0	BO072	243	0	[questo	questo	_	_	_	_	_	linguistic	_	ContainsVariation=No	_	Begin=539.18	_	_	_	0-6(67)
243-1	BO072	243	1	moto]	moto	_	_	_	_	_	linguistic	_	ContainsVariation=No	_	_	_	_	_	0-4(67)
243-2	BO072	243	2	ondulatorio,	ondulatorio	_	_	_	_	_	linguistic	_	ContainsVariation=No	Intonation=WeaklyRising	End=540.052	_	_	_	_
244-0	BO048	244	0	[no	no	_	_	_	_	_	linguistic	_	ContainsVariation=No	_	Begin=539.2	_	_	_	0-2(67)
244-1	BO048	244	1	maria]	maria	_	_	_	_	_	linguistic	_	ContainsVariation=No	_	End=539.98	_	_	_	0-5(67)
245-0	BO021	245	0	ma	ma	_	_	_	_	_	linguistic	_	ContainsVariation=No	_	Begin=540.061	_	_	_	_
245-1	BO021	245	1	io	io	_	_	_	_	_	linguistic	_	ContainsVariation=No	_	_	_	_	_	_
245-2	BO021	245	2	mi	mi	_	_	_	_	_	linguistic	_	ContainsVariation=No	_	_	_	_	_	_
245-3	BO021	245	3	sto	sto	_	_	_	_	_	linguistic	_	ContainsVariation=No	_	_	_	_	_	_
245-4	BO021	245	4	[avviando	avviando	_	_	_	_	_	linguistic	_	ContainsVariation=No	_	_	_	_	_	0-8(75)
245-5	BO021	245	5	verso	verso	_	_	_	_	_	linguistic	_	ContainsVariation=No	_	_	_	_	_	0-5(75)
245-6	BO021	245	6	la	la	_	_	_	_	_	linguistic	_	ContainsVariation=No	_	_	_	_	_	0-2(75)
245-7	BO021	245	7	beatificazione	beatificazione	_	_	_	_	_	linguistic	_	ContainsVariation=No	_	_	_	_	_	0-14(75)
245-8	BO021	245	8	attraverso	attraverso	_	_	_	_	_	linguistic	_	ContainsVariation=No	_	_	_	_	_	0-10(75)
245-9	BO021	245	9	il	il	_	_	_	_	_	linguistic	_	ContainsVariation=No	_	_	_	_	_	0-2(75)
245-10	BO021	245	10	martirio],	martirio	_	_	_	_	_	linguistic	_	ContainsVariation=No	Intonation=WeaklyRising	End=543.728	_	_	_	0-8(75)
246-0	BO071	246	0	[in	in	_	_	_	_	_	linguistic	_	ContainsVariation=No	_	Begin=540.83	_	_	_	0-2(75)
246-1	BO071	246	1	verità	verità	_	_	_	_	_	linguistic	_	ContainsVariation=No	_	_	_	_	_	0-6(75)
246-2	BO071	246	2	tu	tu	_	_	_	_	_	linguistic	_	ContainsVariation=No	_	_	_	_	_	0-2(75)
246-3	BO071	246	3	sei	sei	_	_	_	_	_	linguistic	_	ContainsVariation=No	_	_	_	_	_	0-3(75)
246-4	BO071	246	4	un	un	_	_	_	_	_	linguistic	_	ContainsVariation=No	_	_	_	_	_	0-2(75)
246-5	BO071	246	5	unico	unico	_	_	_	_	_	linguistic	_	ContainsVariation=No	_	_	_	_	_	0-5(75)
246-6	BO071	246	6	grande	grande	_	_	_	_	_	linguistic	_	ContainsVariation=No	_	_	_	_	_	0-6(75)
246-7	BO071	246	7	cazzo]	cazzo	_	_	_	_	_	linguistic	_	ContainsVariation=No	_	End=542.8	_	_	_	0-5(75)
247-0	BO048	247	0	[non	non	_	_	_	_	_	linguistic	_	ContainsVariation=No	_	Begin=542.15	_	_	_	0-3(75)
247-1	BO048	247	1	sei	sei	_	_	_	_	_	linguistic	_	ContainsVariation=No	_	_	_	_	_	0-3(75)
247-2	BO048	247	2	un	un	_	_	_	_	_	linguistic	_	ContainsVariation=No	_	_	_	_	_	0-2(75)
247-3	BO048	247	3	personaggio	personaggio	_	_	_	_	_	linguistic	_	ContainsVariation=No	_	_	_	_	_	0-11(75)
247-4	BO048	247	4	televisivo]	televisivo	_	_	_	_	_	linguistic	_	ContainsVariation=No	_	End=543.732	_	_	_	0-10(75)
248-0	BO071	248	0	che	che	_	_	_	_	_	linguistic	_	ContainsVariation=No	_	Begin=543.732	_	_	_	_
248-1	BO071	248	1	prende	prende	_	_	_	_	_	linguistic	_	ContainsVariation=No	_	_	_	_	_	_
248-2	BO071	248	2	le	le	_	_	_	_	_	linguistic	_	ContainsVariation=No	_	_	_	_	_	_
248-3	BO071	248	3	sembianze	sembianze	_	_	_	_	_	linguistic	_	ContainsVariation=No	_	_	_	_	_	_
248-4	BO071	248	4	di	di	_	_	_	_	_	linguistic	_	ContainsVariation=No	_	_	_	_	_	_
248-5	BO071	248	5	maurizio	maurizio	_	_	_	_	_	linguistic	_	ContainsVariation=No	_	_	_	_	_	_
248-6	BO071	248	6	ma	ma	_	_	_	_	_	linguistic	_	ContainsVariation=No	_	_	_	_	_	_
248-7	BO071	248	7	tu	tu	_	_	_	_	_	linguistic	_	ContainsVariation=No	_	_	_	_	_	_
248-8	BO071	248	8	in	in	_	_	_	_	_	linguistic	_	ContainsVariation=No	_	_	_	_	_	_
248-9	BO071	248	9	verità	verità	_	_	_	_	_	linguistic	_	ContainsVariation=No	_	_	_	_	_	_
248-10	BO071	248	10	tu	tu	_	_	_	_	_	linguistic	_	ContainsVariation=No	_	_	_	_	_	_
248-11	BO071	248	11	sei~	sei~	_	_	_	_	_	linguistic	_	ContainsVariation=No	Interrupted=Yes	_	_	_	_	_
248-12	BO071	248	12	tu	tu	_	_	_	_	_	linguistic	_	ContainsVariation=No	_	_	_	_	_	_
248-13	BO071	248	13	sei	sei	_	_	_	_	_	linguistic	_	ContainsVariation=No	_	_	_	_	_	_
248-14	BO071	248	14	[ancora	ancora	_	_	_	_	_	linguistic	_	ContainsVariation=No	_	_	_	_	_	0-6(76)
248-15	BO071	248	15	a	a	_	_	_	_	_	linguistic	_	ContainsVariation=No	_	_	_	_	_	0-1(76)
248-16	BO071	248	16	casa,	casa	_	_	_	_	_	linguistic	_	ContainsVariation=No	Intonation=WeaklyRising	_	_	_	_	0-4(76)
248-17	BO071	248	17	capito]?	capito	_	_	_	_	_	linguistic	_	ContainsVariation=No	Intonation=Rising	End=546.64	_	_	_	0-6(76)
249-0	BO048	249	0	[mi	mi	_	_	_	_	_	linguistic	_	ContainsVariation=No	_	Begin=545.73	_	_	_	0-2(?)
249-1	BO048	249	1	spiace,	spiace	_	_	_	_	_	linguistic	_	ContainsVariation=No	Intonation=WeaklyRising	_	_	_	_	0-6(?)
249-2	BO048	249	2	ma	ma	_	_	_	_	_	linguistic	_	ContainsVariation=No	_	_	_	_	_	0-2(?)
249-3	BO048	249	3	devi	devi	_	_	_	_	_	linguistic	_	ContainsVariation=No	_	_	_	_	_	0-4(?)
249-4	BO048	249	4	resta']	resta'	_	_	_	_	_	linguistic	_	ContainsVariation=No	Truncated=Yes	_	_	_	_	0-6(?)
249-5	BO048	249	5	un	un	_	_	_	_	_	linguistic	_	ContainsVariation=No	_	_	_	_	_	_
249-6	BO048	249	6	[mese	mese	_	_	_	_	_	linguistic	_	ContainsVariation=No	_	_	_	_	_	0-4(?)
249-7	BO048	249	7	ferma	ferma	_	_	_	_	_	linguistic	_	ContainsVariation=No	_	_	_	_	_	0-5(?)
249-8	BO048	249	8	sulla	sulla	_	_	_	_	_	linguistic	_	ContainsVariation=No	_	_	_	_	_	0-5(?)
249-9	BO048	249	9	rai,	rai	_	_	_	_	_	linguistic	_	ContainsVariation=No	Intonation=WeaklyRising|PauseAfter=Yes	_	_	_	_	0-3(?)
249-10	BO048	249	10	(.)	(.)	_	_	_	_	_	shortpause	_	ContainsVariation=No	_	_	_	_	_	X(?)
249-11	BO048	249	11	almeno]	almeno	_	_	_	_	_	linguistic	_	ContainsVariation=No	_	End=548.74	_	_	_	0-6(?)
250-0	BO072	250	0	[eh	eh	_	_	_	_	_	linguistic	_	ContainsVariation=No	_	Begin=546.43	_	_	_	0-2(76)
250-1	BO072	250	1	sì	sì	_	_	_	_	_	linguistic	_	ContainsVariation=No	_	_	_	_	_	0-2(76)
250-2	BO072	250	2	e	e	_	_	_	_	_	linguistic	_	ContainsVariation=No	_	_	_	_	_	0-1(76)
250-3	BO072	250	3	sei	sei	_	_	_	_	_	linguistic	_	ContainsVariation=No	_	_	_	_	_	0-3(76)
250-4	BO072	250	4	io	io	_	_	_	_	_	linguistic	_	ContainsVariation=No	_	_	_	_	_	0-2(76)
250-5	BO072	250	5	sono	sono	_	_	_	_	_	linguistic	_	ContainsVariation=No	_	_	_	_	_	0-4(76)
250-6	BO072	250	6	un	un	_	_	_	_	_	linguistic	_	ContainsVariation=No	_	_	_	_	_	0-2(76)
250-7	BO072	250	7	cazzo	cazzo	_	_	_	_	_	linguistic	_	ContainsVariation=No	_	_	_	_	_	0-5(76)
250-8	BO072	250	8	tu	tu	_	_	_	_	_	linguistic	_	ContainsVariation=No	_	_	_	_	_	0-2(76)
250-9	BO072	250	9	che	che	_	_	_	_	_	linguistic	_	ContainsVariation=No	_	_	_	_	_	0-3(76)
250-10	BO072	250	10	sei,	sei	_	_	_	_	_	linguistic	_	ContainsVariation=No	Intonation=WeaklyRising	_	_	_	_	0-3(76)
250-11	BO072	250	11	un	un	_	_	_	_	_	linguistic	_	ContainsVariation=No	_	_	_	_	_	0-2(76)
250-12	BO072	250	12	salame]	salame	_	_	_	_	_	linguistic	_	ContainsVariation=No	_	_	_	_	_	0-6(76)
250-13	BO072	250	13	lesso?	lesso	_	_	_	_	_	linguistic	_	ContainsVariation=No	Intonation=Rising	End=549.09	_	_	_	_
251-0	BO021	251	0	oka:y.	okay	_	_	_	_	_	linguistic	_	ContainsVariation=No	Intonation=Falling	Begin=549.4|End=549.97	2x1	_	_	_
252-0	BO071	252	0	eh	eh	_	_	_	_	_	linguistic	_	ContainsVariation=No	_	Begin=549.974	_	_	_	_
252-1	BO071	252	1	comunque,	comunque	_	_	_	_	_	linguistic	_	ContainsVariation=No	Intonation=WeaklyRising	End=550.326	_	_	_	_
253-0	BO021	253	0	però	però	_	_	_	_	_	linguistic	_	ContainsVariation=No	_	Begin=550.32	_	_	_	_
253-1	BO021	253	1	i	i	_	_	_	_	_	linguistic	_	ContainsVariation=No	_	_	_	_	_	_
253-2	BO021	253	2	segni	segni	_	_	_	_	_	linguistic	_	ContainsVariation=No	_	_	_	_	_	_
253-3	BO021	253	3	mi	mi	_	_	_	_	_	linguistic	_	ContainsVariation=No	_	_	_	_	_	_
253-4	BO021	253	4	stanno	stanno	_	_	_	_	_	linguistic	_	ContainsVariation=No	_	_	_	_	_	_
253-5	BO021	253	5	[comparendo	comparendo	_	_	_	_	_	linguistic	_	ContainsVariation=No	_	_	_	_	_	0-10(69)
253-6	BO021	253	6	addosso]	addosso	_	_	_	_	_	linguistic	_	ContainsVariation=No	_	End=552.839	_	_	_	0-7(69)
254-0	BO071	254	0	[un	un	_	_	_	_	_	linguistic	_	ContainsVariation=No	_	Begin=551.682	_	_	_	0-2(69)
254-1	BO071	254	1	altro	altro	_	_	_	_	_	linguistic	_	ContainsVariation=No	_	_	_	_	_	0-5(69)
254-2	BO071	254	2	coglione]	coglione	_	_	_	_	_	linguistic	_	ContainsVariation=No	_	End=552.864	_	_	_	0-8(69)
255-0	BO048	255	0	è	è	_	_	_	_	_	linguistic	_	ContainsVariation=No	_	Begin=553.11	_	_	_	_
255-1	BO048	255	1	vero.	vero	_	_	_	_	_	linguistic	_	ContainsVariation=No	Intonation=Falling|PauseAfter=Yes	_	_	_	_	_
255-2	BO048	255	2	(.)	(.)	_	_	_	_	_	shortpause	_	ContainsVariation=No	_	_	_	_	_	_
255-3	BO048	255	3	un	un	_	_	_	_	_	linguistic	_	ContainsVariation=No	_	_	_	_	_	_
255-4	BO048	255	4	pochino	pochino	_	_	_	_	_	linguistic	_	ContainsVariation=No	_	_	_	_	_	_
255-5	BO048	255	5	di	di	_	_	_	_	_	linguistic	_	ContainsVariation=No	_	_	_	_	_	_
255-6	BO048	255	6	beatificazione	beatificazione	_	_	_	_	_	linguistic	_	ContainsVariation=No	_	_	_	_	_	_
255-7	BO048	255	7	c'	c'	_	_	_	_	_	linguistic	_	ContainsVariation=No	SpaceAfter=No	_	_	_	_	_
255-8	BO048	255	8	è	è	_	_	_	_	_	linguistic	_	ContainsVariation=No	_	End=555.017	_	_	_	_
256-0	BO071	256	0	però	però	_	_	_	_	_	linguistic	_	ContainsVariation=No	_	Begin=555.017	_	_	_	_
256-1	BO071	256	1	tu	tu	_	_	_	_	_	linguistic	_	ContainsVariation=No	_	_	_	_	_	_
256-2	BO071	256	2	sei	sei	_	_	_	_	_	linguistic	_	ContainsVariation=No	_	_	_	_	_	_
256-3	BO071	256	3	una	una	_	_	_	_	_	linguistic	_	ContainsVariation=No	_	_	_	_	_	_
256-4	BO071	256	4	testa	testa	_	_	_	_	_	linguistic	_	ContainsVariation=No	_	_	_	_	_	_
256-5	BO071	256	5	di	di	_	_	_	_	_	linguistic	_	ContainsVariation=No	_	_	_	_	_	_
256-6	BO071	256	6	cazzo	cazzo	_	_	_	_	_	linguistic	_	ContainsVariation=No	_	End=556.517	_	_	_	_
257-0	BO048	257	0	puoi	puoi	_	_	_	_	_	linguistic	_	ContainsVariation=No	_	Begin=556.52	_	_	_	_
257-1	BO048	257	1	far[e:::	fare	_	_	_	_	_	linguistic	_	ContainsVariation=No	PauseAfter=Yes	_	3x3	_	_	3-4(77)
257-2	BO048	257	2	(.)	(.)	_	_	_	_	_	shortpause	_	ContainsVariation=No	_	_	_	_	_	X(77)
257-3	BO048	257	3	puoi	puoi	_	_	_	_	_	linguistic	_	ContainsVariation=No	_	_	_	_	_	0-4(77)
257-4	BO048	257	4	fare:::]	fare	_	_	_	_	_	linguistic	_	ContainsVariation=No	_	End=558.52	3x3	_	_	0-4(77)
258-0	BO021	258	0	[un	un	_	_	_	_	_	linguistic	_	ContainsVariation=No	_	Begin=556.79	_	_	_	0-2(77)
258-1	BO021	258	1	po'	po'	_	_	_	_	_	linguistic	_	ContainsVariation=No	_	_	_	_	_	0-3(77)
258-2	BO021	258	2	di	di	_	_	_	_	_	linguistic	_	ContainsVariation=No	_	_	_	_	_	0-2(77)
258-3	BO021	258	3	odor	odor	_	_	_	_	_	linguistic	_	ContainsVariation=No	_	_	_	_	_	0-4(77)
258-4	BO021	258	4	di	di	_	_	_	_	_	linguistic	_	ContainsVariation=No	_	_	_	_	_	0-2(77)
258-5	BO021	258	5	santità]?	santità	_	_	_	_	_	linguistic	_	ContainsVariation=No	Intonation=Rising	End=558.14	_	_	_	0-7(77)
259-0	BO071	259	0	[ade'	ade'	_	_	_	_	_	linguistic	_	ContainsVariation=No	Truncated=Yes	Begin=557.91	_	_	_	0-4(77)
259-1	BO071	259	1	te]	te	_	_	_	_	_	linguistic	_	ContainsVariation=No	_	_	_	_	_	0-2(77)
259-2	BO071	259	2	l'	l'	_	_	_	_	_	linguistic	_	ContainsVariation=No	SpaceAfter=No	_	_	_	_	_
259-3	BO071	259	3	accolli	accolli	_	_	_	_	_	linguistic	_	ContainsVariation=No	_	End=558.78	_	_	_	_
260-0	BO021	260	0	odor	odor	_	_	_	_	_	linguistic	_	ContainsVariation=No	_	Begin=558.785	_	_	_	_
260-1	BO021	260	1	di	di	_	_	_	_	_	linguistic	_	ContainsVariation=No	_	_	_	_	_	_
260-2	BO021	260	2	santità::	santità	_	_	_	_	_	linguistic	_	ContainsVariation=No	_	End=560.335	6x2	_	_	_
261-0	BO048	261	0	come	come	_	_	_	_	_	linguistic	_	ContainsVariation=No	_	Begin=560.8	_	_	_	_
261-1	BO048	261	1	san	san	_	_	_	_	_	linguistic	_	ContainsVariation=No	_	_	_	_	_	_
261-2	BO048	261	2	bernardo	bernardo	_	_	_	_	_	linguistic	_	ContainsVariation=No	_	End=562.1	_	_	_	_
262-0	BO072	262	0	specialmente	specialmente	_	_	_	_	_	linguistic	_	ContainsVariation=No	_	Begin=563.49	_	_	_	_
262-1	BO072	262	1	[xxx]	xxx	_	_	_	_	_	unknown	_	ContainsVariation=No	Syllables=3	End=564.78	_	_	_	0-3(70)
263-0	BO021	263	0	[perché]?	perché	_	_	_	_	_	linguistic	_	ContainsVariation=No	Intonation=Rising	Begin=563.69	_	_	_	0-6(70)
263-1	BO021	263	1	aveva	aveva	_	_	_	_	_	linguistic	_	ContainsVariation=No	_	_	_	_	_	_
263-2	BO021	263	2	le	le	_	_	_	_	_	linguistic	_	ContainsVariation=No	_	_	_	_	_	_
263-3	BO021	263	3	stimmati?	stimmati	_	_	_	_	_	linguistic	_	ContainsVariation=No	Intonation=Rising	End=564.97	_	_	_	_
264-0	BO048	264	0	no.	no	_	_	_	_	_	linguistic	_	ContainsVariation=No	Intonation=Falling	Begin=564.98|End=565.14	_	_	_	_
265-0	BO071	265	0	da	da	_	_	_	_	_	linguistic	_	ContainsVariation=No	_	Begin=565.14	_	_	_	_
265-1	BO071	265	1	terra?	terra	_	_	_	_	_	linguistic	_	ContainsVariation=No	Intonation=Rising	End=565.81	_	_	_	_
266-0	BO021	266	0	((ride))	((ride))	_	_	_	_	_	nonverbalbehavior	_	ContainsVariation=No	_	Begin=565.873|End=566.21	_	_	_	_
267-0	BO071	267	0	cioè?	cioè	_	_	_	_	_	linguistic	_	ContainsVariation=No	Intonation=Rising	Begin=566.42|End=566.88	_	_	_	_
268-0	BO021	268	0	aveva	aveva	_	_	_	_	_	linguistic	_	ContainsVariation=No	_	Begin=568.01	_	_	_	_
268-1	BO021	268	1	la	la	_	_	_	_	_	linguistic	_	ContainsVariation=No	_	_	_	_	_	_
268-2	BO021	268	2	croce	croce	_	_	_	_	_	linguistic	_	ContainsVariation=No	_	_	_	_	_	_
268-3	BO021	268	3	sul	sul	_	_	_	_	_	linguistic	_	ContainsVariation=No	_	_	_	_	_	_
268-4	BO021	268	4	polso?	polso	_	_	_	_	_	linguistic	_	ContainsVariation=No	Intonation=Rising	End=569.35	_	_	_	_
269-0	BO048	269	0	no.	no	_	_	_	_	_	linguistic	_	ContainsVariation=No	Intonation=Falling	Begin=569.463|End=569.891	_	_	_	_
270-0	BO048	270	0	era	era	_	_	_	_	_	linguistic	_	ContainsVariation=No	_	Begin=570.78	_	_	_	_
270-1	BO048	270	1	san	san	_	_	_	_	_	linguistic	_	ContainsVariation=No	_	_	_	_	_	_
270-2	BO048	270	2	bernardo	bernardo	_	_	_	_	_	linguistic	_	ContainsVariation=No	_	End=572.39	_	_	_	_
271-0	BO048	271	0	cane	cane	_	_	_	_	_	linguistic	_	ContainsVariation=No	_	Begin=572.7	_	_	_	_
271-1	BO048	271	1	e	e	_	_	_	_	_	linguistic	_	ContainsVariation=No	_	_	_	_	_	_
271-2	BO048	271	2	pure	pure	_	_	_	_	_	linguistic	_	ContainsVariation=No	_	_	_	_	_	_
271-3	BO048	271	3	[di:o].	dio	_	_	_	_	_	linguistic	_	ContainsVariation=No	Intonation=Falling	End=574.31	1x1	_	_	0-3(71)
272-0	BO072	272	0	[tipo]	tipo	_	_	_	_	_	linguistic	_	ContainsVariation=No	_	Begin=573.61	_	_	_	0-4(71)
272-1	BO072	272	1	se:	se	_	_	_	_	_	linguistic	_	ContainsVariation=No	_	_	1x1	_	_	_
272-2	BO072	272	2	io	io	_	_	_	_	_	linguistic	_	ContainsVariation=No	_	_	_	_	_	_
272-3	BO072	272	3	vado	vado	_	_	_	_	_	linguistic	_	ContainsVariation=No	_	_	_	_	_	_
272-4	BO072	272	4	da	da	_	_	_	_	_	linguistic	_	ContainsVariation=No	_	_	_	_	_	_
272-5	BO072	272	5	maria	maria	_	_	_	_	_	linguistic	_	ContainsVariation=No	_	_	_	_	_	_
272-6	BO072	272	6	e	e	_	_	_	_	_	linguistic	_	ContainsVariation=No	_	_	_	_	_	_
272-7	BO072	272	7	faccio	faccio	_	_	_	_	_	linguistic	_	ContainsVariation=No	_	_	_	_	_	_
272-8	BO072	272	8	così	così	_	_	_	_	_	linguistic	_	ContainsVariation=No	_	_	_	_	_	_
272-9	BO072	272	9	a::h	ah	_	_	_	_	_	linguistic	_	ContainsVariation=No	_	_	0x2	_	_	_
272-10	BO072	272	10	mentre	mentre	_	_	_	_	_	linguistic	_	ContainsVariation=No	_	_	_	_	_	_
272-11	BO072	272	11	lei	lei	_	_	_	_	_	linguistic	_	ContainsVariation=No	_	_	_	_	_	_
272-12	BO072	272	12	[c'	c'	_	_	_	_	_	linguistic	_	ContainsVariation=No	SpaceAfter=No	_	_	_	_	0-2(72)
272-13	BO072	272	13	ha	ha	_	_	_	_	_	linguistic	_	ContainsVariation=No	_	_	_	_	_	0-2(72)
272-14	BO072	272	14	la	la	_	_	_	_	_	linguistic	_	ContainsVariation=No	_	_	_	_	_	0-2(72)
272-15	BO072	272	15	palla]	palla	_	_	_	_	_	linguistic	_	ContainsVariation=No	_	_	_	_	_	0-5(72)
272-16	BO072	272	16	quello	quello	_	_	_	_	_	linguistic	_	ContainsVariation=No	_	_	_	_	_	_
272-17	BO072	272	17	è	è	_	_	_	_	_	linguistic	_	ContainsVariation=No	_	_	_	_	_	_
272-18	BO072	272	18	fallo	fallo	_	_	_	_	_	linguistic	_	ContainsVariation=No	_	_	_	_	_	_
272-19	BO072	272	19	d'	d'	_	_	_	_	_	linguistic	_	ContainsVariation=No	SpaceAfter=No	_	_	_	_	_
272-20	BO072	272	20	atterro	atterro	_	_	_	_	_	linguistic	_	ContainsVariation=No	_	End=578.32	_	_	_	_
273-0	BO071	273	0	[e	e	_	_	_	_	_	linguistic	_	ContainsVariation=No	_	Begin=576.54	_	_	_	0-1(72)
273-1	BO071	273	1	invece	invece	_	_	_	_	_	linguistic	_	ContainsVariation=No	_	_	_	_	_	0-6(72)
273-2	BO071	273	2	no]	no	_	_	_	_	_	linguistic	_	ContainsVariation=No	_	End=577.32	_	_	_	0-2(72)
274-0	BO048	274	0	ragà	ragà	_	_	_	_	_	linguistic	_	ContainsVariation=No	_	Begin=579.79	_	_	_	_
274-1	BO048	274	1	io	io	_	_	_	_	_	linguistic	_	ContainsVariation=No	_	_	_	_	_	_
274-2	BO048	274	2	[scappo	scappo	_	_	_	_	_	linguistic	_	ContainsVariation=No	_	_	_	_	_	0-6(73)
274-3	BO048	274	3	a	a	_	_	_	_	_	linguistic	_	ContainsVariation=No	_	_	_	_	_	0-1(73)
274-4	BO048	274	4	lezio]ne	lezione	_	_	_	_	_	linguistic	_	ContainsVariation=No	_	End=581.11	_	_	_	0-5(73)
275-0	BO071	275	0	[d'	d'	_	_	_	_	_	linguistic	_	ContainsVariation=No	SpaceAfter=No	Begin=579.94	_	_	_	0-2(73)
275-1	BO071	275	1	atterro]?	atterro	_	_	_	_	_	linguistic	_	ContainsVariation=No	Intonation=Rising	End=580.92	_	_	_	0-7(73)
276-0	BO021	276	0	io	io	_	_	_	_	_	linguistic	_	ContainsVariation=No	_	Begin=581.62	_	_	_	_
276-1	BO021	276	1	pure	pure	_	_	_	_	_	linguistic	_	ContainsVariation=No	_	_	_	_	_	_
276-2	BO021	276	2	rientro	rientro	_	_	_	_	_	linguistic	_	ContainsVariation=No	_	_	_	_	_	_
276-3	BO021	276	3	a	a	_	_	_	_	_	linguistic	_	ContainsVariation=No	_	_	_	_	_	_
276-4	BO021	276	4	studiare	studiare	_	_	_	_	_	linguistic	_	ContainsVariation=No	_	End=583.51	_	_	_	_
