token_id	speaker	tu_id	unit	id	span	form	lemma	upos	xpos	feats	deprel	type	meta_label	variation	jefferson_feats	align	prolongations	pace	guesses	overlaps
0-0	???	0	0	0	allora	allora	_	_	_	_	_	linguistic	_	none	_	Begin=7.7	_	_	_	_
0-1	???	0	0	1	io	io	_	_	_	_	_	linguistic	_	none	_	_	_	_	_	_
0-2	???	0	0	2	sarò::	sarò	_	_	_	_	_	linguistic	_	none	_	_	3x2	_	_	_
0-3	???	0	0	3	sarò	sarò	_	_	_	_	_	linguistic	_	none	_	_	_	_	_	_
0-4	???	0	0	4	qui	qui	_	_	_	_	_	linguistic	_	none	_	_	_	_	_	_
0-5	???	0	0	5	acca[nto].	accanto	_	_	_	_	_	linguistic	_	none	Intonation=Falling	End=10.081	_	_	_	4-7(0)
1-0	BO104	1	1	0	[d'	d'	_	_	_	_	_	linguistic	_	none	SpaceAfter=No	Begin=9.69	_	_	_	0-2(0)
1-1	BO104	1	1	1	acc]ordo	accordo	_	_	_	_	_	linguistic	_	none	_	_	_	_	_	0-3(0)
1-2	BO104	1	1	2	noi	noi	_	_	_	_	_	linguistic	_	none	_	_	_	_	_	_
1-3	BO104	1	1	3	ne	ne	_	_	_	_	_	linguistic	_	none	_	_	_	_	_	_
1-4	BO104	1	1	4	avremo	avremo	_	_	_	_	_	linguistic	_	none	_	_	_	_	_	_
1-5	BO104	1	1	5	penso	penso	_	_	_	_	_	linguistic	_	none	_	_	_	_	_	_
1-6	BO104	1	1	6	per	per	_	_	_	_	_	linguistic	_	none	_	_	_	_	_	_
1-7	BO104	1	1	7	una	una	_	_	_	_	_	linguistic	_	none	_	_	_	_	_	_
1-8	BO104	1	1	8	ventina	ventina	_	_	_	_	_	linguistic	_	none	_	_	_	_	_	_
1-9	BO104	1	1	9	di	di	_	_	_	_	_	linguistic	_	none	_	_	_	_	_	_
1-10	BO104	1	1	10	minuti	minuti	_	_	_	_	_	linguistic	_	none	_	_	_	_	_	_
1-11	BO104	1	1	11	[perché	perché	_	_	_	_	_	linguistic	_	none	_	_	_	_	_	0-6(1)
1-12	BO104	1	1	12	poi]	poi	_	_	_	_	_	linguistic	_	none	_	_	_	_	_	0-3(1)
1-13	BO104	1	1	13	l'	l'	_	_	_	_	_	linguistic	_	none	SpaceAfter=No	_	_	_	_	_
1-14	BO104	1	1	14	esame	esame	_	_	_	_	_	linguistic	_	none	_	_	_	_	_	_
1-15	BO104	1	1	15	è	è	_	_	_	_	_	linguistic	_	none	_	_	_	_	_	_
1-16	BO104	1	1	16	diviso	diviso	_	_	_	_	_	linguistic	_	none	_	_	_	_	_	_
1-17	BO104	1	1	17	in	in	_	_	_	_	_	linguistic	_	none	_	_	_	_	_	_
1-18	BO104	1	1	18	due	due	_	_	_	_	_	linguistic	_	none	_	_	_	_	_	_
1-19	BO104	1	1	19	parti	parti	_	_	_	_	_	linguistic	_	none	_	_	_	_	_	_
1-20	BO104	1	1	20	quindi::	quindi	_	_	_	_	_	linguistic	_	none	_	End=14.698	5x2	_	_	_
2-0	???	2	2	0	[perfetto]	perfetto	_	_	_	_	_	linguistic	_	none	_	Begin=12.06|End=12.93	_	_	_	0-8(1)
3-0	???	3	3	0	grazie	grazie	_	_	_	_	_	linguistic	_	none	_	Begin=15.456	_	_	_	_
3-1	???	3	3	1	mil[le].	mille	_	_	_	_	_	linguistic	_	none	Intonation=Falling	End=16.296	_	_	_	3-5(2)
4-0	BO104	4	4	0	[pre][go].	prego	_	_	_	_	_	linguistic	_	none	Intonation=Falling	Begin=16.111|End=16.886	_	_	_	0-3(2),3-5(91)
5-0	BO105	5	5	0	[cia][o].	ciao	_	_	_	_	_	linguistic	_	none	Intonation=Falling	Begin=16.486|End=17.1	_	_	_	3-4(?)
6-0	???	6	6	0	[a	a	_	_	_	_	_	linguistic	_	none	_	Begin=16.88	_	_	_	0-1(91)
6-1	???	6	6	1	fra]	fra	_	_	_	_	_	linguistic	_	none	_	_	_	_	_	0-3(91)
6-2	???	6	6	2	poco.	poco	_	_	_	_	_	linguistic	_	none	Intonation=Falling	End=17.54	_	_	_	_
7-0	BO104	7	7	0	allora	allora	_	_	_	_	_	linguistic	_	none	_	Begin=20.675	_	_	_	_
7-1	BO104	7	7	1	senti	senti	_	_	_	_	_	linguistic	_	none	_	_	_	_	_	_
7-2	BO104	7	7	2	ti	ti	_	_	_	_	_	linguistic	_	none	_	_	_	_	_	_
7-3	BO104	7	7	3	vorrei	vorrei	_	_	_	_	_	linguistic	_	none	_	_	_	_	_	_
7-4	BO104	7	7	4	chiedere	chiedere	_	_	_	_	_	linguistic	_	none	_	_	_	_	_	_
7-5	BO104	7	7	5	di,	di	_	_	_	_	_	linguistic	_	none	Intonation=WeaklyRising	_	_	_	_	_
7-6	BO104	7	7	6	parlare	parlare	_	_	_	_	_	linguistic	_	none	_	_	_	_	_	_
7-7	BO104	7	7	7	di	di	_	_	_	_	_	linguistic	_	none	_	_	_	_	_	_
7-8	BO104	7	7	8	valutazione.	valutazione	_	_	_	_	_	linguistic	_	none	Intonation=Falling	End=23.995	_	_	_	_
8-0	BO105	8	8	0	sì	sì	_	_	_	_	_	linguistic	_	none	_	Begin=24.0|End=24.274	_	_	_	_
9-0	BO104	9	9	0	intanto	intanto	_	_	_	_	_	linguistic	_	none	_	Begin=24.274	_	_	_	_
9-1	BO104	9	9	1	che	che	_	_	_	_	_	linguistic	_	none	_	_	_	_	_	_
9-2	BO104	9	9	2	cosa	cosa	_	_	_	_	_	linguistic	_	none	_	_	_	_	_	_
9-3	BO104	9	9	3	s'	s'	_	_	_	_	_	linguistic	_	none	SpaceAfter=No	_	_	_	_	_
9-4	BO104	9	9	4	(intende	intende	_	_	_	_	_	linguistic	_	none	_	_	_	_	_	_
9-5	BO104	9	9	5	con	con	_	_	_	_	_	linguistic	_	none	_	_	_	_	_	_
9-6	BO104	9	9	6	valutazione	valutazione	_	_	_	_	_	linguistic	_	none	_	_	_	_	_	_
9-7	BO104	9	9	7	testing,	testing	_	_	_	_	_	linguistic	_	none	Intonation=WeaklyRising	End=27.46	_	_	_	_
10-0	BO105	10	10	0	allora	allora	_	_	_	_	_	linguistic	_	none	_	Begin=27.473	_	_	_	_
10-1	BO105	10	10	1	e::hm	ehm	_	_	_	_	_	linguistic	_	none	_	_	0x2	_	_	_
10-2	BO105	10	10	2	la	la	_	_	_	_	_	linguistic	_	none	_	_	_	_	_	_
10-3	BO105	10	10	3	valutazione,	valutazione	_	_	_	_	_	linguistic	_	none	Intonation=WeaklyRising	_	_	_	_	_
10-4	BO105	10	10	4	diciamo	diciamo	_	_	_	_	_	linguistic	_	none	_	_	_	_	_	_
10-5	BO105	10	10	5	che:	che	_	_	_	_	_	linguistic	_	none	_	_	2x1	_	_	_
10-6	BO105	10	10	6	non	non	_	_	_	_	_	linguistic	_	none	_	_	_	_	_	_
10-7	BO105	10	10	7	valuta	valuta	_	_	_	_	_	linguistic	_	none	PauseAfter=Yes	_	_	_	_	_
10-8	BO105	10	10	8	{P}	{P}	_	_	_	_	_	shortpause	_	none	_	_	_	_	_	_
10-9	BO105	10	10	9	la	la	_	_	_	_	_	linguistic	_	none	_	_	_	_	_	_
10-10	BO105	10	10	10	competenza	competenza	_	_	_	_	_	linguistic	_	none	_	_	_	_	_	_
10-11	BO105	10	10	11	globale	globale	_	_	_	_	_	linguistic	_	none	_	_	_	_	_	_
10-12	BO105	10	10	12	di	di	_	_	_	_	_	linguistic	_	none	_	_	_	_	_	_
10-13	BO105	10	10	13	un	un	_	_	_	_	_	linguistic	_	none	_	_	_	_	_	_
10-14	BO105	10	10	14	individuo,	individuo	_	_	_	_	_	linguistic	_	none	Intonation=WeaklyRising	End=33.735	_	_	_	_
11-0	BO105	11	11	0	in	in	_	_	_	_	_	linguistic	_	none	_	Begin=34.0	_	_	_	_
11-1	BO105	11	11	1	una	una	_	_	_	_	_	linguistic	_	none	_	_	_	_	_	_
11-2	BO105	11	11	2	determinata	determinata	_	_	_	_	_	linguistic	_	none	_	_	_	_	_	_
11-3	BO105	11	11	3	lingua,	lingua	_	_	_	_	_	linguistic	_	none	Intonation=WeaklyRising	End=35.41	_	_	_	_
12-0	BO105	12	12	0	ma	ma	_	_	_	_	_	linguistic	_	none	_	Begin=35.598	_	_	_	_
12-1	BO105	12	12	1	solamente,	solamente	_	_	_	_	_	linguistic	_	none	Intonation=WeaklyRising	_	_	_	_	_
12-2	BO105	12	12	2	e:hm	ehm	_	_	_	_	_	linguistic	_	none	_	_	0x1	_	_	_
12-3	BO105	12	12	3	diciamo	diciamo	_	_	_	_	_	linguistic	_	none	_	_	_	_	_	_
12-4	BO105	12	12	4	che	che	_	_	_	_	_	linguistic	_	none	_	_	_	_	_	_
12-5	BO105	12	12	5	il	il	_	_	_	_	_	linguistic	_	none	_	_	_	_	_	_
12-6	BO105	12	12	6	testing,	testing	_	_	_	_	_	linguistic	_	none	Intonation=WeaklyRising	_	_	_	_	_
12-7	BO105	12	12	7	il	il	_	_	_	_	_	linguistic	_	none	_	_	_	_	_	_
12-8	BO105	12	12	8	test	test	_	_	_	_	_	linguistic	_	none	_	_	_	_	_	_
12-9	BO105	12	12	9	si	si	_	_	_	_	_	linguistic	_	none	_	_	_	_	_	_
12-10	BO105	12	12	10	concentra	concentra	_	_	_	_	_	linguistic	_	none	_	_	_	_	_	_
12-11	BO105	12	12	11	solo	solo	_	_	_	_	_	linguistic	_	none	_	_	_	_	_	_
12-12	BO105	12	12	12	su	su	_	_	_	_	_	linguistic	_	none	PauseAfter=Yes	_	_	_	_	_
12-13	BO105	12	12	13	{P}	{P}	_	_	_	_	_	shortpause	_	none	_	_	_	_	_	_
12-14	BO105	12	12	14	determinate	determinate	_	_	_	_	_	linguistic	_	none	_	_	_	_	_	_
12-15	BO105	12	12	15	parti,	parti	_	_	_	_	_	linguistic	_	none	Intonation=WeaklyRising	_	_	_	_	_
12-16	BO105	12	12	16	appunto	appunto	_	_	_	_	_	linguistic	_	none	_	_	_	_	_	_
12-17	BO105	12	12	17	dell'	dell'	_	_	_	_	_	linguistic	_	none	SpaceAfter=No	_	_	_	_	_
12-18	BO105	12	12	18	insegnamento	insegnamento	_	_	_	_	_	linguistic	_	none	_	_	_	_	_	_
12-19	BO105	12	12	19	apprendimento.	apprendimento	_	_	_	_	_	linguistic	_	none	Intonation=Falling	End=43.9	_	_	_	_
13-0	BO105	13	13	0	ci	ci	_	_	_	_	_	linguistic	_	none	_	Begin=44.545	_	_	_	_
13-1	BO105	13	13	1	sono::	sono	_	_	_	_	_	linguistic	_	none	_	_	3x2	_	_	_
13-2	BO105	13	13	2	vari	vari	_	_	_	_	_	linguistic	_	none	_	_	_	_	_	_
13-3	BO105	13	13	3	m:	m	_	_	_	_	_	linguistic	_	none	_	_	0x1	_	_	_
13-4	BO105	13	13	4	tipi	tipi	_	_	_	_	_	linguistic	_	none	_	_	_	_	_	_
13-5	BO105	13	13	5	di	di	_	_	_	_	_	linguistic	_	none	_	_	_	_	_	_
13-6	BO105	13	13	6	test,	test	_	_	_	_	_	linguistic	_	none	Intonation=WeaklyRising	End=48.001	_	_	_	_
14-0	BO105	14	14	0	e::	e	_	_	_	_	_	linguistic	_	none	_	Begin=48.615	0x2	_	_	_
14-1	BO105	14	14	1	ovvero	ovvero	_	_	_	_	_	linguistic	_	none	_	_	_	_	_	_
14-2	BO105	14	14	2	quelli	quelli	_	_	_	_	_	linguistic	_	none	_	_	_	_	_	_
14-3	BO105	14	14	3	che	che	_	_	_	_	_	linguistic	_	none	_	_	_	_	_	_
14-4	BO105	14	14	4	vengono	vengono	_	_	_	_	_	linguistic	_	none	_	_	_	_	_	_
14-5	BO105	14	14	5	presentati	presentati	_	_	_	_	_	linguistic	_	none	_	_	_	_	_	_
14-6	BO105	14	14	6	all'	all'	_	_	_	_	_	linguistic	_	none	SpaceAfter=No	_	_	_	_	_
14-7	BO105	14	14	7	inizio	inizio	_	_	_	_	_	linguistic	_	none	_	_	_	_	_	_
14-8	BO105	14	14	8	di	di	_	_	_	_	_	linguistic	_	none	_	_	_	_	_	_
14-9	BO105	14	14	9	un	un	_	_	_	_	_	linguistic	_	none	_	_	_	_	_	_
14-10	BO105	14	14	10	corso,	corso	_	_	_	_	_	linguistic	_	none	Intonation=WeaklyRising	End=51.783	_	_	_	_
15-0	BO105	15	15	0	che	che	_	_	_	_	_	linguistic	_	none	_	Begin=51.94	_	_	_	_
15-1	BO105	15	15	1	servono	servono	_	_	_	_	_	linguistic	_	none	_	_	_	_	_	_
15-2	BO105	15	15	2	quindi	quindi	_	_	_	_	_	linguistic	_	none	_	_	_	_	_	_
15-3	BO105	15	15	3	al'	al'	_	_	_	_	_	linguistic	_	none	SpaceAfter=No	_	_	_	_	_
15-4	BO105	15	15	4	insegnante	insegnante	_	_	_	_	_	linguistic	_	none	_	_	_	_	_	_
15-5	BO105	15	15	5	per	per	_	_	_	_	_	linguistic	_	none	_	_	_	_	_	_
15-6	BO105	15	15	6	distribuire	distribuire	_	_	_	_	_	linguistic	_	none	_	_	_	_	_	_
15-7	BO105	15	15	7	gli	gli	_	_	_	_	_	linguistic	_	none	_	_	_	_	_	_
15-8	BO105	15	15	8	studenti	studenti	_	_	_	_	_	linguistic	_	none	_	_	_	_	_	_
15-9	BO105	15	15	9	in	in	_	_	_	_	_	linguistic	_	none	_	_	_	_	_	_
15-10	BO105	15	15	10	base	base	_	_	_	_	_	linguistic	_	none	_	_	_	_	_	_
15-11	BO105	15	15	11	al	al	_	_	_	_	_	linguistic	_	none	_	_	_	_	_	_
15-12	BO105	15	15	12	loro	loro	_	_	_	_	_	linguistic	_	none	_	_	_	_	_	_
15-13	BO105	15	15	13	livello,	livello	_	_	_	_	_	linguistic	_	none	Intonation=WeaklyRising	End=56.133	_	_	_	_
16-0	BO105	16	16	0	nelle	nelle	_	_	_	_	_	linguistic	_	none	_	Begin=56.323	_	_	_	_
16-1	BO105	16	16	1	varie,	varie	_	_	_	_	_	linguistic	_	none	Intonation=WeaklyRising	_	_	_	_	_
16-2	BO105	16	16	2	classi	classi	_	_	_	_	_	linguistic	_	none	_	_	_	_	_	_
16-3	BO105	16	16	3	o	o	_	_	_	_	_	linguistic	_	none	_	_	_	_	_	_
16-4	BO105	16	16	4	nei	nei	_	_	_	_	_	linguistic	_	none	_	_	_	_	_	_
16-5	BO105	16	16	5	vari	vari	_	_	_	_	_	linguistic	_	none	_	_	_	_	_	_
16-6	BO105	16	16	6	corsi,	corsi	_	_	_	_	_	linguistic	_	none	Intonation=WeaklyRising	End=58.723	_	_	_	_
17-0	BO105	17	17	0	i::	i	_	_	_	_	_	linguistic	_	none	_	Begin=59.355	0x2	_	_	_
17-1	BO105	17	17	1	m::	m	_	_	_	_	_	linguistic	_	none	_	_	0x2	_	_	_
17-2	BO105	17	17	2	i	i	_	_	_	_	_	linguistic	_	none	_	_	_	_	_	_
17-3	BO105	17	17	3	test	test	_	_	_	_	_	linguistic	_	none	_	_	_	_	_	_
17-4	BO105	17	17	4	in	in	_	_	_	_	_	linguistic	_	none	_	_	_	_	_	_
17-5	BO105	17	17	5	itinere,	itinere	_	_	_	_	_	linguistic	_	none	Intonation=WeaklyRising	End=61.92	_	_	_	_
18-0	BO105	18	18	0	che	che	_	_	_	_	_	linguistic	_	none	_	Begin=61.99	_	_	_	_
18-1	BO105	18	18	1	sono	sono	_	_	_	_	_	linguistic	_	none	_	_	_	_	_	_
18-2	BO105	18	18	2	appunto	appunto	_	_	_	_	_	linguistic	_	none	_	_	_	_	_	_
18-3	BO105	18	18	3	le	le	_	_	_	_	_	linguistic	_	none	_	_	_	_	_	_
18-4	BO105	18	18	4	prove,	prove	_	_	_	_	_	linguistic	_	none	Intonation=WeaklyRising	_	_	_	_	_
18-5	BO105	18	18	5	le	le	_	_	_	_	_	linguistic	_	none	_	_	_	_	_	_
18-6	BO105	18	18	6	verifiche	verifiche	_	_	_	_	_	linguistic	_	none	_	_	_	_	_	_
18-7	BO105	18	18	7	ehm	ehm	_	_	_	_	_	linguistic	_	none	PauseAfter=Yes	_	_	_	_	_
18-8	BO105	18	18	8	{P}	{P}	_	_	_	_	_	shortpause	_	none	_	_	_	_	_	_
18-9	BO105	18	18	9	svolte	svolte	_	_	_	_	_	linguistic	_	none	_	_	_	_	_	_
18-10	BO105	18	18	10	durante	durante	_	_	_	_	_	linguistic	_	none	_	_	_	_	_	_
18-11	BO105	18	18	11	l'	l'	_	_	_	_	_	linguistic	_	none	SpaceAfter=No	_	_	_	_	_
18-12	BO105	18	18	12	anno.	anno	_	_	_	_	_	linguistic	_	none	Intonation=Falling	End=66.63	_	_	_	_
19-0	BO105	19	19	0	e::hm	ehm	_	_	_	_	_	linguistic	_	none	_	Begin=66.826	0x2	_	_	_
19-1	BO105	19	19	1	diciamo	diciamo	_	_	_	_	_	linguistic	_	none	_	_	_	_	_	_
19-2	BO105	19	19	2	che	che	_	_	_	_	_	linguistic	_	none	PauseAfter=Yes	_	_	_	_	_
19-3	BO105	19	19	3	{P}	{P}	_	_	_	_	_	shortpause	_	none	_	_	_	_	_	_
19-4	BO105	19	19	4	valutano	valutano	_	_	_	_	_	linguistic	_	none	_	_	_	_	_	_
19-5	BO105	19	19	5	solitamente	solitamente	_	_	_	_	_	linguistic	_	none	_	_	_	_	_	_
19-6	BO105	19	19	6	la	la	_	_	_	_	_	linguistic	_	none	_	_	_	_	_	_
19-7	BO105	19	19	7	competenza	competenza	_	_	_	_	_	linguistic	_	none	_	_	_	_	_	_
19-8	BO105	19	19	8	in	in	_	_	_	_	_	linguistic	_	none	_	_	_	_	_	_
19-9	BO105	19	19	9	un	un	_	_	_	_	_	linguistic	_	none	_	_	_	_	_	_
19-10	BO105	19	19	10	determinato	determinato	_	_	_	_	_	linguistic	_	none	_	_	_	_	_	_
19-11	BO105	19	19	11	argomento,	argomento	_	_	_	_	_	linguistic	_	none	Intonation=WeaklyRising	_	_	_	_	_
19-12	BO105	19	19	12	in	in	_	_	_	_	_	linguistic	_	none	_	_	_	_	_	_
19-13	BO105	19	19	13	una	una	_	_	_	_	_	linguistic	_	none	_	_	_	_	_	_
19-14	BO105	19	19	14	dterminata,	dterminata	_	_	_	_	_	linguistic	_	none	Intonation=WeaklyRising	_	_	_	_	_
19-15	BO105	19	19	15	e::hm	ehm	_	_	_	_	_	linguistic	_	none	_	End=74.381	0x2	_	_	_
20-0	BO105	20	20	0	diciamo	diciamo	_	_	_	_	_	linguistic	_	none	_	Begin=75.371	_	_	_	_
20-1	BO105	20	20	1	capacità.	capacità	_	_	_	_	_	linguistic	_	none	Intonation=Falling	_	_	_	_	_
20-2	BO105	20	20	2	che	che	_	_	_	_	_	linguistic	_	none	_	_	_	_	_	_
20-3	BO105	20	20	3	è	è	_	_	_	_	_	linguistic	_	none	_	_	_	_	_	_
20-4	BO105	20	20	4	stata	stata	_	_	_	_	_	linguistic	_	none	_	_	_	_	_	_
20-5	BO105	20	20	5	svolta	svolta	_	_	_	_	_	linguistic	_	none	_	_	_	_	_	_
20-6	BO105	20	20	6	durante	durante	_	_	_	_	_	linguistic	_	none	PauseAfter=Yes	_	_	_	_	_
20-7	BO105	20	20	7	{P}	{P}	_	_	_	_	_	shortpause	_	none	_	_	_	_	_	_
20-8	BO105	20	20	8	l'	l'	_	_	_	_	_	linguistic	_	none	SpaceAfter=No	_	_	_	_	_
20-9	BO105	20	20	9	anno	anno	_	_	_	_	_	linguistic	_	none	_	_	_	_	_	_
20-10	BO105	20	20	10	scolastico,	scolastico	_	_	_	_	_	linguistic	_	none	Intonation=WeaklyRising	End=80.101	_	_	_	_
21-0	BO104	21	21	0	capacità	capacità	_	_	_	_	_	linguistic	_	none	_	Begin=80.936	_	_	_	_
21-1	BO104	21	21	1	in	in	_	_	_	_	_	linguistic	_	none	_	_	_	_	_	_
21-2	BO104	21	21	2	che	che	_	_	_	_	_	linguistic	_	none	_	_	_	_	_	_
21-3	BO104	21	21	3	sen[so]?	senso	_	_	_	_	_	linguistic	_	none	Intonation=Rising	End=82.48	_	_	_	3-5(3)
22-0	BO105	22	22	0	[e]::hm	ehm	_	_	_	_	_	linguistic	_	none	_	Begin=82.25	0x2	_	_	0-1(3)
22-1	BO105	22	22	1	un	un	_	_	_	_	_	linguistic	_	none	_	_	_	_	_	_
22-2	BO105	22	22	2	termine	termine	_	_	_	_	_	linguistic	_	none	_	_	_	_	_	_
22-3	BO105	22	22	3	un	un	_	_	_	_	_	linguistic	_	none	_	_	_	_	_	_
22-4	BO105	22	22	4	po'::	po'	_	_	_	_	_	linguistic	_	none	_	End=83.98	1x2	_	_	_
23-0	BO104	23	23	0	mh	mh	_	_	_	_	_	linguistic	_	none	_	Begin=83.986|End=84.4	_	_	_	_
24-0	BO105	24	24	0	un	un	_	_	_	_	_	linguistic	_	none	_	Begin=87.01	_	_	_	_
24-1	BO105	24	24	1	de~	de~	_	_	_	_	_	linguistic	_	none	Interrupted=Yes	_	_	_	_	_
24-2	BO105	24	24	2	che	che	_	_	_	_	_	linguistic	_	none	_	_	_	_	_	_
24-3	BO105	24	24	3	valuta	valuta	_	_	_	_	_	linguistic	_	none	_	_	_	_	_	_
24-4	BO105	24	24	4	diciamo	diciamo	_	_	_	_	_	linguistic	_	none	_	_	_	_	_	_
24-5	BO105	24	24	5	appunto	appunto	_	_	_	_	_	linguistic	_	none	_	_	_	_	_	_
24-6	BO105	24	24	6	un	un	_	_	_	_	_	linguistic	_	none	_	_	_	_	_	_
24-7	BO105	24	24	7	determinato	determinato	_	_	_	_	_	linguistic	_	none	_	_	_	_	_	_
24-8	BO105	24	24	8	argomento.	argomento	_	_	_	_	_	linguistic	_	none	Intonation=Falling	_	_	_	_	_
24-9	BO105	24	24	9	che	che	_	_	_	_	_	linguistic	_	none	_	_	_	_	_	_
24-10	BO105	24	24	10	è	è	_	_	_	_	_	linguistic	_	none	_	_	_	_	_	_
24-11	BO105	24	24	11	stato	stato	_	_	_	_	_	linguistic	_	none	_	_	_	_	_	_
24-12	BO105	24	24	12	svolto	svolto	_	_	_	_	_	linguistic	_	none	_	_	_	_	_	_
24-13	BO105	24	24	13	durante	durante	_	_	_	_	_	linguistic	_	none	_	_	_	_	_	_
24-14	BO105	24	24	14	l'	l'	_	_	_	_	_	linguistic	_	none	SpaceAfter=No	_	_	_	_	_
24-15	BO105	24	24	15	anno	anno	_	_	_	_	_	linguistic	_	none	_	_	_	_	_	_
24-16	BO105	24	24	16	scolastico.	scolastico	_	_	_	_	_	linguistic	_	none	Intonation=Falling	End=92.36	_	_	_	_
25-0	BO104	25	25	0	in	in	_	_	_	_	_	linguistic	_	none	_	Begin=94.543	_	_	_	_
25-1	BO104	25	25	1	itinere	itinere	_	_	_	_	_	linguistic	_	none	_	_	_	_	_	_
25-2	BO104	25	25	2	inten[di]?	intendi	_	_	_	_	_	linguistic	_	none	Intonation=Rising	End=96.07	_	_	_	5-7(4)
26-0	BO105	26	26	0	[sì]	sì	_	_	_	_	_	linguistic	_	none	_	Begin=95.66	_	_	_	0-2(4)
26-1	BO105	26	26	1	in	in	_	_	_	_	_	linguistic	_	none	_	_	_	_	_	_
26-2	BO105	26	26	2	it[inere].	itinere	_	_	_	_	_	linguistic	_	none	Intonation=Falling	_	_	_	_	2-7(5)
26-3	BO105	26	26	3	durante:	durante	_	_	_	_	_	linguistic	_	none	_	_	6x1	_	_	_
26-4	BO105	26	26	4	durante	durante	_	_	_	_	_	linguistic	_	none	_	_	_	_	_	_
26-5	BO105	26	26	5	appunto	appunto	_	_	_	_	_	linguistic	_	none	_	_	_	_	_	_
26-6	BO105	26	26	6	l'	l'	_	_	_	_	_	linguistic	_	none	SpaceAfter=No	_	_	_	_	_
26-7	BO105	26	26	7	anno.	anno	_	_	_	_	_	linguistic	_	none	Intonation=Falling	End=98.378	_	_	_	_
27-0	BO104	27	27	0	[mh]	mh	_	_	_	_	_	linguistic	_	none	_	Begin=96.216|End=96.626	_	_	_	0-2(5)
28-0	BO105	28	28	0	e	e	_	_	_	_	_	linguistic	_	none	PauseAfter=Yes	Begin=99.11	_	_	_	_
28-1	BO105	28	28	1	{P}	{P}	_	_	_	_	_	shortpause	_	none	_	_	_	_	_	_
28-2	BO105	28	28	2	eh	eh	_	_	_	_	_	linguistic	_	none	_	_	_	_	_	_
28-3	BO105	28	28	3	i	i	_	_	_	_	_	linguistic	_	none	_	_	_	_	_	_
28-4	BO105	28	28	4	test,	test	_	_	_	_	_	linguistic	_	none	Intonation=WeaklyRising	_	_	_	_	_
28-5	BO105	28	28	5	finali.	finali	_	_	_	_	_	linguistic	_	none	Intonation=Falling	_	_	_	_	_
28-6	BO105	28	28	6	ovvero:	ovvero	_	_	_	_	_	linguistic	_	none	_	_	5x1	_	_	_
28-7	BO105	28	28	7	le	le	_	_	_	_	_	linguistic	_	none	_	_	_	_	_	_
28-8	BO105	28	28	8	prove	prove	_	_	_	_	_	linguistic	_	none	_	_	_	_	_	_
28-9	BO105	28	28	9	di	di	_	_	_	_	_	linguistic	_	none	_	_	_	_	_	_
28-10	BO105	28	28	10	verifica.	verifica	_	_	_	_	_	linguistic	_	none	Intonation=Falling	_	_	_	_	_
28-11	BO105	28	28	11	alla	alla	_	_	_	_	_	linguistic	_	none	_	_	_	_	_	_
28-12	BO105	28	28	12	fine	fine	_	_	_	_	_	linguistic	_	none	_	_	_	_	_	_
28-13	BO105	28	28	13	di	di	_	_	_	_	_	linguistic	_	none	_	_	_	_	_	_
28-14	BO105	28	28	14	un	un	_	_	_	_	_	linguistic	_	none	_	_	_	_	_	_
28-15	BO105	28	28	15	corso	corso	_	_	_	_	_	linguistic	_	none	_	_	_	_	_	_
28-16	BO105	28	28	16	scolastico.	scolastico	_	_	_	_	_	linguistic	_	none	Intonation=Falling	End=104.79	_	_	_	_
29-0	BO105	29	29	0	diverse	diverse	_	_	_	_	_	linguistic	_	none	_	Begin=104.995	_	_	_	_
29-1	BO105	29	29	1	sono	sono	_	_	_	_	_	linguistic	_	none	_	_	_	_	_	_
29-2	BO105	29	29	2	le	le	_	_	_	_	_	linguistic	_	none	_	_	_	_	_	_
29-3	BO105	29	29	3	certificazioni.	certificazioni	_	_	_	_	_	linguistic	_	none	Intonation=Falling	End=106.748	_	_	_	_
30-0	BO105	30	30	0	e::hm	ehm	_	_	_	_	_	linguistic	_	none	_	Begin=107.508	0x2	_	_	_
30-1	BO105	30	30	1	in	in	_	_	_	_	_	linguistic	_	none	_	_	_	_	_	_
30-2	BO105	30	30	2	quanto,	quanto	_	_	_	_	_	linguistic	_	none	Intonation=WeaklyRising	_	_	_	_	_
30-3	BO105	30	30	3	mentre	mentre	_	_	_	_	_	linguistic	_	none	_	_	_	_	_	_
30-4	BO105	30	30	4	i	i	_	_	_	_	_	linguistic	_	none	_	_	_	_	_	_
30-5	BO105	30	30	5	test	test	_	_	_	_	_	linguistic	_	none	PauseAfter=Yes	_	_	_	_	_
30-6	BO105	30	30	6	{P}	{P}	_	_	_	_	_	shortpause	_	none	_	_	_	_	_	_
30-7	BO105	30	30	7	svolti	svolti	_	_	_	_	_	linguistic	_	none	_	_	_	_	_	_
30-8	BO105	30	30	8	durante	durante	_	_	_	_	_	linguistic	_	none	_	_	_	_	_	_
30-9	BO105	30	30	9	l'	l'	_	_	_	_	_	linguistic	_	none	SpaceAfter=No	_	_	_	_	_
30-10	BO105	30	30	10	anno	anno	_	_	_	_	_	linguistic	_	none	_	_	_	_	_	_
30-11	BO105	30	30	11	sono:	sono	_	_	_	_	_	linguistic	_	none	_	_	3x1	_	_	_
30-12	BO105	30	30	12	diciamo	diciamo	_	_	_	_	_	linguistic	_	none	_	_	_	_	_	_
30-13	BO105	30	30	13	prodotti,	prodotti	_	_	_	_	_	linguistic	_	none	Intonation=WeaklyRising	_	_	_	_	_
30-14	BO105	30	30	14	e	e	_	_	_	_	_	linguistic	_	none	_	_	_	_	_	_
30-15	BO105	30	30	15	valutati	valutati	_	_	_	_	_	linguistic	_	none	_	_	_	_	_	_
30-16	BO105	30	30	16	dalla	dalla	_	_	_	_	_	linguistic	_	none	_	_	_	_	_	_
30-17	BO105	30	30	17	stessa	stessa	_	_	_	_	_	linguistic	_	none	_	_	_	_	_	_
30-18	BO105	30	30	18	persona	persona	_	_	_	_	_	linguistic	_	none	_	_	_	_	_	_
30-19	BO105	30	30	19	dallo	dallo	_	_	_	_	_	linguistic	_	none	_	_	_	_	_	_
30-20	BO105	30	30	20	stesso	stesso	_	_	_	_	_	linguistic	_	none	_	_	_	_	_	_
30-21	BO105	30	30	21	docente,	docente	_	_	_	_	_	linguistic	_	none	Intonation=WeaklyRising	End=116.966	_	_	_	_
31-0	BO105	31	31	0	le	le	_	_	_	_	_	linguistic	_	none	_	Begin=117.29	_	_	_	_
31-1	BO105	31	31	1	certificazioni,	certificazioni	_	_	_	_	_	linguistic	_	none	Intonation=WeaklyRising	_	_	_	_	_
31-2	BO105	31	31	2	tassativamente	tassativamente	_	_	_	_	_	linguistic	_	none	_	_	_	_	_	_
31-3	BO105	31	31	3	devono	devono	_	_	_	_	_	linguistic	_	none	_	_	_	_	_	_
31-4	BO105	31	31	4	essere	essere	_	_	_	_	_	linguistic	_	none	PauseAfter=Yes	_	_	_	_	_
31-5	BO105	31	31	5	{P}	{P}	_	_	_	_	_	shortpause	_	none	_	_	_	_	_	_
31-6	BO105	31	31	6	costruite	costruite	_	_	_	_	_	linguistic	_	none	_	_	_	_	_	_
31-7	BO105	31	31	7	da	da	_	_	_	_	_	linguistic	_	none	_	_	_	_	_	_
31-8	BO105	31	31	8	un	un	_	_	_	_	_	linguistic	_	none	_	_	_	_	_	_
31-9	BO105	31	31	9	altro:	altro	_	_	_	_	_	linguistic	_	none	_	_	4x1	_	_	_
31-10	BO105	31	31	10	da	da	_	_	_	_	_	linguistic	_	none	_	_	_	_	_	_
31-11	BO105	31	31	11	un	un	_	_	_	_	_	linguistic	_	none	_	_	_	_	_	_
31-12	BO105	31	31	12	altro	altro	_	_	_	_	_	linguistic	_	none	_	_	_	_	_	_
31-13	BO105	31	31	13	ente	ente	_	_	_	_	_	linguistic	_	none	_	_	_	_	_	_
31-14	BO105	31	31	14	da	da	_	_	_	_	_	linguistic	_	none	_	_	_	_	_	_
31-15	BO105	31	31	15	un'	un'	_	_	_	_	_	linguistic	_	none	SpaceAfter=No	_	_	_	_	_
31-16	BO105	31	31	16	altra	altra	_	_	_	_	_	linguistic	_	none	PauseAfter=Yes	_	_	_	_	_
31-17	BO105	31	31	17	{P}	{P}	_	_	_	_	_	shortpause	_	none	_	_	_	_	_	_
31-18	BO105	31	31	18	persona	persona	_	_	_	_	_	linguistic	_	none	_	_	_	_	_	_
31-19	BO105	31	31	19	fisica.	fisica	_	_	_	_	_	linguistic	_	none	Intonation=Falling	End=124.086	_	_	_	_
32-0	BO105	32	32	0	e	e	_	_	_	_	_	linguistic	_	none	_	Begin=124.448	_	_	_	_
32-1	BO105	32	32	1	valutate,	valutate	_	_	_	_	_	linguistic	_	none	Intonation=WeaklyRising	_	_	_	_	_
32-2	BO105	32	32	2	da	da	_	_	_	_	_	linguistic	_	none	_	_	_	_	_	_
32-3	BO105	32	32	3	chi	chi	_	_	_	_	_	linguistic	_	none	_	_	_	_	_	_
32-4	BO105	32	32	4	non	non	_	_	_	_	_	linguistic	_	none	_	_	_	_	_	_
32-5	BO105	32	32	5	le	le	_	_	_	_	_	linguistic	_	none	_	_	_	_	_	_
32-6	BO105	32	32	6	ha	ha	_	_	_	_	_	linguistic	_	none	_	_	_	_	_	_
32-7	BO105	32	32	7	costruite.	costruite	_	_	_	_	_	linguistic	_	none	Intonation=Falling	_	_	_	_	_
32-8	BO105	32	32	8	diciamo.	diciamo	_	_	_	_	_	linguistic	_	none	Intonation=Falling	End=129.073	_	_	_	_
33-0	BO105	33	33	0	e::hm.	ehm	_	_	_	_	_	linguistic	_	none	Intonation=Falling	Begin=129.824|End=131.038	0x2	_	_	_
34-0	BO105	34	34	0	i	i	_	_	_	_	_	linguistic	_	none	_	Begin=131.053	_	_	_	_
34-1	BO105	34	34	1	test,	test	_	_	_	_	_	linguistic	_	none	Intonation=WeaklyRising	_	_	_	_	_
34-2	BO105	34	34	2	possono	possono	_	_	_	_	_	linguistic	_	none	_	_	_	_	_	_
34-3	BO105	34	34	3	essere	essere	_	_	_	_	_	linguistic	_	none	PauseAfter=Yes	_	_	_	_	_
34-4	BO105	34	34	4	{P}	{P}	_	_	_	_	_	shortpause	_	none	_	_	_	_	_	_
34-5	BO105	34	34	5	diversi,	diversi	_	_	_	_	_	linguistic	_	none	Intonation=WeaklyRising	_	_	_	_	_
34-6	BO105	34	34	6	nel	nel	_	_	_	_	_	linguistic	_	none	_	_	_	_	_	_
34-7	BO105	34	34	7	senso	senso	_	_	_	_	_	linguistic	_	none	_	_	_	_	_	_
34-8	BO105	34	34	8	che	che	_	_	_	_	_	linguistic	_	none	_	_	_	_	_	_
34-9	BO105	34	34	9	possono	possono	_	_	_	_	_	linguistic	_	none	_	_	_	_	_	_
34-10	BO105	34	34	10	essere	essere	_	_	_	_	_	linguistic	_	none	_	_	_	_	_	_
34-11	BO105	34	34	11	fattoriali	fattoriali	_	_	_	_	_	linguistic	_	none	_	_	_	_	_	_
34-12	BO105	34	34	12	o	o	_	_	_	_	_	linguistic	_	none	_	_	_	_	_	_
34-13	BO105	34	34	13	integrati.	integrati	_	_	_	_	_	linguistic	_	none	Intonation=Falling	End=137.165	_	_	_	_
35-0	BO105	35	35	0	e:hm	ehm	_	_	_	_	_	linguistic	_	none	_	Begin=137.628	0x1	_	_	_
35-1	BO105	35	35	1	questo	questo	_	_	_	_	_	linguistic	_	none	_	_	_	_	_	_
35-2	BO105	35	35	2	dipende	dipende	_	_	_	_	_	linguistic	_	none	_	_	_	_	_	_
35-3	BO105	35	35	3	da	da	_	_	_	_	_	linguistic	_	none	_	_	_	_	_	_
35-4	BO105	35	35	4	se	se	_	_	_	_	_	linguistic	_	none	_	_	_	_	_	_
35-5	BO105	35	35	5	valutano	valutano	_	_	_	_	_	linguistic	_	none	_	_	_	_	_	_
35-6	BO105	35	35	6	un	un	_	_	_	_	_	linguistic	_	none	_	_	_	_	_	_
35-7	BO105	35	35	7	solo	solo	_	_	_	_	_	linguistic	_	none	_	_	_	_	_	_
35-8	BO105	35	35	8	fattore,	fattore	_	_	_	_	_	linguistic	_	none	Intonation=WeaklyRising	_	_	_	_	_
35-9	BO105	35	35	9	appunto	appunto	_	_	_	_	_	linguistic	_	none	_	_	_	_	_	_
35-10	BO105	35	35	10	fattoriali,	fattoriali	_	_	_	_	_	linguistic	_	none	Intonation=WeaklyRising	_	_	_	_	_
35-11	BO105	35	35	11	o	o	_	_	_	_	_	linguistic	_	none	_	_	_	_	_	_
35-12	BO105	35	35	12	integrali	integrali	_	_	_	_	_	linguistic	_	none	_	_	_	_	_	_
35-13	BO105	35	35	13	e	e	_	_	_	_	_	linguistic	_	none	_	_	_	_	_	_
35-14	BO105	35	35	14	c~	c~	_	_	_	_	_	linguistic	_	none	Interrupted=Yes	_	_	_	_	_
35-15	BO105	35	35	15	integrati	integrati	_	_	_	_	_	linguistic	_	none	_	_	_	_	_	_
35-16	BO105	35	35	16	cercano	cercano	_	_	_	_	_	linguistic	_	none	_	_	_	_	_	_
35-17	BO105	35	35	17	di	di	_	_	_	_	_	linguistic	_	none	PauseAfter=Yes	_	_	_	_	_
35-18	BO105	35	35	18	{P}	{P}	_	_	_	_	_	shortpause	_	none	_	_	_	_	_	_
35-19	BO105	35	35	19	valutare	valutare	_	_	_	_	_	linguistic	_	none	_	_	_	_	_	_
35-20	BO105	35	35	20	appunto	appunto	_	_	_	_	_	linguistic	_	none	PauseAfter=Yes	_	_	_	_	_
35-21	BO105	35	35	21	{P}	{P}	_	_	_	_	_	shortpause	_	none	_	_	_	_	_	_
35-22	BO105	35	35	22	le:	le	_	_	_	_	_	linguistic	_	none	_	_	1x1	_	_	_
35-23	BO105	35	35	23	conoscenze	conoscenze	_	_	_	_	_	linguistic	_	none	_	_	_	_	_	_
35-24	BO105	35	35	24	più:	più	_	_	_	_	_	linguistic	_	none	_	_	2x1	_	_	_
35-25	BO105	35	35	25	più	più	_	_	_	_	_	linguistic	_	none	_	_	_	_	_	_
35-26	BO105	35	35	26	globali.	globali	_	_	_	_	_	linguistic	_	none	Intonation=Falling	End=147.85	_	_	_	_
36-0	BO104	36	36	0	[che]	che	_	_	_	_	_	linguistic	_	none	_	Begin=148.16	_	_	_	0-3(6)
36-1	BO104	36	36	1	cosa	cosa	_	_	_	_	_	linguistic	_	none	_	_	_	_	_	_
36-2	BO104	36	36	2	s'	s'	_	_	_	_	_	linguistic	_	none	SpaceAfter=No	_	_	_	_	_
36-3	BO104	36	36	3	(intende	intende	_	_	_	_	_	linguistic	_	none	_	_	_	_	_	_
36-4	BO104	36	36	4	per	per	_	_	_	_	_	linguistic	_	none	_	_	_	_	_	_
36-5	BO104	36	36	5	test	test	_	_	_	_	_	linguistic	_	none	PauseAfter=Yes	_	_	_	_	_
36-6	BO104	36	36	6	{P}	{P}	_	_	_	_	_	shortpause	_	none	_	_	_	_	_	_
36-7	BO104	36	36	7	fattoriale?	fattoriale	_	_	_	_	_	linguistic	_	none	Intonation=Rising	End=150.65	_	_	_	_
37-0	BO105	37	37	0	[eh:m]	ehm	_	_	_	_	_	linguistic	_	none	_	Begin=148.17|End=149.088	1x1	_	_	0-3(6)
38-0	BO105	38	38	0	test	test	_	_	_	_	_	linguistic	_	none	_	Begin=151.168	_	_	_	_
38-1	BO105	38	38	1	fattoriale,	fattoriale	_	_	_	_	_	linguistic	_	none	Intonation=WeaklyRising	_	_	_	_	_
38-2	BO105	38	38	2	e::hm.	ehm	_	_	_	_	_	linguistic	_	none	Intonation=Falling	_	0x2	_	_	_
38-3	BO105	38	38	3	[si]	si	_	_	_	_	_	linguistic	_	none	_	End=153.14	_	_	_	0-2(7)
39-0	BO104	39	39	0	[o:]	o	_	_	_	_	_	linguistic	_	none	_	Begin=152.78	0x1	_	_	0-1(7)
39-1	BO104	39	39	1	anche	anche	_	_	_	_	_	linguistic	_	none	_	_	_	_	_	_
39-2	BO104	39	39	2	un	un	_	_	_	_	_	linguistic	_	none	_	_	_	_	_	_
39-3	BO104	39	39	3	esempio	esempio	_	_	_	_	_	linguistic	_	none	_	_	_	_	_	_
39-4	BO104	39	39	4	se	se	_	_	_	_	_	linguistic	_	none	_	_	_	_	_	_
39-5	BO104	39	39	5	hai	hai	_	_	_	_	_	linguistic	_	none	_	_	_	_	_	_
39-6	BO104	39	39	6	un	un	_	_	_	_	_	linguistic	_	none	_	_	_	_	_	_
39-7	BO104	39	39	7	esempio	esempio	_	_	_	_	_	linguistic	_	none	_	_	_	_	_	_
39-8	BO104	39	39	8	di:	di	_	_	_	_	_	linguistic	_	none	PauseAfter=Yes	_	1x1	_	_	_
39-9	BO104	39	39	9	{P}	{P}	_	_	_	_	_	shortpause	_	none	_	_	_	_	_	_
39-10	BO104	39	39	10	tipologia	tipologia	_	_	_	_	_	linguistic	_	none	_	_	_	_	_	_
39-11	BO104	39	39	11	di	di	_	_	_	_	_	linguistic	_	none	_	_	_	_	_	_
39-12	BO104	39	39	12	attività	attività	_	_	_	_	_	linguistic	_	none	_	_	_	_	_	_
39-13	BO104	39	39	13	o	o	_	_	_	_	_	linguistic	_	none	_	_	_	_	_	_
39-14	BO104	39	39	14	di	di	_	_	_	_	_	linguistic	_	none	_	_	_	_	_	_
39-15	BO104	39	39	15	un	un	_	_	_	_	_	linguistic	_	none	_	_	_	_	_	_
39-16	BO104	39	39	16	esercizio	esercizio	_	_	_	_	_	linguistic	_	none	_	_	_	_	_	_
39-17	BO104	39	39	17	che	che	_	_	_	_	_	linguistic	_	none	_	_	_	_	_	_
39-18	BO104	39	39	18	puoi	puoi	_	_	_	_	_	linguistic	_	none	_	_	_	_	_	_
39-19	BO104	39	39	19	proporre,	proporre	_	_	_	_	_	linguistic	_	none	Intonation=WeaklyRising	End=158.363	_	_	_	_
40-0	BO105	40	40	0	e::hm	ehm	_	_	_	_	_	linguistic	_	none	_	Begin=158.486	0x2	_	_	_
40-1	BO105	40	40	1	ad	ad	_	_	_	_	_	linguistic	_	none	_	_	_	_	_	_
40-2	BO105	40	40	2	esempio,	esempio	_	_	_	_	_	linguistic	_	none	Intonation=WeaklyRising	End=160.473	_	_	_	_
41-0	BO105	41	41	0	possono	possono	_	_	_	_	_	linguistic	_	none	_	Begin=160.52	_	_	_	_
41-1	BO105	41	41	1	essere	essere	_	_	_	_	_	linguistic	_	none	_	_	_	_	_	_
41-2	BO105	41	41	2	domande	domande	_	_	_	_	_	linguistic	_	none	_	_	_	_	_	_
41-3	BO105	41	41	3	a	a	_	_	_	_	_	linguistic	_	none	_	_	_	_	_	_
41-4	BO105	41	41	4	risposta	risposta	_	_	_	_	_	linguistic	_	none	_	_	_	_	_	_
41-5	BO105	41	41	5	chiusa,	chiusa	_	_	_	_	_	linguistic	_	none	Intonation=WeaklyRising	_	_	_	_	_
41-6	BO105	41	41	6	come	come	_	_	_	_	_	linguistic	_	none	_	_	_	_	_	_
41-7	BO105	41	41	7	vero	vero	_	_	_	_	_	linguistic	_	none	_	_	_	_	_	_
41-8	BO105	41	41	8	falso	falso	_	_	_	_	_	linguistic	_	none	_	_	_	_	_	_
41-9	BO105	41	41	9	cloze	cloze	_	_	_	_	_	linguistic	_	none	_	_	_	_	_	_
41-10	BO105	41	41	10	e::hm	ehm	_	_	_	_	_	linguistic	_	none	_	End=166.123	0x2	_	_	_
42-0	BO105	42	42	0	inserimenti	inserimenti	_	_	_	_	_	linguistic	_	none	_	Begin=166.328	_	_	_	_
42-1	BO105	42	42	1	di	di	_	_	_	_	_	linguistic	_	none	_	_	_	_	_	_
42-2	BO105	42	42	2	parole,	parole	_	_	_	_	_	linguistic	_	none	Intonation=WeaklyRising	_	_	_	_	_
42-3	BO105	42	42	3	che	che	_	_	_	_	_	linguistic	_	none	_	_	_	_	_	_
42-4	BO105	42	42	4	sono	sono	_	_	_	_	_	linguistic	_	none	_	_	_	_	_	_
42-5	BO105	42	42	5	state:	state	_	_	_	_	_	linguistic	_	none	PauseAfter=Yes	_	4x1	_	_	_
42-6	BO105	42	42	6	{P}	{P}	_	_	_	_	_	shortpause	_	none	_	_	_	_	_	_
42-7	BO105	42	42	7	che	che	_	_	_	_	_	linguistic	_	none	_	_	_	_	_	_
42-8	BO105	42	42	8	sono	sono	_	_	_	_	_	linguistic	_	none	_	_	_	_	_	_
42-9	BO105	42	42	9	state	state	_	_	_	_	_	linguistic	_	none	_	_	_	_	_	_
42-10	BO105	42	42	10	tolte,	tolte	_	_	_	_	_	linguistic	_	none	Intonation=WeaklyRising	End=169.953	_	_	_	_
43-0	BO105	43	43	0	e::hm	ehm	_	_	_	_	_	linguistic	_	none	PauseAfter=Yes	Begin=170.505	0x2	_	_	_
43-1	BO105	43	43	1	{P}	{P}	_	_	_	_	_	shortpause	_	none	_	_	_	_	_	_
43-2	BO105	43	43	2	associazione	associazione	_	_	_	_	_	linguistic	_	none	_	_	_	_	_	_
43-3	BO105	43	43	3	di	di	_	_	_	_	_	linguistic	_	none	PauseAfter=Yes	_	_	_	_	_
43-4	BO105	43	43	4	{P}	{P}	_	_	_	_	_	shortpause	_	none	_	_	_	_	_	_
43-5	BO105	43	43	5	parole	parole	_	_	_	_	_	linguistic	_	none	_	_	_	_	_	_
43-6	BO105	43	43	6	e	e	_	_	_	_	_	linguistic	_	none	_	_	_	_	_	_
43-7	BO105	43	43	7	significato,	significato	_	_	_	_	_	linguistic	_	none	Intonation=WeaklyRising	End=174.675	_	_	_	_
44-0	BO105	44	44	0	m:::	m	_	_	_	_	_	linguistic	_	none	_	Begin=175.265|End=176.89	0x3	_	_	_
45-0	BO105	45	45	0	anche	anche	_	_	_	_	_	linguistic	_	none	_	Begin=178.233	_	_	_	_
45-1	BO105	45	45	1	domande	domande	_	_	_	_	_	linguistic	_	none	_	_	_	_	_	_
45-2	BO105	45	45	2	aperte,	aperte	_	_	_	_	_	linguistic	_	none	Intonation=WeaklyRising	_	_	_	_	_
45-3	BO105	45	45	3	che	che	_	_	_	_	_	linguistic	_	none	_	_	_	_	_	_
45-4	BO105	45	45	4	però	però	_	_	_	_	_	linguistic	_	none	_	_	_	_	_	_
45-5	BO105	45	45	5	risultano	risultano	_	_	_	_	_	linguistic	_	none	_	_	_	_	_	_
45-6	BO105	45	45	6	più	più	_	_	_	_	_	linguistic	_	none	_	_	_	_	_	_
45-7	BO105	45	45	7	soggettive,	soggettive	_	_	_	_	_	linguistic	_	none	Intonation=WeaklyRising	End=181.293	_	_	_	_
46-0	BO104	46	46	0	mhmh.	mhmh	_	_	_	_	_	linguistic	_	none	Intonation=Falling	Begin=181.58	_	_	_	_
46-1	BO104	46	46	1	e	e	_	_	_	_	_	linguistic	_	none	_	_	_	_	_	_
46-2	BO104	46	46	2	quali	quali	_	_	_	_	_	linguistic	_	none	_	_	_	_	_	_
46-3	BO104	46	46	3	possono	possono	_	_	_	_	_	linguistic	_	none	_	_	_	_	_	_
46-4	BO104	46	46	4	essere	essere	_	_	_	_	_	linguistic	_	none	_	_	_	_	_	_
46-5	BO104	46	46	5	i	i	_	_	_	_	_	linguistic	_	none	_	_	_	_	_	_
46-6	BO104	46	46	6	vantaggi	vantaggi	_	_	_	_	_	linguistic	_	none	_	_	_	_	_	_
46-7	BO104	46	46	7	e	e	_	_	_	_	_	linguistic	_	none	_	_	_	_	_	_
46-8	BO104	46	46	8	gli	gli	_	_	_	_	_	linguistic	_	none	_	_	_	_	_	_
46-9	BO104	46	46	9	svantaggi	svantaggi	_	_	_	_	_	linguistic	_	none	_	_	_	_	_	_
46-10	BO104	46	46	10	legati	legati	_	_	_	_	_	linguistic	_	none	_	_	_	_	_	_
46-11	BO104	46	46	11	a	a	_	_	_	_	_	linguistic	_	none	_	_	_	_	_	_
46-12	BO104	46	46	12	questi	questi	_	_	_	_	_	linguistic	_	none	PauseAfter=Yes	_	_	_	_	_
46-13	BO104	46	46	13	{P}	{P}	_	_	_	_	_	shortpause	_	none	_	_	_	_	_	_
46-14	BO104	46	46	14	test	test	_	_	_	_	_	linguistic	_	none	_	_	_	_	_	_
46-15	BO104	46	46	15	di	di	_	_	_	_	_	linguistic	_	none	_	_	_	_	_	_
46-16	BO104	46	46	16	tipo,	tipo	_	_	_	_	_	linguistic	_	none	Intonation=WeaklyRising	_	_	_	_	_
46-17	BO104	46	46	17	fattoriale,	fattoriale	_	_	_	_	_	linguistic	_	none	Intonation=WeaklyRising	End=187.116	_	_	_	_
47-0	BO105	47	47	0	e:h	eh	_	_	_	_	_	linguistic	_	none	_	Begin=187.646	0x1	_	_	_
47-1	BO105	47	47	1	possono	possono	_	_	_	_	_	linguistic	_	none	_	_	_	_	_	_
47-2	BO105	47	47	2	essere	essere	_	_	_	_	_	linguistic	_	none	_	_	_	_	_	_
47-3	BO105	47	47	3	che,	che	_	_	_	_	_	linguistic	_	none	Intonation=WeaklyRising	_	_	_	_	_
47-4	BO105	47	47	4	e:hm.	ehm	_	_	_	_	_	linguistic	_	none	Intonation=Falling	End=190.276	0x1	_	_	_
48-0	BO105	48	48	0	allora	allora	_	_	_	_	_	linguistic	_	none	_	Begin=191.853	_	_	_	_
48-1	BO105	48	48	1	diciamo	diciamo	_	_	_	_	_	linguistic	_	none	_	_	_	_	_	_
48-2	BO105	48	48	2	che	che	_	_	_	_	_	linguistic	_	none	_	_	_	_	_	_
48-3	BO105	48	48	3	all'	all'	_	_	_	_	_	linguistic	_	none	SpaceAfter=No	_	_	_	_	_
48-4	BO105	48	48	4	interno	interno	_	_	_	_	_	linguistic	_	none	_	_	_	_	_	_
48-5	BO105	48	48	5	di	di	_	_	_	_	_	linguistic	_	none	_	_	_	_	_	_
48-6	BO105	48	48	6	un	un	_	_	_	_	_	linguistic	_	none	_	_	_	_	_	_
48-7	BO105	48	48	7	test	test	_	_	_	_	_	linguistic	_	none	_	_	_	_	_	_
48-8	BO105	48	48	8	sarebbe	sarebbe	_	_	_	_	_	linguistic	_	none	_	_	_	_	_	_
48-9	BO105	48	48	9	la	la	_	_	_	_	_	linguistic	_	none	_	_	_	_	_	_
48-10	BO105	48	48	10	cosa:	cosa	_	_	_	_	_	linguistic	_	none	_	_	3x1	_	_	_
48-11	BO105	48	48	11	migliore	migliore	_	_	_	_	_	linguistic	_	none	_	_	_	_	_	_
48-12	BO105	48	48	12	sarebbe	sarebbe	_	_	_	_	_	linguistic	_	none	_	_	_	_	_	_
48-13	BO105	48	48	13	dise~	dise~	_	_	_	_	_	linguistic	_	none	Interrupted=Yes	_	_	_	_	_
48-14	BO105	48	48	14	diversfiare	diversfiare	_	_	_	_	_	linguistic	_	none	_	_	_	_	_	_
48-15	BO105	48	48	15	questo	questo	_	_	_	_	_	linguistic	_	none	_	_	_	_	_	_
48-16	BO105	48	48	16	tipo	tipo	_	_	_	_	_	linguistic	_	none	_	_	_	_	_	_
48-17	BO105	48	48	17	di	di	_	_	_	_	_	linguistic	_	none	_	_	_	_	_	_
48-18	BO105	48	48	18	attività.	attività	_	_	_	_	_	linguistic	_	none	Intonation=Falling	End=197.106	_	_	_	_
49-0	BO105	49	49	0	appunto	appunto	_	_	_	_	_	linguistic	_	none	_	Begin=197.313	_	_	_	_
49-1	BO105	49	49	1	perché,	perché	_	_	_	_	_	linguistic	_	none	Intonation=WeaklyRising	_	_	_	_	_
49-2	BO105	49	49	2	proporne	proporne	_	_	_	_	_	linguistic	_	none	_	_	_	_	_	_
49-3	BO105	49	49	3	solo:	solo	_	_	_	_	_	linguistic	_	none	_	_	3x1	_	_	_
49-4	BO105	49	49	4	una	una	_	_	_	_	_	linguistic	_	none	_	_	_	_	_	_
49-5	BO105	49	49	5	tipologia	tipologia	_	_	_	_	_	linguistic	_	none	_	_	_	_	_	_
49-6	BO105	49	49	6	potrebbe	potrebbe	_	_	_	_	_	linguistic	_	none	_	_	_	_	_	_
49-7	BO105	49	49	7	avvantaggiare	avvantaggiare	_	_	_	_	_	linguistic	_	none	_	_	_	_	_	_
49-8	BO105	49	49	8	o	o	_	_	_	_	_	linguistic	_	none	_	_	_	_	_	_
49-9	BO105	49	49	9	svantaggiare	svantaggiare	_	_	_	_	_	linguistic	_	none	_	_	_	_	_	_
49-10	BO105	49	49	10	tipologie	tipologie	_	_	_	_	_	linguistic	_	none	_	_	_	_	_	_
49-11	BO105	49	49	11	di	di	_	_	_	_	_	linguistic	_	none	_	_	_	_	_	_
49-12	BO105	49	49	12	studenti	studenti	_	_	_	_	_	linguistic	_	none	_	_	_	_	_	_
49-13	BO105	49	49	13	in	in	_	_	_	_	_	linguistic	_	none	_	_	_	_	_	_
49-14	BO105	49	49	14	quanto	quanto	_	_	_	_	_	linguistic	_	none	PauseAfter=Yes	_	_	_	_	_
49-15	BO105	49	49	15	{P}	{P}	_	_	_	_	_	shortpause	_	none	_	_	_	_	_	_
49-16	BO105	49	49	16	non	non	_	_	_	_	_	linguistic	_	none	_	_	_	_	_	_
49-17	BO105	49	49	17	tutti	tutti	_	_	_	_	_	linguistic	_	none	_	_	_	_	_	_
49-18	BO105	49	49	18	eh	eh	_	_	_	_	_	linguistic	_	none	_	_	_	_	_	_
49-19	BO105	49	49	19	sono:	sono	_	_	_	_	_	linguistic	_	none	_	End=205.576	3x1	_	_	_
50-0	BO105	50	50	0	diciamo	diciamo	_	_	_	_	_	linguistic	_	none	_	Begin=206.193	_	_	_	_
50-1	BO105	50	50	1	portati,	portati	_	_	_	_	_	linguistic	_	none	Intonation=WeaklyRising	_	_	_	_	_
50-2	BO105	50	50	2	o:	o	_	_	_	_	_	linguistic	_	none	PauseAfter=Yes	_	0x1	_	_	_
50-3	BO105	50	50	3	{P}	{P}	_	_	_	_	_	shortpause	_	none	_	_	_	_	_	_
50-4	BO105	50	50	4	prediligono	prediligono	_	_	_	_	_	linguistic	_	none	_	_	_	_	_	_
50-5	BO105	50	50	5	lo	lo	_	_	_	_	_	linguistic	_	none	_	_	_	_	_	_
50-6	BO105	50	50	6	stesso	stesso	_	_	_	_	_	linguistic	_	none	_	_	_	_	_	_
50-7	BO105	50	50	7	tipo	tipo	_	_	_	_	_	linguistic	_	none	_	_	_	_	_	_
50-8	BO105	50	50	8	di	di	_	_	_	_	_	linguistic	_	none	_	_	_	_	_	_
50-9	BO105	50	50	9	test.	test	_	_	_	_	_	linguistic	_	none	Intonation=Falling	End=210.508	_	_	_	_
51-0	BO105	51	51	0	questo,	questo	_	_	_	_	_	linguistic	_	none	Intonation=WeaklyRising	Begin=210.881	_	_	_	_
51-1	BO105	51	51	1	è	è	_	_	_	_	_	linguistic	_	none	_	_	_	_	_	_
51-2	BO105	51	51	2	appunto	appunto	_	_	_	_	_	linguistic	_	none	_	_	_	_	_	_
51-3	BO105	51	51	3	lo	lo	_	_	_	_	_	linguistic	_	none	_	_	_	_	_	_
51-4	BO105	51	51	4	svantaggio	svantaggio	_	_	_	_	_	linguistic	_	none	_	_	_	_	_	_
51-5	BO105	51	51	5	che:	che	_	_	_	_	_	linguistic	_	none	_	_	2x1	_	_	_
51-6	BO105	51	51	6	che	che	_	_	_	_	_	linguistic	_	none	_	_	_	_	_	_
51-7	BO105	51	51	7	può	può	_	_	_	_	_	linguistic	_	none	_	_	_	_	_	_
51-8	BO105	51	51	8	e~	e~	_	_	_	_	_	linguistic	_	none	Interrupted=Yes	_	_	_	_	_
51-9	BO105	51	51	9	che	che	_	_	_	_	_	linguistic	_	none	_	_	_	_	_	_
51-10	BO105	51	51	10	può	può	_	_	_	_	_	linguistic	_	none	_	_	_	_	_	_
51-11	BO105	51	51	11	derivare	derivare	_	_	_	_	_	linguistic	_	none	_	_	_	_	_	_
51-12	BO105	51	51	12	da	da	_	_	_	_	_	linguistic	_	none	_	_	_	_	_	_
51-13	BO105	51	51	13	test	test	_	_	_	_	_	linguistic	_	none	_	_	_	_	_	_
51-14	BO105	51	51	14	fattoriali	fattoriali	_	_	_	_	_	linguistic	_	none	_	_	_	_	_	_
51-15	BO105	51	51	15	che	che	_	_	_	_	_	linguistic	_	none	_	_	_	_	_	_
51-16	BO105	51	51	16	devono	devono	_	_	_	_	_	linguistic	_	none	_	_	_	_	_	_
51-17	BO105	51	51	17	essere	essere	_	_	_	_	_	linguistic	_	none	PauseAfter=Yes	_	_	_	_	_
51-18	BO105	51	51	18	{P}	{P}	_	_	_	_	_	shortpause	_	none	_	_	_	_	_	_
51-19	BO105	51	51	19	diversificati.	diversificati	_	_	_	_	_	linguistic	_	none	Intonation=Falling	End=217.71	_	_	_	_
52-0	BO105	52	52	0	m:::	m	_	_	_	_	_	linguistic	_	none	_	Begin=218.531	0x3	_	_	_
52-1	BO105	52	52	1	[inoltre],	inoltre	_	_	_	_	_	linguistic	_	none	Intonation=WeaklyRising	End=220.051	_	_	_	0-7(8)
53-0	BO104	53	53	0	[cioè]	cioè	_	_	_	_	_	linguistic	_	none	_	Begin=219.721	_	_	_	0-4(8)
53-1	BO104	53	53	1	diciamo	diciamo	_	_	_	_	_	linguistic	_	none	_	_	_	_	_	_
53-2	BO104	53	53	2	i	i	_	_	_	_	_	linguistic	_	none	_	_	_	_	_	_
53-3	BO104	53	53	3	test	test	_	_	_	_	_	linguistic	_	none	_	_	_	_	_	_
53-4	BO104	53	53	4	fattoriali	fattoriali	_	_	_	_	_	linguistic	_	none	_	_	_	_	_	_
53-5	BO104	53	53	5	non	non	_	_	_	_	_	linguistic	_	none	_	_	_	_	_	_
53-6	BO104	53	53	6	è	è	_	_	_	_	_	linguistic	_	none	_	_	_	_	_	_
53-7	BO104	53	53	7	che	che	_	_	_	_	_	linguistic	_	none	_	_	_	_	_	_
53-8	BO104	53	53	8	devono	devono	_	_	_	_	_	linguistic	_	none	_	_	_	_	_	_
53-9	BO104	53	53	9	essere	essere	_	_	_	_	_	linguistic	_	none	_	_	_	_	_	_
53-10	BO104	53	53	10	diversificati	diversificati	_	_	_	_	_	linguistic	_	none	_	_	_	_	_	_
53-11	BO104	53	53	11	nel	nel	_	_	_	_	_	linguistic	_	none	_	_	_	_	_	_
53-12	BO104	53	53	12	senso	senso	_	_	_	_	_	linguistic	_	none	_	_	_	_	_	_
53-13	BO104	53	53	13	i	i	_	_	_	_	_	linguistic	_	none	_	_	_	_	_	_
53-14	BO104	53	53	14	test	test	_	_	_	_	_	linguistic	_	none	_	_	_	_	_	_
53-15	BO104	53	53	15	fattoriali,	fattoriali	_	_	_	_	_	linguistic	_	none	Intonation=WeaklyRising	_	_	_	_	_
53-16	BO104	53	53	16	e::hm	ehm	_	_	_	_	_	linguistic	_	none	_	End=225.208	0x2	_	_	_
54-0	BO104	54	54	0	possono	possono	_	_	_	_	_	linguistic	_	none	_	Begin=225.576	_	_	_	_
54-1	BO104	54	54	1	essere	essere	_	_	_	_	_	linguistic	_	none	_	_	_	_	_	_
54-2	BO104	54	54	2	diversifi[cati	diversificati	_	_	_	_	_	linguistic	_	none	_	_	_	_	_	9-13(9)
54-3	BO104	54	54	3	pe]rò,	però	_	_	_	_	_	linguistic	_	none	Intonation=WeaklyRising	End=227.536	_	_	_	0-2(9)
55-0	BO105	55	55	0	[sì]	sì	_	_	_	_	_	linguistic	_	none	_	Begin=226.778|End=227.235	_	_	_	0-2(9)
56-0	BO104	56	56	0	per	per	_	_	_	_	_	linguistic	_	none	_	Begin=227.833	_	_	_	_
56-1	BO104	56	56	1	esempio	esempio	_	_	_	_	_	linguistic	_	none	_	_	_	_	_	_
56-2	BO104	56	56	2	un	un	_	_	_	_	_	linguistic	_	none	_	_	_	_	_	_
56-3	BO104	56	56	3	esercizio	esercizio	_	_	_	_	_	linguistic	_	none	_	_	_	_	_	_
56-4	BO104	56	56	4	con	con	_	_	_	_	_	linguistic	_	none	_	_	_	_	_	_
56-5	BO104	56	56	5	risposta	risposta	_	_	_	_	_	linguistic	_	none	_	_	_	_	_	_
56-6	BO104	56	56	6	a	a	_	_	_	_	_	linguistic	_	none	_	_	_	_	_	_
56-7	BO104	56	56	7	scelta	scelta	_	_	_	_	_	linguistic	_	none	_	_	_	_	_	_
56-8	BO104	56	56	8	mult[ipla],	multipla	_	_	_	_	_	linguistic	_	none	Intonation=WeaklyRising	End=230.741	_	_	_	4-8(10)
57-0	BO105	57	57	0	[sì].	sì	_	_	_	_	_	linguistic	_	none	Intonation=Falling	Begin=230.221|End=230.6	_	_	_	0-2(10)
58-0	BO104	58	58	0	e::hm.	ehm	_	_	_	_	_	linguistic	_	none	Intonation=Falling	Begin=231.178|End=232.296	0x2	_	_	_
59-0	BO104	59	59	0	che	che	_	_	_	_	_	linguistic	_	none	_	Begin=233.075	_	_	_	_
59-1	BO104	59	59	1	tipo	tipo	_	_	_	_	_	linguistic	_	none	_	_	_	_	_	_
59-2	BO104	59	59	2	di:	di	_	_	_	_	_	linguistic	_	none	PauseAfter=Yes	_	1x1	_	_	_
59-3	BO104	59	59	3	{P}	{P}	_	_	_	_	_	shortpause	_	none	_	_	_	_	_	_
59-4	BO104	59	59	4	e:h	eh	_	_	_	_	_	linguistic	_	none	_	_	0x1	_	_	_
59-5	BO104	59	59	5	beneficio,	beneficio	_	_	_	_	_	linguistic	_	none	Intonation=WeaklyRising	_	_	_	_	_
59-6	BO104	59	59	6	che	che	_	_	_	_	_	linguistic	_	none	_	_	_	_	_	_
59-7	BO104	59	59	7	tipo	tipo	_	_	_	_	_	linguistic	_	none	_	_	_	_	_	_
59-8	BO104	59	59	8	di	di	_	_	_	_	_	linguistic	_	none	_	_	_	_	_	_
59-9	BO104	59	59	9	vantaggio	vantaggio	_	_	_	_	_	linguistic	_	none	_	_	_	_	_	_
59-10	BO104	59	59	10	ha,	ha	_	_	_	_	_	linguistic	_	none	Intonation=WeaklyRising|PauseAfter=Yes	_	_	_	_	_
59-11	BO104	59	59	11	{P}	{P}	_	_	_	_	_	shortpause	_	none	_	_	_	_	_	_
59-12	BO104	59	59	12	anche	anche	_	_	_	_	_	linguistic	_	none	_	_	_	_	_	_
59-13	BO104	59	59	13	in	in	_	_	_	_	_	linguistic	_	none	_	_	_	_	_	_
59-14	BO104	59	59	14	termini	termini	_	_	_	_	_	linguistic	_	none	_	_	_	_	_	_
59-15	BO104	59	59	15	di	di	_	_	_	_	_	linguistic	_	none	_	_	_	_	_	_
59-16	BO104	59	59	16	procedura,	procedura	_	_	_	_	_	linguistic	_	none	Intonation=WeaklyRising	_	_	_	_	_
59-17	BO104	59	59	17	e	e	_	_	_	_	_	linguistic	_	none	_	_	_	_	_	_
59-18	BO104	59	59	18	che	che	_	_	_	_	_	linguistic	_	none	_	_	_	_	_	_
59-19	BO104	59	59	19	tipo	tipo	_	_	_	_	_	linguistic	_	none	_	_	_	_	_	_
59-20	BO104	59	59	20	invece	invece	_	_	_	_	_	linguistic	_	none	_	_	_	_	_	_
59-21	BO104	59	59	21	di	di	_	_	_	_	_	linguistic	_	none	PauseAfter=Yes	_	_	_	_	_
59-22	BO104	59	59	22	{P}	{P}	_	_	_	_	_	shortpause	_	none	_	_	_	_	_	_
59-23	BO104	59	59	23	svantaggio	svantaggio	_	_	_	_	_	linguistic	_	none	_	_	_	_	_	_
59-24	BO104	59	59	24	di	di	_	_	_	_	_	linguistic	_	none	_	_	_	_	_	_
59-25	BO104	59	59	25	criticità,	criticità	_	_	_	_	_	linguistic	_	none	Intonation=WeaklyRising	_	_	_	_	_
59-26	BO104	59	59	26	porta	porta	_	_	_	_	_	linguistic	_	none	_	_	_	_	_	_
59-27	BO104	59	59	27	con	con	_	_	_	_	_	linguistic	_	none	_	_	_	_	_	_
59-28	BO104	59	59	28	sè.	sè	_	_	_	_	_	linguistic	_	none	Intonation=Falling	End=243.221	_	_	_	_
60-0	BO105	60	60	0	un:	un	_	_	_	_	_	linguistic	_	none	_	Begin=243.723	1x1	_	_	_
60-1	BO105	60	60	1	ti~	ti~	_	_	_	_	_	linguistic	_	none	Interrupted=Yes	_	_	_	_	_
60-2	BO105	60	60	2	un:	un	_	_	_	_	_	linguistic	_	none	_	_	1x1	_	_	_
60-3	BO105	60	60	3	risposta	risposta	_	_	_	_	_	linguistic	_	none	_	_	_	_	_	_
60-4	BO105	60	60	4	multipla,	multipla	_	_	_	_	_	linguistic	_	none	Intonation=WeaklyRising	End=246.574	_	_	_	_
61-0	BO104	61	61	0	per	per	_	_	_	_	_	linguistic	_	none	_	Begin=246.574	_	_	_	_
61-1	BO104	61	61	1	esempio,	esempio	_	_	_	_	_	linguistic	_	none	Intonation=WeaklyRising	End=247.241	_	_	_	_
62-0	BO105	62	62	0	ad	ad	_	_	_	_	_	linguistic	_	none	_	Begin=247.461	_	_	_	_
62-1	BO105	62	62	1	esempio	esempio	_	_	_	_	_	linguistic	_	none	PauseAfter=Yes	_	_	_	_	_
62-2	BO105	62	62	2	{P}	{P}	_	_	_	_	_	shortpause	_	none	_	_	_	_	_	_
62-3	BO105	62	62	3	e::hm	ehm	_	_	_	_	_	linguistic	_	none	_	End=250.301	0x2	_	_	_
63-0	BO105	63	63	0	allora.	allora	_	_	_	_	_	linguistic	_	none	Intonation=Falling	Begin=250.871	_	_	_	_
63-1	BO105	63	63	1	come	come	_	_	_	_	_	linguistic	_	none	PauseAfter=Yes	_	_	_	_	_
63-2	BO105	63	63	2	{P}	{P}	_	_	_	_	_	shortpause	_	none	_	_	_	_	_	_
63-3	BO105	63	63	3	vantaggio,	vantaggio	_	_	_	_	_	linguistic	_	none	Intonation=WeaklyRising	_	_	_	_	_
63-4	BO105	63	63	4	ha	ha	_	_	_	_	_	linguistic	_	none	_	_	_	_	_	_
63-5	BO105	63	63	5	il	il	_	_	_	_	_	linguistic	_	none	_	_	_	_	_	_
63-6	BO105	63	63	6	fatto	fatto	_	_	_	_	_	linguistic	_	none	_	_	_	_	_	_
63-7	BO105	63	63	7	che	che	_	_	_	_	_	linguistic	_	none	_	_	_	_	_	_
63-8	BO105	63	63	8	nella	nella	_	_	_	_	_	linguistic	_	none	_	_	_	_	_	_
63-9	BO105	63	63	9	valutazione,	valutazione	_	_	_	_	_	linguistic	_	none	Intonation=WeaklyRising	_	_	_	_	_
63-10	BO105	63	63	10	la	la	_	_	_	_	_	linguistic	_	none	_	_	_	_	_	_
63-11	BO105	63	63	11	valutazione	valutazione	_	_	_	_	_	linguistic	_	none	_	_	_	_	_	_
63-12	BO105	63	63	12	avviene	avviene	_	_	_	_	_	linguistic	_	none	_	End=256.745	_	_	_	_
64-0	BO105	64	64	0	si	si	_	_	_	_	_	linguistic	_	none	_	Begin=256.891	_	_	_	_
64-1	BO105	64	64	1	si	si	_	_	_	_	_	linguistic	_	none	_	_	_	_	_	_
64-2	BO105	64	64	2	dice	dice	_	_	_	_	_	linguistic	_	none	_	_	_	_	_	_
64-3	BO105	64	64	3	di	di	_	_	_	_	_	linguistic	_	none	_	_	_	_	_	_
64-4	BO105	64	64	4	tipo	tipo	_	_	_	_	_	linguistic	_	none	_	_	_	_	_	_
64-5	BO105	64	64	5	oggettivo.	oggettivo	_	_	_	_	_	linguistic	_	none	Intonation=Falling	End=258.54	_	_	_	_
65-0	BO105	65	65	0	nel	nel	_	_	_	_	_	linguistic	_	none	_	Begin=258.769	_	_	_	_
65-1	BO105	65	65	1	senso	senso	_	_	_	_	_	linguistic	_	none	_	_	_	_	_	_
65-2	BO105	65	65	2	che	che	_	_	_	_	_	linguistic	_	none	_	_	_	_	_	_
65-3	BO105	65	65	3	m::	m	_	_	_	_	_	linguistic	_	none	_	End=260.603	0x2	_	_	_
66-0	BO105	66	66	0	sia	sia	_	_	_	_	_	linguistic	_	none	_	Begin=262.26	_	_	_	_
66-1	BO105	66	66	1	lo	lo	_	_	_	_	_	linguistic	_	none	_	_	_	_	_	_
66-2	BO105	66	66	2	studente,	studente	_	_	_	_	_	linguistic	_	none	Intonation=WeaklyRising	_	_	_	_	_
66-3	BO105	66	66	3	che	che	_	_	_	_	_	linguistic	_	none	_	_	_	_	_	_
66-4	BO105	66	66	4	l'	l'	_	_	_	_	_	linguistic	_	none	SpaceAfter=No	_	_	_	_	_
66-5	BO105	66	66	5	insegnante,	insegnante	_	_	_	_	_	linguistic	_	none	Intonation=WeaklyRising	_	_	_	_	_
66-6	BO105	66	66	6	non:	non	_	_	_	_	_	linguistic	_	none	_	_	2x1	_	_	_
66-7	BO105	66	66	7	hanno	hanno	_	_	_	_	_	linguistic	_	none	_	_	_	_	_	_
66-8	BO105	66	66	8	su	su	_	_	_	_	_	linguistic	_	none	_	_	_	_	_	_
66-9	BO105	66	66	9	questo	questo	_	_	_	_	_	linguistic	_	none	_	_	_	_	_	_
66-10	BO105	66	66	10	tipo	tipo	_	_	_	_	_	linguistic	_	none	_	_	_	_	_	_
66-11	BO105	66	66	11	di:	di	_	_	_	_	_	linguistic	_	none	_	_	1x1	_	_	_
66-12	BO105	66	66	12	di	di	_	_	_	_	_	linguistic	_	none	_	_	_	_	_	_
66-13	BO105	66	66	13	test,	test	_	_	_	_	_	linguistic	_	none	Intonation=WeaklyRising	_	_	_	_	_
66-14	BO105	66	66	14	un	un	_	_	_	_	_	linguistic	_	none	_	_	_	_	_	_
66-15	BO105	66	66	15	impatto	impatto	_	_	_	_	_	linguistic	_	none	_	_	_	_	_	_
66-16	BO105	66	66	16	soggettivo	soggettivo	_	_	_	_	_	linguistic	_	none	_	_	_	_	_	_
66-17	BO105	66	66	17	nel	nel	_	_	_	_	_	linguistic	_	none	_	_	_	_	_	_
66-18	BO105	66	66	18	senso	senso	_	_	_	_	_	linguistic	_	none	_	_	_	_	_	_
66-19	BO105	66	66	19	che	che	_	_	_	_	_	linguistic	_	none	_	End=269.98	_	_	_	_
67-0	BO105	67	67	0	è	è	_	_	_	_	_	linguistic	_	none	_	Begin=270.533	_	_	_	_
67-1	BO105	67	67	1	molto	molto	_	_	_	_	_	linguistic	_	none	_	_	_	_	_	_
67-2	BO105	67	67	2	chiusa	chiusa	_	_	_	_	_	linguistic	_	none	_	_	_	_	_	_
67-3	BO105	67	67	3	la	la	_	_	_	_	_	linguistic	_	none	_	_	_	_	_	_
67-4	BO105	67	67	4	risposta,	risposta	_	_	_	_	_	linguistic	_	none	Intonation=WeaklyRising	End=272.203	_	_	_	_
68-0	BO105	68	68	0	e	e	_	_	_	_	_	linguistic	_	none	PauseAfter=Yes	Begin=272.98	_	_	_	_
68-1	BO105	68	68	1	{P}	{P}	_	_	_	_	_	shortpause	_	none	_	_	_	_	_	_
68-2	BO105	68	68	2	e::hm	ehm	_	_	_	_	_	linguistic	_	none	_	End=274.346	0x2	_	_	_
69-0	BO105	69	69	0	diciamo	diciamo	_	_	_	_	_	linguistic	_	none	_	Begin=275.731	_	_	_	_
69-1	BO105	69	69	1	che	che	_	_	_	_	_	linguistic	_	none	_	_	_	_	_	_
69-2	BO105	69	69	2	l'	l'	_	_	_	_	_	linguistic	_	none	SpaceAfter=No	_	_	_	_	_
69-3	BO105	69	69	3	insegnante	insegnante	_	_	_	_	_	linguistic	_	none	_	_	_	_	_	_
69-4	BO105	69	69	4	ha	ha	_	_	_	_	_	linguistic	_	none	_	_	_	_	_	_
69-5	BO105	69	69	5	una	una	_	_	_	_	_	linguistic	_	none	_	_	_	_	_	_
69-6	BO105	69	69	6	griglia,	griglia	_	_	_	_	_	linguistic	_	none	Intonation=WeaklyRising	_	_	_	_	_
69-7	BO105	69	69	7	dalla	dalla	_	_	_	_	_	linguistic	_	none	_	_	_	_	_	_
69-8	BO105	69	69	8	quale	quale	_	_	_	_	_	linguistic	_	none	_	_	_	_	_	_
69-9	BO105	69	69	9	stabilisce	stabilisce	_	_	_	_	_	linguistic	_	none	_	_	_	_	_	_
69-10	BO105	69	69	10	il	il	_	_	_	_	_	linguistic	_	none	_	_	_	_	_	_
69-11	BO105	69	69	11	risultato	risultato	_	_	_	_	_	linguistic	_	none	_	_	_	_	_	_
69-12	BO105	69	69	12	senza	senza	_	_	_	_	_	linguistic	_	none	PauseAfter=Yes	_	_	_	_	_
69-13	BO105	69	69	13	{P}	{P}	_	_	_	_	_	shortpause	_	none	_	_	_	_	_	_
69-14	BO105	69	69	14	e::hm	ehm	_	_	_	_	_	linguistic	_	none	_	_	0x2	_	_	_
69-15	BO105	69	69	15	appunto.	appunto	_	_	_	_	_	linguistic	_	none	Intonation=Falling	_	_	_	_	_
69-16	BO105	69	69	16	apportare	apportare	_	_	_	_	_	linguistic	_	none	_	_	_	_	_	_
69-17	BO105	69	69	17	una	una	_	_	_	_	_	linguistic	_	none	_	_	_	_	_	_
69-18	BO105	69	69	18	valutazione	valutazione	_	_	_	_	_	linguistic	_	none	_	_	_	_	_	_
69-19	BO105	69	69	19	soggettiva	soggettiva	_	_	_	_	_	linguistic	_	none	_	_	_	_	_	_
69-20	BO105	69	69	20	personale.	personale	_	_	_	_	_	linguistic	_	none	Intonation=Falling	End=284.943	_	_	_	_
70-0	BO105	70	70	0	quan~	quan~	_	_	_	_	_	linguistic	_	none	Interrupted=Yes	Begin=284.971	_	_	_	_
70-1	BO105	70	70	1	come	come	_	_	_	_	_	linguistic	_	none	_	_	_	_	_	_
70-2	BO105	70	70	2	quando	quando	_	_	_	_	_	linguistic	_	none	_	_	_	_	_	_
70-3	BO105	70	70	3	posso	posso	_	_	_	_	_	linguistic	_	none	PauseAfter=Yes	_	_	_	_	_
70-4	BO105	70	70	4	{P}	{P}	_	_	_	_	_	shortpause	_	none	_	_	_	_	_	_
70-5	BO105	70	70	5	come	come	_	_	_	_	_	linguistic	_	none	_	_	_	_	_	_
70-6	BO105	70	70	6	succede	succede	_	_	_	_	_	linguistic	_	none	_	_	_	_	_	_
70-7	BO105	70	70	7	a	a	_	_	_	_	_	linguistic	_	none	_	_	_	_	_	_
70-8	BO105	70	70	8	volte,	volte	_	_	_	_	_	linguistic	_	none	Intonation=WeaklyRising	_	_	_	_	_
70-9	BO105	70	70	9	e::hm	ehm	_	_	_	_	_	linguistic	_	none	_	_	0x2	_	_	_
70-10	BO105	70	70	10	nelle:	nelle	_	_	_	_	_	linguistic	_	none	_	_	4x1	_	_	_
70-11	BO105	70	70	11	nelle	nelle	_	_	_	_	_	linguistic	_	none	_	_	_	_	_	_
70-12	BO105	70	70	12	domande	domande	_	_	_	_	_	linguistic	_	none	_	_	_	_	_	_
70-13	BO105	70	70	13	aperte.	aperte	_	_	_	_	_	linguistic	_	none	Intonation=Falling	End=291.65	_	_	_	_
71-0	BO104	71	71	0	anche	anche	_	_	_	_	_	linguistic	_	none	_	Begin=293.001	_	_	_	_
71-1	BO104	71	71	1	se	se	_	_	_	_	_	linguistic	_	none	_	_	_	_	_	_
71-2	BO104	71	71	2	però	però	_	_	_	_	_	linguistic	_	none	_	_	_	_	_	_
71-3	BO104	71	71	3	nel	nel	_	_	_	_	_	linguistic	_	none	_	_	_	_	_	_
71-4	BO104	71	71	4	nel	nel	_	_	_	_	_	linguistic	_	none	_	_	_	_	_	_
71-5	BO104	71	71	5	suo	suo	_	_	_	_	_	linguistic	_	none	_	_	_	_	_	_
71-6	BO104	71	71	6	articolo:	articolo	_	_	_	_	_	linguistic	_	none	_	_	7x1	_	_	_
71-7	BO104	71	71	7	porcelli,	porcelli	_	_	_	_	_	linguistic	_	none	Intonation=WeaklyRising	_	_	_	_	_
71-8	BO104	71	71	8	cerca	cerca	_	_	_	_	_	linguistic	_	none	_	_	_	_	_	_
71-9	BO104	71	71	9	di	di	_	_	_	_	_	linguistic	_	none	_	_	_	_	_	_
71-10	BO104	71	71	10	scardinare	scardinare	_	_	_	_	_	linguistic	_	none	_	_	_	_	_	_
71-11	BO104	71	71	11	un	un	_	_	_	_	_	linguistic	_	none	_	_	_	_	_	_
71-12	BO104	71	71	12	po'	po'	_	_	_	_	_	linguistic	_	none	_	_	_	_	_	_
71-13	BO104	71	71	13	questa:	questa	_	_	_	_	_	linguistic	_	none	_	_	5x1	_	_	_
71-14	BO104	71	71	14	dicotomia	dicotomia	_	_	_	_	_	linguistic	_	none	_	_	_	_	_	_
71-15	BO104	71	71	15	così	così	_	_	_	_	_	linguistic	_	none	_	_	_	_	_	_
71-16	BO104	71	71	16	rigida	rigida	_	_	_	_	_	linguistic	_	none	_	_	_	_	_	_
71-17	BO104	71	71	17	no?	no	_	_	_	_	_	linguistic	_	none	Intonation=Rising	_	_	_	_	_
71-18	BO104	71	71	18	nella:	nella	_	_	_	_	_	linguistic	_	none	_	_	4x1	_	_	_
71-19	BO104	71	71	19	sull'	sull'	_	_	_	_	_	linguistic	_	none	SpaceAfter=No	_	_	_	_	_
71-20	BO104	71	71	20	oggettività	oggettività	_	_	_	_	_	linguistic	_	none	_	_	_	_	_	_
71-21	BO104	71	71	21	e	e	_	_	_	_	_	linguistic	_	none	_	_	_	_	_	_
71-22	BO104	71	71	22	l'	l'	_	_	_	_	_	linguistic	_	none	SpaceAfter=No	_	_	_	_	_
71-23	BO104	71	71	23	oggettività,	oggettività	_	_	_	_	_	linguistic	_	none	Intonation=WeaklyRising	_	_	_	_	_
71-24	BO104	71	71	24	in	in	_	_	_	_	_	linguistic	_	none	_	_	_	_	_	_
71-25	BO104	71	71	25	che	che	_	_	_	_	_	linguistic	_	none	_	_	_	_	_	_
71-26	BO104	71	71	26	senso?	senso	_	_	_	_	_	linguistic	_	none	Intonation=Rising	End=302.931	_	_	_	_
72-0	BO105	72	72	0	allora	allora	_	_	_	_	_	linguistic	_	none	_	Begin=303.126	_	_	_	_
72-1	BO105	72	72	1	e:h	eh	_	_	_	_	_	linguistic	_	none	PauseAfter=Yes	_	0x1	_	_	_
72-2	BO105	72	72	2	{P}	{P}	_	_	_	_	_	shortpause	_	none	_	_	_	_	_	_
72-3	BO105	72	72	3	lui	lui	_	_	_	_	_	linguistic	_	none	_	_	_	_	_	_
72-4	BO105	72	72	4	dice	dice	_	_	_	_	_	linguistic	_	none	_	_	_	_	_	_
72-5	BO105	72	72	5	che	che	_	_	_	_	_	linguistic	_	none	_	_	_	_	_	_
72-6	BO105	72	72	6	sarebbe:	sarebbe	_	_	_	_	_	linguistic	_	none	_	End=305.711	6x1	_	_	_
73-0	BO105	73	73	0	mh	mh	_	_	_	_	_	linguistic	_	none	_	Begin=306.598	_	_	_	_
73-1	BO105	73	73	1	dice	dice	_	_	_	_	_	linguistic	_	none	_	_	_	_	_	_
73-2	BO105	73	73	2	che	che	_	_	_	_	_	linguistic	_	none	_	_	_	_	_	_
73-3	BO105	73	73	3	sarebbe	sarebbe	_	_	_	_	_	linguistic	_	none	_	_	_	_	_	_
73-4	BO105	73	73	4	ottimale,	ottimale	_	_	_	_	_	linguistic	_	none	Intonation=WeaklyRising	_	_	_	_	_
73-5	BO105	73	73	5	e:h	eh	_	_	_	_	_	linguistic	_	none	_	_	0x1	_	_	_
73-6	BO105	73	73	6	far	far	_	_	_	_	_	linguistic	_	none	_	_	_	_	_	_
73-7	BO105	73	73	7	valutare	valutare	_	_	_	_	_	linguistic	_	none	PauseAfter=Yes	_	_	_	_	_
73-8	BO105	73	73	8	{P}	{P}	_	_	_	_	_	shortpause	_	none	_	_	_	_	_	_
73-9	BO105	73	73	9	i	i	_	_	_	_	_	linguistic	_	none	_	_	_	_	_	_
73-10	BO105	73	73	10	test	test	_	_	_	_	_	linguistic	_	none	_	_	_	_	_	_
73-11	BO105	73	73	11	a	a	_	_	_	_	_	linguistic	_	none	_	_	_	_	_	_
73-12	BO105	73	73	12	più	più	_	_	_	_	_	linguistic	_	none	_	_	_	_	_	_
73-13	BO105	73	73	13	persone.	persone	_	_	_	_	_	linguistic	_	none	Intonation=Falling	End=310.995	_	_	_	_
74-0	BO105	74	74	0	così	così	_	_	_	_	_	linguistic	_	none	_	Begin=311.338	_	_	_	_
74-1	BO105	74	74	1	che	che	_	_	_	_	_	linguistic	_	none	PauseAfter=Yes	_	_	_	_	_
74-2	BO105	74	74	2	{P}	{P}	_	_	_	_	_	shortpause	_	none	_	_	_	_	_	_
74-3	BO105	74	74	3	e:h.	eh	_	_	_	_	_	linguistic	_	none	Intonation=Falling	_	0x1	_	_	_
74-4	BO105	74	74	4	anche	anche	_	_	_	_	_	linguistic	_	none	_	_	_	_	_	_
74-5	BO105	74	74	5	le	le	_	_	_	_	_	linguistic	_	none	_	_	_	_	_	_
74-6	BO105	74	74	6	valutazioni	valutazioni	_	_	_	_	_	linguistic	_	none	_	_	_	_	_	_
74-7	BO105	74	74	7	soggettive,	soggettive	_	_	_	_	_	linguistic	_	none	Intonation=WeaklyRising	_	_	_	_	_
74-8	BO105	74	74	8	appunto,	appunto	_	_	_	_	_	linguistic	_	none	Intonation=WeaklyRising	_	_	_	_	_
74-9	BO105	74	74	9	possono	possono	_	_	_	_	_	linguistic	_	none	_	_	_	_	_	_
74-10	BO105	74	74	10	essere	essere	_	_	_	_	_	linguistic	_	none	_	End=315.556	_	_	_	_
75-0	BO105	75	75	0	e:h	eh	_	_	_	_	_	linguistic	_	none	_	Begin=315.953	0x1	_	_	_
75-1	BO105	75	75	1	ci	ci	_	_	_	_	_	linguistic	_	none	_	_	_	_	_	_
75-2	BO105	75	75	2	possa	possa	_	_	_	_	_	linguistic	_	none	_	_	_	_	_	_
75-3	BO105	75	75	3	essere	essere	_	_	_	_	_	linguistic	_	none	_	_	_	_	_	_
75-4	BO105	75	75	4	un	un	_	_	_	_	_	linguistic	_	none	_	_	_	_	_	_
75-5	BO105	75	75	5	confronto	confronto	_	_	_	_	_	linguistic	_	none	_	_	_	_	_	_
75-6	BO105	75	75	6	rra	rra	_	_	_	_	_	linguistic	_	none	_	_	_	_	_	_
75-7	BO105	75	75	7	gli	gli	_	_	_	_	_	linguistic	_	none	_	_	_	_	_	_
75-8	BO105	75	75	8	insegnanti,	insegnanti	_	_	_	_	_	linguistic	_	none	Intonation=WeaklyRising	End=318.466	_	_	_	_
76-0	BO105	76	76	0	e	e	_	_	_	_	_	linguistic	_	none	_	Begin=318.503	_	_	_	_
76-1	BO105	76	76	1	possano	possano	_	_	_	_	_	linguistic	_	none	_	_	_	_	_	_
76-2	BO105	76	76	2	essere	essere	_	_	_	_	_	linguistic	_	none	_	_	_	_	_	_
76-3	BO105	76	76	3	un	un	_	_	_	_	_	linguistic	_	none	_	_	_	_	_	_
76-4	BO105	76	76	4	po'	po'	_	_	_	_	_	linguistic	_	none	_	_	_	_	_	_
76-5	BO105	76	76	5	più	più	_	_	_	_	_	linguistic	_	none	PauseAfter=Yes	_	_	_	_	_
76-6	BO105	76	76	6	{P}	{P}	_	_	_	_	_	shortpause	_	none	_	_	_	_	_	_
76-7	BO105	76	76	7	oggettivate.	oggettivate	_	_	_	_	_	linguistic	_	none	Intonation=Falling	End=320.855	_	_	_	_
77-0	BO105	77	77	0	e::hm	ehm	_	_	_	_	_	linguistic	_	none	_	Begin=321.751|End=323.023	0x2	_	_	_
78-0	BO105	78	78	0	inoltre	inoltre	_	_	_	_	_	linguistic	_	none	_	Begin=323.94	_	_	_	_
78-1	BO105	78	78	1	porcelli,	porcelli	_	_	_	_	_	linguistic	_	none	Intonation=WeaklyRising	End=325.608	_	_	_	_
79-0	BO105	79	79	0	°sto	sto	_	_	_	_	_	linguistic	_	none	Volume=low	Begin=326.24	_	_	_	_
79-1	BO105	79	79	1	pesando,°	pesando	_	_	_	_	_	linguistic	_	none	Intonation=WeaklyRising|Volume=low	End=327.19	_	_	_	_
80-0	BO104	80	80	0	ti	ti	_	_	_	_	_	linguistic	_	none	_	Begin=327.89	_	_	_	_
80-1	BO104	80	80	1	ricordi	ricordi	_	_	_	_	_	linguistic	_	none	_	_	_	_	_	_
80-2	BO104	80	80	2	l'	l'	_	_	_	_	_	linguistic	_	none	SpaceAfter=No	_	_	_	_	_
80-3	BO104	80	80	3	articolo,	articolo	_	_	_	_	_	linguistic	_	none	Intonation=WeaklyRising	_	_	_	_	_
80-4	BO104	80	80	4	è	è	_	_	_	_	_	linguistic	_	none	_	_	_	_	_	_
80-5	BO104	80	80	5	quello::,	quello	_	_	_	_	_	linguistic	_	none	Intonation=WeaklyRising	End=330.14	5x2	_	_	_
81-0	BO104	81	81	0	verifiche	verifiche	_	_	_	_	_	linguistic	_	none	_	Begin=330.703	_	_	_	_
81-1	BO104	81	81	1	comode,	comode	_	_	_	_	_	linguistic	_	none	Intonation=WeaklyRising	_	_	_	_	_
81-2	BO104	81	81	2	verifiche	verifiche	_	_	_	_	_	linguistic	_	none	_	_	_	_	_	_
81-3	BO104	81	81	3	valide.	valide	_	_	_	_	_	linguistic	_	none	Intonation=Falling	End=332.606	_	_	_	_
82-0	BO104	82	82	0	la	la	_	_	_	_	_	linguistic	_	none	_	Begin=335.54	_	_	_	_
82-1	BO104	82	82	1	valutazione	valutazione	_	_	_	_	_	linguistic	_	none	_	_	_	_	_	_
82-2	BO104	82	82	2	delle	delle	_	_	_	_	_	linguistic	_	none	_	_	_	_	_	_
82-3	BO104	82	82	3	competenze	competenze	_	_	_	_	_	linguistic	_	none	_	_	_	_	_	_
82-4	BO104	82	82	4	linguistico	linguistico	_	_	_	_	_	linguistic	_	none	_	_	_	_	_	_
82-5	BO104	82	82	5	comunicative	comunicative	_	_	_	_	_	linguistic	_	none	_	_	_	_	_	_
82-6	BO104	82	82	6	in	in	_	_	_	_	_	linguistic	_	none	_	_	_	_	_	_
82-7	BO104	82	82	7	italiano	italiano	_	_	_	_	_	linguistic	_	none	_	_	_	_	_	_
82-8	BO104	82	82	8	elle	elle	_	_	_	_	_	linguistic	_	none	_	_	_	_	_	_
82-9	BO104	82	82	9	due:,	due	_	_	_	_	_	linguistic	_	none	Intonation=WeaklyRising	End=339.061	2x1	_	_	_
83-0	BO105	83	83	0	[sì]	sì	_	_	_	_	_	linguistic	_	none	_	Begin=339.08|End=339.57	_	_	_	0-2(11)
84-0	BO104	84	84	0	[verifiche]	verifiche	_	_	_	_	_	linguistic	_	none	_	Begin=339.088	_	_	_	0-9(11)
84-1	BO104	84	84	1	comode,	comode	_	_	_	_	_	linguistic	_	none	Intonation=WeaklyRising	_	_	_	_	_
84-2	BO104	84	84	2	verifiche	verifiche	_	_	_	_	_	linguistic	_	none	_	_	_	_	_	_
84-3	BO104	84	84	3	valide.	valide	_	_	_	_	_	linguistic	_	none	Intonation=Falling	End=340.903	_	_	_	_
85-0	BO104	85	85	0	anche	anche	_	_	_	_	_	linguistic	_	none	_	Begin=341.5	_	_	_	_
85-1	BO104	85	85	1	in	in	_	_	_	_	_	linguistic	_	none	_	_	_	_	_	_
85-2	BO104	85	85	2	termini	termini	_	_	_	_	_	linguistic	_	none	_	_	_	_	_	_
85-3	BO104	85	85	3	proprio	proprio	_	_	_	_	_	linguistic	_	none	_	_	_	_	_	_
85-4	BO104	85	85	4	di	di	_	_	_	_	_	linguistic	_	none	_	_	_	_	_	_
85-5	BO104	85	85	5	oggettività	oggettività	_	_	_	_	_	linguistic	_	none	_	_	_	_	_	_
85-6	BO104	85	85	6	della:	della	_	_	_	_	_	linguistic	_	none	_	_	4x1	_	_	_
85-7	BO104	85	85	7	dell'	dell'	_	_	_	_	_	linguistic	_	none	SpaceAfter=No	_	_	_	_	_
85-8	BO104	85	85	8	item	item	_	_	_	_	_	linguistic	_	none	_	_	_	_	_	_
85-9	BO104	85	85	9	a	a	_	_	_	_	_	linguistic	_	none	_	_	_	_	_	_
85-10	BO104	85	85	10	risposta	risposta	_	_	_	_	_	linguistic	_	none	_	_	_	_	_	_
85-11	BO104	85	85	11	chiusa,	chiusa	_	_	_	_	_	linguistic	_	none	Intonation=WeaklyRising	End=346.87	_	_	_	_
86-0	BO104	86	86	0	in	in	_	_	_	_	_	linguistic	_	none	_	Begin=347.296	_	_	_	_
86-1	BO104	86	86	1	qualche	qualche	_	_	_	_	_	linguistic	_	none	_	_	_	_	_	_
86-2	BO104	86	86	2	modo:	modo	_	_	_	_	_	linguistic	_	none	PauseAfter=Yes	_	3x1	_	_	_
86-3	BO104	86	86	3	{P}	{P}	_	_	_	_	_	shortpause	_	none	_	_	_	_	_	_
86-4	BO104	86	86	4	insomma	insomma	_	_	_	_	_	linguistic	_	none	_	End=349.276	_	_	_	_
87-0	BO104	87	87	0	in	in	_	_	_	_	_	linguistic	_	none	_	Begin=350.453	_	_	_	_
87-1	BO104	87	87	1	che	che	_	_	_	_	_	linguistic	_	none	_	_	_	_	_	_
87-2	BO104	87	87	2	senso	senso	_	_	_	_	_	linguistic	_	none	_	_	_	_	_	_
87-3	BO104	87	87	3	non	non	_	_	_	_	_	linguistic	_	none	_	_	_	_	_	_
87-4	BO104	87	87	4	è	è	_	_	_	_	_	linguistic	_	none	_	_	_	_	_	_
87-5	BO104	87	87	5	effettivamente	effettivamente	_	_	_	_	_	linguistic	_	none	_	_	_	_	_	_
87-6	BO104	87	87	6	oggetivo,	oggetivo	_	_	_	_	_	linguistic	_	none	Intonation=WeaklyRising	_	_	_	_	_
87-7	BO104	87	87	7	>cioè<	cioè	_	_	_	_	_	linguistic	_	none	PauseAfter=Yes	_	_	Fast=0-4(0)	_	_
87-8	BO104	87	87	8	{P}	{P}	_	_	_	_	_	shortpause	_	none	_	_	_	_	_	_
87-9	BO104	87	87	9	in	in	_	_	_	_	_	linguistic	_	none	_	_	_	_	_	_
87-10	BO104	87	87	10	letteratura	letteratura	_	_	_	_	_	linguistic	_	none	_	_	_	_	_	_
87-11	BO104	87	87	11	si	si	_	_	_	_	_	linguistic	_	none	_	_	_	_	_	_
87-12	BO104	87	87	12	tende	tende	_	_	_	_	_	linguistic	_	none	_	_	_	_	_	_
87-13	BO104	87	87	13	a	a	_	_	_	_	_	linguistic	_	none	_	_	_	_	_	_
87-14	BO104	87	87	14	fare	fare	_	_	_	_	_	linguistic	_	none	_	_	_	_	_	_
87-15	BO104	87	87	15	questa	questa	_	_	_	_	_	linguistic	_	none	_	_	_	_	_	_
87-16	BO104	87	87	16	distinzione	distinzione	_	_	_	_	_	linguistic	_	none	_	_	_	_	_	_
87-17	BO104	87	87	17	un	un	_	_	_	_	_	linguistic	_	none	_	_	_	_	_	_
87-18	BO104	87	87	18	po'	po'	_	_	_	_	_	linguistic	_	none	_	_	_	_	_	_
87-19	BO104	87	87	19	rigida	rigida	_	_	_	_	_	linguistic	_	none	_	_	_	_	_	_
87-20	BO104	87	87	20	tra,	tra	_	_	_	_	_	linguistic	_	none	Intonation=WeaklyRising	End=356.54	_	_	_	_
88-0	BO104	88	88	0	testo	testo	_	_	_	_	_	linguistic	_	none	_	Begin=356.89	_	_	_	_
88-1	BO104	88	88	1	oggettivo	oggettivo	_	_	_	_	_	linguistic	_	none	_	_	_	_	_	_
88-2	BO104	88	88	2	e	e	_	_	_	_	_	linguistic	_	none	_	_	_	_	_	_
88-3	BO104	88	88	3	testo	testo	_	_	_	_	_	linguistic	_	none	_	_	_	_	_	_
88-4	BO104	88	88	4	[soggettivo],	soggettivo	_	_	_	_	_	linguistic	_	none	Intonation=WeaklyRising	_	_	_	_	0-10(12)
88-5	BO104	88	88	5	no?	no	_	_	_	_	_	linguistic	_	none	Intonation=Rising	End=359.4	_	_	_	_
89-0	BO105	89	89	0	[sì]	sì	_	_	_	_	_	linguistic	_	none	_	Begin=358.525|End=358.885	_	_	_	0-2(12)
90-0	BO104	90	90	0	dicendo	dicendo	_	_	_	_	_	linguistic	_	none	_	Begin=359.66	_	_	_	_
90-1	BO104	90	90	1	appunto	appunto	_	_	_	_	_	linguistic	_	none	_	_	_	_	_	_
90-2	BO104	90	90	2	che	che	_	_	_	_	_	linguistic	_	none	_	_	_	_	_	_
90-3	BO104	90	90	3	il	il	_	_	_	_	_	linguistic	_	none	_	_	_	_	_	_
90-4	BO104	90	90	4	testo	testo	_	_	_	_	_	linguistic	_	none	_	_	_	_	_	_
90-5	BO104	90	90	5	oggettivo	oggettivo	_	_	_	_	_	linguistic	_	none	_	_	_	_	_	_
90-6	BO104	90	90	6	è	è	_	_	_	_	_	linguistic	_	none	_	_	_	_	_	_
90-7	BO104	90	90	7	il	il	_	_	_	_	_	linguistic	_	none	_	_	_	_	_	_
90-8	BO104	90	90	8	test,	test	_	_	_	_	_	linguistic	_	none	Intonation=WeaklyRising	End=362.131	_	_	_	_
91-0	BO104	91	91	0	e::h	eh	_	_	_	_	_	linguistic	_	none	PauseAfter=Yes	Begin=362.846	0x2	_	_	_
91-1	BO104	91	91	1	{P}	{P}	_	_	_	_	_	shortpause	_	none	_	_	_	_	_	_
91-2	BO104	91	91	2	l'	l'	_	_	_	_	_	linguistic	_	none	SpaceAfter=No	_	_	_	_	_
91-3	BO104	91	91	3	item	item	_	_	_	_	_	linguistic	_	none	_	_	_	_	_	_
91-4	BO104	91	91	4	a	a	_	_	_	_	_	linguistic	_	none	_	_	_	_	_	_
91-5	BO104	91	91	5	risposta	risposta	_	_	_	_	_	linguistic	_	none	_	_	_	_	_	_
91-6	BO104	91	91	6	chiusa	chiusa	_	_	_	_	_	linguistic	_	none	_	_	_	_	_	_
91-7	BO104	91	91	7	con	con	_	_	_	_	_	linguistic	_	none	_	_	_	_	_	_
91-8	BO104	91	91	8	un'	un'	_	_	_	_	_	linguistic	_	none	SpaceAfter=No	_	_	_	_	_
91-9	BO104	91	91	9	unica	unica	_	_	_	_	_	linguistic	_	none	_	_	_	_	_	_
91-10	BO104	91	91	10	risposta	risposta	_	_	_	_	_	linguistic	_	none	_	_	_	_	_	_
91-11	BO104	91	91	11	correta:,	correta	_	_	_	_	_	linguistic	_	none	Intonation=WeaklyRising	_	6x1	_	_	_
91-12	BO104	91	91	12	gli	gli	_	_	_	_	_	linguistic	_	none	_	_	_	_	_	_
91-13	BO104	91	91	13	item	item	_	_	_	_	_	linguistic	_	none	_	_	_	_	_	_
91-14	BO104	91	91	14	discreti	discreti	_	_	_	_	_	linguistic	_	none	_	_	_	_	_	_
91-15	BO104	91	91	15	eccetera	eccetera	_	_	_	_	_	linguistic	_	none	_	_	_	_	_	_
91-16	BO104	91	91	16	però,	però	_	_	_	_	_	linguistic	_	none	Intonation=WeaklyRising	_	_	_	_	_
91-17	BO104	91	91	17	in	in	_	_	_	_	_	linguistic	_	none	_	_	_	_	_	_
91-18	BO104	91	91	18	che	che	_	_	_	_	_	linguistic	_	none	_	_	_	_	_	_
91-19	BO104	91	91	19	senso	senso	_	_	_	_	_	linguistic	_	none	_	_	_	_	_	_
91-20	BO104	91	91	20	questa	questa	_	_	_	_	_	linguistic	_	none	_	_	_	_	_	_
91-21	BO104	91	91	21	oggettività,	oggettività	_	_	_	_	_	linguistic	_	none	Intonation=WeaklyRising	_	_	_	_	_
91-22	BO104	91	91	22	è	è	_	_	_	_	_	linguistic	_	none	_	_	_	_	_	_
91-23	BO104	91	91	23	comunque	comunque	_	_	_	_	_	linguistic	_	none	_	_	_	_	_	_
91-24	BO104	91	91	24	parziale?	parziale	_	_	_	_	_	linguistic	_	none	Intonation=Rising	End=372.67	_	_	_	_
92-0	BO105	92	92	0	m:::	m	_	_	_	_	_	linguistic	_	none	_	Begin=373.801|End=374.766	0x3	_	_	_
93-0	BO105	93	93	0	nel	nel	_	_	_	_	_	linguistic	_	none	_	Begin=379.96	_	_	_	_
93-1	BO105	93	93	1	senso,	senso	_	_	_	_	_	linguistic	_	none	Intonation=WeaklyRising	End=381.691	_	_	_	_
94-0	BO105	94	94	0	>sto	sto	_	_	_	_	_	linguistic	_	none	_	Begin=382.861	_	Fast=0-3(0)	_	_
94-1	BO105	94	94	1	cercando<	cercando	_	_	_	_	_	linguistic	_	none	_	_	_	Fast=0-8(0)	_	_
94-2	BO105	94	94	2	di	di	_	_	_	_	_	linguistic	_	none	_	_	_	_	_	_
94-3	BO105	94	94	3	ricord[are],	ricordare	_	_	_	_	_	linguistic	_	none	Intonation=WeaklyRising	End=384.076	_	_	_	6-9(13)
95-0	BO104	95	95	0	[sì	sì	_	_	_	_	_	linguistic	_	none	_	Begin=383.6	_	_	_	0-2(13)
95-1	BO104	95	95	1	sì]	sì	_	_	_	_	_	linguistic	_	none	_	_	_	_	_	0-2(13)
95-2	BO104	95	95	2	no	no	_	_	_	_	_	linguistic	_	none	ProsodicLink=Yes	_	_	_	_	_
95-3	BO104	95	95	3	anche	anche	_	_	_	_	_	linguistic	_	none	_	_	_	_	_	_
95-4	BO104	95	95	4	a	a	_	_	_	_	_	linguistic	_	none	_	_	_	_	_	_
95-5	BO104	95	95	5	ragiona[mento	ragionamento	_	_	_	_	_	linguistic	_	none	_	_	_	_	_	7-12(14)
95-6	BO104	95	95	6	eh],	eh	_	_	_	_	_	linguistic	_	none	Intonation=WeaklyRising	_	_	_	_	0-2(14)
95-7	BO104	95	95	7	anche:	anche	_	_	_	_	_	linguistic	_	none	_	End=386.09	4x1	_	_	_
96-0	BO105	96	96	0	[sì	sì	_	_	_	_	_	linguistic	_	none	_	Begin=385.21	_	_	_	0-2(14)
96-1	BO105	96	96	1	sì].	sì	_	_	_	_	_	linguistic	_	none	Intonation=Falling	End=385.89	_	_	_	0-2(14)
97-0	BO104	97	97	0	facendo	facendo	_	_	_	_	_	linguistic	_	none	_	Begin=386.215	_	_	_	_
97-1	BO104	97	97	1	un	un	_	_	_	_	_	linguistic	_	none	_	_	_	_	_	_
97-2	BO104	97	97	2	ragionamento	ragionamento	_	_	_	_	_	linguistic	_	none	_	_	_	_	_	_
97-3	BO104	97	97	3	tuo	tuo	_	_	_	_	_	linguistic	_	none	_	_	_	_	_	_
97-4	BO104	97	97	4	insomma.	insomma	_	_	_	_	_	linguistic	_	none	Intonation=Falling	End=387.756	_	_	_	_
98-0	BO105	98	98	0	penso	penso	_	_	_	_	_	linguistic	_	none	_	Begin=392.303	_	_	_	_
98-1	BO105	98	98	1	che	che	_	_	_	_	_	linguistic	_	none	_	_	_	_	_	_
98-2	BO105	98	98	2	possa	possa	_	_	_	_	_	linguistic	_	none	_	_	_	_	_	_
98-3	BO105	98	98	3	non	non	_	_	_	_	_	linguistic	_	none	_	_	_	_	_	_
98-4	BO105	98	98	4	essere	essere	_	_	_	_	_	linguistic	_	none	PauseAfter=Yes	_	_	_	_	_
98-5	BO105	98	98	5	{P}	{P}	_	_	_	_	_	shortpause	_	none	_	_	_	_	_	_
98-6	BO105	98	98	6	oggettivamente	oggettivamente	_	_	_	_	_	linguistic	_	none	_	_	_	_	_	_
98-7	BO105	98	98	7	m:	m	_	_	_	_	_	linguistic	_	none	_	_	0x1	_	_	_
98-8	BO105	98	98	8	eh	eh	_	_	_	_	_	linguistic	_	none	_	_	_	_	_	_
98-9	BO105	98	98	9	c~	c~	_	_	_	_	_	linguistic	_	none	Interrupted=Yes	End=396.43	_	_	_	_
99-0	BO105	99	99	0	assolutamente	assolutamente	_	_	_	_	_	linguistic	_	none	_	Begin=396.626	_	_	_	_
99-1	BO105	99	99	1	oggettiva,	oggettiva	_	_	_	_	_	linguistic	_	none	Intonation=WeaklyRising	End=398.443	_	_	_	_
100-0	BO105	100	100	0	e::hm	ehm	_	_	_	_	_	linguistic	_	none	_	Begin=399.34	0x2	_	_	_
100-1	BO105	100	100	1	forse	forse	_	_	_	_	_	linguistic	_	none	_	_	_	_	_	_
100-2	BO105	100	100	2	perché	perché	_	_	_	_	_	linguistic	_	none	_	_	_	_	_	_
100-3	BO105	100	100	3	possono	possono	_	_	_	_	_	linguistic	_	none	_	_	_	_	_	_
100-4	BO105	100	100	4	essere	essere	_	_	_	_	_	linguistic	_	none	_	_	_	_	_	_
100-5	BO105	100	100	5	date,	date	_	_	_	_	_	linguistic	_	none	Intonation=WeaklyRising	_	_	_	_	_
100-6	BO105	100	100	6	in	in	_	_	_	_	_	linguistic	_	none	_	_	_	_	_	_
100-7	BO105	100	100	7	alcune	alcune	_	_	_	_	_	linguistic	_	none	_	_	_	_	_	_
100-8	BO105	100	100	8	situazioni	situazioni	_	_	_	_	_	linguistic	_	none	_	_	_	_	_	_
100-9	BO105	100	100	9	vari	vari	_	_	_	_	_	linguistic	_	none	_	_	_	_	_	_
100-10	BO105	100	100	10	tipi	tipi	_	_	_	_	_	linguistic	_	none	_	_	_	_	_	_
100-11	BO105	100	100	11	di	di	_	_	_	_	_	linguistic	_	none	_	_	_	_	_	_
100-12	BO105	100	100	12	risposte,	risposte	_	_	_	_	_	linguistic	_	none	Intonation=WeaklyRising	End=404.278	_	_	_	_
101-0	BO105	101	101	0	e:	e	_	_	_	_	_	linguistic	_	none	_	Begin=404.805	0x1	_	_	_
101-1	BO105	101	101	1	quindi	quindi	_	_	_	_	_	linguistic	_	none	_	_	_	_	_	_
101-2	BO105	101	101	2	anche	anche	_	_	_	_	_	linguistic	_	none	_	_	_	_	_	_
101-3	BO105	101	101	3	questo	questo	_	_	_	_	_	linguistic	_	none	_	_	_	_	_	_
101-4	BO105	101	101	4	va:	va	_	_	_	_	_	linguistic	_	none	PauseAfter=Yes	_	1x1	_	_	_
101-5	BO105	101	101	5	{P}	{P}	_	_	_	_	_	shortpause	_	none	_	_	_	_	_	_
101-6	BO105	101	101	6	e:h	eh	_	_	_	_	_	linguistic	_	none	_	_	0x1	_	_	_
101-7	BO105	101	101	7	va	va	_	_	_	_	_	linguistic	_	none	_	_	_	_	_	_
101-8	BO105	101	101	8	valutato.	valutato	_	_	_	_	_	linguistic	_	none	Intonation=Falling	End=407.548	_	_	_	_
102-0	BO105	102	102	0	e::hm	ehm	_	_	_	_	_	linguistic	_	none	_	Begin=408.428|End=410.045	0x2	_	_	_
103-0	BO105	103	103	0	inoltre,	inoltre	_	_	_	_	_	linguistic	_	none	Intonation=WeaklyRising	Begin=410.543	_	_	_	_
103-1	BO105	103	103	1	perché:	perché	_	_	_	_	_	linguistic	_	none	_	_	5x1	_	_	_
103-2	BO105	103	103	2	dipende	dipende	_	_	_	_	_	linguistic	_	none	_	_	_	_	_	_
103-3	BO105	103	103	3	anche,	anche	_	_	_	_	_	linguistic	_	none	Intonation=WeaklyRising	_	_	_	_	_
103-4	BO105	103	103	4	dal	dal	_	_	_	_	_	linguistic	_	none	_	_	_	_	_	_
103-5	BO105	103	103	5	dal	dal	_	_	_	_	_	linguistic	_	none	_	_	_	_	_	_
103-6	BO105	103	103	6	valuatore.	valuatore	_	_	_	_	_	linguistic	_	none	Intonation=Falling	_	_	_	_	_
103-7	BO105	103	103	7	dal	dal	_	_	_	_	_	linguistic	_	none	_	_	_	_	_	_
103-8	BO105	103	103	8	soggetto	soggetto	_	_	_	_	_	linguistic	_	none	_	_	_	_	_	_
103-9	BO105	103	103	9	che	che	_	_	_	_	_	linguistic	_	none	_	_	_	_	_	_
103-10	BO105	103	103	10	valuta,	valuta	_	_	_	_	_	linguistic	_	none	Intonation=WeaklyRising	End=415.515	_	_	_	_
104-0	BO105	104	104	0	dare	dare	_	_	_	_	_	linguistic	_	none	_	Begin=415.991	_	_	_	_
104-1	BO105	104	104	1	appunto,	appunto	_	_	_	_	_	linguistic	_	none	Intonation=WeaklyRising	_	_	_	_	_
104-2	BO105	104	104	2	mh	mh	_	_	_	_	_	linguistic	_	none	_	_	_	_	_	_
104-3	BO105	104	104	3	la	la	_	_	_	_	_	linguistic	_	none	_	_	_	_	_	_
104-4	BO105	104	104	4	definizio~	definizio~	_	_	_	_	_	linguistic	_	none	Interrupted=Yes	_	_	_	_	_
104-5	BO105	104	104	5	mh	mh	_	_	_	_	_	linguistic	_	none	_	End=419.25	_	_	_	_
105-0	BO105	105	105	0	decidere	decidere	_	_	_	_	_	linguistic	_	none	_	Begin=420.176	_	_	_	_
105-1	BO105	105	105	1	appunto	appunto	_	_	_	_	_	linguistic	_	none	_	_	_	_	_	_
105-2	BO105	105	105	2	qual	qual	_	_	_	_	_	linguistic	_	none	_	_	_	_	_	_
105-3	BO105	105	105	3	è,	è	_	_	_	_	_	linguistic	_	none	Intonation=WeaklyRising	_	_	_	_	_
105-4	BO105	105	105	4	la	la	_	_	_	_	_	linguistic	_	none	_	_	_	_	_	_
105-5	BO105	105	105	5	definizione:	definizione	_	_	_	_	_	linguistic	_	none	_	_	10x1	_	_	_
105-6	BO105	105	105	6	oggettiva,	oggettiva	_	_	_	_	_	linguistic	_	none	Intonation=WeaklyRising	_	_	_	_	_
105-7	BO105	105	105	7	e	e	_	_	_	_	_	linguistic	_	none	_	_	_	_	_	_
105-8	BO105	105	105	8	cosa	cosa	_	_	_	_	_	linguistic	_	none	_	_	_	_	_	_
105-9	BO105	105	105	9	decidere	decidere	_	_	_	_	_	linguistic	_	none	_	_	_	_	_	_
105-10	BO105	105	105	10	di	di	_	_	_	_	_	linguistic	_	none	PauseAfter=Yes	_	_	_	_	_
105-11	BO105	105	105	11	{P}	{P}	_	_	_	_	_	shortpause	_	none	_	_	_	_	_	_
105-12	BO105	105	105	12	cosa	cosa	_	_	_	_	_	linguistic	_	none	_	_	_	_	_	_
105-13	BO105	105	105	13	decidere	decidere	_	_	_	_	_	linguistic	_	none	_	_	_	_	_	_
105-14	BO105	105	105	14	di,	di	_	_	_	_	_	linguistic	_	none	Intonation=WeaklyRising	End=424.84	_	_	_	_
106-0	BO105	106	106	0	m::	m	_	_	_	_	_	linguistic	_	none	_	Begin=424.931	0x2	_	_	_
106-1	BO105	106	106	1	rendere	rendere	_	_	_	_	_	linguistic	_	none	_	_	_	_	_	_
106-2	BO105	106	106	2	valido,	valido	_	_	_	_	_	linguistic	_	none	Intonation=WeaklyRising	_	_	_	_	_
106-3	BO105	106	106	3	e	e	_	_	_	_	_	linguistic	_	none	_	_	_	_	_	_
106-4	BO105	106	106	4	cosa	cosa	_	_	_	_	_	linguistic	_	none	_	_	_	_	_	_
106-5	BO105	106	106	5	meno.	meno	_	_	_	_	_	linguistic	_	none	Intonation=Falling	End=427.57	_	_	_	_
107-0	BO104	107	107	0	m.	m	_	_	_	_	_	linguistic	_	none	Intonation=Falling	Begin=427.67	_	_	_	_
107-1	BO104	107	107	1	allora	allora	_	_	_	_	_	linguistic	_	none	_	_	_	_	_	_
107-2	BO104	107	107	2	diciamo	diciamo	_	_	_	_	_	linguistic	_	none	_	_	_	_	_	_
107-3	BO104	107	107	3	che	che	_	_	_	_	_	linguistic	_	none	_	_	_	_	_	_
107-4	BO104	107	107	4	questa	questa	_	_	_	_	_	linguistic	_	none	_	_	_	_	_	_
107-5	BO104	107	107	5	oggettività::	oggettività	_	_	_	_	_	linguistic	_	none	_	_	10x2	_	_	_
107-6	BO104	107	107	6	è	è	_	_	_	_	_	linguistic	_	none	_	_	_	_	_	_
107-7	BO104	107	107	7	viene	viene	_	_	_	_	_	linguistic	_	none	_	_	_	_	_	_
107-8	BO104	107	107	8	messa	messa	_	_	_	_	_	linguistic	_	none	_	_	_	_	_	_
107-9	BO104	107	107	9	in	in	_	_	_	_	_	linguistic	_	none	_	_	_	_	_	_
107-10	BO104	107	107	10	discussione,	discussione	_	_	_	_	_	linguistic	_	none	Intonation=WeaklyRising	_	_	_	_	_
107-11	BO104	107	107	11	perché	perché	_	_	_	_	_	linguistic	_	none	_	_	_	_	_	_
107-12	BO104	107	107	12	intanto,	intanto	_	_	_	_	_	linguistic	_	none	Intonation=WeaklyRising	End=434.07	_	_	_	_
108-0	BO104	108	108	0	l::	l	_	_	_	_	_	linguistic	_	none	_	Begin=434.311	0x2	_	_	_
108-1	BO104	108	108	1	le	le	_	_	_	_	_	linguistic	_	none	_	_	_	_	_	_
108-2	BO104	108	108	2	prove	prove	_	_	_	_	_	linguistic	_	none	_	_	_	_	_	_
108-3	BO104	108	108	3	in	in	_	_	_	_	_	linguistic	_	none	_	_	_	_	_	_
108-4	BO104	108	108	4	sè,	sè	_	_	_	_	_	linguistic	_	none	Intonation=WeaklyRising	_	_	_	_	_
108-5	BO104	108	108	5	>cioè<	cioè	_	_	_	_	_	linguistic	_	none	_	_	_	Fast=0-4(0)	_	_
108-6	BO104	108	108	6	la	la	_	_	_	_	_	linguistic	_	none	_	_	_	_	_	_
108-7	BO104	108	108	7	costruzione	costruzione	_	_	_	_	_	linguistic	_	none	_	_	_	_	_	_
108-8	BO104	108	108	8	della	della	_	_	_	_	_	linguistic	_	none	_	_	_	_	_	_
108-9	BO104	108	108	9	[prova],	prova	_	_	_	_	_	linguistic	_	none	Intonation=WeaklyRising	End=437.588	_	_	_	0-5(15)
109-0	BO105	109	109	0	[la	la	_	_	_	_	_	linguistic	_	none	_	Begin=436.826	_	_	_	0-2(15)
109-1	BO105	109	109	1	prova]	prova	_	_	_	_	_	linguistic	_	none	_	_	_	_	_	0-5(15)
109-2	BO105	109	109	2	si	si	_	_	_	_	_	linguistic	_	none	_	_	_	_	_	_
109-3	BO105	109	109	3	non	non	_	_	_	_	_	linguistic	_	none	_	_	_	_	_	_
109-4	BO105	109	109	4	è,	è	_	_	_	_	_	linguistic	_	none	Intonation=WeaklyRising	_	_	_	_	_
109-5	BO105	109	109	5	giusto.	giusto	_	_	_	_	_	linguistic	_	none	Intonation=Falling	End=438.02	_	_	_	_
110-0	BO104	110	110	0	riflette	riflette	_	_	_	_	_	linguistic	_	none	_	Begin=438.05	_	_	_	_
110-1	BO104	110	110	1	comunque	comunque	_	_	_	_	_	linguistic	_	none	_	_	_	_	_	_
110-2	BO104	110	110	2	an[che::],	anche	_	_	_	_	_	linguistic	_	none	Intonation=WeaklyRising	_	4x2	_	_	2-5(19)
110-3	BO104	110	110	3	un'	un'	_	_	_	_	_	linguistic	_	none	SpaceAfter=No	_	_	_	_	_
110-4	BO104	110	110	4	interpretazione	interpretazione	_	_	_	_	_	linguistic	_	none	_	_	_	_	_	_
110-5	BO104	110	110	5	[della	della	_	_	_	_	_	linguistic	_	none	_	_	_	_	_	0-5(16)
110-6	BO104	110	110	6	compe]tenza.	competenza	_	_	_	_	_	linguistic	_	none	Intonation=Falling	_	_	_	_	0-5(16)
110-7	BO104	110	110	7	[data	data	_	_	_	_	_	linguistic	_	none	_	_	_	_	_	0-4(17)
110-8	BO104	110	110	8	dal]	dal	_	_	_	_	_	linguistic	_	none	_	_	_	_	_	0-3(17)
110-9	BO104	110	110	9	redattore,	redattore	_	_	_	_	_	linguistic	_	none	Intonation=WeaklyRising	_	_	_	_	_
110-10	BO104	110	110	10	[no]?	no	_	_	_	_	_	linguistic	_	none	Intonation=Rising	End=444.8	_	_	_	0-2(18)
111-0	BO105	111	111	0	[sì].	sì	_	_	_	_	_	linguistic	_	none	Intonation=Falling	Begin=439.58|End=440.02	_	_	_	0-2(19)
112-0	BO105	112	112	0	[certo].	certo	_	_	_	_	_	linguistic	_	none	Intonation=Falling	Begin=441.48|End=442.16	_	_	_	0-5(16)
113-0	BO105	113	113	0	[sì	sì	_	_	_	_	_	linguistic	_	none	_	Begin=442.788	_	_	_	0-2(17)
113-1	BO105	113	113	1	sì	sì	_	_	_	_	_	linguistic	_	none	_	_	_	_	_	0-2(17)
113-2	BO105	113	113	2	sì].	sì	_	_	_	_	_	linguistic	_	none	Intonation=Falling	End=443.325	_	_	_	0-2(17)
114-0	BO105	114	114	0	[mh].	mh	_	_	_	_	_	linguistic	_	none	Intonation=Falling	Begin=444.28|End=444.72	_	_	_	0-2(18)
115-0	BO104	115	115	0	e:::hm:	ehm	_	_	_	_	_	linguistic	_	none	_	Begin=445.366|End=447.001	0x3,2x1	_	_	_
116-0	BO104	116	116	0	e	e	_	_	_	_	_	linguistic	_	none	_	Begin=447.768	_	_	_	_
116-1	BO104	116	116	1	poi	poi	_	_	_	_	_	linguistic	_	none	_	_	_	_	_	_
116-2	BO104	116	116	2	anche	anche	_	_	_	_	_	linguistic	_	none	_	_	_	_	_	_
116-3	BO104	116	116	3	perché,	perché	_	_	_	_	_	linguistic	_	none	Intonation=WeaklyRising|PauseAfter=Yes	_	_	_	_	_
116-4	BO104	116	116	4	{P}	{P}	_	_	_	_	_	shortpause	_	none	_	_	_	_	_	_
116-5	BO104	116	116	5	come	come	_	_	_	_	_	linguistic	_	none	_	_	_	_	_	_
116-6	BO104	116	116	6	avevi	avevi	_	_	_	_	_	linguistic	_	none	_	_	_	_	_	_
116-7	BO104	116	116	7	accennato	accennato	_	_	_	_	_	linguistic	_	none	_	_	_	_	_	_
116-8	BO104	116	116	8	prima,	prima	_	_	_	_	_	linguistic	_	none	Intonation=WeaklyRising	End=452.008	_	_	_	_
117-0	BO104	117	117	0	m::	m	_	_	_	_	_	linguistic	_	none	_	Begin=452.398	0x2	_	_	_
117-1	BO104	117	117	1	comunque,	comunque	_	_	_	_	_	linguistic	_	none	Intonation=WeaklyRising	_	_	_	_	_
117-2	BO104	117	117	2	la	la	_	_	_	_	_	linguistic	_	none	_	_	_	_	_	_
117-3	BO104	117	117	3	tipologia	tipologia	_	_	_	_	_	linguistic	_	none	_	_	_	_	_	_
117-4	BO104	117	117	4	di	di	_	_	_	_	_	linguistic	_	none	_	_	_	_	_	_
117-5	BO104	117	117	5	prova,	prova	_	_	_	_	_	linguistic	_	none	Intonation=WeaklyRising	_	_	_	_	_
117-6	BO104	117	117	6	s'	s'	_	_	_	_	_	linguistic	_	none	SpaceAfter=No	_	_	_	_	_
117-7	BO104	117	117	7	(in~	in~	_	_	_	_	_	linguistic	_	none	Interrupted=Yes	_	_	_	_	_
117-8	BO104	117	117	8	si	si	_	_	_	_	_	linguistic	_	none	_	_	_	_	_	_
117-9	BO104	117	117	9	scontra:,	scontra	_	_	_	_	_	linguistic	_	none	Intonation=WeaklyRising	_	6x1	_	_	_
117-10	BO104	117	117	10	con	con	_	_	_	_	_	linguistic	_	none	_	_	_	_	_	_
117-11	BO104	117	117	11	le:	le	_	_	_	_	_	linguistic	_	none	_	_	1x1	_	_	_
117-12	BO104	117	117	12	caratteistiche	caratteistiche	_	_	_	_	_	linguistic	_	none	_	_	_	_	_	_
117-13	BO104	117	117	13	e	e	_	_	_	_	_	linguistic	_	none	_	_	_	_	_	_
117-14	BO104	117	117	14	con	con	_	_	_	_	_	linguistic	_	none	_	_	_	_	_	_
117-15	BO104	117	117	15	gli	gli	_	_	_	_	_	linguistic	_	none	_	_	_	_	_	_
117-16	BO104	117	117	16	stili	stili	_	_	_	_	_	linguistic	_	none	_	_	_	_	_	_
117-17	BO104	117	117	17	cognitivi	cognitivi	_	_	_	_	_	linguistic	_	none	PauseAfter=Yes	_	_	_	_	_
117-18	BO104	117	117	18	{P}	{P}	_	_	_	_	_	shortpause	_	none	_	_	_	_	_	_
117-19	BO104	117	117	19	di	di	_	_	_	_	_	linguistic	_	none	_	_	_	_	_	_
117-20	BO104	117	117	20	chi	chi	_	_	_	_	_	linguistic	_	none	_	_	_	_	_	_
117-21	BO104	117	117	21	svolge	svolge	_	_	_	_	_	linguistic	_	none	_	_	_	_	_	_
117-22	BO104	117	117	22	l'	l'	_	_	_	_	_	linguistic	_	none	SpaceAfter=No	_	_	_	_	_
117-23	BO104	117	117	23	esercizio.	esercizio	_	_	_	_	_	linguistic	_	none	Intonation=Falling	End=461.388	_	_	_	_
118-0	BO105	118	118	0	sì	sì	_	_	_	_	_	linguistic	_	none	_	Begin=461.43|End=461.64	_	_	_	_
119-0	BO104	119	119	0	quindi	quindi	_	_	_	_	_	linguistic	_	none	_	Begin=461.678	_	_	_	_
119-1	BO104	119	119	1	può	può	_	_	_	_	_	linguistic	_	none	_	_	_	_	_	_
119-2	BO104	119	119	2	i[n	in	_	_	_	_	_	linguistic	_	none	_	_	_	_	_	1-2(20)
119-3	BO104	119	119	3	qualche	qualche	_	_	_	_	_	linguistic	_	none	_	_	_	_	_	0-7(20)
119-4	BO104	119	119	4	mo]do	modo	_	_	_	_	_	linguistic	_	none	_	_	_	_	_	0-2(20)
119-5	BO104	119	119	5	penalizz[are,	penalizzare	_	_	_	_	_	linguistic	_	none	Intonation=WeaklyRising	_	_	_	_	8-11(21)
119-6	BO104	119	119	6	o::]	o	_	_	_	_	_	linguistic	_	none	_	_	0x2	_	_	0-1(21)
119-7	BO104	119	119	7	avvantaggiare	avvantaggiare	_	_	_	_	_	linguistic	_	none	_	_	_	_	_	_
119-8	BO104	119	119	8	alcuni	alcuni	_	_	_	_	_	linguistic	_	none	_	End=466.108	_	_	_	_
120-0	BO105	120	120	0	[sì].	sì	_	_	_	_	_	linguistic	_	none	Intonation=Falling	Begin=462.71|End=463.27	_	_	_	0-2(20)
121-0	BO105	121	121	0	[esatto]	esatto	_	_	_	_	_	linguistic	_	none	_	Begin=463.95|End=464.62	_	_	_	0-6(21)
122-0	BO105	122	122	0	tra	tra	_	_	_	_	_	linguistic	_	none	_	Begin=466.236	_	_	_	_
122-1	BO105	122	122	1	l'	l'	_	_	_	_	_	linguistic	_	none	SpaceAfter=No	_	_	_	_	_
122-2	BO105	122	122	2	altro	altro	_	_	_	_	_	linguistic	_	none	_	_	_	_	_	_
122-3	BO105	122	122	3	mi	mi	_	_	_	_	_	linguistic	_	none	_	_	_	_	_	_
122-4	BO105	122	122	4	è	è	_	_	_	_	_	linguistic	_	none	_	_	_	_	_	_
122-5	BO105	122	122	5	capitato	capitato	_	_	_	_	_	linguistic	_	none	_	_	_	_	_	_
122-6	BO105	122	122	6	durante	durante	_	_	_	_	_	linguistic	_	none	_	_	_	_	_	_
122-7	BO105	122	122	7	il	il	_	_	_	_	_	linguistic	_	none	_	_	_	_	_	_
122-8	BO105	122	122	8	tirocinio	tirocinio	_	_	_	_	_	linguistic	_	none	_	_	_	_	_	_
122-9	BO105	122	122	9	che	che	_	_	_	_	_	linguistic	_	none	_	_	_	_	_	_
122-10	BO105	122	122	10	sto	sto	_	_	_	_	_	linguistic	_	none	_	_	_	_	_	_
122-11	BO105	122	122	11	svolgendo,	svolgendo	_	_	_	_	_	linguistic	_	none	Intonation=WeaklyRising	_	_	_	_	_
122-12	BO105	122	122	12	di	di	_	_	_	_	_	linguistic	_	none	_	_	_	_	_	_
122-13	BO105	122	122	13	correggere:	correggere	_	_	_	_	_	linguistic	_	none	_	_	9x1	_	_	_
122-14	BO105	122	122	14	in	in	_	_	_	_	_	linguistic	_	none	_	_	_	_	_	_
122-15	BO105	122	122	15	modo:	modo	_	_	_	_	_	linguistic	_	none	_	_	3x1	_	_	_
122-16	BO105	122	122	16	cioè	cioè	_	_	_	_	_	linguistic	_	none	_	_	_	_	_	_
122-17	BO105	122	122	17	delle	delle	_	_	_	_	_	linguistic	_	none	_	_	_	_	_	_
122-18	BO105	122	122	18	prove	prove	_	_	_	_	_	linguistic	_	none	_	_	_	_	_	_
122-19	BO105	122	122	19	in	in	_	_	_	_	_	linguistic	_	none	_	_	_	_	_	_
122-20	BO105	122	122	20	modo	modo	_	_	_	_	_	linguistic	_	none	_	_	_	_	_	_
122-21	BO105	122	122	21	oggettivo,	oggettivo	_	_	_	_	_	linguistic	_	none	Intonation=WeaklyRising	End=471.63	_	_	_	_
123-0	BO104	123	123	0	dove	dove	_	_	_	_	_	linguistic	_	none	_	Begin=471.753	_	_	_	_
123-1	BO104	123	123	1	[stai::]	stai	_	_	_	_	_	linguistic	_	none	_	_	3x2	_	_	0-4(22)
123-2	BO104	123	123	2	svolgendo	svolgendo	_	_	_	_	_	linguistic	_	none	_	_	_	_	_	_
123-3	BO104	123	123	3	il	il	_	_	_	_	_	linguistic	_	none	_	_	_	_	_	_
123-4	BO104	123	123	4	tirocionio?	tirocionio	_	_	_	_	_	linguistic	_	none	Intonation=Rising	End=473.771	_	_	_	_
124-0	BO105	124	124	0	[delle::]	delle	_	_	_	_	_	linguistic	_	none	_	Begin=472.003|End=472.93	4x2	_	_	0-5(22)
125-0	BO105	125	125	0	in	in	_	_	_	_	_	linguistic	_	none	_	Begin=473.915	_	_	_	_
125-1	BO105	125	125	1	una::	una	_	_	_	_	_	linguistic	_	none	_	_	2x2	_	_	_
125-2	BO105	125	125	2	agenzia	agenzia	_	_	_	_	_	linguistic	_	none	_	_	_	_	_	_
125-3	BO105	125	125	3	di	di	_	_	_	_	_	linguistic	_	none	_	_	_	_	_	_
125-4	BO105	125	125	4	traduzioni	traduzioni	_	_	_	_	_	linguistic	_	none	_	_	_	_	_	_
125-5	BO105	125	125	5	e	e	_	_	_	_	_	linguistic	_	none	_	_	_	_	_	_
125-6	BO105	125	125	6	scuola	scuola	_	_	_	_	_	linguistic	_	none	_	_	_	_	_	_
125-7	BO105	125	125	7	di	di	_	_	_	_	_	linguistic	_	none	_	_	_	_	_	_
125-8	BO105	125	125	8	lingua.	lingua	_	_	_	_	_	linguistic	_	none	Intonation=Falling	End=476.523	_	_	_	_
126-0	BO104	126	126	0	[mh	mh	_	_	_	_	_	linguistic	_	none	_	Begin=476.7	_	_	_	0-2(23)
126-1	BO104	126	126	1	mh]	mh	_	_	_	_	_	linguistic	_	none	_	End=477.32	_	_	_	0-2(23)
127-0	BO105	127	127	0	[a]	a	_	_	_	_	_	linguistic	_	none	_	Begin=476.711	_	_	_	0-1(23)
127-1	BO105	127	127	1	@nomeluogo,	@nomeluogo	_	_	_	_	_	anonymized	_	none	Intonation=WeaklyRising	End=477.308	_	_	_	_
128-0	BO105	128	128	0	e:	e	_	_	_	_	_	linguistic	_	none	_	Begin=477.465	0x1	_	_	_
128-1	BO105	128	128	1	ho	ho	_	_	_	_	_	linguistic	_	none	_	_	_	_	_	_
128-2	BO105	128	128	2	corretto::	corretto	_	_	_	_	_	linguistic	_	none	_	_	7x2	_	_	_
128-3	BO105	128	128	3	i	i	_	_	_	_	_	linguistic	_	none	_	_	_	_	_	_
128-4	BO105	128	128	4	cat,	cat	_	_	_	_	_	linguistic	_	none	Intonation=WeaklyRising	End=479.715	_	_	_	_
129-0	BO105	129	129	0	delle	delle	_	_	_	_	_	linguistic	_	none	_	Begin=479.773	_	_	_	_
129-1	BO105	129	129	1	superio~	superio~	_	_	_	_	_	linguistic	_	none	Interrupted=Yes	_	_	_	_	_
129-2	BO105	129	129	2	il	il	_	_	_	_	_	linguistic	_	none	_	_	_	_	_	_
129-3	BO105	129	129	3	[test]	test	_	_	_	_	_	linguistic	_	none	_	_	_	_	_	0-4(24)
129-4	BO105	129	129	4	di	di	_	_	_	_	_	linguistic	_	none	_	_	_	_	_	_
129-5	BO105	129	129	5	entrata	entrata	_	_	_	_	_	linguistic	_	none	_	_	_	_	_	_
129-6	BO105	129	129	6	al	al	_	_	_	_	_	linguistic	_	none	_	_	_	_	_	_
129-7	BO105	129	129	7	cat,	cat	_	_	_	_	_	linguistic	_	none	Intonation=WeaklyRising	_	_	_	_	_
129-8	BO105	129	129	8	delle	delle	_	_	_	_	_	linguistic	_	none	_	_	_	_	_	_
129-9	BO105	129	129	9	superiori.	superiori	_	_	_	_	_	linguistic	_	none	Intonation=Falling	End=482.42	_	_	_	_
130-0	BO104	130	130	0	[ah],	ah	_	_	_	_	_	linguistic	_	none	Intonation=WeaklyRising	Begin=480.323|End=480.776	_	_	_	0-2(24)
131-0	BO105	131	131	0	{ride}	{ride}	_	_	_	_	_	nonverbalbehavior	_	none	_	Begin=482.711|End=483.326	_	_	_	_
132-0	BO104	132	132	0	okay.	okay	_	_	_	_	_	linguistic	_	none	Intonation=Falling	Begin=483.1|End=483.54	_	_	_	_
133-0	BO104	133	133	0	però,	però	_	_	_	_	_	linguistic	_	none	Intonation=WeaklyRising	Begin=483.776	_	_	_	_
133-1	BO104	133	133	1	allo	allo	_	_	_	_	_	linguistic	_	none	_	_	_	_	_	_
133-2	BO104	133	133	2	stesso	stesso	_	_	_	_	_	linguistic	_	none	_	_	_	_	_	_
133-3	BO104	133	133	3	tempo	tempo	_	_	_	_	_	linguistic	_	none	_	_	_	_	_	_
133-4	BO104	133	133	4	invece,	invece	_	_	_	_	_	linguistic	_	none	Intonation=WeaklyRising	_	_	_	_	_
133-5	BO104	133	133	5	mh:	mh	_	_	_	_	_	linguistic	_	none	_	End=486.9	1x1	_	_	_
134-0	BO104	134	134	0	questa	questa	_	_	_	_	_	linguistic	_	none	_	Begin=487.02	_	_	_	_
134-1	BO104	134	134	1	oggettività	oggettività	_	_	_	_	_	linguistic	_	none	_	_	_	_	_	_
134-2	BO104	134	134	2	da	da	_	_	_	_	_	linguistic	_	none	_	_	_	_	_	_
134-3	BO104	134	134	3	che	che	_	_	_	_	_	linguistic	_	none	_	_	_	_	_	_
134-4	BO104	134	134	4	cosa	cosa	_	_	_	_	_	linguistic	_	none	_	_	_	_	_	_
134-5	BO104	134	134	5	può	può	_	_	_	_	_	linguistic	_	none	_	_	_	_	_	_
134-6	BO104	134	134	6	essere	essere	_	_	_	_	_	linguistic	_	none	_	_	_	_	_	_
134-7	BO104	134	134	7	invcece	invcece	_	_	_	_	_	linguistic	_	none	PauseAfter=Yes	_	_	_	_	_
134-8	BO104	134	134	8	{P}	{P}	_	_	_	_	_	shortpause	_	none	_	_	_	_	_	_
134-9	BO104	134	134	9	rinforzata?	rinforzata	_	_	_	_	_	linguistic	_	none	Intonation=Rising	End=492.185	_	_	_	_
135-0	BO104	135	135	0	anche	anche	_	_	_	_	_	linguistic	_	none	_	Begin=492.935	_	_	_	_
135-1	BO104	135	135	1	proprio	proprio	_	_	_	_	_	linguistic	_	none	_	_	_	_	_	_
135-2	BO104	135	135	2	nel	nel	_	_	_	_	_	linguistic	_	none	_	_	_	_	_	_
135-3	BO104	135	135	3	termine	termine	_	_	_	_	_	linguistic	_	none	PauseAfter=Yes	_	_	_	_	_
135-4	BO104	135	135	4	{P}	{P}	_	_	_	_	_	shortpause	_	none	_	_	_	_	_	_
135-5	BO104	135	135	5	della	della	_	_	_	_	_	linguistic	_	none	_	_	_	_	_	_
135-6	BO104	135	135	6	procedura	procedura	_	_	_	_	_	linguistic	_	none	_	_	_	_	_	_
135-7	BO104	135	135	7	del	del	_	_	_	_	_	linguistic	_	none	PauseAfter=Yes	_	_	_	_	_
135-8	BO104	135	135	8	{P}	{P}	_	_	_	_	_	shortpause	_	none	_	_	_	_	_	_
135-9	BO104	135	135	9	del	del	_	_	_	_	_	linguistic	_	none	_	_	_	_	_	_
135-10	BO104	135	135	10	test.	test	_	_	_	_	_	linguistic	_	none	Intonation=Falling	_	_	_	_	_
135-11	BO104	135	135	11	>può	può	_	_	_	_	_	linguistic	_	none	_	_	_	Fast=0-3(0)	_	_
135-12	BO104	135	135	12	essere<	essere	_	_	_	_	_	linguistic	_	none	_	End=497.811	_	Fast=0-6(0)	_	_
136-0	BO104	136	136	0	rinforzata	rinforzata	_	_	_	_	_	linguistic	_	none	_	Begin=498.63	_	_	_	_
136-1	BO104	136	136	1	dalle,	dalle	_	_	_	_	_	linguistic	_	none	Intonation=WeaklyRising	_	_	_	_	_
136-2	BO104	136	136	2	e::h	eh	_	_	_	_	_	linguistic	_	none	_	_	0x2	_	_	_
136-3	BO104	136	136	3	da	da	_	_	_	_	_	linguistic	_	none	_	_	_	_	_	_
136-4	BO104	136	136	4	dalla	dalla	_	_	_	_	_	linguistic	_	none	_	_	_	_	_	_
136-5	BO104	136	136	5	validazione,	validazione	_	_	_	_	_	linguistic	_	none	Intonation=WeaklyRising	_	_	_	_	_
136-6	BO104	136	136	6	da	da	_	_	_	_	_	linguistic	_	none	_	_	_	_	_	_
136-7	BO104	136	136	7	una	una	_	_	_	_	_	linguistic	_	none	_	_	_	_	_	_
136-8	BO104	136	136	8	validazione	validazione	_	_	_	_	_	linguistic	_	none	_	_	_	_	_	_
136-9	BO104	136	136	9	anche	anche	_	_	_	_	_	linguistic	_	none	_	_	_	_	_	_
136-10	BO104	136	136	10	di	di	_	_	_	_	_	linguistic	_	none	_	_	_	_	_	_
136-11	BO104	136	136	11	tipo:	tipo	_	_	_	_	_	linguistic	_	none	_	_	3x1	_	_	_
136-12	BO104	136	136	12	e::h	eh	_	_	_	_	_	linguistic	_	none	_	_	0x2	_	_	_
136-13	BO104	136	136	13	quantitativo,	quantitativo	_	_	_	_	_	linguistic	_	none	Intonation=WeaklyRising	End=504.66	_	_	_	_
137-0	BO105	137	137	0	[sì]	sì	_	_	_	_	_	linguistic	_	none	_	Begin=504.658|End=505.01	_	_	_	0-2(26)
138-0	BO104	138	138	0	[e]	e	_	_	_	_	_	linguistic	_	none	_	Begin=504.696	_	_	_	0-1(26)
138-1	BO104	138	138	1	quindi	quindi	_	_	_	_	_	linguistic	_	none	_	_	_	_	_	_
138-2	BO104	138	138	2	da	da	_	_	_	_	_	linguistic	_	none	_	_	_	_	_	_
138-3	BO104	138	138	3	una	una	_	_	_	_	_	linguistic	_	none	_	_	_	_	_	_
138-4	BO104	138	138	4	validazione	validazione	_	_	_	_	_	linguistic	_	none	_	_	_	_	_	_
138-5	BO104	138	138	5	anche	anche	_	_	_	_	_	linguistic	_	none	_	_	_	_	_	_
138-6	BO104	138	138	6	di	di	_	_	_	_	_	linguistic	_	none	_	_	_	_	_	_
138-7	BO104	138	138	7	tipo	tipo	_	_	_	_	_	linguistic	_	none	_	_	_	_	_	_
138-8	BO104	138	138	8	statistico.	statistico	_	_	_	_	_	linguistic	_	none	Intonation=Falling	End=506.823	_	_	_	_
139-0	BO104	139	139	0	mh	mh	_	_	_	_	_	linguistic	_	none	_	Begin=507.01	_	_	_	_
139-1	BO104	139	139	1	di	di	_	_	_	_	_	linguistic	_	none	_	_	_	_	_	_
139-2	BO104	139	139	2	cui	cui	_	_	_	_	_	linguistic	_	none	_	_	_	_	_	_
139-3	BO104	139	139	3	ci	ci	_	_	_	_	_	linguistic	_	none	_	_	_	_	_	_
139-4	BO104	139	139	4	parla	parla	_	_	_	_	_	linguistic	_	none	PauseAfter=Yes	_	_	_	_	_
139-5	BO104	139	139	5	{P}	{P}	_	_	_	_	_	shortpause	_	none	_	_	_	_	_	_
139-6	BO104	139	139	6	barney	barney	_	_	_	_	_	linguistic	_	none	_	_	_	_	_	_
139-7	BO104	139	139	7	nel	nel	_	_	_	_	_	linguistic	_	none	_	_	_	_	_	_
139-8	BO104	139	139	8	suo	suo	_	_	_	_	_	linguistic	_	none	_	_	_	_	_	_
139-9	BO104	139	139	9	articolo,	articolo	_	_	_	_	_	linguistic	_	none	Intonation=WeaklyRising	End=509.95	_	_	_	_
140-0	BO105	140	140	0	sì.	sì	_	_	_	_	_	linguistic	_	none	Intonation=Falling	Begin=510.055|End=510.391	_	_	_	_
141-0	BO105	141	141	0	e.	e	_	_	_	_	_	linguistic	_	none	Intonation=Falling	Begin=516.61	_	_	_	_
141-1	BO105	141	141	1	barney	barney	_	_	_	_	_	linguistic	_	none	_	_	_	_	_	_
141-2	BO105	141	141	2	nel	nel	_	_	_	_	_	linguistic	_	none	_	_	_	_	_	_
141-3	BO105	141	141	3	suo	suo	_	_	_	_	_	linguistic	_	none	_	_	_	_	_	_
141-4	BO105	141	141	4	articolo	articolo	_	_	_	_	_	linguistic	_	none	_	_	_	_	_	_
141-5	BO105	141	141	5	parla	parla	_	_	_	_	_	linguistic	_	none	_	_	_	_	_	_
141-6	BO105	141	141	6	di	di	_	_	_	_	_	linguistic	_	none	_	_	_	_	_	_
141-7	BO105	141	141	7	statistiche,	statistiche	_	_	_	_	_	linguistic	_	none	Intonation=WeaklyRising	_	_	_	_	_
141-8	BO105	141	141	8	appunto,	appunto	_	_	_	_	_	linguistic	_	none	Intonation=WeaklyRising|PauseAfter=Yes	_	_	_	_	_
141-9	BO105	141	141	9	{P}	{P}	_	_	_	_	_	shortpause	_	none	_	_	_	_	_	_
141-10	BO105	141	141	10	e:	e	_	_	_	_	_	linguistic	_	none	_	_	0x1	_	_	_
141-11	BO105	141	141	11	dice	dice	_	_	_	_	_	linguistic	_	none	_	_	_	_	_	_
141-12	BO105	141	141	12	che	che	_	_	_	_	_	linguistic	_	none	_	_	_	_	_	_
141-13	BO105	141	141	13	molte	molte	_	_	_	_	_	linguistic	_	none	_	_	_	_	_	_
141-14	BO105	141	141	14	volte	volte	_	_	_	_	_	linguistic	_	none	_	_	_	_	_	_
141-15	BO105	141	141	15	gli	gli	_	_	_	_	_	linguistic	_	none	_	_	_	_	_	_
141-16	BO105	141	141	16	insegnanti	insegnanti	_	_	_	_	_	linguistic	_	none	_	_	_	_	_	_
141-17	BO105	141	141	17	incorrono	incorrono	_	_	_	_	_	linguistic	_	none	_	_	_	_	_	_
141-18	BO105	141	141	18	in	in	_	_	_	_	_	linguistic	_	none	_	_	_	_	_	_
141-19	BO105	141	141	19	errore,	errore	_	_	_	_	_	linguistic	_	none	Intonation=WeaklyRising	End=523.645	_	_	_	_
142-0	BO105	142	142	0	perchpe	perchpe	_	_	_	_	_	linguistic	_	none	_	Begin=523.673	_	_	_	_
142-1	BO105	142	142	1	e:h	eh	_	_	_	_	_	linguistic	_	none	_	_	0x1	_	_	_
142-2	BO105	142	142	2	valutano	valutano	_	_	_	_	_	linguistic	_	none	_	_	_	_	_	_
142-3	BO105	142	142	3	in	in	_	_	_	_	_	linguistic	_	none	_	_	_	_	_	_
142-4	BO105	142	142	4	statistica	statistica	_	_	_	_	_	linguistic	_	none	_	_	_	_	_	_
142-5	BO105	142	142	5	anche	anche	_	_	_	_	_	linguistic	_	none	_	_	_	_	_	_
142-6	BO105	142	142	6	un	un	_	_	_	_	_	linguistic	_	none	_	_	_	_	_	_
142-7	BO105	142	142	7	numero	numero	_	_	_	_	_	linguistic	_	none	_	_	_	_	_	_
142-8	BO105	142	142	8	esiguo	esiguo	_	_	_	_	_	linguistic	_	none	_	_	_	_	_	_
142-9	BO105	142	142	9	di	di	_	_	_	_	_	linguistic	_	none	_	_	_	_	_	_
142-10	BO105	142	142	10	prove.	prove	_	_	_	_	_	linguistic	_	none	Intonation=Falling	End=528.16	_	_	_	_
143-0	BO105	143	143	0	svolte	svolte	_	_	_	_	_	linguistic	_	none	_	Begin=528.535	_	_	_	_
143-1	BO105	143	143	1	da,	da	_	_	_	_	_	linguistic	_	none	Intonation=WeaklyRising	_	_	_	_	_
143-2	BO105	143	143	2	magari	magari	_	_	_	_	_	linguistic	_	none	_	_	_	_	_	_
143-3	BO105	143	143	3	una	una	_	_	_	_	_	linguistic	_	none	_	_	_	_	_	_
143-4	BO105	143	143	4	ventina	ventina	_	_	_	_	_	linguistic	_	none	_	_	_	_	_	_
143-5	BO105	143	143	5	di	di	_	_	_	_	_	linguistic	_	none	_	_	_	_	_	_
143-6	BO105	143	143	6	studenti,	studenti	_	_	_	_	_	linguistic	_	none	Intonation=WeaklyRising	_	_	_	_	_
143-7	BO105	143	143	7	e	e	_	_	_	_	_	linguistic	_	none	_	_	_	_	_	_
143-8	BO105	143	143	8	qui	qui	_	_	_	_	_	linguistic	_	none	_	_	_	_	_	_
143-9	BO105	143	143	9	non	non	_	_	_	_	_	linguistic	_	none	_	_	_	_	_	_
143-10	BO105	143	143	10	è	è	_	_	_	_	_	linguistic	_	none	_	_	_	_	_	_
143-11	BO105	143	143	11	possibile	possibile	_	_	_	_	_	linguistic	_	none	_	_	_	_	_	_
143-12	BO105	143	143	12	parlare	parlare	_	_	_	_	_	linguistic	_	none	_	_	_	_	_	_
143-13	BO105	143	143	13	di:	di	_	_	_	_	_	linguistic	_	none	_	_	1x1	_	_	_
143-14	BO105	143	143	14	di	di	_	_	_	_	_	linguistic	_	none	_	_	_	_	_	_
143-15	BO105	143	143	15	statistiche,	statistiche	_	_	_	_	_	linguistic	_	none	Intonation=WeaklyRising	_	_	_	_	_
143-16	BO105	143	143	16	perché	perché	_	_	_	_	_	linguistic	_	none	_	_	_	_	_	_
143-17	BO105	143	143	17	appunto	appunto	_	_	_	_	_	linguistic	_	none	_	End=534.001	_	_	_	_
144-0	BO105	144	144	0	m::	m	_	_	_	_	_	linguistic	_	none	_	Begin=534.041	0x2	_	_	_
144-1	BO105	144	144	1	se	se	_	_	_	_	_	linguistic	_	none	_	_	_	_	_	_
144-2	BO105	144	144	2	anche	anche	_	_	_	_	_	linguistic	_	none	_	_	_	_	_	_
144-3	BO105	144	144	3	solamente	solamente	_	_	_	_	_	linguistic	_	none	_	_	_	_	_	_
144-4	BO105	144	144	4	cinque	cinque	_	_	_	_	_	linguistic	_	none	_	_	_	_	_	_
144-5	BO105	144	144	5	studenti,	studenti	_	_	_	_	_	linguistic	_	none	Intonation=WeaklyRising	_	_	_	_	_
144-6	BO105	144	144	6	svolgono::	svolgono	_	_	_	_	_	linguistic	_	none	_	_	7x2	_	_	_
144-7	BO105	144	144	7	in	in	_	_	_	_	_	linguistic	_	none	_	_	_	_	_	_
144-8	BO105	144	144	8	modo	modo	_	_	_	_	_	linguistic	_	none	_	_	_	_	_	_
144-9	BO105	144	144	9	errato	errato	_	_	_	_	_	linguistic	_	none	_	_	_	_	_	_
144-10	BO105	144	144	10	il	il	_	_	_	_	_	linguistic	_	none	_	_	_	_	_	_
144-11	BO105	144	144	11	test,	test	_	_	_	_	_	linguistic	_	none	Intonation=WeaklyRising	End=538.541	_	_	_	_
145-0	BO105	145	145	0	si	si	_	_	_	_	_	linguistic	_	none	_	Begin=539.401	_	_	_	_
145-1	BO105	145	145	1	viene	viene	_	_	_	_	_	linguistic	_	none	_	_	_	_	_	_
145-2	BO105	145	145	2	a	a	_	_	_	_	_	linguistic	_	none	_	_	_	_	_	_
145-3	BO105	145	145	3	parlare	parlare	_	_	_	_	_	linguistic	_	none	_	_	_	_	_	_
145-4	BO105	145	145	4	già	già	_	_	_	_	_	linguistic	_	none	_	_	_	_	_	_
145-5	BO105	145	145	5	del	del	_	_	_	_	_	linguistic	_	none	_	_	_	_	_	_
145-6	BO105	145	145	6	venticinque	venticinque	_	_	_	_	_	linguistic	_	none	_	_	_	_	_	_
145-7	BO105	145	145	7	percento.	percento	_	_	_	_	_	linguistic	_	none	Intonation=Falling	_	_	_	_	_
145-8	BO105	145	145	8	e	e	_	_	_	_	_	linguistic	_	none	_	_	_	_	_	_
145-9	BO105	145	145	9	quindi	quindi	_	_	_	_	_	linguistic	_	none	_	_	_	_	_	_
145-10	BO105	145	145	10	barney	barney	_	_	_	_	_	linguistic	_	none	_	_	_	_	_	_
145-11	BO105	145	145	11	sconsiglia	sconsiglia	_	_	_	_	_	linguistic	_	none	_	_	_	_	_	_
145-12	BO105	145	145	12	diciamo	diciamo	_	_	_	_	_	linguistic	_	none	_	_	_	_	_	_
145-13	BO105	145	145	13	la:	la	_	_	_	_	_	linguistic	_	none	_	End=544.033	1x1	_	_	_
146-0	BO105	146	146	0	valutazione	valutazione	_	_	_	_	_	linguistic	_	none	_	Begin=544.206	_	_	_	_
146-1	BO105	146	146	1	statistica,	statistica	_	_	_	_	_	linguistic	_	none	Intonation=WeaklyRising	_	_	_	_	_
146-2	BO105	146	146	2	in	in	_	_	_	_	_	linguistic	_	none	_	_	_	_	_	_
146-3	BO105	146	146	3	gruppi::	gruppi	_	_	_	_	_	linguistic	_	none	_	_	5x2	_	_	_
146-4	BO105	146	146	4	in	in	_	_	_	_	_	linguistic	_	none	_	_	_	_	_	_
146-5	BO105	146	146	5	gruppi	gruppi	_	_	_	_	_	linguistic	_	none	_	_	_	_	_	_
146-6	BO105	146	146	6	esigui	esigui	_	_	_	_	_	linguistic	_	none	_	_	_	_	_	_
146-7	BO105	146	146	7	di::	di	_	_	_	_	_	linguistic	_	none	_	End=547.933	1x2	_	_	_
147-0	BO105	147	147	0	in	in	_	_	_	_	_	linguistic	_	none	_	Begin=549.0	_	_	_	_
147-1	BO105	147	147	1	gruppi	gruppi	_	_	_	_	_	linguistic	_	none	_	_	_	_	_	_
147-2	BO105	147	147	2	poco	poco	_	_	_	_	_	linguistic	_	none	_	_	_	_	_	_
147-3	BO105	147	147	3	numerosi	numerosi	_	_	_	_	_	linguistic	_	none	_	_	_	_	_	_
147-4	BO105	147	147	4	di	di	_	_	_	_	_	linguistic	_	none	_	_	_	_	_	_
147-5	BO105	147	147	5	stud[enti].	studenti	_	_	_	_	_	linguistic	_	none	Intonation=Falling	End=550.99	_	_	_	4-8(27)
148-0	BO104	148	148	0	[mhmh]	mhmh	_	_	_	_	_	linguistic	_	none	_	Begin=550.471|End=550.843	_	_	_	0-4(27)
149-0	BO104	149	149	0	okay.	okay	_	_	_	_	_	linguistic	_	none	Intonation=Falling	Begin=558.325	_	_	_	_
149-1	BO104	149	149	1	allora	allora	_	_	_	_	_	linguistic	_	none	_	_	_	_	_	_
149-2	BO104	149	149	2	le	le	_	_	_	_	_	linguistic	_	none	_	_	_	_	_	_
149-3	BO104	149	149	3	slide	slide	_	_	_	_	_	linguistic	_	none	_	_	_	_	_	_
149-4	BO104	149	149	4	non	non	_	_	_	_	_	linguistic	_	none	_	_	_	_	_	_
149-5	BO104	149	149	5	le	le	_	_	_	_	_	linguistic	_	none	_	_	_	_	_	_
149-6	BO104	149	149	6	hai	hai	_	_	_	_	_	linguistic	_	none	_	_	_	_	_	_
149-7	BO104	149	149	7	fatte	fatte	_	_	_	_	_	linguistic	_	none	_	_	_	_	_	_
149-8	BO104	149	149	8	vero?	vero	_	_	_	_	_	linguistic	_	none	Intonation=Rising	End=560.55	_	_	_	_
150-0	BO105	150	150	0	no.	no	_	_	_	_	_	linguistic	_	none	Intonation=Falling	Begin=560.911|End=561.415	_	_	_	_
151-0	BO104	151	151	0	allora	allora	_	_	_	_	_	linguistic	_	none	_	Begin=563.533	_	_	_	_
151-1	BO104	151	151	1	peccato	peccato	_	_	_	_	_	linguistic	_	none	_	_	_	_	_	_
151-2	BO104	151	151	2	perché	perché	_	_	_	_	_	linguistic	_	none	_	_	_	_	_	_
151-3	BO104	151	151	3	ci	ci	_	_	_	_	_	linguistic	_	none	_	_	_	_	_	_
151-4	BO104	151	151	4	sono	sono	_	_	_	_	_	linguistic	_	none	_	_	_	_	_	_
151-5	BO104	151	151	5	tutta	tutta	_	_	_	_	_	linguistic	_	none	_	_	_	_	_	_
151-6	BO104	151	151	6	una	una	_	_	_	_	_	linguistic	_	none	_	_	_	_	_	_
151-7	BO104	151	151	7	serie	serie	_	_	_	_	_	linguistic	_	none	_	_	_	_	_	_
151-8	BO104	151	151	8	di::	di	_	_	_	_	_	linguistic	_	none	_	_	1x2	_	_	_
151-9	BO104	151	151	9	di	di	_	_	_	_	_	linguistic	_	none	_	_	_	_	_	_
151-10	BO104	151	151	10	concetti	concetti	_	_	_	_	_	linguistic	_	none	_	_	_	_	_	_
151-11	BO104	151	151	11	che	che	_	_	_	_	_	linguistic	_	none	_	_	_	_	_	_
151-12	BO104	151	151	12	ho	ho	_	_	_	_	_	linguistic	_	none	_	_	_	_	_	_
151-13	BO104	151	151	13	affrontato	affrontato	_	_	_	_	_	linguistic	_	none	_	_	_	_	_	_
151-14	BO104	151	151	14	unicamente	unicamente	_	_	_	_	_	linguistic	_	none	_	_	_	_	_	_
151-15	BO104	151	151	15	nelle:::	nelle	_	_	_	_	_	linguistic	_	none	_	_	4x3	_	_	_
151-16	BO104	151	151	16	nelle	nelle	_	_	_	_	_	linguistic	_	none	_	_	_	_	_	_
151-17	BO104	151	151	17	slide,	slide	_	_	_	_	_	linguistic	_	none	Intonation=WeaklyRising	_	_	_	_	_
151-18	BO104	151	151	18	che	che	_	_	_	_	_	linguistic	_	none	_	_	_	_	_	_
151-19	BO104	151	151	19	negli	negli	_	_	_	_	_	linguistic	_	none	_	_	_	_	_	_
151-20	BO104	151	151	20	articoli	articoli	_	_	_	_	_	linguistic	_	none	_	_	_	_	_	_
151-21	BO104	151	151	21	non	non	_	_	_	_	_	linguistic	_	none	_	_	_	_	_	_
151-22	BO104	151	151	22	sono	sono	_	_	_	_	_	linguistic	_	none	_	_	_	_	_	_
151-23	BO104	151	151	23	ripresi	ripresi	_	_	_	_	_	linguistic	_	none	_	_	_	_	_	_
151-24	BO104	151	151	24	in	in	_	_	_	_	_	linguistic	_	none	_	_	_	_	_	_
151-25	BO104	151	151	25	modo::	modo	_	_	_	_	_	linguistic	_	none	_	_	3x2	_	_	_
151-26	BO104	151	151	26	[preci]so.	preciso	_	_	_	_	_	linguistic	_	none	Intonation=Falling	End=574.7	_	_	_	0-5(28)
152-0	BO105	152	152	0	[non::]	non	_	_	_	_	_	linguistic	_	none	_	Begin=573.63|End=574.148	2x2	_	_	0-3(28)
153-0	BO105	153	153	0	non	non	_	_	_	_	_	linguistic	_	none	_	Begin=574.795	_	_	_	_
153-1	BO105	153	153	1	le	le	_	_	_	_	_	linguistic	_	none	_	_	_	_	_	_
153-2	BO105	153	153	2	ho	ho	_	_	_	_	_	linguistic	_	none	_	_	_	_	_	_
153-3	BO105	153	153	3	viste,	viste	_	_	_	_	_	linguistic	_	none	Intonation=WeaklyRising	_	_	_	_	_
153-4	BO105	153	153	4	°purtroppo.°	purtroppo	_	_	_	_	_	linguistic	_	none	Intonation=Falling|Volume=low	End=576.828	_	_	_	_
154-0	BO104	154	154	0	e::hm,	ehm	_	_	_	_	_	linguistic	_	none	Intonation=WeaklyRising	Begin=579.641|End=580.87	0x2	_	_	_
155-0	BO104	155	155	0	senti	senti	_	_	_	_	_	linguistic	_	none	_	Begin=581.315	_	_	_	_
155-1	BO104	155	155	1	e	e	_	_	_	_	_	linguistic	_	none	_	_	_	_	_	_
155-2	BO104	155	155	2	invece,	invece	_	_	_	_	_	linguistic	_	none	Intonation=WeaklyRising	_	_	_	_	_
155-3	BO104	155	155	3	allora	allora	_	_	_	_	_	linguistic	_	none	_	_	_	_	_	_
155-4	BO104	155	155	4	sempre	sempre	_	_	_	_	_	linguistic	_	none	_	_	_	_	_	_
155-5	BO104	155	155	5	per	per	_	_	_	_	_	linguistic	_	none	_	_	_	_	_	_
155-6	BO104	155	155	6	rimanere::	rimanere	_	_	_	_	_	linguistic	_	none	_	_	7x2	_	_	_
155-7	BO104	155	155	7	eh	eh	_	_	_	_	_	linguistic	_	none	_	_	_	_	_	_
155-8	BO104	155	155	8	diciamo	diciamo	_	_	_	_	_	linguistic	_	none	_	_	_	_	_	_
155-9	BO104	155	155	9	più	più	_	_	_	_	_	linguistic	_	none	_	_	_	_	_	_
155-10	BO104	155	155	10	legati	legati	_	_	_	_	_	linguistic	_	none	_	_	_	_	_	_
155-11	BO104	155	155	11	all'	all'	_	_	_	_	_	linguistic	_	none	SpaceAfter=No	_	_	_	_	_
155-12	BO104	155	155	12	esposizioe	esposizioe	_	_	_	_	_	linguistic	_	none	_	_	_	_	_	_
155-13	BO104	155	155	13	di	di	_	_	_	_	_	linguistic	_	none	_	_	_	_	_	_
155-14	BO104	155	155	14	barney::	barney	_	_	_	_	_	linguistic	_	none	_	_	5x2	_	_	_
155-15	BO104	155	155	15	e::h.	eh	_	_	_	_	_	linguistic	_	none	Intonation=Falling	End=587.053	0x2	_	_	_
156-0	BO104	156	156	0	che	che	_	_	_	_	_	linguistic	_	none	_	Begin=587.81	_	_	_	_
156-1	BO104	156	156	1	cosa	cosa	_	_	_	_	_	linguistic	_	none	_	_	_	_	_	_
156-2	BO104	156	156	2	si	si	_	_	_	_	_	linguistic	_	none	_	_	_	_	_	_
156-3	BO104	156	156	3	intende	intende	_	_	_	_	_	linguistic	_	none	_	_	_	_	_	_
156-4	BO104	156	156	4	con:	con	_	_	_	_	_	linguistic	_	none	_	_	2x1	_	_	_
156-5	BO104	156	156	5	validità	validità	_	_	_	_	_	linguistic	_	none	_	_	_	_	_	_
156-6	BO104	156	156	6	e	e	_	_	_	_	_	linguistic	_	none	_	_	_	_	_	_
156-7	BO104	156	156	7	affidabilità,	affidabilità	_	_	_	_	_	linguistic	_	none	Intonation=WeaklyRising	_	_	_	_	_
156-8	BO104	156	156	8	[di	di	_	_	_	_	_	linguistic	_	none	_	_	_	_	_	0-2(29)
156-9	BO104	156	156	9	una	una	_	_	_	_	_	linguistic	_	none	_	_	_	_	_	0-3(29)
156-10	BO104	156	156	10	prova]?	prova	_	_	_	_	_	linguistic	_	none	Intonation=Rising	End=591.43	_	_	_	0-5(29)
157-0	BO105	157	157	0	[allora]	allora	_	_	_	_	_	linguistic	_	none	_	Begin=591.036	_	_	_	0-6(29)
157-1	BO105	157	157	1	la	la	_	_	_	_	_	linguistic	_	none	PauseAfter=Yes	_	_	_	_	_
157-2	BO105	157	157	2	{P}	{P}	_	_	_	_	_	shortpause	_	none	_	_	_	_	_	_
157-3	BO105	157	157	3	la:::	la	_	_	_	_	_	linguistic	_	none	_	_	1x3	_	_	_
157-4	BO105	157	157	4	la	la	_	_	_	_	_	linguistic	_	none	_	_	_	_	_	_
157-5	BO105	157	157	5	validità,	validità	_	_	_	_	_	linguistic	_	none	Intonation=WeaklyRising	_	_	_	_	_
157-6	BO105	157	157	6	significa	significa	_	_	_	_	_	linguistic	_	none	_	_	_	_	_	_
157-7	BO105	157	157	7	che:	che	_	_	_	_	_	linguistic	_	none	_	_	2x1	_	_	_
157-8	BO105	157	157	8	la	la	_	_	_	_	_	linguistic	_	none	_	_	_	_	_	_
157-9	BO105	157	157	9	prova,	prova	_	_	_	_	_	linguistic	_	none	Intonation=WeaklyRising	End=594.998	_	_	_	_
158-0	BO105	158	158	0	e::hm	ehm	_	_	_	_	_	linguistic	_	none	_	Begin=595.315	0x2	_	_	_
158-1	BO105	158	158	1	valuta	valuta	_	_	_	_	_	linguistic	_	none	_	_	_	_	_	_
158-2	BO105	158	158	2	realmente	realmente	_	_	_	_	_	linguistic	_	none	_	_	_	_	_	_
158-3	BO105	158	158	3	ciò	ciò	_	_	_	_	_	linguistic	_	none	_	_	_	_	_	_
158-4	BO105	158	158	4	che:	che	_	_	_	_	_	linguistic	_	none	_	_	2x1	_	_	_
158-5	BO105	158	158	5	il	il	_	_	_	_	_	linguistic	_	none	_	_	_	_	_	_
158-6	BO105	158	158	6	valutatore	valutatore	_	_	_	_	_	linguistic	_	none	_	_	_	_	_	_
158-7	BO105	158	158	7	intende	intende	_	_	_	_	_	linguistic	_	none	_	_	_	_	_	_
158-8	BO105	158	158	8	valutare.	valutare	_	_	_	_	_	linguistic	_	none	Intonation=Falling	End=599.24	_	_	_	_
159-0	BO104	159	159	0	ripeti	ripeti	_	_	_	_	_	linguistic	_	none	_	Begin=600.41	_	_	_	_
159-1	BO104	159	159	1	scusa,	scusa	_	_	_	_	_	linguistic	_	none	Intonation=WeaklyRising	End=601.36	_	_	_	_
160-0	BO105	160	160	0	validià	validià	_	_	_	_	_	linguistic	_	none	_	Begin=602.013	_	_	_	_
160-1	BO105	160	160	1	significa	significa	_	_	_	_	_	linguistic	_	none	_	_	_	_	_	_
160-2	BO105	160	160	2	che	che	_	_	_	_	_	linguistic	_	none	_	_	_	_	_	_
160-3	BO105	160	160	3	la	la	_	_	_	_	_	linguistic	_	none	_	_	_	_	_	_
160-4	BO105	160	160	4	prova	prova	_	_	_	_	_	linguistic	_	none	_	_	_	_	_	_
160-5	BO105	160	160	5	valuta	valuta	_	_	_	_	_	linguistic	_	none	_	_	_	_	_	_
160-6	BO105	160	160	6	realmente,	realmente	_	_	_	_	_	linguistic	_	none	Intonation=WeaklyRising|PauseAfter=Yes	_	_	_	_	_
160-7	BO105	160	160	7	{P}	{P}	_	_	_	_	_	shortpause	_	none	_	_	_	_	_	_
160-8	BO105	160	160	8	cioè	cioè	_	_	_	_	_	linguistic	_	none	_	_	_	_	_	_
160-9	BO105	160	160	9	che	che	_	_	_	_	_	linguistic	_	none	_	_	_	_	_	_
160-10	BO105	160	160	10	si	si	_	_	_	_	_	linguistic	_	none	_	_	_	_	_	_
160-11	BO105	160	160	11	intende	intende	_	_	_	_	_	linguistic	_	none	_	_	_	_	_	_
160-12	BO105	160	160	12	valutare.	valutare	_	_	_	_	_	linguistic	_	none	Intonation=Falling	End=606.368	_	_	_	_
161-0	BO105	161	161	0	una	una	_	_	_	_	_	linguistic	_	none	_	Begin=606.61	_	_	_	_
161-1	BO105	161	161	1	defini[zione	definizione	_	_	_	_	_	linguistic	_	none	_	_	_	_	_	6-11(30)
161-2	BO105	161	161	2	un	un	_	_	_	_	_	linguistic	_	none	_	_	_	_	_	0-2(30)
161-3	BO105	161	161	3	po']	po'	_	_	_	_	_	linguistic	_	none	_	End=607.441	_	_	_	0-3(30)
162-0	BO104	162	162	0	[che	che	_	_	_	_	_	linguistic	_	none	_	Begin=607.1	_	_	_	0-3(30)
162-1	BO104	162	162	1	cosa]	cosa	_	_	_	_	_	linguistic	_	none	_	_	_	_	_	0-4(30)
162-2	BO104	162	162	2	vuol	vuol	_	_	_	_	_	linguistic	_	none	_	_	_	_	_	_
162-3	BO104	162	162	3	dire?	dire	_	_	_	_	_	linguistic	_	none	Intonation=Rising	End=608.5	_	_	_	_
163-0	BO105	163	163	0	l'	l'	_	_	_	_	_	linguistic	_	none	SpaceAfter=No	Begin=608.56	_	_	_	_
163-1	BO105	163	163	1	ho	ho	_	_	_	_	_	linguistic	_	none	_	_	_	_	_	_
163-2	BO105	163	163	2	trovata	trovata	_	_	_	_	_	linguistic	_	none	_	_	_	_	_	_
163-3	BO105	163	163	3	anche	anche	_	_	_	_	_	linguistic	_	none	_	_	_	_	_	_
163-4	BO105	163	163	4	una	una	_	_	_	_	_	linguistic	_	none	_	_	_	_	_	_
163-5	BO105	163	163	5	definizione	definizione	_	_	_	_	_	linguistic	_	none	_	_	_	_	_	_
163-6	BO105	163	163	6	un	un	_	_	_	_	_	linguistic	_	none	_	_	_	_	_	_
163-7	BO105	163	163	7	po'	po'	_	_	_	_	_	linguistic	_	none	_	_	_	_	_	_
163-8	BO105	163	163	8	particola~	particola~	_	_	_	_	_	linguistic	_	none	Interrupted=Yes	_	_	_	_	_
163-9	BO105	163	163	9	[nel	nel	_	_	_	_	_	linguistic	_	none	_	_	_	_	_	0-3(31)
163-10	BO105	163	163	10	senso	senso	_	_	_	_	_	linguistic	_	none	_	_	_	_	_	0-5(31)
163-11	BO105	163	163	11	che]	che	_	_	_	_	_	linguistic	_	none	_	End=611.666	_	_	_	0-3(31)
164-0	BO104	164	164	0	[sì	sì	_	_	_	_	_	linguistic	_	none	_	Begin=610.83	_	_	_	0-2(31)
164-1	BO104	164	164	1	che	che	_	_	_	_	_	linguistic	_	none	_	_	_	_	_	0-3(31)
164-2	BO104	164	164	2	cosa]	cosa	_	_	_	_	_	linguistic	_	none	_	_	_	_	_	0-4(31)
164-3	BO104	164	164	3	vuol	vuol	_	_	_	_	_	linguistic	_	none	_	_	_	_	_	_
164-4	BO104	164	164	4	dire,	dire	_	_	_	_	_	linguistic	_	none	Intonation=WeaklyRising	End=611.9	_	_	_	_
165-0	BO105	165	165	0	e::hm	ehm	_	_	_	_	_	linguistic	_	none	_	Begin=612.145	0x2	_	_	_
165-1	BO105	165	165	1	che	che	_	_	_	_	_	linguistic	_	none	_	_	_	_	_	_
165-2	BO105	165	165	2	non	non	_	_	_	_	_	linguistic	_	none	PauseAfter=Yes	_	_	_	_	_
165-3	BO105	165	165	3	{P}	{P}	_	_	_	_	_	shortpause	_	none	_	_	_	_	_	_
165-4	BO105	165	165	4	si	si	_	_	_	_	_	linguistic	_	none	_	_	_	_	_	_
165-5	BO105	165	165	5	incorra	incorra	_	_	_	_	_	linguistic	_	none	_	_	_	_	_	_
165-6	BO105	165	165	6	diciamo	diciamo	_	_	_	_	_	linguistic	_	none	_	_	_	_	_	_
165-7	BO105	165	165	7	che	che	_	_	_	_	_	linguistic	_	none	PauseAfter=Yes	_	_	_	_	_
165-8	BO105	165	165	8	{P}	{P}	_	_	_	_	_	shortpause	_	none	_	_	_	_	_	_
165-9	BO105	165	165	9	quando	quando	_	_	_	_	_	linguistic	_	none	_	_	_	_	_	_
165-10	BO105	165	165	10	viene	viene	_	_	_	_	_	linguistic	_	none	_	_	_	_	_	_
165-11	BO105	165	165	11	presentato	presentato	_	_	_	_	_	linguistic	_	none	_	_	_	_	_	_
165-12	BO105	165	165	12	un	un	_	_	_	_	_	linguistic	_	none	_	_	_	_	_	_
165-13	BO105	165	165	13	test,	test	_	_	_	_	_	linguistic	_	none	Intonation=WeaklyRising	End=617.165	_	_	_	_
166-0	BO105	166	166	0	che:	che	_	_	_	_	_	linguistic	_	none	_	Begin=617.525	2x1	_	_	_
166-1	BO105	166	166	1	e:hm	ehm	_	_	_	_	_	linguistic	_	none	_	_	0x1	_	_	_
166-2	BO105	166	166	2	vuole	vuole	_	_	_	_	_	linguistic	_	none	_	_	_	_	_	_
166-3	BO105	166	166	3	ad	ad	_	_	_	_	_	linguistic	_	none	_	_	_	_	_	_
166-4	BO105	166	166	4	esepio,	esepio	_	_	_	_	_	linguistic	_	none	Intonation=WeaklyRising	_	_	_	_	_
166-5	BO105	166	166	5	e:hm	ehm	_	_	_	_	_	linguistic	_	none	_	_	0x1	_	_	_
166-6	BO105	166	166	6	valutare,	valutare	_	_	_	_	_	linguistic	_	none	Intonation=WeaklyRising	End=621.75	_	_	_	_
167-0	BO105	167	167	0	le	le	_	_	_	_	_	linguistic	_	none	_	Begin=622.103	_	_	_	_
167-1	BO105	167	167	1	capacità	capacità	_	_	_	_	_	linguistic	_	none	_	_	_	_	_	_
167-2	BO105	167	167	2	grammaticali,	grammaticali	_	_	_	_	_	linguistic	_	none	Intonation=WeaklyRising	End=623.68	_	_	_	_
168-0	BO105	168	168	0	su	su	_	_	_	_	_	linguistic	_	none	_	Begin=623.783	_	_	_	_
168-1	BO105	168	168	1	questo	questo	_	_	_	_	_	linguistic	_	none	_	_	_	_	_	_
168-2	BO105	168	168	2	test,	test	_	_	_	_	_	linguistic	_	none	Intonation=WeaklyRising	_	_	_	_	_
168-3	BO105	168	168	3	il	il	_	_	_	_	_	linguistic	_	none	_	_	_	_	_	_
168-4	BO105	168	168	4	e::hm	ehm	_	_	_	_	_	linguistic	_	none	_	End=626.241	0x2	_	_	_
169-0	BO104	169	169	0	o~	o~	_	_	_	_	_	linguistic	_	none	Interrupted=Yes	Begin=626.358	_	_	_	_
169-1	BO104	169	169	1	attenzione	attenzione	_	_	_	_	_	linguistic	_	none	_	_	_	_	_	_
169-2	BO104	169	169	2	a	a	_	_	_	_	_	linguistic	_	none	_	_	_	_	_	_
169-3	BO104	169	169	3	utilizzare	utilizzare	_	_	_	_	_	linguistic	_	none	_	_	_	_	_	_
169-4	BO104	169	169	4	capacità	capacità	_	_	_	_	_	linguistic	_	none	_	_	_	_	_	_
169-5	BO104	169	169	5	gramma~	gramma~	_	_	_	_	_	linguistic	_	none	Interrupted=Yes	_	_	_	_	_
169-6	BO104	169	169	6	perché	perché	_	_	_	_	_	linguistic	_	none	_	_	_	_	_	_
169-7	BO104	169	169	7	capacità	capacità	_	_	_	_	_	linguistic	_	none	_	_	_	_	_	_
169-8	BO104	169	169	8	è	è	_	_	_	_	_	linguistic	_	none	_	_	_	_	_	_
169-9	BO104	169	169	9	un	un	_	_	_	_	_	linguistic	_	none	_	_	_	_	_	_
169-10	BO104	169	169	10	termine	termine	_	_	_	_	_	linguistic	_	none	_	_	_	_	_	_
169-11	BO104	169	169	11	che	che	_	_	_	_	_	linguistic	_	none	_	_	_	_	_	_
169-12	BO104	169	169	12	utilizzi	utilizzi	_	_	_	_	_	linguistic	_	none	_	_	_	_	_	_
169-13	BO104	169	169	13	spesso.	spesso	_	_	_	_	_	linguistic	_	none	Intonation=Falling	_	_	_	_	_
169-14	BO104	169	169	14	[però],	però	_	_	_	_	_	linguistic	_	none	Intonation=WeaklyRising	_	_	_	_	0-4(32)
169-15	BO104	169	169	15	non	non	_	_	_	_	_	linguistic	_	none	_	_	_	_	_	_
169-16	BO104	169	169	16	forse	forse	_	_	_	_	_	linguistic	_	none	_	_	_	_	_	_
169-17	BO104	169	169	17	in	in	_	_	_	_	_	linguistic	_	none	_	_	_	_	_	_
169-18	BO104	169	169	18	modo	modo	_	_	_	_	_	linguistic	_	none	_	_	_	_	_	_
169-19	BO104	169	169	19	proprio,	proprio	_	_	_	_	_	linguistic	_	none	Intonation=WeaklyRising	_	_	_	_	_
169-20	BO104	169	169	20	[mh]?	mh	_	_	_	_	_	linguistic	_	none	Intonation=Rising	End=633.97	_	_	_	0-2(33)
170-0	BO105	170	170	0	[sì	sì	_	_	_	_	_	linguistic	_	none	ProsodicLink=Yes	Begin=631.078	_	_	_	0-2(32)
170-1	BO105	170	170	1	m]	m	_	_	_	_	_	linguistic	_	none	_	End=631.566	_	_	_	0-1(32)
171-0	BO105	171	171	0	[sì].	sì	_	_	_	_	_	linguistic	_	none	Intonation=Falling	Begin=633.315	_	_	_	0-2(33)
171-1	BO105	171	171	1	può	può	_	_	_	_	_	linguistic	_	none	_	_	_	_	_	_
171-2	BO105	171	171	2	essere.	essere	_	_	_	_	_	linguistic	_	none	Intonation=Falling	End=634.271	_	_	_	_
172-0	BO105	172	172	0	e::hm.	ehm	_	_	_	_	_	linguistic	_	none	Intonation=Falling	Begin=635.013	0x2	_	_	_
172-1	BO105	172	172	1	comunque	comunque	_	_	_	_	_	linguistic	_	none	_	_	_	_	_	_
172-2	BO105	172	172	2	quando,	quando	_	_	_	_	_	linguistic	_	none	Intonation=WeaklyRising	_	_	_	_	_
172-3	BO105	172	172	3	e:hm.	ehm	_	_	_	_	_	linguistic	_	none	Intonation=Falling	_	0x1	_	_	_
172-4	BO105	172	172	4	il	il	_	_	_	_	_	linguistic	_	none	_	_	_	_	_	_
172-5	BO105	172	172	5	valutatore	valutatore	_	_	_	_	_	linguistic	_	none	_	_	_	_	_	_
172-6	BO105	172	172	6	vuole	vuole	_	_	_	_	_	linguistic	_	none	_	_	_	_	_	_
172-7	BO105	172	172	7	valutare	valutare	_	_	_	_	_	linguistic	_	none	_	_	_	_	_	_
172-8	BO105	172	172	8	una	una	_	_	_	_	_	linguistic	_	none	_	_	_	_	_	_
172-9	BO105	172	172	9	determinata	determinata	_	_	_	_	_	linguistic	_	none	_	_	_	_	_	_
172-10	BO105	172	172	10	competenza,	competenza	_	_	_	_	_	linguistic	_	none	Intonation=WeaklyRising	_	_	_	_	_
172-11	BO105	172	172	11	di::	di	_	_	_	_	_	linguistic	_	none	_	_	1x2	_	_	_
172-12	BO105	172	172	12	di	di	_	_	_	_	_	linguistic	_	none	_	_	_	_	_	_
172-13	BO105	172	172	13	un	un	_	_	_	_	_	linguistic	_	none	_	_	_	_	_	_
172-14	BO105	172	172	14	gruppo	gruppo	_	_	_	_	_	linguistic	_	none	_	_	_	_	_	_
172-15	BO105	172	172	15	classe,	classe	_	_	_	_	_	linguistic	_	none	Intonation=WeaklyRising	End=642.781	_	_	_	_
173-0	BO105	173	173	0	e::hm.	ehm	_	_	_	_	_	linguistic	_	none	Intonation=Falling	Begin=643.325|End=644.445	0x2	_	_	_
174-0	BO105	174	174	0	costruisce	costruisce	_	_	_	_	_	linguistic	_	none	_	Begin=644.536	_	_	_	_
174-1	BO105	174	174	1	questo	questo	_	_	_	_	_	linguistic	_	none	_	_	_	_	_	_
174-2	BO105	174	174	2	test,	test	_	_	_	_	_	linguistic	_	none	Intonation=WeaklyRising	End=645.928	_	_	_	_
175-0	BO105	175	175	0	appunto	appunto	_	_	_	_	_	linguistic	_	none	_	Begin=645.96	_	_	_	_
175-1	BO105	175	175	1	per	per	_	_	_	_	_	linguistic	_	none	_	_	_	_	_	_
175-2	BO105	175	175	2	valutare	valutare	_	_	_	_	_	linguistic	_	none	_	_	_	_	_	_
175-3	BO105	175	175	3	una	una	_	_	_	_	_	linguistic	_	none	_	_	_	_	_	_
175-4	BO105	175	175	4	determinata	determinata	_	_	_	_	_	linguistic	_	none	_	_	_	_	_	_
175-5	BO105	175	175	5	competenza.	competenza	_	_	_	_	_	linguistic	_	none	Intonation=Falling	_	_	_	_	_
175-6	BO105	175	175	6	e	e	_	_	_	_	_	linguistic	_	none	PauseAfter=Yes	_	_	_	_	_
175-7	BO105	175	175	7	{P}	{P}	_	_	_	_	_	shortpause	_	none	_	_	_	_	_	_
175-8	BO105	175	175	8	questo	questo	_	_	_	_	_	linguistic	_	none	_	_	_	_	_	_
175-9	BO105	175	175	9	test	test	_	_	_	_	_	linguistic	_	none	_	_	_	_	_	_
175-10	BO105	175	175	10	non	non	_	_	_	_	_	linguistic	_	none	_	_	_	_	_	_
175-11	BO105	175	175	11	dovrebbe	dovrebbe	_	_	_	_	_	linguistic	_	none	_	_	_	_	_	_
175-12	BO105	175	175	12	valutarne	valutarne	_	_	_	_	_	linguistic	_	none	_	_	_	_	_	_
175-13	BO105	175	175	13	altre,	altre	_	_	_	_	_	linguistic	_	none	Intonation=WeaklyRising	End=650.76	_	_	_	_
176-0	BO105	176	176	0	nel	nel	_	_	_	_	_	linguistic	_	none	_	Begin=650.985	_	_	_	_
176-1	BO105	176	176	1	senso	senso	_	_	_	_	_	linguistic	_	none	_	_	_	_	_	_
176-2	BO105	176	176	2	che	che	_	_	_	_	_	linguistic	_	none	_	_	_	_	_	_
176-3	BO105	176	176	3	si	si	_	_	_	_	_	linguistic	_	none	_	_	_	_	_	_
176-4	BO105	176	176	4	dovrebbe	dovrebbe	_	_	_	_	_	linguistic	_	none	_	_	_	_	_	_
176-5	BO105	176	176	5	attenere	attenere	_	_	_	_	_	linguistic	_	none	_	_	_	_	_	_
176-6	BO105	176	176	6	appunto	appunto	_	_	_	_	_	linguistic	_	none	PauseAfter=Yes	_	_	_	_	_
176-7	BO105	176	176	7	{P}	{P}	_	_	_	_	_	shortpause	_	none	_	_	_	_	_	_
176-8	BO105	176	176	8	a	a	_	_	_	_	_	linguistic	_	none	_	_	_	_	_	_
176-9	BO105	176	176	9	valutare	valutare	_	_	_	_	_	linguistic	_	none	_	_	_	_	_	_
176-10	BO105	176	176	10	ciò	ciò	_	_	_	_	_	linguistic	_	none	_	_	_	_	_	_
176-11	BO105	176	176	11	per	per	_	_	_	_	_	linguistic	_	none	_	_	_	_	_	_
176-12	BO105	176	176	12	cui	cui	_	_	_	_	_	linguistic	_	none	_	_	_	_	_	_
176-13	BO105	176	176	13	è	è	_	_	_	_	_	linguistic	_	none	_	_	_	_	_	_
176-14	BO105	176	176	14	stato	stato	_	_	_	_	_	linguistic	_	none	_	_	_	_	_	_
176-15	BO105	176	176	15	costruito	costruito	_	_	_	_	_	linguistic	_	none	_	_	_	_	_	_
176-16	BO105	176	176	16	il	il	_	_	_	_	_	linguistic	_	none	_	_	_	_	_	_
176-17	BO105	176	176	17	test.	test	_	_	_	_	_	linguistic	_	none	Intonation=Falling	End=655.44	_	_	_	_
177-0	BO104	177	177	0	sì,	sì	_	_	_	_	_	linguistic	_	none	Intonation=WeaklyRising	Begin=655.958	_	_	_	_
177-1	BO104	177	177	1	quindi	quindi	_	_	_	_	_	linguistic	_	none	_	_	_	_	_	_
177-2	BO104	177	177	2	diciamo	diciamo	_	_	_	_	_	linguistic	_	none	_	_	_	_	_	_
177-3	BO104	177	177	3	allora	allora	_	_	_	_	_	linguistic	_	none	_	_	_	_	_	_
177-4	BO104	177	177	4	il	il	_	_	_	_	_	linguistic	_	none	_	_	_	_	_	_
177-5	BO104	177	177	5	c~	c~	_	_	_	_	_	linguistic	_	none	Interrupted=Yes	_	_	_	_	_
177-6	BO104	177	177	6	dunque	dunque	_	_	_	_	_	linguistic	_	none	_	_	_	_	_	_
177-7	BO104	177	177	7	il	il	_	_	_	_	_	linguistic	_	none	_	_	_	_	_	_
177-8	BO104	177	177	8	la	la	_	_	_	_	_	linguistic	_	none	_	_	_	_	_	_
177-9	BO104	177	177	9	validità	validità	_	_	_	_	_	linguistic	_	none	_	_	_	_	_	_
177-10	BO104	177	177	10	è	è	_	_	_	_	_	linguistic	_	none	_	_	_	_	_	_
177-11	BO104	177	177	11	un	un	_	_	_	_	_	linguistic	_	none	_	_	_	_	_	_
177-12	BO104	177	177	12	concetto	concetto	_	_	_	_	_	linguistic	_	none	PauseAfter=Yes	_	_	_	_	_
177-13	BO104	177	177	13	{P}	{P}	_	_	_	_	_	shortpause	_	none	_	_	_	_	_	_
177-14	BO104	177	177	14	estremamente	estremamente	_	_	_	_	_	linguistic	_	none	_	_	_	_	_	_
177-15	BO104	177	177	15	ampio,	ampio	_	_	_	_	_	linguistic	_	none	Intonation=WeaklyRising	End=660.34	_	_	_	_
178-0	BO104	178	178	0	l~	l~	_	_	_	_	_	linguistic	_	none	Interrupted=Yes	Begin=660.4	_	_	_	_
178-1	BO104	178	178	1	una	una	_	_	_	_	_	linguistic	_	none	_	_	_	_	_	_
178-2	BO104	178	178	2	piccola	piccola	_	_	_	_	_	linguistic	_	none	_	_	_	_	_	_
178-3	BO104	178	178	3	parte	parte	_	_	_	_	_	linguistic	_	none	_	_	_	_	_	_
178-4	BO104	178	178	4	del	del	_	_	_	_	_	linguistic	_	none	_	_	_	_	_	_
178-5	BO104	178	178	5	concetto	concetto	_	_	_	_	_	linguistic	_	none	_	_	_	_	_	_
178-6	BO104	178	178	6	di	di	_	_	_	_	_	linguistic	_	none	_	_	_	_	_	_
178-7	BO104	178	178	7	validità	validità	_	_	_	_	_	linguistic	_	none	_	_	_	_	_	_
178-8	BO104	178	178	8	che	che	_	_	_	_	_	linguistic	_	none	_	_	_	_	_	_
178-9	BO104	178	178	9	è	è	_	_	_	_	_	linguistic	_	none	_	_	_	_	_	_
178-10	BO104	178	178	10	quello	quello	_	_	_	_	_	linguistic	_	none	_	_	_	_	_	_
178-11	BO104	178	178	11	che	che	_	_	_	_	_	linguistic	_	none	_	_	_	_	_	_
178-12	BO104	178	178	12	tu	tu	_	_	_	_	_	linguistic	_	none	_	_	_	_	_	_
178-13	BO104	178	178	13	hai	hai	_	_	_	_	_	linguistic	_	none	_	_	_	_	_	_
178-14	BO104	178	178	14	trovato	trovato	_	_	_	_	_	linguistic	_	none	PauseAfter=Yes	_	_	_	_	_
178-15	BO104	178	178	15	{P}	{P}	_	_	_	_	_	shortpause	_	none	_	_	_	_	_	_
178-16	BO104	178	178	16	sugli	sugli	_	_	_	_	_	linguistic	_	none	_	_	_	_	_	_
178-17	BO104	178	178	17	ar[ticoli	articoli	_	_	_	_	_	linguistic	_	none	_	_	_	_	_	2-8(34)
178-18	BO104	178	178	18	effettivamente],	effettivamente	_	_	_	_	_	linguistic	_	none	Intonation=WeaklyRising	_	_	_	_	0-14(34)
178-19	BO104	178	178	19	è	è	_	_	_	_	_	linguistic	_	none	_	_	_	_	_	_
178-20	BO104	178	178	20	la	la	_	_	_	_	_	linguistic	_	none	_	_	_	_	_	_
178-21	BO104	178	178	21	coerenza	coerenza	_	_	_	_	_	linguistic	_	none	_	_	_	_	_	_
178-22	BO104	178	178	22	tra	tra	_	_	_	_	_	linguistic	_	none	_	_	_	_	_	_
178-23	BO104	178	178	23	il	il	_	_	_	_	_	linguistic	_	none	_	_	_	_	_	_
178-24	BO104	178	178	24	costrutto.	costrutto	_	_	_	_	_	linguistic	_	none	Intonation=Falling	_	_	_	_	_
178-25	BO104	178	178	25	quin[di	quindi	_	_	_	_	_	linguistic	_	none	_	_	_	_	_	4-6(35)
178-26	BO104	178	178	26	le	le	_	_	_	_	_	linguistic	_	none	_	_	_	_	_	0-2(35)
178-27	BO104	178	178	27	caratte]ristiche	caratteristiche	_	_	_	_	_	linguistic	_	none	_	_	_	_	_	0-7(35)
178-28	BO104	178	178	28	dei	dei	_	_	_	_	_	linguistic	_	none	_	_	_	_	_	_
178-29	BO104	178	178	29	[contenuti],	contenuti	_	_	_	_	_	linguistic	_	none	Intonation=WeaklyRising	End=668.785	_	_	_	0-9(36)
179-0	BO105	179	179	0	[okay.	okay	_	_	_	_	_	linguistic	_	none	Intonation=Falling	Begin=663.69	_	_	_	0-4(34)
179-1	BO105	179	179	1	okay],	okay	_	_	_	_	_	linguistic	_	none	Intonation=WeaklyRising	End=665.14	_	_	_	0-4(34)
180-0	BO105	180	180	0	[esatto].	esatto	_	_	_	_	_	linguistic	_	none	Intonation=Falling	Begin=666.9|End=667.676	_	_	_	0-6(35)
181-0	BO105	181	181	0	[esatto]	esatto	_	_	_	_	_	linguistic	_	none	_	Begin=668.271	_	_	_	0-6(36)
181-1	BO105	181	181	1	e	e	_	_	_	_	_	linguistic	_	none	_	_	_	_	_	_
181-2	BO105	181	181	2	cioè	cioè	_	_	_	_	_	linguistic	_	none	_	_	_	_	_	_
181-3	BO105	181	181	3	che	che	_	_	_	_	_	linguistic	_	none	_	_	_	_	_	_
181-4	BO105	181	181	4	s~	s~	_	_	_	_	_	linguistic	_	none	Interrupted=Yes	_	_	_	_	_
181-5	BO105	181	181	5	[si	si	_	_	_	_	_	linguistic	_	none	_	_	_	_	_	0-2(37)
181-6	BO105	181	181	6	valuta].	valuta	_	_	_	_	_	linguistic	_	none	Intonation=Falling	End=670.4	_	_	_	0-6(37)
182-0	BO104	182	182	0	[e	e	_	_	_	_	_	linguistic	_	none	_	Begin=669.85	_	_	_	0-1(37)
182-1	BO104	182	182	1	cioè	cioè	_	_	_	_	_	linguistic	_	none	_	_	_	_	_	0-4(37)
182-2	BO104	182	182	2	che	che	_	_	_	_	_	linguistic	_	none	_	_	_	_	_	0-3(37)
182-3	BO104	182	182	3	viene],	viene	_	_	_	_	_	linguistic	_	none	Intonation=WeaklyRising	_	_	_	_	0-5(37)
182-4	BO104	182	182	4	dichiarato.	dichiarato	_	_	_	_	_	linguistic	_	none	Intonation=Falling	_	_	_	_	_
182-5	BO104	182	182	5	[>cioè<]	cioè	_	_	_	_	_	linguistic	_	none	_	_	_	Fast=0-4(0)	_	0-4(38)
182-6	BO104	182	182	6	mh?	mh	_	_	_	_	_	linguistic	_	none	Intonation=Rising	End=672.72	_	_	_	_
183-0	BO105	183	183	0	[sì].	sì	_	_	_	_	_	linguistic	_	none	Intonation=Falling	Begin=671.49|End=672.0	_	_	_	0-2(38)
184-0	BO105	184	184	0	sì.	sì	_	_	_	_	_	linguistic	_	none	Intonation=Falling	Begin=672.75|End=673.09	_	_	_	_
185-0	BO104	185	185	0	e::hm	ehm	_	_	_	_	_	linguistic	_	none	_	Begin=674.02|End=675.383	0x2	_	_	_
186-0	BO104	186	186	0	va	va	_	_	_	_	_	linguistic	_	none	_	Begin=676.196	_	_	_	_
186-1	BO104	186	186	1	bene.	bene	_	_	_	_	_	linguistic	_	none	Intonation=Falling	End=676.938	_	_	_	_
187-0	BO105	187	187	0	l'	l'	_	_	_	_	_	linguistic	_	none	SpaceAfter=No	Begin=677.33	_	_	_	_
187-1	BO105	187	187	1	affidabilità	affidabilità	_	_	_	_	_	linguistic	_	none	_	_	_	_	_	_
187-2	BO105	187	187	2	invece	invece	_	_	_	_	_	linguistic	_	none	_	_	_	_	_	_
187-3	BO105	187	187	3	è::	è	_	_	_	_	_	linguistic	_	none	_	End=679.57	0x2	_	_	_
188-0	BO105	188	188	0	allora	allora	_	_	_	_	_	linguistic	_	none	_	Begin=682.71	_	_	_	_
188-1	BO105	188	188	1	se::	se	_	_	_	_	_	linguistic	_	none	_	_	1x2	_	_	_
188-2	BO105	188	188	2	significa	significa	_	_	_	_	_	linguistic	_	none	_	_	_	_	_	_
188-3	BO105	188	188	3	che:	che	_	_	_	_	_	linguistic	_	none	_	_	2x1	_	_	_
188-4	BO105	188	188	4	una	una	_	_	_	_	_	linguistic	_	none	_	_	_	_	_	_
188-5	BO105	188	188	5	prova,	prova	_	_	_	_	_	linguistic	_	none	Intonation=WeaklyRising	_	_	_	_	_
188-6	BO105	188	188	6	rimane	rimane	_	_	_	_	_	linguistic	_	none	PauseAfter=Yes	_	_	_	_	_
188-7	BO105	188	188	7	{P}	{P}	_	_	_	_	_	shortpause	_	none	_	_	_	_	_	_
188-8	BO105	188	188	8	valida	valida	_	_	_	_	_	linguistic	_	none	_	_	_	_	_	_
188-9	BO105	188	188	9	nel	nel	_	_	_	_	_	linguistic	_	none	_	_	_	_	_	_
188-10	BO105	188	188	10	tempo,	tempo	_	_	_	_	_	linguistic	_	none	Intonation=WeaklyRising	_	_	_	_	_
188-11	BO105	188	188	11	e	e	_	_	_	_	_	linguistic	_	none	_	_	_	_	_	_
188-12	BO105	188	188	12	anche	anche	_	_	_	_	_	linguistic	_	none	_	_	_	_	_	_
188-13	BO105	188	188	13	se	se	_	_	_	_	_	linguistic	_	none	PauseAfter=Yes	_	_	_	_	_
188-14	BO105	188	188	14	{P}	{P}	_	_	_	_	_	shortpause	_	none	_	_	_	_	_	_
188-15	BO105	188	188	15	è	è	_	_	_	_	_	linguistic	_	none	_	_	_	_	_	_
188-16	BO105	188	188	16	valutata	valutata	_	_	_	_	_	linguistic	_	none	_	_	_	_	_	_
188-17	BO105	188	188	17	da	da	_	_	_	_	_	linguistic	_	none	_	_	_	_	_	_
188-18	BO105	188	188	18	valutatori	valutatori	_	_	_	_	_	linguistic	_	none	_	_	_	_	_	_
188-19	BO105	188	188	19	diversi	diversi	_	_	_	_	_	linguistic	_	none	_	_	_	_	_	_
188-20	BO105	188	188	20	nel	nel	_	_	_	_	_	linguistic	_	none	_	_	_	_	_	_
188-21	BO105	188	188	21	senso	senso	_	_	_	_	_	linguistic	_	none	_	_	_	_	_	_
188-22	BO105	188	188	22	che	che	_	_	_	_	_	linguistic	_	none	PauseAfter=Yes	_	_	_	_	_
188-23	BO105	188	188	23	{P}	{P}	_	_	_	_	_	shortpause	_	none	_	_	_	_	_	_
188-24	BO105	188	188	24	il	il	_	_	_	_	_	linguistic	_	none	_	_	_	_	_	_
188-25	BO105	188	188	25	il	il	_	_	_	_	_	linguistic	_	none	_	_	_	_	_	_
188-26	BO105	188	188	26	risultato	risultato	_	_	_	_	_	linguistic	_	none	_	_	_	_	_	_
188-27	BO105	188	188	27	non	non	_	_	_	_	_	linguistic	_	none	_	_	_	_	_	_
188-28	BO105	188	188	28	cambia.	cambia	_	_	_	_	_	linguistic	_	none	Intonation=Falling	End=691.83	_	_	_	_
189-0	BO105	189	189	0	m::h	mh	_	_	_	_	_	linguistic	_	none	_	Begin=692.43|End=693.12	0x2	_	_	_
190-0	BO105	190	190	0	questo	questo	_	_	_	_	_	linguistic	_	none	_	Begin=693.35	_	_	_	_
190-1	BO105	190	190	1	è	è	_	_	_	_	_	linguistic	_	none	_	_	_	_	_	_
190-2	BO105	190	190	2	il	il	_	_	_	_	_	linguistic	_	none	_	_	_	_	_	_
190-3	BO105	190	190	3	concetto	concetto	_	_	_	_	_	linguistic	_	none	_	_	_	_	_	_
190-4	BO105	190	190	4	di:	di	_	_	_	_	_	linguistic	_	none	_	_	1x1	_	_	_
190-5	BO105	190	190	5	°di	di	_	_	_	_	_	linguistic	_	none	Volume=low	_	_	_	_	_
190-6	BO105	190	190	6	affidabilità	affidabilità	_	_	_	_	_	linguistic	_	none	PauseAfter=Yes|Volume=low	_	_	_	_	_
190-7	BO105	190	190	7	{P}	{P}	_	_	_	_	_	shortpause	_	none	Volume=low	_	_	_	_	_
190-8	BO105	190	190	8	di	di	_	_	_	_	_	linguistic	_	none	Volume=low	_	_	_	_	_
190-9	BO105	190	190	9	un	un	_	_	_	_	_	linguistic	_	none	Volume=low	_	_	_	_	_
190-10	BO105	190	190	10	test.°	test	_	_	_	_	_	linguistic	_	none	Intonation=Falling|Volume=low	End=697.19	_	_	_	_
191-0	BO104	191	191	0	cioè,	cioè	_	_	_	_	_	linguistic	_	none	Intonation=WeaklyRising	Begin=697.235	_	_	_	_
191-1	BO104	191	191	1	m:::h	mh	_	_	_	_	_	linguistic	_	none	_	_	0x3	_	_	_
191-2	BO104	191	191	2	cambia	cambia	_	_	_	_	_	linguistic	_	none	_	_	_	_	_	_
191-3	BO104	191	191	3	il	il	_	_	_	_	_	linguistic	_	none	_	_	_	_	_	_
191-4	BO104	191	191	4	valor~	valor~	_	_	_	_	_	linguistic	_	none	Interrupted=Yes	_	_	_	_	_
191-5	BO104	191	191	5	la	la	_	_	_	_	_	linguistic	_	none	_	_	_	_	_	_
191-6	BO104	191	191	6	prova	prova	_	_	_	_	_	linguistic	_	none	_	_	_	_	_	_
191-7	BO104	191	191	7	rimane::	rimane	_	_	_	_	_	linguistic	_	none	_	_	5x2	_	_	_
191-8	BO104	191	191	8	diciamo	diciamo	_	_	_	_	_	linguistic	_	none	_	_	_	_	_	_
191-9	BO104	191	191	9	la:	la	_	_	_	_	_	linguistic	_	none	_	_	1x1	_	_	_
191-10	BO104	191	191	10	sì	sì	_	_	_	_	_	linguistic	_	none	_	_	_	_	_	_
191-11	BO104	191	191	11	la	la	_	_	_	_	_	linguistic	_	none	_	_	_	_	_	_
191-12	BO104	191	191	12	prova	prova	_	_	_	_	_	linguistic	_	none	_	_	_	_	_	_
191-13	BO104	191	191	13	rimane	rimane	_	_	_	_	_	linguistic	_	none	_	_	_	_	_	_
191-14	BO104	191	191	14	la	la	_	_	_	_	_	linguistic	_	none	_	_	_	_	_	_
191-15	BO104	191	191	15	la	la	_	_	_	_	_	linguistic	_	none	_	_	_	_	_	_
191-16	BO104	191	191	16	stessa.	stessa	_	_	_	_	_	linguistic	_	none	Intonation=Falling	_	_	_	_	_
191-17	BO104	191	191	17	i	i	_	_	_	_	_	linguistic	_	none	_	_	_	_	_	_
191-18	BO104	191	191	18	valotatori	valotatori	_	_	_	_	_	linguistic	_	none	_	_	_	_	_	_
191-19	BO104	191	191	19	sono	sono	_	_	_	_	_	linguistic	_	none	_	_	_	_	_	_
191-20	BO104	191	191	20	diversi,	diversi	_	_	_	_	_	linguistic	_	none	Intonation=WeaklyRising	End=704.89	_	_	_	_
192-0	BO104	192	192	0	i	i	_	_	_	_	_	linguistic	_	none	_	Begin=705.088	_	_	_	_
192-1	BO104	192	192	1	risultati	risultati	_	_	_	_	_	linguistic	_	none	_	_	_	_	_	_
192-2	BO104	192	192	2	[che	che	_	_	_	_	_	linguistic	_	none	_	_	_	_	_	0-3(?)
192-3	BO104	192	192	3	si	si	_	_	_	_	_	linguistic	_	none	_	_	_	_	_	0-2(?)
192-4	BO104	192	192	4	ottengono]	ottengono	_	_	_	_	_	linguistic	_	none	_	_	_	_	_	0-9(?)
192-5	BO104	192	192	5	sono	sono	_	_	_	_	_	linguistic	_	none	_	_	_	_	_	_
192-6	BO104	192	192	6	compara[bili].	comparabili	_	_	_	_	_	linguistic	_	none	Intonation=Falling	End=707.523	_	_	_	7-11(?)
193-0	BO105	193	193	0	[i	i	_	_	_	_	_	linguistic	_	none	_	Begin=705.526	_	_	_	0-1(?)
193-1	BO105	193	193	1	risultati]	risultati	_	_	_	_	_	linguistic	_	none	PauseAfter=Yes	_	_	_	_	0-9(?)
193-2	BO105	193	193	2	{P}	{P}	_	_	_	_	_	shortpause	_	none	_	_	_	_	_	_
193-3	BO105	193	193	3	[son~]	son~	_	_	_	_	_	linguistic	_	none	Interrupted=Yes	_	_	_	_	0-4(?)
193-4	BO105	193	193	4	esatto.	esatto	_	_	_	_	_	linguistic	_	none	Intonation=Falling	End=707.806	_	_	_	_
194-0	BO104	194	194	0	oppure,	oppure	_	_	_	_	_	linguistic	_	none	Intonation=WeaklyRising	Begin=707.911|End=708.79	_	_	_	_
195-0	BO105	195	195	0	oppre	oppre	_	_	_	_	_	linguistic	_	none	_	Begin=708.905	_	_	_	_
195-1	BO105	195	195	1	anche	anche	_	_	_	_	_	linguistic	_	none	_	_	_	_	_	_
195-2	BO105	195	195	2	nel	nel	_	_	_	_	_	linguistic	_	none	_	_	_	_	_	_
195-3	BO105	195	195	3	tempo	tempo	_	_	_	_	_	linguistic	_	none	_	_	_	_	_	_
195-4	BO105	195	195	4	se	se	_	_	_	_	_	linguistic	_	none	PauseAfter=Yes	_	_	_	_	_
195-5	BO105	195	195	5	{P}	{P}	_	_	_	_	_	shortpause	_	none	_	_	_	_	_	_
195-6	BO105	195	195	6	eh	eh	_	_	_	_	_	linguistic	_	none	_	_	_	_	_	_
195-7	BO105	195	195	7	somministrati,	somministrati	_	_	_	_	_	linguistic	_	none	Intonation=WeaklyRising	_	_	_	_	_
195-8	BO105	195	195	8	e::h	eh	_	_	_	_	_	linguistic	_	none	_	_	0x2	_	_	_
195-9	BO105	195	195	9	danno	danno	_	_	_	_	_	linguistic	_	none	_	_	_	_	_	_
195-10	BO105	195	195	10	c~	c~	_	_	_	_	_	linguistic	_	none	Interrupted=Yes	_	_	_	_	_
195-11	BO105	195	195	11	all'	all'	_	_	_	_	_	linguistic	_	none	SpaceAfter=No	_	_	_	_	_
195-12	BO105	195	195	12	incirca,	incirca	_	_	_	_	_	linguistic	_	none	Intonation=WeaklyRising	_	_	_	_	_
195-13	BO105	195	195	13	lo	lo	_	_	_	_	_	linguistic	_	none	_	_	_	_	_	_
195-14	BO105	195	195	14	stesso:	stesso	_	_	_	_	_	linguistic	_	none	_	End=714.55	5x1	_	_	_
196-0	BO104	196	196	0	oppure,	oppure	_	_	_	_	_	linguistic	_	none	Intonation=WeaklyRising	Begin=714.553	_	_	_	_
196-1	BO104	196	196	1	non	non	_	_	_	_	_	linguistic	_	none	_	_	_	_	_	_
196-2	BO104	196	196	2	so	so	_	_	_	_	_	linguistic	_	none	_	_	_	_	_	_
196-3	BO104	196	196	3	ad	ad	_	_	_	_	_	linguistic	_	none	_	_	_	_	_	_
196-4	BO104	196	196	4	esempio	esempio	_	_	_	_	_	linguistic	_	none	_	_	_	_	_	_
196-5	BO104	196	196	5	come	come	_	_	_	_	_	linguistic	_	none	PauseAfter=Yes	_	_	_	_	_
196-6	BO104	196	196	6	{P}	{P}	_	_	_	_	_	shortpause	_	none	_	_	_	_	_	_
196-7	BO104	196	196	7	prima	prima	_	_	_	_	_	linguistic	_	none	_	_	_	_	_	_
196-8	BO104	196	196	8	portavi	portavi	_	_	_	_	_	linguistic	_	none	_	_	_	_	_	_
196-9	BO104	196	196	9	il	il	_	_	_	_	_	linguistic	_	none	_	_	_	_	_	_
196-10	BO104	196	196	10	caso	caso	_	_	_	_	_	linguistic	_	none	_	_	_	_	_	_
196-11	BO104	196	196	11	della	della	_	_	_	_	_	linguistic	_	none	PauseAfter=Yes	_	_	_	_	_
196-12	BO104	196	196	12	{P}	{P}	_	_	_	_	_	shortpause	_	none	_	_	_	_	_	_
196-13	BO104	196	196	13	della	della	_	_	_	_	_	linguistic	_	none	_	_	_	_	_	_
196-14	BO104	196	196	14	certificazione	certificazione	_	_	_	_	_	linguistic	_	none	_	_	_	_	_	_
196-15	BO104	196	196	15	[no]?	no	_	_	_	_	_	linguistic	_	none	Intonation=Rising	_	_	_	_	0-2(?)
196-16	BO104	196	196	16	la	la	_	_	_	_	_	linguistic	_	none	_	_	_	_	_	_
196-17	BO104	196	196	17	certificazione	certificazione	_	_	_	_	_	linguistic	_	none	_	_	_	_	_	_
196-18	BO104	196	196	18	non	non	_	_	_	_	_	linguistic	_	none	_	_	_	_	_	_
196-19	BO104	196	196	19	ha	ha	_	_	_	_	_	linguistic	_	none	PauseAfter=Yes	_	_	_	_	_
196-20	BO104	196	196	20	{P}	{P}	_	_	_	_	_	shortpause	_	none	_	_	_	_	_	_
196-21	BO104	196	196	21	non	non	_	_	_	_	_	linguistic	_	none	_	_	_	_	_	_
196-22	BO104	196	196	22	hai	hai	_	_	_	_	_	linguistic	_	none	_	_	_	_	_	_
196-23	BO104	196	196	23	un	un	_	_	_	_	_	linguistic	_	none	_	_	_	_	_	_
196-24	BO104	196	196	24	testo	testo	_	_	_	_	_	linguistic	_	none	_	_	_	_	_	_
196-25	BO104	196	196	25	unico	unico	_	_	_	_	_	linguistic	_	none	_	_	_	_	_	_
196-26	BO104	196	196	26	hai	hai	_	_	_	_	_	linguistic	_	none	_	_	_	_	_	_
196-27	BO104	196	196	27	tanti	tanti	_	_	_	_	_	linguistic	_	none	_	_	_	_	_	_
196-28	BO104	196	196	28	testi	testi	_	_	_	_	_	linguistic	_	none	_	_	_	_	_	_
196-29	BO104	196	196	29	diver[si].	diversi	_	_	_	_	_	linguistic	_	none	Intonation=Falling	_	_	_	_	5-7(?)
196-30	BO104	196	196	30	questi	questi	_	_	_	_	_	linguistic	_	none	_	_	_	_	_	_
196-31	BO104	196	196	31	testi	testi	_	_	_	_	_	linguistic	_	none	_	_	_	_	_	_
196-32	BO104	196	196	32	so[no]	sono	_	_	_	_	_	linguistic	_	none	_	_	_	_	_	2-4(?)
196-33	BO104	196	196	33	stati	stati	_	_	_	_	_	linguistic	_	none	PauseAfter=Yes	_	_	_	_	_
196-34	BO104	196	196	34	{P}	{P}	_	_	_	_	_	shortpause	_	none	_	_	_	_	_	_
196-35	BO104	196	196	35	validati.	validati	_	_	_	_	_	linguistic	_	none	Intonation=Falling	End=725.535	_	_	_	_
197-0	BO105	197	197	0	[sì].	sì	_	_	_	_	_	linguistic	_	none	Intonation=Falling	Begin=718.98|End=719.19	_	_	_	0-2(40)
198-0	BO105	198	198	0	[sì].	sì	_	_	_	_	_	linguistic	_	none	Intonation=Falling	Begin=723.006|End=723.511	_	_	_	0-2(41)
199-0	BO105	199	199	0	sì.	sì	_	_	_	_	_	linguistic	_	none	Intonation=Falling	Begin=725.558|End=725.998	_	_	_	_
200-0	BO104	200	200	0	fra	fra	_	_	_	_	_	linguistic	_	none	_	Begin=725.915	_	_	_	_
200-1	BO104	200	200	1	loro,	loro	_	_	_	_	_	linguistic	_	none	Intonation=WeaklyRising	_	_	_	_	_
200-2	BO104	200	200	2	e	e	_	_	_	_	_	linguistic	_	none	PauseAfter=Yes	_	_	_	_	_
200-3	BO104	200	200	3	{P}	{P}	_	_	_	_	_	shortpause	_	none	_	_	_	_	_	_
200-4	BO104	200	200	4	producono	producono	_	_	_	_	_	linguistic	_	none	_	_	_	_	_	_
200-5	BO104	200	200	5	dei	dei	_	_	_	_	_	linguistic	_	none	_	_	_	_	_	_
200-6	BO104	200	200	6	risultati	risultati	_	_	_	_	_	linguistic	_	none	_	_	_	_	_	_
200-7	BO104	200	200	7	coerenti.	coerenti	_	_	_	_	_	linguistic	_	none	Intonation=Falling	_	_	_	_	_
200-8	BO104	200	200	8	qui[ndi],	quindi	_	_	_	_	_	linguistic	_	none	Intonation=WeaklyRising	End=729.4	_	_	_	3-6(43)
201-0	BO105	201	201	0	[esa]ttamente.	esattamente	_	_	_	_	_	linguistic	_	none	Intonation=Falling	Begin=729.251|End=730.003	_	_	_	0-3(43)
202-0	BO104	202	202	0	va	va	_	_	_	_	_	linguistic	_	none	_	Begin=731.37	_	_	_	_
202-1	BO104	202	202	1	bene.	bene	_	_	_	_	_	linguistic	_	none	Intonation=Falling	End=732.36	_	_	_	_
203-0	BO104	203	203	0	e::hm.	ehm	_	_	_	_	_	linguistic	_	none	Intonation=Falling	Begin=737.113|End=738.273	0x2	_	_	_
204-0	BO104	204	204	0	invece,	invece	_	_	_	_	_	linguistic	_	none	Intonation=WeaklyRising	Begin=743.08	_	_	_	_
204-1	BO104	204	204	1	mcnamara,	mcnamara	_	_	_	_	_	linguistic	_	none	Intonation=WeaklyRising|PauseAfter=Yes	_	_	_	_	_
204-2	BO104	204	204	2	{P}	{P}	_	_	_	_	_	shortpause	_	none	_	_	_	_	_	_
204-3	BO104	204	204	3	ci	ci	_	_	_	_	_	linguistic	_	none	_	_	_	_	_	_
204-4	BO104	204	204	4	parla	parla	_	_	_	_	_	linguistic	_	none	_	_	_	_	_	_
204-5	BO104	204	204	5	della	della	_	_	_	_	_	linguistic	_	none	PauseAfter=Yes	_	_	_	_	_
204-6	BO104	204	204	6	{P}	{P}	_	_	_	_	_	shortpause	_	none	_	_	_	_	_	_
204-7	BO104	204	204	7	dimensione	dimensione	_	_	_	_	_	linguistic	_	none	_	_	_	_	_	_
204-8	BO104	204	204	8	sociale	sociale	_	_	_	_	_	linguistic	_	none	_	_	_	_	_	_
204-9	BO104	204	204	9	del	del	_	_	_	_	_	linguistic	_	none	_	_	_	_	_	_
204-10	BO104	204	204	10	del	del	_	_	_	_	_	linguistic	_	none	_	_	_	_	_	_
204-11	BO104	204	204	11	testing.	testing	_	_	_	_	_	linguistic	_	none	Intonation=Falling	_	_	_	_	_
204-12	BO104	204	204	12	un	un	_	_	_	_	_	linguistic	_	none	_	_	_	_	_	_
204-13	BO104	204	204	13	articolo	articolo	_	_	_	_	_	linguistic	_	none	_	_	_	_	_	_
204-14	BO104	204	204	14	un	un	_	_	_	_	_	linguistic	_	none	_	_	_	_	_	_
204-15	BO104	204	204	15	po'	po'	_	_	_	_	_	linguistic	_	none	_	_	_	_	_	_
204-16	BO104	204	204	16	più	più	_	_	_	_	_	linguistic	_	none	_	_	_	_	_	_
204-17	BO104	204	204	17	complesso.	complesso	_	_	_	_	_	linguistic	_	none	Intonation=Falling	End=750.7	_	_	_	_
205-0	BO105	205	205	0	[m:::]	m	_	_	_	_	_	linguistic	_	none	_	Begin=752.12|End=753.191	0x3	_	_	0-1(44)
206-0	BO104	206	206	0	[non]	non	_	_	_	_	_	linguistic	_	none	_	Begin=753.0	_	_	_	0-3(44)
206-1	BO104	206	206	1	so	so	_	_	_	_	_	linguistic	_	none	_	_	_	_	_	_
206-2	BO104	206	206	2	se	se	_	_	_	_	_	linguistic	_	none	_	_	_	_	_	_
206-3	BO104	206	206	3	l'	l'	_	_	_	_	_	linguistic	_	none	SpaceAfter=No	_	_	_	_	_
206-4	BO104	206	206	4	hai	hai	_	_	_	_	_	linguistic	_	none	_	_	_	_	_	_
206-5	BO104	206	206	5	fatto,	fatto	_	_	_	_	_	linguistic	_	none	Intonation=WeaklyRising	End=754.45	_	_	_	_
207-0	BO104	207	207	0	language	language	_	_	_	_	_	linguistic	_	none	_	Begin=756.89	_	_	_	_
207-1	BO104	207	207	1	testing	testing	_	_	_	_	_	linguistic	_	none	_	_	_	_	_	_
207-2	BO104	207	207	2	and	and	_	_	_	_	_	linguistic	_	none	_	_	_	_	_	_
207-3	BO104	207	207	3	social	social	_	_	_	_	_	linguistic	_	none	_	_	_	_	_	_
207-4	BO104	207	207	4	dimension.	dimension	_	_	_	_	_	linguistic	_	none	Intonation=Falling	End=759.146	_	_	_	_
208-0	BO105	208	208	0	no	no	_	_	_	_	_	linguistic	_	none	_	Begin=759.226	_	_	_	_
208-1	BO105	208	208	1	non	non	_	_	_	_	_	linguistic	_	none	_	_	_	_	_	_
208-2	BO105	208	208	2	ce	ce	_	_	_	_	_	linguistic	_	none	_	_	_	_	_	_
208-3	BO105	208	208	3	l'	l'	_	_	_	_	_	linguistic	_	none	SpaceAfter=No	_	_	_	_	_
208-4	BO105	208	208	4	avevo	avevo	_	_	_	_	_	linguistic	_	none	_	_	_	_	_	_
208-5	BO105	208	208	5	io	io	_	_	_	_	_	linguistic	_	none	_	_	_	_	_	_
208-6	BO105	208	208	6	questo.	questo	_	_	_	_	_	linguistic	_	none	Intonation=Falling	_	_	_	_	_
208-7	BO105	208	208	7	c'	c'	_	_	_	_	_	linguistic	_	none	SpaceAfter=No	_	_	_	_	_
208-8	BO105	208	208	8	è	è	_	_	_	_	_	linguistic	_	none	_	_	_	_	_	_
208-9	BO105	208	208	9	non	non	_	_	_	_	_	linguistic	_	none	_	_	_	_	_	_
208-10	BO105	208	208	10	era	era	_	_	_	_	_	linguistic	_	none	_	_	_	_	_	_
208-11	BO105	208	208	11	scritto	scritto	_	_	_	_	_	linguistic	_	none	_	_	_	_	_	_
208-12	BO105	208	208	12	nel	nel	_	_	_	_	_	linguistic	_	none	_	_	_	_	_	_
208-13	BO105	208	208	13	programma.	programma	_	_	_	_	_	linguistic	_	none	Intonation=Falling	End=762.49	_	_	_	_
209-0	BO104	209	209	0	aspetta	aspetta	_	_	_	_	_	linguistic	_	none	_	Begin=762.958	_	_	_	_
209-1	BO104	209	209	1	eh,	eh	_	_	_	_	_	linguistic	_	none	Intonation=WeaklyRising	End=763.856	_	_	_	_
210-0	BO104	210	210	0	allora	allora	_	_	_	_	_	linguistic	_	none	_	Begin=768.401	_	_	_	_
210-1	BO104	210	210	1	il	il	_	_	_	_	_	linguistic	_	none	_	_	_	_	_	_
210-2	BO104	210	210	2	programma	programma	_	_	_	_	_	linguistic	_	none	_	_	_	_	_	_
210-3	BO104	210	210	3	del	del	_	_	_	_	_	linguistic	_	none	_	_	_	_	_	_
210-4	BO104	210	210	4	duemlia	duemlia	_	_	_	_	_	linguistic	_	none	_	_	_	_	_	_
210-5	BO104	210	210	5	e	e	_	_	_	_	_	linguistic	_	none	_	_	_	_	_	_
210-6	BO104	210	210	6	s~	s~	_	_	_	_	_	linguistic	_	none	Interrupted=Yes	_	_	_	_	_
210-7	BO104	210	210	7	ah,	ah	_	_	_	_	_	linguistic	_	none	Intonation=WeaklyRising	_	_	_	_	_
210-8	BO104	210	210	8	hai	hai	_	_	_	_	_	linguistic	_	none	_	_	_	_	_	_
210-9	BO104	210	210	9	ragione.	ragione	_	_	_	_	_	linguistic	_	none	Intonation=Falling	_	_	_	_	_
210-10	BO104	210	210	10	l'	l'	_	_	_	_	_	linguistic	_	none	SpaceAfter=No	_	_	_	_	_
210-11	BO104	210	210	11	avevo	avevo	_	_	_	_	_	linguistic	_	none	_	_	_	_	_	_
210-12	BO104	210	210	12	tolto	tolto	_	_	_	_	_	linguistic	_	none	_	_	_	_	_	_
210-13	BO104	210	210	13	nel	nel	_	_	_	_	_	linguistic	_	none	_	_	_	_	_	_
210-14	BO104	210	210	14	e:	e	_	_	_	_	_	linguistic	_	none	_	_	0x1	_	_	_
210-15	BO104	210	210	15	dicias~	dicias~	_	_	_	_	_	linguistic	_	none	Interrupted=Yes	_	_	_	_	_
210-16	BO104	210	210	16	sì,	sì	_	_	_	_	_	linguistic	_	none	Intonation=WeaklyRising	_	_	_	_	_
210-17	BO104	210	210	17	sedici	sedici	_	_	_	_	_	linguistic	_	none	_	_	_	_	_	_
210-18	BO104	210	210	18	diciazzette.	diciazzette	_	_	_	_	_	linguistic	_	none	Intonation=Falling	_	_	_	_	_
210-19	BO104	210	210	19	okay.	okay	_	_	_	_	_	linguistic	_	none	Intonation=Falling	End=774.393	_	_	_	_
211-0	BO104	211	211	0	va	va	_	_	_	_	_	linguistic	_	none	_	Begin=787.38	_	_	_	_
211-1	BO104	211	211	1	bene,	bene	_	_	_	_	_	linguistic	_	none	Intonation=WeaklyRising	_	_	_	_	_
211-2	BO104	211	211	2	allora	allora	_	_	_	_	_	linguistic	_	none	_	_	_	_	_	_
211-3	BO104	211	211	3	senti	senti	_	_	_	_	_	linguistic	_	none	_	_	_	_	_	_
211-4	BO104	211	211	4	invece	invece	_	_	_	_	_	linguistic	_	none	_	_	_	_	_	_
211-5	BO104	211	211	5	il	il	_	_	_	_	_	linguistic	_	none	_	_	_	_	_	_
211-6	BO104	211	211	6	manuale	manuale	_	_	_	_	_	linguistic	_	none	_	_	_	_	_	_
211-7	BO104	211	211	7	di	di	_	_	_	_	_	linguistic	_	none	_	_	_	_	_	_
211-8	BO104	211	211	8	glottodidattica,	glottodidattica	_	_	_	_	_	linguistic	_	none	Intonation=WeaklyRising	End=790.6	_	_	_	_
212-0	BO105	212	212	0	sì,	sì	_	_	_	_	_	linguistic	_	none	Intonation=WeaklyRising	Begin=790.72|End=791.161	_	_	_	_
213-0	BO104	213	213	0	chini	chini	_	_	_	_	_	linguistic	_	none	_	Begin=791.88	_	_	_	_
213-1	BO104	213	213	1	bosisio.	bosisio	_	_	_	_	_	linguistic	_	none	Intonation=Falling	End=793.28	_	_	_	_
214-0	BO105	214	214	0	sì,	sì	_	_	_	_	_	linguistic	_	none	Intonation=WeaklyRising	Begin=793.31|End=793.62	_	_	_	_
215-0	BO104	215	215	0	e::hm	ehm	_	_	_	_	_	linguistic	_	none	_	Begin=793.66|End=795.493	0x2	_	_	_
216-0	BO104	216	216	0	ad	ad	_	_	_	_	_	linguistic	_	none	_	Begin=795.761	_	_	_	_
216-1	BO104	216	216	1	un	un	_	_	_	_	_	linguistic	_	none	_	_	_	_	_	_
216-2	BO104	216	216	2	certo	certo	_	_	_	_	_	linguistic	_	none	_	_	_	_	_	_
216-3	BO104	216	216	3	punto,	punto	_	_	_	_	_	linguistic	_	none	Intonation=WeaklyRising	_	_	_	_	_
216-4	BO104	216	216	4	si	si	_	_	_	_	_	linguistic	_	none	_	_	_	_	_	_
216-5	BO104	216	216	5	parla	parla	_	_	_	_	_	linguistic	_	none	_	_	_	_	_	_
216-6	BO104	216	216	6	della::,	della	_	_	_	_	_	linguistic	_	none	Intonation=WeaklyRising	End=798.388	4x2	_	_	_
217-0	BO104	217	217	0	diciamo	diciamo	_	_	_	_	_	linguistic	_	none	PauseAfter=Yes	Begin=799.598	_	_	_	_
217-1	BO104	217	217	1	{P}	{P}	_	_	_	_	_	shortpause	_	none	_	_	_	_	_	_
217-2	BO104	217	217	2	dell'	dell'	_	_	_	_	_	linguistic	_	none	SpaceAfter=No	_	_	_	_	_
217-3	BO104	217	217	3	apprendimento	apprendimento	_	_	_	_	_	linguistic	_	none	_	_	_	_	_	_
217-4	BO104	217	217	4	linguistico,	linguistico	_	_	_	_	_	linguistic	_	none	Intonation=WeaklyRising	End=802.1	_	_	_	_
218-0	BO104	218	218	0	di	di	_	_	_	_	_	linguistic	_	none	_	Begin=802.143	_	_	_	_
218-1	BO104	218	218	1	come	come	_	_	_	_	_	linguistic	_	none	_	_	_	_	_	_
218-2	BO104	218	218	2	può	può	_	_	_	_	_	linguistic	_	none	_	_	_	_	_	_
218-3	BO104	218	218	3	variare	variare	_	_	_	_	_	linguistic	_	none	_	_	_	_	_	_
218-4	BO104	218	218	4	l'	l'	_	_	_	_	_	linguistic	_	none	SpaceAfter=No	_	_	_	_	_
218-5	BO104	218	218	5	apprendimento	apprendimento	_	_	_	_	_	linguistic	_	none	_	_	_	_	_	_
218-6	BO104	218	218	6	linguistico,	linguistico	_	_	_	_	_	linguistic	_	none	Intonation=WeaklyRising	_	_	_	_	_
218-7	BO104	218	218	7	in	in	_	_	_	_	_	linguistic	_	none	_	_	_	_	_	_
218-8	BO104	218	218	8	riferimento	riferimento	_	_	_	_	_	linguistic	_	none	_	_	_	_	_	_
218-9	BO104	218	218	9	ad	ad	_	_	_	_	_	linguistic	_	none	_	_	_	_	_	_
218-10	BO104	218	218	10	alcune	alcune	_	_	_	_	_	linguistic	_	none	_	_	_	_	_	_
218-11	BO104	218	218	11	caratteristiche	caratteristiche	_	_	_	_	_	linguistic	_	none	_	_	_	_	_	_
218-12	BO104	218	218	12	dell'	dell'	_	_	_	_	_	linguistic	_	none	SpaceAfter=No	_	_	_	_	_
218-13	BO104	218	218	13	apprendente.	apprendente	_	_	_	_	_	linguistic	_	none	Intonation=Falling	End=806.925	_	_	_	_
219-0	BO105	219	219	0	sì	sì	_	_	_	_	_	linguistic	_	none	_	Begin=807.32|End=807.62	_	_	_	_
220-0	BO104	220	220	0	che	che	_	_	_	_	_	linguistic	_	none	_	Begin=807.653	_	_	_	_
220-1	BO104	220	220	1	vengono	vengono	_	_	_	_	_	linguistic	_	none	_	_	_	_	_	_
220-2	BO104	220	220	2	anche	anche	_	_	_	_	_	linguistic	_	none	_	_	_	_	_	_
220-3	BO104	220	220	3	chiamati	chiamati	_	_	_	_	_	linguistic	_	none	PauseAfter=Yes	_	_	_	_	_
220-4	BO104	220	220	4	{P}	{P}	_	_	_	_	_	shortpause	_	none	_	_	_	_	_	_
220-5	BO104	220	220	5	fattori	fattori	_	_	_	_	_	linguistic	_	none	_	_	_	_	_	_
220-6	BO104	220	220	6	interni,	interni	_	_	_	_	_	linguistic	_	none	Intonation=WeaklyRising	End=810.141	_	_	_	_
221-0	BO105	221	221	0	okay	okay	_	_	_	_	_	linguistic	_	none	_	Begin=810.206	_	_	_	_
221-1	BO105	221	221	1	[sì].	sì	_	_	_	_	_	linguistic	_	none	Intonation=Falling	End=811.138	_	_	_	0-2(45)
222-0	BO104	222	222	0	[mh]	mh	_	_	_	_	_	linguistic	_	none	_	Begin=810.9|End=811.13	_	_	_	0-2(45)
223-0	BO105	223	223	0	allora,	allora	_	_	_	_	_	linguistic	_	none	Intonation=WeaklyRising	Begin=811.526|End=812.0	_	_	_	_
224-0	BO104	224	224	0	in	in	_	_	_	_	_	linguistic	_	none	_	Begin=812.275	_	_	_	_
224-1	BO104	224	224	1	che	che	_	_	_	_	_	linguistic	_	none	_	_	_	_	_	_
224-2	BO104	224	224	2	modo	modo	_	_	_	_	_	linguistic	_	none	_	_	_	_	_	_
224-3	BO104	224	224	3	diciamo	diciamo	_	_	_	_	_	linguistic	_	none	_	_	_	_	_	_
224-4	BO104	224	224	4	l'	l'	_	_	_	_	_	linguistic	_	none	SpaceAfter=No	_	_	_	_	_
224-5	BO104	224	224	5	insegnate,	insegnate	_	_	_	_	_	linguistic	_	none	Intonation=WeaklyRising	_	_	_	_	_
224-6	BO104	224	224	6	può	può	_	_	_	_	_	linguistic	_	none	_	_	_	_	_	_
224-7	BO104	224	224	7	tenere	tenere	_	_	_	_	_	linguistic	_	none	_	_	_	_	_	_
224-8	BO104	224	224	8	in	in	_	_	_	_	_	linguistic	_	none	_	_	_	_	_	_
224-9	BO104	224	224	9	considerazione	considerazione	_	_	_	_	_	linguistic	_	none	_	_	_	_	_	_
224-10	BO104	224	224	10	di	di	_	_	_	_	_	linguistic	_	none	_	_	_	_	_	_
224-11	BO104	224	224	11	alcune	alcune	_	_	_	_	_	linguistic	_	none	_	_	_	_	_	_
224-12	BO104	224	224	12	caratteristiche	caratteristiche	_	_	_	_	_	linguistic	_	none	_	_	_	_	_	_
224-13	BO104	224	224	13	dell'	dell'	_	_	_	_	_	linguistic	_	none	SpaceAfter=No	_	_	_	_	_
224-14	BO104	224	224	14	apprendente	apprendente	_	_	_	_	_	linguistic	_	none	_	_	_	_	_	_
224-15	BO104	224	224	15	per	per	_	_	_	_	_	linguistic	_	none	PauseAfter=Yes	_	_	_	_	_
224-16	BO104	224	224	16	{P}	{P}	_	_	_	_	_	shortpause	_	none	_	_	_	_	_	_
224-17	BO104	224	224	17	adattare	adattare	_	_	_	_	_	linguistic	_	none	_	_	_	_	_	_
224-18	BO104	224	224	18	la	la	_	_	_	_	_	linguistic	_	none	_	_	_	_	_	_
224-19	BO104	224	224	19	didattica	didattica	_	_	_	_	_	linguistic	_	none	_	_	_	_	_	_
224-20	BO104	224	224	20	affinché	affinché	_	_	_	_	_	linguistic	_	none	_	_	_	_	_	_
224-21	BO104	224	224	21	sia	sia	_	_	_	_	_	linguistic	_	none	_	_	_	_	_	_
224-22	BO104	224	224	22	più	più	_	_	_	_	_	linguistic	_	none	_	_	_	_	_	_
224-23	BO104	224	224	23	efficace,	efficace	_	_	_	_	_	linguistic	_	none	Intonation=WeaklyRising	End=820.425	_	_	_	_
225-0	BO104	225	225	0	per::	per	_	_	_	_	_	linguistic	_	none	_	Begin=820.723|End=821.443	2x2	_	_	_
226-0	BO104	226	226	0	per	per	_	_	_	_	_	linguistic	_	none	_	Begin=821.743	_	_	_	_
226-1	BO104	226	226	1	il	il	_	_	_	_	_	linguistic	_	none	_	_	_	_	_	_
226-2	BO104	226	226	2	suo	suo	_	_	_	_	_	linguistic	_	none	_	_	_	_	_	_
226-3	BO104	226	226	3	gruppo	gruppo	_	_	_	_	_	linguistic	_	none	_	_	_	_	_	_
226-4	BO104	226	226	4	per	per	_	_	_	_	_	linguistic	_	none	_	_	_	_	_	_
226-5	BO104	226	226	5	il	il	_	_	_	_	_	linguistic	_	none	_	_	_	_	_	_
226-6	BO104	226	226	6	suo	suo	_	_	_	_	_	linguistic	_	none	PauseAfter=Yes	_	_	_	_	_
226-7	BO104	226	226	7	{P}	{P}	_	_	_	_	_	shortpause	_	none	_	_	_	_	_	_
226-8	BO104	226	226	8	per	per	_	_	_	_	_	linguistic	_	none	_	_	_	_	_	_
226-9	BO104	226	226	9	i	i	_	_	_	_	_	linguistic	_	none	_	_	_	_	_	_
226-10	BO104	226	226	10	propri	propri	_	_	_	_	_	linguistic	_	none	_	_	_	_	_	_
226-11	BO104	226	226	11	studenti.	studenti	_	_	_	_	_	linguistic	_	none	Intonation=Falling	End=824.82	_	_	_	_
227-0	BO105	227	227	0	allora,	allora	_	_	_	_	_	linguistic	_	none	Intonation=WeaklyRising	Begin=824.835	_	_	_	_
227-1	BO105	227	227	1	e::hm	ehm	_	_	_	_	_	linguistic	_	none	_	_	0x2	_	_	_
227-2	BO105	227	227	2	l'	l'	_	_	_	_	_	linguistic	_	none	SpaceAfter=No	_	_	_	_	_
227-3	BO105	227	227	3	insegnante	insegnante	_	_	_	_	_	linguistic	_	none	_	_	_	_	_	_
227-4	BO105	227	227	4	deve,	deve	_	_	_	_	_	linguistic	_	none	Intonation=WeaklyRising|PauseAfter=Yes	_	_	_	_	_
227-5	BO105	227	227	5	{P}	{P}	_	_	_	_	_	shortpause	_	none	_	_	_	_	_	_
227-6	BO105	227	227	6	innanzitutto	innanzitutto	_	_	_	_	_	linguistic	_	none	_	_	_	_	_	_
227-7	BO105	227	227	7	tenere	tenere	_	_	_	_	_	linguistic	_	none	_	_	_	_	_	_
227-8	BO105	227	227	8	in	in	_	_	_	_	_	linguistic	_	none	_	_	_	_	_	_
227-9	BO105	227	227	9	considerazione	considerazione	_	_	_	_	_	linguistic	_	none	_	_	_	_	_	_
227-10	BO105	227	227	10	i::	i	_	_	_	_	_	linguistic	_	none	_	_	0x2	_	_	_
227-11	BO105	227	227	11	i	i	_	_	_	_	_	linguistic	_	none	_	_	_	_	_	_
227-12	BO105	227	227	12	vari	vari	_	_	_	_	_	linguistic	_	none	_	_	_	_	_	_
227-13	BO105	227	227	13	fattori,	fattori	_	_	_	_	_	linguistic	_	none	Intonation=WeaklyRising	_	_	_	_	_
227-14	BO105	227	227	14	che:	che	_	_	_	_	_	linguistic	_	none	_	_	2x1	_	_	_
227-15	BO105	227	227	15	emergono	emergono	_	_	_	_	_	linguistic	_	none	_	_	_	_	_	_
227-16	BO105	227	227	16	dalla	dalla	_	_	_	_	_	linguistic	_	none	_	_	_	_	_	_
227-17	BO105	227	227	17	sua	sua	_	_	_	_	_	linguistic	_	none	_	_	_	_	_	_
227-18	BO105	227	227	18	classe.	classe	_	_	_	_	_	linguistic	_	none	Intonation=Falling	_	_	_	_	_
227-19	BO105	227	227	19	nel	nel	_	_	_	_	_	linguistic	_	none	_	_	_	_	_	_
227-20	BO105	227	227	20	senso	senso	_	_	_	_	_	linguistic	_	none	_	End=833.31	_	_	_	_
228-0	BO105	228	228	0	e::hm	ehm	_	_	_	_	_	linguistic	_	none	_	Begin=833.67	0x2	_	_	_
228-1	BO105	228	228	1	gli	gli	_	_	_	_	_	linguistic	_	none	_	_	_	_	_	_
228-2	BO105	228	228	2	stili	stili	_	_	_	_	_	linguistic	_	none	_	_	_	_	_	_
228-3	BO105	228	228	3	cognitivi,	cognitivi	_	_	_	_	_	linguistic	_	none	Intonation=WeaklyRising|PauseAfter=Yes	_	_	_	_	_
228-4	BO105	228	228	4	{P}	{P}	_	_	_	_	_	shortpause	_	none	_	_	_	_	_	_
228-5	BO105	228	228	5	e::hm	ehm	_	_	_	_	_	linguistic	_	none	_	_	0x2	_	_	_
228-6	BO105	228	228	6	le	le	_	_	_	_	_	linguistic	_	none	_	_	_	_	_	_
228-7	BO105	228	228	7	preferenze	preferenze	_	_	_	_	_	linguistic	_	none	_	_	_	_	_	_
228-8	BO105	228	228	8	anche	anche	_	_	_	_	_	linguistic	_	none	_	_	_	_	_	_
228-9	BO105	228	228	9	degli	degli	_	_	_	_	_	linguistic	_	none	_	_	_	_	_	_
228-10	BO105	228	228	10	studenti.	studenti	_	_	_	_	_	linguistic	_	none	Intonation=Falling	End=839.061	_	_	_	_
229-0	BO105	229	229	0	infatti	infatti	_	_	_	_	_	linguistic	_	none	_	Begin=839.81	_	_	_	_
229-1	BO105	229	229	1	può	può	_	_	_	_	_	linguistic	_	none	PauseAfter=Yes	_	_	_	_	_
229-2	BO105	229	229	2	{P}	{P}	_	_	_	_	_	shortpause	_	none	_	_	_	_	_	_
229-3	BO105	229	229	3	appunto	appunto	_	_	_	_	_	linguistic	_	none	PauseAfter=Yes	_	_	_	_	_
229-4	BO105	229	229	4	{P}	{P}	_	_	_	_	_	shortpause	_	none	_	_	_	_	_	_
229-5	BO105	229	229	5	e:hm	ehm	_	_	_	_	_	linguistic	_	none	_	_	0x1	_	_	_
229-6	BO105	229	229	6	avere	avere	_	_	_	_	_	linguistic	_	none	_	_	_	_	_	_
229-7	BO105	229	229	7	un	un	_	_	_	_	_	linguistic	_	none	_	_	_	_	_	_
229-8	BO105	229	229	8	dialogo	dialogo	_	_	_	_	_	linguistic	_	none	_	_	_	_	_	_
229-9	BO105	229	229	9	con	con	_	_	_	_	_	linguistic	_	none	_	_	_	_	_	_
229-10	BO105	229	229	10	gli	gli	_	_	_	_	_	linguistic	_	none	_	_	_	_	_	_
229-11	BO105	229	229	11	studenti	studenti	_	_	_	_	_	linguistic	_	none	_	_	_	_	_	_
229-12	BO105	229	229	12	per	per	_	_	_	_	_	linguistic	_	none	_	_	_	_	_	_
229-13	BO105	229	229	13	capire	capire	_	_	_	_	_	linguistic	_	none	_	_	_	_	_	_
229-14	BO105	229	229	14	qual	qual	_	_	_	_	_	linguistic	_	none	_	_	_	_	_	_
229-15	BO105	229	229	15	è	è	_	_	_	_	_	linguistic	_	none	_	_	_	_	_	_
229-16	BO105	229	229	16	anche	anche	_	_	_	_	_	linguistic	_	none	_	_	_	_	_	_
229-17	BO105	229	229	17	secondo	secondo	_	_	_	_	_	linguistic	_	none	_	_	_	_	_	_
229-18	BO105	229	229	18	loro	loro	_	_	_	_	_	linguistic	_	none	_	_	_	_	_	_
229-19	BO105	229	229	19	il	il	_	_	_	_	_	linguistic	_	none	_	_	_	_	_	_
229-20	BO105	229	229	20	metodo	metodo	_	_	_	_	_	linguistic	_	none	_	_	_	_	_	_
229-21	BO105	229	229	21	migliore	migliore	_	_	_	_	_	linguistic	_	none	_	_	_	_	_	_
229-22	BO105	229	229	22	di	di	_	_	_	_	_	linguistic	_	none	_	_	_	_	_	_
229-23	BO105	229	229	23	insegnamento,	insegnamento	_	_	_	_	_	linguistic	_	none	Intonation=WeaklyRising	End=847.0	_	_	_	_
230-0	BO105	230	230	0	tenere	tenere	_	_	_	_	_	linguistic	_	none	_	Begin=847.716	_	_	_	_
230-1	BO105	230	230	1	in	in	_	_	_	_	_	linguistic	_	none	_	_	_	_	_	_
230-2	BO105	230	230	2	considerazione	considerazione	_	_	_	_	_	linguistic	_	none	_	_	_	_	_	_
230-3	BO105	230	230	3	ovviamente	ovviamente	_	_	_	_	_	linguistic	_	none	PauseAfter=Yes	_	_	_	_	_
230-4	BO105	230	230	4	{P}	{P}	_	_	_	_	_	shortpause	_	none	_	_	_	_	_	_
230-5	BO105	230	230	5	l'	l'	_	_	_	_	_	linguistic	_	none	SpaceAfter=No	_	_	_	_	_
230-6	BO105	230	230	6	età	età	_	_	_	_	_	linguistic	_	none	_	_	_	_	_	_
230-7	BO105	230	230	7	degli	degli	_	_	_	_	_	linguistic	_	none	_	_	_	_	_	_
230-8	BO105	230	230	8	apprendenti,	apprendenti	_	_	_	_	_	linguistic	_	none	Intonation=WeaklyRising	End=850.903	_	_	_	_
231-0	BO105	231	231	0	e:h	eh	_	_	_	_	_	linguistic	_	none	_	Begin=851.13	0x1	_	_	_
231-1	BO105	231	231	1	e	e	_	_	_	_	_	linguistic	_	none	_	_	_	_	_	_
231-2	BO105	231	231	2	le:	le	_	_	_	_	_	linguistic	_	none	_	_	1x1	_	_	_
231-3	BO105	231	231	3	diverse	diverse	_	_	_	_	_	linguistic	_	none	_	_	_	_	_	_
231-4	BO105	231	231	4	esperienze	esperienze	_	_	_	_	_	linguistic	_	none	_	_	_	_	_	_
231-5	BO105	231	231	5	precedenti	precedenti	_	_	_	_	_	linguistic	_	none	_	_	_	_	_	_
231-6	BO105	231	231	6	che	che	_	_	_	_	_	linguistic	_	none	_	_	_	_	_	_
231-7	BO105	231	231	7	hanno	hanno	_	_	_	_	_	linguistic	_	none	_	_	_	_	_	_
231-8	BO105	231	231	8	avuto	avuto	_	_	_	_	_	linguistic	_	none	PauseAfter=Yes	_	_	_	_	_
231-9	BO105	231	231	9	{P}	{P}	_	_	_	_	_	shortpause	_	none	_	_	_	_	_	_
231-10	BO105	231	231	10	in	in	_	_	_	_	_	linguistic	_	none	_	_	_	_	_	_
231-11	BO105	231	231	11	ambito	ambito	_	_	_	_	_	linguistic	_	none	_	_	_	_	_	_
231-12	BO105	231	231	12	sempre	sempre	_	_	_	_	_	linguistic	_	none	_	_	_	_	_	_
231-13	BO105	231	231	13	linguistico	linguistico	_	_	_	_	_	linguistic	_	none	_	_	_	_	_	_
231-14	BO105	231	231	14	in	in	_	_	_	_	_	linguistic	_	none	_	_	_	_	_	_
231-15	BO105	231	231	15	questo	questo	_	_	_	_	_	linguistic	_	none	_	_	_	_	_	_
231-16	BO105	231	231	16	caso.	caso	_	_	_	_	_	linguistic	_	none	Intonation=Falling	End=856.141	_	_	_	_
232-0	BO105	232	232	0	ma	ma	_	_	_	_	_	linguistic	_	none	_	Begin=856.4	_	_	_	_
232-1	BO105	232	232	1	anche:	anche	_	_	_	_	_	linguistic	_	none	_	_	4x1	_	_	_
232-2	BO105	232	232	2	ma	ma	_	_	_	_	_	linguistic	_	none	_	_	_	_	_	_
232-3	BO105	232	232	3	anche	anche	_	_	_	_	_	linguistic	_	none	_	_	_	_	_	_
232-4	BO105	232	232	4	generale.	generale	_	_	_	_	_	linguistic	_	none	Intonation=Falling	End=858.14	_	_	_	_
233-0	BO105	233	233	0	m:::	m	_	_	_	_	_	linguistic	_	none	_	Begin=859.1|End=860.298	0x3	_	_	_
234-0	BO105	234	234	0	la	la	_	_	_	_	_	linguistic	_	none	_	Begin=861.953	_	_	_	_
234-1	BO105	234	234	1	domanda	domanda	_	_	_	_	_	linguistic	_	none	_	_	_	_	_	_
234-2	BO105	234	234	2	è	è	_	_	_	_	_	linguistic	_	none	_	_	_	_	_	_
234-3	BO105	234	234	3	come	come	_	_	_	_	_	linguistic	_	none	PauseAfter=Yes	_	_	_	_	_
234-4	BO105	234	234	4	{P}	{P}	_	_	_	_	_	shortpause	_	none	_	_	_	_	_	_
234-5	BO105	234	234	5	può	può	_	_	_	_	_	linguistic	_	none	_	_	_	_	_	_
234-6	BO105	234	234	6	adattar[si],	adattarsi	_	_	_	_	_	linguistic	_	none	Intonation=WeaklyRising	End=863.923	_	_	_	7-9(46)
235-0	BO104	235	235	0	[no]	no	_	_	_	_	_	linguistic	_	none	_	Begin=863.526	_	_	_	0-2(46)
235-1	BO104	235	235	1	se	se	_	_	_	_	_	linguistic	_	none	_	_	_	_	_	_
235-2	BO104	235	235	2	puoi::	puoi	_	_	_	_	_	linguistic	_	none	_	_	3x2	_	_	_
235-3	BO104	235	235	3	diciamo	diciamo	_	_	_	_	_	linguistic	_	none	_	_	_	_	_	_
235-4	BO104	235	235	4	parlarmi	parlarmi	_	_	_	_	_	linguistic	_	none	_	_	_	_	_	_
235-5	BO104	235	235	5	in	in	_	_	_	_	_	linguistic	_	none	_	_	_	_	_	_
235-6	BO104	235	235	6	modo	modo	_	_	_	_	_	linguistic	_	none	_	_	_	_	_	_
235-7	BO104	235	235	7	p~	p~	_	_	_	_	_	linguistic	_	none	Interrupted=Yes	_	_	_	_	_
235-8	BO104	235	235	8	approfondito,	approfondito	_	_	_	_	_	linguistic	_	none	Intonation=WeaklyRising	_	_	_	_	_
235-9	BO104	235	235	9	di	di	_	_	_	_	_	linguistic	_	none	_	_	_	_	_	_
235-10	BO104	235	235	10	questi:	questi	_	_	_	_	_	linguistic	_	none	_	_	5x1	_	_	_
235-11	BO104	235	235	11	[fattori	fattori	_	_	_	_	_	linguistic	_	none	_	_	_	_	_	0-7(47)
235-12	BO104	235	235	12	interni,	interni	_	_	_	_	_	linguistic	_	none	Intonation=WeaklyRising	_	_	_	_	0-7(47)
235-13	BO104	235	235	13	sì	sì	_	_	_	_	_	linguistic	_	none	_	_	_	_	_	0-2(47)
235-14	BO104	235	235	14	sì]	sì	_	_	_	_	_	linguistic	_	none	_	End=869.02	_	_	_	0-2(47)
236-0	BO105	236	236	0	[ah	ah	_	_	_	_	_	linguistic	_	none	_	Begin=867.616	_	_	_	0-2(47)
236-1	BO105	236	236	1	okay	okay	_	_	_	_	_	linguistic	_	none	_	_	_	_	_	0-4(47)
236-2	BO105	236	236	2	okay.	okay	_	_	_	_	_	linguistic	_	none	Intonation=Falling	_	_	_	_	0-4(47)
236-3	BO105	236	236	3	okay].	okay	_	_	_	_	_	linguistic	_	none	Intonation=Falling	End=869.02	_	_	_	0-4(47)
237-0	BO105	237	237	0	allora	allora	_	_	_	_	_	linguistic	_	none	_	Begin=869.36	_	_	_	_
237-1	BO105	237	237	1	e::hm	ehm	_	_	_	_	_	linguistic	_	none	_	_	0x2	_	_	_
237-2	BO105	237	237	2	l'	l'	_	_	_	_	_	linguistic	_	none	SpaceAfter=No	_	_	_	_	_
237-3	BO105	237	237	3	insegnnamento,	insegnnamento	_	_	_	_	_	linguistic	_	none	Intonation=WeaklyRising|PauseAfter=Yes	_	_	_	_	_
237-4	BO105	237	237	4	{P}	{P}	_	_	_	_	_	shortpause	_	none	_	_	_	_	_	_
237-5	BO105	237	237	5	mh	mh	_	_	_	_	_	linguistic	_	none	_	_	_	_	_	_
237-6	BO105	237	237	6	varia	varia	_	_	_	_	_	linguistic	_	none	_	_	_	_	_	_
237-7	BO105	237	237	7	in	in	_	_	_	_	_	linguistic	_	none	_	_	_	_	_	_
237-8	BO105	237	237	8	base	base	_	_	_	_	_	linguistic	_	none	PauseAfter=Yes	_	_	_	_	_
237-9	BO105	237	237	9	{P}	{P}	_	_	_	_	_	shortpause	_	none	_	_	_	_	_	_
237-10	BO105	237	237	10	all'	all'	_	_	_	_	_	linguistic	_	none	SpaceAfter=No	_	_	_	_	_
237-11	BO105	237	237	11	età,	età	_	_	_	_	_	linguistic	_	none	Intonation=WeaklyRising	End=873.03	_	_	_	_
238-0	BO105	238	238	0	in	in	_	_	_	_	_	linguistic	_	none	_	Begin=873.27	_	_	_	_
238-1	BO105	238	238	1	quanto	quanto	_	_	_	_	_	linguistic	_	none	_	_	_	_	_	_
238-2	BO105	238	238	2	sono	sono	_	_	_	_	_	linguistic	_	none	_	_	_	_	_	_
238-3	BO105	238	238	3	stati:	stati	_	_	_	_	_	linguistic	_	none	_	_	4x1	_	_	_
238-4	BO105	238	238	4	individuati	individuati	_	_	_	_	_	linguistic	_	none	_	_	_	_	_	_
238-5	BO105	238	238	5	dei	dei	_	_	_	_	_	linguistic	_	none	PauseAfter=Yes	_	_	_	_	_
238-6	BO105	238	238	6	{P}	{P}	_	_	_	_	_	shortpause	_	none	_	_	_	_	_	_
238-7	BO105	238	238	7	periodi	periodi	_	_	_	_	_	linguistic	_	none	_	_	_	_	_	_
238-8	BO105	238	238	8	critici.	critici	_	_	_	_	_	linguistic	_	none	Intonation=Falling	End=877.48	_	_	_	_
239-0	BO105	239	239	0	inizialmente	inizialmente	_	_	_	_	_	linguistic	_	none	PauseAfter=Yes	Begin=877.63	_	_	_	_
239-1	BO105	239	239	1	{P}	{P}	_	_	_	_	_	shortpause	_	none	_	_	_	_	_	_
239-2	BO105	239	239	2	eh	eh	_	_	_	_	_	linguistic	_	none	_	_	_	_	_	_
239-3	BO105	239	239	3	si	si	_	_	_	_	_	linguistic	_	none	_	_	_	_	_	_
239-4	BO105	239	239	4	parlava	parlava	_	_	_	_	_	linguistic	_	none	_	_	_	_	_	_
239-5	BO105	239	239	5	di	di	_	_	_	_	_	linguistic	_	none	_	_	_	_	_	_
239-6	BO105	239	239	6	un	un	_	_	_	_	_	linguistic	_	none	_	_	_	_	_	_
239-7	BO105	239	239	7	solo	solo	_	_	_	_	_	linguistic	_	none	_	_	_	_	_	_
239-8	BO105	239	239	8	periodo	periodo	_	_	_	_	_	linguistic	_	none	_	_	_	_	_	_
239-9	BO105	239	239	9	critico	critico	_	_	_	_	_	linguistic	_	none	_	_	_	_	_	_
239-10	BO105	239	239	10	mentre	mentre	_	_	_	_	_	linguistic	_	none	_	_	_	_	_	_
239-11	BO105	239	239	11	nel	nel	_	_	_	_	_	linguistic	_	none	_	_	_	_	_	_
239-12	BO105	239	239	12	tempo	tempo	_	_	_	_	_	linguistic	_	none	_	_	_	_	_	_
239-13	BO105	239	239	13	si	si	_	_	_	_	_	linguistic	_	none	_	_	_	_	_	_
239-14	BO105	239	239	14	sono	sono	_	_	_	_	_	linguistic	_	none	_	_	_	_	_	_
239-15	BO105	239	239	15	sviluppati	sviluppati	_	_	_	_	_	linguistic	_	none	PauseAfter=Yes	_	_	_	_	_
239-16	BO105	239	239	16	{P}	{P}	_	_	_	_	_	shortpause	_	none	_	_	_	_	_	_
239-17	BO105	239	239	17	e:h	eh	_	_	_	_	_	linguistic	_	none	_	_	0x1	_	_	_
239-18	BO105	239	239	18	tre	tre	_	_	_	_	_	linguistic	_	none	_	_	_	_	_	_
239-19	BO105	239	239	19	periodi	periodi	_	_	_	_	_	linguistic	_	none	_	_	_	_	_	_
239-20	BO105	239	239	20	criti~	criti~	_	_	_	_	_	linguistic	_	none	Interrupted=Yes	_	_	_	_	_
239-21	BO105	239	239	21	si	si	_	_	_	_	_	linguistic	_	none	_	_	_	_	_	_
239-22	BO105	239	239	22	è	è	_	_	_	_	_	linguistic	_	none	_	_	_	_	_	_
239-23	BO105	239	239	23	parlato	parlato	_	_	_	_	_	linguistic	_	none	_	_	_	_	_	_
239-24	BO105	239	239	24	diciamo,	diciamo	_	_	_	_	_	linguistic	_	none	Intonation=WeaklyRising	_	_	_	_	_
239-25	BO105	239	239	25	di	di	_	_	_	_	_	linguistic	_	none	_	_	_	_	_	_
239-26	BO105	239	239	26	tre	tre	_	_	_	_	_	linguistic	_	none	_	_	_	_	_	_
239-27	BO105	239	239	27	periodi	periodi	_	_	_	_	_	linguistic	_	none	_	_	_	_	_	_
239-28	BO105	239	239	28	critici,	critici	_	_	_	_	_	linguistic	_	none	Intonation=WeaklyRising	End=886.13	_	_	_	_
240-0	BO105	240	240	0	quello	quello	_	_	_	_	_	linguistic	_	none	_	Begin=886.506	_	_	_	_
240-1	BO105	240	240	1	per	per	_	_	_	_	_	linguistic	_	none	_	_	_	_	_	_
240-2	BO105	240	240	2	la	la	_	_	_	_	_	linguistic	_	none	_	_	_	_	_	_
240-3	BO105	240	240	3	fonologia,	fonologia	_	_	_	_	_	linguistic	_	none	Intonation=WeaklyRising	_	_	_	_	_
240-4	BO105	240	240	4	che:	che	_	_	_	_	_	linguistic	_	none	PauseAfter=Yes	_	2x1	_	_	_
240-5	BO105	240	240	5	{P}	{P}	_	_	_	_	_	shortpause	_	none	_	_	_	_	_	_
240-6	BO105	240	240	6	diciamo	diciamo	_	_	_	_	_	linguistic	_	none	_	_	_	_	_	_
240-7	BO105	240	240	7	che	che	_	_	_	_	_	linguistic	_	none	PauseAfter=Yes	_	_	_	_	_
240-8	BO105	240	240	8	{P}	{P}	_	_	_	_	_	shortpause	_	none	_	_	_	_	_	_
240-9	BO105	240	240	9	si	si	_	_	_	_	_	linguistic	_	none	_	_	_	_	_	_
240-10	BO105	240	240	10	si	si	_	_	_	_	_	linguistic	_	none	_	_	_	_	_	_
240-11	BO105	240	240	11	pensa	pensa	_	_	_	_	_	linguistic	_	none	_	_	_	_	_	_
240-12	BO105	240	240	12	che	che	_	_	_	_	_	linguistic	_	none	_	_	_	_	_	_
240-13	BO105	240	240	13	un	un	_	_	_	_	_	linguistic	_	none	_	_	_	_	_	_
240-14	BO105	240	240	14	parlan~	parlan~	_	_	_	_	_	linguistic	_	none	Interrupted=Yes	_	_	_	_	_
240-15	BO105	240	240	15	che	che	_	_	_	_	_	linguistic	_	none	_	_	_	_	_	_
240-16	BO105	240	240	16	un	un	_	_	_	_	_	linguistic	_	none	_	_	_	_	_	_
240-17	BO105	240	240	17	parlante,	parlante	_	_	_	_	_	linguistic	_	none	Intonation=WeaklyRising	End=892.97	_	_	_	_
241-0	BO105	241	241	0	e::hm	ehm	_	_	_	_	_	linguistic	_	none	_	Begin=893.346|End=894.185	0x2	_	_	_
242-0	BO105	242	242	0	apprenda	apprenda	_	_	_	_	_	linguistic	_	none	_	Begin=894.373	_	_	_	_
242-1	BO105	242	242	1	nel	nel	_	_	_	_	_	linguistic	_	none	_	_	_	_	_	_
242-2	BO105	242	242	2	miglior	miglior	_	_	_	_	_	linguistic	_	none	_	_	_	_	_	_
242-3	BO105	242	242	3	modo	modo	_	_	_	_	_	linguistic	_	none	_	_	_	_	_	_
242-4	BO105	242	242	4	la	la	_	_	_	_	_	linguistic	_	none	_	_	_	_	_	_
242-5	BO105	242	242	5	fonologia	fonologia	_	_	_	_	_	linguistic	_	none	_	_	_	_	_	_
242-6	BO105	242	242	6	di	di	_	_	_	_	_	linguistic	_	none	_	_	_	_	_	_
242-7	BO105	242	242	7	una	una	_	_	_	_	_	linguistic	_	none	_	_	_	_	_	_
242-8	BO105	242	242	8	lingua,	lingua	_	_	_	_	_	linguistic	_	none	Intonation=WeaklyRising	_	_	_	_	_
242-9	BO105	242	242	9	fino	fino	_	_	_	_	_	linguistic	_	none	_	_	_	_	_	_
242-10	BO105	242	242	10	ai	ai	_	_	_	_	_	linguistic	_	none	_	_	_	_	_	_
242-11	BO105	242	242	11	quattro	quattro	_	_	_	_	_	linguistic	_	none	_	_	_	_	_	_
242-12	BO105	242	242	12	o	o	_	_	_	_	_	linguistic	_	none	_	_	_	_	_	_
242-13	BO105	242	242	13	sette	sette	_	_	_	_	_	linguistic	_	none	_	_	_	_	_	_
242-14	BO105	242	242	14	anni,	anni	_	_	_	_	_	linguistic	_	none	Intonation=WeaklyRising	End=898.06	_	_	_	_
243-0	BO105	243	243	0	mentre	mentre	_	_	_	_	_	linguistic	_	none	PauseAfter=Yes	Begin=898.613	_	_	_	_
243-1	BO105	243	243	1	{P}	{P}	_	_	_	_	_	shortpause	_	none	_	_	_	_	_	_
243-2	BO105	243	243	2	e:h	eh	_	_	_	_	_	linguistic	_	none	_	_	0x1	_	_	_
243-3	BO105	243	243	3	la	la	_	_	_	_	_	linguistic	_	none	_	_	_	_	_	_
243-4	BO105	243	243	4	morfologia	morfologia	_	_	_	_	_	linguistic	_	none	_	_	_	_	_	_
243-5	BO105	243	243	5	e	e	_	_	_	_	_	linguistic	_	none	_	_	_	_	_	_
243-6	BO105	243	243	6	la	la	_	_	_	_	_	linguistic	_	none	_	_	_	_	_	_
243-7	BO105	243	243	7	sintassi,	sintassi	_	_	_	_	_	linguistic	_	none	Intonation=WeaklyRising	_	_	_	_	_
243-8	BO105	243	243	8	il	il	_	_	_	_	_	linguistic	_	none	_	_	_	_	_	_
243-9	BO105	243	243	9	periodo	periodo	_	_	_	_	_	linguistic	_	none	_	_	_	_	_	_
243-10	BO105	243	243	10	critico	critico	_	_	_	_	_	linguistic	_	none	_	_	_	_	_	_
243-11	BO105	243	243	11	finisce	finisce	_	_	_	_	_	linguistic	_	none	PauseAfter=Yes	_	_	_	_	_
243-12	BO105	243	243	12	{P}	{P}	_	_	_	_	_	shortpause	_	none	_	_	_	_	_	_
243-13	BO105	243	243	13	circa	circa	_	_	_	_	_	linguistic	_	none	_	_	_	_	_	_
243-14	BO105	243	243	14	intorno	intorno	_	_	_	_	_	linguistic	_	none	_	_	_	_	_	_
243-15	BO105	243	243	15	ai	ai	_	_	_	_	_	linguistic	_	none	_	_	_	_	_	_
243-16	BO105	243	243	16	quindici	quindici	_	_	_	_	_	linguistic	_	none	_	_	_	_	_	_
243-17	BO105	243	243	17	sedic'	sedic'	_	_	_	_	_	linguistic	_	none	SpaceAfter=No	_	_	_	_	_
243-18	BO105	243	243	18	anni,	anni	_	_	_	_	_	linguistic	_	none	Intonation=WeaklyRising	End=904.37	_	_	_	_
244-0	BO105	244	244	0	per	per	_	_	_	_	_	linguistic	_	none	PauseAfter=Yes	Begin=904.866	_	_	_	_
244-1	BO105	244	244	1	{P}	{P}	_	_	_	_	_	shortpause	_	none	_	_	_	_	_	_
244-2	BO105	244	244	2	e:h	eh	_	_	_	_	_	linguistic	_	none	PauseAfter=Yes	_	0x1	_	_	_
244-3	BO105	244	244	3	{P}	{P}	_	_	_	_	_	shortpause	_	none	_	_	_	_	_	_
244-4	BO105	244	244	4	la	la	_	_	_	_	_	linguistic	_	none	_	_	_	_	_	_
244-5	BO105	244	244	5	pragmatica	pragmatica	_	_	_	_	_	linguistic	_	none	_	_	_	_	_	_
244-6	BO105	244	244	6	e	e	_	_	_	_	_	linguistic	_	none	_	_	_	_	_	_
244-7	BO105	244	244	7	le	le	_	_	_	_	_	linguistic	_	none	_	_	_	_	_	_
244-8	BO105	244	244	8	altre	altre	_	_	_	_	_	linguistic	_	none	_	_	_	_	_	_
244-9	BO105	244	244	9	dimensioni	dimensioni	_	_	_	_	_	linguistic	_	none	_	_	_	_	_	_
244-10	BO105	244	244	10	del	del	_	_	_	_	_	linguistic	_	none	_	_	_	_	_	_
244-11	BO105	244	244	11	linguaggio,	linguaggio	_	_	_	_	_	linguistic	_	none	Intonation=WeaklyRising	End=908.74	_	_	_	_
245-0	BO105	245	245	0	invece	invece	_	_	_	_	_	linguistic	_	none	_	Begin=909.011	_	_	_	_
245-1	BO105	245	245	1	varia	varia	_	_	_	_	_	linguistic	_	none	_	_	_	_	_	_
245-2	BO105	245	245	2	da	da	_	_	_	_	_	linguistic	_	none	_	_	_	_	_	_
245-3	BO105	245	245	3	persona	persona	_	_	_	_	_	linguistic	_	none	_	_	_	_	_	_
245-4	BO105	245	245	4	a	a	_	_	_	_	_	linguistic	_	none	_	_	_	_	_	_
245-5	BO105	245	245	5	persona.	persona	_	_	_	_	_	linguistic	_	none	Intonation=Falling	End=910.555	_	_	_	_
246-0	BO105	246	246	0	m:::	m	_	_	_	_	_	linguistic	_	none	_	Begin=911.68|End=913.003	0x3	_	_	_
247-0	BO105	247	247	0	questo,	questo	_	_	_	_	_	linguistic	_	none	Intonation=WeaklyRising	Begin=914.601	_	_	_	_
247-1	BO105	247	247	1	accade	accade	_	_	_	_	_	linguistic	_	none	_	_	_	_	_	_
247-2	BO105	247	247	2	in	in	_	_	_	_	_	linguistic	_	none	_	_	_	_	_	_
247-3	BO105	247	247	3	quanto,	quanto	_	_	_	_	_	linguistic	_	none	Intonation=WeaklyRising	_	_	_	_	_
247-4	BO105	247	247	4	e::hm	ehm	_	_	_	_	_	linguistic	_	none	_	_	0x2	_	_	_
247-5	BO105	247	247	5	crescendo,	crescendo	_	_	_	_	_	linguistic	_	none	Intonation=WeaklyRising	_	_	_	_	_
247-6	BO105	247	247	6	e::hm	ehm	_	_	_	_	_	linguistic	_	none	_	End=919.4	0x2	_	_	_
248-0	BO105	248	248	0	diciamo	diciamo	_	_	_	_	_	linguistic	_	none	_	Begin=920.988	_	_	_	_
248-1	BO105	248	248	1	che	che	_	_	_	_	_	linguistic	_	none	_	_	_	_	_	_
248-2	BO105	248	248	2	c'	c'	_	_	_	_	_	linguistic	_	none	SpaceAfter=No	_	_	_	_	_
248-3	BO105	248	248	3	è	è	_	_	_	_	_	linguistic	_	none	_	_	_	_	_	_
248-4	BO105	248	248	4	una	una	_	_	_	_	_	linguistic	_	none	PauseAfter=Yes	_	_	_	_	_
248-5	BO105	248	248	5	{P}	{P}	_	_	_	_	_	shortpause	_	none	_	_	_	_	_	_
248-6	BO105	248	248	6	laterizzazione	laterizzazione	_	_	_	_	_	linguistic	_	none	_	_	_	_	_	_
248-7	BO105	248	248	7	dell'	dell'	_	_	_	_	_	linguistic	_	none	SpaceAfter=No	_	_	_	_	_
248-8	BO105	248	248	8	aprendimen[to].	aprendimento	_	_	_	_	_	linguistic	_	none	Intonation=Falling	End=923.92	_	_	_	8-11(48)
249-0	BO104	249	249	0	[una]?	una	_	_	_	_	_	linguistic	_	none	Intonation=Rising	Begin=923.61|End=924.02	_	_	_	0-3(48)
250-0	BO105	250	250	0	laterizza[zio~]	laterizzazio~	_	_	_	_	_	linguistic	_	none	Interrupted=Yes	Begin=924.266|End=925.54	_	_	_	9-13(49)
251-0	BO104	251	251	0	[late]rali[zzazione]	lateralizzazione	_	_	_	_	_	linguistic	_	none	_	Begin=925.013|End=926.36	_	_	_	0-4(49),8-16(50)
252-0	BO105	252	252	0	[la	la	_	_	_	_	_	linguistic	_	none	_	Begin=925.66	_	_	_	0-2(50)
252-1	BO105	252	252	1	rate~]	rate~	_	_	_	_	_	linguistic	_	none	Interrupted=Yes	_	_	_	_	0-5(50)
252-2	BO105	252	252	2	{ride}	{ride}	_	_	_	_	_	nonverbalbehavior	_	none	_	_	_	_	_	_
252-3	BO105	252	252	3	lateralizzazi[one].	lateralizzazione	_	_	_	_	_	linguistic	_	none	Intonation=Falling	End=928.22	_	_	_	13-16(51)
253-0	BO104	253	253	0	[più]	più	_	_	_	_	_	linguistic	_	none	_	Begin=927.971	_	_	_	0-3(51)
253-1	BO104	253	253	1	che	che	_	_	_	_	_	linguistic	_	none	_	_	_	_	_	_
253-2	BO104	253	253	2	dell'	dell'	_	_	_	_	_	linguistic	_	none	SpaceAfter=No	_	_	_	_	_
253-3	BO104	253	253	3	apprendimento	apprendimento	_	_	_	_	_	linguistic	_	none	_	_	_	_	_	_
253-4	BO104	253	253	4	delle	delle	_	_	_	_	_	linguistic	_	none	_	_	_	_	_	_
253-5	BO104	253	253	5	[proprio	proprio	_	_	_	_	_	linguistic	_	none	_	_	_	_	_	0-7(52)
253-6	BO104	253	253	6	del	del	_	_	_	_	_	linguistic	_	none	_	_	_	_	_	0-3(52)
253-7	BO104	253	253	7	sistema	sistema	_	_	_	_	_	linguistic	_	none	PauseAfter=Yes	_	_	_	_	0-7(52)
253-8	BO104	253	253	8	{P}	{P}	_	_	_	_	_	shortpause	_	none	_	_	_	_	_	0-3(52)
253-9	BO104	253	253	9	del	del	_	_	_	_	_	linguistic	_	none	_	_	_	_	_	0-3(52)
253-10	BO104	253	253	10	sistema	sistema	_	_	_	_	_	linguistic	_	none	_	_	_	_	_	0-7(52)
253-11	BO104	253	253	11	cerebrale].	cerebrale	_	_	_	_	_	linguistic	_	none	Intonation=Falling	End=931.506	_	_	_	0-9(52)
254-0	BO105	254	254	0	[delle	delle	_	_	_	_	_	linguistic	_	none	PauseAfter=Yes	Begin=929.275	_	_	_	0-5(52)
254-1	BO105	254	254	1	{P}	{P}	_	_	_	_	_	shortpause	_	none	_	_	_	_	_	0-3(52)
254-2	BO105	254	254	2	esatto.	esatto	_	_	_	_	_	linguistic	_	none	Intonation=Falling	_	_	_	_	0-6(52)
254-3	BO105	254	254	3	del	del	_	_	_	_	_	linguistic	_	none	_	_	_	_	_	0-3(52)
254-4	BO105	254	254	4	sistema	sistema	_	_	_	_	_	linguistic	_	none	_	_	_	_	_	0-7(52)
254-5	BO105	254	254	5	celebrale].	celebrale	_	_	_	_	_	linguistic	_	none	Intonation=Falling	End=931.54	_	_	_	0-9(52)
255-0	BO105	255	255	0	e::hm	ehm	_	_	_	_	_	linguistic	_	none	_	Begin=932.196	0x2	_	_	_
255-1	BO105	255	255	1	in	in	_	_	_	_	_	linguistic	_	none	_	_	_	_	_	_
255-2	BO105	255	255	2	quanto	quanto	_	_	_	_	_	linguistic	_	none	_	_	_	_	_	_
255-3	BO105	255	255	3	l'	l'	_	_	_	_	_	linguistic	_	none	SpaceAfter=No	_	_	_	_	_
255-4	BO105	255	255	4	emisfero	emisfero	_	_	_	_	_	linguistic	_	none	_	_	_	_	_	_
255-5	BO105	255	255	5	sinistro,	sinistro	_	_	_	_	_	linguistic	_	none	Intonation=WeaklyRising	_	_	_	_	_
255-6	BO105	255	255	6	è	è	_	_	_	_	_	linguistic	_	none	_	_	_	_	_	_
255-7	BO105	255	255	7	quello	quello	_	_	_	_	_	linguistic	_	none	PauseAfter=Yes	_	_	_	_	_
255-8	BO105	255	255	8	{P}	{P}	_	_	_	_	_	shortpause	_	none	_	_	_	_	_	_
255-9	BO105	255	255	9	collegato	collegato	_	_	_	_	_	linguistic	_	none	_	_	_	_	_	_
255-10	BO105	255	255	10	all'	all'	_	_	_	_	_	linguistic	_	none	SpaceAfter=No	_	_	_	_	_
255-11	BO105	255	255	11	atitvità	atitvità	_	_	_	_	_	linguistic	_	none	_	_	_	_	_	_
255-12	BO105	255	255	12	del	del	_	_	_	_	_	linguistic	_	none	_	_	_	_	_	_
255-13	BO105	255	255	13	linguaggio,	linguaggio	_	_	_	_	_	linguistic	_	none	Intonation=WeaklyRising	_	_	_	_	_
255-14	BO105	255	255	14	e	e	_	_	_	_	_	linguistic	_	none	_	_	_	_	_	_
255-15	BO105	255	255	15	l'	l'	_	_	_	_	_	linguistic	_	none	SpaceAfter=No	_	_	_	_	_
255-16	BO105	255	255	16	emisfero	emisfero	_	_	_	_	_	linguistic	_	none	_	_	_	_	_	_
255-17	BO105	255	255	17	destro,	destro	_	_	_	_	_	linguistic	_	none	Intonation=WeaklyRising	_	_	_	_	_
255-18	BO105	255	255	18	alle	alle	_	_	_	_	_	linguistic	_	none	_	_	_	_	_	_
255-19	BO105	255	255	19	funzioni	funzioni	_	_	_	_	_	linguistic	_	none	_	_	_	_	_	_
255-20	BO105	255	255	20	cognitive	cognitive	_	_	_	_	_	linguistic	_	none	_	_	_	_	_	_
255-21	BO105	255	255	21	più	più	_	_	_	_	_	linguistic	_	none	_	_	_	_	_	_
255-22	BO105	255	255	22	in	in	_	_	_	_	_	linguistic	_	none	_	_	_	_	_	_
255-23	BO105	255	255	23	generale.	generale	_	_	_	_	_	linguistic	_	none	Intonation=Falling	End=939.815	_	_	_	_
256-0	BO105	256	256	0	m:::	m	_	_	_	_	_	linguistic	_	none	_	Begin=940.731|End=941.761	0x3	_	_	_
257-0	BO105	257	257	0	inoltre,	inoltre	_	_	_	_	_	linguistic	_	none	Intonation=WeaklyRising	Begin=942.193	_	_	_	_
257-1	BO105	257	257	1	si	si	_	_	_	_	_	linguistic	_	none	_	_	_	_	_	_
257-2	BO105	257	257	2	parla	parla	_	_	_	_	_	linguistic	_	none	_	_	_	_	_	_
257-3	BO105	257	257	3	di:	di	_	_	_	_	_	linguistic	_	none	PauseAfter=Yes	_	1x1	_	_	_
257-4	BO105	257	257	4	{P}	{P}	_	_	_	_	_	shortpause	_	none	_	_	_	_	_	_
257-5	BO105	257	257	5	motivazione	motivazione	_	_	_	_	_	linguistic	_	none	_	_	_	_	_	_
257-6	BO105	257	257	6	degli	degli	_	_	_	_	_	linguistic	_	none	_	_	_	_	_	_
257-7	BO105	257	257	7	studenti,	studenti	_	_	_	_	_	linguistic	_	none	Intonation=WeaklyRising	End=945.45	_	_	_	_
258-0	BO105	258	258	0	e	e	_	_	_	_	_	linguistic	_	none	_	Begin=946.136	_	_	_	_
258-1	BO105	258	258	1	che	che	_	_	_	_	_	linguistic	_	none	_	_	_	_	_	_
258-2	BO105	258	258	2	è	è	_	_	_	_	_	linguistic	_	none	_	_	_	_	_	_
258-3	BO105	258	258	3	una	una	_	_	_	_	_	linguistic	_	none	_	_	_	_	_	_
258-4	BO105	258	258	4	caratteristica	caratteristica	_	_	_	_	_	linguistic	_	none	_	_	_	_	_	_
258-5	BO105	258	258	5	molti	molti	_	_	_	_	_	linguistic	_	none	_	_	_	_	_	_
258-6	BO105	258	258	6	importante,	importante	_	_	_	_	_	linguistic	_	none	Intonation=WeaklyRising	_	_	_	_	_
258-7	BO105	258	258	7	nel::	nel	_	_	_	_	_	linguistic	_	none	_	End=949.223	2x2	_	_	_
259-0	BO105	259	259	0	diciamo	diciamo	_	_	_	_	_	linguistic	_	none	_	Begin=949.293	_	_	_	_
259-1	BO105	259	259	1	nell'	nell'	_	_	_	_	_	linguistic	_	none	SpaceAfter=No	_	_	_	_	_
259-2	BO105	259	259	2	insegnamento	insegnamento	_	_	_	_	_	linguistic	_	none	_	_	_	_	_	_
259-3	BO105	259	259	3	apprendimento,	apprendimento	_	_	_	_	_	linguistic	_	none	Intonation=WeaklyRising	End=951.491	_	_	_	_
260-0	BO105	260	260	0	e::hm.	ehm	_	_	_	_	_	linguistic	_	none	Intonation=Falling	Begin=952.02	0x2	_	_	_
260-1	BO105	260	260	1	in	in	_	_	_	_	_	linguistic	_	none	_	_	_	_	_	_
260-2	BO105	260	260	2	base	base	_	_	_	_	_	linguistic	_	none	_	_	_	_	_	_
260-3	BO105	260	260	3	a	a	_	_	_	_	_	linguistic	_	none	_	_	_	_	_	_
260-4	BO105	260	260	4	questa,	questa	_	_	_	_	_	linguistic	_	none	Intonation=WeaklyRising	_	_	_	_	_
260-5	BO105	260	260	5	diciamo	diciamo	_	_	_	_	_	linguistic	_	none	_	_	_	_	_	_
260-6	BO105	260	260	6	che	che	_	_	_	_	_	linguistic	_	none	_	_	_	_	_	_
260-7	BO105	260	260	7	l'	l'	_	_	_	_	_	linguistic	_	none	SpaceAfter=No	_	_	_	_	_
260-8	BO105	260	260	8	insegnante	insegnante	_	_	_	_	_	linguistic	_	none	_	_	_	_	_	_
260-9	BO105	260	260	9	può	può	_	_	_	_	_	linguistic	_	none	_	_	_	_	_	_
260-10	BO105	260	260	10	cercare	cercare	_	_	_	_	_	linguistic	_	none	_	_	_	_	_	_
260-11	BO105	260	260	11	di	di	_	_	_	_	_	linguistic	_	none	PauseAfter=Yes	_	_	_	_	_
260-12	BO105	260	260	12	{P}	{P}	_	_	_	_	_	shortpause	_	none	_	_	_	_	_	_
260-13	BO105	260	260	13	e::h	eh	_	_	_	_	_	linguistic	_	none	_	_	0x2	_	_	_
260-14	BO105	260	260	14	produrre	produrre	_	_	_	_	_	linguistic	_	none	_	_	_	_	_	_
260-15	BO105	260	260	15	di:	di	_	_	_	_	_	linguistic	_	none	_	_	1x1	_	_	_
260-16	BO105	260	260	16	proporre,	proporre	_	_	_	_	_	linguistic	_	none	Intonation=WeaklyRising	End=958.423	_	_	_	_
261-0	BO105	261	261	0	e::hm	ehm	_	_	_	_	_	linguistic	_	none	PauseAfter=Yes	Begin=958.985	0x2	_	_	_
261-1	BO105	261	261	1	{P}	{P}	_	_	_	_	_	shortpause	_	none	_	_	_	_	_	_
261-2	BO105	261	261	2	argomenti,	argomenti	_	_	_	_	_	linguistic	_	none	Intonation=WeaklyRising	_	_	_	_	_
261-3	BO105	261	261	3	testi,	testi	_	_	_	_	_	linguistic	_	none	Intonation=WeaklyRising	_	_	_	_	_
261-4	BO105	261	261	4	che	che	_	_	_	_	_	linguistic	_	none	PauseAfter=Yes	_	_	_	_	_
261-5	BO105	261	261	5	{P}	{P}	_	_	_	_	_	shortpause	_	none	_	_	_	_	_	_
261-6	BO105	261	261	6	sono	sono	_	_	_	_	_	linguistic	_	none	_	_	_	_	_	_
261-7	BO105	261	261	7	nelle::	nelle	_	_	_	_	_	linguistic	_	none	_	_	4x2	_	_	_
261-8	BO105	261	261	8	negli	negli	_	_	_	_	_	linguistic	_	none	_	_	_	_	_	_
261-9	BO105	261	261	9	interessi	interessi	_	_	_	_	_	linguistic	_	none	_	_	_	_	_	_
261-10	BO105	261	261	10	appunto:	appunto	_	_	_	_	_	linguistic	_	none	_	_	6x1	_	_	_
261-11	BO105	261	261	11	de~	de~	_	_	_	_	_	linguistic	_	none	Interrupted=Yes	_	_	_	_	_
261-12	BO105	261	261	12	degli	degli	_	_	_	_	_	linguistic	_	none	_	_	_	_	_	_
261-13	BO105	261	261	13	studenti,	studenti	_	_	_	_	_	linguistic	_	none	Intonation=WeaklyRising	End=965.761	_	_	_	_
262-0	BO105	262	262	0	e	e	_	_	_	_	_	linguistic	_	none	_	Begin=966.698	_	_	_	_
262-1	BO105	262	262	1	questo	questo	_	_	_	_	_	linguistic	_	none	_	_	_	_	_	_
262-2	BO105	262	262	2	sicuramente	sicuramente	_	_	_	_	_	linguistic	_	none	_	_	_	_	_	_
262-3	BO105	262	262	3	farà	farà	_	_	_	_	_	linguistic	_	none	_	_	_	_	_	_
262-4	BO105	262	262	4	crescere	crescere	_	_	_	_	_	linguistic	_	none	_	_	_	_	_	_
262-5	BO105	262	262	5	l'	l'	_	_	_	_	_	linguistic	_	none	SpaceAfter=No	_	_	_	_	_
262-6	BO105	262	262	6	interesse	interesse	_	_	_	_	_	linguistic	_	none	_	_	_	_	_	_
262-7	BO105	262	262	7	e	e	_	_	_	_	_	linguistic	_	none	_	_	_	_	_	_
262-8	BO105	262	262	8	quindi	quindi	_	_	_	_	_	linguistic	_	none	PauseAfter=Yes	_	_	_	_	_
262-9	BO105	262	262	9	{P}	{P}	_	_	_	_	_	shortpause	_	none	_	_	_	_	_	_
262-10	BO105	262	262	10	anche	anche	_	_	_	_	_	linguistic	_	none	_	_	_	_	_	_
262-11	BO105	262	262	11	la	la	_	_	_	_	_	linguistic	_	none	_	_	_	_	_	_
262-12	BO105	262	262	12	motivazione.	motivazione	_	_	_	_	_	linguistic	_	none	Intonation=Falling	End=971.575	_	_	_	_
263-0	BO105	263	263	0	e::hm	ehm	_	_	_	_	_	linguistic	_	none	_	Begin=972.815	0x2	_	_	_
263-1	BO105	263	263	1	si	si	_	_	_	_	_	linguistic	_	none	_	_	_	_	_	_
263-2	BO105	263	263	2	parla	parla	_	_	_	_	_	linguistic	_	none	_	_	_	_	_	_
263-3	BO105	263	263	3	inoltre	inoltre	_	_	_	_	_	linguistic	_	none	_	_	_	_	_	_
263-4	BO105	263	263	4	di	di	_	_	_	_	_	linguistic	_	none	_	_	_	_	_	_
263-5	BO105	263	263	5	ansietà,	ansietà	_	_	_	_	_	linguistic	_	none	Intonation=WeaklyRising	End=975.26	_	_	_	_
264-0	BO105	264	264	0	come	come	_	_	_	_	_	linguistic	_	none	_	Begin=975.371	_	_	_	_
264-1	BO105	264	264	1	fattore	fattore	_	_	_	_	_	linguistic	_	none	_	_	_	_	_	_
264-2	BO105	264	264	2	interno,	interno	_	_	_	_	_	linguistic	_	none	Intonation=WeaklyRising	End=976.48	_	_	_	_
265-0	BO105	265	265	0	che	che	_	_	_	_	_	linguistic	_	none	_	Begin=976.94	_	_	_	_
265-1	BO105	265	265	1	è	è	_	_	_	_	_	linguistic	_	none	_	_	_	_	_	_
265-2	BO105	265	265	2	un::	un	_	_	_	_	_	linguistic	_	none	_	End=978.166	1x2	_	_	_
266-0	BO105	266	266	0	è	è	_	_	_	_	_	linguistic	_	none	_	Begin=978.43	_	_	_	_
266-1	BO105	266	266	1	un	un	_	_	_	_	_	linguistic	_	none	_	_	_	_	_	_
266-2	BO105	266	266	2	fattore,	fattore	_	_	_	_	_	linguistic	_	none	Intonation=WeaklyRising	_	_	_	_	_
266-3	BO105	266	266	3	comune	comune	_	_	_	_	_	linguistic	_	none	_	_	_	_	_	_
266-4	BO105	266	266	4	a	a	_	_	_	_	_	linguistic	_	none	_	_	_	_	_	_
266-5	BO105	266	266	5	tutti	tutti	_	_	_	_	_	linguistic	_	none	_	_	_	_	_	_
266-6	BO105	266	266	6	gli	gli	_	_	_	_	_	linguistic	_	none	_	_	_	_	_	_
266-7	BO105	266	266	7	individui,	individui	_	_	_	_	_	linguistic	_	none	Intonation=WeaklyRising	_	_	_	_	_
266-8	BO105	266	266	8	può	può	_	_	_	_	_	linguistic	_	none	_	_	_	_	_	_
266-9	BO105	266	266	9	essere	essere	_	_	_	_	_	linguistic	_	none	_	_	_	_	_	_
266-10	BO105	266	266	10	maggiore	maggiore	_	_	_	_	_	linguistic	_	none	_	_	_	_	_	_
266-11	BO105	266	266	11	o	o	_	_	_	_	_	linguistic	_	none	_	_	_	_	_	_
266-12	BO105	266	266	12	minore	minore	_	_	_	_	_	linguistic	_	none	_	_	_	_	_	_
266-13	BO105	266	266	13	nelle	nelle	_	_	_	_	_	linguistic	_	none	_	_	_	_	_	_
266-14	BO105	266	266	14	varie	varie	_	_	_	_	_	linguistic	_	none	_	_	_	_	_	_
266-15	BO105	266	266	15	persone.	persone	_	_	_	_	_	linguistic	_	none	Intonation=Falling	End=982.6	_	_	_	_
267-0	BO105	267	267	0	e::	e	_	_	_	_	_	linguistic	_	none	_	Begin=983.25	0x2	_	_	_
267-1	BO105	267	267	1	diciamo	diciamo	_	_	_	_	_	linguistic	_	none	_	_	_	_	_	_
267-2	BO105	267	267	2	che:	che	_	_	_	_	_	linguistic	_	none	PauseAfter=Yes	_	2x1	_	_	_
267-3	BO105	267	267	3	{P}	{P}	_	_	_	_	_	shortpause	_	none	_	_	_	_	_	_
267-4	BO105	267	267	4	è	è	_	_	_	_	_	linguistic	_	none	_	_	_	_	_	_
267-5	BO105	267	267	5	appunto	appunto	_	_	_	_	_	linguistic	_	none	_	_	_	_	_	_
267-6	BO105	267	267	6	l'	l'	_	_	_	_	_	linguistic	_	none	SpaceAfter=No	_	_	_	_	_
267-7	BO105	267	267	7	ansia,	ansia	_	_	_	_	_	linguistic	_	none	Intonation=WeaklyRising	_	_	_	_	_
267-8	BO105	267	267	8	che	che	_	_	_	_	_	linguistic	_	none	_	_	_	_	_	_
267-9	BO105	267	267	9	deriva	deriva	_	_	_	_	_	linguistic	_	none	_	_	_	_	_	_
267-10	BO105	267	267	10	nel	nel	_	_	_	_	_	linguistic	_	none	PauseAfter=Yes	_	_	_	_	_
267-11	BO105	267	267	11	{P}	{P}	_	_	_	_	_	shortpause	_	none	_	_	_	_	_	_
267-12	BO105	267	267	12	che	che	_	_	_	_	_	linguistic	_	none	_	_	_	_	_	_
267-13	BO105	267	267	13	arriva	arriva	_	_	_	_	_	linguistic	_	none	_	_	_	_	_	_
267-14	BO105	267	267	14	quando	quando	_	_	_	_	_	linguistic	_	none	_	_	_	_	_	_
267-15	BO105	267	267	15	uno	uno	_	_	_	_	_	linguistic	_	none	_	_	_	_	_	_
267-16	BO105	267	267	16	studente	studente	_	_	_	_	_	linguistic	_	none	_	_	_	_	_	_
267-17	BO105	267	267	17	deve	deve	_	_	_	_	_	linguistic	_	none	_	_	_	_	_	_
267-18	BO105	267	267	18	produrre,	produrre	_	_	_	_	_	linguistic	_	none	Intonation=WeaklyRising	_	_	_	_	_
267-19	BO105	267	267	19	o	o	_	_	_	_	_	linguistic	_	none	_	_	_	_	_	_
267-20	BO105	267	267	20	affrontare	affrontare	_	_	_	_	_	linguistic	_	none	_	_	_	_	_	_
267-21	BO105	267	267	21	un	un	_	_	_	_	_	linguistic	_	none	_	_	_	_	_	_
267-22	BO105	267	267	22	test,	test	_	_	_	_	_	linguistic	_	none	Intonation=WeaklyRising	End=989.995	_	_	_	_
268-0	BO105	268	268	0	e::hm	ehm	_	_	_	_	_	linguistic	_	none	_	Begin=990.695	0x2	_	_	_
268-1	BO105	268	268	1	può	può	_	_	_	_	_	linguistic	_	none	_	_	_	_	_	_
268-2	BO105	268	268	2	essere	essere	_	_	_	_	_	linguistic	_	none	_	_	_	_	_	_
268-3	BO105	268	268	3	limitata,	limitata	_	_	_	_	_	linguistic	_	none	Intonation=WeaklyRising	End=992.911	_	_	_	_
269-0	BO105	269	269	0	si	si	_	_	_	_	_	linguistic	_	none	_	Begin=993.101	_	_	_	_
269-1	BO105	269	269	1	pensa.	pensa	_	_	_	_	_	linguistic	_	none	Intonation=Falling|PauseAfter=Yes	_	_	_	_	_
269-2	BO105	269	269	2	{P}	{P}	_	_	_	_	_	shortpause	_	none	_	_	_	_	_	_
269-3	BO105	269	269	3	facendo::	facendo	_	_	_	_	_	linguistic	_	none	_	_	6x2	_	_	_
269-4	BO105	269	269	4	diciamo	diciamo	_	_	_	_	_	linguistic	_	none	_	_	_	_	_	_
269-5	BO105	269	269	5	proponendo	proponendo	_	_	_	_	_	linguistic	_	none	_	_	_	_	_	_
269-6	BO105	269	269	6	test	test	_	_	_	_	_	linguistic	_	none	_	_	_	_	_	_
269-7	BO105	269	269	7	in	in	_	_	_	_	_	linguistic	_	none	_	_	_	_	_	_
269-8	BO105	269	269	8	modo	modo	_	_	_	_	_	linguistic	_	none	_	_	_	_	_	_
269-9	BO105	269	269	9	regolare,	regolare	_	_	_	_	_	linguistic	_	none	Intonation=WeaklyRising	_	_	_	_	_
269-10	BO105	269	269	10	quindi,	quindi	_	_	_	_	_	linguistic	_	none	Intonation=WeaklyRising	End=997.988	_	_	_	_
270-0	BO105	270	270	0	[e::hm]	ehm	_	_	_	_	_	linguistic	_	none	_	Begin=998.26|End=998.95	0x2	_	_	0-3(53)
271-0	BO104	271	271	0	[in]	in	_	_	_	_	_	linguistic	_	none	_	Begin=998.62	_	_	_	0-2(53)
271-1	BO104	271	271	1	modo?	modo	_	_	_	_	_	linguistic	_	none	Intonation=Rising	End=999.191	_	_	_	_
272-0	BO105	272	272	0	in	in	_	_	_	_	_	linguistic	_	none	_	Begin=999.496	_	_	_	_
272-1	BO105	272	272	1	modo	modo	_	_	_	_	_	linguistic	_	none	PauseAfter=Yes	_	_	_	_	_
272-2	BO105	272	272	2	{P}	{P}	_	_	_	_	_	shortpause	_	none	_	_	_	_	_	_
272-3	BO105	272	272	3	regolare,	regolare	_	_	_	_	_	linguistic	_	none	Intonation=WeaklyRising	_	_	_	_	_
272-4	BO105	272	272	4	e	e	_	_	_	_	_	linguistic	_	none	_	_	_	_	_	_
272-5	BO105	272	272	5	anche	anche	_	_	_	_	_	linguistic	_	none	PauseAfter=Yes	_	_	_	_	_
272-6	BO105	272	272	6	{P}	{P}	_	_	_	_	_	shortpause	_	none	_	_	_	_	_	_
272-7	BO105	272	272	7	proponendo	proponendo	_	_	_	_	_	linguistic	_	none	_	_	_	_	_	_
272-8	BO105	272	272	8	tanti	tanti	_	_	_	_	_	linguistic	_	none	_	_	_	_	_	_
272-9	BO105	272	272	9	test.	test	_	_	_	_	_	linguistic	_	none	Intonation=Falling	End=1002.625	_	_	_	_
273-0	BO105	273	273	0	nel	nel	_	_	_	_	_	linguistic	_	none	_	Begin=1002.745	_	_	_	_
273-1	BO105	273	273	1	senso	senso	_	_	_	_	_	linguistic	_	none	PauseAfter=Yes	_	_	_	_	_
273-2	BO105	273	273	2	{P}	{P}	_	_	_	_	_	shortpause	_	none	_	_	_	_	_	_
273-3	BO105	273	273	3	non::	non	_	_	_	_	_	linguistic	_	none	_	End=1004.187	2x2	_	_	_
274-0	BO104	274	274	0	oddio	oddio	_	_	_	_	_	linguistic	_	none	_	Begin=1004.187	_	_	_	_
274-1	BO104	274	274	1	se	se	_	_	_	_	_	linguistic	_	none	_	_	_	_	_	_
274-2	BO104	274	274	2	proponi	proponi	_	_	_	_	_	linguistic	_	none	_	_	_	_	_	_
274-3	BO104	274	274	3	tanti	tanti	_	_	_	_	_	linguistic	_	none	_	_	_	_	_	_
274-4	BO104	274	274	4	test	test	_	_	_	_	_	linguistic	_	none	_	_	_	_	_	_
274-5	BO104	274	274	5	magari	magari	_	_	_	_	_	linguistic	_	none	_	_	_	_	_	_
274-6	BO104	274	274	6	l'	l'	_	_	_	_	_	linguistic	_	none	SpaceAfter=No	_	_	_	_	_
274-7	BO104	274	274	7	ansia	ansia	_	_	_	_	_	linguistic	_	none	_	_	_	_	_	_
274-8	BO104	274	274	8	aumenta.	aumenta	_	_	_	_	_	linguistic	_	none	Intonation=Falling	End=1006.98	_	_	_	_
275-0	BO105	275	275	0	non	non	_	_	_	_	_	linguistic	_	none	_	Begin=1007.146	_	_	_	_
275-1	BO105	275	275	1	so	so	_	_	_	_	_	linguistic	_	none	_	_	_	_	_	_
275-2	BO105	275	275	2	io	io	_	_	_	_	_	linguistic	_	none	_	_	_	_	_	_
275-3	BO105	275	275	3	ho	ho	_	_	_	_	_	linguistic	_	none	_	_	_	_	_	_
275-4	BO105	275	275	4	trovato	trovato	_	_	_	_	_	linguistic	_	none	_	_	_	_	_	_
275-5	BO105	275	275	5	che,	che	_	_	_	_	_	linguistic	_	none	Intonation=WeaklyRising	_	_	_	_	_
275-6	BO105	275	275	6	e::[hm]	ehm	_	_	_	_	_	linguistic	_	none	_	End=1009.318	0x2	_	_	1-3(54)
276-0	BO104	276	276	0	[do]ve?	dove	_	_	_	_	_	linguistic	_	none	Intonation=Rising	Begin=1008.9|End=1009.481	_	_	_	0-2(54)
277-0	BO105	277	277	0	in	in	_	_	_	_	_	linguistic	_	none	_	Begin=1010.333	_	_	_	_
277-1	BO105	277	277	1	uno	uno	_	_	_	_	_	linguistic	_	none	_	_	_	_	_	_
277-2	BO105	277	277	2	di	di	_	_	_	_	_	linguistic	_	none	_	_	_	_	_	_
277-3	BO105	277	277	3	questi	questi	_	_	_	_	_	linguistic	_	none	_	_	_	_	_	_
277-4	BO105	277	277	4	manuali	manuali	_	_	_	_	_	linguistic	_	none	_	_	_	_	_	_
277-5	BO105	277	277	5	sicuramente	sicuramente	_	_	_	_	_	linguistic	_	none	_	_	_	_	_	_
277-6	BO105	277	277	6	però	però	_	_	_	_	_	linguistic	_	none	_	_	_	_	_	_
277-7	BO105	277	277	7	non:n[mi	nonnmi	_	_	_	_	_	linguistic	_	none	_	_	2x1	_	_	4-6(55)
277-8	BO105	277	277	8	rico]rdo	ricordo	_	_	_	_	_	linguistic	_	none	_	_	_	_	_	0-4(55)
277-9	BO105	277	277	9	esattamente	esattamente	_	_	_	_	_	linguistic	_	none	_	_	_	_	_	_
277-10	BO105	277	277	10	in	in	_	_	_	_	_	linguistic	_	none	_	_	_	_	_	_
277-11	BO105	277	277	11	quale	quale	_	_	_	_	_	linguistic	_	none	_	_	_	_	_	_
277-12	BO105	277	277	12	che	che	_	_	_	_	_	linguistic	_	none	_	_	_	_	_	_
277-13	BO105	277	277	13	diceva,	diceva	_	_	_	_	_	linguistic	_	none	Intonation=WeaklyRising	End=1015.045	_	_	_	_
278-0	BO104	278	278	0	mh.	mh	_	_	_	_	_	linguistic	_	none	Intonation=Falling	Begin=1012.825|End=1013.216	_	_	_	_
279-0	BO105	279	279	0	e::hm	ehm	_	_	_	_	_	linguistic	_	none	_	Begin=1015.326|End=1016.358	0x2	_	_	_
280-0	BO105	280	280	0	che	che	_	_	_	_	_	linguistic	_	none	_	Begin=1016.8	_	_	_	_
280-1	BO105	280	280	1	appunto	appunto	_	_	_	_	_	linguistic	_	none	_	End=1017.61	_	_	_	_
281-0	BO105	281	281	0	aumentare:	aumentare	_	_	_	_	_	linguistic	_	none	PauseAfter=Yes	Begin=1018.621	8x1	_	_	_
281-1	BO105	281	281	1	{P}	{P}	_	_	_	_	_	shortpause	_	none	_	_	_	_	_	_
281-2	BO105	281	281	2	e::hm.	ehm	_	_	_	_	_	linguistic	_	none	Intonation=Falling	End=1020.593	0x2	_	_	_
282-0	BO105	282	282	0	la	la	_	_	_	_	_	linguistic	_	none	_	Begin=1020.911	_	_	_	_
282-1	BO105	282	282	1	frequenza	frequenza	_	_	_	_	_	linguistic	_	none	_	_	_	_	_	_
282-2	BO105	282	282	2	con	con	_	_	_	_	_	linguistic	_	none	_	_	_	_	_	_
282-3	BO105	282	282	3	la	la	_	_	_	_	_	linguistic	_	none	_	_	_	_	_	_
282-4	BO105	282	282	4	quale:	quale	_	_	_	_	_	linguistic	_	none	_	_	4x1	_	_	_
282-5	BO105	282	282	5	vengono::	vengono	_	_	_	_	_	linguistic	_	none	_	End=1023.106	6x2	_	_	_
283-0	BO105	283	283	0	eh	eh	_	_	_	_	_	linguistic	_	none	_	Begin=1024.008	_	_	_	_
283-1	BO105	283	283	1	proposti	proposti	_	_	_	_	_	linguistic	_	none	_	_	_	_	_	_
283-2	BO105	283	283	2	i	i	_	_	_	_	_	linguistic	_	none	_	_	_	_	_	_
283-3	BO105	283	283	3	test,	test	_	_	_	_	_	linguistic	_	none	Intonation=WeaklyRising	_	_	_	_	_
283-4	BO105	283	283	4	e	e	_	_	_	_	_	linguistic	_	none	_	_	_	_	_	_
283-5	BO105	283	283	5	anche	anche	_	_	_	_	_	linguistic	_	none	_	_	_	_	_	_
283-6	BO105	283	283	6	esplicitare,	esplicitare	_	_	_	_	_	linguistic	_	none	Intonation=WeaklyRising|PauseAfter=Yes	_	_	_	_	_
283-7	BO105	283	283	7	{P}	{P}	_	_	_	_	_	shortpause	_	none	_	_	_	_	_	_
283-8	BO105	283	283	8	bene	bene	_	_	_	_	_	linguistic	_	none	PauseAfter=Yes	_	_	_	_	_
283-9	BO105	283	283	9	{P}	{P}	_	_	_	_	_	shortpause	_	none	_	_	_	_	_	_
283-10	BO105	283	283	10	diciamo	diciamo	_	_	_	_	_	linguistic	_	none	_	_	_	_	_	_
283-11	BO105	283	283	11	i	i	_	_	_	_	_	linguistic	_	none	_	_	_	_	_	_
283-12	BO105	283	283	12	contenuti::	contenuti	_	_	_	_	_	linguistic	_	none	_	End=1028.44	8x2	_	_	_
284-0	BO105	284	284	0	proposti	proposti	_	_	_	_	_	linguistic	_	none	_	Begin=1028.64	_	_	_	_
284-1	BO105	284	284	1	nel	nel	_	_	_	_	_	linguistic	_	none	_	_	_	_	_	_
284-2	BO105	284	284	2	test,	test	_	_	_	_	_	linguistic	_	none	Intonation=WeaklyRising	End=1029.9	_	_	_	_
285-0	BO105	285	285	0	può	può	_	_	_	_	_	linguistic	_	none	_	Begin=1030.13	_	_	_	_
285-1	BO105	285	285	1	aiutare,	aiutare	_	_	_	_	_	linguistic	_	none	Intonation=WeaklyRising	_	_	_	_	_
285-2	BO105	285	285	2	a::	a	_	_	_	_	_	linguistic	_	none	_	_	0x2	_	_	_
285-3	BO105	285	285	3	di	di	_	_	_	_	_	linguistic	_	none	_	_	_	_	_	_
285-4	BO105	285	285	4	far	far	_	_	_	_	_	linguistic	_	none	_	_	_	_	_	_
285-5	BO105	285	285	5	diminuire	diminuire	_	_	_	_	_	linguistic	_	none	_	_	_	_	_	_
285-6	BO105	285	285	6	l'	l'	_	_	_	_	_	linguistic	_	none	SpaceAfter=No	_	_	_	_	_
285-7	BO105	285	285	7	ansie[tà	ansietà	_	_	_	_	_	linguistic	_	none	_	_	_	_	_	4-7(56)
285-8	BO105	285	285	8	ne~]	ne~	_	_	_	_	_	linguistic	_	none	Interrupted=Yes	_	_	_	_	0-3(56)
285-9	BO105	285	285	9	negli	negli	_	_	_	_	_	linguistic	_	none	_	_	_	_	_	_
285-10	BO105	285	285	10	apprendenti.	apprendenti	_	_	_	_	_	linguistic	_	none	Intonation=Falling	_	_	_	_	_
285-11	BO105	285	285	11	in	in	_	_	_	_	_	linguistic	_	none	_	_	_	_	_	_
285-12	BO105	285	285	12	quanto	quanto	_	_	_	_	_	linguistic	_	none	_	_	_	_	_	_
285-13	BO105	285	285	13	magari	magari	_	_	_	_	_	linguistic	_	none	_	End=1034.771	_	_	_	_
286-0	BO104	286	286	0	[mhmh]	mhmh	_	_	_	_	_	linguistic	_	none	_	Begin=1032.49|End=1033.223	_	_	_	0-4(56)
287-0	BO105	287	287	0	fare	fare	_	_	_	_	_	linguistic	_	none	_	Begin=1035.28	_	_	_	_
287-1	BO105	287	287	1	pochi	pochi	_	_	_	_	_	linguistic	_	none	_	_	_	_	_	_
287-2	BO105	287	287	2	test:	test	_	_	_	_	_	linguistic	_	none	_	_	3x1	_	_	_
287-3	BO105	287	287	3	da	da	_	_	_	_	_	linguistic	_	none	_	_	_	_	_	_
287-4	BO105	287	287	4	questi	questi	_	_	_	_	_	linguistic	_	none	_	_	_	_	_	_
287-5	BO105	287	287	5	test	test	_	_	_	_	_	linguistic	_	none	_	_	_	_	_	_
287-6	BO105	287	287	6	dipenderebbe:	dipenderebbe	_	_	_	_	_	linguistic	_	none	_	_	11x1	_	_	_
287-7	BO105	287	287	7	appunto	appunto	_	_	_	_	_	linguistic	_	none	_	_	_	_	_	_
287-8	BO105	287	287	8	una	una	_	_	_	_	_	linguistic	_	none	_	_	_	_	_	_
287-9	BO105	287	287	9	valutazione	valutazione	_	_	_	_	_	linguistic	_	none	_	_	_	_	_	_
287-10	BO105	287	287	10	grande:	grande	_	_	_	_	_	linguistic	_	none	_	_	5x1	_	_	_
287-11	BO105	287	287	11	di	di	_	_	_	_	_	linguistic	_	none	_	_	_	_	_	_
287-12	BO105	287	287	12	tutto	tutto	_	_	_	_	_	linguistic	_	none	PauseAfter=Yes	_	_	_	_	_
287-13	BO105	287	287	13	{P}	{P}	_	_	_	_	_	shortpause	_	none	_	_	_	_	_	_
287-14	BO105	287	287	14	l'	l'	_	_	_	_	_	linguistic	_	none	SpaceAfter=No	_	_	_	_	_
287-15	BO105	287	287	15	anno	anno	_	_	_	_	_	linguistic	_	none	_	_	_	_	_	_
287-16	BO105	287	287	16	scolastico.	scolastico	_	_	_	_	_	linguistic	_	none	Intonation=Falling	_	_	_	_	_
287-17	BO105	287	287	17	dipenderebbe	dipenderebbe	_	_	_	_	_	linguistic	_	none	_	_	_	_	_	_
287-18	BO105	287	287	18	una	una	_	_	_	_	_	linguistic	_	none	_	_	_	_	_	_
287-19	BO105	287	287	19	grande:	grande	_	_	_	_	_	linguistic	_	none	_	End=1042.52	5x1	_	_	_
288-0	BO105	288	288	0	diciamo	diciamo	_	_	_	_	_	linguistic	_	none	_	Begin=1043.55	_	_	_	_
288-1	BO105	288	288	1	che	che	_	_	_	_	_	linguistic	_	none	_	_	_	_	_	_
288-2	BO105	288	288	2	la	la	_	_	_	_	_	linguistic	_	none	_	_	_	_	_	_
288-3	BO105	288	288	3	me~	me~	_	_	_	_	_	linguistic	_	none	Interrupted=Yes|PauseAfter=Yes	_	_	_	_	_
288-4	BO105	288	288	4	{P}	{P}	_	_	_	_	_	shortpause	_	none	_	_	_	_	_	_
288-5	BO105	288	288	5	in	in	_	_	_	_	_	linguistic	_	none	_	_	_	_	_	_
288-6	BO105	288	288	6	termini	termini	_	_	_	_	_	linguistic	_	none	_	_	_	_	_	_
288-7	BO105	288	288	7	di	di	_	_	_	_	_	linguistic	_	none	_	_	_	_	_	_
288-8	BO105	288	288	8	media	media	_	_	_	_	_	linguistic	_	none	_	_	_	_	_	_
288-9	BO105	288	288	9	sarebbe	sarebbe	_	_	_	_	_	linguistic	_	none	PauseAfter=Yes	_	_	_	_	_
288-10	BO105	288	288	10	{P}	{P}	_	_	_	_	_	shortpause	_	none	_	_	_	_	_	_
288-11	BO105	288	288	11	molto	molto	_	_	_	_	_	linguistic	_	none	_	_	_	_	_	_
288-12	BO105	288	288	12	influente.	influente	_	_	_	_	_	linguistic	_	none	Intonation=Falling	End=1047.511	_	_	_	_
289-0	BO105	289	289	0	al	al	_	_	_	_	_	linguistic	_	none	PauseAfter=Yes	Begin=1047.65	_	_	_	_
289-1	BO105	289	289	1	{P}	{P}	_	_	_	_	_	shortpause	_	none	_	_	_	_	_	_
289-2	BO105	289	289	2	termine	termine	_	_	_	_	_	linguistic	_	none	_	_	_	_	_	_
289-3	BO105	289	289	3	dell'	dell'	_	_	_	_	_	linguistic	_	none	SpaceAfter=No	_	_	_	_	_
289-4	BO105	289	289	4	anno	anno	_	_	_	_	_	linguistic	_	none	_	_	_	_	_	_
289-5	BO105	289	289	5	scolastico.	scolastico	_	_	_	_	_	linguistic	_	none	Intonation=Falling	End=1049.55	_	_	_	_
290-0	BO105	290	290	0	ci	ci	_	_	_	_	_	linguistic	_	none	_	Begin=1050.508	_	_	_	_
290-1	BO105	290	290	1	sono	sono	_	_	_	_	_	linguistic	_	none	_	_	_	_	_	_
290-2	BO105	290	290	2	pochi	pochi	_	_	_	_	_	linguistic	_	none	_	_	_	_	_	_
290-3	BO105	290	290	3	test.	test	_	_	_	_	_	linguistic	_	none	Intonation=Falling	End=1051.606	_	_	_	_
291-0	BO104	291	291	0	mh	mh	_	_	_	_	_	linguistic	_	none	_	Begin=1052.306|End=1052.65	_	_	_	_
292-0	BO105	292	292	0	non	non	_	_	_	_	_	linguistic	_	none	_	Begin=1053.625	_	_	_	_
292-1	BO105	292	292	1	so	so	_	_	_	_	_	linguistic	_	none	_	_	_	_	_	_
292-2	BO105	292	292	2	l'	l'	_	_	_	_	_	linguistic	_	none	SpaceAfter=No	_	_	_	_	_
292-3	BO105	292	292	3	avevo	avevo	_	_	_	_	_	linguistic	_	none	_	_	_	_	_	_
292-4	BO105	292	292	4	[interpretata	interpretata	_	_	_	_	_	linguistic	_	none	_	_	_	_	_	0-12(57)
292-5	BO105	292	292	5	così].	così	_	_	_	_	_	linguistic	_	none	Intonation=Falling	End=1055.34	_	_	_	0-4(57)
293-0	BO104	293	293	0	[vabbè].	vabbè	_	_	_	_	_	linguistic	_	none	Intonation=Falling	Begin=1054.26	_	_	_	0-5(57)
293-1	BO104	293	293	1	sì	sì	_	_	_	_	_	linguistic	_	none	_	_	_	_	_	_
293-2	BO104	293	293	2	un	un	_	_	_	_	_	linguistic	_	none	_	_	_	_	_	_
293-3	BO104	293	293	3	concetto	concetto	_	_	_	_	_	linguistic	_	none	_	_	_	_	_	_
293-4	BO104	293	293	4	un	un	_	_	_	_	_	linguistic	_	none	_	_	_	_	_	_
293-5	BO104	293	293	5	po'	po'	_	_	_	_	_	linguistic	_	none	_	_	_	_	_	_
293-6	BO104	293	293	6	bizzarro	bizzarro	_	_	_	_	_	linguistic	_	none	_	_	_	_	_	_
293-7	BO104	293	293	7	che	che	_	_	_	_	_	linguistic	_	none	_	_	_	_	_	_
293-8	BO104	293	293	8	può	può	_	_	_	_	_	linguistic	_	none	_	_	_	_	_	_
293-9	BO104	293	293	9	essere	essere	_	_	_	_	_	linguistic	_	none	_	_	_	_	_	_
293-10	BO104	293	293	10	visualizzato	visualizzato	_	_	_	_	_	linguistic	_	none	_	_	_	_	_	_
293-11	BO104	293	293	11	da	da	_	_	_	_	_	linguistic	_	none	_	_	_	_	_	_
293-12	BO104	293	293	12	diverse	diverse	_	_	_	_	_	linguistic	_	none	_	_	_	_	_	_
293-13	BO104	293	293	13	prospettive	prospettive	_	_	_	_	_	linguistic	_	none	_	_	_	_	_	_
293-14	BO104	293	293	14	è	è	_	_	_	_	_	linguistic	_	none	_	_	_	_	_	_
293-15	BO104	293	293	15	vero	vero	_	_	_	_	_	linguistic	_	none	_	_	_	_	_	_
293-16	BO104	293	293	16	che	che	_	_	_	_	_	linguistic	_	none	_	End=1058.868	_	_	_	_
294-0	BO105	294	294	0	{ride}	{ride}	_	_	_	_	_	nonverbalbehavior	_	none	_	Begin=1055.38|End=1056.185	_	_	_	_
295-0	BO104	295	295	0	se	se	_	_	_	_	_	linguistic	_	none	_	Begin=1059.135	_	_	_	_
295-1	BO104	295	295	1	se	se	_	_	_	_	_	linguistic	_	none	_	_	_	_	_	_
295-2	BO104	295	295	2	hai	hai	_	_	_	_	_	linguistic	_	none	_	_	_	_	_	_
295-3	BO104	295	295	3	un::	un	_	_	_	_	_	linguistic	_	none	_	_	1x2	_	_	_
295-4	BO104	295	295	4	diciamo	diciamo	_	_	_	_	_	linguistic	_	none	_	_	_	_	_	_
295-5	BO104	295	295	5	un	un	_	_	_	_	_	linguistic	_	none	_	_	_	_	_	_
295-6	BO104	295	295	6	blocco	blocco	_	_	_	_	_	linguistic	_	none	_	_	_	_	_	_
295-7	BO104	295	295	7	un	un	_	_	_	_	_	linguistic	_	none	_	_	_	_	_	_
295-8	BO104	295	295	8	qualcosa	qualcosa	_	_	_	_	_	linguistic	_	none	_	_	_	_	_	_
295-9	BO104	295	295	9	che	che	_	_	_	_	_	linguistic	_	none	_	_	_	_	_	_
295-10	BO104	295	295	10	ti	ti	_	_	_	_	_	linguistic	_	none	_	_	_	_	_	_
295-11	BO104	295	295	11	fa	fa	_	_	_	_	_	linguistic	_	none	_	_	_	_	_	_
295-12	BO104	295	295	12	paura,	paura	_	_	_	_	_	linguistic	_	none	Intonation=WeaklyRising	_	_	_	_	_
295-13	BO104	295	295	13	certamente	certamente	_	_	_	_	_	linguistic	_	none	_	_	_	_	_	_
295-14	BO104	295	295	14	il	il	_	_	_	_	_	linguistic	_	none	_	_	_	_	_	_
295-15	BO104	295	295	15	fatto	fatto	_	_	_	_	_	linguistic	_	none	_	_	_	_	_	_
295-16	BO104	295	295	16	di	di	_	_	_	_	_	linguistic	_	none	_	_	_	_	_	_
295-17	BO104	295	295	17	scontrarsi	scontrarsi	_	_	_	_	_	linguistic	_	none	_	_	_	_	_	_
295-18	BO104	295	295	18	o	o	_	_	_	_	_	linguistic	_	none	_	_	_	_	_	_
295-19	BO104	295	295	19	di	di	_	_	_	_	_	linguistic	_	none	PauseAfter=Yes	_	_	_	_	_
295-20	BO104	295	295	20	{P}	{P}	_	_	_	_	_	shortpause	_	none	_	_	_	_	_	_
295-21	BO104	295	295	21	afforntare	afforntare	_	_	_	_	_	linguistic	_	none	_	_	_	_	_	_
295-22	BO104	295	295	22	più	più	_	_	_	_	_	linguistic	_	none	_	_	_	_	_	_
295-23	BO104	295	295	23	volte	volte	_	_	_	_	_	linguistic	_	none	_	End=1066.263	_	_	_	_
296-0	BO105	296	296	0	sì	sì	_	_	_	_	_	linguistic	_	none	_	Begin=1066.475|End=1066.71	_	_	_	_
297-0	BO104	297	297	0	una	una	_	_	_	_	_	linguistic	_	none	_	Begin=1066.755	_	_	_	_
297-1	BO104	297	297	1	situazione	situazione	_	_	_	_	_	linguistic	_	none	_	_	_	_	_	_
297-2	BO104	297	297	2	stressante	stressante	_	_	_	_	_	linguistic	_	none	_	_	_	_	_	_
297-3	BO104	297	297	3	può	può	_	_	_	_	_	linguistic	_	none	_	_	_	_	_	_
297-4	BO104	297	297	4	portare	portare	_	_	_	_	_	linguistic	_	none	_	_	_	_	_	_
297-5	BO104	297	297	5	ad	ad	_	_	_	_	_	linguistic	_	none	_	_	_	_	_	_
297-6	BO104	297	297	6	abitu[arti,	abituarti	_	_	_	_	_	linguistic	_	none	Intonation=WeaklyRising	_	_	_	_	5-9(58)
297-7	BO104	297	297	7	eh].	eh	_	_	_	_	_	linguistic	_	none	Intonation=Falling	End=1070.42	_	_	_	0-2(58)
298-0	BO105	298	298	0	[può	può	_	_	_	_	_	linguistic	_	none	PauseAfter=Yes	Begin=1069.658	_	_	_	0-3(58)
298-1	BO105	298	298	1	{P}	{P}	_	_	_	_	_	shortpause	_	none	_	_	_	_	_	0-3(58)
298-2	BO105	298	298	2	sì].	sì	_	_	_	_	_	linguistic	_	none	Intonation=Falling	End=1070.385	_	_	_	0-2(58)
299-0	BO105	299	299	0	non	non	_	_	_	_	_	linguistic	_	none	_	Begin=1070.491	_	_	_	_
299-1	BO105	299	299	1	lo	lo	_	_	_	_	_	linguistic	_	none	_	_	_	_	_	_
299-2	BO105	299	299	2	s~	s~	_	_	_	_	_	linguistic	_	none	Interrupted=Yes	_	_	_	_	_
299-3	BO105	299	299	3	non	non	_	_	_	_	_	linguistic	_	none	_	_	_	_	_	_
299-4	BO105	299	299	4	so.	so	_	_	_	_	_	linguistic	_	none	Intonation=Falling	_	_	_	_	_
299-5	BO105	299	299	5	{ride}	{ride}	_	_	_	_	_	nonverbalbehavior	_	none	_	End=1072.61	_	_	_	_
300-0	BO105	300	300	0	e::hm	ehm	_	_	_	_	_	linguistic	_	none	_	Begin=1073.04|End=1074.923	0x2	_	_	_
301-0	BO105	301	301	0	poi	poi	_	_	_	_	_	linguistic	_	none	_	Begin=1076.255	_	_	_	_
301-1	BO105	301	301	1	di	di	_	_	_	_	_	linguistic	_	none	_	_	_	_	_	_
301-2	BO105	301	301	2	fattori	fattori	_	_	_	_	_	linguistic	_	none	_	_	_	_	_	_
301-3	BO105	301	301	3	interni,	interni	_	_	_	_	_	linguistic	_	none	Intonation=WeaklyRising	_	_	_	_	_
301-4	BO105	301	301	4	e::hm	ehm	_	_	_	_	_	linguistic	_	none	_	End=1079.13	0x2	_	_	_
302-0	BO104	302	302	0	quindi	quindi	_	_	_	_	_	linguistic	_	none	_	Begin=1079.168	_	_	_	_
302-1	BO104	302	302	1	mi:	mi	_	_	_	_	_	linguistic	_	none	_	_	1x1	_	_	_
302-2	BO104	302	302	2	il	il	_	_	_	_	_	linguistic	_	none	_	_	_	_	_	_
302-3	BO104	302	302	3	fattore,	fattore	_	_	_	_	_	linguistic	_	none	Intonation=WeaklyRising	_	_	_	_	_
302-4	BO104	302	302	4	ansia.	ansia	_	_	_	_	_	linguistic	_	none	Intonation=Falling	_	_	_	_	_
302-5	BO104	302	302	5	è	è	_	_	_	_	_	linguistic	_	none	_	_	_	_	_	_
302-6	BO104	302	302	6	anche	anche	_	_	_	_	_	linguistic	_	none	_	_	_	_	_	_
302-7	BO104	302	302	7	un	un	_	_	_	_	_	linguistic	_	none	_	_	_	_	_	_
302-8	BO104	302	302	8	fattore	fattore	_	_	_	_	_	linguistic	_	none	_	_	_	_	_	_
302-9	BO104	302	302	9	che	che	_	_	_	_	_	linguistic	_	none	_	_	_	_	_	_
302-10	BO104	302	302	10	però,	però	_	_	_	_	_	linguistic	_	none	Intonation=WeaklyRising	_	_	_	_	_
302-11	BO104	302	302	11	può:	può	_	_	_	_	_	linguistic	_	none	_	_	2x1	_	_	_
302-12	BO104	302	302	12	avere	avere	_	_	_	_	_	linguistic	_	none	_	_	_	_	_	_
302-13	BO104	302	302	13	anche	anche	_	_	_	_	_	linguistic	_	none	_	_	_	_	_	_
302-14	BO104	302	302	14	dei	dei	_	_	_	_	_	linguistic	_	none	_	_	_	_	_	_
302-15	BO104	302	302	15	risvolt[i::]	risvolti	_	_	_	_	_	linguistic	_	none	_	End=1084.863	7x2	_	_	7-8(59)
303-0	BO105	303	303	0	[pos]itivi.	positivi	_	_	_	_	_	linguistic	_	none	Intonation=Falling	Begin=1084.523	_	_	_	0-3(59)
303-1	BO105	303	303	1	sì,	sì	_	_	_	_	_	linguistic	_	none	Intonation=WeaklyRising	_	_	_	_	_
303-2	BO105	303	303	2	può	può	_	_	_	_	_	linguistic	_	none	_	_	_	_	_	_
303-3	BO105	303	303	3	avere	avere	_	_	_	_	_	linguistic	_	none	_	_	_	_	_	_
303-4	BO105	303	303	4	dei	dei	_	_	_	_	_	linguistic	_	none	_	_	_	_	_	_
303-5	BO105	303	303	5	risfor~	risfor~	_	_	_	_	_	linguistic	_	none	Interrupted=Yes	_	_	_	_	_
303-6	BO105	303	303	6	dei	dei	_	_	_	_	_	linguistic	_	none	_	_	_	_	_	_
303-7	BO105	303	303	7	risvolti	risvolti	_	_	_	_	_	linguistic	_	none	_	_	_	_	_	_
303-8	BO105	303	303	8	anche	anche	_	_	_	_	_	linguistic	_	none	_	_	_	_	_	_
303-9	BO105	303	303	9	positivi	positivi	_	_	_	_	_	linguistic	_	none	_	_	_	_	_	_
303-10	BO105	303	303	10	in	in	_	_	_	_	_	linguistic	_	none	_	_	_	_	_	_
303-11	BO105	303	303	11	quanto,	quanto	_	_	_	_	_	linguistic	_	none	Intonation=WeaklyRising	End=1087.876	_	_	_	_
304-0	BO105	304	304	0	un'	un'	_	_	_	_	_	linguistic	_	none	SpaceAfter=No	Begin=1088.57	_	_	_	_
304-1	BO105	304	304	1	ansia,	ansia	_	_	_	_	_	linguistic	_	none	Intonation=WeaklyRising	_	_	_	_	_
304-2	BO105	304	304	2	non	non	_	_	_	_	_	linguistic	_	none	_	_	_	_	_	_
304-3	BO105	304	304	3	troppo	troppo	_	_	_	_	_	linguistic	_	none	_	_	_	_	_	_
304-4	BO105	304	304	4	accentuata,	accentuata	_	_	_	_	_	linguistic	_	none	Intonation=WeaklyRising	_	_	_	_	_
304-5	BO105	304	304	5	porta	porta	_	_	_	_	_	linguistic	_	none	_	_	_	_	_	_
304-6	BO105	304	304	6	lo	lo	_	_	_	_	_	linguistic	_	none	_	_	_	_	_	_
304-7	BO105	304	304	7	studente	studente	_	_	_	_	_	linguistic	_	none	_	_	_	_	_	_
304-8	BO105	304	304	8	a	a	_	_	_	_	_	linguistic	_	none	_	_	_	_	_	_
304-9	BO105	304	304	9	essere	essere	_	_	_	_	_	linguistic	_	none	_	_	_	_	_	_
304-10	BO105	304	304	10	lucido	lucido	_	_	_	_	_	linguistic	_	none	_	_	_	_	_	_
304-11	BO105	304	304	11	durante	durante	_	_	_	_	_	linguistic	_	none	_	_	_	_	_	_
304-12	BO105	304	304	12	a	a	_	_	_	_	_	linguistic	_	none	_	_	_	_	_	_
304-13	BO105	304	304	13	un'	un'	_	_	_	_	_	linguistic	_	none	SpaceAfter=No	_	_	_	_	_
304-14	BO105	304	304	14	interrog~	interrog~	_	_	_	_	_	linguistic	_	none	Interrupted=Yes	_	_	_	_	_
304-15	BO105	304	304	15	durante	durante	_	_	_	_	_	linguistic	_	none	_	_	_	_	_	_
304-16	BO105	304	304	16	un'	un'	_	_	_	_	_	linguistic	_	none	SpaceAfter=No	_	_	_	_	_
304-17	BO105	304	304	17	interrogazione,	interrogazione	_	_	_	_	_	linguistic	_	none	Intonation=WeaklyRising	_	_	_	_	_
304-18	BO105	304	304	18	durante	durante	_	_	_	_	_	linguistic	_	none	_	_	_	_	_	_
304-19	BO105	304	304	19	una	una	_	_	_	_	_	linguistic	_	none	_	_	_	_	_	_
304-20	BO105	304	304	20	produzione.	produzione	_	_	_	_	_	linguistic	_	none	Intonation=Falling	End=1095.72	_	_	_	_
305-0	BO105	305	305	0	m::	m	_	_	_	_	_	linguistic	_	none	_	Begin=1096.71|End=1097.685	0x2	_	_	_
306-0	BO105	306	306	0	altri	altri	_	_	_	_	_	linguistic	_	none	_	Begin=1099.465	_	_	_	_
306-1	BO105	306	306	1	fattori	fattori	_	_	_	_	_	linguistic	_	none	_	_	_	_	_	_
306-2	BO105	306	306	2	interni	interni	_	_	_	_	_	linguistic	_	none	_	_	_	_	_	_
306-3	BO105	306	306	3	sono::	sono	_	_	_	_	_	linguistic	_	none	_	_	3x2	_	_	_
306-4	BO105	306	306	4	gli	gli	_	_	_	_	_	linguistic	_	none	_	_	_	_	_	_
306-5	BO105	306	306	5	stili	stili	_	_	_	_	_	linguistic	_	none	_	_	_	_	_	_
306-6	BO105	306	306	6	cognitivi	cognitivi	_	_	_	_	_	linguistic	_	none	_	_	_	_	_	_
306-7	BO105	306	306	7	appunto,	appunto	_	_	_	_	_	linguistic	_	none	Intonation=WeaklyRising	End=1102.776	_	_	_	_
307-0	BO105	307	307	0	e::h	eh	_	_	_	_	_	linguistic	_	none	_	Begin=1103.091	0x2	_	_	_
307-1	BO105	307	307	1	che	che	_	_	_	_	_	linguistic	_	none	_	_	_	_	_	_
307-2	BO105	307	307	2	son	son	_	_	_	_	_	linguistic	_	none	_	_	_	_	_	_
307-3	BO105	307	307	3	t~	t~	_	_	_	_	_	linguistic	_	none	Interrupted=Yes	_	_	_	_	_
307-4	BO105	307	307	4	divergono	divergono	_	_	_	_	_	linguistic	_	none	_	_	_	_	_	_
307-5	BO105	307	307	5	da:	da	_	_	_	_	_	linguistic	_	none	_	_	1x1	_	_	_
307-6	BO105	307	307	6	da	da	_	_	_	_	_	linguistic	_	none	_	_	_	_	_	_
307-7	BO105	307	307	7	studente	studente	_	_	_	_	_	linguistic	_	none	_	_	_	_	_	_
307-8	BO105	307	307	8	a	a	_	_	_	_	_	linguistic	_	none	_	_	_	_	_	_
307-9	BO105	307	307	9	studente,	studente	_	_	_	_	_	linguistic	_	none	Intonation=WeaklyRising	End=1107.051	_	_	_	_
308-0	BO105	308	308	0	e:	e	_	_	_	_	_	linguistic	_	none	_	Begin=1107.798	0x1	_	_	_
308-1	BO105	308	308	1	possono	possono	_	_	_	_	_	linguistic	_	none	_	_	_	_	_	_
308-2	BO105	308	308	2	ess~	ess~	_	_	_	_	_	linguistic	_	none	Interrupted=Yes|PauseAfter=Yes	_	_	_	_	_
308-3	BO105	308	308	3	{P}	{P}	_	_	_	_	_	shortpause	_	none	_	_	_	_	_	_
308-4	BO105	308	308	4	diciamo	diciamo	_	_	_	_	_	linguistic	_	none	PauseAfter=Yes	_	_	_	_	_
308-5	BO105	308	308	5	{P}	{P}	_	_	_	_	_	shortpause	_	none	_	_	_	_	_	_
308-6	BO105	308	308	6	tramite	tramite	_	_	_	_	_	linguistic	_	none	_	_	_	_	_	_
308-7	BO105	308	308	7	la	la	_	_	_	_	_	linguistic	_	none	_	_	_	_	_	_
308-8	BO105	308	308	8	comunicazione	comunicazione	_	_	_	_	_	linguistic	_	none	_	_	_	_	_	_
308-9	BO105	308	308	9	tra	tra	_	_	_	_	_	linguistic	_	none	_	_	_	_	_	_
308-10	BO105	308	308	10	studente	studente	_	_	_	_	_	linguistic	_	none	_	_	_	_	_	_
308-11	BO105	308	308	11	e	e	_	_	_	_	_	linguistic	_	none	_	_	_	_	_	_
308-12	BO105	308	308	12	insegnante	insegnante	_	_	_	_	_	linguistic	_	none	_	_	_	_	_	_
308-13	BO105	308	308	13	possono	possono	_	_	_	_	_	linguistic	_	none	_	_	_	_	_	_
308-14	BO105	308	308	14	essere	essere	_	_	_	_	_	linguistic	_	none	_	_	_	_	_	_
308-15	BO105	308	308	15	esplicitati	esplicitati	_	_	_	_	_	linguistic	_	none	_	_	_	_	_	_
308-16	BO105	308	308	16	e	e	_	_	_	_	_	linguistic	_	none	_	_	_	_	_	_
308-17	BO105	308	308	17	quindi	quindi	_	_	_	_	_	linguistic	_	none	_	_	_	_	_	_
308-18	BO105	308	308	18	l'	l'	_	_	_	_	_	linguistic	_	none	SpaceAfter=No	_	_	_	_	_
308-19	BO105	308	308	19	insegnante	insegnante	_	_	_	_	_	linguistic	_	none	_	_	_	_	_	_
308-20	BO105	308	308	20	può	può	_	_	_	_	_	linguistic	_	none	_	_	_	_	_	_
308-21	BO105	308	308	21	andare	andare	_	_	_	_	_	linguistic	_	none	_	_	_	_	_	_
308-22	BO105	308	308	22	contro	contro	_	_	_	_	_	linguistic	_	none	_	_	_	_	_	_
308-23	BO105	308	308	23	gli	gli	_	_	_	_	_	linguistic	_	none	_	_	_	_	_	_
308-24	BO105	308	308	24	stili	stili	_	_	_	_	_	linguistic	_	none	_	_	_	_	_	_
308-25	BO105	308	308	25	cognitivi,	cognitivi	_	_	_	_	_	linguistic	_	none	Intonation=WeaklyRising	End=1115.215	_	_	_	_
309-0	BO105	309	309	0	soprattutto	soprattutto	_	_	_	_	_	linguistic	_	none	_	Begin=1115.531	_	_	_	_
309-1	BO105	309	309	1	magari	magari	_	_	_	_	_	linguistic	_	none	_	_	_	_	_	_
309-2	BO105	309	309	2	in	in	_	_	_	_	_	linguistic	_	none	_	_	_	_	_	_
309-3	BO105	309	309	3	classi	classi	_	_	_	_	_	linguistic	_	none	_	_	_	_	_	_
309-4	BO105	309	309	4	più	più	_	_	_	_	_	linguistic	_	none	_	_	_	_	_	_
309-5	BO105	309	309	5	ridotte	ridotte	_	_	_	_	_	linguistic	_	none	_	_	_	_	_	_
309-6	BO105	309	309	6	si	si	_	_	_	_	_	linguistic	_	none	_	_	_	_	_	_
309-7	BO105	309	309	7	riesce	riesce	_	_	_	_	_	linguistic	_	none	_	End=1118.361	_	_	_	_
310-0	BO105	310	310	0	ad	ad	_	_	_	_	_	linguistic	_	none	_	Begin=1118.85	_	_	_	_
310-1	BO105	310	310	1	andare	andare	_	_	_	_	_	linguistic	_	none	_	_	_	_	_	_
310-2	BO105	310	310	2	incontro	incontro	_	_	_	_	_	linguistic	_	none	_	_	_	_	_	_
310-3	BO105	310	310	3	al	al	_	_	_	_	_	linguistic	_	none	_	_	_	_	_	_
310-4	BO105	310	310	4	metodo	metodo	_	_	_	_	_	linguistic	_	none	_	_	_	_	_	_
310-5	BO105	310	310	5	di	di	_	_	_	_	_	linguistic	_	none	_	_	_	_	_	_
310-6	BO105	310	310	6	studio	studio	_	_	_	_	_	linguistic	_	none	_	_	_	_	_	_
310-7	BO105	310	310	7	ti	ti	_	_	_	_	_	linguistic	_	none	_	_	_	_	_	_
310-8	BO105	310	310	8	tutti.	tutti	_	_	_	_	_	linguistic	_	none	Intonation=Falling	End=1121.305	_	_	_	_
311-0	BO105	311	311	0	e::hm.	ehm	_	_	_	_	_	linguistic	_	none	Intonation=Falling	Begin=1122.403|End=1124.018	0x2	_	_	_
312-0	BO105	312	312	0	come	come	_	_	_	_	_	linguistic	_	none	_	Begin=1125.32	_	_	_	_
312-1	BO105	312	312	1	fattori	fattori	_	_	_	_	_	linguistic	_	none	_	_	_	_	_	_
312-2	BO105	312	312	2	interni::	interni	_	_	_	_	_	linguistic	_	none	_	End=1127.026	6x2	_	_	_
313-0	BO105	313	313	0	direi	direi	_	_	_	_	_	linguistic	_	none	_	Begin=1130.943	_	_	_	_
313-1	BO105	313	313	1	che	che	_	_	_	_	_	linguistic	_	none	_	_	_	_	_	_
313-2	BO105	313	313	2	c'	c'	_	_	_	_	_	linguistic	_	none	SpaceAfter=No	_	_	_	_	_
313-3	BO105	313	313	3	è	è	_	_	_	_	_	linguistic	_	none	_	_	_	_	_	_
313-4	BO105	313	313	4	eh.	eh	_	_	_	_	_	linguistic	_	none	Intonation=Falling	End=1132.695	_	_	_	_
314-0	BO104	314	314	0	[sì,	sì	_	_	_	_	_	linguistic	_	none	Intonation=WeaklyRising	Begin=1133.783	_	_	_	0-2(60)
314-1	BO104	314	314	1	sulla	sulla	_	_	_	_	_	linguistic	_	none	_	_	_	_	_	0-5(60)
314-2	BO104	314	314	2	biografia]	biografia	_	_	_	_	_	linguistic	_	none	_	_	_	_	_	0-9(60)
314-3	BO104	314	314	3	linguistica	linguistica	_	_	_	_	_	linguistic	_	none	_	_	_	_	_	_
314-4	BO104	314	314	4	magari.	magari	_	_	_	_	_	linguistic	_	none	Intonation=Falling	_	_	_	_	_
314-5	BO104	314	314	5	[ci	ci	_	_	_	_	_	linguistic	_	none	_	_	_	_	_	0-2(61)
314-6	BO104	314	314	6	sono	sono	_	_	_	_	_	linguistic	_	none	_	_	_	_	_	0-4(61)
314-7	BO104	314	314	7	alcuni	alcuni	_	_	_	_	_	linguistic	_	none	_	_	_	_	_	0-6(61)
314-8	BO104	314	314	8	aspetti]	aspetti	_	_	_	_	_	linguistic	_	none	_	_	_	_	_	0-7(61)
314-9	BO104	314	314	9	legati	legati	_	_	_	_	_	linguistic	_	none	_	_	_	_	_	_
314-10	BO104	314	314	10	alla	alla	_	_	_	_	_	linguistic	_	none	_	_	_	_	_	_
314-11	BO104	314	314	11	biografia	biografia	_	_	_	_	_	linguistic	_	none	_	_	_	_	_	_
314-12	BO104	314	314	12	linguistica.	linguistica	_	_	_	_	_	linguistic	_	none	Intonation=Falling	End=1139.1	_	_	_	_
315-0	BO105	315	315	0	[non	non	_	_	_	_	_	linguistic	_	none	_	Begin=1133.858	_	_	_	0-3(60)
315-1	BO105	315	315	1	mi	mi	_	_	_	_	_	linguistic	_	none	_	_	_	_	_	0-2(60)
315-2	BO105	315	315	2	viene	viene	_	_	_	_	_	linguistic	_	none	_	_	_	_	_	0-5(60)
315-3	BO105	315	315	3	insieme::]	insieme	_	_	_	_	_	linguistic	_	none	_	End=1135.108	6x2	_	_	0-7(60)
316-0	BO105	316	316	0	[si:,	si	_	_	_	_	_	linguistic	_	none	Intonation=WeaklyRising	Begin=1136.266	1x1	_	_	0-2(61)
316-1	BO105	316	316	1	e::hm].	ehm	_	_	_	_	_	linguistic	_	none	Intonation=Falling	End=1137.323	0x2	_	_	0-3(61)
317-0	BO105	317	317	0	cioè	cioè	_	_	_	_	_	linguistic	_	none	_	Begin=1139.13	_	_	_	_
317-1	BO105	317	317	1	le	le	_	_	_	_	_	linguistic	_	none	_	_	_	_	_	_
317-2	BO105	317	317	2	li~	li~	_	_	_	_	_	linguistic	_	none	Interrupted=Yes	_	_	_	_	_
317-3	BO105	317	317	3	le	le	_	_	_	_	_	linguistic	_	none	_	_	_	_	_	_
317-4	BO105	317	317	4	lingue	lingue	_	_	_	_	_	linguistic	_	none	_	_	_	_	_	_
317-5	BO105	317	317	5	che::	che	_	_	_	_	_	linguistic	_	none	_	End=1140.771	2x2	_	_	_
318-0	BO105	318	318	0	le	le	_	_	_	_	_	linguistic	_	none	_	Begin=1141.605	_	_	_	_
318-1	BO105	318	318	1	esperienze.	esperienze	_	_	_	_	_	linguistic	_	none	Intonation=Falling	_	_	_	_	_
318-2	BO105	318	318	2	le	le	_	_	_	_	_	linguistic	_	none	_	_	_	_	_	_
318-3	BO105	318	318	3	v~	v~	_	_	_	_	_	linguistic	_	none	Interrupted=Yes	_	_	_	_	_
318-4	BO105	318	318	4	le	le	_	_	_	_	_	linguistic	_	none	_	_	_	_	_	_
318-5	BO105	318	318	5	varie	varie	_	_	_	_	_	linguistic	_	none	_	_	_	_	_	_
318-6	BO105	318	318	6	esperienze	esperienze	_	_	_	_	_	linguistic	_	none	_	_	_	_	_	_
318-7	BO105	318	318	7	e	e	_	_	_	_	_	linguistic	_	none	_	_	_	_	_	_
318-8	BO105	318	318	8	le	le	_	_	_	_	_	linguistic	_	none	_	_	_	_	_	_
318-9	BO105	318	318	9	varie	varie	_	_	_	_	_	linguistic	_	none	_	_	_	_	_	_
318-10	BO105	318	318	10	lingue	lingue	_	_	_	_	_	linguistic	_	none	_	_	_	_	_	_
318-11	BO105	318	318	11	che	che	_	_	_	_	_	linguistic	_	none	_	_	_	_	_	_
318-12	BO105	318	318	12	gli	gli	_	_	_	_	_	linguistic	_	none	_	_	_	_	_	_
318-13	BO105	318	318	13	studenti	studenti	_	_	_	_	_	linguistic	_	none	_	_	_	_	_	_
318-14	BO105	318	318	14	sanno	sanno	_	_	_	_	_	linguistic	_	none	_	_	_	_	_	_
318-15	BO105	318	318	15	in	in	_	_	_	_	_	linguistic	_	none	_	_	_	_	_	_
318-16	BO105	318	318	16	precedenza,	precedenza	_	_	_	_	_	linguistic	_	none	Intonation=WeaklyRising	_	_	_	_	_
318-17	BO105	318	318	17	sicuramente	sicuramente	_	_	_	_	_	linguistic	_	none	_	_	_	_	_	_
318-18	BO105	318	318	18	influscono	influscono	_	_	_	_	_	linguistic	_	none	_	_	_	_	_	_
318-19	BO105	318	318	19	sul	sul	_	_	_	_	_	linguistic	_	none	_	_	_	_	_	_
318-20	BO105	318	318	20	processo	processo	_	_	_	_	_	linguistic	_	none	_	_	_	_	_	_
318-21	BO105	318	318	21	di	di	_	_	_	_	_	linguistic	_	none	PauseAfter=Yes	_	_	_	_	_
318-22	BO105	318	318	22	{P}	{P}	_	_	_	_	_	shortpause	_	none	_	_	_	_	_	_
318-23	BO105	318	318	23	apprendimento	apprendimento	_	_	_	_	_	linguistic	_	none	_	_	_	_	_	_
318-24	BO105	318	318	24	e	e	_	_	_	_	_	linguistic	_	none	_	_	_	_	_	_
318-25	BO105	318	318	25	insegnamento.	insegnamento	_	_	_	_	_	linguistic	_	none	Intonation=Falling	End=1148.7	_	_	_	_
319-0	BO104	319	319	0	mhmh	mhmh	_	_	_	_	_	linguistic	_	none	_	Begin=1148.72|End=1149.13	_	_	_	_
320-0	BO105	320	320	0	in	in	_	_	_	_	_	linguistic	_	none	_	Begin=1149.158	_	_	_	_
320-1	BO105	320	320	1	quanto	quanto	_	_	_	_	_	linguistic	_	none	_	_	_	_	_	_
320-2	BO105	320	320	2	appunto	appunto	_	_	_	_	_	linguistic	_	none	PauseAfter=Yes	_	_	_	_	_
320-3	BO105	320	320	3	{P}	{P}	_	_	_	_	_	shortpause	_	none	_	_	_	_	_	_
320-4	BO105	320	320	4	le	le	_	_	_	_	_	linguistic	_	none	_	_	_	_	_	_
320-5	BO105	320	320	5	lingue	lingue	_	_	_	_	_	linguistic	_	none	_	_	_	_	_	_
320-6	BO105	320	320	6	come	come	_	_	_	_	_	linguistic	_	none	_	_	_	_	_	_
320-7	BO105	320	320	7	tutti	tutti	_	_	_	_	_	linguistic	_	none	_	_	_	_	_	_
320-8	BO105	320	320	8	gli	gli	_	_	_	_	_	linguistic	_	none	_	_	_	_	_	_
320-9	BO105	320	320	9	apprendimenti	apprendimenti	_	_	_	_	_	linguistic	_	none	_	_	_	_	_	_
320-10	BO105	320	320	10	non	non	_	_	_	_	_	linguistic	_	none	_	_	_	_	_	_
320-11	BO105	320	320	11	sono	sono	_	_	_	_	_	linguistic	_	none	_	_	_	_	_	_
320-12	BO105	320	320	12	divise:	divise	_	_	_	_	_	linguistic	_	none	ProsodicLink=Yes	_	5x1	_	_	_
320-13	BO105	320	320	13	in	in	_	_	_	_	_	linguistic	_	none	PauseAfter=Yes	_	_	_	_	_
320-14	BO105	320	320	14	{P}	{P}	_	_	_	_	_	shortpause	_	none	_	_	_	_	_	_
320-15	BO105	320	320	15	compartimenti	compartimenti	_	_	_	_	_	linguistic	_	none	_	_	_	_	_	_
320-16	BO105	320	320	16	stagni	stagni	_	_	_	_	_	linguistic	_	none	_	_	_	_	_	_
320-17	BO105	320	320	17	ma	ma	_	_	_	_	_	linguistic	_	none	_	_	_	_	_	_
320-18	BO105	320	320	18	si	si	_	_	_	_	_	linguistic	_	none	_	_	_	_	_	_
320-19	BO105	320	320	19	influenzano.	influenzano	_	_	_	_	_	linguistic	_	none	Intonation=Falling	End=1155.071	_	_	_	_
321-0	BO105	321	321	0	l'	l'	_	_	_	_	_	linguistic	_	none	SpaceAfter=No	Begin=1155.43	_	_	_	_
321-1	BO105	321	321	1	una	una	_	_	_	_	_	linguistic	_	none	_	_	_	_	_	_
321-2	BO105	321	321	2	con	con	_	_	_	_	_	linguistic	_	none	_	_	_	_	_	_
321-3	BO105	321	321	3	[l'	l'	_	_	_	_	_	linguistic	_	none	SpaceAfter=No	_	_	_	_	0-2(62)
321-4	BO105	321	321	4	altra].	altra	_	_	_	_	_	linguistic	_	none	Intonation=Falling	End=1156.35	_	_	_	0-4(62)
322-0	BO104	322	322	0	[mh	mh	_	_	_	_	_	linguistic	_	none	_	Begin=1155.961	_	_	_	0-2(62)
322-1	BO104	322	322	1	mh]	mh	_	_	_	_	_	linguistic	_	none	_	End=1156.435	_	_	_	0-2(62)
323-0	BO104	323	323	0	okay,	okay	_	_	_	_	_	linguistic	_	none	Intonation=WeaklyRising	Begin=1158.09|End=1158.72	_	_	_	_
324-0	BO104	324	324	0	allora	allora	_	_	_	_	_	linguistic	_	none	_	Begin=1160.65	_	_	_	_
324-1	BO104	324	324	1	ti	ti	_	_	_	_	_	linguistic	_	none	_	_	_	_	_	_
324-2	BO104	324	324	2	vorrei	vorrei	_	_	_	_	_	linguistic	_	none	_	_	_	_	_	_
324-3	BO104	324	324	3	fare	fare	_	_	_	_	_	linguistic	_	none	_	_	_	_	_	_
324-4	BO104	324	324	4	un'	un'	_	_	_	_	_	linguistic	_	none	SpaceAfter=No	_	_	_	_	_
324-5	BO104	324	324	5	altra	altra	_	_	_	_	_	linguistic	_	none	_	_	_	_	_	_
324-6	BO104	324	324	6	domanda	domanda	_	_	_	_	_	linguistic	_	none	_	_	_	_	_	_
324-7	BO104	324	324	7	però,	però	_	_	_	_	_	linguistic	_	none	Intonation=WeaklyRising	_	_	_	_	_
324-8	BO104	324	324	8	e::h	eh	_	_	_	_	_	linguistic	_	none	_	_	0x2	_	_	_
324-9	BO104	324	324	9	senza,	senza	_	_	_	_	_	linguistic	_	none	Intonation=WeaklyRising	End=1164.463	_	_	_	_
325-0	BO104	325	325	0	senza	senza	_	_	_	_	_	linguistic	_	none	_	Begin=1167.036	_	_	_	_
325-1	BO104	325	325	1	metterti	metterti	_	_	_	_	_	linguistic	_	none	_	_	_	_	_	_
325-2	BO104	325	325	2	in	in	_	_	_	_	_	linguistic	_	none	_	_	_	_	_	_
325-3	BO104	325	325	3	difficoltà	difficoltà	_	_	_	_	_	linguistic	_	none	_	_	_	_	_	_
325-4	BO104	325	325	4	rispetto	rispetto	_	_	_	_	_	linguistic	_	none	_	_	_	_	_	_
325-5	BO104	325	325	5	alle	alle	_	_	_	_	_	linguistic	_	none	_	_	_	_	_	_
325-6	BO104	325	325	6	slide.	slide	_	_	_	_	_	linguistic	_	none	Intonation=Falling	_	_	_	_	_
325-7	BO104	325	325	7	°però	però	_	_	_	_	_	linguistic	_	none	Volume=low	_	_	_	_	_
325-8	BO104	325	325	8	perché°	perché	_	_	_	_	_	linguistic	_	none	Volume=low	End=1170.301	_	_	_	_
326-0	BO104	326	326	0	dunque.	dunque	_	_	_	_	_	linguistic	_	none	Intonation=Falling	Begin=1177.876	_	_	_	_
326-1	BO104	326	326	1	sulla::,	sulla	_	_	_	_	_	linguistic	_	none	Intonation=WeaklyRising	End=1179.261	4x2	_	_	_
327-0	BO104	327	327	0	sulla	sulla	_	_	_	_	_	linguistic	_	none	_	Begin=1180.743	_	_	_	_
327-1	BO104	327	327	1	didattica	didattica	_	_	_	_	_	linguistic	_	none	_	_	_	_	_	_
327-2	BO104	327	327	2	con	con	_	_	_	_	_	linguistic	_	none	_	_	_	_	_	_
327-3	BO104	327	327	3	le	le	_	_	_	_	_	linguistic	_	none	_	_	_	_	_	_
327-4	BO104	327	327	4	tecnologie,	tecnologie	_	_	_	_	_	linguistic	_	none	Intonation=WeaklyRising	_	_	_	_	_
327-5	BO104	327	327	5	che	che	_	_	_	_	_	linguistic	_	none	_	_	_	_	_	_
327-6	BO104	327	327	6	articoli	articoli	_	_	_	_	_	linguistic	_	none	_	_	_	_	_	_
327-7	BO104	327	327	7	hai	hai	_	_	_	_	_	linguistic	_	none	_	_	_	_	_	_
327-8	BO104	327	327	8	portato?	portato	_	_	_	_	_	linguistic	_	none	Intonation=Rising	End=1183.748	_	_	_	_
328-0	BO105	328	328	0	che	che	_	_	_	_	_	linguistic	_	none	_	Begin=1185.356	_	_	_	_
328-1	BO105	328	328	1	articoli?	articoli	_	_	_	_	_	linguistic	_	none	Intonation=Rising	End=1186.074	_	_	_	_
329-0	BO104	329	329	0	sì.	sì	_	_	_	_	_	linguistic	_	none	Intonation=Falling	Begin=1186.074|End=1186.595	_	_	_	_
330-0	BO104	330	330	0	hai	hai	_	_	_	_	_	linguistic	_	none	_	Begin=1186.805	_	_	_	_
330-1	BO104	330	330	1	portato::	portato	_	_	_	_	_	linguistic	_	none	_	_	6x2	_	_	_
330-2	BO104	330	330	2	ah	ah	_	_	_	_	_	linguistic	_	none	_	_	_	_	_	_
330-3	BO104	330	330	3	dacco[rdo].	daccordo	_	_	_	_	_	linguistic	_	none	Intonation=Falling	End=1189.158	_	_	_	5-8(63)
331-0	BO105	331	331	0	[ah]okay.	ahokay	_	_	_	_	_	linguistic	_	none	Intonation=Falling	Begin=1188.803|End=1189.463	_	_	_	0-2(63)
332-0	BO104	332	332	0	>xxx	xxx	_	_	_	_	_	unknown	_	none	Syllables=3	Begin=1189.961	_	Fast=0-3(0)	_	_
332-1	BO104	332	332	1	computer	computer	_	_	_	_	_	linguistic	_	none	_	_	_	Fast=0-8(0)	_	_
332-2	BO104	332	332	2	assisted	assisted	_	_	_	_	_	linguistic	_	none	_	_	_	Fast=0-8(0)	_	_
332-3	BO104	332	332	3	language	language	_	_	_	_	_	linguistic	_	none	_	_	_	Fast=0-8(0)	_	_
332-4	BO104	332	332	4	learning	learning	_	_	_	_	_	linguistic	_	none	_	_	_	Fast=0-8(0)	_	_
332-5	BO104	332	332	5	research	research	_	_	_	_	_	linguistic	_	none	_	_	_	Fast=0-8(0)	_	_
332-6	BO104	332	332	6	and	and	_	_	_	_	_	linguistic	_	none	_	_	_	Fast=0-3(0)	_	_
332-7	BO104	332	332	7	practice<	practice	_	_	_	_	_	linguistic	_	none	_	End=1193.23	_	Fast=0-8(0)	_	_
333-0	BO104	333	333	0	okay	okay	_	_	_	_	_	linguistic	_	none	PauseAfter=Yes	Begin=1195.885	_	_	_	_
333-1	BO104	333	333	1	{P}	{P}	_	_	_	_	_	shortpause	_	none	_	_	_	_	_	_
333-2	BO104	333	333	2	dal	dal	_	_	_	_	_	linguistic	_	none	_	_	_	_	_	_
333-3	BO104	333	333	3	punto	punto	_	_	_	_	_	linguistic	_	none	_	_	_	_	_	_
333-4	BO104	333	333	4	di	di	_	_	_	_	_	linguistic	_	none	_	_	_	_	_	_
333-5	BO104	333	333	5	vista::	vista	_	_	_	_	_	linguistic	_	none	_	_	4x2	_	_	_
333-6	BO104	333	333	6	della::	della	_	_	_	_	_	linguistic	_	none	_	_	4x2	_	_	_
333-7	BO104	333	333	7	come	come	_	_	_	_	_	linguistic	_	none	_	_	_	_	_	_
333-8	BO104	333	333	8	dire,	dire	_	_	_	_	_	linguistic	_	none	Intonation=WeaklyRising	_	_	_	_	_
333-9	BO104	333	333	9	anche	anche	_	_	_	_	_	linguistic	_	none	_	_	_	_	_	_
333-10	BO104	333	333	10	storico.	storico	_	_	_	_	_	linguistic	_	none	Intonation=Falling	_	_	_	_	_
333-11	BO104	333	333	11	dell'	dell'	_	_	_	_	_	linguistic	_	none	SpaceAfter=No	_	_	_	_	_
333-12	BO104	333	333	12	evoluzione,	evoluzione	_	_	_	_	_	linguistic	_	none	Intonation=WeaklyRising	_	_	_	_	_
333-13	BO104	333	333	13	che	che	_	_	_	_	_	linguistic	_	none	_	_	_	_	_	_
333-14	BO104	333	333	14	le	le	_	_	_	_	_	linguistic	_	none	_	_	_	_	_	_
333-15	BO104	333	333	15	tecnologie,	tecnologie	_	_	_	_	_	linguistic	_	none	Intonation=WeaklyRising	_	_	_	_	_
333-16	BO104	333	333	16	[del	del	_	_	_	_	_	linguistic	_	none	_	_	_	_	_	0-3(64)
333-17	BO104	333	333	17	ruolo]	ruolo	_	_	_	_	_	linguistic	_	none	_	_	_	_	_	0-5(64)
333-18	BO104	333	333	18	che	che	_	_	_	_	_	linguistic	_	none	_	_	_	_	_	_
333-19	BO104	333	333	19	le	le	_	_	_	_	_	linguistic	_	none	_	_	_	_	_	_
333-20	BO104	333	333	20	tecnologie	tecnologie	_	_	_	_	_	linguistic	_	none	_	_	_	_	_	_
333-21	BO104	333	333	21	hanno	hanno	_	_	_	_	_	linguistic	_	none	_	_	_	_	_	_
333-22	BO104	333	333	22	avuto,	avuto	_	_	_	_	_	linguistic	_	none	Intonation=WeaklyRising	_	_	_	_	_
333-23	BO104	333	333	23	nella	nella	_	_	_	_	_	linguistic	_	none	_	_	_	_	_	_
333-24	BO104	333	333	24	didattica	didattica	_	_	_	_	_	linguistic	_	none	_	_	_	_	_	_
333-25	BO104	333	333	25	linguistica,	linguistica	_	_	_	_	_	linguistic	_	none	Intonation=WeaklyRising	End=1205.53	_	_	_	_
334-0	BO105	334	334	0	[sì]	sì	_	_	_	_	_	linguistic	_	none	_	Begin=1202.27|End=1202.76	_	_	_	0-2(64)
335-0	BO104	335	335	0	e::	e	_	_	_	_	_	linguistic	_	none	_	Begin=1206.12	0x2	_	_	_
335-1	BO104	335	335	1	ecco.	ecco	_	_	_	_	_	linguistic	_	none	Intonation=Falling	_	_	_	_	_
335-2	BO104	335	335	2	come	come	_	_	_	_	_	linguistic	_	none	_	_	_	_	_	_
335-3	BO104	335	335	3	si	si	_	_	_	_	_	linguistic	_	none	_	_	_	_	_	_
335-4	BO104	335	335	4	sono::	sono	_	_	_	_	_	linguistic	_	none	_	_	3x2	_	_	_
335-5	BO104	335	335	5	evolute?	evolute	_	_	_	_	_	linguistic	_	none	Intonation=Rising	_	_	_	_	_
335-6	BO104	335	335	6	qual	qual	_	_	_	_	_	linguistic	_	none	_	_	_	_	_	_
335-7	BO104	335	335	7	è,	è	_	_	_	_	_	linguistic	_	none	Intonation=WeaklyRising	_	_	_	_	_
335-8	BO104	335	335	8	come	come	_	_	_	_	_	linguistic	_	none	_	_	_	_	_	_
335-9	BO104	335	335	9	hanno	hanno	_	_	_	_	_	linguistic	_	none	_	_	_	_	_	_
335-10	BO104	335	335	10	modificato:	modificato	_	_	_	_	_	linguistic	_	none	_	_	9x1	_	_	_
335-11	BO104	335	335	11	anche::	anche	_	_	_	_	_	linguistic	_	none	_	_	4x2	_	_	_
335-12	BO104	335	335	12	le	le	_	_	_	_	_	linguistic	_	none	_	_	_	_	_	_
335-13	BO104	335	335	13	metodologie?	metodologie	_	_	_	_	_	linguistic	_	none	Intonation=Rising	End=1213.243	_	_	_	_
336-0	BO105	336	336	0	allora.	allora	_	_	_	_	_	linguistic	_	none	Intonation=Falling	Begin=1213.36	_	_	_	_
336-1	BO105	336	336	1	e::hm	ehm	_	_	_	_	_	linguistic	_	none	_	_	0x2	_	_	_
336-2	BO105	336	336	2	diciamo	diciamo	_	_	_	_	_	linguistic	_	none	_	_	_	_	_	_
336-3	BO105	336	336	3	che::	che	_	_	_	_	_	linguistic	_	none	_	End=1216.106	2x2	_	_	_
337-0	BO105	337	337	0	il	il	_	_	_	_	_	linguistic	_	none	PauseAfter=Yes	Begin=1216.988	_	_	_	_
337-1	BO105	337	337	1	{P}	{P}	_	_	_	_	_	shortpause	_	none	_	_	_	_	_	_
337-2	BO105	337	337	2	la	la	_	_	_	_	_	linguistic	_	none	_	_	_	_	_	_
337-3	BO105	337	337	3	fase	fase	_	_	_	_	_	linguistic	_	none	_	_	_	_	_	_
337-4	BO105	337	337	4	di	di	_	_	_	_	_	linguistic	_	none	_	_	_	_	_	_
337-5	BO105	337	337	5	svuluppo	svuluppo	_	_	_	_	_	linguistic	_	none	_	_	_	_	_	_
337-6	BO105	337	337	6	più	più	_	_	_	_	_	linguistic	_	none	_	_	_	_	_	_
337-7	BO105	337	337	7	grand~	grand~	_	_	_	_	_	linguistic	_	none	Interrupted=Yes	_	_	_	_	_
337-8	BO105	337	337	8	m	m	_	_	_	_	_	linguistic	_	none	_	End=1219.616	_	_	_	_
338-0	BO105	338	338	0	le	le	_	_	_	_	_	linguistic	_	none	_	Begin=1220.29	_	_	_	_
338-1	BO105	338	338	1	m~	m~	_	_	_	_	_	linguistic	_	none	Interrupted=Yes	_	_	_	_	_
338-2	BO105	338	338	2	le	le	_	_	_	_	_	linguistic	_	none	_	_	_	_	_	_
338-3	BO105	338	338	3	tecn~	tecn~	_	_	_	_	_	linguistic	_	none	Interrupted=Yes	_	_	_	_	_
338-4	BO105	338	338	4	le	le	_	_	_	_	_	linguistic	_	none	_	_	_	_	_	_
338-5	BO105	338	338	5	tecnologie,	tecnologie	_	_	_	_	_	linguistic	_	none	Intonation=WeaklyRising	End=1222.833	_	_	_	_
339-0	BO105	339	339	0	diciamo	diciamo	_	_	_	_	_	linguistic	_	none	_	Begin=1222.891	_	_	_	_
339-1	BO105	339	339	1	si	si	_	_	_	_	_	linguistic	_	none	_	_	_	_	_	_
339-2	BO105	339	339	2	sono	sono	_	_	_	_	_	linguistic	_	none	_	_	_	_	_	_
339-3	BO105	339	339	3	inserite	inserite	_	_	_	_	_	linguistic	_	none	_	_	_	_	_	_
339-4	BO105	339	339	4	nell'	nell'	_	_	_	_	_	linguistic	_	none	SpaceAfter=No	_	_	_	_	_
339-5	BO105	339	339	5	insegnamento,	insegnamento	_	_	_	_	_	linguistic	_	none	Intonation=WeaklyRising	_	_	_	_	_
339-6	BO105	339	339	6	a	a	_	_	_	_	_	linguistic	_	none	_	_	_	_	_	_
339-7	BO105	339	339	7	partire	partire	_	_	_	_	_	linguistic	_	none	PauseAfter=Yes	_	_	_	_	_
339-8	BO105	339	339	8	{P}	{P}	_	_	_	_	_	shortpause	_	none	_	_	_	_	_	_
339-9	BO105	339	339	9	all'	all'	_	_	_	_	_	linguistic	_	none	SpaceAfter=No	_	_	_	_	_
339-10	BO105	339	339	10	incirca	incirca	_	_	_	_	_	linguistic	_	none	_	_	_	_	_	_
339-11	BO105	339	339	11	dagli	dagli	_	_	_	_	_	linguistic	_	none	_	_	_	_	_	_
339-12	BO105	339	339	12	anni	anni	_	_	_	_	_	linguistic	_	none	_	_	_	_	_	_
339-13	BO105	339	339	13	novanta.	novanta	_	_	_	_	_	linguistic	_	none	Intonation=Falling	End=1227.568	_	_	_	_
340-0	BO105	340	340	0	e::hm.	ehm	_	_	_	_	_	linguistic	_	none	Intonation=Falling	Begin=1228.126	0x2	_	_	_
340-1	BO105	340	340	1	hanno	hanno	_	_	_	_	_	linguistic	_	none	_	_	_	_	_	_
340-2	BO105	340	340	2	un	un	_	_	_	_	_	linguistic	_	none	_	_	_	_	_	_
340-3	BO105	340	340	3	ruolo	ruolo	_	_	_	_	_	linguistic	_	none	_	_	_	_	_	_
340-4	BO105	340	340	4	sempre	sempre	_	_	_	_	_	linguistic	_	none	_	_	_	_	_	_
340-5	BO105	340	340	5	maggiore	maggiore	_	_	_	_	_	linguistic	_	none	_	_	_	_	_	_
340-6	BO105	340	340	6	appunto	appunto	_	_	_	_	_	linguistic	_	none	_	_	_	_	_	_
340-7	BO105	340	340	7	nell'	nell'	_	_	_	_	_	linguistic	_	none	SpaceAfter=No	_	_	_	_	_
340-8	BO105	340	340	8	apprendimento,	apprendimento	_	_	_	_	_	linguistic	_	none	Intonation=WeaklyRising	End=1232.17	_	_	_	_
341-0	BO105	341	341	0	eh	eh	_	_	_	_	_	linguistic	_	none	_	Begin=1232.751	_	_	_	_
341-1	BO105	341	341	1	si	si	_	_	_	_	_	linguistic	_	none	_	_	_	_	_	_
341-2	BO105	341	341	2	è	è	_	_	_	_	_	linguistic	_	none	_	_	_	_	_	_
341-3	BO105	341	341	3	partiti	partiti	_	_	_	_	_	linguistic	_	none	_	_	_	_	_	_
341-4	BO105	341	341	4	da:	da	_	_	_	_	_	linguistic	_	none	_	_	1x1	_	_	_
341-5	BO105	341	341	5	laboratorio	laboratorio	_	_	_	_	_	linguistic	_	none	_	_	_	_	_	_
341-6	BO105	341	341	6	linguistico,	linguistico	_	_	_	_	_	linguistic	_	none	Intonation=WeaklyRising	_	_	_	_	_
341-7	BO105	341	341	7	da	da	_	_	_	_	_	linguistic	_	none	_	_	_	_	_	_
341-8	BO105	341	341	8	lavagne	lavagne	_	_	_	_	_	linguistic	_	none	_	_	_	_	_	_
341-9	BO105	341	341	9	luminose,	luminose	_	_	_	_	_	linguistic	_	none	Intonation=WeaklyRising	End=1236.353	_	_	_	_
342-0	BO105	342	342	0	e:h	eh	_	_	_	_	_	linguistic	_	none	_	Begin=1236.65	0x1	_	_	_
342-1	BO105	342	342	1	fino	fino	_	_	_	_	_	linguistic	_	none	_	_	_	_	_	_
342-2	BO105	342	342	2	ad	ad	_	_	_	_	_	linguistic	_	none	_	_	_	_	_	_
342-3	BO105	342	342	3	arrivare,	arrivare	_	_	_	_	_	linguistic	_	none	Intonation=WeaklyRising	_	_	_	_	_
342-4	BO105	342	342	4	a	a	_	_	_	_	_	linguistic	_	none	_	_	_	_	_	_
342-5	BO105	342	342	5	e:h	eh	_	_	_	_	_	linguistic	_	none	_	_	0x1	_	_	_
342-6	BO105	342	342	6	sistemi,	sistemi	_	_	_	_	_	linguistic	_	none	Intonation=WeaklyRising	_	_	_	_	_
342-7	BO105	342	342	7	come	come	_	_	_	_	_	linguistic	_	none	_	_	_	_	_	_
342-8	BO105	342	342	8	il	il	_	_	_	_	_	linguistic	_	none	_	_	_	_	_	_
342-9	BO105	342	342	9	cole,	cole	_	_	_	_	_	linguistic	_	none	Intonation=WeaklyRising	_	_	_	_	_
342-10	BO105	342	342	10	o	o	_	_	_	_	_	linguistic	_	none	_	_	_	_	_	_
342-11	BO105	342	342	11	il	il	_	_	_	_	_	linguistic	_	none	_	_	_	_	_	_
342-12	BO105	342	342	12	mole,	mole	_	_	_	_	_	linguistic	_	none	Intonation=WeaklyRising	_	_	_	_	_
342-13	BO105	342	342	13	che	che	_	_	_	_	_	linguistic	_	none	_	_	_	_	_	_
342-14	BO105	342	342	14	sono	sono	_	_	_	_	_	linguistic	_	none	_	_	_	_	_	_
342-15	BO105	342	342	15	computer	computer	_	_	_	_	_	linguistic	_	none	_	_	_	_	_	_
342-16	BO105	342	342	16	assitent	assitent	_	_	_	_	_	linguistic	_	none	_	_	_	_	_	_
342-17	BO105	342	342	17	language	language	_	_	_	_	_	linguistic	_	none	_	_	_	_	_	_
342-18	BO105	342	342	18	learning,	learning	_	_	_	_	_	linguistic	_	none	Intonation=WeaklyRising	End=1244.68	_	_	_	_
343-0	BO105	343	343	0	e	e	_	_	_	_	_	linguistic	_	none	_	Begin=1244.86	_	_	_	_
343-1	BO105	343	343	1	ultimamente	ultimamente	_	_	_	_	_	linguistic	_	none	_	_	_	_	_	_
343-2	BO105	343	343	2	anche	anche	_	_	_	_	_	linguistic	_	none	_	_	_	_	_	_
343-3	BO105	343	343	3	mobile	mobile	_	_	_	_	_	linguistic	_	none	_	_	_	_	_	_
343-4	BO105	343	343	4	assisted	assisted	_	_	_	_	_	linguistic	_	none	_	_	_	_	_	_
343-5	BO105	343	343	5	language	language	_	_	_	_	_	linguistic	_	none	_	_	_	_	_	_
343-6	BO105	343	343	6	learning	learning	_	_	_	_	_	linguistic	_	none	_	End=1247.776	_	_	_	_
344-0	BO104	344	344	0	fa~	fa~	_	_	_	_	_	linguistic	_	none	Interrupted=Yes	Begin=1248.475	_	_	_	_
344-1	BO104	344	344	1	fai	fai	_	_	_	_	_	linguistic	_	none	_	_	_	_	_	_
344-2	BO104	344	344	2	inglese?	inglese	_	_	_	_	_	linguistic	_	none	Intonation=Rising	End=1249.601	_	_	_	_
345-0	BO104	345	345	0	[learning].	learning	_	_	_	_	_	linguistic	_	none	Intonation=Falling	Begin=1250.21	_	_	_	0-8(65)
345-1	BO104	345	345	1	{pronuncia_corretta}	{pronuncia_corretta}	_	_	_	_	_	nonverbalbehavior	_	none	_	End=1250.79	_	_	_	_
346-0	BO105	346	346	0	[no].	no	_	_	_	_	_	linguistic	_	none	Intonation=Falling	Begin=1250.22|End=1250.803	_	_	_	0-2(65)
347-0	BO105	347	347	0	n~	n~	_	_	_	_	_	linguistic	_	none	Interrupted=Yes	Begin=1250.991	_	_	_	_
347-1	BO105	347	347	1	e::h	eh	_	_	_	_	_	linguistic	_	none	_	_	0x2	_	_	_
347-2	BO105	347	347	2	[learning].	learning	_	_	_	_	_	linguistic	_	none	Intonation=Falling	_	_	_	_	0-8(66)
347-3	BO105	347	347	3	no	no	_	_	_	_	_	linguistic	_	none	_	_	_	_	_	_
347-4	BO105	347	347	4	non	non	_	_	_	_	_	linguistic	_	none	_	_	_	_	_	_
347-5	BO105	347	347	5	lo	lo	_	_	_	_	_	linguistic	_	none	_	_	_	_	_	_
347-6	BO105	347	347	6	faccio.	faccio	_	_	_	_	_	linguistic	_	none	Intonation=Falling	End=1254.01	_	_	_	_
348-0	BO104	348	348	0	[okay.	okay	_	_	_	_	_	linguistic	_	none	Intonation=Falling	Begin=1251.286	_	_	_	0-4(66)
348-1	BO104	348	348	1	okay].	okay	_	_	_	_	_	linguistic	_	none	Intonation=Falling	End=1252.718	_	_	_	0-4(66)
349-0	BO105	349	349	0	e::hm	ehm	_	_	_	_	_	linguistic	_	none	_	Begin=1254.61|End=1256.2	0x2	_	_	_
350-0	BO104	350	350	0	sì,	sì	_	_	_	_	_	linguistic	_	none	Intonation=WeaklyRising	Begin=1259.395|End=1259.883	_	_	_	_
351-0	BO105	351	351	0	{ride}	{ride}	_	_	_	_	_	nonverbalbehavior	_	none	_	Begin=1259.845|End=1260.788	_	_	_	_
352-0	BO104	352	352	0	sì	sì	_	_	_	_	_	linguistic	_	none	_	Begin=1260.29	_	_	_	_
352-1	BO104	352	352	1	sì	sì	_	_	_	_	_	linguistic	_	none	_	End=1261.05	_	_	_	_
353-0	BO105	353	353	0	mi	mi	_	_	_	_	_	linguistic	_	none	_	Begin=1261.41	_	_	_	_
353-1	BO105	353	353	1	sono	sono	_	_	_	_	_	linguistic	_	none	_	_	_	_	_	_
353-2	BO105	353	353	2	okay.	okay	_	_	_	_	_	linguistic	_	none	Intonation=Falling	_	_	_	_	_
353-3	BO105	353	353	3	e::hm.	ehm	_	_	_	_	_	linguistic	_	none	Intonation=Falling	End=1263.74	0x2	_	_	_
354-0	BO105	354	354	0	diciamo	diciamo	_	_	_	_	_	linguistic	_	none	_	Begin=1264.226	_	_	_	_
354-1	BO105	354	354	1	appunto	appunto	_	_	_	_	_	linguistic	_	none	_	_	_	_	_	_
354-2	BO105	354	354	2	che	che	_	_	_	_	_	linguistic	_	none	_	_	_	_	_	_
354-3	BO105	354	354	3	queste	queste	_	_	_	_	_	linguistic	_	none	_	_	_	_	_	_
354-4	BO105	354	354	4	tecnologie	tecnologie	_	_	_	_	_	linguistic	_	none	_	_	_	_	_	_
354-5	BO105	354	354	5	hanno	hanno	_	_	_	_	_	linguistic	_	none	_	_	_	_	_	_
354-6	BO105	354	354	6	il	il	_	_	_	_	_	linguistic	_	none	_	_	_	_	_	_
354-7	BO105	354	354	7	ruolo	ruolo	_	_	_	_	_	linguistic	_	none	_	_	_	_	_	_
354-8	BO105	354	354	8	sempre	sempre	_	_	_	_	_	linguistic	_	none	_	_	_	_	_	_
354-9	BO105	354	354	9	maggiore	maggiore	_	_	_	_	_	linguistic	_	none	_	_	_	_	_	_
354-10	BO105	354	354	10	nell'	nell'	_	_	_	_	_	linguistic	_	none	SpaceAfter=No	_	_	_	_	_
354-11	BO105	354	354	11	insegnamento	insegnamento	_	_	_	_	_	linguistic	_	none	_	_	_	_	_	_
354-12	BO105	354	354	12	apprendimento,	apprendimento	_	_	_	_	_	linguistic	_	none	Intonation=WeaklyRising	End=1268.686	_	_	_	_
355-0	BO105	355	355	0	sono	sono	_	_	_	_	_	linguistic	_	none	_	Begin=1268.748	_	_	_	_
355-1	BO105	355	355	1	utilizzate	utilizzate	_	_	_	_	_	linguistic	_	none	_	_	_	_	_	_
355-2	BO105	355	355	2	sia	sia	_	_	_	_	_	linguistic	_	none	_	_	_	_	_	_
355-3	BO105	355	355	3	in	in	_	_	_	_	_	linguistic	_	none	_	_	_	_	_	_
355-4	BO105	355	355	4	classe	classe	_	_	_	_	_	linguistic	_	none	_	_	_	_	_	_
355-5	BO105	355	355	5	nel	nel	_	_	_	_	_	linguistic	_	none	_	_	_	_	_	_
355-6	BO105	355	355	6	sia	sia	_	_	_	_	_	linguistic	_	none	PauseAfter=Yes	_	_	_	_	_
355-7	BO105	355	355	7	{P}	{P}	_	_	_	_	_	shortpause	_	none	_	_	_	_	_	_
355-8	BO105	355	355	8	nell'	nell'	_	_	_	_	_	linguistic	_	none	SpaceAfter=No	_	_	_	_	_
355-9	BO105	355	355	9	ambiente	ambiente	_	_	_	_	_	linguistic	_	none	_	_	_	_	_	_
355-10	BO105	355	355	10	classe	classe	_	_	_	_	_	linguistic	_	none	_	_	_	_	_	_
355-11	BO105	355	355	11	nei	nei	_	_	_	_	_	linguistic	_	none	_	_	_	_	_	_
355-12	BO105	355	355	12	laboraori	laboraori	_	_	_	_	_	linguistic	_	none	_	_	_	_	_	_
355-13	BO105	355	355	13	linguistici	linguistici	_	_	_	_	_	linguistic	_	none	_	_	_	_	_	_
355-14	BO105	355	355	14	quindi	quindi	_	_	_	_	_	linguistic	_	none	_	End=1273.69	_	_	_	_
356-0	BO105	356	356	0	e:h	eh	_	_	_	_	_	linguistic	_	none	_	Begin=1273.77	0x1	_	_	_
356-1	BO105	356	356	1	diciamo	diciamo	_	_	_	_	_	linguistic	_	none	_	_	_	_	_	_
356-2	BO105	356	356	2	che	che	_	_	_	_	_	linguistic	_	none	_	_	_	_	_	_
356-3	BO105	356	356	3	l'	l'	_	_	_	_	_	linguistic	_	none	SpaceAfter=No	_	_	_	_	_
356-4	BO105	356	356	4	insegnante,	insegnante	_	_	_	_	_	linguistic	_	none	Intonation=WeaklyRising	_	_	_	_	_
356-5	BO105	356	356	5	o	o	_	_	_	_	_	linguistic	_	none	_	_	_	_	_	_
356-6	BO105	356	356	6	il	il	_	_	_	_	_	linguistic	_	none	_	_	_	_	_	_
356-7	BO105	356	356	7	tuter,	tuter	_	_	_	_	_	linguistic	_	none	Intonation=WeaklyRising	_	_	_	_	_
356-8	BO105	356	356	8	o	o	_	_	_	_	_	linguistic	_	none	_	_	_	_	_	_
356-9	BO105	356	356	9	il	il	_	_	_	_	_	linguistic	_	none	_	_	_	_	_	_
356-10	BO105	356	356	10	tutor,	tutor	_	_	_	_	_	linguistic	_	none	Intonation=WeaklyRising	_	_	_	_	_
356-11	BO105	356	356	11	in:	in	_	_	_	_	_	linguistic	_	none	_	_	1x1	_	_	_
356-12	BO105	356	356	12	in	in	_	_	_	_	_	linguistic	_	none	_	_	_	_	_	_
356-13	BO105	356	356	13	presenza	presenza	_	_	_	_	_	linguistic	_	none	PauseAfter=Yes	_	_	_	_	_
356-14	BO105	356	356	14	{P}	{P}	_	_	_	_	_	shortpause	_	none	_	_	_	_	_	_
356-15	BO105	356	356	15	aiuta	aiuta	_	_	_	_	_	linguistic	_	none	_	_	_	_	_	_
356-16	BO105	356	356	16	sgli	sgli	_	_	_	_	_	linguistic	_	none	_	_	_	_	_	_
356-17	BO105	356	356	17	studenti.	studenti	_	_	_	_	_	linguistic	_	none	Intonation=Falling	_	_	_	_	_
356-18	BO105	356	356	18	o	o	_	_	_	_	_	linguistic	_	none	_	_	_	_	_	_
356-19	BO105	356	356	19	li:	li	_	_	_	_	_	linguistic	_	none	_	_	1x1	_	_	_
356-20	BO105	356	356	20	uguida,	uguida	_	_	_	_	_	linguistic	_	none	Intonation=WeaklyRising	_	_	_	_	_
356-21	BO105	356	356	21	nel	nel	_	_	_	_	_	linguistic	_	none	_	_	_	_	_	_
356-22	BO105	356	356	22	processo	processo	_	_	_	_	_	linguistic	_	none	_	_	_	_	_	_
356-23	BO105	356	356	23	di	di	_	_	_	_	_	linguistic	_	none	_	_	_	_	_	_
356-24	BO105	356	356	24	autoapprendimento,	autoapprendimento	_	_	_	_	_	linguistic	_	none	Intonation=WeaklyRising	End=1283.77	_	_	_	_
357-0	BO105	357	357	0	oppure	oppure	_	_	_	_	_	linguistic	_	none	_	Begin=1283.92	_	_	_	_
357-1	BO105	357	357	1	possono	possono	_	_	_	_	_	linguistic	_	none	_	_	_	_	_	_
357-2	BO105	357	357	2	essere,	essere	_	_	_	_	_	linguistic	_	none	Intonation=WeaklyRising	_	_	_	_	_
357-3	BO105	357	357	3	ci	ci	_	_	_	_	_	linguistic	_	none	_	_	_	_	_	_
357-4	BO105	357	357	4	possono	possono	_	_	_	_	_	linguistic	_	none	_	_	_	_	_	_
357-5	BO105	357	357	5	essere	essere	_	_	_	_	_	linguistic	_	none	_	_	_	_	_	_
357-6	BO105	357	357	6	programmi,	programmi	_	_	_	_	_	linguistic	_	none	Intonation=WeaklyRising	End=1286.911	_	_	_	_
358-0	BO105	358	358	0	m::	m	_	_	_	_	_	linguistic	_	none	_	Begin=1287.26	0x2	_	_	_
358-1	BO105	358	358	1	manuali	manuali	_	_	_	_	_	linguistic	_	none	_	_	_	_	_	_
358-2	BO105	358	358	2	che	che	_	_	_	_	_	linguistic	_	none	_	_	_	_	_	_
358-3	BO105	358	358	3	possono	possono	_	_	_	_	_	linguistic	_	none	_	_	_	_	_	_
358-4	BO105	358	358	4	essere	essere	_	_	_	_	_	linguistic	_	none	_	_	_	_	_	_
358-5	BO105	358	358	5	fruiti	fruiti	_	_	_	_	_	linguistic	_	none	_	_	_	_	_	_
358-6	BO105	358	358	6	in	in	_	_	_	_	_	linguistic	_	none	_	_	_	_	_	_
358-7	BO105	358	358	7	autoapprendimento.	autoapprendimento	_	_	_	_	_	linguistic	_	none	Intonation=Falling	End=1290.54	_	_	_	_
359-0	BO105	359	359	0	cioè	cioè	_	_	_	_	_	linguistic	_	none	PauseAfter=Yes	Begin=1290.645	_	_	_	_
359-1	BO105	359	359	1	{P}	{P}	_	_	_	_	_	shortpause	_	none	_	_	_	_	_	_
359-2	BO105	359	359	2	m:	m	_	_	_	_	_	linguistic	_	none	_	_	0x1	_	_	_
359-3	BO105	359	359	3	ognuno	ognuno	_	_	_	_	_	linguistic	_	none	PauseAfter=Yes	_	_	_	_	_
359-4	BO105	359	359	4	{P}	{P}	_	_	_	_	_	shortpause	_	none	_	_	_	_	_	_
359-5	BO105	359	359	5	quando	quando	_	_	_	_	_	linguistic	_	none	_	_	_	_	_	_
359-6	BO105	359	359	6	lo	lo	_	_	_	_	_	linguistic	_	none	_	_	_	_	_	_
359-7	BO105	359	359	7	studente,	studente	_	_	_	_	_	linguistic	_	none	Intonation=WeaklyRising	End=1293.55	_	_	_	_
360-0	BO105	360	360	0	in	in	_	_	_	_	_	linguistic	_	none	_	Begin=1293.828	_	_	_	_
360-1	BO105	360	360	1	autonomia,	autonomia	_	_	_	_	_	linguistic	_	none	Intonation=WeaklyRising	_	_	_	_	_
360-2	BO105	360	360	2	e::hm	ehm	_	_	_	_	_	linguistic	_	none	_	End=1295.933	0x2	_	_	_
361-0	BO105	361	361	0	diciamo	diciamo	_	_	_	_	_	linguistic	_	none	_	Begin=1296.205	_	_	_	_
361-1	BO105	361	361	1	svolge:,	svolge	_	_	_	_	_	linguistic	_	none	Intonation=WeaklyRising	_	5x1	_	_	_
361-2	BO105	361	361	2	[un:	un	_	_	_	_	_	linguistic	_	none	_	_	1x1	_	_	0-2(67)
361-3	BO105	361	361	3	percorso	percorso	_	_	_	_	_	linguistic	_	none	_	_	_	_	_	0-8(67)
361-4	BO105	361	361	4	di	di	_	_	_	_	_	linguistic	_	none	_	_	_	_	_	0-2(67)
361-5	BO105	361	361	5	apprendimento].	apprendimento	_	_	_	_	_	linguistic	_	none	Intonation=Falling	End=1298.823	_	_	_	0-13(67)
362-0	BO104	362	362	0	[mh.	mh	_	_	_	_	_	linguistic	_	none	Intonation=Falling	Begin=1297.52	_	_	_	0-2(67)
362-1	BO104	362	362	1	se	se	_	_	_	_	_	linguistic	_	none	_	_	_	_	_	0-2(67)
362-2	BO104	362	362	2	pensi	pensi	_	_	_	_	_	linguistic	_	none	_	_	_	_	_	0-5(67)
362-3	BO104	362	362	3	proprio],	proprio	_	_	_	_	_	linguistic	_	none	Intonation=WeaklyRising	_	_	_	_	0-7(67)
362-4	BO104	362	362	4	al	al	_	_	_	_	_	linguistic	_	none	_	_	_	_	_	_
362-5	BO104	362	362	5	processo	processo	_	_	_	_	_	linguistic	_	none	_	_	_	_	_	_
362-6	BO104	362	362	6	didattico	didattico	_	_	_	_	_	linguistic	_	none	_	_	_	_	_	_
362-7	BO104	362	362	7	quindi	quindi	_	_	_	_	_	linguistic	_	none	_	_	_	_	_	_
362-8	BO104	362	362	8	mi	mi	_	_	_	_	_	linguistic	_	none	_	_	_	_	_	_
362-9	BO104	362	362	9	dicevi.	dicevi	_	_	_	_	_	linguistic	_	none	Intonation=Falling	_	_	_	_	_
362-10	BO104	362	362	10	negli	negli	_	_	_	_	_	linguistic	_	none	_	_	_	_	_	_
362-11	BO104	362	362	11	anni	anni	_	_	_	_	_	linguistic	_	none	_	_	_	_	_	_
362-12	BO104	362	362	12	novanta,	novanta	_	_	_	_	_	linguistic	_	none	Intonation=WeaklyRising	_	_	_	_	_
362-13	BO104	362	362	13	fine	fine	_	_	_	_	_	linguistic	_	none	_	_	_	_	_	_
362-14	BO104	362	362	14	anni	anni	_	_	_	_	_	linguistic	_	none	_	_	_	_	_	_
362-15	BO104	362	362	15	novanta,	novanta	_	_	_	_	_	linguistic	_	none	Intonation=WeaklyRising	_	_	_	_	_
362-16	BO104	362	362	16	inizi[o::]	inizio	_	_	_	_	_	linguistic	_	none	_	_	5x2	_	_	5-6(68)
362-17	BO104	362	362	17	del	del	_	_	_	_	_	linguistic	_	none	_	_	_	_	_	_
362-18	BO104	362	362	18	duemila,	duemila	_	_	_	_	_	linguistic	_	none	Intonation=WeaklyRising	_	_	_	_	_
362-19	BO104	362	362	19	eccetera,	eccetera	_	_	_	_	_	linguistic	_	none	Intonation=WeaklyRising	End=1304.988	_	_	_	_
363-0	BO105	363	363	0	[sì],	sì	_	_	_	_	_	linguistic	_	none	Intonation=WeaklyRising	Begin=1303.428|End=1303.826	_	_	_	0-2(68)
364-0	BO104	364	364	0	e::h	eh	_	_	_	_	_	linguistic	_	none	_	Begin=1305.461	0x2	_	_	_
364-1	BO104	364	364	1	utilizzo	utilizzo	_	_	_	_	_	linguistic	_	none	_	_	_	_	_	_
364-2	BO104	364	364	2	del	del	_	_	_	_	_	linguistic	_	none	_	_	_	_	_	_
364-3	BO104	364	364	3	laboratorio	laboratorio	_	_	_	_	_	linguistic	_	none	_	_	_	_	_	_
364-4	BO104	364	364	4	liguistico.	liguistico	_	_	_	_	_	linguistic	_	none	Intonation=Falling	_	_	_	_	_
364-5	BO104	364	364	5	ecco	ecco	_	_	_	_	_	linguistic	_	none	_	_	_	_	_	_
364-6	BO104	364	364	6	in	in	_	_	_	_	_	linguistic	_	none	_	_	_	_	_	_
364-7	BO104	364	364	7	termini	termini	_	_	_	_	_	linguistic	_	none	_	_	_	_	_	_
364-8	BO104	364	364	8	di	di	_	_	_	_	_	linguistic	_	none	_	_	_	_	_	_
364-9	BO104	364	364	9	processo	processo	_	_	_	_	_	linguistic	_	none	_	_	_	_	_	_
364-10	BO104	364	364	10	didattico,	didattico	_	_	_	_	_	linguistic	_	none	Intonation=WeaklyRising	_	_	_	_	_
364-11	BO104	364	364	11	rispetto	rispetto	_	_	_	_	_	linguistic	_	none	_	_	_	_	_	_
364-12	BO104	364	364	12	all'	all'	_	_	_	_	_	linguistic	_	none	SpaceAfter=No	_	_	_	_	_
364-13	BO104	364	364	13	aula	aula	_	_	_	_	_	linguistic	_	none	PauseAfter=Yes	_	_	_	_	_
364-14	BO104	364	364	14	{P}	{P}	_	_	_	_	_	shortpause	_	none	_	_	_	_	_	_
364-15	BO104	364	364	15	che	che	_	_	_	_	_	linguistic	_	none	_	_	_	_	_	_
364-16	BO104	364	364	16	cosa	cosa	_	_	_	_	_	linguistic	_	none	_	_	_	_	_	_
364-17	BO104	364	364	17	poteva	poteva	_	_	_	_	_	linguistic	_	none	_	_	_	_	_	_
364-18	BO104	364	364	18	portare	portare	_	_	_	_	_	linguistic	_	none	_	_	_	_	_	_
364-19	BO104	364	364	19	il	il	_	_	_	_	_	linguistic	_	none	_	_	_	_	_	_
364-20	BO104	364	364	20	laboratorio	laboratorio	_	_	_	_	_	linguistic	_	none	_	_	_	_	_	_
364-21	BO104	364	364	21	linguistico,	linguistico	_	_	_	_	_	linguistic	_	none	Intonation=WeaklyRising	_	_	_	_	_
364-22	BO104	364	364	22	e:	e	_	_	_	_	_	linguistic	_	none	_	_	0x1	_	_	_
364-23	BO104	364	364	23	che	che	_	_	_	_	_	linguistic	_	none	_	_	_	_	_	_
364-24	BO104	364	364	24	cosa	cosa	_	_	_	_	_	linguistic	_	none	_	_	_	_	_	_
364-25	BO104	364	364	25	invece	invece	_	_	_	_	_	linguistic	_	none	_	_	_	_	_	_
364-26	BO104	364	364	26	può	può	_	_	_	_	_	linguistic	_	none	_	_	_	_	_	_
364-27	BO104	364	364	27	portare	portare	_	_	_	_	_	linguistic	_	none	_	_	_	_	_	_
364-28	BO104	364	364	28	oggi.	oggi	_	_	_	_	_	linguistic	_	none	Intonation=Falling	End=1315.528	_	_	_	_
365-0	BO104	365	365	0	e::hm	ehm	_	_	_	_	_	linguistic	_	none	_	Begin=1316.483|End=1317.801	0x2	_	_	_
366-0	BO104	366	366	0	una	una	_	_	_	_	_	linguistic	_	none	_	Begin=1318.298	_	_	_	_
366-1	BO104	366	366	1	tecnologia	tecnologia	_	_	_	_	_	linguistic	_	none	_	_	_	_	_	_
366-2	BO104	366	366	2	più	più	_	_	_	_	_	linguistic	_	none	_	_	_	_	_	_
366-3	BO104	366	366	3	legata	legata	_	_	_	_	_	linguistic	_	none	_	_	_	_	_	_
366-4	BO104	366	366	4	all'	all'	_	_	_	_	_	linguistic	_	none	SpaceAfter=No	_	_	_	_	_
366-5	BO104	366	366	5	interazione	interazione	_	_	_	_	_	linguistic	_	none	_	_	_	_	_	_
366-6	BO104	366	366	6	online,	online	_	_	_	_	_	linguistic	_	none	Intonation=WeaklyRising	End=1322.05	_	_	_	_
367-0	BO105	367	367	0	okau.	okau	_	_	_	_	_	linguistic	_	none	Intonation=Falling	Begin=1322.074|End=1322.324	_	_	_	_
368-0	BO104	368	368	0	in	in	_	_	_	_	_	linguistic	_	none	_	Begin=1322.343	_	_	_	_
368-1	BO104	368	368	1	che	che	_	_	_	_	_	linguistic	_	none	_	_	_	_	_	_
368-2	BO104	368	368	2	modo	modo	_	_	_	_	_	linguistic	_	none	_	_	_	_	_	_
368-3	BO104	368	368	3	si	si	_	_	_	_	_	linguistic	_	none	_	_	_	_	_	_
368-4	BO104	368	368	4	modifica	modifica	_	_	_	_	_	linguistic	_	none	_	_	_	_	_	_
368-5	BO104	368	368	5	il	il	_	_	_	_	_	linguistic	_	none	_	_	_	_	_	_
368-6	BO104	368	368	6	processo	processo	_	_	_	_	_	linguistic	_	none	_	_	_	_	_	_
368-7	BO104	368	368	7	didattico	didattico	_	_	_	_	_	linguistic	_	none	_	_	_	_	_	_
368-8	BO104	368	368	8	più	più	_	_	_	_	_	linguistic	_	none	_	_	_	_	_	_
368-9	BO104	368	368	9	classico?	classico	_	_	_	_	_	linguistic	_	none	Intonation=Rising	End=1325.82	_	_	_	_
369-0	BO104	369	369	0	dal	dal	_	_	_	_	_	linguistic	_	none	_	Begin=1326.003	_	_	_	_
369-1	BO104	369	369	1	tuo	tuo	_	_	_	_	_	linguistic	_	none	_	_	_	_	_	_
369-2	BO104	369	369	2	punto	punto	_	_	_	_	_	linguistic	_	none	_	_	_	_	_	_
369-3	BO104	369	369	3	di	di	_	_	_	_	_	linguistic	_	none	_	_	_	_	_	_
369-4	BO104	369	369	4	vista?	vista	_	_	_	_	_	linguistic	_	none	Intonation=Rising	End=1327.4	_	_	_	_
370-0	BO105	370	370	0	allora.	allora	_	_	_	_	_	linguistic	_	none	Intonation=Falling	Begin=1328.208	_	_	_	_
370-1	BO105	370	370	1	e::hm	ehm	_	_	_	_	_	linguistic	_	none	_	End=1330.02	0x2	_	_	_
371-0	BO105	371	371	0	mentre,	mentre	_	_	_	_	_	linguistic	_	none	Intonation=WeaklyRising|PauseAfter=Yes	Begin=1330.366	_	_	_	_
371-1	BO105	371	371	1	{P}	{P}	_	_	_	_	_	shortpause	_	none	_	_	_	_	_	_
371-2	BO105	371	371	2	magari	magari	_	_	_	_	_	linguistic	_	none	_	_	_	_	_	_
371-3	BO105	371	371	3	negli	negli	_	_	_	_	_	linguistic	_	none	_	_	_	_	_	_
371-4	BO105	371	371	4	anni	anni	_	_	_	_	_	linguistic	_	none	_	_	_	_	_	_
371-5	BO105	371	371	5	novanta:,	novanta	_	_	_	_	_	linguistic	_	none	Intonation=WeaklyRising	_	6x1	_	_	_
371-6	BO105	371	371	6	tecnologie	tecnologie	_	_	_	_	_	linguistic	_	none	_	_	_	_	_	_
371-7	BO105	371	371	7	come:	come	_	_	_	_	_	linguistic	_	none	_	_	3x1	_	_	_
371-8	BO105	371	371	8	m:	m	_	_	_	_	_	linguistic	_	none	_	_	0x1	_	_	_
371-9	BO105	371	371	9	chat,	chat	_	_	_	_	_	linguistic	_	none	Intonation=WeaklyRising	End=1336.913	_	_	_	_
372-0	BO105	372	372	0	e::hm	ehm	_	_	_	_	_	linguistic	_	none	_	Begin=1337.291	0x2	_	_	_
372-1	BO105	372	372	1	o	o	_	_	_	_	_	linguistic	_	none	_	_	_	_	_	_
372-2	BO105	372	372	2	anche	anche	_	_	_	_	_	linguistic	_	none	PauseAfter=Yes	_	_	_	_	_
372-3	BO105	372	372	3	{P}	{P}	_	_	_	_	_	shortpause	_	none	_	_	_	_	_	_
372-4	BO105	372	372	4	applicazioni	applicazioni	_	_	_	_	_	linguistic	_	none	_	_	_	_	_	_
372-5	BO105	372	372	5	telefoniche	telefoniche	_	_	_	_	_	linguistic	_	none	_	_	_	_	_	_
372-6	BO105	372	372	6	dove	dove	_	_	_	_	_	linguistic	_	none	_	_	_	_	_	_
372-7	BO105	372	372	7	e::hm	ehm	_	_	_	_	_	linguistic	_	none	_	_	0x2	_	_	_
372-8	BO105	372	372	8	una	una	_	_	_	_	_	linguistic	_	none	_	_	_	_	_	_
372-9	BO105	372	372	9	persona	persona	_	_	_	_	_	linguistic	_	none	_	_	_	_	_	_
372-10	BO105	372	372	10	singolarmente	singolarmente	_	_	_	_	_	linguistic	_	none	_	_	_	_	_	_
372-11	BO105	372	372	11	riesce	riesce	_	_	_	_	_	linguistic	_	none	_	_	_	_	_	_
372-12	BO105	372	372	12	a	a	_	_	_	_	_	linguistic	_	none	_	_	_	_	_	_
372-13	BO105	372	372	13	mettersi	mettersi	_	_	_	_	_	linguistic	_	none	_	_	_	_	_	_
372-14	BO105	372	372	14	in	in	_	_	_	_	_	linguistic	_	none	_	_	_	_	_	_
372-15	BO105	372	372	15	contatto	contatto	_	_	_	_	_	linguistic	_	none	_	_	_	_	_	_
372-16	BO105	372	372	16	con	con	_	_	_	_	_	linguistic	_	none	_	_	_	_	_	_
372-17	BO105	372	372	17	persone	persone	_	_	_	_	_	linguistic	_	none	_	_	_	_	_	_
372-18	BO105	372	372	18	di	di	_	_	_	_	_	linguistic	_	none	_	_	_	_	_	_
372-19	BO105	372	372	19	un'	un'	_	_	_	_	_	linguistic	_	none	SpaceAfter=No	_	_	_	_	_
372-20	BO105	372	372	20	altra	altra	_	_	_	_	_	linguistic	_	none	_	_	_	_	_	_
372-21	BO105	372	372	21	lingua,	lingua	_	_	_	_	_	linguistic	_	none	Intonation=WeaklyRising	End=1344.75	_	_	_	_
373-0	BO105	373	373	0	negli	negli	_	_	_	_	_	linguistic	_	none	_	Begin=1344.87	_	_	_	_
373-1	BO105	373	373	1	anni	anni	_	_	_	_	_	linguistic	_	none	_	_	_	_	_	_
373-2	BO105	373	373	2	novanta	novanta	_	_	_	_	_	linguistic	_	none	_	_	_	_	_	_
373-3	BO105	373	373	3	questo	questo	_	_	_	_	_	linguistic	_	none	_	_	_	_	_	_
373-4	BO105	373	373	4	ancora	ancora	_	_	_	_	_	linguistic	_	none	_	_	_	_	_	_
373-5	BO105	373	373	5	non:	non	_	_	_	_	_	linguistic	_	none	_	_	2x1	_	_	_
373-6	BO105	373	373	6	non	non	_	_	_	_	_	linguistic	_	none	_	_	_	_	_	_
373-7	BO105	373	373	7	era	era	_	_	_	_	_	linguistic	_	none	_	_	_	_	_	_
373-8	BO105	373	373	8	possibile.	possibile	_	_	_	_	_	linguistic	_	none	Intonation=Falling	End=1347.43	_	_	_	_
374-0	BO105	374	374	0	e::	e	_	_	_	_	_	linguistic	_	none	PauseAfter=Yes	Begin=1347.918	0x2	_	_	_
374-1	BO105	374	374	1	{P}	{P}	_	_	_	_	_	shortpause	_	none	_	_	_	_	_	_
374-2	BO105	374	374	2	e	e	_	_	_	_	_	linguistic	_	none	_	_	_	_	_	_
374-3	BO105	374	374	3	quindi	quindi	_	_	_	_	_	linguistic	_	none	_	_	_	_	_	_
374-4	BO105	374	374	4	diciamo	diciamo	_	_	_	_	_	linguistic	_	none	_	_	_	_	_	_
374-5	BO105	374	374	5	che	che	_	_	_	_	_	linguistic	_	none	_	_	_	_	_	_
374-6	BO105	374	374	6	nel	nel	_	_	_	_	_	linguistic	_	none	_	_	_	_	_	_
374-7	BO105	374	374	7	laboratorio::	laboratorio	_	_	_	_	_	linguistic	_	none	_	_	10x2	_	_	_
374-8	BO105	374	374	8	linguistico	linguistico	_	_	_	_	_	linguistic	_	none	_	_	_	_	_	_
374-9	BO105	374	374	9	che	che	_	_	_	_	_	linguistic	_	none	_	_	_	_	_	_
374-10	BO105	374	374	10	nasce	nasce	_	_	_	_	_	linguistic	_	none	_	_	_	_	_	_
374-11	BO105	374	374	11	circa	circa	_	_	_	_	_	linguistic	_	none	_	_	_	_	_	_
374-12	BO105	374	374	12	intorno	intorno	_	_	_	_	_	linguistic	_	none	_	_	_	_	_	_
374-13	BO105	374	374	13	al	al	_	_	_	_	_	linguistic	_	none	_	_	_	_	_	_
374-14	BO105	374	374	14	duemila,	duemila	_	_	_	_	_	linguistic	_	none	Intonation=WeaklyRising	End=1352.828	_	_	_	_
375-0	BO105	375	375	0	e::hm	ehm	_	_	_	_	_	linguistic	_	none	_	Begin=1353.34	0x2	_	_	_
375-1	BO105	375	375	1	gli	gli	_	_	_	_	_	linguistic	_	none	_	_	_	_	_	_
375-2	BO105	375	375	2	studenti	studenti	_	_	_	_	_	linguistic	_	none	_	_	_	_	_	_
375-3	BO105	375	375	3	andavano,	andavano	_	_	_	_	_	linguistic	_	none	Intonation=WeaklyRising	_	_	_	_	_
375-4	BO105	375	375	4	appunto	appunto	_	_	_	_	_	linguistic	_	none	_	_	_	_	_	_
375-5	BO105	375	375	5	per::	per	_	_	_	_	_	linguistic	_	none	_	End=1356.668	2x2	_	_	_
376-0	BO105	376	376	0	m::	m	_	_	_	_	_	linguistic	_	none	_	Begin=1356.81	0x2	_	_	_
376-1	BO105	376	376	1	aument~	aument~	_	_	_	_	_	linguistic	_	none	Interrupted=Yes	_	_	_	_	_
376-2	BO105	376	376	2	ma	ma	_	_	_	_	_	linguistic	_	none	_	_	_	_	_	_
376-3	BO105	376	376	3	soprattutto	soprattutto	_	_	_	_	_	linguistic	_	none	_	_	_	_	_	_
376-4	BO105	376	376	4	studenti	studenti	_	_	_	_	_	linguistic	_	none	_	_	_	_	_	_
376-5	BO105	376	376	5	di	di	_	_	_	_	_	linguistic	_	none	_	_	_	_	_	_
376-6	BO105	376	376	6	lingua,	lingua	_	_	_	_	_	linguistic	_	none	Intonation=WeaklyRising	_	_	_	_	_
376-7	BO105	376	376	7	andavano	andavano	_	_	_	_	_	linguistic	_	none	_	_	_	_	_	_
376-8	BO105	376	376	8	per	per	_	_	_	_	_	linguistic	_	none	_	_	_	_	_	_
376-9	BO105	376	376	9	aumentare	aumentare	_	_	_	_	_	linguistic	_	none	_	End=1360.72	_	_	_	_
377-0	BO105	377	377	0	m:	m	_	_	_	_	_	linguistic	_	none	_	Begin=1360.8	0x1	_	_	_
377-1	BO105	377	377	1	per	per	_	_	_	_	_	linguistic	_	none	_	_	_	_	_	_
377-2	BO105	377	377	2	farsi	farsi	_	_	_	_	_	linguistic	_	none	_	_	_	_	_	_
377-3	BO105	377	377	3	aiutare	aiutare	_	_	_	_	_	linguistic	_	none	_	_	_	_	_	_
377-4	BO105	377	377	4	appunto	appunto	_	_	_	_	_	linguistic	_	none	_	_	_	_	_	_
377-5	BO105	377	377	5	da	da	_	_	_	_	_	linguistic	_	none	_	_	_	_	_	_
377-6	BO105	377	377	6	un	un	_	_	_	_	_	linguistic	_	none	_	_	_	_	_	_
377-7	BO105	377	377	7	tutor,	tutor	_	_	_	_	_	linguistic	_	none	Intonation=WeaklyRising	_	_	_	_	_
377-8	BO105	377	377	8	e:h	eh	_	_	_	_	_	linguistic	_	none	_	End=1363.977	0x1	_	_	_
378-0	BO104	378	378	0	ma	ma	_	_	_	_	_	linguistic	_	none	_	Begin=1363.977	_	_	_	_
378-1	BO104	378	378	1	no	no	_	_	_	_	_	linguistic	_	none	_	_	_	_	_	_
378-2	BO104	378	378	2	perché	perché	_	_	_	_	_	linguistic	_	none	_	_	_	_	_	_
378-3	BO104	378	378	3	a	a	_	_	_	_	_	linguistic	_	none	_	_	_	_	_	_
378-4	BO104	378	378	4	volte	volte	_	_	_	_	_	linguistic	_	none	_	_	_	_	_	_
378-5	BO104	378	378	5	il	il	_	_	_	_	_	linguistic	_	none	_	_	_	_	_	_
378-6	BO104	378	378	6	tutor	tutor	_	_	_	_	_	linguistic	_	none	_	_	_	_	_	_
378-7	BO104	378	378	7	non	non	_	_	_	_	_	linguistic	_	none	_	_	_	_	_	_
378-8	BO104	378	378	8	c'	c'	_	_	_	_	_	linguistic	_	none	SpaceAfter=No	_	_	_	_	_
378-9	BO104	378	378	9	era	era	_	_	_	_	_	linguistic	_	none	_	_	_	_	_	_
378-10	BO104	378	378	10	proprio.	proprio	_	_	_	_	_	linguistic	_	none	Intonation=Falling	End=1366.11	_	_	_	_
379-0	BO104	379	379	0	nel	nel	_	_	_	_	_	linguistic	_	none	_	Begin=1366.16	_	_	_	_
379-1	BO104	379	379	1	laboratorio	laboratorio	_	_	_	_	_	linguistic	_	none	_	_	_	_	_	_
379-2	BO104	379	379	2	c'	c'	_	_	_	_	_	linguistic	_	none	SpaceAfter=No	_	_	_	_	_
379-3	BO104	379	379	3	era	era	_	_	_	_	_	linguistic	_	none	_	_	_	_	_	_
379-4	BO104	379	379	4	una	una	_	_	_	_	_	linguistic	_	none	_	_	_	_	_	_
379-5	BO104	379	379	5	sorta	sorta	_	_	_	_	_	linguistic	_	none	_	_	_	_	_	_
379-6	BO104	379	379	6	di	di	_	_	_	_	_	linguistic	_	none	_	_	_	_	_	_
379-7	BO104	379	379	7	anche	anche	_	_	_	_	_	linguistic	_	none	_	_	_	_	_	_
379-8	BO104	379	379	8	di	di	_	_	_	_	_	linguistic	_	none	_	_	_	_	_	_
379-9	BO104	379	379	9	diversificazione	diversificazione	_	_	_	_	_	linguistic	_	none	_	_	_	_	_	_
379-10	BO104	379	379	10	dell'	dell'	_	_	_	_	_	linguistic	_	none	SpaceAfter=No	_	_	_	_	_
379-11	BO104	379	379	11	input	input	_	_	_	_	_	linguistic	_	none	_	_	_	_	_	_
379-12	BO104	379	379	12	no?	no	_	_	_	_	_	linguistic	_	none	Intonation=Rising	End=1370.008	_	_	_	_
380-0	BO104	380	380	0	[xxx]	xxx	_	_	_	_	_	unknown	_	none	Syllables=3	Begin=1370.06	_	_	_	0-3(69)
380-1	BO104	380	380	1	xxx	xxx	_	_	_	_	_	unknown	_	none	Syllables=3	_	_	_	_	_
380-2	BO104	380	380	2	un	un	_	_	_	_	_	linguistic	_	none	_	_	_	_	_	_
380-3	BO104	380	380	3	input	input	_	_	_	_	_	linguistic	_	none	_	_	_	_	_	_
380-4	BO104	380	380	4	molto	molto	_	_	_	_	_	linguistic	_	none	_	_	_	_	_	_
380-5	BO104	380	380	5	più	più	_	_	_	_	_	linguistic	_	none	_	_	_	_	_	_
380-6	BO104	380	380	6	ricco	ricco	_	_	_	_	_	linguistic	_	none	_	_	_	_	_	_
380-7	BO104	380	380	7	perché	perché	_	_	_	_	_	linguistic	_	none	_	_	_	_	_	_
380-8	BO104	380	380	8	potevi	potevi	_	_	_	_	_	linguistic	_	none	_	_	_	_	_	_
380-9	BO104	380	380	9	offrire	offrire	_	_	_	_	_	linguistic	_	none	_	_	_	_	_	_
380-10	BO104	380	380	10	dei	dei	_	_	_	_	_	linguistic	_	none	_	_	_	_	_	_
380-11	BO104	380	380	11	materiali	materiali	_	_	_	_	_	linguistic	_	none	_	_	_	_	_	_
380-12	BO104	380	380	12	multimediali,	multimediali	_	_	_	_	_	linguistic	_	none	Intonation=WeaklyRising	End=1374.663	_	_	_	_
381-0	BO105	381	381	0	[sì.	sì	_	_	_	_	_	linguistic	_	none	Intonation=Falling|PauseAfter=Yes	Begin=1370.073	_	_	_	0-2(69)
381-1	BO105	381	381	1	{P}	{P}	_	_	_	_	_	shortpause	_	none	_	_	_	_	_	0-3(69)
381-2	BO105	381	381	2	sì	sì	_	_	_	_	_	linguistic	_	none	_	_	_	_	_	0-2(69)
381-3	BO105	381	381	3	sì]	sì	_	_	_	_	_	linguistic	_	none	_	End=1371.348	_	_	_	0-2(69)
382-0	BO104	382	382	0	e:	e	_	_	_	_	_	linguistic	_	none	_	Begin=1374.973	0x1	_	_	_
382-1	BO104	382	382	1	soprattutto:	soprattutto	_	_	_	_	_	linguistic	_	none	_	_	10x1	_	_	_
382-2	BO104	382	382	2	nel	nel	_	_	_	_	_	linguistic	_	none	PauseAfter=Yes	_	_	_	_	_
382-3	BO104	382	382	3	{P}	{P}	_	_	_	_	_	shortpause	_	none	_	_	_	_	_	_
382-4	BO104	382	382	4	magari	magari	_	_	_	_	_	linguistic	_	none	_	_	_	_	_	_
382-5	BO104	382	382	5	in	in	_	_	_	_	_	linguistic	_	none	_	_	_	_	_	_
382-6	BO104	382	382	6	aula	aula	_	_	_	_	_	linguistic	_	none	_	_	_	_	_	_
382-7	BO104	382	382	7	avevi	avevi	_	_	_	_	_	linguistic	_	none	_	_	_	_	_	_
382-8	BO104	382	382	8	una	una	_	_	_	_	_	linguistic	_	none	_	_	_	_	_	_
382-9	BO104	382	382	9	dimensione	dimensione	_	_	_	_	_	linguistic	_	none	_	_	_	_	_	_
382-10	BO104	382	382	10	di	di	_	_	_	_	_	linguistic	_	none	_	_	_	_	_	_
382-11	BO104	382	382	11	lavoro	lavoro	_	_	_	_	_	linguistic	_	none	_	_	_	_	_	_
382-12	BO104	382	382	12	più	più	_	_	_	_	_	linguistic	_	none	_	_	_	_	_	_
382-13	BO104	382	382	13	di	di	_	_	_	_	_	linguistic	_	none	_	_	_	_	_	_
382-14	BO104	382	382	14	gruppo,	gruppo	_	_	_	_	_	linguistic	_	none	Intonation=WeaklyRising	End=1380.181	_	_	_	_
383-0	BO105	383	383	0	sì.	sì	_	_	_	_	_	linguistic	_	none	Intonation=Falling	Begin=1380.228	_	_	_	_
383-1	BO105	383	383	1	e	e	_	_	_	_	_	linguistic	_	none	_	_	_	_	_	_
383-2	BO105	383	383	2	li	li	_	_	_	_	_	linguistic	_	none	_	_	_	_	_	_
383-3	BO105	383	383	3	era	era	_	_	_	_	_	linguistic	_	none	_	_	_	_	_	_
383-4	BO105	383	383	4	più	più	_	_	_	_	_	linguistic	_	none	PauseAfter=Yes	_	_	_	_	_
383-5	BO105	383	383	5	{P}	{P}	_	_	_	_	_	shortpause	_	none	_	_	_	_	_	_
383-6	BO105	383	383	6	i~	i~	_	_	_	_	_	linguistic	_	none	Interrupted=Yes	_	_	_	_	_
383-7	BO105	383	383	7	eh	eh	_	_	_	_	_	linguistic	_	none	_	_	_	_	_	_
383-8	BO105	383	383	8	individuale,	individuale	_	_	_	_	_	linguistic	_	none	Intonation=WeaklyRising	End=1382.57	_	_	_	_
384-0	BO104	384	384	0	individualiz[zato].	individualizzato	_	_	_	_	_	linguistic	_	none	Intonation=Falling	Begin=1382.55	_	_	_	12-16(71)
384-1	BO104	384	384	1	esatto.	esatto	_	_	_	_	_	linguistic	_	none	Intonation=Falling	End=1384.11	_	_	_	_
385-0	BO105	385	385	0	[sì	sì	_	_	_	_	_	linguistic	_	none	_	Begin=1383.2	_	_	_	0-2(71)
385-1	BO105	385	385	1	sì	sì	_	_	_	_	_	linguistic	_	none	_	_	_	_	_	0-2(71)
385-2	BO105	385	385	2	sì]	sì	_	_	_	_	_	linguistic	_	none	_	End=1383.726	_	_	_	0-2(71)
386-0	BO105	386	386	0	in	in	_	_	_	_	_	linguistic	_	none	_	Begin=1384.11	_	_	_	_
386-1	BO105	386	386	1	autoapprendimento	autoapprendimento	_	_	_	_	_	linguistic	_	none	_	_	_	_	_	_
386-2	BO105	386	386	2	appunto,	appunto	_	_	_	_	_	linguistic	_	none	Intonation=WeaklyRising	End=1385.881	_	_	_	_
387-0	BO105	387	387	0	e::hm	ehm	_	_	_	_	_	linguistic	_	none	_	Begin=1387.068|End=1388.771	0x2	_	_	_
388-0	BO105	388	388	0	questo	questo	_	_	_	_	_	linguistic	_	none	_	Begin=1390.093	_	_	_	_
388-1	BO105	388	388	1	avveniva:	avveniva	_	_	_	_	_	linguistic	_	none	_	_	7x1	_	_	_
388-2	BO105	388	388	2	appunto	appunto	_	_	_	_	_	linguistic	_	none	_	_	_	_	_	_
388-3	BO105	388	388	3	nel	nel	_	_	_	_	_	linguistic	_	none	_	_	_	_	_	_
388-4	BO105	388	388	4	laboratorio	laboratorio	_	_	_	_	_	linguistic	_	none	_	_	_	_	_	_
388-5	BO105	388	388	5	linguisti[co],	linguistico	_	_	_	_	_	linguistic	_	none	Intonation=WeaklyRising	End=1392.51	_	_	_	9-11(72)
389-0	BO104	389	389	0	[avvi]ene	avviene	_	_	_	_	_	linguistic	_	none	_	Begin=1392.29	_	_	_	0-4(?)
389-1	BO104	389	389	1	poi	poi	_	_	_	_	_	linguistic	_	none	_	_	_	_	_	_
389-2	BO104	389	389	2	anche	anche	_	_	_	_	_	linguistic	_	none	_	_	_	_	_	_
389-3	BO104	389	389	3	oggi	oggi	_	_	_	_	_	linguistic	_	none	_	_	_	_	_	_
389-4	BO104	389	389	4	[eh,	eh	_	_	_	_	_	linguistic	_	none	Intonation=WeaklyRising	_	_	_	_	0-2(?)
389-5	BO104	389	389	5	nel	nel	_	_	_	_	_	linguistic	_	none	_	_	_	_	_	0-3(?)
389-6	BO104	389	389	6	senso	senso	_	_	_	_	_	linguistic	_	none	_	_	_	_	_	0-5(?)
389-7	BO104	389	389	7	che]	che	_	_	_	_	_	linguistic	_	none	_	_	_	_	_	0-3(?)
389-8	BO104	389	389	8	i	i	_	_	_	_	_	linguistic	_	none	_	_	_	_	_	_
389-9	BO104	389	389	9	laboratori	laboratori	_	_	_	_	_	linguistic	_	none	_	_	_	_	_	_
389-10	BO104	389	389	10	lin[guistici	linguistici	_	_	_	_	_	linguistic	_	none	_	_	_	_	_	3-11(?)
389-11	BO104	389	389	11	sono]	sono	_	_	_	_	_	linguistic	_	none	_	_	_	_	_	0-4(?)
389-12	BO104	389	389	12	tutt'	tutt'	_	_	_	_	_	linguistic	_	none	SpaceAfter=No	_	_	_	_	_
389-13	BO104	389	389	13	ora::	ora	_	_	_	_	_	linguistic	_	none	PauseAfter=Yes	_	2x2	_	_	_
389-14	BO104	389	389	14	{P}	{P}	_	_	_	_	_	shortpause	_	none	_	_	_	_	_	_
389-15	BO104	389	389	15	[quindi	quindi	_	_	_	_	_	linguistic	_	none	_	_	_	_	_	0-6(?)
389-16	BO104	389	389	16	passi	passi	_	_	_	_	_	linguistic	_	none	_	_	_	_	_	0-5(?)
389-17	BO104	389	389	17	da	da	_	_	_	_	_	linguistic	_	none	_	_	_	_	_	0-2(?)
389-18	BO104	389	389	18	una	una	_	_	_	_	_	linguistic	_	none	_	_	_	_	_	0-3(?)
389-19	BO104	389	389	19	di]mensione	dimensione	_	_	_	_	_	linguistic	_	none	_	_	_	_	_	0-2(?)
389-20	BO104	389	389	20	magari	magari	_	_	_	_	_	linguistic	_	none	_	_	_	_	_	_
389-21	BO104	389	389	21	di	di	_	_	_	_	_	linguistic	_	none	_	_	_	_	_	_
389-22	BO104	389	389	22	lavoro	lavoro	_	_	_	_	_	linguistic	_	none	_	_	_	_	_	_
389-23	BO104	389	389	23	più	più	_	_	_	_	_	linguistic	_	none	_	_	_	_	_	_
389-24	BO104	389	389	24	di	di	_	_	_	_	_	linguistic	_	none	PauseAfter=Yes	_	_	_	_	_
389-25	BO104	389	389	25	{P}	{P}	_	_	_	_	_	shortpause	_	none	_	_	_	_	_	_
389-26	BO104	389	389	26	di	di	_	_	_	_	_	linguistic	_	none	_	_	_	_	_	_
389-27	BO104	389	389	27	gruppo	gruppo	_	_	_	_	_	linguistic	_	none	_	_	_	_	_	_
389-28	BO104	389	389	28	o	o	_	_	_	_	_	linguistic	_	none	_	_	_	_	_	_
389-29	BO104	389	389	29	anche	anche	_	_	_	_	_	linguistic	_	none	_	_	_	_	_	_
389-30	BO104	389	389	30	ad	ad	_	_	_	_	_	linguistic	_	none	_	_	_	_	_	_
389-31	BO104	389	389	31	una	una	_	_	_	_	_	linguistic	_	none	_	_	_	_	_	_
389-32	BO104	389	389	32	dimensione	dimensione	_	_	_	_	_	linguistic	_	none	_	_	_	_	_	_
389-33	BO104	389	389	33	di	di	_	_	_	_	_	linguistic	_	none	PauseAfter=Yes	_	_	_	_	_
389-34	BO104	389	389	34	{P}	{P}	_	_	_	_	_	shortpause	_	none	_	_	_	_	_	_
389-35	BO104	389	389	35	possibilità	possibilità	_	_	_	_	_	linguistic	_	none	_	_	_	_	_	_
389-36	BO104	389	389	36	di	di	_	_	_	_	_	linguistic	_	none	_	_	_	_	_	_
389-37	BO104	389	389	37	lavoro	lavoro	_	_	_	_	_	linguistic	_	none	_	_	_	_	_	_
389-38	BO104	389	389	38	più	più	_	_	_	_	_	linguistic	_	none	_	_	_	_	_	_
389-39	BO104	389	389	39	individuale,	individuale	_	_	_	_	_	linguistic	_	none	Intonation=WeaklyRising	End=1402.47	_	_	_	_
390-0	BO105	390	390	0	[avviene	avviene	_	_	_	_	_	linguistic	_	none	_	Begin=1393.55	_	_	_	0-7(?)
390-1	BO105	390	390	1	anche	anche	_	_	_	_	_	linguistic	_	none	_	_	_	_	_	0-5(?)
390-2	BO105	390	390	2	oggi].	oggi	_	_	_	_	_	linguistic	_	none	Intonation=Falling|PauseAfter=Yes	_	_	_	_	0-4(?)
390-3	BO105	390	390	3	{P}	{P}	_	_	_	_	_	shortpause	_	none	_	_	_	_	_	_
390-4	BO105	390	390	4	[sì	sì	_	_	_	_	_	linguistic	_	none	_	_	_	_	_	0-2(?)
390-5	BO105	390	390	5	sì	sì	_	_	_	_	_	linguistic	_	none	_	_	_	_	_	0-2(?)
390-6	BO105	390	390	6	sì].	sì	_	_	_	_	_	linguistic	_	none	Intonation=Falling	_	_	_	_	0-2(?)
390-7	BO105	390	390	7	[sicuramente],	sicuramente	_	_	_	_	_	linguistic	_	none	Intonation=WeaklyRising	End=1397.0	_	_	_	0-11(?)
391-0	BO105	391	391	0	certo.	certo	_	_	_	_	_	linguistic	_	none	Intonation=Falling	Begin=1402.47	_	_	_	_
391-1	BO105	391	391	1	però	però	_	_	_	_	_	linguistic	_	none	PauseAfter=Yes	_	_	_	_	_
391-2	BO105	391	391	2	{P}	{P}	_	_	_	_	_	shortpause	_	none	_	_	_	_	_	_
391-3	BO105	391	391	3	magari	magari	_	_	_	_	_	linguistic	_	none	_	_	_	_	_	_
391-4	BO105	391	391	4	oggi	oggi	_	_	_	_	_	linguistic	_	none	_	_	_	_	_	_
391-5	BO105	391	391	5	ci	ci	_	_	_	_	_	linguistic	_	none	_	_	_	_	_	_
391-6	BO105	391	391	6	sono	sono	_	_	_	_	_	linguistic	_	none	_	_	_	_	_	_
391-7	BO105	391	391	7	anche	anche	_	_	_	_	_	linguistic	_	none	_	_	_	_	_	_
391-8	BO105	391	391	8	vari	vari	_	_	_	_	_	linguistic	_	none	_	_	_	_	_	_
391-9	BO105	391	391	9	e:h	eh	_	_	_	_	_	linguistic	_	none	PauseAfter=Yes	_	0x1	_	_	_
391-10	BO105	391	391	10	{P}	{P}	_	_	_	_	_	shortpause	_	none	_	_	_	_	_	_
391-11	BO105	391	391	11	dispositivi	dispositivi	_	_	_	_	_	linguistic	_	none	_	_	_	_	_	_
391-12	BO105	391	391	12	che	che	_	_	_	_	_	linguistic	_	none	_	_	_	_	_	_
391-13	BO105	391	391	13	ti	ti	_	_	_	_	_	linguistic	_	none	_	_	_	_	_	_
391-14	BO105	391	391	14	permettono	permettono	_	_	_	_	_	linguistic	_	none	PauseAfter=Yes	_	_	_	_	_
391-15	BO105	391	391	15	{P}	{P}	_	_	_	_	_	shortpause	_	none	_	_	_	_	_	_
391-16	BO105	391	391	16	anche	anche	_	_	_	_	_	linguistic	_	none	_	_	_	_	_	_
391-17	BO105	391	391	17	in	in	_	_	_	_	_	linguistic	_	none	_	_	_	_	_	_
391-18	BO105	391	391	18	auto	auto	_	_	_	_	_	linguistic	_	none	_	_	_	_	_	_
391-19	BO105	391	391	19	autopprendimento	autopprendimento	_	_	_	_	_	linguistic	_	none	_	_	_	_	_	_
391-20	BO105	391	391	20	di	di	_	_	_	_	_	linguistic	_	none	_	_	_	_	_	_
391-21	BO105	391	391	21	metterti	metterti	_	_	_	_	_	linguistic	_	none	_	_	_	_	_	_
391-22	BO105	391	391	22	in	in	_	_	_	_	_	linguistic	_	none	_	_	_	_	_	_
391-23	BO105	391	391	23	comunicazione.	comunicazione	_	_	_	_	_	linguistic	_	none	Intonation=Falling	End=1410.18	_	_	_	_
392-0	BO105	392	392	0	anche	anche	_	_	_	_	_	linguistic	_	none	_	Begin=1410.32	_	_	_	_
392-1	BO105	392	392	1	se	se	_	_	_	_	_	linguistic	_	none	_	_	_	_	_	_
392-2	BO105	392	392	2	sei	sei	_	_	_	_	_	linguistic	_	none	_	_	_	_	_	_
392-3	BO105	392	392	3	da	da	_	_	_	_	_	linguistic	_	none	_	_	_	_	_	_
392-4	BO105	392	392	4	solo	solo	_	_	_	_	_	linguistic	_	none	_	_	_	_	_	_
392-5	BO105	392	392	5	nella	nella	_	_	_	_	_	linguistic	_	none	_	_	_	_	_	_
392-6	BO105	392	392	6	tua	tua	_	_	_	_	_	linguistic	_	none	_	_	_	_	_	_
392-7	BO105	392	392	7	stanza	stanza	_	_	_	_	_	linguistic	_	none	_	_	_	_	_	_
392-8	BO105	392	392	8	con	con	_	_	_	_	_	linguistic	_	none	_	_	_	_	_	_
392-9	BO105	392	392	9	qualcun	qualcun	_	_	_	_	_	linguistic	_	none	_	_	_	_	_	_
392-10	BO105	392	392	10	altro,	altro	_	_	_	_	_	linguistic	_	none	Intonation=WeaklyRising	_	_	_	_	_
392-11	BO105	392	392	11	parlante	parlante	_	_	_	_	_	linguistic	_	none	_	_	_	_	_	_
392-12	BO105	392	392	12	di	di	_	_	_	_	_	linguistic	_	none	_	_	_	_	_	_
392-13	BO105	392	392	13	una	una	_	_	_	_	_	linguistic	_	none	_	_	_	_	_	_
392-14	BO105	392	392	14	lingua	lingua	_	_	_	_	_	linguistic	_	none	_	_	_	_	_	_
392-15	BO105	392	392	15	diversa.	diversa	_	_	_	_	_	linguistic	_	none	Intonation=Falling	_	_	_	_	_
392-16	BO105	392	392	16	applicazione	applicazione	_	_	_	_	_	linguistic	_	none	_	_	_	_	_	_
392-17	BO105	392	392	17	mi	mi	_	_	_	_	_	linguistic	_	none	_	_	_	_	_	_
392-18	BO105	392	392	18	viene	viene	_	_	_	_	_	linguistic	_	none	_	_	_	_	_	_
392-19	BO105	392	392	19	in	in	_	_	_	_	_	linguistic	_	none	_	_	_	_	_	_
392-20	BO105	392	392	20	mente	mente	_	_	_	_	_	linguistic	_	none	_	_	_	_	_	_
392-21	BO105	392	392	21	babel,	babel	_	_	_	_	_	linguistic	_	none	Intonation=WeaklyRising	_	_	_	_	_
392-22	BO105	392	392	22	o::	o	_	_	_	_	_	linguistic	_	none	_	End=1416.74	0x2	_	_	_
393-0	BO104	393	393	0	mh	mh	_	_	_	_	_	linguistic	_	none	_	Begin=1417.005	_	_	_	_
393-1	BO104	393	393	1	mh	mh	_	_	_	_	_	linguistic	_	none	_	End=1417.461	_	_	_	_
394-0	BO105	394	394	0	simili	simili	_	_	_	_	_	linguistic	_	none	_	Begin=1417.775	_	_	_	_
394-1	BO105	394	394	1	insomma,	insomma	_	_	_	_	_	linguistic	_	none	Intonation=WeaklyRising	_	_	_	_	_
394-2	BO105	394	394	2	e::hm	ehm	_	_	_	_	_	linguistic	_	none	_	End=1419.685	0x2	_	_	_
395-0	BO105	395	395	0	e	e	_	_	_	_	_	linguistic	_	none	_	Begin=1420.198	_	_	_	_
395-1	BO105	395	395	1	io	io	_	_	_	_	_	linguistic	_	none	_	_	_	_	_	_
395-2	BO105	395	395	2	penso	penso	_	_	_	_	_	linguistic	_	none	_	_	_	_	_	_
395-3	BO105	395	395	3	che	che	_	_	_	_	_	linguistic	_	none	_	_	_	_	_	_
395-4	BO105	395	395	4	le	le	_	_	_	_	_	linguistic	_	none	_	_	_	_	_	_
395-5	BO105	395	395	5	tecnologie	tecnologie	_	_	_	_	_	linguistic	_	none	_	_	_	_	_	_
395-6	BO105	395	395	6	svolgeranno	svolgeranno	_	_	_	_	_	linguistic	_	none	_	_	_	_	_	_
395-7	BO105	395	395	7	sempre	sempre	_	_	_	_	_	linguistic	_	none	_	End=1422.74	_	_	_	_
396-0	BO105	396	396	0	io.	io	_	_	_	_	_	linguistic	_	none	Intonation=Falling|PauseAfter=Yes	Begin=1422.933	_	_	_	_
396-1	BO105	396	396	1	{P}	{P}	_	_	_	_	_	shortpause	_	none	_	_	_	_	_	_
396-2	BO105	396	396	2	si	si	_	_	_	_	_	linguistic	_	none	_	_	_	_	_	_
396-3	BO105	396	396	3	pensa	pensa	_	_	_	_	_	linguistic	_	none	_	_	_	_	_	_
396-4	BO105	396	396	4	che	che	_	_	_	_	_	linguistic	_	none	_	_	_	_	_	_
396-5	BO105	396	396	5	le	le	_	_	_	_	_	linguistic	_	none	_	_	_	_	_	_
396-6	BO105	396	396	6	tecnologie	tecnologie	_	_	_	_	_	linguistic	_	none	_	_	_	_	_	_
396-7	BO105	396	396	7	svolgeranno	svolgeranno	_	_	_	_	_	linguistic	_	none	_	_	_	_	_	_
396-8	BO105	396	396	8	un	un	_	_	_	_	_	linguistic	_	none	_	_	_	_	_	_
396-9	BO105	396	396	9	ruolo	ruolo	_	_	_	_	_	linguistic	_	none	_	_	_	_	_	_
396-10	BO105	396	396	10	sempre::	sempre	_	_	_	_	_	linguistic	_	none	_	_	5x2	_	_	_
396-11	BO105	396	396	11	sempre	sempre	_	_	_	_	_	linguistic	_	none	_	_	_	_	_	_
396-12	BO105	396	396	12	maggiore	maggiore	_	_	_	_	_	linguistic	_	none	_	_	_	_	_	_
396-13	BO105	396	396	13	nell'	nell'	_	_	_	_	_	linguistic	_	none	SpaceAfter=No	_	_	_	_	_
396-14	BO105	396	396	14	insegnamento	insegnamento	_	_	_	_	_	linguistic	_	none	_	_	_	_	_	_
396-15	BO105	396	396	15	didattico.	didattico	_	_	_	_	_	linguistic	_	none	Intonation=Falling	End=1428.69	_	_	_	_
397-0	BO105	397	397	0	in	in	_	_	_	_	_	linguistic	_	none	_	Begin=1428.833	_	_	_	_
397-1	BO105	397	397	1	quanto	quanto	_	_	_	_	_	linguistic	_	none	_	_	_	_	_	_
397-2	BO105	397	397	2	si	si	_	_	_	_	_	linguistic	_	none	_	_	_	_	_	_
397-3	BO105	397	397	3	vede	vede	_	_	_	_	_	linguistic	_	none	_	_	_	_	_	_
397-4	BO105	397	397	4	che	che	_	_	_	_	_	linguistic	_	none	_	_	_	_	_	_
397-5	BO105	397	397	5	si	si	_	_	_	_	_	linguistic	_	none	_	_	_	_	_	_
397-6	BO105	397	397	6	stanno	stanno	_	_	_	_	_	linguistic	_	none	_	_	_	_	_	_
397-7	BO105	397	397	7	sviluppa~	sviluppa~	_	_	_	_	_	linguistic	_	none	Interrupted=Yes	_	_	_	_	_
397-8	BO105	397	397	8	stanno	stanno	_	_	_	_	_	linguistic	_	none	PauseAfter=Yes	_	_	_	_	_
397-9	BO105	397	397	9	{P}	{P}	_	_	_	_	_	shortpause	_	none	_	_	_	_	_	_
397-10	BO105	397	397	10	avendo	avendo	_	_	_	_	_	linguistic	_	none	_	_	_	_	_	_
397-11	BO105	397	397	11	un	un	_	_	_	_	_	linguistic	_	none	_	_	_	_	_	_
397-12	BO105	397	397	12	pne~	pne~	_	_	_	_	_	linguistic	_	none	Interrupted=Yes	_	_	_	_	_
397-13	BO105	397	397	13	un	un	_	_	_	_	_	linguistic	_	none	_	_	_	_	_	_
397-14	BO105	397	397	14	potenziale	potenziale	_	_	_	_	_	linguistic	_	none	_	_	_	_	_	_
397-15	BO105	397	397	15	molto	molto	_	_	_	_	_	linguistic	_	none	_	_	_	_	_	_
397-16	BO105	397	397	16	grande,	grande	_	_	_	_	_	linguistic	_	none	Intonation=WeaklyRising	End=1432.93	_	_	_	_
398-0	BO104	398	398	0	mhmh	mhmh	_	_	_	_	_	linguistic	_	none	_	Begin=1432.951	_	_	_	_
398-1	BO104	398	398	1	come	come	_	_	_	_	_	linguistic	_	none	_	_	_	_	_	_
398-2	BO104	398	398	2	si::	si	_	_	_	_	_	linguistic	_	none	_	_	1x2	_	_	_
398-3	BO104	398	398	3	come	come	_	_	_	_	_	linguistic	_	none	_	_	_	_	_	_
398-4	BO104	398	398	4	si	si	_	_	_	_	_	linguistic	_	none	_	_	_	_	_	_
398-5	BO104	398	398	5	indentifica	indentifica	_	_	_	_	_	linguistic	_	none	_	_	_	_	_	_
398-6	BO104	398	398	6	come	come	_	_	_	_	_	linguistic	_	none	_	_	_	_	_	_
398-7	BO104	398	398	7	si	si	_	_	_	_	_	linguistic	_	none	_	_	_	_	_	_
398-8	BO104	398	398	8	chiama	chiama	_	_	_	_	_	linguistic	_	none	_	_	_	_	_	_
398-9	BO104	398	398	9	la	la	_	_	_	_	_	linguistic	_	none	_	_	_	_	_	_
398-10	BO104	398	398	10	fase	fase	_	_	_	_	_	linguistic	_	none	_	_	_	_	_	_
398-11	BO104	398	398	11	più	più	_	_	_	_	_	linguistic	_	none	_	_	_	_	_	_
398-12	BO104	398	398	12	recente	recente	_	_	_	_	_	linguistic	_	none	_	_	_	_	_	_
398-13	BO104	398	398	13	del::	del	_	_	_	_	_	linguistic	_	none	_	_	2x2	_	_	_
398-14	BO104	398	398	14	del	del	_	_	_	_	_	linguistic	_	none	_	_	_	_	_	_
398-15	BO104	398	398	15	computer	computer	_	_	_	_	_	linguistic	_	none	_	_	_	_	_	_
398-16	BO104	398	398	16	assistance	assistance	_	_	_	_	_	linguistic	_	none	_	_	_	_	_	_
398-17	BO104	398	398	17	language	language	_	_	_	_	_	linguistic	_	none	_	_	_	_	_	_
398-18	BO104	398	398	18	learning?	learning	_	_	_	_	_	linguistic	_	none	Intonation=Rising	End=1439.22	_	_	_	_
399-0	BO104	399	399	0	non	non	_	_	_	_	_	linguistic	_	none	_	Begin=1441.64	_	_	_	_
399-1	BO104	399	399	1	lo	lo	_	_	_	_	_	linguistic	_	none	_	_	_	_	_	_
399-2	BO104	399	399	2	[so	so	_	_	_	_	_	linguistic	_	none	_	_	_	_	_	0-2(74)
399-3	BO104	399	399	3	se].	se	_	_	_	_	_	linguistic	_	none	Intonation=Falling	End=1442.24	_	_	_	0-2(74)
400-0	BO105	400	400	0	[i]	i	_	_	_	_	_	linguistic	_	none	_	Begin=1442.008	_	_	_	0-1(74)
400-1	BO105	400	400	1	mole?	mole	_	_	_	_	_	linguistic	_	none	Intonation=Rising	End=1442.798	_	_	_	_
401-0	BO105	401	401	0	quello	quello	_	_	_	_	_	linguistic	_	none	PauseAfter=Yes	Begin=1443.41	_	_	_	_
401-1	BO105	401	401	1	{P}	{P}	_	_	_	_	_	shortpause	_	none	_	_	_	_	_	_
401-2	BO105	401	401	2	on	on	_	_	_	_	_	linguistic	_	none	_	_	_	_	_	_
401-3	BO105	401	401	3	[mobile]?	mobile	_	_	_	_	_	linguistic	_	none	Intonation=Rising	End=1444.65	_	_	_	0-6(75)
402-0	BO104	402	402	0	[no	no	_	_	_	_	_	linguistic	_	none	_	Begin=1443.821	_	_	_	0-2(75)
402-1	BO104	402	402	1	il]	il	_	_	_	_	_	linguistic	_	none	_	_	_	_	_	0-2(75)
402-2	BO104	402	402	2	mole	mole	_	_	_	_	_	linguistic	_	none	_	_	_	_	_	_
402-3	BO104	402	402	3	è	è	_	_	_	_	_	linguistic	_	none	_	_	_	_	_	_
402-4	BO104	402	402	4	legato	legato	_	_	_	_	_	linguistic	_	none	_	_	_	_	_	_
402-5	BO104	402	402	5	si	si	_	_	_	_	_	linguistic	_	none	_	_	_	_	_	_
402-6	BO104	402	402	6	al	al	_	_	_	_	_	linguistic	_	none	_	_	_	_	_	_
402-7	BO104	402	402	7	mobile	mobile	_	_	_	_	_	linguistic	_	none	_	_	_	_	_	_
402-8	BO104	402	402	8	assistance	assistance	_	_	_	_	_	linguistic	_	none	_	_	_	_	_	_
402-9	BO104	402	402	9	language	language	_	_	_	_	_	linguistic	_	none	_	_	_	_	_	_
402-10	BO104	402	402	10	learning,	learning	_	_	_	_	_	linguistic	_	none	Intonation=WeaklyRising	_	_	_	_	_
402-11	BO104	402	402	11	ma	ma	_	_	_	_	_	linguistic	_	none	_	_	_	_	_	_
402-12	BO104	402	402	12	forse	forse	_	_	_	_	_	linguistic	_	none	_	_	_	_	_	_
402-13	BO104	402	402	13	non	non	_	_	_	_	_	linguistic	_	none	_	_	_	_	_	_
402-14	BO104	402	402	14	c'	c'	_	_	_	_	_	linguistic	_	none	SpaceAfter=No	_	_	_	_	_
402-15	BO104	402	402	15	è	è	_	_	_	_	_	linguistic	_	none	_	_	_	_	_	_
402-16	BO104	402	402	16	nel	nel	_	_	_	_	_	linguistic	_	none	_	_	_	_	_	_
402-17	BO104	402	402	17	tuo	tuo	_	_	_	_	_	linguistic	_	none	_	_	_	_	_	_
402-18	BO104	402	402	18	articolo.	articolo	_	_	_	_	_	linguistic	_	none	Intonation=Falling	End=1448.421	_	_	_	_
403-0	BO104	403	403	0	e::hm	ehm	_	_	_	_	_	linguistic	_	none	_	Begin=1448.731	0x2	_	_	_
403-1	BO104	403	403	1	viene	viene	_	_	_	_	_	linguistic	_	none	_	_	_	_	_	_
403-2	BO104	403	403	2	definita	definita	_	_	_	_	_	linguistic	_	none	_	_	_	_	_	_
403-3	BO104	403	403	3	come,	come	_	_	_	_	_	linguistic	_	none	Intonation=WeaklyRising	_	_	_	_	_
403-4	BO104	403	403	4	eh	eh	_	_	_	_	_	linguistic	_	none	_	_	_	_	_	_
403-5	BO104	403	403	5	integrative	integrative	_	_	_	_	_	linguistic	_	none	_	_	_	_	_	_
403-6	BO104	403	403	6	call.	call	_	_	_	_	_	linguistic	_	none	Intonation=Falling	End=1452.595	_	_	_	_
404-0	BO105	404	404	0	okay.	okay	_	_	_	_	_	linguistic	_	none	Intonation=Falling	Begin=1452.72|End=1453.09	_	_	_	_
405-0	BO104	405	405	0	cioè	cioè	_	_	_	_	_	linguistic	_	none	PauseAfter=Yes	Begin=1453.126	_	_	_	_
405-1	BO104	405	405	1	{P}	{P}	_	_	_	_	_	shortpause	_	none	_	_	_	_	_	_
405-2	BO104	405	405	2	call	call	_	_	_	_	_	linguistic	_	none	_	_	_	_	_	_
405-3	BO104	405	405	3	di	di	_	_	_	_	_	linguistic	_	none	_	_	_	_	_	_
405-4	BO104	405	405	4	tipo	tipo	_	_	_	_	_	linguistic	_	none	PauseAfter=Yes	_	_	_	_	_
405-5	BO104	405	405	5	{P}	{P}	_	_	_	_	_	shortpause	_	none	_	_	_	_	_	_
405-6	BO104	405	405	6	in[tegrato	integrato	_	_	_	_	_	linguistic	_	none	_	_	_	_	_	2-9(76)
405-7	BO104	405	405	7	integra]tivo.	integrativo	_	_	_	_	_	linguistic	_	none	Intonation=Falling	End=1456.431	_	_	_	0-7(76)
406-0	BO105	406	406	0	[integrativo].	integrativo	_	_	_	_	_	linguistic	_	none	Intonation=Falling	Begin=1454.93|End=1455.793	_	_	_	0-11(76)
407-0	BO105	407	407	0	okay.	okay	_	_	_	_	_	linguistic	_	none	Intonation=Falling	Begin=1456.48|End=1456.895	_	_	_	_
408-0	BO104	408	408	0	cioè	cioè	_	_	_	_	_	linguistic	_	none	_	Begin=1457.29	_	_	_	_
408-1	BO104	408	408	1	molto	molto	_	_	_	_	_	linguistic	_	none	_	_	_	_	_	_
408-2	BO104	408	408	2	più	più	_	_	_	_	_	linguistic	_	none	_	_	_	_	_	_
408-3	BO104	408	408	3	olistico	olistico	_	_	_	_	_	linguistic	_	none	_	_	_	_	_	_
408-4	BO104	408	408	4	molto	molto	_	_	_	_	_	linguistic	_	none	_	_	_	_	_	_
408-5	BO104	408	408	5	più	più	_	_	_	_	_	linguistic	_	none	_	_	_	_	_	_
408-6	BO104	408	408	6	globale.	globale	_	_	_	_	_	linguistic	_	none	Intonation=Falling	_	_	_	_	_
408-7	BO104	408	408	7	dove:	dove	_	_	_	_	_	linguistic	_	none	_	_	3x1	_	_	_
408-8	BO104	408	408	8	appunto	appunto	_	_	_	_	_	linguistic	_	none	_	_	_	_	_	_
408-9	BO104	408	408	9	c'	c'	_	_	_	_	_	linguistic	_	none	SpaceAfter=No	_	_	_	_	_
408-10	BO104	408	408	10	è	è	_	_	_	_	_	linguistic	_	none	_	_	_	_	_	_
408-11	BO104	408	408	11	la	la	_	_	_	_	_	linguistic	_	none	_	_	_	_	_	_
408-12	BO104	408	408	12	dimensione	dimensione	_	_	_	_	_	linguistic	_	none	_	_	_	_	_	_
408-13	BO104	408	408	13	della	della	_	_	_	_	_	linguistic	_	none	_	_	_	_	_	_
408-14	BO104	408	408	14	comunità	comunità	_	_	_	_	_	linguistic	_	none	_	_	_	_	_	_
408-15	BO104	408	408	15	di	di	_	_	_	_	_	linguistic	_	none	_	_	_	_	_	_
408-16	BO104	408	408	16	pratica,	pratica	_	_	_	_	_	linguistic	_	none	Intonation=WeaklyRising	_	_	_	_	_
408-17	BO104	408	408	17	la	la	_	_	_	_	_	linguistic	_	none	_	_	_	_	_	_
408-18	BO104	408	408	18	dimensione	dimensione	_	_	_	_	_	linguistic	_	none	_	_	_	_	_	_
408-19	BO104	408	408	19	della	della	_	_	_	_	_	linguistic	_	none	_	_	_	_	_	_
408-20	BO104	408	408	20	comu~	comu~	_	_	_	_	_	linguistic	_	none	Interrupted=Yes	_	_	_	_	_
408-21	BO104	408	408	21	della::	della	_	_	_	_	_	linguistic	_	none	_	End=1464.075	4x2	_	_	_
409-0	BO104	409	409	0	eh	eh	_	_	_	_	_	linguistic	_	none	_	Begin=1464.525	_	_	_	_
409-1	BO104	409	409	1	distanza	distanza	_	_	_	_	_	linguistic	_	none	_	_	_	_	_	_
409-2	BO104	409	409	2	geografica	geografica	_	_	_	_	_	linguistic	_	none	_	_	_	_	_	_
409-3	BO104	409	409	3	che	che	_	_	_	_	_	linguistic	_	none	_	_	_	_	_	_
409-4	BO104	409	409	4	viene	viene	_	_	_	_	_	linguistic	_	none	_	_	_	_	_	_
409-5	BO104	409	409	5	assolutamente	assolutamente	_	_	_	_	_	linguistic	_	none	_	_	_	_	_	_
409-6	BO104	409	409	6	ri[dotta	ridotta	_	_	_	_	_	linguistic	_	none	ProsodicLink=Yes	_	_	_	_	2-7(77)
409-7	BO104	409	409	7	e]::	e	_	_	_	_	_	linguistic	_	none	_	_	0x2	_	_	0-1(77)
409-8	BO104	409	409	8	e	e	_	_	_	_	_	linguistic	_	none	_	_	_	_	_	_
409-9	BO104	409	409	9	e	e	_	_	_	_	_	linguistic	_	none	_	_	_	_	_	_
409-10	BO104	409	409	10	della	della	_	_	_	_	_	linguistic	_	none	_	_	_	_	_	_
409-11	BO104	409	409	11	s~	s~	_	_	_	_	_	linguistic	_	none	Interrupted=Yes|PauseAfter=Yes	_	_	_	_	_
409-12	BO104	409	409	12	{P}	{P}	_	_	_	_	_	shortpause	_	none	_	_	_	_	_	_
409-13	BO104	409	409	13	collaborazione:	collaborazione	_	_	_	_	_	linguistic	_	none	_	_	13x1	_	_	_
409-14	BO104	409	409	14	della:	della	_	_	_	_	_	linguistic	_	none	_	_	4x1	_	_	_
409-15	BO104	409	409	15	scrittura	scrittura	_	_	_	_	_	linguistic	_	none	_	_	_	_	_	_
409-16	BO104	409	409	16	collaborativa,	collaborativa	_	_	_	_	_	linguistic	_	none	Intonation=WeaklyRising	_	_	_	_	_
409-17	BO104	409	409	17	della	della	_	_	_	_	_	linguistic	_	none	_	_	_	_	_	_
409-18	BO104	409	409	18	progettazione	progettazione	_	_	_	_	_	linguistic	_	none	_	_	_	_	_	_
409-19	BO104	409	409	19	colaborativa,	colaborativa	_	_	_	_	_	linguistic	_	none	Intonation=WeaklyRising	_	_	_	_	_
409-20	BO104	409	409	20	eccetera.	eccetera	_	_	_	_	_	linguistic	_	none	Intonation=Falling	_	_	_	_	_
409-21	BO104	409	409	21	quindi	quindi	_	_	_	_	_	linguistic	_	none	_	_	_	_	_	_
409-22	BO104	409	409	22	molto	molto	_	_	_	_	_	linguistic	_	none	_	_	_	_	_	_
409-23	BO104	409	409	23	piú::	piú	_	_	_	_	_	linguistic	_	none	PauseAfter=Yes	_	2x2	_	_	_
409-24	BO104	409	409	24	{P}	{P}	_	_	_	_	_	shortpause	_	none	_	_	_	_	_	_
409-25	BO104	409	409	25	olistica.	olistica	_	_	_	_	_	linguistic	_	none	Intonation=Falling	End=1477.2	_	_	_	_
410-0	BO105	410	410	0	[diminuita	diminuita	_	_	_	_	_	linguistic	_	none	_	Begin=1466.84	_	_	_	0-9(77)
410-1	BO105	410	410	1	sì].	sì	_	_	_	_	_	linguistic	_	none	Intonation=Falling	End=1467.92	_	_	_	0-2(77)
411-0	BO104	411	411	0	va	va	_	_	_	_	_	linguistic	_	none	_	Begin=1479.221	_	_	_	_
411-1	BO104	411	411	1	bene	bene	_	_	_	_	_	linguistic	_	none	_	_	_	_	_	_
411-2	BO104	411	411	2	senti	senti	_	_	_	_	_	linguistic	_	none	_	_	_	_	_	_
411-3	BO104	411	411	3	allora	allora	_	_	_	_	_	linguistic	_	none	_	_	_	_	_	_
411-4	BO104	411	411	4	io:,	io	_	_	_	_	_	linguistic	_	none	Intonation=WeaklyRising	_	1x1	_	_	_
411-5	BO104	411	411	5	direi	direi	_	_	_	_	_	linguistic	_	none	_	_	_	_	_	_
411-6	BO104	411	411	6	che	che	_	_	_	_	_	linguistic	_	none	_	_	_	_	_	_
411-7	BO104	411	411	7	per	per	_	_	_	_	_	linguistic	_	none	_	_	_	_	_	_
411-8	BO104	411	411	8	questa	questa	_	_	_	_	_	linguistic	_	none	_	_	_	_	_	_
411-9	BO104	411	411	9	parte	parte	_	_	_	_	_	linguistic	_	none	_	_	_	_	_	_
411-10	BO104	411	411	10	ci	ci	_	_	_	_	_	linguistic	_	none	_	_	_	_	_	_
411-11	BO104	411	411	11	possiamo:	possiamo	_	_	_	_	_	linguistic	_	none	_	_	7x1	_	_	_
411-12	BO104	411	411	12	fermare.	fermare	_	_	_	_	_	linguistic	_	none	Intonation=Falling	End=1483.37	_	_	_	_
412-0	BO104	412	412	0	e::hm	ehm	_	_	_	_	_	linguistic	_	none	_	Begin=1483.495|End=1484.561	0x2	_	_	_
413-0	BO104	413	413	0	sicuramente	sicuramente	_	_	_	_	_	linguistic	_	none	_	Begin=1487.09	_	_	_	_
413-1	BO104	413	413	1	ecco.	ecco	_	_	_	_	_	linguistic	_	none	Intonation=Falling	_	_	_	_	_
413-2	BO104	413	413	2	si	si	_	_	_	_	_	linguistic	_	none	_	_	_	_	_	_
413-3	BO104	413	413	3	percepisce	percepisce	_	_	_	_	_	linguistic	_	none	_	_	_	_	_	_
413-4	BO104	413	413	4	che	che	_	_	_	_	_	linguistic	_	none	_	_	_	_	_	_
413-5	BO104	413	413	5	non	non	_	_	_	_	_	linguistic	_	none	_	_	_	_	_	_
413-6	BO104	413	413	6	hai	hai	_	_	_	_	_	linguistic	_	none	_	_	_	_	_	_
413-7	BO104	413	413	7	studiato	studiato	_	_	_	_	_	linguistic	_	none	_	_	_	_	_	_
413-8	BO104	413	413	8	le	le	_	_	_	_	_	linguistic	_	none	_	_	_	_	_	_
413-9	BO104	413	413	9	slide.	slide	_	_	_	_	_	linguistic	_	none	Intonation=Falling	_	_	_	_	_
413-10	BO104	413	413	10	[perché::]	perché	_	_	_	_	_	linguistic	_	none	_	End=1491.505	5x2	_	_	0-6(78)
414-0	BO105	414	414	0	[okay].	okay	_	_	_	_	_	linguistic	_	none	Intonation=Falling	Begin=1490.49	_	_	_	0-4(78)
414-1	BO105	414	414	1	eh	eh	_	_	_	_	_	linguistic	_	none	_	_	_	_	_	_
414-2	BO105	414	414	2	mi	mi	_	_	_	_	_	linguistic	_	none	_	_	_	_	_	_
414-3	BO105	414	414	3	spiace	spiace	_	_	_	_	_	linguistic	_	none	_	_	_	_	_	_
414-4	BO105	414	414	4	ma::	ma	_	_	_	_	_	linguistic	_	none	PauseAfter=Yes	_	1x2	_	_	_
414-5	BO105	414	414	5	{P}	{P}	_	_	_	_	_	shortpause	_	none	_	_	_	_	_	_
414-6	BO105	414	414	6	perché	perché	_	_	_	_	_	linguistic	_	none	_	_	_	_	_	_
414-7	BO105	414	414	7	ho	ho	_	_	_	_	_	linguistic	_	none	_	_	_	_	_	_
414-8	BO105	414	414	8	guardato	guardato	_	_	_	_	_	linguistic	_	none	_	_	_	_	_	_
414-9	BO105	414	414	9	nel	nel	_	_	_	_	_	linguistic	_	none	_	_	_	_	_	_
414-10	BO105	414	414	10	sito::	sito	_	_	_	_	_	linguistic	_	none	_	_	3x2	_	_	_
414-11	BO105	414	414	11	e::	e	_	_	_	_	_	linguistic	_	none	_	End=1495.456	0x2	_	_	_
415-0	BO105	415	415	0	ho	ho	_	_	_	_	_	linguistic	_	none	_	Begin=1495.521	_	_	_	_
415-1	BO105	415	415	1	visto	visto	_	_	_	_	_	linguistic	_	none	_	_	_	_	_	_
415-2	BO105	415	415	2	solo	solo	_	_	_	_	_	linguistic	_	none	_	_	_	_	_	_
415-3	BO105	415	415	3	le	le	_	_	_	_	_	linguistic	_	none	_	_	_	_	_	_
415-4	BO105	415	415	4	slide	slide	_	_	_	_	_	linguistic	_	none	_	_	_	_	_	_
415-5	BO105	415	415	5	del	del	_	_	_	_	_	linguistic	_	none	_	_	_	_	_	_
415-6	BO105	415	415	6	modulo	modulo	_	_	_	_	_	linguistic	_	none	_	_	_	_	_	_
415-7	BO105	415	415	7	uno.	uno	_	_	_	_	_	linguistic	_	none	Intonation=Falling	End=1497.475	_	_	_	_
416-0	BO104	416	416	0	no	no	_	_	_	_	_	linguistic	_	none	_	Begin=1497.5	_	_	_	_
416-1	BO104	416	416	1	perché	perché	_	_	_	_	_	linguistic	_	none	_	_	_	_	_	_
416-2	BO104	416	416	2	hai	hai	_	_	_	_	_	linguistic	_	none	_	_	_	_	_	_
416-3	BO104	416	416	3	le	le	_	_	_	_	_	linguistic	_	none	_	_	_	_	_	_
416-4	BO104	416	416	4	mie	mie	_	_	_	_	_	linguistic	_	none	_	_	_	_	_	_
416-5	BO104	416	416	5	slide	slide	_	_	_	_	_	linguistic	_	none	_	_	_	_	_	_
416-6	BO104	416	416	6	sono	sono	_	_	_	_	_	linguistic	_	none	_	_	_	_	_	_
416-7	BO104	416	416	7	su	su	_	_	_	_	_	linguistic	_	none	_	_	_	_	_	_
416-8	BO104	416	416	8	moodle	moodle	_	_	_	_	_	linguistic	_	none	_	_	_	_	_	_
416-9	BO104	416	416	9	e	e	_	_	_	_	_	linguistic	_	none	_	_	_	_	_	_
416-10	BO104	416	416	10	su	su	_	_	_	_	_	linguistic	_	none	_	_	_	_	_	_
416-11	BO104	416	416	11	google	google	_	_	_	_	_	linguistic	_	none	_	_	_	_	_	_
416-12	BO104	416	416	12	drive.	drive	_	_	_	_	_	linguistic	_	none	Intonation=Falling	End=1501.186	_	_	_	_
417-0	BO105	417	417	0	eh	eh	_	_	_	_	_	linguistic	_	none	PauseAfter=Yes	Begin=1501.31	_	_	_	_
417-1	BO105	417	417	1	{P}	{P}	_	_	_	_	_	shortpause	_	none	_	_	_	_	_	_
417-2	BO105	417	417	2	[non	non	_	_	_	_	_	linguistic	_	none	_	_	_	_	_	0-3(79)
417-3	BO105	417	417	3	non	non	_	_	_	_	_	linguistic	_	none	_	_	_	_	_	0-3(79)
417-4	BO105	417	417	4	lo	lo	_	_	_	_	_	linguistic	_	none	_	_	_	_	_	0-2(79)
417-5	BO105	417	417	5	sapevo]	sapevo	_	_	_	_	_	linguistic	_	none	_	End=1503.09	_	_	_	0-6(79)
418-0	BO104	418	418	0	[perché	perché	_	_	_	_	_	linguistic	_	none	_	Begin=1501.853	_	_	_	0-6(79)
418-1	BO104	418	418	1	sono	sono	_	_	_	_	_	linguistic	_	none	_	_	_	_	_	0-4(79)
418-2	BO104	418	418	2	perché	perché	_	_	_	_	_	linguistic	_	none	_	_	_	_	_	0-6(79)
418-3	BO104	418	418	3	so]no	sono	_	_	_	_	_	linguistic	_	none	_	_	_	_	_	0-2(79)
418-4	BO104	418	418	4	a~	a~	_	_	_	_	_	linguistic	_	none	Interrupted=Yes	_	_	_	_	_
418-5	BO104	418	418	5	allego	allego	_	_	_	_	_	linguistic	_	none	_	_	_	_	_	_
418-6	BO104	418	418	6	anche	anche	_	_	_	_	_	linguistic	_	none	_	_	_	_	_	_
418-7	BO104	418	418	7	altri	altri	_	_	_	_	_	linguistic	_	none	_	_	_	_	_	_
418-8	BO104	418	418	8	materiali	materiali	_	_	_	_	_	linguistic	_	none	_	_	_	_	_	_
418-9	BO104	418	418	9	e	e	_	_	_	_	_	linguistic	_	none	_	_	_	_	_	_
418-10	BO104	418	418	10	quindi::	quindi	_	_	_	_	_	linguistic	_	none	_	_	5x2	_	_	_
418-11	BO104	418	418	11	sì	sì	_	_	_	_	_	linguistic	_	none	_	_	_	_	_	_
418-12	BO104	418	418	12	è	è	_	_	_	_	_	linguistic	_	none	_	_	_	_	_	_
418-13	BO104	418	418	13	sempre	sempre	_	_	_	_	_	linguistic	_	none	_	_	_	_	_	_
418-14	BO104	418	418	14	bene::	bene	_	_	_	_	_	linguistic	_	none	_	_	3x2	_	_	_
418-15	BO104	418	418	15	diciamo	diciamo	_	_	_	_	_	linguistic	_	none	_	_	_	_	_	_
418-16	BO104	418	418	16	contattare::	contattare	_	_	_	_	_	linguistic	_	none	_	End=1508.653	9x2	_	_	_
419-0	BO104	419	419	0	[anche	anche	_	_	_	_	_	linguistic	_	none	_	Begin=1509.11	_	_	_	0-5(80)
419-1	BO104	419	419	1	via]	via	_	_	_	_	_	linguistic	_	none	_	_	_	_	_	0-3(80)
419-2	BO104	419	419	2	mail	mail	_	_	_	_	_	linguistic	_	none	_	_	_	_	_	_
419-3	BO104	419	419	3	i	i	_	_	_	_	_	linguistic	_	none	_	_	_	_	_	_
419-4	BO104	419	419	4	docenti	docenti	_	_	_	_	_	linguistic	_	none	_	_	_	_	_	_
419-5	BO104	419	419	5	per::	per	_	_	_	_	_	linguistic	_	none	_	End=1511.541	2x2	_	_	_
420-0	BO105	420	420	0	[eh	eh	_	_	_	_	_	linguistic	_	none	_	Begin=1509.12	_	_	_	0-2(80)
420-1	BO105	420	420	1	non]	non	_	_	_	_	_	linguistic	_	none	_	End=1510.05	_	_	_	0-3(80)
421-0	BO104	421	421	0	comunque,	comunque	_	_	_	_	_	linguistic	_	none	Intonation=WeaklyRising	Begin=1511.618	_	_	_	_
421-1	BO104	421	421	1	allora	allora	_	_	_	_	_	linguistic	_	none	_	_	_	_	_	_
421-2	BO104	421	421	2	diciamo	diciamo	_	_	_	_	_	linguistic	_	none	_	_	_	_	_	_
421-3	BO104	421	421	3	per	per	_	_	_	_	_	linguistic	_	none	_	_	_	_	_	_
421-4	BO104	421	421	4	questa	questa	_	_	_	_	_	linguistic	_	none	_	_	_	_	_	_
421-5	BO104	421	421	5	parte,	parte	_	_	_	_	_	linguistic	_	none	Intonation=WeaklyRising	_	_	_	_	_
421-6	BO104	421	421	6	allora	allora	_	_	_	_	_	linguistic	_	none	_	_	_	_	_	_
421-7	BO104	421	421	7	sicuramente::	sicuramente	_	_	_	_	_	linguistic	_	none	PauseAfter=Yes	_	10x2	_	_	_
421-8	BO104	421	421	8	{P}	{P}	_	_	_	_	_	shortpause	_	none	_	_	_	_	_	_
421-9	BO104	421	421	9	hai	hai	_	_	_	_	_	linguistic	_	none	_	_	_	_	_	_
421-10	BO104	421	421	10	studiato,	studiato	_	_	_	_	_	linguistic	_	none	Intonation=WeaklyRising	_	_	_	_	_
421-11	BO104	421	421	11	non	non	_	_	_	_	_	linguistic	_	none	_	_	_	_	_	_
421-12	BO104	421	421	12	non	non	_	_	_	_	_	linguistic	_	none	_	_	_	_	_	_
421-13	BO104	421	421	13	c'	c'	_	_	_	_	_	linguistic	_	none	SpaceAfter=No	_	_	_	_	_
421-14	BO104	421	421	14	è	è	_	_	_	_	_	linguistic	_	none	_	_	_	_	_	_
421-15	BO104	421	421	15	quella,	quella	_	_	_	_	_	linguistic	_	none	Intonation=WeaklyRising	End=1519.575	_	_	_	_
422-0	BO104	422	422	0	come	come	_	_	_	_	_	linguistic	_	none	_	Begin=1519.886	_	_	_	_
422-1	BO104	422	422	1	dire	dire	_	_	_	_	_	linguistic	_	none	PauseAfter=Yes	_	_	_	_	_
422-2	BO104	422	422	2	{P}	{P}	_	_	_	_	_	shortpause	_	none	_	_	_	_	_	_
422-3	BO104	422	422	3	appropriatezza	appropriatezza	_	_	_	_	_	linguistic	_	none	_	_	_	_	_	_
422-4	BO104	422	422	4	terminolo[gica	terminologica	_	_	_	_	_	linguistic	_	none	_	_	_	_	_	9-13(81)
422-5	BO104	422	422	5	che]	che	_	_	_	_	_	linguistic	_	none	_	End=1522.46	_	_	_	0-3(81)
423-0	BO105	423	423	0	[okay]	okay	_	_	_	_	_	linguistic	_	none	_	Begin=1521.94|End=1522.475	_	_	_	0-4(81)
424-0	BO104	424	424	0	si	si	_	_	_	_	_	linguistic	_	none	_	Begin=1523.056	_	_	_	_
424-1	BO104	424	424	1	cerca	cerca	_	_	_	_	_	linguistic	_	none	_	_	_	_	_	_
424-2	BO104	424	424	2	un	un	_	_	_	_	_	linguistic	_	none	_	_	_	_	_	_
424-3	BO104	424	424	3	po'	po'	_	_	_	_	_	linguistic	_	none	_	_	_	_	_	_
424-4	BO104	424	424	4	in	in	_	_	_	_	_	linguistic	_	none	_	_	_	_	_	_
424-5	BO104	424	424	5	quest[e::	queste	_	_	_	_	_	linguistic	_	none	_	_	5x2	_	_	5-6(82)
424-6	BO104	424	424	6	in	in	_	_	_	_	_	linguistic	_	none	_	_	_	_	_	0-2(82)
424-7	BO104	424	424	7	questa]	questa	_	_	_	_	_	linguistic	_	none	_	_	_	_	_	0-6(82)
424-8	BO104	424	424	8	materia.	materia	_	_	_	_	_	linguistic	_	none	Intonation=Falling	_	_	_	_	_
424-9	BO104	424	424	9	che	che	_	_	_	_	_	linguistic	_	none	_	_	_	_	_	_
424-10	BO104	424	424	10	comunque	comunque	_	_	_	_	_	linguistic	_	none	_	_	_	_	_	_
424-11	BO104	424	424	11	è	è	_	_	_	_	_	linguistic	_	none	_	_	_	_	_	_
424-12	BO104	424	424	12	una	una	_	_	_	_	_	linguistic	_	none	_	_	_	_	_	_
424-13	BO104	424	424	13	materia	materia	_	_	_	_	_	linguistic	_	none	PauseAfter=Yes	_	_	_	_	_
424-14	BO104	424	424	14	{P}	{P}	_	_	_	_	_	shortpause	_	none	_	_	_	_	_	_
424-15	BO104	424	424	15	che	che	_	_	_	_	_	linguistic	_	none	_	_	_	_	_	_
424-16	BO104	424	424	16	può	può	_	_	_	_	_	linguistic	_	none	_	_	_	_	_	_
424-17	BO104	424	424	17	essere	essere	_	_	_	_	_	linguistic	_	none	_	_	_	_	_	_
424-18	BO104	424	424	18	anche	anche	_	_	_	_	_	linguistic	_	none	_	_	_	_	_	_
424-19	BO104	424	424	19	discorsiva	discorsiva	_	_	_	_	_	linguistic	_	none	_	_	_	_	_	_
424-20	BO104	424	424	20	quindi,	quindi	_	_	_	_	_	linguistic	_	none	Intonation=WeaklyRising	End=1528.45	_	_	_	_
425-0	BO105	425	425	0	[okay].	okay	_	_	_	_	_	linguistic	_	none	Intonation=Falling	Begin=1524.63|End=1525.156	_	_	_	0-4(82)
426-0	BO105	426	426	0	sì.	sì	_	_	_	_	_	linguistic	_	none	Intonation=Falling	Begin=1528.451|End=1528.7	_	_	_	_
427-0	BO104	427	427	0	la	la	_	_	_	_	_	linguistic	_	none	_	Begin=1528.711	_	_	_	_
427-1	BO104	427	427	1	precisione	precisione	_	_	_	_	_	linguistic	_	none	_	_	_	_	_	_
427-2	BO104	427	427	2	termino[logica]	terminologica	_	_	_	_	_	linguistic	_	none	_	_	_	_	_	7-13(83)
427-3	BO104	427	427	3	è	è	_	_	_	_	_	linguistic	_	none	_	_	_	_	_	_
427-4	BO104	427	427	4	molto	molto	_	_	_	_	_	linguistic	_	none	_	_	_	_	_	_
427-5	BO104	427	427	5	importante.	importante	_	_	_	_	_	linguistic	_	none	Intonation=Falling	End=1531.216	_	_	_	_
428-0	BO105	428	428	0	[okay]	okay	_	_	_	_	_	linguistic	_	none	_	Begin=1529.45|End=1530.16	_	_	_	0-4(83)
429-0	BO104	429	429	0	quindi	quindi	_	_	_	_	_	linguistic	_	none	_	Begin=1531.621	_	_	_	_
429-1	BO104	429	429	1	io	io	_	_	_	_	_	linguistic	_	none	_	_	_	_	_	_
429-2	BO104	429	429	2	ti	ti	_	_	_	_	_	linguistic	_	none	_	_	_	_	_	_
429-3	BO104	429	429	3	dare,	dare	_	_	_	_	_	linguistic	_	none	Intonation=WeaklyRising	_	_	_	_	_
429-4	BO104	429	429	4	per	per	_	_	_	_	_	linguistic	_	none	_	_	_	_	_	_
429-5	BO104	429	429	5	questa	questa	_	_	_	_	_	linguistic	_	none	_	_	_	_	_	_
429-6	BO104	429	429	6	parte	parte	_	_	_	_	_	linguistic	_	none	_	_	_	_	_	_
429-7	BO104	429	429	7	venticin[que].	venticinque	_	_	_	_	_	linguistic	_	none	Intonation=Falling	End=1534.311	_	_	_	8-11(84)
430-0	BO105	430	430	0	[okay].	okay	_	_	_	_	_	linguistic	_	none	Intonation=Falling	Begin=1533.97|End=1534.56	_	_	_	0-4(84)
431-0	BO104	431	431	0	poi	poi	_	_	_	_	_	linguistic	_	none	_	Begin=1534.928	_	_	_	_
431-1	BO104	431	431	1	vai	vai	_	_	_	_	_	linguistic	_	none	_	_	_	_	_	_
431-2	BO104	431	431	2	nello	nello	_	_	_	_	_	linguistic	_	none	_	_	_	_	_	_
431-3	BO104	431	431	3	studio	studio	_	_	_	_	_	linguistic	_	none	_	_	_	_	_	_
431-4	BO104	431	431	4	centoventiquattro	centoventiquattro	_	_	_	_	_	linguistic	_	none	_	_	_	_	_	_
431-5	BO104	431	431	5	al	al	_	_	_	_	_	linguistic	_	none	_	_	_	_	_	_
431-6	BO104	431	431	6	primo	primo	_	_	_	_	_	linguistic	_	none	_	_	_	_	_	_
431-7	BO104	431	431	7	[piano],	piano	_	_	_	_	_	linguistic	_	none	Intonation=WeaklyRising	_	_	_	_	0-5(85)
431-8	BO104	431	431	8	dalla	dalla	_	_	_	_	_	linguistic	_	none	_	_	_	_	_	_
431-9	BO104	431	431	9	professorezza	professorezza	_	_	_	_	_	linguistic	_	none	_	_	_	_	_	_
431-10	BO104	431	431	10	rossi,	rossi	_	_	_	_	_	linguistic	_	none	Intonation=WeaklyRising	_	_	_	_	_
431-11	BO104	431	431	11	fai	fai	_	_	_	_	_	linguistic	_	none	_	_	_	_	_	_
431-12	BO104	431	431	12	la	la	_	_	_	_	_	linguistic	_	none	_	_	_	_	_	_
431-13	BO104	431	431	13	parte::	parte	_	_	_	_	_	linguistic	_	none	_	End=1540.588	4x2	_	_	_
432-0	BO105	432	432	0	[okay]	okay	_	_	_	_	_	linguistic	_	none	_	Begin=1536.851|End=1537.518	_	_	_	0-4(85)
433-0	BO104	433	433	0	[e:]:	e	_	_	_	_	_	linguistic	_	none	_	Begin=1541.025	0x2	_	_	0-1(86)
433-1	BO104	433	433	1	relativa	relativa	_	_	_	_	_	linguistic	_	none	_	_	_	_	_	_
433-2	BO104	433	433	2	al	al	_	_	_	_	_	linguistic	_	none	_	_	_	_	_	_
433-3	BO104	433	433	3	suo	suo	_	_	_	_	_	linguistic	_	none	_	_	_	_	_	_
433-4	BO104	433	433	4	esame	esame	_	_	_	_	_	linguistic	_	none	_	_	_	_	_	_
433-5	BO104	433	433	5	poi	poi	_	_	_	_	_	linguistic	_	none	_	_	_	_	_	_
433-6	BO104	433	433	6	lei	lei	_	_	_	_	_	linguistic	_	none	_	_	_	_	_	_
433-7	BO104	433	433	7	verbalizzerà::[verba]lizzerà	verbalizzeràverbalizzerà	_	_	_	_	_	linguistic	_	none	_	_	11x2	_	_	12-17(87)
433-8	BO104	433	433	8	l'	l'	_	_	_	_	_	linguistic	_	none	SpaceAfter=No	_	_	_	_	_
433-9	BO104	433	433	9	esame.	esame	_	_	_	_	_	linguistic	_	none	Intonation=Falling	End=1545.29	_	_	_	_
434-0	BO105	434	434	0	[è	è	_	_	_	_	_	linguistic	_	none	_	Begin=1541.05	_	_	_	0-1(86)
434-1	BO105	434	434	1	vero].	vero	_	_	_	_	_	linguistic	_	none	Intonation=Falling	End=1541.59	_	_	_	0-4(86)
435-0	BO105	435	435	0	[okay]	okay	_	_	_	_	_	linguistic	_	none	_	Begin=1543.703|End=1544.135	_	_	_	0-4(87)
436-0	BO105	436	436	0	d'	d'	_	_	_	_	_	linguistic	_	none	SpaceAfter=No	Begin=1545.316	_	_	_	_
436-1	BO105	436	436	1	accordo.	accordo	_	_	_	_	_	linguistic	_	none	Intonation=Falling	End=1545.931	_	_	_	_
437-0	BO104	437	437	0	quindi::	quindi	_	_	_	_	_	linguistic	_	none	_	Begin=1545.978	5x2	_	_	_
437-1	BO104	437	437	1	[e::h]	eh	_	_	_	_	_	linguistic	_	none	_	End=1548.121	0x2	_	_	0-2(88)
438-0	BO105	438	438	0	[devo	devo	_	_	_	_	_	linguistic	_	none	_	Begin=1547.02	_	_	_	0-4(88)
438-1	BO105	438	438	1	portarle]	portarle	_	_	_	_	_	linguistic	_	none	_	_	_	_	_	0-8(88)
438-2	BO105	438	438	2	un	un	_	_	_	_	_	linguistic	_	none	_	_	_	_	_	_
438-3	BO105	438	438	3	foglio::,	foglio	_	_	_	_	_	linguistic	_	none	Intonation=WeaklyRising	End=1548.76	5x2	_	_	_
439-0	BO104	439	439	0	no,	no	_	_	_	_	_	linguistic	_	none	Intonation=WeaklyRising	Begin=1548.808	_	_	_	_
439-1	BO104	439	439	1	perché	perché	_	_	_	_	_	linguistic	_	none	_	_	_	_	_	_
439-2	BO104	439	439	2	le	le	_	_	_	_	_	linguistic	_	none	_	_	_	_	_	_
439-3	BO104	439	439	3	mando	mando	_	_	_	_	_	linguistic	_	none	_	_	_	_	_	_
439-4	BO104	439	439	4	una	una	_	_	_	_	_	linguistic	_	none	_	_	_	_	_	_
439-5	BO104	439	439	5	mail,	mail	_	_	_	_	_	linguistic	_	none	Intonation=WeaklyRising	_	_	_	_	_
439-6	BO104	439	439	6	le	le	_	_	_	_	_	linguistic	_	none	_	_	_	_	_	_
439-7	BO104	439	439	7	scrivo	scrivo	_	_	_	_	_	linguistic	_	none	_	_	_	_	_	_
439-8	BO104	439	439	8	una	una	_	_	_	_	_	linguistic	_	none	_	_	_	_	_	_
439-9	BO104	439	439	9	mail	mail	_	_	_	_	_	linguistic	_	none	_	_	_	_	_	_
439-10	BO104	439	439	10	e::	e	_	_	_	_	_	linguistic	_	none	_	End=1552.49	0x2	_	_	_
440-0	BO105	440	440	0	okay.	okay	_	_	_	_	_	linguistic	_	none	Intonation=Falling	Begin=1552.498|End=1552.91	_	_	_	_
441-0	BO104	441	441	0	e	e	_	_	_	_	_	linguistic	_	none	_	Begin=1552.928	_	_	_	_
441-1	BO104	441	441	1	basta.	basta	_	_	_	_	_	linguistic	_	none	Intonation=Falling	_	_	_	_	_
441-2	BO104	441	441	2	chiamiamo	chiamiamo	_	_	_	_	_	linguistic	_	none	_	_	_	_	_	_
441-3	BO104	441	441	3	anche	anche	_	_	_	_	_	linguistic	_	none	_	End=1554.801	_	_	_	_
442-0	BO104	442	442	0	il	il	_	_	_	_	_	linguistic	_	none	_	Begin=1555.33	_	_	_	_
442-1	BO104	442	442	1	tirocinante	tirocinante	_	_	_	_	_	linguistic	_	none	_	_	_	_	_	_
442-2	BO104	442	442	2	che	che	_	_	_	_	_	linguistic	_	none	_	_	_	_	_	_
442-3	BO104	442	442	3	era.	era	_	_	_	_	_	linguistic	_	none	Intonation=Falling	_	_	_	_	_
442-4	BO104	442	442	4	grazie	grazie	_	_	_	_	_	linguistic	_	none	_	_	_	_	_	_
442-5	BO104	442	442	5	anche	anche	_	_	_	_	_	linguistic	_	none	_	_	_	_	_	_
442-6	BO104	442	442	6	per	per	_	_	_	_	_	linguistic	_	none	PauseAfter=Yes	_	_	_	_	_
442-7	BO104	442	442	7	{P}	{P}	_	_	_	_	_	shortpause	_	none	_	_	_	_	_	_
442-8	BO104	442	442	8	aver	aver	_	_	_	_	_	linguistic	_	none	_	_	_	_	_	_
442-9	BO104	442	442	9	dato	dato	_	_	_	_	_	linguistic	_	none	_	_	_	_	_	_
442-10	BO104	442	442	10	l'	l'	_	_	_	_	_	linguistic	_	none	SpaceAfter=No	_	_	_	_	_
442-11	BO104	442	442	11	autorizzazione	autorizzazione	_	_	_	_	_	linguistic	_	none	_	_	_	_	_	_
442-12	BO104	442	442	12	[alla	alla	_	_	_	_	_	linguistic	_	none	_	_	_	_	_	0-4(89)
442-13	BO104	442	442	13	registrazione],	registrazione	_	_	_	_	_	linguistic	_	none	Intonation=WeaklyRising	End=1561.91	_	_	_	0-13(89)
443-0	BO105	443	443	0	[non	non	_	_	_	_	_	linguistic	_	none	_	Begin=1560.94	_	_	_	0-3(89)
443-1	BO105	443	443	1	c'	c'	_	_	_	_	_	linguistic	_	none	SpaceAfter=No	_	_	_	_	0-2(89)
443-2	BO105	443	443	2	è	è	_	_	_	_	_	linguistic	_	none	_	_	_	_	_	0-1(89)
443-3	BO105	443	443	3	problema].	problema	_	_	_	_	_	linguistic	_	none	Intonation=Falling	End=1561.87	_	_	_	0-8(89)
444-0	BO104	444	444	0	non	non	_	_	_	_	_	linguistic	_	none	_	Begin=1576.088	_	_	_	_
444-1	BO104	444	444	1	abbiamo::	abbiamo	_	_	_	_	_	linguistic	_	none	_	_	6x2	_	_	_
444-2	BO104	444	444	2	schiacciato	schiacciato	_	_	_	_	_	linguistic	_	none	_	_	_	_	_	_
444-3	BO104	444	444	3	[niente].	niente	_	_	_	_	_	linguistic	_	none	Intonation=Falling	End=1578.0	_	_	_	0-6(90)
445-0	???	445	445	0	[e::]:h	eh	_	_	_	_	_	linguistic	_	none	_	Begin=1577.261|End=1578.225	0x3	_	_	0-1(90)
446-0	???	446	446	0	ti	ti	_	_	_	_	_	linguistic	_	none	_	Begin=1578.513	_	_	_	_
446-1	???	446	446	1	faccio	faccio	_	_	_	_	_	linguistic	_	none	_	_	_	_	_	_
446-2	???	446	446	2	firmare::	firmare	_	_	_	_	_	linguistic	_	none	_	End=1579.74	6x2	_	_	_
