token_id	speaker	tu_id	id	span	form	lemma	upos	xpos	feats	deprel	type	meta_label	variation	jefferson_feats	align	prolongations	pace	guesses	overlaps
0-0	TO030	0	0	comunque	comunque	_	_	_	_	_	linguistic	_	ContainsVariation=No	_	Begin=0.22	_	_	_	_
0-1	TO030	0	1	sì.	sì	_	_	_	_	_	linguistic	_	ContainsVariation=No	Intonation=Falling	_	_	_	_	_
0-2	TO030	0	2	secondo	secondo	_	_	_	_	_	linguistic	_	ContainsVariation=No	_	_	_	_	_	_
0-3	TO030	0	3	me:::	me	_	_	_	_	_	linguistic	_	ContainsVariation=No	_	_	1x3	_	_	_
0-4	TO030	0	4	secondo	secondo	_	_	_	_	_	linguistic	_	ContainsVariation=No	_	_	_	_	_	_
0-5	TO030	0	5	me::	me	_	_	_	_	_	linguistic	_	ContainsVariation=No	PauseAfter=Yes	_	1x2	_	_	_
0-6	TO030	0	6	(.)	(.)	_	_	_	_	_	shortpause	_	ContainsVariation=No	_	_	_	_	_	_
0-7	TO030	0	7	potresti	potresti	_	_	_	_	_	linguistic	_	ContainsVariation=No	_	_	_	_	_	_
0-8	TO030	0	8	pro[vare].	provare	_	_	_	_	_	linguistic	_	ContainsVariation=No	Intonation=Falling	End=4.475	_	_	_	3-7(0)
1-0	TO054	1	0	[prova]re.	provare	_	_	_	_	_	linguistic	_	ContainsVariation=No	Intonation=Falling	Begin=4.153|End=4.617	_	_	_	0-5(0)
2-0	TO030	2	0	[(nel	nel	_	_	_	_	_	linguistic	_	ContainsVariation=No	_	Begin=4.77	_	_	0-3(0)	0-3(1)
2-1	TO030	2	1	senso)]	senso	_	_	_	_	_	linguistic	_	ContainsVariation=No	_	End=5.368	_	_	0-5(0)	0-5(1)
3-0	TO054	3	0	[ma	ma	_	_	_	_	_	linguistic	_	ContainsVariation=No	_	Begin=4.797	_	_	_	0-2(1)
3-1	TO054	3	1	io],	io	_	_	_	_	_	linguistic	_	ContainsVariation=No	Intonation=WeaklyRising	_	_	_	_	0-2(1)
3-2	TO054	3	2	volevo	volevo	_	_	_	_	_	linguistic	_	ContainsVariation=No	_	_	_	_	_	_
3-3	TO054	3	3	provare:::	provare	_	_	_	_	_	linguistic	_	ContainsVariation=No	_	_	6x3	_	_	_
3-4	TO054	3	4	a	a	_	_	_	_	_	linguistic	_	ContainsVariation=No	_	_	_	_	_	_
3-5	TO054	3	5	parte	parte	_	_	_	_	_	linguistic	_	ContainsVariation=No	_	_	_	_	_	_
3-6	TO054	3	6	i	i	_	_	_	_	_	linguistic	_	ContainsVariation=No	_	_	_	_	_	_
3-7	TO054	3	7	tre	tre	_	_	_	_	_	linguistic	_	ContainsVariation=No	_	_	_	_	_	_
3-8	TO054	3	8	big,	big	_	_	_	_	_	linguistic	_	ContainsVariation=No	Intonation=WeaklyRising	_	_	_	_	_
3-9	TO054	3	9	che	che	_	_	_	_	_	linguistic	_	ContainsVariation=No	_	_	_	_	_	_
3-10	TO054	3	10	sono	sono	_	_	_	_	_	linguistic	_	ContainsVariation=No	_	_	_	_	_	_
3-11	TO054	3	11	roma,	roma	_	_	_	_	_	linguistic	_	ContainsVariation=No	Intonation=WeaklyRising	_	_	_	_	_
3-12	TO054	3	12	milano,	milano	_	_	_	_	_	linguistic	_	ContainsVariation=No	Intonation=WeaklyRising	_	_	_	_	_
3-13	TO054	3	13	[e	e	_	_	_	_	_	linguistic	_	ContainsVariation=No	_	_	_	_	_	0-1(2)
3-14	TO054	3	14	genova],	genova	_	_	_	_	_	linguistic	_	ContainsVariation=No	Intonation=WeaklyRising	End=10.385	_	_	_	0-6(2)
4-0	TO030	4	0	[milano.	milano	_	_	_	_	_	linguistic	_	ContainsVariation=No	Intonation=Falling	Begin=9.634	_	_	_	0-6(2)
4-1	TO030	4	1	sì].	sì	_	_	_	_	_	linguistic	_	ContainsVariation=No	Intonation=Falling	_	_	_	_	0-2(2)
4-2	TO030	4	2	sì	sì	_	_	_	_	_	linguistic	_	ContainsVariation=No	_	_	_	_	_	_
4-3	TO030	4	3	sì.	sì	_	_	_	_	_	linguistic	_	ContainsVariation=No	Intonation=Falling	End=11.09	_	_	_	_
5-0	TO054	5	0	ci	ci	_	_	_	_	_	linguistic	_	ContainsVariation=No	_	Begin=12.074	_	_	_	_
5-1	TO054	5	1	sono:::	sono	_	_	_	_	_	linguistic	_	ContainsVariation=No	_	_	3x3	_	_	_
5-2	TO054	5	2	altre	altre	_	_	_	_	_	linguistic	_	ContainsVariation=No	_	_	_	_	_	_
5-3	TO054	5	3	scuole	scuole	_	_	_	_	_	linguistic	_	ContainsVariation=No	ProsodicLink=Yes	_	_	_	_	_
5-4	TO054	5	4	che,	che	_	_	_	_	_	linguistic	_	ContainsVariation=No	Intonation=WeaklyRising	_	_	_	_	_
5-5	TO054	5	5	sono	sono	_	_	_	_	_	linguistic	_	ContainsVariation=No	_	_	_	_	_	_
5-6	TO054	5	6	i	i	_	_	_	_	_	linguistic	_	ContainsVariation=No	_	_	_	_	_	_
5-7	TO054	5	7	teatri	teatri	_	_	_	_	_	linguistic	_	ContainsVariation=No	_	_	_	_	_	_
5-8	TO054	5	8	stabili	stabili	_	_	_	_	_	linguistic	_	ContainsVariation=No	_	_	_	_	_	_
5-9	TO054	5	9	alla	alla	_	_	_	_	_	linguistic	_	ContainsVariation=No	_	_	_	_	_	_
5-10	TO054	5	10	fine.	fine	_	_	_	_	_	linguistic	_	ContainsVariation=No	Intonation=Falling	End=15.47	_	_	_	_
6-0	TO030	6	0	sì.	sì	_	_	_	_	_	linguistic	_	ContainsVariation=No	Intonation=Falling	Begin=15.47|End=15.822	_	_	_	_
7-0	TO030	7	0	[sì	sì	_	_	_	_	_	linguistic	_	ContainsVariation=No	_	Begin=16.262	_	_	_	0-2(3)
7-1	TO030	7	1	sì].	sì	_	_	_	_	_	linguistic	_	ContainsVariation=No	Intonation=Falling	End=16.72	_	_	_	0-2(3)
8-0	TO054	8	0	[e	e	_	_	_	_	_	linguistic	_	ContainsVariation=No	_	Begin=16.283	_	_	_	0-1(3)
8-1	TO054	8	1	quin]di::	quindi	_	_	_	_	_	linguistic	_	ContainsVariation=No	PauseAfter=Yes	_	5x2	_	_	0-4(3)
8-2	TO054	8	2	(.)	(.)	_	_	_	_	_	shortpause	_	ContainsVariation=No	_	_	_	_	_	_
8-3	TO054	8	3	non	non	_	_	_	_	_	linguistic	_	ContainsVariation=No	_	_	_	_	_	_
8-4	TO054	8	4	le	le	_	_	_	_	_	linguistic	_	ContainsVariation=No	_	_	_	_	_	_
8-5	TO054	8	5	accademie	accademie	_	_	_	_	_	linguistic	_	ContainsVariation=No	_	_	_	_	_	_
8-6	TO054	8	6	private.	private	_	_	_	_	_	linguistic	_	ContainsVariation=No	Intonation=Falling	End=19.076	_	_	_	_
9-0	TO054	9	0	perché	perché	_	_	_	_	_	linguistic	_	ContainsVariation=No	_	Begin=19.428	_	_	_	_
9-1	TO054	9	1	sono	sono	_	_	_	_	_	linguistic	_	ContainsVariation=No	_	_	_	_	_	_
9-2	TO054	9	2	poche	poche	_	_	_	_	_	linguistic	_	ContainsVariation=No	_	_	_	_	_	_
9-3	TO054	9	3	quelle	quelle	_	_	_	_	_	linguistic	_	ContainsVariation=No	_	_	_	_	_	_
9-4	TO054	9	4	[veramente	veramente	_	_	_	_	_	linguistic	_	ContainsVariation=No	_	_	_	_	_	0-9(4)
9-5	TO054	9	5	buone].	buone	_	_	_	_	_	linguistic	_	ContainsVariation=No	Intonation=Falling	End=21.549	_	_	_	0-5(4)
10-0	TO030	10	0	[ma	ma	_	_	_	_	_	linguistic	_	ContainsVariation=No	_	Begin=20.409	_	_	_	0-2(4)
10-1	TO030	10	1	a	a	_	_	_	_	_	linguistic	_	ContainsVariation=No	_	_	_	_	_	0-1(4)
10-2	TO030	10	2	torino?	torino	_	_	_	_	_	linguistic	_	ContainsVariation=No	Intonation=Rising	_	_	_	_	0-6(4)
10-3	TO030	10	3	torino]	torino	_	_	_	_	_	linguistic	_	ContainsVariation=No	_	_	_	_	_	0-6(4)
10-4	TO030	10	4	fa	fa	_	_	_	_	_	linguistic	_	ContainsVariation=No	_	_	_	_	_	_
10-5	TO030	10	5	ogni	ogni	_	_	_	_	_	linguistic	_	ContainsVariation=No	_	_	_	_	_	_
10-6	TO030	10	6	tre	tre	_	_	_	_	_	linguistic	_	ContainsVariation=No	_	_	_	_	_	_
10-7	TO030	10	7	anni?	anni	_	_	_	_	_	linguistic	_	ContainsVariation=No	Intonation=Rising	End=22.658	_	_	_	_
11-0	TO054	11	0	torino	torino	_	_	_	_	_	linguistic	_	ContainsVariation=No	_	Begin=22.658	_	_	_	_
11-1	TO054	11	1	fa	fa	_	_	_	_	_	linguistic	_	ContainsVariation=No	_	_	_	_	_	_
11-2	TO054	11	2	ogni	ogni	_	_	_	_	_	linguistic	_	ContainsVariation=No	ProsodicLink=Yes	_	_	_	_	_
11-3	TO054	11	3	e:h	eh	_	_	_	_	_	linguistic	_	ContainsVariation=No	_	_	0x1	_	_	_
11-4	TO054	11	4	tre	tre	_	_	_	_	_	linguistic	_	ContainsVariation=No	_	_	_	_	_	_
11-5	TO054	11	5	an[ni,	anni	_	_	_	_	_	linguistic	_	ContainsVariation=No	Intonation=WeaklyRising	_	_	_	_	2-4(5)
11-6	TO054	11	6	e:::]	e	_	_	_	_	_	linguistic	_	ContainsVariation=No	_	_	0x3	_	_	0-1(5)
11-7	TO054	11	7	ha	ha	_	_	_	_	_	linguistic	_	ContainsVariation=No	_	_	_	_	_	_
11-8	TO054	11	8	il	il	_	_	_	_	_	linguistic	_	ContainsVariation=No	_	_	_	_	_	_
11-9	TO054	11	9	limite	limite	_	_	_	_	_	linguistic	_	ContainsVariation=No	_	_	_	_	_	_
11-10	TO054	11	10	di	di	_	_	_	_	_	linguistic	_	ContainsVariation=No	_	_	_	_	_	_
11-11	TO054	11	11	età.	età	_	_	_	_	_	linguistic	_	ContainsVariation=No	Intonation=Falling	End=25.67	_	_	_	_
12-0	TO030	12	0	[ah].	ah	_	_	_	_	_	linguistic	_	ContainsVariation=No	Intonation=Falling	Begin=24.129|End=24.514	_	_	_	0-2(5)
13-0	TO030	13	0	ha	ha	_	_	_	_	_	linguistic	_	ContainsVariation=No	_	Begin=25.946	_	_	_	_
13-1	TO030	13	1	il	il	_	_	_	_	_	linguistic	_	ContainsVariation=No	_	_	_	_	_	_
13-2	TO030	13	2	limite	limite	_	_	_	_	_	linguistic	_	ContainsVariation=No	_	_	_	_	_	_
13-3	TO030	13	3	di	di	_	_	_	_	_	linguistic	_	ContainsVariation=No	_	_	_	_	_	_
13-4	TO030	13	4	età,	età	_	_	_	_	_	linguistic	_	ContainsVariation=No	Intonation=WeaklyRising	_	_	_	_	_
13-5	TO030	13	5	eh	eh	_	_	_	_	_	linguistic	_	ContainsVariation=No	ProsodicLink=Yes	_	_	_	_	_
13-6	TO030	13	6	ma	ma	_	_	_	_	_	linguistic	_	ContainsVariation=No	_	_	_	_	_	_
13-7	TO030	13	7	mi	mi	_	_	_	_	_	linguistic	_	ContainsVariation=No	_	_	_	_	_	_
13-8	TO030	13	8	anche	anche	_	_	_	_	_	linguistic	_	ContainsVariation=No	_	_	_	_	_	_
13-9	TO030	13	9	anche,	anche	_	_	_	_	_	linguistic	_	ContainsVariation=No	Intonation=WeaklyRising	_	_	_	_	_
13-10	TO030	13	10	forse	forse	_	_	_	_	_	linguistic	_	ContainsVariation=No	_	_	_	_	_	_
13-11	TO030	13	11	anche	anche	_	_	_	_	_	linguistic	_	ContainsVariation=No	_	_	_	_	_	_
13-12	TO030	13	12	roma	roma	_	_	_	_	_	linguistic	_	ContainsVariation=No	_	_	_	_	_	_
13-13	TO030	13	13	no?	no	_	_	_	_	_	linguistic	_	ContainsVariation=No	Intonation=Rising	_	_	_	_	_
13-14	TO030	13	14	no.	no	_	_	_	_	_	linguistic	_	ContainsVariation=No	Intonation=Falling	_	_	_	_	_
13-15	TO030	13	15	è	è	_	_	_	_	_	linguistic	_	ContainsVariation=No	_	_	_	_	_	_
13-16	TO030	13	16	il	il	_	_	_	_	_	linguistic	_	ContainsVariation=No	_	_	_	_	_	_
13-17	TO030	13	17	centro	centro	_	_	_	_	_	linguistic	_	ContainsVariation=No	_	_	_	_	_	_
13-18	TO030	13	18	sperimentale	sperimentale	_	_	_	_	_	linguistic	_	ContainsVariation=No	_	_	_	_	_	_
13-19	TO030	13	19	che	che	_	_	_	_	_	linguistic	_	ContainsVariation=No	_	_	_	_	_	_
13-20	TO030	13	20	ha	ha	_	_	_	_	_	linguistic	_	ContainsVariation=No	_	_	_	_	_	_
13-21	TO030	13	21	[il	il	_	_	_	_	_	linguistic	_	ContainsVariation=No	_	_	_	_	_	0-2(6)
13-22	TO030	13	22	limite	limite	_	_	_	_	_	linguistic	_	ContainsVariation=No	_	_	_	_	_	0-6(6)
13-23	TO030	13	23	di	di	_	_	_	_	_	linguistic	_	ContainsVariation=No	_	_	_	_	_	0-2(6)
13-24	TO030	13	24	età	età	_	_	_	_	_	linguistic	_	ContainsVariation=No	_	_	_	_	_	0-3(6)
13-25	TO030	13	25	ma	ma	_	_	_	_	_	linguistic	_	ContainsVariation=No	_	_	_	_	_	0-2(6)
13-26	TO030	13	26	tanto	tanto	_	_	_	_	_	linguistic	_	ContainsVariation=No	_	_	_	_	_	0-5(6)
13-27	TO030	13	27	noi	noi	_	_	_	_	_	linguistic	_	ContainsVariation=No	_	_	_	_	_	0-3(6)
13-28	TO030	13	28	ce	ce	_	_	_	_	_	linguistic	_	ContainsVariation=No	_	_	_	_	_	0-2(6)
13-29	TO030	13	29	ne	ne	_	_	_	_	_	linguistic	_	ContainsVariation=No	_	_	_	_	_	0-2(6)
13-30	TO030	13	30	sbattia]mo	sbattiamo	_	_	_	_	_	linguistic	_	ContainsVariation=No	_	_	_	_	_	0-7(6)
13-31	TO030	13	31	del	del	_	_	_	_	_	linguistic	_	ContainsVariation=No	_	_	_	_	_	_
13-32	TO030	13	32	centro	centro	_	_	_	_	_	linguistic	_	ContainsVariation=No	_	_	_	_	_	_
13-33	TO030	13	33	sperimentale.	sperimentale	_	_	_	_	_	linguistic	_	ContainsVariation=No	Intonation=Falling	_	_	_	_	_
13-34	TO030	13	34	quindi,	quindi	_	_	_	_	_	linguistic	_	ContainsVariation=No	Intonation=WeaklyRising	End=34.334	_	_	_	_
14-0	TO054	14	0	[centro,	centro	_	_	_	_	_	linguistic	_	ContainsVariation=No	Intonation=WeaklyRising|PauseAfter=Yes	Begin=30.669	_	_	_	0-6(6)
14-1	TO054	14	1	(.)	(.)	_	_	_	_	_	shortpause	_	ContainsVariation=No	_	_	_	_	_	X(6)
14-2	TO054	14	2	(sperimentale)].	sperimentale	_	_	_	_	_	linguistic	_	ContainsVariation=No	Intonation=Falling	End=32.412	_	_	0-12(0)	0-12(6)
15-0	TO054	15	0	se[i	sei	_	_	_	_	_	linguistic	_	ContainsVariation=No	_	Begin=34.592	_	_	_	2-3(7)
15-1	TO054	15	1	posti].	posti	_	_	_	_	_	linguistic	_	ContainsVariation=No	Intonation=Falling	End=35.422	_	_	_	0-5(7)
16-0	TO030	16	0	[no.	no	_	_	_	_	_	linguistic	_	ContainsVariation=No	Intonation=Falling	Begin=34.777	_	_	_	0-2(7)
16-1	TO030	16	1	xx].	xx	_	_	_	_	_	linguistic	_	ContainsVariation=No	Intonation=Falling	End=35.423	_	_	_	0-2(7)
17-0	TO054	17	0	(cioé	cioé	_	_	_	_	_	linguistic	_	ContainsVariation=No	_	Begin=36.019	_	_	0-4(0)	_
17-1	TO054	17	1	cioé)	cioé	_	_	_	_	_	linguistic	_	ContainsVariation=No	PauseAfter=Yes	_	_	_	0-4(0)	_
17-2	TO054	17	2	(.)	(.)	_	_	_	_	_	shortpause	_	ContainsVariation=No	_	_	_	_	_	_
17-3	TO054	17	3	manco	manco	_	_	_	_	_	linguistic	_	ContainsVariation=No	_	_	_	_	_	_
17-4	TO054	17	4	in	in	_	_	_	_	_	linguistic	_	ContainsVariation=No	ProsodicLink=Yes	_	_	_	_	_
17-5	TO054	17	5	lontanamente,	lontanamente	_	_	_	_	_	linguistic	_	ContainsVariation=No	Intonation=WeaklyRising	End=38.756	_	_	_	_
18-0	TO054	18	0	però,	però	_	_	_	_	_	linguistic	_	ContainsVariation=No	Intonation=WeaklyRising	Begin=38.999	_	_	_	_
18-1	TO054	18	1	e:::h	eh	_	_	_	_	_	linguistic	_	ContainsVariation=No	_	_	0x3	_	_	_
18-2	TO054	18	2	la	la	_	_	_	_	_	linguistic	_	ContainsVariation=No	_	_	_	_	_	_
18-3	TO054	18	3	silvio	silvio	_	_	_	_	_	linguistic	_	ContainsVariation=No	_	_	_	_	_	_
18-4	TO054	18	4	d'	d'	_	_	_	_	_	linguistic	_	ContainsVariation=No	SpaceAfter=No	_	_	_	_	_
18-5	TO054	18	5	amico	amico	_	_	_	_	_	linguistic	_	ContainsVariation=No	_	_	_	_	_	_
18-6	TO054	18	6	e::	e	_	_	_	_	_	linguistic	_	ContainsVariation=No	ProsodicLink=Yes	_	0x2	_	_	_
18-7	TO054	18	7	il	il	_	_	_	_	_	linguistic	_	ContainsVariation=No	ProsodicLink=Yes	_	_	_	_	_
18-8	TO054	18	8	eh	eh	_	_	_	_	_	linguistic	_	ContainsVariation=No	_	_	_	_	_	_
18-9	TO054	18	9	paolo	paolo	_	_	_	_	_	linguistic	_	ContainsVariation=No	_	_	_	_	_	_
18-10	TO054	18	10	grassi:	grassi	_	_	_	_	_	linguistic	_	ContainsVariation=No	_	_	5x1	_	_	_
18-11	TO054	18	11	e::	e	_	_	_	_	_	linguistic	_	ContainsVariation=No	_	_	0x2	_	_	_
18-12	TO054	18	12	lo	lo	_	_	_	_	_	linguistic	_	ContainsVariation=No	_	_	_	_	_	_
18-13	TO054	18	13	stabile	stabile	_	_	_	_	_	linguistic	_	ContainsVariation=No	_	_	_	_	_	_
18-14	TO054	18	14	di	di	_	_	_	_	_	linguistic	_	ContainsVariation=No	_	_	_	_	_	_
18-15	TO054	18	15	genova,	genova	_	_	_	_	_	linguistic	_	ContainsVariation=No	Intonation=WeaklyRising	_	_	_	_	_
18-16	TO054	18	16	non	non	_	_	_	_	_	linguistic	_	ContainsVariation=No	_	_	_	_	_	_
18-17	TO054	18	17	ce	ce	_	_	_	_	_	linguistic	_	ContainsVariation=No	_	_	_	_	_	_
18-18	TO054	18	18	l'	l'	_	_	_	_	_	linguistic	_	ContainsVariation=No	SpaceAfter=No	_	_	_	_	_
18-19	TO054	18	19	hanno	hanno	_	_	_	_	_	linguistic	_	ContainsVariation=No	_	_	_	_	_	_
18-20	TO054	18	20	il	il	_	_	_	_	_	linguistic	_	ContainsVariation=No	_	_	_	_	_	_
18-21	TO054	18	21	limite	limite	_	_	_	_	_	linguistic	_	ContainsVariation=No	_	_	_	_	_	_
18-22	TO054	18	22	di	di	_	_	_	_	_	linguistic	_	ContainsVariation=No	_	_	_	_	_	_
18-23	TO054	18	23	età.	età	_	_	_	_	_	linguistic	_	ContainsVariation=No	Intonation=Falling	End=46.639	_	_	_	_
19-0	TO054	19	0	c'	c'	_	_	_	_	_	linguistic	_	ContainsVariation=No	SpaceAfter=No	Begin=46.666	_	_	_	_
19-1	TO054	19	1	hanno	hanno	_	_	_	_	_	linguistic	_	ContainsVariation=No	_	_	_	_	_	_
19-2	TO054	19	2	il	il	_	_	_	_	_	linguistic	_	ContainsVariation=No	_	_	_	_	_	_
19-3	TO054	19	3	limite	limite	_	_	_	_	_	linguistic	_	ContainsVariation=No	_	_	_	_	_	_
19-4	TO054	19	4	dei	dei	_	_	_	_	_	linguistic	_	ContainsVariation=No	_	_	_	_	_	_
19-5	TO054	19	5	trenta	trenta	_	_	_	_	_	linguistic	_	ContainsVariation=No	_	_	_	_	_	_
19-6	TO054	19	6	quindi	quindi	_	_	_	_	_	linguistic	_	ContainsVariation=No	_	_	_	_	_	_
19-7	TO054	19	7	(posso)	posso	_	_	_	_	_	linguistic	_	ContainsVariation=No	_	_	_	_	0-5(0)	_
19-8	TO054	19	8	ancora	ancora	_	_	_	_	_	linguistic	_	ContainsVariation=No	_	_	_	_	_	_
19-9	TO054	19	9	((ride))	((ride))	_	_	_	_	_	nonverbalbehavior	_	ContainsVariation=No	_	End=49.929	_	_	_	_
20-0	TO030	20	0	[ma	ma	_	_	_	_	_	linguistic	_	ContainsVariation=No	_	Begin=50.225	_	_	_	_
20-1	TO030	20	1	ma]	ma	_	_	_	_	_	linguistic	_	ContainsVariation=No	_	_	_	_	_	_
20-2	TO030	20	2	mica	mica	_	_	_	_	_	linguistic	_	ContainsVariation=No	_	_	_	_	_	_
20-3	TO030	20	3	c'	c'	_	_	_	_	_	linguistic	_	ContainsVariation=No	SpaceAfter=No	_	_	_	_	_
20-4	TO030	20	4	hai,	hai	_	_	_	_	_	linguistic	_	ContainsVariation=No	Intonation=WeaklyRising	_	_	_	_	_
20-5	TO030	20	5	[ma	ma	_	_	_	_	_	linguistic	_	ContainsVariation=No	_	_	_	_	_	_
20-6	TO030	20	6	scusa	scusa	_	_	_	_	_	linguistic	_	ContainsVariation=No	_	_	_	_	_	_
20-7	TO030	20	7	parli	parli	_	_	_	_	_	linguistic	_	ContainsVariation=No	_	_	_	_	_	_
20-8	TO030	20	8	come	come	_	_	_	_	_	linguistic	_	ContainsVariation=No	_	_	_	_	_	_
20-9	TO030	20	9	se	se	_	_	_	_	_	linguistic	_	ContainsVariation=No	_	_	_	_	_	_
20-10	TO030	20	10	avessi	avessi	_	_	_	_	_	linguistic	_	ContainsVariation=No	_	_	_	_	_	_
20-11	TO030	20	11	ventinove	ventinove	_	_	_	_	_	linguistic	_	ContainsVariation=No	_	_	_	_	_	_
20-12	TO030	20	12	virgola	virgola	_	_	_	_	_	linguistic	_	ContainsVariation=No	PauseAfter=Yes	_	_	_	_	_
20-13	TO030	20	13	(.)	(.)	_	_	_	_	_	shortpause	_	ContainsVariation=No	_	_	_	_	_	_
20-14	TO030	20	14	cinquan[tanove	cinquantanove	_	_	_	_	_	linguistic	_	ContainsVariation=No	_	_	_	_	_	_
20-15	TO030	20	15	a:nni.	anni	_	_	_	_	_	linguistic	_	ContainsVariation=No	Intonation=Falling	_	0x1	_	_	_
20-16	TO030	20	16	cioè],	cioè	_	_	_	_	_	linguistic	_	ContainsVariation=No	Intonation=WeaklyRising	End=56.43	_	_	_	_
21-0	TO054	21	0	[così].	così	_	_	_	_	_	linguistic	_	ContainsVariation=No	Intonation=Falling	Begin=50.26|End=50.82	_	_	_	0-4(8)
22-0	TO054	22	0	((ride))	((ride))	_	_	_	_	_	nonverbalbehavior	_	ContainsVariation=No	_	Begin=51.127|End=54.793	_	_	_	_
23-0	TO054	23	0	[xx	xx	_	_	_	_	_	unknown	_	ContainsVariation=No	Syllables=2	Begin=54.872	_	_	_	0-2(10)
23-1	TO054	23	1	la	la	_	_	_	_	_	linguistic	_	ContainsVariation=No	_	_	_	_	_	0-2(10)
23-2	TO054	23	2	mia	mia	_	_	_	_	_	linguistic	_	ContainsVariation=No	_	_	_	_	_	0-3(10)
23-3	TO054	23	3	giovinez]za	giovinezza	_	_	_	_	_	linguistic	_	ContainsVariation=No	_	_	_	_	_	0-8(10)
23-4	TO054	23	4	se	se	_	_	_	_	_	linguistic	_	ContainsVariation=No	_	_	_	_	_	_
23-5	TO054	23	5	ne	ne	_	_	_	_	_	linguistic	_	ContainsVariation=No	_	_	_	_	_	_
23-6	TO054	23	6	sta	sta	_	_	_	_	_	linguistic	_	ContainsVariation=No	_	_	_	_	_	_
23-7	TO054	23	7	andando	andando	_	_	_	_	_	linguistic	_	ContainsVariation=No	_	_	_	_	_	_
23-8	TO054	23	8	lentamen[te].	lentamente	_	_	_	_	_	linguistic	_	ContainsVariation=No	Intonation=Falling	End=58.12	_	_	_	8-10(11)
24-0	TO030	24	0	[ma]	ma	_	_	_	_	_	linguistic	_	ContainsVariation=No	_	Begin=57.92	_	_	_	0-2(11)
24-1	TO030	24	1	da:i	dai	_	_	_	_	_	linguistic	_	ContainsVariation=No	_	_	1x1	_	_	_
24-2	TO030	24	2	su::	su	_	_	_	_	_	linguistic	_	ContainsVariation=No	_	_	1x2	_	_	_
24-3	TO030	24	3	[io	io	_	_	_	_	_	linguistic	_	ContainsVariation=No	_	_	_	_	_	0-2(12)
24-4	TO030	24	4	ma	ma	_	_	_	_	_	linguistic	_	ContainsVariation=No	_	_	_	_	_	0-2(12)
24-5	TO030	24	5	guar]da	guarda	_	_	_	_	_	linguistic	_	ContainsVariation=No	_	_	_	_	_	0-4(12)
24-6	TO030	24	6	che	che	_	_	_	_	_	linguistic	_	ContainsVariation=No	_	_	_	_	_	_
24-7	TO030	24	7	cioè:	cioè	_	_	_	_	_	linguistic	_	ContainsVariation=No	_	_	3x1	_	_	_
24-8	TO030	24	8	è	è	_	_	_	_	_	linguistic	_	ContainsVariation=No	_	_	_	_	_	_
24-9	TO030	24	9	lo	lo	_	_	_	_	_	linguistic	_	ContainsVariation=No	_	_	_	_	_	_
24-10	TO030	24	10	stesso	stesso	_	_	_	_	_	linguistic	_	ContainsVariation=No	_	_	_	_	_	_
24-11	TO030	24	11	criterio	criterio	_	_	_	_	_	linguistic	_	ContainsVariation=No	_	_	_	_	_	_
24-12	TO030	24	12	per	per	_	_	_	_	_	linguistic	_	ContainsVariation=No	_	_	_	_	_	_
24-13	TO030	24	13	me.	me	_	_	_	_	_	linguistic	_	ContainsVariation=No	Intonation=Falling	_	_	_	_	_
24-14	TO030	24	14	io	io	_	_	_	_	_	linguistic	_	ContainsVariation=No	_	_	_	_	_	_
24-15	TO030	24	15	provo	provo	_	_	_	_	_	linguistic	_	ContainsVariation=No	_	_	_	_	_	_
24-16	TO030	24	16	il	il	_	_	_	_	_	linguistic	_	ContainsVariation=No	_	_	_	_	_	_
24-17	TO030	24	17	centro	centro	_	_	_	_	_	linguistic	_	ContainsVariation=No	_	_	_	_	_	_
24-18	TO030	24	18	sperimentale,	sperimentale	_	_	_	_	_	linguistic	_	ContainsVariation=No	Intonation=WeaklyRising	_	_	_	_	_
24-19	TO030	24	19	eh	eh	_	_	_	_	_	linguistic	_	ContainsVariation=No	ProsodicLink=Yes	_	_	_	_	_
24-20	TO030	24	20	e:	e	_	_	_	_	_	linguistic	_	ContainsVariation=No	_	_	0x1	_	_	_
24-21	TO030	24	21	sono	sono	_	_	_	_	_	linguistic	_	ContainsVariation=No	_	_	_	_	_	_
24-22	TO030	24	22	sei	sei	_	_	_	_	_	linguistic	_	ContainsVariation=No	_	_	_	_	_	_
24-23	TO030	24	23	posti:,	posti	_	_	_	_	_	linguistic	_	ContainsVariation=No	Intonation=WeaklyRising	_	4x1	_	_	_
24-24	TO030	24	24	[in	in	_	_	_	_	_	linguistic	_	ContainsVariation=No	_	_	_	_	_	0-2(13)
24-25	TO030	24	25	che	che	_	_	_	_	_	linguistic	_	ContainsVariation=No	_	_	_	_	_	0-3(13)
24-26	TO030	24	26	univer]so?	universo	_	_	_	_	_	linguistic	_	ContainsVariation=No	Intonation=Rising	End=65.582	_	_	_	0-6(13)
25-0	TO054	25	0	[(lasciam	lasciam	_	_	_	_	_	linguistic	_	ContainsVariation=No	_	Begin=59.125	_	_	0-7(0)	0-7(12)
25-1	TO054	25	1	perdere)]	perdere	_	_	_	_	_	linguistic	_	ContainsVariation=No	_	End=59.983	_	_	0-7(0)	0-7(12)
26-0	TO054	26	0	[eh	eh	_	_	_	_	_	linguistic	_	ContainsVariation=No	_	Begin=64.801	_	_	_	0-2(13)
26-1	TO054	26	1	lo	lo	_	_	_	_	_	linguistic	_	ContainsVariation=No	_	_	_	_	_	0-2(13)
26-2	TO054	26	2	so].	so	_	_	_	_	_	linguistic	_	ContainsVariation=No	Intonation=Falling	End=65.417	_	_	_	0-2(13)
27-0	TO030	27	0	tra	tra	_	_	_	_	_	linguistic	_	ContainsVariation=No	_	Begin=65.817	_	_	_	_
27-1	TO030	27	1	l'	l'	_	_	_	_	_	linguistic	_	ContainsVariation=No	SpaceAfter=No	_	_	_	_	_
27-2	TO030	27	2	altro,	altro	_	_	_	_	_	linguistic	_	ContainsVariation=No	Intonation=WeaklyRising	_	_	_	_	_
27-3	TO030	27	3	se	se	_	_	_	_	_	linguistic	_	ContainsVariation=No	_	_	_	_	_	_
27-4	TO030	27	4	tu	tu	_	_	_	_	_	linguistic	_	ContainsVariation=No	_	_	_	_	_	_
27-5	TO030	27	5	guardi	guardi	_	_	_	_	_	linguistic	_	ContainsVariation=No	_	_	_	_	_	_
27-6	TO030	27	6	nella	nella	_	_	_	_	_	linguistic	_	ContainsVariation=No	_	_	_	_	_	_
27-7	TO030	27	7	domanda	domanda	_	_	_	_	_	linguistic	_	ContainsVariation=No	_	_	_	_	_	_
27-8	TO030	27	8	c'	c'	_	_	_	_	_	linguistic	_	ContainsVariation=No	SpaceAfter=No	_	_	_	_	_
27-9	TO030	27	9	è	è	_	_	_	_	_	linguistic	_	ContainsVariation=No	_	_	_	_	_	_
27-10	TO030	27	10	scritto:,	scritto	_	_	_	_	_	linguistic	_	ContainsVariation=No	Intonation=WeaklyRising	_	6x1	_	_	_
27-11	TO030	27	11	eh	eh	_	_	_	_	_	linguistic	_	ContainsVariation=No	ProsodicLink=Yes	_	_	_	_	_
27-12	TO030	27	12	m:::h	mh	_	_	_	_	_	linguistic	_	ContainsVariation=No	_	End=70.42	0x3	_	_	_
28-0	TO030	28	0	e	e	_	_	_	_	_	linguistic	_	ContainsVariation=No	_	Begin=70.704	_	_	_	_
28-1	TO030	28	1	poi:::,	poi	_	_	_	_	_	linguistic	_	ContainsVariation=No	Intonation=WeaklyRising	_	2x3	_	_	_
28-2	TO030	28	2	e:::h	eh	_	_	_	_	_	linguistic	_	ContainsVariation=No	ProsodicLink=Yes	_	0x3	_	_	_
28-3	TO030	28	3	mh	mh	_	_	_	_	_	linguistic	_	ContainsVariation=No	_	_	_	_	_	_
28-4	TO030	28	4	diciamo	diciamo	_	_	_	_	_	linguistic	_	ContainsVariation=No	_	_	_	_	_	_
28-5	TO030	28	5	potranno	potranno	_	_	_	_	_	linguistic	_	ContainsVariation=No	_	_	_	_	_	_
28-6	TO030	28	6	essere	essere	_	_	_	_	_	linguistic	_	ContainsVariation=No	_	_	_	_	_	_
28-7	TO030	28	7	ammessi	ammessi	_	_	_	_	_	linguistic	_	ContainsVariation=No	_	_	_	_	_	_
28-8	TO030	28	8	anche	anche	_	_	_	_	_	linguistic	_	ContainsVariation=No	_	_	_	_	_	_
28-9	TO030	28	9	studenti,	studenti	_	_	_	_	_	linguistic	_	ContainsVariation=No	Intonation=WeaklyRising	_	_	_	_	_
28-10	TO030	28	10	al	al	_	_	_	_	_	linguistic	_	ContainsVariation=No	_	_	_	_	_	_
28-11	TO030	28	11	di	di	_	_	_	_	_	linguistic	_	ContainsVariation=No	_	_	_	_	_	_
28-12	TO030	28	12	fuori	fuori	_	_	_	_	_	linguistic	_	ContainsVariation=No	_	_	_	_	_	_
28-13	TO030	28	13	de:::	de	_	_	_	_	_	linguistic	_	ContainsVariation=No	_	_	1x3	_	_	_
28-14	TO030	28	14	dell'	dell'	_	_	_	_	_	linguistic	_	ContainsVariation=No	SpaceAfter=No	_	_	_	_	_
28-15	TO030	28	15	unione	unione	_	_	_	_	_	linguistic	_	ContainsVariation=No	_	_	_	_	_	_
28-16	TO030	28	16	europea.	europea	_	_	_	_	_	linguistic	_	ContainsVariation=No	Intonation=Falling	_	_	_	_	_
28-17	TO030	28	17	che	che	_	_	_	_	_	linguistic	_	ContainsVariation=No	_	_	_	_	_	_
28-18	TO030	28	18	praticamente	praticamente	_	_	_	_	_	linguistic	_	ContainsVariation=No	_	_	_	_	_	_
28-19	TO030	28	19	ti	ti	_	_	_	_	_	linguistic	_	ContainsVariation=No	_	_	_	_	_	_
28-20	TO030	28	20	dice	dice	_	_	_	_	_	linguistic	_	ContainsVariation=No	_	_	_	_	_	_
28-21	TO030	28	21	che	che	_	_	_	_	_	linguistic	_	ContainsVariation=No	_	_	_	_	_	_
28-22	TO030	28	22	lor	lor	_	_	_	_	_	linguistic	_	ContainsVariation=No	_	_	_	_	_	_
28-23	TO030	28	23	per	per	_	_	_	_	_	linguistic	_	ContainsVariation=No	_	End=79.962	_	_	_	_
29-0	TO030	29	0	m:h	mh	_	_	_	_	_	linguistic	_	ContainsVariation=No	ProsodicLink=Yes	Begin=80.692	0x1	_	_	_
29-1	TO030	29	1	boh.	boh	_	_	_	_	_	linguistic	_	ContainsVariation=No	Intonation=Falling	_	_	_	_	_
29-2	TO030	29	2	eh	eh	_	_	_	_	_	linguistic	_	ContainsVariation=No	ProsodicLink=Yes	_	_	_	_	_
29-3	TO030	29	3	m::h	mh	_	_	_	_	_	linguistic	_	ContainsVariation=No	_	_	0x2	_	_	_
29-4	TO030	29	4	per	per	_	_	_	_	_	linguistic	_	ContainsVariation=No	_	_	_	_	_	_
29-5	TO030	29	5	il	il	_	_	_	_	_	linguistic	_	ContainsVariation=No	_	_	_	_	_	_
29-6	TO030	29	6	politicamente	politicamente	_	_	_	_	_	linguistic	_	ContainsVariation=No	_	_	_	_	_	_
29-7	TO030	29	7	corretto:,	corretto	_	_	_	_	_	linguistic	_	ContainsVariation=No	Intonation=WeaklyRising	_	7x1	_	_	_
29-8	TO030	29	8	ne	ne	_	_	_	_	_	linguistic	_	ContainsVariation=No	_	_	_	_	_	_
29-9	TO030	29	9	prendono	prendono	_	_	_	_	_	linguistic	_	ContainsVariation=No	_	_	_	_	_	_
29-10	TO030	29	10	sicuro	sicuro	_	_	_	_	_	linguistic	_	ContainsVariation=No	_	_	_	_	_	_
29-11	TO030	29	11	uno	uno	_	_	_	_	_	linguistic	_	ContainsVariation=No	_	_	_	_	_	_
29-12	TO030	29	12	[extra~],	extra~	_	_	_	_	_	linguistic	_	ContainsVariation=No	Intonation=WeaklyRising|Interrupted=Yes	End=85.704	_	_	_	0-6(14)
30-0	TO054	30	0	[(uno.)]	uno	_	_	_	_	_	linguistic	_	ContainsVariation=No	Intonation=Falling	Begin=85.238|End=85.639	_	_	0-3(0)	0-3(14)
31-0	TO030	31	0	che	che	_	_	_	_	_	linguistic	_	ContainsVariation=No	_	Begin=85.849	_	_	_	_
31-1	TO030	31	1	per	per	_	_	_	_	_	linguistic	_	ContainsVariation=No	_	_	_	_	_	_
31-2	TO030	31	2	carità.	carità	_	_	_	_	_	linguistic	_	ContainsVariation=No	Intonation=Falling	_	_	_	_	_
31-3	TO030	31	3	cioè	cioè	_	_	_	_	_	linguistic	_	ContainsVariation=No	_	_	_	_	_	_
31-4	TO030	31	4	se	se	_	_	_	_	_	linguistic	_	ContainsVariation=No	_	_	_	_	_	_
31-5	TO030	31	5	questo	questo	_	_	_	_	_	linguistic	_	ContainsVariation=No	_	_	_	_	_	_
31-6	TO030	31	6	è	è	_	_	_	_	_	linguistic	_	ContainsVariation=No	_	_	_	_	_	_
31-7	TO030	31	7	più	più	_	_	_	_	_	linguistic	_	ContainsVariation=No	_	_	_	_	_	_
31-8	TO030	31	8	bra:vo,	bravo	_	_	_	_	_	linguistic	_	ContainsVariation=No	Intonation=WeaklyRising	_	2x1	_	_	_
31-9	TO030	31	9	è	è	_	_	_	_	_	linguistic	_	ContainsVariation=No	_	_	_	_	_	_
31-10	TO030	31	10	gius[to.	giusto	_	_	_	_	_	linguistic	_	ContainsVariation=No	Intonation=Falling	_	_	_	_	4-6(15)
31-11	TO030	31	11	ma	ma	_	_	_	_	_	linguistic	_	ContainsVariation=No	_	_	_	_	_	0-2(15)
31-12	TO030	31	12	se	se	_	_	_	_	_	linguistic	_	ContainsVariation=No	_	_	_	_	_	0-2(15)
31-13	TO030	31	13	tu	tu	_	_	_	_	_	linguistic	_	ContainsVariation=No	_	_	_	_	_	0-2(15)
31-14	TO030	31	14	lo]	lo	_	_	_	_	_	linguistic	_	ContainsVariation=No	_	_	_	_	_	0-2(15)
31-15	TO030	31	15	prendi,	prendi	_	_	_	_	_	linguistic	_	ContainsVariation=No	Intonation=WeaklyRising	_	_	_	_	_
31-16	TO030	31	16	[per	per	_	_	_	_	_	linguistic	_	ContainsVariation=No	_	_	_	_	_	0-3(16)
31-17	TO030	31	17	parti]to	partito	_	_	_	_	_	linguistic	_	ContainsVariation=No	_	_	_	_	_	0-5(16)
31-18	TO030	31	18	preso.	preso	_	_	_	_	_	linguistic	_	ContainsVariation=No	Intonation=Falling|PauseAfter=Yes	_	_	_	_	_
31-19	TO030	31	19	(.)	(.)	_	_	_	_	_	shortpause	_	ContainsVariation=No	_	_	_	_	_	_
31-20	TO030	31	20	capito?	capito	_	_	_	_	_	linguistic	_	ContainsVariation=No	Intonation=Rising	_	_	_	_	_
31-21	TO030	31	21	dici	dici	_	_	_	_	_	linguistic	_	ContainsVariation=No	_	_	_	_	_	_
31-22	TO030	31	22	allora	allora	_	_	_	_	_	linguistic	_	ContainsVariation=No	_	_	_	_	_	_
31-23	TO030	31	23	quindi	quindi	_	_	_	_	_	linguistic	_	ContainsVariation=No	_	_	_	_	_	_
31-24	TO030	31	24	non	non	_	_	_	_	_	linguistic	_	ContainsVariation=No	_	_	_	_	_	_
31-25	TO030	31	25	sono	sono	_	_	_	_	_	linguistic	_	ContainsVariation=No	_	_	_	_	_	_
31-26	TO030	31	26	non	non	_	_	_	_	_	linguistic	_	ContainsVariation=No	_	_	_	_	_	_
31-27	TO030	31	27	sono	sono	_	_	_	_	_	linguistic	_	ContainsVariation=No	_	_	_	_	_	_
31-28	TO030	31	28	sei	sei	_	_	_	_	_	linguistic	_	ContainsVariation=No	_	_	_	_	_	_
31-29	TO030	31	29	posti	posti	_	_	_	_	_	linguistic	_	ContainsVariation=No	_	_	_	_	_	_
31-30	TO030	31	30	sono	sono	_	_	_	_	_	linguistic	_	ContainsVariation=No	_	_	_	_	_	_
31-31	TO030	31	31	cin[que].	cinque	_	_	_	_	_	linguistic	_	ContainsVariation=No	Intonation=Falling	End=94.629	_	_	_	3-6(17)
32-0	TO054	32	0	[certo].	certo	_	_	_	_	_	linguistic	_	ContainsVariation=No	Intonation=Falling	Begin=88.19|End=88.67	_	_	_	0-5(15)
33-0	TO054	33	0	[perché],	perché	_	_	_	_	_	linguistic	_	ContainsVariation=No	Intonation=WeaklyRising	Begin=89.515|End=89.985	_	_	_	0-6(16)
34-0	TO054	34	0	[e]sat[to].	esatto	_	_	_	_	_	linguistic	_	ContainsVariation=No	Intonation=Falling	Begin=94.46|End=95.129	_	_	_	0-1(17),4-6(18)
35-0	TO030	35	0	[cioè]	cioè	_	_	_	_	_	linguistic	_	ContainsVariation=No	_	Begin=94.85	_	_	_	0-4(18)
35-1	TO030	35	1	capi[to],	capito	_	_	_	_	_	linguistic	_	ContainsVariation=No	Intonation=WeaklyRising	End=95.732	_	_	_	4-6(19)
36-0	TO054	36	0	[ce]rto.	certo	_	_	_	_	_	linguistic	_	ContainsVariation=No	Intonation=Falling	Begin=95.378|End=95.973	_	_	_	0-2(19)
37-0	TO030	37	0	e	e	_	_	_	_	_	linguistic	_	ContainsVariation=No	_	Begin=96.058	_	_	_	_
37-1	TO030	37	1	quindi:,	quindi	_	_	_	_	_	linguistic	_	ContainsVariation=No	Intonation=WeaklyRising	_	5x1	_	_	_
37-2	TO030	37	2	già	già	_	_	_	_	_	linguistic	_	ContainsVariation=No	_	_	_	_	_	_
37-3	TO030	37	3	[quello]	quello	_	_	_	_	_	linguistic	_	ContainsVariation=No	_	_	_	_	_	0-6(20)
37-4	TO030	37	4	eh	eh	_	_	_	_	_	linguistic	_	ContainsVariation=No	_	_	_	_	_	_
37-5	TO030	37	5	s~	s~	_	_	_	_	_	linguistic	_	ContainsVariation=No	Interrupted=Yes	_	_	_	_	_
37-6	TO030	37	6	[m:h	mh	_	_	_	_	_	linguistic	_	ContainsVariation=No	_	_	0x1	_	_	0-2(21)
37-7	TO030	37	7	no]?	no	_	_	_	_	_	linguistic	_	ContainsVariation=No	Intonation=Rising	End=98.34	_	_	_	0-2(21)
38-0	TO054	38	0	[certo].	certo	_	_	_	_	_	linguistic	_	ContainsVariation=No	Intonation=Falling	Begin=96.822|End=97.335	_	_	_	0-5(20)
39-0	TO054	39	0	[sì	sì	_	_	_	_	_	linguistic	_	ContainsVariation=No	_	Begin=97.657	_	_	_	0-2(21)
39-1	TO054	39	1	sì.	sì	_	_	_	_	_	linguistic	_	ContainsVariation=No	Intonation=Falling	_	_	_	_	0-2(21)
39-2	TO054	39	2	anche	anche	_	_	_	_	_	linguistic	_	ContainsVariation=No	_	_	_	_	_	0-5(21)
39-3	TO054	39	3	nel]l'	nell'	_	_	_	_	_	linguistic	_	ContainsVariation=No	SpaceAfter=No	_	_	_	_	0-3(21)
39-4	TO054	39	4	accademia	accademia	_	_	_	_	_	linguistic	_	ContainsVariation=No	_	_	_	_	_	_
39-5	TO054	39	5	[fanno	fanno	_	_	_	_	_	linguistic	_	ContainsVariation=No	_	_	_	_	_	0-5(22)
39-6	TO054	39	6	la	la	_	_	_	_	_	linguistic	_	ContainsVariation=No	_	_	_	_	_	0-2(22)
39-7	TO054	39	7	stessa	stessa	_	_	_	_	_	linguistic	_	ContainsVariation=No	_	_	_	_	_	0-6(22)
39-8	TO054	39	8	cosa].	cosa	_	_	_	_	_	linguistic	_	ContainsVariation=No	Intonation=Falling	End=99.936	_	_	_	0-4(22)
40-0	TO030	40	0	[poi,	poi	_	_	_	_	_	linguistic	_	ContainsVariation=No	Intonation=WeaklyRising	Begin=98.934	_	_	_	0-3(22)
40-1	TO030	40	1	assurdo],	assurdo	_	_	_	_	_	linguistic	_	ContainsVariation=No	Intonation=WeaklyRising	_	_	_	_	0-7(22)
40-2	TO030	40	2	per	per	_	_	_	_	_	linguistic	_	ContainsVariation=No	_	_	_	_	_	_
40-3	TO030	40	3	sceneggiatura,	sceneggiatura	_	_	_	_	_	linguistic	_	ContainsVariation=No	Intonation=WeaklyRising|PauseAfter=Yes	_	_	_	_	_
40-4	TO030	40	4	(.)	(.)	_	_	_	_	_	shortpause	_	ContainsVariation=No	_	_	_	_	_	_
40-5	TO030	40	5	prediligono	prediligono	_	_	_	_	_	linguistic	_	ContainsVariation=No	_	_	_	_	_	_
40-6	TO030	40	6	lettere	lettere	_	_	_	_	_	linguistic	_	ContainsVariation=No	_	_	_	_	_	_
40-7	TO030	40	7	e	e	_	_	_	_	_	linguistic	_	ContainsVariation=No	_	_	_	_	_	_
40-8	TO030	40	8	filosofia.	filosofia	_	_	_	_	_	linguistic	_	ContainsVariation=No	Intonation=Falling	_	_	_	_	_
40-9	TO030	40	9	come	come	_	_	_	_	_	linguistic	_	ContainsVariation=No	_	_	_	_	_	_
40-10	TO030	40	10	facoltà.	facoltà	_	_	_	_	_	linguistic	_	ContainsVariation=No	Intonation=Falling	_	_	_	_	_
40-11	TO030	40	11	che	che	_	_	_	_	_	linguistic	_	ContainsVariation=No	_	_	_	_	_	_
40-12	TO030	40	12	io	io	_	_	_	_	_	linguistic	_	ContainsVariation=No	_	_	_	_	_	_
40-13	TO030	40	13	dico,	dico	_	_	_	_	_	linguistic	_	ContainsVariation=No	Intonation=WeaklyRising	_	_	_	_	_
40-14	TO030	40	14	ci	ci	_	_	_	_	_	linguistic	_	ContainsVariation=No	_	_	_	_	_	_
40-15	TO030	40	15	sta.	sta	_	_	_	_	_	linguistic	_	ContainsVariation=No	Intonation=Falling	End=105.741	_	_	_	_
41-0	TO030	41	0	però	però	_	_	_	_	_	linguistic	_	ContainsVariation=No	_	Begin=105.92	_	_	_	_
41-1	TO030	41	1	(che	che	_	_	_	_	_	linguistic	_	ContainsVariation=No	_	_	_	_	0-3(0)	_
41-2	TO030	41	2	non)	non	_	_	_	_	_	linguistic	_	ContainsVariation=No	_	_	_	_	0-3(0)	_
41-3	TO030	41	3	mi	mi	_	_	_	_	_	linguistic	_	ContainsVariation=No	_	_	_	_	_	_
41-4	TO030	41	4	metti	metti	_	_	_	_	_	linguistic	_	ContainsVariation=No	_	_	_	_	_	_
41-5	TO030	41	5	anche	anche	_	_	_	_	_	linguistic	_	ContainsVariation=No	_	_	_	_	_	_
41-6	TO030	41	6	il	il	_	_	_	_	_	linguistic	_	ContainsVariation=No	_	_	_	_	_	_
41-7	TO030	41	7	dams.	dams	_	_	_	_	_	linguistic	_	ContainsVariation=No	Intonation=Falling	_	_	_	_	_
41-8	TO030	41	8	che	che	_	_	_	_	_	linguistic	_	ContainsVariation=No	_	_	_	_	_	_
41-9	TO030	41	9	noi	noi	_	_	_	_	_	linguistic	_	ContainsVariation=No	_	_	_	_	_	_
41-10	TO030	41	10	abbiam	abbiam	_	_	_	_	_	linguistic	_	ContainsVariation=No	_	_	_	_	_	_
41-11	TO030	41	11	fatto	fatto	_	_	_	_	_	linguistic	_	ContainsVariation=No	_	_	_	_	_	_
41-12	TO030	41	12	effettivamente	effettivamente	_	_	_	_	_	linguistic	_	ContainsVariation=No	_	_	_	_	_	_
41-13	TO030	41	13	un	un	_	_	_	_	_	linguistic	_	ContainsVariation=No	_	_	_	_	_	_
41-14	TO030	41	14	[corso	corso	_	_	_	_	_	linguistic	_	ContainsVariation=No	_	_	_	_	_	0-5(23)
41-15	TO030	41	15	di,	di	_	_	_	_	_	linguistic	_	ContainsVariation=No	Intonation=WeaklyRising	_	_	_	_	0-2(23)
41-16	TO030	41	16	cioè	cioè	_	_	_	_	_	linguistic	_	ContainsVariation=No	ProsodicLink=Yes	_	_	_	_	0-4(23)
41-17	TO030	41	17	il]	il	_	_	_	_	_	linguistic	_	ContainsVariation=No	_	_	_	_	_	0-2(23)
41-18	TO030	41	18	dams	dams	_	_	_	_	_	linguistic	_	ContainsVariation=No	_	_	_	_	_	_
41-19	TO030	41	19	va	va	_	_	_	_	_	linguistic	_	ContainsVariation=No	_	_	_	_	_	_
41-20	TO030	41	20	bene	bene	_	_	_	_	_	linguistic	_	ContainsVariation=No	_	_	_	_	_	_
41-21	TO030	41	21	solo	solo	_	_	_	_	_	linguistic	_	ContainsVariation=No	_	_	_	_	_	_
41-22	TO030	41	22	per	per	_	_	_	_	_	linguistic	_	ContainsVariation=No	_	_	_	_	_	_
41-23	TO030	41	23	regia.	regia	_	_	_	_	_	linguistic	_	ContainsVariation=No	Intonation=Falling	End=111.39	_	_	_	_
42-0	TO054	42	0	[un	un	_	_	_	_	_	linguistic	_	ContainsVariation=No	_	Begin=108.98	_	_	_	0-2(23)
42-1	TO054	42	1	corso].	corso	_	_	_	_	_	linguistic	_	ContainsVariation=No	Intonation=Falling	End=109.715	_	_	_	0-5(23)
43-0	TO054	43	0	((ride))	((ride))	_	_	_	_	_	nonverbalbehavior	_	ContainsVariation=No	_	Begin=110.507|End=111.066	_	_	_	_
44-0	TO030	44	0	per	per	_	_	_	_	_	linguistic	_	ContainsVariation=No	_	Begin=111.77	_	_	_	_
44-1	TO030	44	1	produzio[ne::	produzione	_	_	_	_	_	linguistic	_	ContainsVariation=No	_	_	9x2	_	_	8-10(25)
44-2	TO030	44	2	e	e	_	_	_	_	_	linguistic	_	ContainsVariation=No	_	_	_	_	_	0-1(25)
44-3	TO030	44	3	per	per	_	_	_	_	_	linguistic	_	ContainsVariation=No	_	_	_	_	_	0-3(25)
44-4	TO030	44	4	sceneg]giatura,	sceneggiatura	_	_	_	_	_	linguistic	_	ContainsVariation=No	Intonation=WeaklyRising	_	_	_	_	0-6(25)
44-5	TO030	44	5	per	per	_	_	_	_	_	linguistic	_	ContainsVariation=No	_	_	_	_	_	_
44-6	TO030	44	6	produzione	produzione	_	_	_	_	_	linguistic	_	ContainsVariation=No	_	_	_	_	_	_
44-7	TO030	44	7	vogliono	vogliono	_	_	_	_	_	linguistic	_	ContainsVariation=No	_	_	_	_	_	_
44-8	TO030	44	8	tipo::	tipo	_	_	_	_	_	linguistic	_	ContainsVariation=No	_	_	3x2	_	_	_
44-9	TO030	44	9	marketing,	marketing	_	_	_	_	_	linguistic	_	ContainsVariation=No	Intonation=WeaklyRising	End=116.921	_	_	_	_
45-0	TO054	45	0	[esatto].	esatto	_	_	_	_	_	linguistic	_	ContainsVariation=No	Intonation=Falling	Begin=112.78|End=113.5	_	_	_	0-6(25)
46-0	TO030	46	0	e::::	e	_	_	_	_	_	linguistic	_	ContainsVariation=No	PauseAfter=Yes	Begin=118.135	0x4	_	_	_
46-1	TO030	46	1	(.)	(.)	_	_	_	_	_	shortpause	_	ContainsVariation=No	_	_	_	_	_	_
46-2	TO030	46	2	per	per	_	_	_	_	_	linguistic	_	ContainsVariation=No	_	_	_	_	_	_
46-3	TO030	46	3	produzione	produzione	_	_	_	_	_	linguistic	_	ContainsVariation=No	_	_	_	_	_	_
46-4	TO030	46	4	vogliono	vogliono	_	_	_	_	_	linguistic	_	ContainsVariation=No	_	_	_	_	_	_
46-5	TO030	46	5	tipo	tipo	_	_	_	_	_	linguistic	_	ContainsVariation=No	_	_	_	_	_	_
46-6	TO030	46	6	che	che	_	_	_	_	_	linguistic	_	ContainsVariation=No	_	_	_	_	_	_
46-7	TO030	46	7	hai	hai	_	_	_	_	_	linguistic	_	ContainsVariation=No	_	_	_	_	_	_
46-8	TO030	46	8	fatto::	fatto	_	_	_	_	_	linguistic	_	ContainsVariation=No	ProsodicLink=Yes	_	4x2	_	_	_
46-9	TO030	46	9	un	un	_	_	_	_	_	linguistic	_	ContainsVariation=No	_	_	_	_	_	_
46-10	TO030	46	10	u~	u~	_	_	_	_	_	linguistic	_	ContainsVariation=No	Interrupted=Yes|ProsodicLink=Yes	_	_	_	_	_
46-11	TO030	46	11	m::h	mh	_	_	_	_	_	linguistic	_	ContainsVariation=No	_	_	0x2	_	_	_
46-12	TO030	46	12	economia	economia	_	_	_	_	_	linguistic	_	ContainsVariation=No	_	_	_	_	_	_
46-13	TO030	46	13	e	e	_	_	_	_	_	linguistic	_	ContainsVariation=No	_	_	_	_	_	_
46-14	TO030	46	14	com[me::r]cio,	commercio	_	_	_	_	_	linguistic	_	ContainsVariation=No	Intonation=WeaklyRising	_	4x2	_	_	3-6(27)
46-15	TO030	46	15	cose	cose	_	_	_	_	_	linguistic	_	ContainsVariation=No	_	_	_	_	_	_
46-16	TO030	46	16	così.	così	_	_	_	_	_	linguistic	_	ContainsVariation=No	Intonation=Falling	_	_	_	_	_
46-17	TO030	46	17	che	che	_	_	_	_	_	linguistic	_	ContainsVariation=No	_	_	_	_	_	_
46-18	TO030	46	18	quello,	quello	_	_	_	_	_	linguistic	_	ContainsVariation=No	Intonation=WeaklyRising|PauseAfter=Yes	_	_	_	_	_
46-19	TO030	46	19	(.)	(.)	_	_	_	_	_	shortpause	_	ContainsVariation=No	_	_	_	_	_	_
46-20	TO030	46	20	[forse	forse	_	_	_	_	_	linguistic	_	ContainsVariation=No	_	_	_	_	_	0-5(26)
46-21	TO030	46	21	>lo]	lo	_	_	_	_	_	linguistic	_	ContainsVariation=No	_	_	_	Fast=0-2(0)	_	0-2(26)
46-22	TO030	46	22	posso	posso	_	_	_	_	_	linguistic	_	ContainsVariation=No	_	_	_	Fast=0-5(0)	_	_
46-23	TO030	46	23	ancora	ancora	_	_	_	_	_	linguistic	_	ContainsVariation=No	_	_	_	Fast=0-6(0)	_	_
46-24	TO030	46	24	capire<.	capire	_	_	_	_	_	linguistic	_	ContainsVariation=No	Intonation=Falling	End=127.199	_	Fast=0-6(0)	_	_
47-0	TO054	47	0	[sì],	sì	_	_	_	_	_	linguistic	_	ContainsVariation=No	Intonation=WeaklyRising	Begin=123.408|End=123.825	_	_	_	0-2(27)
48-0	TO054	48	0	[<ci	ci	_	_	_	_	_	linguistic	_	ContainsVariation=No	_	Begin=125.632	_	Slow=0-2(0)	_	0-2(26)
48-1	TO054	48	1	sta>].	sta	_	_	_	_	_	linguistic	_	ContainsVariation=No	Intonation=Falling	End=126.41	_	Slow=0-3(0)	_	0-3(26)
49-0	TO030	49	0	regia	regia	_	_	_	_	_	linguistic	_	ContainsVariation=No	_	Begin=127.561	_	_	_	_
49-1	TO030	49	1	va	va	_	_	_	_	_	linguistic	_	ContainsVariation=No	_	_	_	_	_	_
49-2	TO030	49	2	bene	bene	_	_	_	_	_	linguistic	_	ContainsVariation=No	_	_	_	_	_	_
49-3	TO030	49	3	il	il	_	_	_	_	_	linguistic	_	ContainsVariation=No	_	_	_	_	_	_
49-4	TO030	49	4	dams,	dams	_	_	_	_	_	linguistic	_	ContainsVariation=No	Intonation=WeaklyRising	_	_	_	_	_
49-5	TO030	49	5	e	e	_	_	_	_	_	linguistic	_	ContainsVariation=No	_	_	_	_	_	_
49-6	TO030	49	6	invece	invece	_	_	_	_	_	linguistic	_	ContainsVariation=No	_	_	_	_	_	_
49-7	TO030	49	7	per	per	_	_	_	_	_	linguistic	_	ContainsVariation=No	_	_	_	_	_	_
49-8	TO030	49	8	sceneggiatura	sceneggiatura	_	_	_	_	_	linguistic	_	ContainsVariation=No	_	_	_	_	_	_
49-9	TO030	49	9	vogliono	vogliono	_	_	_	_	_	linguistic	_	ContainsVariation=No	_	_	_	_	_	_
49-10	TO030	49	10	filosofia:	filosofia	_	_	_	_	_	linguistic	_	ContainsVariation=No	_	_	8x1	_	_	_
49-11	TO030	49	11	e::	e	_	_	_	_	_	linguistic	_	ContainsVariation=No	_	_	0x2	_	_	_
49-12	TO030	49	12	lettere.	lettere	_	_	_	_	_	linguistic	_	ContainsVariation=No	Intonation=Falling	_	_	_	_	_
49-13	TO030	49	13	che:,	che	_	_	_	_	_	linguistic	_	ContainsVariation=No	Intonation=WeaklyRising	_	2x1	_	_	_
49-14	TO030	49	14	ci	ci	_	_	_	_	_	linguistic	_	ContainsVariation=No	_	_	_	_	_	_
49-15	TO030	49	15	sta:,	sta	_	_	_	_	_	linguistic	_	ContainsVariation=No	Intonation=WeaklyRising	_	2x1	_	_	_
49-16	TO030	49	16	però	però	_	_	_	_	_	linguistic	_	ContainsVariation=No	_	_	_	_	_	_
49-17	TO030	49	17	a:nche	anche	_	_	_	_	_	linguistic	_	ContainsVariation=No	_	_	0x1	_	_	_
49-18	TO030	49	18	il	il	_	_	_	_	_	linguistic	_	ContainsVariation=No	_	_	_	_	_	_
49-19	TO030	49	19	dams	dams	_	_	_	_	_	linguistic	_	ContainsVariation=No	_	_	_	_	_	_
49-20	TO030	49	20	[secondo	secondo	_	_	_	_	_	linguistic	_	ContainsVariation=No	_	_	_	_	_	0-7(28)
49-21	TO030	49	21	me].	me	_	_	_	_	_	linguistic	_	ContainsVariation=No	Intonation=Falling	End=135.617	_	_	_	0-2(28)
50-0	TO054	50	0	[ci	ci	_	_	_	_	_	linguistic	_	ContainsVariation=No	_	Begin=134.545	_	_	_	0-2(28)
50-1	TO054	50	1	sta,	sta	_	_	_	_	_	linguistic	_	ContainsVariation=No	Intonation=WeaklyRising	_	_	_	_	0-3(28)
50-2	TO054	50	2	però::]	però	_	_	_	_	_	linguistic	_	ContainsVariation=No	_	_	3x2	_	_	0-4(28)
50-3	TO054	50	3	e[sami::	esami	_	_	_	_	_	linguistic	_	ContainsVariation=No	_	_	4x2	_	_	1-5(29)
50-4	TO054	50	4	di::	di	_	_	_	_	_	linguistic	_	ContainsVariation=No	_	_	1x2	_	_	0-2(29)
50-5	TO054	50	5	sceneggiatura,	sceneggiatura	_	_	_	_	_	linguistic	_	ContainsVariation=No	Intonation=WeaklyRising	_	_	_	_	0-13(29)
50-6	TO054	50	6	esatto.	esatto	_	_	_	_	_	linguistic	_	ContainsVariation=No	Intonation=Falling	_	_	_	_	0-6(29)
50-7	TO054	50	7	non	non	_	_	_	_	_	linguistic	_	ContainsVariation=No	_	_	_	_	_	0-3(29)
50-8	TO054	50	8	ce	ce	_	_	_	_	_	linguistic	_	ContainsVariation=No	_	_	_	_	_	0-2(29)
50-9	TO054	50	9	ne	ne	_	_	_	_	_	linguistic	_	ContainsVariation=No	_	_	_	_	_	0-2(29)
50-10	TO054	50	10	sono	sono	_	_	_	_	_	linguistic	_	ContainsVariation=No	_	_	_	_	_	0-4(29)
50-11	TO054	50	11	a	a	_	_	_	_	_	linguistic	_	ContainsVariation=No	_	_	_	_	_	0-1(29)
50-12	TO054	50	12	lettere].	lettere	_	_	_	_	_	linguistic	_	ContainsVariation=No	Intonation=Falling	End=139.591	_	_	_	0-7(29)
51-0	TO030	51	0	[cioè.	cioè	_	_	_	_	_	linguistic	_	ContainsVariation=No	Intonation=Falling	Begin=135.746	_	_	_	0-4(29)
51-1	TO030	51	1	perché	perché	_	_	_	_	_	linguistic	_	ContainsVariation=No	_	_	_	_	_	0-6(29)
51-2	TO030	51	2	noi	noi	_	_	_	_	_	linguistic	_	ContainsVariation=No	_	_	_	_	_	0-3(29)
51-3	TO030	51	3	poi	poi	_	_	_	_	_	linguistic	_	ContainsVariation=No	_	_	_	_	_	0-3(29)
51-4	TO030	51	4	abbiamo	abbiamo	_	_	_	_	_	linguistic	_	ContainsVariation=No	_	_	_	_	_	0-7(29)
51-5	TO030	51	5	proprio	proprio	_	_	_	_	_	linguistic	_	ContainsVariation=No	_	_	_	_	_	0-7(29)
51-6	TO030	51	6	studiato	studiato	_	_	_	_	_	linguistic	_	ContainsVariation=No	PauseAfter=Yes	_	_	_	_	0-8(29)
51-7	TO030	51	7	(.)	(.)	_	_	_	_	_	shortpause	_	ContainsVariation=No	_	_	_	_	_	X(29)
51-8	TO030	51	8	esatto.	esatto	_	_	_	_	_	linguistic	_	ContainsVariation=No	Intonation=Falling	_	_	_	_	0-6(29)
51-9	TO030	51	9	abbiamo	abbiamo	_	_	_	_	_	linguistic	_	ContainsVariation=No	_	_	_	_	_	0-7(29)
51-10	TO030	51	10	studiato	studiato	_	_	_	_	_	linguistic	_	ContainsVariation=No	_	_	_	_	_	0-8(29)
51-11	TO030	51	11	proprio]	proprio	_	_	_	_	_	linguistic	_	ContainsVariation=No	_	_	_	_	_	0-7(29)
51-12	TO030	51	12	il	il	_	_	_	_	_	linguistic	_	ContainsVariation=No	_	_	_	_	_	_
51-13	TO030	51	13	linguaggio	linguaggio	_	_	_	_	_	linguistic	_	ContainsVariation=No	_	_	_	_	_	_
51-14	TO030	51	14	cinematografico	cinematografico	_	_	_	_	_	linguistic	_	ContainsVariation=No	_	_	_	_	_	_
51-15	TO030	51	15	noi.	noi	_	_	_	_	_	linguistic	_	ContainsVariation=No	Intonation=Falling	_	_	_	_	_
51-16	TO030	51	16	quindi	quindi	_	_	_	_	_	linguistic	_	ContainsVariation=No	_	_	_	_	_	_
51-17	TO030	51	17	io	io	_	_	_	_	_	linguistic	_	ContainsVariation=No	_	_	_	_	_	_
51-18	TO030	51	18	non	non	_	_	_	_	_	linguistic	_	ContainsVariation=No	_	_	_	_	_	_
51-19	TO030	51	19	<capisco>	capisco	_	_	_	_	_	linguistic	_	ContainsVariation=No	PauseAfter=Yes	_	_	Slow=0-7(0)	_	_
51-20	TO030	51	20	(.)	(.)	_	_	_	_	_	shortpause	_	ContainsVariation=No	_	_	_	_	_	_
51-21	TO030	51	21	perché	perché	_	_	_	_	_	linguistic	_	ContainsVariation=No	_	_	_	_	_	_
51-22	TO030	51	22	io	io	_	_	_	_	_	linguistic	_	ContainsVariation=No	_	_	_	_	_	_
51-23	TO030	51	23	devo,	devo	_	_	_	_	_	linguistic	_	ContainsVariation=No	Intonation=WeaklyRising	End=143.899	_	_	_	_
52-0	TO054	52	0	essere	essere	_	_	_	_	_	linguistic	_	ContainsVariation=No	_	Begin=144.743	_	_	_	_
52-1	TO054	52	1	penalizza[ti	penalizzati	_	_	_	_	_	linguistic	_	ContainsVariation=No	_	_	_	_	_	9-11(30)
52-2	TO054	52	2	(per	per	_	_	_	_	_	linguistic	_	ContainsVariation=No	_	_	_	_	0-3(0)	0-3(30)
52-3	TO054	52	3	questo	questo	_	_	_	_	_	linguistic	_	ContainsVariation=No	_	_	_	_	0-6(0)	0-6(30)
52-4	TO054	52	4	no::)],	no	_	_	_	_	_	linguistic	_	ContainsVariation=No	Intonation=WeaklyRising	End=147.55	1x2	_	0-2(0)	0-2(30)
53-0	TO030	53	0	[essere	essere	_	_	_	_	_	linguistic	_	ContainsVariation=No	_	Begin=145.636	_	_	_	0-6(30)
53-1	TO030	53	1	penalizza~	penalizza~	_	_	_	_	_	linguistic	_	ContainsVariation=No	Interrupted=Yes	_	_	_	_	0-10(30)
53-2	TO030	53	2	perché	perché	_	_	_	_	_	linguistic	_	ContainsVariation=No	_	_	_	_	_	0-6(30)
53-3	TO030	53	3	è	è	_	_	_	_	_	linguistic	_	ContainsVariation=No	_	_	_	_	_	0-1(30)
53-4	TO030	53	4	letteralmente	letteralmente	_	_	_	_	_	linguistic	_	ContainsVariation=No	_	_	_	_	_	0-13(30)
53-5	TO030	53	5	es]sere	essere	_	_	_	_	_	linguistic	_	ContainsVariation=No	_	_	_	_	_	0-2(30)
53-6	TO030	53	6	penalizza:[ti	penalizzati	_	_	_	_	_	linguistic	_	ContainsVariation=No	_	_	8x1	_	_	9-11(31)
53-7	TO030	53	7	nel]	nel	_	_	_	_	_	linguistic	_	ContainsVariation=No	_	_	_	_	_	0-3(31)
53-8	TO030	53	8	senso.	senso	_	_	_	_	_	linguistic	_	ContainsVariation=No	Intonation=Falling	End=149.347	_	_	_	_
54-0	TO054	54	0	[sì].	sì	_	_	_	_	_	linguistic	_	ContainsVariation=No	Intonation=Falling	Begin=148.391|End=148.679	_	_	_	0-2(31)
55-0	TO054	55	0	sì.	sì	_	_	_	_	_	linguistic	_	ContainsVariation=No	Intonation=Falling	Begin=149.479	_	_	_	_
55-1	TO054	55	1	alla	alla	_	_	_	_	_	linguistic	_	ContainsVariation=No	_	_	_	_	_	_
55-2	TO054	55	2	fi[ne::],	fine	_	_	_	_	_	linguistic	_	ContainsVariation=No	Intonation=WeaklyRising	End=150.792	3x2	_	_	2-4(32)
56-0	TO030	56	0	[poi	poi	_	_	_	_	_	linguistic	_	ContainsVariation=No	_	Begin=150.233	_	_	_	0-3(32)
56-1	TO030	56	1	io	io	_	_	_	_	_	linguistic	_	ContainsVariation=No	_	_	_	_	_	0-2(32)
56-2	TO030	56	2	ho	ho	_	_	_	_	_	linguistic	_	ContainsVariation=No	_	_	_	_	_	0-2(32)
56-3	TO030	56	3	paura]	paura	_	_	_	_	_	linguistic	_	ContainsVariation=No	_	_	_	_	_	0-5(32)
56-4	TO030	56	4	che	che	_	_	_	_	_	linguistic	_	ContainsVariation=No	_	_	_	_	_	_
56-5	TO030	56	5	no~	no~	_	_	_	_	_	linguistic	_	ContainsVariation=No	Interrupted=Yes	_	_	_	_	_
56-6	TO030	56	6	che:	che	_	_	_	_	_	linguistic	_	ContainsVariation=No	_	_	2x1	_	_	_
56-7	TO030	56	7	mi	mi	_	_	_	_	_	linguistic	_	ContainsVariation=No	_	_	_	_	_	_
56-8	TO030	56	8	vengano	vengano	_	_	_	_	_	linguistic	_	ContainsVariation=No	_	_	_	_	_	_
56-9	TO030	56	9	a	a	_	_	_	_	_	linguistic	_	ContainsVariation=No	_	_	_	_	_	_
56-10	TO030	56	10	romper	romper	_	_	_	_	_	linguistic	_	ContainsVariation=No	_	_	_	_	_	_
56-11	TO030	56	11	le	le	_	_	_	_	_	linguistic	_	ContainsVariation=No	_	_	_	_	_	_
56-12	TO030	56	12	balle	balle	_	_	_	_	_	linguistic	_	ContainsVariation=No	_	_	_	_	_	_
56-13	TO030	56	13	che	che	_	_	_	_	_	linguistic	_	ContainsVariation=No	_	_	_	_	_	_
56-14	TO030	56	14	non	non	_	_	_	_	_	linguistic	_	ContainsVariation=No	_	_	_	_	_	_
56-15	TO030	56	15	ho	ho	_	_	_	_	_	linguistic	_	ContainsVariation=No	_	_	_	_	_	_
56-16	TO030	56	16	preso	preso	_	_	_	_	_	linguistic	_	ContainsVariation=No	_	_	_	_	_	_
56-17	TO030	56	17	centodie:ci,	centodieci	_	_	_	_	_	linguistic	_	ContainsVariation=No	Intonation=WeaklyRising	_	7x1	_	_	_
56-18	TO030	56	18	capito,	capito	_	_	_	_	_	linguistic	_	ContainsVariation=No	Intonation=WeaklyRising	End=155.117	_	_	_	_
57-0	TO030	57	0	però	però	_	_	_	_	_	linguistic	_	ContainsVariation=No	_	Begin=155.347	_	_	_	_
57-1	TO030	57	1	cioè,	cioè	_	_	_	_	_	linguistic	_	ContainsVariation=No	Intonation=WeaklyRising	End=156.207	_	_	_	_
58-0	TO030	58	0	[cosa	cosa	_	_	_	_	_	linguistic	_	ContainsVariation=No	_	Begin=156.843	_	_	_	0-4(33)
58-1	TO030	58	1	vuoi	vuoi	_	_	_	_	_	linguistic	_	ContainsVariation=No	_	_	_	_	_	0-4(33)
58-2	TO030	58	2	fare].	fare	_	_	_	_	_	linguistic	_	ContainsVariation=No	Intonation=Falling	End=157.894	_	_	_	0-4(33)
59-0	TO054	59	0	[poi	poi	_	_	_	_	_	linguistic	_	ContainsVariation=No	_	Begin=156.865	_	_	_	0-3(33)
59-1	TO054	59	1	digli	digli	_	_	_	_	_	linguistic	_	ContainsVariation=No	_	_	_	_	_	0-5(33)
59-2	TO054	59	2	che	che	_	_	_	_	_	linguistic	_	ContainsVariation=No	_	_	_	_	_	0-3(33)
59-3	TO054	59	3	è	è	_	_	_	_	_	linguistic	_	ContainsVariation=No	ProsodicLink=Yes	_	_	_	_	0-1(33)
59-4	TO054	59	4	impos]sibile	impossibile	_	_	_	_	_	linguistic	_	ContainsVariation=No	_	_	_	_	_	0-5(33)
59-5	TO054	59	5	prendere	prendere	_	_	_	_	_	linguistic	_	ContainsVariation=No	_	_	_	_	_	_
59-6	TO054	59	6	centodie[ci	centodieci	_	_	_	_	_	linguistic	_	ContainsVariation=No	_	_	_	_	_	8-10(34)
59-7	TO054	59	7	al	al	_	_	_	_	_	linguistic	_	ContainsVariation=No	_	_	_	_	_	0-2(34)
59-8	TO054	59	8	dams]	dams	_	_	_	_	_	linguistic	_	ContainsVariation=No	_	_	_	_	_	0-4(34)
59-9	TO054	59	9	((ride))	((ride))	_	_	_	_	_	nonverbalbehavior	_	ContainsVariation=No	_	End=160.338	_	_	_	_
60-0	TO030	60	0	[è	è	_	_	_	_	_	linguistic	_	ContainsVariation=No	_	Begin=159.14	_	_	_	0-1(34)
60-1	TO030	60	1	imposs]ibile	impossibile	_	_	_	_	_	linguistic	_	ContainsVariation=No	_	_	_	_	_	0-6(34)
60-2	TO030	60	2	prendere	prendere	_	_	_	_	_	linguistic	_	ContainsVariation=No	_	_	_	_	_	_
60-3	TO030	60	3	centodieci	centodieci	_	_	_	_	_	linguistic	_	ContainsVariation=No	_	_	_	_	_	_
60-4	TO030	60	4	al	al	_	_	_	_	_	linguistic	_	ContainsVariation=No	_	_	_	_	_	_
60-5	TO030	60	5	dams.	dams	_	_	_	_	_	linguistic	_	ContainsVariation=No	Intonation=Falling	End=161.222	_	_	_	_
61-0	TO054	61	0	politicamen[te	politicamente	_	_	_	_	_	linguistic	_	ContainsVariation=No	_	Begin=161.594	_	_	_	11-13(35)
61-1	TO054	61	1	xxx]	xxx	_	_	_	_	_	unknown	_	ContainsVariation=No	Syllables=3	End=163.11	_	_	_	0-3(35)
62-0	TO030	62	0	[come	come	_	_	_	_	_	linguistic	_	ContainsVariation=No	_	Begin=162.199	_	_	_	0-4(35)
62-1	TO030	62	1	faccio],	faccio	_	_	_	_	_	linguistic	_	ContainsVariation=No	Intonation=WeaklyRising	End=163.125	_	_	_	0-6(35)
63-0	TO054	63	0	no	no	_	_	_	_	_	linguistic	_	ContainsVariation=No	_	Begin=163.16	_	_	_	_
63-1	TO054	63	1	no.	no	_	_	_	_	_	linguistic	_	ContainsVariation=No	Intonation=Falling	End=163.66	_	_	_	_
64-0	TO030	64	0	è	è	_	_	_	_	_	linguistic	_	ContainsVariation=No	_	Begin=163.705	_	_	_	_
64-1	TO030	64	1	vero	vero	_	_	_	_	_	linguistic	_	ContainsVariation=No	_	_	_	_	_	_
64-2	TO030	64	2	però.	però	_	_	_	_	_	linguistic	_	ContainsVariation=No	Intonation=Falling	_	_	_	_	_
64-3	TO030	64	3	come	come	_	_	_	_	_	linguistic	_	ContainsVariation=No	_	_	_	_	_	_
64-4	TO030	64	4	[faccio?	faccio	_	_	_	_	_	linguistic	_	ContainsVariation=No	Intonation=Rising	_	_	_	_	0-6(36)
64-5	TO030	64	5	cioè],	cioè	_	_	_	_	_	linguistic	_	ContainsVariation=No	Intonation=WeaklyRising	_	_	_	_	0-4(36)
64-6	TO030	64	6	allora	allora	_	_	_	_	_	linguistic	_	ContainsVariation=No	_	_	_	_	_	_
64-7	TO030	64	7	io	io	_	_	_	_	_	linguistic	_	ContainsVariation=No	_	_	_	_	_	_
64-8	TO030	64	8	musica,	musica	_	_	_	_	_	linguistic	_	ContainsVariation=No	Intonation=WeaklyRising	_	_	_	_	_
64-9	TO030	64	9	e::h	eh	_	_	_	_	_	linguistic	_	ContainsVariation=No	_	_	0x2	_	_	_
64-10	TO030	64	10	per	per	_	_	_	_	_	linguistic	_	ContainsVariation=No	_	_	_	_	_	_
64-11	TO030	64	11	prendere:	prendere	_	_	_	_	_	linguistic	_	ContainsVariation=No	ProsodicLink=Yes	_	7x1	_	_	_
64-12	TO030	64	12	eh	eh	_	_	_	_	_	linguistic	_	ContainsVariation=No	_	_	_	_	_	_
64-13	TO030	64	13	più,	più	_	_	_	_	_	linguistic	_	ContainsVariation=No	Intonation=WeaklyRising	_	_	_	_	_
64-14	TO030	64	14	>a	a	_	_	_	_	_	linguistic	_	ContainsVariation=No	_	_	_	Fast=0-1(0)	_	_
64-15	TO030	64	15	parte	parte	_	_	_	_	_	linguistic	_	ContainsVariation=No	_	_	_	Fast=0-5(0)	_	_
64-16	TO030	64	16	il	il	_	_	_	_	_	linguistic	_	ContainsVariation=No	_	_	_	Fast=0-2(0)	_	_
64-17	TO030	64	17	fatto	fatto	_	_	_	_	_	linguistic	_	ContainsVariation=No	_	_	_	Fast=0-5(0)	_	_
64-18	TO030	64	18	che<	che	_	_	_	_	_	linguistic	_	ContainsVariation=No	_	_	_	Fast=0-3(0)	_	_
64-19	TO030	64	19	esami	esami	_	_	_	_	_	linguistic	_	ContainsVariation=No	_	_	_	_	_	_
64-20	TO030	64	20	da	da	_	_	_	_	_	linguistic	_	ContainsVariation=No	_	_	_	_	_	_
64-21	TO030	64	21	dodici	dodici	_	_	_	_	_	linguistic	_	ContainsVariation=No	_	_	_	_	_	_
64-22	TO030	64	22	crediti:	crediti	_	_	_	_	_	linguistic	_	ContainsVariation=No	_	_	6x1	_	_	_
64-23	TO030	64	23	senza	senza	_	_	_	_	_	linguistic	_	ContainsVariation=No	_	_	_	_	_	_
64-24	TO030	64	24	senso,	senso	_	_	_	_	_	linguistic	_	ContainsVariation=No	Intonation=WeaklyRising	_	_	_	_	_
64-25	TO030	64	25	e	e	_	_	_	_	_	linguistic	_	ContainsVariation=No	_	_	_	_	_	_
64-26	TO030	64	26	esami:	esami	_	_	_	_	_	linguistic	_	ContainsVariation=No	_	_	4x1	_	_	_
64-27	TO030	64	27	[da	da	_	_	_	_	_	linguistic	_	ContainsVariation=No	_	_	_	_	_	0-2(37)
64-28	TO030	64	28	sei]	sei	_	_	_	_	_	linguistic	_	ContainsVariation=No	_	_	_	_	_	0-3(37)
64-29	TO030	64	29	crediti	crediti	_	_	_	_	_	linguistic	_	ContainsVariation=No	_	_	_	_	_	_
64-30	TO030	64	30	che	che	_	_	_	_	_	linguistic	_	ContainsVariation=No	_	_	_	_	_	_
64-31	TO030	64	31	dovrebbero	dovrebbero	_	_	_	_	_	linguistic	_	ContainsVariation=No	_	_	_	_	_	_
64-32	TO030	64	32	essere	essere	_	_	_	_	_	linguistic	_	ContainsVariation=No	_	_	_	_	_	_
64-33	TO030	64	33	da	da	_	_	_	_	_	linguistic	_	ContainsVariation=No	_	_	_	_	_	_
64-34	TO030	64	34	dodici,	dodici	_	_	_	_	_	linguistic	_	ContainsVariation=No	Intonation=WeaklyRising	End=174.026	_	_	_	_
65-0	TO054	65	0	[sì	sì	_	_	_	_	_	linguistic	_	ContainsVariation=No	_	Begin=164.55	_	_	_	0-2(36)
65-1	TO054	65	1	sì	sì	_	_	_	_	_	linguistic	_	ContainsVariation=No	_	_	_	_	_	0-2(36)
65-2	TO054	65	2	sì	sì	_	_	_	_	_	linguistic	_	ContainsVariation=No	_	_	_	_	_	0-2(36)
65-3	TO054	65	3	sì].	sì	_	_	_	_	_	linguistic	_	ContainsVariation=No	Intonation=Falling	End=165.125	_	_	_	0-2(36)
66-0	TO054	66	0	[sì].	sì	_	_	_	_	_	linguistic	_	ContainsVariation=No	Intonation=Falling	Begin=171.824|End=172.172	_	_	_	0-2(37)
67-0	TO030	67	0	quindi	quindi	_	_	_	_	_	linguistic	_	ContainsVariation=No	_	Begin=174.255	_	_	_	_
67-1	TO030	67	1	dici	dici	_	_	_	_	_	linguistic	_	ContainsVariation=No	_	_	_	_	_	_
67-2	TO030	67	2	io	io	_	_	_	_	_	linguistic	_	ContainsVariation=No	_	_	_	_	_	_
67-3	TO030	67	3	c'	c'	_	_	_	_	_	linguistic	_	ContainsVariation=No	SpaceAfter=No	_	_	_	_	_
67-4	TO030	67	4	ho	ho	_	_	_	_	_	linguistic	_	ContainsVariation=No	_	_	_	_	_	_
67-5	TO030	67	5	dei	dei	_	_	_	_	_	linguistic	_	ContainsVariation=No	_	_	_	_	_	_
67-6	TO030	67	6	trenta	trenta	_	_	_	_	_	linguistic	_	ContainsVariation=No	_	_	_	_	_	_
67-7	TO030	67	7	di	di	_	_	_	_	_	linguistic	_	ContainsVariation=No	_	_	_	_	_	_
67-8	TO030	67	8	cinema	cinema	_	_	_	_	_	linguistic	_	ContainsVariation=No	_	_	_	_	_	_
67-9	TO030	67	9	che	che	_	_	_	_	_	linguistic	_	ContainsVariation=No	_	_	_	_	_	_
67-10	TO030	67	10	però	però	_	_	_	_	_	linguistic	_	ContainsVariation=No	_	_	_	_	_	_
67-11	TO030	67	11	sono,	sono	_	_	_	_	_	linguistic	_	ContainsVariation=No	Intonation=WeaklyRising	_	_	_	_	_
67-12	TO030	67	12	da::	da	_	_	_	_	_	linguistic	_	ContainsVariation=No	_	_	1x2	_	_	_
67-13	TO030	67	13	sei	sei	_	_	_	_	_	linguistic	_	ContainsVariation=No	_	_	_	_	_	_
67-14	TO030	67	14	crediti,	crediti	_	_	_	_	_	linguistic	_	ContainsVariation=No	Intonation=WeaklyRising	_	_	_	_	_
67-15	TO030	67	15	e	e	_	_	_	_	_	linguistic	_	ContainsVariation=No	_	_	_	_	_	_
67-16	TO030	67	16	quindi	quindi	_	_	_	_	_	linguistic	_	ContainsVariation=No	_	_	_	_	_	_
67-17	TO030	67	17	non	non	_	_	_	_	_	linguistic	_	ContainsVariation=No	_	_	_	_	_	_
67-18	TO030	67	18	mi	mi	_	_	_	_	_	linguistic	_	ContainsVariation=No	_	_	_	_	_	_
67-19	TO030	67	19	contano	contano	_	_	_	_	_	linguistic	_	ContainsVariation=No	_	_	_	_	_	_
67-20	TO030	67	20	un	un	_	_	_	_	_	linguistic	_	ContainsVariation=No	_	_	_	_	_	_
67-21	TO030	67	21	cazzo,	cazzo	_	_	_	_	_	linguistic	_	ContainsVariation=No	Intonation=WeaklyRising	_	_	_	_	_
67-22	TO030	67	22	e	e	_	_	_	_	_	linguistic	_	ContainsVariation=No	_	_	_	_	_	_
67-23	TO030	67	23	poi	poi	_	_	_	_	_	linguistic	_	ContainsVariation=No	_	_	_	_	_	_
67-24	TO030	67	24	c'	c'	_	_	_	_	_	linguistic	_	ContainsVariation=No	SpaceAfter=No	_	_	_	_	_
67-25	TO030	67	25	ho::	ho	_	_	_	_	_	linguistic	_	ContainsVariation=No	_	_	1x2	_	_	_
67-26	TO030	67	26	dei	dei	_	_	_	_	_	linguistic	_	ContainsVariation=No	_	_	_	_	_	_
67-27	TO030	67	27	ventisei	ventisei	_	_	_	_	_	linguistic	_	ContainsVariation=No	_	_	_	_	_	_
67-28	TO030	67	28	da	da	_	_	_	_	_	linguistic	_	ContainsVariation=No	_	_	_	_	_	_
67-29	TO030	67	29	dodici,	dodici	_	_	_	_	_	linguistic	_	ContainsVariation=No	Intonation=WeaklyRising	_	_	_	_	_
67-30	TO030	67	30	che:	che	_	_	_	_	_	linguistic	_	ContainsVariation=No	_	_	2x1	_	_	_
67-31	TO030	67	31	mi	mi	_	_	_	_	_	linguistic	_	ContainsVariation=No	_	_	_	_	_	_
67-32	TO030	67	32	fregano	fregano	_	_	_	_	_	linguistic	_	ContainsVariation=No	_	_	_	_	_	_
67-33	TO030	67	33	fondamental[mente],	fondamentalmente	_	_	_	_	_	linguistic	_	ContainsVariation=No	Intonation=WeaklyRising	End=184.357	_	_	_	9-15(38)
68-0	TO054	68	0	[esat]to.	esatto	_	_	_	_	_	linguistic	_	ContainsVariation=No	Intonation=Falling	Begin=183.94|End=184.629	_	_	_	0-4(38)
69-0	TO030	69	0	no	no	_	_	_	_	_	linguistic	_	ContainsVariation=No	_	Begin=184.616	_	_	_	_
69-1	TO030	69	1	poi	poi	_	_	_	_	_	linguistic	_	ContainsVariation=No	_	_	_	_	_	_
69-2	TO030	69	2	musica,	musica	_	_	_	_	_	linguistic	_	ContainsVariation=No	Intonation=WeaklyRising	_	_	_	_	_
69-3	TO030	69	3	cioè	cioè	_	_	_	_	_	linguistic	_	ContainsVariation=No	_	_	_	_	_	_
69-4	TO030	69	4	nel	nel	_	_	_	_	_	linguistic	_	ContainsVariation=No	_	_	_	_	_	_
69-5	TO030	69	5	senso	senso	_	_	_	_	_	linguistic	_	ContainsVariation=No	_	_	_	_	_	_
69-6	TO030	69	6	scherziamo?	scherziamo	_	_	_	_	_	linguistic	_	ContainsVariation=No	Intonation=Rising	_	_	_	_	_
69-7	TO030	69	7	ventitré	ventitré	_	_	_	_	_	linguistic	_	ContainsVariation=No	_	_	_	_	_	_
69-8	TO030	69	8	era	era	_	_	_	_	_	linguistic	_	ContainsVariation=No	_	_	_	_	_	_
69-9	TO030	69	9	un	un	_	_	_	_	_	linguistic	_	ContainsVariation=No	_	_	_	_	_	_
69-10	TO030	69	10	voto	voto	_	_	_	_	_	linguistic	_	ContainsVariation=No	_	_	_	_	_	_
69-11	TO030	69	11	a:lto	alto	_	_	_	_	_	linguistic	_	ContainsVariation=No	_	_	0x1	_	_	_
69-12	TO030	69	12	di	di	_	_	_	_	_	linguistic	_	ContainsVariation=No	_	_	_	_	_	_
69-13	TO030	69	13	musica.	musica	_	_	_	_	_	linguistic	_	ContainsVariation=No	Intonation=Falling	_	_	_	_	_
69-14	TO030	69	14	io	io	_	_	_	_	_	linguistic	_	ContainsVariation=No	_	_	_	_	_	_
69-15	TO030	69	15	quando	quando	_	_	_	_	_	linguistic	_	ContainsVariation=No	_	_	_	_	_	_
69-16	TO030	69	16	ho	ho	_	_	_	_	_	linguistic	_	ContainsVariation=No	_	_	_	_	_	_
69-17	TO030	69	17	preso	preso	_	_	_	_	_	linguistic	_	ContainsVariation=No	_	_	_	_	_	_
69-18	TO030	69	18	ventitré	ventitré	_	_	_	_	_	linguistic	_	ContainsVariation=No	_	_	_	_	_	_
69-19	TO030	69	19	ho	ho	_	_	_	_	_	linguistic	_	ContainsVariation=No	_	_	_	_	_	_
69-20	TO030	69	20	esulta:to	esultato	_	_	_	_	_	linguistic	_	ContainsVariation=No	_	_	5x1	_	_	_
69-21	TO030	69	21	di	di	_	_	_	_	_	linguistic	_	ContainsVariation=No	_	_	_	_	_	_
69-22	TO030	69	22	musica,	musica	_	_	_	_	_	linguistic	_	ContainsVariation=No	Intonation=WeaklyRising	_	_	_	_	_
69-23	TO030	69	23	però	però	_	_	_	_	_	linguistic	_	ContainsVariation=No	_	_	_	_	_	_
69-24	TO030	69	24	è	è	_	_	_	_	_	linguistic	_	ContainsVariation=No	_	_	_	_	_	_
69-25	TO030	69	25	da	da	_	_	_	_	_	linguistic	_	ContainsVariation=No	_	_	_	_	_	_
69-26	TO030	69	26	dodici	dodici	_	_	_	_	_	linguistic	_	ContainsVariation=No	_	_	_	_	_	_
69-27	TO030	69	27	crediti	crediti	_	_	_	_	_	linguistic	_	ContainsVariation=No	_	_	_	_	_	_
69-28	TO030	69	28	mi	mi	_	_	_	_	_	linguistic	_	ContainsVariation=No	_	_	_	_	_	_
69-29	TO030	69	29	ha	ha	_	_	_	_	_	linguistic	_	ContainsVariation=No	PauseAfter=Yes	_	_	_	_	_
69-30	TO030	69	30	(.)	(.)	_	_	_	_	_	shortpause	_	ContainsVariation=No	_	_	_	_	_	_
69-31	TO030	69	31	completamente	completamente	_	_	_	_	_	linguistic	_	ContainsVariation=No	_	_	_	_	_	_
69-32	TO030	69	32	stroncata.	stroncata	_	_	_	_	_	linguistic	_	ContainsVariation=No	Intonation=Falling	_	_	_	_	_
69-33	TO030	69	33	io:,	io	_	_	_	_	_	linguistic	_	ContainsVariation=No	Intonation=WeaklyRising	_	1x1	_	_	_
69-34	TO030	69	34	e	e	_	_	_	_	_	linguistic	_	ContainsVariation=No	_	_	_	_	_	_
69-35	TO030	69	35	lì	lì	_	_	_	_	_	linguistic	_	ContainsVariation=No	_	_	_	_	_	_
69-36	TO030	69	36	e	e	_	_	_	_	_	linguistic	_	ContainsVariation=No	_	_	_	_	_	_
69-37	TO030	69	37	g~	g~	_	_	_	_	_	linguistic	_	ContainsVariation=No	Interrupted=Yes	_	_	_	_	_
69-38	TO030	69	38	e	e	_	_	_	_	_	linguistic	_	ContainsVariation=No	_	_	_	_	_	_
69-39	TO030	69	39	già	già	_	_	_	_	_	linguistic	_	ContainsVariation=No	_	_	_	_	_	_
69-40	TO030	69	40	lì	lì	_	_	_	_	_	linguistic	_	ContainsVariation=No	_	_	_	_	_	_
69-41	TO030	69	41	il	il	_	_	_	_	_	linguistic	_	ContainsVariation=No	_	_	_	_	_	_
69-42	TO030	69	42	centodieci	centodieci	_	_	_	_	_	linguistic	_	ContainsVariation=No	_	_	_	_	_	_
69-43	TO030	69	43	me	me	_	_	_	_	_	linguistic	_	ContainsVariation=No	_	_	_	_	_	_
69-44	TO030	69	44	lo	lo	_	_	_	_	_	linguistic	_	ContainsVariation=No	_	_	_	_	_	_
69-45	TO030	69	45	son	son	_	_	_	_	_	linguistic	_	ContainsVariation=No	_	_	_	_	_	_
69-46	TO030	69	46	gioca:to.	giocato	_	_	_	_	_	linguistic	_	ContainsVariation=No	Intonation=Falling	End=197.06	4x1	_	_	_
70-0	TO030	70	0	cosa	cosa	_	_	_	_	_	linguistic	_	ContainsVariation=No	_	Begin=197.375	_	_	_	_
70-1	TO030	70	1	devo	devo	_	_	_	_	_	linguistic	_	ContainsVariation=No	_	_	_	_	_	_
70-2	TO030	70	2	fa:[re].	fare	_	_	_	_	_	linguistic	_	ContainsVariation=No	Intonation=Falling	_	1x1	_	_	2-4(41)
70-3	TO030	70	3	cioè:,	cioè	_	_	_	_	_	linguistic	_	ContainsVariation=No	Intonation=WeaklyRising	_	3x1	_	_	_
70-4	TO030	70	4	informatica	informatica	_	_	_	_	_	linguistic	_	ContainsVariation=No	_	_	_	_	_	_
70-5	TO030	70	5	ho	ho	_	_	_	_	_	linguistic	_	ContainsVariation=No	_	_	_	_	_	_
70-6	TO030	70	6	preso	preso	_	_	_	_	_	linguistic	_	ContainsVariation=No	_	_	_	_	_	_
70-7	TO030	70	7	ventisette,	ventisette	_	_	_	_	_	linguistic	_	ContainsVariation=No	Intonation=WeaklyRising	_	_	_	_	_
70-8	TO030	70	8	ed	ed	_	_	_	_	_	linguistic	_	ContainsVariation=No	_	_	_	_	_	_
70-9	TO030	70	9	è	è	_	_	_	_	_	linguistic	_	ContainsVariation=No	_	_	_	_	_	_
70-10	TO030	70	10	già	già	_	_	_	_	_	linguistic	_	ContainsVariation=No	_	_	_	_	_	_
70-11	TO030	70	11	come	come	_	_	_	_	_	linguistic	_	ContainsVariation=No	_	_	_	_	_	_
70-12	TO030	70	12	prendere,	prendere	_	_	_	_	_	linguistic	_	ContainsVariation=No	Intonation=WeaklyRising	_	_	_	_	_
70-13	TO030	70	13	tren[ta.	trenta	_	_	_	_	_	linguistic	_	ContainsVariation=No	Intonation=Falling	_	_	_	_	4-6(40)
70-14	TO030	70	14	ven]tisette.	ventisette	_	_	_	_	_	linguistic	_	ContainsVariation=No	Intonation=Falling	End=203.326	_	_	_	0-3(40)
71-0	TO054	71	0	[(lo	lo	_	_	_	_	_	linguistic	_	ContainsVariation=No	_	Begin=198.04	_	_	0-2(0)	0-2(41)
71-1	TO054	71	1	so)]	so	_	_	_	_	_	linguistic	_	ContainsVariation=No	_	End=198.517	_	_	0-2(0)	0-2(41)
72-0	TO054	72	0	[uh].	uh	_	_	_	_	_	linguistic	_	ContainsVariation=No	Intonation=Falling	Begin=202.499|End=202.777	_	_	_	0-2(40)
73-0	TO030	73	0	cioè,	cioè	_	_	_	_	_	linguistic	_	ContainsVariation=No	Intonation=WeaklyRising	Begin=203.713	_	_	_	_
73-1	TO030	73	1	ma	ma	_	_	_	_	_	linguistic	_	ContainsVariation=No	_	_	_	_	_	_
73-2	TO030	73	2	come	come	_	_	_	_	_	linguistic	_	ContainsVariation=No	_	_	_	_	_	_
73-3	TO030	73	3	facciamo?	facciamo	_	_	_	_	_	linguistic	_	ContainsVariation=No	Intonation=Rising	_	_	_	_	_
73-4	TO030	73	4	ma	ma	_	_	_	_	_	linguistic	_	ContainsVariation=No	_	_	_	_	_	_
73-5	TO030	73	5	come	come	_	_	_	_	_	linguistic	_	ContainsVariation=No	_	_	_	_	_	_
73-6	TO030	73	6	si	si	_	_	_	_	_	linguistic	_	ContainsVariation=No	_	_	_	_	_	_
73-7	TO030	73	7	fa?	fa	_	_	_	_	_	linguistic	_	ContainsVariation=No	Intonation=Rising	_	_	_	_	_
73-8	TO030	73	8	ma	ma	_	_	_	_	_	linguistic	_	ContainsVariation=No	_	_	_	_	_	_
73-9	TO030	73	9	non	non	_	_	_	_	_	linguistic	_	ContainsVariation=No	_	_	_	_	_	_
73-10	TO030	73	10	si	si	_	_	_	_	_	linguistic	_	ContainsVariation=No	_	_	_	_	_	_
73-11	TO030	73	11	può,	può	_	_	_	_	_	linguistic	_	ContainsVariation=No	Intonation=WeaklyRising	_	_	_	_	_
73-12	TO030	73	12	prendere	prendere	_	_	_	_	_	linguistic	_	ContainsVariation=No	_	_	_	_	_	_
73-13	TO030	73	13	centod~,	centod~	_	_	_	_	_	linguistic	_	ContainsVariation=No	Intonation=WeaklyRising|Interrupted=Yes	_	_	_	_	_
73-14	TO030	73	14	io	io	_	_	_	_	_	linguistic	_	ContainsVariation=No	_	_	_	_	_	_
73-15	TO030	73	15	ne	ne	_	_	_	_	_	linguistic	_	ContainsVariation=No	_	_	_	_	_	_
73-16	TO030	73	16	conosco	conosco	_	_	_	_	_	linguistic	_	ContainsVariation=No	_	_	_	_	_	_
73-17	TO030	73	17	due	due	_	_	_	_	_	linguistic	_	ContainsVariation=No	_	_	_	_	_	_
73-18	TO030	73	18	persone,	persone	_	_	_	_	_	linguistic	_	ContainsVariation=No	Intonation=WeaklyRising	_	_	_	_	_
73-19	TO030	73	19	proprio	proprio	_	_	_	_	_	linguistic	_	ContainsVariation=No	_	_	_	_	_	_
73-20	TO030	73	20	(per)	per	_	_	_	_	_	linguistic	_	ContainsVariation=No	_	_	_	_	0-3(0)	_
73-21	TO030	73	21	andare	andare	_	_	_	_	_	linguistic	_	ContainsVariation=No	_	_	_	_	_	_
73-22	TO030	73	22	lì	lì	_	_	_	_	_	linguistic	_	ContainsVariation=No	_	_	_	_	_	_
73-23	TO030	73	23	e	e	_	_	_	_	_	linguistic	_	ContainsVariation=No	_	_	_	_	_	_
73-24	TO030	73	24	chiedergli	chiedergli	_	_	_	_	_	linguistic	_	ContainsVariation=No	_	_	_	_	_	_
73-25	TO030	73	25	ma	ma	_	_	_	_	_	linguistic	_	ContainsVariation=No	_	_	_	_	_	_
73-26	TO030	73	26	come	come	_	_	_	_	_	linguistic	_	ContainsVariation=No	_	_	_	_	_	_
73-27	TO030	73	27	cazzo	cazzo	_	_	_	_	_	linguistic	_	ContainsVariation=No	_	_	_	_	_	_
73-28	TO030	73	28	avete	avete	_	_	_	_	_	linguistic	_	ContainsVariation=No	_	_	_	_	_	_
73-29	TO030	73	29	fatto,	fatto	_	_	_	_	_	linguistic	_	ContainsVariation=No	Intonation=WeaklyRising	End=210.235	_	_	_	_
74-0	TO030	74	0	perché,	perché	_	_	_	_	_	linguistic	_	ContainsVariation=No	Intonation=WeaklyRising	Begin=210.575|End=211.088	_	_	_	_
75-0	TO054	75	0	devi	devi	_	_	_	_	_	linguistic	_	ContainsVariation=No	_	Begin=211.583	_	_	_	_
75-1	TO054	75	1	per	per	_	_	_	_	_	linguistic	_	ContainsVariation=No	_	_	_	_	_	_
75-2	TO054	75	2	forz~	forz~	_	_	_	_	_	linguistic	_	ContainsVariation=No	Interrupted=Yes	_	_	_	_	_
75-3	TO054	75	3	[forza	forza	_	_	_	_	_	linguistic	_	ContainsVariation=No	_	_	_	_	_	0-5(42)
75-4	TO054	75	4	prendere::],	prendere	_	_	_	_	_	linguistic	_	ContainsVariation=No	Intonation=WeaklyRising	End=213.695	7x2	_	_	0-8(42)
76-0	TO030	76	0	[no.	no	_	_	_	_	_	linguistic	_	ContainsVariation=No	Intonation=Falling	Begin=212.663	_	_	_	0-2(42)
76-1	TO030	76	1	perché	perché	_	_	_	_	_	linguistic	_	ContainsVariation=No	_	_	_	_	_	0-6(42)
76-2	TO030	76	2	mi	mi	_	_	_	_	_	linguistic	_	ContainsVariation=No	_	_	_	_	_	0-2(42)
76-3	TO030	76	3	dà	dà	_	_	_	_	_	linguistic	_	ContainsVariation=No	_	_	_	_	_	0-2(42)
76-4	TO030	76	4	fastidio	fastidio	_	_	_	_	_	linguistic	_	ContainsVariation=No	_	_	_	_	_	0-8(42)
76-5	TO030	76	5	perché]	perché	_	_	_	_	_	linguistic	_	ContainsVariation=No	_	_	_	_	_	0-6(42)
76-6	TO030	76	6	dici	dici	_	_	_	_	_	linguistic	_	ContainsVariation=No	_	_	_	_	_	_
76-7	TO030	76	7	non	non	_	_	_	_	_	linguistic	_	ContainsVariation=No	_	_	_	_	_	_
76-8	TO030	76	8	è	è	_	_	_	_	_	linguistic	_	ContainsVariation=No	_	_	_	_	_	_
76-9	TO030	76	9	che	che	_	_	_	_	_	linguistic	_	ContainsVariation=No	_	_	_	_	_	_
76-10	TO030	76	10	io	io	_	_	_	_	_	linguistic	_	ContainsVariation=No	_	_	_	_	_	_
76-11	TO030	76	11	non	non	_	_	_	_	_	linguistic	_	ContainsVariation=No	_	_	_	_	_	_
76-12	TO030	76	12	ho	ho	_	_	_	_	_	linguistic	_	ContainsVariation=No	_	_	_	_	_	_
76-13	TO030	76	13	stud~	stud~	_	_	_	_	_	linguistic	_	ContainsVariation=No	Interrupted=Yes	_	_	_	_	_
76-14	TO030	76	14	mh	mh	_	_	_	_	_	linguistic	_	ContainsVariation=No	ProsodicLink=Yes	_	_	_	_	_
76-15	TO030	76	15	ho	ho	_	_	_	_	_	linguistic	_	ContainsVariation=No	_	_	_	_	_	_
76-16	TO030	76	16	studiato	studiato	_	_	_	_	_	linguistic	_	ContainsVariation=No	_	_	_	_	_	_
76-17	TO030	76	17	veramente	veramente	_	_	_	_	_	linguistic	_	ContainsVariation=No	_	_	_	_	_	_
76-18	TO030	76	18	[io	io	_	_	_	_	_	linguistic	_	ContainsVariation=No	_	_	_	_	_	0-2(43)
76-19	TO030	76	19	in	in	_	_	_	_	_	linguistic	_	ContainsVariation=No	_	_	_	_	_	0-2(43)
76-20	TO030	76	20	ques]ti	questi	_	_	_	_	_	linguistic	_	ContainsVariation=No	_	_	_	_	_	0-4(43)
76-21	TO030	76	21	anni.	anni	_	_	_	_	_	linguistic	_	ContainsVariation=No	Intonation=Falling	_	_	_	_	_
76-22	TO030	76	22	ma	ma	_	_	_	_	_	linguistic	_	ContainsVariation=No	_	_	_	_	_	_
76-23	TO030	76	23	mi	mi	_	_	_	_	_	linguistic	_	ContainsVariation=No	_	_	_	_	_	_
76-24	TO030	76	24	ci	ci	_	_	_	_	_	linguistic	_	ContainsVariation=No	_	_	_	_	_	_
76-25	TO030	76	25	son	son	_	_	_	_	_	linguistic	_	ContainsVariation=No	_	_	_	_	_	_
76-26	TO030	76	26	veramente	veramente	_	_	_	_	_	linguistic	_	ContainsVariation=No	_	_	_	_	_	_
76-27	TO030	76	27	messa	messa	_	_	_	_	_	linguistic	_	ContainsVariation=No	_	_	_	_	_	_
76-28	TO030	76	28	sot[to].	sotto	_	_	_	_	_	linguistic	_	ContainsVariation=No	Intonation=Falling	End=218.504	_	_	_	3-5(44)
77-0	TO054	77	0	[uh].	uh	_	_	_	_	_	linguistic	_	ContainsVariation=No	Intonation=Falling	Begin=216.077|End=216.461	_	_	_	0-2(43)
78-0	TO054	78	0	[pur'	pur'	_	_	_	_	_	linguistic	_	ContainsVariation=No	Truncated=Yes	Begin=218.284	_	_	_	0-4(44)
78-1	TO054	78	1	i:]o.	io	_	_	_	_	_	linguistic	_	ContainsVariation=No	Intonation=Falling	End=218.956	0x1	_	_	0-1(44)
79-0	TO030	79	0	cioè,	cioè	_	_	_	_	_	linguistic	_	ContainsVariation=No	Intonation=WeaklyRising|PauseAfter=Yes	Begin=218.965	_	_	_	_
79-1	TO030	79	1	(.)	(.)	_	_	_	_	_	shortpause	_	ContainsVariation=No	_	_	_	_	_	_
79-2	TO030	79	2	poi	poi	_	_	_	_	_	linguistic	_	ContainsVariation=No	_	_	_	_	_	_
79-3	TO030	79	3	mi	mi	_	_	_	_	_	linguistic	_	ContainsVariation=No	_	_	_	_	_	_
79-4	TO030	79	4	dà	dà	_	_	_	_	_	linguistic	_	ContainsVariation=No	_	_	_	_	_	_
79-5	TO030	79	5	fastidio	fastidio	_	_	_	_	_	linguistic	_	ContainsVariation=No	_	_	_	_	_	_
79-6	TO030	79	6	perché	perché	_	_	_	_	_	linguistic	_	ContainsVariation=No	_	_	_	_	_	_
79-7	TO030	79	7	io	io	_	_	_	_	_	linguistic	_	ContainsVariation=No	_	_	_	_	_	_
79-8	TO030	79	8	ho	ho	_	_	_	_	_	linguistic	_	ContainsVariation=No	_	_	_	_	_	_
79-9	TO030	79	9	tipo	tipo	_	_	_	_	_	linguistic	_	ContainsVariation=No	_	_	_	_	_	_
79-10	TO030	79	10	tipo	tipo	_	_	_	_	_	linguistic	_	ContainsVariation=No	_	_	_	_	_	_
79-11	TO030	79	11	sei	sei	_	_	_	_	_	linguistic	_	ContainsVariation=No	_	_	_	_	_	_
79-12	TO030	79	12	sette	sette	_	_	_	_	_	linguistic	_	ContainsVariation=No	_	_	_	_	_	_
79-13	TO030	79	13	trenta,	trenta	_	_	_	_	_	linguistic	_	ContainsVariation=No	Intonation=WeaklyRising	_	_	_	_	_
79-14	TO030	79	14	di	di	_	_	_	_	_	linguistic	_	ContainsVariation=No	_	_	_	_	_	_
79-15	TO030	79	15	cui:	cui	_	_	_	_	_	linguistic	_	ContainsVariation=No	_	_	2x1	_	_	_
79-16	TO030	79	16	tipo	tipo	_	_	_	_	_	linguistic	_	ContainsVariation=No	_	_	_	_	_	_
79-17	TO030	79	17	quattro	quattro	_	_	_	_	_	linguistic	_	ContainsVariation=No	_	_	_	_	_	_
79-18	TO030	79	18	e	e	_	_	_	_	_	linguistic	_	ContainsVariation=No	_	_	_	_	_	_
79-19	TO030	79	19	lo:de,	lode	_	_	_	_	_	linguistic	_	ContainsVariation=No	Intonation=WeaklyRising	_	1x1	_	_	_
79-20	TO030	79	20	però:	però	_	_	_	_	_	linguistic	_	ContainsVariation=No	_	_	3x1	_	_	_
79-21	TO030	79	21	n~	n~	_	_	_	_	_	linguistic	_	ContainsVariation=No	Interrupted=Yes	_	_	_	_	_
79-22	TO030	79	22	poi	poi	_	_	_	_	_	linguistic	_	ContainsVariation=No	_	_	_	_	_	_
79-23	TO030	79	23	no~	no~	_	_	_	_	_	linguistic	_	ContainsVariation=No	Interrupted=Yes	_	_	_	_	_
79-24	TO030	79	24	non	non	_	_	_	_	_	linguistic	_	ContainsVariation=No	_	_	_	_	_	_
79-25	TO030	79	25	non	non	_	_	_	_	_	linguistic	_	ContainsVariation=No	_	_	_	_	_	_
79-26	TO030	79	26	ri~	ri~	_	_	_	_	_	linguistic	_	ContainsVariation=No	Interrupted=Yes	_	_	_	_	_
79-27	TO030	79	27	cioè	cioè	_	_	_	_	_	linguistic	_	ContainsVariation=No	_	_	_	_	_	_
79-28	TO030	79	28	non,	non	_	_	_	_	_	linguistic	_	ContainsVariation=No	Intonation=WeaklyRising	_	_	_	_	_
79-29	TO030	79	29	capi[to?	capito	_	_	_	_	_	linguistic	_	ContainsVariation=No	Intonation=Rising	_	_	_	_	4-6(45)
79-30	TO030	79	30	dei	dei	_	_	_	_	_	linguistic	_	ContainsVariation=No	_	_	_	_	_	0-3(45)
79-31	TO030	79	31	ven]tino:ve,	ventinove	_	_	_	_	_	linguistic	_	ContainsVariation=No	Intonation=WeaklyRising	_	6x1	_	_	0-3(45)
79-32	TO030	79	32	anche	anche	_	_	_	_	_	linguistic	_	ContainsVariation=No	_	_	_	_	_	_
79-33	TO030	79	33	da	da	_	_	_	_	_	linguistic	_	ContainsVariation=No	_	_	_	_	_	_
79-34	TO030	79	34	dodici	dodici	_	_	_	_	_	linguistic	_	ContainsVariation=No	_	_	_	_	_	_
79-35	TO030	79	35	crediti,	crediti	_	_	_	_	_	linguistic	_	ContainsVariation=No	Intonation=WeaklyRising	_	_	_	_	_
79-36	TO030	79	36	cioè.	cioè	_	_	_	_	_	linguistic	_	ContainsVariation=No	Intonation=Falling	End=229.016	_	_	_	_
80-0	TO054	80	0	[sì].	sì	_	_	_	_	_	linguistic	_	ContainsVariation=No	Intonation=Falling	Begin=226.286|End=226.751	_	_	_	0-2(45)
81-0	TO054	81	0	[lo	lo	_	_	_	_	_	linguistic	_	ContainsVariation=No	_	Begin=230.838	_	_	_	0-2(46)
81-1	TO054	81	1	so.	so	_	_	_	_	_	linguistic	_	ContainsVariation=No	Intonation=Falling	_	_	_	_	0-2(46)
81-2	TO054	81	2	però::	però	_	_	_	_	_	linguistic	_	ContainsVariation=No	_	_	3x2	_	_	0-4(46)
81-3	TO054	81	3	è	è	_	_	_	_	_	linguistic	_	ContainsVariation=No	_	_	_	_	_	0-1(46)
81-4	TO054	81	4	così].	così	_	_	_	_	_	linguistic	_	ContainsVariation=No	Intonation=Falling	End=232.355	_	_	_	0-4(46)
82-0	TO030	82	0	[però	però	_	_	_	_	_	linguistic	_	ContainsVariation=No	_	Begin=230.846	_	_	_	0-4(46)
82-1	TO030	82	1	poi	poi	_	_	_	_	_	linguistic	_	ContainsVariation=No	_	_	_	_	_	0-3(46)
82-2	TO030	82	2	c'	c'	_	_	_	_	_	linguistic	_	ContainsVariation=No	SpaceAfter=No	_	_	_	_	0-2(46)
82-3	TO030	82	3	hai	hai	_	_	_	_	_	linguistic	_	ContainsVariation=No	_	_	_	_	_	0-3(46)
82-4	TO030	82	4	i	i	_	_	_	_	_	linguistic	_	ContainsVariation=No	_	_	_	_	_	0-1(46)
82-5	TO030	82	5	ventitré	ventitré	_	_	_	_	_	linguistic	_	ContainsVariation=No	_	_	_	_	_	0-8(46)
82-6	TO030	82	6	di	di	_	_	_	_	_	linguistic	_	ContainsVariation=No	_	_	_	_	_	0-2(46)
82-7	TO030	82	7	mu:]sica::	musica	_	_	_	_	_	linguistic	_	ContainsVariation=No	_	_	1x1,5x2	_	_	0-2(46)
82-8	TO030	82	8	e::::h	eh	_	_	_	_	_	linguistic	_	ContainsVariation=No	_	_	0x4	_	_	_
82-9	TO030	82	9	c'	c'	_	_	_	_	_	linguistic	_	ContainsVariation=No	SpaceAfter=No	_	_	_	_	_
82-10	TO030	82	10	haii:	haii	_	_	_	_	_	linguistic	_	ContainsVariation=No	_	_	3x1	_	_	_
82-11	TO030	82	11	quei	quei	_	_	_	_	_	linguistic	_	ContainsVariation=No	_	_	_	_	_	_
82-12	TO030	82	12	votini	votini	_	_	_	_	_	linguistic	_	ContainsVariation=No	_	_	_	_	_	_
82-13	TO030	82	13	del	del	_	_	_	_	_	linguistic	_	ContainsVariation=No	_	_	_	_	_	_
82-14	TO030	82	14	cazzo	cazzo	_	_	_	_	_	linguistic	_	ContainsVariation=No	_	_	_	_	_	_
82-15	TO030	82	15	di:	di	_	_	_	_	_	linguistic	_	ContainsVariation=No	_	_	1x1	_	_	_
82-16	TO030	82	16	tecniche	tecniche	_	_	_	_	_	linguistic	_	ContainsVariation=No	_	_	_	_	_	_
82-17	TO030	82	17	delle	delle	_	_	_	_	_	linguistic	_	ContainsVariation=No	_	_	_	_	_	_
82-18	TO030	82	18	scrittu:re,	scritture	_	_	_	_	_	linguistic	_	ContainsVariation=No	Intonation=WeaklyRising	_	6x1	_	_	_
82-19	TO030	82	19	quelle	quelle	_	_	_	_	_	linguistic	_	ContainsVariation=No	_	_	_	_	_	_
82-20	TO030	82	20	robe	robe	_	_	_	_	_	linguistic	_	ContainsVariation=No	_	_	_	_	_	_
82-21	TO030	82	21	lì	lì	_	_	_	_	_	linguistic	_	ContainsVariation=No	_	_	_	_	_	_
82-22	TO030	82	22	che	che	_	_	_	_	_	linguistic	_	ContainsVariation=No	_	_	_	_	_	_
82-23	TO030	82	23	ti	ti	_	_	_	_	_	linguistic	_	ContainsVariation=No	_	_	_	_	_	_
82-24	TO030	82	24	stroncano	stroncano	_	_	_	_	_	linguistic	_	ContainsVariation=No	_	_	_	_	_	_
82-25	TO030	82	25	e:::	e	_	_	_	_	_	linguistic	_	ContainsVariation=No	_	End=239.894	0x3	_	_	_
83-0	TO030	83	0	mu:sica	musica	_	_	_	_	_	linguistic	_	ContainsVariation=No	_	Begin=240.32	1x1	_	_	_
83-1	TO030	83	1	proprio	proprio	_	_	_	_	_	linguistic	_	ContainsVariation=No	_	_	_	_	_	_
83-2	TO030	83	2	me	me	_	_	_	_	_	linguistic	_	ContainsVariation=No	_	_	_	_	_	_
83-3	TO030	83	3	la	la	_	_	_	_	_	linguistic	_	ContainsVariation=No	_	_	_	_	_	_
83-4	TO030	83	4	son	son	_	_	_	_	_	linguistic	_	ContainsVariation=No	_	_	_	_	_	_
83-5	TO030	83	5	legata,	legata	_	_	_	_	_	linguistic	_	ContainsVariation=No	Intonation=WeaklyRising|PauseAfter=Yes	_	_	_	_	_
83-6	TO030	83	6	(.)	(.)	_	_	_	_	_	shortpause	_	ContainsVariation=No	_	_	_	_	_	_
83-7	TO030	83	7	[al	al	_	_	_	_	_	linguistic	_	ContainsVariation=No	_	_	_	_	_	0-2(47)
83-8	TO030	83	8	dito].	dito	_	_	_	_	_	linguistic	_	ContainsVariation=No	Intonation=Falling	_	_	_	_	0-4(47)
83-9	TO030	83	9	perché::,	perché	_	_	_	_	_	linguistic	_	ContainsVariation=No	Intonation=WeaklyRising	End=243.591	5x2	_	_	_
84-0	TO054	84	0	[eh,	eh	_	_	_	_	_	linguistic	_	ContainsVariation=No	Intonation=WeaklyRising	Begin=242.054	_	_	_	0-2(47)
84-1	TO054	84	1	lo	lo	_	_	_	_	_	linguistic	_	ContainsVariation=No	_	_	_	_	_	0-2(47)
84-2	TO054	84	2	so].	so	_	_	_	_	_	linguistic	_	ContainsVariation=No	Intonation=Falling	End=243.083	_	_	_	0-2(47)
85-0	TO054	85	0	tanti	tanti	_	_	_	_	_	linguistic	_	ContainsVariation=No	_	Begin=243.591	_	_	_	_
85-1	TO054	85	1	sono:::	sono	_	_	_	_	_	linguistic	_	ContainsVariation=No	_	End=244.988	3x3	_	_	_
86-0	TO030	86	0	no.	no	_	_	_	_	_	linguistic	_	ContainsVariation=No	Intonation=Falling	Begin=245.357	_	_	_	_
86-1	TO030	86	1	poi	poi	_	_	_	_	_	linguistic	_	ContainsVariation=No	_	_	_	_	_	_
86-2	TO030	86	2	di	di	_	_	_	_	_	linguistic	_	ContainsVariation=No	_	_	_	_	_	_
86-3	TO030	86	3	mu[sica	musica	_	_	_	_	_	linguistic	_	ContainsVariation=No	_	_	_	_	_	2-6(49)
86-4	TO030	86	4	è	è	_	_	_	_	_	linguistic	_	ContainsVariation=No	_	_	_	_	_	0-1(49)
86-5	TO030	86	5	allucina:nte	allucinante	_	_	_	_	_	linguistic	_	ContainsVariation=No	_	_	7x1	_	_	0-11(49)
86-6	TO030	86	6	per]ché	perché	_	_	_	_	_	linguistic	_	ContainsVariation=No	ProsodicLink=Yes	_	_	_	_	0-3(49)
86-7	TO030	86	7	io	io	_	_	_	_	_	linguistic	_	ContainsVariation=No	_	_	_	_	_	_
86-8	TO030	86	8	avevo	avevo	_	_	_	_	_	linguistic	_	ContainsVariation=No	_	_	_	_	_	_
86-9	TO030	86	9	preso	preso	_	_	_	_	_	linguistic	_	ContainsVariation=No	PauseAfter=Yes	_	_	_	_	_
86-10	TO030	86	10	(.)	(.)	_	_	_	_	_	shortpause	_	ContainsVariation=No	_	_	_	_	_	_
86-11	TO030	86	11	ven~	ven~	_	_	_	_	_	linguistic	_	ContainsVariation=No	Interrupted=Yes|PauseAfter=Yes	_	_	_	_	_
86-12	TO030	86	12	(.)	(.)	_	_	_	_	_	shortpause	_	ContainsVariation=No	_	_	_	_	_	_
86-13	TO030	86	13	totto	totto	_	_	_	_	_	linguistic	_	ContainsVariation=No	_	_	_	_	_	_
86-14	TO030	86	14	di	di	_	_	_	_	_	linguistic	_	ContainsVariation=No	_	_	_	_	_	_
86-15	TO030	86	15	una	una	_	_	_	_	_	linguistic	_	ContainsVariation=No	_	_	_	_	_	_
86-16	TO030	86	16	parte,	parte	_	_	_	_	_	linguistic	_	ContainsVariation=No	Intonation=WeaklyRising	_	_	_	_	_
86-17	TO030	86	17	ventotto,	ventotto	_	_	_	_	_	linguistic	_	ContainsVariation=No	Intonation=WeaklyRising|PauseAfter=Yes	_	_	_	_	_
86-18	TO030	86	18	(.)	(.)	_	_	_	_	_	shortpause	_	ContainsVariation=No	_	_	_	_	_	_
86-19	TO030	86	19	e	e	_	_	_	_	_	linguistic	_	ContainsVariation=No	_	_	_	_	_	_
86-20	TO030	86	20	diciotto	diciotto	_	_	_	_	_	linguistic	_	ContainsVariation=No	_	_	_	_	_	_
86-21	TO030	86	21	dell'	dell'	_	_	_	_	_	linguistic	_	ContainsVariation=No	SpaceAfter=No	_	_	_	_	_
86-22	TO030	86	22	altra.	altra	_	_	_	_	_	linguistic	_	ContainsVariation=No	Intonation=Falling	_	_	_	_	_
86-23	TO030	86	23	[e	e	_	_	_	_	_	linguistic	_	ContainsVariation=No	_	_	_	_	_	0-1(48)
86-24	TO030	86	24	quindi	quindi	_	_	_	_	_	linguistic	_	ContainsVariation=No	_	_	_	_	_	0-6(48)
86-25	TO030	86	25	poi	poi	_	_	_	_	_	linguistic	_	ContainsVariation=No	_	_	_	_	_	0-3(48)
86-26	TO030	86	26	la	la	_	_	_	_	_	linguistic	_	ContainsVariation=No	_	_	_	_	_	0-2(48)
86-27	TO030	86	27	media	media	_	_	_	_	_	linguistic	_	ContainsVariation=No	_	_	_	_	_	0-5(48)
86-28	TO030	86	28	era	era	_	_	_	_	_	linguistic	_	ContainsVariation=No	_	_	_	_	_	0-3(48)
86-29	TO030	86	29	ven]titré.	ventitré	_	_	_	_	_	linguistic	_	ContainsVariation=No	Intonation=Falling	End=255.296	_	_	_	0-3(48)
87-0	TO054	87	0	[xxxx]	xxxx	_	_	_	_	_	unknown	_	ContainsVariation=No	Syllables=4	Begin=245.785|End=246.843	_	_	_	0-4(49)
88-0	TO054	88	0	[e	e	_	_	_	_	_	linguistic	_	ContainsVariation=No	_	Begin=253.784	_	_	_	0-1(48)
88-1	TO054	88	1	quindi	quindi	_	_	_	_	_	linguistic	_	ContainsVariation=No	_	_	_	_	_	0-6(48)
88-2	TO054	88	2	hai	hai	_	_	_	_	_	linguistic	_	ContainsVariation=No	_	_	_	_	_	0-3(48)
88-3	TO054	88	3	fatto	fatto	_	_	_	_	_	linguistic	_	ContainsVariation=No	_	_	_	_	_	0-5(48)
88-4	TO054	88	4	la	la	_	_	_	_	_	linguistic	_	ContainsVariation=No	_	_	_	_	_	0-2(48)
88-5	TO054	88	5	media].	media	_	_	_	_	_	linguistic	_	ContainsVariation=No	Intonation=Falling	End=255.078	_	_	_	0-5(48)
89-0	TO030	89	0	che	che	_	_	_	_	_	linguistic	_	ContainsVariation=No	_	Begin=256.024	_	_	_	_
89-1	TO030	89	1	poi,	poi	_	_	_	_	_	linguistic	_	ContainsVariation=No	Intonation=WeaklyRising	_	_	_	_	_
89-2	TO030	89	2	anche	anche	_	_	_	_	_	linguistic	_	ContainsVariation=No	_	_	_	_	_	_
89-3	TO030	89	3	tu.	tu	_	_	_	_	_	linguistic	_	ContainsVariation=No	Intonation=Falling	_	_	_	_	_
89-4	TO030	89	4	cioè,	cioè	_	_	_	_	_	linguistic	_	ContainsVariation=No	Intonation=WeaklyRising	_	_	_	_	_
89-5	TO030	89	5	>a	a	_	_	_	_	_	linguistic	_	ContainsVariation=No	_	_	_	Fast=0-1(0)	_	_
89-6	TO030	89	6	parte	parte	_	_	_	_	_	linguistic	_	ContainsVariation=No	_	_	_	Fast=0-5(0)	_	_
89-7	TO030	89	7	il	il	_	_	_	_	_	linguistic	_	ContainsVariation=No	_	_	_	Fast=0-2(0)	_	_
89-8	TO030	89	8	fatto	fatto	_	_	_	_	_	linguistic	_	ContainsVariation=No	_	_	_	Fast=0-5(0)	_	_
89-9	TO030	89	9	che	che	_	_	_	_	_	linguistic	_	ContainsVariation=No	_	_	_	Fast=0-3(0)	_	_
89-10	TO030	89	10	secondo	secondo	_	_	_	_	_	linguistic	_	ContainsVariation=No	_	_	_	Fast=0-7(0)	_	_
89-11	TO030	89	11	me<	me	_	_	_	_	_	linguistic	_	ContainsVariation=No	_	_	_	Fast=0-2(0)	_	_
89-12	TO030	89	12	da	da	_	_	_	_	_	linguistic	_	ContainsVariation=No	_	_	_	Slow=0-2(0)	_	_
89-13	TO030	89	13	dicio:tto	diciotto	_	_	_	_	_	linguistic	_	ContainsVariation=No	_	_	4x1	Slow=0-8(0)	_	_
89-14	TO030	89	14	non	non	_	_	_	_	_	linguistic	_	ContainsVariation=No	_	_	_	Slow=0-3(0)	_	_
89-15	TO030	89	15	era,	era	_	_	_	_	_	linguistic	_	ContainsVariation=No	Intonation=WeaklyRising|PauseAfter=Yes	_	_	Slow=0-3(0)	_	_
89-16	TO030	89	16	(.)	(.)	_	_	_	_	_	shortpause	_	ContainsVariation=No	_	_	_	_	_	_
89-17	TO030	89	17	però,	però	_	_	_	_	_	linguistic	_	ContainsVariation=No	Intonation=WeaklyRising	_	_	Slow=0-4(0)	_	_
89-18	TO030	89	18	cioè	cioè	_	_	_	_	_	linguistic	_	ContainsVariation=No	_	_	_	Slow=0-4(0)	_	_
89-19	TO030	89	19	tu	tu	_	_	_	_	_	linguistic	_	ContainsVariation=No	_	_	_	Slow=0-2(0)	_	_
89-20	TO030	89	20	mi,	mi	_	_	_	_	_	linguistic	_	ContainsVariation=No	Intonation=WeaklyRising	_	_	Slow=0-2(0)	_	_
89-21	TO030	89	21	già	già	_	_	_	_	_	linguistic	_	ContainsVariation=No	_	_	_	Slow=0-3(0)	_	_
89-22	TO030	89	22	vedi	vedi	_	_	_	_	_	linguistic	_	ContainsVariation=No	_	_	_	Slow=0-4(0)	_	_
89-23	TO030	89	23	che	che	_	_	_	_	_	linguistic	_	ContainsVariation=No	_	_	_	Slow=0-3(0)	_	_
89-24	TO030	89	24	ho	ho	_	_	_	_	_	linguistic	_	ContainsVariation=No	_	_	_	Slow=0-2(0)	_	_
89-25	TO030	89	25	preso	preso	_	_	_	_	_	linguistic	_	ContainsVariation=No	_	_	_	Slow=0-5(0)	_	_
89-26	TO030	89	26	ventotto,	ventotto	_	_	_	_	_	linguistic	_	ContainsVariation=No	Intonation=WeaklyRising	_	_	Slow=0-8(0)	_	_
89-27	TO030	89	27	bo:h.	boh	_	_	_	_	_	linguistic	_	ContainsVariation=No	Intonation=Falling	_	1x1	Slow=0-3(0)	_	_
89-28	TO030	89	28	cioè	cioè	_	_	_	_	_	linguistic	_	ContainsVariation=No	ProsodicLink=Yes	_	_	Slow=0-4(0)	_	_
89-29	TO030	89	29	eh	eh	_	_	_	_	_	linguistic	_	ContainsVariation=No	_	_	_	Slow=0-2(0)	_	_
89-30	TO030	89	30	me~	me~	_	_	_	_	_	linguistic	_	ContainsVariation=No	Interrupted=Yes	_	_	Slow=0-3(0)	_	_
89-31	TO030	89	31	dammi	dammi	_	_	_	_	_	linguistic	_	ContainsVariation=No	_	_	_	Slow=0-5(0)	_	_
89-32	TO030	89	32	almeno	almeno	_	_	_	_	_	linguistic	_	ContainsVariation=No	_	_	_	Slow=0-6(0)	_	_
89-33	TO030	89	33	ve:nti.	venti	_	_	_	_	_	linguistic	_	ContainsVariation=No	Intonation=Falling	_	1x1	Slow=0-5(0)	_	_
89-34	TO030	89	34	da~	da~	_	_	_	_	_	linguistic	_	ContainsVariation=No	Interrupted=Yes	_	_	Slow=0-3(0)	_	_
89-35	TO030	89	35	e	e	_	_	_	_	_	linguistic	_	ContainsVariation=No	_	_	_	Slow=0-1(0)	_	_
89-36	TO030	89	36	che,	che	_	_	_	_	_	linguistic	_	ContainsVariation=No	Intonation=WeaklyRising	_	_	Slow=0-3(0)	_	_
89-37	TO030	89	37	dai.	dai	_	_	_	_	_	linguistic	_	ContainsVariation=No	Intonation=Falling	_	_	Slow=0-3(0)	_	_
89-38	TO030	89	38	e	e	_	_	_	_	_	linguistic	_	ContainsVariation=No	_	_	_	Slow=0-1(0)	_	_
89-39	TO030	89	39	da::i.	dai	_	_	_	_	_	linguistic	_	ContainsVariation=No	Intonation=Falling	_	1x2	Slow=0-3(0)	_	_
89-40	TO030	89	40	>cioè<	cioè	_	_	_	_	_	linguistic	_	ContainsVariation=No	_	_	_	Fast=0-4(1)	_	_
89-41	TO030	89	41	già	già	_	_	_	_	_	linguistic	_	ContainsVariation=No	_	_	_	_	_	_
89-42	TO030	89	42	venti	venti	_	_	_	_	_	linguistic	_	ContainsVariation=No	_	_	_	_	_	_
89-43	TO030	89	43	prendevo,	prendevo	_	_	_	_	_	linguistic	_	ContainsVariation=No	Intonation=WeaklyRising	End=266.794	_	_	_	_
90-0	TO030	90	0	cosa	cosa	_	_	_	_	_	linguistic	_	ContainsVariation=No	_	Begin=267.199	_	_	_	_
90-1	TO030	90	1	prendevo?	prendevo	_	_	_	_	_	linguistic	_	ContainsVariation=No	Intonation=Rising	_	_	_	_	_
90-2	TO030	90	2	ventiquattro?	ventiquattro	_	_	_	_	_	linguistic	_	ContainsVariation=No	Intonation=Rising	End=269.09	_	_	_	_
91-0	TO030	91	0	[cioè],	cioè	_	_	_	_	_	linguistic	_	ContainsVariation=No	Intonation=WeaklyRising	Begin=269.725|End=270.121	_	_	_	0-4(50)
92-0	TO054	92	0	[già	già	_	_	_	_	_	linguistic	_	ContainsVariation=No	ProsodicLink=Yes	Begin=269.778	_	_	_	0-3(50)
92-1	TO054	92	1	era]	era	_	_	_	_	_	linguistic	_	ContainsVariation=No	_	_	_	_	_	0-3(50)
92-2	TO054	92	2	una	una	_	_	_	_	_	linguistic	_	ContainsVariation=No	_	_	_	_	_	_
92-3	TO054	92	3	x	x	_	_	_	_	_	unknown	_	ContainsVariation=No	Syllables=1	_	_	_	_	_
92-4	TO054	92	4	più	più	_	_	_	_	_	linguistic	_	ContainsVariation=No	_	_	_	_	_	_
92-5	TO054	92	5	ragionevo[le].	ragionevole	_	_	_	_	_	linguistic	_	ContainsVariation=No	Intonation=Falling	End=271.47	_	_	_	9-11(51)
93-0	TO030	93	0	[eh].	eh	_	_	_	_	_	linguistic	_	ContainsVariation=No	Intonation=Falling	Begin=271.309|End=271.608	_	_	_	0-2(51)
94-0	TO030	94	0	vabbè.	vabbè	_	_	_	_	_	linguistic	_	ContainsVariation=No	Intonation=Falling	Begin=273.188	_	_	_	_
94-1	TO030	94	1	°senti°	senti	_	_	_	_	_	linguistic	_	ContainsVariation=No	Volume=low	_	_	_	_	_
94-2	TO030	94	2	>chi	chi	_	_	_	_	_	linguistic	_	ContainsVariation=No	_	_	_	Fast=0-3(0)	_	_
94-3	TO030	94	3	se	se	_	_	_	_	_	linguistic	_	ContainsVariation=No	_	_	_	Fast=0-2(0)	_	_
94-4	TO030	94	4	ne	ne	_	_	_	_	_	linguistic	_	ContainsVariation=No	_	_	_	Fast=0-2(0)	_	_
94-5	TO030	94	5	frega<,	frega	_	_	_	_	_	linguistic	_	ContainsVariation=No	Intonation=WeaklyRising	_	_	Fast=0-5(0)	_	_
94-6	TO030	94	6	è	è	_	_	_	_	_	linguistic	_	ContainsVariation=No	_	_	_	_	_	_
94-7	TO030	94	7	fatta.	fatta	_	_	_	_	_	linguistic	_	ContainsVariation=No	Intonation=Falling	_	_	_	_	_
94-8	TO030	94	8	è	è	_	_	_	_	_	linguistic	_	ContainsVariation=No	_	_	_	_	_	_
94-9	TO030	94	9	finita,	finita	_	_	_	_	_	linguistic	_	ContainsVariation=No	Intonation=WeaklyRising	_	_	_	_	_
94-10	TO030	94	10	è	è	_	_	_	_	_	linguistic	_	ContainsVariation=No	_	_	_	_	_	_
94-11	TO030	94	11	andata,	andata	_	_	_	_	_	linguistic	_	ContainsVariation=No	Intonation=WeaklyRising	_	_	_	_	_
94-12	TO030	94	12	cosa	cosa	_	_	_	_	_	linguistic	_	ContainsVariation=No	_	_	_	_	_	_
94-13	TO030	94	13	vuoi	vuoi	_	_	_	_	_	linguistic	_	ContainsVariation=No	_	_	_	_	_	_
94-14	TO030	94	14	che	che	_	_	_	_	_	linguistic	_	ContainsVariation=No	_	_	_	_	_	_
94-15	TO030	94	15	ti	ti	_	_	_	_	_	linguistic	_	ContainsVariation=No	_	_	_	_	_	_
94-16	TO030	94	16	dica.	dica	_	_	_	_	_	linguistic	_	ContainsVariation=No	Intonation=Falling	End=277.55	_	_	_	_
95-0	TO054	95	0	[ormai	ormai	_	_	_	_	_	linguistic	_	ContainsVariation=No	_	Begin=274.895	_	_	_	0-5(52)
95-1	TO054	95	1	è	è	_	_	_	_	_	linguistic	_	ContainsVariation=No	_	_	_	_	_	0-1(52)
95-2	TO054	95	2	andata.	andata	_	_	_	_	_	linguistic	_	ContainsVariation=No	Intonation=Falling|PauseAfter=Yes	_	_	_	_	0-6(52)
95-3	TO054	95	3	(.)	(.)	_	_	_	_	_	shortpause	_	ContainsVariation=No	_	_	_	_	_	X(52)
95-4	TO054	95	4	è	è	_	_	_	_	_	linguistic	_	ContainsVariation=No	_	_	_	_	_	0-1(52)
95-5	TO054	95	5	impossibile],	impossibile	_	_	_	_	_	linguistic	_	ContainsVariation=No	Intonation=WeaklyRising	_	_	_	_	0-11(52)
95-6	TO054	95	6	mi	mi	_	_	_	_	_	linguistic	_	ContainsVariation=No	_	_	_	_	_	_
95-7	TO054	95	7	hai	hai	_	_	_	_	_	linguistic	_	ContainsVariation=No	_	_	_	_	_	_
95-8	TO054	95	8	detto	detto	_	_	_	_	_	linguistic	_	ContainsVariation=No	_	_	_	_	_	_
95-9	TO054	95	9	che	che	_	_	_	_	_	linguistic	_	ContainsVariation=No	_	_	_	_	_	_
95-10	TO054	95	10	anche	anche	_	_	_	_	_	linguistic	_	ContainsVariation=No	_	_	_	_	_	_
95-11	TO054	95	11	rossana	rossana	_	_	_	_	_	linguistic	_	ContainsVariation=No	_	_	_	_	_	_
95-12	TO054	95	12	comunque.	comunque	_	_	_	_	_	linguistic	_	ContainsVariation=No	Intonation=Falling	_	_	_	_	_
95-13	TO054	95	13	[nonostante	nonostante	_	_	_	_	_	linguistic	_	ContainsVariation=No	_	_	_	_	_	0-10(53)
95-14	TO054	95	14	avesse,	avesse	_	_	_	_	_	linguistic	_	ContainsVariation=No	Intonation=WeaklyRising	_	_	_	_	0-6(53)
95-15	TO054	95	15	centootto],	centootto	_	_	_	_	_	linguistic	_	ContainsVariation=No	Intonation=WeaklyRising	End=281.491	_	_	_	0-9(53)
96-0	TO030	96	0	[rossana	rossana	_	_	_	_	_	linguistic	_	ContainsVariation=No	_	Begin=279.625	_	_	_	0-7(53)
96-1	TO030	96	1	centootto	centootto	_	_	_	_	_	linguistic	_	ContainsVariation=No	_	_	_	_	_	0-9(53)
96-2	TO030	96	2	ha	ha	_	_	_	_	_	linguistic	_	ContainsVariation=No	_	_	_	_	_	0-2(53)
96-3	TO030	96	3	preso	preso	_	_	_	_	_	linguistic	_	ContainsVariation=No	_	_	_	_	_	0-5(53)
96-4	TO030	96	4	che	che	_	_	_	_	_	linguistic	_	ContainsVariation=No	_	_	_	_	_	0-3(53)
96-5	TO030	96	5	com]unque	comunque	_	_	_	_	_	linguistic	_	ContainsVariation=No	_	_	_	_	_	0-3(53)
96-6	TO030	96	6	lei,	lei	_	_	_	_	_	linguistic	_	ContainsVariation=No	Intonation=WeaklyRising	_	_	_	_	_
96-7	TO030	96	7	[lei	lei	_	_	_	_	_	linguistic	_	ContainsVariation=No	_	_	_	_	_	0-3(54)
96-8	TO030	96	8	aveva	aveva	_	_	_	_	_	linguistic	_	ContainsVariation=No	_	_	_	_	_	0-5(54)
96-9	TO030	96	9	<una	una	_	_	_	_	_	linguistic	_	ContainsVariation=No	_	_	_	Slow=0-3(0)	_	0-3(54)
96-10	TO030	96	10	quan]tità>	quantità	_	_	_	_	_	linguistic	_	ContainsVariation=No	_	_	_	Slow=0-8(0)	_	0-4(54)
96-11	TO030	96	11	di	di	_	_	_	_	_	linguistic	_	ContainsVariation=No	_	_	_	_	_	_
96-12	TO030	96	12	trenta	trenta	_	_	_	_	_	linguistic	_	ContainsVariation=No	_	_	_	_	_	_
96-13	TO030	96	13	e	e	_	_	_	_	_	linguistic	_	ContainsVariation=No	_	_	_	_	_	_
96-14	TO030	96	14	lo:de,	lode	_	_	_	_	_	linguistic	_	ContainsVariation=No	Intonation=WeaklyRising	_	1x1	_	_	_
96-15	TO030	96	15	che	che	_	_	_	_	_	linguistic	_	ContainsVariation=No	ProsodicLink=Yes	_	_	_	_	_
96-16	TO030	96	16	e:ra	era	_	_	_	_	_	linguistic	_	ContainsVariation=No	_	_	0x1	_	_	_
96-17	TO030	96	17	a~	a~	_	_	_	_	_	linguistic	_	ContainsVariation=No	Interrupted=Yes	_	_	_	_	_
96-18	TO030	96	18	[allucinante.	allucinante	_	_	_	_	_	linguistic	_	ContainsVariation=No	Intonation=Falling	_	_	_	_	0-11(55)
96-19	TO030	96	19	dici	dici	_	_	_	_	_	linguistic	_	ContainsVariation=No	_	_	_	_	_	0-4(55)
96-20	TO030	96	20	(cio]è)	cioè	_	_	_	_	_	linguistic	_	ContainsVariation=No	ProsodicLink=Yes	_	_	_	0-4(0)	0-3(55)
96-21	TO030	96	21	eh,	eh	_	_	_	_	_	linguistic	_	ContainsVariation=No	Intonation=WeaklyRising	_	_	_	_	_
96-22	TO030	96	22	e:::h	eh	_	_	_	_	_	linguistic	_	ContainsVariation=No	_	End=289.469	0x3	_	_	_
97-0	TO054	97	0	[e	e	_	_	_	_	_	linguistic	_	ContainsVariation=No	_	Begin=282.206	_	_	_	0-1(54)
97-1	TO054	97	1	aveva	aveva	_	_	_	_	_	linguistic	_	ContainsVariation=No	_	_	_	_	_	0-5(54)
97-2	TO054	97	2	una	una	_	_	_	_	_	linguistic	_	ContainsVariation=No	_	_	_	_	_	0-3(54)
97-3	TO054	97	3	media	media	_	_	_	_	_	linguistic	_	ContainsVariation=No	_	_	_	_	_	0-5(54)
97-4	TO054	97	4	molto	molto	_	_	_	_	_	linguistic	_	ContainsVariation=No	_	_	_	_	_	0-5(54)
97-5	TO054	97	5	più	più	_	_	_	_	_	linguistic	_	ContainsVariation=No	_	_	_	_	_	0-3(54)
97-6	TO054	97	6	al~].	al~	_	_	_	_	_	linguistic	_	ContainsVariation=No	Intonation=Falling|Interrupted=Yes	End=283.845	_	_	_	0-3(54)
98-0	TO054	98	0	[vedi?	vedi	_	_	_	_	_	linguistic	_	ContainsVariation=No	Intonation=Rising|PauseAfter=Yes	Begin=286.457	_	_	_	0-4(55)
98-1	TO054	98	1	(.)	(.)	_	_	_	_	_	shortpause	_	ContainsVariation=No	_	_	_	_	_	X(55)
98-2	TO054	98	2	quindi].	quindi	_	_	_	_	_	linguistic	_	ContainsVariation=No	Intonation=Falling	End=288.254	_	_	_	0-6(55)
99-0	TO030	99	0	capisci?	capisci	_	_	_	_	_	linguistic	_	ContainsVariation=No	Intonation=Rising	Begin=290.387	_	_	_	_
99-1	TO030	99	1	non	non	_	_	_	_	_	linguistic	_	ContainsVariation=No	ProsodicLink=Yes	_	_	_	_	_
99-2	TO030	99	2	[e::h	eh	_	_	_	_	_	linguistic	_	ContainsVariation=No	_	_	0x2	_	_	0-2(56)
99-3	TO030	99	3	no]?	no	_	_	_	_	_	linguistic	_	ContainsVariation=No	Intonation=Rising	End=292.303	_	_	_	0-2(56)
100-0	TO054	100	0	[per	per	_	_	_	_	_	linguistic	_	ContainsVariation=No	_	Begin=291.704	_	_	_	0-3(56)
100-1	TO054	100	1	quanto	quanto	_	_	_	_	_	linguistic	_	ContainsVariation=No	_	_	_	_	_	0-6(56)
100-2	TO054	100	2	uno	uno	_	_	_	_	_	linguistic	_	ContainsVariation=No	_	_	_	_	_	0-3(56)
100-3	TO054	100	3	xx	xx	_	_	_	_	_	unknown	_	ContainsVariation=No	Syllables=2	_	_	_	_	0-2(56)
100-4	TO054	100	4	xx	xx	_	_	_	_	_	unknown	_	ContainsVariation=No	Syllables=2	_	_	_	_	0-2(56)
100-5	TO054	100	5	x	x	_	_	_	_	_	unknown	_	ContainsVariation=No	Syllables=1	_	_	_	_	0-1(56)
100-6	TO054	100	6	(fisso)],	fisso	_	_	_	_	_	linguistic	_	ContainsVariation=No	Intonation=WeaklyRising	End=293.971	_	_	0-5(0)	0-5(56)
101-0	TO030	101	0	[io,	io	_	_	_	_	_	linguistic	_	ContainsVariation=No	Intonation=WeaklyRising	Begin=292.551	_	_	_	0-2(57)
101-1	TO030	101	1	io	io	_	_	_	_	_	linguistic	_	ContainsVariation=No	_	_	_	_	_	0-2(57)
101-2	TO030	101	2	di	di	_	_	_	_	_	linguistic	_	ContainsVariation=No	_	_	_	_	_	0-2(57)
101-3	TO030	101	3	media	media	_	_	_	_	_	linguistic	_	ContainsVariation=No	_	_	_	_	_	0-5(57)
101-4	TO030	101	4	avevo],	avevo	_	_	_	_	_	linguistic	_	ContainsVariation=No	Intonation=WeaklyRising	_	_	_	_	0-5(57)
101-5	TO030	101	5	di	di	_	_	_	_	_	linguistic	_	ContainsVariation=No	_	_	_	_	_	_
101-6	TO030	101	6	media	media	_	_	_	_	_	linguistic	_	ContainsVariation=No	_	_	_	_	_	_
101-7	TO030	101	7	avevo:	avevo	_	_	_	_	_	linguistic	_	ContainsVariation=No	_	_	4x1	_	_	_
101-8	TO030	101	8	ventisette,	ventisette	_	_	_	_	_	linguistic	_	ContainsVariation=No	Intonation=WeaklyRising|PauseAfter=Yes	_	_	_	_	_
101-9	TO030	101	9	(.)	(.)	_	_	_	_	_	shortpause	_	ContainsVariation=No	_	_	_	_	_	_
101-10	TO030	101	10	boh	boh	_	_	_	_	_	linguistic	_	ContainsVariation=No	_	_	_	_	_	_
101-11	TO030	101	11	punto	punto	_	_	_	_	_	linguistic	_	ContainsVariation=No	_	_	_	_	_	_
101-12	TO030	101	12	se::tte,	sette	_	_	_	_	_	linguistic	_	ContainsVariation=No	Intonation=WeaklyRising	End=298.49	1x2	_	_	_
102-0	TO030	102	0	cioè	cioè	_	_	_	_	_	linguistic	_	ContainsVariation=No	_	Begin=298.559	_	_	_	_
102-1	TO030	102	1	che	che	_	_	_	_	_	linguistic	_	ContainsVariation=No	_	_	_	_	_	_
102-2	TO030	102	2	tu	tu	_	_	_	_	_	linguistic	_	ContainsVariation=No	_	_	_	_	_	_
102-3	TO030	102	3	dici,	dici	_	_	_	_	_	linguistic	_	ContainsVariation=No	Intonation=WeaklyRising	_	_	_	_	_
102-4	TO030	102	4	arrotondamelo	arrotondamelo	_	_	_	_	_	linguistic	_	ContainsVariation=No	_	_	_	_	_	_
102-5	TO030	102	5	a	a	_	_	_	_	_	linguistic	_	ContainsVariation=No	_	_	_	_	_	_
102-6	TO030	102	6	ventotto.	ventotto	_	_	_	_	_	linguistic	_	ContainsVariation=No	Intonation=Falling	_	_	_	_	_
102-7	TO030	102	7	no	no	_	_	_	_	_	linguistic	_	ContainsVariation=No	_	_	_	_	_	_
102-8	TO030	102	8	no.	no	_	_	_	_	_	linguistic	_	ContainsVariation=No	Intonation=Falling	_	_	_	_	_
102-9	TO030	102	9	[quel	quel	_	_	_	_	_	linguistic	_	ContainsVariation=No	_	_	_	_	_	0-4(58)
102-10	TO030	102	10	punto]	punto	_	_	_	_	_	linguistic	_	ContainsVariation=No	_	_	_	_	_	0-5(58)
102-11	TO030	102	11	sette,	sette	_	_	_	_	_	linguistic	_	ContainsVariation=No	Intonation=WeaklyRising	_	_	_	_	_
102-12	TO030	102	12	e	e	_	_	_	_	_	linguistic	_	ContainsVariation=No	_	_	_	_	_	_
102-13	TO030	102	13	quindi	quindi	_	_	_	_	_	linguistic	_	ContainsVariation=No	_	_	_	_	_	_
102-14	TO030	102	14	cioè	cioè	_	_	_	_	_	linguistic	_	ContainsVariation=No	_	_	_	_	_	_
102-15	TO030	102	15	tanto	tanto	_	_	_	_	_	linguistic	_	ContainsVariation=No	_	_	_	_	_	_
102-16	TO030	102	16	valeva	valeva	_	_	_	_	_	linguistic	_	ContainsVariation=No	_	_	_	_	_	_
102-17	TO030	102	17	che	che	_	_	_	_	_	linguistic	_	ContainsVariation=No	_	_	_	_	_	_
102-18	TO030	102	18	io,	io	_	_	_	_	_	linguistic	_	ContainsVariation=No	Intonation=WeaklyRising	_	_	_	_	_
102-19	TO030	102	19	avessi	avessi	_	_	_	_	_	linguistic	_	ContainsVariation=No	_	_	_	_	_	_
102-20	TO030	102	20	preso	preso	_	_	_	_	_	linguistic	_	ContainsVariation=No	_	_	_	_	_	_
102-21	TO030	102	21	tutti	tutti	_	_	_	_	_	linguistic	_	ContainsVariation=No	_	_	_	_	_	_
102-22	TO030	102	22	anche	anche	_	_	_	_	_	linguistic	_	ContainsVariation=No	_	_	_	_	_	_
102-23	TO030	102	23	de	de	_	_	_	_	_	linguistic	_	ContainsVariation=No	_	_	_	_	_	_
102-24	TO030	102	24	venti~	venti~	_	_	_	_	_	linguistic	_	ContainsVariation=No	Interrupted=Yes	_	_	_	_	_
102-25	TO030	102	25	perché	perché	_	_	_	_	_	linguistic	_	ContainsVariation=No	_	_	_	_	_	_
102-26	TO030	102	26	tanto	tanto	_	_	_	_	_	linguistic	_	ContainsVariation=No	_	_	_	_	_	_
102-27	TO030	102	27	alla	alla	_	_	_	_	_	linguistic	_	ContainsVariation=No	_	_	_	_	_	_
102-28	TO030	102	28	fine	fine	_	_	_	_	_	linguistic	_	ContainsVariation=No	_	_	_	_	_	_
102-29	TO030	102	29	se	se	_	_	_	_	_	linguistic	_	ContainsVariation=No	_	_	_	_	_	_
102-30	TO030	102	30	me	me	_	_	_	_	_	linguistic	_	ContainsVariation=No	_	_	_	_	_	_
102-31	TO030	102	31	lo	lo	_	_	_	_	_	linguistic	_	ContainsVariation=No	_	_	_	_	_	_
102-32	TO030	102	32	arrotondi	arrotondi	_	_	_	_	_	linguistic	_	ContainsVariation=No	_	_	_	_	_	_
102-33	TO030	102	33	a	a	_	_	_	_	_	linguistic	_	ContainsVariation=No	_	_	_	_	_	_
102-34	TO030	102	34	ventisette,	ventisette	_	_	_	_	_	linguistic	_	ContainsVariation=No	Intonation=WeaklyRising|PauseAfter=Yes	_	_	_	_	_
102-35	TO030	102	35	(.)	(.)	_	_	_	_	_	shortpause	_	ContainsVariation=No	_	_	_	_	_	_
102-36	TO030	102	36	cioè.	cioè	_	_	_	_	_	linguistic	_	ContainsVariation=No	Intonation=Falling	End=309.539	_	_	_	_
103-0	TO054	103	0	[no	no	_	_	_	_	_	linguistic	_	ContainsVariation=No	_	Begin=301.421	_	_	_	0-2(58)
103-1	TO054	103	1	no	no	_	_	_	_	_	linguistic	_	ContainsVariation=No	_	_	_	_	_	0-2(58)
103-2	TO054	103	2	no].	no	_	_	_	_	_	linguistic	_	ContainsVariation=No	Intonation=Falling	End=302.058	_	_	_	0-2(58)
104-0	TO030	104	0	ventisette	ventisette	_	_	_	_	_	linguistic	_	ContainsVariation=No	_	Begin=309.679	_	_	_	_
104-1	TO030	104	1	punto	punto	_	_	_	_	_	linguistic	_	ContainsVariation=No	_	_	_	_	_	_
104-2	TO030	104	2	sette	sette	_	_	_	_	_	linguistic	_	ContainsVariation=No	_	_	_	_	_	_
104-3	TO030	104	3	(e)	e	_	_	_	_	_	linguistic	_	ContainsVariation=No	ProsodicLink=Yes	_	_	_	0-1(0)	_
104-4	TO030	104	4	dammi	dammi	_	_	_	_	_	linguistic	_	ContainsVariation=No	_	_	_	_	_	_
104-5	TO030	104	5	vento:tto:	ventotto	_	_	_	_	_	linguistic	_	ContainsVariation=No	_	_	4x1,7x1	_	_	_
104-6	TO030	104	6	cazzo.	cazzo	_	_	_	_	_	linguistic	_	ContainsVariation=No	Intonation=Falling	_	_	_	_	_
104-7	TO030	104	7	scusami	scusami	_	_	_	_	_	linguistic	_	ContainsVariation=No	_	_	_	_	_	_
104-8	TO030	104	8	eh,	eh	_	_	_	_	_	linguistic	_	ContainsVariation=No	Intonation=WeaklyRising	_	_	_	_	_
104-9	TO030	104	9	cioè	cioè	_	_	_	_	_	linguistic	_	ContainsVariation=No	_	_	_	_	_	_
104-10	TO030	104	10	son	son	_	_	_	_	_	linguistic	_	ContainsVariation=No	_	_	_	_	_	_
104-11	TO030	104	11	più	più	_	_	_	_	_	linguistic	_	ContainsVariation=No	_	_	_	_	_	_
104-12	TO030	104	12	vicina	vicina	_	_	_	_	_	linguistic	_	ContainsVariation=No	_	_	_	_	_	_
104-13	TO030	104	13	al	al	_	_	_	_	_	linguistic	_	ContainsVariation=No	_	_	_	_	_	_
104-14	TO030	104	14	ventotto	ventotto	_	_	_	_	_	linguistic	_	ContainsVariation=No	_	_	_	_	_	_
104-15	TO030	104	15	che	che	_	_	_	_	_	linguistic	_	ContainsVariation=No	_	_	_	_	_	_
104-16	TO030	104	16	al	al	_	_	_	_	_	linguistic	_	ContainsVariation=No	_	_	_	_	_	_
104-17	TO030	104	17	ven[tiset]te.	ventisette	_	_	_	_	_	linguistic	_	ContainsVariation=No	Intonation=Falling	_	_	_	_	3-8(59)
104-18	TO030	104	18	a	a	_	_	_	_	_	linguistic	_	ContainsVariation=No	_	_	_	_	_	_
104-19	TO030	104	19	me	me	_	_	_	_	_	linguistic	_	ContainsVariation=No	_	_	_	_	_	_
104-20	TO030	104	20	ha	ha	_	_	_	_	_	linguistic	_	ContainsVariation=No	_	_	_	_	_	_
104-21	TO030	104	21	dato	dato	_	_	_	_	_	linguistic	_	ContainsVariation=No	_	_	_	_	_	_
104-22	TO030	104	22	fasti:dio	fastidio	_	_	_	_	_	linguistic	_	ContainsVariation=No	_	_	4x1	_	_	_
104-23	TO030	104	23	questa	questa	_	_	_	_	_	linguistic	_	ContainsVariation=No	_	_	_	_	_	_
104-24	TO030	104	24	co:sa	cosa	_	_	_	_	_	linguistic	_	ContainsVariation=No	_	_	1x1	_	_	_
104-25	TO030	104	25	cioè,	cioè	_	_	_	_	_	linguistic	_	ContainsVariation=No	Intonation=WeaklyRising	_	_	_	_	_
104-26	TO030	104	26	e	e	_	_	_	_	_	linguistic	_	ContainsVariation=No	_	_	_	_	_	_
104-27	TO030	104	27	rossana	rossana	_	_	_	_	_	linguistic	_	ContainsVariation=No	_	_	_	_	_	_
104-28	TO030	104	28	la	la	_	_	_	_	_	linguistic	_	ContainsVariation=No	_	_	_	_	_	_
104-29	TO030	104	29	stessa	stessa	_	_	_	_	_	linguistic	_	ContainsVariation=No	_	_	_	_	_	_
104-30	TO030	104	30	cosa.	cosa	_	_	_	_	_	linguistic	_	ContainsVariation=No	Intonation=Falling	_	_	_	_	_
104-31	TO030	104	31	perché	perché	_	_	_	_	_	linguistic	_	ContainsVariation=No	_	_	_	_	_	_
104-32	TO030	104	32	lei	lei	_	_	_	_	_	linguistic	_	ContainsVariation=No	_	_	_	_	_	_
104-33	TO030	104	33	aveva:	aveva	_	_	_	_	_	linguistic	_	ContainsVariation=No	_	_	4x1	_	_	_
104-34	TO030	104	34	venti~	venti~	_	_	_	_	_	linguistic	_	ContainsVariation=No	Interrupted=Yes	_	_	_	_	_
104-35	TO030	104	35	ventotto	ventotto	_	_	_	_	_	linguistic	_	ContainsVariation=No	_	End=320.433	_	_	_	_
105-0	TO054	105	0	[certo].	certo	_	_	_	_	_	linguistic	_	ContainsVariation=No	Intonation=Falling	Begin=314.981|End=315.417	_	_	_	0-5(59)
106-0	TO030	106	0	diciamo	diciamo	_	_	_	_	_	linguistic	_	ContainsVariation=No	_	Begin=320.607	_	_	_	_
106-1	TO030	106	1	verso	verso	_	_	_	_	_	linguistic	_	ContainsVariation=No	_	_	_	_	_	_
106-2	TO030	106	2	il	il	_	_	_	_	_	linguistic	_	ContainsVariation=No	_	_	_	_	_	_
106-3	TO030	106	3	ventinove,	ventinove	_	_	_	_	_	linguistic	_	ContainsVariation=No	Intonation=WeaklyRising	_	_	_	_	_
106-4	TO030	106	4	però	però	_	_	_	_	_	linguistic	_	ContainsVariation=No	_	_	_	_	_	_
106-5	TO030	106	5	gliel'	gliel'	_	_	_	_	_	linguistic	_	ContainsVariation=No	SpaceAfter=No	_	_	_	_	_
106-6	TO030	106	6	hanno::	hanno	_	_	_	_	_	linguistic	_	ContainsVariation=No	_	_	4x2	_	_	_
106-7	TO030	106	7	capito?	capito	_	_	_	_	_	linguistic	_	ContainsVariation=No	Intonation=Rising	_	_	_	_	_
106-8	TO030	106	8	vabbè.	vabbè	_	_	_	_	_	linguistic	_	ContainsVariation=No	Intonation=Falling	_	_	_	_	_
106-9	TO030	106	9	eh.	eh	_	_	_	_	_	linguistic	_	ContainsVariation=No	Intonation=Falling	_	_	_	_	_
106-10	TO030	106	10	cosa	cosa	_	_	_	_	_	linguistic	_	ContainsVariation=No	_	_	_	_	_	_
106-11	TO030	106	11	[vuoi	vuoi	_	_	_	_	_	linguistic	_	ContainsVariation=No	_	_	_	_	_	0-4(60)
106-12	TO030	106	12	che	che	_	_	_	_	_	linguistic	_	ContainsVariation=No	_	_	_	_	_	0-3(60)
106-13	TO030	106	13	ti	ti	_	_	_	_	_	linguistic	_	ContainsVariation=No	_	_	_	_	_	0-2(60)
106-14	TO030	106	14	dica].	dica	_	_	_	_	_	linguistic	_	ContainsVariation=No	Intonation=Falling	End=326.068	_	_	_	0-4(60)
107-0	TO054	107	0	[xx]	xx	_	_	_	_	_	unknown	_	ContainsVariation=No	PauseAfter=Yes|Syllables=2	Begin=325.233	_	_	_	0-2(60)
107-1	TO054	107	1	(.)	(.)	_	_	_	_	_	shortpause	_	ContainsVariation=No	_	_	_	_	_	_
107-2	TO054	107	2	è	è	_	_	_	_	_	linguistic	_	ContainsVariation=No	_	_	_	_	_	_
107-3	TO054	107	3	impossibile.	impossibile	_	_	_	_	_	linguistic	_	ContainsVariation=No	Intonation=Falling	_	_	_	_	_
107-4	TO054	107	4	è	è	_	_	_	_	_	linguistic	_	ContainsVariation=No	_	_	_	_	_	_
107-5	TO054	107	5	impossi[bile].	impossibile	_	_	_	_	_	linguistic	_	ContainsVariation=No	Intonation=Falling	End=327.912	_	_	_	7-11(61)
108-0	TO030	108	0	[io]	io	_	_	_	_	_	linguistic	_	ContainsVariation=No	_	Begin=327.662	_	_	_	0-2(61)
108-1	TO030	108	1	mi	mi	_	_	_	_	_	linguistic	_	ContainsVariation=No	_	_	_	_	_	_
108-2	TO030	108	2	sono	sono	_	_	_	_	_	linguistic	_	ContainsVariation=No	_	_	_	_	_	_
108-3	TO030	108	3	aperta.	aperta	_	_	_	_	_	linguistic	_	ContainsVariation=No	Intonation=Falling	_	_	_	_	_
108-4	TO030	108	4	cioè	cioè	_	_	_	_	_	linguistic	_	ContainsVariation=No	_	_	_	_	_	_
108-5	TO030	108	5	non	non	_	_	_	_	_	linguistic	_	ContainsVariation=No	_	_	_	_	_	_
108-6	TO030	108	6	ho::	ho	_	_	_	_	_	linguistic	_	ContainsVariation=No	PauseAfter=Yes	_	1x2	_	_	_
108-7	TO030	108	7	(.)	(.)	_	_	_	_	_	shortpause	_	ContainsVariation=No	_	_	_	_	_	_
108-8	TO030	108	8	non	non	_	_	_	_	_	linguistic	_	ContainsVariation=No	_	_	_	_	_	_
108-9	TO030	108	9	è	è	_	_	_	_	_	linguistic	_	ContainsVariation=No	_	_	_	_	_	_
108-10	TO030	108	10	giusto	giusto	_	_	_	_	_	linguistic	_	ContainsVariation=No	_	_	_	_	_	_
108-11	TO030	108	11	che	che	_	_	_	_	_	linguistic	_	ContainsVariation=No	_	_	_	_	_	_
108-12	TO030	108	12	non	non	_	_	_	_	_	linguistic	_	ContainsVariation=No	_	_	_	_	_	_
108-13	TO030	108	13	venga,	venga	_	_	_	_	_	linguistic	_	ContainsVariation=No	Intonation=WeaklyRising	_	_	_	_	_
108-14	TO030	108	14	che	che	_	_	_	_	_	linguistic	_	ContainsVariation=No	_	_	_	_	_	_
108-15	TO030	108	15	no:n	non	_	_	_	_	_	linguistic	_	ContainsVariation=No	ProsodicLink=Yes	_	1x1	_	_	_
108-16	TO030	108	16	eh	eh	_	_	_	_	_	linguistic	_	ContainsVariation=No	_	End=331.974	_	_	_	_
109-0	TO030	109	0	che	che	_	_	_	_	_	linguistic	_	ContainsVariation=No	_	Begin=332.57	_	_	_	_
109-1	TO030	109	1	non	non	_	_	_	_	_	linguistic	_	ContainsVariation=No	_	_	_	_	_	_
109-2	TO030	109	2	venga	venga	_	_	_	_	_	linguistic	_	ContainsVariation=No	_	_	_	_	_	_
109-3	TO030	109	3	riconosciuta	riconosciuta	_	_	_	_	_	linguistic	_	ContainsVariation=No	_	_	_	_	_	_
109-4	TO030	109	4	questa	questa	_	_	_	_	_	linguistic	_	ContainsVariation=No	_	_	_	_	_	_
109-5	TO030	109	5	cosa,	cosa	_	_	_	_	_	linguistic	_	ContainsVariation=No	Intonation=WeaklyRising	_	_	_	_	_
109-6	TO030	109	6	perc~	perc~	_	_	_	_	_	linguistic	_	ContainsVariation=No	Interrupted=Yes	_	_	_	_	_
109-7	TO030	109	7	(>beh	beh	_	_	_	_	_	linguistic	_	ContainsVariation=No	ProsodicLink=Yes	_	_	Fast=0-3(0)	0-3(0)	_
109-8	TO030	109	8	ma<)	ma	_	_	_	_	_	linguistic	_	ContainsVariation=No	_	_	_	Fast=0-2(0)	0-2(0)	_
109-9	TO030	109	9	poi	poi	_	_	_	_	_	linguistic	_	ContainsVariation=No	_	_	_	_	_	_
109-10	TO030	109	10	è	è	_	_	_	_	_	linguistic	_	ContainsVariation=No	_	_	_	_	_	_
109-11	TO030	109	11	stata	stata	_	_	_	_	_	linguistic	_	ContainsVariation=No	_	_	_	_	_	_
109-12	TO030	109	12	riconosciuta	riconosciuta	_	_	_	_	_	linguistic	_	ContainsVariation=No	_	_	_	_	_	_
109-13	TO030	109	13	perché	perché	_	_	_	_	_	linguistic	_	ContainsVariation=No	_	_	_	_	_	_
109-14	TO030	109	14	hai	hai	_	_	_	_	_	linguistic	_	ContainsVariation=No	_	_	_	_	_	_
109-15	TO030	109	15	sentito	sentito	_	_	_	_	_	linguistic	_	ContainsVariation=No	_	_	_	_	_	_
109-16	TO030	109	16	cos'	cos'	_	_	_	_	_	linguistic	_	ContainsVariation=No	SpaceAfter=No	_	_	_	_	_
109-17	TO030	109	17	hanno	hanno	_	_	_	_	_	linguistic	_	ContainsVariation=No	_	_	_	_	_	_
109-18	TO030	109	18	det[to:	detto	_	_	_	_	_	linguistic	_	ContainsVariation=No	_	_	4x1	_	_	2-5(62)
109-19	TO030	109	19	alla,	alla	_	_	_	_	_	linguistic	_	ContainsVariation=No	Intonation=WeaklyRising	_	_	_	_	0-4(62)
109-20	TO030	109	20	al	al	_	_	_	_	_	linguistic	_	ContainsVariation=No	ProsodicLink=Yes	_	_	_	_	0-2(62)
109-21	TO030	109	21	e:h	eh	_	_	_	_	_	linguistic	_	ContainsVariation=No	_	_	0x1	_	_	0-2(62)
109-22	TO030	109	22	sì.	sì	_	_	_	_	_	linguistic	_	ContainsVariation=No	Intonation=Falling	_	_	_	_	0-2(62)
109-23	TO030	109	23	no.	no	_	_	_	_	_	linguistic	_	ContainsVariation=No	Intonation=Falling	_	_	_	_	0-2(62)
109-24	TO030	109	24	son	son	_	_	_	_	_	linguistic	_	ContainsVariation=No	_	_	_	_	_	0-3(62)
109-25	TO030	109	25	st~]	st~	_	_	_	_	_	linguistic	_	ContainsVariation=No	Interrupted=Yes	_	_	_	_	0-3(62)
109-26	TO030	109	26	han	han	_	_	_	_	_	linguistic	_	ContainsVariation=No	_	_	_	_	_	_
109-27	TO030	109	27	detto	detto	_	_	_	_	_	linguistic	_	ContainsVariation=No	_	_	_	_	_	_
109-28	TO030	109	28	proprio	proprio	_	_	_	_	_	linguistic	_	ContainsVariation=No	_	_	_	_	_	_
109-29	TO030	109	29	cose	cose	_	_	_	_	_	linguistic	_	ContainsVariation=No	_	_	_	_	_	_
109-30	TO030	109	30	belle	belle	_	_	_	_	_	linguistic	_	ContainsVariation=No	_	_	_	_	_	_
109-31	TO030	109	31	e	e	_	_	_	_	_	linguistic	_	ContainsVariation=No	_	_	_	_	_	_
109-32	TO030	109	32	io	io	_	_	_	_	_	linguistic	_	ContainsVariation=No	_	_	_	_	_	_
109-33	TO030	109	33	son	son	_	_	_	_	_	linguistic	_	ContainsVariation=No	_	_	_	_	_	_
109-34	TO030	109	34	stata	stata	_	_	_	_	_	linguistic	_	ContainsVariation=No	_	_	_	_	_	_
109-35	TO030	109	35	contenta,	contenta	_	_	_	_	_	linguistic	_	ContainsVariation=No	Intonation=WeaklyRising	_	_	_	_	_
109-36	TO030	109	36	perché	perché	_	_	_	_	_	linguistic	_	ContainsVariation=No	_	_	_	_	_	_
109-37	TO030	109	37	come	come	_	_	_	_	_	linguistic	_	ContainsVariation=No	_	_	_	_	_	_
109-38	TO030	109	38	ti	ti	_	_	_	_	_	linguistic	_	ContainsVariation=No	_	_	_	_	_	_
109-39	TO030	109	39	avevo	avevo	_	_	_	_	_	linguistic	_	ContainsVariation=No	_	_	_	_	_	_
109-40	TO030	109	40	già	già	_	_	_	_	_	linguistic	_	ContainsVariation=No	_	_	_	_	_	_
109-41	TO030	109	41	detto	detto	_	_	_	_	_	linguistic	_	ContainsVariation=No	_	_	_	_	_	_
109-42	TO030	109	42	cioè	cioè	_	_	_	_	_	linguistic	_	ContainsVariation=No	_	_	_	_	_	_
109-43	TO030	109	43	lo	lo	_	_	_	_	_	linguistic	_	ContainsVariation=No	_	_	_	_	_	_
109-44	TO030	109	44	sapevo	sapevo	_	_	_	_	_	linguistic	_	ContainsVariation=No	_	_	_	_	_	_
109-45	TO030	109	45	che	che	_	_	_	_	_	linguistic	_	ContainsVariation=No	_	_	_	_	_	_
109-46	TO030	109	46	avevo	avevo	_	_	_	_	_	linguistic	_	ContainsVariation=No	_	_	_	_	_	_
109-47	TO030	109	47	fatto	fatto	_	_	_	_	_	linguistic	_	ContainsVariation=No	_	_	_	_	_	_
109-48	TO030	109	48	un	un	_	_	_	_	_	linguistic	_	ContainsVariation=No	_	_	_	_	_	_
109-49	TO030	109	49	buon	buon	_	_	_	_	_	linguistic	_	ContainsVariation=No	_	_	_	_	_	_
109-50	TO030	109	50	lavoro,	lavoro	_	_	_	_	_	linguistic	_	ContainsVariation=No	Intonation=WeaklyRising	_	_	_	_	_
109-51	TO030	109	51	mi	mi	_	_	_	_	_	linguistic	_	ContainsVariation=No	_	_	_	_	_	_
109-52	TO030	109	52	ero	ero	_	_	_	_	_	linguistic	_	ContainsVariation=No	_	_	_	_	_	_
109-53	TO030	109	53	impegnata,	impegnata	_	_	_	_	_	linguistic	_	ContainsVariation=No	Intonation=WeaklyRising	_	_	_	_	_
109-54	TO030	109	54	sapevo	sapevo	_	_	_	_	_	linguistic	_	ContainsVariation=No	_	_	_	_	_	_
109-55	TO030	109	55	che	che	_	_	_	_	_	linguistic	_	ContainsVariation=No	_	_	_	_	_	_
109-56	TO030	109	56	rossi	rossi	_	_	_	_	_	linguistic	_	ContainsVariation=No	_	_	_	_	_	_
109-57	TO030	109	57	era	era	_	_	_	_	_	linguistic	_	ContainsVariation=No	_	_	_	_	_	_
109-58	TO030	109	58	soddisfatto,	soddisfatto	_	_	_	_	_	linguistic	_	ContainsVariation=No	Intonation=WeaklyRising|PauseAfter=Yes	_	_	_	_	_
109-59	TO030	109	59	(.)	(.)	_	_	_	_	_	shortpause	_	ContainsVariation=No	_	_	_	_	_	_
109-60	TO030	109	60	però:::	però	_	_	_	_	_	linguistic	_	ContainsVariation=No	ProsodicLink=Yes	_	3x3	_	_	_
109-61	TO030	109	61	m:h,	mh	_	_	_	_	_	linguistic	_	ContainsVariation=No	Intonation=WeaklyRising	End=349.494	0x1	_	_	_
110-0	TO054	110	0	[no:::	no	_	_	_	_	_	linguistic	_	ContainsVariation=No	_	Begin=336.452	1x3	_	_	0-2(62)
110-1	TO054	110	1	è	è	_	_	_	_	_	linguistic	_	ContainsVariation=No	_	_	_	_	_	0-1(62)
110-2	TO054	110	2	stato	stato	_	_	_	_	_	linguistic	_	ContainsVariation=No	_	_	_	_	_	0-5(62)
110-3	TO054	110	3	fanta::stico:].	fantastico	_	_	_	_	_	linguistic	_	ContainsVariation=No	Intonation=Falling	End=339.147	4x2,9x1	_	_	0-10(62)
111-0	TO030	111	0	però::	però	_	_	_	_	_	linguistic	_	ContainsVariation=No	_	Begin=350.766	3x2	_	_	_
111-1	TO030	111	1	ho	ho	_	_	_	_	_	linguistic	_	ContainsVariation=No	_	_	_	_	_	_
111-2	TO030	111	2	detto	detto	_	_	_	_	_	linguistic	_	ContainsVariation=No	_	_	_	_	_	_
111-3	TO030	111	3	vabbè	vabbè	_	_	_	_	_	linguistic	_	ContainsVariation=No	_	_	_	_	_	_
111-4	TO030	111	4	anche	anche	_	_	_	_	_	linguistic	_	ContainsVariation=No	_	_	_	_	_	_
111-5	TO030	111	5	la	la	_	_	_	_	_	linguistic	_	ContainsVariation=No	_	_	_	_	_	_
111-6	TO030	111	6	verdi.	verdi	_	_	_	_	_	linguistic	_	ContainsVariation=No	Intonation=Falling	_	_	_	_	_
111-7	TO030	111	7	tutt	tutt	_	_	_	_	_	linguistic	_	ContainsVariation=No	ProsodicLink=Yes	_	_	_	_	_
111-8	TO030	111	8	e	e	_	_	_	_	_	linguistic	_	ContainsVariation=No	_	_	_	_	_	_
111-9	TO030	111	9	du[e,	due	_	_	_	_	_	linguistic	_	ContainsVariation=No	Intonation=WeaklyRising	_	_	_	_	2-3(63)
111-10	TO030	111	10	cioè	cioè	_	_	_	_	_	linguistic	_	ContainsVariation=No	_	_	_	_	_	0-4(63)
111-11	TO030	111	11	mi	mi	_	_	_	_	_	linguistic	_	ContainsVariation=No	_	_	_	_	_	0-2(63)
111-12	TO030	111	12	hanno:	hanno	_	_	_	_	_	linguistic	_	ContainsVariation=No	_	_	4x1	_	_	0-5(63)
111-13	TO030	111	13	abbastanza::],	abbastanza	_	_	_	_	_	linguistic	_	ContainsVariation=No	Intonation=WeaklyRising	End=354.852	9x2	_	_	0-10(63)
112-0	TO054	112	0	[sì:::,	sì	_	_	_	_	_	linguistic	_	ContainsVariation=No	Intonation=WeaklyRising	Begin=352.893	1x3	_	_	0-2(63)
112-1	TO054	112	1	no::	no	_	_	_	_	_	linguistic	_	ContainsVariation=No	_	_	1x2	_	_	0-2(63)
112-2	TO054	112	2	ottime	ottime	_	_	_	_	_	linguistic	_	ContainsVariation=No	_	_	_	_	_	0-6(63)
112-3	TO054	112	3	ottime]	ottime	_	_	_	_	_	linguistic	_	ContainsVariation=No	_	_	_	_	_	0-6(63)
112-4	TO054	112	4	recensio[ni	recensioni	_	_	_	_	_	linguistic	_	ContainsVariation=No	_	_	_	_	_	8-10(64)
112-5	TO054	112	5	hai	hai	_	_	_	_	_	linguistic	_	ContainsVariation=No	_	_	_	_	_	0-3(64)
112-6	TO054	112	6	avuto].	avuto	_	_	_	_	_	linguistic	_	ContainsVariation=No	Intonation=Falling	End=357.17	_	_	_	0-5(64)
113-0	TO030	113	0	[sì.	sì	_	_	_	_	_	linguistic	_	ContainsVariation=No	Intonation=Falling	Begin=356.042	_	_	_	0-2(64)
113-1	TO030	113	1	sì.	sì	_	_	_	_	_	linguistic	_	ContainsVariation=No	Intonation=Falling	_	_	_	_	0-2(64)
113-2	TO030	113	2	erano],	erano	_	_	_	_	_	linguistic	_	ContainsVariation=No	Intonation=WeaklyRising	_	_	_	_	0-5(64)
113-3	TO030	113	3	ma	ma	_	_	_	_	_	linguistic	_	ContainsVariation=No	_	_	_	_	_	_
113-4	TO030	113	4	proprio	proprio	_	_	_	_	_	linguistic	_	ContainsVariation=No	_	_	_	_	_	_
113-5	TO030	113	5	anche	anche	_	_	_	_	_	linguistic	_	ContainsVariation=No	_	_	_	_	_	_
113-6	TO030	113	6	al	al	_	_	_	_	_	linguistic	_	ContainsVariation=No	_	_	_	_	_	_
113-7	TO030	113	7	di	di	_	_	_	_	_	linguistic	_	ContainsVariation=No	_	_	_	_	_	_
113-8	TO030	113	8	là	là	_	_	_	_	_	linguistic	_	ContainsVariation=No	_	_	_	_	_	_
113-9	TO030	113	9	della	della	_	_	_	_	_	linguistic	_	ContainsVariation=No	_	_	_	_	_	_
113-10	TO030	113	10	tesi,	tesi	_	_	_	_	_	linguistic	_	ContainsVariation=No	Intonation=WeaklyRising	_	_	_	_	_
113-11	TO030	113	11	anche	anche	_	_	_	_	_	linguistic	_	ContainsVariation=No	_	_	_	_	_	_
113-12	TO030	113	12	proprio	proprio	_	_	_	_	_	linguistic	_	ContainsVariation=No	_	_	_	_	_	_
113-13	TO030	113	13	su::	su	_	_	_	_	_	linguistic	_	ContainsVariation=No	ProsodicLink=Yes	_	1x2	_	_	_
113-14	TO030	113	14	l~	l~	_	_	_	_	_	linguistic	_	ContainsVariation=No	Interrupted=Yes	_	_	_	_	_
113-15	TO030	113	15	[la	la	_	_	_	_	_	linguistic	_	ContainsVariation=No	_	_	_	_	_	0-2(65)
113-16	TO030	113	16	mia::	mia	_	_	_	_	_	linguistic	_	ContainsVariation=No	PauseAfter=Yes	_	2x2	_	_	0-3(65)
113-17	TO030	113	17	(.)	(.)	_	_	_	_	_	shortpause	_	ContainsVariation=No	_	_	_	_	_	X(65)
113-18	TO030	113	18	no?	no	_	_	_	_	_	linguistic	_	ContainsVariation=No	Intonation=Rising	_	_	_	_	0-2(65)
113-19	TO030	113	19	quindi::	quindi	_	_	_	_	_	linguistic	_	ContainsVariation=No	_	_	5x2	_	_	0-6(65)
113-20	TO030	113	20	>boh<]	boh	_	_	_	_	_	linguistic	_	ContainsVariation=No	_	_	_	Fast=0-3(0)	_	0-3(65)
113-21	TO030	113	21	mi	mi	_	_	_	_	_	linguistic	_	ContainsVariation=No	_	_	_	Slow=0-2(0)	_	_
113-22	TO030	113	22	fa	fa	_	_	_	_	_	linguistic	_	ContainsVariation=No	_	_	_	Slow=0-2(0)	_	_
113-23	TO030	113	23	piacere	piacere	_	_	_	_	_	linguistic	_	ContainsVariation=No	_	_	_	Slow=0-7(0)	_	_
113-24	TO030	113	24	che	che	_	_	_	_	_	linguistic	_	ContainsVariation=No	_	_	_	Slow=0-3(0)	_	_
113-25	TO030	113	25	mia	mia	_	_	_	_	_	linguistic	_	ContainsVariation=No	_	_	_	Slow=0-3(0)	_	_
113-26	TO030	113	26	madre	madre	_	_	_	_	_	linguistic	_	ContainsVariation=No	_	_	_	Slow=0-5(0)	_	_
113-27	TO030	113	27	mio	mio	_	_	_	_	_	linguistic	_	ContainsVariation=No	_	_	_	Slow=0-3(0)	_	_
113-28	TO030	113	28	nonno	nonno	_	_	_	_	_	linguistic	_	ContainsVariation=No	_	_	_	Slow=0-5(0)	_	_
113-29	TO030	113	29	eccetera	eccetera	_	_	_	_	_	linguistic	_	ContainsVariation=No	_	_	_	Slow=0-8(0)	_	_
113-30	TO030	113	30	[abbiano	abbiano	_	_	_	_	_	linguistic	_	ContainsVariation=No	_	_	_	Slow=0-7(0)	_	0-7(66)
113-31	TO030	113	31	sen]tito	sentito	_	_	_	_	_	linguistic	_	ContainsVariation=No	_	_	_	Slow=0-7(0)	_	0-3(66)
113-32	TO030	113	32	queste	queste	_	_	_	_	_	linguistic	_	ContainsVariation=No	_	_	_	Slow=0-6(0)	_	_
113-33	TO030	113	33	cose,	cose	_	_	_	_	_	linguistic	_	ContainsVariation=No	Intonation=WeaklyRising	_	_	Slow=0-4(0)	_	_
113-34	TO030	113	34	>gli	gli	_	_	_	_	_	linguistic	_	ContainsVariation=No	_	_	_	Fast=0-3(1)	_	_
113-35	TO030	113	35	ho	ho	_	_	_	_	_	linguistic	_	ContainsVariation=No	_	_	_	Fast=0-2(1)	_	_
113-36	TO030	113	36	dett~<	dett~	_	_	_	_	_	linguistic	_	ContainsVariation=No	Interrupted=Yes	_	_	Fast=0-5(1)	_	_
113-37	TO030	113	37	così	così	_	_	_	_	_	linguistic	_	ContainsVariation=No	_	_	_	_	_	_
113-38	TO030	113	38	sanno	sanno	_	_	_	_	_	linguistic	_	ContainsVariation=No	_	_	_	_	_	_
113-39	TO030	113	39	che	che	_	_	_	_	_	linguistic	_	ContainsVariation=No	_	_	_	_	_	_
113-40	TO030	113	40	tutti	tutti	_	_	_	_	_	linguistic	_	ContainsVariation=No	_	_	_	_	_	_
113-41	TO030	113	41	i	i	_	_	_	_	_	linguistic	_	ContainsVariation=No	_	_	_	_	_	_
113-42	TO030	113	42	soldi	soldi	_	_	_	_	_	linguistic	_	ContainsVariation=No	_	_	_	_	_	_
113-43	TO030	113	43	che	che	_	_	_	_	_	linguistic	_	ContainsVariation=No	_	_	_	_	_	_
113-44	TO030	113	44	hanno	hanno	_	_	_	_	_	linguistic	_	ContainsVariation=No	_	_	_	_	_	_
113-45	TO030	113	45	speso	speso	_	_	_	_	_	linguistic	_	ContainsVariation=No	_	_	_	_	_	_
113-46	TO030	113	46	no,	no	_	_	_	_	_	linguistic	_	ContainsVariation=No	Intonation=WeaklyRising	_	_	_	_	_
113-47	TO030	113	47	[non	non	_	_	_	_	_	linguistic	_	ContainsVariation=No	_	_	_	_	_	0-3(67)
113-48	TO030	113	48	sono	sono	_	_	_	_	_	linguistic	_	ContainsVariation=No	_	_	_	_	_	0-4(67)
113-49	TO030	113	49	andati:	andati	_	_	_	_	_	linguistic	_	ContainsVariation=No	PauseAfter=Yes	_	5x1	_	_	0-6(67)
113-50	TO030	113	50	(.)	(.)	_	_	_	_	_	shortpause	_	ContainsVariation=No	_	_	_	_	_	X(67)
113-51	TO030	113	51	nel	nel	_	_	_	_	_	linguistic	_	ContainsVariation=No	_	_	_	_	_	0-3(67)
113-52	TO030	113	52	ces]so.	cesso	_	_	_	_	_	linguistic	_	ContainsVariation=No	Intonation=Falling	_	_	_	_	0-3(67)
113-53	TO030	113	53	capito,	capito	_	_	_	_	_	linguistic	_	ContainsVariation=No	Intonation=WeaklyRising	End=371.518	_	_	_	_
114-0	TO054	114	0	[sulle	sulle	_	_	_	_	_	linguistic	_	ContainsVariation=No	_	Begin=360.128	_	_	_	0-5(65)
114-1	TO054	114	1	persone	persone	_	_	_	_	_	linguistic	_	ContainsVariation=No	_	_	_	_	_	0-7(65)
114-2	TO054	114	2	e	e	_	_	_	_	_	linguistic	_	ContainsVariation=No	_	_	_	_	_	0-1(65)
114-3	TO054	114	3	x	x	_	_	_	_	_	unknown	_	ContainsVariation=No	Syllables=1	_	_	_	_	0-1(65)
114-4	TO054	114	4	intelligenza].	intelligenza	_	_	_	_	_	linguistic	_	ContainsVariation=No	Intonation=Falling	End=362.354	_	_	_	0-12(65)
115-0	TO054	115	0	[mhmh],	mhmh	_	_	_	_	_	linguistic	_	ContainsVariation=No	Intonation=WeaklyRising	Begin=364.549|End=365.001	_	_	_	0-4(66)
116-0	TO054	116	0	[sono	sono	_	_	_	_	_	linguistic	_	ContainsVariation=No	_	Begin=369.08	_	_	_	0-4(67)
116-1	TO054	116	1	valsi	valsi	_	_	_	_	_	linguistic	_	ContainsVariation=No	_	_	_	_	_	0-5(67)
116-2	TO054	116	2	a	a	_	_	_	_	_	linguistic	_	ContainsVariation=No	_	_	_	_	_	0-1(67)
116-3	TO054	116	3	qualcosa].	qualcosa	_	_	_	_	_	linguistic	_	ContainsVariation=No	Intonation=Falling	End=370.499	_	_	_	0-8(67)
117-0	TO054	117	0	no::	no	_	_	_	_	_	linguistic	_	ContainsVariation=No	_	Begin=371.708	1x2	_	_	_
117-1	TO054	117	1	assolutamente.	assolutamente	_	_	_	_	_	linguistic	_	ContainsVariation=No	Intonation=Falling	_	_	_	_	_
117-2	TO054	117	2	meritata	meritata	_	_	_	_	_	linguistic	_	ContainsVariation=No	_	_	_	_	_	_
117-3	TO054	117	3	tutta.	tutta	_	_	_	_	_	linguistic	_	ContainsVariation=No	Intonation=Falling	End=374.536	_	_	_	_
118-0	TO030	118	0	(no	no	_	_	_	_	_	linguistic	_	ContainsVariation=No	_	Begin=374.831	_	_	0-2(0)	_
118-1	TO030	118	1	no)	no	_	_	_	_	_	linguistic	_	ContainsVariation=No	_	_	_	_	0-2(0)	_
118-2	TO030	118	2	[x]	x	_	_	_	_	_	unknown	_	ContainsVariation=No	Syllables=1	End=375.379	_	_	_	0-1(68)
119-0	TO054	119	0	[e]	e	_	_	_	_	_	linguistic	_	ContainsVariation=No	_	Begin=375.19	_	_	_	0-1(68)
119-1	TO054	119	1	quindi	quindi	_	_	_	_	_	linguistic	_	ContainsVariation=No	_	_	_	_	_	_
119-2	TO054	119	2	adesso::,	adesso	_	_	_	_	_	linguistic	_	ContainsVariation=No	Intonation=WeaklyRising	_	5x2	_	_	_
119-3	TO054	119	3	tu	tu	_	_	_	_	_	linguistic	_	ContainsVariation=No	_	_	_	_	_	_
119-4	TO054	119	4	e:	e	_	_	_	_	_	linguistic	_	ContainsVariation=No	_	_	0x1	_	_	_
119-5	TO054	119	5	luciano	luciano	_	_	_	_	_	linguistic	_	ContainsVariation=No	_	_	_	_	_	_
119-6	TO054	119	6	fate	fate	_	_	_	_	_	linguistic	_	ContainsVariation=No	_	_	_	_	_	_
119-7	TO054	119	7	questo	questo	_	_	_	_	_	linguistic	_	ContainsVariation=No	_	_	_	_	_	_
119-8	TO054	119	8	tentati~,	tentati~	_	_	_	_	_	linguistic	_	ContainsVariation=No	Intonation=WeaklyRising|Interrupted=Yes	_	_	_	_	_
119-9	TO054	119	9	ma	ma	_	_	_	_	_	linguistic	_	ContainsVariation=No	_	_	_	_	_	_
119-10	TO054	119	10	luciano?	luciano	_	_	_	_	_	linguistic	_	ContainsVariation=No	Intonation=Rising	_	_	_	_	_
119-11	TO054	119	11	come.	come	_	_	_	_	_	linguistic	_	ContainsVariation=No	Intonation=Falling	_	_	_	_	_
119-12	TO054	119	12	come	come	_	_	_	_	_	linguistic	_	ContainsVariation=No	_	_	_	_	_	_
119-13	TO054	119	13	x	x	_	_	_	_	_	unknown	_	ContainsVariation=No	Syllables=1	_	_	_	_	_
119-14	TO054	119	14	sceneggiatura,	sceneggiatura	_	_	_	_	_	linguistic	_	ContainsVariation=No	Intonation=WeaklyRising	_	_	_	_	_
119-15	TO054	119	15	o	o	_	_	_	_	_	linguistic	_	ContainsVariation=No	_	_	_	_	_	_
119-16	TO054	119	16	come	come	_	_	_	_	_	linguistic	_	ContainsVariation=No	_	_	_	_	_	_
119-17	TO054	119	17	regia?	regia	_	_	_	_	_	linguistic	_	ContainsVariation=No	Intonation=Rising	End=381.062	_	_	_	_
120-0	TO030	120	0	luciano	luciano	_	_	_	_	_	linguistic	_	ContainsVariation=No	_	Begin=381.113	_	_	_	_
120-1	TO030	120	1	prova	prova	_	_	_	_	_	linguistic	_	ContainsVariation=No	_	_	_	_	_	_
120-2	TO030	120	2	regia.	regia	_	_	_	_	_	linguistic	_	ContainsVariation=No	Intonation=Falling	End=382.273	_	_	_	_
121-0	TO054	121	0	eh.	eh	_	_	_	_	_	linguistic	_	ContainsVariation=No	Intonation=Falling	Begin=382.273|End=382.814	_	_	_	_
122-0	TO054	122	0	però	però	_	_	_	_	_	linguistic	_	ContainsVariation=No	_	Begin=383.11	_	_	_	_
122-1	TO054	122	1	deve	deve	_	_	_	_	_	linguistic	_	ContainsVariation=No	_	_	_	_	_	_
122-2	TO054	122	2	portare	portare	_	_	_	_	_	linguistic	_	ContainsVariation=No	_	_	_	_	_	_
122-3	TO054	122	3	comunque	comunque	_	_	_	_	_	linguistic	_	ContainsVariation=No	_	_	_	_	_	_
122-4	TO054	122	4	pure	pure	_	_	_	_	_	linguistic	_	ContainsVariation=No	_	_	_	_	_	_
122-5	TO054	122	5	una	una	_	_	_	_	_	linguistic	_	ContainsVariation=No	_	_	_	_	_	_
122-6	TO054	122	6	sceneggiatu[ra]?	sceneggiatura	_	_	_	_	_	linguistic	_	ContainsVariation=No	Intonation=Rising	End=385.267	_	_	_	11-13(69)
123-0	TO030	123	0	[no	no	_	_	_	_	_	linguistic	_	ContainsVariation=No	_	Begin=385.059	_	_	_	0-2(69)
123-1	TO030	123	1	no].	no	_	_	_	_	_	linguistic	_	ContainsVariation=No	Intonation=Falling	_	_	_	_	0-2(69)
123-2	TO030	123	2	luciano	luciano	_	_	_	_	_	linguistic	_	ContainsVariation=No	_	_	_	_	_	_
123-3	TO030	123	3	deve	deve	_	_	_	_	_	linguistic	_	ContainsVariation=No	_	_	_	_	_	_
123-4	TO030	123	4	portare	portare	_	_	_	_	_	linguistic	_	ContainsVariation=No	_	_	_	_	_	_
123-5	TO030	123	5	un	un	_	_	_	_	_	linguistic	_	ContainsVariation=No	_	_	_	_	_	_
123-6	TO030	123	6	corto.	corto	_	_	_	_	_	linguistic	_	ContainsVariation=No	Intonation=Falling	_	_	_	_	_
123-7	TO030	123	7	però	però	_	_	_	_	_	linguistic	_	ContainsVariation=No	_	_	_	_	_	_
123-8	TO030	123	8	scri[viamo	scriviamo	_	_	_	_	_	linguistic	_	ContainsVariation=No	_	_	_	_	_	4-9(70)
123-9	TO030	123	9	la	la	_	_	_	_	_	linguistic	_	ContainsVariation=No	_	_	_	_	_	0-2(70)
123-10	TO030	123	10	sceneggiatura	sceneggiatura	_	_	_	_	_	linguistic	_	ContainsVariation=No	_	_	_	_	_	0-13(70)
123-11	TO030	123	11	per	per	_	_	_	_	_	linguistic	_	ContainsVariation=No	_	_	_	_	_	0-3(70)
123-12	TO030	123	12	il	il	_	_	_	_	_	linguistic	_	ContainsVariation=No	_	_	_	_	_	0-2(70)
123-13	TO030	123	13	suo	suo	_	_	_	_	_	linguistic	_	ContainsVariation=No	_	_	_	_	_	0-3(70)
123-14	TO030	123	14	corto.	corto	_	_	_	_	_	linguistic	_	ContainsVariation=No	Intonation=Falling	_	_	_	_	0-5(70)
123-15	TO030	123	15	che	che	_	_	_	_	_	linguistic	_	ContainsVariation=No	_	_	_	_	_	0-3(70)
123-16	TO030	123	16	i]o	io	_	_	_	_	_	linguistic	_	ContainsVariation=No	_	_	_	_	_	0-1(70)
123-17	TO030	123	17	b~	b~	_	_	_	_	_	linguistic	_	ContainsVariation=No	Interrupted=Yes	_	_	_	_	_
123-18	TO030	123	18	voglio	voglio	_	_	_	_	_	linguistic	_	ContainsVariation=No	_	_	_	_	_	_
123-19	TO030	123	19	capire	capire	_	_	_	_	_	linguistic	_	ContainsVariation=No	_	_	_	_	_	_
123-20	TO030	123	20	se	se	_	_	_	_	_	linguistic	_	ContainsVariation=No	_	_	_	_	_	_
123-21	TO030	123	21	si	si	_	_	_	_	_	linguistic	_	ContainsVariation=No	_	_	_	_	_	_
123-22	TO030	123	22	può	può	_	_	_	_	_	linguistic	_	ContainsVariation=No	_	_	_	_	_	_
123-23	TO030	123	23	perché	perché	_	_	_	_	_	linguistic	_	ContainsVariation=No	_	_	_	_	_	_
123-24	TO030	123	24	io	io	_	_	_	_	_	linguistic	_	ContainsVariation=No	_	_	_	_	_	_
123-25	TO030	123	25	invece	invece	_	_	_	_	_	linguistic	_	ContainsVariation=No	_	_	_	_	_	_
123-26	TO030	123	26	devo	devo	_	_	_	_	_	linguistic	_	ContainsVariation=No	_	_	_	_	_	_
123-27	TO030	123	27	portare	portare	_	_	_	_	_	linguistic	_	ContainsVariation=No	_	_	_	_	_	_
123-28	TO030	123	28	un	un	_	_	_	_	_	linguistic	_	ContainsVariation=No	_	_	_	_	_	_
123-29	TO030	123	29	soggetto	soggetto	_	_	_	_	_	linguistic	_	ContainsVariation=No	_	_	_	_	_	_
123-30	TO030	123	30	per	per	_	_	_	_	_	linguistic	_	ContainsVariation=No	_	_	_	_	_	_
123-31	TO030	123	31	un	un	_	_	_	_	_	linguistic	_	ContainsVariation=No	_	_	_	_	_	_
123-32	TO030	123	32	lungometraggio.	lungometraggio	_	_	_	_	_	linguistic	_	ContainsVariation=No	Intonation=Falling	_	_	_	_	_
123-33	TO030	123	33	che	che	_	_	_	_	_	linguistic	_	ContainsVariation=No	_	_	_	_	_	_
123-34	TO030	123	34	più	più	_	_	_	_	_	linguistic	_	ContainsVariation=No	_	_	_	_	_	_
123-35	TO030	123	35	o	o	_	_	_	_	_	linguistic	_	ContainsVariation=No	_	_	_	_	_	_
123-36	TO030	123	36	meno	meno	_	_	_	_	_	linguistic	_	ContainsVariation=No	_	_	_	_	_	_
123-37	TO030	123	37	ce	ce	_	_	_	_	_	linguistic	_	ContainsVariation=No	_	_	_	_	_	_
123-38	TO030	123	38	l'	l'	_	_	_	_	_	linguistic	_	ContainsVariation=No	SpaceAfter=No	_	_	_	_	_
123-39	TO030	123	39	ho	ho	_	_	_	_	_	linguistic	_	ContainsVariation=No	_	_	_	_	_	_
123-40	TO030	123	40	già.	già	_	_	_	_	_	linguistic	_	ContainsVariation=No	Intonation=Falling	End=394.005	_	_	_	_
124-0	TO054	124	0	[ah.	ah	_	_	_	_	_	linguistic	_	ContainsVariation=No	Intonation=Falling|PauseAfter=Yes	Begin=386.946	_	_	_	0-2(70)
124-1	TO054	124	1	(.)	(.)	_	_	_	_	_	shortpause	_	ContainsVariation=No	_	_	_	_	_	X(70)
124-2	TO054	124	2	(siete)	siete	_	_	_	_	_	linguistic	_	ContainsVariation=No	_	_	_	_	0-5(0)	0-5(70)
124-3	TO054	124	3	insieme].	insieme	_	_	_	_	_	linguistic	_	ContainsVariation=No	Intonation=Falling	End=388.699	_	_	_	0-7(70)
125-0	TO030	125	0	e::h	eh	_	_	_	_	_	linguistic	_	ContainsVariation=No	_	Begin=394.917	0x2	_	_	_
125-1	TO030	125	1	>devo	devo	_	_	_	_	_	linguistic	_	ContainsVariation=No	_	_	_	Fast=0-4(0)	_	_
125-2	TO030	125	2	portare	portare	_	_	_	_	_	linguistic	_	ContainsVariation=No	_	_	_	Fast=0-7(0)	_	_
125-3	TO030	125	3	un	un	_	_	_	_	_	linguistic	_	ContainsVariation=No	_	_	_	Fast=0-2(0)	_	_
125-4	TO030	125	4	soggetto	soggetto	_	_	_	_	_	linguistic	_	ContainsVariation=No	_	_	_	Fast=0-8(0)	_	_
125-5	TO030	125	5	per	per	_	_	_	_	_	linguistic	_	ContainsVariation=No	_	_	_	Fast=0-3(0)	_	_
125-6	TO030	125	6	un	un	_	_	_	_	_	linguistic	_	ContainsVariation=No	_	_	_	Fast=0-2(0)	_	_
125-7	TO030	125	7	lungometraggio<.	lungometraggio	_	_	_	_	_	linguistic	_	ContainsVariation=No	Intonation=Falling	_	_	Fast=0-14(0)	_	_
125-8	TO030	125	8	poi,	poi	_	_	_	_	_	linguistic	_	ContainsVariation=No	Intonation=WeaklyRising	_	_	_	_	_
125-9	TO030	125	9	una	una	_	_	_	_	_	linguistic	_	ContainsVariation=No	_	_	_	_	_	_
125-10	TO030	125	10	sino:ssi	sinossi	_	_	_	_	_	linguistic	_	ContainsVariation=No	_	_	3x1	_	_	_
125-11	TO030	125	11	del	del	_	_	_	_	_	linguistic	_	ContainsVariation=No	_	_	_	_	_	_
125-12	TO030	125	12	lungometraggio	lungometraggio	_	_	_	_	_	linguistic	_	ContainsVariation=No	_	_	_	_	_	_
125-13	TO030	125	13	quindi	quindi	_	_	_	_	_	linguistic	_	ContainsVariation=No	_	_	_	_	_	_
125-14	TO030	125	14	solo	solo	_	_	_	_	_	linguistic	_	ContainsVariation=No	_	_	_	_	_	_
125-15	TO030	125	15	una	una	_	_	_	_	_	linguistic	_	ContainsVariation=No	_	_	_	_	_	_
125-16	TO030	125	16	pagi[na],	pagina	_	_	_	_	_	linguistic	_	ContainsVariation=No	Intonation=WeaklyRising	End=399.542	_	_	_	4-6(71)
126-0	TO054	126	0	[sì],	sì	_	_	_	_	_	linguistic	_	ContainsVariation=No	Intonation=WeaklyRising	Begin=399.431|End=399.773	_	_	_	0-2(71)
127-0	TO030	127	0	e	e	_	_	_	_	_	linguistic	_	ContainsVariation=No	_	Begin=400.045	_	_	_	_
127-1	TO030	127	1	poi,	poi	_	_	_	_	_	linguistic	_	ContainsVariation=No	Intonation=WeaklyRising	_	_	_	_	_
127-2	TO030	127	2	un	un	_	_	_	_	_	linguistic	_	ContainsVariation=No	_	_	_	_	_	_
127-3	TO030	127	3	cortometraggio.	cortometraggio	_	_	_	_	_	linguistic	_	ContainsVariation=No	Intonation=Falling	_	_	_	_	_
127-4	TO030	127	4	quindi	quindi	_	_	_	_	_	linguistic	_	ContainsVariation=No	_	_	_	_	_	_
127-5	TO030	127	5	io	io	_	_	_	_	_	linguistic	_	ContainsVariation=No	_	_	_	_	_	_
127-6	TO030	127	6	ho	ho	_	_	_	_	_	linguistic	_	ContainsVariation=No	_	_	_	_	_	_
127-7	TO030	127	7	pensato.	pensato	_	_	_	_	_	linguistic	_	ContainsVariation=No	Intonation=Falling	_	_	_	_	_
127-8	TO030	127	8	se	se	_	_	_	_	_	linguistic	_	ContainsVariation=No	_	_	_	_	_	_
127-9	TO030	127	9	si	si	_	_	_	_	_	linguistic	_	ContainsVariation=No	_	_	_	_	_	_
127-10	TO030	127	10	può:,	può	_	_	_	_	_	linguistic	_	ContainsVariation=No	Intonation=WeaklyRising	_	2x1	_	_	_
127-11	TO030	127	11	io	io	_	_	_	_	_	linguistic	_	ContainsVariation=No	_	_	_	_	_	_
127-12	TO030	127	12	porto	porto	_	_	_	_	_	linguistic	_	ContainsVariation=No	_	_	_	_	_	_
127-13	TO030	127	13	questo	questo	_	_	_	_	_	linguistic	_	ContainsVariation=No	_	_	_	_	_	_
127-14	TO030	127	14	qua	qua	_	_	_	_	_	linguistic	_	ContainsVariation=No	_	_	_	_	_	_
127-15	TO030	127	15	che	che	_	_	_	_	_	linguistic	_	ContainsVariation=No	_	_	_	_	_	_
127-16	TO030	127	16	scrivo	scrivo	_	_	_	_	_	linguistic	_	ContainsVariation=No	_	_	_	_	_	_
127-17	TO030	127	17	per	per	_	_	_	_	_	linguistic	_	ContainsVariation=No	_	_	_	_	_	_
127-18	TO030	127	18	luciano.	luciano	_	_	_	_	_	linguistic	_	ContainsVariation=No	Intonation=Falling	_	_	_	_	_
127-19	TO030	127	19	ca[pito,	capito	_	_	_	_	_	linguistic	_	ContainsVariation=No	Intonation=WeaklyRising	_	_	_	_	2-6(72)
127-20	TO030	127	20	così	così	_	_	_	_	_	linguistic	_	ContainsVariation=No	_	_	_	_	_	0-4(72)
127-21	TO030	127	21	è	è	_	_	_	_	_	linguistic	_	ContainsVariation=No	_	_	_	_	_	0-1(72)
127-22	TO030	127	22	già	già	_	_	_	_	_	linguistic	_	ContainsVariation=No	_	_	_	_	_	0-3(72)
127-23	TO030	127	23	fat]to.	fatto	_	_	_	_	_	linguistic	_	ContainsVariation=No	Intonation=Falling	_	_	_	_	0-3(72)
127-24	TO030	127	24	non	non	_	_	_	_	_	linguistic	_	ContainsVariation=No	_	_	_	_	_	_
127-25	TO030	127	25	so	so	_	_	_	_	_	linguistic	_	ContainsVariation=No	_	_	_	_	_	_
127-26	TO030	127	26	se	se	_	_	_	_	_	linguistic	_	ContainsVariation=No	_	_	_	_	_	_
127-27	TO030	127	27	si	si	_	_	_	_	_	linguistic	_	ContainsVariation=No	_	_	_	_	_	_
127-28	TO030	127	28	può.	può	_	_	_	_	_	linguistic	_	ContainsVariation=No	Intonation=Falling	_	_	_	_	_
127-29	TO030	127	29	però,	però	_	_	_	_	_	linguistic	_	ContainsVariation=No	Intonation=WeaklyRising|PauseAfter=Yes	_	_	_	_	_
127-30	TO030	127	30	(.)	(.)	_	_	_	_	_	shortpause	_	ContainsVariation=No	_	_	_	_	_	_
127-31	TO030	127	31	io	io	_	_	_	_	_	linguistic	_	ContainsVariation=No	_	_	_	_	_	_
127-32	TO030	127	32	mi	mi	_	_	_	_	_	linguistic	_	ContainsVariation=No	_	_	_	_	_	_
127-33	TO030	127	33	informo,	informo	_	_	_	_	_	linguistic	_	ContainsVariation=No	Intonation=WeaklyRising	_	_	_	_	_
127-34	TO030	127	34	chie~	chie~	_	_	_	_	_	linguistic	_	ContainsVariation=No	Interrupted=Yes	_	_	_	_	_
127-35	TO030	127	35	telefono,	telefono	_	_	_	_	_	linguistic	_	ContainsVariation=No	Intonation=WeaklyRising	_	_	_	_	_
127-36	TO030	127	36	chiedo	chiedo	_	_	_	_	_	linguistic	_	ContainsVariation=No	_	_	_	_	_	_
127-37	TO030	127	37	se	se	_	_	_	_	_	linguistic	_	ContainsVariation=No	_	_	_	_	_	_
127-38	TO030	127	38	se	se	_	_	_	_	_	linguistic	_	ContainsVariation=No	_	_	_	_	_	_
127-39	TO030	127	39	fosse	fosse	_	_	_	_	_	linguistic	_	ContainsVariation=No	_	_	_	_	_	_
127-40	TO030	127	40	poss[ibile].	possibile	_	_	_	_	_	linguistic	_	ContainsVariation=No	Intonation=Falling	End=410.803	_	_	_	4-9(73)
128-0	TO054	128	0	[certo].	certo	_	_	_	_	_	linguistic	_	ContainsVariation=No	Intonation=Falling	Begin=405.308|End=405.918	_	_	_	0-5(72)
129-0	TO054	129	0	[certo].	certo	_	_	_	_	_	linguistic	_	ContainsVariation=No	Intonation=Falling	Begin=410.122|End=410.803	_	_	_	0-5(73)
130-0	TO030	130	0	ehm::	ehm	_	_	_	_	_	linguistic	_	ContainsVariation=No	_	Begin=411.519|End=412.631	2x2	_	_	_
131-0	TO030	131	0	rossana	rossana	_	_	_	_	_	linguistic	_	ContainsVariation=No	_	Begin=412.771	_	_	_	_
131-1	TO030	131	1	deve	deve	_	_	_	_	_	linguistic	_	ContainsVariation=No	_	_	_	_	_	_
131-2	TO030	131	2	portare	portare	_	_	_	_	_	linguistic	_	ContainsVariation=No	_	_	_	_	_	_
131-3	TO030	131	3	un	un	_	_	_	_	_	linguistic	_	ContainsVariation=No	_	_	_	_	_	_
131-4	TO030	131	4	piano:	piano	_	_	_	_	_	linguistic	_	ContainsVariation=No	_	_	4x1	_	_	_
131-5	TO030	131	5	di	di	_	_	_	_	_	linguistic	_	ContainsVariation=No	_	_	_	_	_	_
131-6	TO030	131	6	lavo:ro	lavoro	_	_	_	_	_	linguistic	_	ContainsVariation=No	_	_	3x1	_	_	_
131-7	TO030	131	7	per	per	_	_	_	_	_	linguistic	_	ContainsVariation=No	_	_	_	_	_	_
131-8	TO030	131	8	un	un	_	_	_	_	_	linguistic	_	ContainsVariation=No	ProsodicLink=Yes	_	_	_	_	_
131-9	TO030	131	9	eh,	eh	_	_	_	_	_	linguistic	_	ContainsVariation=No	Intonation=WeaklyRising	_	_	_	_	_
131-10	TO030	131	10	>perché	perché	_	_	_	_	_	linguistic	_	ContainsVariation=No	_	_	_	Fast=0-6(0)	_	_
131-11	TO030	131	11	lei	lei	_	_	_	_	_	linguistic	_	ContainsVariation=No	_	_	_	Fast=0-3(0)	_	_
131-12	TO030	131	12	fa	fa	_	_	_	_	_	linguistic	_	ContainsVariation=No	_	_	_	Fast=0-2(0)	_	_
131-13	TO030	131	13	produzio[ne<,	produzione	_	_	_	_	_	linguistic	_	ContainsVariation=No	Intonation=WeaklyRising	_	_	Fast=0-10(0)	_	8-10(74)
131-14	TO030	131	14	e	e	_	_	_	_	_	linguistic	_	ContainsVariation=No	_	_	_	_	_	0-1(74)
131-15	TO030	131	15	devi	devi	_	_	_	_	_	linguistic	_	ContainsVariation=No	_	_	_	_	_	0-4(74)
131-16	TO030	131	16	porta]re	portare	_	_	_	_	_	linguistic	_	ContainsVariation=No	_	_	_	_	_	0-5(74)
131-17	TO030	131	17	il	il	_	_	_	_	_	linguistic	_	ContainsVariation=No	_	_	_	_	_	_
131-18	TO030	131	18	piano	piano	_	_	_	_	_	linguistic	_	ContainsVariation=No	_	_	_	_	_	_
131-19	TO030	131	19	di	di	_	_	_	_	_	linguistic	_	ContainsVariation=No	_	_	_	_	_	_
131-20	TO030	131	20	lavoro	lavoro	_	_	_	_	_	linguistic	_	ContainsVariation=No	_	_	_	_	_	_
131-21	TO030	131	21	di	di	_	_	_	_	_	linguistic	_	ContainsVariation=No	_	_	_	_	_	_
131-22	TO030	131	22	un	un	_	_	_	_	_	linguistic	_	ContainsVariation=No	ProsodicLink=Yes	_	_	_	_	_
131-23	TO030	131	23	cioè	cioè	_	_	_	_	_	linguistic	_	ContainsVariation=No	_	_	_	_	_	_
131-24	TO030	131	24	loro	loro	_	_	_	_	_	linguistic	_	ContainsVariation=No	_	_	_	_	_	_
131-25	TO030	131	25	ti	ti	_	_	_	_	_	linguistic	_	ContainsVariation=No	_	_	_	_	_	_
131-26	TO030	131	26	danno	danno	_	_	_	_	_	linguistic	_	ContainsVariation=No	PauseAfter=Yes	_	_	_	_	_
131-27	TO030	131	27	(.)	(.)	_	_	_	_	_	shortpause	_	ContainsVariation=No	_	_	_	_	_	_
131-28	TO030	131	28	una	una	_	_	_	_	_	linguistic	_	ContainsVariation=No	_	_	_	_	_	_
131-29	TO030	131	29	lista	lista	_	_	_	_	_	linguistic	_	ContainsVariation=No	_	_	_	_	_	_
131-30	TO030	131	30	di	di	_	_	_	_	_	linguistic	_	ContainsVariation=No	_	_	_	_	_	_
131-31	TO030	131	31	film,	film	_	_	_	_	_	linguistic	_	ContainsVariation=No	Intonation=WeaklyRising	_	_	_	_	_
131-32	TO030	131	32	e	e	_	_	_	_	_	linguistic	_	ContainsVariation=No	_	_	_	_	_	_
131-33	TO030	131	33	tu	tu	_	_	_	_	_	linguistic	_	ContainsVariation=No	_	_	_	_	_	_
131-34	TO030	131	34	devi	devi	_	_	_	_	_	linguistic	_	ContainsVariation=No	_	_	_	_	_	_
131-35	TO030	131	35	fare	fare	_	_	_	_	_	linguistic	_	ContainsVariation=No	_	_	_	_	_	_
131-36	TO030	131	36	tipo	tipo	_	_	_	_	_	linguistic	_	ContainsVariation=No	_	_	_	_	_	_
131-37	TO030	131	37	il	il	_	_	_	_	_	linguistic	_	ContainsVariation=No	_	_	_	_	_	_
131-38	TO030	131	38	piano	piano	_	_	_	_	_	linguistic	_	ContainsVariation=No	_	_	_	_	_	_
131-39	TO030	131	39	di	di	_	_	_	_	_	linguistic	_	ContainsVariation=No	_	_	_	_	_	_
131-40	TO030	131	40	lavoro	lavoro	_	_	_	_	_	linguistic	_	ContainsVariation=No	_	_	_	_	_	_
131-41	TO030	131	41	<del	del	_	_	_	_	_	linguistic	_	ContainsVariation=No	_	_	_	Slow=0-3(0)	_	_
131-42	TO030	131	42	remake>	remake	_	_	_	_	_	linguistic	_	ContainsVariation=No	PauseAfter=Yes	_	_	Slow=0-6(0)	_	_
131-43	TO030	131	43	(.)	(.)	_	_	_	_	_	shortpause	_	ContainsVariation=No	_	_	_	_	_	_
131-44	TO030	131	44	di	di	_	_	_	_	_	linguistic	_	ContainsVariation=No	_	_	_	_	_	_
131-45	TO030	131	45	questo	questo	_	_	_	_	_	linguistic	_	ContainsVariation=No	_	_	_	_	_	_
131-46	TO030	131	46	film,	film	_	_	_	_	_	linguistic	_	ContainsVariation=No	Intonation=WeaklyRising	End=424.325	_	_	_	_
132-0	TO054	132	0	[mhmh],	mhmh	_	_	_	_	_	linguistic	_	ContainsVariation=No	Intonation=WeaklyRising	Begin=416.428|End=417.023	_	_	_	0-4(74)
133-0	TO030	133	0	e	e	_	_	_	_	_	linguistic	_	ContainsVariation=No	_	Begin=425.618	_	_	_	_
133-1	TO030	133	1	quindi	quindi	_	_	_	_	_	linguistic	_	ContainsVariation=No	_	_	_	_	_	_
133-2	TO030	133	2	sono	sono	_	_	_	_	_	linguistic	_	ContainsVariation=No	_	_	_	_	_	_
133-3	TO030	133	3	queste	queste	_	_	_	_	_	linguistic	_	ContainsVariation=No	_	_	_	_	_	_
133-4	TO030	133	4	le	le	_	_	_	_	_	linguistic	_	ContainsVariation=No	_	_	_	_	_	_
133-5	TO030	133	5	cose	cose	_	_	_	_	_	linguistic	_	ContainsVariation=No	_	_	_	_	_	_
133-6	TO030	133	6	da	da	_	_	_	_	_	linguistic	_	ContainsVariation=No	_	_	_	_	_	_
133-7	TO030	133	7	fare.	fare	_	_	_	_	_	linguistic	_	ContainsVariation=No	Intonation=Falling	End=427.486	_	_	_	_
134-0	TO030	134	0	io::::	io	_	_	_	_	_	linguistic	_	ContainsVariation=No	_	Begin=427.788	1x4	_	_	_
134-1	TO030	134	1	provo	provo	_	_	_	_	_	linguistic	_	ContainsVariation=No	_	_	_	_	_	_
134-2	TO030	134	2	sceneggiatura	sceneggiatura	_	_	_	_	_	linguistic	_	ContainsVariation=No	_	_	_	_	_	_
134-3	TO030	134	3	rossi	rossi	_	_	_	_	_	linguistic	_	ContainsVariation=No	_	_	_	_	_	_
134-4	TO030	134	4	produzione	produzione	_	_	_	_	_	linguistic	_	ContainsVariation=No	_	_	_	_	_	_
134-5	TO030	134	5	lucio::	lucio	_	_	_	_	_	linguistic	_	ContainsVariation=No	_	_	4x2	_	_	_
134-6	TO030	134	6	regia.	regia	_	_	_	_	_	linguistic	_	ContainsVariation=No	Intonation=Falling	_	_	_	_	_
134-7	TO030	134	7	<donatella>,	donatella	_	_	_	_	_	linguistic	_	ContainsVariation=No	Intonation=WeaklyRising	_	_	Slow=0-9(0)	_	_
134-8	TO030	134	8	vuole	vuole	_	_	_	_	_	linguistic	_	ContainsVariation=No	_	_	_	_	_	_
134-9	TO030	134	9	provare	provare	_	_	_	_	_	linguistic	_	ContainsVariation=No	_	_	_	_	_	_
134-10	TO030	134	10	regia	regia	_	_	_	_	_	linguistic	_	ContainsVariation=No	_	_	_	_	_	_
134-11	TO030	134	11	a	a	_	_	_	_	_	linguistic	_	ContainsVariation=No	_	_	_	_	_	_
134-12	TO030	134	12	roma,	roma	_	_	_	_	_	linguistic	_	ContainsVariation=No	Intonation=WeaklyRising	_	_	_	_	_
134-13	TO030	134	13	e	e	_	_	_	_	_	linguistic	_	ContainsVariation=No	_	_	_	_	_	_
134-14	TO030	134	14	poi	poi	_	_	_	_	_	linguistic	_	ContainsVariation=No	_	_	_	_	_	_
134-15	TO030	134	15	in	in	_	_	_	_	_	linguistic	_	ContainsVariation=No	_	_	_	_	_	_
134-16	TO030	134	16	lombardia,	lombardia	_	_	_	_	_	linguistic	_	ContainsVariation=No	Intonation=WeaklyRising	_	_	_	_	_
134-17	TO030	134	17	c'	c'	_	_	_	_	_	linguistic	_	ContainsVariation=No	SpaceAfter=No	_	_	_	_	_
134-18	TO030	134	18	è	è	_	_	_	_	_	linguistic	_	ContainsVariation=No	_	_	_	_	_	_
134-19	TO030	134	19	cinema	cinema	_	_	_	_	_	linguistic	_	ContainsVariation=No	_	_	_	_	_	_
134-20	TO030	134	20	per	per	_	_	_	_	_	linguistic	_	ContainsVariation=No	_	_	_	_	_	_
134-21	TO030	134	21	l'	l'	_	_	_	_	_	linguistic	_	ContainsVariation=No	SpaceAfter=No	_	_	_	_	_
134-22	TO030	134	22	impre~	impre~	_	_	_	_	_	linguistic	_	ContainsVariation=No	Interrupted=Yes	_	_	_	_	_
134-23	TO030	134	23	è	è	_	_	_	_	_	linguistic	_	ContainsVariation=No	_	_	_	_	_	_
134-24	TO030	134	24	sempre::	sempre	_	_	_	_	_	linguistic	_	ContainsVariation=No	_	_	5x2	_	_	_
134-25	TO030	134	25	centro	centro	_	_	_	_	_	linguistic	_	ContainsVariation=No	_	_	_	_	_	_
134-26	TO030	134	26	sperimentale,	sperimentale	_	_	_	_	_	linguistic	_	ContainsVariation=No	Intonation=WeaklyRising	_	_	_	_	_
134-27	TO030	134	27	però:	però	_	_	_	_	_	linguistic	_	ContainsVariation=No	_	_	3x1	_	_	_
134-28	TO030	134	28	in	in	_	_	_	_	_	linguistic	_	ContainsVariation=No	_	_	_	_	_	1-2(75)
134-29	TO030	134	29	[lombar]dia,	lombardia	_	_	_	_	_	linguistic	_	ContainsVariation=No	Intonation=WeaklyRising	End=437.762	_	_	_	0-5(75)
135-0	TO054	135	0	[sì],	sì	_	_	_	_	_	linguistic	_	ContainsVariation=No	Intonation=WeaklyRising	Begin=437.25|End=437.525	_	_	_	0-2(75)
136-0	TO030	136	0	vuole	vuole	_	_	_	_	_	linguistic	_	ContainsVariation=No	_	Begin=438.176	_	_	_	_
136-1	TO030	136	1	provare	provare	_	_	_	_	_	linguistic	_	ContainsVariation=No	_	_	_	_	_	_
136-2	TO030	136	2	cinema	cinema	_	_	_	_	_	linguistic	_	ContainsVariation=No	_	_	_	_	_	_
136-3	TO030	136	3	per	per	_	_	_	_	_	linguistic	_	ContainsVariation=No	_	_	_	_	_	_
136-4	TO030	136	4	l'	l'	_	_	_	_	_	linguistic	_	ContainsVariation=No	SpaceAfter=No	_	_	_	_	_
136-5	TO030	136	5	impre:sa,	impresa	_	_	_	_	_	linguistic	_	ContainsVariation=No	Intonation=WeaklyRising	_	4x1	_	_	_
136-6	TO030	136	6	che	che	_	_	_	_	_	linguistic	_	ContainsVariation=No	_	_	_	_	_	_
136-7	TO030	136	7	comunque	comunque	_	_	_	_	_	linguistic	_	ContainsVariation=No	_	_	_	_	_	_
136-8	TO030	136	8	(il)	il	_	_	_	_	_	linguistic	_	ContainsVariation=No	_	_	_	_	0-2(0)	_
136-9	TO030	136	9	lei	lei	_	_	_	_	_	linguistic	_	ContainsVariation=No	_	_	_	_	_	_
136-10	TO030	136	10	ha	ha	_	_	_	_	_	linguistic	_	ContainsVariation=No	_	_	_	_	_	_
136-11	TO030	136	11	più	più	_	_	_	_	_	linguistic	_	ContainsVariation=No	_	_	_	_	_	_
136-12	TO030	136	12	possibilità	possibilità	_	_	_	_	_	linguistic	_	ContainsVariation=No	_	_	_	_	_	_
136-13	TO030	136	13	di	di	_	_	_	_	_	linguistic	_	ContainsVariation=No	_	_	_	_	_	_
136-14	TO030	136	14	entrare	entrare	_	_	_	_	_	linguistic	_	ContainsVariation=No	_	_	_	_	_	_
136-15	TO030	136	15	a	a	_	_	_	_	_	linguistic	_	ContainsVariation=No	_	_	_	_	_	_
136-16	TO030	136	16	perché	perché	_	_	_	_	_	linguistic	_	ContainsVariation=No	_	_	_	_	_	_
136-17	TO030	136	17	isa	isa	_	_	_	_	_	linguistic	_	ContainsVariation=No	_	_	_	_	_	_
136-18	TO030	136	18	ha	ha	_	_	_	_	_	linguistic	_	ContainsVariation=No	_	_	_	_	_	_
136-19	TO030	136	19	un	un	_	_	_	_	_	linguistic	_	ContainsVariation=No	_	_	_	_	_	_
136-20	TO030	136	20	curriculum	curriculum	_	_	_	_	_	linguistic	_	ContainsVariation=No	_	_	_	_	_	_
136-21	TO030	136	21	buo~	buo~	_	_	_	_	_	linguistic	_	ContainsVariation=No	Interrupted=Yes	_	_	_	_	_
136-22	TO030	136	22	cioè	cioè	_	_	_	_	_	linguistic	_	ContainsVariation=No	_	_	_	_	_	_
136-23	TO030	136	23	[ha	ha	_	_	_	_	_	linguistic	_	ContainsVariation=No	_	_	_	_	_	0-2(76)
136-24	TO030	136	24	fatto	fatto	_	_	_	_	_	linguistic	_	ContainsVariation=No	_	_	_	_	_	0-5(76)
136-25	TO030	136	25	un	un	_	_	_	_	_	linguistic	_	ContainsVariation=No	_	_	_	_	_	0-2(76)
136-26	TO030	136	26	sacco	sacco	_	_	_	_	_	linguistic	_	ContainsVariation=No	_	_	_	_	_	0-5(76)
136-27	TO030	136	27	di]	di	_	_	_	_	_	linguistic	_	ContainsVariation=No	_	_	_	_	_	0-2(76)
136-28	TO030	136	28	cose,	cose	_	_	_	_	_	linguistic	_	ContainsVariation=No	Intonation=WeaklyRising	End=444.588	_	_	_	_
137-0	TO054	137	0	[eh.	eh	_	_	_	_	_	linguistic	_	ContainsVariation=No	Intonation=Falling	Begin=443.372	_	_	_	0-2(76)
137-1	TO054	137	1	sì],	sì	_	_	_	_	_	linguistic	_	ContainsVariation=No	Intonation=WeaklyRising	End=444.08	_	_	_	0-2(76)
138-0	TO030	138	0	>poi	poi	_	_	_	_	_	linguistic	_	ContainsVariation=No	_	Begin=444.856	_	Fast=0-3(0)	_	_
138-1	TO030	138	1	cinema	cinema	_	_	_	_	_	linguistic	_	ContainsVariation=No	_	_	_	Fast=0-6(0)	_	_
138-2	TO030	138	2	per	per	_	_	_	_	_	linguistic	_	ContainsVariation=No	_	_	_	Fast=0-3(0)	_	_
138-3	TO030	138	3	l'	l'	_	_	_	_	_	linguistic	_	ContainsVariation=No	SpaceAfter=No	_	_	Fast=0-2(0)	_	_
138-4	TO030	138	4	impresa	impresa	_	_	_	_	_	linguistic	_	ContainsVariation=No	_	_	_	Fast=0-7(0)	_	_
138-5	TO030	138	5	è	è	_	_	_	_	_	linguistic	_	ContainsVariation=No	_	_	_	Fast=0-1(0)	_	_
138-6	TO030	138	6	un	un	_	_	_	_	_	linguistic	_	ContainsVariation=No	_	_	_	Fast=0-2(0)	_	_
138-7	TO030	138	7	pochino	pochino	_	_	_	_	_	linguistic	_	ContainsVariation=No	_	_	_	Fast=0-7(0)	_	_
138-8	TO030	138	8	più	più	_	_	_	_	_	linguistic	_	ContainsVariation=No	_	_	_	Fast=0-3(0)	_	_
138-9	TO030	138	9	approcciabile	approcciabile	_	_	_	_	_	linguistic	_	ContainsVariation=No	_	_	_	Fast=0-13(0)	_	_
138-10	TO030	138	10	perché	perché	_	_	_	_	_	linguistic	_	ContainsVariation=No	_	_	_	Fast=0-6(0)	_	_
138-11	TO030	138	11	sono<	sono	_	_	_	_	_	linguistic	_	ContainsVariation=No	_	_	_	Fast=0-4(0)	_	_
138-12	TO030	138	12	<sedici>,	sedici	_	_	_	_	_	linguistic	_	ContainsVariation=No	Intonation=WeaklyRising	_	_	Slow=0-6(0)	_	_
138-13	TO030	138	13	persone	persone	_	_	_	_	_	linguistic	_	ContainsVariation=No	_	_	_	_	_	_
138-14	TO030	138	14	che	che	_	_	_	_	_	linguistic	_	ContainsVariation=No	_	_	_	_	_	_
138-15	TO030	138	15	entrano,	entrano	_	_	_	_	_	linguistic	_	ContainsVariation=No	Intonation=WeaklyRising	End=449.591	_	_	_	_
139-0	TO030	139	0	e	e	_	_	_	_	_	linguistic	_	ContainsVariation=No	_	Begin=449.843	_	_	_	_
139-1	TO030	139	1	dona	dona	_	_	_	_	_	linguistic	_	ContainsVariation=No	_	_	_	_	_	_
139-2	TO030	139	2	comunque	comunque	_	_	_	_	_	linguistic	_	ContainsVariation=No	_	_	_	_	_	_
139-3	TO030	139	3	secondo	secondo	_	_	_	_	_	linguistic	_	ContainsVariation=No	_	_	_	_	_	_
139-4	TO030	139	4	me,	me	_	_	_	_	_	linguistic	_	ContainsVariation=No	Intonation=WeaklyRising|PauseAfter=Yes	_	_	_	_	_
139-5	TO030	139	5	(.)	(.)	_	_	_	_	_	shortpause	_	ContainsVariation=No	_	_	_	_	_	_
139-6	TO030	139	6	[le	le	_	_	_	_	_	linguistic	_	ContainsVariation=No	_	_	_	_	_	0-2(77)
139-7	TO030	139	7	p~	p~	_	_	_	_	_	linguistic	_	ContainsVariation=No	Interrupted=Yes	_	_	_	_	0-2(77)
139-8	TO030	139	8	il:	il	_	_	_	_	_	linguistic	_	ContainsVariation=No	_	_	1x1	_	_	0-2(77)
139-9	TO030	139	9	cioè::	cioè	_	_	_	_	_	linguistic	_	ContainsVariation=No	_	_	3x2	_	_	0-4(77)
139-10	TO030	139	10	le	le	_	_	_	_	_	linguistic	_	ContainsVariation=No	_	_	_	_	_	0-2(77)
139-11	TO030	139	11	capacità	capacità	_	_	_	_	_	linguistic	_	ContainsVariation=No	_	_	_	_	_	0-8(77)
139-12	TO030	139	12	pe~	pe~	_	_	_	_	_	linguistic	_	ContainsVariation=No	Interrupted=Yes	_	_	_	_	0-3(77)
139-13	TO030	139	13	cioè	cioè	_	_	_	_	_	linguistic	_	ContainsVariation=No	_	_	_	_	_	0-4(77)
139-14	TO030	139	14	cinema]	cinema	_	_	_	_	_	linguistic	_	ContainsVariation=No	_	_	_	_	_	0-6(77)
139-15	TO030	139	15	per	per	_	_	_	_	_	linguistic	_	ContainsVariation=No	_	_	_	_	_	_
139-16	TO030	139	16	l'	l'	_	_	_	_	_	linguistic	_	ContainsVariation=No	SpaceAfter=No	_	_	_	_	_
139-17	TO030	139	17	impresa	impresa	_	_	_	_	_	linguistic	_	ContainsVariation=No	_	_	_	_	_	_
139-18	TO030	139	18	ce	ce	_	_	_	_	_	linguistic	_	ContainsVariation=No	_	_	_	_	_	_
139-19	TO030	139	19	la	la	_	_	_	_	_	linguistic	_	ContainsVariation=No	_	_	_	_	_	_
139-20	TO030	139	20	può	può	_	_	_	_	_	linguistic	_	ContainsVariation=No	_	_	_	_	_	_
139-21	TO030	139	21	fare	fare	_	_	_	_	_	linguistic	_	ContainsVariation=No	_	_	_	_	_	_
139-22	TO030	139	22	ad	ad	_	_	_	_	_	linguistic	_	ContainsVariation=No	_	_	_	_	_	_
139-23	TO030	139	23	entrare	entrare	_	_	_	_	_	linguistic	_	ContainsVariation=No	_	_	_	_	_	_
139-24	TO030	139	24	nel	nel	_	_	_	_	_	linguistic	_	ContainsVariation=No	_	_	_	_	_	_
139-25	TO030	139	25	senso.	senso	_	_	_	_	_	linguistic	_	ContainsVariation=No	Intonation=Falling	_	_	_	_	_
139-26	TO030	139	26	lei	lei	_	_	_	_	_	linguistic	_	ContainsVariation=No	_	_	_	_	_	_
139-27	TO030	139	27	ha	ha	_	_	_	_	_	linguistic	_	ContainsVariation=No	_	_	_	_	_	_
139-28	TO030	139	28	vinto	vinto	_	_	_	_	_	linguistic	_	ContainsVariation=No	_	_	_	_	_	_
139-29	TO030	139	29	al	al	_	_	_	_	_	linguistic	_	ContainsVariation=No	_	_	_	_	_	_
139-30	TO030	139	30	see	see	_	_	_	_	_	linguistic	_	ContainsVariation=No	_	_	_	_	_	_
139-31	TO030	139	31	you	you	_	_	_	_	_	linguistic	_	ContainsVariation=No	_	_	_	_	_	_
139-32	TO030	139	32	sound	sound	_	_	_	_	_	linguistic	_	ContainsVariation=No	_	_	_	_	_	_
139-33	TO030	139	33	°l'	l'	_	_	_	_	_	linguistic	_	ContainsVariation=No	SpaceAfter=No|Volume=low	_	_	_	_	_
139-34	TO030	139	34	anno	anno	_	_	_	_	_	linguistic	_	ContainsVariation=No	Volume=low	_	_	_	_	_
139-35	TO030	139	35	scorso.°	scorso	_	_	_	_	_	linguistic	_	ContainsVariation=No	Intonation=Falling|Volume=low	End=458.986	_	_	_	_
140-0	TO054	140	0	[certo.	certo	_	_	_	_	_	linguistic	_	ContainsVariation=No	Intonation=Falling	Begin=452.04	_	_	_	0-5(77)
140-1	TO054	140	1	brava	brava	_	_	_	_	_	linguistic	_	ContainsVariation=No	_	_	_	_	_	0-5(77)
140-2	TO054	140	2	xxx	xxx	_	_	_	_	_	unknown	_	ContainsVariation=No	Syllables=3	_	_	_	_	0-3(77)
140-3	TO054	140	3	contest	contest	_	_	_	_	_	linguistic	_	ContainsVariation=No	ProsodicLink=Yes	_	_	_	_	0-7(77)
140-4	TO054	140	4	eh].	eh	_	_	_	_	_	linguistic	_	ContainsVariation=No	Intonation=Falling	End=454.708	_	_	_	0-2(77)
141-0	TO030	141	0	quindi	quindi	_	_	_	_	_	linguistic	_	ContainsVariation=No	_	Begin=459.382	_	_	_	_
141-1	TO030	141	1	secondo	secondo	_	_	_	_	_	linguistic	_	ContainsVariation=No	_	_	_	_	_	_
141-2	TO030	141	2	me	me	_	_	_	_	_	linguistic	_	ContainsVariation=No	_	_	_	_	_	_
141-3	TO030	141	3	cinema	cinema	_	_	_	_	_	linguistic	_	ContainsVariation=No	_	_	_	_	_	_
141-4	TO030	141	4	per	per	_	_	_	_	_	linguistic	_	ContainsVariation=No	_	_	_	_	_	_
141-5	TO030	141	5	l'	l'	_	_	_	_	_	linguistic	_	ContainsVariation=No	SpaceAfter=No	_	_	_	_	_
141-6	TO030	141	6	impresa::	impresa	_	_	_	_	_	linguistic	_	ContainsVariation=No	ProsodicLink=Yes	_	6x2	_	_	_
141-7	TO030	141	7	anche	anche	_	_	_	_	_	linguistic	_	ContainsVariation=No	_	_	_	_	_	_
141-8	TO030	141	8	col	col	_	_	_	_	_	linguistic	_	ContainsVariation=No	_	_	_	_	_	_
141-9	TO030	141	9	curriculum	curriculum	_	_	_	_	_	linguistic	_	ContainsVariation=No	_	_	_	_	_	_
141-10	TO030	141	10	che	che	_	_	_	_	_	linguistic	_	ContainsVariation=No	_	_	_	_	_	_
141-11	TO030	141	11	ha	ha	_	_	_	_	_	linguistic	_	ContainsVariation=No	_	_	_	_	_	_
141-12	TO030	141	12	cioè	cioè	_	_	_	_	_	linguistic	_	ContainsVariation=No	_	_	_	_	_	_
141-13	TO030	141	13	v~	v~	_	_	_	_	_	linguistic	_	ContainsVariation=No	Interrupted=Yes	_	_	_	_	_
141-14	TO030	141	14	se	se	_	_	_	_	_	linguistic	_	ContainsVariation=No	_	_	_	_	_	_
141-15	TO030	141	15	vedono	vedono	_	_	_	_	_	linguistic	_	ContainsVariation=No	_	_	_	_	_	_
141-16	TO030	141	16	che	che	_	_	_	_	_	linguistic	_	ContainsVariation=No	_	_	_	_	_	_
141-17	TO030	141	17	ha	ha	_	_	_	_	_	linguistic	_	ContainsVariation=No	_	_	_	_	_	_
141-18	TO030	141	18	vinto	vinto	_	_	_	_	_	linguistic	_	ContainsVariation=No	_	_	_	_	_	_
141-19	TO030	141	19	della	della	_	_	_	_	_	linguistic	_	ContainsVariation=No	_	_	_	_	_	_
141-20	TO030	141	20	ro[ba,	roba	_	_	_	_	_	linguistic	_	ContainsVariation=No	Intonation=WeaklyRising	_	_	_	_	1-4(78)
141-21	TO030	141	21	che	che	_	_	_	_	_	linguistic	_	ContainsVariation=No	_	_	_	_	_	0-3(78)
141-22	TO030	141	22	anche	anche	_	_	_	_	_	linguistic	_	ContainsVariation=No	_	_	_	_	_	0-5(78)
141-23	TO030	141	23	le]i	lei	_	_	_	_	_	linguistic	_	ContainsVariation=No	_	_	_	_	_	0-2(78)
141-24	TO030	141	24	è	è	_	_	_	_	_	linguistic	_	ContainsVariation=No	_	_	_	_	_	_
141-25	TO030	141	25	andata	andata	_	_	_	_	_	linguistic	_	ContainsVariation=No	_	_	_	_	_	_
141-26	TO030	141	26	a	a	_	_	_	_	_	linguistic	_	ContainsVariation=No	_	_	_	_	_	_
141-27	TO030	141	27	londra,	londra	_	_	_	_	_	linguistic	_	ContainsVariation=No	Intonation=WeaklyRising	_	_	_	_	_
141-28	TO030	141	28	a	a	_	_	_	_	_	linguistic	_	ContainsVariation=No	_	_	_	_	_	_
141-29	TO030	141	29	fa~	fa~	_	_	_	_	_	linguistic	_	ContainsVariation=No	Interrupted=Yes	_	_	_	_	_
141-30	TO030	141	30	la	la	_	_	_	_	_	linguistic	_	ContainsVariation=No	_	_	_	_	_	_
141-31	TO030	141	31	cosa	cosa	_	_	_	_	_	linguistic	_	ContainsVariation=No	_	_	_	_	_	_
141-32	TO030	141	32	che	che	_	_	_	_	_	linguistic	_	ContainsVariation=No	_	_	_	_	_	_
141-33	TO030	141	33	vado	vado	_	_	_	_	_	linguistic	_	ContainsVariation=No	_	_	_	_	_	_
141-34	TO030	141	34	a	a	_	_	_	_	_	linguistic	_	ContainsVariation=No	_	_	_	_	_	_
141-35	TO030	141	35	fare	fare	_	_	_	_	_	linguistic	_	ContainsVariation=No	_	_	_	_	_	_
141-36	TO030	141	36	io,	io	_	_	_	_	_	linguistic	_	ContainsVariation=No	Intonation=WeaklyRising	_	_	_	_	_
141-37	TO030	141	37	che	che	_	_	_	_	_	linguistic	_	ContainsVariation=No	_	_	_	_	_	_
141-38	TO030	141	38	mi	mi	_	_	_	_	_	linguistic	_	ContainsVariation=No	_	_	_	_	_	_
141-39	TO030	141	39	ha::	ha	_	_	_	_	_	linguistic	_	ContainsVariation=No	_	_	1x2	_	_	_
141-40	TO030	141	40	>preso	preso	_	_	_	_	_	linguistic	_	ContainsVariation=No	_	_	_	Fast=0-5(0)	_	_
141-41	TO030	141	41	mia	mia	_	_	_	_	_	linguistic	_	ContainsVariation=No	_	_	_	Fast=0-3(0)	_	_
141-42	TO030	141	42	mamma<	mamma	_	_	_	_	_	linguistic	_	ContainsVariation=No	_	_	_	Fast=0-5(0)	_	_
141-43	TO030	141	43	isa	isa	_	_	_	_	_	linguistic	_	ContainsVariation=No	_	_	_	_	_	_
141-44	TO030	141	44	l'	l'	_	_	_	_	_	linguistic	_	ContainsVariation=No	SpaceAfter=No	_	_	_	_	_
141-45	TO030	141	45	ha	ha	_	_	_	_	_	linguistic	_	ContainsVariation=No	_	_	_	_	_	_
141-46	TO030	141	46	fatta	fatta	_	_	_	_	_	linguistic	_	ContainsVariation=No	_	_	_	_	_	_
141-47	TO030	141	47	di	di	_	_	_	_	_	linguistic	_	ContainsVariation=No	_	_	_	_	_	_
141-48	TO030	141	48	regia,	regia	_	_	_	_	_	linguistic	_	ContainsVariation=No	Intonation=WeaklyRising	End=468.679	_	_	_	_
142-0	TO054	142	0	[e::h],	eh	_	_	_	_	_	linguistic	_	ContainsVariation=No	Intonation=WeaklyRising	Begin=464.024|End=464.731	0x2	_	_	0-2(78)
143-0	TO054	143	0	(°fi::[go°)]	figo	_	_	_	_	_	linguistic	_	ContainsVariation=No	Volume=low	Begin=468.989|End=469.919	1x2	_	0-4(0)	2-4(79)
144-0	TO030	144	0	[ca]pito?	capito	_	_	_	_	_	linguistic	_	ContainsVariation=No	Intonation=Rising	Begin=469.743	_	_	_	0-2(79)
144-1	TO030	144	1	quindi	quindi	_	_	_	_	_	linguistic	_	ContainsVariation=No	_	_	_	_	_	_
144-2	TO030	144	2	son	son	_	_	_	_	_	linguistic	_	ContainsVariation=No	_	_	_	_	_	_
144-3	TO030	144	3	tutte	tutte	_	_	_	_	_	linguistic	_	ContainsVariation=No	_	_	_	_	_	_
144-4	TO030	144	4	cose,	cose	_	_	_	_	_	linguistic	_	ContainsVariation=No	Intonation=WeaklyRising	_	_	_	_	_
144-5	TO030	144	5	che:::	che	_	_	_	_	_	linguistic	_	ContainsVariation=No	_	_	2x3	_	_	_
144-6	TO030	144	6	secondo	secondo	_	_	_	_	_	linguistic	_	ContainsVariation=No	_	_	_	_	_	_
144-7	TO030	144	7	me	me	_	_	_	_	_	linguistic	_	ContainsVariation=No	_	_	_	_	_	_
144-8	TO030	144	8	la	la	_	_	_	_	_	linguistic	_	ContainsVariation=No	ProsodicLink=Yes	_	_	_	_	_
144-9	TO030	144	9	aiutano,	aiutano	_	_	_	_	_	linguistic	_	ContainsVariation=No	Intonation=WeaklyRising	_	_	_	_	_
144-10	TO030	144	10	è	è	_	_	_	_	_	linguistic	_	ContainsVariation=No	_	_	_	_	_	_
144-11	TO030	144	11	possibile	possibile	_	_	_	_	_	linguistic	_	ContainsVariation=No	_	_	_	_	_	_
144-12	TO030	144	12	che	che	_	_	_	_	_	linguistic	_	ContainsVariation=No	_	_	_	_	_	_
144-13	TO030	144	13	la	la	_	_	_	_	_	linguistic	_	ContainsVariation=No	_	_	_	_	_	_
144-14	TO030	144	14	prendano	prendano	_	_	_	_	_	linguistic	_	ContainsVariation=No	_	_	_	_	_	_
144-15	TO030	144	15	in	in	_	_	_	_	_	linguistic	_	ContainsVariation=No	_	_	_	_	_	_
144-16	TO030	144	16	considerazione	considerazione	_	_	_	_	_	linguistic	_	ContainsVariation=No	_	_	_	_	_	_
144-17	TO030	144	17	per	per	_	_	_	_	_	linguistic	_	ContainsVariation=No	_	_	_	_	_	_
144-18	TO030	144	18	cinema	cinema	_	_	_	_	_	linguistic	_	ContainsVariation=No	_	_	_	_	_	_
144-19	TO030	144	19	dell'	dell'	_	_	_	_	_	linguistic	_	ContainsVariation=No	SpaceAfter=No	_	_	_	_	_
144-20	TO030	144	20	impresa	impresa	_	_	_	_	_	linguistic	_	ContainsVariation=No	_	_	_	_	_	_
144-21	TO030	144	21	più	più	_	_	_	_	_	linguistic	_	ContainsVariation=No	_	_	_	_	_	_
144-22	TO030	144	22	che	che	_	_	_	_	_	linguistic	_	ContainsVariation=No	_	_	_	_	_	_
144-23	TO030	144	23	per	per	_	_	_	_	_	linguistic	_	ContainsVariation=No	_	_	_	_	_	_
144-24	TO030	144	24	regia	regia	_	_	_	_	_	linguistic	_	ContainsVariation=No	_	_	_	_	_	_
144-25	TO030	144	25	che::	che	_	_	_	_	_	linguistic	_	ContainsVariation=No	ProsodicLink=Yes	_	2x2	_	_	_
144-26	TO030	144	26	è	è	_	_	_	_	_	linguistic	_	ContainsVariation=No	_	_	_	_	_	_
144-27	TO030	144	27	abbastanza	abbastanza	_	_	_	_	_	linguistic	_	ContainsVariation=No	_	_	_	_	_	_
144-28	TO030	144	28	real~	real~	_	_	_	_	_	linguistic	_	ContainsVariation=No	Interrupted=Yes	_	_	_	_	_
144-29	TO030	144	29	mh	mh	_	_	_	_	_	linguistic	_	ContainsVariation=No	_	_	_	_	_	_
144-30	TO030	144	30	poco	poco	_	_	_	_	_	linguistic	_	ContainsVariation=No	_	_	_	_	_	_
144-31	TO030	144	31	reali[stico],	realistico	_	_	_	_	_	linguistic	_	ContainsVariation=No	Intonation=WeaklyRising	End=480.586	_	_	_	4-10(80)
145-0	TO054	145	0	[sì].	sì	_	_	_	_	_	linguistic	_	ContainsVariation=No	Intonation=Falling	Begin=480.136|End=480.641	_	_	_	0-2(80)
146-0	TO054	146	0	[sì].	sì	_	_	_	_	_	linguistic	_	ContainsVariation=No	Intonation=Falling	Begin=480.972|End=481.551	_	_	_	0-2(81)
147-0	TO030	147	0	[cioè].	cioè	_	_	_	_	_	linguistic	_	ContainsVariation=No	Intonation=Falling	Begin=480.977	_	_	_	0-4(81)
147-1	TO030	147	1	ma	ma	_	_	_	_	_	linguistic	_	ContainsVariation=No	_	_	_	_	_	_
147-2	TO030	147	2	infatti	infatti	_	_	_	_	_	linguistic	_	ContainsVariation=No	_	_	_	_	_	_
147-3	TO030	147	3	gliel'	gliel'	_	_	_	_	_	linguistic	_	ContainsVariation=No	SpaceAfter=No	_	_	_	_	_
147-4	TO030	147	4	ho	ho	_	_	_	_	_	linguistic	_	ContainsVariation=No	_	_	_	_	_	_
147-5	TO030	147	5	detto	detto	_	_	_	_	_	linguistic	_	ContainsVariation=No	_	_	_	_	_	_
147-6	TO030	147	6	cioè	cioè	_	_	_	_	_	linguistic	_	ContainsVariation=No	_	_	_	_	_	_
147-7	TO030	147	7	io:,	io	_	_	_	_	_	linguistic	_	ContainsVariation=No	Intonation=WeaklyRising	_	1x1	_	_	_
147-8	TO030	147	8	io	io	_	_	_	_	_	linguistic	_	ContainsVariation=No	_	_	_	_	_	_
147-9	TO030	147	9	e	e	_	_	_	_	_	linguistic	_	ContainsVariation=No	_	_	_	_	_	_
147-10	TO030	147	10	rossana	rossana	_	_	_	_	_	linguistic	_	ContainsVariation=No	_	_	_	_	_	_
147-11	TO030	147	11	abbiamo	abbiamo	_	_	_	_	_	linguistic	_	ContainsVariation=No	_	_	_	_	_	_
147-12	TO030	147	12	avuto	avuto	_	_	_	_	_	linguistic	_	ContainsVariation=No	_	_	_	_	_	_
147-13	TO030	147	13	del	del	_	_	_	_	_	linguistic	_	ContainsVariation=No	_	_	_	_	_	_
147-14	TO030	147	14	contrasti	contrasti	_	_	_	_	_	linguistic	_	ContainsVariation=No	_	_	_	_	_	_
147-15	TO030	147	15	su	su	_	_	_	_	_	linguistic	_	ContainsVariation=No	_	_	_	_	_	_
147-16	TO030	147	16	questa	questa	_	_	_	_	_	linguistic	_	ContainsVariation=No	_	_	_	_	_	_
147-17	TO030	147	17	cosa,	cosa	_	_	_	_	_	linguistic	_	ContainsVariation=No	Intonation=WeaklyRising	_	_	_	_	_
147-18	TO030	147	18	perché	perché	_	_	_	_	_	linguistic	_	ContainsVariation=No	_	_	_	_	_	_
147-19	TO030	147	19	lei	lei	_	_	_	_	_	linguistic	_	ContainsVariation=No	_	_	_	_	_	_
147-20	TO030	147	20	è	è	_	_	_	_	_	linguistic	_	ContainsVariation=No	_	_	_	_	_	_
147-21	TO030	147	21	molto	molto	_	_	_	_	_	linguistic	_	ContainsVariation=No	_	_	_	_	_	_
147-22	TO030	147	22	gasata.	gasata	_	_	_	_	_	linguistic	_	ContainsVariation=No	Intonation=Falling	_	_	_	_	_
147-23	TO030	147	23	e	e	_	_	_	_	_	linguistic	_	ContainsVariation=No	_	_	_	_	_	_
147-24	TO030	147	24	a	a	_	_	_	_	_	linguistic	_	ContainsVariation=No	_	_	_	_	_	_
147-25	TO030	147	25	me	me	_	_	_	_	_	linguistic	_	ContainsVariation=No	_	_	_	_	_	_
147-26	TO030	147	26	dà	dà	_	_	_	_	_	linguistic	_	ContainsVariation=No	_	_	_	_	_	_
147-27	TO030	147	27	fastidio,	fastidio	_	_	_	_	_	linguistic	_	ContainsVariation=No	Intonation=WeaklyRising	_	_	_	_	_
147-28	TO030	147	28	perché	perché	_	_	_	_	_	linguistic	_	ContainsVariation=No	_	_	_	_	_	_
147-29	TO030	147	29	dico	dico	_	_	_	_	_	linguistic	_	ContainsVariation=No	_	_	_	_	_	_
147-30	TO030	147	30	rossana,	rossana	_	_	_	_	_	linguistic	_	ContainsVariation=No	Intonation=WeaklyRising	_	_	_	_	_
147-31	TO030	147	31	cioè::,	cioè	_	_	_	_	_	linguistic	_	ContainsVariation=No	Intonation=WeaklyRising	End=488.221	3x2	_	_	_
148-0	TO030	148	0	c'	c'	_	_	_	_	_	linguistic	_	ContainsVariation=No	SpaceAfter=No	Begin=489.921	_	_	_	_
148-1	TO030	148	1	è	è	_	_	_	_	_	linguistic	_	ContainsVariation=No	_	_	_	_	_	_
148-2	TO030	148	2	una	una	_	_	_	_	_	linguistic	_	ContainsVariation=No	_	_	_	_	_	_
148-3	TO030	148	3	possibilità	possibilità	_	_	_	_	_	linguistic	_	ContainsVariation=No	_	_	_	_	_	_
148-4	TO030	148	4	su	su	_	_	_	_	_	linguistic	_	ContainsVariation=No	_	_	_	_	_	_
148-5	TO030	148	5	un	un	_	_	_	_	_	linguistic	_	ContainsVariation=No	_	_	_	_	_	_
148-6	TO030	148	6	milio:ne	milione	_	_	_	_	_	linguistic	_	ContainsVariation=No	_	_	4x1	_	_	_
148-7	TO030	148	7	che	che	_	_	_	_	_	linguistic	_	ContainsVariation=No	_	_	_	_	_	_
148-8	TO030	148	8	entriamo	entriamo	_	_	_	_	_	linguistic	_	ContainsVariation=No	_	_	_	_	_	_
148-9	TO030	148	9	veramente.	veramente	_	_	_	_	_	linguistic	_	ContainsVariation=No	Intonation=Falling	_	_	_	_	_
148-10	TO030	148	10	cioè	cioè	_	_	_	_	_	linguistic	_	ContainsVariation=No	_	_	_	_	_	_
148-11	TO030	148	11	non	non	_	_	_	_	_	linguistic	_	ContainsVariation=No	ProsodicLink=Yes	_	_	_	_	_
148-12	TO030	148	12	e::::h,	eh	_	_	_	_	_	linguistic	_	ContainsVariation=No	Intonation=WeaklyRising	End=495.401	0x4	_	_	_
149-0	TO054	149	0	e:h,	eh	_	_	_	_	_	linguistic	_	ContainsVariation=No	Intonation=WeaklyRising	Begin=497.34	0x1	_	_	_
149-1	TO054	149	1	lo	lo	_	_	_	_	_	linguistic	_	ContainsVariation=No	_	_	_	_	_	_
149-2	TO054	149	2	[so],	so	_	_	_	_	_	linguistic	_	ContainsVariation=No	Intonation=WeaklyRising	End=498.298	_	_	_	0-2(82)
150-0	TO030	150	0	[se	se	_	_	_	_	_	linguistic	_	ContainsVariation=No	_	Begin=497.913	_	_	_	0-2(82)
150-1	TO030	150	1	l'	l'	_	_	_	_	_	linguistic	_	ContainsVariation=No	SpaceAfter=No	_	_	_	_	0-2(82)
150-2	TO030	150	2	è	è	_	_	_	_	_	linguistic	_	ContainsVariation=No	_	_	_	_	_	0-1(82)
150-3	TO030	150	3	mes]sa	messa	_	_	_	_	_	linguistic	_	ContainsVariation=No	_	_	_	_	_	0-3(82)
150-4	TO030	150	4	sul	sul	_	_	_	_	_	linguistic	_	ContainsVariation=No	_	_	_	_	_	_
150-5	TO030	150	5	cuo:re	cuore	_	_	_	_	_	linguistic	_	ContainsVariation=No	_	_	2x1	_	_	_
150-6	TO030	150	6	lei	lei	_	_	_	_	_	linguistic	_	ContainsVariation=No	_	_	_	_	_	_
150-7	TO030	150	7	proprio.	proprio	_	_	_	_	_	linguistic	_	ContainsVariation=No	Intonation=Falling	_	_	_	_	_
150-8	TO030	150	8	cioè	cioè	_	_	_	_	_	linguistic	_	ContainsVariation=No	_	_	_	_	_	_
150-9	TO030	150	9	lei	lei	_	_	_	_	_	linguistic	_	ContainsVariation=No	_	_	_	_	_	_
150-10	TO030	150	10	dice	dice	_	_	_	_	_	linguistic	_	ContainsVariation=No	_	_	_	_	_	_
150-11	TO030	150	11	cose,	cose	_	_	_	_	_	linguistic	_	ContainsVariation=No	Intonation=WeaklyRising	_	_	_	_	_
150-12	TO030	150	12	pensa	pensa	_	_	_	_	_	linguistic	_	ContainsVariation=No	_	_	_	_	_	_
150-13	TO030	150	13	che	che	_	_	_	_	_	linguistic	_	ContainsVariation=No	_	_	_	_	_	_
150-14	TO030	150	14	bello	bello	_	_	_	_	_	linguistic	_	ContainsVariation=No	_	_	_	_	_	_
150-15	TO030	150	15	se	se	_	_	_	_	_	linguistic	_	ContainsVariation=No	_	_	_	_	_	_
150-16	TO030	150	16	io	io	_	_	_	_	_	linguistic	_	ContainsVariation=No	_	_	_	_	_	_
150-17	TO030	150	17	te	te	_	_	_	_	_	linguistic	_	ContainsVariation=No	ProsodicLink=Yes	_	_	_	_	_
150-18	TO030	150	18	e	e	_	_	_	_	_	linguistic	_	ContainsVariation=No	_	_	_	_	_	_
150-19	TO030	150	19	lucio,	lucio	_	_	_	_	_	linguistic	_	ContainsVariation=No	Intonation=WeaklyRising	_	_	_	_	_
150-20	TO030	150	20	andiamo	andiamo	_	_	_	_	_	linguistic	_	ContainsVariation=No	_	_	_	_	_	_
150-21	TO030	150	21	a	a	_	_	_	_	_	linguistic	_	ContainsVariation=No	_	_	_	_	_	_
150-22	TO030	150	22	vivere	vivere	_	_	_	_	_	linguistic	_	ContainsVariation=No	_	_	_	_	_	_
150-23	TO030	150	23	a	a	_	_	_	_	_	linguistic	_	ContainsVariation=No	_	_	_	_	_	_
150-24	TO030	150	24	roma	roma	_	_	_	_	_	linguistic	_	ContainsVariation=No	_	_	_	_	_	_
150-25	TO030	150	25	insieme	insieme	_	_	_	_	_	linguistic	_	ContainsVariation=No	_	_	_	_	_	_
150-26	TO030	150	26	l'	l'	_	_	_	_	_	linguistic	_	ContainsVariation=No	SpaceAfter=No	_	_	_	_	_
150-27	TO030	150	27	anno	anno	_	_	_	_	_	linguistic	_	ContainsVariation=No	_	_	_	_	_	_
150-28	TO030	150	28	prossimo,	prossimo	_	_	_	_	_	linguistic	_	ContainsVariation=No	Intonation=WeaklyRising	_	_	_	_	_
150-29	TO030	150	29	>(gli)	gli	_	_	_	_	_	linguistic	_	ContainsVariation=No	_	_	_	Fast=0-3(0)	0-2(0)	_
150-30	TO030	150	30	ho	ho	_	_	_	_	_	linguistic	_	ContainsVariation=No	_	_	_	Fast=0-2(0)	_	_
150-31	TO030	150	31	detto	detto	_	_	_	_	_	linguistic	_	ContainsVariation=No	_	_	_	Fast=0-5(0)	_	_
150-32	TO030	150	32	rossana<,	rossana	_	_	_	_	_	linguistic	_	ContainsVariation=No	Intonation=WeaklyRising	_	_	Fast=0-6(0)	_	_
150-33	TO030	150	33	cioè	cioè	_	_	_	_	_	linguistic	_	ContainsVariation=No	_	_	_	_	_	_
150-34	TO030	150	34	è	è	_	_	_	_	_	linguistic	_	ContainsVariation=No	_	_	_	_	_	_
150-35	TO030	150	35	già	già	_	_	_	_	_	linguistic	_	ContainsVariation=No	_	_	_	_	_	_
150-36	TO030	150	36	tanto	tanto	_	_	_	_	_	linguistic	_	ContainsVariation=No	_	_	_	_	_	_
150-37	TO030	150	37	se	se	_	_	_	_	_	linguistic	_	ContainsVariation=No	_	_	_	_	_	_
150-38	TO030	150	38	ne	ne	_	_	_	_	_	linguistic	_	ContainsVariation=No	_	_	_	_	_	_
150-39	TO030	150	39	pigliano	pigliano	_	_	_	_	_	linguistic	_	ContainsVariation=No	_	_	_	_	_	_
150-40	TO030	150	40	uno	uno	_	_	_	_	_	linguistic	_	ContainsVariation=No	_	_	_	_	_	_
150-41	TO030	150	41	di	di	_	_	_	_	_	linguistic	_	ContainsVariation=No	_	_	_	_	_	_
150-42	TO030	150	42	noi.	noi	_	_	_	_	_	linguistic	_	ContainsVariation=No	Intonation=Falling	_	_	_	_	_
150-43	TO030	150	43	figurati	figurati	_	_	_	_	_	linguistic	_	ContainsVariation=No	_	_	_	_	_	_
150-44	TO030	150	44	se	se	_	_	_	_	_	linguistic	_	ContainsVariation=No	_	_	_	_	_	_
150-45	TO030	150	45	piglian	piglian	_	_	_	_	_	linguistic	_	ContainsVariation=No	_	_	_	_	_	_
150-46	TO030	150	46	tutti	tutti	_	_	_	_	_	linguistic	_	ContainsVariation=No	_	_	_	_	_	_
150-47	TO030	150	47	e	e	_	_	_	_	_	linguistic	_	ContainsVariation=No	_	_	_	_	_	_
150-48	TO030	150	48	tre.	tre	_	_	_	_	_	linguistic	_	ContainsVariation=No	Intonation=Falling	_	_	_	_	_
150-49	TO030	150	49	ma	ma	_	_	_	_	_	linguistic	_	ContainsVariation=No	_	_	_	_	_	_
150-50	TO030	150	50	proprio	proprio	_	_	_	_	_	linguistic	_	ContainsVariation=No	_	_	_	_	_	_
150-51	TO030	150	51	ma	ma	_	_	_	_	_	linguistic	_	ContainsVariation=No	_	_	_	_	_	_
150-52	TO030	150	52	proprio	proprio	_	_	_	_	_	linguistic	_	ContainsVariation=No	_	_	_	_	_	_
150-53	TO030	150	53	non	non	_	_	_	_	_	linguistic	_	ContainsVariation=No	_	_	_	_	_	_
150-54	TO030	150	54	è	è	_	_	_	_	_	linguistic	_	ContainsVariation=No	_	_	_	_	_	_
150-55	TO030	150	55	proprio	proprio	_	_	_	_	_	linguistic	_	ContainsVariation=No	_	_	_	_	_	_
150-56	TO030	150	56	possi:bile	possibile	_	_	_	_	_	linguistic	_	ContainsVariation=No	_	_	4x1	_	_	_
150-57	TO030	150	57	capi:to,	capito	_	_	_	_	_	linguistic	_	ContainsVariation=No	Intonation=WeaklyRising	End=511.993	3x1	_	_	_
151-0	TO030	151	0	non	non	_	_	_	_	_	linguistic	_	ContainsVariation=No	_	Begin=512.193	_	_	_	_
151-1	TO030	151	1	è	è	_	_	_	_	_	linguistic	_	ContainsVariation=No	_	_	_	_	_	_
151-2	TO030	151	2	proprio	proprio	_	_	_	_	_	linguistic	_	ContainsVariation=No	_	_	_	_	_	_
151-3	TO030	151	3	pos[si:bile].	possibile	_	_	_	_	_	linguistic	_	ContainsVariation=No	Intonation=Falling	End=513.573	4x1	_	_	3-9(83)
152-0	TO054	152	0	[e:h	eh	_	_	_	_	_	linguistic	_	ContainsVariation=No	_	Begin=512.871	0x1	_	_	0-2(83)
152-1	TO054	152	1	lo	lo	_	_	_	_	_	linguistic	_	ContainsVariation=No	_	_	_	_	_	0-2(83)
152-2	TO054	152	2	so].	so	_	_	_	_	_	linguistic	_	ContainsVariation=No	Intonation=Falling	End=513.607	_	_	_	0-2(83)
153-0	TO030	153	0	e:::h	eh	_	_	_	_	_	linguistic	_	ContainsVariation=No	_	Begin=514.123|End=515.159	0x3	_	_	_
154-0	TO054	154	0	cioè,	cioè	_	_	_	_	_	linguistic	_	ContainsVariation=No	Intonation=WeaklyRising	Begin=515.159	_	_	_	_
154-1	TO054	154	1	è	è	_	_	_	_	_	linguistic	_	ContainsVariation=No	_	_	_	_	_	_
154-2	TO054	154	2	giusto,	giusto	_	_	_	_	_	linguistic	_	ContainsVariation=No	Intonation=WeaklyRising	_	_	_	_	_
154-3	TO054	154	3	giusto	giusto	_	_	_	_	_	linguistic	_	ContainsVariation=No	_	_	_	_	_	_
154-4	TO054	154	4	pen[sa:rlo],	pensarlo	_	_	_	_	_	linguistic	_	ContainsVariation=No	Intonation=WeaklyRising	End=517.592	4x1	_	_	3-8(84)
155-0	TO030	155	0	[ma,	ma	_	_	_	_	_	linguistic	_	ContainsVariation=No	Intonation=WeaklyRising	Begin=516.808	_	_	_	0-2(84)
155-1	TO030	155	1	allor~	allor~	_	_	_	_	_	linguistic	_	ContainsVariation=No	Interrupted=Yes	_	_	_	_	0-6(84)
155-2	TO030	155	2	ma	ma	_	_	_	_	_	linguistic	_	ContainsVariation=No	_	_	_	_	_	0-2(84)
155-3	TO030	155	3	infat]ti	infatti	_	_	_	_	_	linguistic	_	ContainsVariation=No	_	_	_	_	_	0-5(84)
155-4	TO030	155	4	cioè.	cioè	_	_	_	_	_	linguistic	_	ContainsVariation=No	Intonation=Falling	_	_	_	_	_
155-5	TO030	155	5	lei	lei	_	_	_	_	_	linguistic	_	ContainsVariation=No	_	_	_	_	_	_
155-6	TO030	155	6	mi,	mi	_	_	_	_	_	linguistic	_	ContainsVariation=No	Intonation=WeaklyRising	_	_	_	_	_
155-7	TO030	155	7	lei	lei	_	_	_	_	_	linguistic	_	ContainsVariation=No	_	_	_	_	_	_
155-8	TO030	155	8	continuava	continuava	_	_	_	_	_	linguistic	_	ContainsVariation=No	_	_	_	_	_	_
155-9	TO030	155	9	a	a	_	_	_	_	_	linguistic	_	ContainsVariation=No	_	_	_	_	_	_
155-10	TO030	155	10	dirmi	dirmi	_	_	_	_	_	linguistic	_	ContainsVariation=No	_	_	_	_	_	_
155-11	TO030	155	11	però::	però	_	_	_	_	_	linguistic	_	ContainsVariation=No	_	_	3x2	_	_	_
155-12	TO030	155	12	secondo	secondo	_	_	_	_	_	linguistic	_	ContainsVariation=No	_	_	_	_	_	_
155-13	TO030	155	13	me	me	_	_	_	_	_	linguistic	_	ContainsVariation=No	_	_	_	_	_	_
155-14	TO030	155	14	non	non	_	_	_	_	_	linguistic	_	ContainsVariation=No	_	_	_	_	_	_
155-15	TO030	155	15	provarci	provarci	_	_	_	_	_	linguistic	_	ContainsVariation=No	_	_	_	_	_	_
155-16	TO030	155	16	è	è	_	_	_	_	_	linguistic	_	ContainsVariation=No	_	_	_	_	_	_
155-17	TO030	155	17	sbagliato,	sbagliato	_	_	_	_	_	linguistic	_	ContainsVariation=No	Intonation=WeaklyRising	_	_	_	_	_
155-18	TO030	155	18	io	io	_	_	_	_	_	linguistic	_	ContainsVariation=No	_	_	_	_	_	_
155-19	TO030	155	19	>gli	gli	_	_	_	_	_	linguistic	_	ContainsVariation=No	_	_	_	Fast=0-3(0)	_	_
155-20	TO030	155	20	ho	ho	_	_	_	_	_	linguistic	_	ContainsVariation=No	_	_	_	Fast=0-2(0)	_	_
155-21	TO030	155	21	detto<	detto	_	_	_	_	_	linguistic	_	ContainsVariation=No	_	_	_	Fast=0-5(0)	_	_
155-22	TO030	155	22	[ma	ma	_	_	_	_	_	linguistic	_	ContainsVariation=No	ProsodicLink=Yes	_	_	_	_	0-2(85)
155-23	TO030	155	23	eh	eh	_	_	_	_	_	linguistic	_	ContainsVariation=No	_	_	_	_	_	0-2(85)
155-24	TO030	155	24	rossi],	rossi	_	_	_	_	_	linguistic	_	ContainsVariation=No	Intonation=WeaklyRising	_	_	_	_	0-5(85)
155-25	TO030	155	25	mi	mi	_	_	_	_	_	linguistic	_	ContainsVariation=No	_	_	_	_	_	_
155-26	TO030	155	26	infatti	infatti	_	_	_	_	_	linguistic	_	ContainsVariation=No	_	_	_	_	_	_
155-27	TO030	155	27	(lui	lui	_	_	_	_	_	linguistic	_	ContainsVariation=No	_	_	_	_	0-3(0)	_
155-28	TO030	155	28	t~)	t~	_	_	_	_	_	linguistic	_	ContainsVariation=No	Interrupted=Yes	_	_	_	0-2(0)	_
155-29	TO030	155	29	io	io	_	_	_	_	_	linguistic	_	ContainsVariation=No	_	_	_	_	_	_
155-30	TO030	155	30	ti	ti	_	_	_	_	_	linguistic	_	ContainsVariation=No	_	_	_	_	_	_
155-31	TO030	155	31	ho	ho	_	_	_	_	_	linguistic	_	ContainsVariation=No	_	_	_	_	_	_
155-32	TO030	155	32	mai	mai	_	_	_	_	_	linguistic	_	ContainsVariation=No	_	_	_	_	_	_
155-33	TO030	155	33	detto	detto	_	_	_	_	_	linguistic	_	ContainsVariation=No	_	_	_	_	_	_
155-34	TO030	155	34	che	che	_	_	_	_	_	linguistic	_	ContainsVariation=No	_	_	_	_	_	_
155-35	TO030	155	35	non	non	_	_	_	_	_	linguistic	_	ContainsVariation=No	_	_	_	_	_	_
155-36	TO030	155	36	provo?	provo	_	_	_	_	_	linguistic	_	ContainsVariation=No	Intonation=Rising	_	_	_	_	_
155-37	TO030	155	37	pro::vo.	provo	_	_	_	_	_	linguistic	_	ContainsVariation=No	Intonation=Falling	End=525.074	2x2	_	_	_
156-0	TO054	156	0	[giusto].	giusto	_	_	_	_	_	linguistic	_	ContainsVariation=No	Intonation=Falling	Begin=521.553|End=522.053	_	_	_	0-6(85)
157-0	TO030	157	0	però	però	_	_	_	_	_	linguistic	_	ContainsVariation=No	_	Begin=525.363	_	_	_	_
157-1	TO030	157	1	nel	nel	_	_	_	_	_	linguistic	_	ContainsVariation=No	_	_	_	_	_	_
157-2	TO030	157	2	senso	senso	_	_	_	_	_	linguistic	_	ContainsVariation=No	_	_	_	_	_	_
157-3	TO030	157	3	ci	ci	_	_	_	_	_	linguistic	_	ContainsVariation=No	_	_	_	_	_	_
157-4	TO030	157	4	provo,	provo	_	_	_	_	_	linguistic	_	ContainsVariation=No	Intonation=WeaklyRising	_	_	_	_	_
157-5	TO030	157	5	col	col	_	_	_	_	_	linguistic	_	ContainsVariation=No	_	_	_	_	_	_
157-6	TO030	157	6	[cuore	cuore	_	_	_	_	_	linguistic	_	ContainsVariation=No	_	_	_	_	_	0-5(86)
157-7	TO030	157	7	leggero].	leggero	_	_	_	_	_	linguistic	_	ContainsVariation=No	Intonation=Falling	End=528.278	_	_	_	0-7(86)
158-0	TO054	158	0	[consapevole].	consapevole	_	_	_	_	_	linguistic	_	ContainsVariation=No	Intonation=Falling	Begin=527.339|End=528.202	_	_	_	0-11(86)
159-0	TO030	159	0	perché	perché	_	_	_	_	_	linguistic	_	ContainsVariation=No	_	Begin=528.495	_	_	_	_
159-1	TO030	159	1	non	non	_	_	_	_	_	linguistic	_	ContainsVariation=No	_	_	_	_	_	_
159-2	TO030	159	2	vado	vado	_	_	_	_	_	linguistic	_	ContainsVariation=No	_	_	_	_	_	_
159-3	TO030	159	3	lì	lì	_	_	_	_	_	linguistic	_	ContainsVariation=No	_	_	_	_	_	_
159-4	TO030	159	4	proprio	proprio	_	_	_	_	_	linguistic	_	ContainsVariation=No	_	_	_	_	_	_
159-5	TO030	159	5	con	con	_	_	_	_	_	linguistic	_	ContainsVariation=No	ProsodicLink=Yes	_	_	_	_	_
159-6	TO030	159	6	e::h	eh	_	_	_	_	_	linguistic	_	ContainsVariation=No	_	_	0x2	_	_	_
159-7	TO030	159	7	la	la	_	_	_	_	_	linguistic	_	ContainsVariation=No	_	_	_	_	_	_
159-8	TO030	159	8	cosa,	cosa	_	_	_	_	_	linguistic	_	ContainsVariation=No	Intonation=WeaklyRising	_	_	_	_	_
159-9	TO030	159	9	perché	perché	_	_	_	_	_	linguistic	_	ContainsVariation=No	_	_	_	_	_	_
159-10	TO030	159	10	poi	poi	_	_	_	_	_	linguistic	_	ContainsVariation=No	_	_	_	_	_	_
159-11	TO030	159	11	ci	ci	_	_	_	_	_	linguistic	_	ContainsVariation=No	_	_	_	_	_	_
159-12	TO030	159	12	rimango:	rimango	_	_	_	_	_	linguistic	_	ContainsVariation=No	_	_	6x1	_	_	_
159-13	TO030	159	13	verame:nte	veramente	_	_	_	_	_	linguistic	_	ContainsVariation=No	_	_	5x1	_	_	_
159-14	TO030	159	14	ma:le.	male	_	_	_	_	_	linguistic	_	ContainsVariation=No	Intonation=Falling	_	1x1	_	_	_
159-15	TO030	159	15	ed	ed	_	_	_	_	_	linguistic	_	ContainsVariation=No	_	_	_	_	_	_
159-16	TO030	159	16	s~	s~	_	_	_	_	_	linguistic	_	ContainsVariation=No	Interrupted=Yes	_	_	_	_	_
159-17	TO030	159	17	già	già	_	_	_	_	_	linguistic	_	ContainsVariation=No	_	_	_	_	_	_
159-18	TO030	159	18	so	so	_	_	_	_	_	linguistic	_	ContainsVariation=No	_	_	_	_	_	_
159-19	TO030	159	19	che	che	_	_	_	_	_	linguistic	_	ContainsVariation=No	_	_	_	_	_	_
159-20	TO030	159	20	è	è	_	_	_	_	_	linguistic	_	ContainsVariation=No	_	_	_	_	_	_
159-21	TO030	159	21	una	una	_	_	_	_	_	linguistic	_	ContainsVariation=No	_	_	_	_	_	_
159-22	TO030	159	22	cosa	cosa	_	_	_	_	_	linguistic	_	ContainsVariation=No	_	_	_	_	_	_
159-23	TO030	159	23	veramente	veramente	_	_	_	_	_	linguistic	_	ContainsVariation=No	_	_	_	_	_	_
159-24	TO030	159	24	poco	poco	_	_	_	_	_	linguistic	_	ContainsVariation=No	_	_	_	_	_	_
159-25	TO030	159	25	probabile	probabile	_	_	_	_	_	linguistic	_	ContainsVariation=No	_	_	_	_	_	_
159-26	TO030	159	26	perché	perché	_	_	_	_	_	linguistic	_	ContainsVariation=No	_	_	_	_	_	_
159-27	TO030	159	27	sei	sei	_	_	_	_	_	linguistic	_	ContainsVariation=No	_	_	_	_	_	_
159-28	TO030	159	28	persone,	persone	_	_	_	_	_	linguistic	_	ContainsVariation=No	Intonation=WeaklyRising	End=536.591	_	_	_	_
160-0	TO030	160	0	cioè.	cioè	_	_	_	_	_	linguistic	_	ContainsVariation=No	Intonation=Falling|PauseAfter=Yes	Begin=536.977	_	_	_	_
160-1	TO030	160	1	(.)	(.)	_	_	_	_	_	shortpause	_	ContainsVariation=No	_	_	_	_	_	_
160-2	TO030	160	2	[poi	poi	_	_	_	_	_	linguistic	_	ContainsVariation=No	_	_	_	_	_	0-3(87)
160-3	TO030	160	3	fra	fra	_	_	_	_	_	linguistic	_	ContainsVariation=No	_	_	_	_	_	0-3(87)
160-4	TO030	160	4	l'	l'	_	_	_	_	_	linguistic	_	ContainsVariation=No	SpaceAfter=No	_	_	_	_	0-2(87)
160-5	TO030	160	5	altro],	altro	_	_	_	_	_	linguistic	_	ContainsVariation=No	Intonation=WeaklyRising	_	_	_	_	0-5(87)
160-6	TO030	160	6	per	per	_	_	_	_	_	linguistic	_	ContainsVariation=No	_	_	_	_	_	_
160-7	TO030	160	7	regia	regia	_	_	_	_	_	linguistic	_	ContainsVariation=No	_	_	_	_	_	_
160-8	TO030	160	8	e	e	_	_	_	_	_	linguistic	_	ContainsVariation=No	_	_	_	_	_	_
160-9	TO030	160	9	sceneggiatura	sceneggiatura	_	_	_	_	_	linguistic	_	ContainsVariation=No	_	_	_	_	_	_
160-10	TO030	160	10	funziona	funziona	_	_	_	_	_	linguistic	_	ContainsVariation=No	_	_	_	_	_	_
160-11	TO030	160	11	così.	così	_	_	_	_	_	linguistic	_	ContainsVariation=No	Intonation=Falling	End=540.006	_	_	_	_
161-0	TO054	161	0	[xxxx].	xxxx	_	_	_	_	_	linguistic	_	ContainsVariation=No	Intonation=Falling	Begin=537.242|End=538.251	_	_	_	0-4(87)
162-0	TO030	162	0	che	che	_	_	_	_	_	linguistic	_	ContainsVariation=No	_	Begin=540.22	_	_	_	_
162-1	TO030	162	1	tu,	tu	_	_	_	_	_	linguistic	_	ContainsVariation=No	Intonation=WeaklyRising|PauseAfter=Yes	_	_	_	_	_
162-2	TO030	162	2	(.)	(.)	_	_	_	_	_	shortpause	_	ContainsVariation=No	_	_	_	_	_	_
162-3	TO030	162	3	vai.	vai	_	_	_	_	_	linguistic	_	ContainsVariation=No	Intonation=Falling|PauseAfter=Yes	_	_	_	_	_
162-4	TO030	162	4	(.)	(.)	_	_	_	_	_	shortpause	_	ContainsVariation=No	_	_	_	_	_	_
162-5	TO030	162	5	cioè	cioè	_	_	_	_	_	linguistic	_	ContainsVariation=No	_	_	_	_	_	_
162-6	TO030	162	6	gli	gli	_	_	_	_	_	linguistic	_	ContainsVariation=No	_	_	_	_	_	_
162-7	TO030	162	7	mandi	mandi	_	_	_	_	_	linguistic	_	ContainsVariation=No	_	_	_	_	_	_
162-8	TO030	162	8	la	la	_	_	_	_	_	linguistic	_	ContainsVariation=No	_	_	_	_	_	_
162-9	TO030	162	9	sceneggiatura	sceneggiatura	_	_	_	_	_	linguistic	_	ContainsVariation=No	_	_	_	_	_	_
162-10	TO030	162	10	o	o	_	_	_	_	_	linguistic	_	ContainsVariation=No	_	_	_	_	_	_
162-11	TO030	162	11	il	il	_	_	_	_	_	linguistic	_	ContainsVariation=No	_	_	_	_	_	_
162-12	TO030	162	12	cortometraggio.	cortometraggio	_	_	_	_	_	linguistic	_	ContainsVariation=No	Intonation=Falling	End=544.614	_	_	_	_
163-0	TO030	163	0	ad	ad	_	_	_	_	_	linguistic	_	ContainsVariation=No	_	Begin=545.456	_	_	_	_
163-1	TO030	163	1	ottobre,	ottobre	_	_	_	_	_	linguistic	_	ContainsVariation=No	Intonation=WeaklyRising	_	_	_	_	_
163-2	TO030	163	2	ad	ad	_	_	_	_	_	linguistic	_	ContainsVariation=No	_	_	_	_	_	_
163-3	TO030	163	3	ottobre.	ottobre	_	_	_	_	_	linguistic	_	ContainsVariation=No	Intonation=Falling	_	_	_	_	_
163-4	TO030	163	4	che	che	_	_	_	_	_	linguistic	_	ContainsVariation=No	_	_	_	_	_	_
163-5	TO030	163	5	dici	dici	_	_	_	_	_	linguistic	_	ContainsVariation=No	_	_	_	_	_	_
163-6	TO030	163	6	io	io	_	_	_	_	_	linguistic	_	ContainsVariation=No	_	_	_	_	_	_
163-7	TO030	163	7	ad	ad	_	_	_	_	_	linguistic	_	ContainsVariation=No	_	_	_	_	_	_
163-8	TO030	163	8	ottobre,	ottobre	_	_	_	_	_	linguistic	_	ContainsVariation=No	Intonation=WeaklyRising|PauseAfter=Yes	_	_	_	_	_
163-9	TO030	163	9	(.)	(.)	_	_	_	_	_	shortpause	_	ContainsVariation=No	_	_	_	_	_	_
163-10	TO030	163	10	[comun]que	comunque	_	_	_	_	_	linguistic	_	ContainsVariation=No	_	_	_	_	_	0-5(88)
163-11	TO030	163	11	io	io	_	_	_	_	_	linguistic	_	ContainsVariation=No	_	_	_	_	_	_
163-12	TO030	163	12	mi	mi	_	_	_	_	_	linguistic	_	ContainsVariation=No	_	_	_	_	_	_
163-13	TO030	163	13	iscrivo	iscrivo	_	_	_	_	_	linguistic	_	ContainsVariation=No	_	_	_	_	_	_
163-14	TO030	163	14	alla	alla	_	_	_	_	_	linguistic	_	ContainsVariation=No	_	_	_	_	_	_
163-15	TO030	163	15	magistrale.	magistrale	_	_	_	_	_	linguistic	_	ContainsVariation=No	Intonation=Falling	_	_	_	_	_
163-16	TO030	163	16	perché	perché	_	_	_	_	_	linguistic	_	ContainsVariation=No	_	_	_	_	_	_
163-17	TO030	163	17	se	se	_	_	_	_	_	linguistic	_	ContainsVariation=No	_	_	_	_	_	_
163-18	TO030	163	18	n~	n~	_	_	_	_	_	linguistic	_	ContainsVariation=No	Interrupted=Yes	_	_	_	_	_
163-19	TO030	163	19	se	se	_	_	_	_	_	linguistic	_	ContainsVariation=No	_	_	_	_	_	_
163-20	TO030	163	20	poi	poi	_	_	_	_	_	linguistic	_	ContainsVariation=No	_	_	_	_	_	_
163-21	TO030	163	21	non	non	_	_	_	_	_	linguistic	_	ContainsVariation=No	_	_	_	_	_	_
163-22	TO030	163	22	mi	mi	_	_	_	_	_	linguistic	_	ContainsVariation=No	_	_	_	_	_	_
163-23	TO030	163	23	prendono,	prendono	_	_	_	_	_	linguistic	_	ContainsVariation=No	Intonation=WeaklyRising	_	_	_	_	_
163-24	TO030	163	24	io	io	_	_	_	_	_	linguistic	_	ContainsVariation=No	_	_	_	_	_	_
163-25	TO030	163	25	devo	devo	_	_	_	_	_	linguistic	_	ContainsVariation=No	_	_	_	_	_	_
163-26	TO030	163	26	averci	averci	_	_	_	_	_	linguistic	_	ContainsVariation=No	_	_	_	_	_	_
163-27	TO030	163	27	il	il	_	_	_	_	_	linguistic	_	ContainsVariation=No	_	_	_	_	_	_
163-28	TO030	163	28	culo	culo	_	_	_	_	_	linguistic	_	ContainsVariation=No	_	_	_	_	_	_
163-29	TO030	163	29	parato	parato	_	_	_	_	_	linguistic	_	ContainsVariation=No	_	_	_	_	_	_
163-30	TO030	163	30	in	in	_	_	_	_	_	linguistic	_	ContainsVariation=No	_	_	_	_	_	_
163-31	TO030	163	31	qual[che	qualche	_	_	_	_	_	linguistic	_	ContainsVariation=No	_	_	_	_	_	4-7(89)
163-32	TO030	163	32	modo.	modo	_	_	_	_	_	linguistic	_	ContainsVariation=No	Intonation=Falling	_	_	_	_	0-4(89)
163-33	TO030	163	33	cioè,	cioè	_	_	_	_	_	linguistic	_	ContainsVariation=No	Intonation=WeaklyRising	_	_	_	_	0-4(89)
163-34	TO030	163	34	nel	nel	_	_	_	_	_	linguistic	_	ContainsVariation=No	_	_	_	_	_	0-3(89)
163-35	TO030	163	35	sen]so.	senso	_	_	_	_	_	linguistic	_	ContainsVariation=No	Intonation=Falling	End=555.429	_	_	_	0-3(89)
164-0	TO054	164	0	[mh],	mh	_	_	_	_	_	linguistic	_	ContainsVariation=No	Intonation=WeaklyRising	Begin=548.501|End=548.899	_	_	_	0-2(88)
165-0	TO054	165	0	[giustamente].	giustamente	_	_	_	_	_	linguistic	_	ContainsVariation=No	Intonation=Falling	Begin=554.012|End=555.03	_	_	_	0-11(89)
166-0	TO030	166	0	>alla	alla	_	_	_	_	_	linguistic	_	ContainsVariation=No	_	Begin=555.768	_	Fast=0-4(0)	_	_
166-1	TO030	166	1	magistrale	magistrale	_	_	_	_	_	linguistic	_	ContainsVariation=No	_	_	_	Fast=0-10(0)	_	_
166-2	TO030	166	2	a	a	_	_	_	_	_	linguistic	_	ContainsVariation=No	_	_	_	Fast=0-1(0)	_	_
166-3	TO030	166	3	bologna	bologna	_	_	_	_	_	linguistic	_	ContainsVariation=No	_	_	_	Fast=0-7(0)	_	_
166-4	TO030	166	4	(eh)	eh	_	_	_	_	_	linguistic	_	ContainsVariation=No	_	_	_	Fast=0-2(0)	0-2(0)	_
166-5	TO030	166	5	ovviamente	ovviamente	_	_	_	_	_	linguistic	_	ContainsVariation=No	_	_	_	Fast=0-10(0)	_	_
166-6	TO030	166	6	(perché)	perché	_	_	_	_	_	linguistic	_	ContainsVariation=No	_	_	_	Fast=0-6(0)	0-6(1)	_
166-7	TO030	166	7	qua<,	qua	_	_	_	_	_	linguistic	_	ContainsVariation=No	Intonation=WeaklyRising	End=557.459	_	Fast=0-3(0)	_	_
167-0	TO030	167	0	ehm::	ehm	_	_	_	_	_	linguistic	_	ContainsVariation=No	_	Begin=557.928|End=558.984	2x2	_	_	_
168-0	TO030	168	0	comunque	comunque	_	_	_	_	_	linguistic	_	ContainsVariation=No	_	Begin=559.607	_	_	_	_
168-1	TO030	168	1	quindi	quindi	_	_	_	_	_	linguistic	_	ContainsVariation=No	_	_	_	_	_	_
168-2	TO030	168	2	loro	loro	_	_	_	_	_	linguistic	_	ContainsVariation=No	_	_	_	_	_	_
168-3	TO030	168	3	ad	ad	_	_	_	_	_	linguistic	_	ContainsVariation=No	_	_	_	_	_	_
168-4	TO030	168	4	ottobre	ottobre	_	_	_	_	_	linguistic	_	ContainsVariation=No	_	_	_	_	_	_
168-5	TO030	168	5	ti	ti	_	_	_	_	_	linguistic	_	ContainsVariation=No	_	_	_	_	_	_
168-6	TO030	168	6	dicono	dicono	_	_	_	_	_	linguistic	_	ContainsVariation=No	_	_	_	_	_	_
168-7	TO030	168	7	se	se	_	_	_	_	_	linguistic	_	ContainsVariation=No	_	_	_	_	_	_
168-8	TO030	168	8	hai	hai	_	_	_	_	_	linguistic	_	ContainsVariation=No	_	_	_	_	_	_
168-9	TO030	168	9	passato	passato	_	_	_	_	_	linguistic	_	ContainsVariation=No	_	_	_	_	_	_
168-10	TO030	168	10	la	la	_	_	_	_	_	linguistic	_	ContainsVariation=No	_	_	_	_	_	_
168-11	TO030	168	11	prima	prima	_	_	_	_	_	linguistic	_	ContainsVariation=No	_	_	_	_	_	_
168-12	TO030	168	12	selezione,	selezione	_	_	_	_	_	linguistic	_	ContainsVariation=No	Intonation=WeaklyRising|PauseAfter=Yes	_	_	_	_	_
168-13	TO030	168	13	(.)	(.)	_	_	_	_	_	shortpause	_	ContainsVariation=No	_	_	_	_	_	_
168-14	TO030	168	14	poi	poi	_	_	_	_	_	linguistic	_	ContainsVariation=No	_	_	_	_	_	_
168-15	TO030	168	15	ci	ci	_	_	_	_	_	linguistic	_	ContainsVariation=No	_	_	_	_	_	_
168-16	TO030	168	16	sono	sono	_	_	_	_	_	linguistic	_	ContainsVariation=No	_	_	_	_	_	_
168-17	TO030	168	17	dei	dei	_	_	_	_	_	linguistic	_	ContainsVariation=No	_	_	_	_	_	_
168-18	TO030	168	18	colloqui,	colloqui	_	_	_	_	_	linguistic	_	ContainsVariation=No	Intonation=WeaklyRising	End=565.239	_	_	_	_
169-0	TO030	169	0	e	e	_	_	_	_	_	linguistic	_	ContainsVariation=No	_	Begin=566.105	_	_	_	_
169-1	TO030	169	1	una	una	_	_	_	_	_	linguistic	_	ContainsVariation=No	_	_	_	_	_	_
169-2	TO030	169	2	prova	prova	_	_	_	_	_	linguistic	_	ContainsVariation=No	_	_	_	_	_	_
169-3	TO030	169	3	scritta,	scritta	_	_	_	_	_	linguistic	_	ContainsVariation=No	Intonation=WeaklyRising	End=567.499	_	_	_	_
170-0	TO054	170	0	mhmh,	mhmh	_	_	_	_	_	linguistic	_	ContainsVariation=No	Intonation=WeaklyRising	Begin=567.499|End=567.945	_	_	_	_
171-0	TO030	171	0	a	a	_	_	_	_	_	linguistic	_	ContainsVariation=No	_	Begin=568.317	_	_	_	_
171-1	TO030	171	1	novembre,	novembre	_	_	_	_	_	linguistic	_	ContainsVariation=No	Intonation=WeaklyRising	End=569.17	_	_	_	_
172-0	TO030	172	0	e	e	_	_	_	_	_	linguistic	_	ContainsVariation=No	_	Begin=570.945	_	_	_	_
172-1	TO030	172	1	poi,	poi	_	_	_	_	_	linguistic	_	ContainsVariation=No	Intonation=WeaklyRising|PauseAfter=Yes	_	_	_	_	_
172-2	TO030	172	2	(.)	(.)	_	_	_	_	_	shortpause	_	ContainsVariation=No	_	_	_	_	_	_
172-3	TO030	172	3	se	se	_	_	_	_	_	linguistic	_	ContainsVariation=No	_	_	_	_	_	_
172-4	TO030	172	4	passi	passi	_	_	_	_	_	linguistic	_	ContainsVariation=No	_	_	_	_	_	_
172-5	TO030	172	5	questa	questa	_	_	_	_	_	linguistic	_	ContainsVariation=No	_	_	_	_	_	_
172-6	TO030	172	6	cosa	cosa	_	_	_	_	_	linguistic	_	ContainsVariation=No	_	_	_	_	_	_
172-7	TO030	172	7	qua,	qua	_	_	_	_	_	linguistic	_	ContainsVariation=No	Intonation=WeaklyRising	_	_	_	_	_
172-8	TO030	172	8	non	non	_	_	_	_	_	linguistic	_	ContainsVariation=No	_	_	_	_	_	_
172-9	TO030	172	9	sei	sei	_	_	_	_	_	linguistic	_	ContainsVariation=No	_	_	_	_	_	_
172-10	TO030	172	10	entrato.	entrato	_	_	_	_	_	linguistic	_	ContainsVariation=No	Intonation=Falling	_	_	_	_	_
172-11	TO030	172	11	fai	fai	_	_	_	_	_	linguistic	_	ContainsVariation=No	_	_	_	_	_	_
172-12	TO030	172	12	il	il	_	_	_	_	_	linguistic	_	ContainsVariation=No	_	_	_	_	_	_
172-13	TO030	172	13	<corso	corso	_	_	_	_	_	linguistic	_	ContainsVariation=No	_	_	_	Slow=0-5(0)	_	_
172-14	TO030	172	14	propedeutico>,	propedeutico	_	_	_	_	_	linguistic	_	ContainsVariation=No	Intonation=WeaklyRising	_	_	Slow=0-12(0)	_	_
172-15	TO030	172	15	e	e	_	_	_	_	_	linguistic	_	ContainsVariation=No	_	_	_	_	_	_
172-16	TO030	172	16	ad	ad	_	_	_	_	_	linguistic	_	ContainsVariation=No	_	_	_	_	_	_
172-17	TO030	172	17	aprile	aprile	_	_	_	_	_	linguistic	_	ContainsVariation=No	_	_	_	_	_	_
172-18	TO030	172	18	sai	sai	_	_	_	_	_	linguistic	_	ContainsVariation=No	_	_	_	_	_	_
172-19	TO030	172	19	se	se	_	_	_	_	_	linguistic	_	ContainsVariation=No	_	_	_	_	_	_
172-20	TO030	172	20	sei	sei	_	_	_	_	_	linguistic	_	ContainsVariation=No	_	_	_	_	_	_
172-21	TO030	172	21	entrato.	entrato	_	_	_	_	_	linguistic	_	ContainsVariation=No	Intonation=Falling	_	_	_	_	_
172-22	TO030	172	22	ad	ad	_	_	_	_	_	linguistic	_	ContainsVariation=No	_	_	_	_	_	_
172-23	TO030	172	23	aprile,	aprile	_	_	_	_	_	linguistic	_	ContainsVariation=No	Intonation=WeaklyRising	End=580.26	_	_	_	_
173-0	TO030	173	0	cioè,	cioè	_	_	_	_	_	linguistic	_	ContainsVariation=No	Intonation=WeaklyRising|PauseAfter=Yes	Begin=580.629	_	_	_	_
173-1	TO030	173	1	(.)	(.)	_	_	_	_	_	shortpause	_	ContainsVariation=No	_	_	_	_	_	_
173-2	TO030	173	2	quindi	quindi	_	_	_	_	_	linguistic	_	ContainsVariation=No	_	_	_	_	_	_
173-3	TO030	173	3	tu,	tu	_	_	_	_	_	linguistic	_	ContainsVariation=No	Intonation=WeaklyRising|PauseAfter=Yes	_	_	_	_	_
173-4	TO030	173	4	(.)	(.)	_	_	_	_	_	shortpause	_	ContainsVariation=No	_	_	_	_	_	_
173-5	TO030	173	5	nell'	nell'	_	_	_	_	_	linguistic	_	ContainsVariation=No	SpaceAfter=No	_	_	_	_	_
173-6	TO030	173	6	ipotetico	ipotetico	_	_	_	_	_	linguistic	_	ContainsVariation=No	_	_	_	_	_	_
173-7	TO030	173	7	caso	caso	_	_	_	_	_	linguistic	_	ContainsVariation=No	_	_	_	_	_	_
173-8	TO030	173	8	che	che	_	_	_	_	_	linguistic	_	ContainsVariation=No	_	_	_	_	_	_
173-9	TO030	173	9	passi	passi	_	_	_	_	_	linguistic	_	ContainsVariation=No	_	_	_	_	_	_
173-10	TO030	173	10	la	la	_	_	_	_	_	linguistic	_	ContainsVariation=No	_	_	_	_	_	_
173-11	TO030	173	11	prima	prima	_	_	_	_	_	linguistic	_	ContainsVariation=No	_	_	_	_	_	_
173-12	TO030	173	12	selezione,	selezione	_	_	_	_	_	linguistic	_	ContainsVariation=No	Intonation=WeaklyRising	_	_	_	_	_
173-13	TO030	173	13	devi	devi	_	_	_	_	_	linguistic	_	ContainsVariation=No	_	_	_	_	_	_
173-14	TO030	173	14	andare	andare	_	_	_	_	_	linguistic	_	ContainsVariation=No	_	_	_	_	_	_
173-15	TO030	173	15	a	a	_	_	_	_	_	linguistic	_	ContainsVariation=No	_	_	_	_	_	_
173-16	TO030	173	16	vivere	vivere	_	_	_	_	_	linguistic	_	ContainsVariation=No	_	_	_	_	_	_
173-17	TO030	173	17	a	a	_	_	_	_	_	linguistic	_	ContainsVariation=No	_	_	_	_	_	_
173-18	TO030	173	18	roma,	roma	_	_	_	_	_	linguistic	_	ContainsVariation=No	Intonation=WeaklyRising	End=587.53	_	_	_	_
174-0	TO030	174	0	fare	fare	_	_	_	_	_	linguistic	_	ContainsVariation=No	_	Begin=588.409	_	_	_	_
174-1	TO030	174	1	fino	fino	_	_	_	_	_	linguistic	_	ContainsVariation=No	_	_	_	_	_	_
174-2	TO030	174	2	ad	ad	_	_	_	_	_	linguistic	_	ContainsVariation=No	_	_	_	_	_	_
174-3	TO030	174	3	aprile,	aprile	_	_	_	_	_	linguistic	_	ContainsVariation=No	Intonation=WeaklyRising	_	_	_	_	_
174-4	TO030	174	4	che	che	_	_	_	_	_	linguistic	_	ContainsVariation=No	_	_	_	_	_	_
174-5	TO030	174	5	comunque	comunque	_	_	_	_	_	linguistic	_	ContainsVariation=No	_	_	_	_	_	_
174-6	TO030	174	6	cioè	cioè	_	_	_	_	_	linguistic	_	ContainsVariation=No	_	_	_	_	_	_
174-7	TO030	174	7	tu	tu	_	_	_	_	_	linguistic	_	ContainsVariation=No	_	_	_	_	_	_
174-8	TO030	174	8	fai	fai	_	_	_	_	_	linguistic	_	ContainsVariation=No	_	_	_	_	_	_
174-9	TO030	174	9	proprio	proprio	_	_	_	_	_	linguistic	_	ContainsVariation=No	_	_	_	_	_	_
174-10	TO030	174	10	ogni	ogni	_	_	_	_	_	linguistic	_	ContainsVariation=No	_	_	_	_	_	_
174-11	TO030	174	11	giorno	giorno	_	_	_	_	_	linguistic	_	ContainsVariation=No	_	_	_	_	_	_
174-12	TO030	174	12	che	che	_	_	_	_	_	linguistic	_	ContainsVariation=No	_	_	_	_	_	_
174-13	TO030	174	13	non	non	_	_	_	_	_	linguistic	_	ContainsVariation=No	_	_	_	_	_	_
174-14	TO030	174	14	sai	sai	_	_	_	_	_	linguistic	_	ContainsVariation=No	_	_	_	_	_	_
174-15	TO030	174	15	se	se	_	_	_	_	_	linguistic	_	ContainsVariation=No	_	_	_	_	_	_
174-16	TO030	174	16	se	se	_	_	_	_	_	linguistic	_	ContainsVariation=No	_	_	_	_	_	_
174-17	TO030	174	17	ti	ti	_	_	_	_	_	linguistic	_	ContainsVariation=No	_	_	_	_	_	_
174-18	TO030	174	18	hanno	hanno	_	_	_	_	_	linguistic	_	ContainsVariation=No	_	_	_	_	_	_
174-19	TO030	174	19	preso	preso	_	_	_	_	_	linguistic	_	ContainsVariation=No	_	_	_	_	_	_
174-20	TO030	174	20	se	se	_	_	_	_	_	linguistic	_	ContainsVariation=No	_	_	_	_	_	_
174-21	TO030	174	21	non	non	_	_	_	_	_	linguistic	_	ContainsVariation=No	_	_	_	_	_	_
174-22	TO030	174	22	ti	ti	_	_	_	_	_	linguistic	_	ContainsVariation=No	_	_	_	_	_	_
174-23	TO030	174	23	hanno	hanno	_	_	_	_	_	linguistic	_	ContainsVariation=No	_	_	_	_	_	_
174-24	TO030	174	24	preso,	preso	_	_	_	_	_	linguistic	_	ContainsVariation=No	Intonation=WeaklyRising	_	_	_	_	_
174-25	TO030	174	25	quindi,	quindi	_	_	_	_	_	linguistic	_	ContainsVariation=No	Intonation=WeaklyRising	_	_	_	_	_
174-26	TO030	174	26	secondo	secondo	_	_	_	_	_	linguistic	_	ContainsVariation=No	_	_	_	_	_	_
174-27	TO030	174	27	me	me	_	_	_	_	_	linguistic	_	ContainsVariation=No	_	_	_	_	_	_
174-28	TO030	174	28	proprio	proprio	_	_	_	_	_	linguistic	_	ContainsVariation=No	_	_	_	_	_	_
174-29	TO030	174	29	la	la	_	_	_	_	_	linguistic	_	ContainsVariation=No	_	_	_	_	_	_
174-30	TO030	174	30	vivi	vivi	_	_	_	_	_	linguistic	_	ContainsVariation=No	PauseAfter=Yes	_	_	_	_	_
174-31	TO030	174	31	(.)	(.)	_	_	_	_	_	shortpause	_	ContainsVariation=No	_	_	_	_	_	_
174-32	TO030	174	32	[<ma]lissimo>,	malissimo	_	_	_	_	_	linguistic	_	ContainsVariation=No	Intonation=WeaklyRising	_	_	Slow=0-9(0)	_	0-2(90)
174-33	TO030	174	33	e	e	_	_	_	_	_	linguistic	_	ContainsVariation=No	_	_	_	_	_	_
174-34	TO030	174	34	io	io	_	_	_	_	_	linguistic	_	ContainsVariation=No	_	_	_	_	_	_
174-35	TO030	174	35	sono	sono	_	_	_	_	_	linguistic	_	ContainsVariation=No	_	_	_	_	_	_
174-36	TO030	174	36	una	una	_	_	_	_	_	linguistic	_	ContainsVariation=No	_	_	_	_	_	_
174-37	TO030	174	37	persona	persona	_	_	_	_	_	linguistic	_	ContainsVariation=No	_	_	_	_	_	_
174-38	TO030	174	38	ansiosa	ansiosa	_	_	_	_	_	linguistic	_	ContainsVariation=No	_	_	_	_	_	_
174-39	TO030	174	39	quindi,	quindi	_	_	_	_	_	linguistic	_	ContainsVariation=No	Intonation=WeaklyRising|PauseAfter=Yes	_	_	_	_	_
174-40	TO030	174	40	(.)	(.)	_	_	_	_	_	shortpause	_	ContainsVariation=No	_	_	_	_	_	_
174-41	TO030	174	41	sarebbe	sarebbe	_	_	_	_	_	linguistic	_	ContainsVariation=No	_	_	_	_	_	_
174-42	TO030	174	42	difficile,	difficile	_	_	_	_	_	linguistic	_	ContainsVariation=No	Intonation=WeaklyRising	End=599.6	_	_	_	_
175-0	TO054	175	0	[sì].	sì	_	_	_	_	_	linguistic	_	ContainsVariation=No	Intonation=Falling	Begin=595.541|End=595.903	_	_	_	0-2(90)
176-0	TO030	176	0	e	e	_	_	_	_	_	linguistic	_	ContainsVariation=No	_	Begin=599.821	_	_	_	_
176-1	TO030	176	1	poi	poi	_	_	_	_	_	linguistic	_	ContainsVariation=No	_	_	_	_	_	_
176-2	TO030	176	2	ad	ad	_	_	_	_	_	linguistic	_	ContainsVariation=No	_	_	_	_	_	_
176-3	TO030	176	3	aprile	aprile	_	_	_	_	_	linguistic	_	ContainsVariation=No	_	_	_	_	_	_
176-4	TO030	176	4	capace	capace	_	_	_	_	_	linguistic	_	ContainsVariation=No	_	_	_	_	_	_
176-5	TO030	176	5	che	che	_	_	_	_	_	linguistic	_	ContainsVariation=No	_	_	_	_	_	_
176-6	TO030	176	6	ti	ti	_	_	_	_	_	linguistic	_	ContainsVariation=No	_	_	_	_	_	_
176-7	TO030	176	7	dicono,	dicono	_	_	_	_	_	linguistic	_	ContainsVariation=No	Intonation=WeaklyRising|PauseAfter=Yes	_	_	_	_	_
176-8	TO030	176	8	(.)	(.)	_	_	_	_	_	shortpause	_	ContainsVariation=No	_	_	_	_	_	_
176-9	TO030	176	9	arrivederci,	arrivederci	_	_	_	_	_	linguistic	_	ContainsVariation=No	Intonation=WeaklyRising	_	_	_	_	_
176-10	TO030	176	10	perché	perché	_	_	_	_	_	linguistic	_	ContainsVariation=No	_	_	_	_	_	_
176-11	TO030	176	11	comunque,	comunque	_	_	_	_	_	linguistic	_	ContainsVariation=No	Intonation=WeaklyRising	_	_	_	_	_
176-12	TO030	176	12	sono	sono	_	_	_	_	_	linguistic	_	ContainsVariation=No	_	_	_	_	_	_
176-13	TO030	176	13	tipo	tipo	_	_	_	_	_	linguistic	_	ContainsVariation=No	_	_	_	_	_	_
176-14	TO030	176	14	penso	penso	_	_	_	_	_	linguistic	_	ContainsVariation=No	_	_	_	_	_	_
176-15	TO030	176	15	che	che	_	_	_	_	_	linguistic	_	ContainsVariation=No	_	_	_	_	_	_
176-16	TO030	176	16	ne	ne	_	_	_	_	_	linguistic	_	ContainsVariation=No	_	_	_	_	_	_
176-17	TO030	176	17	prendano,	prendano	_	_	_	_	_	linguistic	_	ContainsVariation=No	Intonation=WeaklyRising|PauseAfter=Yes	_	_	_	_	_
176-18	TO030	176	18	(.)	(.)	_	_	_	_	_	shortpause	_	ContainsVariation=No	_	_	_	_	_	_
176-19	TO030	176	19	ma	ma	_	_	_	_	_	linguistic	_	ContainsVariation=No	_	_	_	_	_	_
176-20	TO030	176	20	eh	eh	_	_	_	_	_	linguistic	_	ContainsVariation=No	ProsodicLink=Yes	_	_	_	_	_
176-21	TO030	176	21	allora	allora	_	_	_	_	_	linguistic	_	ContainsVariation=No	_	_	_	_	_	_
176-22	TO030	176	22	adesso	adesso	_	_	_	_	_	linguistic	_	ContainsVariation=No	_	_	_	_	_	_
176-23	TO030	176	23	non	non	_	_	_	_	_	linguistic	_	ContainsVariation=No	_	_	_	_	_	_
176-24	TO030	176	24	vorrei	vorrei	_	_	_	_	_	linguistic	_	ContainsVariation=No	_	_	_	_	_	_
176-25	TO030	176	25	dirti	dirti	_	_	_	_	_	linguistic	_	ContainsVariation=No	_	_	_	_	_	_
176-26	TO030	176	26	una	una	_	_	_	_	_	linguistic	_	ContainsVariation=No	_	_	_	_	_	_
176-27	TO030	176	27	stupidaggine,	stupidaggine	_	_	_	_	_	linguistic	_	ContainsVariation=No	Intonation=WeaklyRising	_	_	_	_	_
176-28	TO030	176	28	però	però	_	_	_	_	_	linguistic	_	ContainsVariation=No	_	_	_	_	_	_
176-29	TO030	176	29	credo	credo	_	_	_	_	_	linguistic	_	ContainsVariation=No	_	_	_	_	_	_
176-30	TO030	176	30	che	che	_	_	_	_	_	linguistic	_	ContainsVariation=No	_	_	_	_	_	_
176-31	TO030	176	31	ne	ne	_	_	_	_	_	linguistic	_	ContainsVariation=No	_	_	_	_	_	_
176-32	TO030	176	32	piglino	piglino	_	_	_	_	_	linguistic	_	ContainsVariation=No	_	_	_	_	_	_
176-33	TO030	176	33	diciotto,	diciotto	_	_	_	_	_	linguistic	_	ContainsVariation=No	Intonation=WeaklyRising	End=609.026	_	_	_	_
177-0	TO030	177	0	e	e	_	_	_	_	_	linguistic	_	ContainsVariation=No	_	Begin=609.501	_	_	_	_
177-1	TO030	177	1	poi	poi	_	_	_	_	_	linguistic	_	ContainsVariation=No	_	_	_	_	_	_
177-2	TO030	177	2	ne	ne	_	_	_	_	_	linguistic	_	ContainsVariation=No	_	_	_	_	_	_
177-3	TO030	177	3	tagliano	tagliano	_	_	_	_	_	linguistic	_	ContainsVariation=No	_	_	_	_	_	_
177-4	TO030	177	4	dodici.	dodici	_	_	_	_	_	linguistic	_	ContainsVariation=No	Intonation=Falling	End=611.279	_	_	_	_
178-0	TO030	178	0	quindi	quindi	_	_	_	_	_	linguistic	_	ContainsVariation=No	_	Begin=611.604	_	_	_	_
178-1	TO030	178	1	è	è	_	_	_	_	_	linguistic	_	ContainsVariation=No	_	_	_	_	_	_
178-2	TO030	178	2	più	più	_	_	_	_	_	linguistic	_	ContainsVariation=No	_	_	_	_	_	_
178-3	TO030	178	3	probabile	probabile	_	_	_	_	_	linguistic	_	ContainsVariation=No	_	_	_	_	_	_
178-4	TO030	178	4	che	che	_	_	_	_	_	linguistic	_	ContainsVariation=No	_	_	_	_	_	_
178-5	TO030	178	5	ti	ti	_	_	_	_	_	linguistic	_	ContainsVariation=No	_	_	_	_	_	_
178-6	TO030	178	6	taglino.	taglino	_	_	_	_	_	linguistic	_	ContainsVariation=No	Intonation=Falling	_	_	_	_	_
178-7	TO030	178	7	capito?	capito	_	_	_	_	_	linguistic	_	ContainsVariation=No	Intonation=Rising	End=614.27	_	_	_	_
179-0	TO030	179	0	cioè::	cioè	_	_	_	_	_	linguistic	_	ContainsVariation=No	_	Begin=614.637|End=615.293	3x2	_	_	_
180-0	TO030	180	0	e	e	_	_	_	_	_	linguistic	_	ContainsVariation=No	_	Begin=615.504	_	_	_	_
180-1	TO030	180	1	poi	poi	_	_	_	_	_	linguistic	_	ContainsVariation=No	_	_	_	_	_	_
180-2	TO030	180	2	e	e	_	_	_	_	_	linguistic	_	ContainsVariation=No	_	_	_	_	_	_
180-3	TO030	180	3	e	e	_	_	_	_	_	linguistic	_	ContainsVariation=No	_	_	_	_	_	_
180-4	TO030	180	4	e	e	_	_	_	_	_	linguistic	_	ContainsVariation=No	_	_	_	_	_	_
180-5	TO030	180	5	rossi	rossi	_	_	_	_	_	linguistic	_	ContainsVariation=No	_	_	_	_	_	_
180-6	TO030	180	6	mi	mi	_	_	_	_	_	linguistic	_	ContainsVariation=No	_	_	_	_	_	_
180-7	TO030	180	7	dice	dice	_	_	_	_	_	linguistic	_	ContainsVariation=No	_	_	_	_	_	_
180-8	TO030	180	8	cose	cose	_	_	_	_	_	linguistic	_	ContainsVariation=No	_	_	_	_	_	_
180-9	TO030	180	9	ma	ma	_	_	_	_	_	linguistic	_	ContainsVariation=No	_	_	_	_	_	_
180-10	TO030	180	10	figurati.	figurati	_	_	_	_	_	linguistic	_	ContainsVariation=No	Intonation=Falling	_	_	_	_	_
180-11	TO030	180	11	se	se	_	_	_	_	_	linguistic	_	ContainsVariation=No	_	_	_	_	_	_
180-12	TO030	180	12	entri:,	entri	_	_	_	_	_	linguistic	_	ContainsVariation=No	Intonation=WeaklyRising	_	4x1	_	_	_
180-13	TO030	180	13	alla	alla	_	_	_	_	_	linguistic	_	ContainsVariation=No	_	_	_	_	_	_
180-14	TO030	180	14	prima	prima	_	_	_	_	_	linguistic	_	ContainsVariation=No	_	_	_	_	_	_
180-15	TO030	180	15	selezione,	selezione	_	_	_	_	_	linguistic	_	ContainsVariation=No	Intonation=WeaklyRising	_	_	_	_	_
180-16	TO030	180	16	eh	eh	_	_	_	_	_	linguistic	_	ContainsVariation=No	ProsodicLink=Yes	_	_	_	_	_
180-17	TO030	180	17	poi::	poi	_	_	_	_	_	linguistic	_	ContainsVariation=No	_	_	2x2	_	_	_
180-18	TO030	180	18	non	non	_	_	_	_	_	linguistic	_	ContainsVariation=No	_	_	_	_	_	_
180-19	TO030	180	19	ti	ti	_	_	_	_	_	linguistic	_	ContainsVariation=No	_	_	_	_	_	_
180-20	TO030	180	20	ta~.	ta~	_	_	_	_	_	linguistic	_	ContainsVariation=No	Intonation=Falling|Interrupted=Yes	_	_	_	_	_
180-21	TO030	180	21	e::h	eh	_	_	_	_	_	linguistic	_	ContainsVariation=No	_	_	0x2	_	_	_
180-22	TO030	180	22	no	no	_	_	_	_	_	linguistic	_	ContainsVariation=No	_	_	_	_	_	_
180-23	TO030	180	23	no	no	_	_	_	_	_	linguistic	_	ContainsVariation=No	_	_	_	_	_	_
180-24	TO030	180	24	no.	no	_	_	_	_	_	linguistic	_	ContainsVariation=No	Intonation=Falling	_	_	_	_	_
180-25	TO030	180	25	eh	eh	_	_	_	_	_	linguistic	_	ContainsVariation=No	_	_	_	_	_	_
180-26	TO030	180	26	più	più	_	_	_	_	_	linguistic	_	ContainsVariation=No	_	_	_	_	_	_
180-27	TO030	180	27	pro~	pro~	_	_	_	_	_	linguistic	_	ContainsVariation=No	Interrupted=Yes	_	_	_	_	_
180-28	TO030	180	28	pi~	pi~	_	_	_	_	_	linguistic	_	ContainsVariation=No	Interrupted=Yes	_	_	_	_	_
180-29	TO030	180	29	cioè.	cioè	_	_	_	_	_	linguistic	_	ContainsVariation=No	Intonation=Falling	_	_	_	_	_
180-30	TO030	180	30	capito?	capito	_	_	_	_	_	linguistic	_	ContainsVariation=No	Intonation=Rising	End=623.049	_	_	_	_
181-0	TO030	181	0	detto	detto	_	_	_	_	_	linguistic	_	ContainsVariation=No	_	Begin=623.42	_	_	_	_
181-1	TO030	181	1	questo,	questo	_	_	_	_	_	linguistic	_	ContainsVariation=No	Intonation=WeaklyRising	_	_	_	_	_
181-2	TO030	181	2	comunque	comunque	_	_	_	_	_	linguistic	_	ContainsVariation=No	_	_	_	_	_	_
181-3	TO030	181	3	va	va	_	_	_	_	_	linguistic	_	ContainsVariation=No	_	_	_	_	_	_
181-4	TO030	181	4	provato	provato	_	_	_	_	_	linguistic	_	ContainsVariation=No	_	_	_	_	_	_
181-5	TO030	181	5	per	per	_	_	_	_	_	linguistic	_	ContainsVariation=No	_	_	_	_	_	_
181-6	TO030	181	6	una	una	_	_	_	_	_	linguistic	_	ContainsVariation=No	_	_	_	_	_	_
181-7	TO030	181	7	[questione	questione	_	_	_	_	_	linguistic	_	ContainsVariation=No	_	_	_	_	_	0-9(91)
181-8	TO030	181	8	di	di	_	_	_	_	_	linguistic	_	ContainsVariation=No	_	_	_	_	_	0-2(91)
181-9	TO030	181	9	prin]cipio.	principio	_	_	_	_	_	linguistic	_	ContainsVariation=No	Intonation=Falling	End=626.602	_	_	_	0-4(91)
182-0	TO054	182	0	[giusto].	giusto	_	_	_	_	_	linguistic	_	ContainsVariation=No	Intonation=Falling	Begin=625.539|End=626.126	_	_	_	0-6(91)
183-0	TO054	183	0	as[solutamente	assolutamente	_	_	_	_	_	linguistic	_	ContainsVariation=No	_	Begin=626.669	_	_	_	2-13(92)
183-1	TO054	183	1	sì].	sì	_	_	_	_	_	linguistic	_	ContainsVariation=No	Intonation=Falling	End=627.605	_	_	_	0-2(92)
184-0	TO030	184	0	[però	però	_	_	_	_	_	linguistic	_	ContainsVariation=No	_	Begin=626.899	_	_	_	0-4(92)
184-1	TO030	184	1	diciamo],	diciamo	_	_	_	_	_	linguistic	_	ContainsVariation=No	Intonation=WeaklyRising	_	_	_	_	0-7(92)
184-2	TO030	184	2	io:,	io	_	_	_	_	_	linguistic	_	ContainsVariation=No	Intonation=WeaklyRising	_	1x1	_	_	_
184-3	TO030	184	3	sono	sono	_	_	_	_	_	linguistic	_	ContainsVariation=No	_	_	_	_	_	_
184-4	TO030	184	4	consapevole	consapevole	_	_	_	_	_	linguistic	_	ContainsVariation=No	_	_	_	_	_	_
184-5	TO030	184	5	che	che	_	_	_	_	_	linguistic	_	ContainsVariation=No	_	_	_	_	_	_
184-6	TO030	184	6	le	le	_	_	_	_	_	linguistic	_	ContainsVariation=No	_	_	_	_	_	_
184-7	TO030	184	7	possibilità	possibilità	_	_	_	_	_	linguistic	_	ContainsVariation=No	_	_	_	_	_	_
184-8	TO030	184	8	sono	sono	_	_	_	_	_	linguistic	_	ContainsVariation=No	_	_	_	_	_	_
184-9	TO030	184	9	molte	molte	_	_	_	_	_	linguistic	_	ContainsVariation=No	_	_	_	_	_	_
184-10	TO030	184	10	po:che,	poche	_	_	_	_	_	linguistic	_	ContainsVariation=No	Intonation=WeaklyRising	_	1x1	_	_	_
184-11	TO030	184	11	nel	nel	_	_	_	_	_	linguistic	_	ContainsVariation=No	_	_	_	_	_	_
184-12	TO030	184	12	senso:	senso	_	_	_	_	_	linguistic	_	ContainsVariation=No	_	End=631.48	4x1	_	_	_
185-0	TO030	185	0	(le)	le	_	_	_	_	_	linguistic	_	ContainsVariation=No	_	Begin=631.736	_	_	0-2(0)	_
185-1	TO030	185	1	più::,	più	_	_	_	_	_	linguistic	_	ContainsVariation=No	Intonation=WeaklyRising	_	2x2	_	_	_
185-2	TO030	185	2	poi	poi	_	_	_	_	_	linguistic	_	ContainsVariation=No	_	_	_	_	_	_
185-3	TO030	185	3	io	io	_	_	_	_	_	linguistic	_	ContainsVariation=No	_	_	_	_	_	_
185-4	TO030	185	4	ho	ho	_	_	_	_	_	linguistic	_	ContainsVariation=No	_	_	_	_	_	_
185-5	TO030	185	5	guardato	guardato	_	_	_	_	_	linguistic	_	ContainsVariation=No	_	_	_	_	_	_
185-6	TO030	185	6	dei	dei	_	_	_	_	_	linguistic	_	ContainsVariation=No	_	_	_	_	_	_
185-7	TO030	185	7	master	master	_	_	_	_	_	linguistic	_	ContainsVariation=No	ProsodicLink=Yes	_	_	_	_	_
185-8	TO030	185	8	eh	eh	_	_	_	_	_	linguistic	_	ContainsVariation=No	_	_	_	_	_	_
185-9	TO030	185	9	a	a	_	_	_	_	_	linguistic	_	ContainsVariation=No	_	_	_	_	_	_
185-10	TO030	185	10	mila:no	milano	_	_	_	_	_	linguistic	_	ContainsVariation=No	_	_	3x1	_	_	_
185-11	TO030	185	11	però	però	_	_	_	_	_	linguistic	_	ContainsVariation=No	_	_	_	_	_	_
185-12	TO030	185	12	son	son	_	_	_	_	_	linguistic	_	ContainsVariation=No	_	_	_	_	_	_
185-13	TO030	185	13	tutti	tutti	_	_	_	_	_	linguistic	_	ContainsVariation=No	_	_	_	_	_	_
185-14	TO030	185	14	settemila	settemila	_	_	_	_	_	linguistic	_	ContainsVariation=No	_	_	_	_	_	_
185-15	TO030	185	15	ottomila	ottomila	_	_	_	_	_	linguistic	_	ContainsVariation=No	_	_	_	_	_	_
185-16	TO030	185	16	[euro].	euro	_	_	_	_	_	linguistic	_	ContainsVariation=No	Intonation=Falling	End=636.783	_	_	_	0-4(93)
186-0	TO054	186	0	[e::h	eh	_	_	_	_	_	linguistic	_	ContainsVariation=No	_	Begin=636.124	0x2	_	_	0-2(93)
186-1	TO054	186	1	lo	lo	_	_	_	_	_	linguistic	_	ContainsVariation=No	_	_	_	_	_	0-2(93)
186-2	TO054	186	2	so].	so	_	_	_	_	_	linguistic	_	ContainsVariation=No	Intonation=Falling	_	_	_	_	0-2(93)
186-3	TO054	186	3	sono	sono	_	_	_	_	_	linguistic	_	ContainsVariation=No	_	_	_	_	_	_
186-4	TO054	186	4	cari.	cari	_	_	_	_	_	linguistic	_	ContainsVariation=No	Intonation=Falling	_	_	_	_	_
186-5	TO054	186	5	[(poi	poi	_	_	_	_	_	linguistic	_	ContainsVariation=No	_	_	_	_	0-3(0)	0-3(94)
186-6	TO054	186	6	lì)	lì	_	_	_	_	_	linguistic	_	ContainsVariation=No	_	_	_	_	0-2(0)	0-2(94)
186-7	TO054	186	7	sì].	sì	_	_	_	_	_	linguistic	_	ContainsVariation=No	Intonation=Falling	End=638.37	_	_	_	0-2(94)
187-0	TO030	187	0	[e	e	_	_	_	_	_	linguistic	_	ContainsVariation=No	_	Begin=637.646	_	_	_	0-1(94)
187-1	TO030	187	1	poi	poi	_	_	_	_	_	linguistic	_	ContainsVariation=No	_	_	_	_	_	0-3(94)
187-2	TO030	187	2	sono	sono	_	_	_	_	_	linguistic	_	ContainsVariation=No	_	_	_	_	_	0-4(94)
187-3	TO030	187	3	anche]	anche	_	_	_	_	_	linguistic	_	ContainsVariation=No	_	_	_	_	_	0-5(94)
187-4	TO030	187	4	cose	cose	_	_	_	_	_	linguistic	_	ContainsVariation=No	_	_	_	_	_	_
187-5	TO030	187	5	che	che	_	_	_	_	_	linguistic	_	ContainsVariation=No	_	_	_	_	_	_
187-6	TO030	187	6	dici,	dici	_	_	_	_	_	linguistic	_	ContainsVariation=No	Intonation=WeaklyRising	_	_	_	_	_
187-7	TO030	187	7	boh.	boh	_	_	_	_	_	linguistic	_	ContainsVariation=No	Intonation=Falling	_	_	_	_	_
187-8	TO030	187	8	cioè	cioè	_	_	_	_	_	linguistic	_	ContainsVariation=No	_	_	_	_	_	_
187-9	TO030	187	9	io	io	_	_	_	_	_	linguistic	_	ContainsVariation=No	_	_	_	_	_	_
187-10	TO030	187	10	pago	pago	_	_	_	_	_	linguistic	_	ContainsVariation=No	_	_	_	_	_	_
187-11	TO030	187	11	settemila	settemila	_	_	_	_	_	linguistic	_	ContainsVariation=No	_	_	_	_	_	_
187-12	TO030	187	12	ottomila	ottomila	_	_	_	_	_	linguistic	_	ContainsVariation=No	_	_	_	_	_	_
187-13	TO030	187	13	euro,	euro	_	_	_	_	_	linguistic	_	ContainsVariation=No	Intonation=WeaklyRising	_	_	_	_	_
187-14	TO030	187	14	per	per	_	_	_	_	_	linguistic	_	ContainsVariation=No	_	_	_	_	_	_
187-15	TO030	187	15	che	che	_	_	_	_	_	linguistic	_	ContainsVariation=No	_	_	_	_	_	_
187-16	TO030	187	16	co:sa	cosa	_	_	_	_	_	linguistic	_	ContainsVariation=No	_	_	1x1	_	_	_
187-17	TO030	187	17	veramente.	veramente	_	_	_	_	_	linguistic	_	ContainsVariation=No	Intonation=Falling	_	_	_	_	_
187-18	TO030	187	18	capito?	capito	_	_	_	_	_	linguistic	_	ContainsVariation=No	Intonation=Rising	_	_	_	_	_
187-19	TO030	187	19	quindi	quindi	_	_	_	_	_	linguistic	_	ContainsVariation=No	_	_	_	_	_	_
187-20	TO030	187	20	allora	allora	_	_	_	_	_	linguistic	_	ContainsVariation=No	_	_	_	_	_	_
187-21	TO030	187	21	a	a	_	_	_	_	_	linguistic	_	ContainsVariation=No	_	_	_	_	_	_
187-22	TO030	187	22	quel	quel	_	_	_	_	_	linguistic	_	ContainsVariation=No	_	_	_	_	_	_
187-23	TO030	187	23	punto	punto	_	_	_	_	_	linguistic	_	ContainsVariation=No	_	_	_	_	_	_
187-24	TO030	187	24	a:	a	_	_	_	_	_	linguistic	_	ContainsVariation=No	_	_	0x1	_	_	_
187-25	TO030	187	25	quel	quel	_	_	_	_	_	linguistic	_	ContainsVariation=No	_	_	_	_	_	_
187-26	TO030	187	26	punto	punto	_	_	_	_	_	linguistic	_	ContainsVariation=No	_	_	_	_	_	_
187-27	TO030	187	27	tanto	tanto	_	_	_	_	_	linguistic	_	ContainsVariation=No	_	_	_	_	_	_
187-28	TO030	187	28	vale	vale	_	_	_	_	_	linguistic	_	ContainsVariation=No	_	_	_	_	_	_
187-29	TO030	187	29	far	far	_	_	_	_	_	linguistic	_	ContainsVariation=No	_	_	_	_	_	_
187-30	TO030	187	30	la	la	_	_	_	_	_	linguistic	_	ContainsVariation=No	_	_	_	_	_	_
187-31	TO030	187	31	magistrale,	magistrale	_	_	_	_	_	linguistic	_	ContainsVariation=No	Intonation=WeaklyRising	_	_	_	_	_
187-32	TO030	187	32	che	che	_	_	_	_	_	linguistic	_	ContainsVariation=No	_	_	_	_	_	_
187-33	TO030	187	33	i	i	_	_	_	_	_	linguistic	_	ContainsVariation=No	_	_	_	_	_	_
187-34	TO030	187	34	corsi	corsi	_	_	_	_	_	linguistic	_	ContainsVariation=No	_	_	_	_	_	_
187-35	TO030	187	35	sono	sono	_	_	_	_	_	linguistic	_	ContainsVariation=No	_	_	_	_	_	_
187-36	TO030	187	36	quelli:,	quelli	_	_	_	_	_	linguistic	_	ContainsVariation=No	Intonation=WeaklyRising	End=647.125	5x1	_	_	_
188-0	TO030	188	0	e	e	_	_	_	_	_	linguistic	_	ContainsVariation=No	_	Begin=647.591	_	_	_	_
188-1	TO030	188	1	poi	poi	_	_	_	_	_	linguistic	_	ContainsVariation=No	_	_	_	_	_	_
188-2	TO030	188	2	vedere::	vedere	_	_	_	_	_	linguistic	_	ContainsVariation=No	PauseAfter=Yes	_	5x2	_	_	_
188-3	TO030	188	3	(.)	(.)	_	_	_	_	_	shortpause	_	ContainsVariation=No	_	_	_	_	_	_
188-4	TO030	188	4	[se	se	_	_	_	_	_	linguistic	_	ContainsVariation=No	_	_	_	_	_	0-2(95)
188-5	TO030	188	5	con	con	_	_	_	_	_	linguistic	_	ContainsVariation=No	_	_	_	_	_	0-3(95)
188-6	TO030	188	6	la	la	_	_	_	_	_	linguistic	_	ContainsVariation=No	_	_	_	_	_	0-2(95)
188-7	TO030	188	7	magi~],	magi~	_	_	_	_	_	linguistic	_	ContainsVariation=No	Intonation=WeaklyRising|Interrupted=Yes	End=649.795	_	_	_	0-5(95)
189-0	TO054	189	0	[xxx	xxx	_	_	_	_	_	unknown	_	ContainsVariation=No	Syllables=3	Begin=648.89	_	_	_	0-3(95)
189-1	TO054	189	1	al	al	_	_	_	_	_	linguistic	_	ContainsVariation=No	_	_	_	_	_	0-2(95)
189-2	TO054	189	2	dam]s	dams	_	_	_	_	_	linguistic	_	ContainsVariation=No	_	_	_	_	_	0-3(95)
189-3	TO054	189	3	di	di	_	_	_	_	_	linguistic	_	ContainsVariation=No	_	_	_	_	_	_
189-4	TO054	189	4	bologna?	bologna	_	_	_	_	_	linguistic	_	ContainsVariation=No	Intonation=Rising	End=650.65	_	_	_	_
190-0	TO030	190	0	sì.	sì	_	_	_	_	_	linguistic	_	ContainsVariation=No	Intonation=Falling	Begin=650.65|End=651.0	_	_	_	_
191-0	TO030	191	0	sì	sì	_	_	_	_	_	linguistic	_	ContainsVariation=No	_	Begin=651.32	_	_	_	_
191-1	TO030	191	1	sì,	sì	_	_	_	_	_	linguistic	_	ContainsVariation=No	Intonation=WeaklyRising	_	_	_	_	_
191-2	TO030	191	2	no.	no	_	_	_	_	_	linguistic	_	ContainsVariation=No	Intonation=Falling	_	_	_	_	_
191-3	TO030	191	3	perché	perché	_	_	_	_	_	linguistic	_	ContainsVariation=No	_	_	_	_	_	_
191-4	TO030	191	4	i	i	_	_	_	_	_	linguistic	_	ContainsVariation=No	_	_	_	_	_	_
191-5	TO030	191	5	corsi	corsi	_	_	_	_	_	linguistic	_	ContainsVariation=No	_	_	_	_	_	_
191-6	TO030	191	6	sono	sono	_	_	_	_	_	linguistic	_	ContainsVariation=No	_	_	_	_	_	_
191-7	TO030	191	7	molto	molto	_	_	_	_	_	linguistic	_	ContainsVariation=No	_	_	_	_	_	_
191-8	TO030	191	8	più	più	_	_	_	_	_	linguistic	_	ContainsVariation=No	_	_	_	_	_	_
191-9	TO030	191	9	interessanti	interessanti	_	_	_	_	_	linguistic	_	ContainsVariation=No	_	_	_	_	_	_
191-10	TO030	191	10	che	che	_	_	_	_	_	linguistic	_	ContainsVariation=No	_	_	_	_	_	_
191-11	TO030	191	11	la	la	_	_	_	_	_	linguistic	_	ContainsVariation=No	_	_	_	_	_	_
191-12	TO030	191	12	tri~	tri~	_	_	_	_	_	linguistic	_	ContainsVariation=No	Interrupted=Yes	_	_	_	_	_
191-13	TO030	191	13	che::	che	_	_	_	_	_	linguistic	_	ContainsVariation=No	_	_	2x2	_	_	_
191-14	TO030	191	14	la	la	_	_	_	_	_	linguistic	_	ContainsVariation=No	_	_	_	_	_	_
191-15	TO030	191	15	magistrale	magistrale	_	_	_	_	_	linguistic	_	ContainsVariation=No	_	_	_	_	_	_
191-16	TO030	191	16	di::::	di	_	_	_	_	_	linguistic	_	ContainsVariation=No	_	_	1x4	_	_	_
191-17	TO030	191	17	torino	torino	_	_	_	_	_	linguistic	_	ContainsVariation=No	_	_	_	_	_	_
191-18	TO030	191	18	che	che	_	_	_	_	_	linguistic	_	ContainsVariation=No	_	_	_	_	_	_
191-19	TO030	191	19	è	è	_	_	_	_	_	linguistic	_	ContainsVariation=No	_	_	_	_	_	_
191-20	TO030	191	20	abbastanza	abbastanza	_	_	_	_	_	linguistic	_	ContainsVariation=No	_	_	_	_	_	_
191-21	TO030	191	21	atro:ce,	atroce	_	_	_	_	_	linguistic	_	ContainsVariation=No	Intonation=WeaklyRising	End=656.331	3x1	_	_	_
192-0	TO030	192	0	e:::	e	_	_	_	_	_	linguistic	_	ContainsVariation=No	ProsodicLink=Yes	Begin=657.003	0x3	_	_	_
192-1	TO030	192	1	mh.	mh	_	_	_	_	_	linguistic	_	ContainsVariation=No	Intonation=Falling	_	_	_	_	_
192-2	TO030	192	2	e	e	_	_	_	_	_	linguistic	_	ContainsVariation=No	_	_	_	_	_	_
192-3	TO030	192	3	quindi	quindi	_	_	_	_	_	linguistic	_	ContainsVariation=No	_	_	_	_	_	_
192-4	TO030	192	4	nel	nel	_	_	_	_	_	linguistic	_	ContainsVariation=No	_	_	_	_	_	_
192-5	TO030	192	5	senso::,	senso	_	_	_	_	_	linguistic	_	ContainsVariation=No	Intonation=WeaklyRising	_	4x2	_	_	_
192-6	TO030	192	6	ti	ti	_	_	_	_	_	linguistic	_	ContainsVariation=No	_	_	_	_	_	_
192-7	TO030	192	7	dirò,	dirò	_	_	_	_	_	linguistic	_	ContainsVariation=No	Intonation=WeaklyRising	End=659.73	_	_	_	_
193-0	TO030	193	0	non	non	_	_	_	_	_	linguistic	_	ContainsVariation=No	_	Begin=660.582	_	_	_	_
193-1	TO030	193	1	mi	mi	_	_	_	_	_	linguistic	_	ContainsVariation=No	_	_	_	_	_	_
193-2	TO030	193	2	farebbe	farebbe	_	_	_	_	_	linguistic	_	ContainsVariation=No	_	_	_	_	_	_
193-3	TO030	193	3	schifo	schifo	_	_	_	_	_	linguistic	_	ContainsVariation=No	_	_	_	_	_	_
193-4	TO030	193	4	a	a	_	_	_	_	_	linguistic	_	ContainsVariation=No	_	_	_	_	_	_
193-5	TO030	193	5	me	me	_	_	_	_	_	linguistic	_	ContainsVariation=No	_	_	_	_	_	_
193-6	TO030	193	6	la	la	_	_	_	_	_	linguistic	_	ContainsVariation=No	_	_	_	_	_	_
193-7	TO030	193	7	magistrale,	magistrale	_	_	_	_	_	linguistic	_	ContainsVariation=No	Intonation=WeaklyRising	_	_	_	_	_
193-8	TO030	193	8	nel	nel	_	_	_	_	_	linguistic	_	ContainsVariation=No	_	_	_	_	_	_
193-9	TO030	193	9	senso,	senso	_	_	_	_	_	linguistic	_	ContainsVariation=No	Intonation=WeaklyRising	_	_	_	_	_
193-10	TO030	193	10	però:	però	_	_	_	_	_	linguistic	_	ContainsVariation=No	_	_	3x1	_	_	_
193-11	TO030	193	11	>allo	allo	_	_	_	_	_	linguistic	_	ContainsVariation=No	_	_	_	Fast=0-4(0)	_	_
193-12	TO030	193	12	stesso	stesso	_	_	_	_	_	linguistic	_	ContainsVariation=No	_	_	_	Fast=0-6(0)	_	_
193-13	TO030	193	13	tempo<	tempo	_	_	_	_	_	linguistic	_	ContainsVariation=No	_	_	_	Fast=0-5(0)	_	_
193-14	TO030	193	14	dici,	dici	_	_	_	_	_	linguistic	_	ContainsVariation=No	Intonation=WeaklyRising	_	_	_	_	_
193-15	TO030	193	15	perché	perché	_	_	_	_	_	linguistic	_	ContainsVariation=No	_	_	_	_	_	_
193-16	TO030	193	16	la	la	_	_	_	_	_	linguistic	_	ContainsVariation=No	_	_	_	_	_	_
193-17	TO030	193	17	faccio,	faccio	_	_	_	_	_	linguistic	_	ContainsVariation=No	Intonation=WeaklyRising	_	_	_	_	_
193-18	TO030	193	18	la	la	_	_	_	_	_	linguistic	_	ContainsVariation=No	_	_	_	_	_	_
193-19	TO030	193	19	faccio	faccio	_	_	_	_	_	linguistic	_	ContainsVariation=No	_	_	_	_	_	_
193-20	TO030	193	20	perché	perché	_	_	_	_	_	linguistic	_	ContainsVariation=No	_	_	_	_	_	_
193-21	TO030	193	21	una	una	_	_	_	_	_	linguistic	_	ContainsVariation=No	_	_	_	_	_	_
193-22	TO030	193	22	triennale	triennale	_	_	_	_	_	linguistic	_	ContainsVariation=No	_	_	_	_	_	_
193-23	TO030	193	23	non	non	_	_	_	_	_	linguistic	_	ContainsVariation=No	_	_	_	_	_	_
193-24	TO030	193	24	basta.	basta	_	_	_	_	_	linguistic	_	ContainsVariation=No	Intonation=Falling|PauseAfter=Yes	_	_	_	_	_
193-25	TO030	193	25	(.)	(.)	_	_	_	_	_	shortpause	_	ContainsVariation=No	_	_	_	_	_	_
193-26	TO030	193	26	[qual]cosa	qualcosa	_	_	_	_	_	linguistic	_	ContainsVariation=No	_	_	_	_	_	0-4(96)
193-27	TO030	193	27	bisogna	bisogna	_	_	_	_	_	linguistic	_	ContainsVariation=No	_	_	_	_	_	_
193-28	TO030	193	28	fare	fare	_	_	_	_	_	linguistic	_	ContainsVariation=No	_	_	_	_	_	_
193-29	TO030	193	29	ancora.	ancora	_	_	_	_	_	linguistic	_	ContainsVariation=No	Intonation=Falling	_	_	_	_	_
193-30	TO030	193	30	perché	perché	_	_	_	_	_	linguistic	_	ContainsVariation=No	_	_	_	_	_	_
193-31	TO030	193	31	n~	n~	_	_	_	_	_	linguistic	_	ContainsVariation=No	Interrupted=Yes	_	_	_	_	_
193-32	TO030	193	32	eh	eh	_	_	_	_	_	linguistic	_	ContainsVariation=No	_	_	_	_	_	_
193-33	TO030	193	33	n~	n~	_	_	_	_	_	linguistic	_	ContainsVariation=No	Interrupted=Yes	_	_	_	_	_
193-34	TO030	193	34	eh	eh	_	_	_	_	_	linguistic	_	ContainsVariation=No	_	_	_	_	_	_
193-35	TO030	193	35	non	non	_	_	_	_	_	linguistic	_	ContainsVariation=No	_	_	_	_	_	_
193-36	TO030	193	36	ti	ti	_	_	_	_	_	linguistic	_	ContainsVariation=No	_	_	_	_	_	_
193-37	TO030	193	37	caga	caga	_	_	_	_	_	linguistic	_	ContainsVariation=No	_	_	_	_	_	_
193-38	TO030	193	38	ma	ma	_	_	_	_	_	linguistic	_	ContainsVariation=No	_	_	_	_	_	_
193-39	TO030	193	39	proprio	proprio	_	_	_	_	_	linguistic	_	ContainsVariation=No	_	_	_	_	_	_
193-40	TO030	193	40	di	di	_	_	_	_	_	linguistic	_	ContainsVariation=No	_	_	_	_	_	_
193-41	TO030	193	41	striscio	striscio	_	_	_	_	_	linguistic	_	ContainsVariation=No	_	_	_	_	_	_
193-42	TO030	193	42	nessu:no	nessuno	_	_	_	_	_	linguistic	_	ContainsVariation=No	_	_	4x1	_	_	_
193-43	TO030	193	43	solo	solo	_	_	_	_	_	linguistic	_	ContainsVariation=No	_	_	_	_	_	_
193-44	TO030	193	44	con	con	_	_	_	_	_	linguistic	_	ContainsVariation=No	_	_	_	_	_	_
193-45	TO030	193	45	la	la	_	_	_	_	_	linguistic	_	ContainsVariation=No	_	_	_	_	_	_
193-46	TO030	193	46	triennale,	triennale	_	_	_	_	_	linguistic	_	ContainsVariation=No	Intonation=WeaklyRising	_	_	_	_	_
193-47	TO030	193	47	hai	hai	_	_	_	_	_	linguistic	_	ContainsVariation=No	_	_	_	_	_	_
193-48	TO030	193	48	capito?	capito	_	_	_	_	_	linguistic	_	ContainsVariation=No	Intonation=Rising	_	_	_	_	_
193-49	TO030	193	49	ma	ma	_	_	_	_	_	linguistic	_	ContainsVariation=No	_	_	_	_	_	_
193-50	TO030	193	50	non	non	_	_	_	_	_	linguistic	_	ContainsVariation=No	_	_	_	_	_	_
193-51	TO030	193	51	ti	ti	_	_	_	_	_	linguistic	_	ContainsVariation=No	_	_	_	_	_	_
193-52	TO030	193	52	cagano	cagano	_	_	_	_	_	linguistic	_	ContainsVariation=No	_	_	_	_	_	_
193-53	TO030	193	53	neanche	neanche	_	_	_	_	_	linguistic	_	ContainsVariation=No	_	_	_	_	_	_
193-54	TO030	193	54	al	al	_	_	_	_	_	linguistic	_	ContainsVariation=No	_	_	_	_	_	_
193-55	TO030	193	55	carrefour	carrefour	_	_	_	_	_	linguistic	_	ContainsVariation=No	_	_	_	_	_	_
193-56	TO030	193	56	solo	solo	_	_	_	_	_	linguistic	_	ContainsVariation=No	_	_	_	_	_	_
193-57	TO030	193	57	con	con	_	_	_	_	_	linguistic	_	ContainsVariation=No	_	_	_	_	_	_
193-58	TO030	193	58	la	la	_	_	_	_	_	linguistic	_	ContainsVariation=No	_	_	_	_	_	_
193-59	TO030	193	59	triennale.	triennale	_	_	_	_	_	linguistic	_	ContainsVariation=No	Intonation=Falling	_	_	_	_	_
193-60	TO030	193	60	quindi,	quindi	_	_	_	_	_	linguistic	_	ContainsVariation=No	Intonation=WeaklyRising	End=676.692	_	_	_	_
194-0	TO054	194	0	[brava].	brava	_	_	_	_	_	linguistic	_	ContainsVariation=No	Intonation=Falling	Begin=667.512|End=667.953	_	_	_	0-5(96)
195-0	TO030	195	0	e::::	e	_	_	_	_	_	linguistic	_	ContainsVariation=No	ProsodicLink=Yes	Begin=677.234	0x4	_	_	_
195-1	TO030	195	1	mh,	mh	_	_	_	_	_	linguistic	_	ContainsVariation=No	Intonation=WeaklyRising	_	_	_	_	_
195-2	TO030	195	2	però	però	_	_	_	_	_	linguistic	_	ContainsVariation=No	_	_	_	_	_	_
195-3	TO030	195	3	allo	allo	_	_	_	_	_	linguistic	_	ContainsVariation=No	_	_	_	_	_	_
195-4	TO030	195	4	stesso	stesso	_	_	_	_	_	linguistic	_	ContainsVariation=No	_	_	_	_	_	_
195-5	TO030	195	5	tempo	tempo	_	_	_	_	_	linguistic	_	ContainsVariation=No	_	_	_	_	_	_
195-6	TO030	195	6	>cioè<	cioè	_	_	_	_	_	linguistic	_	ContainsVariation=No	_	_	_	Fast=0-4(0)	_	_
195-7	TO030	195	7	devo	devo	_	_	_	_	_	linguistic	_	ContainsVariation=No	_	_	_	_	_	_
195-8	TO030	195	8	capire	capire	_	_	_	_	_	linguistic	_	ContainsVariation=No	_	_	_	_	_	_
195-9	TO030	195	9	se	se	_	_	_	_	_	linguistic	_	ContainsVariation=No	ProsodicLink=Yes	_	_	_	_	_
195-10	TO030	195	10	è	è	_	_	_	_	_	linguistic	_	ContainsVariation=No	_	_	_	_	_	_
195-11	TO030	195	11	proprio	proprio	_	_	_	_	_	linguistic	_	ContainsVariation=No	_	_	_	_	_	_
195-12	TO030	195	12	una	una	_	_	_	_	_	linguistic	_	ContainsVariation=No	_	_	_	_	_	_
195-13	TO030	195	13	cosa	cosa	_	_	_	_	_	linguistic	_	ContainsVariation=No	_	_	_	_	_	_
195-14	TO030	195	14	che	che	_	_	_	_	_	linguistic	_	ContainsVariation=No	_	_	_	_	_	_
195-15	TO030	195	15	dici,	dici	_	_	_	_	_	linguistic	_	ContainsVariation=No	Intonation=WeaklyRising	_	_	_	_	_
195-16	TO030	195	16	poi	poi	_	_	_	_	_	linguistic	_	ContainsVariation=No	_	_	_	_	_	_
195-17	TO030	195	17	effettivamente	effettivamente	_	_	_	_	_	linguistic	_	ContainsVariation=No	_	_	_	_	_	_
195-18	TO030	195	18	mi	mi	_	_	_	_	_	linguistic	_	ContainsVariation=No	_	_	_	_	_	_
195-19	TO030	195	19	aiuta,	aiuta	_	_	_	_	_	linguistic	_	ContainsVariation=No	Intonation=WeaklyRising	_	_	_	_	_
195-20	TO030	195	20	o	o	_	_	_	_	_	linguistic	_	ContainsVariation=No	_	_	_	_	_	_
195-21	TO030	195	21	se	se	_	_	_	_	_	linguistic	_	ContainsVariation=No	_	_	_	_	_	_
195-22	TO030	195	22	sono	sono	_	_	_	_	_	linguistic	_	ContainsVariation=No	_	_	_	_	_	_
195-23	TO030	195	23	due	due	_	_	_	_	_	linguistic	_	ContainsVariation=No	_	_	_	_	_	_
195-24	TO030	195	24	anni,	anni	_	_	_	_	_	linguistic	_	ContainsVariation=No	Intonation=WeaklyRising	End=683.781	_	_	_	_
196-0	TO030	196	0	perché	perché	_	_	_	_	_	linguistic	_	ContainsVariation=No	_	Begin=684.392	_	_	_	_
196-1	TO030	196	1	io	io	_	_	_	_	_	linguistic	_	ContainsVariation=No	_	_	_	_	_	_
196-2	TO030	196	2	u[na	una	_	_	_	_	_	linguistic	_	ContainsVariation=No	_	_	_	_	_	1-3(97)
196-3	TO030	196	3	volta	volta	_	_	_	_	_	linguistic	_	ContainsVariation=No	_	_	_	_	_	0-5(97)
196-4	TO030	196	4	parlavo	parlavo	_	_	_	_	_	linguistic	_	ContainsVariation=No	_	_	_	_	_	0-7(97)
196-5	TO030	196	5	con	con	_	_	_	_	_	linguistic	_	ContainsVariation=No	_	_	_	_	_	0-3(97)
196-6	TO030	196	6	an]nalisa	annalisa	_	_	_	_	_	linguistic	_	ContainsVariation=No	_	_	_	_	_	0-2(97)
196-7	TO030	196	7	bianchi,	bianchi	_	_	_	_	_	linguistic	_	ContainsVariation=No	Intonation=WeaklyRising	_	_	_	_	_
196-8	TO030	196	8	hai	hai	_	_	_	_	_	linguistic	_	ContainsVariation=No	_	_	_	_	_	_
196-9	TO030	196	9	[presen]te,	presente	_	_	_	_	_	linguistic	_	ContainsVariation=No	Intonation=WeaklyRising	_	_	_	_	0-6(98)
196-10	TO030	196	10	e	e	_	_	_	_	_	linguistic	_	ContainsVariation=No	_	_	_	_	_	_
196-11	TO030	196	11	lei	lei	_	_	_	_	_	linguistic	_	ContainsVariation=No	_	_	_	_	_	_
196-12	TO030	196	12	mi	mi	_	_	_	_	_	linguistic	_	ContainsVariation=No	_	_	_	_	_	_
196-13	TO030	196	13	fa	fa	_	_	_	_	_	linguistic	_	ContainsVariation=No	_	_	_	_	_	_
196-14	TO030	196	14	io	io	_	_	_	_	_	linguistic	_	ContainsVariation=No	_	_	_	_	_	_
196-15	TO030	196	15	l'	l'	_	_	_	_	_	linguistic	_	ContainsVariation=No	SpaceAfter=No	_	_	_	_	_
196-16	TO030	196	16	unica	unica	_	_	_	_	_	linguistic	_	ContainsVariation=No	_	_	_	_	_	_
196-17	TO030	196	17	ragione,	ragione	_	_	_	_	_	linguistic	_	ContainsVariation=No	Intonation=WeaklyRising	_	_	_	_	_
196-18	TO030	196	18	lei	lei	_	_	_	_	_	linguistic	_	ContainsVariation=No	_	_	_	_	_	_
196-19	TO030	196	19	fasta	fasta	_	_	_	_	_	linguistic	_	ContainsVariation=No	_	_	_	_	_	_
196-20	TO030	196	20	facendo	facendo	_	_	_	_	_	linguistic	_	ContainsVariation=No	_	_	_	_	_	_
196-21	TO030	196	21	la	la	_	_	_	_	_	linguistic	_	ContainsVariation=No	_	_	_	_	_	_
196-22	TO030	196	22	magistrale	magistrale	_	_	_	_	_	linguistic	_	ContainsVariation=No	_	_	_	_	_	_
196-23	TO030	196	23	a	a	_	_	_	_	_	linguistic	_	ContainsVariation=No	_	_	_	_	_	_
196-24	TO030	196	24	torino	torino	_	_	_	_	_	linguistic	_	ContainsVariation=No	_	_	_	_	_	_
196-25	TO030	196	25	[di:	di	_	_	_	_	_	linguistic	_	ContainsVariation=No	_	_	1x1	_	_	0-2(99)
196-26	TO030	196	26	del]	del	_	_	_	_	_	linguistic	_	ContainsVariation=No	_	_	_	_	_	0-3(99)
196-27	TO030	196	27	dams.	dams	_	_	_	_	_	linguistic	_	ContainsVariation=No	Intonation=Falling	_	_	_	_	_
196-28	TO030	196	28	mi	mi	_	_	_	_	_	linguistic	_	ContainsVariation=No	_	_	_	_	_	_
196-29	TO030	196	29	fa	fa	_	_	_	_	_	linguistic	_	ContainsVariation=No	_	_	_	_	_	_
196-30	TO030	196	30	l'	l'	_	_	_	_	_	linguistic	_	ContainsVariation=No	SpaceAfter=No	_	_	_	_	_
196-31	TO030	196	31	unica	unica	_	_	_	_	_	linguistic	_	ContainsVariation=No	_	_	_	_	_	_
196-32	TO030	196	32	ragione	ragione	_	_	_	_	_	linguistic	_	ContainsVariation=No	_	_	_	_	_	_
196-33	TO030	196	33	per	per	_	_	_	_	_	linguistic	_	ContainsVariation=No	_	_	_	_	_	_
196-34	TO030	196	34	cui	cui	_	_	_	_	_	linguistic	_	ContainsVariation=No	_	_	_	_	_	_
196-35	TO030	196	35	la	la	_	_	_	_	_	linguistic	_	ContainsVariation=No	_	_	_	_	_	_
196-36	TO030	196	36	sto	sto	_	_	_	_	_	linguistic	_	ContainsVariation=No	_	_	_	_	_	_
196-37	TO030	196	37	facendo	facendo	_	_	_	_	_	linguistic	_	ContainsVariation=No	_	_	_	_	_	_
196-38	TO030	196	38	è	è	_	_	_	_	_	linguistic	_	ContainsVariation=No	_	_	_	_	_	_
196-39	TO030	196	39	per	per	_	_	_	_	_	linguistic	_	ContainsVariation=No	ProsodicLink=Yes	_	_	_	_	_
196-40	TO030	196	40	e::h	eh	_	_	_	_	_	linguistic	_	ContainsVariation=No	_	_	0x2	_	_	_
196-41	TO030	196	41	guadagnare	guadagnare	_	_	_	_	_	linguistic	_	ContainsVariation=No	_	_	_	_	_	_
196-42	TO030	196	42	tempo,	tempo	_	_	_	_	_	linguistic	_	ContainsVariation=No	Intonation=WeaklyRising	_	_	_	_	_
196-43	TO030	196	43	farmi	farmi	_	_	_	_	_	linguistic	_	ContainsVariation=No	_	_	_	_	_	_
196-44	TO030	196	44	altri	altri	_	_	_	_	_	linguistic	_	ContainsVariation=No	_	_	_	_	_	_
196-45	TO030	196	45	due	due	_	_	_	_	_	linguistic	_	ContainsVariation=No	_	_	_	_	_	_
196-46	TO030	196	46	anni	anni	_	_	_	_	_	linguistic	_	ContainsVariation=No	_	_	_	_	_	_
196-47	TO030	196	47	da	da	_	_	_	_	_	linguistic	_	ContainsVariation=No	_	_	_	_	_	_
196-48	TO030	196	48	studentessa	studentessa	_	_	_	_	_	linguistic	_	ContainsVariation=No	_	_	_	_	_	_
196-49	TO030	196	49	perché	perché	_	_	_	_	_	linguistic	_	ContainsVariation=No	_	_	_	_	_	_
196-50	TO030	196	50	non	non	_	_	_	_	_	linguistic	_	ContainsVariation=No	_	_	_	_	_	_
196-51	TO030	196	51	so	so	_	_	_	_	_	linguistic	_	ContainsVariation=No	_	_	_	_	_	_
196-52	TO030	196	52	cosa	cosa	_	_	_	_	_	linguistic	_	ContainsVariation=No	_	_	_	_	_	_
196-53	TO030	196	53	fa~	fa~	_	_	_	_	_	linguistic	_	ContainsVariation=No	Interrupted=Yes	End=696.914	_	_	_	_
197-0	TO054	197	0	[m::h],	mh	_	_	_	_	_	linguistic	_	ContainsVariation=No	Intonation=WeaklyRising	Begin=684.919|End=685.628	0x2	_	_	0-2(97)
198-0	TO054	198	0	[sì].	sì	_	_	_	_	_	linguistic	_	ContainsVariation=No	Intonation=Falling	Begin=686.611|End=686.969	_	_	_	0-2(98)
199-0	TO054	199	0	[ahah],	ahah	_	_	_	_	_	linguistic	_	ContainsVariation=No	Intonation=WeaklyRising	Begin=689.868|End=690.234	_	_	_	0-4(99)
200-0	TO030	200	0	che	che	_	_	_	_	_	linguistic	_	ContainsVariation=No	_	Begin=699.167	_	_	_	_
200-1	TO030	200	1	io	io	_	_	_	_	_	linguistic	_	ContainsVariation=No	_	_	_	_	_	_
200-2	TO030	200	2	lo	lo	_	_	_	_	_	linguistic	_	ContainsVariation=No	_	_	_	_	_	_
200-3	TO030	200	3	capi~	capi~	_	_	_	_	_	linguistic	_	ContainsVariation=No	Interrupted=Yes	_	_	_	_	_
200-4	TO030	200	4	la	la	_	_	_	_	_	linguistic	_	ContainsVariation=No	_	_	_	_	_	_
200-5	TO030	200	5	quell'	quell'	_	_	_	_	_	linguistic	_	ContainsVariation=No	SpaceAfter=No	_	_	_	_	_
200-6	TO030	200	6	impulso	impulso	_	_	_	_	_	linguistic	_	ContainsVariation=No	_	_	_	_	_	_
200-7	TO030	200	7	lì	lì	_	_	_	_	_	linguistic	_	ContainsVariation=No	_	_	_	_	_	_
200-8	TO030	200	8	lo	lo	_	_	_	_	_	linguistic	_	ContainsVariation=No	_	_	_	_	_	_
200-9	TO030	200	9	capisco	capisco	_	_	_	_	_	linguistic	_	ContainsVariation=No	_	_	_	_	_	_
200-10	TO030	200	10	di	di	_	_	_	_	_	linguistic	_	ContainsVariation=No	_	_	_	_	_	_
200-11	TO030	200	11	dire	dire	_	_	_	_	_	linguistic	_	ContainsVariation=No	_	_	_	_	_	_
200-12	TO030	200	12	faccio	faccio	_	_	_	_	_	linguistic	_	ContainsVariation=No	_	_	_	_	_	_
200-13	TO030	200	13	altri	altri	_	_	_	_	_	linguistic	_	ContainsVariation=No	_	_	_	_	_	_
200-14	TO030	200	14	due	due	_	_	_	_	_	linguistic	_	ContainsVariation=No	_	_	_	_	_	_
200-15	TO030	200	15	anni	anni	_	_	_	_	_	linguistic	_	ContainsVariation=No	_	_	_	_	_	_
200-16	TO030	200	16	di	di	_	_	_	_	_	linguistic	_	ContainsVariation=No	_	_	_	_	_	_
200-17	TO030	200	17	università	università	_	_	_	_	_	linguistic	_	ContainsVariation=No	_	_	_	_	_	_
200-18	TO030	200	18	così	così	_	_	_	_	_	linguistic	_	ContainsVariation=No	_	_	_	_	_	_
200-19	TO030	200	19	non	non	_	_	_	_	_	linguistic	_	ContainsVariation=No	_	_	_	_	_	_
200-20	TO030	200	20	devo	devo	_	_	_	_	_	linguistic	_	ContainsVariation=No	_	_	_	_	_	_
200-21	TO030	200	21	pensare:	pensare	_	_	_	_	_	linguistic	_	ContainsVariation=No	_	_	6x1	_	_	_
200-22	TO030	200	22	[a:::	a	_	_	_	_	_	linguistic	_	ContainsVariation=No	_	_	0x3	_	_	0-1(100)
200-23	TO030	200	23	però]	però	_	_	_	_	_	linguistic	_	ContainsVariation=No	_	_	_	_	_	0-4(100)
200-24	TO030	200	24	allo	allo	_	_	_	_	_	linguistic	_	ContainsVariation=No	_	_	_	_	_	_
200-25	TO030	200	25	stesso	stesso	_	_	_	_	_	linguistic	_	ContainsVariation=No	_	_	_	_	_	_
200-26	TO030	200	26	tempo	tempo	_	_	_	_	_	linguistic	_	ContainsVariation=No	_	_	_	_	_	_
200-27	TO030	200	27	dici	dici	_	_	_	_	_	linguistic	_	ContainsVariation=No	_	_	_	_	_	_
200-28	TO030	200	28	io	io	_	_	_	_	_	linguistic	_	ContainsVariation=No	_	_	_	_	_	_
200-29	TO030	200	29	la	la	_	_	_	_	_	linguistic	_	ContainsVariation=No	_	_	_	_	_	_
200-30	TO030	200	30	voglio	voglio	_	_	_	_	_	linguistic	_	ContainsVariation=No	_	_	_	_	_	_
200-31	TO030	200	31	fare	fare	_	_	_	_	_	linguistic	_	ContainsVariation=No	_	_	_	_	_	_
200-32	TO030	200	32	solo	solo	_	_	_	_	_	linguistic	_	ContainsVariation=No	_	_	_	_	_	_
200-33	TO030	200	33	se	se	_	_	_	_	_	linguistic	_	ContainsVariation=No	_	_	_	_	_	_
200-34	TO030	200	34	so	so	_	_	_	_	_	linguistic	_	ContainsVariation=No	_	_	_	_	_	_
200-35	TO030	200	35	che	che	_	_	_	_	_	linguistic	_	ContainsVariation=No	_	_	_	_	_	_
200-36	TO030	200	36	effettivamente	effettivamente	_	_	_	_	_	linguistic	_	ContainsVariation=No	_	_	_	_	_	_
200-37	TO030	200	37	mi::	mi	_	_	_	_	_	linguistic	_	ContainsVariation=No	PauseAfter=Yes	_	1x2	_	_	_
200-38	TO030	200	38	(.)	(.)	_	_	_	_	_	shortpause	_	ContainsVariation=No	_	_	_	_	_	_
200-39	TO030	200	39	[serve	serve	_	_	_	_	_	linguistic	_	ContainsVariation=No	_	_	_	_	_	0-5(101)
200-40	TO030	200	40	a]	a	_	_	_	_	_	linguistic	_	ContainsVariation=No	_	_	_	_	_	0-1(101)
200-41	TO030	200	41	qualcosa.	qualcosa	_	_	_	_	_	linguistic	_	ContainsVariation=No	Intonation=Falling	End=709.805	_	_	_	_
201-0	TO054	201	0	[mhmh],	mhmh	_	_	_	_	_	linguistic	_	ContainsVariation=No	Intonation=WeaklyRising	Begin=703.936|End=704.551	_	_	_	0-4(100)
202-0	TO054	202	0	[serve	serve	_	_	_	_	_	linguistic	_	ContainsVariation=No	_	Begin=708.055	_	_	_	0-5(101)
202-1	TO054	202	1	a	a	_	_	_	_	_	linguistic	_	ContainsVariation=No	_	_	_	_	_	0-1(101)
202-2	TO054	202	2	qualco:sa].	qualcosa	_	_	_	_	_	linguistic	_	ContainsVariation=No	Intonation=Falling	End=709.206	5x1	_	_	0-8(101)
203-0	TO030	203	0	°punto.	punto	_	_	_	_	_	linguistic	_	ContainsVariation=No	Intonation=Falling|Volume=low	Begin=709.851	_	_	_	_
203-1	TO030	203	1	tutto	tutto	_	_	_	_	_	linguistic	_	ContainsVariation=No	Volume=low	_	_	_	_	_
203-2	TO030	203	2	qua.°	qua	_	_	_	_	_	linguistic	_	ContainsVariation=No	Intonation=Falling|Volume=low	End=710.892	_	_	_	_
204-0	TO054	204	0	un	un	_	_	_	_	_	linguistic	_	ContainsVariation=No	_	Begin=710.892	_	_	_	_
204-1	TO054	204	1	po'::	po'	_	_	_	_	_	linguistic	_	ContainsVariation=No	ProsodicLink=Yes	_	1x2	_	_	_
204-2	TO054	204	2	mh	mh	_	_	_	_	_	linguistic	_	ContainsVariation=No	PauseAfter=Yes	_	_	_	_	_
204-3	TO054	204	3	(.)	(.)	_	_	_	_	_	shortpause	_	ContainsVariation=No	_	_	_	_	_	_
204-4	TO054	204	4	[xxxxx	xxxxx	_	_	_	_	_	unknown	_	ContainsVariation=No	Syllables=5	_	_	_	_	0-5(102)
204-5	TO054	204	5	pezzo	pezzo	_	_	_	_	_	linguistic	_	ContainsVariation=No	_	_	_	_	_	0-5(102)
204-6	TO054	204	6	di	di	_	_	_	_	_	linguistic	_	ContainsVariation=No	_	_	_	_	_	0-2(102)
204-7	TO054	204	7	carta].	carta	_	_	_	_	_	linguistic	_	ContainsVariation=No	Intonation=Falling	End=715.09	_	_	_	0-5(102)
205-0	TO030	205	0	[cioè::	cioè	_	_	_	_	_	linguistic	_	ContainsVariation=No	_	Begin=712.402	3x2	_	_	0-4(102)
205-1	TO030	205	1	per	per	_	_	_	_	_	linguistic	_	ContainsVariation=No	_	_	_	_	_	0-3(102)
205-2	TO030	205	2	farsi	farsi	_	_	_	_	_	linguistic	_	ContainsVariation=No	_	_	_	_	_	0-5(102)
205-3	TO030	205	3	assum~	assum~	_	_	_	_	_	linguistic	_	ContainsVariation=No	Interrupted=Yes	_	_	_	_	0-6(102)
205-4	TO030	205	4	ma	ma	_	_	_	_	_	linguistic	_	ContainsVariation=No	_	_	_	_	_	0-2(102)
205-5	TO030	205	5	che	che	_	_	_	_	_	linguistic	_	ContainsVariation=No	_	_	_	_	_	0-3(102)
205-6	TO030	205	6	cazzo	cazzo	_	_	_	_	_	linguistic	_	ContainsVariation=No	_	_	_	_	_	0-5(102)
205-7	TO030	205	7	ne	ne	_	_	_	_	_	linguistic	_	ContainsVariation=No	_	_	_	_	_	0-2(102)
205-8	TO030	205	8	so.	so	_	_	_	_	_	linguistic	_	ContainsVariation=No	Intonation=Falling	_	_	_	_	0-2(102)
205-9	TO030	205	9	per	per	_	_	_	_	_	linguistic	_	ContainsVariation=No	_	_	_	_	_	0-3(102)
205-10	TO030	205	10	farsi	farsi	_	_	_	_	_	linguistic	_	ContainsVariation=No	_	_	_	_	_	0-5(102)
205-11	TO030	205	11	assumere	assumere	_	_	_	_	_	linguistic	_	ContainsVariation=No	_	_	_	_	_	0-8(102)
205-12	TO030	205	12	an]che	anche	_	_	_	_	_	linguistic	_	ContainsVariation=No	_	_	_	_	_	0-2(102)
205-13	TO030	205	13	solo	solo	_	_	_	_	_	linguistic	_	ContainsVariation=No	_	_	_	_	_	_
205-14	TO030	205	14	come	come	_	_	_	_	_	linguistic	_	ContainsVariation=No	_	_	_	_	_	_
205-15	TO030	205	15	correttrice	correttrice	_	_	_	_	_	linguistic	_	ContainsVariation=No	_	_	_	_	_	_
205-16	TO030	205	16	di	di	_	_	_	_	_	linguistic	_	ContainsVariation=No	_	_	_	_	_	_
205-17	TO030	205	17	bozze	bozze	_	_	_	_	_	linguistic	_	ContainsVariation=No	_	_	_	_	_	_
205-18	TO030	205	18	di	di	_	_	_	_	_	linguistic	_	ContainsVariation=No	_	_	_	_	_	_
205-19	TO030	205	19	sceneggiatu~	sceneggiatu~	_	_	_	_	_	linguistic	_	ContainsVariation=No	Interrupted=Yes	_	_	_	_	_
205-20	TO030	205	20	ma	ma	_	_	_	_	_	linguistic	_	ContainsVariation=No	_	_	_	_	_	_
205-21	TO030	205	21	anche	anche	_	_	_	_	_	linguistic	_	ContainsVariation=No	_	_	_	_	_	_
205-22	TO030	205	22	[so~,	so~	_	_	_	_	_	linguistic	_	ContainsVariation=No	Intonation=WeaklyRising|Interrupted=Yes|PauseAfter=Yes	_	_	_	_	0-3(104)
205-23	TO030	205	23	(.)	(.)	_	_	_	_	_	shortpause	_	ContainsVariation=No	_	_	_	_	_	X(104)
205-24	TO030	205	24	cioè	cioè	_	_	_	_	_	linguistic	_	ContainsVariation=No	_	_	_	_	_	0-4(104)
205-25	TO030	205	25	ma	ma	_	_	_	_	_	linguistic	_	ContainsVariation=No	_	_	_	_	_	0-2(104)
205-26	TO030	205	26	ini]zio	inizio	_	_	_	_	_	linguistic	_	ContainsVariation=No	_	_	_	_	_	0-3(104)
205-27	TO030	205	27	da	da	_	_	_	_	_	linguistic	_	ContainsVariation=No	_	_	_	_	_	_
205-28	TO030	205	28	lì.	lì	_	_	_	_	_	linguistic	_	ContainsVariation=No	Intonation=Falling	_	_	_	_	_
205-29	TO030	205	29	ma	ma	_	_	_	_	_	linguistic	_	ContainsVariation=No	_	_	_	_	_	_
205-30	TO030	205	30	io	io	_	_	_	_	_	linguistic	_	ContainsVariation=No	_	_	_	_	_	_
205-31	TO030	205	31	guarda	guarda	_	_	_	_	_	linguistic	_	ContainsVariation=No	_	_	_	_	_	_
205-32	TO030	205	32	che	che	_	_	_	_	_	linguistic	_	ContainsVariation=No	_	_	_	_	_	_
205-33	TO030	205	33	inizio	inizio	_	_	_	_	_	linguistic	_	ContainsVariation=No	_	_	_	_	_	_
205-34	TO030	205	34	dal	dal	_	_	_	_	_	linguistic	_	ContainsVariation=No	_	_	_	_	_	_
205-35	TO030	205	35	basso	basso	_	_	_	_	_	linguistic	_	ContainsVariation=No	_	_	_	_	_	_
205-36	TO030	205	36	però	però	_	_	_	_	_	linguistic	_	ContainsVariation=No	_	_	_	_	_	_
205-37	TO030	205	37	minchia	minchia	_	_	_	_	_	linguistic	_	ContainsVariation=No	_	_	_	_	_	_
205-38	TO030	205	38	fatemi	fatemi	_	_	_	_	_	linguistic	_	ContainsVariation=No	PauseAfter=Yes	_	_	_	_	_
205-39	TO030	205	39	(.)	(.)	_	_	_	_	_	shortpause	_	ContainsVariation=No	_	_	_	_	_	_
205-40	TO030	205	40	[cioè	cioè	_	_	_	_	_	linguistic	_	ContainsVariation=No	_	_	_	_	_	0-4(105)
205-41	TO030	205	41	raga	raga	_	_	_	_	_	linguistic	_	ContainsVariation=No	_	_	_	_	_	0-4(105)
205-42	TO030	205	42	veramente.	veramente	_	_	_	_	_	linguistic	_	ContainsVariation=No	Intonation=Falling	_	_	_	_	0-9(105)
205-43	TO030	205	43	qualcuno	qualcuno	_	_	_	_	_	linguistic	_	ContainsVariation=No	_	_	_	_	_	0-8(105)
205-44	TO030	205	44	mi]	mi	_	_	_	_	_	linguistic	_	ContainsVariation=No	_	_	_	_	_	0-2(105)
205-45	TO030	205	45	può	può	_	_	_	_	_	linguistic	_	ContainsVariation=No	_	_	_	_	_	_
205-46	TO030	205	46	assumere	assumere	_	_	_	_	_	linguistic	_	ContainsVariation=No	_	_	_	_	_	_
205-47	TO030	205	47	[per	per	_	_	_	_	_	linguistic	_	ContainsVariation=No	_	_	_	_	_	0-3(103)
205-48	TO030	205	48	favore?	favore	_	_	_	_	_	linguistic	_	ContainsVariation=No	Intonation=Rising|PauseAfter=Yes	_	_	_	_	0-6(103)
205-49	TO030	205	49	(.)	(.)	_	_	_	_	_	shortpause	_	ContainsVariation=No	_	_	_	_	_	X(103)
205-50	TO030	205	50	per]	per	_	_	_	_	_	linguistic	_	ContainsVariation=No	_	_	_	_	_	0-3(103)
205-51	TO030	205	51	favore	favore	_	_	_	_	_	linguistic	_	ContainsVariation=No	_	_	_	_	_	_
205-52	TO030	205	52	assume:temi.	assumetemi	_	_	_	_	_	linguistic	_	ContainsVariation=No	Intonation=Falling	_	5x1	_	_	_
205-53	TO030	205	53	cioè	cioè	_	_	_	_	_	linguistic	_	ContainsVariation=No	_	End=727.335	_	_	_	_
206-0	TO054	206	0	[uh].	uh	_	_	_	_	_	linguistic	_	ContainsVariation=No	Intonation=Falling	Begin=717.741|End=718.542	_	_	_	0-2(104)
207-0	TO054	207	0	[(fare)	fare	_	_	_	_	_	linguistic	_	ContainsVariation=No	_	Begin=721.87	_	_	0-4(0)	0-4(105)
207-1	TO054	207	1	qualcosa],	qualcosa	_	_	_	_	_	linguistic	_	ContainsVariation=No	Intonation=WeaklyRising	End=723.16	_	_	_	0-8(105)
208-0	TO054	208	0	[datemi	datemi	_	_	_	_	_	linguistic	_	ContainsVariation=No	_	Begin=723.933	_	_	_	0-6(103)
208-1	TO054	208	1	un	un	_	_	_	_	_	linguistic	_	ContainsVariation=No	_	_	_	_	_	0-2(103)
208-2	TO054	208	2	lavo:ro].	lavoro	_	_	_	_	_	linguistic	_	ContainsVariation=No	Intonation=Falling	End=725.259	3x1	_	_	0-6(103)
209-0	TO054	209	0	no.	no	_	_	_	_	_	linguistic	_	ContainsVariation=No	Intonation=Falling	Begin=727.855	_	_	_	_
209-1	TO054	209	1	lo	lo	_	_	_	_	_	linguistic	_	ContainsVariation=No	_	_	_	_	_	_
209-2	TO054	209	2	capisco.	capisco	_	_	_	_	_	linguistic	_	ContainsVariation=No	Intonation=Falling	End=729.573	_	_	_	_
210-0	TO030	210	0	sai	sai	_	_	_	_	_	linguistic	_	ContainsVariation=No	_	Begin=729.573	_	_	_	_
210-1	TO030	210	1	quando	quando	_	_	_	_	_	linguistic	_	ContainsVariation=No	_	_	_	_	_	_
210-2	TO030	210	2	dici,	dici	_	_	_	_	_	linguistic	_	ContainsVariation=No	Intonation=WeaklyRising	_	_	_	_	_
210-3	TO030	210	3	non	non	_	_	_	_	_	linguistic	_	ContainsVariation=No	_	_	_	_	_	_
210-4	TO030	210	4	vedo	vedo	_	_	_	_	_	linguistic	_	ContainsVariation=No	_	_	_	_	_	_
210-5	TO030	210	5	l'	l'	_	_	_	_	_	linguistic	_	ContainsVariation=No	SpaceAfter=No	_	_	_	_	_
210-6	TO030	210	6	ora	ora	_	_	_	_	_	linguistic	_	ContainsVariation=No	_	_	_	_	_	_
210-7	TO030	210	7	di	di	_	_	_	_	_	linguistic	_	ContainsVariation=No	_	_	_	_	_	_
210-8	TO030	210	8	poter	poter	_	_	_	_	_	linguistic	_	ContainsVariation=No	_	_	_	_	_	_
210-9	TO030	210	9	fare	fare	_	_	_	_	_	linguistic	_	ContainsVariation=No	_	_	_	_	_	_
210-10	TO030	210	10	abbastanza	abbastanza	_	_	_	_	_	linguistic	_	ContainsVariation=No	_	_	_	_	_	_
210-11	TO030	210	11	soldi	soldi	_	_	_	_	_	linguistic	_	ContainsVariation=No	_	_	_	_	_	_
210-12	TO030	210	12	che	che	_	_	_	_	_	linguistic	_	ContainsVariation=No	_	_	_	_	_	_
210-13	TO030	210	13	ri~	ri~	_	_	_	_	_	linguistic	_	ContainsVariation=No	Interrupted=Yes	_	_	_	_	_
210-14	TO030	210	14	ri~	ri~	_	_	_	_	_	linguistic	_	ContainsVariation=No	Interrupted=Yes	_	_	_	_	_
210-15	TO030	210	15	inizio	inizio	_	_	_	_	_	linguistic	_	ContainsVariation=No	_	_	_	_	_	_
210-16	TO030	210	16	a	a	_	_	_	_	_	linguistic	_	ContainsVariation=No	_	_	_	_	_	_
210-17	TO030	210	17	restituire	restituire	_	_	_	_	_	linguistic	_	ContainsVariation=No	_	_	_	_	_	_
210-18	TO030	210	18	un	un	_	_	_	_	_	linguistic	_	ContainsVariation=No	_	_	_	_	_	_
210-19	TO030	210	19	po'	po'	_	_	_	_	_	linguistic	_	ContainsVariation=No	_	_	_	_	_	_
210-20	TO030	210	20	di	di	_	_	_	_	_	linguistic	_	ContainsVariation=No	_	_	_	_	_	_
210-21	TO030	210	21	roba	roba	_	_	_	_	_	linguistic	_	ContainsVariation=No	_	_	_	_	_	_
210-22	TO030	210	22	a	a	_	_	_	_	_	linguistic	_	ContainsVariation=No	_	_	_	_	_	_
210-23	TO030	210	23	mia	mia	_	_	_	_	_	linguistic	_	ContainsVariation=No	_	_	_	_	_	_
210-24	TO030	210	24	madre.	madre	_	_	_	_	_	linguistic	_	ContainsVariation=No	Intonation=Falling	End=733.792	_	_	_	_
211-0	TO030	211	0	tutti	tutti	_	_	_	_	_	linguistic	_	ContainsVariation=No	_	Begin=734.119	_	_	_	_
211-1	TO030	211	1	i	i	_	_	_	_	_	linguistic	_	ContainsVariation=No	_	_	_	_	_	_
211-2	TO030	211	2	soldi	soldi	_	_	_	_	_	linguistic	_	ContainsVariation=No	_	_	_	_	_	_
211-3	TO030	211	3	che	che	_	_	_	_	_	linguistic	_	ContainsVariation=No	_	_	_	_	_	_
211-4	TO030	211	4	ha	ha	_	_	_	_	_	linguistic	_	ContainsVariation=No	_	_	_	_	_	_
211-5	TO030	211	5	speso	speso	_	_	_	_	_	linguistic	_	ContainsVariation=No	_	_	_	_	_	_
211-6	TO030	211	6	inizio	inizio	_	_	_	_	_	linguistic	_	ContainsVariation=No	_	_	_	_	_	_
211-7	TO030	211	7	un	un	_	_	_	_	_	linguistic	_	ContainsVariation=No	_	_	_	_	_	_
211-8	TO030	211	8	po'	po'	_	_	_	_	_	linguistic	_	ContainsVariation=No	_	_	_	_	_	_
211-9	TO030	211	9	a	a	_	_	_	_	_	linguistic	_	ContainsVariation=No	_	_	_	_	_	_
211-10	TO030	211	10	ridarglieli	ridarglieli	_	_	_	_	_	linguistic	_	ContainsVariation=No	_	_	_	_	_	_
211-11	TO030	211	11	perché:::,	perché	_	_	_	_	_	linguistic	_	ContainsVariation=No	Intonation=WeaklyRising	End=737.369	5x3	_	_	_
212-0	TO054	212	0	sì	sì	_	_	_	_	_	linguistic	_	ContainsVariation=No	_	Begin=737.92	_	_	_	_
212-1	TO054	212	1	sì.	sì	_	_	_	_	_	linguistic	_	ContainsVariation=No	Intonation=Falling	End=738.67	_	_	_	_
213-0	TO054	213	0	è	è	_	_	_	_	_	linguistic	_	ContainsVariation=No	_	Begin=739.23	_	_	_	_
213-1	TO054	213	1	il	il	_	_	_	_	_	linguistic	_	ContainsVariation=No	_	_	_	_	_	_
213-2	TO054	213	2	motivo	motivo	_	_	_	_	_	linguistic	_	ContainsVariation=No	_	_	_	_	_	_
213-3	TO054	213	3	per	per	_	_	_	_	_	linguistic	_	ContainsVariation=No	_	_	_	_	_	_
213-4	TO054	213	4	cui	cui	_	_	_	_	_	linguistic	_	ContainsVariation=No	_	_	_	_	_	_
213-5	TO054	213	5	l'	l'	_	_	_	_	_	linguistic	_	ContainsVariation=No	SpaceAfter=No	_	_	_	_	_
213-6	TO054	213	6	anno	anno	_	_	_	_	_	linguistic	_	ContainsVariation=No	_	_	_	_	_	_
213-7	TO054	213	7	scorso	scorso	_	_	_	_	_	linguistic	_	ContainsVariation=No	_	_	_	_	_	_
213-8	TO054	213	8	io	io	_	_	_	_	_	linguistic	_	ContainsVariation=No	_	_	_	_	_	_
213-9	TO054	213	9	mi	mi	_	_	_	_	_	linguistic	_	ContainsVariation=No	_	_	_	_	_	_
213-10	TO054	213	10	son	son	_	_	_	_	_	linguistic	_	ContainsVariation=No	_	_	_	_	_	_
213-11	TO054	213	11	messa	messa	_	_	_	_	_	linguistic	_	ContainsVariation=No	_	_	_	_	_	_
213-12	TO054	213	12	a	a	_	_	_	_	_	linguistic	_	ContainsVariation=No	_	_	_	_	_	_
213-13	TO054	213	13	lavora:[re].	lavorare	_	_	_	_	_	linguistic	_	ContainsVariation=No	Intonation=Falling	End=741.648	5x1	_	_	6-8(106)
214-0	TO030	214	0	[eh].	eh	_	_	_	_	_	linguistic	_	ContainsVariation=No	Intonation=Falling	Begin=741.347	_	_	_	0-2(106)
214-1	TO030	214	1	sì	sì	_	_	_	_	_	linguistic	_	ContainsVariation=No	_	_	_	_	_	_
214-2	TO030	214	2	esatto.	esatto	_	_	_	_	_	linguistic	_	ContainsVariation=No	Intonation=Falling	_	_	_	_	_
214-3	TO030	214	3	esatto.	esatto	_	_	_	_	_	linguistic	_	ContainsVariation=No	Intonation=Falling	End=742.945	_	_	_	_
215-0	TO054	215	0	perché::	perché	_	_	_	_	_	linguistic	_	ContainsVariation=No	ProsodicLink=Yes	Begin=742.945	5x2	_	_	_
215-1	TO054	215	1	e	e	_	_	_	_	_	linguistic	_	ContainsVariation=No	_	_	_	_	_	_
215-2	TO054	215	2	questo::	questo	_	_	_	_	_	linguistic	_	ContainsVariation=No	_	_	5x2	_	_	_
215-3	TO054	215	3	questa	questa	_	_	_	_	_	linguistic	_	ContainsVariation=No	_	_	_	_	_	_
215-4	TO054	215	4	finestra,	finestra	_	_	_	_	_	linguistic	_	ContainsVariation=No	Intonation=WeaklyRising	_	_	_	_	_
215-5	TO054	215	5	soprattutto	soprattutto	_	_	_	_	_	linguistic	_	ContainsVariation=No	_	_	_	_	_	_
215-6	TO054	215	6	se	se	_	_	_	_	_	linguistic	_	ContainsVariation=No	PauseAfter=Yes	_	_	_	_	_
215-7	TO054	215	7	(.)	(.)	_	_	_	_	_	shortpause	_	ContainsVariation=No	_	_	_	_	_	_
215-8	TO054	215	8	ti	ti	_	_	_	_	_	linguistic	_	ContainsVariation=No	_	_	_	_	_	_
215-9	TO054	215	9	laurei	laurei	_	_	_	_	_	linguistic	_	ContainsVariation=No	_	_	_	_	_	_
215-10	TO054	215	10	ad	ad	_	_	_	_	_	linguistic	_	ContainsVariation=No	_	_	_	_	_	_
215-11	TO054	215	11	aprile,	aprile	_	_	_	_	_	linguistic	_	ContainsVariation=No	Intonation=WeaklyRising	_	_	_	_	_
215-12	TO054	215	12	è	è	_	_	_	_	_	linguistic	_	ContainsVariation=No	_	_	_	_	_	_
215-13	TO054	215	13	ottima.	ottima	_	_	_	_	_	linguistic	_	ContainsVariation=No	Intonation=Falling	_	_	_	_	_
215-14	TO054	215	14	perché::	perché	_	_	_	_	_	linguistic	_	ContainsVariation=No	_	_	5x2	_	_	_
215-15	TO054	215	15	tanto	tanto	_	_	_	_	_	linguistic	_	ContainsVariation=No	_	_	_	_	_	_
215-16	TO054	215	16	non	non	_	_	_	_	_	linguistic	_	ContainsVariation=No	_	_	_	_	_	_
215-17	TO054	215	17	c'	c'	_	_	_	_	_	linguistic	_	ContainsVariation=No	SpaceAfter=No	_	_	_	_	_
215-18	TO054	215	18	hai	hai	_	_	_	_	_	linguistic	_	ContainsVariation=No	_	_	_	_	_	_
215-19	TO054	215	19	niente	niente	_	_	_	_	_	linguistic	_	ContainsVariation=No	_	_	_	_	_	_
215-20	TO054	215	20	da	da	_	_	_	_	_	linguistic	_	ContainsVariation=No	_	_	_	_	_	_
215-21	TO054	215	21	[fare	fare	_	_	_	_	_	linguistic	_	ContainsVariation=No	_	_	_	_	_	0-4(107)
215-22	TO054	215	22	fino	fino	_	_	_	_	_	linguistic	_	ContainsVariation=No	_	_	_	_	_	0-4(107)
215-23	TO054	215	23	a	a	_	_	_	_	_	linguistic	_	ContainsVariation=No	_	_	_	_	_	0-1(107)
215-24	TO054	215	24	settembre].	settembre	_	_	_	_	_	linguistic	_	ContainsVariation=No	Intonation=Falling	End=752.211	_	_	_	0-9(107)
216-0	TO030	216	0	[no	no	_	_	_	_	_	linguistic	_	ContainsVariation=No	_	Begin=750.84	_	_	_	0-2(107)
216-1	TO030	216	1	no	no	_	_	_	_	_	linguistic	_	ContainsVariation=No	_	_	_	_	_	0-2(107)
216-2	TO030	216	2	no.	no	_	_	_	_	_	linguistic	_	ContainsVariation=No	Intonation=Falling	_	_	_	_	0-2(107)
216-3	TO030	216	3	adesso	adesso	_	_	_	_	_	linguistic	_	ContainsVariation=No	_	_	_	_	_	0-6(107)
216-4	TO030	216	4	l'	l'	_	_	_	_	_	linguistic	_	ContainsVariation=No	SpaceAfter=No	_	_	_	_	0-2(107)
216-5	TO030	216	5	anno]	anno	_	_	_	_	_	linguistic	_	ContainsVariation=No	_	_	_	_	_	0-4(107)
216-6	TO030	216	6	è	è	_	_	_	_	_	linguistic	_	ContainsVariation=No	_	_	_	_	_	_
216-7	TO030	216	7	quasi	quasi	_	_	_	_	_	linguistic	_	ContainsVariation=No	_	_	_	_	_	_
216-8	TO030	216	8	fini~	fini~	_	_	_	_	_	linguistic	_	ContainsVariation=No	Interrupted=Yes	_	_	_	_	_
216-9	TO030	216	9	cioè	cioè	_	_	_	_	_	linguistic	_	ContainsVariation=No	_	_	_	_	_	_
216-10	TO030	216	10	l'	l'	_	_	_	_	_	linguistic	_	ContainsVariation=No	SpaceAfter=No	_	_	_	_	_
216-11	TO030	216	11	anno	anno	_	_	_	_	_	linguistic	_	ContainsVariation=No	_	_	_	_	_	3-4(108)
216-12	TO030	216	12	[scolastico	scolastico	_	_	_	_	_	linguistic	_	ContainsVariation=No	_	_	_	_	_	0-10(108)
216-13	TO030	216	13	tra	tra	_	_	_	_	_	linguistic	_	ContainsVariation=No	_	_	_	_	_	0-3(108)
216-14	TO030	216	14	virgole~],	virgole~	_	_	_	_	_	linguistic	_	ContainsVariation=No	Intonation=WeaklyRising|Interrupted=Yes	End=754.31	_	_	_	0-7(108)
217-0	TO054	217	0	[quindi,	quindi	_	_	_	_	_	linguistic	_	ContainsVariation=No	Intonation=WeaklyRising|PauseAfter=Yes	Begin=753.059	_	_	_	0-6(108)
217-1	TO054	217	1	(.)	(.)	_	_	_	_	_	shortpause	_	ContainsVariation=No	_	_	_	_	_	X(108)
217-2	TO054	217	2	quindi]	quindi	_	_	_	_	_	linguistic	_	ContainsVariation=No	_	_	_	_	_	0-6(108)
217-3	TO054	217	3	non	non	_	_	_	_	_	linguistic	_	ContainsVariation=No	_	_	_	_	_	_
217-4	TO054	217	4	puoi	puoi	_	_	_	_	_	linguistic	_	ContainsVariation=No	_	_	_	_	_	_
217-5	TO054	217	5	iniziare	iniziare	_	_	_	_	_	linguistic	_	ContainsVariation=No	_	_	_	_	_	_
217-6	TO054	217	6	niente	niente	_	_	_	_	_	linguistic	_	ContainsVariation=No	_	_	_	_	_	_
217-7	TO054	217	7	di	di	_	_	_	_	_	linguistic	_	ContainsVariation=No	_	_	_	_	_	_
217-8	TO054	217	8	nuo:vo,	nuovo	_	_	_	_	_	linguistic	_	ContainsVariation=No	Intonation=WeaklyRising|PauseAfter=Yes	_	2x1	_	_	_
217-9	TO054	217	9	(.)	(.)	_	_	_	_	_	shortpause	_	ContainsVariation=No	_	_	_	_	_	_
217-10	TO054	217	10	e	e	_	_	_	_	_	linguistic	_	ContainsVariation=No	_	_	_	_	_	_
217-11	TO054	217	11	sei	sei	_	_	_	_	_	linguistic	_	ContainsVariation=No	_	_	_	_	_	_
217-12	TO054	217	12	a	a	_	_	_	_	_	linguistic	_	ContainsVariation=No	_	_	_	_	_	_
217-13	TO054	217	13	posto.	posto	_	_	_	_	_	linguistic	_	ContainsVariation=No	Intonation=Falling	End=757.627	_	_	_	_
218-0	TO054	218	0	quindi::,	quindi	_	_	_	_	_	linguistic	_	ContainsVariation=No	Intonation=WeaklyRising	Begin=757.995|End=758.994	5x2	_	_	_
219-0	TO054	219	0	è::	è	_	_	_	_	_	linguistic	_	ContainsVariation=No	_	Begin=760.328	0x2	_	_	_
219-1	TO054	219	1	utile.	utile	_	_	_	_	_	linguistic	_	ContainsVariation=No	Intonation=Falling|PauseAfter=Yes	_	_	_	_	_
219-2	TO054	219	2	(.)	(.)	_	_	_	_	_	shortpause	_	ContainsVariation=No	_	_	_	_	_	_
219-3	TO054	219	3	anche	anche	_	_	_	_	_	linguistic	_	ContainsVariation=No	_	_	_	_	_	_
219-4	TO054	219	4	per	per	_	_	_	_	_	linguistic	_	ContainsVariation=No	_	_	_	_	_	_
219-5	TO054	219	5	raccimolare	raccimolare	_	_	_	_	_	linguistic	_	ContainsVariation=No	_	_	_	_	_	_
219-6	TO054	219	6	un	un	_	_	_	_	_	linguistic	_	ContainsVariation=No	_	_	_	_	_	_
219-7	TO054	219	7	po'	po'	_	_	_	_	_	linguistic	_	ContainsVariation=No	_	_	_	_	_	_
219-8	TO054	219	8	le	le	_	_	_	_	_	linguistic	_	ContainsVariation=No	_	_	_	_	_	_
219-9	TO054	219	9	idee.	idee	_	_	_	_	_	linguistic	_	ContainsVariation=No	Intonation=Falling	End=763.868	_	_	_	_
220-0	TO030	220	0	ma	ma	_	_	_	_	_	linguistic	_	ContainsVariation=No	_	Begin=764.075	_	_	_	_
220-1	TO030	220	1	infatti	infatti	_	_	_	_	_	linguistic	_	ContainsVariation=No	_	_	_	_	_	_
220-2	TO030	220	2	io	io	_	_	_	_	_	linguistic	_	ContainsVariation=No	_	_	_	_	_	_
220-3	TO030	220	3	adesso	adesso	_	_	_	_	_	linguistic	_	ContainsVariation=No	_	_	_	_	_	_
220-4	TO030	220	4	lo:::	lo	_	_	_	_	_	linguistic	_	ContainsVariation=No	_	_	1x3	_	_	_
220-5	TO030	220	5	lo	lo	_	_	_	_	_	linguistic	_	ContainsVariation=No	_	_	_	_	_	_
220-6	TO030	220	6	dicevo	dicevo	_	_	_	_	_	linguistic	_	ContainsVariation=No	_	_	_	_	_	_
220-7	TO030	220	7	anche	anche	_	_	_	_	_	linguistic	_	ContainsVariation=No	_	_	_	_	_	_
220-8	TO030	220	8	a	a	_	_	_	_	_	linguistic	_	ContainsVariation=No	_	_	_	_	_	_
220-9	TO030	220	9	andrea	andrea	_	_	_	_	_	linguistic	_	ContainsVariation=No	_	_	_	_	_	_
220-10	TO030	220	10	cioè::,	cioè	_	_	_	_	_	linguistic	_	ContainsVariation=No	Intonation=WeaklyRising	End=766.714	3x2	_	_	_
221-0	TO030	221	0	che	che	_	_	_	_	_	linguistic	_	ContainsVariation=No	_	Begin=767.22	_	_	_	_
221-1	TO030	221	1	io	io	_	_	_	_	_	linguistic	_	ContainsVariation=No	_	_	_	_	_	_
221-2	TO030	221	2	poveretto.	poveretto	_	_	_	_	_	linguistic	_	ContainsVariation=No	Intonation=Falling	_	_	_	_	_
221-3	TO030	221	3	lui	lui	_	_	_	_	_	linguistic	_	ContainsVariation=No	_	_	_	_	_	_
221-4	TO030	221	4	mi	mi	_	_	_	_	_	linguistic	_	ContainsVariation=No	_	_	_	_	_	_
221-5	TO030	221	5	sta	sta	_	_	_	_	_	linguistic	_	ContainsVariation=No	_	_	_	_	_	_
221-6	TO030	221	6	sempre	sempre	_	_	_	_	_	linguistic	_	ContainsVariation=No	_	_	_	_	_	_
221-7	TO030	221	7	a	a	_	_	_	_	_	linguistic	_	ContainsVariation=No	_	_	_	_	_	_
221-8	TO030	221	8	sentire	sentire	_	_	_	_	_	linguistic	_	ContainsVariation=No	_	_	_	_	_	_
221-9	TO030	221	9	che	che	_	_	_	_	_	linguistic	_	ContainsVariation=No	_	_	_	_	_	_
221-10	TO030	221	10	io::::	io	_	_	_	_	_	linguistic	_	ContainsVariation=No	PauseAfter=Yes	_	1x4	_	_	_
221-11	TO030	221	11	(.)	(.)	_	_	_	_	_	shortpause	_	ContainsVariation=No	_	_	_	_	_	_
221-12	TO030	221	12	sono	sono	_	_	_	_	_	linguistic	_	ContainsVariation=No	_	_	_	_	_	_
221-13	TO030	221	13	una	una	_	_	_	_	_	linguistic	_	ContainsVariation=No	_	_	_	_	_	_
221-14	TO030	221	14	persona	persona	_	_	_	_	_	linguistic	_	ContainsVariation=No	_	_	_	_	_	_
221-15	TO030	221	15	molto	molto	_	_	_	_	_	linguistic	_	ContainsVariation=No	_	_	_	_	_	_
221-16	TO030	221	16	ansiosa	ansiosa	_	_	_	_	_	linguistic	_	ContainsVariation=No	_	_	_	_	_	_
221-17	TO030	221	17	e	e	_	_	_	_	_	linguistic	_	ContainsVariation=No	_	_	_	_	_	_
221-18	TO030	221	18	lui	lui	_	_	_	_	_	linguistic	_	ContainsVariation=No	_	_	_	_	_	_
221-19	TO030	221	19	comunque	comunque	_	_	_	_	_	linguistic	_	ContainsVariation=No	_	_	_	_	_	_
221-20	TO030	221	20	cioè	cioè	_	_	_	_	_	linguistic	_	ContainsVariation=No	_	_	_	_	_	_
221-21	TO030	221	21	io	io	_	_	_	_	_	linguistic	_	ContainsVariation=No	_	_	_	_	_	_
221-22	TO030	221	22	poi	poi	_	_	_	_	_	linguistic	_	ContainsVariation=No	_	_	_	_	_	_
221-23	TO030	221	23	finisco	finisco	_	_	_	_	_	linguistic	_	ContainsVariation=No	_	_	_	_	_	_
221-24	TO030	221	24	che	che	_	_	_	_	_	linguistic	_	ContainsVariation=No	_	_	_	_	_	_
221-25	TO030	221	25	ripeto	ripeto	_	_	_	_	_	linguistic	_	ContainsVariation=No	_	_	_	_	_	_
221-26	TO030	221	26	sempre	sempre	_	_	_	_	_	linguistic	_	ContainsVariation=No	_	_	_	_	_	_
221-27	TO030	221	27	le	le	_	_	_	_	_	linguistic	_	ContainsVariation=No	_	_	_	_	_	_
221-28	TO030	221	28	stesse	stesse	_	_	_	_	_	linguistic	_	ContainsVariation=No	_	_	_	_	_	_
221-29	TO030	221	29	co:se	cose	_	_	_	_	_	linguistic	_	ContainsVariation=No	_	_	1x1	_	_	_
221-30	TO030	221	30	in	in	_	_	_	_	_	linguistic	_	ContainsVariation=No	_	_	_	_	_	_
221-31	TO030	221	31	preda	preda	_	_	_	_	_	linguistic	_	ContainsVariation=No	_	_	_	_	_	_
221-32	TO030	221	32	all'	all'	_	_	_	_	_	linguistic	_	ContainsVariation=No	SpaceAfter=No	_	_	_	_	_
221-33	TO030	221	33	ansia,	ansia	_	_	_	_	_	linguistic	_	ContainsVariation=No	Intonation=WeaklyRising	_	_	_	_	_
221-34	TO030	221	34	e	e	_	_	_	_	_	linguistic	_	ContainsVariation=No	_	_	_	_	_	_
221-35	TO030	221	35	lui	lui	_	_	_	_	_	linguistic	_	ContainsVariation=No	_	_	_	_	_	_
221-36	TO030	221	36	mi	mi	_	_	_	_	_	linguistic	_	ContainsVariation=No	_	_	_	_	_	_
221-37	TO030	221	37	sta	sta	_	_	_	_	_	linguistic	_	ContainsVariation=No	_	_	_	_	_	_
221-38	TO030	221	38	sempre	sempre	_	_	_	_	_	linguistic	_	ContainsVariation=No	_	_	_	_	_	_
221-39	TO030	221	39	a	a	_	_	_	_	_	linguistic	_	ContainsVariation=No	_	_	_	_	_	_
221-40	TO030	221	40	sentire,	sentire	_	_	_	_	_	linguistic	_	ContainsVariation=No	Intonation=WeaklyRising|PauseAfter=Yes	_	_	_	_	_
221-41	TO030	221	41	(.)	(.)	_	_	_	_	_	shortpause	_	ContainsVariation=No	_	_	_	_	_	_
221-42	TO030	221	42	santo,	santo	_	_	_	_	_	linguistic	_	ContainsVariation=No	Intonation=WeaklyRising	End=777.983	_	_	_	_
222-0	TO054	222	0	((ride))	((ride))	_	_	_	_	_	nonverbalbehavior	_	ContainsVariation=No	_	Begin=778.188|End=779.209	_	_	_	_
223-0	TO030	223	0	e:::h	eh	_	_	_	_	_	linguistic	_	ContainsVariation=No	_	Begin=778.441|End=779.748	0x3	_	_	_
224-0	TO030	224	0	cioè	cioè	_	_	_	_	_	linguistic	_	ContainsVariation=No	_	Begin=780.746	_	_	_	_
224-1	TO030	224	1	gli	gli	_	_	_	_	_	linguistic	_	ContainsVariation=No	_	_	_	_	_	_
224-2	TO030	224	2	stavo	stavo	_	_	_	_	_	linguistic	_	ContainsVariation=No	_	_	_	_	_	_
224-3	TO030	224	3	dicendo	dicendo	_	_	_	_	_	linguistic	_	ContainsVariation=No	_	_	_	_	_	_
224-4	TO030	224	4	io	io	_	_	_	_	_	linguistic	_	ContainsVariation=No	_	_	_	_	_	_
224-5	TO030	224	5	adesso	adesso	_	_	_	_	_	linguistic	_	ContainsVariation=No	_	_	_	_	_	_
224-6	TO030	224	6	voglio	voglio	_	_	_	_	_	linguistic	_	ContainsVariation=No	_	_	_	_	_	_
224-7	TO030	224	7	prendermi:::	prendermi	_	_	_	_	_	linguistic	_	ContainsVariation=No	PauseAfter=Yes	_	8x3	_	_	_
224-8	TO030	224	8	(.)	(.)	_	_	_	_	_	shortpause	_	ContainsVariation=No	_	_	_	_	_	_
224-9	TO030	224	9	almeno:::,	almeno	_	_	_	_	_	linguistic	_	ContainsVariation=No	Intonation=WeaklyRising|PauseAfter=Yes	_	5x3	_	_	_
224-10	TO030	224	10	(.)	(.)	_	_	_	_	_	shortpause	_	ContainsVariation=No	_	_	_	_	_	_
224-11	TO030	224	11	non	non	_	_	_	_	_	linguistic	_	ContainsVariation=No	_	_	_	_	_	_
224-12	TO030	224	12	ti	ti	_	_	_	_	_	linguistic	_	ContainsVariation=No	_	_	_	_	_	_
224-13	TO030	224	13	dico	dico	_	_	_	_	_	linguistic	_	ContainsVariation=No	_	_	_	_	_	_
224-14	TO030	224	14	un	un	_	_	_	_	_	linguistic	_	ContainsVariation=No	_	_	_	_	_	_
224-15	TO030	224	15	mese	mese	_	_	_	_	_	linguistic	_	ContainsVariation=No	_	_	_	_	_	_
224-16	TO030	224	16	che	che	_	_	_	_	_	linguistic	_	ContainsVariation=No	_	_	_	_	_	_
224-17	TO030	224	17	forse	forse	_	_	_	_	_	linguistic	_	ContainsVariation=No	_	_	_	_	_	_
224-18	TO030	224	18	è	è	_	_	_	_	_	linguistic	_	ContainsVariation=No	_	_	_	_	_	_
224-19	TO030	224	19	troppo.	troppo	_	_	_	_	_	linguistic	_	ContainsVariation=No	Intonation=Falling	_	_	_	_	_
224-20	TO030	224	20	però	però	_	_	_	_	_	linguistic	_	ContainsVariation=No	_	_	_	_	_	_
224-21	TO030	224	21	un	un	_	_	_	_	_	linguistic	_	ContainsVariation=No	_	_	_	_	_	_
224-22	TO030	224	22	paio	paio	_	_	_	_	_	linguistic	_	ContainsVariation=No	_	_	_	_	_	_
224-23	TO030	224	23	di	di	_	_	_	_	_	linguistic	_	ContainsVariation=No	_	_	_	_	_	_
224-24	TO030	224	24	settimane	settimane	_	_	_	_	_	linguistic	_	ContainsVariation=No	_	_	_	_	_	_
224-25	TO030	224	25	che::	che	_	_	_	_	_	linguistic	_	ContainsVariation=No	_	_	2x2	_	_	_
224-26	TO030	224	26	mi	mi	_	_	_	_	_	linguistic	_	ContainsVariation=No	_	_	_	_	_	_
224-27	TO030	224	27	guardo	guardo	_	_	_	_	_	linguistic	_	ContainsVariation=No	_	_	_	_	_	_
224-28	TO030	224	28	tutti	tutti	_	_	_	_	_	linguistic	_	ContainsVariation=No	_	_	_	_	_	_
224-29	TO030	224	29	i	i	_	_	_	_	_	linguistic	_	ContainsVariation=No	_	_	_	_	_	_
224-30	TO030	224	30	film	film	_	_	_	_	_	linguistic	_	ContainsVariation=No	_	_	_	_	_	_
224-31	TO030	224	31	che	che	_	_	_	_	_	linguistic	_	ContainsVariation=No	_	_	_	_	_	_
224-32	TO030	224	32	non	non	_	_	_	_	_	linguistic	_	ContainsVariation=No	_	_	_	_	_	_
224-33	TO030	224	33	ho	ho	_	_	_	_	_	linguistic	_	ContainsVariation=No	_	_	_	_	_	_
224-34	TO030	224	34	visto,	visto	_	_	_	_	_	linguistic	_	ContainsVariation=No	Intonation=WeaklyRising	_	_	_	_	_
224-35	TO030	224	35	mi	mi	_	_	_	_	_	linguistic	_	ContainsVariation=No	_	_	_	_	_	_
224-36	TO030	224	36	leggo	leggo	_	_	_	_	_	linguistic	_	ContainsVariation=No	_	_	_	_	_	_
224-37	TO030	224	37	tutti	tutti	_	_	_	_	_	linguistic	_	ContainsVariation=No	_	_	_	_	_	_
224-38	TO030	224	38	i	i	_	_	_	_	_	linguistic	_	ContainsVariation=No	_	_	_	_	_	_
224-39	TO030	224	39	libri	libri	_	_	_	_	_	linguistic	_	ContainsVariation=No	_	_	_	_	_	_
224-40	TO030	224	40	che	che	_	_	_	_	_	linguistic	_	ContainsVariation=No	_	_	_	_	_	_
224-41	TO030	224	41	non	non	_	_	_	_	_	linguistic	_	ContainsVariation=No	_	_	_	_	_	_
224-42	TO030	224	42	ho	ho	_	_	_	_	_	linguistic	_	ContainsVariation=No	_	_	_	_	_	_
224-43	TO030	224	43	le:tto,	letto	_	_	_	_	_	linguistic	_	ContainsVariation=No	Intonation=WeaklyRising	_	1x1	_	_	_
224-44	TO030	224	44	mi	mi	_	_	_	_	_	linguistic	_	ContainsVariation=No	_	_	_	_	_	_
224-45	TO030	224	45	guardo	guardo	_	_	_	_	_	linguistic	_	ContainsVariation=No	_	_	_	_	_	_
224-46	TO030	224	46	tutte	tutte	_	_	_	_	_	linguistic	_	ContainsVariation=No	_	_	_	_	_	_
224-47	TO030	224	47	le	le	_	_	_	_	_	linguistic	_	ContainsVariation=No	_	_	_	_	_	_
224-48	TO030	224	48	serie	serie	_	_	_	_	_	linguistic	_	ContainsVariation=No	_	_	_	_	_	_
224-49	TO030	224	49	che	che	_	_	_	_	_	linguistic	_	ContainsVariation=No	_	_	_	_	_	_
224-50	TO030	224	50	non	non	_	_	_	_	_	linguistic	_	ContainsVariation=No	_	_	_	_	_	_
224-51	TO030	224	51	ho	ho	_	_	_	_	_	linguistic	_	ContainsVariation=No	_	_	_	_	_	_
224-52	TO030	224	52	guarda:to,	guardato	_	_	_	_	_	linguistic	_	ContainsVariation=No	Intonation=WeaklyRising	_	5x1	_	_	_
224-53	TO030	224	53	sai,	sai	_	_	_	_	_	linguistic	_	ContainsVariation=No	Intonation=WeaklyRising	_	_	_	_	_
224-54	TO030	224	54	(faccio)	faccio	_	_	_	_	_	linguistic	_	ContainsVariation=No	_	_	_	_	0-6(0)	_
224-55	TO030	224	55	[un	un	_	_	_	_	_	linguistic	_	ContainsVariation=No	_	_	_	_	_	0-2(110)
224-56	TO030	224	56	po'	po'	_	_	_	_	_	linguistic	_	ContainsVariation=No	_	_	_	_	_	0-3(110)
224-57	TO030	224	57	di:::	di	_	_	_	_	_	linguistic	_	ContainsVariation=No	_	_	1x3	_	_	0-2(110)
224-58	TO030	224	58	no]?	no	_	_	_	_	_	linguistic	_	ContainsVariation=No	Intonation=Rising	End=795.781	_	_	_	0-2(110)
225-0	TO054	225	0	[sì	sì	_	_	_	_	_	linguistic	_	ContainsVariation=No	_	Begin=794.868	_	_	_	0-2(110)
225-1	TO054	225	1	sì	sì	_	_	_	_	_	linguistic	_	ContainsVariation=No	_	_	_	_	_	0-2(110)
225-2	TO054	225	2	sì	sì	_	_	_	_	_	linguistic	_	ContainsVariation=No	_	_	_	_	_	0-2(110)
225-3	TO054	225	3	sì].	sì	_	_	_	_	_	linguistic	_	ContainsVariation=No	Intonation=Falling	End=795.793	_	_	_	0-2(110)
226-0	TO030	226	0	un	un	_	_	_	_	_	linguistic	_	ContainsVariation=No	_	Begin=796.185	_	_	_	_
226-1	TO030	226	1	po'	po'	_	_	_	_	_	linguistic	_	ContainsVariation=No	_	_	_	_	_	_
226-2	TO030	226	2	di	di	_	_	_	_	_	linguistic	_	ContainsVariation=No	_	_	_	_	_	_
226-3	TO030	226	3	ripiglio,	ripiglio	_	_	_	_	_	linguistic	_	ContainsVariation=No	Intonation=WeaklyRising|PauseAfter=Yes	_	_	_	_	_
226-4	TO030	226	4	(.)	(.)	_	_	_	_	_	shortpause	_	ContainsVariation=No	_	_	_	_	_	_
226-5	TO030	226	5	e:::	e	_	_	_	_	_	linguistic	_	ContainsVariation=No	PauseAfter=Yes	_	0x3	_	_	_
226-6	TO030	226	6	(.)	(.)	_	_	_	_	_	shortpause	_	ContainsVariation=No	_	_	_	_	_	_
226-7	TO030	226	7	e	e	_	_	_	_	_	linguistic	_	ContainsVariation=No	_	_	_	_	_	_
226-8	TO030	226	8	poi	poi	_	_	_	_	_	linguistic	_	ContainsVariation=No	_	_	_	_	_	_
226-9	TO030	226	9	capisco.	capisco	_	_	_	_	_	linguistic	_	ContainsVariation=No	Intonation=Falling	_	_	_	_	_
226-10	TO030	226	10	cosa	cosa	_	_	_	_	_	linguistic	_	ContainsVariation=No	_	_	_	_	_	_
226-11	TO030	226	11	fa:re,	fare	_	_	_	_	_	linguistic	_	ContainsVariation=No	Intonation=WeaklyRising	_	1x1	_	_	_
226-12	TO030	226	12	cioè	cioè	_	_	_	_	_	linguistic	_	ContainsVariation=No	_	_	_	_	_	_
226-13	TO030	226	13	poi	poi	_	_	_	_	_	linguistic	_	ContainsVariation=No	_	_	_	_	_	_
226-14	TO030	226	14	ho	ho	_	_	_	_	_	linguistic	_	ContainsVariation=No	_	_	_	_	_	_
226-15	TO030	226	15	visto	visto	_	_	_	_	_	linguistic	_	ContainsVariation=No	_	_	_	_	_	_
226-16	TO030	226	16	anche	anche	_	_	_	_	_	linguistic	_	ContainsVariation=No	_	_	_	_	_	_
226-17	TO030	226	17	che	che	_	_	_	_	_	linguistic	_	ContainsVariation=No	_	_	_	_	_	_
226-18	TO030	226	18	ci	ci	_	_	_	_	_	linguistic	_	ContainsVariation=No	_	_	_	_	_	_
226-19	TO030	226	19	sono::	sono	_	_	_	_	_	linguistic	_	ContainsVariation=No	_	_	3x2	_	_	_
226-20	TO030	226	20	dei::	dei	_	_	_	_	_	linguistic	_	ContainsVariation=No	PauseAfter=Yes	_	2x2	_	_	_
226-21	TO030	226	21	(.)	(.)	_	_	_	_	_	shortpause	_	ContainsVariation=No	_	_	_	_	_	_
226-22	TO030	226	22	concorsi	concorsi	_	_	_	_	_	linguistic	_	ContainsVariation=No	_	_	_	_	_	_
226-23	TO030	226	23	di	di	_	_	_	_	_	linguistic	_	ContainsVariation=No	_	_	_	_	_	_
226-24	TO030	226	24	sceneggiatura,	sceneggiatura	_	_	_	_	_	linguistic	_	ContainsVariation=No	Intonation=WeaklyRising	_	_	_	_	_
226-25	TO030	226	25	che	che	_	_	_	_	_	linguistic	_	ContainsVariation=No	_	_	_	_	_	_
226-26	TO030	226	26	mandi	mandi	_	_	_	_	_	linguistic	_	ContainsVariation=No	_	_	_	_	_	_
226-27	TO030	226	27	la	la	_	_	_	_	_	linguistic	_	ContainsVariation=No	_	_	_	_	_	_
226-28	TO030	226	28	tua	tua	_	_	_	_	_	linguistic	_	ContainsVariation=No	_	_	_	_	_	_
226-29	TO030	226	29	sceneggiatu~	sceneggiatu~	_	_	_	_	_	linguistic	_	ContainsVariation=No	Interrupted=Yes	_	_	_	_	_
226-30	TO030	226	30	cioè	cioè	_	_	_	_	_	linguistic	_	ContainsVariation=No	_	_	_	_	_	_
226-31	TO030	226	31	anche	anche	_	_	_	_	_	linguistic	_	ContainsVariation=No	_	_	_	_	_	_
226-32	TO030	226	32	quelle	quelle	_	_	_	_	_	linguistic	_	ContainsVariation=No	_	_	_	_	_	_
226-33	TO030	226	33	minchiatine	minchiatine	_	_	_	_	_	linguistic	_	ContainsVariation=No	_	_	_	_	_	_
226-34	TO030	226	34	lì,	lì	_	_	_	_	_	linguistic	_	ContainsVariation=No	Intonation=WeaklyRising	_	_	_	_	_
226-35	TO030	226	35	capito?	capito	_	_	_	_	_	linguistic	_	ContainsVariation=No	Intonation=Rising	End=808.196	_	_	_	_
227-0	TO054	227	0	qualcosa	qualcosa	_	_	_	_	_	linguistic	_	ContainsVariation=No	_	Begin=808.196	_	_	_	_
227-1	TO054	227	1	[(tutto	tutto	_	_	_	_	_	linguistic	_	ContainsVariation=No	_	_	_	_	0-5(0)	0-5(111)
227-2	TO054	227	2	fa	fa	_	_	_	_	_	linguistic	_	ContainsVariation=No	_	_	_	_	0-2(0)	0-2(111)
227-3	TO054	227	3	brodo)]	brodo	_	_	_	_	_	linguistic	_	ContainsVariation=No	_	End=810.216	_	_	0-5(0)	0-5(111)
228-0	TO030	228	0	[qualcosa	qualcosa	_	_	_	_	_	linguistic	_	ContainsVariation=No	_	Begin=808.775	_	_	_	0-8(111)
228-1	TO030	228	1	mi	mi	_	_	_	_	_	linguistic	_	ContainsVariation=No	_	_	_	_	_	0-2(111)
228-2	TO030	228	2	inventerò].	inventerò	_	_	_	_	_	linguistic	_	ContainsVariation=No	Intonation=Falling	End=810.269	_	_	_	0-9(111)
229-0	TO054	229	0	concorsi[(ni,)]	concorsini	_	_	_	_	_	linguistic	_	ContainsVariation=No	Intonation=WeaklyRising	Begin=811.402|End=812.513	_	_	8-10(0)	8-10(112)
230-0	TO030	230	0	[allo	allo	_	_	_	_	_	linguistic	_	ContainsVariation=No	_	Begin=812.081	_	_	_	0-4(112)
230-1	TO030	230	1	stesso	stesso	_	_	_	_	_	linguistic	_	ContainsVariation=No	_	_	_	_	_	0-6(112)
230-2	TO030	230	2	tem]po	tempo	_	_	_	_	_	linguistic	_	ContainsVariation=No	_	_	_	_	_	0-3(112)
230-3	TO030	230	3	penso	penso	_	_	_	_	_	linguistic	_	ContainsVariation=No	_	_	_	_	_	_
230-4	TO030	230	4	non	non	_	_	_	_	_	linguistic	_	ContainsVariation=No	_	_	_	_	_	_
230-5	TO030	230	5	sono	sono	_	_	_	_	_	linguistic	_	ContainsVariation=No	_	_	_	_	_	_
230-6	TO030	230	6	arrivata	arrivata	_	_	_	_	_	linguistic	_	ContainsVariation=No	_	_	_	_	_	_
230-7	TO030	230	7	fino	fino	_	_	_	_	_	linguistic	_	ContainsVariation=No	_	_	_	_	_	_
230-8	TO030	230	8	qua	qua	_	_	_	_	_	linguistic	_	ContainsVariation=No	_	_	_	_	_	_
230-9	TO030	230	9	pe:r	per	_	_	_	_	_	linguistic	_	ContainsVariation=No	ProsodicLink=Yes	_	1x1	_	_	_
230-10	TO030	230	10	eh	eh	_	_	_	_	_	linguistic	_	ContainsVariation=No	_	_	_	_	_	_
230-11	TO030	230	11	poi	poi	_	_	_	_	_	linguistic	_	ContainsVariation=No	_	_	_	_	_	_
230-12	TO030	230	12	lasciar	lasciar	_	_	_	_	_	linguistic	_	ContainsVariation=No	_	_	_	_	_	_
230-13	TO030	230	13	perdere.	perdere	_	_	_	_	_	linguistic	_	ContainsVariation=No	Intonation=Falling	_	_	_	_	_
230-14	TO030	230	14	capito,	capito	_	_	_	_	_	linguistic	_	ContainsVariation=No	Intonation=WeaklyRising	_	_	_	_	_
230-15	TO030	230	15	allora	allora	_	_	_	_	_	linguistic	_	ContainsVariation=No	_	_	_	_	_	_
230-16	TO030	230	16	lasciavo	lasciavo	_	_	_	_	_	linguistic	_	ContainsVariation=No	_	_	_	_	_	_
230-17	TO030	230	17	perdere	perdere	_	_	_	_	_	linguistic	_	ContainsVariation=No	_	_	_	_	_	_
230-18	TO030	230	18	prima,	prima	_	_	_	_	_	linguistic	_	ContainsVariation=No	Intonation=WeaklyRising	_	_	_	_	_
230-19	TO030	230	19	andavo	andavo	_	_	_	_	_	linguistic	_	ContainsVariation=No	_	_	_	_	_	_
230-20	TO030	230	20	in	in	_	_	_	_	_	linguistic	_	ContainsVariation=No	_	_	_	_	_	_
230-21	TO030	230	21	pasticceria,	pasticceria	_	_	_	_	_	linguistic	_	ContainsVariation=No	Intonation=WeaklyRising	End=819.235	_	_	_	_
231-0	TO054	231	0	certo.	certo	_	_	_	_	_	linguistic	_	ContainsVariation=No	Intonation=Falling	Begin=819.598	_	_	_	_
231-1	TO054	231	1	beh	beh	_	_	_	_	_	linguistic	_	ContainsVariation=No	_	_	_	_	_	_
231-2	TO054	231	2	giustamente.	giustamente	_	_	_	_	_	linguistic	_	ContainsVariation=No	Intonation=Falling	End=821.73	_	_	_	_
232-0	TO030	232	0	e	e	_	_	_	_	_	linguistic	_	ContainsVariation=No	_	Begin=822.296	_	_	_	_
232-1	TO030	232	1	tu	tu	_	_	_	_	_	linguistic	_	ContainsVariation=No	_	_	_	_	_	_
232-2	TO030	232	2	comunque	comunque	_	_	_	_	_	linguistic	_	ContainsVariation=No	_	_	_	_	_	_
232-3	TO030	232	3	ti	ti	_	_	_	_	_	linguistic	_	ContainsVariation=No	_	_	_	_	_	_
232-4	TO030	232	4	stai	stai	_	_	_	_	_	linguistic	_	ContainsVariation=No	_	_	_	_	_	_
232-5	TO030	232	5	trovando	trovando	_	_	_	_	_	linguistic	_	ContainsVariation=No	_	_	_	_	_	_
232-6	TO030	232	6	bene	bene	_	_	_	_	_	linguistic	_	ContainsVariation=No	_	_	_	_	_	_
232-7	TO030	232	7	invece	invece	_	_	_	_	_	linguistic	_	ContainsVariation=No	ProsodicLink=Yes	_	_	_	_	_
232-8	TO030	232	8	a::	a	_	_	_	_	_	linguistic	_	ContainsVariation=No	_	_	0x2	_	_	_
232-9	TO030	232	9	lette[re]?	lettere	_	_	_	_	_	linguistic	_	ContainsVariation=No	Intonation=Rising	End=825.14	_	_	_	5-7(113)
233-0	TO054	233	0	[a	a	_	_	_	_	_	linguistic	_	ContainsVariation=No	_	Begin=824.867	_	_	_	0-1(113)
233-1	TO054	233	1	let]tere?	lettere	_	_	_	_	_	linguistic	_	ContainsVariation=No	Intonation=Rising	_	_	_	_	0-3(113)
233-2	TO054	233	2	sì.	sì	_	_	_	_	_	linguistic	_	ContainsVariation=No	Intonation=Falling	_	_	_	_	_
233-3	TO054	233	3	sì,	sì	_	_	_	_	_	linguistic	_	ContainsVariation=No	Intonation=WeaklyRising	_	_	_	_	_
233-4	TO054	233	4	sì.	sì	_	_	_	_	_	linguistic	_	ContainsVariation=No	Intonation=Falling|PauseAfter=Yes	_	_	_	_	_
233-5	TO054	233	5	(.)	(.)	_	_	_	_	_	shortpause	_	ContainsVariation=No	_	_	_	_	_	_
233-6	TO054	233	6	e::ra	era	_	_	_	_	_	linguistic	_	ContainsVariation=No	_	_	0x2	_	_	_
233-7	TO054	233	7	quello	quello	_	_	_	_	_	linguistic	_	ContainsVariation=No	_	_	_	_	_	_
233-8	TO054	233	8	che	che	_	_	_	_	_	linguistic	_	ContainsVariation=No	_	_	_	_	_	_
233-9	TO054	233	9	volevo	volevo	_	_	_	_	_	linguistic	_	ContainsVariation=No	_	_	_	_	_	_
233-10	TO054	233	10	fa::re	fare	_	_	_	_	_	linguistic	_	ContainsVariation=No	ProsodicLink=Yes	_	1x2	_	_	_
233-11	TO054	233	11	eh	eh	_	_	_	_	_	linguistic	_	ContainsVariation=No	_	End=828.677	_	_	_	_
234-0	TO054	234	0	sono	sono	_	_	_	_	_	linguistic	_	ContainsVariation=No	_	Begin=829.719	_	_	_	_
234-1	TO054	234	1	un	un	_	_	_	_	_	linguistic	_	ContainsVariation=No	_	_	_	_	_	_
234-2	TO054	234	2	po'	po'	_	_	_	_	_	linguistic	_	ContainsVariation=No	_	_	_	_	_	_
234-3	TO054	234	3	lenta	lenta	_	_	_	_	_	linguistic	_	ContainsVariation=No	_	_	_	_	_	_
234-4	TO054	234	4	con	con	_	_	_	_	_	linguistic	_	ContainsVariation=No	_	_	_	_	_	_
234-5	TO054	234	5	gli	gli	_	_	_	_	_	linguistic	_	ContainsVariation=No	_	_	_	_	_	_
234-6	TO054	234	6	esami	esami	_	_	_	_	_	linguistic	_	ContainsVariation=No	_	_	_	_	_	_
234-7	TO054	234	7	pe[rò::],	però	_	_	_	_	_	linguistic	_	ContainsVariation=No	Intonation=WeaklyRising	End=831.906	3x2	_	_	2-4(114)
235-0	TO030	235	0	[va]bbè	vabbè	_	_	_	_	_	linguistic	_	ContainsVariation=No	_	Begin=831.658|End=832.334	_	_	_	0-2(114)
236-0	TO030	236	0	(c'	c'	_	_	_	_	_	linguistic	_	ContainsVariation=No	SpaceAfter=No	Begin=832.79	_	_	0-2(0)	_
236-1	TO030	236	1	è	è	_	_	_	_	_	linguistic	_	ContainsVariation=No	_	_	_	_	0-1(0)	_
236-2	TO030	236	2	sempre)	sempre	_	_	_	_	_	linguistic	_	ContainsVariation=No	_	End=833.503	_	_	0-6(0)	_
237-0	TO054	237	0	sto	sto	_	_	_	_	_	linguistic	_	ContainsVariation=No	_	Begin=833.55	_	_	_	_
237-1	TO054	237	1	prendendo,	prendendo	_	_	_	_	_	linguistic	_	ContainsVariation=No	Intonation=WeaklyRising|PauseAfter=Yes	_	_	_	_	_
237-2	TO054	237	2	(.)	(.)	_	_	_	_	_	shortpause	_	ContainsVariation=No	_	_	_	_	_	_
237-3	TO054	237	3	con	con	_	_	_	_	_	linguistic	_	ContainsVariation=No	_	_	_	_	_	_
237-4	TO054	237	4	più	più	_	_	_	_	_	linguistic	_	ContainsVariation=No	_	_	_	_	_	_
237-5	TO054	237	5	filosofia.	filosofia	_	_	_	_	_	linguistic	_	ContainsVariation=No	Intonation=Falling	_	_	_	_	_
237-6	TO054	237	6	effettivamente	effettivamente	_	_	_	_	_	linguistic	_	ContainsVariation=No	_	_	_	_	_	_
237-7	TO054	237	7	la	la	_	_	_	_	_	linguistic	_	ContainsVariation=No	_	_	_	_	_	_
237-8	TO054	237	8	triennale	triennale	_	_	_	_	_	linguistic	_	ContainsVariation=No	_	_	_	_	_	_
237-9	TO054	237	9	ti	ti	_	_	_	_	_	linguistic	_	ContainsVariation=No	_	_	_	_	_	_
237-10	TO054	237	10	dà	dà	_	_	_	_	_	linguistic	_	ContainsVariation=No	_	_	_	_	_	_
237-11	TO054	237	11	un	un	_	_	_	_	_	linguistic	_	ContainsVariation=No	ProsodicLink=Yes	_	_	_	_	_
237-12	TO054	237	12	eh	eh	_	_	_	_	_	linguistic	_	ContainsVariation=No	PauseAfter=Yes	_	_	_	_	_
237-13	TO054	237	13	(.)	(.)	_	_	_	_	_	shortpause	_	ContainsVariation=No	_	_	_	_	_	_
237-14	TO054	237	14	un	un	_	_	_	_	_	linguistic	_	ContainsVariation=No	_	_	_	_	_	_
237-15	TO054	237	15	po'	po'	_	_	_	_	_	linguistic	_	ContainsVariation=No	_	_	_	_	_	_
237-16	TO054	237	16	di:	di	_	_	_	_	_	linguistic	_	ContainsVariation=No	PauseAfter=Yes	_	1x1	_	_	_
237-17	TO054	237	17	(.)	(.)	_	_	_	_	_	shortpause	_	ContainsVariation=No	_	_	_	_	_	_
237-18	TO054	237	18	calma.	calma	_	_	_	_	_	linguistic	_	ContainsVariation=No	Intonation=Falling	_	_	_	_	_
237-19	TO054	237	19	cioè	cioè	_	_	_	_	_	linguistic	_	ContainsVariation=No	_	_	_	_	_	_
237-20	TO054	237	20	non	non	_	_	_	_	_	linguistic	_	ContainsVariation=No	_	_	_	_	_	_
237-21	TO054	237	21	che	che	_	_	_	_	_	linguistic	_	ContainsVariation=No	_	_	_	_	_	_
237-22	TO054	237	22	dici	dici	_	_	_	_	_	linguistic	_	ContainsVariation=No	_	_	_	_	_	_
237-23	TO054	237	23	boh::	boh	_	_	_	_	_	linguistic	_	ContainsVariation=No	_	_	2x2	_	_	_
237-24	TO054	237	24	ora:	ora	_	_	_	_	_	linguistic	_	ContainsVariation=No	_	_	2x1	_	_	_
237-25	TO054	237	25	mo	mo	_	_	_	_	_	linguistic	_	ContainsVariation=No	_	_	_	_	_	_
237-26	TO054	237	26	altri	altri	_	_	_	_	_	linguistic	_	ContainsVariation=No	_	_	_	_	_	_
237-27	TO054	237	27	cinque	cinque	_	_	_	_	_	linguistic	_	ContainsVariation=No	_	_	_	_	_	_
237-28	TO054	237	28	anni	anni	_	_	_	_	_	linguistic	_	ContainsVariation=No	_	_	_	_	_	_
237-29	TO054	237	29	per	per	_	_	_	_	_	linguistic	_	ContainsVariation=No	_	_	_	_	_	_
237-30	TO054	237	30	la	la	_	_	_	_	_	linguistic	_	ContainsVariation=No	_	_	_	_	_	_
237-31	TO054	237	31	specialistica,	specialistica	_	_	_	_	_	linguistic	_	ContainsVariation=No	Intonation=WeaklyRising	_	_	_	_	_
237-32	TO054	237	32	no.	no	_	_	_	_	_	linguistic	_	ContainsVariation=No	Intonation=Falling	_	_	_	_	_
237-33	TO054	237	33	voglio	voglio	_	_	_	_	_	linguistic	_	ContainsVariation=No	_	_	_	_	_	_
237-34	TO054	237	34	assolutamente	assolutamente	_	_	_	_	_	linguistic	_	ContainsVariation=No	_	_	_	_	_	_
237-35	TO054	237	35	finirla	finirla	_	_	_	_	_	linguistic	_	ContainsVariation=No	_	_	_	_	_	_
237-36	TO054	237	36	nei	nei	_	_	_	_	_	linguistic	_	ContainsVariation=No	_	_	_	_	_	_
237-37	TO054	237	37	due	due	_	_	_	_	_	linguistic	_	ContainsVariation=No	_	_	_	_	_	_
237-38	TO054	237	38	anni,	anni	_	_	_	_	_	linguistic	_	ContainsVariation=No	Intonation=WeaklyRising	_	_	_	_	_
237-39	TO054	237	39	previsti.	previsti	_	_	_	_	_	linguistic	_	ContainsVariation=No	Intonation=Falling	End=846.512	_	_	_	_
238-0	TO054	238	0	però:	però	_	_	_	_	_	linguistic	_	ContainsVariation=No	_	Begin=846.724	3x1	_	_	_
238-1	TO054	238	1	ti,	ti	_	_	_	_	_	linguistic	_	ContainsVariation=No	Intonation=WeaklyRising|PauseAfter=Yes	_	_	_	_	_
238-2	TO054	238	2	(.)	(.)	_	_	_	_	_	shortpause	_	ContainsVariation=No	_	_	_	_	_	_
238-3	TO054	238	3	ti	ti	_	_	_	_	_	linguistic	_	ContainsVariation=No	_	_	_	_	_	_
238-4	TO054	238	4	mette	mette	_	_	_	_	_	linguistic	_	ContainsVariation=No	_	_	_	_	_	_
238-5	TO054	238	5	in	in	_	_	_	_	_	linguistic	_	ContainsVariation=No	_	_	_	_	_	_
238-6	TO054	238	6	pace	pace	_	_	_	_	_	linguistic	_	ContainsVariation=No	_	_	_	_	_	_
238-7	TO054	238	7	anche	anche	_	_	_	_	_	linguistic	_	ContainsVariation=No	_	_	_	_	_	_
238-8	TO054	238	8	con	con	_	_	_	_	_	linguistic	_	ContainsVariation=No	_	_	_	_	_	_
238-9	TO054	238	9	i	i	_	_	_	_	_	linguistic	_	ContainsVariation=No	_	_	_	_	_	_
238-10	TO054	238	10	genito:ri,	genitori	_	_	_	_	_	linguistic	_	ContainsVariation=No	Intonation=WeaklyRising|PauseAfter=Yes	_	5x1	_	_	_
238-11	TO054	238	11	(.)	(.)	_	_	_	_	_	shortpause	_	ContainsVariation=No	_	_	_	_	_	_
238-12	TO054	238	12	[dici	dici	_	_	_	_	_	linguistic	_	ContainsVariation=No	_	_	_	_	_	0-4(116)
238-13	TO054	238	13	okay]	okay	_	_	_	_	_	linguistic	_	ContainsVariation=No	_	_	_	_	_	0-4(116)
238-14	TO054	238	14	una	una	_	_	_	_	_	linguistic	_	ContainsVariation=No	_	_	_	_	_	_
238-15	TO054	238	15	prima	prima	_	_	_	_	_	linguistic	_	ContainsVariation=No	_	_	_	_	_	_
238-16	TO054	238	16	laurea	laurea	_	_	_	_	_	linguistic	_	ContainsVariation=No	_	_	_	_	_	_
238-17	TO054	238	17	te	te	_	_	_	_	_	linguistic	_	ContainsVariation=No	_	_	_	_	_	_
238-18	TO054	238	18	l'	l'	_	_	_	_	_	linguistic	_	ContainsVariation=No	SpaceAfter=No	_	_	_	_	_
238-19	TO054	238	19	ho	ho	_	_	_	_	_	linguistic	_	ContainsVariation=No	_	_	_	_	_	_
238-20	TO054	238	20	porta[ta.	portata	_	_	_	_	_	linguistic	_	ContainsVariation=No	Intonation=Falling	_	_	_	_	4-7(115)
238-21	TO054	238	21	adesso],	adesso	_	_	_	_	_	linguistic	_	ContainsVariation=No	Intonation=WeaklyRising	End=853.984	_	_	_	0-6(115)
239-0	TO030	239	0	[sì,	sì	_	_	_	_	_	linguistic	_	ContainsVariation=No	Intonation=WeaklyRising	Begin=850.518	_	_	_	0-2(116)
239-1	TO030	239	1	sì	sì	_	_	_	_	_	linguistic	_	ContainsVariation=No	_	_	_	_	_	0-2(116)
239-2	TO030	239	2	sì].	sì	_	_	_	_	_	linguistic	_	ContainsVariation=No	Intonation=Falling	End=851.386	_	_	_	0-2(116)
240-0	TO030	240	0	[esatto.	esatto	_	_	_	_	_	linguistic	_	ContainsVariation=No	Intonation=Falling	Begin=853.161	_	_	_	0-6(115)
240-1	TO030	240	1	esatto].	esatto	_	_	_	_	_	linguistic	_	ContainsVariation=No	Intonation=Falling	_	_	_	_	0-6(115)
240-2	TO030	240	2	è	è	_	_	_	_	_	linguistic	_	ContainsVariation=No	_	_	_	_	_	_
240-3	TO030	240	3	vero.	vero	_	_	_	_	_	linguistic	_	ContainsVariation=No	Intonation=Falling	End=854.645	_	_	_	_
241-0	TO054	241	0	e	e	_	_	_	_	_	linguistic	_	ContainsVariation=No	_	Begin=855.061	_	_	_	_
241-1	TO054	241	1	poi	poi	_	_	_	_	_	linguistic	_	ContainsVariation=No	_	_	_	_	_	_
241-2	TO054	241	2	unisce	unisce	_	_	_	_	_	linguistic	_	ContainsVariation=No	_	_	_	_	_	_
241-3	TO054	241	3	un	un	_	_	_	_	_	linguistic	_	ContainsVariation=No	_	_	_	_	_	_
241-4	TO054	241	4	po':::,	po'	_	_	_	_	_	linguistic	_	ContainsVariation=No	Intonation=WeaklyRising	End=857.056	1x3	_	_	_
242-0	TO054	242	0	tutte	tutte	_	_	_	_	_	linguistic	_	ContainsVariation=No	_	Begin=857.712	_	_	_	_
242-1	TO054	242	1	le	le	_	_	_	_	_	linguistic	_	ContainsVariation=No	_	_	_	_	_	_
242-2	TO054	242	2	mie	mie	_	_	_	_	_	linguistic	_	ContainsVariation=No	_	_	_	_	_	_
242-3	TO054	242	3	passioni,	passioni	_	_	_	_	_	linguistic	_	ContainsVariation=No	Intonation=WeaklyRising	_	_	_	_	_
242-4	TO054	242	4	perché	perché	_	_	_	_	_	linguistic	_	ContainsVariation=No	_	_	_	_	_	_
242-5	TO054	242	5	anche	anche	_	_	_	_	_	linguistic	_	ContainsVariation=No	_	_	_	_	_	_
242-6	TO054	242	6	a	a	_	_	_	_	_	linguistic	_	ContainsVariation=No	_	_	_	_	_	_
242-7	TO054	242	7	me	me	_	_	_	_	_	linguistic	_	ContainsVariation=No	_	_	_	_	_	_
242-8	TO054	242	8	piace	piace	_	_	_	_	_	linguistic	_	ContainsVariation=No	_	_	_	_	_	_
242-9	TO054	242	9	molto	molto	_	_	_	_	_	linguistic	_	ContainsVariation=No	_	_	_	_	_	_
242-10	TO054	242	10	scrivere,	scrivere	_	_	_	_	_	linguistic	_	ContainsVariation=No	Intonation=WeaklyRising	_	_	_	_	_
242-11	TO054	242	11	mi	mi	_	_	_	_	_	linguistic	_	ContainsVariation=No	_	_	_	_	_	_
242-12	TO054	242	12	piace	piace	_	_	_	_	_	linguistic	_	ContainsVariation=No	_	_	_	_	_	_
242-13	TO054	242	13	molto:	molto	_	_	_	_	_	linguistic	_	ContainsVariation=No	_	_	4x1	_	_	_
242-14	TO054	242	14	questo	questo	_	_	_	_	_	linguistic	_	ContainsVariation=No	_	_	_	_	_	_
242-15	TO054	242	15	mondo	mondo	_	_	_	_	_	linguistic	_	ContainsVariation=No	_	_	_	_	_	_
242-16	TO054	242	16	qua	qua	_	_	_	_	_	linguistic	_	ContainsVariation=No	_	_	_	_	_	_
242-17	TO054	242	17	della	della	_	_	_	_	_	linguistic	_	ContainsVariation=No	_	_	_	_	_	_
242-18	TO054	242	18	lettura,	lettura	_	_	_	_	_	linguistic	_	ContainsVariation=No	Intonation=WeaklyRising|PauseAfter=Yes	_	_	_	_	_
242-19	TO054	242	19	(.)	(.)	_	_	_	_	_	shortpause	_	ContainsVariation=No	_	_	_	_	_	_
242-20	TO054	242	20	e	e	_	_	_	_	_	linguistic	_	ContainsVariation=No	_	_	_	_	_	_
242-21	TO054	242	21	trovo	trovo	_	_	_	_	_	linguistic	_	ContainsVariation=No	_	_	_	_	_	_
242-22	TO054	242	22	che	che	_	_	_	_	_	linguistic	_	ContainsVariation=No	_	_	_	_	_	_
242-23	TO054	242	23	si	si	_	_	_	_	_	linguistic	_	ContainsVariation=No	_	_	_	_	_	_
242-24	TO054	242	24	sposa	sposa	_	_	_	_	_	linguistic	_	ContainsVariation=No	_	_	_	_	_	_
242-25	TO054	242	25	benissimo	benissimo	_	_	_	_	_	linguistic	_	ContainsVariation=No	_	_	_	_	_	_
242-26	TO054	242	26	anche	anche	_	_	_	_	_	linguistic	_	ContainsVariation=No	_	_	_	_	_	_
242-27	TO054	242	27	con	con	_	_	_	_	_	linguistic	_	ContainsVariation=No	_	_	_	_	_	_
242-28	TO054	242	28	il	il	_	_	_	_	_	linguistic	_	ContainsVariation=No	_	_	_	_	_	_
242-29	TO054	242	29	fatto	fatto	_	_	_	_	_	linguistic	_	ContainsVariation=No	_	_	_	_	_	_
242-30	TO054	242	30	del	del	_	_	_	_	_	linguistic	_	ContainsVariation=No	_	_	_	_	_	_
242-31	TO054	242	31	teatro.	teatro	_	_	_	_	_	linguistic	_	ContainsVariation=No	Intonation=Falling	End=866.899	_	_	_	_
243-0	TO030	243	0	cer[to].	certo	_	_	_	_	_	linguistic	_	ContainsVariation=No	Intonation=Falling	Begin=866.889|End=867.612	_	_	_	3-5(118)
244-0	TO054	244	0	[mi]	mi	_	_	_	_	_	linguistic	_	ContainsVariation=No	_	Begin=867.496	_	_	_	0-2(118)
244-1	TO054	244	1	piace	piace	_	_	_	_	_	linguistic	_	ContainsVariation=No	_	_	_	_	_	_
244-2	TO054	244	2	l'	l'	_	_	_	_	_	linguistic	_	ContainsVariation=No	SpaceAfter=No	_	_	_	_	_
244-3	TO054	244	3	idea	idea	_	_	_	_	_	linguistic	_	ContainsVariation=No	_	_	_	_	_	_
244-4	TO054	244	4	di	di	_	_	_	_	_	linguistic	_	ContainsVariation=No	_	_	_	_	_	_
244-5	TO054	244	5	avere	avere	_	_	_	_	_	linguistic	_	ContainsVariation=No	_	_	_	_	_	_
244-6	TO054	244	6	una	una	_	_	_	_	_	linguistic	_	ContainsVariation=No	_	_	_	_	_	_
244-7	TO054	244	7	conoscenza	conoscenza	_	_	_	_	_	linguistic	_	ContainsVariation=No	_	_	_	_	_	_
244-8	TO054	244	8	cultura:le,	culturale	_	_	_	_	_	linguistic	_	ContainsVariation=No	Intonation=WeaklyRising|PauseAfter=Yes	_	6x1	_	_	_
244-9	TO054	244	9	(.)	(.)	_	_	_	_	_	shortpause	_	ContainsVariation=No	_	_	_	_	_	_
244-10	TO054	244	10	approfondita	approfondita	_	_	_	_	_	linguistic	_	ContainsVariation=No	_	_	_	_	_	_
244-11	TO054	244	11	su,	su	_	_	_	_	_	linguistic	_	ContainsVariation=No	Intonation=WeaklyRising	_	_	_	_	_
244-12	TO054	244	12	questo	questo	_	_	_	_	_	linguistic	_	ContainsVariation=No	_	_	_	_	_	_
244-13	TO054	244	13	genere	genere	_	_	_	_	_	linguistic	_	ContainsVariation=No	_	_	_	_	_	_
244-14	TO054	244	14	di	di	_	_	_	_	_	linguistic	_	ContainsVariation=No	_	_	_	_	_	_
244-15	TO054	244	15	cose,	cose	_	_	_	_	_	linguistic	_	ContainsVariation=No	Intonation=WeaklyRising	End=873.342	_	_	_	_
245-0	TO054	245	0	per	per	_	_	_	_	_	linguistic	_	ContainsVariation=No	_	Begin=874.289	_	_	_	_
245-1	TO054	245	1	poterlo	poterlo	_	_	_	_	_	linguistic	_	ContainsVariation=No	_	_	_	_	_	_
245-2	TO054	245	2	anche	anche	_	_	_	_	_	linguistic	_	ContainsVariation=No	_	_	_	_	_	_
245-3	TO054	245	3	sfrutta:re	sfruttare	_	_	_	_	_	linguistic	_	ContainsVariation=No	_	_	6x1	_	_	_
245-4	TO054	245	4	eventualmente.	eventualmente	_	_	_	_	_	linguistic	_	ContainsVariation=No	Intonation=Falling	_	_	_	_	_
245-5	TO054	245	5	perché	perché	_	_	_	_	_	linguistic	_	ContainsVariation=No	_	_	_	_	_	_
245-6	TO054	245	6	comunque	comunque	_	_	_	_	_	linguistic	_	ContainsVariation=No	_	_	_	_	_	_
245-7	TO054	245	7	la	la	_	_	_	_	_	linguistic	_	ContainsVariation=No	_	_	_	_	_	_
245-8	TO054	245	8	letteratura	letteratura	_	_	_	_	_	linguistic	_	ContainsVariation=No	_	_	_	_	_	_
245-9	TO054	245	9	è	è	_	_	_	_	_	linguistic	_	ContainsVariation=No	_	_	_	_	_	_
245-10	TO054	245	10	un	un	_	_	_	_	_	linguistic	_	ContainsVariation=No	_	_	_	_	_	_
245-11	TO054	245	11	mondo:,	mondo	_	_	_	_	_	linguistic	_	ContainsVariation=No	Intonation=WeaklyRising|PauseAfter=Yes	_	4x1	_	_	_
245-12	TO054	245	12	(.)	(.)	_	_	_	_	_	shortpause	_	ContainsVariation=No	_	_	_	_	_	_
245-13	TO054	245	13	di:::	di	_	_	_	_	_	linguistic	_	ContainsVariation=No	_	_	1x3	_	_	_
245-14	TO054	245	14	esseri::	esseri	_	_	_	_	_	linguistic	_	ContainsVariation=No	PauseAfter=Yes	_	5x2	_	_	_
245-15	TO054	245	15	(.)	(.)	_	_	_	_	_	shortpause	_	ContainsVariation=No	_	_	_	_	_	_
245-16	TO054	245	16	quasi	quasi	_	_	_	_	_	linguistic	_	ContainsVariation=No	_	_	_	_	_	_
245-17	TO054	245	17	vivi:,	vivi	_	_	_	_	_	linguistic	_	ContainsVariation=No	Intonation=WeaklyRising	_	3x1	_	_	_
245-18	TO054	245	18	da	da	_	_	_	_	_	linguistic	_	ContainsVariation=No	_	_	_	_	_	_
245-19	TO054	245	19	cui	cui	_	_	_	_	_	linguistic	_	ContainsVariation=No	_	_	_	_	_	_
245-20	TO054	245	20	puoi	puoi	_	_	_	_	_	linguistic	_	ContainsVariation=No	_	_	_	_	_	_
245-21	TO054	245	21	attingere.	attingere	_	_	_	_	_	linguistic	_	ContainsVariation=No	Intonation=Falling	_	_	_	_	_
245-22	TO054	245	22	quindi::,	quindi	_	_	_	_	_	linguistic	_	ContainsVariation=No	Intonation=WeaklyRising	_	5x2	_	_	_
245-23	TO054	245	23	mi	mi	_	_	_	_	_	linguistic	_	ContainsVariation=No	_	_	_	_	_	_
245-24	TO054	245	24	piace	piace	_	_	_	_	_	linguistic	_	ContainsVariation=No	_	_	_	_	_	_
245-25	TO054	245	25	molto.	molto	_	_	_	_	_	linguistic	_	ContainsVariation=No	Intonation=Falling	End=885.828	_	_	_	_
246-0	TO054	246	0	per	per	_	_	_	_	_	linguistic	_	ContainsVariation=No	_	Begin=886.179	_	_	_	_
246-1	TO054	246	1	ora:,	ora	_	_	_	_	_	linguistic	_	ContainsVariation=No	Intonation=WeaklyRising|PauseAfter=Yes	_	2x1	_	_	_
246-2	TO054	246	2	(.)	(.)	_	_	_	_	_	shortpause	_	ContainsVariation=No	_	_	_	_	_	_
246-3	TO054	246	3	anche	anche	_	_	_	_	_	linguistic	_	ContainsVariation=No	_	_	_	_	_	_
246-4	TO054	246	4	gli	gli	_	_	_	_	_	linguistic	_	ContainsVariation=No	_	_	_	_	_	_
246-5	TO054	246	5	esami	esami	_	_	_	_	_	linguistic	_	ContainsVariation=No	_	_	_	_	_	_
246-6	TO054	246	6	che	che	_	_	_	_	_	linguistic	_	ContainsVariation=No	_	_	_	_	_	_
246-7	TO054	246	7	ho	ho	_	_	_	_	_	linguistic	_	ContainsVariation=No	_	_	_	_	_	_
246-8	TO054	246	8	ha	ha	_	_	_	_	_	linguistic	_	ContainsVariation=No	_	_	_	_	_	_
246-9	TO054	246	9	dat~	dat~	_	_	_	_	_	linguistic	_	ContainsVariation=No	Interrupted=Yes	_	_	_	_	_
246-10	TO054	246	10	ho	ho	_	_	_	_	_	linguistic	_	ContainsVariation=No	_	_	_	_	_	_
246-11	TO054	246	11	dato	dato	_	_	_	_	_	linguistic	_	ContainsVariation=No	_	_	_	_	_	_
246-12	TO054	246	12	sono	sono	_	_	_	_	_	linguistic	_	ContainsVariation=No	_	_	_	_	_	_
246-13	TO054	246	13	andati	andati	_	_	_	_	_	linguistic	_	ContainsVariation=No	_	_	_	_	_	_
246-14	TO054	246	14	bene	bene	_	_	_	_	_	linguistic	_	ContainsVariation=No	_	_	_	_	_	_
246-15	TO054	246	15	quindi:,	quindi	_	_	_	_	_	linguistic	_	ContainsVariation=No	Intonation=WeaklyRising	End=890.042	5x1	_	_	_
247-0	TO030	247	0	sì.	sì	_	_	_	_	_	linguistic	_	ContainsVariation=No	Intonation=Falling	Begin=890.042	_	_	_	_
247-1	TO030	247	1	ma	ma	_	_	_	_	_	linguistic	_	ContainsVariation=No	_	_	_	_	_	_
247-2	TO030	247	2	infatti.	infatti	_	_	_	_	_	linguistic	_	ContainsVariation=No	Intonation=Falling	_	_	_	_	_
247-3	TO030	247	3	ma	ma	_	_	_	_	_	linguistic	_	ContainsVariation=No	_	_	_	_	_	_
247-4	TO030	247	4	guarda	guarda	_	_	_	_	_	linguistic	_	ContainsVariation=No	_	_	_	_	_	_
247-5	TO030	247	5	che	che	_	_	_	_	_	linguistic	_	ContainsVariation=No	_	_	_	_	_	_
247-6	TO030	247	6	secondo	secondo	_	_	_	_	_	linguistic	_	ContainsVariation=No	_	_	_	_	_	_
247-7	TO030	247	7	me::	me	_	_	_	_	_	linguistic	_	ContainsVariation=No	_	_	1x2	_	_	_
247-8	TO030	247	8	anche	anche	_	_	_	_	_	linguistic	_	ContainsVariation=No	_	_	_	_	_	_
247-9	TO030	247	9	in	in	_	_	_	_	_	linguistic	_	ContainsVariation=No	_	_	_	_	_	_
247-10	TO030	247	10	magistrale,	magistrale	_	_	_	_	_	linguistic	_	ContainsVariation=No	Intonation=WeaklyRising	_	_	_	_	_
247-11	TO030	247	11	te	te	_	_	_	_	_	linguistic	_	ContainsVariation=No	_	_	_	_	_	_
247-12	TO030	247	12	la	la	_	_	_	_	_	linguistic	_	ContainsVariation=No	_	_	_	_	_	_
247-13	TO030	247	13	puoi	puoi	_	_	_	_	_	linguistic	_	ContainsVariation=No	_	_	_	_	_	_
247-14	TO030	247	14	magari	magari	_	_	_	_	_	linguistic	_	ContainsVariation=No	_	_	_	_	_	_
247-15	TO030	247	15	anche	anche	_	_	_	_	_	linguistic	_	ContainsVariation=No	_	_	_	_	_	_
247-16	TO030	247	16	prendere	prendere	_	_	_	_	_	linguistic	_	ContainsVariation=No	_	_	_	_	_	_
247-17	TO030	247	17	un	un	_	_	_	_	_	linguistic	_	ContainsVariation=No	_	_	_	_	_	_
247-18	TO030	247	18	pochino	pochino	_	_	_	_	_	linguistic	_	ContainsVariation=No	_	_	_	_	_	_
247-19	TO030	247	19	più	più	_	_	_	_	_	linguistic	_	ContainsVariation=No	_	_	_	_	_	_
247-20	TO030	247	20	con	con	_	_	_	_	_	linguistic	_	ContainsVariation=No	_	_	_	_	_	_
247-21	TO030	247	21	calma,	calma	_	_	_	_	_	linguistic	_	ContainsVariation=No	Intonation=WeaklyRising	_	_	_	_	_
247-22	TO030	247	22	però	però	_	_	_	_	_	linguistic	_	ContainsVariation=No	_	_	_	_	_	_
247-23	TO030	247	23	farli	farli	_	_	_	_	_	linguistic	_	ContainsVariation=No	_	_	_	_	_	_
247-24	TO030	247	24	meglio	meglio	_	_	_	_	_	linguistic	_	ContainsVariation=No	_	_	_	_	_	_
247-25	TO030	247	25	gli	gli	_	_	_	_	_	linguistic	_	ContainsVariation=No	_	_	_	_	_	_
247-26	TO030	247	26	e[sami].	esami	_	_	_	_	_	linguistic	_	ContainsVariation=No	Intonation=Falling	End=897.183	_	_	_	1-5(119)
248-0	TO054	248	0	[sì],	sì	_	_	_	_	_	linguistic	_	ContainsVariation=No	Intonation=WeaklyRising	Begin=896.857|End=897.287	_	_	_	0-2(119)
249-0	TO030	249	0	cioè	cioè	_	_	_	_	_	linguistic	_	ContainsVariation=No	_	Begin=897.287	_	_	_	_
249-1	TO030	249	1	in	in	_	_	_	_	_	linguistic	_	ContainsVariation=No	_	_	_	_	_	_
249-2	TO030	249	2	triennale	triennale	_	_	_	_	_	linguistic	_	ContainsVariation=No	_	_	_	_	_	_
249-3	TO030	249	3	la	la	_	_	_	_	_	linguistic	_	ContainsVariation=No	_	_	_	_	_	_
249-4	TO030	249	4	puoi	puoi	_	_	_	_	_	linguistic	_	ContainsVariation=No	_	_	_	_	_	_
249-5	TO030	249	5	anche	anche	_	_	_	_	_	linguistic	_	ContainsVariation=No	_	_	_	_	_	_
249-6	TO030	249	6	un	un	_	_	_	_	_	linguistic	_	ContainsVariation=No	_	_	_	_	_	_
249-7	TO030	249	7	po'	po'	_	_	_	_	_	linguistic	_	ContainsVariation=No	_	_	_	_	_	_
249-8	TO030	249	8	più	più	_	_	_	_	_	linguistic	_	ContainsVariation=No	_	_	_	_	_	_
249-9	TO030	249	9	prendere,	prendere	_	_	_	_	_	linguistic	_	ContainsVariation=No	Intonation=WeaklyRising	_	_	_	_	_
249-10	TO030	249	10	hai	hai	_	_	_	_	_	linguistic	_	ContainsVariation=No	_	_	_	_	_	_
249-11	TO030	249	11	preso	preso	_	_	_	_	_	linguistic	_	ContainsVariation=No	_	_	_	_	_	_
249-12	TO030	249	12	u:n	un	_	_	_	_	_	linguistic	_	ContainsVariation=No	_	_	0x1	_	_	_
249-13	TO030	249	13	ventiqua:ttro,	ventiquattro	_	_	_	_	_	linguistic	_	ContainsVariation=No	Intonation=WeaklyRising	_	7x1	_	_	_
249-14	TO030	249	14	[dici	dici	_	_	_	_	_	linguistic	_	ContainsVariation=No	_	_	_	_	_	0-4(120)
249-15	TO030	249	15	vabbè].	vabbè	_	_	_	_	_	linguistic	_	ContainsVariation=No	Intonation=Falling	_	_	_	_	0-5(120)
249-16	TO030	249	16	invece	invece	_	_	_	_	_	linguistic	_	ContainsVariation=No	_	_	_	_	_	_
249-17	TO030	249	17	in	in	_	_	_	_	_	linguistic	_	ContainsVariation=No	_	_	_	_	_	_
249-18	TO030	249	18	magistrale	magistrale	_	_	_	_	_	linguistic	_	ContainsVariation=No	_	_	_	_	_	_
249-19	TO030	249	19	uno	uno	_	_	_	_	_	linguistic	_	ContainsVariation=No	_	_	_	_	_	_
249-20	TO030	249	20	vuole	vuole	_	_	_	_	_	linguistic	_	ContainsVariation=No	_	_	_	_	_	_
249-21	TO030	249	21	avere	avere	_	_	_	_	_	linguistic	_	ContainsVariation=No	_	_	_	_	_	_
249-22	TO030	249	22	uno	uno	_	_	_	_	_	linguistic	_	ContainsVariation=No	_	_	_	_	_	_
249-23	TO030	249	23	standard	standard	_	_	_	_	_	linguistic	_	ContainsVariation=No	_	_	_	_	_	_
249-24	TO030	249	24	un	un	_	_	_	_	_	linguistic	_	ContainsVariation=No	_	_	_	_	_	_
249-25	TO030	249	25	pochino	pochino	_	_	_	_	_	linguistic	_	ContainsVariation=No	_	_	_	_	_	_
249-26	TO030	249	26	pi[ù::],	più	_	_	_	_	_	linguistic	_	ContainsVariation=No	Intonation=WeaklyRising	End=905.427	2x2	_	_	2-3(121)
250-0	TO054	250	0	[esatto].	esatto	_	_	_	_	_	linguistic	_	ContainsVariation=No	Intonation=Falling	Begin=900.663|End=901.508	_	_	_	0-6(120)
251-0	TO054	251	0	[pi]ù::	più	_	_	_	_	_	linguistic	_	ContainsVariation=No	_	Begin=905.197	2x2	_	_	0-2(121)
251-1	TO054	251	1	più	più	_	_	_	_	_	linguistic	_	ContainsVariation=No	_	_	_	_	_	_
251-2	TO054	251	2	[a::l~	al~	_	_	_	_	_	linguistic	_	ContainsVariation=No	Interrupted=Yes|PauseAfter=Yes	_	0x2	_	_	0-3(122)
251-3	TO054	251	3	(.)	(.)	_	_	_	_	_	shortpause	_	ContainsVariation=No	_	_	_	_	_	X(122)
251-4	TO054	251	4	esat]to.	esatto	_	_	_	_	_	linguistic	_	ContainsVariation=No	Intonation=Falling	_	_	_	_	0-4(122)
251-5	TO054	251	5	io	io	_	_	_	_	_	linguistic	_	ContainsVariation=No	_	_	_	_	_	_
251-6	TO054	251	6	son	son	_	_	_	_	_	linguistic	_	ContainsVariation=No	_	_	_	_	_	_
251-7	TO054	251	7	sempre	sempre	_	_	_	_	_	linguistic	_	ContainsVariation=No	_	_	_	_	_	_
251-8	TO054	251	8	stata	stata	_	_	_	_	_	linguistic	_	ContainsVariation=No	_	_	_	_	_	_
251-9	TO054	251	9	fissata	fissata	_	_	_	_	_	linguistic	_	ContainsVariation=No	_	_	_	_	_	_
251-10	TO054	251	10	[xxx].	xxx	_	_	_	_	_	linguistic	_	ContainsVariation=No	Intonation=Falling	End=910.638	_	_	_	0-3(123)
252-0	TO030	252	0	[anche	anche	_	_	_	_	_	linguistic	_	ContainsVariation=No	_	Begin=906.583	_	_	_	0-5(122)
252-1	TO030	252	1	per	per	_	_	_	_	_	linguistic	_	ContainsVariation=No	_	_	_	_	_	0-3(122)
252-2	TO030	252	2	se	se	_	_	_	_	_	linguistic	_	ContainsVariation=No	_	_	_	_	_	0-2(122)
252-3	TO030	252	3	stessi	stessi	_	_	_	_	_	linguistic	_	ContainsVariation=No	_	_	_	_	_	0-6(122)
252-4	TO030	252	4	eh],	eh	_	_	_	_	_	linguistic	_	ContainsVariation=No	Intonation=WeaklyRising	End=908.241	_	_	_	0-2(122)
253-0	TO030	253	0	[cioè	cioè	_	_	_	_	_	linguistic	_	ContainsVariation=No	_	Begin=909.784	_	_	_	0-4(123)
253-1	TO030	253	1	io	io	_	_	_	_	_	linguistic	_	ContainsVariation=No	_	_	_	_	_	0-2(123)
253-2	TO030	253	2	l'	l'	_	_	_	_	_	linguistic	_	ContainsVariation=No	SpaceAfter=No	_	_	_	_	0-2(123)
253-3	TO030	253	3	ho	ho	_	_	_	_	_	linguistic	_	ContainsVariation=No	_	_	_	_	_	0-2(123)
253-4	TO030	253	4	detto].	detto	_	_	_	_	_	linguistic	_	ContainsVariation=No	Intonation=Falling	_	_	_	_	0-5(123)
253-5	TO030	253	5	io	io	_	_	_	_	_	linguistic	_	ContainsVariation=No	_	_	_	_	_	_
253-6	TO030	253	6	l'	l'	_	_	_	_	_	linguistic	_	ContainsVariation=No	SpaceAfter=No	_	_	_	_	_
253-7	TO030	253	7	ho	ho	_	_	_	_	_	linguistic	_	ContainsVariation=No	_	_	_	_	_	_
253-8	TO030	253	8	detto	detto	_	_	_	_	_	linguistic	_	ContainsVariation=No	_	_	_	_	_	_
253-9	TO030	253	9	se	se	_	_	_	_	_	linguistic	_	ContainsVariation=No	_	_	_	_	_	_
253-10	TO030	253	10	faccio	faccio	_	_	_	_	_	linguistic	_	ContainsVariation=No	_	_	_	_	_	_
253-11	TO030	253	11	la	la	_	_	_	_	_	linguistic	_	ContainsVariation=No	_	_	_	_	_	_
253-12	TO030	253	12	magistrale,	magistrale	_	_	_	_	_	linguistic	_	ContainsVariation=No	Intonation=WeaklyRising	_	_	_	_	_
253-13	TO030	253	13	cen~,	cen~	_	_	_	_	_	linguistic	_	ContainsVariation=No	Intonation=WeaklyRising|Interrupted=Yes	_	_	_	_	_
253-14	TO030	253	14	voglio	voglio	_	_	_	_	_	linguistic	_	ContainsVariation=No	_	_	_	_	_	_
253-15	TO030	253	15	uscire	uscire	_	_	_	_	_	linguistic	_	ContainsVariation=No	_	_	_	_	_	_
253-16	TO030	253	16	con	con	_	_	_	_	_	linguistic	_	ContainsVariation=No	_	_	_	_	_	_
253-17	TO030	253	17	centodieci.	centodieci	_	_	_	_	_	linguistic	_	ContainsVariation=No	Intonation=Falling	End=913.222	_	_	_	_
254-0	TO030	254	0	cioè,	cioè	_	_	_	_	_	linguistic	_	ContainsVariation=No	Intonation=WeaklyRising|PauseAfter=Yes	Begin=913.477	_	_	_	_
254-1	TO030	254	1	(.)	(.)	_	_	_	_	_	shortpause	_	ContainsVariation=No	_	_	_	_	_	_
254-2	TO030	254	2	se	se	_	_	_	_	_	linguistic	_	ContainsVariation=No	_	_	_	_	_	_
254-3	TO030	254	3	faccio	faccio	_	_	_	_	_	linguistic	_	ContainsVariation=No	_	_	_	_	_	_
254-4	TO030	254	4	la	la	_	_	_	_	_	linguistic	_	ContainsVariation=No	_	_	_	_	_	_
254-5	TO030	254	5	magistra::le,	magistrale	_	_	_	_	_	linguistic	_	ContainsVariation=No	Intonation=WeaklyRising	_	7x2	_	_	_
254-6	TO030	254	6	adesso	adesso	_	_	_	_	_	linguistic	_	ContainsVariation=No	_	_	_	_	_	_
254-7	TO030	254	7	lo	lo	_	_	_	_	_	linguistic	_	ContainsVariation=No	_	_	_	_	_	_
254-8	TO030	254	8	so	so	_	_	_	_	_	linguistic	_	ContainsVariation=No	_	_	_	_	_	_
254-9	TO030	254	9	come	come	_	_	_	_	_	linguistic	_	ContainsVariation=No	_	_	_	_	_	_
254-10	TO030	254	10	perché	perché	_	_	_	_	_	linguistic	_	ContainsVariation=No	_	_	_	_	_	_
254-11	TO030	254	11	comunque	comunque	_	_	_	_	_	linguistic	_	ContainsVariation=No	_	_	_	_	_	_
254-12	TO030	254	12	un	un	_	_	_	_	_	linguistic	_	ContainsVariation=No	_	_	_	_	_	_
254-13	TO030	254	13	conto	conto	_	_	_	_	_	linguistic	_	ContainsVariation=No	_	_	_	_	_	_
254-14	TO030	254	14	è	è	_	_	_	_	_	linguistic	_	ContainsVariation=No	_	_	_	_	_	_
254-15	TO030	254	15	arrivare	arrivare	_	_	_	_	_	linguistic	_	ContainsVariation=No	_	_	_	_	_	_
254-16	TO030	254	16	a	a	_	_	_	_	_	linguistic	_	ContainsVariation=No	_	_	_	_	_	_
254-17	TO030	254	17	diciott'	diciott'	_	_	_	_	_	linguistic	_	ContainsVariation=No	SpaceAfter=No	_	_	_	_	_
254-18	TO030	254	18	anni,	anni	_	_	_	_	_	linguistic	_	ContainsVariation=No	Intonation=WeaklyRising	_	_	_	_	_
254-19	TO030	254	19	che	che	_	_	_	_	_	linguistic	_	ContainsVariation=No	_	_	_	_	_	_
254-20	TO030	254	20	[non	non	_	_	_	_	_	linguistic	_	ContainsVariation=No	_	_	_	_	_	0-3(124)
254-21	TO030	254	21	sapevo	sapevo	_	_	_	_	_	linguistic	_	ContainsVariation=No	_	_	_	_	_	0-6(124)
254-22	TO030	254	22	neanche	neanche	_	_	_	_	_	linguistic	_	ContainsVariation=No	_	_	_	_	_	0-7(124)
254-23	TO030	254	23	da]	da	_	_	_	_	_	linguistic	_	ContainsVariation=No	_	_	_	_	_	0-2(124)
254-24	TO030	254	24	che	che	_	_	_	_	_	linguistic	_	ContainsVariation=No	_	_	_	_	_	_
254-25	TO030	254	25	parte	parte	_	_	_	_	_	linguistic	_	ContainsVariation=No	_	_	_	_	_	_
254-26	TO030	254	26	ero	ero	_	_	_	_	_	linguistic	_	ContainsVariation=No	_	_	_	_	_	_
254-27	TO030	254	27	girata,	girata	_	_	_	_	_	linguistic	_	ContainsVariation=No	Intonation=WeaklyRising|PauseAfter=Yes	_	_	_	_	_
254-28	TO030	254	28	(.)	(.)	_	_	_	_	_	shortpause	_	ContainsVariation=No	_	_	_	_	_	_
254-29	TO030	254	29	all'	all'	_	_	_	_	_	linguistic	_	ContainsVariation=No	SpaceAfter=No	_	_	_	_	_
254-30	TO030	254	30	inizio	inizio	_	_	_	_	_	linguistic	_	ContainsVariation=No	_	_	_	_	_	_
254-31	TO030	254	31	gli	gli	_	_	_	_	_	linguistic	_	ContainsVariation=No	_	_	_	_	_	_
254-32	TO030	254	32	esami	esami	_	_	_	_	_	linguistic	_	ContainsVariation=No	_	_	_	_	_	_
254-33	TO030	254	33	proprio	proprio	_	_	_	_	_	linguistic	_	ContainsVariation=No	_	_	_	_	_	_
254-34	TO030	254	34	oh::	oh	_	_	_	_	_	linguistic	_	ContainsVariation=No	_	_	1x2	_	_	_
254-35	TO030	254	35	minchia,	minchia	_	_	_	_	_	linguistic	_	ContainsVariation=No	Intonation=WeaklyRising	_	_	_	_	_
254-36	TO030	254	36	ho	ho	_	_	_	_	_	linguistic	_	ContainsVariation=No	_	_	_	_	_	_
254-37	TO030	254	37	preso,	preso	_	_	_	_	_	linguistic	_	ContainsVariation=No	Intonation=WeaklyRising	_	_	_	_	_
254-38	TO030	254	38	il	il	_	_	_	_	_	linguistic	_	ContainsVariation=No	_	_	_	_	_	_
254-39	TO030	254	39	primo	primo	_	_	_	_	_	linguistic	_	ContainsVariation=No	_	_	_	_	_	_
254-40	TO030	254	40	esame	esame	_	_	_	_	_	linguistic	_	ContainsVariation=No	_	_	_	_	_	_
254-41	TO030	254	41	che	che	_	_	_	_	_	linguistic	_	ContainsVariation=No	_	_	_	_	_	_
254-42	TO030	254	42	ho	ho	_	_	_	_	_	linguistic	_	ContainsVariation=No	_	_	_	_	_	_
254-43	TO030	254	43	fatto	fatto	_	_	_	_	_	linguistic	_	ContainsVariation=No	_	_	_	_	_	_
254-44	TO030	254	44	ho	ho	_	_	_	_	_	linguistic	_	ContainsVariation=No	_	_	_	_	_	_
254-45	TO030	254	45	preso	preso	_	_	_	_	_	linguistic	_	ContainsVariation=No	_	_	_	_	_	_
254-46	TO030	254	46	ventisette	ventisette	_	_	_	_	_	linguistic	_	ContainsVariation=No	ProsodicLink=Yes	_	_	_	_	_
254-47	TO030	254	47	e	e	_	_	_	_	_	linguistic	_	ContainsVariation=No	_	_	_	_	_	_
254-48	TO030	254	48	mi	mi	_	_	_	_	_	linguistic	_	ContainsVariation=No	_	_	_	_	_	_
254-49	TO030	254	49	sembrava	sembrava	_	_	_	_	_	linguistic	_	ContainsVariation=No	_	_	_	_	_	_
254-50	TO030	254	50	veramente.	veramente	_	_	_	_	_	linguistic	_	ContainsVariation=No	Intonation=Falling	_	_	_	_	_
254-51	TO030	254	51	no?	no	_	_	_	_	_	linguistic	_	ContainsVariation=No	Intonation=Rising	End=926.188	_	_	_	_
255-0	TO054	255	0	[certo].	certo	_	_	_	_	_	linguistic	_	ContainsVariation=No	Intonation=Falling	Begin=918.904|End=919.515	_	_	_	0-5(125)
256-0	TO054	256	0	((ride))	((ride))	_	_	_	_	_	nonverbalbehavior	_	ContainsVariation=No	_	Begin=925.19|End=926.199	_	_	_	_
257-0	TO054	257	0	certo.	certo	_	_	_	_	_	linguistic	_	ContainsVariation=No	Intonation=Falling	Begin=926.46|End=927.051	_	_	_	_
258-0	TO030	258	0	e	e	_	_	_	_	_	linguistic	_	ContainsVariation=No	_	Begin=927.305	_	_	_	_
258-1	TO030	258	1	quindi	quindi	_	_	_	_	_	linguistic	_	ContainsVariation=No	_	_	_	_	_	_
258-2	TO030	258	2	adesso	adesso	_	_	_	_	_	linguistic	_	ContainsVariation=No	_	_	_	_	_	_
258-3	TO030	258	3	invece	invece	_	_	_	_	_	linguistic	_	ContainsVariation=No	_	_	_	_	_	_
258-4	TO030	258	4	che	che	_	_	_	_	_	linguistic	_	ContainsVariation=No	_	_	_	_	_	_
258-5	TO030	258	5	so	so	_	_	_	_	_	linguistic	_	ContainsVariation=No	_	_	_	_	_	_
258-6	TO030	258	6	com~	com~	_	_	_	_	_	linguistic	_	ContainsVariation=No	Interrupted=Yes	_	_	_	_	_
258-7	TO030	258	7	cioè.	cioè	_	_	_	_	_	linguistic	_	ContainsVariation=No	Intonation=Falling	_	_	_	_	_
258-8	TO030	258	8	no?	no	_	_	_	_	_	linguistic	_	ContainsVariation=No	Intonation=Rising	_	_	_	_	_
258-9	TO030	258	9	so	so	_	_	_	_	_	linguistic	_	ContainsVariation=No	_	_	_	_	_	_
258-10	TO030	258	10	che	che	_	_	_	_	_	linguistic	_	ContainsVariation=No	_	_	_	_	_	_
258-11	TO030	258	11	comunque	comunque	_	_	_	_	_	linguistic	_	ContainsVariation=No	_	_	_	_	_	_
258-12	TO030	258	12	poi	poi	_	_	_	_	_	linguistic	_	ContainsVariation=No	_	_	_	_	_	_
258-13	TO030	258	13	io	io	_	_	_	_	_	linguistic	_	ContainsVariation=No	_	_	_	_	_	_
258-14	TO030	258	14	le	le	_	_	_	_	_	linguistic	_	ContainsVariation=No	_	_	_	_	_	_
258-15	TO030	258	15	capacità	capacità	_	_	_	_	_	linguistic	_	ContainsVariation=No	_	_	_	_	_	_
258-16	TO030	258	16	per	per	_	_	_	_	_	linguistic	_	ContainsVariation=No	_	_	_	_	_	_
258-17	TO030	258	17	prendere	prendere	_	_	_	_	_	linguistic	_	ContainsVariation=No	_	_	_	_	_	_
258-18	TO030	258	18	trenta	trenta	_	_	_	_	_	linguistic	_	ContainsVariation=No	_	_	_	_	_	_
258-19	TO030	258	19	ce	ce	_	_	_	_	_	linguistic	_	ContainsVariation=No	_	_	_	_	_	_
258-20	TO030	258	20	l'	l'	_	_	_	_	_	linguistic	_	ContainsVariation=No	SpaceAfter=No	_	_	_	_	_
258-21	TO030	258	21	ho	ho	_	_	_	_	_	linguistic	_	ContainsVariation=No	_	_	_	_	_	_
258-22	TO030	258	22	[ho	ho	_	_	_	_	_	linguistic	_	ContainsVariation=No	_	_	_	_	_	0-2(126)
258-23	TO030	258	23	il	il	_	_	_	_	_	linguistic	_	ContainsVariation=No	_	_	_	_	_	0-2(126)
258-24	TO030	258	24	meto]do	metodo	_	_	_	_	_	linguistic	_	ContainsVariation=No	_	_	_	_	_	0-4(126)
258-25	TO030	258	25	di	di	_	_	_	_	_	linguistic	_	ContainsVariation=No	_	_	_	_	_	_
258-26	TO030	258	26	studio:,	studio	_	_	_	_	_	linguistic	_	ContainsVariation=No	Intonation=WeaklyRising	_	5x1	_	_	_
258-27	TO030	258	27	l'	l'	_	_	_	_	_	linguistic	_	ContainsVariation=No	SpaceAfter=No	_	_	_	_	_
258-28	TO030	258	28	ho	ho	_	_	_	_	_	linguistic	_	ContainsVariation=No	_	_	_	_	_	_
258-29	TO030	258	29	trova:to,	trovato	_	_	_	_	_	linguistic	_	ContainsVariation=No	Intonation=WeaklyRising	End=935.268	4x1	_	_	_
259-0	TO054	259	0	[uh],	uh	_	_	_	_	_	linguistic	_	ContainsVariation=No	Intonation=WeaklyRising	Begin=932.767|End=933.059	_	_	_	0-2(126)
260-0	TO030	260	0	non	non	_	_	_	_	_	linguistic	_	ContainsVariation=No	_	Begin=936.07	_	_	_	_
260-1	TO030	260	1	mi	mi	_	_	_	_	_	linguistic	_	ContainsVariation=No	_	_	_	_	_	_
260-2	TO030	260	2	accontenterei	accontenterei	_	_	_	_	_	linguistic	_	ContainsVariation=No	_	_	_	_	_	_
260-3	TO030	260	3	di	di	_	_	_	_	_	linguistic	_	ContainsVariation=No	_	_	_	_	_	_
260-4	TO030	260	4	meno	meno	_	_	_	_	_	linguistic	_	ContainsVariation=No	_	_	_	_	_	_
260-5	TO030	260	5	di	di	_	_	_	_	_	linguistic	_	ContainsVariation=No	_	_	_	_	_	_
260-6	TO030	260	6	centodieci	centodieci	_	_	_	_	_	linguistic	_	ContainsVariation=No	_	_	_	_	_	_
260-7	TO030	260	7	sinceramen[te].	sinceramente	_	_	_	_	_	linguistic	_	ContainsVariation=No	Intonation=Falling	End=939.502	_	_	_	10-12(127)
261-0	TO054	261	0	[so]no	sono	_	_	_	_	_	linguistic	_	ContainsVariation=No	_	Begin=939.376	_	_	_	0-2(127)
261-1	TO054	261	1	d'	d'	_	_	_	_	_	linguistic	_	ContainsVariation=No	SpaceAfter=No	_	_	_	_	_
261-2	TO054	261	2	accordo.	accordo	_	_	_	_	_	linguistic	_	ContainsVariation=No	Intonation=Falling	End=940.475	_	_	_	_
262-0	TO054	262	0	e	e	_	_	_	_	_	linguistic	_	ContainsVariation=No	_	Begin=941.298	_	_	_	_
262-1	TO054	262	1	quin[di]	quindi	_	_	_	_	_	linguistic	_	ContainsVariation=No	_	End=941.987	_	_	_	4-6(128)
263-0	TO030	263	0	[si]	si	_	_	_	_	_	linguistic	_	ContainsVariation=No	_	Begin=941.611	_	_	_	0-2(128)
263-1	TO030	263	1	può	può	_	_	_	_	_	linguistic	_	ContainsVariation=No	_	_	_	_	_	_
263-2	TO030	263	2	fare.	fare	_	_	_	_	_	linguistic	_	ContainsVariation=No	Intonation=Falling	End=942.401	_	_	_	_
264-0	TO054	264	0	si	si	_	_	_	_	_	linguistic	_	ContainsVariation=No	_	Begin=942.691	_	_	_	_
264-1	TO054	264	1	può	può	_	_	_	_	_	linguistic	_	ContainsVariation=No	_	_	_	_	_	_
264-2	TO054	264	2	fare.	fare	_	_	_	_	_	linguistic	_	ContainsVariation=No	Intonation=Falling	End=943.556	_	_	_	_
265-0	TO054	265	0	e	e	_	_	_	_	_	linguistic	_	ContainsVariation=No	_	Begin=943.801	_	_	_	_
265-1	TO054	265	1	poi	poi	_	_	_	_	_	linguistic	_	ContainsVariation=No	_	_	_	_	_	_
265-2	TO054	265	2	devi	devi	_	_	_	_	_	linguistic	_	ContainsVariation=No	_	_	_	_	_	_
265-3	TO054	265	3	trovare	trovare	_	_	_	_	_	linguistic	_	ContainsVariation=No	_	_	_	_	_	_
265-4	TO054	265	4	una::	una	_	_	_	_	_	linguistic	_	ContainsVariation=No	_	_	2x2	_	_	_
265-5	TO054	265	5	seconda	seconda	_	_	_	_	_	linguistic	_	ContainsVariation=No	_	_	_	_	_	_
265-6	TO054	265	6	strada	strada	_	_	_	_	_	linguistic	_	ContainsVariation=No	_	_	_	_	_	_
265-7	TO054	265	7	però:,	però	_	_	_	_	_	linguistic	_	ContainsVariation=No	Intonation=WeaklyRising	_	3x1	_	_	_
265-8	TO054	265	8	perché	perché	_	_	_	_	_	linguistic	_	ContainsVariation=No	_	_	_	_	_	_
265-9	TO054	265	9	nonostante	nonostante	_	_	_	_	_	linguistic	_	ContainsVariation=No	_	_	_	_	_	_
265-10	TO054	265	10	il	il	_	_	_	_	_	linguistic	_	ContainsVariation=No	_	_	_	_	_	_
265-11	TO054	265	11	fatto	fatto	_	_	_	_	_	linguistic	_	ContainsVariation=No	_	_	_	_	_	_
265-12	TO054	265	12	che	che	_	_	_	_	_	linguistic	_	ContainsVariation=No	_	_	_	_	_	_
265-13	TO054	265	13	la	la	_	_	_	_	_	linguistic	_	ContainsVariation=No	_	_	_	_	_	_
265-14	TO054	265	14	magistrale	magistrale	_	_	_	_	_	linguistic	_	ContainsVariation=No	_	_	_	_	_	_
265-15	TO054	265	15	(deva)	deva	_	_	_	_	_	linguistic	_	ContainsVariation=No	_	_	_	_	0-4(0)	_
265-16	TO054	265	16	contare	contare	_	_	_	_	_	linguistic	_	ContainsVariation=No	_	_	_	_	_	_
265-17	TO054	265	17	di	di	_	_	_	_	_	linguistic	_	ContainsVariation=No	_	_	_	_	_	_
265-18	TO054	265	18	più:	più	_	_	_	_	_	linguistic	_	ContainsVariation=No	_	_	2x1	_	_	_
265-19	TO054	265	19	che	che	_	_	_	_	_	linguistic	_	ContainsVariation=No	_	_	_	_	_	_
265-20	TO054	265	20	una	una	_	_	_	_	_	linguistic	_	ContainsVariation=No	_	_	_	_	_	_
265-21	TO054	265	21	triennale,	triennale	_	_	_	_	_	linguistic	_	ContainsVariation=No	Intonation=WeaklyRising	_	_	_	_	_
265-22	TO054	265	22	comunque	comunque	_	_	_	_	_	linguistic	_	ContainsVariation=No	_	_	_	_	_	_
265-23	TO054	265	23	al	al	_	_	_	_	_	linguistic	_	ContainsVariation=No	_	_	_	_	_	_
265-24	TO054	265	24	giorno	giorno	_	_	_	_	_	linguistic	_	ContainsVariation=No	_	_	_	_	_	_
265-25	TO054	265	25	d'	d'	_	_	_	_	_	linguistic	_	ContainsVariation=No	SpaceAfter=No	_	_	_	_	_
265-26	TO054	265	26	oggi,	oggi	_	_	_	_	_	linguistic	_	ContainsVariation=No	Intonation=WeaklyRising	_	_	_	_	_
265-27	TO054	265	27	o	o	_	_	_	_	_	linguistic	_	ContainsVariation=No	_	_	_	_	_	_
265-28	TO054	265	28	almeno	almeno	_	_	_	_	_	linguistic	_	ContainsVariation=No	_	_	_	_	_	_
265-29	TO054	265	29	in	in	_	_	_	_	_	linguistic	_	ContainsVariation=No	_	_	_	_	_	_
265-30	TO054	265	30	italia,	italia	_	_	_	_	_	linguistic	_	ContainsVariation=No	Intonation=WeaklyRising	_	_	_	_	_
265-31	TO054	265	31	a	a	_	_	_	_	_	linguistic	_	ContainsVariation=No	_	_	_	_	_	_
265-32	TO054	265	32	meno	meno	_	_	_	_	_	linguistic	_	ContainsVariation=No	_	_	_	_	_	_
265-33	TO054	265	33	che	che	_	_	_	_	_	linguistic	_	ContainsVariation=No	_	_	_	_	_	_
265-34	TO054	265	34	non	non	_	_	_	_	_	linguistic	_	ContainsVariation=No	_	_	_	_	_	_
265-35	TO054	265	35	vuoi	vuoi	_	_	_	_	_	linguistic	_	ContainsVariation=No	_	_	_	_	_	_
265-36	TO054	265	36	uscire	uscire	_	_	_	_	_	linguistic	_	ContainsVariation=No	_	_	_	_	_	_
265-37	TO054	265	37	fuori	fuori	_	_	_	_	_	linguistic	_	ContainsVariation=No	_	_	_	_	_	_
265-38	TO054	265	38	da	da	_	_	_	_	_	linguistic	_	ContainsVariation=No	_	_	_	_	_	_
265-39	TO054	265	39	questo	questo	_	_	_	_	_	linguistic	_	ContainsVariation=No	_	_	_	_	_	_
265-40	TO054	265	40	meraviglioso	meraviglioso	_	_	_	_	_	linguistic	_	ContainsVariation=No	_	_	_	_	_	_
265-41	TO054	265	41	paese,	paese	_	_	_	_	_	linguistic	_	ContainsVariation=No	Intonation=WeaklyRising|PauseAfter=Yes	_	_	_	_	_
265-42	TO054	265	42	(.)	(.)	_	_	_	_	_	shortpause	_	ContainsVariation=No	_	_	_	_	_	_
265-43	TO054	265	43	non	non	_	_	_	_	_	linguistic	_	ContainsVariation=No	_	_	_	_	_	_
265-44	TO054	265	44	è	è	_	_	_	_	_	linguistic	_	ContainsVariation=No	_	_	_	_	_	_
265-45	TO054	265	45	abbastanza.	abbastanza	_	_	_	_	_	linguistic	_	ContainsVariation=No	Intonation=Falling	End=957.27	_	_	_	_
266-0	TO030	266	0	((sospira_rumorosamente))	((sospira_rumorosamente))	_	_	_	_	_	nonverbalbehavior	_	ContainsVariation=No	_	Begin=953.078|End=953.69	_	_	_	_
267-0	TO030	267	0	[che	che	_	_	_	_	_	linguistic	_	ContainsVariation=No	_	Begin=956.017	_	_	_	0-3(130)
267-1	TO030	267	1	anche	anche	_	_	_	_	_	linguistic	_	ContainsVariation=No	_	_	_	_	_	0-5(130)
267-2	TO030	267	2	lì,	lì	_	_	_	_	_	linguistic	_	ContainsVariation=No	Intonation=WeaklyRising|PauseAfter=Yes	_	_	_	_	0-2(130)
267-3	TO030	267	3	(.)	(.)	_	_	_	_	_	shortpause	_	ContainsVariation=No	_	_	_	_	_	X(130)
267-4	TO030	267	4	che	che	_	_	_	_	_	linguistic	_	ContainsVariation=No	_	_	_	_	_	0-3(130)
267-5	TO030	267	5	anche]	anche	_	_	_	_	_	linguistic	_	ContainsVariation=No	_	_	_	_	_	0-5(130)
267-6	TO030	267	6	lì.	lì	_	_	_	_	_	linguistic	_	ContainsVariation=No	Intonation=Falling	_	_	_	_	_
267-7	TO030	267	7	chi,	chi	_	_	_	_	_	linguistic	_	ContainsVariation=No	Intonation=WeaklyRising	_	_	_	_	_
267-8	TO030	267	8	cioè::	cioè	_	_	_	_	_	linguistic	_	ContainsVariation=No	_	_	3x2	_	_	_
267-9	TO030	267	9	n~	n~	_	_	_	_	_	linguistic	_	ContainsVariation=No	Interrupted=Yes	_	_	_	_	_
267-10	TO030	267	10	s~	s~	_	_	_	_	_	linguistic	_	ContainsVariation=No	Interrupted=Yes	_	_	_	_	_
267-11	TO030	267	11	io	io	_	_	_	_	_	linguistic	_	ContainsVariation=No	_	_	_	_	_	_
267-12	TO030	267	12	non	non	_	_	_	_	_	linguistic	_	ContainsVariation=No	_	_	_	_	_	_
267-13	TO030	267	13	me	me	_	_	_	_	_	linguistic	_	ContainsVariation=No	_	_	_	_	_	_
267-14	TO030	267	14	ne	ne	_	_	_	_	_	linguistic	_	ContainsVariation=No	_	_	_	_	_	_
267-15	TO030	267	15	vo:glio	voglio	_	_	_	_	_	linguistic	_	ContainsVariation=No	_	_	1x1	_	_	_
267-16	TO030	267	16	anda:re.	andare	_	_	_	_	_	linguistic	_	ContainsVariation=No	Intonation=Falling	_	3x1	_	_	_
267-17	TO030	267	17	però	però	_	_	_	_	_	linguistic	_	ContainsVariation=No	_	_	_	_	_	_
267-18	TO030	267	18	poi	poi	_	_	_	_	_	linguistic	_	ContainsVariation=No	_	_	_	_	_	_
267-19	TO030	267	19	probabilm~	probabilm~	_	_	_	_	_	linguistic	_	ContainsVariation=No	Interrupted=Yes	_	_	_	_	_
267-20	TO030	267	20	probabilmente	probabilmente	_	_	_	_	_	linguistic	_	ContainsVariation=No	_	_	_	_	_	_
267-21	TO030	267	21	xx	xx	_	_	_	_	_	unknown	_	ContainsVariation=No	Syllables=2	End=963.38	_	_	_	_
268-0	TO030	268	0	c'	c'	_	_	_	_	_	linguistic	_	ContainsVariation=No	SpaceAfter=No	Begin=963.519	_	_	_	_
268-1	TO030	268	1	è	è	_	_	_	_	_	linguistic	_	ContainsVariation=No	ProsodicLink=Yes	_	_	_	_	_
268-2	TO030	268	2	una:::	una	_	_	_	_	_	linguistic	_	ContainsVariation=No	ProsodicLink=Yes	_	2x3	_	_	_
268-3	TO030	268	3	alta	alta	_	_	_	_	_	linguistic	_	ContainsVariation=No	_	_	_	_	_	_
268-4	TO030	268	4	pos[sibilità:::]	possibilità	_	_	_	_	_	linguistic	_	ContainsVariation=No	_	_	10x3	_	_	2-11(131)
268-5	TO030	268	5	che	che	_	_	_	_	_	linguistic	_	ContainsVariation=No	_	_	_	_	_	_
268-6	TO030	268	6	c~	c~	_	_	_	_	_	linguistic	_	ContainsVariation=No	Interrupted=Yes	_	_	_	_	_
268-7	TO030	268	7	che	che	_	_	_	_	_	linguistic	_	ContainsVariation=No	_	_	_	_	_	_
268-8	TO030	268	8	vuol	vuol	_	_	_	_	_	linguistic	_	ContainsVariation=No	_	_	_	_	_	_
268-9	TO030	268	9	dire	dire	_	_	_	_	_	linguistic	_	ContainsVariation=No	_	_	_	_	_	_
268-10	TO030	268	10	comunque	comunque	_	_	_	_	_	linguistic	_	ContainsVariation=No	_	_	_	_	_	_
268-11	TO030	268	11	probabilmente.	probabilmente	_	_	_	_	_	linguistic	_	ContainsVariation=No	Intonation=Falling|PauseAfter=Yes	_	_	_	_	_
268-12	TO030	268	12	(.)	(.)	_	_	_	_	_	shortpause	_	ContainsVariation=No	_	_	_	_	_	_
268-13	TO030	268	13	[che	che	_	_	_	_	_	linguistic	_	ContainsVariation=No	_	_	_	_	_	0-3(132)
268-14	TO030	268	14	che]	che	_	_	_	_	_	linguistic	_	ContainsVariation=No	_	_	_	_	_	0-3(132)
268-15	TO030	268	15	sarò	sarò	_	_	_	_	_	linguistic	_	ContainsVariation=No	_	_	_	_	_	_
268-16	TO030	268	16	costrett[a].	costretta	_	_	_	_	_	linguistic	_	ContainsVariation=No	Intonation=Falling	End=969.52	_	_	_	7-9(133)
269-0	TO054	269	0	[probabilità::]	probabilità	_	_	_	_	_	linguistic	_	ContainsVariation=No	_	Begin=964.982|End=965.923	10x2	_	_	0-11(131)
270-0	TO054	270	0	[e::h],	eh	_	_	_	_	_	linguistic	_	ContainsVariation=No	Intonation=WeaklyRising	Begin=967.714|End=968.524	0x2	_	_	0-2(132)
271-0	TO054	271	0	[s~]	s~	_	_	_	_	_	linguistic	_	ContainsVariation=No	Interrupted=Yes|ProsodicLink=Yes	Begin=969.252	_	_	_	0-2(133)
271-1	TO054	271	1	e::h	eh	_	_	_	_	_	linguistic	_	ContainsVariation=No	_	_	0x2	_	_	_
271-2	TO054	271	2	[mh.	mh	_	_	_	_	_	linguistic	_	ContainsVariation=No	Intonation=Falling	_	_	_	_	0-2(134)
271-3	TO054	271	3	è	è	_	_	_	_	_	linguistic	_	ContainsVariation=No	_	_	_	_	_	0-1(134)
271-4	TO054	271	4	che	che	_	_	_	_	_	linguistic	_	ContainsVariation=No	_	_	_	_	_	0-3(134)
271-5	TO054	271	5	dal	dal	_	_	_	_	_	linguistic	_	ContainsVariation=No	_	_	_	_	_	0-3(134)
271-6	TO054	271	6	punto	punto	_	_	_	_	_	linguistic	_	ContainsVariation=No	_	_	_	_	_	0-5(134)
271-7	TO054	271	7	di	di	_	_	_	_	_	linguistic	_	ContainsVariation=No	_	_	_	_	_	0-2(134)
271-8	TO054	271	8	vista	vista	_	_	_	_	_	linguistic	_	ContainsVariation=No	_	_	_	_	_	0-5(134)
271-9	TO054	271	9	artistico:::	artistico	_	_	_	_	_	linguistic	_	ContainsVariation=No	PauseAfter=Yes	_	8x3	_	_	0-9(134)
271-10	TO054	271	10	(.)	(.)	_	_	_	_	_	shortpause	_	ContainsVariation=No	_	_	_	_	_	X(134)
271-11	TO054	271	11	soprattutto	soprattutto	_	_	_	_	_	linguistic	_	ContainsVariation=No	_	_	_	_	_	0-11(134)
271-12	TO054	271	12	é]	é	_	_	_	_	_	linguistic	_	ContainsVariation=No	ProsodicLink=Yes	_	_	_	_	0-1(134)
271-13	TO054	271	13	e:::	e	_	_	_	_	_	linguistic	_	ContainsVariation=No	_	_	0x3	_	_	_
271-14	TO054	271	14	è	è	_	_	_	_	_	linguistic	_	ContainsVariation=No	_	_	_	_	_	_
271-15	TO054	271	15	difficile,	difficile	_	_	_	_	_	linguistic	_	ContainsVariation=No	Intonation=WeaklyRising	End=976.131	_	_	_	_
272-0	TO030	272	0	[però,	però	_	_	_	_	_	linguistic	_	ContainsVariation=No	Intonation=WeaklyRising	Begin=969.768	_	_	_	0-4(134)
272-1	TO030	272	1	è	è	_	_	_	_	_	linguistic	_	ContainsVariation=No	_	_	_	_	_	0-1(134)
272-2	TO030	272	2	che	che	_	_	_	_	_	linguistic	_	ContainsVariation=No	_	_	_	_	_	0-3(134)
272-3	TO030	272	3	poi	poi	_	_	_	_	_	linguistic	_	ContainsVariation=No	_	_	_	_	_	0-3(134)
272-4	TO030	272	4	mi	mi	_	_	_	_	_	linguistic	_	ContainsVariation=No	_	_	_	_	_	0-2(134)
272-5	TO030	272	5	vengono	vengono	_	_	_	_	_	linguistic	_	ContainsVariation=No	_	_	_	_	_	0-7(134)
272-6	TO030	272	6	a	a	_	_	_	_	_	linguistic	_	ContainsVariation=No	_	_	_	_	_	0-1(134)
272-7	TO030	272	7	dire,	dire	_	_	_	_	_	linguistic	_	ContainsVariation=No	Intonation=WeaklyRising	_	_	_	_	0-4(134)
272-8	TO030	272	8	perché	perché	_	_	_	_	_	linguistic	_	ContainsVariation=No	_	_	_	_	_	0-6(134)
272-9	TO030	272	9	gli:	gli	_	_	_	_	_	linguistic	_	ContainsVariation=No	ProsodicLink=Yes	_	2x1	_	_	0-3(134)
272-10	TO030	272	10	i:	i	_	_	_	_	_	linguistic	_	ContainsVariation=No	_	_	0x1	_	_	0-1(134)
272-11	TO030	272	11	giovani	giovani	_	_	_	_	_	linguistic	_	ContainsVariation=No	_	_	_	_	_	0-7(134)
272-12	TO030	272	12	se	se	_	_	_	_	_	linguistic	_	ContainsVariation=No	_	_	_	_	_	0-2(134)
272-13	TO030	272	13	ne	ne	_	_	_	_	_	linguistic	_	ContainsVariation=No	_	_	_	_	_	0-2(134)
272-14	TO030	272	14	vanno.	vanno	_	_	_	_	_	linguistic	_	ContainsVariation=No	Intonation=Falling	_	_	_	_	0-5(134)
272-15	TO030	272	15	regà	regà	_	_	_	_	_	linguistic	_	ContainsVariation=No	_	_	_	_	_	0-4(134)
272-16	TO030	272	16	io	io	_	_	_	_	_	linguistic	_	ContainsVariation=No	_	_	_	_	_	0-2(134)
272-17	TO030	272	17	non	non	_	_	_	_	_	linguistic	_	ContainsVariation=No	_	_	_	_	_	0-3(134)
272-18	TO030	272	18	voglio	voglio	_	_	_	_	_	linguistic	_	ContainsVariation=No	_	_	_	_	_	0-6(134)
272-19	TO030	272	19	andarmene].	andarmene	_	_	_	_	_	linguistic	_	ContainsVariation=No	Intonation=Falling	End=974.733	_	_	_	0-9(134)
273-0	TO054	273	0	pensa	pensa	_	_	_	_	_	linguistic	_	ContainsVariation=No	_	Begin=976.277	_	_	_	_
273-1	TO054	273	1	mia	mia	_	_	_	_	_	linguistic	_	ContainsVariation=No	_	_	_	_	_	_
273-2	TO054	273	2	sorella	sorella	_	_	_	_	_	linguistic	_	ContainsVariation=No	_	_	_	_	_	_
273-3	TO054	273	3	sta	sta	_	_	_	_	_	linguistic	_	ContainsVariation=No	_	_	_	_	_	_
273-4	TO054	273	4	facendo	facendo	_	_	_	_	_	linguistic	_	ContainsVariation=No	_	_	_	_	_	_
273-5	TO054	273	5	qua	qua	_	_	_	_	_	linguistic	_	ContainsVariation=No	_	_	_	_	_	_
273-6	TO054	273	6	a	a	_	_	_	_	_	linguistic	_	ContainsVariation=No	_	_	_	_	_	_
273-7	TO054	273	7	torino,	torino	_	_	_	_	_	linguistic	_	ContainsVariation=No	Intonation=WeaklyRising|PauseAfter=Yes	_	_	_	_	_
273-8	TO054	273	8	(.)	(.)	_	_	_	_	_	shortpause	_	ContainsVariation=No	_	_	_	_	_	_
273-9	TO054	273	9	un	un	_	_	_	_	_	linguistic	_	ContainsVariation=No	_	_	_	_	_	_
273-10	TO054	273	10	corso	corso	_	_	_	_	_	linguistic	_	ContainsVariation=No	_	_	_	_	_	_
273-11	TO054	273	11	di::	di	_	_	_	_	_	linguistic	_	ContainsVariation=No	PauseAfter=Yes	_	1x2	_	_	_
273-12	TO054	273	12	(.)	(.)	_	_	_	_	_	shortpause	_	ContainsVariation=No	_	_	_	_	_	_
273-13	TO054	273	13	[make	make	_	_	_	_	_	linguistic	_	ContainsVariation=No	_	_	_	_	_	0-4(135)
273-14	TO054	273	14	up	up	_	_	_	_	_	linguistic	_	ContainsVariation=No	_	_	_	_	_	0-2(135)
273-15	TO054	273	15	artist].	artist	_	_	_	_	_	linguistic	_	ContainsVariation=No	Intonation=Falling	End=980.65	_	_	_	0-6(135)
274-0	TO030	274	0	[make	make	_	_	_	_	_	linguistic	_	ContainsVariation=No	_	Begin=979.437	_	_	_	0-4(135)
274-1	TO030	274	1	up.	up	_	_	_	_	_	linguistic	_	ContainsVariation=No	Intonation=Falling	_	_	_	_	0-2(135)
274-2	TO030	274	2	si	si	_	_	_	_	_	linguistic	_	ContainsVariation=No	_	_	_	_	_	0-2(135)
274-3	TO030	274	3	me	me	_	_	_	_	_	linguistic	_	ContainsVariation=No	_	_	_	_	_	0-2(135)
274-4	TO030	274	4	l'	l'	_	_	_	_	_	linguistic	_	ContainsVariation=No	SpaceAfter=No	_	_	_	_	0-2(135)
274-5	TO030	274	5	ave]vi	avevi	_	_	_	_	_	linguistic	_	ContainsVariation=No	_	_	_	_	_	0-3(135)
274-6	TO030	274	6	detto.	detto	_	_	_	_	_	linguistic	_	ContainsVariation=No	Intonation=Falling	End=981.36	_	_	_	_
275-0	TO054	275	0	e	e	_	_	_	_	_	linguistic	_	ContainsVariation=No	_	Begin=982.101	_	_	_	_
275-1	TO054	275	1	ad	ad	_	_	_	_	_	linguistic	_	ContainsVariation=No	_	_	_	_	_	_
275-2	TO054	275	2	esempio	esempio	_	_	_	_	_	linguistic	_	ContainsVariation=No	_	_	_	_	_	_
275-3	TO054	275	3	lei	lei	_	_	_	_	_	linguistic	_	ContainsVariation=No	_	_	_	_	_	_
275-4	TO054	275	4	è	è	_	_	_	_	_	linguistic	_	ContainsVariation=No	_	_	_	_	_	_
275-5	TO054	275	5	fissata	fissata	_	_	_	_	_	linguistic	_	ContainsVariation=No	_	_	_	_	_	_
275-6	TO054	275	6	con	con	_	_	_	_	_	linguistic	_	ContainsVariation=No	_	_	_	_	_	_
275-7	TO054	275	7	il	il	_	_	_	_	_	linguistic	_	ContainsVariation=No	_	_	_	_	_	_
275-8	TO054	275	8	trucco	trucco	_	_	_	_	_	linguistic	_	ContainsVariation=No	_	_	_	_	_	_
275-9	TO054	275	9	cinematografico.	cinematografico	_	_	_	_	_	linguistic	_	ContainsVariation=No	Intonation=Falling	_	_	_	_	_
275-10	TO054	275	10	ma	ma	_	_	_	_	_	linguistic	_	ContainsVariation=No	_	_	_	_	_	_
275-11	TO054	275	11	non	non	_	_	_	_	_	linguistic	_	ContainsVariation=No	_	_	_	_	_	_
275-12	TO054	275	12	cinematografico	cinematografico	_	_	_	_	_	linguistic	_	ContainsVariation=No	_	_	_	_	_	_
275-13	TO054	275	13	nel	nel	_	_	_	_	_	linguistic	_	ContainsVariation=No	_	_	_	_	_	_
275-14	TO054	275	14	senso	senso	_	_	_	_	_	linguistic	_	ContainsVariation=No	_	_	_	_	_	_
275-15	TO054	275	15	trucco	trucco	_	_	_	_	_	linguistic	_	ContainsVariation=No	_	_	_	_	_	_
275-16	TO054	275	16	gli	gli	_	_	_	_	_	linguistic	_	ContainsVariation=No	_	_	_	_	_	_
275-17	TO054	275	17	attori,	attori	_	_	_	_	_	linguistic	_	ContainsVariation=No	Intonation=WeaklyRising	_	_	_	_	_
275-18	TO054	275	18	no.	no	_	_	_	_	_	linguistic	_	ContainsVariation=No	Intonation=Falling	_	_	_	_	_
275-19	TO054	275	19	proprio	proprio	_	_	_	_	_	linguistic	_	ContainsVariation=No	_	_	_	_	_	_
275-20	TO054	275	20	gli	gli	_	_	_	_	_	linguistic	_	ContainsVariation=No	_	_	_	_	_	_
275-21	TO054	275	21	effetti	effetti	_	_	_	_	_	linguistic	_	ContainsVariation=No	_	_	_	_	_	_
275-22	TO054	275	22	speciali.	speciali	_	_	_	_	_	linguistic	_	ContainsVariation=No	Intonation=Falling	End=988.762	_	_	_	_
276-0	TO030	276	0	be::llo.	bello	_	_	_	_	_	linguistic	_	ContainsVariation=No	Intonation=Falling	Begin=988.826|End=989.745	1x2	_	_	_
277-0	TO054	277	0	è	è	_	_	_	_	_	linguistic	_	ContainsVariation=No	_	Begin=989.864	_	_	_	_
277-1	TO054	277	1	bellissimo.	bellissimo	_	_	_	_	_	linguistic	_	ContainsVariation=No	Intonation=Falling	_	_	_	_	_
277-2	TO054	277	2	(le)	le	_	_	_	_	_	linguistic	_	ContainsVariation=No	_	_	_	_	0-2(0)	_
277-3	TO054	277	3	ho	ho	_	_	_	_	_	linguistic	_	ContainsVariation=No	_	_	_	_	_	_
277-4	TO054	277	4	detto	detto	_	_	_	_	_	linguistic	_	ContainsVariation=No	_	_	_	_	_	_
277-5	TO054	277	5	benedetto	benedetto	_	_	_	_	_	linguistic	_	ContainsVariation=No	PauseAfter=Yes	_	_	_	_	_
277-6	TO054	277	6	(.)	(.)	_	_	_	_	_	shortpause	_	ContainsVariation=No	_	_	_	_	_	_
277-7	TO054	277	7	ragazza.	ragazza	_	_	_	_	_	linguistic	_	ContainsVariation=No	Intonation=Falling|PauseAfter=Yes	_	_	_	_	_
277-8	TO054	277	8	(.)	(.)	_	_	_	_	_	shortpause	_	ContainsVariation=No	_	_	_	_	_	_
277-9	TO054	277	9	vuoi	vuoi	_	_	_	_	_	linguistic	_	ContainsVariation=No	_	_	_	_	_	_
277-10	TO054	277	10	poi,	poi	_	_	_	_	_	linguistic	_	ContainsVariation=No	Intonation=WeaklyRising	_	_	_	_	_
277-11	TO054	277	11	lavorare	lavorare	_	_	_	_	_	linguistic	_	ContainsVariation=No	_	_	_	_	_	_
277-12	TO054	277	12	qua?	qua	_	_	_	_	_	linguistic	_	ContainsVariation=No	Intonation=Rising|PauseAfter=Yes	_	_	_	_	_
277-13	TO054	277	13	(.)	(.)	_	_	_	_	_	shortpause	_	ContainsVariation=No	_	_	_	_	_	_
277-14	TO054	277	14	in	in	_	_	_	_	_	linguistic	_	ContainsVariation=No	_	_	_	_	_	_
277-15	TO054	277	15	italia?	italia	_	_	_	_	_	linguistic	_	ContainsVariation=No	Intonation=Rising|PauseAfter=Yes	_	_	_	_	_
277-16	TO054	277	16	(.)	(.)	_	_	_	_	_	shortpause	_	ContainsVariation=No	_	_	_	_	_	_
277-17	TO054	277	17	perché,	perché	_	_	_	_	_	linguistic	_	ContainsVariation=No	Intonation=WeaklyRising	_	_	_	_	_
277-18	TO054	277	18	quale	quale	_	_	_	_	_	linguistic	_	ContainsVariation=No	_	_	_	_	_	_
277-19	TO054	277	19	film	film	_	_	_	_	_	linguistic	_	ContainsVariation=No	_	_	_	_	_	_
277-20	TO054	277	20	con	con	_	_	_	_	_	linguistic	_	ContainsVariation=No	ProsodicLink=Yes	_	_	_	_	_
277-21	TO054	277	21	eh	eh	_	_	_	_	_	linguistic	_	ContainsVariation=No	_	_	_	_	_	_
277-22	TO054	277	22	gli	gli	_	_	_	_	_	linguistic	_	ContainsVariation=No	_	_	_	_	_	_
277-23	TO054	277	23	effetti	effetti	_	_	_	_	_	linguistic	_	ContainsVariation=No	_	_	_	_	_	_
277-24	TO054	277	24	specia[li	speciali	_	_	_	_	_	linguistic	_	ContainsVariation=No	_	_	_	_	_	6-8(136)
277-25	TO054	277	25	facciamo	facciamo	_	_	_	_	_	linguistic	_	ContainsVariation=No	_	_	_	_	_	0-8(136)
277-26	TO054	277	26	noi],	noi	_	_	_	_	_	linguistic	_	ContainsVariation=No	Intonation=WeaklyRising	End=999.791	_	_	_	0-3(136)
278-0	TO030	278	0	[no.	no	_	_	_	_	_	linguistic	_	ContainsVariation=No	Intonation=Falling	Begin=998.73	_	_	_	0-2(136)
278-1	TO030	278	1	che	che	_	_	_	_	_	linguistic	_	ContainsVariation=No	_	_	_	_	_	0-3(136)
278-2	TO030	278	2	poi	poi	_	_	_	_	_	linguistic	_	ContainsVariation=No	_	_	_	_	_	0-3(136)
278-3	TO030	278	3	lì	lì	_	_	_	_	_	linguistic	_	ContainsVariation=No	_	_	_	_	_	0-2(136)
278-4	TO030	278	4	nel	nel	_	_	_	_	_	linguistic	_	ContainsVariation=No	_	_	_	_	_	0-3(136)
278-5	TO030	278	5	sen]so	senso	_	_	_	_	_	linguistic	_	ContainsVariation=No	_	_	_	_	_	0-3(136)
278-6	TO030	278	6	cioè	cioè	_	_	_	_	_	linguistic	_	ContainsVariation=No	_	_	_	_	_	_
278-7	TO030	278	7	gli	gli	_	_	_	_	_	linguistic	_	ContainsVariation=No	_	_	_	_	_	_
278-8	TO030	278	8	italiani	italiani	_	_	_	_	_	linguistic	_	ContainsVariation=No	_	_	_	_	_	_
278-9	TO030	278	9	poi	poi	_	_	_	_	_	linguistic	_	ContainsVariation=No	_	_	_	_	_	_
278-10	TO030	278	10	hanno	hanno	_	_	_	_	_	linguistic	_	ContainsVariation=No	_	_	_	_	_	_
278-11	TO030	278	11	vinto	vinto	_	_	_	_	_	linguistic	_	ContainsVariation=No	_	_	_	_	_	_
278-12	TO030	278	12	l'	l'	_	_	_	_	_	linguistic	_	ContainsVariation=No	SpaceAfter=No	_	_	_	_	_
278-13	TO030	278	13	oscar	oscar	_	_	_	_	_	linguistic	_	ContainsVariation=No	_	_	_	_	_	_
278-14	TO030	278	14	eh	eh	_	_	_	_	_	linguistic	_	ContainsVariation=No	_	_	_	_	_	_
278-15	TO030	278	15	quest'	quest'	_	_	_	_	_	linguistic	_	ContainsVariation=No	SpaceAfter=No	_	_	_	_	_
278-16	TO030	278	16	anno	anno	_	_	_	_	_	linguistic	_	ContainsVariation=No	_	_	_	_	_	_
278-17	TO030	278	17	per	per	_	_	_	_	_	linguistic	_	ContainsVariation=No	_	_	_	_	_	_
278-18	TO030	278	18	suicide	suicide	_	_	_	_	_	linguistic	_	ContainsVariation=No	_	_	_	_	_	_
278-19	TO030	278	19	squad,	squad	_	_	_	_	_	linguistic	_	ContainsVariation=No	Intonation=WeaklyRising	_	_	_	_	_
278-20	TO030	278	20	[però	però	_	_	_	_	_	linguistic	_	ContainsVariation=No	_	_	_	_	_	0-4(137)
278-21	TO030	278	21	in	in	_	_	_	_	_	linguistic	_	ContainsVariation=No	_	_	_	_	_	0-2(137)
278-22	TO030	278	22	america	america	_	_	_	_	_	linguistic	_	ContainsVariation=No	_	_	_	_	_	0-7(137)
278-23	TO030	278	23	sono	sono	_	_	_	_	_	linguistic	_	ContainsVariation=No	_	_	_	_	_	0-4(137)
278-24	TO030	278	24	andati.	andati	_	_	_	_	_	linguistic	_	ContainsVariation=No	Intonation=Falling	_	_	_	_	0-6(137)
278-25	TO030	278	25	certo.	certo	_	_	_	_	_	linguistic	_	ContainsVariation=No	Intonation=Falling	_	_	_	_	0-5(137)
278-26	TO030	278	26	nel	nel	_	_	_	_	_	linguistic	_	ContainsVariation=No	_	_	_	_	_	0-3(137)
278-27	TO030	278	27	senso],	senso	_	_	_	_	_	linguistic	_	ContainsVariation=No	Intonation=WeaklyRising	End=1006.04	_	_	_	0-4(137)
279-0	TO054	279	0	[EH.	eh	_	_	_	_	_	linguistic	_	ContainsVariation=No	Intonation=Falling|Volume=high	Begin=1002.833	_	_	_	0-2(137)
279-1	TO054	279	1	però	però	_	_	_	_	_	linguistic	_	ContainsVariation=No	_	_	_	_	_	0-4(137)
279-2	TO054	279	2	devi	devi	_	_	_	_	_	linguistic	_	ContainsVariation=No	_	_	_	_	_	0-4(137)
279-3	TO054	279	3	an~	an~	_	_	_	_	_	linguistic	_	ContainsVariation=No	Interrupted=Yes	_	_	_	_	0-3(137)
279-4	TO054	279	4	e	e	_	_	_	_	_	linguistic	_	ContainsVariation=No	_	_	_	_	_	0-1(137)
279-5	TO054	279	5	e::h	eh	_	_	_	_	_	linguistic	_	ContainsVariation=No	_	_	0x2	_	_	0-2(137)
279-6	TO054	279	6	certo,	certo	_	_	_	_	_	linguistic	_	ContainsVariation=No	Intonation=WeaklyRising	_	_	_	_	0-5(137)
279-7	TO054	279	7	certo].	certo	_	_	_	_	_	linguistic	_	ContainsVariation=No	Intonation=Falling	End=1006.052	_	_	_	0-5(137)
280-0	TO054	280	0	cioè.	cioè	_	_	_	_	_	linguistic	_	ContainsVariation=No	Intonation=Falling	Begin=1006.285	_	_	_	_
280-1	TO054	280	1	farlo	farlo	_	_	_	_	_	linguistic	_	ContainsVariation=No	_	_	_	_	_	_
280-2	TO054	280	2	lo	lo	_	_	_	_	_	linguistic	_	ContainsVariation=No	_	_	_	_	_	_
280-3	TO054	280	3	puoi	puoi	_	_	_	_	_	linguistic	_	ContainsVariation=No	_	_	_	_	_	_
280-4	TO054	280	4	fare,	fare	_	_	_	_	_	linguistic	_	ContainsVariation=No	Intonation=WeaklyRising|PauseAfter=Yes	_	_	_	_	_
280-5	TO054	280	5	(.)	(.)	_	_	_	_	_	shortpause	_	ContainsVariation=No	_	_	_	_	_	_
280-6	TO054	280	6	però	però	_	_	_	_	_	linguistic	_	ContainsVariation=No	_	_	_	_	_	_
280-7	TO054	280	7	devi	devi	_	_	_	_	_	linguistic	_	ContainsVariation=No	_	_	_	_	_	_
280-8	TO054	280	8	andare	andare	_	_	_	_	_	linguistic	_	ContainsVariation=No	_	_	_	_	_	_
280-9	TO054	280	9	fuori.	fuori	_	_	_	_	_	linguistic	_	ContainsVariation=No	Intonation=Falling	End=1009.292	_	_	_	_
281-0	TO054	281	0	e	e	_	_	_	_	_	linguistic	_	ContainsVariation=No	_	Begin=1009.656	_	_	_	_
281-1	TO054	281	1	neanch'	neanch'	_	_	_	_	_	linguistic	_	ContainsVariation=No	SpaceAfter=No	_	_	_	_	_
281-2	TO054	281	2	io	io	_	_	_	_	_	linguistic	_	ContainsVariation=No	_	_	_	_	_	_
281-3	TO054	281	3	non	non	_	_	_	_	_	linguistic	_	ContainsVariation=No	_	_	_	_	_	_
281-4	TO054	281	4	sono	sono	_	_	_	_	_	linguistic	_	ContainsVariation=No	_	_	_	_	_	_
281-5	TO054	281	5	molto	molto	_	_	_	_	_	linguistic	_	ContainsVariation=No	_	_	_	_	_	_
281-6	TO054	281	6	convinta	convinta	_	_	_	_	_	linguistic	_	ContainsVariation=No	_	_	_	_	_	_
281-7	TO054	281	7	di	di	_	_	_	_	_	linguistic	_	ContainsVariation=No	_	_	_	_	_	_
281-8	TO054	281	8	voler	voler	_	_	_	_	_	linguistic	_	ContainsVariation=No	_	_	_	_	_	_
281-9	TO054	281	9	andare	andare	_	_	_	_	_	linguistic	_	ContainsVariation=No	_	_	_	_	_	_
281-10	TO054	281	10	fuori.	fuori	_	_	_	_	_	linguistic	_	ContainsVariation=No	Intonation=Falling	_	_	_	_	_
281-11	TO054	281	11	cioè	cioè	_	_	_	_	_	linguistic	_	ContainsVariation=No	_	_	_	_	_	_
281-12	TO054	281	12	sono	sono	_	_	_	_	_	linguistic	_	ContainsVariation=No	_	_	_	_	_	_
281-13	TO054	281	13	[combattuta].	combattuta	_	_	_	_	_	linguistic	_	ContainsVariation=No	Intonation=Falling	End=1013.84	_	_	_	0-10(138)
282-0	TO030	282	0	[(mah:::)	mah	_	_	_	_	_	linguistic	_	ContainsVariation=No	_	Begin=1012.873	2x3	_	0-3(0)	_
282-1	TO030	282	1	io	io	_	_	_	_	_	linguistic	_	ContainsVariation=No	_	_	_	_	_	_
282-2	TO030	282	2	ho	ho	_	_	_	_	_	linguistic	_	ContainsVariation=No	_	_	_	_	_	_
282-3	TO030	282	3	avuto	avuto	_	_	_	_	_	linguistic	_	ContainsVariation=No	_	_	_	_	_	_
282-4	TO030	282	4	quella	quella	_	_	_	_	_	linguistic	_	ContainsVariation=No	_	_	_	_	_	_
282-5	TO030	282	5	fase	fase	_	_	_	_	_	linguistic	_	ContainsVariation=No	_	_	_	_	_	_
282-6	TO030	282	6	a	a	_	_	_	_	_	linguistic	_	ContainsVariation=No	_	_	_	_	_	_
282-7	TO030	282	7	diciassette	diciassette	_	_	_	_	_	linguistic	_	ContainsVariation=No	_	_	_	_	_	_
282-8	TO030	282	8	anni	anni	_	_	_	_	_	linguistic	_	ContainsVariation=No	_	_	_	_	_	_
282-9	TO030	282	9	che	che	_	_	_	_	_	linguistic	_	ContainsVariation=No	_	_	_	_	_	_
282-10	TO030	282	10	ero	ero	_	_	_	_	_	linguistic	_	ContainsVariation=No	_	_	_	_	_	_
282-11	TO030	282	11	tipo	tipo	_	_	_	_	_	linguistic	_	ContainsVariation=No	_	_	_	_	_	_
282-12	TO030	282	12	ah	ah	_	_	_	_	_	linguistic	_	ContainsVariation=No	_	_	_	_	_	_
282-13	TO030	282	13	sì.	sì	_	_	_	_	_	linguistic	_	ContainsVariation=No	Intonation=Falling	_	_	_	_	_
282-14	TO030	282	14	perché	perché	_	_	_	_	_	linguistic	_	ContainsVariation=No	_	_	_	_	_	_
282-15	TO030	282	15	io	io	_	_	_	_	_	linguistic	_	ContainsVariation=No	_	_	_	_	_	_
282-16	TO030	282	16	appena	appena	_	_	_	_	_	linguistic	_	ContainsVariation=No	_	_	_	_	_	_
282-17	TO030	282	17	posso	posso	_	_	_	_	_	linguistic	_	ContainsVariation=No	_	_	_	_	_	_
282-18	TO030	282	18	me	me	_	_	_	_	_	linguistic	_	ContainsVariation=No	_	_	_	_	_	_
282-19	TO030	282	19	ne	ne	_	_	_	_	_	linguistic	_	ContainsVariation=No	_	_	_	_	_	_
282-20	TO030	282	20	vado	vado	_	_	_	_	_	linguistic	_	ContainsVariation=No	_	_	_	_	_	_
282-21	TO030	282	21	da	da	_	_	_	_	_	linguistic	_	ContainsVariation=No	_	_	_	_	_	_
282-22	TO030	282	22	questo,	questo	_	_	_	_	_	linguistic	_	ContainsVariation=No	Intonation=WeaklyRising	End=1018.081	_	_	_	_
283-0	TO054	283	0	((ride))	((ride))	_	_	_	_	_	nonverbalbehavior	_	ContainsVariation=No	_	Begin=1018.081|End=1018.765	_	_	_	_
284-0	TO030	284	0	poi::,	poi	_	_	_	_	_	linguistic	_	ContainsVariation=No	Intonation=WeaklyRising	Begin=1018.765	2x2	_	_	_
284-1	TO030	284	1	invece	invece	_	_	_	_	_	linguistic	_	ContainsVariation=No	_	_	_	_	_	_
284-2	TO030	284	2	ho	ho	_	_	_	_	_	linguistic	_	ContainsVariation=No	_	_	_	_	_	_
284-3	TO030	284	3	imparato	imparato	_	_	_	_	_	linguistic	_	ContainsVariation=No	_	_	_	_	_	_
284-4	TO030	284	4	a	a	_	_	_	_	_	linguistic	_	ContainsVariation=No	_	_	_	_	_	_
284-5	TO030	284	5	apprezzare,	apprezzare	_	_	_	_	_	linguistic	_	ContainsVariation=No	Intonation=WeaklyRising	_	_	_	_	_
284-6	TO030	284	6	io	io	_	_	_	_	_	linguistic	_	ContainsVariation=No	_	_	_	_	_	_
284-7	TO030	284	7	penso	penso	_	_	_	_	_	linguistic	_	ContainsVariation=No	_	_	_	_	_	_
284-8	TO030	284	8	che	che	_	_	_	_	_	linguistic	_	ContainsVariation=No	_	_	_	_	_	_
284-9	TO030	284	9	in	in	_	_	_	_	_	linguistic	_	ContainsVariation=No	_	_	_	_	_	_
284-10	TO030	284	10	italia	italia	_	_	_	_	_	linguistic	_	ContainsVariation=No	_	_	_	_	_	_
284-11	TO030	284	11	alla	alla	_	_	_	_	_	linguistic	_	ContainsVariation=No	_	_	_	_	_	_
284-12	TO030	284	12	fine	fine	_	_	_	_	_	linguistic	_	ContainsVariation=No	_	_	_	_	_	_
284-13	TO030	284	13	da~	da~	_	_	_	_	_	linguistic	_	ContainsVariation=No	Interrupted=Yes|ProsodicLink=Yes	_	_	_	_	_
284-14	TO030	284	14	al	al	_	_	_	_	_	linguistic	_	ContainsVariation=No	_	_	_	_	_	_
284-15	TO030	284	15	di	di	_	_	_	_	_	linguistic	_	ContainsVariation=No	_	_	_	_	_	_
284-16	TO030	284	16	là	là	_	_	_	_	_	linguistic	_	ContainsVariation=No	_	_	_	_	_	_
284-17	TO030	284	17	di	di	_	_	_	_	_	linguistic	_	ContainsVariation=No	_	_	_	_	_	_
284-18	TO030	284	18	tutto,	tutto	_	_	_	_	_	linguistic	_	ContainsVariation=No	Intonation=WeaklyRising	_	_	_	_	_
284-19	TO030	284	19	cioè,	cioè	_	_	_	_	_	linguistic	_	ContainsVariation=No	Intonation=WeaklyRising	_	_	_	_	_
284-20	TO030	284	20	si	si	_	_	_	_	_	linguistic	_	ContainsVariation=No	_	_	_	_	_	_
284-21	TO030	284	21	sta	sta	_	_	_	_	_	linguistic	_	ContainsVariation=No	_	_	_	_	_	_
284-22	TO030	284	22	be~	be~	_	_	_	_	_	linguistic	_	ContainsVariation=No	Interrupted=Yes	_	_	_	_	_
284-23	TO030	284	23	io	io	_	_	_	_	_	linguistic	_	ContainsVariation=No	_	_	_	_	_	_
284-24	TO030	284	24	sto	sto	_	_	_	_	_	linguistic	_	ContainsVariation=No	_	_	_	_	_	_
284-25	TO030	284	25	be:ne.	bene	_	_	_	_	_	linguistic	_	ContainsVariation=No	Intonation=Falling	_	1x1	_	_	_
284-26	TO030	284	26	io	io	_	_	_	_	_	linguistic	_	ContainsVariation=No	_	_	_	_	_	_
284-27	TO030	284	27	sto	sto	_	_	_	_	_	linguistic	_	ContainsVariation=No	_	_	_	_	_	_
284-28	TO030	284	28	be:ne	bene	_	_	_	_	_	linguistic	_	ContainsVariation=No	_	_	1x1	_	_	_
284-29	TO030	284	29	non	non	_	_	_	_	_	linguistic	_	ContainsVariation=No	_	_	_	_	_	_
284-30	TO030	284	30	ho	ho	_	_	_	_	_	linguistic	_	ContainsVariation=No	_	_	_	_	_	_
284-31	TO030	284	31	nessuna	nessuna	_	_	_	_	_	linguistic	_	ContainsVariation=No	_	_	_	_	_	_
284-32	TO030	284	32	voglia	voglia	_	_	_	_	_	linguistic	_	ContainsVariation=No	_	_	_	_	_	_
284-33	TO030	284	33	di	di	_	_	_	_	_	linguistic	_	ContainsVariation=No	_	_	_	_	_	_
284-34	TO030	284	34	andarmene.	andarmene	_	_	_	_	_	linguistic	_	ContainsVariation=No	Intonation=Falling	_	_	_	_	_
284-35	TO030	284	35	voglio	voglio	_	_	_	_	_	linguistic	_	ContainsVariation=No	_	_	_	_	_	_
284-36	TO030	284	36	stare	stare	_	_	_	_	_	linguistic	_	ContainsVariation=No	_	_	_	_	_	_
284-37	TO030	284	37	vicino	vicino	_	_	_	_	_	linguistic	_	ContainsVariation=No	_	_	_	_	_	_
284-38	TO030	284	38	alla	alla	_	_	_	_	_	linguistic	_	ContainsVariation=No	_	_	_	_	_	_
284-39	TO030	284	39	mia	mia	_	_	_	_	_	linguistic	_	ContainsVariation=No	_	_	_	_	_	_
284-40	TO030	284	40	non	non	_	_	_	_	_	linguistic	_	ContainsVariation=No	_	_	_	_	_	_
284-41	TO030	284	41	dico	dico	_	_	_	_	_	linguistic	_	ContainsVariation=No	_	_	_	_	_	_
284-42	TO030	284	42	nella	nella	_	_	_	_	_	linguistic	_	ContainsVariation=No	_	_	_	_	_	_
284-43	TO030	284	43	stessa	stessa	_	_	_	_	_	linguistic	_	ContainsVariation=No	_	_	_	_	_	_
284-44	TO030	284	44	città	città	_	_	_	_	_	linguistic	_	ContainsVariation=No	_	_	_	_	_	_
284-45	TO030	284	45	della	della	_	_	_	_	_	linguistic	_	ContainsVariation=No	_	_	_	_	_	_
284-46	TO030	284	46	mia	mia	_	_	_	_	_	linguistic	_	ContainsVariation=No	_	_	_	_	_	_
284-47	TO030	284	47	famiglia	famiglia	_	_	_	_	_	linguistic	_	ContainsVariation=No	_	_	_	_	_	_
284-48	TO030	284	48	che,	che	_	_	_	_	_	linguistic	_	ContainsVariation=No	Intonation=WeaklyRising|PauseAfter=Yes	_	_	_	_	_
284-49	TO030	284	49	(.)	(.)	_	_	_	_	_	shortpause	_	ContainsVariation=No	_	_	_	_	_	_
284-50	TO030	284	50	no.	no	_	_	_	_	_	linguistic	_	ContainsVariation=No	Intonation=Falling	_	_	_	_	_
284-51	TO030	284	51	[però	però	_	_	_	_	_	linguistic	_	ContainsVariation=No	_	_	_	_	_	0-4(140)
284-52	TO030	284	52	voglio	voglio	_	_	_	_	_	linguistic	_	ContainsVariation=No	_	_	_	_	_	0-6(140)
284-53	TO030	284	53	stare	stare	_	_	_	_	_	linguistic	_	ContainsVariation=No	_	_	_	_	_	0-5(140)
284-54	TO030	284	54	vicino	vicino	_	_	_	_	_	linguistic	_	ContainsVariation=No	_	_	_	_	_	0-6(140)
284-55	TO030	284	55	alla	alla	_	_	_	_	_	linguistic	_	ContainsVariation=No	_	_	_	_	_	0-4(140)
284-56	TO030	284	56	mia	mia	_	_	_	_	_	linguistic	_	ContainsVariation=No	_	_	_	_	_	0-3(140)
284-57	TO030	284	57	fami]glia,	famiglia	_	_	_	_	_	linguistic	_	ContainsVariation=No	Intonation=WeaklyRising	End=1032.424	_	_	_	0-4(140)
285-0	TO054	285	0	((ride))	((ride))	_	_	_	_	_	nonverbalbehavior	_	ContainsVariation=No	_	Begin=1029.512|End=1030.565	_	_	_	_
286-0	TO054	286	0	[(un	un	_	_	_	_	_	linguistic	_	ContainsVariation=No	_	Begin=1030.876	_	_	0-2(0)	0-2(140)
286-1	TO054	286	1	po'	po'	_	_	_	_	_	linguistic	_	ContainsVariation=No	_	_	_	_	0-3(0)	0-3(140)
286-2	TO054	286	2	lontana)]	lontana	_	_	_	_	_	linguistic	_	ContainsVariation=No	_	End=1032.107	_	_	0-7(0)	0-7(140)
287-0	TO030	287	0	è	è	_	_	_	_	_	linguistic	_	ContainsVariation=No	_	Begin=1032.992	_	_	_	_
287-1	TO030	287	1	che	che	_	_	_	_	_	linguistic	_	ContainsVariation=No	_	_	_	_	_	_
287-2	TO030	287	2	è	è	_	_	_	_	_	linguistic	_	ContainsVariation=No	_	_	_	_	_	_
287-3	TO030	287	3	un	un	_	_	_	_	_	linguistic	_	ContainsVariation=No	_	_	_	_	_	_
287-4	TO030	287	4	posto	posto	_	_	_	_	_	linguistic	_	ContainsVariation=No	_	_	_	_	_	_
287-5	TO030	287	5	così	così	_	_	_	_	_	linguistic	_	ContainsVariation=No	_	_	_	_	_	_
287-6	TO030	287	6	be:llo,	bello	_	_	_	_	_	linguistic	_	ContainsVariation=No	Intonation=WeaklyRising	_	1x1	_	_	_
287-7	TO030	287	7	si	si	_	_	_	_	_	linguistic	_	ContainsVariation=No	_	_	_	_	_	_
287-8	TO030	287	8	mangia	mangia	_	_	_	_	_	linguistic	_	ContainsVariation=No	_	_	_	_	_	_
287-9	TO030	287	9	be:ne,	bene	_	_	_	_	_	linguistic	_	ContainsVariation=No	Intonation=WeaklyRising	_	1x1	_	_	_
287-10	TO030	287	10	perché	perché	_	_	_	_	_	linguistic	_	ContainsVariation=No	_	_	_	_	_	_
287-11	TO030	287	11	perché	perché	_	_	_	_	_	linguistic	_	ContainsVariation=No	_	_	_	_	_	_
287-12	TO030	287	12	devo	devo	_	_	_	_	_	linguistic	_	ContainsVariation=No	_	_	_	_	_	_
287-13	TO030	287	13	andare	andare	_	_	_	_	_	linguistic	_	ContainsVariation=No	_	_	_	_	_	_
287-14	TO030	287	14	via.	via	_	_	_	_	_	linguistic	_	ContainsVariation=No	Intonation=Falling	_	_	_	_	_
287-15	TO030	287	15	non:	non	_	_	_	_	_	linguistic	_	ContainsVariation=No	_	_	2x1	_	_	_
287-16	TO030	287	16	non	non	_	_	_	_	_	linguistic	_	ContainsVariation=No	_	_	_	_	_	_
287-17	TO030	287	17	costa	costa	_	_	_	_	_	linguistic	_	ContainsVariation=No	_	_	_	_	_	_
287-18	TO030	287	18	neanche	neanche	_	_	_	_	_	linguistic	_	ContainsVariation=No	_	_	_	_	_	_
287-19	TO030	287	19	così	così	_	_	_	_	_	linguistic	_	ContainsVariation=No	_	_	_	_	_	_
287-20	TO030	287	20	tanto	tanto	_	_	_	_	_	linguistic	_	ContainsVariation=No	_	_	_	_	_	_
287-21	TO030	287	21	rispetto	rispetto	_	_	_	_	_	linguistic	_	ContainsVariation=No	_	_	_	_	_	_
287-22	TO030	287	22	ad	ad	_	_	_	_	_	linguistic	_	ContainsVariation=No	_	_	_	_	_	_
287-23	TO030	287	23	altri	altri	_	_	_	_	_	linguistic	_	ContainsVariation=No	_	_	_	_	_	_
287-24	TO030	287	24	posti	posti	_	_	_	_	_	linguistic	_	ContainsVariation=No	_	_	_	_	_	_
287-25	TO030	287	25	perché	perché	_	_	_	_	_	linguistic	_	ContainsVariation=No	_	_	_	_	_	_
287-26	TO030	287	26	minchia	minchia	_	_	_	_	_	linguistic	_	ContainsVariation=No	_	_	_	_	_	_
287-27	TO030	287	27	vai	vai	_	_	_	_	_	linguistic	_	ContainsVariation=No	_	_	_	_	_	_
287-28	TO030	287	28	una	una	_	_	_	_	_	linguistic	_	ContainsVariation=No	_	_	_	_	_	_
287-29	TO030	287	29	settimana	settimana	_	_	_	_	_	linguistic	_	ContainsVariation=No	_	_	_	_	_	_
287-30	TO030	287	30	mi	mi	_	_	_	_	_	linguistic	_	ContainsVariation=No	_	_	_	_	_	_
287-31	TO030	287	31	spenno,	spenno	_	_	_	_	_	linguistic	_	ContainsVariation=No	Intonation=WeaklyRising	_	_	_	_	_
287-32	TO030	287	32	tutto,	tutto	_	_	_	_	_	linguistic	_	ContainsVariation=No	Intonation=WeaklyRising	_	_	_	_	_
287-33	TO030	287	33	quello	quello	_	_	_	_	_	linguistic	_	ContainsVariation=No	_	_	_	_	_	_
287-34	TO030	287	34	che	che	_	_	_	_	_	linguistic	_	ContainsVariation=No	_	_	_	_	_	_
287-35	TO030	287	35	spendo	spendo	_	_	_	_	_	linguistic	_	ContainsVariation=No	_	_	_	_	_	_
287-36	TO030	287	36	in	in	_	_	_	_	_	linguistic	_	ContainsVariation=No	_	_	_	_	_	_
287-37	TO030	287	37	un	un	_	_	_	_	_	linguistic	_	ContainsVariation=No	_	_	_	_	_	_
287-38	TO030	287	38	mese	mese	_	_	_	_	_	linguistic	_	ContainsVariation=No	_	_	_	_	_	_
287-39	TO030	287	39	qua	qua	_	_	_	_	_	linguistic	_	ContainsVariation=No	_	_	_	_	_	_
287-40	TO030	287	40	lo	lo	_	_	_	_	_	linguistic	_	ContainsVariation=No	_	_	_	_	_	_
287-41	TO030	287	41	spendi	spendi	_	_	_	_	_	linguistic	_	ContainsVariation=No	_	_	_	_	_	_
287-42	TO030	287	42	in	in	_	_	_	_	_	linguistic	_	ContainsVariation=No	_	_	_	_	_	_
287-43	TO030	287	43	una	una	_	_	_	_	_	linguistic	_	ContainsVariation=No	_	_	_	_	_	_
287-44	TO030	287	44	settimana	settimana	_	_	_	_	_	linguistic	_	ContainsVariation=No	_	_	_	_	_	_
287-45	TO030	287	45	[a	a	_	_	_	_	_	linguistic	_	ContainsVariation=No	_	_	_	_	_	0-1(141)
287-46	TO030	287	46	londra].	londra	_	_	_	_	_	linguistic	_	ContainsVariation=No	Intonation=Falling	End=1046.026	_	_	_	0-6(141)
288-0	TO054	288	0	[sì:::]	sì	_	_	_	_	_	linguistic	_	ContainsVariation=No	PauseAfter=Yes	Begin=1045.117	1x3	_	_	0-2(141)
288-1	TO054	288	1	(.)	(.)	_	_	_	_	_	shortpause	_	ContainsVariation=No	_	_	_	_	_	_
288-2	TO054	288	2	[sicura].	sicura	_	_	_	_	_	linguistic	_	ContainsVariation=No	Intonation=Falling	End=1046.887	_	_	_	0-6(142)
289-0	TO030	289	0	[capi]to?	capito	_	_	_	_	_	linguistic	_	ContainsVariation=No	Intonation=Rising	Begin=1046.531|End=1047.075	_	_	_	0-4(142)
290-0	TO030	290	0	quindi::	quindi	_	_	_	_	_	linguistic	_	ContainsVariation=No	PauseAfter=Yes	Begin=1047.431	5x2	_	_	_
290-1	TO030	290	1	(.)	(.)	_	_	_	_	_	shortpause	_	ContainsVariation=No	_	_	_	_	_	_
290-2	TO030	290	2	io	io	_	_	_	_	_	linguistic	_	ContainsVariation=No	_	_	_	_	_	_
290-3	TO030	290	3	spero	spero	_	_	_	_	_	linguistic	_	ContainsVariation=No	_	_	_	_	_	_
290-4	TO030	290	4	veramente	veramente	_	_	_	_	_	linguistic	_	ContainsVariation=No	_	_	_	_	_	_
290-5	TO030	290	5	di	di	_	_	_	_	_	linguistic	_	ContainsVariation=No	_	_	_	_	_	_
290-6	TO030	290	6	non	non	_	_	_	_	_	linguistic	_	ContainsVariation=No	_	_	_	_	_	_
290-7	TO030	290	7	dover	dover	_	_	_	_	_	linguistic	_	ContainsVariation=No	_	_	_	_	_	_
290-8	TO030	290	8	andare	andare	_	_	_	_	_	linguistic	_	ContainsVariation=No	_	_	_	_	_	_
290-9	TO030	290	9	via.	via	_	_	_	_	_	linguistic	_	ContainsVariation=No	Intonation=Falling	_	_	_	_	_
290-10	TO030	290	10	poi	poi	_	_	_	_	_	linguistic	_	ContainsVariation=No	_	_	_	_	_	_
290-11	TO030	290	11	vedo	vedo	_	_	_	_	_	linguistic	_	ContainsVariation=No	_	_	_	_	_	_
290-12	TO030	290	12	che	che	_	_	_	_	_	linguistic	_	ContainsVariation=No	_	_	_	_	_	_
290-13	TO030	290	13	comunque	comunque	_	_	_	_	_	linguistic	_	ContainsVariation=No	_	_	_	_	_	_
290-14	TO030	290	14	cioè	cioè	_	_	_	_	_	linguistic	_	ContainsVariation=No	_	_	_	_	_	_
290-15	TO030	290	15	lentamente	lentamente	_	_	_	_	_	linguistic	_	ContainsVariation=No	_	_	_	_	_	_
290-16	TO030	290	16	ma	ma	_	_	_	_	_	linguistic	_	ContainsVariation=No	_	_	_	_	_	_
290-17	TO030	290	17	il	il	_	_	_	_	_	linguistic	_	ContainsVariation=No	_	_	_	_	_	_
290-18	TO030	290	18	panorama	panorama	_	_	_	_	_	linguistic	_	ContainsVariation=No	_	_	_	_	_	_
290-19	TO030	290	19	televisivo	televisivo	_	_	_	_	_	linguistic	_	ContainsVariation=No	_	_	_	_	_	_
290-20	TO030	290	20	in	in	_	_	_	_	_	linguistic	_	ContainsVariation=No	_	_	_	_	_	_
290-21	TO030	290	21	italia	italia	_	_	_	_	_	linguistic	_	ContainsVariation=No	_	_	_	_	_	_
290-22	TO030	290	22	un	un	_	_	_	_	_	linguistic	_	ContainsVariation=No	_	_	_	_	_	_
290-23	TO030	290	23	po'	po'	_	_	_	_	_	linguistic	_	ContainsVariation=No	_	_	_	_	_	_
290-24	TO030	290	24	si	si	_	_	_	_	_	linguistic	_	ContainsVariation=No	_	_	_	_	_	_
290-25	TO030	290	25	sta::	sta	_	_	_	_	_	linguistic	_	ContainsVariation=No	_	_	2x2	_	_	_
290-26	TO030	290	26	muove:ndo.	muovendo	_	_	_	_	_	linguistic	_	ContainsVariation=No	Intonation=Falling	_	4x1	_	_	_
290-27	TO030	290	27	quindi	quindi	_	_	_	_	_	linguistic	_	ContainsVariation=No	_	_	_	_	_	_
290-28	TO030	290	28	dico,	dico	_	_	_	_	_	linguistic	_	ContainsVariation=No	Intonation=WeaklyRising	_	_	_	_	_
290-29	TO030	290	29	forse	forse	_	_	_	_	_	linguistic	_	ContainsVariation=No	_	_	_	_	_	_
290-30	TO030	290	30	forse	forse	_	_	_	_	_	linguistic	_	ContainsVariation=No	_	_	_	_	_	_
290-31	TO030	290	31	FORSE	forse	_	_	_	_	_	linguistic	_	ContainsVariation=No	Volume=high	_	_	_	_	_
290-32	TO030	290	32	FORSE	forse	_	_	_	_	_	linguistic	_	ContainsVariation=No	Volume=high	_	_	_	_	_
290-33	TO030	290	33	capi[to]?	capito	_	_	_	_	_	linguistic	_	ContainsVariation=No	Intonation=Rising	End=1060.96	_	_	_	4-6(143)
291-0	TO054	291	0	[sì].	sì	_	_	_	_	_	linguistic	_	ContainsVariation=No	Intonation=Falling|PauseAfter=Yes	Begin=1060.486	_	_	_	0-2(143)
291-1	TO054	291	1	(.)	(.)	_	_	_	_	_	shortpause	_	ContainsVariation=No	_	_	_	_	_	_
291-2	TO054	291	2	gli	gli	_	_	_	_	_	linguistic	_	ContainsVariation=No	_	_	_	_	_	_
291-3	TO054	291	3	altri	altri	_	_	_	_	_	linguistic	_	ContainsVariation=No	_	_	_	_	_	_
291-4	TO054	291	4	palinsesti,	palinsesti	_	_	_	_	_	linguistic	_	ContainsVariation=No	Intonation=WeaklyRising	_	_	_	_	_
291-5	TO054	291	5	non	non	_	_	_	_	_	linguistic	_	ContainsVariation=No	_	_	_	_	_	_
291-6	TO054	291	6	quello	quello	_	_	_	_	_	linguistic	_	ContainsVariation=No	_	_	_	_	_	_
291-7	TO054	291	7	nazionale	nazionale	_	_	_	_	_	linguistic	_	ContainsVariation=No	_	_	_	_	_	_
291-8	TO054	291	8	(ovvia[mente.)]	ovviamente	_	_	_	_	_	linguistic	_	ContainsVariation=No	Intonation=Falling	End=1064.542	_	_	0-10(0)	5-10(144)
292-0	TO030	292	0	[no,	no	_	_	_	_	_	linguistic	_	ContainsVariation=No	Intonation=WeaklyRising	Begin=1064.013	_	_	_	0-2(144)
292-1	TO030	292	1	cer]to.	certo	_	_	_	_	_	linguistic	_	ContainsVariation=No	Intonation=Falling	_	_	_	_	0-3(144)
292-2	TO030	292	2	le	le	_	_	_	_	_	linguistic	_	ContainsVariation=No	_	_	_	_	_	_
292-3	TO030	292	3	reti	reti	_	_	_	_	_	linguistic	_	ContainsVariation=No	_	_	_	_	_	_
292-4	TO030	292	4	private::	private	_	_	_	_	_	linguistic	_	ContainsVariation=No	_	_	6x2	_	_	_
292-5	TO030	292	5	nel	nel	_	_	_	_	_	linguistic	_	ContainsVariation=No	_	_	_	_	_	_
292-6	TO030	292	6	se~	se~	_	_	_	_	_	linguistic	_	ContainsVariation=No	Interrupted=Yes	_	_	_	_	_
292-7	TO030	292	7	sky.	sky	_	_	_	_	_	linguistic	_	ContainsVariation=No	Intonation=Falling	End=1067.37	_	_	_	_
293-0	TO030	293	0	ma	ma	_	_	_	_	_	linguistic	_	ContainsVariation=No	_	Begin=1067.692	_	_	_	_
293-1	TO030	293	1	io::,	io	_	_	_	_	_	linguistic	_	ContainsVariation=No	Intonation=WeaklyRising	_	1x2	_	_	_
293-2	TO030	293	2	boh.	boh	_	_	_	_	_	linguistic	_	ContainsVariation=No	Intonation=Falling	_	_	_	_	_
293-3	TO030	293	3	capito	capito	_	_	_	_	_	linguistic	_	ContainsVariation=No	_	_	_	_	_	_
293-4	TO030	293	4	io	io	_	_	_	_	_	linguistic	_	ContainsVariation=No	_	_	_	_	_	_
293-5	TO030	293	5	l'	l'	_	_	_	_	_	linguistic	_	ContainsVariation=No	SpaceAfter=No	_	_	_	_	_
293-6	TO030	293	6	ho	ho	_	_	_	_	_	linguistic	_	ContainsVariation=No	_	_	_	_	_	_
293-7	TO030	293	7	semp~	semp~	_	_	_	_	_	linguistic	_	ContainsVariation=No	Interrupted=Yes	_	_	_	_	_
293-8	TO030	293	8	xx	xx	_	_	_	_	_	unknown	_	ContainsVariation=No	Syllables=2	_	_	_	_	_
293-9	TO030	293	9	con	con	_	_	_	_	_	linguistic	_	ContainsVariation=No	_	_	_	_	_	_
293-10	TO030	293	10	donatella	donatella	_	_	_	_	_	linguistic	_	ContainsVariation=No	_	_	_	_	_	_
293-11	TO030	293	11	lo	lo	_	_	_	_	_	linguistic	_	ContainsVariation=No	_	_	_	_	_	_
293-12	TO030	293	12	diciamo	diciamo	_	_	_	_	_	linguistic	_	ContainsVariation=No	_	_	_	_	_	_
293-13	TO030	293	13	sempre.	sempre	_	_	_	_	_	linguistic	_	ContainsVariation=No	Intonation=Falling	_	_	_	_	_
293-14	TO030	293	14	noi	noi	_	_	_	_	_	linguistic	_	ContainsVariation=No	_	_	_	_	_	_
293-15	TO030	293	15	un'	un'	_	_	_	_	_	linguistic	_	ContainsVariation=No	SpaceAfter=No	_	_	_	_	_
293-16	TO030	293	16	esperienza	esperienza	_	_	_	_	_	linguistic	_	ContainsVariation=No	_	_	_	_	_	_
293-17	TO030	293	17	all'	all'	_	_	_	_	_	linguistic	_	ContainsVariation=No	SpaceAfter=No	_	_	_	_	_
293-18	TO030	293	18	estero	estero	_	_	_	_	_	linguistic	_	ContainsVariation=No	_	_	_	_	_	_
293-19	TO030	293	19	la	la	_	_	_	_	_	linguistic	_	ContainsVariation=No	_	_	_	_	_	_
293-20	TO030	293	20	facciamo	facciamo	_	_	_	_	_	linguistic	_	ContainsVariation=No	_	_	_	_	_	_
293-21	TO030	293	21	anche	anche	_	_	_	_	_	linguistic	_	ContainsVariation=No	_	_	_	_	_	_
293-22	TO030	293	22	però	però	_	_	_	_	_	linguistic	_	ContainsVariation=No	_	_	_	_	_	_
293-23	TO030	293	23	poi	poi	_	_	_	_	_	linguistic	_	ContainsVariation=No	_	_	_	_	_	_
293-24	TO030	293	24	col	col	_	_	_	_	_	linguistic	_	ContainsVariation=No	_	_	_	_	_	_
293-25	TO030	293	25	col	col	_	_	_	_	_	linguistic	_	ContainsVariation=No	ProsodicLink=Yes	_	_	_	_	_
293-26	TO030	293	26	eh	eh	_	_	_	_	_	linguistic	_	ContainsVariation=No	_	_	_	_	_	_
293-27	TO030	293	27	con	con	_	_	_	_	_	linguistic	_	ContainsVariation=No	_	_	_	_	_	_
293-28	TO030	293	28	l'	l'	_	_	_	_	_	linguistic	_	ContainsVariation=No	SpaceAfter=No	_	_	_	_	_
293-29	TO030	293	29	idea	idea	_	_	_	_	_	linguistic	_	ContainsVariation=No	_	_	_	_	_	_
293-30	TO030	293	30	di	di	_	_	_	_	_	linguistic	_	ContainsVariation=No	_	_	_	_	_	_
293-31	TO030	293	31	torna:re.	tornare	_	_	_	_	_	linguistic	_	ContainsVariation=No	Intonation=Falling	_	4x1	_	_	_
293-32	TO030	293	32	cioè	cioè	_	_	_	_	_	linguistic	_	ContainsVariation=No	_	_	_	_	_	_
293-33	TO030	293	33	io	io	_	_	_	_	_	linguistic	_	ContainsVariation=No	_	_	_	_	_	0-2(145)
293-34	TO030	293	34	[non	non	_	_	_	_	_	linguistic	_	ContainsVariation=No	_	_	_	_	_	0-3(145)
293-35	TO030	293	35	vorrei]	vorrei	_	_	_	_	_	linguistic	_	ContainsVariation=No	_	_	_	_	_	0-3(145)
293-36	TO030	293	36	mai	mai	_	_	_	_	_	linguistic	_	ContainsVariation=No	_	_	_	_	_	_
293-37	TO030	293	37	dire	dire	_	_	_	_	_	linguistic	_	ContainsVariation=No	_	_	_	_	_	_
293-38	TO030	293	38	vado	vado	_	_	_	_	_	linguistic	_	ContainsVariation=No	_	_	_	_	_	_
293-39	TO030	293	39	e	e	_	_	_	_	_	linguistic	_	ContainsVariation=No	_	_	_	_	_	_
293-40	TO030	293	40	non	non	_	_	_	_	_	linguistic	_	ContainsVariation=No	_	_	_	_	_	_
293-41	TO030	293	41	torno	torno	_	_	_	_	_	linguistic	_	ContainsVariation=No	_	_	_	_	_	_
293-42	TO030	293	42	più:.	più	_	_	_	_	_	linguistic	_	ContainsVariation=No	Intonation=Falling	End=1077.021	2x1	_	_	_
294-0	TO054	294	0	[certo].	certo	_	_	_	_	_	linguistic	_	ContainsVariation=No	Intonation=Falling	Begin=1074.803|End=1075.634	_	_	_	0-5(145)
295-0	TO030	295	0	°cioè	cioè	_	_	_	_	_	linguistic	_	ContainsVariation=No	Volume=low	Begin=1077.069	_	_	_	_
295-1	TO030	295	1	no.	no	_	_	_	_	_	linguistic	_	ContainsVariation=No	Intonation=Falling|Volume=low	_	_	_	_	_
295-2	TO030	295	2	no	no	_	_	_	_	_	linguistic	_	ContainsVariation=No	Volume=low	_	_	_	_	_
295-3	TO030	295	3	ma	ma	_	_	_	_	_	linguistic	_	ContainsVariation=No	Volume=low	_	_	_	_	_
295-4	TO030	295	4	perché.°	perché	_	_	_	_	_	linguistic	_	ContainsVariation=No	Intonation=Falling|Volume=low	_	_	_	_	_
295-5	TO030	295	5	ma	ma	_	_	_	_	_	linguistic	_	ContainsVariation=No	_	_	_	_	_	_
295-6	TO030	295	6	perché?	perché	_	_	_	_	_	linguistic	_	ContainsVariation=No	Intonation=Rising|PauseAfter=Yes	_	_	_	_	_
295-7	TO030	295	7	(.)	(.)	_	_	_	_	_	shortpause	_	ContainsVariation=No	_	_	_	_	_	_
295-8	TO030	295	8	però	però	_	_	_	_	_	linguistic	_	ContainsVariation=No	_	_	_	_	_	_
295-9	TO030	295	9	poi	poi	_	_	_	_	_	linguistic	_	ContainsVariation=No	_	_	_	_	_	_
295-10	TO030	295	10	non	non	_	_	_	_	_	linguistic	_	ContainsVariation=No	_	_	_	_	_	_
295-11	TO030	295	11	mi	mi	_	_	_	_	_	linguistic	_	ContainsVariation=No	_	_	_	_	_	_
295-12	TO030	295	12	possono	possono	_	_	_	_	_	linguistic	_	ContainsVariation=No	_	_	_	_	_	_
295-13	TO030	295	13	venire	venire	_	_	_	_	_	linguistic	_	ContainsVariation=No	_	_	_	_	_	_
295-14	TO030	295	14	a	a	_	_	_	_	_	linguistic	_	ContainsVariation=No	_	_	_	_	_	_
295-15	TO030	295	15	dire	dire	_	_	_	_	_	linguistic	_	ContainsVariation=No	_	_	_	_	_	_
295-16	TO030	295	16	che::	che	_	_	_	_	_	linguistic	_	ContainsVariation=No	_	_	2x2	_	_	_
295-17	TO030	295	17	perché	perché	_	_	_	_	_	linguistic	_	ContainsVariation=No	_	_	_	_	_	_
295-18	TO030	295	18	i	i	_	_	_	_	_	linguistic	_	ContainsVariation=No	_	_	_	_	_	_
295-19	TO030	295	19	giovani	giovani	_	_	_	_	_	linguistic	_	ContainsVariation=No	_	_	_	_	_	_
295-20	TO030	295	20	vogliono	vogliono	_	_	_	_	_	linguistic	_	ContainsVariation=No	_	_	_	_	_	_
295-21	TO030	295	21	andare	andare	_	_	_	_	_	linguistic	_	ContainsVariation=No	_	_	_	_	_	_
295-22	TO030	295	22	vi~	vi~	_	_	_	_	_	linguistic	_	ContainsVariation=No	Interrupted=Yes	_	_	_	_	_
295-23	TO030	295	23	m::h	mh	_	_	_	_	_	linguistic	_	ContainsVariation=No	_	_	0x2	_	_	_
295-24	TO030	295	24	è	è	_	_	_	_	_	linguistic	_	ContainsVariation=No	_	_	_	_	_	_
295-25	TO030	295	25	che	che	_	_	_	_	_	linguistic	_	ContainsVariation=No	_	_	_	_	_	_
295-26	TO030	295	26	poi,	poi	_	_	_	_	_	linguistic	_	ContainsVariation=No	Intonation=WeaklyRising	End=1084.036	_	_	_	_
296-0	TO054	296	0	xxxx	xxxx	_	_	_	_	_	unknown	_	ContainsVariation=No	Syllables=4	Begin=1084.036|End=1085.004	_	_	_	_
297-0	TO030	297	0	eh.	eh	_	_	_	_	_	linguistic	_	ContainsVariation=No	Intonation=Falling	Begin=1085.428|End=1085.698	_	_	_	_
298-0	TO030	298	0	eh.	eh	_	_	_	_	_	linguistic	_	ContainsVariation=No	Intonation=Falling	Begin=1086.257|End=1086.556	_	_	_	_
299-0	TO054	299	0	ad	ad	_	_	_	_	_	linguistic	_	ContainsVariation=No	_	Begin=1086.782	_	_	_	_
299-1	TO054	299	1	esempio:::	esempio	_	_	_	_	_	linguistic	_	ContainsVariation=No	_	_	6x3	_	_	_
299-2	TO054	299	2	ho	ho	_	_	_	_	_	linguistic	_	ContainsVariation=No	_	_	_	_	_	_
299-3	TO054	299	3	guardato	guardato	_	_	_	_	_	linguistic	_	ContainsVariation=No	_	_	_	_	_	_
299-4	TO054	299	4	su:	su	_	_	_	_	_	linguistic	_	ContainsVariation=No	ProsodicLink=Yes	_	1x1	_	_	_
299-5	TO054	299	5	i:internet.	iinternet	_	_	_	_	_	linguistic	_	ContainsVariation=No	Intonation=Falling	_	0x1	_	_	_
299-6	TO054	299	6	c'	c'	_	_	_	_	_	linguistic	_	ContainsVariation=No	SpaceAfter=No	_	_	_	_	_
299-7	TO054	299	7	era	era	_	_	_	_	_	linguistic	_	ContainsVariation=No	_	_	_	_	_	_
299-8	TO054	299	8	un	un	_	_	_	_	_	linguistic	_	ContainsVariation=No	_	_	_	_	_	_
299-9	TO054	299	9	tizio	tizio	_	_	_	_	_	linguistic	_	ContainsVariation=No	_	_	_	_	_	_
299-10	TO054	299	10	che	che	_	_	_	_	_	linguistic	_	ContainsVariation=No	_	_	_	_	_	_
299-11	TO054	299	11	faceva::	faceva	_	_	_	_	_	linguistic	_	ContainsVariation=No	_	_	5x2	_	_	_
299-12	TO054	299	12	vi	vi	_	_	_	_	_	linguistic	_	ContainsVariation=No	_	_	_	_	_	_
299-13	TO054	299	13	do	do	_	_	_	_	_	linguistic	_	ContainsVariation=No	_	_	_	_	_	_
299-14	TO054	299	14	due	due	_	_	_	_	_	linguistic	_	ContainsVariation=No	_	_	_	_	_	_
299-15	TO054	299	15	dritte	dritte	_	_	_	_	_	linguistic	_	ContainsVariation=No	_	_	_	_	_	_
299-16	TO054	299	16	per	per	_	_	_	_	_	linguistic	_	ContainsVariation=No	_	_	_	_	_	_
299-17	TO054	299	17	entrare	entrare	_	_	_	_	_	linguistic	_	ContainsVariation=No	_	_	_	_	_	_
299-18	TO054	299	18	in	in	_	_	_	_	_	linguistic	_	ContainsVariation=No	_	_	_	_	_	_
299-19	TO054	299	19	accademia.	accademia	_	_	_	_	_	linguistic	_	ContainsVariation=No	Intonation=Falling	End=1093.34	_	_	_	_
300-0	TO030	300	0	ah	ah	_	_	_	_	_	linguistic	_	ContainsVariation=No	_	Begin=1093.761	_	_	_	_
300-1	TO030	300	1	[beh	beh	_	_	_	_	_	linguistic	_	ContainsVariation=No	_	_	_	_	_	0-3(146)
300-2	TO030	300	2	ah	ah	_	_	_	_	_	linguistic	_	ContainsVariation=No	_	_	_	_	_	0-2(146)
300-3	TO030	300	3	scusa]	scusa	_	_	_	_	_	linguistic	_	ContainsVariation=No	_	_	_	_	_	0-5(146)
300-4	TO030	300	4	se	se	_	_	_	_	_	linguistic	_	ContainsVariation=No	_	_	_	_	_	_
300-5	TO030	300	5	me	me	_	_	_	_	_	linguistic	_	ContainsVariation=No	_	_	_	_	_	_
300-6	TO030	300	6	lo	lo	_	_	_	_	_	linguistic	_	ContainsVariation=No	_	_	_	_	_	_
300-7	TO030	300	7	dice	dice	_	_	_	_	_	linguistic	_	ContainsVariation=No	_	_	_	_	_	_
300-8	TO030	300	8	il	il	_	_	_	_	_	linguistic	_	ContainsVariation=No	_	_	_	_	_	_
300-9	TO030	300	9	tizio	tizio	_	_	_	_	_	linguistic	_	ContainsVariation=No	_	_	_	_	_	_
300-10	TO030	300	10	su	su	_	_	_	_	_	linguistic	_	ContainsVariation=No	_	_	_	_	_	_
300-11	TO030	300	11	internet	internet	_	_	_	_	_	linguistic	_	ContainsVariation=No	_	_	_	_	_	_
300-12	TO030	300	12	sicuro	sicuro	_	_	_	_	_	linguistic	_	ContainsVariation=No	_	_	_	_	_	_
300-13	TO030	300	13	entro	entro	_	_	_	_	_	linguistic	_	ContainsVariation=No	_	_	_	_	_	_
300-14	TO030	300	14	guarda.	guarda	_	_	_	_	_	linguistic	_	ContainsVariation=No	Intonation=Falling	End=1097.711	_	_	_	_
301-0	TO054	301	0	[(due	due	_	_	_	_	_	linguistic	_	ContainsVariation=No	_	Begin=1093.949	_	_	0-3(0)	0-3(146)
301-1	TO054	301	1	cosine)]	cosine	_	_	_	_	_	linguistic	_	ContainsVariation=No	_	End=1094.512	_	_	0-6(0)	0-6(146)
302-0	TO054	302	0	e::h	eh	_	_	_	_	_	linguistic	_	ContainsVariation=No	PauseAfter=Yes	Begin=1097.711	0x2	_	_	_
302-1	TO054	302	1	(.)	(.)	_	_	_	_	_	shortpause	_	ContainsVariation=No	_	_	_	_	_	_
302-2	TO054	302	2	e	e	_	_	_	_	_	linguistic	_	ContainsVariation=No	_	_	_	_	_	_
302-3	TO054	302	3	però	però	_	_	_	_	_	linguistic	_	ContainsVariation=No	_	_	_	_	_	_
302-4	TO054	302	4	era::	era	_	_	_	_	_	linguistic	_	ContainsVariation=No	_	_	2x2	_	_	_
302-5	TO054	302	5	era	era	_	_	_	_	_	linguistic	_	ContainsVariation=No	_	_	_	_	_	_
302-6	TO054	302	6	cari::no	carino	_	_	_	_	_	linguistic	_	ContainsVariation=No	_	_	3x2	_	_	_
302-7	TO054	302	7	e	e	_	_	_	_	_	linguistic	_	ContainsVariation=No	_	_	_	_	_	_
302-8	TO054	302	8	fa::	fa	_	_	_	_	_	linguistic	_	ContainsVariation=No	_	_	1x2	_	_	_
302-9	TO054	302	9	ha	ha	_	_	_	_	_	linguistic	_	ContainsVariation=No	_	_	_	_	_	_
302-10	TO054	302	10	detto	detto	_	_	_	_	_	linguistic	_	ContainsVariation=No	_	_	_	_	_	_
302-11	TO054	302	11	una	una	_	_	_	_	_	linguistic	_	ContainsVariation=No	_	_	_	_	_	_
302-12	TO054	302	12	cosa	cosa	_	_	_	_	_	linguistic	_	ContainsVariation=No	_	_	_	_	_	_
302-13	TO054	302	13	molto	molto	_	_	_	_	_	linguistic	_	ContainsVariation=No	_	_	_	_	_	_
302-14	TO054	302	14	semplice.	semplice	_	_	_	_	_	linguistic	_	ContainsVariation=No	Intonation=Falling	_	_	_	_	_
302-15	TO054	302	15	fa	fa	_	_	_	_	_	linguistic	_	ContainsVariation=No	_	End=1103.175	_	_	_	_
303-0	TO054	303	0	che	che	_	_	_	_	_	linguistic	_	ContainsVariation=No	_	Begin=1103.905	_	_	_	_
303-1	TO054	303	1	in	in	_	_	_	_	_	linguistic	_	ContainsVariation=No	_	_	_	_	_	_
303-2	TO054	303	2	italia,	italia	_	_	_	_	_	linguistic	_	ContainsVariation=No	Intonation=WeaklyRising|PauseAfter=Yes	_	_	_	_	_
303-3	TO054	303	3	(.)	(.)	_	_	_	_	_	shortpause	_	ContainsVariation=No	_	_	_	_	_	_
303-4	TO054	303	4	c'	c'	_	_	_	_	_	linguistic	_	ContainsVariation=No	SpaceAfter=No	_	_	_	_	_
303-5	TO054	303	5	è	è	_	_	_	_	_	linguistic	_	ContainsVariation=No	_	_	_	_	_	_
303-6	TO054	303	6	un'	un'	_	_	_	_	_	linguistic	_	ContainsVariation=No	SpaceAfter=No	_	_	_	_	_
303-7	TO054	303	7	accademia	accademia	_	_	_	_	_	linguistic	_	ContainsVariation=No	_	_	_	_	_	_
303-8	TO054	303	8	nazionale	nazionale	_	_	_	_	_	linguistic	_	ContainsVariation=No	PauseAfter=Yes	_	_	_	_	_
303-9	TO054	303	9	(.)	(.)	_	_	_	_	_	shortpause	_	ContainsVariation=No	_	_	_	_	_	_
303-10	TO054	303	10	di	di	_	_	_	_	_	linguistic	_	ContainsVariation=No	_	_	_	_	_	_
303-11	TO054	303	11	teatro.	teatro	_	_	_	_	_	linguistic	_	ContainsVariation=No	Intonation=Falling	End=1108.678	_	_	_	_
304-0	TO054	304	0	una.	una	_	_	_	_	_	linguistic	_	ContainsVariation=No	Intonation=Falling	Begin=1109.286|End=1109.679	_	_	_	_
305-0	TO054	305	0	laddove	laddove	_	_	_	_	_	linguistic	_	ContainsVariation=No	_	Begin=1109.898	_	_	_	_
305-1	TO054	305	1	in	in	_	_	_	_	_	linguistic	_	ContainsVariation=No	_	_	_	_	_	_
305-2	TO054	305	2	altri	altri	_	_	_	_	_	linguistic	_	ContainsVariation=No	_	_	_	_	_	_
305-3	TO054	305	3	posti,	posti	_	_	_	_	_	linguistic	_	ContainsVariation=No	Intonation=WeaklyRising	_	_	_	_	_
305-4	TO054	305	4	come	come	_	_	_	_	_	linguistic	_	ContainsVariation=No	_	_	_	_	_	_
305-5	TO054	305	5	in	in	_	_	_	_	_	linguistic	_	ContainsVariation=No	_	_	_	_	_	_
305-6	TO054	305	6	germa::nia,	germania	_	_	_	_	_	linguistic	_	ContainsVariation=No	Intonation=WeaklyRising	_	4x2	_	_	_
305-7	TO054	305	7	in	in	_	_	_	_	_	linguistic	_	ContainsVariation=No	_	_	_	_	_	_
305-8	TO054	305	8	inghilte:rra,	inghilterra	_	_	_	_	_	linguistic	_	ContainsVariation=No	Intonation=WeaklyRising	_	7x1	_	_	_
305-9	TO054	305	9	i~	i~	_	_	_	_	_	linguistic	_	ContainsVariation=No	Interrupted=Yes	_	_	_	_	_
305-10	TO054	305	10	in	in	_	_	_	_	_	linguistic	_	ContainsVariation=No	_	_	_	_	_	_
305-11	TO054	305	11	germania	germania	_	_	_	_	_	linguistic	_	ContainsVariation=No	_	_	_	_	_	_
305-12	TO054	305	12	ad	ad	_	_	_	_	_	linguistic	_	ContainsVariation=No	_	_	_	_	_	_
305-13	TO054	305	13	esempio	esempio	_	_	_	_	_	linguistic	_	ContainsVariation=No	_	_	_	_	_	_
305-14	TO054	305	14	l'	l'	_	_	_	_	_	linguistic	_	ContainsVariation=No	SpaceAfter=No	_	_	_	_	_
305-15	TO054	305	15	ha	ha	_	_	_	_	_	linguistic	_	ContainsVariation=No	_	_	_	_	_	_
305-16	TO054	305	16	citata	citata	_	_	_	_	_	linguistic	_	ContainsVariation=No	_	_	_	_	_	_
305-17	TO054	305	17	ce	ce	_	_	_	_	_	linguistic	_	ContainsVariation=No	_	_	_	_	_	_
305-18	TO054	305	18	ne	ne	_	_	_	_	_	linguistic	_	ContainsVariation=No	_	_	_	_	_	_
305-19	TO054	305	19	sono	sono	_	_	_	_	_	linguistic	_	ContainsVariation=No	_	_	_	_	_	_
305-20	TO054	305	20	tipo	tipo	_	_	_	_	_	linguistic	_	ContainsVariation=No	_	_	_	_	_	_
305-21	TO054	305	21	una	una	_	_	_	_	_	linguistic	_	ContainsVariation=No	_	_	_	_	_	_
305-22	TO054	305	22	ventina.	ventina	_	_	_	_	_	linguistic	_	ContainsVariation=No	Intonation=Falling	End=1116.395	_	_	_	_
306-0	TO054	306	0	di	di	_	_	_	_	_	linguistic	_	ContainsVariation=No	_	Begin=1117.01	_	_	_	_
306-1	TO054	306	1	accademie	accademie	_	_	_	_	_	linguistic	_	ContainsVariation=No	_	_	_	_	_	_
306-2	TO054	306	2	[nazionali].	nazionali	_	_	_	_	_	linguistic	_	ContainsVariation=No	Intonation=Falling	End=1118.178	_	_	_	0-9(147)
307-0	TO030	307	0	[quindi	quindi	_	_	_	_	_	linguistic	_	ContainsVariation=No	_	Begin=1117.458	_	_	_	0-6(147)
307-1	TO030	307	1	è	è	_	_	_	_	_	linguistic	_	ContainsVariation=No	_	_	_	_	_	0-1(147)
307-2	TO030	307	2	molto]	molto	_	_	_	_	_	linguistic	_	ContainsVariation=No	_	_	_	_	_	0-5(147)
307-3	TO030	307	3	più::	più	_	_	_	_	_	linguistic	_	ContainsVariation=No	_	End=1118.63	2x2	_	_	_
308-0	TO054	308	0	è	è	_	_	_	_	_	linguistic	_	ContainsVariation=No	_	Begin=1119.031	_	_	_	_
308-1	TO054	308	1	più::	più	_	_	_	_	_	linguistic	_	ContainsVariation=No	_	_	2x2	_	_	_
308-2	TO054	308	2	vivibile?	vivibile	_	_	_	_	_	linguistic	_	ContainsVariation=No	Intonation=Rising	_	_	_	_	_
308-3	TO054	308	3	[fattibile]?	fattibile	_	_	_	_	_	linguistic	_	ContainsVariation=No	Intonation=Rising	End=1122.201	_	_	_	0-9(148)
309-0	TO030	309	0	[sì.	sì	_	_	_	_	_	linguistic	_	ContainsVariation=No	Intonation=Falling	Begin=1121.307	_	_	_	0-2(148)
309-1	TO030	309	1	sì.	sì	_	_	_	_	_	linguistic	_	ContainsVariation=No	Intonation=Falling	_	_	_	_	0-2(148)
309-2	TO030	309	2	per]ché	perché	_	_	_	_	_	linguistic	_	ContainsVariation=No	_	_	_	_	_	0-3(148)
309-3	TO030	309	3	c'	c'	_	_	_	_	_	linguistic	_	ContainsVariation=No	SpaceAfter=No	_	_	_	_	_
309-4	TO030	309	4	è	è	_	_	_	_	_	linguistic	_	ContainsVariation=No	_	_	_	_	_	_
309-5	TO030	309	5	più::	più	_	_	_	_	_	linguistic	_	ContainsVariation=No	_	_	2x2	_	_	_
309-6	TO030	309	6	richiesta,	richiesta	_	_	_	_	_	linguistic	_	ContainsVariation=No	Intonation=WeaklyRising	End=1123.864	_	_	_	_
310-0	TO054	310	0	e:::h	eh	_	_	_	_	_	linguistic	_	ContainsVariation=No	_	Begin=1123.861	0x3	_	_	_
310-1	TO054	310	1	s~.	s~	_	_	_	_	_	linguistic	_	ContainsVariation=No	Intonation=Falling|Interrupted=Yes	End=1124.982	_	_	_	_
311-0	TO054	311	0	e	e	_	_	_	_	_	linguistic	_	ContainsVariation=No	_	Begin=1125.161	_	_	_	_
311-1	TO054	311	1	invece	invece	_	_	_	_	_	linguistic	_	ContainsVariation=No	_	_	_	_	_	_
311-2	TO054	311	2	cioè	cioè	_	_	_	_	_	linguistic	_	ContainsVariation=No	PauseAfter=Yes	_	_	_	_	_
311-3	TO054	311	3	(.)	(.)	_	_	_	_	_	shortpause	_	ContainsVariation=No	_	_	_	_	_	_
311-4	TO054	311	4	il	il	_	_	_	_	_	linguistic	_	ContainsVariation=No	_	_	_	_	_	_
311-5	TO054	311	5	santa	santa	_	_	_	_	_	linguistic	_	ContainsVariation=No	_	_	_	_	_	_
311-6	TO054	311	6	santorum	santorum	_	_	_	_	_	linguistic	_	ContainsVariation=No	_	_	_	_	_	_
311-7	TO054	311	7	silvio	silvio	_	_	_	_	_	linguistic	_	ContainsVariation=No	_	_	_	_	_	_
311-8	TO054	311	8	d'	d'	_	_	_	_	_	linguistic	_	ContainsVariation=No	SpaceAfter=No	_	_	_	_	_
311-9	TO054	311	9	amico,	amico	_	_	_	_	_	linguistic	_	ContainsVariation=No	Intonation=WeaklyRising	End=1129.351	_	_	_	_
312-0	TO030	312	0	eh.	eh	_	_	_	_	_	linguistic	_	ContainsVariation=No	Intonation=Falling	Begin=1129.722|End=1130.077	_	_	_	_
313-0	TO030	313	0	io::	io	_	_	_	_	_	linguistic	_	ContainsVariation=No	_	Begin=1130.345	1x2	_	_	_
313-1	TO030	313	1	andrea	andrea	_	_	_	_	_	linguistic	_	ContainsVariation=No	_	_	_	_	_	_
313-2	TO030	313	2	pensa	pensa	_	_	_	_	_	linguistic	_	ContainsVariation=No	_	_	_	_	_	_
313-3	TO030	313	3	che	che	_	_	_	_	_	linguistic	_	ContainsVariation=No	_	_	_	_	_	_
313-4	TO030	313	4	una	una	_	_	_	_	_	linguistic	_	ContainsVariation=No	_	_	_	_	_	_
313-5	TO030	313	5	volta	volta	_	_	_	_	_	linguistic	_	ContainsVariation=No	_	_	_	_	_	_
313-6	TO030	313	6	l'	l'	_	_	_	_	_	linguistic	_	ContainsVariation=No	SpaceAfter=No	_	_	_	_	_
313-7	TO030	313	7	hanno	hanno	_	_	_	_	_	linguistic	_	ContainsVariation=No	_	_	_	_	_	_
313-8	TO030	313	8	preso	preso	_	_	_	_	_	linguistic	_	ContainsVariation=No	_	_	_	_	_	_
313-9	TO030	313	9	alla	alla	_	_	_	_	_	linguistic	_	ContainsVariation=No	_	_	_	_	_	_
313-10	TO030	313	10	prima	prima	_	_	_	_	_	linguistic	_	ContainsVariation=No	_	_	_	_	_	_
313-11	TO030	313	11	selezione	selezione	_	_	_	_	_	linguistic	_	ContainsVariation=No	_	_	_	_	_	_
313-12	TO030	313	12	alla	alla	_	_	_	_	_	linguistic	_	ContainsVariation=No	_	_	_	_	_	_
313-13	TO030	313	13	paolo	paolo	_	_	_	_	_	linguistic	_	ContainsVariation=No	_	_	_	_	_	_
313-14	TO030	313	14	grassi.	grassi	_	_	_	_	_	linguistic	_	ContainsVariation=No	Intonation=Falling	End=1133.817	_	_	_	_
314-0	TO054	314	0	eh.	eh	_	_	_	_	_	linguistic	_	ContainsVariation=No	Intonation=Falling	Begin=1133.945|End=1134.286	_	_	_	_
315-0	TO030	315	0	aveva	aveva	_	_	_	_	_	linguistic	_	ContainsVariation=No	_	Begin=1134.325	_	_	_	_
315-1	TO030	315	1	passato	passato	_	_	_	_	_	linguistic	_	ContainsVariation=No	_	_	_	_	_	_
315-2	TO030	315	2	la	la	_	_	_	_	_	linguistic	_	ContainsVariation=No	_	_	_	_	_	_
315-3	TO030	315	3	prima	prima	_	_	_	_	_	linguistic	_	ContainsVariation=No	_	_	_	_	_	_
315-4	TO030	315	4	selezione	selezione	_	_	_	_	_	linguistic	_	ContainsVariation=No	_	_	_	_	_	_
315-5	TO030	315	5	e	e	_	_	_	_	_	linguistic	_	ContainsVariation=No	_	_	_	_	_	_
315-6	TO030	315	6	poi	poi	_	_	_	_	_	linguistic	_	ContainsVariation=No	_	_	_	_	_	_
315-7	TO030	315	7	una	una	_	_	_	_	_	linguistic	_	ContainsVariation=No	_	_	_	_	_	_
315-8	TO030	315	8	settimana	settimana	_	_	_	_	_	linguistic	_	ContainsVariation=No	_	_	_	_	_	_
315-9	TO030	315	9	di	di	_	_	_	_	_	linguistic	_	ContainsVariation=No	ProsodicLink=Yes	_	_	_	_	_
315-10	TO030	315	10	m::h	mh	_	_	_	_	_	linguistic	_	ContainsVariation=No	_	_	0x2	_	_	_
315-11	TO030	315	11	di	di	_	_	_	_	_	linguistic	_	ContainsVariation=No	_	_	_	_	_	_
315-12	TO030	315	12	sta::[ge]	stage	_	_	_	_	_	linguistic	_	ContainsVariation=No	PauseAfter=Yes	_	2x2	_	_	3-5(150)
315-13	TO030	315	13	(.)	(.)	_	_	_	_	_	shortpause	_	ContainsVariation=No	_	_	_	_	_	_
315-14	TO030	315	14	e	e	_	_	_	_	_	linguistic	_	ContainsVariation=No	_	_	_	_	_	_
315-15	TO030	315	15	poi	poi	_	_	_	_	_	linguistic	_	ContainsVariation=No	_	_	_	_	_	_
315-16	TO030	315	16	l'	l'	_	_	_	_	_	linguistic	_	ContainsVariation=No	SpaceAfter=No	_	_	_	_	_
315-17	TO030	315	17	avevano	avevano	_	_	_	_	_	linguistic	_	ContainsVariation=No	_	_	_	_	_	_
315-18	TO030	315	18	scartato,	scartato	_	_	_	_	_	linguistic	_	ContainsVariation=No	Intonation=WeaklyRising	_	_	_	_	_
315-19	TO030	315	19	lui	lui	_	_	_	_	_	linguistic	_	ContainsVariation=No	_	_	_	_	_	_
315-20	TO030	315	20	m'	m'	_	_	_	_	_	linguistic	_	ContainsVariation=No	SpaceAfter=No	_	_	_	_	_
315-21	TO030	315	21	(ha	ha	_	_	_	_	_	linguistic	_	ContainsVariation=No	_	_	_	_	_	_
315-22	TO030	315	22	detto	detto	_	_	_	_	_	linguistic	_	ContainsVariation=No	_	_	_	_	_	_
315-23	TO030	315	23	che	che	_	_	_	_	_	linguistic	_	ContainsVariation=No	_	_	_	_	_	_
315-24	TO030	315	24	c'	c'	_	_	_	_	_	linguistic	_	ContainsVariation=No	SpaceAfter=No	_	_	_	_	_
315-25	TO030	315	25	era	era	_	_	_	_	_	linguistic	_	ContainsVariation=No	_	_	_	_	_	_
315-26	TO030	315	26	stato	stato	_	_	_	_	_	linguistic	_	ContainsVariation=No	_	_	_	_	_	_
315-27	TO030	315	27	malissimo.	malissimo	_	_	_	_	_	linguistic	_	ContainsVariation=No	Intonation=Falling	End=1142.07	_	_	_	_
316-0	TO054	316	0	[sì].	sì	_	_	_	_	_	linguistic	_	ContainsVariation=No	Intonation=Falling	Begin=1138.484|End=1138.875	_	_	_	0-2(150)
317-0	TO054	317	0	e:h	eh	_	_	_	_	_	linguistic	_	ContainsVariation=No	_	Begin=1142.09	0x1	_	_	_
317-1	TO054	317	1	[ci	ci	_	_	_	_	_	linguistic	_	ContainsVariation=No	_	_	_	_	_	0-2(151)
317-2	TO054	317	2	cre::do].	credo	_	_	_	_	_	linguistic	_	ContainsVariation=No	Intonation=Falling	End=1143.308	2x2	_	_	0-5(151)
318-0	TO030	318	0	[perché	perché	_	_	_	_	_	linguistic	_	ContainsVariation=No	_	Begin=1142.284	_	_	_	0-6(151)
318-1	TO030	318	1	tu	tu	_	_	_	_	_	linguistic	_	ContainsVariation=No	_	_	_	_	_	0-2(151)
318-2	TO030	318	2	veram~	veram~	_	_	_	_	_	linguistic	_	ContainsVariation=No	Interrupted=Yes	_	_	_	_	0-6(151)
318-3	TO030	318	3	tu	tu	_	_	_	_	_	linguistic	_	ContainsVariation=No	_	_	_	_	_	0-2(151)
318-4	TO030	318	4	pe~]	pe~	_	_	_	_	_	linguistic	_	ContainsVariation=No	Interrupted=Yes	_	_	_	_	0-3(151)
318-5	TO030	318	5	comunque	comunque	_	_	_	_	_	linguistic	_	ContainsVariation=No	_	_	_	_	_	_
318-6	TO030	318	6	se	se	_	_	_	_	_	linguistic	_	ContainsVariation=No	_	_	_	_	_	_
318-7	TO030	318	7	passi	passi	_	_	_	_	_	linguistic	_	ContainsVariation=No	_	_	_	_	_	_
318-8	TO030	318	8	la	la	_	_	_	_	_	linguistic	_	ContainsVariation=No	_	_	_	_	_	_
318-9	TO030	318	9	prima	prima	_	_	_	_	_	linguistic	_	ContainsVariation=No	_	_	_	_	_	_
318-10	TO030	318	10	dici	dici	_	_	_	_	_	linguistic	_	ContainsVariation=No	_	_	_	_	_	_
318-11	TO030	318	11	dai	dai	_	_	_	_	_	linguistic	_	ContainsVariation=No	_	_	_	_	_	_
318-12	TO030	318	12	dai	dai	_	_	_	_	_	linguistic	_	ContainsVariation=No	_	_	_	_	_	_
318-13	TO030	318	13	ce	ce	_	_	_	_	_	linguistic	_	ContainsVariation=No	_	_	_	_	_	_
318-14	TO030	318	14	l'	l'	_	_	_	_	_	linguistic	_	ContainsVariation=No	SpaceAfter=No	_	_	_	_	_
318-15	TO030	318	15	ho	ho	_	_	_	_	_	linguistic	_	ContainsVariation=No	_	_	_	_	_	_
318-16	TO030	318	16	fatta,	fatta	_	_	_	_	_	linguistic	_	ContainsVariation=No	Intonation=WeaklyRising	_	_	_	_	_
318-17	TO030	318	17	e	e	_	_	_	_	_	linguistic	_	ContainsVariation=No	_	_	_	_	_	_
318-18	TO030	318	18	poi	poi	_	_	_	_	_	linguistic	_	ContainsVariation=No	_	_	_	_	_	_
318-19	TO030	318	19	no.	no	_	_	_	_	_	linguistic	_	ContainsVariation=No	Intonation=Falling	End=1146.65	_	_	_	_
319-0	TO030	319	0	capito?	capito	_	_	_	_	_	linguistic	_	ContainsVariation=No	Intonation=Rising	Begin=1147.009	_	_	_	_
319-1	TO030	319	1	e	e	_	_	_	_	_	linguistic	_	ContainsVariation=No	_	_	_	_	_	_
319-2	TO030	319	2	lui	lui	_	_	_	_	_	linguistic	_	ContainsVariation=No	_	_	_	_	_	_
319-3	TO030	319	3	l'	l'	_	_	_	_	_	linguistic	_	ContainsVariation=No	SpaceAfter=No	_	_	_	_	_
319-4	TO030	319	4	aveva	aveva	_	_	_	_	_	linguistic	_	ContainsVariation=No	_	_	_	_	_	_
319-5	TO030	319	5	sofferta	sofferta	_	_	_	_	_	linguistic	_	ContainsVariation=No	_	_	_	_	_	_
319-6	TO030	319	6	un	un	_	_	_	_	_	linguistic	_	ContainsVariation=No	_	_	_	_	_	_
319-7	TO030	319	7	sac[co	sacco	_	_	_	_	_	linguistic	_	ContainsVariation=No	_	_	_	_	_	2-5(152)
319-8	TO030	319	8	eh].	eh	_	_	_	_	_	linguistic	_	ContainsVariation=No	Intonation=Falling	End=1149.827	_	_	_	0-2(152)
320-0	TO054	320	0	[ci	ci	_	_	_	_	_	linguistic	_	ContainsVariation=No	_	Begin=1149.165	_	_	_	0-2(152)
320-1	TO054	320	1	credo].	credo	_	_	_	_	_	linguistic	_	ContainsVariation=No	Intonation=Falling	End=1149.89	_	_	_	0-5(152)
321-0	TO054	321	0	infatti	infatti	_	_	_	_	_	linguistic	_	ContainsVariation=No	_	Begin=1150.297	_	_	_	_
321-1	TO054	321	1	bisogna	bisogna	_	_	_	_	_	linguistic	_	ContainsVariation=No	_	_	_	_	_	_
321-2	TO054	321	2	prenderla	prenderla	_	_	_	_	_	linguistic	_	ContainsVariation=No	_	_	_	_	_	_
321-3	TO054	321	3	con	con	_	_	_	_	_	linguistic	_	ContainsVariation=No	_	_	_	_	_	_
321-4	TO054	321	4	un	un	_	_	_	_	_	linguistic	_	ContainsVariation=No	_	_	_	_	_	_
321-5	TO054	321	5	po'	po'	_	_	_	_	_	linguistic	_	ContainsVariation=No	_	_	_	_	_	_
321-6	TO054	321	6	di,	di	_	_	_	_	_	linguistic	_	ContainsVariation=No	Intonation=WeaklyRising	End=1152.128	_	_	_	_
322-0	TO030	322	0	[e::h]	eh	_	_	_	_	_	linguistic	_	ContainsVariation=No	_	Begin=1152.787|End=1153.328	0x2	_	_	0-2(153)
323-0	TO054	323	0	[io	io	_	_	_	_	_	linguistic	_	ContainsVariation=No	_	Begin=1153.001	_	_	_	0-2(153)
323-1	TO054	323	1	ne]	ne	_	_	_	_	_	linguistic	_	ContainsVariation=No	_	_	_	_	_	0-2(153)
323-2	TO054	323	2	parlo,	parlo	_	_	_	_	_	linguistic	_	ContainsVariation=No	Intonation=WeaklyRising	_	_	_	_	_
323-3	TO054	323	3	non	non	_	_	_	_	_	linguistic	_	ContainsVariation=No	_	_	_	_	_	_
323-4	TO054	323	4	ne	ne	_	_	_	_	_	linguistic	_	ContainsVariation=No	_	_	_	_	_	_
323-5	TO054	323	5	parlo,	parlo	_	_	_	_	_	linguistic	_	ContainsVariation=No	Intonation=WeaklyRising	_	_	_	_	_
323-6	TO054	323	6	perché	perché	_	_	_	_	_	linguistic	_	ContainsVariation=No	_	_	_	_	_	_
323-7	TO054	323	7	un	un	_	_	_	_	_	linguistic	_	ContainsVariation=No	_	_	_	_	_	_
323-8	TO054	323	8	po'	po'	_	_	_	_	_	linguistic	_	ContainsVariation=No	_	_	_	_	_	_
323-9	TO054	323	9	bisogna	bisogna	_	_	_	_	_	linguistic	_	ContainsVariation=No	_	_	_	_	_	_
323-10	TO054	323	10	sognare,	sognare	_	_	_	_	_	linguistic	_	ContainsVariation=No	Intonation=WeaklyRising	_	_	_	_	_
323-11	TO054	323	11	però	però	_	_	_	_	_	linguistic	_	ContainsVariation=No	_	_	_	_	_	_
323-12	TO054	323	12	non	non	_	_	_	_	_	linguistic	_	ContainsVariation=No	_	_	_	_	_	_
323-13	TO054	323	13	sognare	sognare	_	_	_	_	_	linguistic	_	ContainsVariation=No	_	_	_	_	_	_
323-14	TO054	323	14	ma	ma	_	_	_	_	_	linguistic	_	ContainsVariation=No	_	_	_	_	_	_
323-15	TO054	323	15	non	non	_	_	_	_	_	linguistic	_	ContainsVariation=No	_	_	_	_	_	_
323-16	TO054	323	16	troppo.	troppo	_	_	_	_	_	linguistic	_	ContainsVariation=No	Intonation=Falling	_	_	_	_	_
323-17	TO054	323	17	perché	perché	_	_	_	_	_	linguistic	_	ContainsVariation=No	_	_	_	_	_	_
323-18	TO054	323	18	se	se	_	_	_	_	_	linguistic	_	ContainsVariation=No	_	_	_	_	_	_
323-19	TO054	323	19	no	no	_	_	_	_	_	linguistic	_	ContainsVariation=No	_	_	_	_	_	_
323-20	TO054	323	20	poi,	poi	_	_	_	_	_	linguistic	_	ContainsVariation=No	Intonation=WeaklyRising	_	_	_	_	_
323-21	TO054	323	21	se	se	_	_	_	_	_	linguistic	_	ContainsVariation=No	_	_	_	_	_	_
323-22	TO054	323	22	cadi	cadi	_	_	_	_	_	linguistic	_	ContainsVariation=No	_	_	_	_	_	_
323-23	TO054	323	23	ti	ti	_	_	_	_	_	linguistic	_	ContainsVariation=No	_	_	_	_	_	_
323-24	TO054	323	24	fai	fai	_	_	_	_	_	linguistic	_	ContainsVariation=No	_	_	_	_	_	_
323-25	TO054	323	25	ma:le.	male	_	_	_	_	_	linguistic	_	ContainsVariation=No	Intonation=Falling	_	1x1	_	_	_
323-26	TO054	323	26	e	e	_	_	_	_	_	linguistic	_	ContainsVariation=No	_	_	_	_	_	_
323-27	TO054	323	27	quindi,	quindi	_	_	_	_	_	linguistic	_	ContainsVariation=No	Intonation=WeaklyRising	_	_	_	_	_
323-28	TO054	323	28	però	però	_	_	_	_	_	linguistic	_	ContainsVariation=No	_	_	_	_	_	_
323-29	TO054	323	29	non	non	_	_	_	_	_	linguistic	_	ContainsVariation=No	_	_	_	_	_	_
323-30	TO054	323	30	farlo	farlo	_	_	_	_	_	linguistic	_	ContainsVariation=No	_	_	_	_	_	_
323-31	TO054	323	31	bisogno:	bisogno	_	_	_	_	_	linguistic	_	ContainsVariation=No	_	_	6x1	_	_	_
323-32	TO054	323	32	vuol	vuol	_	_	_	_	_	linguistic	_	ContainsVariation=No	_	_	_	_	_	_
323-33	TO054	323	33	dire	dire	_	_	_	_	_	linguistic	_	ContainsVariation=No	_	_	_	_	_	_
323-34	TO054	323	34	stare	stare	_	_	_	_	_	linguistic	_	ContainsVariation=No	_	_	_	_	_	_
323-35	TO054	323	35	fermi	fermi	_	_	_	_	_	linguistic	_	ContainsVariation=No	_	_	_	_	_	_
323-36	TO054	323	36	piantati	piantati	_	_	_	_	_	linguistic	_	ContainsVariation=No	_	_	_	_	_	_
323-37	TO054	323	37	a	a	_	_	_	_	_	linguistic	_	ContainsVariation=No	_	_	_	_	_	_
323-38	TO054	323	38	[terra].	terra	_	_	_	_	_	linguistic	_	ContainsVariation=No	Intonation=Falling	End=1164.352	_	_	_	0-5(154)
324-0	TO030	324	0	[sì].	sì	_	_	_	_	_	linguistic	_	ContainsVariation=No	Intonation=Falling	Begin=1163.871|End=1164.352	_	_	_	0-2(154)
325-0	TO030	325	0	sì.	sì	_	_	_	_	_	linguistic	_	ContainsVariation=No	Intonation=Falling	Begin=1164.57	_	_	_	_
325-1	TO030	325	1	io	io	_	_	_	_	_	linguistic	_	ContainsVariation=No	_	_	_	_	_	_
325-2	TO030	325	2	mi	mi	_	_	_	_	_	linguistic	_	ContainsVariation=No	_	_	_	_	_	_
325-3	TO030	325	3	ricordo	ricordo	_	_	_	_	_	linguistic	_	ContainsVariation=No	_	_	_	_	_	_
325-4	TO030	325	4	livia,	livia	_	_	_	_	_	linguistic	_	ContainsVariation=No	Intonation=WeaklyRising	_	_	_	_	_
325-5	TO030	325	5	la	la	_	_	_	_	_	linguistic	_	ContainsVariation=No	_	_	_	_	_	_
325-6	TO030	325	6	mia	mia	_	_	_	_	_	linguistic	_	ContainsVariation=No	_	_	_	_	_	_
325-7	TO030	325	7	amica,	amica	_	_	_	_	_	linguistic	_	ContainsVariation=No	Intonation=WeaklyRising	_	_	_	_	_
325-8	TO030	325	8	quando	quando	_	_	_	_	_	linguistic	_	ContainsVariation=No	_	_	_	_	_	_
325-9	TO030	325	9	lei	lei	_	_	_	_	_	linguistic	_	ContainsVariation=No	_	_	_	_	_	_
325-10	TO030	325	10	è	è	_	_	_	_	_	linguistic	_	ContainsVariation=No	_	_	_	_	_	_
325-11	TO030	325	11	entrata	entrata	_	_	_	_	_	linguistic	_	ContainsVariation=No	_	_	_	_	_	_
325-12	TO030	325	12	in	in	_	_	_	_	_	linguistic	_	ContainsVariation=No	_	_	_	_	_	_
325-13	TO030	325	13	pri~	pri~	_	_	_	_	_	linguistic	_	ContainsVariation=No	Interrupted=Yes	_	_	_	_	_
325-14	TO030	325	14	cioè	cioè	_	_	_	_	_	linguistic	_	ContainsVariation=No	PauseAfter=Yes	_	_	_	_	_
325-15	TO030	325	15	(.)	(.)	_	_	_	_	_	shortpause	_	ContainsVariation=No	_	_	_	_	_	_
325-16	TO030	325	16	ha	ha	_	_	_	_	_	linguistic	_	ContainsVariation=No	ProsodicLink=Yes	_	_	_	_	_
325-17	TO030	325	17	m::h	mh	_	_	_	_	_	linguistic	_	ContainsVariation=No	_	_	0x2	_	_	_
325-18	TO030	325	18	ha	ha	_	_	_	_	_	linguistic	_	ContainsVariation=No	_	_	_	_	_	_
325-19	TO030	325	19	passato	passato	_	_	_	_	_	linguistic	_	ContainsVariation=No	_	_	_	_	_	_
325-20	TO030	325	20	la	la	_	_	_	_	_	linguistic	_	ContainsVariation=No	_	_	_	_	_	_
325-21	TO030	325	21	prima	prima	_	_	_	_	_	linguistic	_	ContainsVariation=No	_	_	_	_	_	_
325-22	TO030	325	22	selezione	selezione	_	_	_	_	_	linguistic	_	ContainsVariation=No	_	_	_	_	_	_
325-23	TO030	325	23	a	a	_	_	_	_	_	linguistic	_	ContainsVariation=No	_	_	_	_	_	_
325-24	TO030	325	24	mad~	mad~	_	_	_	_	_	linguistic	_	ContainsVariation=No	Interrupted=Yes	_	_	_	_	_
325-25	TO030	325	25	poi	poi	_	_	_	_	_	linguistic	_	ContainsVariation=No	_	_	_	_	_	_
325-26	TO030	325	26	è	è	_	_	_	_	_	linguistic	_	ContainsVariation=No	_	_	_	_	_	_
325-27	TO030	325	27	entrata.	entrata	_	_	_	_	_	linguistic	_	ContainsVariation=No	Intonation=Falling	_	_	_	_	_
325-28	TO030	325	28	però	però	_	_	_	_	_	linguistic	_	ContainsVariation=No	_	_	_	_	_	_
325-29	TO030	325	29	quando	quando	_	_	_	_	_	linguistic	_	ContainsVariation=No	_	_	_	_	_	_
325-30	TO030	325	30	ha	ha	_	_	_	_	_	linguistic	_	ContainsVariation=No	_	_	_	_	_	_
325-31	TO030	325	31	passato	passato	_	_	_	_	_	linguistic	_	ContainsVariation=No	_	_	_	_	_	_
325-32	TO030	325	32	la	la	_	_	_	_	_	linguistic	_	ContainsVariation=No	_	_	_	_	_	_
325-33	TO030	325	33	prima	prima	_	_	_	_	_	linguistic	_	ContainsVariation=No	_	_	_	_	_	_
325-34	TO030	325	34	selezione	selezione	_	_	_	_	_	linguistic	_	ContainsVariation=No	_	_	_	_	_	_
325-35	TO030	325	35	mi	mi	_	_	_	_	_	linguistic	_	ContainsVariation=No	_	_	_	_	_	_
325-36	TO030	325	36	aveva	aveva	_	_	_	_	_	linguistic	_	ContainsVariation=No	_	_	_	_	_	_
325-37	TO030	325	37	detto	detto	_	_	_	_	_	linguistic	_	ContainsVariation=No	_	_	_	_	_	_
325-38	TO030	325	38	questa	questa	_	_	_	_	_	linguistic	_	ContainsVariation=No	_	_	_	_	_	_
325-39	TO030	325	39	cosa	cosa	_	_	_	_	_	linguistic	_	ContainsVariation=No	_	_	_	_	_	_
325-40	TO030	325	40	che	che	_	_	_	_	_	linguistic	_	ContainsVariation=No	_	_	_	_	_	_
325-41	TO030	325	41	mi	mi	_	_	_	_	_	linguistic	_	ContainsVariation=No	_	_	_	_	_	_
325-42	TO030	325	42	era	era	_	_	_	_	_	linguistic	_	ContainsVariation=No	_	_	_	_	_	_
325-43	TO030	325	43	rimasta	rimasta	_	_	_	_	_	linguistic	_	ContainsVariation=No	_	_	_	_	_	_
325-44	TO030	325	44	che	che	_	_	_	_	_	linguistic	_	ContainsVariation=No	_	_	_	_	_	_
325-45	TO030	325	45	mi	mi	_	_	_	_	_	linguistic	_	ContainsVariation=No	_	_	_	_	_	_
325-46	TO030	325	46	aveva	aveva	_	_	_	_	_	linguistic	_	ContainsVariation=No	_	_	_	_	_	_
325-47	TO030	325	47	detto::	detto	_	_	_	_	_	linguistic	_	ContainsVariation=No	_	_	4x2	_	_	_
325-48	TO030	325	48	anche	anche	_	_	_	_	_	linguistic	_	ContainsVariation=No	_	_	_	_	_	_
325-49	TO030	325	49	se	se	_	_	_	_	_	linguistic	_	ContainsVariation=No	_	_	_	_	_	_
325-50	TO030	325	50	poi	poi	_	_	_	_	_	linguistic	_	ContainsVariation=No	_	_	_	_	_	_
325-51	TO030	325	51	alla	alla	_	_	_	_	_	linguistic	_	ContainsVariation=No	_	_	_	_	_	_
325-52	TO030	325	52	fine	fine	_	_	_	_	_	linguistic	_	ContainsVariation=No	_	_	_	_	_	_
325-53	TO030	325	53	non	non	_	_	_	_	_	linguistic	_	ContainsVariation=No	_	_	_	_	_	_
325-54	TO030	325	54	dovessi	dovessi	_	_	_	_	_	linguistic	_	ContainsVariation=No	_	_	_	_	_	_
325-55	TO030	325	55	entrare,	entrare	_	_	_	_	_	linguistic	_	ContainsVariation=No	Intonation=WeaklyRising	_	_	_	_	_
325-56	TO030	325	56	il	il	_	_	_	_	_	linguistic	_	ContainsVariation=No	_	_	_	_	_	_
325-57	TO030	325	57	fatto	fatto	_	_	_	_	_	linguistic	_	ContainsVariation=No	_	_	_	_	_	_
325-58	TO030	325	58	di	di	_	_	_	_	_	linguistic	_	ContainsVariation=No	_	_	_	_	_	_
325-59	TO030	325	59	essere	essere	_	_	_	_	_	linguistic	_	ContainsVariation=No	_	_	_	_	_	_
325-60	TO030	325	60	stata,	stata	_	_	_	_	_	linguistic	_	ContainsVariation=No	Intonation=WeaklyRising	End=1177.121	_	_	_	_
326-0	TO054	326	0	[sì].	sì	_	_	_	_	_	linguistic	_	ContainsVariation=No	Intonation=Falling	Begin=1177.385|End=1177.772	_	_	_	0-2(155)
327-0	TO030	327	0	[<in	in	_	_	_	_	_	linguistic	_	ContainsVariation=No	_	Begin=1177.405	_	Slow=0-2(0)	_	0-2(155)
327-1	TO030	327	1	par]te	parte	_	_	_	_	_	linguistic	_	ContainsVariation=No	_	_	_	Slow=0-5(0)	_	0-3(155)
327-2	TO030	327	2	riconosciuta>	riconosciuta	_	_	_	_	_	linguistic	_	ContainsVariation=No	_	_	_	Slow=0-12(0)	_	_
327-3	TO030	327	3	mi	mi	_	_	_	_	_	linguistic	_	ContainsVariation=No	_	_	_	_	_	_
327-4	TO030	327	4	dà	dà	_	_	_	_	_	linguistic	_	ContainsVariation=No	_	_	_	_	_	_
327-5	TO030	327	5	la	la	_	_	_	_	_	linguistic	_	ContainsVariation=No	_	_	_	_	_	_
327-6	TO030	327	6	forza	forza	_	_	_	_	_	linguistic	_	ContainsVariation=No	_	_	_	_	_	_
327-7	TO030	327	7	di:	di	_	_	_	_	_	linguistic	_	ContainsVariation=No	_	_	1x1	_	_	_
327-8	TO030	327	8	di	di	_	_	_	_	_	linguistic	_	ContainsVariation=No	_	_	_	_	_	_
327-9	TO030	327	9	continua:re.	continuare	_	_	_	_	_	linguistic	_	ContainsVariation=No	Intonation=Falling	End=1181.276	7x1	_	_	_
328-0	TO054	328	0	sì.	sì	_	_	_	_	_	linguistic	_	ContainsVariation=No	Intonation=Falling	Begin=1181.276|End=1181.624	_	_	_	_
329-0	TO030	329	0	cioè	cioè	_	_	_	_	_	linguistic	_	ContainsVariation=No	_	Begin=1181.624	_	_	_	_
329-1	TO030	329	1	che	che	_	_	_	_	_	linguistic	_	ContainsVariation=No	_	_	_	_	_	_
329-2	TO030	329	2	è	è	_	_	_	_	_	linguistic	_	ContainsVariation=No	_	_	_	_	_	_
329-3	TO030	329	3	[una	una	_	_	_	_	_	linguistic	_	ContainsVariation=No	_	_	_	_	_	0-3(156)
329-4	TO030	329	4	cosa	cosa	_	_	_	_	_	linguistic	_	ContainsVariation=No	_	_	_	_	_	0-4(156)
329-5	TO030	329	5	che	che	_	_	_	_	_	linguistic	_	ContainsVariation=No	_	_	_	_	_	0-3(156)
329-6	TO030	329	6	io::	io	_	_	_	_	_	linguistic	_	ContainsVariation=No	_	_	1x2	_	_	0-2(156)
329-7	TO030	329	7	avrei]	avrei	_	_	_	_	_	linguistic	_	ContainsVariation=No	_	_	_	_	_	0-5(156)
329-8	TO030	329	8	proprio::	proprio	_	_	_	_	_	linguistic	_	ContainsVariation=No	_	_	6x2	_	_	_
329-9	TO030	329	9	cioè	cioè	_	_	_	_	_	linguistic	_	ContainsVariation=No	_	_	_	_	_	_
329-10	TO030	329	10	che	che	_	_	_	_	_	linguistic	_	ContainsVariation=No	ProsodicLink=Yes	_	_	_	_	_
329-11	TO030	329	11	m::h	mh	_	_	_	_	_	linguistic	_	ContainsVariation=No	PauseAfter=Yes	_	0x2	_	_	_
329-12	TO030	329	12	(.)	(.)	_	_	_	_	_	shortpause	_	ContainsVariation=No	_	_	_	_	_	_
329-13	TO030	329	13	no~	no~	_	_	_	_	_	linguistic	_	ContainsVariation=No	Interrupted=Yes	_	_	_	_	_
329-14	TO030	329	14	non	non	_	_	_	_	_	linguistic	_	ContainsVariation=No	_	_	_	_	_	_
329-15	TO030	329	15	avrei	avrei	_	_	_	_	_	linguistic	_	ContainsVariation=No	_	_	_	_	_	_
329-16	TO030	329	16	pensato	pensato	_	_	_	_	_	linguistic	_	ContainsVariation=No	_	_	_	_	_	_
329-17	TO030	329	17	io,	io	_	_	_	_	_	linguistic	_	ContainsVariation=No	Intonation=WeaklyRising	_	_	_	_	_
329-18	TO030	329	18	invece::	invece	_	_	_	_	_	linguistic	_	ContainsVariation=No	_	_	5x2	_	_	_
329-19	TO030	329	19	e	e	_	_	_	_	_	linguistic	_	ContainsVariation=No	_	_	_	_	_	_
329-20	TO030	329	20	invece	invece	_	_	_	_	_	linguistic	_	ContainsVariation=No	_	_	_	_	_	_
329-21	TO030	329	21	ha	ha	_	_	_	_	_	linguistic	_	ContainsVariation=No	_	_	_	_	_	_
329-22	TO030	329	22	ragione.	ragione	_	_	_	_	_	linguistic	_	ContainsVariation=No	Intonation=Falling	End=1188.653	_	_	_	_
330-0	TO054	330	0	[non	non	_	_	_	_	_	linguistic	_	ContainsVariation=No	_	Begin=1182.167	_	_	_	0-3(156)
330-1	TO054	330	1	è	è	_	_	_	_	_	linguistic	_	ContainsVariation=No	_	_	_	_	_	0-1(156)
330-2	TO054	330	2	proprio::],	proprio	_	_	_	_	_	linguistic	_	ContainsVariation=No	Intonation=WeaklyRising	End=1183.32	6x2	_	_	0-7(156)
331-0	TO030	331	0	perché	perché	_	_	_	_	_	linguistic	_	ContainsVariation=No	_	Begin=1188.688	_	_	_	_
331-1	TO030	331	1	anche,	anche	_	_	_	_	_	linguistic	_	ContainsVariation=No	Intonation=WeaklyRising	_	_	_	_	_
331-2	TO030	331	2	poi	poi	_	_	_	_	_	linguistic	_	ContainsVariation=No	_	_	_	_	_	_
331-3	TO030	331	3	è	è	_	_	_	_	_	linguistic	_	ContainsVariation=No	_	_	_	_	_	_
331-4	TO030	331	4	entrata	entrata	_	_	_	_	_	linguistic	_	ContainsVariation=No	_	_	_	_	_	_
331-5	TO030	331	5	quindi	quindi	_	_	_	_	_	linguistic	_	ContainsVariation=No	_	_	_	_	_	_
331-6	TO030	331	6	è	è	_	_	_	_	_	linguistic	_	ContainsVariation=No	_	_	_	_	_	_
331-7	TO030	331	7	andato	andato	_	_	_	_	_	linguistic	_	ContainsVariation=No	_	_	_	_	_	_
331-8	TO030	331	8	tutto	tutto	_	_	_	_	_	linguistic	_	ContainsVariation=No	_	_	_	_	_	_
331-9	TO030	331	9	bene.	bene	_	_	_	_	_	linguistic	_	ContainsVariation=No	Intonation=Falling	_	_	_	_	_
331-10	TO030	331	10	però	però	_	_	_	_	_	linguistic	_	ContainsVariation=No	_	_	_	_	_	_
331-11	TO030	331	11	anche	anche	_	_	_	_	_	linguistic	_	ContainsVariation=No	_	_	_	_	_	_
331-12	TO030	331	12	quel	quel	_	_	_	_	_	linguistic	_	ContainsVariation=No	_	_	_	_	_	_
331-13	TO030	331	13	mezzo	mezzo	_	_	_	_	_	linguistic	_	ContainsVariation=No	_	_	_	_	_	_
331-14	TO030	331	14	riconoscimento,	riconoscimento	_	_	_	_	_	linguistic	_	ContainsVariation=No	Intonation=WeaklyRising	End=1193.192	_	_	_	_
332-0	TO054	332	0	è	è	_	_	_	_	_	linguistic	_	ContainsVariation=No	_	Begin=1193.465	_	_	_	_
332-1	TO054	332	1	già	già	_	_	_	_	_	linguistic	_	ContainsVariation=No	_	_	_	_	_	_
332-2	TO054	332	2	qual[cosa.	qualcosa	_	_	_	_	_	linguistic	_	ContainsVariation=No	Intonation=Falling|PauseAfter=Yes	_	_	_	_	4-8(157)
332-3	TO054	332	3	(.)	(.)	_	_	_	_	_	shortpause	_	ContainsVariation=No	_	_	_	_	_	X(157)
332-4	TO054	332	4	magari	magari	_	_	_	_	_	linguistic	_	ContainsVariation=No	_	_	_	_	_	0-6(157)
332-5	TO054	332	5	xxx]	xxx	_	_	_	_	_	unknown	_	ContainsVariation=No	Syllables=3	End=1195.503	_	_	_	0-3(157)
333-0	TO030	333	0	[è	è	_	_	_	_	_	linguistic	_	ContainsVariation=No	_	Begin=1194.028	_	_	_	0-1(157)
333-1	TO030	333	1	già	già	_	_	_	_	_	linguistic	_	ContainsVariation=No	_	_	_	_	_	0-3(157)
333-2	TO030	333	2	qualcosa.	qualcosa	_	_	_	_	_	linguistic	_	ContainsVariation=No	Intonation=Falling	_	_	_	_	0-8(157)
333-3	TO030	333	3	invece	invece	_	_	_	_	_	linguistic	_	ContainsVariation=No	_	_	_	_	_	0-6(157)
333-4	TO030	333	4	andrea	andrea	_	_	_	_	_	linguistic	_	ContainsVariation=No	_	_	_	_	_	0-6(157)
333-5	TO030	333	5	l'	l'	_	_	_	_	_	linguistic	_	ContainsVariation=No	SpaceAfter=No	_	_	_	_	0-2(157)
333-6	TO030	333	6	ha	ha	_	_	_	_	_	linguistic	_	ContainsVariation=No	_	_	_	_	_	0-2(157)
333-7	TO030	333	7	vis]suto	vissuto	_	_	_	_	_	linguistic	_	ContainsVariation=No	_	_	_	_	_	0-3(157)
333-8	TO030	333	8	come	come	_	_	_	_	_	linguistic	_	ContainsVariation=No	_	_	_	_	_	_
333-9	TO030	333	9	u:n	un	_	_	_	_	_	linguistic	_	ContainsVariation=No	_	_	0x1	_	_	_
333-10	TO030	333	10	eh	eh	_	_	_	_	_	linguistic	_	ContainsVariation=No	_	_	_	_	_	_
333-11	TO030	333	11	però	però	_	_	_	_	_	linguistic	_	ContainsVariation=No	_	_	_	_	_	_
333-12	TO030	333	12	lì	lì	_	_	_	_	_	linguistic	_	ContainsVariation=No	PauseAfter=Yes	_	_	_	_	_
333-13	TO030	333	13	(.)	(.)	_	_	_	_	_	shortpause	_	ContainsVariation=No	_	_	_	_	_	_
333-14	TO030	333	14	[cioè	cioè	_	_	_	_	_	linguistic	_	ContainsVariation=No	_	_	_	_	_	0-4(158)
333-15	TO030	333	15	o]gnuno	ognuno	_	_	_	_	_	linguistic	_	ContainsVariation=No	_	_	_	_	_	0-1(158)
333-16	TO030	333	16	è	è	_	_	_	_	_	linguistic	_	ContainsVariation=No	_	_	_	_	_	_
333-17	TO030	333	17	fatto::	fatto	_	_	_	_	_	linguistic	_	ContainsVariation=No	_	_	4x2	_	_	_
333-18	TO030	333	18	in	in	_	_	_	_	_	linguistic	_	ContainsVariation=No	_	_	_	_	_	_
333-19	TO030	333	19	[maniera	maniera	_	_	_	_	_	linguistic	_	ContainsVariation=No	_	_	_	_	_	0-7(159)
333-20	TO030	333	20	diver]sa	diversa	_	_	_	_	_	linguistic	_	ContainsVariation=No	_	_	_	_	_	0-5(159)
333-21	TO030	333	21	nel	nel	_	_	_	_	_	linguistic	_	ContainsVariation=No	_	_	_	_	_	_
333-22	TO030	333	22	senso.	senso	_	_	_	_	_	linguistic	_	ContainsVariation=No	Intonation=Falling	End=1201.024	_	_	_	_
334-0	TO054	334	0	[un	un	_	_	_	_	_	linguistic	_	ContainsVariation=No	_	Begin=1196.977	_	_	_	0-2(158)
334-1	TO054	334	1	rifiuto].	rifiuto	_	_	_	_	_	linguistic	_	ContainsVariation=No	Intonation=Falling	End=1197.793	_	_	_	0-7(158)
335-0	TO054	335	0	[a	a	_	_	_	_	_	linguistic	_	ContainsVariation=No	_	Begin=1199.222	_	_	_	0-1(159)
335-1	TO054	335	1	modo	modo	_	_	_	_	_	linguistic	_	ContainsVariation=No	_	_	_	_	_	0-4(159)
335-2	TO054	335	2	suo].	suo	_	_	_	_	_	linguistic	_	ContainsVariation=No	Intonation=Falling	End=1199.954	_	_	_	0-3(159)
336-0	TO030	336	0	e:h.	eh	_	_	_	_	_	linguistic	_	ContainsVariation=No	Intonation=Falling	Begin=1201.641|End=1202.385	0x1	_	_	_
337-0	TO054	337	0	però:	però	_	_	_	_	_	linguistic	_	ContainsVariation=No	_	Begin=1202.789	3x1	_	_	_
337-1	TO054	337	1	(vediamo	vediamo	_	_	_	_	_	linguistic	_	ContainsVariation=No	_	_	_	_	0-7(0)	_
337-2	TO054	337	2	un	un	_	_	_	_	_	linguistic	_	ContainsVariation=No	_	_	_	_	0-2(0)	_
337-3	TO054	337	3	po'	po'	_	_	_	_	_	linguistic	_	ContainsVariation=No	_	_	_	_	0-3(0)	_
337-4	TO054	337	4	se	se	_	_	_	_	_	linguistic	_	ContainsVariation=No	_	_	_	_	0-2(0)	_
337-5	TO054	337	5	passa.)	passa	_	_	_	_	_	linguistic	_	ContainsVariation=No	Intonation=Falling	End=1205.126	_	_	0-5(0)	_
338-0	TO054	338	0	per	per	_	_	_	_	_	linguistic	_	ContainsVariation=No	_	Begin=1205.983	_	_	_	_
338-1	TO054	338	1	quest'	quest'	_	_	_	_	_	linguistic	_	ContainsVariation=No	SpaceAfter=No	_	_	_	_	_
338-2	TO054	338	2	anno	anno	_	_	_	_	_	linguistic	_	ContainsVariation=No	_	_	_	_	_	_
338-3	TO054	338	3	la	la	_	_	_	_	_	linguistic	_	ContainsVariation=No	_	_	_	_	_	_
338-4	TO054	338	4	tofano	tofano	_	_	_	_	_	linguistic	_	ContainsVariation=No	_	_	_	_	_	_
338-5	TO054	338	5	credo	credo	_	_	_	_	_	linguistic	_	ContainsVariation=No	_	_	_	_	_	_
338-6	TO054	338	6	che	che	_	_	_	_	_	linguistic	_	ContainsVariation=No	_	_	_	_	_	_
338-7	TO054	338	7	sia	sia	_	_	_	_	_	linguistic	_	ContainsVariation=No	_	_	_	_	_	_
338-8	TO054	338	8	stata	stata	_	_	_	_	_	linguistic	_	ContainsVariation=No	_	_	_	_	_	_
338-9	TO054	338	9	una	una	_	_	_	_	_	linguistic	_	ContainsVariation=No	_	_	_	_	_	_
338-10	TO054	338	10	delle	delle	_	_	_	_	_	linguistic	_	ContainsVariation=No	_	_	_	_	_	_
338-11	TO054	338	11	scelte	scelte	_	_	_	_	_	linguistic	_	ContainsVariation=No	_	_	_	_	_	_
338-12	TO054	338	12	miglio[ri],	migliori	_	_	_	_	_	linguistic	_	ContainsVariation=No	Intonation=WeaklyRising	End=1209.839	_	_	_	5-8(160)
339-0	TO030	339	0	[ma]	ma	_	_	_	_	_	linguistic	_	ContainsVariation=No	_	Begin=1209.641	_	_	_	0-2(161)
339-1	TO030	339	1	sì:	sì	_	_	_	_	_	linguistic	_	ContainsVariation=No	_	_	1x1	_	_	_
339-2	TO030	339	2	io	io	_	_	_	_	_	linguistic	_	ContainsVariation=No	_	_	_	_	_	_
339-3	TO030	339	3	so[no	sono	_	_	_	_	_	linguistic	_	ContainsVariation=No	_	_	_	_	_	2-4(162)
339-4	TO030	339	4	contenta	contenta	_	_	_	_	_	linguistic	_	ContainsVariation=No	_	_	_	_	_	0-8(162)
339-5	TO030	339	5	che	che	_	_	_	_	_	linguistic	_	ContainsVariation=No	PauseAfter=Yes	_	_	_	_	0-3(162)
339-6	TO030	339	6	(.)	(.)	_	_	_	_	_	shortpause	_	ContainsVariation=No	_	_	_	_	_	X(162)
339-7	TO030	339	7	che	che	_	_	_	_	_	linguistic	_	ContainsVariation=No	_	_	_	_	_	0-3(162)
339-8	TO030	339	8	ti	ti	_	_	_	_	_	linguistic	_	ContainsVariation=No	_	_	_	_	_	0-2(162)
339-9	TO030	339	9	ho	ho	_	_	_	_	_	linguistic	_	ContainsVariation=No	_	_	_	_	_	0-2(162)
339-10	TO030	339	10	fat]to	fatto	_	_	_	_	_	linguistic	_	ContainsVariation=No	_	_	_	_	_	0-3(162)
339-11	TO030	339	11	parlare	parlare	_	_	_	_	_	linguistic	_	ContainsVariation=No	_	_	_	_	_	_
339-12	TO030	339	12	[con	con	_	_	_	_	_	linguistic	_	ContainsVariation=No	_	_	_	_	_	0-3(163)
339-13	TO030	339	13	stefania	stefania	_	_	_	_	_	linguistic	_	ContainsVariation=No	_	_	_	_	_	0-8(163)
339-14	TO030	339	14	e::]	e	_	_	_	_	_	linguistic	_	ContainsVariation=No	_	_	0x2	_	_	0-1(163)
339-15	TO030	339	15	sono	sono	_	_	_	_	_	linguistic	_	ContainsVariation=No	_	_	_	_	_	_
339-16	TO030	339	16	stracontenta.	stracontenta	_	_	_	_	_	linguistic	_	ContainsVariation=No	Intonation=Falling	End=1215.513	_	_	_	_
340-0	TO054	340	0	[che	che	_	_	_	_	_	linguistic	_	ContainsVariation=No	_	Begin=1210.37	_	_	_	0-3(161)
340-1	TO054	340	1	io	io	_	_	_	_	_	linguistic	_	ContainsVariation=No	_	_	_	_	_	0-2(161)
340-2	TO054	340	2	abbia	abbia	_	_	_	_	_	linguistic	_	ContainsVariation=No	_	_	_	_	_	0-5(161)
340-3	TO054	340	3	mai	mai	_	_	_	_	_	linguistic	_	ContainsVariation=No	_	_	_	_	_	0-3(161)
340-4	TO054	340	4	fatto],	fatto	_	_	_	_	_	linguistic	_	ContainsVariation=No	Intonation=WeaklyRising	End=1212.051	_	_	_	0-5(161)
341-0	TO054	341	0	[sì::],	sì	_	_	_	_	_	linguistic	_	ContainsVariation=No	Intonation=WeaklyRising	Begin=1212.9|End=1213.735	1x2	_	_	0-2(162)
342-0	TO054	342	0	[sono	sono	_	_	_	_	_	linguistic	_	ContainsVariation=No	_	Begin=1214.744	_	_	_	0-4(163)
342-1	TO054	342	1	mo:l]to	molto	_	_	_	_	_	linguistic	_	ContainsVariation=No	_	_	1x1	_	_	0-3(163)
342-2	TO054	342	2	feli[ce.	felice	_	_	_	_	_	linguistic	_	ContainsVariation=No	Intonation=Falling	_	_	_	_	4-6(164)
342-3	TO054	342	3	mi	mi	_	_	_	_	_	linguistic	_	ContainsVariation=No	_	_	_	_	_	0-2(164)
342-4	TO054	342	4	piace	piace	_	_	_	_	_	linguistic	_	ContainsVariation=No	_	_	_	_	_	0-5(164)
342-5	TO054	342	5	un	un	_	_	_	_	_	linguistic	_	ContainsVariation=No	_	_	_	_	_	0-2(164)
342-6	TO054	342	6	sac]co.	sacco	_	_	_	_	_	linguistic	_	ContainsVariation=No	Intonation=Falling	_	_	_	_	0-3(164)
342-7	TO054	342	7	sono	sono	_	_	_	_	_	linguistic	_	ContainsVariation=No	_	_	_	_	_	_
342-8	TO054	342	8	tre	tre	_	_	_	_	_	linguistic	_	ContainsVariation=No	_	_	_	_	_	_
342-9	TO054	342	9	anni.	anni	_	_	_	_	_	linguistic	_	ContainsVariation=No	Intonation=Falling	End=1218.917	_	_	_	_
343-0	TO030	343	0	[quanti	quanti	_	_	_	_	_	linguistic	_	ContainsVariation=No	_	Begin=1215.969	_	_	_	0-6(164)
343-1	TO030	343	1	sono.	sono	_	_	_	_	_	linguistic	_	ContainsVariation=No	Intonation=Falling	_	_	_	_	0-4(164)
343-2	TO030	343	2	tre	tre	_	_	_	_	_	linguistic	_	ContainsVariation=No	_	_	_	_	_	0-3(164)
343-3	TO030	343	3	anni.	anni	_	_	_	_	_	linguistic	_	ContainsVariation=No	Intonation=Falling	_	_	_	_	0-4(164)
343-4	TO030	343	4	no]?	no	_	_	_	_	_	linguistic	_	ContainsVariation=No	Intonation=Rising	End=1217.31	_	_	_	0-2(164)
344-0	TO054	344	0	e	e	_	_	_	_	_	linguistic	_	ContainsVariation=No	_	Begin=1219.846	_	_	_	_
344-1	TO054	344	1	sicuramente	sicuramente	_	_	_	_	_	linguistic	_	ContainsVariation=No	_	_	_	_	_	_
344-2	TO054	344	2	voglio	voglio	_	_	_	_	_	linguistic	_	ContainsVariation=No	_	_	_	_	_	_
344-3	TO054	344	3	fare	fare	_	_	_	_	_	linguistic	_	ContainsVariation=No	_	_	_	_	_	_
344-4	TO054	344	4	ancora	ancora	_	_	_	_	_	linguistic	_	ContainsVariation=No	_	_	_	_	_	_
344-5	TO054	344	5	il	il	_	_	_	_	_	linguistic	_	ContainsVariation=No	_	_	_	_	_	_
344-6	TO054	344	6	prossimo,	prossimo	_	_	_	_	_	linguistic	_	ContainsVariation=No	Intonation=WeaklyRising	_	_	_	_	_
344-7	TO054	344	7	e	e	_	_	_	_	_	linguistic	_	ContainsVariation=No	_	_	_	_	_	_
344-8	TO054	344	8	poi	poi	_	_	_	_	_	linguistic	_	ContainsVariation=No	_	_	_	_	_	_
344-9	TO054	344	9	provo.	provo	_	_	_	_	_	linguistic	_	ContainsVariation=No	Intonation=Falling	End=1223.566	_	_	_	_
345-0	TO054	345	0	così	così	_	_	_	_	_	linguistic	_	ContainsVariation=No	_	Begin=1223.623	_	_	_	_
345-1	TO054	345	1	se	se	_	_	_	_	_	linguistic	_	ContainsVariation=No	_	_	_	_	_	_
345-2	TO054	345	2	non	non	_	_	_	_	_	linguistic	_	ContainsVariation=No	_	_	_	_	_	_
345-3	TO054	345	3	mi	mi	_	_	_	_	_	linguistic	_	ContainsVariation=No	_	_	_	_	_	_
345-4	TO054	345	4	prendono	prendono	_	_	_	_	_	linguistic	_	ContainsVariation=No	_	_	_	_	_	_
345-5	TO054	345	5	da	da	_	_	_	_	_	linguistic	_	ContainsVariation=No	_	_	_	_	_	_
345-6	TO054	345	6	nessuna	nessuna	_	_	_	_	_	linguistic	_	ContainsVariation=No	_	_	_	_	_	_
345-7	TO054	345	7	par[te,	parte	_	_	_	_	_	linguistic	_	ContainsVariation=No	Intonation=WeaklyRising	_	_	_	_	3-5(165)
345-8	TO054	345	8	continuo	continuo	_	_	_	_	_	linguistic	_	ContainsVariation=No	_	_	_	_	_	0-8(165)
345-9	TO054	345	9	a	a	_	_	_	_	_	linguistic	_	ContainsVariation=No	_	_	_	_	_	0-1(165)
345-10	TO054	345	10	fare	fare	_	_	_	_	_	linguistic	_	ContainsVariation=No	_	_	_	_	_	0-4(165)
345-11	TO054	345	11	il	il	_	_	_	_	_	linguistic	_	ContainsVariation=No	_	_	_	_	_	0-2(165)
345-12	TO054	345	12	terzo].	terzo	_	_	_	_	_	linguistic	_	ContainsVariation=No	Intonation=Falling	End=1227.003	_	_	_	0-5(165)
346-0	TO030	346	0	[ti	ti	_	_	_	_	_	linguistic	_	ContainsVariation=No	_	Begin=1225.47	_	_	_	0-2(165)
346-1	TO030	346	1	fai	fai	_	_	_	_	_	linguistic	_	ContainsVariation=No	_	_	_	_	_	0-3(165)
346-2	TO030	346	2	il	il	_	_	_	_	_	linguistic	_	ContainsVariation=No	_	_	_	_	_	0-2(165)
346-3	TO030	346	3	terzo	terzo	_	_	_	_	_	linguistic	_	ContainsVariation=No	_	_	_	_	_	0-5(165)
346-4	TO030	346	4	anno].	anno	_	_	_	_	_	linguistic	_	ContainsVariation=No	Intonation=Falling	End=1227.017	_	_	_	0-4(165)
347-0	TO030	347	0	sì	sì	_	_	_	_	_	linguistic	_	ContainsVariation=No	_	Begin=1227.282	_	_	_	_
347-1	TO030	347	1	sì.	sì	_	_	_	_	_	linguistic	_	ContainsVariation=No	Intonation=Falling	End=1227.878	_	_	_	_
348-0	TO030	348	0	però	però	_	_	_	_	_	linguistic	_	ContainsVariation=No	_	Begin=1228.033	_	_	_	_
348-1	TO030	348	1	io	io	_	_	_	_	_	linguistic	_	ContainsVariation=No	_	_	_	_	_	_
348-2	TO030	348	2	so	so	_	_	_	_	_	linguistic	_	ContainsVariation=No	_	_	_	_	_	_
348-3	TO030	348	3	che	che	_	_	_	_	_	linguistic	_	ContainsVariation=No	_	_	_	_	_	_
348-4	TO030	348	4	comunque	comunque	_	_	_	_	_	linguistic	_	ContainsVariation=No	_	_	_	_	_	_
348-5	TO030	348	5	come	come	_	_	_	_	_	linguistic	_	ContainsVariation=No	_	_	_	_	_	_
348-6	TO030	348	6	scuola	scuola	_	_	_	_	_	linguistic	_	ContainsVariation=No	_	_	_	_	_	_
348-7	TO030	348	7	preparatoria	preparatoria	_	_	_	_	_	linguistic	_	ContainsVariation=No	_	_	_	_	_	_
348-8	TO030	348	8	la	la	_	_	_	_	_	linguistic	_	ContainsVariation=No	_	_	_	_	_	_
348-9	TO030	348	9	tof~	tof~	_	_	_	_	_	linguistic	_	ContainsVariation=No	Interrupted=Yes	_	_	_	_	_
348-10	TO030	348	10	cioè::	cioè	_	_	_	_	_	linguistic	_	ContainsVariation=No	_	_	3x2	_	_	_
348-11	TO030	348	11	[è	è	_	_	_	_	_	linguistic	_	ContainsVariation=No	_	_	_	_	_	0-1(166)
348-12	TO030	348	12	a	a	_	_	_	_	_	linguistic	_	ContainsVariation=No	_	_	_	_	_	0-1(166)
348-13	TO030	348	13	a	a	_	_	_	_	_	linguistic	_	ContainsVariation=No	_	_	_	_	_	0-1(166)
348-14	TO030	348	14	tori]no	torino	_	_	_	_	_	linguistic	_	ContainsVariation=No	_	_	_	_	_	0-4(166)
348-15	TO030	348	15	la	la	_	_	_	_	_	linguistic	_	ContainsVariation=No	_	_	_	_	_	_
348-16	TO030	348	16	più	più	_	_	_	_	_	linguistic	_	ContainsVariation=No	_	_	_	_	_	_
348-17	TO030	348	17	buona	buona	_	_	_	_	_	linguistic	_	ContainsVariation=No	_	_	_	_	_	_
348-18	TO030	348	18	[pe:nso	penso	_	_	_	_	_	linguistic	_	ContainsVariation=No	_	_	1x1	_	_	0-5(167)
348-19	TO030	348	19	eh],	eh	_	_	_	_	_	linguistic	_	ContainsVariation=No	Intonation=WeaklyRising	End=1234.191	_	_	_	0-2(167)
349-0	TO054	349	0	[è	è	_	_	_	_	_	linguistic	_	ContainsVariation=No	_	Begin=1231.482	_	_	_	0-1(166)
349-1	TO054	349	1	o::ttima].	ottima	_	_	_	_	_	linguistic	_	ContainsVariation=No	Intonation=Falling	End=1232.605	0x2	_	_	0-6(166)
350-0	TO054	350	0	[sì].	sì	_	_	_	_	_	linguistic	_	ContainsVariation=No	Intonation=Falling|PauseAfter=Yes	Begin=1233.404	_	_	_	0-2(167)
350-1	TO054	350	1	(.)	(.)	_	_	_	_	_	shortpause	_	ContainsVariation=No	_	_	_	_	_	_
350-2	TO054	350	2	sì	sì	_	_	_	_	_	linguistic	_	ContainsVariation=No	_	_	_	_	_	_
350-3	TO054	350	3	sì	sì	_	_	_	_	_	linguistic	_	ContainsVariation=No	_	_	_	_	_	_
350-4	TO054	350	4	[sì].	sì	_	_	_	_	_	linguistic	_	ContainsVariation=No	Intonation=Falling	End=1235.334	_	_	_	0-2(168)
351-0	TO030	351	0	[quindi:]	quindi	_	_	_	_	_	linguistic	_	ContainsVariation=No	_	Begin=1234.777	5x1	_	_	0-6(168)
351-1	TO030	351	1	molto	molto	_	_	_	_	_	linguistic	_	ContainsVariation=No	_	_	_	_	_	_
351-2	TO030	351	2	bene.	bene	_	_	_	_	_	linguistic	_	ContainsVariation=No	Intonation=Falling	End=1236.316	_	_	_	_
352-0	TO054	352	0	no,	no	_	_	_	_	_	linguistic	_	ContainsVariation=No	Intonation=WeaklyRising	Begin=1236.343	_	_	_	_
352-1	TO054	352	1	poi	poi	_	_	_	_	_	linguistic	_	ContainsVariation=No	_	_	_	_	_	_
352-2	TO054	352	2	anche	anche	_	_	_	_	_	linguistic	_	ContainsVariation=No	_	_	_	_	_	_
352-3	TO054	352	3	l'	l'	_	_	_	_	_	linguistic	_	ContainsVariation=No	SpaceAfter=No	_	_	_	_	_
352-4	TO054	352	4	ambiente	ambiente	_	_	_	_	_	linguistic	_	ContainsVariation=No	_	_	_	_	_	_
352-5	TO054	352	5	è	è	_	_	_	_	_	linguistic	_	ContainsVariation=No	_	_	_	_	_	_
352-6	TO054	352	6	molto	molto	_	_	_	_	_	linguistic	_	ContainsVariation=No	_	_	_	_	_	_
352-7	TO054	352	7	carino.	carino	_	_	_	_	_	linguistic	_	ContainsVariation=No	Intonation=Falling	_	_	_	_	_
352-8	TO054	352	8	cioè:::	cioè	_	_	_	_	_	linguistic	_	ContainsVariation=No	ProsodicLink=Yes	_	3x3	_	_	_
352-9	TO054	352	9	i	i	_	_	_	_	_	linguistic	_	ContainsVariation=No	_	_	_	_	_	_
352-10	TO054	352	10	ragazzi	ragazzi	_	_	_	_	_	linguistic	_	ContainsVariation=No	_	_	_	_	_	_
352-11	TO054	352	11	con	con	_	_	_	_	_	linguistic	_	ContainsVariation=No	_	_	_	_	_	_
352-12	TO054	352	12	cui::::	cui	_	_	_	_	_	linguistic	_	ContainsVariation=No	_	_	2x4	_	_	_
352-13	TO054	352	13	sto,	sto	_	_	_	_	_	linguistic	_	ContainsVariation=No	Intonation=WeaklyRising	_	_	_	_	_
352-14	TO054	352	14	e	e	_	_	_	_	_	linguistic	_	ContainsVariation=No	_	_	_	_	_	_
352-15	TO054	352	15	gli	gli	_	_	_	_	_	linguistic	_	ContainsVariation=No	_	_	_	_	_	_
352-16	TO054	352	16	insegnanti	insegnanti	_	_	_	_	_	linguistic	_	ContainsVariation=No	_	_	_	_	_	_
352-17	TO054	352	17	e,	e	_	_	_	_	_	linguistic	_	ContainsVariation=No	Intonation=WeaklyRising	End=1242.614	_	_	_	_
353-0	TO054	353	0	mi	mi	_	_	_	_	_	linguistic	_	ContainsVariation=No	_	Begin=1243.34	_	_	_	_
353-1	TO054	353	1	faceva	faceva	_	_	_	_	_	linguistic	_	ContainsVariation=No	_	_	_	_	_	_
353-2	TO054	353	2	un	un	_	_	_	_	_	linguistic	_	ContainsVariation=No	_	_	_	_	_	_
353-3	TO054	353	3	po'	po'	_	_	_	_	_	linguistic	_	ContainsVariation=No	_	_	_	_	_	_
353-4	TO054	353	4	paura.	paura	_	_	_	_	_	linguistic	_	ContainsVariation=No	Intonation=Falling	_	_	_	_	_
353-5	TO054	353	5	perché	perché	_	_	_	_	_	linguistic	_	ContainsVariation=No	_	_	_	_	_	_
353-6	TO054	353	6	sapendo,	sapendo	_	_	_	_	_	linguistic	_	ContainsVariation=No	Intonation=WeaklyRising	_	_	_	_	_
353-7	TO054	353	7	che	che	_	_	_	_	_	linguistic	_	ContainsVariation=No	_	_	_	_	_	_
353-8	TO054	353	8	era	era	_	_	_	_	_	linguistic	_	ContainsVariation=No	_	_	_	_	_	_
353-9	TO054	353	9	una	una	_	_	_	_	_	linguistic	_	ContainsVariation=No	_	_	_	_	_	_
353-10	TO054	353	10	scuola	scuola	_	_	_	_	_	linguistic	_	ContainsVariation=No	_	_	_	_	_	_
353-11	TO054	353	11	molto	molto	_	_	_	_	_	linguistic	_	ContainsVariation=No	_	_	_	_	_	_
353-12	TO054	353	12	bro~	bro~	_	_	_	_	_	linguistic	_	ContainsVariation=No	Interrupted=Yes	_	_	_	_	_
353-13	TO054	353	13	buona,	buona	_	_	_	_	_	linguistic	_	ContainsVariation=No	Intonation=WeaklyRising|PauseAfter=Yes	_	_	_	_	_
353-14	TO054	353	14	(.)	(.)	_	_	_	_	_	shortpause	_	ContainsVariation=No	_	_	_	_	_	_
353-15	TO054	353	15	temevo	temevo	_	_	_	_	_	linguistic	_	ContainsVariation=No	_	_	_	_	_	_
353-16	TO054	353	16	che	che	_	_	_	_	_	linguistic	_	ContainsVariation=No	_	_	_	_	_	_
353-17	TO054	353	17	ci	ci	_	_	_	_	_	linguistic	_	ContainsVariation=No	_	_	_	_	_	_
353-18	TO054	353	18	fossero	fossero	_	_	_	_	_	linguistic	_	ContainsVariation=No	_	_	_	_	_	_
353-19	TO054	353	19	sai,	sai	_	_	_	_	_	linguistic	_	ContainsVariation=No	Intonation=WeaklyRising	_	_	_	_	_
353-20	TO054	353	20	piena	piena	_	_	_	_	_	linguistic	_	ContainsVariation=No	_	_	_	_	_	_
353-21	TO054	353	21	di	di	_	_	_	_	_	linguistic	_	ContainsVariation=No	_	_	_	_	_	_
353-22	TO054	353	22	gente	gente	_	_	_	_	_	linguistic	_	ContainsVariation=No	_	_	_	_	_	_
353-23	TO054	353	23	[con	con	_	_	_	_	_	linguistic	_	ContainsVariation=No	_	_	_	_	_	0-3(169)
353-24	TO054	353	24	la	la	_	_	_	_	_	linguistic	_	ContainsVariation=No	_	_	_	_	_	0-2(169)
353-25	TO054	353	25	puzza	puzza	_	_	_	_	_	linguistic	_	ContainsVariation=No	_	_	_	_	_	0-5(169)
353-26	TO054	353	26	sotto	sotto	_	_	_	_	_	linguistic	_	ContainsVariation=No	_	_	_	_	_	0-5(169)
353-27	TO054	353	27	il	il	_	_	_	_	_	linguistic	_	ContainsVariation=No	_	_	_	_	_	0-2(169)
353-28	TO054	353	28	na:so],	naso	_	_	_	_	_	linguistic	_	ContainsVariation=No	Intonation=WeaklyRising	End=1251.972	1x1	_	_	0-4(169)
354-0	TO030	354	0	[presuntuosetti.	presuntuosetti	_	_	_	_	_	linguistic	_	ContainsVariation=No	Intonation=Falling	Begin=1250.044	_	_	_	0-14(169)
354-1	TO030	354	1	eh.	eh	_	_	_	_	_	linguistic	_	ContainsVariation=No	Intonation=Falling	_	_	_	_	0-2(169)
354-2	TO030	354	2	eh].	eh	_	_	_	_	_	linguistic	_	ContainsVariation=No	Intonation=Falling	End=1251.961	_	_	_	0-2(169)
355-0	TO054	355	0	sia	sia	_	_	_	_	_	linguistic	_	ContainsVariation=No	_	Begin=1252.382	_	_	_	_
355-1	TO054	355	1	gli	gli	_	_	_	_	_	linguistic	_	ContainsVariation=No	_	_	_	_	_	_
355-2	TO054	355	2	insegnanti,	insegnanti	_	_	_	_	_	linguistic	_	ContainsVariation=No	Intonation=WeaklyRising	_	_	_	_	_
355-3	TO054	355	3	che	che	_	_	_	_	_	linguistic	_	ContainsVariation=No	ProsodicLink=Yes	_	_	_	_	_
355-4	TO054	355	4	i:::	i	_	_	_	_	_	linguistic	_	ContainsVariation=No	_	_	0x3	_	_	_
355-5	TO054	355	5	gli	gli	_	_	_	_	_	linguistic	_	ContainsVariation=No	_	_	_	_	_	_
355-6	TO054	355	6	allievi.	allievi	_	_	_	_	_	linguistic	_	ContainsVariation=No	Intonation=Falling	End=1255.222	_	_	_	_
356-0	TO054	356	0	e	e	_	_	_	_	_	linguistic	_	ContainsVariation=No	_	Begin=1255.448	_	_	_	_
356-1	TO054	356	1	invece	invece	_	_	_	_	_	linguistic	_	ContainsVariation=No	_	_	_	_	_	_
356-2	TO054	356	2	no.	no	_	_	_	_	_	linguistic	_	ContainsVariation=No	Intonation=Falling	End=1256.146	_	_	_	_
357-0	TO054	357	0	invece	invece	_	_	_	_	_	linguistic	_	ContainsVariation=No	_	Begin=1256.392	_	_	_	_
357-1	TO054	357	1	no.	no	_	_	_	_	_	linguistic	_	ContainsVariation=No	Intonation=Falling	_	_	_	_	_
357-2	TO054	357	2	è	è	_	_	_	_	_	linguistic	_	ContainsVariation=No	_	_	_	_	_	_
357-3	TO054	357	3	tutto	tutto	_	_	_	_	_	linguistic	_	ContainsVariation=No	_	_	_	_	_	_
357-4	TO054	357	4	molto::,	molto	_	_	_	_	_	linguistic	_	ContainsVariation=No	Intonation=WeaklyRising	_	4x2	_	_	_
357-5	TO054	357	5	famigliare	famigliare	_	_	_	_	_	linguistic	_	ContainsVariation=No	_	_	_	_	_	_
357-6	TO054	357	6	quasi.	quasi	_	_	_	_	_	linguistic	_	ContainsVariation=No	Intonation=Falling	End=1260.044	_	_	_	_
358-0	TO054	358	0	e	e	_	_	_	_	_	linguistic	_	ContainsVariation=No	_	Begin=1260.236	_	_	_	_
358-1	TO054	358	1	quindi::	quindi	_	_	_	_	_	linguistic	_	ContainsVariation=No	_	_	5x2	_	_	_
358-2	TO054	358	2	aiuta	aiuta	_	_	_	_	_	linguistic	_	ContainsVariation=No	_	_	_	_	_	_
358-3	TO054	358	3	anche.	anche	_	_	_	_	_	linguistic	_	ContainsVariation=No	Intonation=Falling	_	_	_	_	_
358-4	TO054	358	4	perché	perché	_	_	_	_	_	linguistic	_	ContainsVariation=No	_	_	_	_	_	_
358-5	TO054	358	5	io	io	_	_	_	_	_	linguistic	_	ContainsVariation=No	_	_	_	_	_	_
358-6	TO054	358	6	sono	sono	_	_	_	_	_	linguistic	_	ContainsVariation=No	_	_	_	_	_	_
358-7	TO054	358	7	molto,	molto	_	_	_	_	_	linguistic	_	ContainsVariation=No	Intonation=WeaklyRising|PauseAfter=Yes	_	_	_	_	_
358-8	TO054	358	8	(.)	(.)	_	_	_	_	_	shortpause	_	ContainsVariation=No	_	_	_	_	_	_
358-9	TO054	358	9	emotivamente,	emotivamente	_	_	_	_	_	linguistic	_	ContainsVariation=No	Intonation=WeaklyRising|PauseAfter=Yes	_	_	_	_	_
358-10	TO054	358	10	(.)	(.)	_	_	_	_	_	shortpause	_	ContainsVariation=No	_	_	_	_	_	_
358-11	TO054	358	11	timida	timida	_	_	_	_	_	linguistic	_	ContainsVariation=No	_	_	_	_	_	_
358-12	TO054	358	12	e::	e	_	_	_	_	_	linguistic	_	ContainsVariation=No	_	_	0x2	_	_	_
358-13	TO054	358	13	complessata	complessata	_	_	_	_	_	linguistic	_	ContainsVariation=No	_	_	_	_	_	_
358-14	TO054	358	14	e	e	_	_	_	_	_	linguistic	_	ContainsVariation=No	_	_	_	_	_	_
358-15	TO054	358	15	quindi,	quindi	_	_	_	_	_	linguistic	_	ContainsVariation=No	Intonation=WeaklyRising	End=1269.312	_	_	_	_
359-0	TO054	359	0	sapere	sapere	_	_	_	_	_	linguistic	_	ContainsVariation=No	_	Begin=1269.486	_	_	_	_
359-1	TO054	359	1	di	di	_	_	_	_	_	linguistic	_	ContainsVariation=No	_	_	_	_	_	_
359-2	TO054	359	2	essere	essere	_	_	_	_	_	linguistic	_	ContainsVariation=No	_	_	_	_	_	_
359-3	TO054	359	3	[in	in	_	_	_	_	_	linguistic	_	ContainsVariation=No	_	_	_	_	_	0-2(170)
359-4	TO054	359	4	un	un	_	_	_	_	_	linguistic	_	ContainsVariation=No	_	_	_	_	_	0-2(170)
359-5	TO054	359	5	posto	posto	_	_	_	_	_	linguistic	_	ContainsVariation=No	_	_	_	_	_	0-5(170)
359-6	TO054	359	6	xx],	xx	_	_	_	_	_	linguistic	_	ContainsVariation=No	Intonation=WeaklyRising	End=1271.532	_	_	_	0-2(170)
360-0	TO030	360	0	[non	non	_	_	_	_	_	linguistic	_	ContainsVariation=No	_	Begin=1270.351	_	_	_	0-3(170)
360-1	TO030	360	1	vedo	vedo	_	_	_	_	_	linguistic	_	ContainsVariation=No	_	_	_	_	_	0-4(170)
360-2	TO030	360	2	l'	l'	_	_	_	_	_	linguistic	_	ContainsVariation=No	SpaceAfter=No	_	_	_	_	0-2(170)
360-3	TO030	360	3	ora	ora	_	_	_	_	_	linguistic	_	ContainsVariation=No	_	_	_	_	_	0-3(170)
360-4	TO030	360	4	di	di	_	_	_	_	_	linguistic	_	ContainsVariation=No	_	_	_	_	_	0-2(170)
360-5	TO030	360	5	venire	venire	_	_	_	_	_	linguistic	_	ContainsVariation=No	_	_	_	_	_	0-6(170)
360-6	TO030	360	6	a	a	_	_	_	_	_	linguistic	_	ContainsVariation=No	_	_	_	_	_	0-1(170)
360-7	TO030	360	7	vedere.	vedere	_	_	_	_	_	linguistic	_	ContainsVariation=No	Intonation=Falling	_	_	_	_	0-6(170)
360-8	TO030	360	8	ma]	ma	_	_	_	_	_	linguistic	_	ContainsVariation=No	PauseAfter=Yes	_	_	_	_	0-2(170)
360-9	TO030	360	9	(.)	(.)	_	_	_	_	_	shortpause	_	ContainsVariation=No	_	_	_	_	_	_
360-10	TO030	360	10	cosa	cosa	_	_	_	_	_	linguistic	_	ContainsVariation=No	_	_	_	_	_	_
360-11	TO030	360	11	fate?	fate	_	_	_	_	_	linguistic	_	ContainsVariation=No	Intonation=Rising	End=1272.234	_	_	_	_
361-0	TO054	361	0	facciamo,	facciamo	_	_	_	_	_	linguistic	_	ContainsVariation=No	Intonation=WeaklyRising|PauseAfter=Yes	Begin=1272.764	_	_	_	_
361-1	TO054	361	1	(.)	(.)	_	_	_	_	_	shortpause	_	ContainsVariation=No	_	_	_	_	_	_
361-2	TO054	361	2	facciamo	facciamo	_	_	_	_	_	linguistic	_	ContainsVariation=No	_	End=1275.387	_	_	_	_
362-0	TO030	362	0	cosa.	cosa	_	_	_	_	_	linguistic	_	ContainsVariation=No	Intonation=Falling	Begin=1275.387	_	_	_	_
362-1	TO030	362	1	cosa.	cosa	_	_	_	_	_	linguistic	_	ContainsVariation=No	Intonation=Falling	End=1276.245	_	_	_	_
363-0	TO054	363	0	((ride))	((ride))	_	_	_	_	_	nonverbalbehavior	_	ContainsVariation=No	_	Begin=1276.404	_	_	_	_
363-1	TO054	363	1	girotondo	girotondo	_	_	_	_	_	linguistic	_	ContainsVariation=No	_	_	_	_	_	_
363-2	TO054	363	2	di	di	_	_	_	_	_	linguistic	_	ContainsVariation=No	_	_	_	_	_	_
363-3	TO054	363	3	arthur	arthur	_	_	_	_	_	linguistic	_	ContainsVariation=No	_	_	_	_	_	_
363-4	TO054	363	4	schnitz[ler]	schnitzler	_	_	_	_	_	linguistic	_	ContainsVariation=No	_	End=1279.329	_	_	_	7-10(171)
364-0	TO030	364	0	[ah]	ah	_	_	_	_	_	linguistic	_	ContainsVariation=No	_	Begin=1279.04	_	_	_	0-2(171)
364-1	TO030	364	1	ma	ma	_	_	_	_	_	linguistic	_	ContainsVariation=No	_	_	_	_	_	_
364-2	TO030	364	2	me	me	_	_	_	_	_	linguistic	_	ContainsVariation=No	_	_	_	_	_	_
364-3	TO030	364	3	l'	l'	_	_	_	_	_	linguistic	_	ContainsVariation=No	SpaceAfter=No	_	_	_	_	_
364-4	TO030	364	4	avevi	avevi	_	_	_	_	_	linguistic	_	ContainsVariation=No	_	_	_	_	_	_
364-5	TO030	364	5	anche	anche	_	_	_	_	_	linguistic	_	ContainsVariation=No	_	_	_	_	_	_
364-6	TO030	364	6	già	già	_	_	_	_	_	linguistic	_	ContainsVariation=No	_	_	_	_	_	_
364-7	TO030	364	7	detto.	detto	_	_	_	_	_	linguistic	_	ContainsVariation=No	Intonation=Falling	_	_	_	_	_
364-8	TO030	364	8	solo	solo	_	_	_	_	_	linguistic	_	ContainsVariation=No	_	_	_	_	_	_
364-9	TO030	364	9	che	che	_	_	_	_	_	linguistic	_	ContainsVariation=No	_	_	_	_	_	_
364-10	TO030	364	10	mi:,	mi	_	_	_	_	_	linguistic	_	ContainsVariation=No	Intonation=WeaklyRising	End=1281.154	1x1	_	_	_
