token_id	speaker	tu_id	unit	id	span	form	lemma	upos	xpos	feats	deprel	type	meta_label	variation	jefferson_feats	align	prolongations	pace	guesses	overlaps
0-0	TO085	0	0	0	{è_unica_lombarda_le_altre_due_sono_di_perugia}	{è_unica_lombarda_le_altre_due_sono_di_perugia}	_	_	_	_	_	nonverbalbehavior	_	none	_	Begin=0.14|End=1.37	_	_	_	_
1-0	TO095	1	1	0	{è_la_persona_più_vicina_al_microfono}	{è_la_persona_più_vicina_al_microfono}	_	_	_	_	_	nonverbalbehavior	_	none	_	Begin=0.174|End=1.364	_	_	_	_
2-0	TO095	2	2	0	cioè	cioè	_	_	_	_	_	linguistic	_	none	_	Begin=2.47	_	_	_	_
2-1	TO095	2	2	1	come	come	_	_	_	_	_	linguistic	_	none	_	_	_	_	_	_
2-2	TO095	2	2	2	se	se	_	_	_	_	_	linguistic	_	none	_	_	_	_	_	_
2-3	TO095	2	2	3	fosse	fosse	_	_	_	_	_	linguistic	_	none	_	_	_	_	_	_
2-4	TO095	2	2	4	la	la	_	_	_	_	_	linguistic	_	none	_	_	_	_	_	_
2-5	TO095	2	2	5	vostra	vostra	_	_	_	_	_	linguistic	_	none	_	_	_	_	_	_
2-6	TO095	2	2	6	città,	città	_	_	_	_	_	linguistic	_	none	Intonation=WeaklyRising	End=4.089	_	_	_	_
3-0	TO095	3	3	0	quindi	quindi	_	_	_	_	_	linguistic	_	none	_	Begin=4.14	_	_	_	_
3-1	TO095	3	3	1	conoscete	conoscete	_	_	_	_	_	linguistic	_	none	_	_	_	_	_	_
3-2	TO095	3	3	2	la	la	_	_	_	_	_	linguistic	_	none	_	_	_	_	_	_
3-3	TO095	3	3	3	gente,	gente	_	_	_	_	_	linguistic	_	none	Intonation=WeaklyRising	_	_	_	_	_
3-4	TO095	3	3	4	andate	andate	_	_	_	_	_	linguistic	_	none	_	_	_	_	_	_
3-5	TO095	3	3	5	in	in	_	_	_	_	_	linguistic	_	none	_	_	_	_	_	_
3-6	TO095	3	3	6	giro,	giro	_	_	_	_	_	linguistic	_	none	Intonation=WeaklyRising	_	_	_	_	_
3-7	TO095	3	3	7	salutate	salutate	_	_	_	_	_	linguistic	_	none	_	_	_	_	_	_
3-8	TO095	3	3	8	la	la	_	_	_	_	_	linguistic	_	none	_	_	_	_	_	_
3-9	TO095	3	3	9	gente,	gente	_	_	_	_	_	linguistic	_	none	Intonation=WeaklyRising	_	_	_	_	_
3-10	TO095	3	3	10	cazzo	cazzo	_	_	_	_	_	linguistic	_	none	_	_	_	_	_	_
3-11	TO095	3	3	11	bello	bello	_	_	_	_	_	linguistic	_	none	_	End=7.33	_	_	_	_
4-0	TO091	4	4	0	vabbè	vabbè	_	_	_	_	_	linguistic	_	none	_	Begin=7.64	_	_	_	_
4-1	TO091	4	4	1	che	che	_	_	_	_	_	linguistic	_	none	_	_	_	_	_	_
4-2	TO091	4	4	2	poi	poi	_	_	_	_	_	linguistic	_	none	_	_	_	_	_	_
4-3	TO091	4	4	3	a	a	_	_	_	_	_	linguistic	_	none	_	_	_	_	_	_
4-4	TO091	4	4	4	perugia	perugia	_	_	_	_	_	linguistic	_	none	_	_	_	_	_	_
4-5	TO091	4	4	5	è	è	_	_	_	_	_	linguistic	_	none	_	_	_	_	_	_
4-6	TO091	4	4	6	diverso,	diverso	_	_	_	_	_	linguistic	_	none	Intonation=WeaklyRising	End=8.95	_	_	_	_
5-0	TO091	5	5	0	perché	perché	_	_	_	_	_	linguistic	_	none	_	Begin=8.99	_	_	_	_
5-1	TO091	5	5	1	comunque::,	comunque	_	_	_	_	_	linguistic	_	none	Intonation=WeaklyRising	End=9.889	7x2	_	_	_
6-0	TO095	6	6	0	vabbè,	vabbè	_	_	_	_	_	linguistic	_	none	Intonation=WeaklyRising	Begin=10.08	_	_	_	_
6-1	TO095	6	6	1	però	però	_	_	_	_	_	linguistic	_	none	_	_	_	_	_	_
6-2	TO095	6	6	2	metti	metti	_	_	_	_	_	linguistic	_	none	_	_	_	_	_	_
6-3	TO095	6	6	3	che	che	_	_	_	_	_	linguistic	_	none	_	_	_	_	_	_
6-4	TO095	6	6	4	comunque	comunque	_	_	_	_	_	linguistic	_	none	_	_	_	_	_	_
6-5	TO095	6	6	5	esci,	esci	_	_	_	_	_	linguistic	_	none	Intonation=WeaklyRising	_	_	_	_	_
6-6	TO095	6	6	6	conosci	conosci	_	_	_	_	_	linguistic	_	none	_	_	_	_	_	_
6-7	TO095	6	6	7	la	la	_	_	_	_	_	linguistic	_	none	_	_	_	_	_	_
6-8	TO095	6	6	8	gente,	gente	_	_	_	_	_	linguistic	_	none	Intonation=WeaklyRising	_	_	_	_	_
6-9	TO095	6	6	9	(ed	ed	_	_	_	_	_	linguistic	_	none	_	_	_	_	0-2(0)	_
6-10	TO095	6	6	10	è	è	_	_	_	_	_	linguistic	_	none	_	_	_	_	0-1(0)	_
6-11	TO095	6	6	11	il)	il	_	_	_	_	_	linguistic	_	none	_	_	_	_	0-2(0)	_
6-12	TO095	6	6	12	tuo	tuo	_	_	_	_	_	linguistic	_	none	_	_	_	_	_	_
6-13	TO095	6	6	13	posto	posto	_	_	_	_	_	linguistic	_	none	_	_	_	_	_	_
6-14	TO095	6	6	14	no?	no	_	_	_	_	_	linguistic	_	none	Intonation=Rising	End=13.92	_	_	_	_
7-0	TO095	7	7	0	c(io)è	cioè	_	_	_	_	_	linguistic	_	none	Reduced=Yes	Begin=13.971|End=14.324	_	_	_	_
8-0	TO091	8	8	0	sì.	sì	_	_	_	_	_	linguistic	_	none	Intonation=Falling	Begin=14.38|End=14.711	_	_	_	_
9-0	TO095	9	9	0	e	e	_	_	_	_	_	linguistic	_	none	_	Begin=17.18	_	_	_	_
9-1	TO095	9	9	1	lei	lei	_	_	_	_	_	linguistic	_	none	_	_	_	_	_	_
9-2	TO095	9	9	2	se	se	_	_	_	_	_	linguistic	_	none	_	_	_	_	_	_
9-3	TO095	9	9	3	mette	mette	_	_	_	_	_	linguistic	_	none	_	_	_	_	_	_
9-4	TO095	9	9	4	a	a	_	_	_	_	_	linguistic	_	none	_	_	_	_	_	_
9-5	TO095	9	9	5	fa'	fa'	_	_	_	_	_	linguistic	_	none	Truncated=Yes	_	_	_	_	_
9-6	TO095	9	9	6	la	la	_	_	_	_	_	linguistic	_	none	_	_	_	_	_	_
9-7	TO095	9	9	7	co(gl)iona	cogliona	_	_	_	_	_	linguistic	_	none	_	_	_	_	2-4(0)	_
9-8	TO095	9	9	8	con	con	_	_	_	_	_	linguistic	_	none	_	_	_	_	_	_
9-9	TO095	9	9	9	una	una	_	_	_	_	_	linguistic	_	none	_	_	_	_	_	_
9-10	TO095	9	9	10	che	che	_	_	_	_	_	linguistic	_	none	_	_	_	_	_	_
9-11	TO095	9	9	11	si	si	_	_	_	_	_	linguistic	_	none	_	_	_	_	_	_
9-12	TO095	9	9	12	scopava	scopava	_	_	_	_	_	linguistic	_	none	_	_	_	_	_	_
9-13	TO095	9	9	13	prima	prima	_	_	_	_	_	linguistic	_	none	_	_	_	_	_	_
9-14	TO095	9	9	14	di	di	_	_	_	_	_	linguistic	_	none	_	_	_	_	_	_
9-15	TO095	9	9	15	te.	te	_	_	_	_	_	linguistic	_	none	Intonation=Falling	End=20.34	_	_	_	_
10-0	TO085	10	10	0	ali,	ali	_	_	_	_	_	linguistic	_	none	Intonation=WeaklyRising	Begin=20.74|End=21.244	_	_	_	_
11-0	TO095	11	11	0	sì.	sì	_	_	_	_	_	linguistic	_	none	Intonation=Falling	Begin=21.36|End=21.67	_	_	_	_
12-0	TO085	12	12	0	ok[ay]	okay	_	_	_	_	_	linguistic	_	none	_	Begin=22.14|End=22.76	_	_	_	2-4(0)
13-0	TO095	13	13	0	[però]	però	_	_	_	_	_	linguistic	_	none	_	Begin=22.546	_	_	_	0-4(0)
13-1	TO095	13	13	1	poi	poi	_	_	_	_	_	linguistic	_	none	_	_	_	_	_	_
13-2	TO095	13	13	2	viene	viene	_	_	_	_	_	linguistic	_	none	_	_	_	_	_	_
13-3	TO095	13	13	3	a	a	_	_	_	_	_	linguistic	_	none	_	_	_	_	_	_
13-4	TO095	13	13	4	dormire	dormire	_	_	_	_	_	linguistic	_	none	_	_	_	_	_	_
13-5	TO095	13	13	5	con	con	_	_	_	_	_	linguistic	_	none	_	_	_	_	_	_
13-6	TO095	13	13	6	te,	te	_	_	_	_	_	linguistic	_	none	Intonation=WeaklyRising	_	_	_	_	_
13-7	TO095	13	13	7	e	e	_	_	_	_	_	linguistic	_	none	_	_	_	_	_	_
13-8	TO095	13	13	8	scopa	scopa	_	_	_	_	_	linguistic	_	none	_	_	_	_	_	_
13-9	TO095	13	13	9	con	con	_	_	_	_	_	linguistic	_	none	_	_	_	_	_	_
13-10	TO095	13	13	10	te.	te	_	_	_	_	_	linguistic	_	none	Intonation=Falling	End=25.03	_	_	_	_
14-0	TO085	14	14	0	sì.	sì	_	_	_	_	_	linguistic	_	none	Intonation=Falling	Begin=25.21|End=25.55	_	_	_	_
15-0	TO095	15	15	0	c(io)è,	cioè	_	_	_	_	_	linguistic	_	none	Intonation=WeaklyRising|Reduced=Yes|PauseAfter=Yes	Begin=25.793	_	_	_	_
15-1	TO095	15	15	1	{P}	{P}	_	_	_	_	_	shortpause	_	none	_	_	_	_	_	_
15-2	TO095	15	15	2	con	con	_	_	_	_	_	linguistic	_	none	_	_	_	_	_	_
15-3	TO095	15	15	3	tutto	tutto	_	_	_	_	_	linguistic	_	none	_	_	_	_	_	_
15-4	TO095	15	15	4	il	il	_	_	_	_	_	linguistic	_	none	_	_	_	_	_	_
15-5	TO095	15	15	5	bene	bene	_	_	_	_	_	linguistic	_	none	_	_	_	_	_	_
15-6	TO095	15	15	6	nel	nel	_	_	_	_	_	linguistic	_	none	_	_	_	_	_	_
15-7	TO095	15	15	7	mondo,	mondo	_	_	_	_	_	linguistic	_	none	Intonation=WeaklyRising	End=27.75	_	_	_	_
16-0	TO095	16	16	0	poi	poi	_	_	_	_	_	linguistic	_	none	_	Begin=27.83	_	_	_	_
16-1	TO095	16	16	1	magari	magari	_	_	_	_	_	linguistic	_	none	_	_	_	_	_	_
16-2	TO095	16	16	2	la	la	_	_	_	_	_	linguistic	_	none	_	_	_	_	_	_
16-3	TO095	16	16	3	mattina	mattina	_	_	_	_	_	linguistic	_	none	_	_	_	_	_	_
16-4	TO095	16	16	4	dopo	dopo	_	_	_	_	_	linguistic	_	none	_	_	_	_	_	_
16-5	TO095	16	16	5	te	te	_	_	_	_	_	linguistic	_	none	_	_	_	_	_	_
16-6	TO095	16	16	6	svegli	svegli	_	_	_	_	_	linguistic	_	none	_	_	_	_	_	_
16-7	TO095	16	16	7	tranquilla	tranquilla	_	_	_	_	_	linguistic	_	none	_	_	_	_	_	_
16-8	TO095	16	16	8	e	e	_	_	_	_	_	linguistic	_	none	_	_	_	_	_	_
16-9	TO095	16	16	9	beata	beata	_	_	_	_	_	linguistic	_	none	_	_	_	_	_	_
16-10	TO095	16	16	10	sapendo	sapendo	_	_	_	_	_	linguistic	_	none	_	_	_	_	_	_
16-11	TO095	16	16	11	che	che	_	_	_	_	_	linguistic	_	none	_	_	_	_	_	_
16-12	TO095	16	16	12	anche	anche	_	_	_	_	_	linguistic	_	none	_	_	_	_	_	_
16-13	TO095	16	16	13	che	che	_	_	_	_	_	linguistic	_	none	_	_	_	_	_	_
16-14	TO095	16	16	14	che	che	_	_	_	_	_	linguistic	_	none	_	_	_	_	_	_
16-15	TO095	16	16	15	lei	lei	_	_	_	_	_	linguistic	_	none	_	_	_	_	_	_
16-16	TO095	16	16	16	si	si	_	_	_	_	_	linguistic	_	none	_	_	_	_	_	_
16-17	TO095	16	16	17	scopa	scopa	_	_	_	_	_	linguistic	_	none	_	_	_	_	_	_
16-18	TO095	16	16	18	altra	altra	_	_	_	_	_	linguistic	_	none	_	_	_	_	_	_
16-19	TO095	16	16	19	gente.	gente	_	_	_	_	_	linguistic	_	none	Intonation=Falling	End=32.2	_	_	_	_
17-0	TO095	17	17	0	ma	ma	_	_	_	_	_	linguistic	_	none	_	Begin=32.25	_	_	_	_
17-1	TO095	17	17	1	in	in	_	_	_	_	_	linguistic	_	none	_	_	_	_	_	_
17-2	TO095	17	17	2	quel	quel	_	_	_	_	_	linguistic	_	none	_	_	_	_	_	_
17-3	TO095	17	17	3	momento,	momento	_	_	_	_	_	linguistic	_	none	Intonation=WeaklyRising	End=33.503	_	_	_	_
18-0	TO085	18	18	0	t'	t'	_	_	_	_	_	linguistic	_	none	SpaceAfter=No	Begin=33.935	_	_	_	_
18-1	TO085	18	18	1	(incazzi	incazzi	_	_	_	_	_	linguistic	_	none	_	End=34.578	_	_	_	_
19-0	TO095	19	19	0	porco	porco	_	_	_	_	_	linguistic	_	none	_	Begin=34.501	_	_	_	_
19-1	TO095	19	19	1	[due]	due	_	_	_	_	_	linguistic	_	none	_	End=35.379	_	_	_	0-3(2)
20-0	TO085	20	20	0	[io]	io	_	_	_	_	_	linguistic	_	none	_	Begin=34.905	_	_	_	0-2(2)
20-1	TO085	20	20	1	l'	l'	_	_	_	_	_	linguistic	_	none	SpaceAfter=No	_	_	_	_	_
20-2	TO085	20	20	2	ho	ho	_	_	_	_	_	linguistic	_	none	_	_	_	_	_	_
20-3	TO085	20	20	3	fatto	fatto	_	_	_	_	_	linguistic	_	none	_	End=35.649	_	_	_	_
21-0	TO085	21	21	0	cioè	cioè	_	_	_	_	_	linguistic	_	none	_	Begin=35.778|End=36.113	_	_	_	_
22-0	TO091	22	22	0	ma	ma	_	_	_	_	_	linguistic	_	none	_	Begin=36.37	_	_	_	_
22-1	TO091	22	22	1	io	io	_	_	_	_	_	linguistic	_	none	_	_	_	_	_	_
22-2	TO091	22	22	2	non	non	_	_	_	_	_	linguistic	_	none	_	_	_	_	_	_
22-3	TO091	22	22	3	ho	ho	_	_	_	_	_	linguistic	_	none	_	_	_	_	_	_
22-4	TO091	22	22	4	capito	capito	_	_	_	_	_	linguistic	_	none	_	_	_	_	_	_
22-5	TO091	22	22	5	poi	poi	_	_	_	_	_	linguistic	_	none	_	_	_	_	_	_
22-6	TO091	22	22	6	ch'	ch'	_	_	_	_	_	linguistic	_	none	SpaceAfter=No	_	_	_	_	_
22-7	TO091	22	22	7	è	è	_	_	_	_	_	linguistic	_	none	_	_	_	_	_	_
22-8	TO091	22	22	8	successo,	successo	_	_	_	_	_	linguistic	_	none	Intonation=WeaklyRising	End=38.35	_	_	_	_
23-0	TO085	23	23	0	ma	ma	_	_	_	_	_	linguistic	_	none	_	Begin=38.447	_	_	_	_
23-1	TO085	23	23	1	per~	per~	_	_	_	_	_	linguistic	_	none	Interrupted=Yes	_	_	_	_	_
23-2	TO085	23	23	2	ma	ma	_	_	_	_	_	linguistic	_	none	_	_	_	_	_	_
23-3	TO085	23	23	3	tu	tu	_	_	_	_	_	linguistic	_	none	_	_	_	_	_	_
23-4	TO085	23	23	4	c'	c'	_	_	_	_	_	linguistic	_	none	SpaceAfter=No	_	_	_	_	_
23-5	TO085	23	23	5	hai	hai	_	_	_	_	_	linguistic	_	none	_	_	_	_	_	_
23-6	TO085	23	23	6	provato	provato	_	_	_	_	_	linguistic	_	none	_	_	_	_	_	_
23-7	TO085	23	23	7	con	con	_	_	_	_	_	linguistic	_	none	_	_	_	_	_	_
23-8	TO085	23	23	8	uno,	uno	_	_	_	_	_	linguistic	_	none	Intonation=WeaklyRising	End=40.354	_	_	_	_
24-0	TO095	24	24	0	n[o::]	no	_	_	_	_	_	linguistic	_	none	_	Begin=40.433|End=40.847	1x2	_	_	1-2(3)
25-0	TO085	25	25	0	[no,	no	_	_	_	_	_	linguistic	_	none	Intonation=WeaklyRising	Begin=40.645	_	_	_	0-2(?)
25-1	TO085	25	25	1	uno	uno	_	_	_	_	_	linguistic	_	none	_	_	_	_	_	0-3(?)
25-2	TO085	25	25	2	c'	c'	_	_	_	_	_	linguistic	_	none	SpaceAfter=No	_	_	_	_	0-2(?)
25-3	TO085	25	25	3	ha	ha	_	_	_	_	_	linguistic	_	none	_	_	_	_	_	0-2(?)
25-4	TO085	25	25	4	provato	provato	_	_	_	_	_	linguistic	_	none	_	_	_	_	_	0-7(?)
25-5	TO085	25	25	5	con	con	_	_	_	_	_	linguistic	_	none	_	_	_	_	_	0-3(?)
25-6	TO085	25	25	6	te]	te	_	_	_	_	_	linguistic	_	none	_	End=42.116	_	_	_	0-2(?)
26-0	TO095	26	26	0	[no	no	_	_	_	_	_	linguistic	_	none	_	Begin=41.085	_	_	_	0-2(89)
26-1	TO095	26	26	1	io,	io	_	_	_	_	_	linguistic	_	none	Intonation=WeaklyRising	_	_	_	_	0-2(89)
26-2	TO095	26	26	2	quello	quello	_	_	_	_	_	linguistic	_	none	_	_	_	_	_	0-6(89)
26-3	TO095	26	26	3	lì	lì	_	_	_	_	_	linguistic	_	none	_	_	_	_	_	0-2(89)
26-4	TO095	26	26	4	che	che	_	_	_	_	_	linguistic	_	none	_	_	_	_	_	0-3(89)
26-5	TO095	26	26	5	io	io	_	_	_	_	_	linguistic	_	none	_	_	_	_	_	0-2(89)
26-6	TO095	26	26	6	scopavo],	scopavo	_	_	_	_	_	linguistic	_	none	Intonation=WeaklyRising	End=43.177	_	_	_	0-7(89)
27-0	TO091	27	27	0	[no	no	_	_	_	_	_	linguistic	_	none	_	Begin=41.446	_	_	_	0-2(89)
27-1	TO091	27	27	1	no	no	_	_	_	_	_	linguistic	_	none	_	_	_	_	_	0-2(89)
27-2	TO091	27	27	2	non	non	_	_	_	_	_	linguistic	_	none	_	_	_	_	_	0-3(89)
27-3	TO091	27	27	3	sono	sono	_	_	_	_	_	linguistic	_	none	_	_	_	_	_	0-4(89)
27-4	TO091	27	27	4	io]	io	_	_	_	_	_	linguistic	_	none	_	End=43.16	_	_	_	0-2(89)
28-0	TO085	28	28	0	a::h	ah	_	_	_	_	_	linguistic	_	none	_	Begin=43.216	0x2	_	_	_
28-1	TO085	28	28	1	non	non	_	_	_	_	_	linguistic	_	none	_	_	_	_	_	_
28-2	TO085	28	28	2	sei	sei	_	_	_	_	_	linguistic	_	none	_	_	_	_	_	_
28-3	TO085	28	28	3	tu	tu	_	_	_	_	_	linguistic	_	none	_	_	_	_	_	_
28-4	TO085	28	28	4	[l'	l'	_	_	_	_	_	linguistic	_	none	SpaceAfter=No	_	_	_	_	0-2(90)
28-5	TO085	28	28	5	altra	altra	_	_	_	_	_	linguistic	_	none	_	_	_	_	_	0-5(90)
28-6	TO085	28	28	6	tipa],	tipa	_	_	_	_	_	linguistic	_	none	Intonation=WeaklyRising	End=45.01	_	_	_	0-4(90)
29-0	TO095	29	29	0	[no	no	_	_	_	_	_	linguistic	_	none	_	Begin=44.093	_	_	_	0-2(?)
29-1	TO095	29	29	1	no,	no	_	_	_	_	_	linguistic	_	none	Intonation=WeaklyRising	_	_	_	_	0-2(?)
29-2	TO095	29	29	2	io	io	_	_	_	_	_	linguistic	_	none	_	_	_	_	_	0-2(?)
29-3	TO095	29	29	3	io]	io	_	_	_	_	_	linguistic	_	none	_	End=45.543	_	_	_	0-2(?)
30-0	TO091	30	30	0	[no	no	_	_	_	_	_	linguistic	_	none	_	Begin=44.153	_	_	_	0-2(90)
30-1	TO091	30	30	1	no]	no	_	_	_	_	_	linguistic	_	none	_	End=44.967	_	_	_	0-2(90)
31-0	TO085	31	31	0	[a::h]	ah	_	_	_	_	_	linguistic	_	none	_	Begin=45.125|End=45.583	0x2	_	_	0-2(4)
32-0	TO091	32	32	0	no,	no	_	_	_	_	_	linguistic	_	none	Intonation=WeaklyRising	Begin=46.48	_	_	_	_
32-1	TO091	32	32	1	le	le	_	_	_	_	_	linguistic	_	none	_	_	_	_	_	_
32-2	TO091	32	32	2	scenate	scenate	_	_	_	_	_	linguistic	_	none	_	_	_	_	_	_
32-3	TO091	32	32	3	di	di	_	_	_	_	_	linguistic	_	none	_	_	_	_	_	_
32-4	TO091	32	32	4	gelo~,	gelo~	_	_	_	_	_	linguistic	_	none	Intonation=WeaklyRising|Interrupted=Yes	_	_	_	_	_
32-5	TO091	32	32	5	lei	lei	_	_	_	_	_	linguistic	_	none	_	_	_	_	_	_
32-6	TO091	32	32	6	me	me	_	_	_	_	_	linguistic	_	none	_	_	_	_	_	_
32-7	TO091	32	32	7	veniva	veniva	_	_	_	_	_	linguistic	_	none	_	_	_	_	_	_
32-8	TO091	32	32	8	da	da	_	_	_	_	_	linguistic	_	none	_	_	_	_	_	_
32-9	TO091	32	32	9	me,	me	_	_	_	_	_	linguistic	_	none	Intonation=WeaklyRising	_	_	_	_	_
32-10	TO091	32	32	10	adesso	adesso	_	_	_	_	_	linguistic	_	none	_	_	_	_	_	_
32-11	TO091	32	32	11	me	me	_	_	_	_	_	linguistic	_	none	_	_	_	_	_	_
32-12	TO091	32	32	12	incazzo,	incazzo	_	_	_	_	_	linguistic	_	none	Intonation=WeaklyRising	End=49.21	_	_	_	_
33-0	TO095	33	33	0	eh	eh	_	_	_	_	_	linguistic	_	none	_	Begin=49.385	_	_	_	_
33-1	TO095	33	33	1	ma	ma	_	_	_	_	_	linguistic	_	none	_	_	_	_	_	_
33-2	TO095	33	33	2	porca	porca	_	_	_	_	_	linguistic	_	none	_	_	_	_	_	_
33-3	TO095	33	33	3	troia,	troia	_	_	_	_	_	linguistic	_	none	Intonation=WeaklyRising	_	_	_	_	_
33-4	TO095	33	33	4	ma	ma	_	_	_	_	_	linguistic	_	none	_	_	_	_	_	_
33-5	TO095	33	33	5	scusa,	scusa	_	_	_	_	_	linguistic	_	none	Intonation=WeaklyRising	_	_	_	_	_
33-6	TO095	33	33	6	[ma	ma	_	_	_	_	_	linguistic	_	none	_	_	_	_	_	0-2(5)
33-7	TO095	33	33	7	tanto]	tanto	_	_	_	_	_	linguistic	_	none	_	End=51.52	_	_	_	0-5(5)
34-0	TO085	34	34	0	[no:],	no	_	_	_	_	_	linguistic	_	none	Intonation=WeaklyRising	Begin=51.037	1x1	_	_	0-2(5)
34-1	TO085	34	34	1	hai	hai	_	_	_	_	_	linguistic	_	none	_	_	_	_	_	_
34-2	TO085	34	34	2	ragione.	ragione	_	_	_	_	_	linguistic	_	none	Intonation=Falling	End=51.89	_	_	_	_
35-0	TO095	35	35	0	c(io)è,	cioè	_	_	_	_	_	linguistic	_	none	Intonation=WeaklyRising|Reduced=Yes	Begin=52.065	_	_	_	_
35-1	TO095	35	35	1	ma	ma	_	_	_	_	_	linguistic	_	none	_	_	_	_	_	_
35-2	TO095	35	35	2	che	che	_	_	_	_	_	linguistic	_	none	_	_	_	_	_	_
35-3	TO095	35	35	3	cazzo	cazzo	_	_	_	_	_	linguistic	_	none	_	_	_	_	_	_
35-4	TO095	35	35	4	fai,	fai	_	_	_	_	_	linguistic	_	none	Intonation=WeaklyRising	End=53.103	_	_	_	_
36-0	TO085	36	36	0	[hai	hai	_	_	_	_	_	linguistic	_	none	_	Begin=53.199	_	_	_	0-3(6)
36-1	TO085	36	36	1	ragione]	ragione	_	_	_	_	_	linguistic	_	none	_	End=53.809	_	_	_	0-7(6)
37-0	TO095	37	37	0	[io	io	_	_	_	_	_	linguistic	_	none	_	Begin=53.199	_	_	_	0-2(6)
37-1	TO095	37	37	1	adesso]	adesso	_	_	_	_	_	linguistic	_	none	_	End=53.809	_	_	_	0-6(6)
38-0	TO091	38	38	0	io	io	_	_	_	_	_	linguistic	_	none	_	Begin=53.91	_	_	_	_
38-1	TO091	38	38	1	non	non	_	_	_	_	_	linguistic	_	none	_	_	_	_	_	_
38-2	TO091	38	38	2	ho	ho	_	_	_	_	_	linguistic	_	none	_	_	_	_	_	_
38-3	TO091	38	38	3	capito	capito	_	_	_	_	_	linguistic	_	none	_	_	_	_	_	_
38-4	TO091	38	38	4	[un	un	_	_	_	_	_	linguistic	_	none	_	_	_	_	_	0-2(7)
38-5	TO091	38	38	5	cazzo],	cazzo	_	_	_	_	_	linguistic	_	none	Intonation=WeaklyRising	End=55.471	_	_	_	0-5(7)
39-0	TO095	39	39	0	[allora],	allora	_	_	_	_	_	linguistic	_	none	Intonation=WeaklyRising	Begin=54.765	_	_	_	0-6(7)
39-1	TO095	39	39	1	praticamente,	praticamente	_	_	_	_	_	linguistic	_	none	Intonation=WeaklyRising	_	_	_	_	_
39-2	TO095	39	39	2	pri~	pri~	_	_	_	_	_	linguistic	_	none	Interrupted=Yes	End=56.076	_	_	_	_
40-0	TO095	40	40	0	proprio	proprio	_	_	_	_	_	linguistic	_	none	_	Begin=56.38	_	_	_	_
40-1	TO095	40	40	1	il	il	_	_	_	_	_	linguistic	_	none	_	_	_	_	_	_
40-2	TO095	40	40	2	[giorno	giorno	_	_	_	_	_	linguistic	_	none	_	_	_	_	_	0-6(8)
40-3	TO095	40	40	3	prima	prima	_	_	_	_	_	linguistic	_	none	_	_	_	_	_	0-5(8)
40-4	TO095	40	40	4	che::],	che	_	_	_	_	_	linguistic	_	none	Intonation=WeaklyRising	End=58.446	2x2	_	_	0-3(8)
41-0	TO085	41	41	0	[mi	mi	_	_	_	_	_	linguistic	_	none	_	Begin=56.94	_	_	_	0-2(8)
41-1	TO085	41	41	1	metto	metto	_	_	_	_	_	linguistic	_	none	_	_	_	_	_	0-5(8)
41-2	TO085	41	41	2	in	in	_	_	_	_	_	linguistic	_	none	_	_	_	_	_	0-2(8)
41-3	TO085	41	41	3	mezzo	mezzo	_	_	_	_	_	linguistic	_	none	_	_	_	_	_	0-5(8)
41-4	TO085	41	41	4	per	per	_	_	_	_	_	linguistic	_	none	_	_	_	_	_	0-3(8)
41-5	TO085	41	41	5	favore]	favore	_	_	_	_	_	linguistic	_	none	_	End=58.525	_	_	_	0-6(8)
42-0	TO095	42	42	0	il	il	_	_	_	_	_	linguistic	_	none	_	Begin=62.12	_	_	_	_
42-1	TO095	42	42	1	giorno	giorno	_	_	_	_	_	linguistic	_	none	_	_	_	_	_	_
42-2	TO095	42	42	2	prima	prima	_	_	_	_	_	linguistic	_	none	_	_	_	_	_	_
42-3	TO095	42	42	3	che	che	_	_	_	_	_	linguistic	_	none	_	_	_	_	_	_
42-4	TO095	42	42	4	io	io	_	_	_	_	_	linguistic	_	none	_	_	_	_	_	_
42-5	TO095	42	42	5	arrivassi,	arrivassi	_	_	_	_	_	linguistic	_	none	Intonation=WeaklyRising	_	_	_	_	_
42-6	TO095	42	42	6	ma	ma	_	_	_	_	_	linguistic	_	none	_	_	_	_	_	_
42-7	TO095	42	42	7	anche	anche	_	_	_	_	_	linguistic	_	none	_	_	_	_	_	_
42-8	TO095	42	42	8	'na	'na	_	_	_	_	_	linguistic	_	none	Truncated=Yes	_	_	_	_	_
42-9	TO095	42	42	9	settimana	settimana	_	_	_	_	_	linguistic	_	none	_	_	_	_	_	_
42-10	TO095	42	42	10	prima,	prima	_	_	_	_	_	linguistic	_	none	Intonation=WeaklyRising	_	_	_	_	_
42-11	TO095	42	42	11	lui	lui	_	_	_	_	_	linguistic	_	none	_	_	_	_	_	_
42-12	TO095	42	42	12	se	se	_	_	_	_	_	linguistic	_	none	_	_	_	_	_	_
42-13	TO095	42	42	13	vedeva	vedeva	_	_	_	_	_	linguistic	_	none	_	_	_	_	_	_
42-14	TO095	42	42	14	con	con	_	_	_	_	_	linguistic	_	none	_	_	_	_	_	_
42-15	TO095	42	42	15	questa.	questa	_	_	_	_	_	linguistic	_	none	Intonation=Falling	End=67.1	_	_	_	_
43-0	TO091	43	43	0	ma	ma	_	_	_	_	_	linguistic	_	none	_	Begin=67.615	_	_	_	_
43-1	TO091	43	43	1	poi	poi	_	_	_	_	_	linguistic	_	none	_	_	_	_	_	_
43-2	TO091	43	43	2	chi	chi	_	_	_	_	_	linguistic	_	none	_	_	_	_	_	_
43-3	TO091	43	43	3	è?	è	_	_	_	_	_	linguistic	_	none	Intonation=Rising	End=68.15	_	_	_	_
44-0	TO095	44	44	0	laura	laura	_	_	_	_	_	linguistic	_	none	_	Begin=68.24	_	_	_	_
44-1	TO095	44	44	1	rossi	rossi	_	_	_	_	_	linguistic	_	none	_	_	_	_	_	_
44-2	TO095	44	44	2	se	se	_	_	_	_	_	linguistic	_	none	_	_	_	_	_	_
44-3	TO095	44	44	3	chiama	chiama	_	_	_	_	_	linguistic	_	none	_	End=69.587	_	_	_	_
45-0	TO095	45	45	0	e	e	_	_	_	_	_	linguistic	_	none	_	Begin=72.77	_	_	_	_
45-1	TO095	45	45	1	tutto	tutto	_	_	_	_	_	linguistic	_	none	_	_	_	_	_	_
45-2	TO095	45	45	2	lì,	lì	_	_	_	_	_	linguistic	_	none	Intonation=WeaklyRising	_	_	_	_	_
45-3	TO095	45	45	3	vabbè	vabbè	_	_	_	_	_	linguistic	_	none	_	_	_	_	_	_
45-4	TO095	45	45	4	sti	sti	_	_	_	_	_	linguistic	_	none	_	_	_	_	_	_
45-5	TO095	45	45	5	cazzi,	cazzi	_	_	_	_	_	linguistic	_	none	Intonation=WeaklyRising	_	_	_	_	_
45-6	TO095	45	45	6	ovvio	ovvio	_	_	_	_	_	linguistic	_	none	_	_	_	_	_	_
45-7	TO095	45	45	7	c'	c'	_	_	_	_	_	linguistic	_	none	SpaceAfter=No	_	_	_	_	_
45-8	TO095	45	45	8	è:,	è	_	_	_	_	_	linguistic	_	none	Intonation=WeaklyRising	_	0x1	_	_	_
45-9	TO095	45	45	9	non	non	_	_	_	_	_	linguistic	_	none	_	_	_	_	_	_
45-10	TO095	45	45	10	me	me	_	_	_	_	_	linguistic	_	none	_	_	_	_	_	_
45-11	TO095	45	45	11	vedi	vedi	_	_	_	_	_	linguistic	_	none	_	_	_	_	_	_
45-12	TO095	45	45	12	da	da	_	_	_	_	_	linguistic	_	none	_	_	_	_	_	_
45-13	TO095	45	45	13	tre	tre	_	_	_	_	_	linguistic	_	none	_	_	_	_	_	_
45-14	TO095	45	45	14	mesi:,	mesi	_	_	_	_	_	linguistic	_	none	Intonation=WeaklyRising	End=76.52	3x1	_	_	_
46-0	TO085	46	46	0	no	no	_	_	_	_	_	linguistic	_	none	_	Begin=77.162	_	_	_	_
46-1	TO085	46	46	1	però	però	_	_	_	_	_	linguistic	_	none	_	_	_	_	_	_
46-2	TO085	46	46	2	quando	quando	_	_	_	_	_	linguistic	_	none	_	_	_	_	_	_
46-3	TO085	46	46	3	ci	ci	_	_	_	_	_	linguistic	_	none	_	_	_	_	_	_
46-4	TO085	46	46	4	sei,	sei	_	_	_	_	_	linguistic	_	none	Intonation=WeaklyRising	End=78.608	_	_	_	_
47-0	TO095	47	47	0	E:H	eh	_	_	_	_	_	linguistic	_	none	Volume=high	Begin=78.608|End=78.958	0x1	_	_	_
48-0	TO085	48	48	0	dai	dai	_	_	_	_	_	linguistic	_	none	_	Begin=79.262	_	_	_	_
48-1	TO085	48	48	1	evita	evita	_	_	_	_	_	linguistic	_	none	_	End=80.115	_	_	_	_
49-0	TO091	49	49	0	ma	ma	_	_	_	_	_	linguistic	_	none	_	Begin=80.403	_	_	_	_
49-1	TO091	49	49	1	[perché],	perché	_	_	_	_	_	linguistic	_	none	Intonation=WeaklyRising	_	_	_	_	0-6(9)
49-2	TO091	49	49	2	non	non	_	_	_	_	_	linguistic	_	none	_	_	_	_	_	_
49-3	TO091	49	49	3	ho	ho	_	_	_	_	_	linguistic	_	none	_	_	_	_	_	_
49-4	TO091	49	49	4	capito	capito	_	_	_	_	_	linguistic	_	none	_	_	_	_	_	_
49-5	TO091	49	49	5	che	che	_	_	_	_	_	linguistic	_	none	_	_	_	_	_	_
49-6	TO091	49	49	6	te	te	_	_	_	_	_	linguistic	_	none	_	_	_	_	_	_
49-7	TO091	49	49	7	faceva,	faceva	_	_	_	_	_	linguistic	_	none	Intonation=WeaklyRising	End=82.886	_	_	_	_
50-0	TO085	50	50	0	[no	no	_	_	_	_	_	linguistic	_	none	_	Begin=80.809	_	_	_	0-2(9)
50-1	TO085	50	50	1	è	è	_	_	_	_	_	linguistic	_	none	_	_	_	_	_	0-1(9)
50-2	TO085	50	50	2	vero]	vero	_	_	_	_	_	linguistic	_	none	_	End=81.619	_	_	_	0-4(9)
51-0	TO095	51	51	0	lo	lo	_	_	_	_	_	linguistic	_	none	_	Begin=82.918|End=83.355	_	_	_	_
52-0	TO095	52	52	0	praticamente,	praticamente	_	_	_	_	_	linguistic	_	none	Intonation=WeaklyRising	Begin=83.48|End=84.186	_	_	_	_
53-0	TO091	53	53	0	io	io	_	_	_	_	_	linguistic	_	none	_	Begin=84.28	_	_	_	_
53-1	TO091	53	53	1	ho	ho	_	_	_	_	_	linguistic	_	none	_	_	_	_	_	_
53-2	TO091	53	53	2	capito	capito	_	_	_	_	_	linguistic	_	none	_	_	_	_	_	_
53-3	TO091	53	53	3	solo	solo	_	_	_	_	_	linguistic	_	none	_	_	_	_	_	_
53-4	TO091	53	53	4	che	che	_	_	_	_	_	linguistic	_	none	_	_	_	_	_	_
53-5	TO091	53	53	5	avesse	avesse	_	_	_	_	_	linguistic	_	none	_	_	_	_	_	_
53-6	TO091	53	53	6	salutato	salutato	_	_	_	_	_	linguistic	_	none	_	_	_	_	_	_
53-7	TO091	53	53	7	sta	sta	_	_	_	_	_	linguistic	_	none	_	_	_	_	_	_
53-8	TO091	53	53	8	frega,	frega	_	_	_	_	_	linguistic	_	none	Intonation=WeaklyRising	_	_	_	_	_
53-9	TO091	53	53	9	e	e	_	_	_	_	_	linguistic	_	none	_	_	_	_	_	_
53-10	TO091	53	53	10	stava	stava	_	_	_	_	_	linguistic	_	none	_	_	_	_	_	_
53-11	TO091	53	53	11	lì	lì	_	_	_	_	_	linguistic	_	none	_	_	_	_	_	_
53-12	TO091	53	53	12	a	a	_	_	_	_	_	linguistic	_	none	_	_	_	_	_	_
53-13	TO091	53	53	13	amoreggiare	amoreggiare	_	_	_	_	_	linguistic	_	none	_	_	_	_	_	_
53-14	TO091	53	53	14	con	con	_	_	_	_	_	linguistic	_	none	_	_	_	_	_	_
53-15	TO091	53	53	15	sta	sta	_	_	_	_	_	linguistic	_	none	_	_	_	_	_	_
53-16	TO091	53	53	16	frega	frega	_	_	_	_	_	linguistic	_	none	_	_	_	_	_	_
53-17	TO091	53	53	17	e	e	_	_	_	_	_	linguistic	_	none	_	_	_	_	_	_
53-18	TO091	53	53	18	a	a	_	_	_	_	_	linguistic	_	none	_	_	_	_	_	_
53-19	TO091	53	53	19	te	te	_	_	_	_	_	linguistic	_	none	_	_	_	_	_	_
53-20	TO091	53	53	20	te	te	_	_	_	_	_	linguistic	_	none	_	_	_	_	_	_
53-21	TO091	53	53	21	dava	dava	_	_	_	_	_	linguistic	_	none	_	_	_	_	_	_
53-22	TO091	53	53	22	fastidio.	fastidio	_	_	_	_	_	linguistic	_	none	Intonation=Falling	End=89.321	_	_	_	_
54-0	TO095	54	54	0	frega?	frega	_	_	_	_	_	linguistic	_	none	Intonation=Rising	Begin=89.321|End=89.89	_	_	_	_
55-0	TO091	55	55	0	carlo	carlo	_	_	_	_	_	linguistic	_	none	_	Begin=91.535	_	_	_	_
55-1	TO091	55	55	1	[amoreggiava	amoreggiava	_	_	_	_	_	linguistic	_	none	_	_	_	_	_	0-11(10)
55-2	TO091	55	55	2	con	con	_	_	_	_	_	linguistic	_	none	_	_	_	_	_	0-3(10)
55-3	TO091	55	55	3	questa]	questa	_	_	_	_	_	linguistic	_	none	_	End=93.258	_	_	_	0-6(10)
56-0	TO095	56	56	0	[a:::h	ah	_	_	_	_	_	linguistic	_	none	_	Begin=92.661	0x3	_	_	0-2(10)
56-1	TO095	56	56	1	lui],	lui	_	_	_	_	_	linguistic	_	none	Intonation=WeaklyRising	_	_	_	_	0-3(10)
56-2	TO095	56	56	2	lui	lui	_	_	_	_	_	linguistic	_	none	_	_	_	_	_	_
56-3	TO095	56	56	3	sì.	sì	_	_	_	_	_	linguistic	_	none	Intonation=Falling	End=94.26	_	_	_	_
57-0	TO095	57	57	0	e:h	eh	_	_	_	_	_	linguistic	_	none	_	Begin=94.282	0x1	_	_	_
57-1	TO095	57	57	1	praticam~	praticam~	_	_	_	_	_	linguistic	_	none	Interrupted=Yes	End=95.399	_	_	_	_
58-0	TO095	58	58	0	il	il	_	_	_	_	_	linguistic	_	none	_	Begin=95.419	_	_	_	_
58-1	TO095	58	58	1	primo	primo	_	_	_	_	_	linguistic	_	none	_	_	_	_	_	_
58-2	TO095	58	58	2	giorno	giorno	_	_	_	_	_	linguistic	_	none	_	_	_	_	_	_
58-3	TO095	58	58	3	che	che	_	_	_	_	_	linguistic	_	none	_	_	_	_	_	_
58-4	TO095	58	58	4	so'	so'	_	_	_	_	_	linguistic	_	none	Truncated=Yes	_	_	_	_	_
58-5	TO095	58	58	5	arrivata,	arrivata	_	_	_	_	_	linguistic	_	none	Intonation=WeaklyRising	End=96.989	_	_	_	_
59-0	TO095	59	59	0	poi	poi	_	_	_	_	_	linguistic	_	none	_	Begin=97.039	_	_	_	_
59-1	TO095	59	59	1	so'	so'	_	_	_	_	_	linguistic	_	none	Truncated=Yes	_	_	_	_	_
59-2	TO095	59	59	2	uscita	uscita	_	_	_	_	_	linguistic	_	none	_	_	_	_	_	_
59-3	TO095	59	59	3	in	in	_	_	_	_	_	linguistic	_	none	_	_	_	_	_	_
59-4	TO095	59	59	4	centro,	centro	_	_	_	_	_	linguistic	_	none	Intonation=WeaklyRising	End=98.139	_	_	_	_
60-0	TO095	60	60	0	e	e	_	_	_	_	_	linguistic	_	none	_	Begin=99.114	_	_	_	_
60-1	TO095	60	60	1	ho	ho	_	_	_	_	_	linguistic	_	none	_	_	_	_	_	_
60-2	TO095	60	60	2	visto	visto	_	_	_	_	_	linguistic	_	none	_	_	_	_	_	_
60-3	TO095	60	60	3	questa	questa	_	_	_	_	_	linguistic	_	none	_	_	_	_	_	_
60-4	TO095	60	60	4	che	che	_	_	_	_	_	linguistic	_	none	_	_	_	_	_	_
60-5	TO095	60	60	5	esce	esce	_	_	_	_	_	linguistic	_	none	_	_	_	_	_	_
60-6	TO095	60	60	6	col	col	_	_	_	_	_	linguistic	_	none	_	_	_	_	_	_
60-7	TO095	60	60	7	gruppo	gruppo	_	_	_	_	_	linguistic	_	none	_	_	_	_	_	_
60-8	TO095	60	60	8	nostro,	nostro	_	_	_	_	_	linguistic	_	none	Intonation=WeaklyRising	_	_	_	_	_
60-9	TO095	60	60	9	e	e	_	_	_	_	_	linguistic	_	none	_	_	_	_	_	_
60-10	TO095	60	60	10	non	non	_	_	_	_	_	linguistic	_	none	_	_	_	_	_	_
60-11	TO095	60	60	11	sapevo	sapevo	_	_	_	_	_	linguistic	_	none	_	_	_	_	_	_
60-12	TO095	60	60	12	chi	chi	_	_	_	_	_	linguistic	_	none	_	_	_	_	_	_
60-13	TO095	60	60	13	cazzo	cazzo	_	_	_	_	_	linguistic	_	none	_	_	_	_	_	_
60-14	TO095	60	60	14	fosse	fosse	_	_	_	_	_	linguistic	_	none	_	End=102.909	_	_	_	_
61-0	TO095	61	61	0	dopo,	dopo	_	_	_	_	_	linguistic	_	none	Intonation=WeaklyRising	Begin=103.717	_	_	_	_
61-1	TO095	61	61	1	ho	ho	_	_	_	_	_	linguistic	_	none	_	_	_	_	_	_
61-2	TO095	61	61	2	fatto	fatto	_	_	_	_	_	linguistic	_	none	_	_	_	_	_	_
61-3	TO095	61	61	3	due	due	_	_	_	_	_	linguistic	_	none	_	_	_	_	_	_
61-4	TO095	61	61	4	più	più	_	_	_	_	_	linguistic	_	none	_	_	_	_	_	_
61-5	TO095	61	61	5	[due,	due	_	_	_	_	_	linguistic	_	none	Intonation=WeaklyRising	_	_	_	_	0-3(11)
61-6	TO095	61	61	6	mh]	mh	_	_	_	_	_	linguistic	_	none	_	End=105.59	_	_	_	0-2(11)
62-0	TO091	62	62	0	[certo]	certo	_	_	_	_	_	linguistic	_	none	_	Begin=104.84|End=105.602	_	_	_	0-5(11)
63-0	TO095	63	63	0	e	e	_	_	_	_	_	linguistic	_	none	_	Begin=106.19	_	_	_	_
63-1	TO095	63	63	1	ho	ho	_	_	_	_	_	linguistic	_	none	_	_	_	_	_	_
63-2	TO095	63	63	2	capito.	capito	_	_	_	_	_	linguistic	_	none	Intonation=Falling	End=107.01	_	_	_	_
64-0	TO095	64	64	0	perché	perché	_	_	_	_	_	linguistic	_	none	_	Begin=107.35	_	_	_	_
64-1	TO095	64	64	1	lui	lui	_	_	_	_	_	linguistic	_	none	_	_	_	_	_	_
64-2	TO095	64	64	2	ce	ce	_	_	_	_	_	linguistic	_	none	_	_	_	_	_	_
64-3	TO095	64	64	3	tiene	tiene	_	_	_	_	_	linguistic	_	none	_	_	_	_	_	_
64-4	TO095	64	64	4	subi~,	subi~	_	_	_	_	_	linguistic	_	none	Intonation=WeaklyRising|Interrupted=Yes	_	_	_	_	_
64-5	TO095	64	64	5	c(io)è,	cioè	_	_	_	_	_	linguistic	_	none	Intonation=WeaklyRising|Reduced=Yes	End=108.82	_	_	_	_
65-0	TO095	65	65	0	quando	quando	_	_	_	_	_	linguistic	_	none	_	Begin=108.928	_	_	_	_
65-1	TO095	65	65	1	m'	m'	_	_	_	_	_	linguistic	_	none	SpaceAfter=No	_	_	_	_	_
65-2	TO095	65	65	2	(ha	ha	_	_	_	_	_	linguistic	_	none	_	_	_	_	_	_
65-3	TO095	65	65	3	rivisto	rivisto	_	_	_	_	_	linguistic	_	none	_	_	_	_	_	_
65-4	TO095	65	65	4	c'	c'	_	_	_	_	_	linguistic	_	none	SpaceAfter=No	_	_	_	_	_
65-5	TO095	65	65	5	ha	ha	_	_	_	_	_	linguistic	_	none	_	_	_	_	_	_
65-6	TO095	65	65	6	tenuto	tenuto	_	_	_	_	_	linguistic	_	none	_	_	_	_	_	_
65-7	TO095	65	65	7	subito	subito	_	_	_	_	_	linguistic	_	none	_	_	_	_	_	_
65-8	TO095	65	65	8	a	a	_	_	_	_	_	linguistic	_	none	_	_	_	_	_	_
65-9	TO095	65	65	9	dirmi	dirmi	_	_	_	_	_	linguistic	_	none	_	_	_	_	_	_
65-10	TO095	65	65	10	quanta	quanta	_	_	_	_	_	linguistic	_	none	_	_	_	_	_	_
65-11	TO095	65	65	11	gente	gente	_	_	_	_	_	linguistic	_	none	_	_	_	_	_	_
65-12	TO095	65	65	12	s'	s'	_	_	_	_	_	linguistic	_	none	SpaceAfter=No	_	_	_	_	_
65-13	TO095	65	65	13	(è	è	_	_	_	_	_	linguistic	_	none	_	_	_	_	_	0-1(12)
65-14	TO095	65	65	14	[fatto,	fatto	_	_	_	_	_	linguistic	_	none	Intonation=WeaklyRising	_	_	_	_	0-5(12)
65-15	TO095	65	65	15	e	e	_	_	_	_	_	linguistic	_	none	_	_	_	_	_	0-1(12)
65-16	TO095	65	65	16	tutte	tutte	_	_	_	_	_	linguistic	_	none	_	_	_	_	_	0-5(12)
65-17	TO095	65	65	17	ste	ste	_	_	_	_	_	linguistic	_	none	_	_	_	_	_	0-3(12)
65-18	TO095	65	65	18	cose],	cose	_	_	_	_	_	linguistic	_	none	Intonation=WeaklyRising	_	_	_	_	0-2(12)
65-19	TO095	65	65	19	vabbè	vabbè	_	_	_	_	_	linguistic	_	none	_	End=113.75	_	_	_	_
66-0	TO091	66	66	0	[u::	u	_	_	_	_	_	linguistic	_	none	_	Begin=112.513	0x2	_	_	0-1(12)
66-1	TO091	66	66	1	ti	ti	_	_	_	_	_	linguistic	_	none	_	_	_	_	_	0-2(12)
66-2	TO091	66	66	2	amo]	amo	_	_	_	_	_	linguistic	_	none	_	End=113.482	_	_	_	0-3(12)
67-0	TO091	67	67	0	vabbè	vabbè	_	_	_	_	_	linguistic	_	none	_	Begin=114.144	_	_	_	_
67-1	TO091	67	67	1	[perch'	perch'	_	_	_	_	_	linguistic	_	none	SpaceAfter=No	_	_	_	_	0-6(13)
67-2	TO091	67	67	2	è	è	_	_	_	_	_	linguistic	_	none	_	_	_	_	_	0-1(13)
67-3	TO091	67	67	3	'n	'n	_	_	_	_	_	linguistic	_	none	Truncated=Yes	_	_	_	_	0-2(13)
67-4	TO091	67	67	4	cojone]	cojone	_	_	_	_	_	linguistic	_	none	_	End=115.201	_	_	_	0-6(13)
68-0	TO095	68	68	0	[c~	c~	_	_	_	_	_	linguistic	_	none	Interrupted=Yes	Begin=114.277	_	_	_	0-2(13)
68-1	TO095	68	68	1	pensando]	pensando	_	_	_	_	_	linguistic	_	none	_	_	_	_	_	0-8(13)
68-2	TO095	68	68	2	che	che	_	_	_	_	_	linguistic	_	none	_	_	_	_	_	_
68-3	TO095	68	68	3	me	me	_	_	_	_	_	linguistic	_	none	_	_	_	_	_	_
68-4	TO095	68	68	4	ne	ne	_	_	_	_	_	linguistic	_	none	_	_	_	_	_	_
68-5	TO095	68	68	5	fregasse	fregasse	_	_	_	_	_	linguistic	_	none	_	_	_	_	_	_
68-6	TO095	68	68	6	qualcosa	qualcosa	_	_	_	_	_	linguistic	_	none	_	End=116.286	_	_	_	_
69-0	TO095	69	69	0	fatto	fatto	_	_	_	_	_	linguistic	_	none	_	Begin=117.85	_	_	_	_
69-1	TO095	69	69	1	sta	sta	_	_	_	_	_	linguistic	_	none	_	_	_	_	_	_
69-2	TO095	69	69	2	che,	che	_	_	_	_	_	linguistic	_	none	Intonation=WeaklyRising	End=118.604	_	_	_	_
70-0	TO095	70	70	0	e:::h	eh	_	_	_	_	_	linguistic	_	none	_	Begin=118.943|End=119.859	0x3	_	_	_
71-0	TO095	71	71	0	va	va	_	_	_	_	_	linguistic	_	none	_	Begin=120.41	_	_	_	_
71-1	TO095	71	71	1	bene,	bene	_	_	_	_	_	linguistic	_	none	Intonation=WeaklyRising	_	_	_	_	_
71-2	TO095	71	71	2	quindi	quindi	_	_	_	_	_	linguistic	_	none	_	_	_	_	_	_
71-3	TO095	71	71	3	ho	ho	_	_	_	_	_	linguistic	_	none	_	_	_	_	_	_
71-4	TO095	71	71	4	collegato	collegato	_	_	_	_	_	linguistic	_	none	_	_	_	_	_	_
71-5	TO095	71	71	5	subito	subito	_	_	_	_	_	linguistic	_	none	_	_	_	_	_	_
71-6	TO095	71	71	6	che	che	_	_	_	_	_	linguistic	_	none	_	_	_	_	_	_
71-7	TO095	71	71	7	fosse	fosse	_	_	_	_	_	linguistic	_	none	_	_	_	_	_	_
71-8	TO095	71	71	8	lei,	lei	_	_	_	_	_	linguistic	_	none	Intonation=WeaklyRising	_	_	_	_	_
71-9	TO095	71	71	9	ho	ho	_	_	_	_	_	linguistic	_	none	_	_	_	_	_	_
71-10	TO095	71	71	10	capito.	capito	_	_	_	_	_	linguistic	_	none	Intonation=Falling	End=123.693	_	_	_	_
72-0	TO095	72	72	0	e	e	_	_	_	_	_	linguistic	_	none	_	Begin=123.856	_	_	_	_
72-1	TO095	72	72	1	lei	lei	_	_	_	_	_	linguistic	_	none	_	_	_	_	_	_
72-2	TO095	72	72	2	penso	penso	_	_	_	_	_	linguistic	_	none	_	_	_	_	_	_
72-3	TO095	72	72	3	che,	che	_	_	_	_	_	linguistic	_	none	Intonation=WeaklyRising	End=124.727	_	_	_	_
73-0	TO095	73	73	0	abbia	abbia	_	_	_	_	_	linguistic	_	none	_	Begin=126.09	_	_	_	_
73-1	TO095	73	73	1	capito,	capito	_	_	_	_	_	linguistic	_	none	Intonation=WeaklyRising	End=126.98	_	_	_	_
74-0	TO095	74	74	0	penso	penso	_	_	_	_	_	linguistic	_	none	_	Begin=129.43	_	_	_	_
74-1	TO095	74	74	1	che	che	_	_	_	_	_	linguistic	_	none	_	_	_	_	_	_
74-2	TO095	74	74	2	lei	lei	_	_	_	_	_	linguistic	_	none	_	_	_	_	_	_
74-3	TO095	74	74	3	abbia	abbia	_	_	_	_	_	linguistic	_	none	_	_	_	_	_	_
74-4	TO095	74	74	4	capito	capito	_	_	_	_	_	linguistic	_	none	_	_	_	_	_	_
74-5	TO095	74	74	5	che	che	_	_	_	_	_	linguistic	_	none	_	_	_	_	_	_
74-6	TO095	74	74	6	cazzo	cazzo	_	_	_	_	_	linguistic	_	none	_	_	_	_	_	_
74-7	TO095	74	74	7	ci	ci	_	_	_	_	_	linguistic	_	none	_	_	_	_	_	_
74-8	TO095	74	74	8	facevo	facevo	_	_	_	_	_	linguistic	_	none	_	_	_	_	_	_
74-9	TO095	74	74	9	io,	io	_	_	_	_	_	linguistic	_	none	Intonation=WeaklyRising	End=131.721	_	_	_	_
75-0	TO095	75	75	0	c(io)è	cioè	_	_	_	_	_	linguistic	_	none	Reduced=Yes	Begin=132.47	_	_	_	_
75-1	TO095	75	75	1	perché	perché	_	_	_	_	_	linguistic	_	none	_	_	_	_	_	_
75-2	TO095	75	75	2	arrivavo	arrivavo	_	_	_	_	_	linguistic	_	none	_	_	_	_	_	_
75-3	TO095	75	75	3	in	in	_	_	_	_	_	linguistic	_	none	_	_	_	_	_	_
75-4	TO095	75	75	4	macchina	macchina	_	_	_	_	_	linguistic	_	none	_	_	_	_	_	_
75-5	TO095	75	75	5	con	con	_	_	_	_	_	linguistic	_	none	_	_	_	_	_	_
75-6	TO095	75	75	6	carlo,	carlo	_	_	_	_	_	linguistic	_	none	Intonation=WeaklyRising	_	_	_	_	_
75-7	TO095	75	75	7	e	e	_	_	_	_	_	linguistic	_	none	_	_	_	_	_	_
75-8	TO095	75	75	8	tornavo:,	tornavo	_	_	_	_	_	linguistic	_	none	Intonation=WeaklyRising	End=136.32	6x1	_	_	_
76-0	TO091	76	76	0	a::h	ah	_	_	_	_	_	linguistic	_	none	_	Begin=136.39	0x2	_	_	_
76-1	TO091	76	76	1	m'	m'	_	_	_	_	_	linguistic	_	none	SpaceAfter=No	_	_	_	_	_
76-2	TO091	76	76	2	(adoro::,	adoro	_	_	_	_	_	linguistic	_	none	Intonation=WeaklyRising	_	4x2	_	_	_
76-3	TO091	76	76	3	tutto	tutto	_	_	_	_	_	linguistic	_	none	_	_	_	_	_	_
76-4	TO091	76	76	4	questo	questo	_	_	_	_	_	linguistic	_	none	_	_	_	_	_	_
76-5	TO091	76	76	5	proprio	proprio	_	_	_	_	_	linguistic	_	none	_	_	_	_	_	_
76-6	TO091	76	76	6	davanti,	davanti	_	_	_	_	_	linguistic	_	none	Intonation=WeaklyRising|PauseAfter=Yes	_	_	_	_	_
76-7	TO091	76	76	7	{P}	{P}	_	_	_	_	_	shortpause	_	none	_	_	_	_	_	_
76-8	TO091	76	76	8	adoro.	adoro	_	_	_	_	_	linguistic	_	none	Intonation=Falling	End=139.96	_	_	_	_
77-0	TO095	77	77	0	no	no	_	_	_	_	_	linguistic	_	none	_	Begin=140.15	_	_	_	_
77-1	TO095	77	77	1	IO,	io	_	_	_	_	_	linguistic	_	none	Intonation=WeaklyRising|Volume=high	_	_	_	_	_
77-2	TO095	77	77	2	IO,	io	_	_	_	_	_	linguistic	_	none	Intonation=WeaklyRising|Volume=high	_	_	_	_	_
77-3	TO095	77	77	3	arrivavo	arrivavo	_	_	_	_	_	linguistic	_	none	_	_	_	_	_	_
77-4	TO095	77	77	4	in	in	_	_	_	_	_	linguistic	_	none	_	_	_	_	_	_
77-5	TO095	77	77	5	macchina	macchina	_	_	_	_	_	linguistic	_	none	_	_	_	_	_	_
77-6	TO095	77	77	6	con	con	_	_	_	_	_	linguistic	_	none	_	_	_	_	_	_
77-7	TO095	77	77	7	car[lo]	carlo	_	_	_	_	_	linguistic	_	none	_	End=142.337	_	_	_	3-5(14)
78-0	TO091	78	78	0	[eh]	eh	_	_	_	_	_	linguistic	_	none	_	Begin=142.168	_	_	_	0-2(14)
78-1	TO091	78	78	1	ma	ma	_	_	_	_	_	linguistic	_	none	_	_	_	_	_	_
78-2	TO091	78	78	2	appunto,	appunto	_	_	_	_	_	linguistic	_	none	Intonation=WeaklyRising	_	_	_	_	_
78-3	TO091	78	78	3	ma	ma	_	_	_	_	_	linguistic	_	none	_	_	_	_	_	_
78-4	TO091	78	78	4	n'	n'	_	_	_	_	_	linguistic	_	none	SpaceAfter=No	_	_	_	_	_
78-5	TO091	78	78	5	se	se	_	_	_	_	_	linguistic	_	none	_	_	_	_	_	_
78-6	TO091	78	78	6	sente	sente	_	_	_	_	_	linguistic	_	none	_	_	_	_	_	_
78-7	TO091	78	78	7	con	con	_	_	_	_	_	linguistic	_	none	_	_	_	_	_	_
78-8	TO091	78	78	8	que~,	que~	_	_	_	_	_	linguistic	_	none	Intonation=WeaklyRising|Interrupted=Yes	_	_	_	_	_
78-9	TO091	78	78	9	c(io)è	cioè	_	_	_	_	_	linguistic	_	none	Reduced=Yes	_	_	_	_	_
78-10	TO091	78	78	10	no,	no	_	_	_	_	_	linguistic	_	none	Intonation=WeaklyRising	_	_	_	_	_
78-11	TO091	78	78	11	[non	non	_	_	_	_	_	linguistic	_	none	_	_	_	_	_	0-3(15)
78-12	TO091	78	78	12	ce	ce	_	_	_	_	_	linguistic	_	none	_	_	_	_	_	0-2(15)
78-13	TO091	78	78	13	se	se	_	_	_	_	_	linguistic	_	none	_	_	_	_	_	0-2(15)
78-14	TO091	78	78	14	sente]	sente	_	_	_	_	_	linguistic	_	none	_	End=145.61	_	_	_	0-5(15)
79-0	TO095	79	79	0	[no	no	_	_	_	_	_	linguistic	_	none	_	Begin=144.56	_	_	_	0-2(15)
79-1	TO095	79	79	1	lei	lei	_	_	_	_	_	linguistic	_	none	_	_	_	_	_	0-3(15)
79-2	TO095	79	79	2	non	non	_	_	_	_	_	linguistic	_	none	_	_	_	_	_	0-3(15)
79-3	TO095	79	79	3	ce	ce	_	_	_	_	_	linguistic	_	none	_	_	_	_	_	0-2(15)
79-4	TO095	79	79	4	se]	se	_	_	_	_	_	linguistic	_	none	_	_	_	_	_	0-2(15)
79-5	TO095	79	79	5	sente,	sente	_	_	_	_	_	linguistic	_	none	Intonation=WeaklyRising	_	_	_	_	_
79-6	TO095	79	79	6	[no]	no	_	_	_	_	_	linguistic	_	none	_	End=146.15	_	_	_	0-2(16)
80-0	TO085	80	80	0	[ma]	ma	_	_	_	_	_	linguistic	_	none	_	Begin=146.019	_	_	_	0-2(16)
80-1	TO085	80	80	1	tu	tu	_	_	_	_	_	linguistic	_	none	_	_	_	_	_	_
80-2	TO085	80	80	2	eri	eri	_	_	_	_	_	linguistic	_	none	_	_	_	_	_	_
80-3	TO085	80	80	3	ubriaca?	ubriaca	_	_	_	_	_	linguistic	_	none	Intonation=Rising	End=146.96	_	_	_	_
81-0	TO095	81	81	0	sì	sì	_	_	_	_	_	linguistic	_	none	_	Begin=147.557	_	_	_	_
81-1	TO095	81	81	1	sì	sì	_	_	_	_	_	linguistic	_	none	_	_	_	_	_	_
81-2	TO095	81	81	2	quando	quando	_	_	_	_	_	linguistic	_	none	_	_	_	_	_	_
81-3	TO095	81	81	3	andavo	andavo	_	_	_	_	_	linguistic	_	none	_	_	_	_	_	_
81-4	TO095	81	81	4	da	da	_	_	_	_	_	linguistic	_	none	_	_	_	_	_	_
81-5	TO095	81	81	5	lei	lei	_	_	_	_	_	linguistic	_	none	_	_	_	_	_	_
81-6	TO095	81	81	6	[a	a	_	_	_	_	_	linguistic	_	none	_	_	_	_	_	0-1(17)
81-7	TO095	81	81	7	dirle:],	dirle	_	_	_	_	_	linguistic	_	none	Intonation=WeaklyRising	End=149.666	4x1	_	_	0-5(17)
82-0	TO085	82	82	0	[e	e	_	_	_	_	_	linguistic	_	none	_	Begin=148.966	_	_	_	0-1(17)
82-1	TO085	82	82	1	allora]	allora	_	_	_	_	_	linguistic	_	none	_	_	_	_	_	0-6(17)
82-2	TO085	82	82	2	minchia	minchia	_	_	_	_	_	linguistic	_	none	_	_	_	_	_	_
82-3	TO085	82	82	3	[certo]	certo	_	_	_	_	_	linguistic	_	none	_	End=150.691	_	_	_	0-5(18)
83-0	TO091	83	83	0	[ma	ma	_	_	_	_	_	linguistic	_	none	_	Begin=149.963	_	_	_	0-2(18)
83-1	TO091	83	83	1	che	che	_	_	_	_	_	linguistic	_	none	_	_	_	_	_	0-3(18)
83-2	TO091	83	83	2	gl'	gl'	_	_	_	_	_	linguistic	_	none	SpaceAfter=No	_	_	_	_	0-3(18)
83-3	TO091	83	83	3	hai	hai	_	_	_	_	_	linguistic	_	none	_	_	_	_	_	0-3(18)
83-4	TO091	83	83	4	detto]	detto	_	_	_	_	_	linguistic	_	none	_	_	_	_	_	0-5(18)
83-5	TO091	83	83	5	tu	tu	_	_	_	_	_	linguistic	_	none	_	_	_	_	_	_
83-6	TO091	83	83	6	xxx?	xxx	_	_	_	_	_	linguistic	_	none	Intonation=Rising	End=151.246	_	_	_	_
84-0	TO095	84	84	0	niente	niente	_	_	_	_	_	linguistic	_	none	_	Begin=151.389	_	_	_	_
84-1	TO095	84	84	1	lei	lei	_	_	_	_	_	linguistic	_	none	_	_	_	_	_	_
84-2	TO095	84	84	2	m'	m'	_	_	_	_	_	linguistic	_	none	SpaceAfter=No	_	_	_	_	_
84-3	TO095	84	84	3	(ha	ha	_	_	_	_	_	linguistic	_	none	_	_	_	_	_	_
84-4	TO095	84	84	4	placcato	placcato	_	_	_	_	_	linguistic	_	none	_	_	_	_	_	_
84-5	TO095	84	84	5	nel	nel	_	_	_	_	_	linguistic	_	none	_	_	_	_	_	_
84-6	TO095	84	84	6	bagno	bagno	_	_	_	_	_	linguistic	_	none	_	_	_	_	_	_
84-7	TO095	84	84	7	del	del	_	_	_	_	_	linguistic	_	none	_	_	_	_	_	_
84-8	TO095	84	84	8	bangla,	bangla	_	_	_	_	_	linguistic	_	none	Intonation=WeaklyRising	End=154.093	_	_	_	_
85-0	TO095	85	85	0	mi	mi	_	_	_	_	_	linguistic	_	none	_	Begin=154.799	_	_	_	_
85-1	TO095	85	85	1	fa,	fa	_	_	_	_	_	linguistic	_	none	Intonation=WeaklyRising	_	_	_	_	_
85-2	TO095	85	85	2	ma	ma	_	_	_	_	_	linguistic	_	none	_	_	_	_	_	_
85-3	TO095	85	85	3	quindi	quindi	_	_	_	_	_	linguistic	_	none	_	_	_	_	_	_
85-4	TO095	85	85	4	carlo	carlo	_	_	_	_	_	linguistic	_	none	_	_	_	_	_	_
85-5	TO095	85	85	5	stasera	stasera	_	_	_	_	_	linguistic	_	none	_	_	_	_	_	_
85-6	TO095	85	85	6	ti	ti	_	_	_	_	_	linguistic	_	none	_	_	_	_	_	_
85-7	TO095	85	85	7	riporta:	riporta	_	_	_	_	_	linguistic	_	none	_	_	6x1	_	_	_
85-8	TO095	85	85	8	a	a	_	_	_	_	_	linguistic	_	none	_	_	_	_	_	_
85-9	TO095	85	85	9	casa?	casa	_	_	_	_	_	linguistic	_	none	Intonation=Rising	End=157.356	_	_	_	_
86-0	TO095	86	86	0	ho	ho	_	_	_	_	_	linguistic	_	none	_	Begin=158.122	_	_	_	_
86-1	TO095	86	86	1	detto	detto	_	_	_	_	_	linguistic	_	none	_	_	_	_	_	_
86-2	TO095	86	86	2	no,	no	_	_	_	_	_	linguistic	_	none	Intonation=WeaklyRising	End=158.627	_	_	_	_
87-0	TO095	87	87	0	perché	perché	_	_	_	_	_	linguistic	_	none	_	Begin=158.679	_	_	_	_
87-1	TO095	87	87	1	carlo	carlo	_	_	_	_	_	linguistic	_	none	_	_	_	_	_	_
87-2	TO095	87	87	2	c'	c'	_	_	_	_	_	linguistic	_	none	SpaceAfter=No	_	_	_	_	_
87-3	TO095	87	87	3	ha	ha	_	_	_	_	_	linguistic	_	none	_	_	_	_	_	_
87-4	TO095	87	87	4	quella	quella	_	_	_	_	_	linguistic	_	none	_	_	_	_	_	_
87-5	TO095	87	87	5	casa	casa	_	_	_	_	_	linguistic	_	none	_	_	_	_	_	_
87-6	TO095	87	87	6	al	al	_	_	_	_	_	linguistic	_	none	_	_	_	_	_	_
87-7	TO095	87	87	7	lago	lago	_	_	_	_	_	linguistic	_	none	_	_	_	_	_	_
87-8	TO095	87	87	8	no?	no	_	_	_	_	_	linguistic	_	none	Intonation=Rising	End=160.194	_	_	_	_
88-0	TO095	88	88	0	vicino	vicino	_	_	_	_	_	linguistic	_	none	_	Begin=160.291	_	_	_	_
88-1	TO095	88	88	1	al,	al	_	_	_	_	_	linguistic	_	none	Intonation=WeaklyRising	_	_	_	_	_
88-2	TO095	88	88	2	cioè	cioè	_	_	_	_	_	linguistic	_	none	_	_	_	_	_	_
88-3	TO095	88	88	3	perugia:,	perugia	_	_	_	_	_	linguistic	_	none	Intonation=WeaklyRising	_	6x1	_	_	_
88-4	TO095	88	88	4	mh	mh	_	_	_	_	_	linguistic	_	none	_	_	_	_	_	_
88-5	TO095	88	88	5	piuttosto	piuttosto	_	_	_	_	_	linguistic	_	none	_	_	_	_	_	_
88-6	TO095	88	88	6	che	che	_	_	_	_	_	linguistic	_	none	_	_	_	_	_	_
88-7	TO095	88	88	7	anda'	anda'	_	_	_	_	_	linguistic	_	none	Truncated=Yes	_	_	_	_	_
88-8	TO095	88	88	8	a	a	_	_	_	_	_	linguistic	_	none	_	_	_	_	_	_
88-9	TO095	88	88	9	assisi,	assisi	_	_	_	_	_	linguistic	_	none	Intonation=WeaklyRising	End=163.259	_	_	_	_
89-0	TO095	89	89	0	e:::hm::	ehm	_	_	_	_	_	linguistic	_	none	_	Begin=163.55|End=165.121	0x3,2x2	_	_	_
90-0	TO095	90	90	0	gli	gli	_	_	_	_	_	linguistic	_	none	_	Begin=165.33	_	_	_	_
90-1	TO095	90	90	1	ho	ho	_	_	_	_	_	linguistic	_	none	_	_	_	_	_	_
90-2	TO095	90	90	2	fatto,	fatto	_	_	_	_	_	linguistic	_	none	Intonation=WeaklyRising	_	_	_	_	_
90-3	TO095	90	90	3	no	no	_	_	_	_	_	linguistic	_	none	_	_	_	_	_	_
90-4	TO095	90	90	4	andiamo	andiamo	_	_	_	_	_	linguistic	_	none	_	_	_	_	_	_
90-5	TO095	90	90	5	al	al	_	_	_	_	_	linguistic	_	none	_	_	_	_	_	_
90-6	TO095	90	90	6	lago	lago	_	_	_	_	_	linguistic	_	none	_	_	_	_	_	_
90-7	TO095	90	90	7	penso	penso	_	_	_	_	_	linguistic	_	none	_	_	_	_	_	_
90-8	TO095	90	90	8	perché	perché	_	_	_	_	_	linguistic	_	none	_	_	_	_	_	_
90-9	TO095	90	90	9	più	più	_	_	_	_	_	linguistic	_	none	_	_	_	_	_	_
90-10	TO095	90	90	10	comodo.	comodo	_	_	_	_	_	linguistic	_	none	Intonation=Falling	_	_	_	_	_
90-11	TO095	90	90	11	ma	ma	_	_	_	_	_	linguistic	_	none	_	_	_	_	_	_
90-12	TO095	90	90	12	mica	mica	_	_	_	_	_	linguistic	_	none	_	End=167.89	_	_	_	_
91-0	TO095	91	91	0	cioè	cioè	_	_	_	_	_	linguistic	_	none	_	Begin=168.13	_	_	_	_
91-1	TO095	91	91	1	io	io	_	_	_	_	_	linguistic	_	none	_	_	_	_	_	_
91-2	TO095	91	91	2	proprio	proprio	_	_	_	_	_	linguistic	_	none	_	_	_	_	_	_
91-3	TO095	91	91	3	con	con	_	_	_	_	_	linguistic	_	none	_	_	_	_	_	_
91-4	TO095	91	91	4	tutta	tutta	_	_	_	_	_	linguistic	_	none	_	_	_	_	_	_
91-5	TO095	91	91	5	la	la	_	_	_	_	_	linguistic	_	none	_	_	_	_	_	_
91-6	TO095	91	91	6	spontaneità	spontaneità	_	_	_	_	_	linguistic	_	none	_	_	_	_	_	_
91-7	TO095	91	91	7	del	del	_	_	_	_	_	linguistic	_	none	_	_	_	_	_	_
91-8	TO095	91	91	8	mondo,	mondo	_	_	_	_	_	linguistic	_	none	Intonation=WeaklyRising	_	_	_	_	_
91-9	TO095	91	91	9	questa	questa	_	_	_	_	_	linguistic	_	none	_	_	_	_	_	_
91-10	TO095	91	91	10	prende,	prende	_	_	_	_	_	linguistic	_	none	Intonation=WeaklyRising	_	_	_	_	_
91-11	TO095	91	91	11	esce,	esce	_	_	_	_	_	linguistic	_	none	Intonation=WeaklyRising	_	_	_	_	_
91-12	TO095	91	91	12	chiude	chiude	_	_	_	_	_	linguistic	_	none	_	_	_	_	_	_
91-13	TO095	91	91	13	la	la	_	_	_	_	_	linguistic	_	none	_	_	_	_	_	_
91-14	TO095	91	91	14	porta	porta	_	_	_	_	_	linguistic	_	none	_	_	_	_	_	_
91-15	TO095	91	91	15	del	del	_	_	_	_	_	linguistic	_	none	_	_	_	_	_	_
91-16	TO095	91	91	16	bagno.	bagno	_	_	_	_	_	linguistic	_	none	Intonation=Falling	End=171.9	_	_	_	_
92-0	TO095	92	92	0	c(io)è	cioè	_	_	_	_	_	linguistic	_	none	Reduced=Yes	Begin=171.954	_	_	_	_
92-1	TO095	92	92	1	è	è	_	_	_	_	_	linguistic	_	none	_	_	_	_	_	_
92-2	TO095	92	92	2	entrata	entrata	_	_	_	_	_	linguistic	_	none	_	_	_	_	_	_
92-3	TO095	92	92	3	per	per	_	_	_	_	_	linguistic	_	none	_	_	_	_	_	_
92-4	TO095	92	92	4	chiedermi	chiedermi	_	_	_	_	_	linguistic	_	none	_	_	_	_	_	_
92-5	TO095	92	92	5	sta	sta	_	_	_	_	_	linguistic	_	none	_	_	_	_	_	_
92-6	TO095	92	92	6	cosa	cosa	_	_	_	_	_	linguistic	_	none	_	_	_	_	_	_
92-7	TO095	92	92	7	e	e	_	_	_	_	_	linguistic	_	none	_	_	_	_	_	_
92-8	TO095	92	92	8	poi	poi	_	_	_	_	_	linguistic	_	none	_	_	_	_	_	_
92-9	TO095	92	92	9	è	è	_	_	_	_	_	linguistic	_	none	_	_	_	_	_	_
92-10	TO095	92	92	10	uscita.	uscita	_	_	_	_	_	linguistic	_	none	Intonation=Falling	End=174.256	_	_	_	_
93-0	TO095	93	93	0	cioè	cioè	_	_	_	_	_	linguistic	_	none	_	Begin=174.5	_	_	_	_
93-1	TO095	93	93	1	io	io	_	_	_	_	_	linguistic	_	none	_	_	_	_	_	_
93-2	TO095	93	93	2	potevo	potevo	_	_	_	_	_	linguistic	_	none	_	_	_	_	_	_
93-3	TO095	93	93	3	esse'	esse'	_	_	_	_	_	linguistic	_	none	Truncated=Yes	_	_	_	_	_
93-4	TO095	93	93	4	nuda,	nuda	_	_	_	_	_	linguistic	_	none	Intonation=WeaklyRising	_	_	_	_	_
93-5	TO095	93	93	5	[pisciare],	pisciare	_	_	_	_	_	linguistic	_	none	Intonation=WeaklyRising	_	_	_	_	0-8(19)
93-6	TO095	93	93	6	cose,	cose	_	_	_	_	_	linguistic	_	none	Intonation=WeaklyRising	_	_	_	_	_
93-7	TO095	93	93	7	no,	no	_	_	_	_	_	linguistic	_	none	Intonation=WeaklyRising	_	_	_	_	_
93-8	TO095	93	93	8	[lei	lei	_	_	_	_	_	linguistic	_	none	_	_	_	_	_	0-3(20)
93-9	TO095	93	93	9	è	è	_	_	_	_	_	linguistic	_	none	_	_	_	_	_	0-1(20)
93-10	TO095	93	93	10	entrata],	entrata	_	_	_	_	_	linguistic	_	none	Intonation=WeaklyRising	End=177.358	_	_	_	0-7(20)
94-0	TO091	94	94	0	[sì	sì	_	_	_	_	_	linguistic	_	none	_	Begin=175.35	_	_	_	0-2(19)
94-1	TO091	94	94	1	certo]	certo	_	_	_	_	_	linguistic	_	none	_	End=176.075	_	_	_	0-5(19)
95-0	TO091	95	95	0	[vabbè]	vabbè	_	_	_	_	_	linguistic	_	none	_	Begin=176.994	_	_	_	0-5(20)
95-1	TO091	95	95	1	è	è	_	_	_	_	_	linguistic	_	none	_	_	_	_	_	_
95-2	TO091	95	95	2	esaurita	esaurita	_	_	_	_	_	linguistic	_	none	_	_	_	_	_	_
95-3	TO091	95	95	3	okay	okay	_	_	_	_	_	linguistic	_	none	_	End=178.187	_	_	_	_
96-0	TO095	96	96	0	così.	così	_	_	_	_	_	linguistic	_	none	Intonation=Falling	Begin=178.254|End=178.59	_	_	_	_
97-0	TO095	97	97	0	apparte	apparte	_	_	_	_	_	linguistic	_	none	_	Begin=179.597	_	_	_	_
97-1	TO095	97	97	1	queste	queste	_	_	_	_	_	linguistic	_	none	_	_	_	_	_	_
97-2	TO095	97	97	2	scene	scene	_	_	_	_	_	linguistic	_	none	_	_	_	_	_	_
97-3	TO095	97	97	3	di	di	_	_	_	_	_	linguistic	_	none	_	_	_	_	_	_
97-4	TO095	97	97	4	lei,	lei	_	_	_	_	_	linguistic	_	none	Intonation=WeaklyRising	_	_	_	_	_
97-5	TO095	97	97	5	però	però	_	_	_	_	_	linguistic	_	none	_	_	_	_	_	_
97-6	TO095	97	97	6	lui	lui	_	_	_	_	_	linguistic	_	none	_	_	_	_	_	_
97-7	TO095	97	97	7	ci	ci	_	_	_	_	_	linguistic	_	none	_	_	_	_	_	_
97-8	TO095	97	97	8	faceva	faceva	_	_	_	_	_	linguistic	_	none	_	_	_	_	_	_
97-9	TO095	97	97	9	il	il	_	_	_	_	_	linguistic	_	none	_	_	_	_	_	_
97-10	TO095	97	97	10	cojone,	cojone	_	_	_	_	_	linguistic	_	none	Intonation=WeaklyRising	_	_	_	_	_
97-11	TO095	97	97	11	capito?	capito	_	_	_	_	_	linguistic	_	none	Intonation=Rising	End=183.07	_	_	_	_
98-0	TO095	98	98	0	s'	s'	_	_	_	_	_	linguistic	_	none	SpaceAfter=No	Begin=183.918	_	_	_	_
98-1	TO095	98	98	1	(abbraccivano,	abbraccivano	_	_	_	_	_	linguistic	_	none	Intonation=WeaklyRising	_	_	_	_	_
98-2	TO095	98	98	2	poi	poi	_	_	_	_	_	linguistic	_	none	_	_	_	_	_	_
98-3	TO095	98	98	3	gli	gli	_	_	_	_	_	linguistic	_	none	_	_	_	_	_	_
98-4	TO095	98	98	4	manda~,	manda~	_	_	_	_	_	linguistic	_	none	Intonation=WeaklyRising|Interrupted=Yes	_	_	_	_	_
98-5	TO095	98	98	5	poi	poi	_	_	_	_	_	linguistic	_	none	_	_	_	_	_	_
98-6	TO095	98	98	6	loro	loro	_	_	_	_	_	linguistic	_	none	_	_	_	_	_	_
98-7	TO095	98	98	7	si	si	_	_	_	_	_	linguistic	_	none	_	_	_	_	_	_
98-8	TO095	98	98	8	scrive~,	scrive~	_	_	_	_	_	linguistic	_	none	Intonation=WeaklyRising|Interrupted=Yes	_	_	_	_	_
98-9	TO095	98	98	9	cioè	cioè	_	_	_	_	_	linguistic	_	none	_	_	_	_	_	_
98-10	TO095	98	98	10	tutto	tutto	_	_	_	_	_	linguistic	_	none	_	_	_	_	_	_
98-11	TO095	98	98	11	il	il	_	_	_	_	_	linguistic	_	none	_	_	_	_	_	_
98-12	TO095	98	98	12	tempo	tempo	_	_	_	_	_	linguistic	_	none	_	_	_	_	_	_
98-13	TO095	98	98	13	che	che	_	_	_	_	_	linguistic	_	none	_	_	_	_	_	_
98-14	TO095	98	98	14	stava	stava	_	_	_	_	_	linguistic	_	none	_	_	_	_	_	_
98-15	TO095	98	98	15	con	con	_	_	_	_	_	linguistic	_	none	_	_	_	_	_	_
98-16	TO095	98	98	16	me,	me	_	_	_	_	_	linguistic	_	none	Intonation=WeaklyRising	_	_	_	_	_
98-17	TO095	98	98	17	parlava	parlava	_	_	_	_	_	linguistic	_	none	_	_	_	_	_	_
98-18	TO095	98	98	18	al	al	_	_	_	_	_	linguistic	_	none	_	_	_	_	_	_
98-19	TO095	98	98	19	telefono	telefono	_	_	_	_	_	linguistic	_	none	_	_	_	_	_	_
98-20	TO095	98	98	20	con	con	_	_	_	_	_	linguistic	_	none	_	_	_	_	_	_
98-21	TO095	98	98	21	lei.	lei	_	_	_	_	_	linguistic	_	none	Intonation=Falling	End=188.99	_	_	_	_
99-0	TO095	99	99	0	e,	e	_	_	_	_	_	linguistic	_	none	Intonation=WeaklyRising	Begin=189.779	_	_	_	_
99-1	TO095	99	99	1	parlava	parlava	_	_	_	_	_	linguistic	_	none	_	_	_	_	_	_
99-2	TO095	99	99	2	al	al	_	_	_	_	_	linguistic	_	none	_	_	_	_	_	_
99-3	TO095	99	99	3	telefono	telefono	_	_	_	_	_	linguistic	_	none	_	_	_	_	_	_
99-4	TO095	99	99	4	tipo,	tipo	_	_	_	_	_	linguistic	_	none	Intonation=WeaklyRising	End=191.11	_	_	_	_
100-0	TO095	100	100	0	tornamo	tornamo	_	_	_	_	_	linguistic	_	none	_	Begin=191.781	_	_	_	_
100-1	TO095	100	100	1	dal	dal	_	_	_	_	_	linguistic	_	none	_	_	_	_	_	_
100-2	TO095	100	100	2	centro	centro	_	_	_	_	_	linguistic	_	none	_	_	_	_	_	_
100-3	TO095	100	100	3	alle	alle	_	_	_	_	_	linguistic	_	none	_	_	_	_	_	_
100-4	TO095	100	100	4	due	due	_	_	_	_	_	linguistic	_	none	_	_	_	_	_	_
100-5	TO095	100	100	5	di	di	_	_	_	_	_	linguistic	_	none	_	_	_	_	_	_
100-6	TO095	100	100	6	notte,	notte	_	_	_	_	_	linguistic	_	none	Intonation=WeaklyRising	_	_	_	_	_
100-7	TO095	100	100	7	lei	lei	_	_	_	_	_	linguistic	_	none	_	_	_	_	_	_
100-8	TO095	100	100	8	gli	gli	_	_	_	_	_	linguistic	_	none	_	_	_	_	_	_
100-9	TO095	100	100	9	scriveva,	scriveva	_	_	_	_	_	linguistic	_	none	Intonation=WeaklyRising	_	_	_	_	_
100-10	TO095	100	100	10	ci	ci	_	_	_	_	_	linguistic	_	none	_	_	_	_	_	_
100-11	TO095	100	100	11	vediamo,	vediamo	_	_	_	_	_	linguistic	_	none	Intonation=WeaklyRising	End=194.88	_	_	_	_
101-0	TO095	101	101	0	e	e	_	_	_	_	_	linguistic	_	none	_	Begin=195.676	_	_	_	_
101-1	TO095	101	101	1	lei	lei	_	_	_	_	_	linguistic	_	none	_	_	_	_	_	_
101-2	TO095	101	101	2	vedeva	vedeva	_	_	_	_	_	linguistic	_	none	_	_	_	_	_	_
101-3	TO095	101	101	3	[che	che	_	_	_	_	_	linguistic	_	none	_	_	_	_	_	0-3(21)
101-4	TO095	101	101	4	tornava	tornava	_	_	_	_	_	linguistic	_	none	_	_	_	_	_	0-7(21)
101-5	TO095	101	101	5	con	con	_	_	_	_	_	linguistic	_	none	_	_	_	_	_	0-3(21)
101-6	TO095	101	101	6	me]	me	_	_	_	_	_	linguistic	_	none	_	End=197.41	_	_	_	0-2(21)
102-0	TO085	102	102	0	[si	si	_	_	_	_	_	linguistic	_	none	_	Begin=196.147	_	_	_	0-2(21)
102-1	TO085	102	102	1	vabbè	vabbè	_	_	_	_	_	linguistic	_	none	_	_	_	_	_	0-5(21)
102-2	TO085	102	102	2	ma	ma	_	_	_	_	_	linguistic	_	none	_	_	_	_	_	0-2(21)
102-3	TO085	102	102	3	dai::]	dai	_	_	_	_	_	linguistic	_	none	_	End=197.77	2x2	_	_	0-3(21)
103-0	TO091	103	103	0	madonna	madonna	_	_	_	_	_	linguistic	_	none	_	Begin=197.93|End=198.74	_	_	_	_
104-0	TO095	104	104	0	oppure	oppure	_	_	_	_	_	linguistic	_	none	_	Begin=198.803	_	_	_	_
104-1	TO095	104	104	1	gli	gli	_	_	_	_	_	linguistic	_	none	_	_	_	_	_	_
104-2	TO095	104	104	2	scriveva,	scriveva	_	_	_	_	_	linguistic	_	none	Intonation=WeaklyRising	_	_	_	_	_
104-3	TO095	104	104	3	c'	c'	_	_	_	_	_	linguistic	_	none	SpaceAfter=No	_	_	_	_	_
104-4	TO095	104	104	4	ho	ho	_	_	_	_	_	linguistic	_	none	_	_	_	_	_	_
104-5	TO095	104	104	5	casa	casa	_	_	_	_	_	linguistic	_	none	_	_	_	_	_	_
104-6	TO095	104	104	6	libera,	libera	_	_	_	_	_	linguistic	_	none	Intonation=WeaklyRising	_	_	_	_	_
104-7	TO095	104	104	7	oppure	oppure	_	_	_	_	_	linguistic	_	none	_	_	_	_	_	_
104-8	TO095	104	104	8	gli	gli	_	_	_	_	_	linguistic	_	none	_	_	_	_	_	_
104-9	TO095	104	104	9	scriveva,	scriveva	_	_	_	_	_	linguistic	_	none	Intonation=WeaklyRising	_	_	_	_	_
104-10	TO095	104	104	10	a	a	_	_	_	_	_	linguistic	_	none	_	_	_	_	_	_
104-11	TO095	104	104	11	'na	'na	_	_	_	_	_	linguistic	_	none	Truncated=Yes	_	_	_	_	_
104-12	TO095	104	104	12	certa	certa	_	_	_	_	_	linguistic	_	none	_	_	_	_	_	_
104-13	TO095	104	104	13	ha	ha	_	_	_	_	_	linguistic	_	none	_	_	_	_	_	_
104-14	TO095	104	104	14	iniziato	iniziato	_	_	_	_	_	linguistic	_	none	_	_	_	_	_	_
104-15	TO095	104	104	15	a	a	_	_	_	_	_	linguistic	_	none	_	_	_	_	_	_
104-16	TO095	104	104	16	dije	dije	_	_	_	_	_	linguistic	_	none	_	_	_	_	_	_
104-17	TO095	104	104	17	tipo,	tipo	_	_	_	_	_	linguistic	_	none	Intonation=WeaklyRising	End=202.96	_	_	_	_
105-0	TO095	105	105	0	cose,	cose	_	_	_	_	_	linguistic	_	none	Intonation=WeaklyRising	Begin=203.486	_	_	_	_
105-1	TO095	105	105	1	andiamo	andiamo	_	_	_	_	_	linguistic	_	none	_	_	_	_	_	_
105-2	TO095	105	105	2	a	a	_	_	_	_	_	linguistic	_	none	_	_	_	_	_	_
105-3	TO095	105	105	3	mangia'	mangia'	_	_	_	_	_	linguistic	_	none	Truncated=Yes	_	_	_	_	_
105-4	TO095	105	105	4	un	un	_	_	_	_	_	linguistic	_	none	_	_	_	_	_	_
105-5	TO095	105	105	5	panino	panino	_	_	_	_	_	linguistic	_	none	_	_	_	_	_	_
105-6	TO095	105	105	6	che	che	_	_	_	_	_	linguistic	_	none	_	_	_	_	_	_
105-7	TO095	105	105	7	[sto	sto	_	_	_	_	_	linguistic	_	none	_	_	_	_	_	0-3(22)
105-8	TO095	105	105	8	in	in	_	_	_	_	_	linguistic	_	none	_	_	_	_	_	0-2(22)
105-9	TO095	105	105	9	chimica],	chimica	_	_	_	_	_	linguistic	_	none	Intonation=WeaklyRising	End=206.701	_	_	_	0-7(22)
106-0	TO085	106	106	0	[si	si	_	_	_	_	_	linguistic	_	none	_	Begin=206.27	_	_	_	0-2(22)
106-1	TO085	106	106	1	ma],	ma	_	_	_	_	_	linguistic	_	none	Intonation=WeaklyRising	_	_	_	_	0-2(22)
106-2	TO085	106	106	2	lui	lui	_	_	_	_	_	linguistic	_	none	_	_	_	_	_	_
106-3	TO085	106	106	3	rispondeva?	rispondeva	_	_	_	_	_	linguistic	_	none	Intonation=Rising	End=207.75	_	_	_	_
107-0	TO095	107	107	0	io	io	_	_	_	_	_	linguistic	_	none	_	Begin=207.819	_	_	_	_
107-1	TO095	107	107	1	so'	so'	_	_	_	_	_	linguistic	_	none	Truncated=Yes	_	_	_	_	_
107-2	TO095	107	107	2	curiosa,	curiosa	_	_	_	_	_	linguistic	_	none	Intonation=WeaklyRising	_	_	_	_	_
107-3	TO095	107	107	3	xxx,	xxx	_	_	_	_	_	linguistic	_	none	Intonation=WeaklyRising	_	_	_	_	_
107-4	TO095	107	107	4	davanti	davanti	_	_	_	_	_	linguistic	_	none	_	_	_	_	_	_
107-5	TO095	107	107	5	a	a	_	_	_	_	_	linguistic	_	none	_	_	_	_	_	_
107-6	TO095	107	107	6	me	me	_	_	_	_	_	linguistic	_	none	_	_	_	_	_	_
107-7	TO095	107	107	7	no	no	_	_	_	_	_	linguistic	_	none	_	End=209.713	_	_	_	_
108-0	TO095	108	108	0	perché	perché	_	_	_	_	_	linguistic	_	none	_	Begin=209.751	_	_	_	_
108-1	TO095	108	108	1	ovviamente	ovviamente	_	_	_	_	_	linguistic	_	none	_	_	_	_	_	_
108-2	TO095	108	108	2	no	no	_	_	_	_	_	linguistic	_	none	_	End=210.662	_	_	_	_
109-0	TO091	109	109	0	vabbè	vabbè	_	_	_	_	_	linguistic	_	none	_	Begin=210.901	_	_	_	_
109-1	TO091	109	109	1	un	un	_	_	_	_	_	linguistic	_	none	_	_	_	_	_	_
109-2	TO091	109	109	2	po'	po'	_	_	_	_	_	linguistic	_	none	_	_	_	_	_	_
109-3	TO091	109	109	3	de	de	_	_	_	_	_	linguistic	_	none	_	_	_	_	_	_
109-4	TO091	109	109	4	pudore	pudore	_	_	_	_	_	linguistic	_	none	_	_	_	_	_	_
109-5	TO091	109	109	5	almeno	almeno	_	_	_	_	_	linguistic	_	none	_	End=212.091	_	_	_	_
110-0	TO095	110	110	0	però	però	_	_	_	_	_	linguistic	_	none	_	Begin=212.13	_	_	_	_
110-1	TO095	110	110	1	so'	so'	_	_	_	_	_	linguistic	_	none	Truncated=Yes	_	_	_	_	_
110-2	TO095	110	110	2	curiosa	curiosa	_	_	_	_	_	linguistic	_	none	_	_	_	_	_	_
110-3	TO095	110	110	3	de	de	_	_	_	_	_	linguistic	_	none	_	_	_	_	_	_
110-4	TO095	110	110	4	sape'	sape'	_	_	_	_	_	linguistic	_	none	Truncated=Yes	_	_	_	_	_
110-5	TO095	110	110	5	che	che	_	_	_	_	_	linguistic	_	none	_	_	_	_	_	_
110-6	TO095	110	110	6	cazzo	cazzo	_	_	_	_	_	linguistic	_	none	_	_	_	_	_	_
110-7	TO095	110	110	7	gli	gli	_	_	_	_	_	linguistic	_	none	_	_	_	_	_	_
110-8	TO095	110	110	8	rispondeva,	rispondeva	_	_	_	_	_	linguistic	_	none	Intonation=WeaklyRising	_	_	_	_	_
110-9	TO095	110	110	9	e	e	_	_	_	_	_	linguistic	_	none	_	_	_	_	_	_
110-10	TO095	110	110	10	quindi	quindi	_	_	_	_	_	linguistic	_	none	_	_	_	_	_	_
110-11	TO095	110	110	11	in	in	_	_	_	_	_	linguistic	_	none	_	_	_	_	_	_
110-12	TO095	110	110	12	quei	quei	_	_	_	_	_	linguistic	_	none	_	_	_	_	_	_
110-13	TO095	110	110	13	momenti	momenti	_	_	_	_	_	linguistic	_	none	_	_	_	_	_	_
110-14	TO095	110	110	14	me	me	_	_	_	_	_	linguistic	_	none	_	_	_	_	_	_
110-15	TO095	110	110	15	girava	girava	_	_	_	_	_	linguistic	_	none	_	_	_	_	_	_
110-16	TO095	110	110	16	il	il	_	_	_	_	_	linguistic	_	none	_	_	_	_	_	_
110-17	TO095	110	110	17	cazzo	cazzo	_	_	_	_	_	linguistic	_	none	_	End=216.087	_	_	_	_
111-0	TO095	111	111	0	[pure	pure	_	_	_	_	_	linguistic	_	none	_	Begin=216.124	_	_	_	0-4(23)
111-1	TO095	111	111	1	in	in	_	_	_	_	_	linguistic	_	none	_	_	_	_	_	0-2(23)
111-2	TO095	111	111	2	centro	centro	_	_	_	_	_	linguistic	_	none	_	_	_	_	_	0-6(23)
111-3	TO095	111	111	3	quando]	quando	_	_	_	_	_	linguistic	_	none	_	_	_	_	_	0-6(23)
111-4	TO095	111	111	4	ho	ho	_	_	_	_	_	linguistic	_	none	_	_	_	_	_	_
111-5	TO095	111	111	5	visto	visto	_	_	_	_	_	linguistic	_	none	_	_	_	_	_	_
111-6	TO095	111	111	6	te,	te	_	_	_	_	_	linguistic	_	none	Intonation=WeaklyRising	End=217.393	_	_	_	_
112-0	TO085	112	112	0	[beh	beh	_	_	_	_	_	linguistic	_	none	_	Begin=216.193	_	_	_	0-3(23)
112-1	TO085	112	112	1	ma	ma	_	_	_	_	_	linguistic	_	none	_	_	_	_	_	0-2(23)
112-2	TO085	112	112	2	certo]	certo	_	_	_	_	_	linguistic	_	none	_	End=217.01	_	_	_	0-5(23)
113-0	TO095	113	113	0	lì	lì	_	_	_	_	_	linguistic	_	none	_	Begin=217.473	_	_	_	_
113-1	TO095	113	113	1	per	per	_	_	_	_	_	linguistic	_	none	_	_	_	_	_	_
113-2	TO095	113	113	2	lì,	lì	_	_	_	_	_	linguistic	_	none	Intonation=WeaklyRising|PauseAfter=Yes	_	_	_	_	_
113-3	TO095	113	113	3	{P}	{P}	_	_	_	_	_	shortpause	_	none	_	_	_	_	_	_
113-4	TO095	113	113	4	eran	eran	_	_	_	_	_	linguistic	_	none	_	_	_	_	_	_
113-5	TO095	113	113	5	loro	loro	_	_	_	_	_	linguistic	_	none	_	_	_	_	_	_
113-6	TO095	113	113	6	due,	due	_	_	_	_	_	linguistic	_	none	Intonation=WeaklyRising	End=219.84	_	_	_	_
114-0	TO095	114	114	0	appartati	appartati	_	_	_	_	_	linguistic	_	none	_	Begin=220.21	_	_	_	_
114-1	TO095	114	114	1	a	a	_	_	_	_	_	linguistic	_	none	_	_	_	_	_	_
114-2	TO095	114	114	2	dirsi	dirsi	_	_	_	_	_	linguistic	_	none	_	_	_	_	_	_
114-3	TO095	114	114	3	le	le	_	_	_	_	_	linguistic	_	none	_	_	_	_	_	_
114-4	TO095	114	114	4	cose,	cose	_	_	_	_	_	linguistic	_	none	Intonation=WeaklyRising	_	_	_	_	_
114-5	TO095	114	114	5	non	non	_	_	_	_	_	linguistic	_	none	_	_	_	_	_	_
114-6	TO095	114	114	6	so	so	_	_	_	_	_	linguistic	_	none	_	_	_	_	_	_
114-7	TO095	114	114	7	cosa,	cosa	_	_	_	_	_	linguistic	_	none	Intonation=WeaklyRising	End=222.49	_	_	_	_
115-0	TO091	115	115	0	si	si	_	_	_	_	_	linguistic	_	none	_	Begin=222.636	_	_	_	_
115-1	TO091	115	115	1	però	però	_	_	_	_	_	linguistic	_	none	_	_	_	_	_	_
115-2	TO091	115	115	2	pensa	pensa	_	_	_	_	_	linguistic	_	none	_	_	_	_	_	_
115-3	TO091	115	115	3	(u)n	un	_	_	_	_	_	linguistic	_	none	_	_	_	_	0-1(0)	_
115-4	TO091	115	115	4	attimo	attimo	_	_	_	_	_	linguistic	_	none	_	_	_	_	_	_
115-5	TO091	115	115	5	anche	anche	_	_	_	_	_	linguistic	_	none	_	_	_	_	_	_
115-6	TO091	115	115	6	a	a	_	_	_	_	_	linguistic	_	none	_	_	_	_	_	_
115-7	TO091	115	115	7	lei	lei	_	_	_	_	_	linguistic	_	none	_	End=224.427	_	_	_	_
116-0	TO091	116	116	0	c(io)è	cioè	_	_	_	_	_	linguistic	_	none	Reduced=Yes	Begin=224.516	_	_	_	_
116-1	TO091	116	116	1	io	io	_	_	_	_	_	linguistic	_	none	_	_	_	_	_	_
116-2	TO091	116	116	2	n'	n'	_	_	_	_	_	linguistic	_	none	SpaceAfter=No	_	_	_	_	_
116-3	TO091	116	116	3	ho	ho	_	_	_	_	_	linguistic	_	none	_	_	_	_	_	_
116-4	TO091	116	116	4	capito	capito	_	_	_	_	_	linguistic	_	none	_	_	_	_	_	_
116-5	TO091	116	116	5	[che	che	_	_	_	_	_	linguistic	_	none	_	_	_	_	_	0-3(24)
116-6	TO091	116	116	6	cazzo	cazzo	_	_	_	_	_	linguistic	_	none	_	_	_	_	_	0-5(24)
116-7	TO091	116	116	7	de	de	_	_	_	_	_	linguistic	_	none	_	_	_	_	_	0-2(24)
116-8	TO091	116	116	8	rapporto	rapporto	_	_	_	_	_	linguistic	_	none	_	_	_	_	_	0-8(24)
116-9	TO091	116	116	9	c'	c'	_	_	_	_	_	linguistic	_	none	SpaceAfter=No	_	_	_	_	0-2(24)
116-10	TO091	116	116	10	hanno]	hanno	_	_	_	_	_	linguistic	_	none	_	End=226.898	_	_	_	0-4(24)
117-0	TO095	117	117	0	[lei	lei	_	_	_	_	_	linguistic	_	none	_	Begin=225.66	_	_	_	0-3(24)
117-1	TO095	117	117	1	io	io	_	_	_	_	_	linguistic	_	none	_	_	_	_	_	0-2(24)
117-2	TO095	117	117	2	non	non	_	_	_	_	_	linguistic	_	none	_	_	_	_	_	0-3(24)
117-3	TO095	117	117	3	lo	lo	_	_	_	_	_	linguistic	_	none	_	_	_	_	_	0-2(24)
117-4	TO095	117	117	4	so],	so	_	_	_	_	_	linguistic	_	none	Intonation=WeaklyRising	End=226.94	_	_	_	0-2(24)
118-0	TO095	118	118	0	ma	ma	_	_	_	_	_	linguistic	_	none	_	Begin=227.079	_	_	_	_
118-1	TO095	118	118	1	capisci	capisci	_	_	_	_	_	linguistic	_	none	_	_	_	_	_	_
118-2	TO095	118	118	2	che	che	_	_	_	_	_	linguistic	_	none	_	_	_	_	_	_
118-3	TO095	118	118	3	io	io	_	_	_	_	_	linguistic	_	none	_	_	_	_	_	_
118-4	TO095	118	118	4	so'	so'	_	_	_	_	_	linguistic	_	none	Truncated=Yes	_	_	_	_	_
118-5	TO095	118	118	5	arrivata	arrivata	_	_	_	_	_	linguistic	_	none	_	_	_	_	_	_
118-6	TO095	118	118	6	che	che	_	_	_	_	_	linguistic	_	none	_	_	_	_	_	_
118-7	TO095	118	118	7	non	non	_	_	_	_	_	linguistic	_	none	_	_	_	_	_	_
118-8	TO095	118	118	8	sapevo	sapevo	_	_	_	_	_	linguistic	_	none	_	_	_	_	_	_
118-9	TO095	118	118	9	manco	manco	_	_	_	_	_	linguistic	_	none	_	_	_	_	_	_
118-10	TO095	118	118	10	l'	l'	_	_	_	_	_	linguistic	_	none	SpaceAfter=No	_	_	_	_	_
118-11	TO095	118	118	11	esistenza	esistenza	_	_	_	_	_	linguistic	_	none	_	_	_	_	_	_
118-12	TO095	118	118	12	di	di	_	_	_	_	_	linguistic	_	none	_	_	_	_	_	_
118-13	TO095	118	118	13	questa,	questa	_	_	_	_	_	linguistic	_	none	Intonation=WeaklyRising	_	_	_	_	_
118-14	TO095	118	118	14	quindi	quindi	_	_	_	_	_	linguistic	_	none	_	_	_	_	_	_
118-15	TO095	118	118	15	n'	n'	_	_	_	_	_	linguistic	_	none	SpaceAfter=No	_	_	_	_	_
118-16	TO095	118	118	16	è	è	_	_	_	_	_	linguistic	_	none	_	_	_	_	_	_
118-17	TO095	118	118	17	che	che	_	_	_	_	_	linguistic	_	none	_	_	_	_	_	_
118-18	TO095	118	118	18	metto	metto	_	_	_	_	_	linguistic	_	none	_	_	_	_	_	_
118-19	TO095	118	118	19	a	a	_	_	_	_	_	linguistic	_	none	_	_	_	_	_	_
118-20	TO095	118	118	20	fa',	fa'	_	_	_	_	_	linguistic	_	none	Intonation=WeaklyRising|Truncated=Yes	_	_	_	_	_
118-21	TO095	118	118	21	poi	poi	_	_	_	_	_	linguistic	_	none	_	_	_	_	_	_
118-22	TO095	118	118	22	a	a	_	_	_	_	_	linguistic	_	none	_	_	_	_	_	_
118-23	TO095	118	118	23	me	me	_	_	_	_	_	linguistic	_	none	_	_	_	_	_	_
118-24	TO095	118	118	24	che	che	_	_	_	_	_	linguistic	_	none	_	_	_	_	_	_
118-25	TO095	118	118	25	me	me	_	_	_	_	_	linguistic	_	none	_	_	_	_	_	_
118-26	TO095	118	118	26	frega	frega	_	_	_	_	_	linguistic	_	none	_	_	_	_	_	4-5(25)
118-27	TO095	118	118	27	[di	di	_	_	_	_	_	linguistic	_	none	_	_	_	_	_	0-2(25)
118-28	TO095	118	118	28	lei]	lei	_	_	_	_	_	linguistic	_	none	_	End=232.162	_	_	_	0-2(25)
119-0	TO091	119	119	0	[no::]	no	_	_	_	_	_	linguistic	_	none	_	Begin=231.865	1x2	_	_	0-2(25)
119-1	TO091	119	119	1	ma	ma	_	_	_	_	_	linguistic	_	none	_	_	_	_	_	_
119-2	TO091	119	119	2	un	un	_	_	_	_	_	linguistic	_	none	_	_	_	_	_	_
119-3	TO091	119	119	3	cazzo,	cazzo	_	_	_	_	_	linguistic	_	none	Intonation=WeaklyRising	_	_	_	_	_
119-4	TO091	119	119	4	però	però	_	_	_	_	_	linguistic	_	none	_	_	_	_	_	_
119-5	TO091	119	119	5	ti	ti	_	_	_	_	_	linguistic	_	none	_	_	_	_	_	_
119-6	TO091	119	119	6	dico,	dico	_	_	_	_	_	linguistic	_	none	Intonation=WeaklyRising	_	_	_	_	_
119-7	TO091	119	119	7	[allo	allo	_	_	_	_	_	linguistic	_	none	_	_	_	_	_	0-4(91)
119-8	TO091	119	119	8	stesso	stesso	_	_	_	_	_	linguistic	_	none	_	_	_	_	_	0-6(91)
119-9	TO091	119	119	9	modo	modo	_	_	_	_	_	linguistic	_	none	_	_	_	_	_	0-4(91)
119-10	TO091	119	119	10	lei	lei	_	_	_	_	_	linguistic	_	none	_	_	_	_	_	0-3(91)
119-11	TO091	119	119	11	ce	ce	_	_	_	_	_	linguistic	_	none	_	_	_	_	_	0-2(91)
119-12	TO091	119	119	12	può	può	_	_	_	_	_	linguistic	_	none	_	_	_	_	_	0-3(91)
119-13	TO091	119	119	13	avè	avè	_	_	_	_	_	linguistic	_	none	_	_	_	_	_	0-3(91)
119-14	TO091	119	119	14	le	le	_	_	_	_	_	linguistic	_	none	_	_	_	_	_	0-2(91)
119-15	TO091	119	119	15	scenate	scenate	_	_	_	_	_	linguistic	_	none	_	_	_	_	_	0-7(91)
119-16	TO091	119	119	16	di	di	_	_	_	_	_	linguistic	_	none	_	_	_	_	_	0-2(91)
119-17	TO091	119	119	17	gelosia	gelosia	_	_	_	_	_	linguistic	_	none	_	_	_	_	_	0-7(91)
119-18	TO091	119	119	18	che	che	_	_	_	_	_	linguistic	_	none	_	_	_	_	_	0-3(91)
119-19	TO091	119	119	19	fai]	fai	_	_	_	_	_	linguistic	_	none	_	_	_	_	_	0-3(91)
119-20	TO091	119	119	20	tu	tu	_	_	_	_	_	linguistic	_	none	_	End=236.283	_	_	_	_
120-0	TO095	120	120	0	[xxxx]	xxxx	_	_	_	_	_	unknown	_	none	Syllables=4	Begin=233.439|End=235.3	_	_	_	0-4(91)
121-0	TO085	121	121	0	[sì	sì	_	_	_	_	_	linguistic	_	none	_	Begin=235.06	_	_	_	0-2(91)
121-1	TO085	121	121	1	esatto]	esatto	_	_	_	_	_	linguistic	_	none	_	End=236.15	_	_	_	0-6(91)
122-0	TO091	122	122	0	c(io)è	cioè	_	_	_	_	_	linguistic	_	none	Reduced=Yes	Begin=236.524	_	_	_	_
122-1	TO091	122	122	1	[nel	nel	_	_	_	_	_	linguistic	_	none	_	_	_	_	_	0-3(26)
122-2	TO091	122	122	2	senso	senso	_	_	_	_	_	linguistic	_	none	_	_	_	_	_	0-5(26)
122-3	TO091	122	122	3	capito],	capito	_	_	_	_	_	linguistic	_	none	Intonation=WeaklyRising	End=237.572	_	_	_	0-6(26)
123-0	TO095	123	123	0	[ma	ma	_	_	_	_	_	linguistic	_	none	_	Begin=236.773	_	_	_	0-2(26)
123-1	TO095	123	123	1	io	io	_	_	_	_	_	linguistic	_	none	_	_	_	_	_	0-2(26)
123-2	TO095	123	123	2	non	non	_	_	_	_	_	linguistic	_	none	_	_	_	_	_	0-3(26)
123-3	TO095	123	123	3	ce	ce	_	_	_	_	_	linguistic	_	none	_	_	_	_	_	0-2(26)
123-4	TO095	123	123	4	l'	l'	_	_	_	_	_	linguistic	_	none	SpaceAfter=No	_	_	_	_	0-2(26)
123-5	TO095	123	123	5	ho]	ho	_	_	_	_	_	linguistic	_	none	_	_	_	_	_	0-2(26)
123-6	TO095	123	123	6	con	con	_	_	_	_	_	linguistic	_	none	_	_	_	_	_	_
123-7	TO095	123	123	7	lei,	lei	_	_	_	_	_	linguistic	_	none	Intonation=WeaklyRising	_	_	_	_	_
123-8	TO095	123	123	8	infatti	infatti	_	_	_	_	_	linguistic	_	none	_	End=238.55	_	_	_	_
124-0	TO095	124	124	0	[cioè	cioè	_	_	_	_	_	linguistic	_	none	_	Begin=238.731	_	_	_	0-4(27)
124-1	TO095	124	124	1	io	io	_	_	_	_	_	linguistic	_	none	_	_	_	_	_	0-2(27)
124-2	TO095	124	124	2	da	da	_	_	_	_	_	linguistic	_	none	_	_	_	_	_	0-2(27)
124-3	TO095	124	124	3	lei],	lei	_	_	_	_	_	linguistic	_	none	Intonation=WeaklyRising	End=239.65	_	_	_	0-3(27)
125-0	TO091	125	125	0	[ma	ma	_	_	_	_	_	linguistic	_	none	_	Begin=238.749	_	_	_	0-2(27)
125-1	TO091	125	125	1	infatti	infatti	_	_	_	_	_	linguistic	_	none	_	_	_	_	_	0-7(27)
125-2	TO091	125	125	2	manco]	manco	_	_	_	_	_	linguistic	_	none	_	_	_	_	_	0-5(27)
125-3	TO091	125	125	3	lei	lei	_	_	_	_	_	linguistic	_	none	_	_	_	_	_	_
125-4	TO091	125	125	4	'n	'n	_	_	_	_	_	linguistic	_	none	Truncated=Yes	_	_	_	_	_
125-5	TO091	125	125	5	ce	ce	_	_	_	_	_	linguistic	_	none	_	_	_	_	_	_
125-6	TO091	125	125	6	l'	l'	_	_	_	_	_	linguistic	_	none	SpaceAfter=No	_	_	_	_	_
125-7	TO091	125	125	7	avrà	avrà	_	_	_	_	_	linguistic	_	none	_	_	_	_	_	_
125-8	TO091	125	125	8	[con	con	_	_	_	_	_	linguistic	_	none	_	_	_	_	_	0-3(28)
125-9	TO091	125	125	9	te]	te	_	_	_	_	_	linguistic	_	none	_	End=240.823	_	_	_	0-2(28)
126-0	TO095	126	126	0	[solo]	solo	_	_	_	_	_	linguistic	_	none	_	Begin=240.431	_	_	_	0-4(28)
126-1	TO095	126	126	1	m'	m'	_	_	_	_	_	linguistic	_	none	SpaceAfter=No	_	_	_	_	_
126-2	TO095	126	126	2	(ha	ha	_	_	_	_	_	linguistic	_	none	_	_	_	_	_	_
126-3	TO095	126	126	3	fatto	fatto	_	_	_	_	_	linguistic	_	none	_	_	_	_	_	_
126-4	TO095	126	126	4	ansia	ansia	_	_	_	_	_	linguistic	_	none	_	_	_	_	_	_
126-5	TO095	126	126	5	che	che	_	_	_	_	_	linguistic	_	none	_	_	_	_	_	_
126-6	TO095	126	126	6	lei	lei	_	_	_	_	_	linguistic	_	none	_	_	_	_	_	_
126-7	TO095	126	126	7	è	è	_	_	_	_	_	linguistic	_	none	_	_	_	_	_	_
126-8	TO095	126	126	8	entrata,	entrata	_	_	_	_	_	linguistic	_	none	Intonation=WeaklyRising	End=242.172	_	_	_	_
127-0	TO095	127	127	0	no	no	_	_	_	_	_	linguistic	_	none	_	Begin=242.236	_	_	_	_
127-1	TO095	127	127	1	ma	ma	_	_	_	_	_	linguistic	_	none	_	_	_	_	_	_
127-2	TO095	127	127	2	che,	che	_	_	_	_	_	linguistic	_	none	Intonation=WeaklyRising	End=242.91	_	_	_	_
128-0	TO095	128	128	0	che	che	_	_	_	_	_	linguistic	_	none	_	Begin=243.468	_	_	_	_
128-1	TO095	128	128	1	è	è	_	_	_	_	_	linguistic	_	none	_	_	_	_	_	_
128-2	TO095	128	128	2	entrata,	entrata	_	_	_	_	_	linguistic	_	none	Intonation=WeaklyRising	_	_	_	_	_
128-3	TO095	128	128	3	e	e	_	_	_	_	_	linguistic	_	none	_	_	_	_	_	_
128-4	TO095	128	128	4	m'	m'	_	_	_	_	_	linguistic	_	none	SpaceAfter=No	_	_	_	_	_
128-5	TO095	128	128	5	(ha	ha	_	_	_	_	_	linguistic	_	none	_	_	_	_	_	_
128-6	TO095	128	128	6	detto	detto	_	_	_	_	_	linguistic	_	none	_	_	_	_	_	_
128-7	TO095	128	128	7	sta	sta	_	_	_	_	_	linguistic	_	none	_	_	_	_	_	_
128-8	TO095	128	128	8	cosa,	cosa	_	_	_	_	_	linguistic	_	none	Intonation=WeaklyRising	_	_	_	_	_
128-9	TO095	128	128	9	che	che	_	_	_	_	_	linguistic	_	none	_	_	_	_	_	_
128-10	TO095	128	128	10	m'	m'	_	_	_	_	_	linguistic	_	none	SpaceAfter=No	_	_	_	_	_
128-11	TO095	128	128	11	(ha::,	ha	_	_	_	_	_	linguistic	_	none	Intonation=WeaklyRising	_	1x2	_	_	_
128-12	TO095	128	128	12	non	non	_	_	_	_	_	linguistic	_	none	_	_	_	_	_	_
128-13	TO095	128	128	13	sa	sa	_	_	_	_	_	linguistic	_	none	_	_	_	_	_	_
128-14	TO095	128	128	14	manco	manco	_	_	_	_	_	linguistic	_	none	_	_	_	_	_	_
128-15	TO095	128	128	15	il	il	_	_	_	_	_	linguistic	_	none	_	_	_	_	_	_
128-16	TO095	128	128	16	mi	mi	_	_	_	_	_	linguistic	_	none	_	_	_	_	_	_
128-17	TO095	128	128	17	nome,	nome	_	_	_	_	_	linguistic	_	none	Intonation=WeaklyRising	_	_	_	_	_
128-18	TO095	128	128	18	non	non	_	_	_	_	_	linguistic	_	none	_	_	_	_	_	_
128-19	TO095	128	128	19	sa	sa	_	_	_	_	_	linguistic	_	none	_	_	_	_	_	_
128-20	TO095	128	128	20	niente,	niente	_	_	_	_	_	linguistic	_	none	Intonation=WeaklyRising	_	_	_	_	_
128-21	TO095	128	128	21	e	e	_	_	_	_	_	linguistic	_	none	_	_	_	_	_	_
128-22	TO095	128	128	22	m'	m'	_	_	_	_	_	linguistic	_	none	SpaceAfter=No	_	_	_	_	_
128-23	TO095	128	128	23	(ha	ha	_	_	_	_	_	linguistic	_	none	_	_	_	_	_	_
128-24	TO095	128	128	24	detto,	detto	_	_	_	_	_	linguistic	_	none	Intonation=WeaklyRising	_	_	_	_	_
128-25	TO095	128	128	25	quindi	quindi	_	_	_	_	_	linguistic	_	none	_	_	_	_	_	_
128-26	TO095	128	128	26	carlo	carlo	_	_	_	_	_	linguistic	_	none	_	_	_	_	_	_
128-27	TO095	128	128	27	ti	ti	_	_	_	_	_	linguistic	_	none	_	_	_	_	_	_
128-28	TO095	128	128	28	riporta?	riporta	_	_	_	_	_	linguistic	_	none	Intonation=Rising	End=249.288	_	_	_	_
129-0	TO085	129	129	0	beh	beh	_	_	_	_	_	linguistic	_	none	_	Begin=250.89	_	_	_	_
129-1	TO085	129	129	1	bene	bene	_	_	_	_	_	linguistic	_	none	_	End=251.42	_	_	_	_
130-0	TO091	130	130	0	e	e	_	_	_	_	_	linguistic	_	none	_	Begin=251.78	_	_	_	_
130-1	TO091	130	130	1	quindi	quindi	_	_	_	_	_	linguistic	_	none	_	_	_	_	_	_
130-2	TO091	130	130	2	poi	poi	_	_	_	_	_	linguistic	_	none	_	_	_	_	_	_
130-3	TO091	130	130	3	è	è	_	_	_	_	_	linguistic	_	none	_	_	_	_	_	_
130-4	TO091	130	130	4	uscita	uscita	_	_	_	_	_	linguistic	_	none	_	_	_	_	_	_
130-5	TO091	130	130	5	è	è	_	_	_	_	_	linguistic	_	none	_	_	_	_	_	_
130-6	TO091	130	130	6	andata	andata	_	_	_	_	_	linguistic	_	none	_	_	_	_	_	_
130-7	TO091	130	130	7	a	a	_	_	_	_	_	linguistic	_	none	_	_	_	_	_	_
130-8	TO091	130	130	8	rompe	rompe	_	_	_	_	_	linguistic	_	none	_	_	_	_	_	_
130-9	TO091	130	130	9	il	il	_	_	_	_	_	linguistic	_	none	_	_	_	_	_	_
130-10	TO091	130	130	10	cazzo	cazzo	_	_	_	_	_	linguistic	_	none	_	_	_	_	_	_
130-11	TO091	130	130	11	da	da	_	_	_	_	_	linguistic	_	none	_	_	_	_	_	_
130-12	TO091	130	130	12	carlo,	carlo	_	_	_	_	_	linguistic	_	none	Intonation=WeaklyRising	End=253.78	_	_	_	_
131-0	TO095	131	131	0	boh	boh	_	_	_	_	_	linguistic	_	none	_	Begin=254.23	_	_	_	_
131-1	TO095	131	131	1	sì,	sì	_	_	_	_	_	linguistic	_	none	Intonation=WeaklyRising	_	_	_	_	_
131-2	TO095	131	131	2	c(io)è,	cioè	_	_	_	_	_	linguistic	_	none	Intonation=WeaklyRising|Reduced=Yes	_	_	_	_	_
131-3	TO095	131	131	3	appunto,	appunto	_	_	_	_	_	linguistic	_	none	Intonation=WeaklyRising	_	_	_	_	_
131-4	TO095	131	131	4	io	io	_	_	_	_	_	linguistic	_	none	_	_	_	_	_	_
131-5	TO095	131	131	5	ero	ero	_	_	_	_	_	linguistic	_	none	_	_	_	_	_	_
131-6	TO095	131	131	6	in	in	_	_	_	_	_	linguistic	_	none	_	_	_	_	_	_
131-7	TO095	131	131	7	bagno,	bagno	_	_	_	_	_	linguistic	_	none	Intonation=WeaklyRising	_	_	_	_	_
131-8	TO095	131	131	8	poi	poi	_	_	_	_	_	linguistic	_	none	_	_	_	_	_	_
131-9	TO095	131	131	9	ho	ho	_	_	_	_	_	linguistic	_	none	_	_	_	_	_	_
131-10	TO095	131	131	10	visto	visto	_	_	_	_	_	linguistic	_	none	_	_	_	_	_	_
131-11	TO095	131	131	11	te,	te	_	_	_	_	_	linguistic	_	none	Intonation=WeaklyRising	_	_	_	_	_
131-12	TO095	131	131	12	ho	ho	_	_	_	_	_	linguistic	_	none	_	_	_	_	_	_
131-13	TO095	131	131	13	visto	visto	_	_	_	_	_	linguistic	_	none	_	_	_	_	_	_
131-14	TO095	131	131	14	francesca,	francesca	_	_	_	_	_	linguistic	_	none	Intonation=WeaklyRising	_	_	_	_	_
131-15	TO095	131	131	15	e	e	_	_	_	_	_	linguistic	_	none	_	_	_	_	_	_
131-16	TO095	131	131	16	ho	ho	_	_	_	_	_	linguistic	_	none	_	_	_	_	_	_
131-17	TO095	131	131	17	iniziato	iniziato	_	_	_	_	_	linguistic	_	none	_	_	_	_	_	_
131-18	TO095	131	131	18	[a	a	_	_	_	_	_	linguistic	_	none	_	_	_	_	_	0-1(29)
131-19	TO095	131	131	19	fa::'],	fa'	_	_	_	_	_	linguistic	_	none	Intonation=WeaklyRising|Truncated=Yes	End=258.446	1x2	_	_	0-3(29)
132-0	TO091	132	132	0	[la]	la	_	_	_	_	_	linguistic	_	none	_	Begin=258.173	_	_	_	0-2(29)
132-1	TO091	132	132	1	scema	scema	_	_	_	_	_	linguistic	_	none	_	_	_	_	_	_
132-2	TO091	132	132	2	[sì].	sì	_	_	_	_	_	linguistic	_	none	Intonation=Falling	End=259.019	_	_	_	0-2(30)
133-0	TO095	133	133	0	[la]	la	_	_	_	_	_	linguistic	_	none	_	Begin=258.773	_	_	_	0-2(30)
133-1	TO095	133	133	1	scema	scema	_	_	_	_	_	linguistic	_	none	_	End=259.438	_	_	_	_
134-0	TO085	134	134	0	anche	anche	_	_	_	_	_	linguistic	_	none	_	Begin=260.815	_	_	_	_
134-1	TO085	134	134	1	questa	questa	_	_	_	_	_	linguistic	_	none	_	_	_	_	_	_
134-2	TO085	134	134	2	xxxxx	xxxxx	_	_	_	_	_	unknown	_	none	Syllables=5	End=262.511	_	_	_	_
135-0	TO085	135	135	0	mi	mi	_	_	_	_	_	linguistic	_	none	_	Begin=264.38	_	_	_	_
135-1	TO085	135	135	1	piacciono	piacciono	_	_	_	_	_	linguistic	_	none	_	_	_	_	_	_
135-2	TO085	135	135	2	le	le	_	_	_	_	_	linguistic	_	none	_	_	_	_	_	_
135-3	TO085	135	135	3	rosse	rosse	_	_	_	_	_	linguistic	_	none	_	_	_	_	_	_
135-4	TO085	135	135	4	mi	mi	_	_	_	_	_	linguistic	_	none	_	_	_	_	_	_
135-5	TO085	135	135	5	sa	sa	_	_	_	_	_	linguistic	_	none	_	End=265.82	_	_	_	_
136-0	TO095	136	136	0	però	però	_	_	_	_	_	linguistic	_	none	_	Begin=269.62	_	_	_	_
136-1	TO095	136	136	1	naturali	naturali	_	_	_	_	_	linguistic	_	none	_	End=270.46	_	_	_	_
137-0	TO085	137	137	0	sì	sì	_	_	_	_	_	linguistic	_	none	_	Begin=270.468	_	_	_	_
137-1	TO085	137	137	1	è	è	_	_	_	_	_	linguistic	_	none	_	_	_	_	_	_
137-2	TO085	137	137	2	[vero]	vero	_	_	_	_	_	linguistic	_	none	_	End=271.452	_	_	_	0-4(31)
138-0	TO095	138	138	0	[no	no	_	_	_	_	_	linguistic	_	none	_	Begin=270.875	_	_	_	0-2(31)
138-1	TO095	138	138	1	quel]	quel	_	_	_	_	_	linguistic	_	none	_	_	_	_	_	0-4(31)
138-2	TO095	138	138	2	rosso,	rosso	_	_	_	_	_	linguistic	_	none	Intonation=WeaklyRising	End=272.0	_	_	_	_
139-0	TO095	139	139	0	tipo	tipo	_	_	_	_	_	linguistic	_	none	_	Begin=272.08	_	_	_	_
139-1	TO095	139	139	1	da	da	_	_	_	_	_	linguistic	_	none	_	_	_	_	_	_
139-2	TO095	139	139	2	vecchia	vecchia	_	_	_	_	_	linguistic	_	none	_	End=272.84	_	_	_	_
140-0	TO085	140	140	0	sì	sì	_	_	_	_	_	linguistic	_	none	_	Begin=273.809	_	_	_	_
140-1	TO085	140	140	1	no,	no	_	_	_	_	_	linguistic	_	none	Intonation=WeaklyRising	_	_	_	_	_
140-2	TO085	140	140	2	non	non	_	_	_	_	_	linguistic	_	none	_	_	_	_	_	_
140-3	TO085	140	140	3	quel	quel	_	_	_	_	_	linguistic	_	none	_	_	_	_	_	_
140-4	TO085	140	140	4	rosso	rosso	_	_	_	_	_	linguistic	_	none	_	_	_	_	_	_
140-5	TO085	140	140	5	da	da	_	_	_	_	_	linguistic	_	none	_	_	_	_	_	_
140-6	TO085	140	140	6	vecchia,	vecchia	_	_	_	_	_	linguistic	_	none	Intonation=WeaklyRising	_	_	_	_	_
140-7	TO085	140	140	7	però,	però	_	_	_	_	_	linguistic	_	none	Intonation=WeaklyRising	End=275.45	_	_	_	_
141-0	TO091	141	141	0	però	però	_	_	_	_	_	linguistic	_	none	_	Begin=276.25	_	_	_	_
141-1	TO091	141	141	1	anche	anche	_	_	_	_	_	linguistic	_	none	_	_	_	_	_	_
141-2	TO091	141	141	2	il	il	_	_	_	_	_	linguistic	_	none	_	_	_	_	_	_
141-3	TO091	141	141	3	rosso	rosso	_	_	_	_	_	linguistic	_	none	_	_	_	_	_	_
141-4	TO091	141	141	4	[da	da	_	_	_	_	_	linguistic	_	none	_	_	_	_	_	0-2(32)
141-5	TO091	141	141	5	vecchia]	vecchia	_	_	_	_	_	linguistic	_	none	_	_	_	_	_	0-7(32)
141-6	TO091	141	141	6	c'	c'	_	_	_	_	_	linguistic	_	none	SpaceAfter=No	_	_	_	_	_
141-7	TO091	141	141	7	ha	ha	_	_	_	_	_	linguistic	_	none	_	_	_	_	_	_
141-8	TO091	141	141	8	il	il	_	_	_	_	_	linguistic	_	none	_	_	_	_	_	_
141-9	TO091	141	141	9	suo	suo	_	_	_	_	_	linguistic	_	none	_	_	_	_	_	_
141-10	TO091	141	141	10	perché	perché	_	_	_	_	_	linguistic	_	none	_	End=278.68	_	_	_	_
142-0	TO085	142	142	0	[però:]	però	_	_	_	_	_	linguistic	_	none	_	Begin=276.807|End=277.443	3x1	_	_	0-4(32)
143-0	TO095	143	143	0	il	il	_	_	_	_	_	linguistic	_	none	_	Begin=278.75	_	_	_	_
143-1	TO095	143	143	1	rosso	rosso	_	_	_	_	_	linguistic	_	none	_	_	_	_	_	_
143-2	TO095	143	143	2	fuoco	fuoco	_	_	_	_	_	linguistic	_	none	_	_	_	_	_	_
143-3	TO095	143	143	3	non	non	_	_	_	_	_	linguistic	_	none	_	_	_	_	_	_
143-4	TO095	143	143	4	me	me	_	_	_	_	_	linguistic	_	none	_	_	_	_	_	_
143-5	TO095	143	143	5	pia~,	pia~	_	_	_	_	_	linguistic	_	none	Intonation=WeaklyRising|Interrupted=Yes	_	_	_	_	_
143-6	TO095	143	143	6	questa	questa	_	_	_	_	_	linguistic	_	none	_	_	_	_	_	_
143-7	TO095	143	143	7	qua	qua	_	_	_	_	_	linguistic	_	none	_	_	_	_	_	_
143-8	TO095	143	143	8	è	è	_	_	_	_	_	linguistic	_	none	_	_	_	_	_	_
143-9	TO095	143	143	9	già	già	_	_	_	_	_	linguistic	_	none	_	_	_	_	_	_
143-10	TO095	143	143	10	da	da	_	_	_	_	_	linguistic	_	none	_	_	_	_	_	_
143-11	TO095	143	143	11	un	un	_	_	_	_	_	linguistic	_	none	_	_	_	_	_	_
143-12	TO095	143	143	12	pezzo	pezzo	_	_	_	_	_	linguistic	_	none	_	_	_	_	_	_
143-13	TO095	143	143	13	che	che	_	_	_	_	_	linguistic	_	none	_	_	_	_	_	_
143-14	TO095	143	143	14	dici	dici	_	_	_	_	_	linguistic	_	none	_	_	_	_	_	_
143-15	TO095	143	143	15	[che	che	_	_	_	_	_	linguistic	_	none	_	_	_	_	_	0-3(33)
143-16	TO095	143	143	16	è	è	_	_	_	_	_	linguistic	_	none	_	_	_	_	_	0-1(33)
143-17	TO095	143	143	17	figa,	figa	_	_	_	_	_	linguistic	_	none	Intonation=WeaklyRising	_	_	_	_	0-4(33)
143-18	TO095	143	143	18	comunque]	comunque	_	_	_	_	_	linguistic	_	none	_	End=282.31	_	_	_	0-8(33)
144-0	TO085	144	144	0	[sì::]	sì	_	_	_	_	_	linguistic	_	none	_	Begin=281.77	1x2	_	_	0-2(33)
144-1	TO085	144	144	1	lo	lo	_	_	_	_	_	linguistic	_	none	_	_	_	_	_	_
144-2	TO085	144	144	2	so,	so	_	_	_	_	_	linguistic	_	none	Intonation=WeaklyRising	_	_	_	_	_
144-3	TO085	144	144	3	lo	lo	_	_	_	_	_	linguistic	_	none	_	_	_	_	_	_
144-4	TO085	144	144	4	so,	so	_	_	_	_	_	linguistic	_	none	Intonation=WeaklyRising	End=283.21	_	_	_	_
145-0	TO085	145	145	0	sono	sono	_	_	_	_	_	linguistic	_	none	_	Begin=283.905	_	_	_	_
145-1	TO085	145	145	1	innamorata	innamorata	_	_	_	_	_	linguistic	_	none	_	End=284.93	_	_	_	_
146-0	TO091	146	146	0	ma	ma	_	_	_	_	_	linguistic	_	none	_	Begin=290.27	_	_	_	_
146-1	TO091	146	146	1	quindi	quindi	_	_	_	_	_	linguistic	_	none	_	_	_	_	_	_
146-2	TO091	146	146	2	stai	stai	_	_	_	_	_	linguistic	_	none	_	_	_	_	_	_
146-3	TO091	146	146	3	registrando	registrando	_	_	_	_	_	linguistic	_	none	_	_	_	_	_	_
146-4	TO091	146	146	4	registrando?	registrando	_	_	_	_	_	linguistic	_	none	Intonation=Rising	End=292.127	_	_	_	_
147-0	TO085	147	147	0	m:h	mh	_	_	_	_	_	linguistic	_	none	_	Begin=292.127|End=292.476	0x1	_	_	_
148-0	TO095	148	148	0	[vuoi	vuoi	_	_	_	_	_	linguistic	_	none	_	Begin=292.78	_	_	_	0-4(34)
148-1	TO095	148	148	1	fa'	fa'	_	_	_	_	_	linguistic	_	none	Truncated=Yes	_	_	_	_	0-3(34)
148-2	TO095	148	148	2	un	un	_	_	_	_	_	linguistic	_	none	_	_	_	_	_	0-2(34)
148-3	TO095	148	148	3	saluto]?	saluto	_	_	_	_	_	linguistic	_	none	Intonation=Rising	End=293.79	_	_	_	0-6(34)
149-0	???	149	149	0	[a:::h	ah	_	_	_	_	_	linguistic	_	none	_	Begin=292.81	0x3	_	_	0-2(?)
149-1	???	149	149	1	dai]	dai	_	_	_	_	_	linguistic	_	none	_	_	_	_	_	0-3(?)
149-2	???	149	149	2	ho	ho	_	_	_	_	_	linguistic	_	none	_	_	_	_	_	_
149-3	???	149	149	3	già	già	_	_	_	_	_	linguistic	_	none	_	_	_	_	_	_
149-4	???	149	149	4	pre~,	pre~	_	_	_	_	_	linguistic	_	none	Intonation=WeaklyRising|Interrupted=Yes	_	_	_	_	_
149-5	???	149	149	5	eh	eh	_	_	_	_	_	linguistic	_	none	_	_	_	_	_	_
149-6	???	149	149	6	sì	sì	_	_	_	_	_	linguistic	_	none	_	_	_	_	_	_
149-7	???	149	149	7	prenotato	prenotato	_	_	_	_	_	linguistic	_	none	_	_	_	_	_	_
149-8	???	149	149	8	{ride}	{ride}	_	_	_	_	_	nonverbalbehavior	_	none	_	End=295.26	_	_	_	_
150-0	TO091	150	150	0	[hai	hai	_	_	_	_	_	linguistic	_	none	_	Begin=295.02	_	_	_	0-3(?)
150-1	TO091	150	150	1	già	già	_	_	_	_	_	linguistic	_	none	_	_	_	_	_	0-3(?)
150-2	TO091	150	150	2	prenotato]	prenotato	_	_	_	_	_	linguistic	_	none	_	_	_	_	_	0-9(?)
150-3	TO091	150	150	3	{ride}	{ride}	_	_	_	_	_	nonverbalbehavior	_	none	_	End=296.62	_	_	_	_
151-0	???	151	151	0	[ho	ho	_	_	_	_	_	linguistic	_	none	_	Begin=295.502	_	_	_	0-2(92)
151-1	???	151	151	1	già:,	già	_	_	_	_	_	linguistic	_	none	Intonation=WeaklyRising	_	2x1	_	_	0-3(92)
151-2	???	151	151	2	ho	ho	_	_	_	_	_	linguistic	_	none	_	_	_	_	_	0-2(92)
151-3	???	151	151	3	già	già	_	_	_	_	_	linguistic	_	none	_	_	_	_	_	0-3(92)
151-4	???	151	151	4	firmato	firmato	_	_	_	_	_	linguistic	_	none	_	_	_	_	_	0-7(92)
151-5	???	151	151	5	l'	l'	_	_	_	_	_	linguistic	_	none	SpaceAfter=No	_	_	_	_	0-2(92)
151-6	???	151	151	6	opuscolo,	opuscolo	_	_	_	_	_	linguistic	_	none	Intonation=WeaklyRising	_	_	_	_	0-8(92)
151-7	???	151	151	7	quindi	quindi	_	_	_	_	_	linguistic	_	none	_	_	_	_	_	0-6(92)
151-8	???	151	151	8	posso	posso	_	_	_	_	_	linguistic	_	none	_	_	_	_	_	0-5(92)
151-9	???	151	151	9	parlare]	parlare	_	_	_	_	_	linguistic	_	none	_	End=298.533	_	_	_	0-7(92)
152-0	TO085	152	152	0	[hai	hai	_	_	_	_	_	linguistic	_	none	_	Begin=296.71	_	_	_	0-3(92)
152-1	TO085	152	152	1	già	già	_	_	_	_	_	linguistic	_	none	_	_	_	_	_	0-3(92)
152-2	TO085	152	152	2	firmato,	firmato	_	_	_	_	_	linguistic	_	none	Intonation=WeaklyRising	_	_	_	_	0-7(92)
152-3	TO085	152	152	3	esatto]	esatto	_	_	_	_	_	linguistic	_	none	_	End=298.37	_	_	_	0-6(92)
153-0	TO091	153	153	0	[io	io	_	_	_	_	_	linguistic	_	none	_	Begin=297.566	_	_	_	0-2(92)
153-1	TO091	153	153	1	non	non	_	_	_	_	_	linguistic	_	none	_	_	_	_	_	0-3(92)
153-2	TO091	153	153	2	ho	ho	_	_	_	_	_	linguistic	_	none	_	_	_	_	_	0-2(92)
153-3	TO091	153	153	3	firmato]	firmato	_	_	_	_	_	linguistic	_	none	_	End=298.75	_	_	_	0-7(92)
154-0	TO085	154	154	0	no	no	_	_	_	_	_	linguistic	_	none	_	Begin=298.797	_	_	_	_
154-1	TO085	154	154	1	dopo	dopo	_	_	_	_	_	linguistic	_	none	_	_	_	_	_	_
154-2	TO085	154	154	2	ti	ti	_	_	_	_	_	linguistic	_	none	_	_	_	_	_	_
154-3	TO085	154	154	3	faccio	faccio	_	_	_	_	_	linguistic	_	none	_	_	_	_	_	_
154-4	TO085	154	154	4	firmare	firmare	_	_	_	_	_	linguistic	_	none	_	End=300.096	_	_	_	_
155-0	TO095	155	155	0	[noi	noi	_	_	_	_	_	linguistic	_	none	_	Begin=300.54	_	_	_	0-3(37)
155-1	TO095	155	155	1	ormai	ormai	_	_	_	_	_	linguistic	_	none	_	_	_	_	_	0-5(37)
155-2	TO095	155	155	2	siamo	siamo	_	_	_	_	_	linguistic	_	none	_	_	_	_	_	0-5(37)
155-3	TO095	155	155	3	schedate]	schedate	_	_	_	_	_	linguistic	_	none	_	End=302.04	_	_	_	0-8(37)
156-0	???	156	156	0	[devi	devi	_	_	_	_	_	linguistic	_	none	_	Begin=300.662	_	_	_	0-4(?)
156-1	???	156	156	1	mettere	mettere	_	_	_	_	_	linguistic	_	none	_	_	_	_	_	0-7(?)
156-2	???	156	156	2	nome,	nome	_	_	_	_	_	linguistic	_	none	Intonation=WeaklyRising	_	_	_	_	0-4(?)
156-3	???	156	156	3	cognome::],	cognome	_	_	_	_	_	linguistic	_	none	Intonation=WeaklyRising	_	6x2	_	_	0-7(?)
156-4	???	156	156	4	scrivere	scrivere	_	_	_	_	_	linguistic	_	none	_	_	_	_	_	_
156-5	???	156	156	5	istituto::,	istituto	_	_	_	_	_	linguistic	_	none	Intonation=WeaklyRising	End=303.53	7x2	_	_	_
157-0	TO085	157	157	0	[esatto]	esatto	_	_	_	_	_	linguistic	_	none	_	Begin=302.15|End=302.86	_	_	_	0-6(38)
158-0	TO085	158	158	0	voi	voi	_	_	_	_	_	linguistic	_	none	_	Begin=303.78	_	_	_	_
158-1	TO085	158	158	1	praticamente	praticamente	_	_	_	_	_	linguistic	_	none	_	_	_	_	_	_
158-2	TO085	158	158	2	posso	posso	_	_	_	_	_	linguistic	_	none	_	_	_	_	_	_
158-3	TO085	158	158	3	anche	anche	_	_	_	_	_	linguistic	_	none	_	_	_	_	_	_
158-4	TO085	158	158	4	mettervi	mettervi	_	_	_	_	_	linguistic	_	none	_	_	_	_	_	_
158-5	TO085	158	158	5	i	i	_	_	_	_	_	linguistic	_	none	_	_	_	_	_	_
158-6	TO085	158	158	6	microfoni	microfoni	_	_	_	_	_	linguistic	_	none	_	_	_	_	_	_
158-7	TO085	158	158	7	[nascosti],	nascosti	_	_	_	_	_	linguistic	_	none	Intonation=WeaklyRising	_	_	_	_	0-8(40)
158-8	TO085	158	158	8	xxx	xxx	_	_	_	_	_	unknown	_	none	Syllables=3	End=307.764	_	_	_	_
159-0	TO091	159	159	0	[esatto]	esatto	_	_	_	_	_	linguistic	_	none	_	Begin=306.614|End=307.179	_	_	_	0-6(40)
160-0	???	160	160	0	mi	mi	_	_	_	_	_	linguistic	_	none	_	Begin=307.75	_	_	_	_
160-1	???	160	160	1	stai	stai	_	_	_	_	_	linguistic	_	none	_	_	_	_	_	_
160-2	???	160	160	2	profanando?	profanando	_	_	_	_	_	linguistic	_	none	Intonation=Rising	End=308.98	_	_	_	_
161-0	TO085	161	161	0	non	non	_	_	_	_	_	linguistic	_	none	_	Begin=309.064	_	_	_	_
161-1	TO085	161	161	1	ti	ti	_	_	_	_	_	linguistic	_	none	_	_	_	_	_	_
161-2	TO085	161	161	2	profano	profano	_	_	_	_	_	linguistic	_	none	_	_	_	_	_	_
161-3	TO085	161	161	3	tesoro,	tesoro	_	_	_	_	_	linguistic	_	none	Intonation=WeaklyRising	_	_	_	_	_
161-4	TO085	161	161	4	no	no	_	_	_	_	_	linguistic	_	none	_	End=310.736	_	_	_	_
162-0	???	162	162	0	ma	ma	_	_	_	_	_	linguistic	_	none	_	Begin=310.915	_	_	_	_
162-1	???	162	162	1	quand'	quand'	_	_	_	_	_	linguistic	_	none	SpaceAfter=No	_	_	_	_	_
162-2	???	162	162	2	è	è	_	_	_	_	_	linguistic	_	none	_	_	_	_	_	_
162-3	???	162	162	3	che	che	_	_	_	_	_	linguistic	_	none	_	_	_	_	_	_
162-4	???	162	162	4	devi	devi	_	_	_	_	_	linguistic	_	none	_	_	_	_	_	_
162-5	???	162	162	5	consegnarlo?	consegnarlo	_	_	_	_	_	linguistic	_	none	Intonation=Rising	End=312.17	_	_	_	_
163-0	TO085	163	163	0	già	già	_	_	_	_	_	linguistic	_	none	_	Begin=312.9	_	_	_	_
163-1	TO085	163	163	1	consegnata	consegnata	_	_	_	_	_	linguistic	_	none	_	_	_	_	_	_
163-2	TO085	163	163	2	la	la	_	_	_	_	_	linguistic	_	none	_	_	_	_	_	_
163-3	TO085	163	163	3	vostra	vostra	_	_	_	_	_	linguistic	_	none	_	End=314.01	_	_	_	_
164-0	TO095	164	164	0	è	è	_	_	_	_	_	linguistic	_	none	_	Begin=314.78	_	_	_	_
164-1	TO095	164	164	1	piaciuta?	piaciuta	_	_	_	_	_	linguistic	_	none	Intonation=Rising	End=315.5	_	_	_	_
165-0	TO095	165	165	0	[abbiam	abbiam	_	_	_	_	_	linguistic	_	none	_	Begin=315.563	_	_	_	0-6(93)
165-1	TO095	165	165	1	fatto	fatto	_	_	_	_	_	linguistic	_	none	_	_	_	_	_	0-5(93)
165-2	TO095	165	165	2	successo],	successo	_	_	_	_	_	linguistic	_	none	Intonation=WeaklyRising	End=316.621	_	_	_	0-8(93)
166-0	TO085	166	166	0	[è	è	_	_	_	_	_	linguistic	_	none	_	Begin=315.597	_	_	_	0-1(93)
166-1	TO085	166	166	1	piaciuta,	piaciuta	_	_	_	_	_	linguistic	_	none	Intonation=WeaklyRising	_	_	_	_	0-8(93)
166-2	TO085	166	166	2	c'	c'	_	_	_	_	_	linguistic	_	none	SpaceAfter=No	_	_	_	_	0-2(93)
166-3	TO085	166	166	3	è	è	_	_	_	_	_	linguistic	_	none	_	_	_	_	_	0-1(93)
166-4	TO085	166	166	4	stato	stato	_	_	_	_	_	linguistic	_	none	_	_	_	_	_	0-5(93)
166-5	TO085	166	166	5	un	un	_	_	_	_	_	linguistic	_	none	_	_	_	_	_	0-2(93)
166-6	TO085	166	166	6	po'	po'	_	_	_	_	_	linguistic	_	none	_	_	_	_	_	0-3(93)
166-7	TO085	166	166	7	di]	di	_	_	_	_	_	linguistic	_	none	_	_	_	_	_	0-2(93)
166-8	TO085	166	166	8	vento,	vento	_	_	_	_	_	linguistic	_	none	Intonation=WeaklyRising	End=317.465	_	_	_	_
167-0	???	167	167	0	[tanti	tanti	_	_	_	_	_	linguistic	_	none	_	Begin=316.257	_	_	_	0-5(93)
167-1	???	167	167	1	bip]	bip	_	_	_	_	_	linguistic	_	none	_	_	_	_	_	0-3(93)
167-2	???	167	167	2	{ride}	{ride}	_	_	_	_	_	nonverbalbehavior	_	none	_	End=317.669	_	_	_	_
168-0	TO085	168	168	0	sì	sì	_	_	_	_	_	linguistic	_	none	_	Begin=318.258	_	_	_	_
168-1	TO085	168	168	1	vabbè	vabbè	_	_	_	_	_	linguistic	_	none	_	_	_	_	_	_
168-2	TO085	168	168	2	ma,	ma	_	_	_	_	_	linguistic	_	none	Intonation=WeaklyRising	End=319.491	_	_	_	_
169-0	TO085	169	169	0	[tanto	tanto	_	_	_	_	_	linguistic	_	none	_	Begin=320.708	_	_	_	0-5(?)
169-1	TO085	169	169	1	c'	c'	_	_	_	_	_	linguistic	_	none	SpaceAfter=No	_	_	_	_	0-2(?)
169-2	TO085	169	169	2	era	era	_	_	_	_	_	linguistic	_	none	_	_	_	_	_	0-3(?)
169-3	TO085	169	169	3	luciana	luciana	_	_	_	_	_	linguistic	_	none	_	_	_	_	_	0-7(?)
169-4	TO085	169	169	4	che]	che	_	_	_	_	_	linguistic	_	none	_	_	_	_	_	0-3(?)
169-5	TO085	169	169	5	faceva	faceva	_	_	_	_	_	linguistic	_	none	_	_	_	_	_	_
169-6	TO085	169	169	6	i	i	_	_	_	_	_	linguistic	_	none	_	_	_	_	_	_
169-7	TO085	169	169	7	bip	bip	_	_	_	_	_	linguistic	_	none	_	_	_	_	_	_
169-8	TO085	169	169	8	da	da	_	_	_	_	_	linguistic	_	none	_	_	_	_	_	_
169-9	TO085	169	169	9	sola,	sola	_	_	_	_	_	linguistic	_	none	Intonation=WeaklyRising	_	_	_	_	_
169-10	TO085	169	169	10	quindi,	quindi	_	_	_	_	_	linguistic	_	none	Intonation=WeaklyRising	End=323.633	_	_	_	_
170-0	???	170	170	0	ah	ah	_	_	_	_	_	linguistic	_	none	_	Begin=323.91	_	_	_	_
170-1	???	170	170	1	è	è	_	_	_	_	_	linguistic	_	none	_	_	_	_	_	_
170-2	???	170	170	2	vero,	vero	_	_	_	_	_	linguistic	_	none	Intonation=WeaklyRising	_	_	_	_	_
170-3	???	170	170	3	luciana	luciana	_	_	_	_	_	linguistic	_	none	_	_	_	_	_	_
170-4	???	170	170	4	se	se	_	_	_	_	_	linguistic	_	none	_	_	_	_	_	_
170-5	???	170	170	5	l'	l'	_	_	_	_	_	linguistic	_	none	SpaceAfter=No	_	_	_	_	_
170-6	???	170	170	6	è	è	_	_	_	_	_	linguistic	_	none	_	_	_	_	_	_
170-7	???	170	170	7	presa	presa	_	_	_	_	_	linguistic	_	none	_	_	_	_	_	_
170-8	???	170	170	8	un	un	_	_	_	_	_	linguistic	_	none	_	_	_	_	_	_
170-9	???	170	170	9	po'	po'	_	_	_	_	_	linguistic	_	none	_	_	_	_	_	_
170-10	???	170	170	10	troppo,	troppo	_	_	_	_	_	linguistic	_	none	Intonation=WeaklyRising	_	_	_	_	_
170-11	???	170	170	11	si	si	_	_	_	_	_	linguistic	_	none	_	_	_	_	_	_
170-12	???	170	170	12	no	no	_	_	_	_	_	linguistic	_	none	_	_	_	_	_	_
170-13	???	170	170	13	perché	perché	_	_	_	_	_	linguistic	_	none	_	_	_	_	_	_
170-14	???	170	170	14	lei	lei	_	_	_	_	_	linguistic	_	none	_	_	_	_	_	_
170-15	???	170	170	15	deve	deve	_	_	_	_	_	linguistic	_	none	_	_	_	_	_	_
170-16	???	170	170	16	fare	fare	_	_	_	_	_	linguistic	_	none	_	_	_	_	_	_
170-17	???	170	170	17	questo	questo	_	_	_	_	_	linguistic	_	none	_	_	_	_	_	_
170-18	???	170	170	18	progetto	progetto	_	_	_	_	_	linguistic	_	none	_	End=328.62	_	_	_	_
171-0	???	171	171	0	boh	boh	_	_	_	_	_	linguistic	_	none	_	Begin=328.71	_	_	_	_
171-1	???	171	171	1	racconta	racconta	_	_	_	_	_	linguistic	_	none	_	_	_	_	_	_
171-2	???	171	171	2	te,	te	_	_	_	_	_	linguistic	_	none	Intonation=WeaklyRising	_	_	_	_	_
171-3	???	171	171	3	io	io	_	_	_	_	_	linguistic	_	none	_	_	_	_	_	_
171-4	???	171	171	4	non	non	_	_	_	_	_	linguistic	_	none	_	_	_	_	_	_
171-5	???	171	171	5	so	so	_	_	_	_	_	linguistic	_	none	_	_	_	_	_	_
171-6	???	171	171	6	{ride}	{ride}	_	_	_	_	_	nonverbalbehavior	_	none	_	End=330.231	_	_	_	_
172-0	TO085	172	172	0	raccogliere	raccogliere	_	_	_	_	_	linguistic	_	none	_	Begin=330.231	_	_	_	_
172-1	TO085	172	172	1	dati	dati	_	_	_	_	_	linguistic	_	none	_	End=331.28	_	_	_	_
173-0	TO091	173	173	0	okay	okay	_	_	_	_	_	linguistic	_	none	_	Begin=331.332|End=331.66	_	_	_	_
174-0	???	174	174	0	del	del	_	_	_	_	_	linguistic	_	none	_	Begin=332.13	_	_	_	_
174-1	???	174	174	1	gergo	gergo	_	_	_	_	_	linguistic	_	none	_	_	_	_	_	_
174-2	???	174	174	2	giovanile	giovanile	_	_	_	_	_	linguistic	_	none	_	End=333.46	_	_	_	_
175-0	TO085	175	175	0	ma	ma	_	_	_	_	_	linguistic	_	none	_	Begin=334.12	_	_	_	_
175-1	TO085	175	175	1	non	non	_	_	_	_	_	linguistic	_	none	_	_	_	_	_	_
175-2	TO085	175	175	2	per	per	_	_	_	_	_	linguistic	_	none	_	_	_	_	_	_
175-3	TO085	175	175	3	forza,	forza	_	_	_	_	_	linguistic	_	none	Intonation=WeaklyRising	_	_	_	_	_
175-4	TO085	175	175	4	qualsiasi	qualsiasi	_	_	_	_	_	linguistic	_	none	_	_	_	_	_	_
175-5	TO085	175	175	5	cosa	cosa	_	_	_	_	_	linguistic	_	none	_	_	_	_	_	_
175-6	TO085	175	175	6	viene	viene	_	_	_	_	_	linguistic	_	none	_	_	_	_	_	_
175-7	TO085	175	175	7	[fuori,	fuori	_	_	_	_	_	linguistic	_	none	Intonation=WeaklyRising	_	_	_	_	0-5(41)
175-8	TO085	175	175	8	è	è	_	_	_	_	_	linguistic	_	none	_	_	_	_	_	0-1(41)
175-9	TO085	175	175	9	bello]::	bello	_	_	_	_	_	linguistic	_	none	_	End=337.941	4x2	_	_	0-5(41)
176-0	???	176	176	0	[parlata	parlata	_	_	_	_	_	linguistic	_	none	_	Begin=336.43	_	_	_	0-7(41)
176-1	???	176	176	1	spontanea]	spontanea	_	_	_	_	_	linguistic	_	none	_	End=337.576	_	_	_	0-9(41)
177-0	TO085	177	177	0	è	è	_	_	_	_	_	linguistic	_	none	_	Begin=338.485	_	_	_	_
177-1	TO085	177	177	1	bello	bello	_	_	_	_	_	linguistic	_	none	_	_	_	_	_	_
177-2	TO085	177	177	2	poi	poi	_	_	_	_	_	linguistic	_	none	_	_	_	_	_	_
177-3	TO085	177	177	3	studiarlo.	studiarlo	_	_	_	_	_	linguistic	_	none	Intonation=Falling	End=339.93	_	_	_	_
178-0	TO091	178	178	0	anche	anche	_	_	_	_	_	linguistic	_	none	_	Begin=340.09	_	_	_	_
178-1	TO091	178	178	1	la	la	_	_	_	_	_	linguistic	_	none	_	_	_	_	_	_
178-2	TO091	178	178	2	nonna	nonna	_	_	_	_	_	linguistic	_	none	_	_	_	_	_	_
178-3	TO091	178	178	3	puoi	puoi	_	_	_	_	_	linguistic	_	none	_	_	_	_	_	_
178-4	TO091	178	178	4	registrare	registrare	_	_	_	_	_	linguistic	_	none	_	End=341.72	_	_	_	_
179-0	TO085	179	179	0	devo	devo	_	_	_	_	_	linguistic	_	none	_	Begin=341.72	_	_	_	_
179-1	TO085	179	179	1	registrare	registrare	_	_	_	_	_	linguistic	_	none	_	_	_	_	_	_
179-2	TO085	179	179	2	delle	delle	_	_	_	_	_	linguistic	_	none	_	_	_	_	_	_
179-3	TO085	179	179	3	nonne,	nonne	_	_	_	_	_	linguistic	_	none	Intonation=WeaklyRising	End=343.28	_	_	_	_
180-0	TO085	180	180	0	comunque	comunque	_	_	_	_	_	linguistic	_	none	_	Begin=346.601	_	_	_	_
180-1	TO085	180	180	1	so	so	_	_	_	_	_	linguistic	_	none	_	_	_	_	_	_
180-2	TO085	180	180	2	stata	stata	_	_	_	_	_	linguistic	_	none	_	_	_	_	_	_
180-3	TO085	180	180	3	da	da	_	_	_	_	_	linguistic	_	none	_	_	_	_	_	_
180-4	TO085	180	180	4	verdi,	verdi	_	_	_	_	_	linguistic	_	none	Intonation=WeaklyRising	End=348.02	_	_	_	_
181-0	TO091	181	181	0	dov'	dov'	_	_	_	_	_	linguistic	_	none	SpaceAfter=No	Begin=348.362	_	_	_	_
181-1	TO091	181	181	1	è	è	_	_	_	_	_	linguistic	_	none	_	_	_	_	_	_
181-2	TO091	181	181	2	[verdi]?	verdi	_	_	_	_	_	linguistic	_	none	Intonation=Rising	End=349.455	_	_	_	0-5(42)
182-0	TO085	182	182	0	[a	a	_	_	_	_	_	linguistic	_	none	_	Begin=349.284	_	_	_	0-1(42)
182-1	TO085	182	182	1	casa]	casa	_	_	_	_	_	linguistic	_	none	_	_	_	_	_	0-4(42)
182-2	TO085	182	182	2	sua,	sua	_	_	_	_	_	linguistic	_	none	Intonation=WeaklyRising	_	_	_	_	_
182-3	TO085	182	182	3	adesso	adesso	_	_	_	_	_	linguistic	_	none	_	_	_	_	_	_
182-4	TO085	182	182	4	è	è	_	_	_	_	_	linguistic	_	none	_	_	_	_	_	_
182-5	TO085	182	182	5	andato	andato	_	_	_	_	_	linguistic	_	none	_	_	_	_	_	_
182-6	TO085	182	182	6	a	a	_	_	_	_	_	linguistic	_	none	_	_	_	_	_	_
182-7	TO085	182	182	7	studiare	studiare	_	_	_	_	_	linguistic	_	none	_	End=350.931	_	_	_	_
183-0	TO085	183	183	0	a	a	_	_	_	_	_	linguistic	_	none	_	Begin=352.766	_	_	_	_
183-1	TO085	183	183	1	parlare	parlare	_	_	_	_	_	linguistic	_	none	_	_	_	_	_	_
183-2	TO085	183	183	2	un	un	_	_	_	_	_	linguistic	_	none	_	_	_	_	_	_
183-3	TO085	183	183	3	po',	po'	_	_	_	_	_	linguistic	_	none	Intonation=WeaklyRising	_	_	_	_	_
183-4	TO085	183	183	4	quindi	quindi	_	_	_	_	_	linguistic	_	none	_	_	_	_	_	_
183-5	TO085	183	183	5	[tu	tu	_	_	_	_	_	linguistic	_	none	_	_	_	_	_	0-2(43)
183-6	TO085	183	183	6	xxx]	xxx	_	_	_	_	_	unknown	_	none	Syllables=3	End=355.52	_	_	_	0-3(43)
184-0	TO091	184	184	0	[ah	ah	_	_	_	_	_	linguistic	_	none	_	Begin=354.174	_	_	_	0-2(43)
184-1	TO091	184	184	1	sei	sei	_	_	_	_	_	linguistic	_	none	_	_	_	_	_	0-3(43)
184-2	TO091	184	184	2	stata	stata	_	_	_	_	_	linguistic	_	none	_	_	_	_	_	0-5(43)
184-3	TO091	184	184	3	da]	da	_	_	_	_	_	linguistic	_	none	_	_	_	_	_	0-2(43)
184-4	TO091	184	184	4	verdi	verdi	_	_	_	_	_	linguistic	_	none	_	End=356.31	_	_	_	_
185-0	TO091	185	185	0	ma	ma	_	_	_	_	_	linguistic	_	none	_	Begin=357.07	_	_	_	_
185-1	TO091	185	185	1	pranzo?	pranzo	_	_	_	_	_	linguistic	_	none	Intonation=Rising	_	_	_	_	_
185-2	TO091	185	185	2	avete	avete	_	_	_	_	_	linguistic	_	none	_	_	_	_	_	_
185-3	TO091	185	185	3	pranzato	pranzato	_	_	_	_	_	linguistic	_	none	_	_	_	_	_	_
185-4	TO091	185	185	4	insieme?	insieme	_	_	_	_	_	linguistic	_	none	Intonation=Rising	End=358.8	_	_	_	_
186-0	TO085	186	186	0	io	io	_	_	_	_	_	linguistic	_	none	_	Begin=358.988	_	_	_	_
186-1	TO085	186	186	1	ho	ho	_	_	_	_	_	linguistic	_	none	_	_	_	_	_	_
186-2	TO085	186	186	2	pranzato,	pranzato	_	_	_	_	_	linguistic	_	none	Intonation=WeaklyRising	_	_	_	_	_
186-3	TO085	186	186	3	lui	lui	_	_	_	_	_	linguistic	_	none	_	_	_	_	_	_
186-4	TO085	186	186	4	aveva	aveva	_	_	_	_	_	linguistic	_	none	_	_	_	_	_	_
186-5	TO085	186	186	5	già	già	_	_	_	_	_	linguistic	_	none	_	_	_	_	_	_
186-6	TO085	186	186	6	pranzato	pranzato	_	_	_	_	_	linguistic	_	none	_	End=360.68	_	_	_	_
187-0	TO085	187	187	0	io	io	_	_	_	_	_	linguistic	_	none	_	Begin=364.575	_	_	_	_
187-1	TO085	187	187	1	mi	mi	_	_	_	_	_	linguistic	_	none	_	_	_	_	_	_
187-2	TO085	187	187	2	sa	sa	_	_	_	_	_	linguistic	_	none	_	_	_	_	_	_
187-3	TO085	187	187	3	che	che	_	_	_	_	_	linguistic	_	none	_	_	_	_	_	_
187-4	TO085	187	187	4	farò	farò	_	_	_	_	_	linguistic	_	none	_	_	_	_	_	_
187-5	TO085	187	187	5	comitato	comitato	_	_	_	_	_	linguistic	_	none	_	_	_	_	_	_
187-6	TO085	187	187	6	sociale	sociale	_	_	_	_	_	linguistic	_	none	_	End=366.1	_	_	_	_
188-0	TO091	188	188	0	io	io	_	_	_	_	_	linguistic	_	none	_	Begin=366.9	_	_	_	_
188-1	TO091	188	188	1	organizzativo,	organizzativo	_	_	_	_	_	linguistic	_	none	Intonation=WeaklyRising	_	_	_	_	_
188-2	TO091	188	188	2	ma	ma	_	_	_	_	_	linguistic	_	none	_	_	_	_	_	_
188-3	TO091	188	188	3	perché	perché	_	_	_	_	_	linguistic	_	none	_	_	_	_	_	_
188-4	TO091	188	188	4	in	in	_	_	_	_	_	linguistic	_	none	_	_	_	_	_	_
188-5	TO091	188	188	5	realtà	realtà	_	_	_	_	_	linguistic	_	none	_	_	_	_	_	_
188-6	TO091	188	188	6	[ho	ho	_	_	_	_	_	linguistic	_	none	_	_	_	_	_	0-2(44)
188-7	TO091	188	188	7	balzatol'	balzatol'	_	_	_	_	_	linguistic	_	none	SpaceAfter=No	_	_	_	_	0-9(44)
188-8	TO091	188	188	8	esecutivo].	esecutivo	_	_	_	_	_	linguistic	_	none	Intonation=Falling	End=370.05	_	_	_	0-9(44)
189-0	TO085	189	189	0	[l'	l'	_	_	_	_	_	linguistic	_	none	SpaceAfter=No	Begin=368.767	_	_	_	0-2(44)
189-1	TO085	189	189	1	hai	hai	_	_	_	_	_	linguistic	_	none	_	_	_	_	_	0-3(44)
189-2	TO085	189	189	2	già	già	_	_	_	_	_	linguistic	_	none	_	_	_	_	_	0-3(44)
189-3	TO085	189	189	3	fatto	fatto	_	_	_	_	_	linguistic	_	none	_	_	_	_	_	0-5(44)
189-4	TO085	189	189	4	poi]	poi	_	_	_	_	_	linguistic	_	none	_	End=370.054	_	_	_	0-3(44)
190-0	TO085	190	190	0	ah	ah	_	_	_	_	_	linguistic	_	none	_	Begin=370.615	_	_	_	_
190-1	TO085	190	190	1	eh	eh	_	_	_	_	_	linguistic	_	none	_	End=371.044	_	_	_	_
191-0	TO091	191	191	0	[però],	però	_	_	_	_	_	linguistic	_	none	Intonation=WeaklyRising	Begin=371.83|End=372.35	_	_	_	0-4(45)
192-0	TO085	192	192	0	[però],	però	_	_	_	_	_	linguistic	_	none	Intonation=WeaklyRising	Begin=371.85|End=372.37	_	_	_	0-4(45)
193-0	TO085	193	193	0	fai	fai	_	_	_	_	_	linguistic	_	none	_	Begin=372.5	_	_	_	_
193-1	TO085	193	193	1	riferimento,	riferimento	_	_	_	_	_	linguistic	_	none	Intonation=WeaklyRising	_	_	_	_	_
193-2	TO085	193	193	2	fai	fai	_	_	_	_	_	linguistic	_	none	_	_	_	_	_	_
193-3	TO085	193	193	3	da	da	_	_	_	_	_	linguistic	_	none	_	_	_	_	_	_
193-4	TO085	193	193	4	punto	punto	_	_	_	_	_	linguistic	_	none	_	_	_	_	_	_
193-5	TO085	193	193	5	di	di	_	_	_	_	_	linguistic	_	none	_	_	_	_	_	_
193-6	TO085	193	193	6	[riferimento],	riferimento	_	_	_	_	_	linguistic	_	none	Intonation=WeaklyRising	End=375.49	_	_	_	0-11(46)
194-0	TO091	194	194	0	[sì	sì	_	_	_	_	_	linguistic	_	none	_	Begin=374.71	_	_	_	0-2(46)
194-1	TO091	194	194	1	nel	nel	_	_	_	_	_	linguistic	_	none	_	_	_	_	_	0-3(46)
194-2	TO091	194	194	2	senso]	senso	_	_	_	_	_	linguistic	_	none	_	_	_	_	_	0-5(46)
194-3	TO091	194	194	3	che,	che	_	_	_	_	_	linguistic	_	none	Intonation=WeaklyRising	_	_	_	_	_
194-4	TO091	194	194	4	non	non	_	_	_	_	_	linguistic	_	none	_	_	_	_	_	_
194-5	TO091	194	194	5	faccio	faccio	_	_	_	_	_	linguistic	_	none	_	_	_	_	_	_
194-6	TO091	194	194	6	l'	l'	_	_	_	_	_	linguistic	_	none	SpaceAfter=No	_	_	_	_	_
194-7	TO091	194	194	7	esecutivo,	esecutivo	_	_	_	_	_	linguistic	_	none	Intonation=WeaklyRising	End=377.244	_	_	_	_
195-0	TO091	195	195	0	però	però	_	_	_	_	_	linguistic	_	none	_	Begin=377.352	_	_	_	_
195-1	TO091	195	195	1	loro	loro	_	_	_	_	_	linguistic	_	none	_	_	_	_	_	_
195-2	TO091	195	195	2	già	già	_	_	_	_	_	linguistic	_	none	_	_	_	_	_	_
195-3	TO091	195	195	3	m'	m'	_	_	_	_	_	linguistic	_	none	SpaceAfter=No	_	_	_	_	_
195-4	TO091	195	195	4	(avevano	avevano	_	_	_	_	_	linguistic	_	none	_	_	_	_	_	_
195-5	TO091	195	195	5	messo	messo	_	_	_	_	_	linguistic	_	none	_	_	_	_	_	_
195-6	TO091	195	195	6	come,	come	_	_	_	_	_	linguistic	_	none	Intonation=WeaklyRising	End=379.426	_	_	_	_
196-0	TO091	196	196	0	responsabile	responsabile	_	_	_	_	_	linguistic	_	none	_	Begin=379.934	_	_	_	_
196-1	TO091	196	196	1	[organizzazione]	organizzazione	_	_	_	_	_	linguistic	_	none	_	_	_	_	_	0-14(47)
196-2	TO091	196	196	2	in	in	_	_	_	_	_	linguistic	_	none	_	_	_	_	_	_
196-3	TO091	196	196	3	esecutivo,	esecutivo	_	_	_	_	_	linguistic	_	none	Intonation=WeaklyRising	_	_	_	_	_
196-4	TO091	196	196	4	quindi	quindi	_	_	_	_	_	linguistic	_	none	_	_	_	_	_	_
196-5	TO091	196	196	5	ho	ho	_	_	_	_	_	linguistic	_	none	_	_	_	_	_	_
196-6	TO091	196	196	6	detto	detto	_	_	_	_	_	linguistic	_	none	_	_	_	_	_	_
196-7	TO091	196	196	7	[vado::]	vado	_	_	_	_	_	linguistic	_	none	_	End=383.199	3x2	_	_	0-4(48)
197-0	TO085	197	197	0	[sì]	sì	_	_	_	_	_	linguistic	_	none	_	Begin=380.811|End=381.208	_	_	_	0-2(47)
198-0	TO085	198	198	0	[sì,	sì	_	_	_	_	_	linguistic	_	none	Intonation=WeaklyRising	Begin=382.414	_	_	_	0-2(48)
198-1	TO085	198	198	1	sì]	sì	_	_	_	_	_	linguistic	_	none	_	End=383.131	_	_	_	0-2(48)
199-0	TO085	199	199	0	ma	ma	_	_	_	_	_	linguistic	_	none	_	Begin=383.327	_	_	_	_
199-1	TO085	199	199	1	[va	va	_	_	_	_	_	linguistic	_	none	_	_	_	_	_	0-2(49)
199-2	TO085	199	199	2	benissimo],	benissimo	_	_	_	_	_	linguistic	_	none	Intonation=WeaklyRising	End=384.412	_	_	_	0-9(49)
200-0	TO091	200	200	0	[nel	nel	_	_	_	_	_	linguistic	_	none	_	Begin=383.644	_	_	_	0-3(49)
200-1	TO091	200	200	1	comitato]	comitato	_	_	_	_	_	linguistic	_	none	_	_	_	_	_	0-8(49)
200-2	TO091	200	200	2	organizzativo,	organizzativo	_	_	_	_	_	linguistic	_	none	Intonation=WeaklyRising	_	_	_	_	_
200-3	TO091	200	200	3	e	e	_	_	_	_	_	linguistic	_	none	_	_	_	_	_	_
200-4	TO091	200	200	4	aiuto	aiuto	_	_	_	_	_	linguistic	_	none	_	_	_	_	_	_
200-5	TO091	200	200	5	antonio	antonio	_	_	_	_	_	linguistic	_	none	_	_	_	_	_	_
200-6	TO091	200	200	6	perché	perché	_	_	_	_	_	linguistic	_	none	_	_	_	_	_	_
200-7	TO091	200	200	7	non	non	_	_	_	_	_	linguistic	_	none	_	_	_	_	_	_
200-8	TO091	200	200	8	mi	mi	_	_	_	_	_	linguistic	_	none	_	_	_	_	_	_
200-9	TO091	200	200	9	fido	fido	_	_	_	_	_	linguistic	_	none	_	_	_	_	_	_
200-10	TO091	200	200	10	tanto	tanto	_	_	_	_	_	linguistic	_	none	_	_	_	_	_	_
200-11	TO091	200	200	11	{ride}	{ride}	_	_	_	_	_	nonverbalbehavior	_	none	_	_	_	_	_	_
200-12	TO091	200	200	12	di	di	_	_	_	_	_	linguistic	_	none	_	_	_	_	_	_
200-13	TO091	200	200	13	antonio	antonio	_	_	_	_	_	linguistic	_	none	_	_	_	_	_	_
200-14	TO091	200	200	14	semplicemente.	semplicemente	_	_	_	_	_	linguistic	_	none	Intonation=Falling	End=389.01	_	_	_	_
201-0	TO091	201	201	0	c'	c'	_	_	_	_	_	linguistic	_	none	SpaceAfter=No	Begin=389.78	_	_	_	_
201-1	TO091	201	201	1	ha	ha	_	_	_	_	_	linguistic	_	none	_	_	_	_	_	_
201-2	TO091	201	201	2	troppe	troppe	_	_	_	_	_	linguistic	_	none	_	_	_	_	_	_
201-3	TO091	201	201	3	cose	cose	_	_	_	_	_	linguistic	_	none	_	_	_	_	_	_
201-4	TO091	201	201	4	da	da	_	_	_	_	_	linguistic	_	none	_	_	_	_	_	_
201-5	TO091	201	201	5	fa'	fa'	_	_	_	_	_	linguistic	_	none	Truncated=Yes	_	_	_	_	_
201-6	TO091	201	201	6	e	e	_	_	_	_	_	linguistic	_	none	_	_	_	_	_	_
201-7	TO091	201	201	7	l'	l'	_	_	_	_	_	linguistic	_	none	SpaceAfter=No	_	_	_	_	_
201-8	TO091	201	201	8	hanno	hanno	_	_	_	_	_	linguistic	_	none	_	_	_	_	_	_
201-9	TO091	201	201	9	messo	messo	_	_	_	_	_	linguistic	_	none	_	_	_	_	_	_
201-10	TO091	201	201	10	nel	nel	_	_	_	_	_	linguistic	_	none	_	_	_	_	_	_
201-11	TO091	201	201	11	comitato	comitato	_	_	_	_	_	linguistic	_	none	_	_	_	_	_	_
201-12	TO091	201	201	12	organizzativo,	organizzativo	_	_	_	_	_	linguistic	_	none	Intonation=WeaklyRising	End=392.89	_	_	_	_
202-0	TO085	202	202	0	ah	ah	_	_	_	_	_	linguistic	_	none	_	Begin=393.31	_	_	_	_
202-1	TO085	202	202	1	lui	lui	_	_	_	_	_	linguistic	_	none	_	_	_	_	_	_
202-2	TO085	202	202	2	è	è	_	_	_	_	_	linguistic	_	none	_	_	_	_	_	_
202-3	TO085	202	202	3	comitato	comitato	_	_	_	_	_	linguistic	_	none	_	_	_	_	_	_
202-4	TO085	202	202	4	[organizzativo]?	organizzativo	_	_	_	_	_	linguistic	_	none	Intonation=Rising	End=395.02	_	_	_	0-13(50)
203-0	TO091	203	203	0	[perché	perché	_	_	_	_	_	linguistic	_	none	_	Begin=394.36	_	_	_	0-6(50)
203-1	TO091	203	203	1	non]	non	_	_	_	_	_	linguistic	_	none	_	_	_	_	_	0-3(50)
203-2	TO091	203	203	2	politico,	politico	_	_	_	_	_	linguistic	_	none	Intonation=WeaklyRising	_	_	_	_	_
203-3	TO091	203	203	3	io	io	_	_	_	_	_	linguistic	_	none	_	_	_	_	_	_
203-4	TO091	203	203	4	[dico,	dico	_	_	_	_	_	linguistic	_	none	Intonation=WeaklyRising	_	_	_	_	0-4(51)
203-5	TO091	203	203	5	almeno],	almeno	_	_	_	_	_	linguistic	_	none	Intonation=WeaklyRising	End=396.76	_	_	_	0-6(51)
204-0	TO085	204	204	0	[eh	eh	_	_	_	_	_	linguistic	_	none	_	Begin=395.696	_	_	_	0-2(51)
204-1	TO085	204	204	1	infatti]	infatti	_	_	_	_	_	linguistic	_	none	_	End=396.64	_	_	_	0-7(51)
205-0	TO091	205	205	0	c(io)è	cioè	_	_	_	_	_	linguistic	_	none	_	Begin=399.033	_	_	_	_
205-1	TO091	205	205	1	in	in	_	_	_	_	_	linguistic	_	none	_	_	_	_	_	_
205-2	TO091	205	205	2	realtà	realtà	_	_	_	_	_	linguistic	_	none	_	_	_	_	_	_
205-3	TO091	205	205	3	ci	ci	_	_	_	_	_	linguistic	_	none	_	_	_	_	_	_
205-4	TO091	205	205	4	s'	s'	_	_	_	_	_	linguistic	_	none	SpaceAfter=No	_	_	_	_	_
205-5	TO091	205	205	5	(è	è	_	_	_	_	_	linguistic	_	none	_	_	_	_	_	_
205-6	TO091	205	205	6	messo	messo	_	_	_	_	_	linguistic	_	none	_	_	_	_	_	_
205-7	TO091	205	205	7	lui	lui	_	_	_	_	_	linguistic	_	none	_	_	_	_	_	_
205-8	TO091	205	205	8	capito,	capito	_	_	_	_	_	linguistic	_	none	Intonation=WeaklyRising	End=401.15	_	_	_	_
206-0	TO085	206	206	0	mh	mh	_	_	_	_	_	linguistic	_	none	_	Begin=401.222|End=401.54	_	_	_	_
207-0	TO091	207	207	0	s'	s'	_	_	_	_	_	linguistic	_	none	SpaceAfter=No	Begin=401.696	_	_	_	_
207-1	TO091	207	207	1	(è	è	_	_	_	_	_	linguistic	_	none	_	_	_	_	_	_
207-2	TO091	207	207	2	proposto	proposto	_	_	_	_	_	linguistic	_	none	_	_	_	_	_	_
207-3	TO091	207	207	3	lui	lui	_	_	_	_	_	linguistic	_	none	_	_	_	_	_	_
207-4	TO091	207	207	4	e	e	_	_	_	_	_	linguistic	_	none	_	_	_	_	_	_
207-5	TO091	207	207	5	quindi	quindi	_	_	_	_	_	linguistic	_	none	_	_	_	_	_	_
207-6	TO091	207	207	6	che	che	_	_	_	_	_	linguistic	_	none	_	_	_	_	_	_
207-7	TO091	207	207	7	je	je	_	_	_	_	_	linguistic	_	none	_	_	_	_	_	_
207-8	TO091	207	207	8	vai	vai	_	_	_	_	_	linguistic	_	none	_	_	_	_	_	_
207-9	TO091	207	207	9	a	a	_	_	_	_	_	linguistic	_	none	_	_	_	_	_	_
207-10	TO091	207	207	10	dì.	dì	_	_	_	_	_	linguistic	_	none	Intonation=Falling	End=403.53	_	_	_	_
208-0	TO091	208	208	0	c(io)è	cioè	_	_	_	_	_	linguistic	_	none	Reduced=Yes	Begin=404.51	_	_	_	_
208-1	TO091	208	208	1	non	non	_	_	_	_	_	linguistic	_	none	_	_	_	_	_	_
208-2	TO091	208	208	2	gli	gli	_	_	_	_	_	linguistic	_	none	_	_	_	_	_	_
208-3	TO091	208	208	3	puoi	puoi	_	_	_	_	_	linguistic	_	none	_	_	_	_	_	_
208-4	TO091	208	208	4	neanche	neanche	_	_	_	_	_	linguistic	_	none	_	_	_	_	_	_
208-5	TO091	208	208	5	dire	dire	_	_	_	_	_	linguistic	_	none	_	_	_	_	_	_
208-6	TO091	208	208	6	no	no	_	_	_	_	_	linguistic	_	none	_	_	_	_	_	_
208-7	TO091	208	208	7	secondo	secondo	_	_	_	_	_	linguistic	_	none	_	_	_	_	_	_
208-8	TO091	208	208	8	me	me	_	_	_	_	_	linguistic	_	none	_	_	_	_	_	_
208-9	TO091	208	208	9	non	non	_	_	_	_	_	linguistic	_	none	_	_	_	_	_	_
208-10	TO091	208	208	10	sei	sei	_	_	_	_	_	linguistic	_	none	_	_	_	_	_	_
208-11	TO091	208	208	11	adatto.	adatto	_	_	_	_	_	linguistic	_	none	Intonation=Falling	_	_	_	_	_
208-12	TO091	208	208	12	c(io)è	cioè	_	_	_	_	_	linguistic	_	none	Reduced=Yes	_	_	_	_	_
208-13	TO091	208	208	13	'na	'na	_	_	_	_	_	linguistic	_	none	Truncated=Yes	_	_	_	_	_
208-14	TO091	208	208	14	persona	persona	_	_	_	_	_	linguistic	_	none	_	_	_	_	_	_
208-15	TO091	208	208	15	sta	sta	_	_	_	_	_	linguistic	_	none	_	_	_	_	_	_
208-16	TO091	208	208	16	brutto	brutto	_	_	_	_	_	linguistic	_	none	_	End=408.042	_	_	_	_
209-0	TO085	209	209	0	no	no	_	_	_	_	_	linguistic	_	none	_	Begin=408.751	_	_	_	_
209-1	TO085	209	209	1	no	no	_	_	_	_	_	linguistic	_	none	_	_	_	_	_	_
209-2	TO085	209	209	2	assolutamente.	assolutamente	_	_	_	_	_	linguistic	_	none	Intonation=Falling	End=409.802	_	_	_	_
210-0	TO091	210	210	0	poi	poi	_	_	_	_	_	linguistic	_	none	_	Begin=409.802	_	_	_	_
210-1	TO091	210	210	1	tanto::,	tanto	_	_	_	_	_	linguistic	_	none	Intonation=WeaklyRising	End=410.623	4x2	_	_	_
211-0	TO091	211	211	0	politico:::,	politico	_	_	_	_	_	linguistic	_	none	Intonation=WeaklyRising	Begin=410.717	7x3	_	_	_
211-1	TO091	211	211	1	diritto	diritto	_	_	_	_	_	linguistic	_	none	_	_	_	_	_	_
211-2	TO091	211	211	2	allo	allo	_	_	_	_	_	linguistic	_	none	_	_	_	_	_	_
211-3	TO091	211	211	3	studio	studio	_	_	_	_	_	linguistic	_	none	_	_	_	_	_	_
211-4	TO091	211	211	4	se	se	_	_	_	_	_	linguistic	_	none	_	_	_	_	_	_
211-5	TO091	211	211	5	lo	lo	_	_	_	_	_	linguistic	_	none	_	_	_	_	_	_
211-6	TO091	211	211	6	pija	pija	_	_	_	_	_	linguistic	_	none	_	_	_	_	_	_
211-7	TO091	211	211	7	cristiano,	cristiano	_	_	_	_	_	linguistic	_	none	Intonation=WeaklyRising	_	_	_	_	_
211-8	TO091	211	211	8	che	che	_	_	_	_	_	linguistic	_	none	_	_	_	_	_	_
211-9	TO091	211	211	9	si	si	_	_	_	_	_	linguistic	_	none	_	_	_	_	_	_
211-10	TO091	211	211	10	crede::,	crede	_	_	_	_	_	linguistic	_	none	Intonation=WeaklyRising	_	4x2	_	_	_
211-11	TO091	211	211	11	sto	sto	_	_	_	_	_	linguistic	_	none	_	_	_	_	_	_
211-12	TO091	211	211	12	cazzo.	cazzo	_	_	_	_	_	linguistic	_	none	Intonation=Falling	End=415.24	_	_	_	_
212-0	TO085	212	212	0	ah	ah	_	_	_	_	_	linguistic	_	none	_	Begin=415.458	_	_	_	_
212-1	TO085	212	212	1	okay.	okay	_	_	_	_	_	linguistic	_	none	Intonation=Falling	End=416.16	_	_	_	_
213-0	TO091	213	213	0	presente	presente	_	_	_	_	_	linguistic	_	none	_	Begin=416.87	_	_	_	_
213-1	TO091	213	213	1	chi	chi	_	_	_	_	_	linguistic	_	none	_	_	_	_	_	_
213-2	TO091	213	213	2	è,	è	_	_	_	_	_	linguistic	_	none	Intonation=WeaklyRising	End=417.384	_	_	_	_
214-0	TO085	214	214	0	sì,	sì	_	_	_	_	_	linguistic	_	none	Intonation=WeaklyRising	Begin=417.484	_	_	_	_
214-1	TO085	214	214	1	sì	sì	_	_	_	_	_	linguistic	_	none	_	_	_	_	_	_
214-2	TO085	214	214	2	sì	sì	_	_	_	_	_	linguistic	_	none	_	_	_	_	_	_
214-3	TO085	214	214	3	ho	ho	_	_	_	_	_	linguistic	_	none	_	_	_	_	_	_
214-4	TO085	214	214	4	capito.	capito	_	_	_	_	_	linguistic	_	none	Intonation=Falling	End=418.567	_	_	_	_
215-0	TO085	215	215	0	beh	beh	_	_	_	_	_	linguistic	_	none	_	Begin=419.62	_	_	_	_
215-1	TO085	215	215	1	comunque	comunque	_	_	_	_	_	linguistic	_	none	_	_	_	_	_	_
215-2	TO085	215	215	2	anche	anche	_	_	_	_	_	linguistic	_	none	_	_	_	_	_	_
215-3	TO085	215	215	3	ieri	ieri	_	_	_	_	_	linguistic	_	none	_	_	_	_	_	_
215-4	TO085	215	215	4	eravate,	eravate	_	_	_	_	_	linguistic	_	none	Intonation=WeaklyRising	End=421.11	_	_	_	_
216-0	TO085	216	216	0	c(io)è	cioè	_	_	_	_	_	linguistic	_	none	Reduced=Yes	Begin=421.58	_	_	_	_
216-1	TO085	216	216	1	eravamo,	eravamo	_	_	_	_	_	linguistic	_	none	Intonation=WeaklyRising	_	_	_	_	_
216-2	TO085	216	216	2	pochissimi.	pochissimi	_	_	_	_	_	linguistic	_	none	Intonation=Falling	End=422.958	_	_	_	_
217-0	TO091	217	217	0	sì	sì	_	_	_	_	_	linguistic	_	none	_	Begin=424.15	_	_	_	_
217-1	TO091	217	217	1	pochi.	pochi	_	_	_	_	_	linguistic	_	none	Intonation=Falling	End=424.67	_	_	_	_
218-0	TO095	218	218	0	è	è	_	_	_	_	_	linguistic	_	none	_	Begin=427.5	_	_	_	_
218-1	TO095	218	218	1	venuto	venuto	_	_	_	_	_	linguistic	_	none	_	_	_	_	_	_
218-2	TO095	218	218	2	jack	jack	_	_	_	_	_	linguistic	_	none	_	_	_	_	_	_
218-3	TO095	218	218	3	a	a	_	_	_	_	_	linguistic	_	none	_	_	_	_	_	_
218-4	TO095	218	218	4	riunione	riunione	_	_	_	_	_	linguistic	_	none	_	End=428.697	_	_	_	_
219-0	TO085	219	219	0	ma	ma	_	_	_	_	_	linguistic	_	none	_	Begin=429.39	_	_	_	_
219-1	TO085	219	219	1	va::,	va	_	_	_	_	_	linguistic	_	none	Intonation=WeaklyRising	End=430.08	1x2	_	_	_
220-0	TO091	220	220	0	alle	alle	_	_	_	_	_	linguistic	_	none	_	Begin=430.375	_	_	_	_
220-1	TO091	220	220	1	[sette]	sette	_	_	_	_	_	linguistic	_	none	_	End=431.184	_	_	_	0-5(94)
221-0	TO095	221	221	0	[a	a	_	_	_	_	_	linguistic	_	none	_	Begin=430.974	_	_	_	0-1(94)
221-1	TO095	221	221	1	vedere]	vedere	_	_	_	_	_	linguistic	_	none	_	End=431.6	_	_	_	0-6(94)
222-0	TO085	222	222	0	[grande],	grande	_	_	_	_	_	linguistic	_	none	Intonation=WeaklyRising	Begin=431.14|End=431.76	_	_	_	0-6(94)
223-0	TO085	223	223	0	[è	è	_	_	_	_	_	linguistic	_	none	_	Begin=432.594	_	_	_	0-1(52)
223-1	TO085	223	223	1	piaciuto]?	piaciuto	_	_	_	_	_	linguistic	_	none	Intonation=Rising	End=433.256	_	_	_	0-8(52)
224-0	TO095	224	224	0	[non	non	_	_	_	_	_	linguistic	_	none	_	Begin=432.68	_	_	_	0-3(52)
224-1	TO095	224	224	1	s'	s'	_	_	_	_	_	linguistic	_	none	SpaceAfter=No	_	_	_	_	0-2(52)
224-2	TO095	224	224	2	(è]	è	_	_	_	_	_	linguistic	_	none	_	_	_	_	_	0-1(52)
224-3	TO095	224	224	3	beccato	beccato	_	_	_	_	_	linguistic	_	none	_	_	_	_	_	_
224-4	TO095	224	224	4	una	una	_	_	_	_	_	linguistic	_	none	_	_	_	_	_	_
224-5	TO095	224	224	5	riunione	riunione	_	_	_	_	_	linguistic	_	none	_	_	_	_	_	_
224-6	TO095	224	224	6	delle	delle	_	_	_	_	_	linguistic	_	none	_	_	_	_	_	_
224-7	TO095	224	224	7	migliori,	migliori	_	_	_	_	_	linguistic	_	none	Intonation=WeaklyRising	_	_	_	_	_
224-8	TO095	224	224	8	c'	c'	_	_	_	_	_	linguistic	_	none	SpaceAfter=No	_	_	_	_	_
224-9	TO095	224	224	9	era	era	_	_	_	_	_	linguistic	_	none	_	_	_	_	_	_
224-10	TO095	224	224	10	marco	marco	_	_	_	_	_	linguistic	_	none	_	_	_	_	_	_
224-11	TO095	224	224	11	che	che	_	_	_	_	_	linguistic	_	none	_	_	_	_	_	_
224-12	TO095	224	224	12	faceva	faceva	_	_	_	_	_	linguistic	_	none	_	_	_	_	_	_
224-13	TO095	224	224	13	il	il	_	_	_	_	_	linguistic	_	none	_	_	_	_	_	_
224-14	TO095	224	224	14	moderatore,	moderatore	_	_	_	_	_	linguistic	_	none	Intonation=WeaklyRising	_	_	_	_	_
224-15	TO095	224	224	15	era	era	_	_	_	_	_	linguistic	_	none	_	_	_	_	_	_
224-16	TO095	224	224	16	da	da	_	_	_	_	_	linguistic	_	none	_	_	_	_	_	_
224-17	TO095	224	224	17	prenderlo	prenderlo	_	_	_	_	_	linguistic	_	none	_	_	_	_	_	_
224-18	TO095	224	224	18	a	a	_	_	_	_	_	linguistic	_	none	_	_	_	_	_	_
224-19	TO095	224	224	19	pizze.	pizze	_	_	_	_	_	linguistic	_	none	Intonation=Falling	End=437.36	_	_	_	_
225-0	TO085	225	225	0	sì	sì	_	_	_	_	_	linguistic	_	none	_	Begin=438.575	_	_	_	_
225-1	TO085	225	225	1	un	un	_	_	_	_	_	linguistic	_	none	_	_	_	_	_	_
225-2	TO085	225	225	2	po'	po'	_	_	_	_	_	linguistic	_	none	PauseAfter=Yes	_	_	_	_	_
225-3	TO085	225	225	3	{P}	{P}	_	_	_	_	_	shortpause	_	none	_	_	_	_	_	_
225-4	TO085	225	225	4	po'	po'	_	_	_	_	_	linguistic	_	none	_	_	_	_	_	_
225-5	TO085	225	225	5	troppe	troppe	_	_	_	_	_	linguistic	_	none	_	_	_	_	_	_
225-6	TO085	225	225	6	regole	regole	_	_	_	_	_	linguistic	_	none	_	End=441.128	_	_	_	_
226-0	TO095	226	226	0	che	che	_	_	_	_	_	linguistic	_	none	_	Begin=443.84	_	_	_	_
226-1	TO095	226	226	1	poi	poi	_	_	_	_	_	linguistic	_	none	_	_	_	_	_	_
226-2	TO095	226	226	2	ieri	ieri	_	_	_	_	_	linguistic	_	none	_	_	_	_	_	_
226-3	TO095	226	226	3	non	non	_	_	_	_	_	linguistic	_	none	_	_	_	_	_	_
226-4	TO095	226	226	4	serviva	serviva	_	_	_	_	_	linguistic	_	none	_	_	_	_	_	_
226-5	TO095	226	226	5	neanche	neanche	_	_	_	_	_	linguistic	_	none	_	_	_	_	_	_
226-6	TO095	226	226	6	perché	perché	_	_	_	_	_	linguistic	_	none	_	_	_	_	_	_
226-7	TO095	226	226	7	eravamo	eravamo	_	_	_	_	_	linguistic	_	none	_	_	_	_	_	_
226-8	TO095	226	226	8	pochi.	pochi	_	_	_	_	_	linguistic	_	none	Intonation=Falling	_	_	_	_	_
226-9	TO095	226	226	9	quando,	quando	_	_	_	_	_	linguistic	_	none	Intonation=WeaklyRising	_	_	_	_	_
226-10	TO095	226	226	10	tipo,	tipo	_	_	_	_	_	linguistic	_	none	Intonation=WeaklyRising	End=447.17	_	_	_	_
227-0	TO095	227	227	0	siamo	siamo	_	_	_	_	_	linguistic	_	none	_	Begin=447.62	_	_	_	_
227-1	TO095	227	227	1	stati	stati	_	_	_	_	_	linguistic	_	none	_	_	_	_	_	_
227-2	TO095	227	227	2	fino	fino	_	_	_	_	_	linguistic	_	none	_	_	_	_	_	_
227-3	TO095	227	227	3	alle	alle	_	_	_	_	_	linguistic	_	none	_	_	_	_	_	_
227-4	TO095	227	227	4	dieci	dieci	_	_	_	_	_	linguistic	_	none	_	_	_	_	_	_
227-5	TO095	227	227	5	di	di	_	_	_	_	_	linguistic	_	none	_	_	_	_	_	_
227-6	TO095	227	227	6	sera,	sera	_	_	_	_	_	linguistic	_	none	Intonation=WeaklyRising	_	_	_	_	_
227-7	TO095	227	227	7	santo	santo	_	_	_	_	_	linguistic	_	none	_	_	_	_	_	_
227-8	TO095	227	227	8	d:io	dio	_	_	_	_	_	linguistic	_	none	_	End=450.751	0x1	_	_	_
228-0	TO095	228	228	0	con	con	_	_	_	_	_	linguistic	_	none	_	Begin=450.83	_	_	_	_
228-1	TO095	228	228	1	l'	l'	_	_	_	_	_	linguistic	_	none	SpaceAfter=No	_	_	_	_	_
228-2	TO095	228	228	2	elezio~,	elezio~	_	_	_	_	_	linguistic	_	none	Intonation=WeaklyRising|Interrupted=Yes	_	_	_	_	_
228-3	TO095	228	228	3	no	no	_	_	_	_	_	linguistic	_	none	_	_	_	_	_	_
228-4	TO095	228	228	4	sì	sì	_	_	_	_	_	linguistic	_	none	_	_	_	_	_	_
228-5	TO095	228	228	5	quand'	quand'	_	_	_	_	_	linguistic	_	none	SpaceAfter=No	_	_	_	_	_
228-6	TO095	228	228	6	era,	era	_	_	_	_	_	linguistic	_	none	Intonation=WeaklyRising	End=452.638	_	_	_	_
229-0	TO085	229	229	0	perché	perché	_	_	_	_	_	linguistic	_	none	_	Begin=453.129	_	_	_	_
229-1	TO085	229	229	1	avete	avete	_	_	_	_	_	linguistic	_	none	_	_	_	_	_	_
229-2	TO085	229	229	2	continuato	continuato	_	_	_	_	_	linguistic	_	none	_	_	_	_	_	_
229-3	TO085	229	229	3	a	a	_	_	_	_	_	linguistic	_	none	_	_	_	_	_	_
229-4	TO085	229	229	4	parlare	parlare	_	_	_	_	_	linguistic	_	none	_	_	_	_	_	_
229-5	TO085	229	229	5	no,	no	_	_	_	_	_	linguistic	_	none	Intonation=WeaklyRising	End=454.767	_	_	_	_
230-0	TO095	230	230	0	no	no	_	_	_	_	_	linguistic	_	none	_	Begin=454.853	_	_	_	_
230-1	TO095	230	230	1	ieri	ieri	_	_	_	_	_	linguistic	_	none	_	_	_	_	_	_
230-2	TO095	230	230	2	[no].	no	_	_	_	_	_	linguistic	_	none	Intonation=Falling	End=455.51	_	_	_	0-2(53)
231-0	TO085	231	231	0	[tu]	tu	_	_	_	_	_	linguistic	_	none	_	Begin=455.431	_	_	_	0-2(53)
231-1	TO085	231	231	1	no,	no	_	_	_	_	_	linguistic	_	none	Intonation=WeaklyRising	_	_	_	_	_
231-2	TO085	231	231	2	sei	sei	_	_	_	_	_	linguistic	_	none	_	_	_	_	_	_
231-3	TO085	231	231	3	andata	andata	_	_	_	_	_	linguistic	_	none	_	_	_	_	_	_
231-4	TO085	231	231	4	via?	via	_	_	_	_	_	linguistic	_	none	Intonation=Rising	End=456.709	_	_	_	_
232-0	TO095	232	232	0	però	però	_	_	_	_	_	linguistic	_	none	_	Begin=456.725	_	_	_	_
232-1	TO095	232	232	1	c'	c'	_	_	_	_	_	linguistic	_	none	SpaceAfter=No	_	_	_	_	_
232-2	TO095	232	232	2	è	è	_	_	_	_	_	linguistic	_	none	_	_	_	_	_	_
232-3	TO095	232	232	3	stata	stata	_	_	_	_	_	linguistic	_	none	_	_	_	_	_	_
232-4	TO095	232	232	4	una	una	_	_	_	_	_	linguistic	_	none	_	_	_	_	_	_
232-5	TO095	232	232	5	riunione	riunione	_	_	_	_	_	linguistic	_	none	_	_	_	_	_	_
232-6	TO095	232	232	6	dov	dov	_	_	_	_	_	linguistic	_	none	_	_	_	_	_	_
232-7	TO095	232	232	7	(abbiamo)	abbiamo	_	_	_	_	_	linguistic	_	none	_	_	_	_	0-7(0)	_
232-8	TO095	232	232	8	fatto	fatto	_	_	_	_	_	linguistic	_	none	_	_	_	_	_	_
232-9	TO095	232	232	9	un	un	_	_	_	_	_	linguistic	_	none	_	_	_	_	_	_
232-10	TO095	232	232	10	bordello	bordello	_	_	_	_	_	linguistic	_	none	_	_	_	_	_	_
232-11	TO095	232	232	11	allucinante,	allucinante	_	_	_	_	_	linguistic	_	none	Intonation=WeaklyRising	_	_	_	_	_
232-12	TO095	232	232	12	forse	forse	_	_	_	_	_	linguistic	_	none	_	_	_	_	_	_
232-13	TO095	232	232	13	tu	tu	_	_	_	_	_	linguistic	_	none	_	_	_	_	_	_
232-14	TO095	232	232	14	non	non	_	_	_	_	_	linguistic	_	none	_	_	_	_	_	_
232-15	TO095	232	232	15	[c'	c'	_	_	_	_	_	linguistic	_	none	SpaceAfter=No	_	_	_	_	0-2(54)
232-16	TO095	232	232	16	eri].	eri	_	_	_	_	_	linguistic	_	none	Intonation=Falling	End=460.817	_	_	_	0-2(54)
233-0	TO085	233	233	0	[no]	no	_	_	_	_	_	linguistic	_	none	_	Begin=460.456	_	_	_	0-2(54)
233-1	TO085	233	233	1	non	non	_	_	_	_	_	linguistic	_	none	_	_	_	_	_	_
233-2	TO085	233	233	2	c'	c'	_	_	_	_	_	linguistic	_	none	SpaceAfter=No	_	_	_	_	_
233-3	TO085	233	233	3	ero.	ero	_	_	_	_	_	linguistic	_	none	Intonation=Falling	End=461.244	_	_	_	_
234-0	TO095	234	234	0	quello	quello	_	_	_	_	_	linguistic	_	none	_	Begin=462.506	_	_	_	_
234-1	TO095	234	234	1	al:::,	al	_	_	_	_	_	linguistic	_	none	Intonation=WeaklyRising	_	1x3	_	_	_
234-2	TO095	234	234	2	però	però	_	_	_	_	_	linguistic	_	none	_	_	_	_	_	_
234-3	TO095	234	234	3	c'	c'	_	_	_	_	_	linguistic	_	none	SpaceAfter=No	_	_	_	_	_
234-4	TO095	234	234	4	eri	eri	_	_	_	_	_	linguistic	_	none	_	_	_	_	_	_
234-5	TO095	234	234	5	alla,	alla	_	_	_	_	_	linguistic	_	none	Intonation=WeaklyRising	End=464.78	_	_	_	_
235-0	TO095	235	235	0	quella	quella	_	_	_	_	_	linguistic	_	none	_	Begin=464.968	_	_	_	_
235-1	TO095	235	235	1	lì	lì	_	_	_	_	_	linguistic	_	none	_	_	_	_	_	_
235-2	TO095	235	235	2	a::,	a	_	_	_	_	_	linguistic	_	none	Intonation=WeaklyRising	_	0x2	_	_	_
235-3	TO095	235	235	3	a	a	_	_	_	_	_	linguistic	_	none	_	_	_	_	_	_
235-4	TO095	235	235	4	casa	casa	_	_	_	_	_	linguistic	_	none	_	_	_	_	_	_
235-5	TO095	235	235	5	del	del	_	_	_	_	_	linguistic	_	none	_	_	_	_	_	_
235-6	TO095	235	235	6	quartiere	quartiere	_	_	_	_	_	linguistic	_	none	_	_	_	_	_	_
235-7	TO095	235	235	7	in	in	_	_	_	_	_	linguistic	_	none	_	_	_	_	_	_
235-8	TO095	235	235	8	san	san	_	_	_	_	_	linguistic	_	none	_	_	_	_	_	_
235-9	TO095	235	235	9	salvario	salvario	_	_	_	_	_	linguistic	_	none	_	End=467.7	_	_	_	_
236-0	TO085	236	236	0	[sì.	sì	_	_	_	_	_	linguistic	_	none	Intonation=Falling	Begin=467.66	_	_	_	0-2(56)
236-1	TO085	236	236	1	sì	sì	_	_	_	_	_	linguistic	_	none	_	_	_	_	_	0-2(56)
236-2	TO085	236	236	2	sì]	sì	_	_	_	_	_	linguistic	_	none	_	End=468.57	_	_	_	0-2(56)
237-0	TO095	237	237	0	[ah	ah	_	_	_	_	_	linguistic	_	none	_	Begin=467.75	_	_	_	0-2(56)
237-1	TO095	237	237	1	sì	sì	_	_	_	_	_	linguistic	_	none	_	_	_	_	_	0-2(56)
237-2	TO095	237	237	2	sei	sei	_	_	_	_	_	linguistic	_	none	_	_	_	_	_	0-3(56)
237-3	TO095	237	237	3	venuta	venuta	_	_	_	_	_	linguistic	_	none	_	_	_	_	_	0-6(56)
237-4	TO095	237	237	4	con	con	_	_	_	_	_	linguistic	_	none	_	_	_	_	_	0-3(56)
237-5	TO095	237	237	5	me].	me	_	_	_	_	_	linguistic	_	none	Intonation=Falling	End=468.681	_	_	_	0-2(56)
238-0	TO095	238	238	0	[quella	quella	_	_	_	_	_	linguistic	_	none	_	Begin=469.839	_	_	_	0-6(57)
238-1	TO095	238	238	1	non	non	_	_	_	_	_	linguistic	_	none	_	_	_	_	_	0-3(57)
238-2	TO095	238	238	2	so]	so	_	_	_	_	_	linguistic	_	none	_	End=470.81	_	_	_	0-2(57)
239-0	TO085	239	239	0	[vabbè	vabbè	_	_	_	_	_	linguistic	_	none	_	Begin=469.959	_	_	_	0-5(57)
239-1	TO085	239	239	1	quella]	quella	_	_	_	_	_	linguistic	_	none	_	_	_	_	_	0-6(57)
239-2	TO085	239	239	2	è	è	_	_	_	_	_	linguistic	_	none	_	_	_	_	_	_
239-3	TO085	239	239	3	'na	'na	_	_	_	_	_	linguistic	_	none	Truncated=Yes	_	_	_	_	_
239-4	TO085	239	239	4	merda.	merda	_	_	_	_	_	linguistic	_	none	Intonation=Falling	End=471.516	_	_	_	_
240-0	TO095	240	240	0	sì?	sì	_	_	_	_	_	linguistic	_	none	Intonation=Rising	Begin=471.572|End=471.942	_	_	_	_
241-0	TO085	241	241	0	sì.	sì	_	_	_	_	_	linguistic	_	none	Intonation=Falling	Begin=472.692|End=473.201	_	_	_	_
242-0	TO095	242	242	0	c(io)è	cioè	_	_	_	_	_	linguistic	_	none	Reduced=Yes	Begin=474.27	_	_	_	_
242-1	TO095	242	242	1	è	è	_	_	_	_	_	linguistic	_	none	_	_	_	_	_	_
242-2	TO095	242	242	2	durata	durata	_	_	_	_	_	linguistic	_	none	_	_	_	_	_	_
242-3	TO095	242	242	3	poco?	poco	_	_	_	_	_	linguistic	_	none	Intonation=Rising	End=475.149	_	_	_	_
243-0	TO085	243	243	0	sì,	sì	_	_	_	_	_	linguistic	_	none	Intonation=WeaklyRising	Begin=475.329	_	_	_	_
243-1	TO085	243	243	1	non	non	_	_	_	_	_	linguistic	_	none	_	_	_	_	_	_
243-2	TO085	243	243	2	abbia~,	abbia~	_	_	_	_	_	linguistic	_	none	Intonation=WeaklyRising|Interrupted=Yes	_	_	_	_	_
243-3	TO085	243	243	3	a:h	ah	_	_	_	_	_	linguistic	_	none	_	_	0x1	_	_	_
243-4	TO085	243	243	4	no	no	_	_	_	_	_	linguistic	_	none	_	_	_	_	_	_
243-5	TO085	243	243	5	però	però	_	_	_	_	_	linguistic	_	none	_	_	_	_	_	_
243-6	TO085	243	243	6	io	io	_	_	_	_	_	linguistic	_	none	_	_	_	_	_	_
243-7	TO085	243	243	7	ero	ero	_	_	_	_	_	linguistic	_	none	_	_	_	_	_	_
243-8	TO085	243	243	8	andata	andata	_	_	_	_	_	linguistic	_	none	_	_	_	_	_	_
243-9	TO085	243	243	9	via	via	_	_	_	_	_	linguistic	_	none	_	_	_	_	_	_
243-10	TO085	243	243	10	prima.	prima	_	_	_	_	_	linguistic	_	none	Intonation=Falling	End=477.655	_	_	_	_
244-0	TO095	244	244	0	ah	ah	_	_	_	_	_	linguistic	_	none	_	Begin=478.343	_	_	_	_
244-1	TO095	244	244	1	già	già	_	_	_	_	_	linguistic	_	none	_	_	_	_	_	_
244-2	TO095	244	244	2	tu	tu	_	_	_	_	_	linguistic	_	none	_	_	_	_	_	_
244-3	TO095	244	244	3	c'	c'	_	_	_	_	_	linguistic	_	none	SpaceAfter=No	_	_	_	_	_
244-4	TO095	244	244	4	avevi	avevi	_	_	_	_	_	linguistic	_	none	_	_	_	_	_	_
244-5	TO095	244	244	5	la	la	_	_	_	_	_	linguistic	_	none	_	_	_	_	_	_
244-6	TO095	244	244	6	cena	cena	_	_	_	_	_	linguistic	_	none	_	End=479.558	_	_	_	_
245-0	TO085	245	245	0	avevo	avevo	_	_	_	_	_	linguistic	_	none	PauseAfter=Yes	Begin=479.635	_	_	_	_
245-1	TO085	245	245	1	{P}	{P}	_	_	_	_	_	shortpause	_	none	_	_	_	_	_	_
245-2	TO085	245	245	2	il	il	_	_	_	_	_	linguistic	_	none	_	_	_	_	_	_
245-3	TO085	245	245	3	concerto.	concerto	_	_	_	_	_	linguistic	_	none	Intonation=Falling	End=480.78	_	_	_	_
246-0	TO095	246	246	0	ah	ah	_	_	_	_	_	linguistic	_	none	_	Begin=480.802	_	_	_	_
246-1	TO095	246	246	1	[è	è	_	_	_	_	_	linguistic	_	none	_	_	_	_	_	0-1(58)
246-2	TO095	246	246	2	vero]	vero	_	_	_	_	_	linguistic	_	none	_	End=481.616	_	_	_	0-4(58)
247-0	TO085	247	247	0	[a:h	ah	_	_	_	_	_	linguistic	_	none	_	Begin=481.104	0x1	_	_	0-2(58)
247-1	TO085	247	247	1	stasera]	stasera	_	_	_	_	_	linguistic	_	none	_	_	_	_	_	0-7(58)
247-2	TO085	247	247	2	ci	ci	_	_	_	_	_	linguistic	_	none	_	_	_	_	_	_
247-3	TO085	247	247	3	sono	sono	_	_	_	_	_	linguistic	_	none	_	_	_	_	_	_
247-4	TO085	247	247	4	i	i	_	_	_	_	_	linguistic	_	none	_	_	_	_	_	_
247-5	TO085	247	247	5	gomma.	gomma	_	_	_	_	_	linguistic	_	none	Intonation=Falling	End=482.59	_	_	_	_
248-0	TO095	248	248	0	è	è	_	_	_	_	_	linguistic	_	none	_	Begin=483.012	_	_	_	_
248-1	TO095	248	248	1	ho	ho	_	_	_	_	_	linguistic	_	none	_	_	_	_	_	_
248-2	TO095	248	248	2	[visto]	visto	_	_	_	_	_	linguistic	_	none	_	End=483.842	_	_	_	0-5(59)
249-0	TO085	249	249	0	[io	io	_	_	_	_	_	linguistic	_	none	_	Begin=483.432	_	_	_	0-2(59)
249-1	TO085	249	249	1	vado]	vado	_	_	_	_	_	linguistic	_	none	_	_	_	_	_	0-4(59)
249-2	TO085	249	249	2	a	a	_	_	_	_	_	linguistic	_	none	_	_	_	_	_	_
249-3	TO085	249	249	3	sentirli.	sentirli	_	_	_	_	_	linguistic	_	none	Intonation=Falling	End=484.605	_	_	_	_
250-0	TO095	250	250	0	allo	allo	_	_	_	_	_	linguistic	_	none	_	Begin=484.653	_	_	_	_
250-1	TO095	250	250	1	spazio:::	spazio	_	_	_	_	_	linguistic	_	none	_	_	5x3	_	_	_
250-2	TO095	250	250	2	[xxx]	xxx	_	_	_	_	_	unknown	_	none	Syllables=3	End=486.232	_	_	_	0-3(60)
251-0	TO085	251	251	0	[ventuno]	ventuno	_	_	_	_	_	linguistic	_	none	_	Begin=485.64|End=486.248	_	_	_	0-7(60)
252-0	TO085	252	252	0	ventuno,	ventuno	_	_	_	_	_	linguistic	_	none	Intonation=WeaklyRising	Begin=486.772	_	_	_	_
252-1	TO085	252	252	1	duecentoundici	duecentoundici	_	_	_	_	_	linguistic	_	none	_	End=487.992	_	_	_	_
253-0	TO085	253	253	0	io	io	_	_	_	_	_	linguistic	_	none	_	Begin=488.057	_	_	_	_
253-1	TO085	253	253	1	vado,	vado	_	_	_	_	_	linguistic	_	none	Intonation=WeaklyRising	_	_	_	_	_
253-2	TO085	253	253	2	venite?	venite	_	_	_	_	_	linguistic	_	none	Intonation=Rising	End=488.975	_	_	_	_
254-0	TO085	254	254	0	dai	dai	_	_	_	_	_	linguistic	_	none	_	Begin=489.36	_	_	_	_
254-1	TO085	254	254	1	minchia,	minchia	_	_	_	_	_	linguistic	_	none	Intonation=WeaklyRising	_	_	_	_	_
254-2	TO085	254	254	2	ven[ite],	venite	_	_	_	_	_	linguistic	_	none	Intonation=WeaklyRising	End=490.417	_	_	_	3-6(61)
255-0	???	255	255	0	[a	a	_	_	_	_	_	linguistic	_	none	_	Begin=490.283	_	_	_	0-1(?)
255-1	???	255	255	1	che]	che	_	_	_	_	_	linguistic	_	none	_	_	_	_	_	0-3(?)
255-2	???	255	255	2	ore	ore	_	_	_	_	_	linguistic	_	none	_	_	_	_	_	_
255-3	???	255	255	3	sono?	sono	_	_	_	_	_	linguistic	_	none	Intonation=Rising	End=491.208	_	_	_	_
256-0	TO095	256	256	0	[io	io	_	_	_	_	_	linguistic	_	none	_	Begin=490.87	_	_	_	0-2(?)
256-1	TO095	256	256	1	non	non	_	_	_	_	_	linguistic	_	none	_	_	_	_	_	0-3(?)
256-2	TO095	256	256	2	li]	li	_	_	_	_	_	linguistic	_	none	_	_	_	_	_	0-2(?)
256-3	TO095	256	256	3	ho	ho	_	_	_	_	_	linguistic	_	none	_	_	_	_	_	_
256-4	TO095	256	256	4	mai	mai	_	_	_	_	_	linguistic	_	none	_	_	_	_	_	_
256-5	TO095	256	256	5	sentiti	sentiti	_	_	_	_	_	linguistic	_	none	_	_	_	_	_	_
256-6	TO095	256	256	6	non:::	non	_	_	_	_	_	linguistic	_	none	_	End=492.691	2x3	_	_	_
257-0	TO085	257	257	0	[son	son	_	_	_	_	_	linguistic	_	none	_	Begin=492.29	_	_	_	0-3(63)
257-1	TO085	257	257	1	bravi].	bravi	_	_	_	_	_	linguistic	_	none	Intonation=Falling	End=492.92	_	_	_	0-5(63)
258-0	TO091	258	258	0	io	io	_	_	_	_	_	linguistic	_	none	_	Begin=493.37	_	_	_	_
258-1	TO091	258	258	1	li	li	_	_	_	_	_	linguistic	_	none	_	_	_	_	_	_
258-2	TO091	258	258	2	ho	ho	_	_	_	_	_	linguistic	_	none	_	_	_	_	_	_
258-3	TO091	258	258	3	[sentiti	sentiti	_	_	_	_	_	linguistic	_	none	_	_	_	_	_	0-7(64)
258-4	TO091	258	258	4	due	due	_	_	_	_	_	linguistic	_	none	_	_	_	_	_	0-3(64)
258-5	TO091	258	258	5	volte],	volte	_	_	_	_	_	linguistic	_	none	Intonation=WeaklyRising	_	_	_	_	0-5(64)
258-6	TO091	258	258	6	son	son	_	_	_	_	_	linguistic	_	none	_	_	_	_	_	_
258-7	TO091	258	258	7	molto	molto	_	_	_	_	_	linguistic	_	none	_	_	_	_	_	_
258-8	TO091	258	258	8	bravi	bravi	_	_	_	_	_	linguistic	_	none	_	End=495.592	_	_	_	_
259-0	TO085	259	259	0	[son	son	_	_	_	_	_	linguistic	_	none	_	Begin=493.85	_	_	_	0-3(64)
259-1	TO085	259	259	1	bravi]	bravi	_	_	_	_	_	linguistic	_	none	_	End=494.61	_	_	_	0-5(64)
260-0	TO085	260	260	0	dieci	dieci	_	_	_	_	_	linguistic	_	none	_	Begin=497.076	_	_	_	_
260-1	TO085	260	260	1	euro,	euro	_	_	_	_	_	linguistic	_	none	Intonation=WeaklyRising	End=498.027	_	_	_	_
261-0	TO085	261	261	0	che	che	_	_	_	_	_	linguistic	_	none	_	Begin=502.133	_	_	_	_
261-1	TO085	261	261	1	ore	ore	_	_	_	_	_	linguistic	_	none	_	_	_	_	_	_
261-2	TO085	261	261	2	sono?	sono	_	_	_	_	_	linguistic	_	none	Intonation=Rising	End=502.767	_	_	_	_
262-0	???	262	262	0	meno	meno	_	_	_	_	_	linguistic	_	none	_	Begin=503.479	_	_	_	_
262-1	???	262	262	1	un	un	_	_	_	_	_	linguistic	_	none	_	_	_	_	_	_
262-2	???	262	262	2	quarto	quarto	_	_	_	_	_	linguistic	_	none	_	End=504.343	_	_	_	_
263-0	TO095	263	263	0	tu	tu	_	_	_	_	_	linguistic	_	none	_	Begin=505.89	_	_	_	_
263-1	TO095	263	263	1	vai	vai	_	_	_	_	_	linguistic	_	none	_	_	_	_	_	_
263-2	TO095	263	263	2	a	a	_	_	_	_	_	linguistic	_	none	_	_	_	_	_	_
263-3	TO095	263	263	3	lezione?	lezione	_	_	_	_	_	linguistic	_	none	Intonation=Rising	End=507.068	_	_	_	_
264-0	TO085	264	264	0	sì.	sì	_	_	_	_	_	linguistic	_	none	Intonation=Falling	Begin=507.337|End=507.84	_	_	_	_
265-0	TO085	265	265	0	devo	devo	_	_	_	_	_	linguistic	_	none	_	Begin=507.973	_	_	_	_
265-1	TO085	265	265	1	presentare	presentare	_	_	_	_	_	linguistic	_	none	_	_	_	_	_	_
265-2	TO085	265	265	2	a	a	_	_	_	_	_	linguistic	_	none	_	_	_	_	_	_
265-3	TO085	265	265	3	antonio	antonio	_	_	_	_	_	linguistic	_	none	_	End=509.507	_	_	_	_
266-0	TO085	266	266	0	non	non	_	_	_	_	_	linguistic	_	none	_	Begin=510.26	_	_	_	_
266-1	TO085	266	266	1	so	so	_	_	_	_	_	linguistic	_	none	_	_	_	_	_	_
266-2	TO085	266	266	2	bene	bene	_	_	_	_	_	linguistic	_	none	_	_	_	_	_	_
266-3	TO085	266	266	3	cosa	cosa	_	_	_	_	_	linguistic	_	none	_	_	_	_	_	_
266-4	TO085	266	266	4	dire.	dire	_	_	_	_	_	linguistic	_	none	Intonation=Falling	End=511.32	_	_	_	_
267-0	TO095	267	267	0	viene	viene	_	_	_	_	_	linguistic	_	none	_	Begin=511.79	_	_	_	_
267-1	TO095	267	267	1	con	con	_	_	_	_	_	linguistic	_	none	_	_	_	_	_	_
267-2	TO095	267	267	2	te	te	_	_	_	_	_	linguistic	_	none	_	_	_	_	_	_
267-3	TO095	267	267	3	però,	però	_	_	_	_	_	linguistic	_	none	Intonation=WeaklyRising	End=512.703	_	_	_	_
268-0	TO085	268	268	0	sì	sì	_	_	_	_	_	linguistic	_	none	_	Begin=513.08	_	_	_	_
268-1	TO085	268	268	1	sì	sì	_	_	_	_	_	linguistic	_	none	_	_	_	_	_	_
268-2	TO085	268	268	2	è	è	_	_	_	_	_	linguistic	_	none	_	_	_	_	_	_
268-3	TO085	268	268	3	lì.	lì	_	_	_	_	_	linguistic	_	none	Intonation=Falling	End=514.0	_	_	_	_
269-0	TO095	269	269	0	c(io)è	cioè	_	_	_	_	_	linguistic	_	none	Reduced=Yes	Begin=516.245	_	_	_	_
269-1	TO095	269	269	1	non	non	_	_	_	_	_	linguistic	_	none	_	_	_	_	_	_
269-2	TO095	269	269	2	lo	lo	_	_	_	_	_	linguistic	_	none	_	_	_	_	_	_
269-3	TO095	269	269	3	presenti	presenti	_	_	_	_	_	linguistic	_	none	_	_	_	_	_	_
269-4	TO095	269	269	4	tu	tu	_	_	_	_	_	linguistic	_	none	_	_	_	_	_	_
269-5	TO095	269	269	5	e	e	_	_	_	_	_	linguistic	_	none	_	_	_	_	_	_
269-6	TO095	269	269	6	basta	basta	_	_	_	_	_	linguistic	_	none	_	End=517.917	_	_	_	_
270-0	TO085	270	270	0	io	io	_	_	_	_	_	linguistic	_	none	_	Begin=518.034	_	_	_	_
270-1	TO085	270	270	1	e	e	_	_	_	_	_	linguistic	_	none	_	_	_	_	_	_
270-2	TO085	270	270	2	marco	marco	_	_	_	_	_	linguistic	_	none	_	_	_	_	_	_
270-3	TO085	270	270	3	presentiamo,	presentiamo	_	_	_	_	_	linguistic	_	none	Intonation=WeaklyRising	End=519.35	_	_	_	_
271-0	TO085	271	271	0	poi	poi	_	_	_	_	_	linguistic	_	none	_	Begin=519.558	_	_	_	_
271-1	TO085	271	271	1	lui	lui	_	_	_	_	_	linguistic	_	none	_	_	_	_	_	_
271-2	TO085	271	271	2	c'	c'	_	_	_	_	_	linguistic	_	none	SpaceAfter=No	_	_	_	_	_
271-3	TO085	271	271	3	è::,	è	_	_	_	_	_	linguistic	_	none	Intonation=WeaklyRising	_	0x2	_	_	_
271-4	TO085	271	271	4	e	e	_	_	_	_	_	linguistic	_	none	_	_	_	_	_	_
271-5	TO085	271	271	5	parla.	parla	_	_	_	_	_	linguistic	_	none	Intonation=Falling	End=520.909	_	_	_	_
272-0	TO085	272	272	0	sì	sì	_	_	_	_	_	linguistic	_	none	_	Begin=521.72	_	_	_	_
272-1	TO085	272	272	1	io	io	_	_	_	_	_	linguistic	_	none	_	_	_	_	_	_
272-2	TO085	272	272	2	dirò	dirò	_	_	_	_	_	linguistic	_	none	_	_	_	_	_	_
272-3	TO085	272	272	3	due	due	_	_	_	_	_	linguistic	_	none	_	_	_	_	_	_
272-4	TO085	272	272	4	cose	cose	_	_	_	_	_	linguistic	_	none	_	_	_	_	_	_
272-5	TO085	272	272	5	sull'	sull'	_	_	_	_	_	linguistic	_	none	SpaceAfter=No	_	_	_	_	_
272-6	TO085	272	272	6	udu	udu	_	_	_	_	_	linguistic	_	none	_	End=523.37	_	_	_	_
273-0	TO085	273	273	0	quello	quello	_	_	_	_	_	linguistic	_	none	_	Begin=524.727	_	_	_	_
273-1	TO085	273	273	1	che	che	_	_	_	_	_	linguistic	_	none	_	_	_	_	_	_
273-2	TO085	273	273	2	abbiamo	abbiamo	_	_	_	_	_	linguistic	_	none	_	_	_	_	_	_
273-3	TO085	273	273	3	fatto	fatto	_	_	_	_	_	linguistic	_	none	_	_	_	_	_	_
273-4	TO085	273	273	4	in	in	_	_	_	_	_	linguistic	_	none	_	_	_	_	_	_
273-5	TO085	273	273	5	questi	questi	_	_	_	_	_	linguistic	_	none	_	_	_	_	_	_
273-6	TO085	273	273	6	tre	tre	_	_	_	_	_	linguistic	_	none	_	_	_	_	_	_
273-7	TO085	273	273	7	anni,	anni	_	_	_	_	_	linguistic	_	none	Intonation=WeaklyRising	_	_	_	_	_
273-8	TO085	273	273	8	ma	ma	_	_	_	_	_	linguistic	_	none	_	_	_	_	_	_
273-9	TO085	273	273	9	c(io)è	cioè	_	_	_	_	_	linguistic	_	none	Reduced=Yes	_	_	_	_	_
273-10	TO085	273	273	10	semplicemente::,	semplicemente	_	_	_	_	_	linguistic	_	none	Intonation=WeaklyRising	End=527.972	12x2	_	_	_
274-0	TO095	274	274	0	io	io	_	_	_	_	_	linguistic	_	none	_	Begin=527.99	_	_	_	_
274-1	TO095	274	274	1	a	a	_	_	_	_	_	linguistic	_	none	_	_	_	_	_	_
274-2	TO095	274	274	2	lezione	lezione	_	_	_	_	_	linguistic	_	none	_	_	_	_	_	_
274-3	TO095	274	274	3	mia	mia	_	_	_	_	_	linguistic	_	none	_	_	_	_	_	_
274-4	TO095	274	274	4	vorrei,	vorrei	_	_	_	_	_	linguistic	_	none	Intonation=WeaklyRising	_	_	_	_	_
274-5	TO095	274	274	5	ma::,	ma	_	_	_	_	_	linguistic	_	none	Intonation=WeaklyRising	_	1x2	_	_	_
274-6	TO095	274	274	6	sono	sono	_	_	_	_	_	linguistic	_	none	_	_	_	_	_	_
274-7	TO095	274	274	7	finite	finite	_	_	_	_	_	linguistic	_	none	_	End=529.661	_	_	_	_
275-0	TO085	275	275	0	eh	eh	_	_	_	_	_	linguistic	_	none	_	Begin=530.23|End=530.58	_	_	_	_
276-0	TO085	276	276	0	e	e	_	_	_	_	_	linguistic	_	none	_	Begin=532.183	_	_	_	_
276-1	TO085	276	276	1	non	non	_	_	_	_	_	linguistic	_	none	_	_	_	_	_	_
276-2	TO085	276	276	2	riprendono	riprendono	_	_	_	_	_	linguistic	_	none	_	_	_	_	_	_
276-3	TO085	276	276	3	più?	più	_	_	_	_	_	linguistic	_	none	Intonation=Rising	End=533.07	_	_	_	_
277-0	TO085	277	277	0	cavolo,	cavolo	_	_	_	_	_	linguistic	_	none	Intonation=WeaklyRising	Begin=534.12|End=534.77	_	_	_	_
278-0	TO095	278	278	0	no	no	_	_	_	_	_	linguistic	_	none	_	Begin=534.874	_	_	_	_
278-1	TO095	278	278	1	perché	perché	_	_	_	_	_	linguistic	_	none	_	_	_	_	_	_
278-2	TO095	278	278	2	iniziamo	iniziamo	_	_	_	_	_	linguistic	_	none	_	_	_	_	_	_
278-3	TO095	278	278	3	sessione	sessione	_	_	_	_	_	linguistic	_	none	_	_	_	_	_	_
278-4	TO095	278	278	4	a	a	_	_	_	_	_	linguistic	_	none	_	_	_	_	_	_
278-5	TO095	278	278	5	maggio,	maggio	_	_	_	_	_	linguistic	_	none	Intonation=WeaklyRising	End=536.78	_	_	_	_
279-0	TO095	279	279	0	fine	fine	_	_	_	_	_	linguistic	_	none	_	Begin=537.502	_	_	_	_
279-1	TO095	279	279	1	maggio	maggio	_	_	_	_	_	linguistic	_	none	_	End=538.061	_	_	_	_
280-0	TO085	280	280	0	io	io	_	_	_	_	_	linguistic	_	none	_	Begin=540.282	_	_	_	_
280-1	TO085	280	280	1	ne	ne	_	_	_	_	_	linguistic	_	none	_	_	_	_	_	_
280-2	TO085	280	280	2	ho	ho	_	_	_	_	_	linguistic	_	none	_	_	_	_	_	_
280-3	TO085	280	280	3	iniziata	iniziata	_	_	_	_	_	linguistic	_	none	_	_	_	_	_	_
280-4	TO085	280	280	4	una	una	_	_	_	_	_	linguistic	_	none	_	_	_	_	_	_
280-5	TO085	280	280	5	ieri	ieri	_	_	_	_	_	linguistic	_	none	_	End=541.765	_	_	_	_
281-0	TO085	281	281	0	vabbè,	vabbè	_	_	_	_	_	linguistic	_	none	Intonation=WeaklyRising	Begin=546.1|End=546.66	_	_	_	_
282-0	TO095	282	282	0	com'	com'	_	_	_	_	_	linguistic	_	none	SpaceAfter=No	Begin=549.195	_	_	_	_
282-1	TO095	282	282	1	è	è	_	_	_	_	_	linguistic	_	none	_	_	_	_	_	_
282-2	TO095	282	282	2	andata?	andata	_	_	_	_	_	linguistic	_	none	Intonation=Rising	End=549.857	_	_	_	_
283-0	TO085	283	283	0	cosa?	cosa	_	_	_	_	_	linguistic	_	none	Intonation=Rising	Begin=550.541|End=551.009	_	_	_	_
284-0	TO095	284	284	0	tua	tua	_	_	_	_	_	linguistic	_	none	_	Begin=551.009	_	_	_	_
284-1	TO095	284	284	1	sorella,	sorella	_	_	_	_	_	linguistic	_	none	Intonation=WeaklyRising	End=551.587	_	_	_	_
285-0	TO085	285	285	0	bene,	bene	_	_	_	_	_	linguistic	_	none	Intonation=WeaklyRising	Begin=551.587|End=552.105	_	_	_	_
286-0	TO085	286	286	0	le	le	_	_	_	_	_	linguistic	_	none	_	Begin=552.237	_	_	_	_
286-1	TO085	286	286	1	MIE	mie	_	_	_	_	_	linguistic	_	none	Volume=high	_	_	_	_	_
286-2	TO085	286	286	2	sorelle,	sorelle	_	_	_	_	_	linguistic	_	none	Intonation=WeaklyRising	End=553.022	_	_	_	_
287-0	TO095	287	287	0	le	le	_	_	_	_	_	linguistic	_	none	_	Begin=553.03	_	_	_	_
287-1	TO095	287	287	1	TUE	tue	_	_	_	_	_	linguistic	_	none	Volume=high	_	_	_	_	_
287-2	TO095	287	287	2	sorelle	sorelle	_	_	_	_	_	linguistic	_	none	_	_	_	_	_	_
287-3	TO095	287	287	3	vero.	vero	_	_	_	_	_	linguistic	_	none	Intonation=Falling	End=554.19	_	_	_	_
288-0	TO085	288	288	0	bene	bene	_	_	_	_	_	linguistic	_	none	_	Begin=554.245	_	_	_	_
288-1	TO085	288	288	1	bene,	bene	_	_	_	_	_	linguistic	_	none	Intonation=WeaklyRising	_	_	_	_	_
288-2	TO085	288	288	2	sono	sono	_	_	_	_	_	linguistic	_	none	_	_	_	_	_	_
288-3	TO085	288	288	3	un	un	_	_	_	_	_	linguistic	_	none	_	_	_	_	_	_
288-4	TO085	288	288	4	po'	po'	_	_	_	_	_	linguistic	_	none	_	_	_	_	_	_
288-5	TO085	288	288	5	abbronzata,	abbronzata	_	_	_	_	_	linguistic	_	none	Intonation=WeaklyRising	End=556.001	_	_	_	_
289-0	TO095	289	289	0	no.	no	_	_	_	_	_	linguistic	_	none	Intonation=Falling	Begin=557.85|End=558.175	_	_	_	_
290-0	TO085	290	290	0	ma	ma	_	_	_	_	_	linguistic	_	none	_	Begin=558.227	_	_	_	_
290-1	TO085	290	290	1	mi	mi	_	_	_	_	_	linguistic	_	none	_	_	_	_	_	_
290-2	TO085	290	290	2	hanno	hanno	_	_	_	_	_	linguistic	_	none	_	_	_	_	_	_
290-3	TO085	290	290	3	detto	detto	_	_	_	_	_	linguistic	_	none	_	_	_	_	_	_
290-4	TO085	290	290	4	[tutti],	tutti	_	_	_	_	_	linguistic	_	none	Intonation=WeaklyRising	End=559.456	_	_	_	0-5(65)
291-0	TO095	291	291	0	[no].	no	_	_	_	_	_	linguistic	_	none	Intonation=Falling	Begin=559.066|End=559.359	_	_	_	0-2(65)
292-0	TO095	292	292	0	sì?	sì	_	_	_	_	_	linguistic	_	none	Intonation=Rising	Begin=560.13|End=560.48	_	_	_	_
293-0	TO085	293	293	0	sì	sì	_	_	_	_	_	linguistic	_	none	_	Begin=560.56|End=560.936	_	_	_	_
294-0	TO095	294	294	0	a	a	_	_	_	_	_	linguistic	_	none	_	Begin=561.033	_	_	_	_
294-1	TO095	294	294	1	me	me	_	_	_	_	_	linguistic	_	none	_	_	_	_	_	_
294-2	TO095	294	294	2	hanno	hanno	_	_	_	_	_	linguistic	_	none	_	_	_	_	_	_
294-3	TO095	294	294	3	detto	detto	_	_	_	_	_	linguistic	_	none	_	_	_	_	_	_
294-4	TO095	294	294	4	che	che	_	_	_	_	_	linguistic	_	none	_	_	_	_	_	_
294-5	TO095	294	294	5	so'	so'	_	_	_	_	_	linguistic	_	none	Truncated=Yes	_	_	_	_	_
294-6	TO095	294	294	6	abbronzata	abbronzata	_	_	_	_	_	linguistic	_	none	_	_	_	_	_	_
294-7	TO095	294	294	7	[ma	ma	_	_	_	_	_	linguistic	_	none	_	_	_	_	_	0-2(66)
294-8	TO095	294	294	8	non::]	non	_	_	_	_	_	linguistic	_	none	_	End=563.01	2x2	_	_	0-3(66)
295-0	TO085	295	295	0	[tu	tu	_	_	_	_	_	linguistic	_	none	_	Begin=562.606	_	_	_	0-2(66)
295-1	TO085	295	295	1	sei]	sei	_	_	_	_	_	linguistic	_	none	_	_	_	_	_	0-3(66)
295-2	TO085	295	295	2	sempre	sempre	_	_	_	_	_	linguistic	_	none	_	_	_	_	_	_
295-3	TO085	295	295	3	abbron[zata].	abbronzata	_	_	_	_	_	linguistic	_	none	Intonation=Falling	End=563.965	_	_	_	6-10(67)
296-0	TO095	296	296	0	[sì]	sì	_	_	_	_	_	linguistic	_	none	_	Begin=563.8	_	_	_	0-2(67)
296-1	TO095	296	296	1	perché	perché	_	_	_	_	_	linguistic	_	none	_	_	_	_	_	_
296-2	TO095	296	296	2	so'	so'	_	_	_	_	_	linguistic	_	none	Truncated=Yes	_	_	_	_	_
296-3	TO095	296	296	3	un	un	_	_	_	_	_	linguistic	_	none	_	_	_	_	_	_
296-4	TO095	296	296	4	po'	po'	_	_	_	_	_	linguistic	_	none	_	_	_	_	_	_
296-5	TO095	296	296	5	scuretta	scuretta	_	_	_	_	_	linguistic	_	none	_	_	_	_	_	_
296-6	TO095	296	296	6	de	de	_	_	_	_	_	linguistic	_	none	_	_	_	_	_	_
296-7	TO095	296	296	7	mio	mio	_	_	_	_	_	linguistic	_	none	_	_	_	_	_	_
296-8	TO095	296	296	8	ma,	ma	_	_	_	_	_	linguistic	_	none	Intonation=WeaklyRising	End=565.6	_	_	_	_
297-0	TO095	297	297	0	a	a	_	_	_	_	_	linguistic	_	none	_	Begin=565.935	_	_	_	_
297-1	TO095	297	297	1	perugia	perugia	_	_	_	_	_	linguistic	_	none	_	_	_	_	_	_
297-2	TO095	297	297	2	era	era	_	_	_	_	_	linguistic	_	none	_	_	_	_	_	_
297-3	TO095	297	297	3	brutto	brutto	_	_	_	_	_	linguistic	_	none	_	_	_	_	_	_
297-4	TO095	297	297	4	tempo.	tempo	_	_	_	_	_	linguistic	_	none	Intonation=Falling	End=567.775	_	_	_	_
298-0	TO095	298	298	0	quan~,	quan~	_	_	_	_	_	linguistic	_	none	Intonation=WeaklyRising|Interrupted=Yes	Begin=568.422	_	_	_	_
298-1	TO095	298	298	1	era	era	_	_	_	_	_	linguistic	_	none	_	_	_	_	_	_
298-2	TO095	298	298	2	caldo?	caldo	_	_	_	_	_	linguistic	_	none	Intonation=Rising	End=569.38	_	_	_	_
299-0	TO085	299	299	0	per	per	_	_	_	_	_	linguistic	_	none	_	Begin=570.25	_	_	_	_
299-1	TO085	299	299	1	niente.	niente	_	_	_	_	_	linguistic	_	none	Intonation=Falling	End=570.839	_	_	_	_
300-0	TO095	300	300	0	no?	no	_	_	_	_	_	linguistic	_	none	Intonation=Rising	Begin=570.839|End=571.238	_	_	_	_
301-0	TO085	301	301	0	non	non	_	_	_	_	_	linguistic	_	none	_	Begin=571.7	_	_	_	_
301-1	TO085	301	301	1	c'	c'	_	_	_	_	_	linguistic	_	none	SpaceAfter=No	_	_	_	_	_
301-2	TO085	301	301	2	era	era	_	_	_	_	_	linguistic	_	none	_	_	_	_	_	_
301-3	TO085	301	301	3	quasi	quasi	_	_	_	_	_	linguistic	_	none	_	_	_	_	_	_
301-4	TO085	301	301	4	mai	mai	_	_	_	_	_	linguistic	_	none	_	_	_	_	_	_
301-5	TO085	301	301	5	il	il	_	_	_	_	_	linguistic	_	none	_	_	_	_	_	_
301-6	TO085	301	301	6	sole.	sole	_	_	_	_	_	linguistic	_	none	Intonation=Falling	End=572.993	_	_	_	_
302-0	TO095	302	302	0	xxx	xxx	_	_	_	_	_	unknown	_	none	Syllables=3	Begin=573.73	_	_	_	_
302-1	TO095	302	302	1	che	che	_	_	_	_	_	linguistic	_	none	_	_	_	_	_	_
302-2	TO095	302	302	2	cazzo	cazzo	_	_	_	_	_	linguistic	_	none	_	_	_	_	_	_
302-3	TO095	302	302	3	te	te	_	_	_	_	_	linguistic	_	none	_	_	_	_	_	_
302-4	TO095	302	302	4	sei	sei	_	_	_	_	_	linguistic	_	none	_	_	_	_	_	_
302-5	TO095	302	302	5	abbron[zata]	abbronzata	_	_	_	_	_	linguistic	_	none	_	End=575.541	_	_	_	6-10(68)
303-0	TO085	303	303	0	[però]	però	_	_	_	_	_	linguistic	_	none	_	Begin=575.198	_	_	_	0-4(68)
303-1	TO085	303	303	1	io	io	_	_	_	_	_	linguistic	_	none	_	_	_	_	_	_
303-2	TO085	303	303	2	mi	mi	_	_	_	_	_	linguistic	_	none	_	_	_	_	_	_
303-3	TO085	303	303	3	vedo	vedo	_	_	_	_	_	linguistic	_	none	_	_	_	_	_	_
303-4	TO085	303	303	4	abbronzata	abbronzata	_	_	_	_	_	linguistic	_	none	_	_	_	_	_	_
303-5	TO085	303	303	5	in	in	_	_	_	_	_	linguistic	_	none	_	_	_	_	_	_
303-6	TO085	303	303	6	realtà,	realtà	_	_	_	_	_	linguistic	_	none	Intonation=WeaklyRising	_	_	_	_	_
303-7	TO085	303	303	7	però	però	_	_	_	_	_	linguistic	_	none	_	_	_	_	_	_
303-8	TO085	303	303	8	vabbè	vabbè	_	_	_	_	_	linguistic	_	none	_	End=577.66	_	_	_	_
304-0	TO085	304	304	0	no	no	_	_	_	_	_	linguistic	_	none	_	Begin=577.92	_	_	_	_
304-1	TO085	304	304	1	belle,	belle	_	_	_	_	_	linguistic	_	none	Intonation=WeaklyRising	_	_	_	_	_
304-2	TO085	304	304	2	belle	belle	_	_	_	_	_	linguistic	_	none	_	_	_	_	_	_
304-3	TO085	304	304	3	le	le	_	_	_	_	_	linguistic	_	none	_	_	_	_	_	_
304-4	TO085	304	304	4	azzorre	azzorre	_	_	_	_	_	linguistic	_	none	_	End=579.379	_	_	_	_
305-0	TO085	305	305	0	belle	belle	_	_	_	_	_	linguistic	_	none	_	Begin=579.9	_	_	_	_
305-1	TO085	305	305	1	isole	isole	_	_	_	_	_	linguistic	_	none	_	End=580.61	_	_	_	_
306-0	TO095	306	306	0	che	che	_	_	_	_	_	linguistic	_	none	_	Begin=587.31	_	_	_	_
306-1	TO095	306	306	1	figo	figo	_	_	_	_	_	linguistic	_	none	_	_	_	_	_	_
306-2	TO095	306	306	2	sto	sto	_	_	_	_	_	linguistic	_	none	_	_	_	_	_	_
306-3	TO095	306	306	3	coso	coso	_	_	_	_	_	linguistic	_	none	_	_	_	_	_	_
306-4	TO095	306	306	4	me	me	_	_	_	_	_	linguistic	_	none	_	_	_	_	_	_
306-5	TO095	306	306	5	piac(ciono)	piacciono	_	_	_	_	_	linguistic	_	none	_	_	_	_	4-9(0)	_
306-6	TO095	306	306	6	xxxx	xxxx	_	_	_	_	_	unknown	_	none	Syllables=4	End=589.49	_	_	_	_
307-0	TO095	307	307	0	ma	ma	_	_	_	_	_	linguistic	_	none	_	Begin=590.06	_	_	_	_
307-1	TO095	307	307	1	è	è	_	_	_	_	_	linguistic	_	none	_	_	_	_	_	_
307-2	TO095	307	307	2	tuo?	tuo	_	_	_	_	_	linguistic	_	none	Intonation=Rising	End=590.76	_	_	_	_
308-0	TO085	308	308	0	sì.	sì	_	_	_	_	_	linguistic	_	none	Intonation=Falling	Begin=590.855|End=591.166	_	_	_	_
309-0	TO095	309	309	0	è	è	_	_	_	_	_	linguistic	_	none	_	Begin=591.83	_	_	_	_
309-1	TO095	309	309	1	quello	quello	_	_	_	_	_	linguistic	_	none	_	_	_	_	_	_
309-2	TO095	309	309	2	che	che	_	_	_	_	_	linguistic	_	none	_	_	_	_	_	_
309-3	TO095	309	309	3	t'	t'	_	_	_	_	_	linguistic	_	none	SpaceAfter=No	_	_	_	_	_
309-4	TO095	309	309	4	(hanno	hanno	_	_	_	_	_	linguistic	_	none	_	_	_	_	_	_
309-5	TO095	309	309	5	regalato?	regalato	_	_	_	_	_	linguistic	_	none	Intonation=Rising	End=592.88	_	_	_	_
310-0	TO085	310	310	0	no.	no	_	_	_	_	_	linguistic	_	none	Intonation=Falling	Begin=593.003|End=593.47	_	_	_	_
311-0	TO085	311	311	0	ce	ce	_	_	_	_	_	linguistic	_	none	_	Begin=593.981	_	_	_	_
311-1	TO085	311	311	1	l'	l'	_	_	_	_	_	linguistic	_	none	SpaceAfter=No	_	_	_	_	_
311-2	TO085	311	311	2	aveva	aveva	_	_	_	_	_	linguistic	_	none	_	_	_	_	_	_
311-3	TO085	311	311	3	il	il	_	_	_	_	_	linguistic	_	none	_	_	_	_	_	_
311-4	TO085	311	311	4	compagno	compagno	_	_	_	_	_	linguistic	_	none	_	_	_	_	_	_
311-5	TO085	311	311	5	di	di	_	_	_	_	_	linguistic	_	none	_	_	_	_	_	_
311-6	TO085	311	311	6	mia	mia	_	_	_	_	_	linguistic	_	none	_	_	_	_	_	_
311-7	TO085	311	311	7	mamma.	mamma	_	_	_	_	_	linguistic	_	none	Intonation=Falling	End=595.849	_	_	_	_
312-0	TO085	312	312	0	e	e	_	_	_	_	_	linguistic	_	none	_	Begin=599.74	_	_	_	_
312-1	TO085	312	312	1	quindi	quindi	_	_	_	_	_	linguistic	_	none	_	_	_	_	_	_
312-2	TO085	312	312	2	adesso?	adesso	_	_	_	_	_	linguistic	_	none	Intonation=Rising	End=600.47	_	_	_	_
313-0	TO085	313	313	0	niente,	niente	_	_	_	_	_	linguistic	_	none	Intonation=WeaklyRising	Begin=600.556	_	_	_	_
313-1	TO085	313	313	1	studi	studi	_	_	_	_	_	linguistic	_	none	_	_	_	_	_	_
313-2	TO085	313	313	2	per	per	_	_	_	_	_	linguistic	_	none	_	_	_	_	_	_
313-3	TO085	313	313	3	gli	gli	_	_	_	_	_	linguistic	_	none	_	_	_	_	_	_
313-4	TO085	313	313	4	esami	esami	_	_	_	_	_	linguistic	_	none	_	_	_	_	_	_
313-5	TO085	313	313	5	e	e	_	_	_	_	_	linguistic	_	none	_	_	_	_	_	_
313-6	TO085	313	313	6	basta?	basta	_	_	_	_	_	linguistic	_	none	Intonation=Rising	End=602.187	_	_	_	_
314-0	TO095	314	314	0	potevo	potevo	_	_	_	_	_	linguistic	_	none	_	Begin=603.648	_	_	_	_
314-1	TO095	314	314	1	anche	anche	_	_	_	_	_	linguistic	_	none	_	_	_	_	_	_
314-2	TO095	314	314	2	rimane'	rimane'	_	_	_	_	_	linguistic	_	none	Truncated=Yes	_	_	_	_	_
314-3	TO095	314	314	3	a	a	_	_	_	_	_	linguistic	_	none	_	_	_	_	_	_
314-4	TO095	314	314	4	casa	casa	_	_	_	_	_	linguistic	_	none	_	_	_	_	_	_
314-5	TO095	314	314	5	di	di	_	_	_	_	_	linguistic	_	none	_	_	_	_	_	_
314-6	TO095	314	314	6	più,	più	_	_	_	_	_	linguistic	_	none	Intonation=WeaklyRising	_	_	_	_	_
314-7	TO095	314	314	7	ma::,	ma	_	_	_	_	_	linguistic	_	none	Intonation=WeaklyRising	End=605.83	1x2	_	_	_
315-0	TO095	315	315	0	piuttosto	piuttosto	_	_	_	_	_	linguistic	_	none	_	Begin=606.032	_	_	_	_
315-1	TO095	315	315	1	mi	mi	_	_	_	_	_	linguistic	_	none	_	_	_	_	_	_
315-2	TO095	315	315	2	sparavo	sparavo	_	_	_	_	_	linguistic	_	none	_	_	_	_	_	_
315-3	TO095	315	315	3	[guarda]	guarda	_	_	_	_	_	linguistic	_	none	_	End=607.469	_	_	_	0-6(69)
316-0	TO085	316	316	0	[sì	sì	_	_	_	_	_	linguistic	_	none	_	Begin=607.045	_	_	_	0-2(69)
316-1	TO085	316	316	1	no]	no	_	_	_	_	_	linguistic	_	none	_	_	_	_	_	0-2(69)
316-2	TO085	316	316	2	infatti.	infatti	_	_	_	_	_	linguistic	_	none	Intonation=Falling	End=607.99	_	_	_	_
317-0	TO085	317	317	0	anch'	anch'	_	_	_	_	_	linguistic	_	none	SpaceAfter=No	Begin=608.588	_	_	_	_
317-1	TO085	317	317	1	io	io	_	_	_	_	_	linguistic	_	none	_	_	_	_	_	_
317-2	TO085	317	317	2	sai	sai	_	_	_	_	_	linguistic	_	none	_	_	_	_	_	_
317-3	TO085	317	317	3	che,	che	_	_	_	_	_	linguistic	_	none	Intonation=WeaklyRising	End=609.508	_	_	_	_
318-0	TO085	318	318	0	stamattina	stamattina	_	_	_	_	_	linguistic	_	none	_	Begin=609.813	_	_	_	_
318-1	TO085	318	318	1	son	son	_	_	_	_	_	linguistic	_	none	_	_	_	_	_	_
318-2	TO085	318	318	2	tornata	tornata	_	_	_	_	_	linguistic	_	none	_	_	_	_	_	_
318-3	TO085	318	318	3	a	a	_	_	_	_	_	linguistic	_	none	_	_	_	_	_	_
318-4	TO085	318	318	4	torino,	torino	_	_	_	_	_	linguistic	_	none	Intonation=WeaklyRising	End=611.321	_	_	_	_
319-0	TO085	319	319	0	che	che	_	_	_	_	_	linguistic	_	none	_	Begin=612.052	_	_	_	_
319-1	TO085	319	319	1	mi	mi	_	_	_	_	_	linguistic	_	none	_	_	_	_	_	_
319-2	TO085	319	319	2	veniva	veniva	_	_	_	_	_	linguistic	_	none	_	_	_	_	_	_
319-3	TO085	319	319	3	da	da	_	_	_	_	_	linguistic	_	none	_	_	_	_	_	_
319-4	TO085	319	319	4	piangere	piangere	_	_	_	_	_	linguistic	_	none	_	End=613.368	_	_	_	_
320-0	TO095	320	320	0	sei	sei	_	_	_	_	_	linguistic	_	none	_	Begin=613.435	_	_	_	_
320-1	TO095	320	320	1	felice?	felice	_	_	_	_	_	linguistic	_	none	Intonation=Rising	End=613.977	_	_	_	_
321-0	TO085	321	321	0	sì	sì	_	_	_	_	_	linguistic	_	none	_	Begin=614.081|End=614.484	_	_	_	_
322-0	TO085	322	322	0	mi	mi	_	_	_	_	_	linguistic	_	none	_	Begin=614.647	_	_	_	_
322-1	TO085	322	322	1	mancava	mancava	_	_	_	_	_	linguistic	_	none	_	End=615.763	_	_	_	_
323-0	TO095	323	323	0	anche	anche	_	_	_	_	_	linguistic	_	none	_	Begin=618.66	_	_	_	_
323-1	TO095	323	323	1	a	a	_	_	_	_	_	linguistic	_	none	_	_	_	_	_	_
323-2	TO095	323	323	2	me,	me	_	_	_	_	_	linguistic	_	none	Intonation=WeaklyRising	_	_	_	_	_
323-3	TO095	323	323	3	anche	anche	_	_	_	_	_	linguistic	_	none	_	_	_	_	_	_
323-4	TO095	323	323	4	a	a	_	_	_	_	_	linguistic	_	none	_	_	_	_	_	_
323-5	TO095	323	323	5	me	me	_	_	_	_	_	linguistic	_	none	_	End=619.646	_	_	_	_
324-0	TO095	324	324	0	infatti:::,	infatti	_	_	_	_	_	linguistic	_	none	Intonation=WeaklyRising	Begin=619.758|End=620.5	6x3	_	_	_
325-0	TO095	325	325	0	mi	mi	_	_	_	_	_	linguistic	_	none	_	Begin=620.628	_	_	_	_
325-1	TO095	325	325	1	sono	sono	_	_	_	_	_	linguistic	_	none	_	_	_	_	_	_
325-2	TO095	325	325	2	presa	presa	_	_	_	_	_	linguistic	_	none	_	_	_	_	_	_
325-3	TO095	325	325	3	bene	bene	_	_	_	_	_	linguistic	_	none	_	_	_	_	_	_
325-4	TO095	325	325	4	sti	sti	_	_	_	_	_	linguistic	_	none	_	_	_	_	_	_
325-5	TO095	325	325	5	giorni.	giorni	_	_	_	_	_	linguistic	_	none	Intonation=Falling	End=621.926	_	_	_	_
326-0	TO095	326	326	0	fammi	fammi	_	_	_	_	_	linguistic	_	none	_	Begin=623.35	_	_	_	_
326-1	TO095	326	326	1	sapere	sapere	_	_	_	_	_	linguistic	_	none	_	_	_	_	_	_
326-2	TO095	326	326	2	se	se	_	_	_	_	_	linguistic	_	none	_	_	_	_	_	_
326-3	TO095	326	326	3	domani	domani	_	_	_	_	_	linguistic	_	none	_	_	_	_	_	_
326-4	TO095	326	326	4	vuoi	vuoi	_	_	_	_	_	linguistic	_	none	_	_	_	_	_	_
326-5	TO095	326	326	5	veni'	veni'	_	_	_	_	_	linguistic	_	none	Truncated=Yes	End=624.45	_	_	_	_
327-0	TO085	327	327	0	eh	eh	_	_	_	_	_	linguistic	_	none	_	Begin=624.578	_	_	_	_
327-1	TO085	327	327	1	infa[tti:::,	infatti	_	_	_	_	_	linguistic	_	none	Intonation=WeaklyRising	_	6x3	_	_	4-7(70)
327-2	TO085	327	327	2	allora],	allora	_	_	_	_	_	linguistic	_	none	Intonation=WeaklyRising	End=626.4	_	_	_	0-6(70)
328-0	TO095	328	328	0	[dillo	dillo	_	_	_	_	_	linguistic	_	none	_	Begin=625.097	_	_	_	0-5(70)
328-1	TO095	328	328	1	ai	ai	_	_	_	_	_	linguistic	_	none	_	_	_	_	_	0-2(70)
328-2	TO095	328	328	2	tuoi	tuoi	_	_	_	_	_	linguistic	_	none	_	_	_	_	_	0-4(70)
328-3	TO095	328	328	3	coinquilini].	coinquilini	_	_	_	_	_	linguistic	_	none	Intonation=Falling	End=626.54	_	_	_	0-11(70)
329-0	TO085	329	329	0	allora	allora	_	_	_	_	_	linguistic	_	none	_	Begin=627.805	_	_	_	_
329-1	TO085	329	329	1	i	i	_	_	_	_	_	linguistic	_	none	_	_	_	_	_	_
329-2	TO085	329	329	2	miei	miei	_	_	_	_	_	linguistic	_	none	_	_	_	_	_	_
329-3	TO085	329	329	3	coinquilini	coinquilini	_	_	_	_	_	linguistic	_	none	_	_	_	_	_	_
329-4	TO085	329	329	4	vanno	vanno	_	_	_	_	_	linguistic	_	none	_	_	_	_	_	_
329-5	TO085	329	329	5	al	al	_	_	_	_	_	linguistic	_	none	_	_	_	_	_	_
329-6	TO085	329	329	6	valentino,	valentino	_	_	_	_	_	linguistic	_	none	Intonation=WeaklyRising	_	_	_	_	_
329-7	TO085	329	329	7	con	con	_	_	_	_	_	linguistic	_	none	_	_	_	_	_	_
329-8	TO085	329	329	8	degli	degli	_	_	_	_	_	linguistic	_	none	_	_	_	_	_	_
329-9	TO085	329	329	9	amici,	amici	_	_	_	_	_	linguistic	_	none	Intonation=WeaklyRising	End=631.15	_	_	_	_
330-0	TO095	330	330	0	a	a	_	_	_	_	_	linguistic	_	none	_	Begin=631.287	_	_	_	_
330-1	TO095	330	330	1	ma	ma	_	_	_	_	_	linguistic	_	none	_	_	_	_	_	_
330-2	TO095	330	330	2	(cosa)	cosa	_	_	_	_	_	linguistic	_	none	_	_	_	_	0-4(0)	_
330-3	TO095	330	330	3	loro	loro	_	_	_	_	_	linguistic	_	none	_	_	_	_	_	_
330-4	TO095	330	330	4	fanno,	fanno	_	_	_	_	_	linguistic	_	none	Intonation=WeaklyRising	End=632.652	_	_	_	_
331-0	TO085	331	331	0	no	no	_	_	_	_	_	linguistic	_	none	_	Begin=632.652	_	_	_	_
331-1	TO085	331	331	1	c'	c'	_	_	_	_	_	linguistic	_	none	SpaceAfter=No	_	_	_	_	_
331-2	TO085	331	331	2	è::,	è	_	_	_	_	_	linguistic	_	none	Intonation=WeaklyRising	_	0x2	_	_	_
331-3	TO085	331	331	3	un	un	_	_	_	_	_	linguistic	_	none	_	_	_	_	_	_
331-4	TO085	331	331	4	evento	evento	_	_	_	_	_	linguistic	_	none	_	_	_	_	_	_
331-5	TO085	331	331	5	in	in	_	_	_	_	_	linguistic	_	none	_	_	_	_	_	_
331-6	TO085	331	331	6	realtà	realtà	_	_	_	_	_	linguistic	_	none	_	End=634.88	_	_	_	_
332-0	TO095	332	332	0	ah	ah	_	_	_	_	_	linguistic	_	none	_	Begin=634.896	_	_	_	_
332-1	TO095	332	332	1	okay	okay	_	_	_	_	_	linguistic	_	none	_	End=635.174	_	_	_	_
333-0	TO085	333	333	0	però::,	però	_	_	_	_	_	linguistic	_	none	Intonation=WeaklyRising	Begin=636.832	3x2	_	_	_
333-1	TO085	333	333	1	boh	boh	_	_	_	_	_	linguistic	_	none	_	End=637.63	_	_	_	_
334-0	TO085	334	334	0	piuttosto,	piuttosto	_	_	_	_	_	linguistic	_	none	Intonation=WeaklyRising	Begin=638.07	_	_	_	_
334-1	TO085	334	334	1	passo	passo	_	_	_	_	_	linguistic	_	none	_	_	_	_	_	_
334-2	TO085	334	334	2	a	a	_	_	_	_	_	linguistic	_	none	_	_	_	_	_	_
334-3	TO085	334	334	3	salutare,	salutare	_	_	_	_	_	linguistic	_	none	Intonation=WeaklyRising	End=640.28	_	_	_	_
335-0	TO085	335	335	0	non	non	_	_	_	_	_	linguistic	_	none	_	Begin=640.479	_	_	_	_
335-1	TO085	335	335	1	lo	lo	_	_	_	_	_	linguistic	_	none	_	_	_	_	_	_
335-2	TO085	335	335	2	so,	so	_	_	_	_	_	linguistic	_	none	Intonation=WeaklyRising	End=640.997	_	_	_	_
336-0	TO095	336	336	0	eh	eh	_	_	_	_	_	linguistic	_	none	_	Begin=642.04	_	_	_	_
336-1	TO095	336	336	1	vedi	vedi	_	_	_	_	_	linguistic	_	none	_	End=642.64	_	_	_	_
337-0	TO095	337	337	0	se	se	_	_	_	_	_	linguistic	_	none	_	Begin=642.845	_	_	_	_
337-1	TO095	337	337	1	vuoi	vuoi	_	_	_	_	_	linguistic	_	none	_	_	_	_	_	_
337-2	TO095	337	337	2	far	far	_	_	_	_	_	linguistic	_	none	_	_	_	_	_	_
337-3	TO095	337	337	3	pranzo,	pranzo	_	_	_	_	_	linguistic	_	none	Intonation=WeaklyRising	_	_	_	_	_
337-4	TO095	337	337	4	e	e	_	_	_	_	_	linguistic	_	none	_	_	_	_	_	_
337-5	TO095	337	337	5	poi	poi	_	_	_	_	_	linguistic	_	none	_	_	_	_	_	_
337-6	TO095	337	337	6	vai	vai	_	_	_	_	_	linguistic	_	none	_	_	_	_	_	_
337-7	TO095	337	337	7	da	da	_	_	_	_	_	linguistic	_	none	_	_	_	_	_	_
337-8	TO095	337	337	8	loro	loro	_	_	_	_	_	linguistic	_	none	_	_	_	_	_	_
337-9	TO095	337	337	9	al	al	_	_	_	_	_	linguistic	_	none	_	_	_	_	_	_
337-10	TO095	337	337	10	vale,	vale	_	_	_	_	_	linguistic	_	none	Intonation=WeaklyRising	End=645.236	_	_	_	_
338-0	TO095	338	338	0	che	che	_	_	_	_	_	linguistic	_	none	_	Begin=645.43	_	_	_	_
338-1	TO095	338	338	1	ne	ne	_	_	_	_	_	linguistic	_	none	_	_	_	_	_	_
338-2	TO095	338	338	2	so,	so	_	_	_	_	_	linguistic	_	none	Intonation=WeaklyRising	End=646.059	_	_	_	_
339-0	TO085	339	339	0	perché	perché	_	_	_	_	_	linguistic	_	none	_	Begin=646.442	_	_	_	_
339-1	TO085	339	339	1	loro	loro	_	_	_	_	_	linguistic	_	none	_	_	_	_	_	_
339-2	TO085	339	339	2	fann[o::,	fanno	_	_	_	_	_	linguistic	_	none	Intonation=WeaklyRising	_	4x2	_	_	4-5(71)
339-3	TO085	339	339	3	c'	c'	_	_	_	_	_	linguistic	_	none	SpaceAfter=No	_	_	_	_	0-2(71)
339-4	TO085	339	339	4	è	è	_	_	_	_	_	linguistic	_	none	_	_	_	_	_	0-1(71)
339-5	TO085	339	339	5	noi	noi	_	_	_	_	_	linguistic	_	none	_	_	_	_	_	0-3(71)
339-6	TO085	339	339	6	faccia~],	faccia~	_	_	_	_	_	linguistic	_	none	Intonation=WeaklyRising|Interrupted=Yes	End=648.6	_	_	_	0-7(71)
340-0	TO095	340	340	0	[ché	ché	_	_	_	_	_	linguistic	_	none	_	Begin=647.23	_	_	_	0-3(71)
340-1	TO095	340	340	1	noi	noi	_	_	_	_	_	linguistic	_	none	_	_	_	_	_	0-3(71)
340-2	TO095	340	340	2	facciamo	facciamo	_	_	_	_	_	linguistic	_	none	_	_	_	_	_	0-8(71)
340-3	TO095	340	340	3	corteo],	corteo	_	_	_	_	_	linguistic	_	none	Intonation=WeaklyRising	_	_	_	_	0-6(71)
340-4	TO095	340	340	4	pranzo	pranzo	_	_	_	_	_	linguistic	_	none	_	_	_	_	_	_
340-5	TO095	340	340	5	[tipo	tipo	_	_	_	_	_	linguistic	_	none	_	_	_	_	_	0-4(72)
340-6	TO095	340	340	6	siamo	siamo	_	_	_	_	_	linguistic	_	none	_	_	_	_	_	0-5(72)
340-7	TO095	340	340	7	là].	là	_	_	_	_	_	linguistic	_	none	Intonation=Falling	End=650.11	_	_	_	0-2(72)
341-0	TO085	341	341	0	[eh	eh	_	_	_	_	_	linguistic	_	none	_	Begin=649.315	_	_	_	0-2(72)
341-1	TO085	341	341	1	sì	sì	_	_	_	_	_	linguistic	_	none	_	_	_	_	_	0-2(72)
341-2	TO085	341	341	2	sì]	sì	_	_	_	_	_	linguistic	_	none	_	End=650.171	_	_	_	0-2(72)
342-0	TO095	342	342	0	quindi	quindi	_	_	_	_	_	linguistic	_	none	_	Begin=650.256	_	_	_	_
342-1	TO095	342	342	1	se	se	_	_	_	_	_	linguistic	_	none	_	_	_	_	_	_
342-2	TO095	342	342	2	vuoi	vuoi	_	_	_	_	_	linguistic	_	none	_	_	_	_	_	_
342-3	TO095	342	342	3	fà	fà	_	_	_	_	_	linguistic	_	none	_	_	_	_	_	_
342-4	TO095	342	342	4	corteo	corteo	_	_	_	_	_	linguistic	_	none	_	_	_	_	_	_
342-5	TO095	342	342	5	pranzo	pranzo	_	_	_	_	_	linguistic	_	none	_	_	_	_	_	_
342-6	TO095	342	342	6	e	e	_	_	_	_	_	linguistic	_	none	_	_	_	_	_	_
342-7	TO095	342	342	7	poi	poi	_	_	_	_	_	linguistic	_	none	_	_	_	_	_	_
342-8	TO095	342	342	8	vai	vai	_	_	_	_	_	linguistic	_	none	_	_	_	_	_	_
342-9	TO095	342	342	9	al	al	_	_	_	_	_	linguistic	_	none	_	_	_	_	_	_
342-10	TO095	342	342	10	vale,	vale	_	_	_	_	_	linguistic	_	none	Intonation=WeaklyRising	End=652.1	_	_	_	_
343-0	TO095	343	343	0	ce	ce	_	_	_	_	_	linguistic	_	none	_	Begin=652.244	_	_	_	_
343-1	TO095	343	343	1	sta	sta	_	_	_	_	_	linguistic	_	none	_	End=652.67	_	_	_	_
344-0	TO085	344	344	0	ma	ma	_	_	_	_	_	linguistic	_	none	_	Begin=652.831	_	_	_	_
344-1	TO085	344	344	1	sei	sei	_	_	_	_	_	linguistic	_	none	_	_	_	_	_	_
344-2	TO085	344	344	2	sicur~?	sicur~	_	_	_	_	_	linguistic	_	none	Intonation=Rising|Interrupted=Yes	_	_	_	_	_
344-3	TO085	344	344	3	c'	c'	_	_	_	_	_	linguistic	_	none	SpaceAfter=No	_	_	_	_	_
344-4	TO085	344	344	4	è	è	_	_	_	_	_	linguistic	_	none	_	_	_	_	_	_
344-5	TO085	344	344	5	danno	danno	_	_	_	_	_	linguistic	_	none	_	_	_	_	_	_
344-6	TO085	344	344	6	loro	loro	_	_	_	_	_	linguistic	_	none	_	_	_	_	_	_
344-7	TO085	344	344	7	la	la	_	_	_	_	_	linguistic	_	none	_	_	_	_	_	_
344-8	TO085	344	344	8	carne?	carne	_	_	_	_	_	linguistic	_	none	Intonation=Rising	End=654.766	_	_	_	_
345-0	TO095	345	345	0	ma	ma	_	_	_	_	_	linguistic	_	none	_	Begin=655.42	_	_	_	_
345-1	TO095	345	345	1	io	io	_	_	_	_	_	linguistic	_	none	_	_	_	_	_	_
345-2	TO095	345	345	2	probabile	probabile	_	_	_	_	_	linguistic	_	none	_	_	_	_	_	_
345-3	TO095	345	345	3	che	che	_	_	_	_	_	linguistic	_	none	_	_	_	_	_	_
345-4	TO095	345	345	4	mi	mi	_	_	_	_	_	linguistic	_	none	_	_	_	_	_	_
345-5	TO095	345	345	5	porti	porti	_	_	_	_	_	linguistic	_	none	_	_	_	_	_	_
345-6	TO095	345	345	6	qualcosa,	qualcosa	_	_	_	_	_	linguistic	_	none	Intonation=WeaklyRising	_	_	_	_	_
345-7	TO095	345	345	7	adesso	adesso	_	_	_	_	_	linguistic	_	none	_	_	_	_	_	_
345-8	TO095	345	345	8	ci	ci	_	_	_	_	_	linguistic	_	none	_	_	_	_	_	_
345-9	TO095	345	345	9	organizziamo,	organizziamo	_	_	_	_	_	linguistic	_	none	Intonation=WeaklyRising	_	_	_	_	_
345-10	TO095	345	345	10	[vediamo	vediamo	_	_	_	_	_	linguistic	_	none	_	_	_	_	_	0-7(73)
345-11	TO095	345	345	11	un	un	_	_	_	_	_	linguistic	_	none	_	_	_	_	_	0-2(73)
345-12	TO095	345	345	12	po']	po'	_	_	_	_	_	linguistic	_	none	_	End=658.719	_	_	_	0-3(73)
346-0	TO085	346	346	0	[mi	mi	_	_	_	_	_	linguistic	_	none	_	Begin=658.244	_	_	_	0-2(73)
346-1	TO085	346	346	1	sembra]	sembra	_	_	_	_	_	linguistic	_	none	_	_	_	_	_	0-6(73)
346-2	TO085	346	346	2	strano	strano	_	_	_	_	_	linguistic	_	none	_	_	_	_	_	_
346-3	TO085	346	346	3	che	che	_	_	_	_	_	linguistic	_	none	_	_	_	_	_	_
346-4	TO085	346	346	4	[xxx]	xxx	_	_	_	_	_	unknown	_	none	Syllables=3	End=660.03	_	_	_	0-3(74)
347-0	TO095	347	347	0	[no	no	_	_	_	_	_	linguistic	_	none	_	Begin=659.539	_	_	_	0-2(74)
347-1	TO095	347	347	1	la	la	_	_	_	_	_	linguistic	_	none	_	_	_	_	_	0-2(74)
347-2	TO095	347	347	2	danno]	danno	_	_	_	_	_	linguistic	_	none	_	_	_	_	_	0-5(74)
347-3	TO095	347	347	3	loro.	loro	_	_	_	_	_	linguistic	_	none	Intonation=Falling	End=660.344	_	_	_	_
348-0	TO091	348	348	0	gratis?	gratis	_	_	_	_	_	linguistic	_	none	Intonation=Rising	Begin=660.626|End=661.119	_	_	_	_
349-0	TO085	349	349	0	magari	magari	_	_	_	_	_	linguistic	_	none	_	Begin=662.437	_	_	_	_
349-1	TO085	349	349	1	non	non	_	_	_	_	_	linguistic	_	none	_	_	_	_	_	_
349-2	TO085	349	349	2	gratis	gratis	_	_	_	_	_	linguistic	_	none	_	_	_	_	_	_
349-3	TO085	349	349	3	{ride}	{ride}	_	_	_	_	_	nonverbalbehavior	_	none	_	End=664.0	_	_	_	_
350-0	TO085	350	350	0	non	non	_	_	_	_	_	linguistic	_	none	_	Begin=665.663	_	_	_	_
350-1	TO085	350	350	1	gratis.	gratis	_	_	_	_	_	linguistic	_	none	Intonation=Falling	End=666.578	_	_	_	_
351-0	TO095	351	351	0	ma	ma	_	_	_	_	_	linguistic	_	none	_	Begin=666.655	_	_	_	_
351-1	TO095	351	351	1	non	non	_	_	_	_	_	linguistic	_	none	_	_	_	_	_	_
351-2	TO095	351	351	2	credo,	credo	_	_	_	_	_	linguistic	_	none	Intonation=WeaklyRising	End=667.26	_	_	_	_
352-0	TO095	352	352	0	non	non	_	_	_	_	_	linguistic	_	none	_	Begin=667.647	_	_	_	_
352-1	TO095	352	352	1	ho	ho	_	_	_	_	_	linguistic	_	none	_	_	_	_	_	_
352-2	TO095	352	352	2	guardato	guardato	_	_	_	_	_	linguistic	_	none	_	_	_	_	_	_
352-3	TO095	352	352	3	[l'	l'	_	_	_	_	_	linguistic	_	none	SpaceAfter=No	_	_	_	_	0-2(75)
352-4	TO095	352	352	4	evento	evento	_	_	_	_	_	linguistic	_	none	_	_	_	_	_	0-6(75)
352-5	TO095	352	352	5	ma]	ma	_	_	_	_	_	linguistic	_	none	_	End=669.4	_	_	_	0-2(75)
353-0	TO085	353	353	0	[però	però	_	_	_	_	_	linguistic	_	none	_	Begin=668.77	_	_	_	0-4(75)
353-1	TO085	353	353	1	a:::h]	ah	_	_	_	_	_	linguistic	_	none	_	_	0x3	_	_	0-2(75)
353-2	TO085	353	353	2	allora	allora	_	_	_	_	_	linguistic	_	none	_	_	_	_	_	_
353-3	TO085	353	353	3	sì	sì	_	_	_	_	_	linguistic	_	none	_	_	_	_	_	_
353-4	TO085	353	353	4	ho	ho	_	_	_	_	_	linguistic	_	none	_	_	_	_	_	_
353-5	TO085	353	353	5	letto,	letto	_	_	_	_	_	linguistic	_	none	Intonation=WeaklyRising	_	_	_	_	_
353-6	TO085	353	353	6	c'	c'	_	_	_	_	_	linguistic	_	none	SpaceAfter=No	_	_	_	_	_
353-7	TO085	353	353	7	è	è	_	_	_	_	_	linguistic	_	none	_	_	_	_	_	_
353-8	TO085	353	353	8	scritto	scritto	_	_	_	_	_	linguistic	_	none	_	_	_	_	_	_
353-9	TO085	353	353	9	che	che	_	_	_	_	_	linguistic	_	none	_	_	_	_	_	_
353-10	TO085	353	353	10	se	se	_	_	_	_	_	linguistic	_	none	_	_	_	_	_	_
353-11	TO085	353	353	11	vuoi	vuoi	_	_	_	_	_	linguistic	_	none	_	_	_	_	_	_
353-12	TO085	353	353	12	puoi	puoi	_	_	_	_	_	linguistic	_	none	_	_	_	_	_	_
353-13	TO085	353	353	13	comprarla	comprarla	_	_	_	_	_	linguistic	_	none	_	_	_	_	_	_
353-14	TO085	353	353	14	lì	lì	_	_	_	_	_	linguistic	_	none	_	_	_	_	_	_
353-15	TO085	353	353	15	la	la	_	_	_	_	_	linguistic	_	none	_	_	_	_	_	_
353-16	TO085	353	353	16	carne,	carne	_	_	_	_	_	linguistic	_	none	Intonation=WeaklyRising	End=673.38	_	_	_	_
354-0	TO095	354	354	0	a::h	ah	_	_	_	_	_	linguistic	_	none	_	Begin=673.46|End=673.827	0x2	_	_	_
355-0	TO085	355	355	0	se	se	_	_	_	_	_	linguistic	_	none	_	Begin=673.918	_	_	_	_
355-1	TO085	355	355	1	no	no	_	_	_	_	_	linguistic	_	none	_	_	_	_	_	_
355-2	TO085	355	355	2	puoi	puoi	_	_	_	_	_	linguistic	_	none	_	_	_	_	_	_
355-3	TO085	355	355	3	[portarla:::],	portarla	_	_	_	_	_	linguistic	_	none	Intonation=WeaklyRising	End=675.515	7x3	_	_	0-8(76)
356-0	TO091	356	356	0	[se	se	_	_	_	_	_	linguistic	_	none	_	Begin=674.91	_	_	_	0-2(76)
356-1	TO091	356	356	1	vuoi	vuoi	_	_	_	_	_	linguistic	_	none	_	_	_	_	_	0-4(76)
356-2	TO091	356	356	2	te	te	_	_	_	_	_	linguistic	_	none	_	_	_	_	_	0-2(76)
356-3	TO091	356	356	3	la	la	_	_	_	_	_	linguistic	_	none	_	_	_	_	_	0-2(76)
356-4	TO091	356	356	4	cuoci]	cuoci	_	_	_	_	_	linguistic	_	none	_	_	_	_	_	0-5(76)
356-5	TO091	356	356	5	ho	ho	_	_	_	_	_	linguistic	_	none	_	_	_	_	_	_
356-6	TO091	356	356	6	capito,	capito	_	_	_	_	_	linguistic	_	none	Intonation=WeaklyRising	_	_	_	_	_
356-7	TO091	356	356	7	te	te	_	_	_	_	_	linguistic	_	none	_	_	_	_	_	_
356-8	TO091	356	356	8	la	la	_	_	_	_	_	linguistic	_	none	_	_	_	_	_	_
356-9	TO091	356	356	9	cuoci	cuoci	_	_	_	_	_	linguistic	_	none	_	_	_	_	_	_
356-10	TO091	356	356	10	da	da	_	_	_	_	_	linguistic	_	none	_	_	_	_	_	_
356-11	TO091	356	356	11	te.	te	_	_	_	_	_	linguistic	_	none	Intonation=Falling	End=677.37	_	_	_	_
357-0	TO085	357	357	0	sì	sì	_	_	_	_	_	linguistic	_	none	_	Begin=677.36	_	_	_	_
357-1	TO085	357	357	1	se	se	_	_	_	_	_	linguistic	_	none	_	_	_	_	_	_
357-2	TO085	357	357	2	no	no	_	_	_	_	_	linguistic	_	none	_	_	_	_	_	_
357-3	TO085	357	357	3	te	te	_	_	_	_	_	linguistic	_	none	_	_	_	_	_	_
357-4	TO085	357	357	4	la	la	_	_	_	_	_	linguistic	_	none	_	_	_	_	_	_
357-5	TO085	357	357	5	[porti]	porti	_	_	_	_	_	linguistic	_	none	_	End=678.461	_	_	_	0-5(78)
358-0	TO095	358	358	0	[però]	però	_	_	_	_	_	linguistic	_	none	_	Begin=678.234	_	_	_	0-4(78)
358-1	TO095	358	358	1	non	non	_	_	_	_	_	linguistic	_	none	_	_	_	_	_	_
358-2	TO095	358	358	2	puoi	puoi	_	_	_	_	_	linguistic	_	none	_	_	_	_	_	_
358-3	TO095	358	358	3	cuocertela,	cuocertela	_	_	_	_	_	linguistic	_	none	Intonation=WeaklyRising	_	_	_	_	_
358-4	TO095	358	358	4	è	è	_	_	_	_	_	linguistic	_	none	_	_	_	_	_	_
358-5	TO095	358	358	5	quello	quello	_	_	_	_	_	linguistic	_	none	_	_	_	_	_	_
358-6	TO095	358	358	6	il	il	_	_	_	_	_	linguistic	_	none	_	_	_	_	_	_
358-7	TO095	358	358	7	punto.	punto	_	_	_	_	_	linguistic	_	none	Intonation=Falling	End=680.308	_	_	_	_
359-0	TO085	359	359	0	[sì:::]	sì	_	_	_	_	_	linguistic	_	none	_	Begin=680.26|End=680.939	1x3	_	_	0-2(80)
360-0	TO095	360	360	0	[se	se	_	_	_	_	_	linguistic	_	none	_	Begin=680.5	_	_	_	0-2(80)
360-1	TO095	360	360	1	gliela]	gliela	_	_	_	_	_	linguistic	_	none	_	_	_	_	_	0-6(80)
360-2	TO095	360	360	2	dai	dai	_	_	_	_	_	linguistic	_	none	_	_	_	_	_	_
360-3	TO095	360	360	3	e	e	_	_	_	_	_	linguistic	_	none	_	_	_	_	_	_
360-4	TO095	360	360	4	te	te	_	_	_	_	_	linguistic	_	none	_	_	_	_	_	_
360-5	TO095	360	360	5	la	la	_	_	_	_	_	linguistic	_	none	_	_	_	_	_	_
360-6	TO095	360	360	6	puoi	puoi	_	_	_	_	_	linguistic	_	none	_	_	_	_	_	_
360-7	TO095	360	360	7	pre~,	pre~	_	_	_	_	_	linguistic	_	none	Intonation=WeaklyRising|Interrupted=Yes	_	_	_	_	_
360-8	TO095	360	360	8	c'	c'	_	_	_	_	_	linguistic	_	none	SpaceAfter=No	_	_	_	_	_
360-9	TO095	360	360	9	è	è	_	_	_	_	_	linguistic	_	none	_	_	_	_	_	_
360-10	TO095	360	360	10	non	non	_	_	_	_	_	linguistic	_	none	_	_	_	_	_	_
360-11	TO095	360	360	11	puoi	puoi	_	_	_	_	_	linguistic	_	none	_	_	_	_	_	_
360-12	TO095	360	360	12	prende	prende	_	_	_	_	_	linguistic	_	none	_	_	_	_	_	_
360-13	TO095	360	360	13	un	un	_	_	_	_	_	linguistic	_	none	_	_	_	_	_	_
360-14	TO095	360	360	14	pezzo	pezzo	_	_	_	_	_	linguistic	_	none	_	_	_	_	_	_
360-15	TO095	360	360	15	di	di	_	_	_	_	_	linguistic	_	none	_	_	_	_	_	_
360-16	TO095	360	360	16	griglia,	griglia	_	_	_	_	_	linguistic	_	none	Intonation=WeaklyRising	_	_	_	_	_
360-17	TO095	360	360	17	usano	usano	_	_	_	_	_	linguistic	_	none	_	_	_	_	_	_
360-18	TO095	360	360	18	loro	loro	_	_	_	_	_	linguistic	_	none	_	_	_	_	_	_
360-19	TO095	360	360	19	la	la	_	_	_	_	_	linguistic	_	none	_	_	_	_	_	_
360-20	TO095	360	360	20	griglia.	griglia	_	_	_	_	_	linguistic	_	none	Intonation=Falling	End=685.89	_	_	_	_
361-0	TO085	361	361	0	a:::h	ah	_	_	_	_	_	linguistic	_	none	_	Begin=686.0	0x3	_	_	_
361-1	TO085	361	361	1	okay	okay	_	_	_	_	_	linguistic	_	none	_	End=687.25	_	_	_	_
362-0	TO091	362	362	0	[però	però	_	_	_	_	_	linguistic	_	none	_	Begin=688.14	_	_	_	0-4(81)
362-1	TO091	362	362	1	comunque]	comunque	_	_	_	_	_	linguistic	_	none	_	_	_	_	_	0-8(81)
362-2	TO091	362	362	2	c(io)è	cioè	_	_	_	_	_	linguistic	_	none	Reduced=Yes	_	_	_	_	_
362-3	TO091	362	362	3	devi	devi	_	_	_	_	_	linguistic	_	none	_	_	_	_	_	_
362-4	TO091	362	362	4	avè	avè	_	_	_	_	_	linguistic	_	none	_	_	_	_	_	_
362-5	TO091	362	362	5	la	la	_	_	_	_	_	linguistic	_	none	_	_	_	_	_	_
362-6	TO091	362	362	6	[tu'	tu'	_	_	_	_	_	linguistic	_	none	Truncated=Yes	_	_	_	_	0-3(82)
362-7	TO091	362	362	7	ciccia,	ciccia	_	_	_	_	_	linguistic	_	none	Intonation=WeaklyRising	_	_	_	_	0-6(82)
362-8	TO091	362	362	8	'nsomma,	'nsomma	_	_	_	_	_	linguistic	_	none	Intonation=WeaklyRising|Truncated=Yes	_	_	_	_	0-7(82)
362-9	TO091	362	362	9	o	o	_	_	_	_	_	linguistic	_	none	_	_	_	_	_	0-1(82)
362-10	TO091	362	362	10	comprata],	comprata	_	_	_	_	_	linguistic	_	none	Intonation=WeaklyRising	End=691.29	_	_	_	0-8(82)
363-0	TO095	363	363	0	[o	o	_	_	_	_	_	linguistic	_	none	_	Begin=688.157	_	_	_	0-1(81)
363-1	TO095	363	363	1	ti	ti	_	_	_	_	_	linguistic	_	none	_	_	_	_	_	0-2(81)
363-2	TO095	363	363	2	porti],	porti	_	_	_	_	_	linguistic	_	none	Intonation=WeaklyRising	End=688.892	_	_	_	0-5(81)
364-0	TO095	364	364	0	[o	o	_	_	_	_	_	linguistic	_	none	_	Begin=689.89	_	_	_	0-1(82)
364-1	TO095	364	364	1	xxx	xxx	_	_	_	_	_	unknown	_	none	Syllables=3	_	_	_	_	0-3(82)
364-2	TO095	364	364	2	paghi]	paghi	_	_	_	_	_	linguistic	_	none	_	_	_	_	_	0-5(82)
364-3	TO095	364	364	3	la	la	_	_	_	_	_	linguistic	_	none	_	_	_	_	_	_
364-4	TO095	364	364	4	loro,	loro	_	_	_	_	_	linguistic	_	none	Intonation=WeaklyRising	_	_	_	_	_
364-5	TO095	364	364	5	o	o	_	_	_	_	_	linguistic	_	none	_	_	_	_	_	_
364-6	TO095	364	364	6	te	te	_	_	_	_	_	linguistic	_	none	_	_	_	_	_	_
364-7	TO095	364	364	7	la	la	_	_	_	_	_	linguistic	_	none	_	_	_	_	_	_
364-8	TO095	364	364	8	porti	porti	_	_	_	_	_	linguistic	_	none	_	_	_	_	_	_
364-9	TO095	364	364	9	ti	ti	_	_	_	_	_	linguistic	_	none	_	_	_	_	_	_
364-10	TO095	364	364	10	porti	porti	_	_	_	_	_	linguistic	_	none	_	_	_	_	_	_
364-11	TO095	364	364	11	la	la	_	_	_	_	_	linguistic	_	none	_	_	_	_	_	_
364-12	TO095	364	364	12	tua.	tua	_	_	_	_	_	linguistic	_	none	Intonation=Falling	End=693.533	_	_	_	_
365-0	TO091	365	365	0	ah	ah	_	_	_	_	_	linguistic	_	none	_	Begin=694.98	_	_	_	_
365-1	TO091	365	365	1	eccolo	eccolo	_	_	_	_	_	linguistic	_	none	_	End=695.699	_	_	_	_
366-0	TO085	366	366	0	sì	sì	_	_	_	_	_	linguistic	_	none	_	Begin=698.41	_	_	_	_
366-1	TO085	366	366	1	no,	no	_	_	_	_	_	linguistic	_	none	Intonation=WeaklyRising	_	_	_	_	_
366-2	TO085	366	366	2	è	è	_	_	_	_	_	linguistic	_	none	_	_	_	_	_	_
366-3	TO085	366	366	3	quello	quello	_	_	_	_	_	linguistic	_	none	_	_	_	_	_	_
366-4	TO085	366	366	4	di	di	_	_	_	_	_	linguistic	_	none	_	_	_	_	_	_
366-5	TO085	366	366	5	fianco.	fianco	_	_	_	_	_	linguistic	_	none	Intonation=Falling	End=699.644	_	_	_	_
367-0	TO091	367	367	0	no,	no	_	_	_	_	_	linguistic	_	none	Intonation=WeaklyRising	Begin=702.04	_	_	_	_
367-1	TO091	367	367	1	il	il	_	_	_	_	_	linguistic	_	none	_	_	_	_	_	_
367-2	TO091	367	367	2	locale,	locale	_	_	_	_	_	linguistic	_	none	Intonation=WeaklyRising	_	_	_	_	_
367-3	TO091	367	367	3	sì	sì	_	_	_	_	_	linguistic	_	none	_	_	_	_	_	_
367-4	TO091	367	367	4	ci	ci	_	_	_	_	_	linguistic	_	none	_	_	_	_	_	_
367-5	TO091	367	367	5	so'	so'	_	_	_	_	_	linguistic	_	none	Truncated=Yes	_	_	_	_	_
367-6	TO091	367	367	6	stata	stata	_	_	_	_	_	linguistic	_	none	_	End=703.57	_	_	_	_
368-0	TO095	368	368	0	ma	ma	_	_	_	_	_	linguistic	_	none	_	Begin=704.5	_	_	_	_
368-1	TO095	368	368	1	[è	è	_	_	_	_	_	linguistic	_	none	_	_	_	_	_	0-1(83)
368-2	TO095	368	368	2	un::,	un	_	_	_	_	_	linguistic	_	none	Intonation=WeaklyRising	_	1x2	_	_	0-2(83)
368-3	TO095	368	368	3	non	non	_	_	_	_	_	linguistic	_	none	_	_	_	_	_	0-3(83)
368-4	TO095	368	368	4	è	è	_	_	_	_	_	linguistic	_	none	_	_	_	_	_	0-1(83)
368-5	TO095	368	368	5	un	un	_	_	_	_	_	linguistic	_	none	_	_	_	_	_	0-2(83)
368-6	TO095	368	368	6	locale,	locale	_	_	_	_	_	linguistic	_	none	Intonation=WeaklyRising	_	_	_	_	0-6(83)
368-7	TO095	368	368	7	è::],	è	_	_	_	_	_	linguistic	_	none	Intonation=WeaklyRising	End=706.38	0x2	_	_	0-1(83)
369-0	TO085	369	369	0	[xxx	xxx	_	_	_	_	_	unknown	_	none	Syllables=3	Begin=704.635	_	_	_	0-3(83)
369-1	TO085	369	369	1	festa	festa	_	_	_	_	_	linguistic	_	none	_	_	_	_	_	0-5(83)
369-2	TO085	369	369	2	del	del	_	_	_	_	_	linguistic	_	none	_	_	_	_	_	0-3(83)
369-3	TO085	369	369	3	(non)	non	_	_	_	_	_	linguistic	_	none	_	_	_	_	0-3(0)	0-3(83)
369-4	TO085	369	369	4	lavoro],	lavoro	_	_	_	_	_	linguistic	_	none	Intonation=WeaklyRising	_	_	_	_	0-6(83)
369-5	TO085	369	369	5	primo	primo	_	_	_	_	_	linguistic	_	none	_	_	_	_	_	_
369-6	TO085	369	369	6	maggio,	maggio	_	_	_	_	_	linguistic	_	none	Intonation=WeaklyRising	End=707.438	_	_	_	_
370-0	TO095	370	370	0	[un	un	_	_	_	_	_	linguistic	_	none	_	Begin=707.471	_	_	_	0-2(84)
370-1	TO095	370	370	1	collettivo]	collettivo	_	_	_	_	_	linguistic	_	none	_	End=708.45	_	_	_	0-10(84)
371-0	TO085	371	371	0	[lo	lo	_	_	_	_	_	linguistic	_	none	_	Begin=707.525	_	_	_	0-2(84)
371-1	TO085	371	371	1	fanno	fanno	_	_	_	_	_	linguistic	_	none	_	_	_	_	_	0-5(84)
371-2	TO085	371	371	2	lì	lì	_	_	_	_	_	linguistic	_	none	_	_	_	_	_	0-2(84)
371-3	TO085	371	371	3	l'	l'	_	_	_	_	_	linguistic	_	none	SpaceAfter=No	_	_	_	_	0-2(84)
371-4	TO085	371	371	4	evento]	evento	_	_	_	_	_	linguistic	_	none	_	End=708.603	_	_	_	0-6(84)
372-0	TO095	372	372	0	[un	un	_	_	_	_	_	linguistic	_	none	_	Begin=709.225	_	_	_	0-2(85)
372-1	TO095	372	372	1	collettivo]	collettivo	_	_	_	_	_	linguistic	_	none	_	End=709.856	_	_	_	0-10(85)
373-0	TO091	373	373	0	[sì	sì	_	_	_	_	_	linguistic	_	none	_	Begin=709.279	_	_	_	0-2(85)
373-1	TO091	373	373	1	lo	lo	_	_	_	_	_	linguistic	_	none	_	_	_	_	_	0-2(85)
373-2	TO091	373	373	2	so],	so	_	_	_	_	_	linguistic	_	none	Intonation=WeaklyRising	_	_	_	_	0-2(85)
373-3	TO091	373	373	3	però	però	_	_	_	_	_	linguistic	_	none	_	_	_	_	_	_
373-4	TO091	373	373	4	so'	so'	_	_	_	_	_	linguistic	_	none	Truncated=Yes	_	_	_	_	_
373-5	TO091	373	373	5	andata::,	andata	_	_	_	_	_	linguistic	_	none	Intonation=WeaklyRising	End=710.921	5x2	_	_	_
374-0	TO091	374	374	0	'nsomma	'nsomma	_	_	_	_	_	linguistic	_	none	Truncated=Yes	Begin=711.055	_	_	_	_
374-1	TO091	374	374	1	so'	so'	_	_	_	_	_	linguistic	_	none	Truncated=Yes	_	_	_	_	_
374-2	TO091	374	374	2	andata	andata	_	_	_	_	_	linguistic	_	none	_	_	_	_	_	_
374-3	TO091	374	374	3	a	a	_	_	_	_	_	linguistic	_	none	_	_	_	_	_	_
374-4	TO091	374	374	4	'na	'na	_	_	_	_	_	linguistic	_	none	Truncated=Yes	_	_	_	_	_
374-5	TO091	374	374	5	serata	serata	_	_	_	_	_	linguistic	_	none	_	End=712.72	_	_	_	_
375-0	TO095	375	375	0	ah	ah	_	_	_	_	_	linguistic	_	none	_	Begin=712.872	_	_	_	_
375-1	TO095	375	375	1	sì?	sì	_	_	_	_	_	linguistic	_	none	Intonation=Rising	End=713.277	_	_	_	_
376-0	TO095	376	376	0	[a	a	_	_	_	_	_	linguistic	_	none	_	Begin=713.409	_	_	_	0-1(86)
376-1	TO095	376	376	1	manituana]?	manituana	_	_	_	_	_	linguistic	_	none	Intonation=Rising	End=714.2	_	_	_	0-9(86)
377-0	???	377	377	0	['nsomma]	'nsomma	_	_	_	_	_	linguistic	_	none	Truncated=Yes	Begin=713.51|End=714.087	_	_	_	0-7(86)
378-0	TO091	378	378	0	al	al	_	_	_	_	_	linguistic	_	none	_	Begin=714.47	_	_	_	_
378-1	TO091	378	378	1	manituana	manituana	_	_	_	_	_	linguistic	_	none	_	End=715.36	_	_	_	_
379-0	TO091	379	379	0	con	con	_	_	_	_	_	linguistic	_	none	_	Begin=716.31	_	_	_	_
379-1	TO091	379	379	1	leo.	leo	_	_	_	_	_	linguistic	_	none	Intonation=Falling	End=717.075	_	_	_	_
380-0	TO095	380	380	0	con	con	_	_	_	_	_	linguistic	_	none	_	Begin=717.931	_	_	_	_
380-1	TO095	380	380	1	leo?	leo	_	_	_	_	_	linguistic	_	none	Intonation=Rising	End=718.566	_	_	_	_
381-0	TO095	381	381	0	era	era	_	_	_	_	_	linguistic	_	none	_	Begin=719.559	_	_	_	_
381-1	TO095	381	381	1	carina?	carina	_	_	_	_	_	linguistic	_	none	Intonation=Rising	End=720.232	_	_	_	_
382-0	TO091	382	382	0	c'	c'	_	_	_	_	_	linguistic	_	none	SpaceAfter=No	Begin=720.57	_	_	_	_
382-1	TO091	382	382	1	era	era	_	_	_	_	_	linguistic	_	none	_	_	_	_	_	_
382-2	TO091	382	382	2	(stasis),	stasis	_	_	_	_	_	linguistic	_	none	Intonation=WeaklyRising	_	_	_	0-6(0)	_
382-3	TO091	382	382	3	quella	quella	_	_	_	_	_	linguistic	_	none	_	_	_	_	_	_
382-4	TO091	382	382	4	che	che	_	_	_	_	_	linguistic	_	none	_	_	_	_	_	_
382-5	TO091	382	382	5	[fanno:::,	fanno	_	_	_	_	_	linguistic	_	none	Intonation=WeaklyRising	_	4x3	_	_	0-5(95)
382-6	TO091	382	382	6	xxx	xxx	_	_	_	_	_	unknown	_	none	Syllables=3	_	_	_	_	0-3(95)
382-7	TO091	382	382	7	coso]	coso	_	_	_	_	_	linguistic	_	none	_	End=723.22	_	_	_	0-4(95)
383-0	TO095	383	383	0	[ah]	ah	_	_	_	_	_	linguistic	_	none	_	Begin=721.962|End=722.441	_	_	_	0-2(95)
384-0	TO085	384	384	0	[a:::h],	ah	_	_	_	_	_	linguistic	_	none	Intonation=WeaklyRising	Begin=722.33|End=723.025	0x3	_	_	0-2(95)
385-0	TO095	385	385	0	ma	ma	_	_	_	_	_	linguistic	_	none	_	Begin=723.406	_	_	_	_
385-1	TO095	385	385	1	quand'	quand'	_	_	_	_	_	linguistic	_	none	SpaceAfter=No	_	_	_	_	_
385-2	TO095	385	385	2	era?	era	_	_	_	_	_	linguistic	_	none	Intonation=Rising	End=724.157	_	_	_	_
386-0	TO091	386	386	0	non	non	_	_	_	_	_	linguistic	_	none	_	Begin=725.25	_	_	_	_
386-1	TO091	386	386	1	me	me	_	_	_	_	_	linguistic	_	none	_	_	_	_	_	_
386-2	TO091	386	386	2	ricordo	ricordo	_	_	_	_	_	linguistic	_	none	_	End=726.2	_	_	_	_
387-0	TO091	387	387	0	fine	fine	_	_	_	_	_	linguistic	_	none	_	Begin=727.339	_	_	_	_
387-1	TO091	387	387	1	marzo	marzo	_	_	_	_	_	linguistic	_	none	_	_	_	_	_	_
387-2	TO091	387	387	2	comunque	comunque	_	_	_	_	_	linguistic	_	none	_	_	_	_	_	_
387-3	TO091	387	387	3	perché	perché	_	_	_	_	_	linguistic	_	none	_	_	_	_	_	_
387-4	TO091	387	387	4	prima	prima	_	_	_	_	_	linguistic	_	none	_	_	_	_	_	_
387-5	TO091	387	387	5	noi	noi	_	_	_	_	_	linguistic	_	none	_	_	_	_	_	_
387-6	TO091	387	387	6	eravamo	eravamo	_	_	_	_	_	linguistic	_	none	_	_	_	_	_	_
387-7	TO091	387	387	7	al	al	_	_	_	_	_	linguistic	_	none	_	_	_	_	_	_
387-8	TO091	387	387	8	(bunker)	bunker	_	_	_	_	_	linguistic	_	none	_	End=730.03	_	_	0-6(0)	_
388-0	TO091	388	388	0	solo	solo	_	_	_	_	_	linguistic	_	none	_	Begin=730.95	_	_	_	_
388-1	TO091	388	388	1	che	che	_	_	_	_	_	linguistic	_	none	_	_	_	_	_	_
388-2	TO091	388	388	2	la	la	_	_	_	_	_	linguistic	_	none	_	_	_	_	_	_
388-3	TO091	388	388	3	serata	serata	_	_	_	_	_	linguistic	_	none	_	_	_	_	_	_
388-4	TO091	388	388	4	tipo	tipo	_	_	_	_	_	linguistic	_	none	_	_	_	_	_	_
388-5	TO091	388	388	5	alle	alle	_	_	_	_	_	linguistic	_	none	_	_	_	_	_	_
388-6	TO091	388	388	6	tre	tre	_	_	_	_	_	linguistic	_	none	_	_	_	_	_	_
388-7	TO091	388	388	7	è	è	_	_	_	_	_	linguistic	_	none	_	_	_	_	_	_
388-8	TO091	388	388	8	finita,	finita	_	_	_	_	_	linguistic	_	none	Intonation=WeaklyRising	End=732.44	_	_	_	_
389-0	TO091	389	389	0	perch'	perch'	_	_	_	_	_	linguistic	_	none	SpaceAfter=No	Begin=732.62	_	_	_	_
389-1	TO091	389	389	1	era	era	_	_	_	_	_	linguistic	_	none	_	_	_	_	_	_
389-2	TO091	389	389	2	gratis,	gratis	_	_	_	_	_	linguistic	_	none	Intonation=WeaklyRising	_	_	_	_	_
389-3	TO091	389	389	3	'na	'na	_	_	_	_	_	linguistic	_	none	Truncated=Yes	_	_	_	_	_
389-4	TO091	389	389	4	cacata,	cacata	_	_	_	_	_	linguistic	_	none	Intonation=WeaklyRising	End=733.99	_	_	_	_
390-0	TO091	390	390	0	quindi	quindi	_	_	_	_	_	linguistic	_	none	_	Begin=734.75	_	_	_	_
390-1	TO091	390	390	1	pensavamo	pensavamo	_	_	_	_	_	linguistic	_	none	_	_	_	_	_	_
390-2	TO091	390	390	2	cazzo	cazzo	_	_	_	_	_	linguistic	_	none	_	_	_	_	_	_
390-3	TO091	390	390	3	fa',	fa'	_	_	_	_	_	linguistic	_	none	Intonation=WeaklyRising|Truncated=Yes	_	_	_	_	_
390-4	TO091	390	390	4	leo	leo	_	_	_	_	_	linguistic	_	none	_	_	_	_	_	_
390-5	TO091	390	390	5	xxx,	xxx	_	_	_	_	_	linguistic	_	none	Intonation=WeaklyRising	_	_	_	_	_
390-6	TO091	390	390	6	'n	'n	_	_	_	_	_	linguistic	_	none	Truncated=Yes	_	_	_	_	_
390-7	TO091	390	390	7	sapevo	sapevo	_	_	_	_	_	linguistic	_	none	_	_	_	_	_	_
390-8	TO091	390	390	8	manco	manco	_	_	_	_	_	linguistic	_	none	_	_	_	_	_	_
390-9	TO091	390	390	9	che	che	_	_	_	_	_	linguistic	_	none	_	_	_	_	_	_
390-10	TO091	390	390	10	cosa	cosa	_	_	_	_	_	linguistic	_	none	_	_	_	_	_	_
390-11	TO091	390	390	11	fosse,	fosse	_	_	_	_	_	linguistic	_	none	Intonation=WeaklyRising	End=738.538	_	_	_	_
391-0	TO091	391	391	0	per	per	_	_	_	_	_	linguistic	_	none	_	Begin=738.969	_	_	_	_
391-1	TO091	391	391	1	ritrovalla	ritrovalla	_	_	_	_	_	linguistic	_	none	_	_	_	_	_	_
391-2	TO091	391	391	2	'n	'n	_	_	_	_	_	linguistic	_	none	Truncated=Yes	_	_	_	_	_
391-3	TO091	391	391	3	ora	ora	_	_	_	_	_	linguistic	_	none	_	End=740.119	_	_	_	_
392-0	TO095	392	392	0	ma	ma	_	_	_	_	_	linguistic	_	none	_	Begin=741.01	_	_	_	_
392-1	TO095	392	392	1	do'	do'	_	_	_	_	_	linguistic	_	none	Truncated=Yes	_	_	_	_	_
392-2	TO095	392	392	2	sta?	sta	_	_	_	_	_	linguistic	_	none	Intonation=Rising	_	_	_	_	_
392-3	TO095	392	392	3	che	che	_	_	_	_	_	linguistic	_	none	_	_	_	_	_	_
392-4	TO095	392	392	4	zona	zona	_	_	_	_	_	linguistic	_	none	_	_	_	_	_	_
392-5	TO095	392	392	5	sta?	sta	_	_	_	_	_	linguistic	_	none	Intonation=Rising	End=742.198	_	_	_	_
393-0	TO091	393	393	0	sta	sta	_	_	_	_	_	linguistic	_	none	_	Begin=742.519	_	_	_	_
393-1	TO091	393	393	1	'n	'n	_	_	_	_	_	linguistic	_	none	Truncated=Yes	_	_	_	_	_
393-2	TO091	393	393	2	barriera	barriera	_	_	_	_	_	linguistic	_	none	_	_	_	_	_	_
393-3	TO091	393	393	3	praticamente,	praticamente	_	_	_	_	_	linguistic	_	none	Intonation=WeaklyRising	_	_	_	_	_
393-4	TO091	393	393	4	dopo	dopo	_	_	_	_	_	linguistic	_	none	_	_	_	_	_	_
393-5	TO091	393	393	5	il	il	_	_	_	_	_	linguistic	_	none	_	_	_	_	_	_
393-6	TO091	393	393	6	cimitero.	cimitero	_	_	_	_	_	linguistic	_	none	Intonation=Falling	End=745.04	_	_	_	_
394-0	TO085	394	394	0	manituana?	manituana	_	_	_	_	_	linguistic	_	none	Intonation=Rising	Begin=745.244|End=746.087	_	_	_	_
395-0	TO095	395	395	0	xxx	xxx	_	_	_	_	_	unknown	_	none	Syllables=3	Begin=748.63	_	_	_	_
395-1	TO095	395	395	1	verso	verso	_	_	_	_	_	linguistic	_	none	_	_	_	_	_	_
395-2	TO095	395	395	2	di	di	_	_	_	_	_	linguistic	_	none	_	_	_	_	_	_
395-3	TO095	395	395	3	là,	là	_	_	_	_	_	linguistic	_	none	Intonation=WeaklyRising	End=749.509	_	_	_	_
396-0	???	396	396	0	no	no	_	_	_	_	_	linguistic	_	none	_	Begin=750.434	_	_	_	_
396-1	???	396	396	1	sta::,	sta	_	_	_	_	_	linguistic	_	none	Intonation=WeaklyRising	_	2x2	_	_	_
396-2	???	396	396	2	di	di	_	_	_	_	_	linguistic	_	none	_	_	_	_	_	_
396-3	???	396	396	3	fronte	fronte	_	_	_	_	_	linguistic	_	none	_	_	_	_	_	_
396-4	???	396	396	4	al	al	_	_	_	_	_	linguistic	_	none	_	_	_	_	_	_
396-5	???	396	396	5	cimitero.	cimitero	_	_	_	_	_	linguistic	_	none	Intonation=Falling	End=751.963	_	_	_	_
397-0	TO095	397	397	0	eh	eh	_	_	_	_	_	linguistic	_	none	_	Begin=752.213	_	_	_	_
397-1	TO095	397	397	1	di	di	_	_	_	_	_	linguistic	_	none	_	_	_	_	_	_
397-2	TO095	397	397	2	qua,	qua	_	_	_	_	_	linguistic	_	none	Intonation=WeaklyRising	End=752.807	_	_	_	_
398-0	???	398	398	0	sì	sì	_	_	_	_	_	linguistic	_	none	_	Begin=752.807	_	_	_	_
398-1	???	398	398	1	è	è	_	_	_	_	_	linguistic	_	none	_	_	_	_	_	_
398-2	???	398	398	2	barriera,	barriera	_	_	_	_	_	linguistic	_	none	Intonation=WeaklyRising	_	_	_	_	_
398-3	???	398	398	3	vicino	vicino	_	_	_	_	_	linguistic	_	none	_	_	_	_	_	_
398-4	???	398	398	4	a	a	_	_	_	_	_	linguistic	_	none	_	_	_	_	_	_
398-5	???	398	398	5	corso	corso	_	_	_	_	_	linguistic	_	none	_	_	_	_	_	_
398-6	???	398	398	6	novara	novara	_	_	_	_	_	linguistic	_	none	_	End=754.825	_	_	_	_
399-0	TO091	399	399	0	[è	è	_	_	_	_	_	linguistic	_	none	_	Begin=754.917	_	_	_	0-1(?)
399-1	TO091	399	399	1	xxx	xxx	_	_	_	_	_	unknown	_	none	Syllables=3	_	_	_	_	0-3(?)
399-2	TO091	399	399	2	dall'	dall'	_	_	_	_	_	linguistic	_	none	SpaceAfter=No	_	_	_	_	0-5(?)
399-3	TO091	399	399	3	altro	altro	_	_	_	_	_	linguistic	_	none	_	_	_	_	_	0-5(?)
399-4	TO091	399	399	4	lato,	lato	_	_	_	_	_	linguistic	_	none	Intonation=WeaklyRising|PauseAfter=Yes	_	_	_	_	0-4(?)
399-5	TO091	399	399	5	{P}	{P}	_	_	_	_	_	shortpause	_	none	_	_	_	_	_	0-3(?)
399-6	TO091	399	399	6	non	non	_	_	_	_	_	linguistic	_	none	_	_	_	_	_	0-3(?)
399-7	TO091	399	399	7	è	è	_	_	_	_	_	linguistic	_	none	_	_	_	_	_	0-1(?)
399-8	TO091	399	399	8	dal	dal	_	_	_	_	_	linguistic	_	none	_	_	_	_	_	0-3(?)
399-9	TO091	399	399	9	lato	lato	_	_	_	_	_	linguistic	_	none	_	_	_	_	_	0-4(?)
399-10	TO091	399	399	10	mio	mio	_	_	_	_	_	linguistic	_	none	_	_	_	_	_	0-3(?)
399-11	TO091	399	399	11	xxx]	xxx	_	_	_	_	_	unknown	_	none	Syllables=3	End=759.66	_	_	_	0-3(?)
400-0	???	400	400	0	[no	no	_	_	_	_	_	linguistic	_	none	_	Begin=755.898	_	_	_	0-2(87)
400-1	???	400	400	1	è	è	_	_	_	_	_	linguistic	_	none	_	_	_	_	_	0-1(87)
400-2	???	400	400	2	aurora]	aurora	_	_	_	_	_	linguistic	_	none	_	End=756.831	_	_	_	0-6(87)
401-0	???	401	401	0	[no	no	_	_	_	_	_	linguistic	_	none	_	Begin=758.887	_	_	_	0-2(88)
401-1	???	401	401	1	è]	è	_	_	_	_	_	linguistic	_	none	_	_	_	_	_	0-1(88)
401-2	???	401	401	2	aurora	aurora	_	_	_	_	_	linguistic	_	none	_	_	_	_	_	_
401-3	???	401	401	3	rega	rega	_	_	_	_	_	linguistic	_	none	_	End=760.559	_	_	_	_
402-0	???	402	402	0	l'	l'	_	_	_	_	_	linguistic	_	none	SpaceAfter=No	Begin=760.89	_	_	_	_
402-1	???	402	402	1	entrata	entrata	_	_	_	_	_	linguistic	_	none	_	_	_	_	_	_
402-2	???	402	402	2	però	però	_	_	_	_	_	linguistic	_	none	_	_	_	_	_	_
402-3	???	402	402	3	è	è	_	_	_	_	_	linguistic	_	none	_	_	_	_	_	_
402-4	???	402	402	4	dalla	dalla	_	_	_	_	_	linguistic	_	none	_	_	_	_	_	_
402-5	???	402	402	5	parte	parte	_	_	_	_	_	linguistic	_	none	_	_	_	_	_	_
402-6	???	402	402	6	opposta	opposta	_	_	_	_	_	linguistic	_	none	_	_	_	_	_	_
402-7	???	402	402	7	di	di	_	_	_	_	_	linguistic	_	none	_	_	_	_	_	_
402-8	???	402	402	8	corso	corso	_	_	_	_	_	linguistic	_	none	_	_	_	_	_	_
402-9	???	402	402	9	novara.	novara	_	_	_	_	_	linguistic	_	none	Intonation=Falling	End=763.348	_	_	_	_
403-0	TO091	403	403	0	vabbè	vabbè	_	_	_	_	_	linguistic	_	none	_	Begin=764.49	_	_	_	_
403-1	TO091	403	403	1	noi	noi	_	_	_	_	_	linguistic	_	none	_	_	_	_	_	_
403-2	TO091	403	403	2	dal	dal	_	_	_	_	_	linguistic	_	none	_	_	_	_	_	_
403-3	TO091	403	403	3	bunker	bunker	_	_	_	_	_	linguistic	_	none	_	_	_	_	_	_
403-4	TO091	403	403	4	a	a	_	_	_	_	_	linguistic	_	none	_	_	_	_	_	_
403-5	TO091	403	403	5	piedi,	piedi	_	_	_	_	_	linguistic	_	none	Intonation=WeaklyRising	_	_	_	_	_
403-6	TO091	403	403	6	il	il	_	_	_	_	_	linguistic	_	none	_	_	_	_	_	_
403-7	TO091	403	403	7	bunker	bunker	_	_	_	_	_	linguistic	_	none	_	_	_	_	_	_
403-8	TO091	403	403	8	è	è	_	_	_	_	_	linguistic	_	none	_	_	_	_	_	_
403-9	TO091	403	403	9	in	in	_	_	_	_	_	linguistic	_	none	_	_	_	_	_	_
403-10	TO091	403	403	10	barriera.	barriera	_	_	_	_	_	linguistic	_	none	Intonation=Falling	End=767.018	_	_	_	_
404-0	TO091	404	404	0	da	da	_	_	_	_	_	linguistic	_	none	_	Begin=767.318	_	_	_	_
404-1	TO091	404	404	1	lì	lì	_	_	_	_	_	linguistic	_	none	_	_	_	_	_	_
404-2	TO091	404	404	2	a	a	_	_	_	_	_	linguistic	_	none	_	_	_	_	_	_
404-3	TO091	404	404	3	piedi	piedi	_	_	_	_	_	linguistic	_	none	_	_	_	_	_	_
404-4	TO091	404	404	4	c'	c'	_	_	_	_	_	linguistic	_	none	SpaceAfter=No	_	_	_	_	_
404-5	TO091	404	404	5	avem	avem	_	_	_	_	_	linguistic	_	none	_	_	_	_	_	_
404-6	TO091	404	404	6	messo	messo	_	_	_	_	_	linguistic	_	none	_	_	_	_	_	_
404-7	TO091	404	404	7	dieci	dieci	_	_	_	_	_	linguistic	_	none	_	_	_	_	_	_
404-8	TO091	404	404	8	minuti.	minuti	_	_	_	_	_	linguistic	_	none	Intonation=Falling	End=769.14	_	_	_	_
405-0	TO085	405	405	0	va	va	_	_	_	_	_	linguistic	_	none	_	Begin=771.79	_	_	_	_
405-1	TO085	405	405	1	bene.	bene	_	_	_	_	_	linguistic	_	none	Intonation=Falling	End=772.33	_	_	_	_
406-0	TO085	406	406	0	io	io	_	_	_	_	_	linguistic	_	none	_	Begin=772.633	_	_	_	_
406-1	TO085	406	406	1	mi	mi	_	_	_	_	_	linguistic	_	none	_	_	_	_	_	_
406-2	TO085	406	406	2	sa	sa	_	_	_	_	_	linguistic	_	none	_	_	_	_	_	_
406-3	TO085	406	406	3	che	che	_	_	_	_	_	linguistic	_	none	_	_	_	_	_	_
406-4	TO085	406	406	4	devo	devo	_	_	_	_	_	linguistic	_	none	_	_	_	_	_	_
406-5	TO085	406	406	5	andare	andare	_	_	_	_	_	linguistic	_	none	_	End=773.76	_	_	_	_
407-0	TO085	407	407	0	grazie	grazie	_	_	_	_	_	linguistic	_	none	_	Begin=776.69	_	_	_	_
407-1	TO085	407	407	1	eh,	eh	_	_	_	_	_	linguistic	_	none	Intonation=WeaklyRising	End=777.49	_	_	_	_
408-0	TO085	408	408	0	oh	oh	_	_	_	_	_	linguistic	_	none	_	Begin=779.25	_	_	_	_
408-1	TO085	408	408	1	no,	no	_	_	_	_	_	linguistic	_	none	Intonation=WeaklyRising	_	_	_	_	_
408-2	TO085	408	408	2	mi	mi	_	_	_	_	_	linguistic	_	none	_	_	_	_	_	_
408-3	TO085	408	408	3	è	è	_	_	_	_	_	linguistic	_	none	_	_	_	_	_	_
408-4	TO085	408	408	4	caduta	caduta	_	_	_	_	_	linguistic	_	none	_	_	_	_	_	_
408-5	TO085	408	408	5	la	la	_	_	_	_	_	linguistic	_	none	_	_	_	_	_	_
408-6	TO085	408	408	6	siga	siga	_	_	_	_	_	linguistic	_	none	_	End=781.096	_	_	_	_
409-0	TO085	409	409	0	c(io)è	cioè	_	_	_	_	_	linguistic	_	none	Reduced=Yes	Begin=781.64	_	_	_	_
409-1	TO085	409	409	1	era	era	_	_	_	_	_	linguistic	_	none	_	_	_	_	_	_
409-2	TO085	409	409	2	spenta	spenta	_	_	_	_	_	linguistic	_	none	_	_	_	_	_	_
409-3	TO085	409	409	3	eh,	eh	_	_	_	_	_	linguistic	_	none	Intonation=WeaklyRising	_	_	_	_	_
409-4	TO085	409	409	4	però,	però	_	_	_	_	_	linguistic	_	none	Intonation=WeaklyRising	_	_	_	_	_
409-5	TO085	409	409	5	era	era	_	_	_	_	_	linguistic	_	none	_	_	_	_	_	_
409-6	TO085	409	409	6	finita.	finita	_	_	_	_	_	linguistic	_	none	Intonation=Falling	End=783.8	_	_	_	_
