token_id	speaker	tu_id	id	span	form	lemma	upos	xpos	feats	deprel	type	meta_label	variation	jefferson_feats	align	prolongations	pace	guesses	overlaps
0-0	TO034	0	0	te	te	_	_	_	_	_	linguistic	_	none	_	Begin=2.765	_	_	_	_
0-1	TO034	0	1	la	la	_	_	_	_	_	linguistic	_	none	_	_	_	_	_	_
0-2	TO034	0	2	metto	metto	_	_	_	_	_	linguistic	_	none	_	_	_	_	_	_
0-3	TO034	0	3	qui	qui	_	_	_	_	_	linguistic	_	none	_	_	_	_	_	_
0-4	TO034	0	4	poi	poi	_	_	_	_	_	linguistic	_	none	_	_	_	_	_	_
0-5	TO034	0	5	si	si	_	_	_	_	_	linguistic	_	none	_	_	_	_	_	_
0-6	TO034	0	6	sente	sente	_	_	_	_	_	linguistic	_	none	_	_	_	_	_	_
0-7	TO034	0	7	molto	molto	_	_	_	_	_	linguistic	_	none	_	_	_	_	_	_
0-8	TO034	0	8	di	di	_	_	_	_	_	linguistic	_	none	_	_	_	_	_	_
0-9	TO034	0	9	più	più	_	_	_	_	_	linguistic	_	none	_	_	_	_	_	_
0-10	TO034	0	10	la	la	_	_	_	_	_	linguistic	_	none	_	_	_	_	_	_
0-11	TO034	0	11	mia	mia	_	_	_	_	_	linguistic	_	none	_	_	_	_	_	_
0-12	TO034	0	12	voce	voce	_	_	_	_	_	linguistic	_	none	_	_	_	_	_	_
0-13	TO034	0	13	che	che	_	_	_	_	_	linguistic	_	none	_	_	_	_	_	_
0-14	TO034	0	14	la	la	_	_	_	_	_	linguistic	_	none	_	_	_	_	_	_
0-15	TO034	0	15	voce	voce	_	_	_	_	_	linguistic	_	none	_	_	_	_	_	_
0-16	TO034	0	16	di	di	_	_	_	_	_	linguistic	_	none	_	_	_	_	_	_
0-17	TO034	0	17	vabbè	vabbè	_	_	_	_	_	linguistic	_	none	_	_	_	_	_	_
0-18	TO034	0	18	[comunque]	comunque	_	_	_	_	_	linguistic	_	none	_	End=7.19	_	_	_	0-8(0)
1-0	TO033	1	0	[beh	beh	_	_	_	_	_	linguistic	_	none	_	Begin=6.059	_	_	_	0-3(0)
1-1	TO033	1	1	possiamo	possiamo	_	_	_	_	_	linguistic	_	none	_	_	_	_	_	0-8(0)
1-2	TO033	1	2	parla]re	parlare	_	_	_	_	_	linguistic	_	none	_	_	_	_	_	0-5(0)
1-3	TO033	1	3	delle	delle	_	_	_	_	_	linguistic	_	none	_	_	_	_	_	_
1-4	TO033	1	4	recenti	recenti	_	_	_	_	_	linguistic	_	none	_	End=9.224	_	_	_	_
2-0	TO033	2	0	informazioni	informazioni	_	_	_	_	_	linguistic	_	none	_	Begin=10.937	_	_	_	_
2-1	TO033	2	1	che	che	_	_	_	_	_	linguistic	_	none	_	_	_	_	_	_
2-2	TO033	2	2	ci	ci	_	_	_	_	_	linguistic	_	none	_	_	_	_	_	_
2-3	TO033	2	3	sono	sono	_	_	_	_	_	linguistic	_	none	_	_	_	_	_	_
2-4	TO033	2	4	pervenute	pervenute	_	_	_	_	_	linguistic	_	none	_	_	_	_	_	_
2-5	TO033	2	5	anzi	anzi	_	_	_	_	_	linguistic	_	none	_	_	_	_	_	_
2-6	TO033	2	6	che	che	_	_	_	_	_	linguistic	_	none	_	_	_	_	_	_
2-7	TO033	2	7	mi	mi	_	_	_	_	_	linguistic	_	none	_	_	_	_	_	_
2-8	TO033	2	8	sono	sono	_	_	_	_	_	linguistic	_	none	_	_	_	_	_	_
2-9	TO033	2	9	pervenute	pervenute	_	_	_	_	_	linguistic	_	none	_	_	_	_	_	_
2-10	TO033	2	10	sottobanco	sottobanco	_	_	_	_	_	linguistic	_	none	_	End=15.37	_	_	_	_
3-0	TO029	3	0	ma	ma	_	_	_	_	_	linguistic	_	none	_	Begin=15.747	_	_	_	_
3-1	TO029	3	1	infatti	infatti	_	_	_	_	_	linguistic	_	none	_	_	_	_	_	_
3-2	TO029	3	2	xxxx	xxxx	_	_	_	_	_	unknown	_	none	Syllables=4	_	_	_	_	_
3-3	TO029	3	3	una	una	_	_	_	_	_	linguistic	_	none	_	_	_	_	_	_
3-4	TO029	3	4	cosa:::	cosa	_	_	_	_	_	linguistic	_	none	_	End=18.653	3x3	_	_	_
4-0	TO033	4	0	no	no	_	_	_	_	_	linguistic	_	none	_	Begin=18.657	_	_	_	_
4-1	TO033	4	1	vabbè	vabbè	_	_	_	_	_	linguistic	_	none	_	_	_	_	_	_
4-2	TO033	4	2	poi	poi	_	_	_	_	_	linguistic	_	none	_	_	_	_	_	_
4-3	TO033	4	3	a	a	_	_	_	_	_	linguistic	_	none	_	_	_	_	_	_
4-4	TO033	4	4	me	me	_	_	_	_	_	linguistic	_	none	_	_	_	_	_	_
4-5	TO033	4	5	non	non	_	_	_	_	_	linguistic	_	none	_	_	_	_	_	_
4-6	TO033	4	6	me	me	_	_	_	_	_	linguistic	_	none	_	_	_	_	_	_
4-7	TO033	4	7	ne	ne	_	_	_	_	_	linguistic	_	none	_	_	_	_	_	_
4-8	TO033	4	8	frega	frega	_	_	_	_	_	linguistic	_	none	_	_	_	_	_	_
4-9	TO033	4	9	niente	niente	_	_	_	_	_	linguistic	_	none	_	_	_	_	_	_
4-10	TO033	4	10	nel	nel	_	_	_	_	_	linguistic	_	none	_	_	_	_	_	_
4-11	TO033	4	11	senso	senso	_	_	_	_	_	linguistic	_	none	_	_	_	_	_	_
4-12	TO033	4	12	che	che	_	_	_	_	_	linguistic	_	none	_	_	_	_	_	_
4-13	TO033	4	13	per	per	_	_	_	_	_	linguistic	_	none	_	_	_	_	_	_
4-14	TO033	4	14	me:::	me	_	_	_	_	_	linguistic	_	none	_	End=21.619	1x3	_	_	_
5-0	TO033	5	0	cioè	cioè	_	_	_	_	_	linguistic	_	none	_	Begin=22.429|End=22.792	_	_	_	_
6-0	TO033	6	0	mi	mi	_	_	_	_	_	linguistic	_	none	_	Begin=23.717	_	_	_	_
6-1	TO033	6	1	prendo	prendo	_	_	_	_	_	linguistic	_	none	_	_	_	_	_	_
6-2	TO033	6	2	tutte	tutte	_	_	_	_	_	linguistic	_	none	_	_	_	_	_	_
6-3	TO033	6	3	le	le	_	_	_	_	_	linguistic	_	none	_	_	_	_	_	_
6-4	TO033	6	4	responsabilità	responsabilità	_	_	_	_	_	linguistic	_	none	_	_	_	_	_	_
6-5	TO033	6	5	[del	del	_	_	_	_	_	linguistic	_	none	_	_	_	_	_	0-3(1)
6-6	TO033	6	6	caso]	caso	_	_	_	_	_	linguistic	_	none	_	End=25.911	_	_	_	0-4(1)
7-0	TO029	7	0	[ma	ma	_	_	_	_	_	linguistic	_	none	_	Begin=25.33	_	_	_	0-2(1)
7-1	TO029	7	1	che	che	_	_	_	_	_	linguistic	_	none	_	_	_	_	_	0-3(1)
7-2	TO029	7	2	è	è	_	_	_	_	_	linguistic	_	none	_	_	_	_	_	0-1(1)
7-3	TO029	7	3	succe]sso?	successo	_	_	_	_	_	linguistic	_	none	Intonation=Rising	End=26.127	_	_	_	0-5(1)
8-0	TO033	8	0	praticamente	praticamente	_	_	_	_	_	linguistic	_	none	_	Begin=27.048	_	_	_	_
8-1	TO033	8	1	m:::h	mh	_	_	_	_	_	linguistic	_	none	_	End=28.912	0x3	_	_	_
9-0	TO033	9	0	la	la	_	_	_	_	_	linguistic	_	none	_	Begin=30.281	_	_	_	_
9-1	TO033	9	1	scorsa	scorsa	_	_	_	_	_	linguistic	_	none	_	_	_	_	_	_
9-2	TO033	9	2	settimana	settimana	_	_	_	_	_	linguistic	_	none	_	_	_	_	_	_
9-3	TO033	9	3	dopo	dopo	_	_	_	_	_	linguistic	_	none	_	_	_	_	_	_
9-4	TO033	9	4	che	che	_	_	_	_	_	linguistic	_	none	_	_	_	_	_	_
9-5	TO033	9	5	ho	ho	_	_	_	_	_	linguistic	_	none	_	_	_	_	_	_
9-6	TO033	9	6	dato	dato	_	_	_	_	_	linguistic	_	none	_	_	_	_	_	_
9-7	TO033	9	7	l'	l'	_	_	_	_	_	linguistic	_	none	SpaceAfter=No	_	_	_	_	_
9-8	TO033	9	8	esame	esame	_	_	_	_	_	linguistic	_	none	_	_	_	_	_	_
9-9	TO033	9	9	sono	sono	_	_	_	_	_	linguistic	_	none	_	_	_	_	_	_
9-10	TO033	9	10	andata	andata	_	_	_	_	_	linguistic	_	none	_	_	_	_	_	_
9-11	TO033	9	11	da	da	_	_	_	_	_	linguistic	_	none	_	_	_	_	_	_
9-12	TO033	9	12	lucilla,	lucilla	_	_	_	_	_	linguistic	_	none	Intonation=WeaklyRising	End=33.085	_	_	_	_
10-0	TO033	10	0	e:::	e	_	_	_	_	_	linguistic	_	none	_	Begin=33.793|End=34.134	0x3	_	_	_
11-0	TO029	11	0	a	a	_	_	_	_	_	linguistic	_	none	_	Begin=34.127	_	_	_	_
11-1	TO029	11	1	mila[no]?	milano	_	_	_	_	_	linguistic	_	none	Intonation=Rising	End=34.757	_	_	_	4-6(3)
12-0	TO034	12	0	[a	a	_	_	_	_	_	linguistic	_	none	_	Begin=34.598	_	_	_	0-1(3)
12-1	TO034	12	1	mi]lano	milano	_	_	_	_	_	linguistic	_	none	_	End=35.2	_	_	_	0-2(3)
13-0	TO033	13	0	e::	e	_	_	_	_	_	linguistic	_	none	_	Begin=36.266	0x2	_	_	_
13-1	TO033	13	1	ci	ci	_	_	_	_	_	linguistic	_	none	_	_	_	_	_	_
13-2	TO033	13	2	siam	siam	_	_	_	_	_	linguistic	_	none	_	_	_	_	_	_
13-3	TO033	13	3	bevute::	bevute	_	_	_	_	_	linguistic	_	none	_	_	5x2	_	_	_
13-4	TO033	13	4	due	due	_	_	_	_	_	linguistic	_	none	_	_	_	_	_	_
13-5	TO033	13	5	birre	birre	_	_	_	_	_	linguistic	_	none	_	_	_	_	_	_
13-6	TO033	13	6	così	così	_	_	_	_	_	linguistic	_	none	_	End=39.002	_	_	_	_
14-0	TO033	14	0	[e:::]	e	_	_	_	_	_	linguistic	_	none	_	Begin=39.412|End=40.31	0x3	_	_	0-1(4)
15-0	TO034	15	0	[poi]	poi	_	_	_	_	_	linguistic	_	none	_	Begin=39.769	_	_	_	0-3(4)
15-1	TO034	15	1	vi	vi	_	_	_	_	_	linguistic	_	none	_	_	_	_	_	_
15-2	TO034	15	2	siete	siete	_	_	_	_	_	linguistic	_	none	_	_	_	_	_	_
15-3	TO034	15	3	lasciate	lasciate	_	_	_	_	_	linguistic	_	none	_	_	_	_	_	_
15-4	TO034	15	4	andare,	andare	_	_	_	_	_	linguistic	_	none	Intonation=WeaklyRising	End=40.964	_	_	_	_
16-0	TO033	16	0	e	e	_	_	_	_	_	linguistic	_	none	_	Begin=40.969	_	_	_	_
16-1	TO033	16	1	riflettevamo	riflettevamo	_	_	_	_	_	linguistic	_	none	_	_	_	_	_	_
16-2	TO033	16	2	sul	sul	_	_	_	_	_	linguistic	_	none	_	_	_	_	_	_
16-3	TO033	16	3	futuro	futuro	_	_	_	_	_	linguistic	_	none	_	_	_	_	_	_
16-4	TO033	16	4	precario	precario	_	_	_	_	_	linguistic	_	none	_	_	_	_	_	_
16-5	TO033	16	5	che	che	_	_	_	_	_	linguistic	_	none	_	_	_	_	_	_
16-6	TO033	16	6	ci	ci	_	_	_	_	_	linguistic	_	none	_	_	_	_	_	_
16-7	TO033	16	7	aspetta,	aspetta	_	_	_	_	_	linguistic	_	none	Intonation=WeaklyRising	End=44.447	_	_	_	_
17-0	TO033	17	0	e:::hm	ehm	_	_	_	_	_	linguistic	_	none	_	Begin=45.49|End=46.298	0x3	_	_	_
18-0	TO033	18	0	e	e	_	_	_	_	_	linguistic	_	none	_	Begin=46.967	_	_	_	_
18-1	TO033	18	1	lei	lei	_	_	_	_	_	linguistic	_	none	_	_	_	_	_	_
18-2	TO033	18	2	mi	mi	_	_	_	_	_	linguistic	_	none	_	_	_	_	_	_
18-3	TO033	18	3	ha	ha	_	_	_	_	_	linguistic	_	none	_	_	_	_	_	_
18-4	TO033	18	4	detto:::	detto	_	_	_	_	_	linguistic	_	none	_	End=48.67	4x3	_	_	_
19-0	TO033	19	0	che:::	che	_	_	_	_	_	linguistic	_	none	_	Begin=49.728	2x3	_	_	_
19-1	TO033	19	1	che	che	_	_	_	_	_	linguistic	_	none	_	_	_	_	_	_
19-2	TO033	19	2	marina	marina	_	_	_	_	_	linguistic	_	none	_	_	_	_	_	_
19-3	TO033	19	3	aveva	aveva	_	_	_	_	_	linguistic	_	none	_	_	_	_	_	_
19-4	TO033	19	4	parlato	parlato	_	_	_	_	_	linguistic	_	none	_	_	_	_	_	_
19-5	TO033	19	5	con	con	_	_	_	_	_	linguistic	_	none	_	_	_	_	_	_
19-6	TO033	19	6	con	con	_	_	_	_	_	linguistic	_	none	_	_	_	_	_	_
19-7	TO033	19	7	la	la	_	_	_	_	_	linguistic	_	none	_	_	_	_	_	_
19-8	TO033	19	8	rossi	rossi	_	_	_	_	_	linguistic	_	none	_	End=52.923	_	_	_	_
20-0	TO033	20	0	e:::h	eh	_	_	_	_	_	linguistic	_	none	_	Begin=54.156	0x3	_	_	_
20-1	TO033	20	1	la	la	_	_	_	_	_	linguistic	_	none	_	_	_	_	_	_
20-2	TO033	20	2	quale	quale	_	_	_	_	_	linguistic	_	none	_	_	_	_	_	_
20-3	TO033	20	3	le	le	_	_	_	_	_	linguistic	_	none	_	_	_	_	_	_
20-4	TO033	20	4	aveva	aveva	_	_	_	_	_	linguistic	_	none	_	_	_	_	_	_
20-5	TO033	20	5	detto:::	detto	_	_	_	_	_	linguistic	_	none	_	_	4x3	_	_	_
20-6	TO033	20	6	tipo::	tipo	_	_	_	_	_	linguistic	_	none	_	End=56.893	3x2	_	_	_
21-0	TO033	21	0	che	che	_	_	_	_	_	linguistic	_	none	_	Begin=57.765	_	_	_	_
21-1	TO033	21	1	se	se	_	_	_	_	_	linguistic	_	none	_	_	_	_	_	_
21-2	TO033	21	2	lei	lei	_	_	_	_	_	linguistic	_	none	_	_	_	_	_	_
21-3	TO033	21	3	voleva	voleva	_	_	_	_	_	linguistic	_	none	_	_	_	_	_	_
21-4	TO033	21	4	fare	fare	_	_	_	_	_	linguistic	_	none	_	_	_	_	_	_
21-5	TO033	21	5	un	un	_	_	_	_	_	linguistic	_	none	_	_	_	_	_	_
21-6	TO033	21	6	dottorato::	dottorato	_	_	_	_	_	linguistic	_	none	_	_	8x2	_	_	_
21-7	TO033	21	7	lei	lei	_	_	_	_	_	linguistic	_	none	_	_	_	_	_	_
21-8	TO033	21	8	poteva:::	poteva	_	_	_	_	_	linguistic	_	none	_	_	5x3	_	_	_
21-9	TO033	21	9	farglielo	farglielo	_	_	_	_	_	linguistic	_	none	_	_	_	_	_	_
21-10	TO033	21	10	avere,	avere	_	_	_	_	_	linguistic	_	none	Intonation=WeaklyRising	End=62.023	_	_	_	_
22-0	TO033	22	0	parlando	parlando	_	_	_	_	_	linguistic	_	none	_	Begin=62.435	_	_	_	_
22-1	TO033	22	1	con	con	_	_	_	_	_	linguistic	_	none	_	_	_	_	_	_
22-2	TO033	22	2	verdi	verdi	_	_	_	_	_	linguistic	_	none	_	End=63.599	_	_	_	_
23-0	TO033	23	0	e::	e	_	_	_	_	_	linguistic	_	none	_	Begin=64.182	0x2	_	_	_
23-1	TO033	23	1	per	per	_	_	_	_	_	linguistic	_	none	_	_	_	_	_	_
23-2	TO033	23	2	avere	avere	_	_	_	_	_	linguistic	_	none	_	_	_	_	_	_
23-3	TO033	23	3	un	un	_	_	_	_	_	linguistic	_	none	_	_	_	_	_	_
23-4	TO033	23	4	dottorato	dottorato	_	_	_	_	_	linguistic	_	none	_	_	_	_	_	_
23-5	TO033	23	5	alla	alla	_	_	_	_	_	linguistic	_	none	_	_	_	_	_	_
23-6	TO033	23	6	[xxx]	xxx	_	_	_	_	_	unknown	_	none	Syllables=3	End=66.478	_	_	_	0-3(5)
24-0	TO034	24	0	[no	no	_	_	_	_	_	linguistic	_	none	_	Begin=65.567	_	_	_	0-2(5)
24-1	TO034	24	1	no	no	_	_	_	_	_	linguistic	_	none	_	_	_	_	_	0-2(5)
24-2	TO034	24	2	no]	no	_	_	_	_	_	linguistic	_	none	_	End=66.483	_	_	_	0-2(5)
25-0	TO034	25	0	cioè	cioè	_	_	_	_	_	linguistic	_	none	_	Begin=67.028	_	_	_	_
25-1	TO034	25	1	sì	sì	_	_	_	_	_	linguistic	_	none	_	_	_	_	_	_
25-2	TO034	25	2	no	no	_	_	_	_	_	linguistic	_	none	_	_	_	_	_	_
25-3	TO034	25	3	no	no	_	_	_	_	_	linguistic	_	none	_	_	_	_	_	_
25-4	TO034	25	4	no	no	_	_	_	_	_	linguistic	_	none	_	_	_	_	_	_
25-5	TO034	25	5	no	no	_	_	_	_	_	linguistic	_	none	_	End=68.05	_	_	_	_
26-0	TO033	26	0	e:::hm	ehm	_	_	_	_	_	linguistic	_	none	_	Begin=68.206|End=69.187	0x3	_	_	_
27-0	TO033	27	0	e	e	_	_	_	_	_	linguistic	_	none	_	Begin=69.722	_	_	_	_
27-1	TO033	27	1	che	che	_	_	_	_	_	linguistic	_	none	_	_	_	_	_	_
27-2	TO033	27	2	però	però	_	_	_	_	_	linguistic	_	none	_	_	_	_	_	_
27-3	TO033	27	3	forse	forse	_	_	_	_	_	linguistic	_	none	_	_	_	_	_	_
27-4	TO033	27	4	a	a	_	_	_	_	_	linguistic	_	none	_	_	_	_	_	_
27-5	TO033	27	5	quel	quel	_	_	_	_	_	linguistic	_	none	_	_	_	_	_	_
27-6	TO033	27	6	punto	punto	_	_	_	_	_	linguistic	_	none	_	_	_	_	_	_
27-7	TO033	27	7	per	per	_	_	_	_	_	linguistic	_	none	_	_	_	_	_	_
27-8	TO033	27	8	avere	avere	_	_	_	_	_	linguistic	_	none	_	_	_	_	_	_
27-9	TO033	27	9	un	un	_	_	_	_	_	linguistic	_	none	_	_	_	_	_	_
27-10	TO033	27	10	dottorato	dottorato	_	_	_	_	_	linguistic	_	none	_	_	_	_	_	_
27-11	TO033	27	11	di	di	_	_	_	_	_	linguistic	_	none	_	_	_	_	_	_
27-12	TO033	27	12	questo	questo	_	_	_	_	_	linguistic	_	none	_	_	_	_	_	_
27-13	TO033	27	13	tipo	tipo	_	_	_	_	_	linguistic	_	none	_	_	_	_	_	_
27-14	TO033	27	14	di	di	_	_	_	_	_	linguistic	_	none	_	_	_	_	_	_
27-15	TO033	27	15	quel	quel	_	_	_	_	_	linguistic	_	none	_	_	_	_	_	_
27-16	TO033	27	16	tipo	tipo	_	_	_	_	_	linguistic	_	none	_	_	_	_	_	_
27-17	TO033	27	17	(che	che	_	_	_	_	_	linguistic	_	none	_	_	_	_	0-3(0)	_
27-18	TO033	27	18	non	non	_	_	_	_	_	linguistic	_	none	_	_	_	_	0-3(0)	_
27-19	TO033	27	19	so)	so	_	_	_	_	_	linguistic	_	none	_	_	_	_	0-2(0)	_
27-20	TO033	27	20	che	che	_	_	_	_	_	linguistic	_	none	_	_	_	_	_	_
27-21	TO033	27	21	tipo	tipo	_	_	_	_	_	linguistic	_	none	_	_	_	_	_	_
27-22	TO033	27	22	sia,	sia	_	_	_	_	_	linguistic	_	none	Intonation=WeaklyRising	End=77.33	_	_	_	_
28-0	TO033	28	0	e:::hm	ehm	_	_	_	_	_	linguistic	_	none	_	Begin=78.039|End=79.028	0x3	_	_	_
29-0	TO033	29	0	forse:::	forse	_	_	_	_	_	linguistic	_	none	_	Begin=80.175	4x3	_	_	_
29-1	TO033	29	1	non	non	_	_	_	_	_	linguistic	_	none	_	_	_	_	_	_
29-2	TO033	29	2	andava	andava	_	_	_	_	_	linguistic	_	none	_	_	_	_	_	_
29-3	TO033	29	3	tanto	tanto	_	_	_	_	_	linguistic	_	none	_	_	_	_	_	_
29-4	TO033	29	4	bene	bene	_	_	_	_	_	linguistic	_	none	_	_	_	_	_	_
29-5	TO033	29	5	fare	fare	_	_	_	_	_	linguistic	_	none	_	_	_	_	_	_
29-6	TO033	29	6	una	una	_	_	_	_	_	linguistic	_	none	_	_	_	_	_	_
29-7	TO033	29	7	ricerca:::	ricerca	_	_	_	_	_	linguistic	_	none	_	End=83.392	6x3	_	_	_
30-0	TO033	30	0	comparata	comparata	_	_	_	_	_	linguistic	_	none	_	Begin=83.892	_	_	_	_
30-1	TO033	30	1	tra	tra	_	_	_	_	_	linguistic	_	none	_	_	_	_	_	_
30-2	TO033	30	2	sudafrica	sudafrica	_	_	_	_	_	linguistic	_	none	_	_	_	_	_	_
30-3	TO033	30	3	e	e	_	_	_	_	_	linguistic	_	none	_	_	_	_	_	_
30-4	TO033	30	4	marocco,	marocco	_	_	_	_	_	linguistic	_	none	Intonation=WeaklyRising	End=86.499	_	_	_	_
31-0	TO033	31	0	e	e	_	_	_	_	_	linguistic	_	none	_	Begin=86.893	_	_	_	_
31-1	TO033	31	1	quindi	quindi	_	_	_	_	_	linguistic	_	none	_	_	_	_	_	_
31-2	TO033	31	2	forse	forse	_	_	_	_	_	linguistic	_	none	_	_	_	_	_	_
31-3	TO033	31	3	vale	vale	_	_	_	_	_	linguistic	_	none	_	_	_	_	_	_
31-4	TO033	31	4	la	la	_	_	_	_	_	linguistic	_	none	_	_	_	_	_	_
31-5	TO033	31	5	pena	pena	_	_	_	_	_	linguistic	_	none	_	_	_	_	_	_
31-6	TO033	31	6	che	che	_	_	_	_	_	linguistic	_	none	_	_	_	_	_	_
31-7	TO033	31	7	che	che	_	_	_	_	_	linguistic	_	none	_	_	_	_	_	_
31-8	TO033	31	8	lei	lei	_	_	_	_	_	linguistic	_	none	_	_	_	_	_	_
31-9	TO033	31	9	torni	torni	_	_	_	_	_	linguistic	_	none	_	_	_	_	_	_
31-10	TO033	31	10	in	in	_	_	_	_	_	linguistic	_	none	_	_	_	_	_	_
31-11	TO033	31	11	sudafrica,	sudafrica	_	_	_	_	_	linguistic	_	none	Intonation=WeaklyRising	End=90.793	_	_	_	_
32-0	TO033	32	0	senza	senza	_	_	_	_	_	linguistic	_	none	_	Begin=91.373	_	_	_	_
32-1	TO033	32	1	senza	senza	_	_	_	_	_	linguistic	_	none	_	_	_	_	_	_
32-2	TO033	32	2	fare	fare	_	_	_	_	_	linguistic	_	none	_	_	_	_	_	_
32-3	TO033	32	3	tanta	tanta	_	_	_	_	_	linguistic	_	none	_	_	_	_	_	_
32-4	TO033	32	4	ricerca	ricerca	_	_	_	_	_	linguistic	_	none	_	_	_	_	_	_
32-5	TO033	32	5	in	in	_	_	_	_	_	linguistic	_	none	_	_	_	_	_	_
32-6	TO033	32	6	marocco,	marocco	_	_	_	_	_	linguistic	_	none	Intonation=WeaklyRising	End=93.966	_	_	_	_
33-0	TO033	33	0	e:::	e	_	_	_	_	_	linguistic	_	none	_	Begin=94.563	0x3	_	_	_
33-1	TO033	33	1	e	e	_	_	_	_	_	linguistic	_	none	_	_	_	_	_	_
33-2	TO033	33	2	che	che	_	_	_	_	_	linguistic	_	none	_	_	_	_	_	_
33-3	TO033	33	3	boh	boh	_	_	_	_	_	linguistic	_	none	_	_	_	_	_	_
33-4	TO033	33	4	marina	marina	_	_	_	_	_	linguistic	_	none	_	_	_	_	_	_
33-5	TO033	33	5	doveva	doveva	_	_	_	_	_	linguistic	_	none	_	_	_	_	_	_
33-6	TO033	33	6	mandare	mandare	_	_	_	_	_	linguistic	_	none	_	_	_	_	_	_
33-7	TO033	33	7	la	la	_	_	_	_	_	linguistic	_	none	_	_	_	_	_	_
33-8	TO033	33	8	richiesta	richiesta	_	_	_	_	_	linguistic	_	none	_	_	_	_	_	_
33-9	TO033	33	9	per	per	_	_	_	_	_	linguistic	_	none	_	_	_	_	_	_
33-10	TO033	33	10	mail	mail	_	_	_	_	_	linguistic	_	none	_	_	_	_	_	_
33-11	TO033	33	11	l'	l'	_	_	_	_	_	linguistic	_	none	SpaceAfter=No	_	_	_	_	_
33-12	TO033	33	12	altro	altro	_	_	_	_	_	linguistic	_	none	_	_	_	_	_	_
33-13	TO033	33	13	ieri	ieri	_	_	_	_	_	linguistic	_	none	_	_	_	_	_	_
33-14	TO033	33	14	e::h	eh	_	_	_	_	_	linguistic	_	none	_	End=101.922	0x2	_	_	_
34-0	TO033	34	0	per	per	_	_	_	_	_	linguistic	_	none	_	Begin=102.755	_	_	_	_
34-1	TO033	34	1	'sta	'sta	_	_	_	_	_	linguistic	_	none	Truncated=Yes	_	_	_	_	_
34-2	TO033	34	2	roba	roba	_	_	_	_	_	linguistic	_	none	_	_	_	_	_	_
34-3	TO033	34	3	poi	poi	_	_	_	_	_	linguistic	_	none	_	_	_	_	_	_
34-4	TO033	34	4	ovviamente	ovviamente	_	_	_	_	_	linguistic	_	none	_	_	_	_	_	_
34-5	TO033	34	5	lucilla	lucilla	_	_	_	_	_	linguistic	_	none	_	_	_	_	_	_
34-6	TO033	34	6	è	è	_	_	_	_	_	linguistic	_	none	_	_	_	_	_	_
34-7	TO033	34	7	stata	stata	_	_	_	_	_	linguistic	_	none	_	_	_	_	_	_
34-8	TO033	34	8	male	male	_	_	_	_	_	linguistic	_	none	_	_	_	_	_	_
34-9	TO033	34	9	oh	oh	_	_	_	_	_	linguistic	_	none	_	_	_	_	_	_
34-10	TO033	34	10	no	no	_	_	_	_	_	linguistic	_	none	_	_	_	_	_	_
34-11	TO033	34	11	non	non	_	_	_	_	_	linguistic	_	none	_	_	_	_	_	_
34-12	TO033	34	12	c'	c'	_	_	_	_	_	linguistic	_	none	SpaceAfter=No	_	_	_	_	_
34-13	TO033	34	13	era	era	_	_	_	_	_	linguistic	_	none	_	_	_	_	_	_
34-14	TO033	34	14	nessuno	nessuno	_	_	_	_	_	linguistic	_	none	_	_	_	_	_	_
34-15	TO033	34	15	oddio	oddio	_	_	_	_	_	linguistic	_	none	_	_	_	_	_	_
34-16	TO033	34	16	io	io	_	_	_	_	_	linguistic	_	none	_	_	_	_	_	_
34-17	TO033	34	17	sono	sono	_	_	_	_	_	linguistic	_	none	_	_	_	_	_	_
34-18	TO033	34	18	andata	andata	_	_	_	_	_	linguistic	_	none	_	_	_	_	_	_
34-19	TO033	34	19	da	da	_	_	_	_	_	linguistic	_	none	_	_	_	_	_	_
34-20	TO033	34	20	lei	lei	_	_	_	_	_	linguistic	_	none	_	End=108.144	_	_	_	_
35-0	TO033	35	0	cioè	cioè	_	_	_	_	_	linguistic	_	none	_	Begin=110.621	_	_	_	_
35-1	TO033	35	1	io	io	_	_	_	_	_	linguistic	_	none	_	_	_	_	_	_
35-2	TO033	35	2	sinceramente	sinceramente	_	_	_	_	_	linguistic	_	none	_	_	_	_	_	_
35-3	TO033	35	3	l'	l'	_	_	_	_	_	linguistic	_	none	SpaceAfter=No	_	_	_	_	_
35-4	TO033	35	4	altro	altro	_	_	_	_	_	linguistic	_	none	_	_	_	_	_	_
35-5	TO033	35	5	ieri	ieri	_	_	_	_	_	linguistic	_	none	_	_	_	_	_	_
35-6	TO033	35	6	ero	ero	_	_	_	_	_	linguistic	_	none	_	_	_	_	_	_
35-7	TO033	35	7	incazzata	incazzata	_	_	_	_	_	linguistic	_	none	_	_	_	_	_	_
35-8	TO033	35	8	nera	nera	_	_	_	_	_	linguistic	_	none	_	_	_	_	_	_
35-9	TO033	35	9	per	per	_	_	_	_	_	linguistic	_	none	_	_	_	_	_	_
35-10	TO033	35	10	per	per	_	_	_	_	_	linguistic	_	none	_	_	_	_	_	_
35-11	TO033	35	11	'sta	'sta	_	_	_	_	_	linguistic	_	none	Truncated=Yes	_	_	_	_	_
35-12	TO033	35	12	riunione	riunione	_	_	_	_	_	linguistic	_	none	_	_	_	_	_	_
35-13	TO033	35	13	perché::	perché	_	_	_	_	_	linguistic	_	none	_	End=115.711	5x2	_	_	_
36-0	TO034	36	0	tu	tu	_	_	_	_	_	linguistic	_	none	_	Begin=115.711	_	_	_	_
36-1	TO034	36	1	[capisci	capisci	_	_	_	_	_	linguistic	_	none	_	_	_	_	_	0-7(6)
36-2	TO034	36	2	(ma	ma	_	_	_	_	_	linguistic	_	none	_	_	_	_	0-2(0)	0-2(6)
36-3	TO034	36	3	cosa	cosa	_	_	_	_	_	linguistic	_	none	_	_	_	_	0-4(0)	0-4(6)
36-4	TO034	36	4	ho	ho	_	_	_	_	_	linguistic	_	none	_	_	_	_	0-2(0)	0-2(6)
36-5	TO034	36	5	fatto)]	fatto	_	_	_	_	_	linguistic	_	none	_	_	_	_	0-5(0)	0-5(6)
36-6	TO034	36	6	oggi	oggi	_	_	_	_	_	linguistic	_	none	_	End=117.188	_	_	_	_
37-0	TO033	37	0	[ma	ma	_	_	_	_	_	linguistic	_	none	_	Begin=115.91	_	_	_	0-2(6)
37-1	TO033	37	1	no	no	_	_	_	_	_	linguistic	_	none	_	_	_	_	_	0-2(6)
37-2	TO033	37	2	ma	ma	_	_	_	_	_	linguistic	_	none	_	_	_	_	_	0-2(6)
37-3	TO033	37	3	poi	poi	_	_	_	_	_	linguistic	_	none	_	_	_	_	_	0-3(6)
37-4	TO033	37	4	io]	io	_	_	_	_	_	linguistic	_	none	_	End=116.743	_	_	_	0-2(6)
38-0	TO033	38	0	no	no	_	_	_	_	_	linguistic	_	none	_	Begin=117.412	_	_	_	_
38-1	TO033	38	1	poi	poi	_	_	_	_	_	linguistic	_	none	_	_	_	_	_	_
38-2	TO033	38	2	io	io	_	_	_	_	_	linguistic	_	none	_	_	_	_	_	_
38-3	TO033	38	3	volevo	volevo	_	_	_	_	_	linguistic	_	none	_	_	_	_	_	_
38-4	TO033	38	4	alzare	alzare	_	_	_	_	_	linguistic	_	none	_	_	_	_	_	_
38-5	TO033	38	5	la	la	_	_	_	_	_	linguistic	_	none	_	_	_	_	_	_
38-6	TO033	38	6	mano	mano	_	_	_	_	_	linguistic	_	none	_	_	_	_	_	_
38-7	TO033	38	7	e	e	_	_	_	_	_	linguistic	_	none	_	_	_	_	_	_
38-8	TO033	38	8	dire	dire	_	_	_	_	_	linguistic	_	none	_	_	_	_	_	_
38-9	TO033	38	9	ma	ma	_	_	_	_	_	linguistic	_	none	_	_	_	_	_	_
38-10	TO033	38	10	scusi	scusi	_	_	_	_	_	linguistic	_	none	_	_	_	_	_	_
38-11	TO033	38	11	quindi	quindi	_	_	_	_	_	linguistic	_	none	_	_	_	_	_	_
38-12	TO033	38	12	se	se	_	_	_	_	_	linguistic	_	none	_	_	_	_	_	_
38-13	TO033	38	13	noi	noi	_	_	_	_	_	linguistic	_	none	_	_	_	_	_	_
38-14	TO033	38	14	facciamo	facciamo	_	_	_	_	_	linguistic	_	none	_	_	_	_	_	_
38-15	TO033	38	15	la	la	_	_	_	_	_	linguistic	_	none	_	_	_	_	_	_
38-16	TO033	38	16	ricerca	ricerca	_	_	_	_	_	linguistic	_	none	_	_	_	_	_	_
38-17	TO033	38	17	comparata	comparata	_	_	_	_	_	linguistic	_	none	_	_	_	_	_	_
38-18	TO033	38	18	per	per	_	_	_	_	_	linguistic	_	none	_	_	_	_	_	_
38-19	TO033	38	19	un	un	_	_	_	_	_	linguistic	_	none	_	_	_	_	_	_
38-20	TO033	38	20	dottorato	dottorato	_	_	_	_	_	linguistic	_	none	_	_	_	_	_	_
38-21	TO033	38	21	va	va	_	_	_	_	_	linguistic	_	none	_	_	_	_	_	_
38-22	TO033	38	22	bene	bene	_	_	_	_	_	linguistic	_	none	_	_	_	_	_	_
38-23	TO033	38	23	no	no	_	_	_	_	_	linguistic	_	none	_	_	_	_	_	_
38-24	TO033	38	24	perché	perché	_	_	_	_	_	linguistic	_	none	_	_	_	_	_	_
38-25	TO033	38	25	così	così	_	_	_	_	_	linguistic	_	none	_	_	_	_	_	_
38-26	TO033	38	26	volevo	volevo	_	_	_	_	_	linguistic	_	none	_	_	_	_	_	_
38-27	TO033	38	27	sapere	sapere	_	_	_	_	_	linguistic	_	none	_	End=125.079	_	_	_	_
39-0	TO034	39	0	ma	ma	_	_	_	_	_	linguistic	_	none	_	Begin=127.307	_	_	_	_
39-1	TO034	39	1	poi	poi	_	_	_	_	_	linguistic	_	none	_	_	_	_	_	_
39-2	TO034	39	2	ma	ma	_	_	_	_	_	linguistic	_	none	_	_	_	_	_	_
39-3	TO034	39	3	tu	tu	_	_	_	_	_	linguistic	_	none	_	_	_	_	_	_
39-4	TO034	39	4	hai	hai	_	_	_	_	_	linguistic	_	none	_	_	_	_	_	_
39-5	TO034	39	5	trovato	trovato	_	_	_	_	_	linguistic	_	none	_	_	_	_	_	_
39-6	TO034	39	6	la	la	_	_	_	_	_	linguistic	_	none	_	_	_	_	_	_
39-7	TO034	39	7	più	più	_	_	_	_	_	linguistic	_	none	_	_	_	_	_	_
39-8	TO034	39	8	scema	scema	_	_	_	_	_	linguistic	_	none	_	_	_	_	_	_
39-9	TO034	39	9	del	del	_	_	_	_	_	linguistic	_	none	_	_	_	_	_	_
39-10	TO034	39	10	master	master	_	_	_	_	_	linguistic	_	none	_	_	_	_	_	_
39-11	TO034	39	11	ma	ma	_	_	_	_	_	linguistic	_	none	_	_	_	_	_	_
39-12	TO034	39	12	come	come	_	_	_	_	_	linguistic	_	none	_	_	_	_	_	_
39-13	TO034	39	13	fai	fai	_	_	_	_	_	linguistic	_	none	_	_	_	_	_	_
39-14	TO034	39	14	a	a	_	_	_	_	_	linguistic	_	none	_	_	_	_	_	_
39-15	TO034	39	15	non	non	_	_	_	_	_	linguistic	_	none	_	_	_	_	_	_
39-16	TO034	39	16	renderti	renderti	_	_	_	_	_	linguistic	_	none	_	_	_	_	_	_
39-17	TO034	39	17	conto	conto	_	_	_	_	_	linguistic	_	none	_	_	_	_	_	_
39-18	TO034	39	18	che	che	_	_	_	_	_	linguistic	_	none	_	_	_	_	_	_
39-19	TO034	39	19	una	una	_	_	_	_	_	linguistic	_	none	_	_	_	_	_	_
39-20	TO034	39	20	[persona]	persona	_	_	_	_	_	linguistic	_	none	_	End=133.473	_	_	_	0-7(7)
40-0	TO029	40	0	[vabbè]	vabbè	_	_	_	_	_	linguistic	_	none	_	Begin=132.658	_	_	_	0-5(7)
40-1	TO029	40	1	almeno	almeno	_	_	_	_	_	linguistic	_	none	_	_	_	_	_	_
40-2	TO029	40	2	quello	quello	_	_	_	_	_	linguistic	_	none	_	_	_	_	_	_
40-3	TO029	40	3	ma	ma	_	_	_	_	_	linguistic	_	none	_	_	_	_	_	_
40-4	TO029	40	4	poi,	poi	_	_	_	_	_	linguistic	_	none	Intonation=WeaklyRising	End=134.269	_	_	_	_
41-0	TO029	41	0	da::i	dai	_	_	_	_	_	linguistic	_	none	_	Begin=136.267	1x2	_	_	_
41-1	TO029	41	1	ma	ma	_	_	_	_	_	linguistic	_	none	_	_	_	_	_	_
41-2	TO029	41	2	io	io	_	_	_	_	_	linguistic	_	none	_	_	_	_	_	_
41-3	TO029	41	3	scusate	scusate	_	_	_	_	_	linguistic	_	none	_	_	_	_	_	_
41-4	TO029	41	4	non	non	_	_	_	_	_	linguistic	_	none	_	_	_	_	_	_
41-5	TO029	41	5	ci	ci	_	_	_	_	_	linguistic	_	none	_	_	_	_	_	_
41-6	TO029	41	6	cre::do	credo	_	_	_	_	_	linguistic	_	none	_	_	2x2	_	_	_
41-7	TO029	41	7	neanche	neanche	_	_	_	_	_	linguistic	_	none	_	_	_	_	_	_
41-8	TO029	41	8	che	che	_	_	_	_	_	linguistic	_	none	_	_	_	_	_	_
41-9	TO029	41	9	la	la	_	_	_	_	_	linguistic	_	none	_	_	_	_	_	_
41-10	TO029	41	10	rossi	rossi	_	_	_	_	_	linguistic	_	none	_	_	_	_	_	_
41-11	TO029	41	11	dice	dice	_	_	_	_	_	linguistic	_	none	_	_	_	_	_	_
41-12	TO029	41	12	a	a	_	_	_	_	_	linguistic	_	none	_	_	_	_	_	_
41-13	TO029	41	13	xx	xx	_	_	_	_	_	unknown	_	none	Syllables=2	_	_	_	_	_
41-14	TO029	41	14	senti	senti	_	_	_	_	_	linguistic	_	none	_	_	_	_	_	_
41-15	TO029	41	15	dai	dai	_	_	_	_	_	linguistic	_	none	_	_	_	_	_	_
41-16	TO029	41	16	un	un	_	_	_	_	_	linguistic	_	none	_	_	_	_	_	_
41-17	TO029	41	17	dottorato	dottorato	_	_	_	_	_	linguistic	_	none	_	_	_	_	_	_
41-18	TO029	41	18	alla	alla	_	_	_	_	_	linguistic	_	none	_	_	_	_	_	_
41-19	TO029	41	19	prima	prima	_	_	_	_	_	linguistic	_	none	_	_	_	_	_	_
41-20	TO029	41	20	che	che	_	_	_	_	_	linguistic	_	none	_	_	_	_	_	_
41-21	TO029	41	21	passa	passa	_	_	_	_	_	linguistic	_	none	_	End=143.566	_	_	_	_
42-0	TO034	42	0	no	no	_	_	_	_	_	linguistic	_	none	_	Begin=143.566	_	_	_	_
42-1	TO034	42	1	ma	ma	_	_	_	_	_	linguistic	_	none	_	_	_	_	_	_
42-2	TO034	42	2	[infatti]	infatti	_	_	_	_	_	linguistic	_	none	_	End=144.705	_	_	_	0-7(8)
43-0	TO029	43	0	[e	e	_	_	_	_	_	linguistic	_	none	_	Begin=144.248	_	_	_	0-1(8)
43-1	TO029	43	1	questa]	questa	_	_	_	_	_	linguistic	_	none	_	_	_	_	_	0-6(8)
43-2	TO029	43	2	cosa	cosa	_	_	_	_	_	linguistic	_	none	_	_	_	_	_	_
43-3	TO029	43	3	succede?	succede	_	_	_	_	_	linguistic	_	none	Intonation=Rising	End=145.316	_	_	_	_
44-0	TO033	44	0	no	no	_	_	_	_	_	linguistic	_	none	_	Begin=146.564	_	_	_	_
44-1	TO033	44	1	ma	ma	_	_	_	_	_	linguistic	_	none	_	End=147.143	_	_	_	_
45-0	TO033	45	0	no	no	_	_	_	_	_	linguistic	_	none	_	Begin=147.842	_	_	_	_
45-1	TO033	45	1	ma	ma	_	_	_	_	_	linguistic	_	none	_	_	_	_	_	_
45-2	TO033	45	2	infat[ti],	infatti	_	_	_	_	_	linguistic	_	none	Intonation=WeaklyRising	End=148.656	_	_	_	5-7(9)
46-0	TO029	46	0	[dopo	dopo	_	_	_	_	_	linguistic	_	none	_	Begin=148.478	_	_	_	0-4(9)
46-1	TO029	46	1	gua]rdi	guardi	_	_	_	_	_	linguistic	_	none	_	_	_	_	_	0-3(9)
46-2	TO029	46	2	il	il	_	_	_	_	_	linguistic	_	none	_	_	_	_	_	_
46-3	TO029	46	3	programma	programma	_	_	_	_	_	linguistic	_	none	_	_	_	_	_	_
46-4	TO029	46	4	della	della	_	_	_	_	_	linguistic	_	none	_	_	_	_	_	_
46-5	TO029	46	5	summer	summer	_	_	_	_	_	linguistic	_	none	_	_	_	_	_	_
46-6	TO029	46	6	sch[ool	school	_	_	_	_	_	linguistic	_	none	_	_	_	_	_	3-6(10)
46-7	TO029	46	7	fa]	fa	_	_	_	_	_	linguistic	_	none	_	_	_	_	_	0-2(10)
46-8	TO029	46	8	paura,	paura	_	_	_	_	_	linguistic	_	none	Intonation=WeaklyRising	End=150.395	_	_	_	_
47-0	TO033	47	0	[lunedì]	lunedì	_	_	_	_	_	linguistic	_	none	_	Begin=149.44|End=149.871	_	_	_	0-6(10)
48-0	TO033	48	0	lunedì	lunedì	_	_	_	_	_	linguistic	_	none	_	Begin=150.701	_	_	_	_
48-1	TO033	48	1	che	che	_	_	_	_	_	linguistic	_	none	_	_	_	_	_	_
48-2	TO033	48	2	facevamo	facevamo	_	_	_	_	_	linguistic	_	none	_	_	_	_	_	_
48-3	TO033	48	3	il	il	_	_	_	_	_	linguistic	_	none	_	_	_	_	_	_
48-4	TO033	48	4	giro	giro	_	_	_	_	_	linguistic	_	none	_	End=152.253	_	_	_	_
49-0	TO033	49	0	di::	di	_	_	_	_	_	linguistic	_	none	ProsodicLink=Yes	Begin=152.728	1x2	_	_	_
49-1	TO033	49	1	mh	mh	_	_	_	_	_	linguistic	_	none	_	End=153.628	_	_	_	_
50-0	TO033	50	0	di	di	_	_	_	_	_	linguistic	_	none	_	Begin=154.207	_	_	_	_
50-1	TO033	50	1	un	un	_	_	_	_	_	linguistic	_	none	_	_	_	_	_	_
50-2	TO033	50	2	progetto	progetto	_	_	_	_	_	linguistic	_	none	_	_	_	_	_	_
50-3	TO033	50	3	di	di	_	_	_	_	_	linguistic	_	none	_	_	_	_	_	_
50-4	TO033	50	4	te::si::	tesi	_	_	_	_	_	linguistic	_	none	_	_	1x2,3x2	_	_	_
50-5	TO033	50	5	relatore	relatore	_	_	_	_	_	linguistic	_	none	_	_	_	_	_	_
50-6	TO033	50	6	italiano	italiano	_	_	_	_	_	linguistic	_	none	_	_	_	_	_	_
50-7	TO033	50	7	e	e	_	_	_	_	_	linguistic	_	none	_	_	_	_	_	_
50-8	TO033	50	8	quale	quale	_	_	_	_	_	linguistic	_	none	_	_	_	_	_	_
50-9	TO033	50	9	potrebbe	potrebbe	_	_	_	_	_	linguistic	_	none	_	_	_	_	_	_
50-10	TO033	50	10	essere	essere	_	_	_	_	_	linguistic	_	none	_	_	_	_	_	_
50-11	TO033	50	11	relatore	relatore	_	_	_	_	_	linguistic	_	none	_	_	_	_	_	_
50-12	TO033	50	12	marocchino,	marocchino	_	_	_	_	_	linguistic	_	none	Intonation=WeaklyRising	End=159.899	_	_	_	_
51-0	TO033	51	0	m::h	mh	_	_	_	_	_	linguistic	_	none	_	Begin=160.521|End=161.156	0x2	_	_	_
52-0	TO033	52	0	xxx	xxx	_	_	_	_	_	unknown	_	none	Syllables=3	Begin=165.137	_	_	_	_
52-1	TO033	52	1	marina	marina	_	_	_	_	_	linguistic	_	none	PauseAfter=Yes	_	_	_	_	_
52-2	TO033	52	2	(.)	(.)	_	_	_	_	_	shortpause	_	none	_	_	_	_	_	_
52-3	TO033	52	3	e::hm	ehm	_	_	_	_	_	linguistic	_	none	_	_	0x2	_	_	_
52-4	TO033	52	4	che	che	_	_	_	_	_	linguistic	_	none	_	_	_	_	_	_
52-5	TO033	52	5	ovviamente	ovviamente	_	_	_	_	_	linguistic	_	none	_	_	_	_	_	_
52-6	TO033	52	6	appunto	appunto	_	_	_	_	_	linguistic	_	none	_	_	_	_	_	_
52-7	TO033	52	7	[ha	ha	_	_	_	_	_	linguistic	_	none	_	_	_	_	_	0-2(11)
52-8	TO033	52	8	detto::]	detto	_	_	_	_	_	linguistic	_	none	_	End=169.313	4x2	_	_	0-5(11)
53-0	TO029	53	0	[ah	ah	_	_	_	_	_	linguistic	_	none	_	Begin=168.721	_	_	_	0-2(?)
53-1	TO029	53	1	ma]	ma	_	_	_	_	_	linguistic	_	none	_	_	_	_	_	0-2(?)
53-2	TO029	53	2	lo	lo	_	_	_	_	_	linguistic	_	none	_	_	_	_	_	_
53-3	TO029	53	3	stesso	stesso	_	_	_	_	_	linguistic	_	none	_	_	_	_	_	_
53-4	TO029	53	4	abbiamo	abbiamo	_	_	_	_	_	linguistic	_	none	_	_	_	_	_	_
53-5	TO029	53	5	preso	preso	_	_	_	_	_	linguistic	_	none	PauseAfter=Yes	_	_	_	_	_
53-6	TO029	53	6	(.)	(.)	_	_	_	_	_	shortpause	_	none	_	_	_	_	_	_
53-7	TO029	53	7	ah	ah	_	_	_	_	_	linguistic	_	none	_	End=170.533	_	_	_	_
54-0	TO033	54	0	[mh]	mh	_	_	_	_	_	linguistic	_	none	_	Begin=169.681|End=169.92	_	_	_	0-2(12)
55-0	TO033	55	0	e	e	_	_	_	_	_	linguistic	_	none	_	Begin=172.201	_	_	_	_
55-1	TO033	55	1	ha	ha	_	_	_	_	_	linguistic	_	none	_	_	_	_	_	_
55-2	TO033	55	2	detto	detto	_	_	_	_	_	linguistic	_	none	_	_	_	_	_	_
55-3	TO033	55	3	ah	ah	_	_	_	_	_	linguistic	_	none	_	_	_	_	_	_
55-4	TO033	55	4	io	io	_	_	_	_	_	linguistic	_	none	_	_	_	_	_	_
55-5	TO033	55	5	ritornerò:::	ritornerò	_	_	_	_	_	linguistic	_	none	_	_	8x3	_	_	_
55-6	TO033	55	6	in	in	_	_	_	_	_	linguistic	_	none	_	_	_	_	_	_
55-7	TO033	55	7	sudafrica,	sudafrica	_	_	_	_	_	linguistic	_	none	Intonation=WeaklyRising|PauseAfter=Yes	_	_	_	_	_
55-8	TO033	55	8	(.)	(.)	_	_	_	_	_	shortpause	_	none	_	_	_	_	_	_
55-9	TO033	55	9	e	e	_	_	_	_	_	linguistic	_	none	_	_	_	_	_	_
55-10	TO033	55	10	poi	poi	_	_	_	_	_	linguistic	_	none	_	_	_	_	_	_
55-11	TO033	55	11	lo	lo	_	_	_	_	_	linguistic	_	none	_	_	_	_	_	_
55-12	TO033	55	12	sai	sai	_	_	_	_	_	linguistic	_	none	_	_	_	_	_	_
55-13	TO033	55	13	ha	ha	_	_	_	_	_	linguistic	_	none	_	_	_	_	_	_
55-14	TO033	55	14	fatto	fatto	_	_	_	_	_	linguistic	_	none	_	_	_	_	_	_
55-15	TO033	55	15	anche	anche	_	_	_	_	_	linguistic	_	none	_	_	_	_	_	_
55-16	TO033	55	16	finta	finta	_	_	_	_	_	linguistic	_	none	_	_	_	_	_	_
55-17	TO033	55	17	di	di	_	_	_	_	_	linguistic	_	none	_	_	_	_	_	_
55-18	TO033	55	18	pensare	pensare	_	_	_	_	_	linguistic	_	none	_	_	_	_	_	_
55-19	TO033	55	19	tipo	tipo	_	_	_	_	_	linguistic	_	none	_	_	_	_	_	_
55-20	TO033	55	20	ah	ah	_	_	_	_	_	linguistic	_	none	_	_	_	_	_	_
55-21	TO033	55	21	ma:::	ma	_	_	_	_	_	linguistic	_	none	_	End=178.341	1x3	_	_	_
56-0	TO033	56	0	chi	chi	_	_	_	_	_	linguistic	_	none	_	Begin=178.942	_	_	_	_
56-1	TO033	56	1	potrebbe	potrebbe	_	_	_	_	_	linguistic	_	none	_	_	_	_	_	_
56-2	TO033	56	2	essere	essere	_	_	_	_	_	linguistic	_	none	_	_	_	_	_	_
56-3	TO033	56	3	ah	ah	_	_	_	_	_	linguistic	_	none	_	_	_	_	_	_
56-4	TO033	56	4	sì	sì	_	_	_	_	_	linguistic	_	none	_	_	_	_	_	_
56-5	TO033	56	5	verdi	verdi	_	_	_	_	_	linguistic	_	none	_	_	_	_	_	_
56-6	TO033	56	6	verdi	verdi	_	_	_	_	_	linguistic	_	none	_	_	_	_	_	_
56-7	TO033	56	7	sì	sì	_	_	_	_	_	linguistic	_	none	_	End=181.199	_	_	_	_
57-0	TO033	57	0	tanto	tanto	_	_	_	_	_	linguistic	_	none	_	Begin=181.583	_	_	_	_
57-1	TO033	57	1	che	che	_	_	_	_	_	linguistic	_	none	_	_	_	_	_	_
57-2	TO033	57	2	poi::,	poi	_	_	_	_	_	linguistic	_	none	Intonation=WeaklyRising	_	2x2	_	_	_
57-3	TO033	57	3	m::h	mh	_	_	_	_	_	linguistic	_	none	_	End=184.033	0x2	_	_	_
58-0	TO029	58	0	io	io	_	_	_	_	_	linguistic	_	none	_	Begin=184.033	_	_	_	_
58-1	TO029	58	1	boh	boh	_	_	_	_	_	linguistic	_	none	_	End=184.534	_	_	_	_
59-0	TO033	59	0	si	si	_	_	_	_	_	linguistic	_	none	_	Begin=184.587	_	_	_	_
59-1	TO033	59	1	è	è	_	_	_	_	_	linguistic	_	none	_	_	_	_	_	_
59-2	TO033	59	2	girata	girata	_	_	_	_	_	linguistic	_	none	_	_	_	_	_	_
59-3	TO033	59	3	la	la	_	_	_	_	_	linguistic	_	none	_	_	_	_	_	_
59-4	TO033	59	4	gialli	gialli	_	_	_	_	_	linguistic	_	none	_	_	_	_	_	_
59-5	TO033	59	5	ha	ha	_	_	_	_	_	linguistic	_	none	_	_	_	_	_	_
59-6	TO033	59	6	fatto:	fatto	_	_	_	_	_	linguistic	_	none	PauseAfter=Yes	_	4x1	_	_	_
59-7	TO033	59	7	(.)	(.)	_	_	_	_	_	shortpause	_	none	_	_	_	_	_	_
59-8	TO033	59	8	ha	ha	_	_	_	_	_	linguistic	_	none	_	_	_	_	_	_
59-9	TO033	59	9	guardato	guardato	_	_	_	_	_	linguistic	_	none	_	_	_	_	_	_
59-10	TO033	59	10	la	la	_	_	_	_	_	linguistic	_	none	_	_	_	_	_	_
59-11	TO033	59	11	bianchi	bianchi	_	_	_	_	_	linguistic	_	none	_	_	_	_	_	_
59-12	TO033	59	12	e	e	_	_	_	_	_	linguistic	_	none	_	_	_	_	_	_
59-13	TO033	59	13	fa	fa	_	_	_	_	_	linguistic	_	none	_	_	_	_	_	_
59-14	TO033	59	14	pu:::m	pum	_	_	_	_	_	linguistic	_	none	_	_	1x3	_	_	_
59-15	TO033	59	15	così	così	_	_	_	_	_	linguistic	_	none	_	_	_	_	_	_
59-16	TO033	59	16	no?	no	_	_	_	_	_	linguistic	_	none	Intonation=Rising	_	_	_	_	_
59-17	TO033	59	17	ha	ha	_	_	_	_	_	linguistic	_	none	_	_	_	_	_	_
59-18	TO033	59	18	fatto	fatto	_	_	_	_	_	linguistic	_	none	_	_	_	_	_	_
59-19	TO033	59	19	proprio	proprio	_	_	_	_	_	linguistic	_	none	_	_	_	_	_	_
59-20	TO033	59	20	il	il	_	_	_	_	_	linguistic	_	none	_	_	_	_	_	_
59-21	TO033	59	21	gesto	gesto	_	_	_	_	_	linguistic	_	none	_	_	_	_	_	_
59-22	TO033	59	22	e	e	_	_	_	_	_	linguistic	_	none	_	_	_	_	_	_
59-23	TO033	59	23	e	e	_	_	_	_	_	linguistic	_	none	_	_	_	_	_	_
59-24	TO033	59	24	ma~	ma~	_	_	_	_	_	linguistic	_	none	Interrupted=Yes	_	_	_	_	_
59-25	TO033	59	25	marina	marina	_	_	_	_	_	linguistic	_	none	_	_	_	_	_	_
59-26	TO033	59	26	si	si	_	_	_	_	_	linguistic	_	none	_	_	_	_	_	_
59-27	TO033	59	27	è	è	_	_	_	_	_	linguistic	_	none	_	_	_	_	_	_
59-28	TO033	59	28	irrigidita,	irrigidita	_	_	_	_	_	linguistic	_	none	Intonation=WeaklyRising	End=193.333	_	_	_	_
60-0	TO033	60	0	e::]:hm	ehm	_	_	_	_	_	linguistic	_	none	_	Begin=193.762|End=194.937	0x3	_	_	_
61-0	TO029	61	0	[che	che	_	_	_	_	_	linguistic	_	none	_	Begin=194.17	_	_	_	0-3(13)
61-1	TO029	61	1	schife::]zza	schifezza	_	_	_	_	_	linguistic	_	none	_	End=195.296	5x2	_	_	0-6(13)
62-0	TO033	62	0	poi	poi	_	_	_	_	_	linguistic	_	none	_	Begin=195.996	_	_	_	_
62-1	TO033	62	1	marina	marina	_	_	_	_	_	linguistic	_	none	_	_	_	_	_	_
62-2	TO033	62	2	non	non	_	_	_	_	_	linguistic	_	none	_	_	_	_	_	_
62-3	TO033	62	3	mi	mi	_	_	_	_	_	linguistic	_	none	_	_	_	_	_	_
62-4	TO033	62	4	guarda	guarda	_	_	_	_	_	linguistic	_	none	_	_	_	_	_	_
62-5	TO033	62	5	in	in	_	_	_	_	_	linguistic	_	none	_	_	_	_	_	_
62-6	TO033	62	6	faccia	faccia	_	_	_	_	_	linguistic	_	none	_	End=197.574	_	_	_	_
63-0	TO033	63	0	perché	perché	_	_	_	_	_	linguistic	_	none	_	Begin=198.374	_	_	_	_
63-1	TO033	63	1	c'	c'	_	_	_	_	_	linguistic	_	none	SpaceAfter=No	_	_	_	_	_
63-2	TO033	63	2	ha	ha	_	_	_	_	_	linguistic	_	none	_	_	_	_	_	_
63-3	TO033	63	3	c'	c'	_	_	_	_	_	linguistic	_	none	SpaceAfter=No	_	_	_	_	_
63-4	TO033	63	4	ha	ha	_	_	_	_	_	linguistic	_	none	_	_	_	_	_	_
63-5	TO033	63	5	la	la	_	_	_	_	_	linguistic	_	none	_	_	_	_	_	_
63-6	TO033	63	6	coda	coda	_	_	_	_	_	linguistic	_	none	_	_	_	_	_	_
63-7	TO033	63	7	di	di	_	_	_	_	_	linguistic	_	none	_	_	_	_	_	_
63-8	TO033	63	8	paglia	paglia	_	_	_	_	_	linguistic	_	none	_	_	_	_	5-6(0)	_
63-9	TO033	63	9	(la	la	_	_	_	_	_	linguistic	_	none	_	_	_	_	0-2(0)	_
63-10	TO033	63	10	coscienza	coscienza	_	_	_	_	_	linguistic	_	none	_	_	_	_	0-9(0)	_
63-11	TO033	63	11	sporca)	sporca	_	_	_	_	_	linguistic	_	none	_	End=201.799	_	_	0-5(0)	_
64-0	TO029	64	0	ma	ma	_	_	_	_	_	linguistic	_	none	_	Begin=203.716	_	_	_	_
64-1	TO029	64	1	poi,	poi	_	_	_	_	_	linguistic	_	none	Intonation=WeaklyRising	End=204.189	_	_	_	_
65-0	TO029	65	0	il	il	_	_	_	_	_	linguistic	_	none	_	Begin=205.642	_	_	_	_
65-1	TO029	65	1	metodo	metodo	_	_	_	_	_	linguistic	_	none	_	_	_	_	_	_
65-2	TO029	65	2	di	di	_	_	_	_	_	linguistic	_	none	_	_	_	_	_	_
65-3	TO029	65	3	marina	marina	_	_	_	_	_	linguistic	_	none	_	_	_	_	_	_
65-4	TO029	65	4	è	è	_	_	_	_	_	linguistic	_	none	_	_	_	_	_	_
65-5	TO029	65	5	stato	stato	_	_	_	_	_	linguistic	_	none	_	_	_	_	_	_
65-6	TO029	65	6	soltanto	soltanto	_	_	_	_	_	linguistic	_	none	_	_	_	_	_	_
65-7	TO029	65	7	andare	andare	_	_	_	_	_	linguistic	_	none	_	_	_	_	_	_
65-8	TO029	65	8	a	a	_	_	_	_	_	linguistic	_	none	_	_	_	_	_	_
65-9	TO029	65	9	parlare	parlare	_	_	_	_	_	linguistic	_	none	_	_	_	_	_	_
65-10	TO029	65	10	coi	coi	_	_	_	_	_	linguistic	_	none	_	_	_	_	_	_
65-11	TO029	65	11	professori	professori	_	_	_	_	_	linguistic	_	none	_	_	_	_	_	_
65-12	TO029	65	12	due	due	_	_	_	_	_	linguistic	_	none	_	_	_	_	_	_
65-13	TO029	65	13	volte	volte	_	_	_	_	_	linguistic	_	none	_	_	_	_	_	_
65-14	TO029	65	14	alla	alla	_	_	_	_	_	linguistic	_	none	_	_	_	_	_	_
65-15	TO029	65	15	settimana	settimana	_	_	_	_	_	linguistic	_	none	_	_	_	_	_	_
65-16	TO029	65	16	(così)	così	_	_	_	_	_	linguistic	_	none	_	_	_	_	0-4(0)	_
65-17	TO029	65	17	xxx	xxx	_	_	_	_	_	unknown	_	none	Syllables=3	End=210.991	_	_	_	_
66-0	TO034	66	0	un	un	_	_	_	_	_	linguistic	_	none	_	Begin=210.991	_	_	_	_
66-1	TO034	66	1	lecchinaggio	lecchinaggio	_	_	_	_	_	linguistic	_	none	_	_	_	_	_	_
66-2	TO034	66	2	ma	ma	_	_	_	_	_	linguistic	_	none	_	_	_	_	_	_
66-3	TO034	66	3	proprio	proprio	_	_	_	_	_	linguistic	_	none	_	_	_	_	_	_
66-4	TO034	66	4	spu[dorato]	spudorato	_	_	_	_	_	linguistic	_	none	_	End=213.396	_	_	_	3-9(14)
67-0	TO033	67	0	[sì	sì	_	_	_	_	_	linguistic	_	none	_	Begin=212.864	_	_	_	0-2(14)
67-1	TO033	67	1	poi]	poi	_	_	_	_	_	linguistic	_	none	_	_	_	_	_	0-3(14)
67-2	TO033	67	2	per	per	_	_	_	_	_	linguistic	_	none	_	_	_	_	_	_
67-3	TO033	67	3	carità	carità	_	_	_	_	_	linguistic	_	none	_	_	_	_	_	_
67-4	TO033	67	4	cioè	cioè	_	_	_	_	_	linguistic	_	none	_	_	_	_	_	_
67-5	TO033	67	5	lei	lei	_	_	_	_	_	linguistic	_	none	_	_	_	_	_	_
67-6	TO033	67	6	appunto	appunto	_	_	_	_	_	linguistic	_	none	_	_	_	_	_	_
67-7	TO033	67	7	farà	farà	_	_	_	_	_	linguistic	_	none	_	_	_	_	_	_
67-8	TO033	67	8	anche	anche	_	_	_	_	_	linguistic	_	none	_	_	_	_	_	_
67-9	TO033	67	9	una	una	_	_	_	_	_	linguistic	_	none	_	_	_	_	_	_
67-10	TO033	67	10	bella	bella	_	_	_	_	_	linguistic	_	none	_	_	_	_	_	_
67-11	TO033	67	11	ricerca	ricerca	_	_	_	_	_	linguistic	_	none	_	_	_	_	_	_
67-12	TO033	67	12	in	in	_	_	_	_	_	linguistic	_	none	_	_	_	_	_	_
67-13	TO033	67	13	sudafrica	sudafrica	_	_	_	_	_	linguistic	_	none	_	_	_	_	_	_
67-14	TO033	67	14	dopo	dopo	_	_	_	_	_	linguistic	_	none	_	_	_	_	_	_
67-15	TO033	67	15	di	di	_	_	_	_	_	linguistic	_	none	_	_	_	_	_	_
67-16	TO033	67	16	che::	che	_	_	_	_	_	linguistic	_	none	_	End=217.699	2x2	_	_	_
68-0	TO034	68	0	[io	io	_	_	_	_	_	linguistic	_	none	_	Begin=217.981	_	_	_	0-2(15)
68-1	TO034	68	1	ho	ho	_	_	_	_	_	linguistic	_	none	_	_	_	_	_	0-2(15)
68-2	TO034	68	2	i	i	_	_	_	_	_	linguistic	_	none	_	_	_	_	_	0-1(15)
68-3	TO034	68	3	miei	miei	_	_	_	_	_	linguistic	_	none	_	_	_	_	_	0-4(15)
68-4	TO034	68	4	dubbi]	dubbi	_	_	_	_	_	linguistic	_	none	_	End=219.234	_	_	_	0-5(15)
69-0	TO029	69	0	[dopo	dopo	_	_	_	_	_	linguistic	_	none	_	Begin=217.988	_	_	_	0-4(15)
69-1	TO029	69	1	di	di	_	_	_	_	_	linguistic	_	none	_	_	_	_	_	0-2(15)
69-2	TO029	69	2	che	che	_	_	_	_	_	linguistic	_	none	_	_	_	_	_	0-3(15)
69-3	TO029	69	3	per	per	_	_	_	_	_	linguistic	_	none	_	_	_	_	_	0-3(15)
69-4	TO029	69	4	modo	modo	_	_	_	_	_	linguistic	_	none	_	_	_	_	_	0-4(15)
69-5	TO029	69	5	di	di	_	_	_	_	_	linguistic	_	none	_	_	_	_	_	0-2(15)
69-6	TO029	69	6	di::re]	dire	_	_	_	_	_	linguistic	_	none	PauseAfter=Yes	_	1x2	_	_	0-4(15)
69-7	TO029	69	7	(.)	(.)	_	_	_	_	_	shortpause	_	none	_	_	_	_	_	_
69-8	TO029	69	8	infatti	infatti	_	_	_	_	_	linguistic	_	none	_	End=220.341	_	_	_	_
70-0	TO034	70	0	no	no	_	_	_	_	_	linguistic	_	none	_	Begin=220.443	_	_	_	_
70-1	TO034	70	1	io	io	_	_	_	_	_	linguistic	_	none	_	_	_	_	_	_
70-2	TO034	70	2	ho	ho	_	_	_	_	_	linguistic	_	none	_	_	_	_	_	_
70-3	TO034	70	3	i	i	_	_	_	_	_	linguistic	_	none	_	_	_	_	_	_
70-4	TO034	70	4	miei	miei	_	_	_	_	_	linguistic	_	none	_	_	_	_	_	_
70-5	TO034	70	5	dubbi	dubbi	_	_	_	_	_	linguistic	_	none	_	_	_	_	_	_
70-6	TO034	70	6	che	che	_	_	_	_	_	linguistic	_	none	_	_	_	_	_	_
70-7	TO034	70	7	una	una	_	_	_	_	_	linguistic	_	none	_	_	_	_	_	_
70-8	TO034	70	8	che	che	_	_	_	_	_	linguistic	_	none	_	_	_	_	_	_
70-9	TO034	70	9	non	non	_	_	_	_	_	linguistic	_	none	_	_	_	_	_	_
70-10	TO034	70	10	capisce	capisce	_	_	_	_	_	linguistic	_	none	_	_	_	_	_	_
70-11	TO034	70	11	un	un	_	_	_	_	_	linguistic	_	none	_	_	_	_	_	_
70-12	TO034	70	12	cazzo	cazzo	_	_	_	_	_	linguistic	_	none	_	_	_	_	_	_
70-13	TO034	70	13	della	della	_	_	_	_	_	linguistic	_	none	_	_	_	_	_	_
70-14	TO034	70	14	vita	vita	_	_	_	_	_	linguistic	_	none	_	End=223.281	_	_	_	_
71-0	TO034	71	0	riesca	riesca	_	_	_	_	_	linguistic	_	none	_	Begin=224.918	_	_	_	_
71-1	TO034	71	1	a	a	_	_	_	_	_	linguistic	_	none	_	_	_	_	_	_
71-2	TO034	71	2	produrre	produrre	_	_	_	_	_	linguistic	_	none	_	_	_	_	_	_
71-3	TO034	71	3	una	una	_	_	_	_	_	linguistic	_	none	_	_	_	_	_	_
71-4	TO034	71	4	te::si	tesi	_	_	_	_	_	linguistic	_	none	PauseAfter=Yes	_	1x2	_	_	_
71-5	TO034	71	5	(.)	(.)	_	_	_	_	_	shortpause	_	none	_	_	_	_	_	_
71-6	TO034	71	6	cioè	cioè	_	_	_	_	_	linguistic	_	none	_	_	_	_	_	_
71-7	TO034	71	7	gli	gli	_	_	_	_	_	linguistic	_	none	_	_	_	_	_	_
71-8	TO034	71	8	metterà	metterà	_	_	_	_	_	linguistic	_	none	_	_	_	_	_	_
71-9	TO034	71	9	i	i	_	_	_	_	_	linguistic	_	none	_	_	_	_	_	_
71-10	TO034	71	10	contenuti	contenuti	_	_	_	_	_	linguistic	_	none	_	_	_	_	_	_
71-11	TO034	71	11	tutta	tutta	_	_	_	_	_	linguistic	_	none	_	_	_	_	_	_
71-12	TO034	71	12	la	la	_	_	_	_	_	linguistic	_	none	_	_	_	_	_	_
71-13	TO034	71	13	r~	r~	_	_	_	_	_	linguistic	_	none	Interrupted=Yes	_	_	_	_	_
71-14	TO034	71	14	tutti	tutti	_	_	_	_	_	linguistic	_	none	_	_	_	_	_	_
71-15	TO034	71	15	la	la	_	_	_	_	_	linguistic	_	none	_	_	_	_	_	_
71-16	TO034	71	16	rossi	rossi	_	_	_	_	_	linguistic	_	none	_	_	_	_	_	_
71-17	TO034	71	17	(glieli)	glieli	_	_	_	_	_	linguistic	_	none	_	_	_	_	0-6(0)	_
71-18	TO034	71	18	metterà	metterà	_	_	_	_	_	linguistic	_	none	PauseAfter=Yes	_	_	_	_	_
71-19	TO034	71	19	(.)	(.)	_	_	_	_	_	shortpause	_	none	_	_	_	_	_	_
71-20	TO034	71	20	o	o	_	_	_	_	_	linguistic	_	none	_	_	_	_	_	_
71-21	TO034	71	21	sbaglio?	sbaglio	_	_	_	_	_	linguistic	_	none	Intonation=Rising	End=231.804	_	_	_	_
72-0	TO029	72	0	però	però	_	_	_	_	_	linguistic	_	none	_	Begin=233.506	_	_	_	_
72-1	TO029	72	1	non	non	_	_	_	_	_	linguistic	_	none	_	_	_	_	_	_
72-2	TO029	72	2	me	me	_	_	_	_	_	linguistic	_	none	_	_	_	_	_	_
72-3	TO029	72	3	la	la	_	_	_	_	_	linguistic	_	none	_	_	_	_	_	_
72-4	TO029	72	4	vedo	vedo	_	_	_	_	_	linguistic	_	none	PauseAfter=Yes	_	_	_	_	_
72-5	TO029	72	5	(.)	(.)	_	_	_	_	_	shortpause	_	none	_	_	_	_	_	_
72-6	TO029	72	6	mari	mari	_	_	_	_	_	linguistic	_	none	_	_	_	_	_	_
72-7	TO029	72	7	che	che	_	_	_	_	_	linguistic	_	none	_	_	_	_	_	_
72-8	TO029	72	8	scrive	scrive	_	_	_	_	_	linguistic	_	none	_	_	_	_	_	_
72-9	TO029	72	9	una	una	_	_	_	_	_	linguistic	_	none	_	_	_	_	_	_
72-10	TO029	72	10	gran	gran	_	_	_	_	_	linguistic	_	none	_	_	_	_	_	_
72-11	TO029	72	11	tesi	tesi	_	_	_	_	_	linguistic	_	none	PauseAfter=Yes	_	_	_	_	_
72-12	TO029	72	12	(.)	(.)	_	_	_	_	_	shortpause	_	none	_	_	_	_	_	_
72-13	TO029	72	13	almeno	almeno	_	_	_	_	_	linguistic	_	none	_	_	_	_	_	_
72-14	TO029	72	14	l'	l'	_	_	_	_	_	linguistic	_	none	SpaceAfter=No	_	_	_	_	_
72-15	TO029	72	15	anno	anno	_	_	_	_	_	linguistic	_	none	_	_	_	_	_	_
72-16	TO029	72	16	scorso	scorso	_	_	_	_	_	linguistic	_	none	_	_	_	_	_	_
72-17	TO029	72	17	non	non	_	_	_	_	_	linguistic	_	none	_	_	_	_	_	_
72-18	TO029	72	18	mi	mi	_	_	_	_	_	linguistic	_	none	_	_	_	_	_	_
72-19	TO029	72	19	sembrava	sembrava	_	_	_	_	_	linguistic	_	none	_	_	_	_	_	_
72-20	TO029	72	20	in	in	_	_	_	_	_	linguistic	_	none	_	_	_	_	_	_
72-21	TO029	72	21	grado	grado	_	_	_	_	_	linguistic	_	none	_	End=239.199	_	_	_	_
73-0	TO034	73	0	non	non	_	_	_	_	_	linguistic	_	none	_	Begin=239.505	_	_	_	_
73-1	TO034	73	1	ti	ti	_	_	_	_	_	linguistic	_	none	_	_	_	_	_	_
73-2	TO034	73	2	ricordi	ricordi	_	_	_	_	_	linguistic	_	none	_	_	_	_	_	_
73-3	TO034	73	3	dei	dei	_	_	_	_	_	linguistic	_	none	_	_	_	_	_	_
73-4	TO034	73	4	lavori	lavori	_	_	_	_	_	linguistic	_	none	_	_	_	_	_	_
73-5	TO034	73	5	che	che	_	_	_	_	_	linguistic	_	none	_	_	_	_	_	_
73-6	TO034	73	6	abbiamo	abbiamo	_	_	_	_	_	linguistic	_	none	_	_	_	_	_	_
73-7	TO034	73	7	fatto?	fatto	_	_	_	_	_	linguistic	_	none	Intonation=Rising	End=241.437	_	_	_	_
74-0	TO033	74	0	no	no	_	_	_	_	_	linguistic	_	none	_	Begin=241.809	_	_	_	_
74-1	TO033	74	1	qui	qui	_	_	_	_	_	linguistic	_	none	_	_	_	_	_	_
74-2	TO033	74	2	ovviamente	ovviamente	_	_	_	_	_	linguistic	_	none	_	_	_	_	_	_
74-3	TO033	74	3	quello	quello	_	_	_	_	_	linguistic	_	none	_	_	_	_	_	_
74-4	TO033	74	4	che	che	_	_	_	_	_	linguistic	_	none	_	_	_	_	_	_
74-5	TO033	74	5	diceva	diceva	_	_	_	_	_	linguistic	_	none	_	_	_	_	_	_
74-6	TO033	74	6	ale	ale	_	_	_	_	_	linguistic	_	none	_	_	_	_	_	_
74-7	TO033	74	7	è	è	_	_	_	_	_	linguistic	_	none	_	_	_	_	_	_
74-8	TO033	74	8	che	che	_	_	_	_	_	linguistic	_	none	_	_	_	_	_	_
74-9	TO033	74	9	marina	marina	_	_	_	_	_	linguistic	_	none	_	_	_	_	_	_
74-10	TO033	74	10	ha	ha	_	_	_	_	_	linguistic	_	none	_	_	_	_	_	_
74-11	TO033	74	11	preso	preso	_	_	_	_	_	linguistic	_	none	PauseAfter=Yes	_	_	_	_	_
74-12	TO033	74	12	(.)	(.)	_	_	_	_	_	shortpause	_	none	_	_	_	_	_	_
74-13	TO033	74	13	tre	tre	_	_	_	_	_	linguistic	_	none	_	_	_	_	_	_
74-14	TO033	74	14	insufficienze	insufficienze	_	_	_	_	_	linguistic	_	none	_	_	_	_	_	_
74-15	TO033	74	15	credo	credo	_	_	_	_	_	linguistic	_	none	_	_	_	_	_	_
74-16	TO033	74	16	aveva	aveva	_	_	_	_	_	linguistic	_	none	_	_	_	_	_	_
74-17	TO033	74	17	fatto	fatto	_	_	_	_	_	linguistic	_	none	_	_	_	_	_	_
74-18	TO033	74	18	negli	negli	_	_	_	_	_	linguistic	_	none	_	_	_	_	_	_
74-19	TO033	74	19	esami	esami	_	_	_	_	_	linguistic	_	none	_	End=247.865	_	_	_	_
75-0	TO029	75	0	e	e	_	_	_	_	_	linguistic	_	none	_	Begin=249.745	_	_	_	_
75-1	TO029	75	1	anche	anche	_	_	_	_	_	linguistic	_	none	_	_	_	_	_	_
75-2	TO029	75	2	per	per	_	_	_	_	_	linguistic	_	none	_	_	_	_	_	_
75-3	TO029	75	3	altro	altro	_	_	_	_	_	linguistic	_	none	_	_	_	_	_	_
75-4	TO029	75	4	no	no	_	_	_	_	_	linguistic	_	none	_	_	_	_	_	_
75-5	TO029	75	5	dai	dai	_	_	_	_	_	linguistic	_	none	_	End=251.163	_	_	_	_
76-0	TO029	76	0	però	però	_	_	_	_	_	linguistic	_	none	_	Begin=254.899	_	_	_	_
76-1	TO029	76	1	è	è	_	_	_	_	_	linguistic	_	none	_	_	_	_	_	_
76-2	TO029	76	2	proprio	proprio	_	_	_	_	_	linguistic	_	none	_	_	_	_	_	_
76-3	TO029	76	3	una	una	_	_	_	_	_	linguistic	_	none	_	_	_	_	_	_
76-4	TO029	76	4	schifezza	schifezza	_	_	_	_	_	linguistic	_	none	_	_	_	_	_	_
76-5	TO029	76	5	dai	dai	_	_	_	_	_	linguistic	_	none	_	End=256.274	_	_	_	_
77-0	TO034	77	0	sì	sì	_	_	_	_	_	linguistic	_	none	_	Begin=256.565|End=256.793	_	_	_	_
78-0	TO033	78	0	ma	ma	_	_	_	_	_	linguistic	_	none	_	Begin=258.166	_	_	_	_
78-1	TO033	78	1	io	io	_	_	_	_	_	linguistic	_	none	_	_	_	_	_	_
78-2	TO033	78	2	vorrei	vorrei	_	_	_	_	_	linguistic	_	none	_	_	_	_	_	_
78-3	TO033	78	3	farla	farla	_	_	_	_	_	linguistic	_	none	_	_	_	_	_	_
78-4	TO033	78	4	venire	venire	_	_	_	_	_	linguistic	_	none	_	_	_	_	_	_
78-5	TO033	78	5	fuori.	fuori	_	_	_	_	_	linguistic	_	none	Intonation=Falling	_	_	_	_	_
78-6	TO033	78	6	parlavo	parlavo	_	_	_	_	_	linguistic	_	none	_	_	_	_	_	_
78-7	TO033	78	7	con	con	_	_	_	_	_	linguistic	_	none	_	_	_	_	_	_
78-8	TO033	78	8	anna	anna	_	_	_	_	_	linguistic	_	none	_	_	_	_	_	_
78-9	TO033	78	9	l'	l'	_	_	_	_	_	linguistic	_	none	SpaceAfter=No	_	_	_	_	_
78-10	TO033	78	10	altro	altro	_	_	_	_	_	linguistic	_	none	_	_	_	_	_	_
78-11	TO033	78	11	ieri	ieri	_	_	_	_	_	linguistic	_	none	_	_	_	_	_	_
78-12	TO033	78	12	dopo	dopo	_	_	_	_	_	linguistic	_	none	_	_	_	_	_	_
78-13	TO033	78	13	la	la	_	_	_	_	_	linguistic	_	none	_	_	_	_	_	_
78-14	TO033	78	14	riunione,	riunione	_	_	_	_	_	linguistic	_	none	Intonation=WeaklyRising	End=262.528	_	_	_	_
79-0	TO033	79	0	lei	lei	_	_	_	_	_	linguistic	_	none	_	Begin=263.518	_	_	_	_
79-1	TO033	79	1	mi	mi	_	_	_	_	_	linguistic	_	none	_	_	_	_	_	_
79-2	TO033	79	2	ha	ha	_	_	_	_	_	linguistic	_	none	_	_	_	_	_	_
79-3	TO033	79	3	detto:::	detto	_	_	_	_	_	linguistic	_	none	_	_	4x3	_	_	_
79-4	TO033	79	4	a	a	_	_	_	_	_	linguistic	_	none	_	_	_	_	_	_
79-5	TO033	79	5	parte	parte	_	_	_	_	_	linguistic	_	none	_	_	_	_	_	_
79-6	TO033	79	6	il	il	_	_	_	_	_	linguistic	_	none	_	_	_	_	_	_
79-7	TO033	79	7	fatto	fatto	_	_	_	_	_	linguistic	_	none	_	_	_	_	_	_
79-8	TO033	79	8	che	che	_	_	_	_	_	linguistic	_	none	_	_	_	_	_	_
79-9	TO033	79	9	loro	loro	_	_	_	_	_	linguistic	_	none	_	_	_	_	_	_
79-10	TO033	79	10	escon	escon	_	_	_	_	_	linguistic	_	none	_	_	_	_	_	_
79-11	TO033	79	11	tutti	tutti	_	_	_	_	_	linguistic	_	none	_	_	_	_	_	_
79-12	TO033	79	12	dal	dal	_	_	_	_	_	linguistic	_	none	_	_	_	_	_	_
79-13	TO033	79	13	culo	culo	_	_	_	_	_	linguistic	_	none	_	_	_	_	_	_
79-14	TO033	79	14	nel	nel	_	_	_	_	_	linguistic	_	none	_	_	_	_	_	_
79-15	TO033	79	15	senso	senso	_	_	_	_	_	linguistic	_	none	_	_	_	_	_	_
79-16	TO033	79	16	che::	che	_	_	_	_	_	linguistic	_	none	ProsodicLink=Yes	_	2x2	_	_	_
79-17	TO033	79	17	mh	mh	_	_	_	_	_	linguistic	_	none	_	End=267.816	_	_	_	_
80-0	TO033	80	0	[forse	forse	_	_	_	_	_	linguistic	_	none	_	Begin=268.903	_	_	_	0-5(16)
80-1	TO033	80	1	quattro	quattro	_	_	_	_	_	linguistic	_	none	_	_	_	_	_	0-7(16)
80-2	TO033	80	2	quattro]	quattro	_	_	_	_	_	linguistic	_	none	_	_	_	_	_	0-7(16)
80-3	TO033	80	3	non	non	_	_	_	_	_	linguistic	_	none	_	_	_	_	_	_
80-4	TO033	80	4	si	si	_	_	_	_	_	linguistic	_	none	_	_	_	_	_	_
80-5	TO033	80	5	laureano	laureano	_	_	_	_	_	linguistic	_	none	_	_	_	_	_	_
80-6	TO033	80	6	a	a	_	_	_	_	_	linguistic	_	none	_	_	_	_	_	_
80-7	TO033	80	7	marzo	marzo	_	_	_	_	_	linguistic	_	none	_	_	_	_	_	_
80-8	TO033	80	8	forse	forse	_	_	_	_	_	linguistic	_	none	_	_	_	_	_	_
80-9	TO033	80	9	non	non	_	_	_	_	_	linguistic	_	none	_	_	_	_	_	_
80-10	TO033	80	10	hanno	hanno	_	_	_	_	_	linguistic	_	none	_	_	_	_	_	_
80-11	TO033	80	11	il	il	_	_	_	_	_	linguistic	_	none	_	_	_	_	_	_
80-12	TO033	80	12	doppio	doppio	_	_	_	_	_	linguistic	_	none	_	_	_	_	_	_
80-13	TO033	80	13	titolo	titolo	_	_	_	_	_	linguistic	_	none	_	End=273.899	_	_	_	_
81-0	TO029	81	0	[il	il	_	_	_	_	_	linguistic	_	none	_	Begin=268.908	_	_	_	0-2(16)
81-1	TO029	81	1	primo	primo	_	_	_	_	_	linguistic	_	none	_	_	_	_	_	0-5(16)
81-2	TO029	81	2	master	master	_	_	_	_	_	linguistic	_	none	_	_	_	_	_	0-6(16)
81-3	TO029	81	3	xxx]	xxx	_	_	_	_	_	unknown	_	none	Syllables=3	End=270.961	_	_	_	0-3(16)
82-0	TO029	82	0	davvero?	davvero	_	_	_	_	_	linguistic	_	none	Intonation=Rising	Begin=274.674	_	_	_	_
82-1	TO029	82	1	come	come	_	_	_	_	_	linguistic	_	none	_	_	_	_	_	_
82-2	TO029	82	2	mai?	mai	_	_	_	_	_	linguistic	_	none	Intonation=Rising	End=275.898	_	_	_	_
83-0	TO033	83	0	non	non	_	_	_	_	_	linguistic	_	none	_	Begin=276.432	_	_	_	_
83-1	TO033	83	1	lo	lo	_	_	_	_	_	linguistic	_	none	_	_	_	_	_	_
83-2	TO033	83	2	so	so	_	_	_	_	_	linguistic	_	none	_	End=276.987	_	_	_	_
84-0	TO029	84	0	minchia	minchia	_	_	_	_	_	linguistic	_	none	_	Begin=277.898|End=278.455	_	_	_	_
85-0	TO029	85	0	(cazzo),	cazzo	_	_	_	_	_	linguistic	_	none	Intonation=WeaklyRising	Begin=284.135	_	_	0-5(0)	_
85-1	TO029	85	1	male	male	_	_	_	_	_	linguistic	_	none	_	End=285.061	_	_	_	_
86-0	TO029	86	0	ma	ma	_	_	_	_	_	linguistic	_	none	_	Begin=286.738	_	_	_	_
86-1	TO029	86	1	più	più	_	_	_	_	_	linguistic	_	none	_	_	_	_	_	_
86-2	TO029	86	2	che	che	_	_	_	_	_	linguistic	_	none	_	_	_	_	_	_
86-3	TO029	86	3	altro	altro	_	_	_	_	_	linguistic	_	none	_	_	_	_	_	_
86-4	TO029	86	4	il	il	_	_	_	_	_	linguistic	_	none	_	_	_	_	_	_
86-5	TO029	86	5	master	master	_	_	_	_	_	linguistic	_	none	_	_	_	_	_	_
86-6	TO029	86	6	è	è	_	_	_	_	_	linguistic	_	none	_	_	_	_	_	_
86-7	TO029	86	7	organizzato	organizzato	_	_	_	_	_	linguistic	_	none	_	_	_	_	_	_
86-8	TO029	86	8	una	una	_	_	_	_	_	linguistic	_	none	_	_	_	_	_	_
86-9	TO029	86	9	merda	merda	_	_	_	_	_	linguistic	_	none	_	_	_	_	_	_
86-10	TO029	86	10	se	se	_	_	_	_	_	linguistic	_	none	_	_	_	_	_	_
86-11	TO029	86	11	ci	ci	_	_	_	_	_	linguistic	_	none	_	_	_	_	_	_
86-12	TO029	86	12	si	si	_	_	_	_	_	linguistic	_	none	_	_	_	_	_	_
86-13	TO029	86	13	mette	mette	_	_	_	_	_	linguistic	_	none	_	_	_	_	_	_
86-14	TO029	86	14	anche::	anche	_	_	_	_	_	linguistic	_	none	_	_	4x2	_	_	_
86-15	TO029	86	15	la	la	_	_	_	_	_	linguistic	_	none	_	_	_	_	_	_
86-16	TO029	86	16	rossi	rossi	_	_	_	_	_	linguistic	_	none	_	_	_	_	_	_
86-17	TO029	86	17	a	a	_	_	_	_	_	linguistic	_	none	_	_	_	_	_	_
86-18	TO029	86	18	comportarsi	comportarsi	_	_	_	_	_	linguistic	_	none	_	_	_	_	_	_
86-19	TO029	86	19	così,	così	_	_	_	_	_	linguistic	_	none	Intonation=WeaklyRising	End=291.317	_	_	_	_
87-0	TO033	87	0	no	no	_	_	_	_	_	linguistic	_	none	_	Begin=291.906	_	_	_	_
87-1	TO033	87	1	beh	beh	_	_	_	_	_	linguistic	_	none	_	_	_	_	_	_
87-2	TO033	87	2	ce	ce	_	_	_	_	_	linguistic	_	none	_	_	_	_	_	_
87-3	TO033	87	3	l'	l'	_	_	_	_	_	linguistic	_	none	SpaceAfter=No	_	_	_	_	_
87-4	TO033	87	4	aveva	aveva	_	_	_	_	_	linguistic	_	none	_	_	_	_	_	_
87-5	TO033	87	5	detto	detto	_	_	_	_	_	linguistic	_	none	_	_	_	_	_	_
87-6	TO033	87	6	che	che	_	_	_	_	_	linguistic	_	none	_	_	_	_	_	_
87-7	TO033	87	7	voleva	voleva	_	_	_	_	_	linguistic	_	none	_	_	_	_	_	_
87-8	TO033	87	8	venire	venire	_	_	_	_	_	linguistic	_	none	_	_	_	_	_	_
87-9	TO033	87	9	alla	alla	_	_	_	_	_	linguistic	_	none	_	_	_	_	_	_
87-10	TO033	87	10	riunione,	riunione	_	_	_	_	_	linguistic	_	none	Intonation=WeaklyRising	End=294.468	_	_	_	_
88-0	TO033	88	0	solo	solo	_	_	_	_	_	linguistic	_	none	_	Begin=296.014	_	_	_	_
88-1	TO033	88	1	per	per	_	_	_	_	_	linguistic	_	none	_	_	_	_	_	_
88-2	TO033	88	2	veder	veder	_	_	_	_	_	linguistic	_	none	_	_	_	_	_	_
88-3	TO033	88	3	la	la	_	_	_	_	_	linguistic	_	none	_	_	_	_	_	_
88-4	TO033	88	4	rossi	rossi	_	_	_	_	_	linguistic	_	none	_	_	_	_	_	_
88-5	TO033	88	5	e	e	_	_	_	_	_	linguistic	_	none	_	_	_	_	_	_
88-6	TO033	88	6	registrare	registrare	_	_	_	_	_	linguistic	_	none	_	_	_	_	_	_
88-7	TO033	88	7	un	un	_	_	_	_	_	linguistic	_	none	_	_	_	_	_	_
88-8	TO033	88	8	voto.	voto	_	_	_	_	_	linguistic	_	none	Intonation=Falling	End=298.007	_	_	_	_
89-0	TO033	89	0	la	la	_	_	_	_	_	linguistic	_	none	_	Begin=299.198	_	_	_	_
89-1	TO033	89	1	bono	bono	_	_	_	_	_	linguistic	_	none	_	_	_	_	_	_
89-2	TO033	89	2	ha	ha	_	_	_	_	_	linguistic	_	none	_	_	_	_	_	_
89-3	TO033	89	3	rossi	rossi	_	_	_	_	_	linguistic	_	none	_	_	_	_	_	_
89-4	TO033	89	4	che	che	_	_	_	_	_	linguistic	_	none	_	_	_	_	_	_
89-5	TO033	89	5	la	la	_	_	_	_	_	linguistic	_	none	_	_	_	_	_	_
89-6	TO033	89	6	riunione	riunione	_	_	_	_	_	linguistic	_	none	_	_	_	_	_	_
89-7	TO033	89	7	era	era	_	_	_	_	_	linguistic	_	none	_	_	_	_	_	_
89-8	TO033	89	8	alle	alle	_	_	_	_	_	linguistic	_	none	_	_	_	_	_	_
89-9	TO033	89	9	nove	nove	_	_	_	_	_	linguistic	_	none	_	_	_	_	_	_
89-10	TO033	89	10	e	e	_	_	_	_	_	linguistic	_	none	_	_	_	_	_	_
89-11	TO033	89	11	mezza	mezza	_	_	_	_	_	linguistic	_	none	_	_	_	_	_	_
89-12	TO033	89	12	e	e	_	_	_	_	_	linguistic	_	none	_	_	_	_	_	_
89-13	TO033	89	13	invece	invece	_	_	_	_	_	linguistic	_	none	_	_	_	_	_	_
89-14	TO033	89	14	era	era	_	_	_	_	_	linguistic	_	none	_	_	_	_	_	_
89-15	TO033	89	15	alle	alle	_	_	_	_	_	linguistic	_	none	_	_	_	_	_	_
89-16	TO033	89	16	die::ci,	dieci	_	_	_	_	_	linguistic	_	none	Intonation=WeaklyRising	End=301.968	2x2	_	_	_
90-0	TO033	90	0	quand'	quand'	_	_	_	_	_	linguistic	_	none	SpaceAfter=No	Begin=302.829	_	_	_	_
90-1	TO033	90	1	è	è	_	_	_	_	_	linguistic	_	none	_	_	_	_	_	_
90-2	TO033	90	2	arrivata	arrivata	_	_	_	_	_	linguistic	_	none	_	_	_	_	_	_
90-3	TO033	90	3	le	le	_	_	_	_	_	linguistic	_	none	_	_	_	_	_	_
90-4	TO033	90	4	ha	ha	_	_	_	_	_	linguistic	_	none	_	_	_	_	_	_
90-5	TO033	90	5	detto	detto	_	_	_	_	_	linguistic	_	none	_	_	_	_	_	_
90-6	TO033	90	6	tipo	tipo	_	_	_	_	_	linguistic	_	none	_	_	_	_	_	_
90-7	TO033	90	7	no	no	_	_	_	_	_	linguistic	_	none	_	_	_	_	_	_
90-8	TO033	90	8	ma	ma	_	_	_	_	_	linguistic	_	none	_	_	_	_	_	_
90-9	TO033	90	9	facciamo	facciamo	_	_	_	_	_	linguistic	_	none	_	_	_	_	_	_
90-10	TO033	90	10	dopo	dopo	_	_	_	_	_	linguistic	_	none	_	_	_	_	_	_
90-11	TO033	90	11	a	a	_	_	_	_	_	linguistic	_	none	_	_	_	_	_	_
90-12	TO033	90	12	mezzogiorno	mezzogiorno	_	_	_	_	_	linguistic	_	none	_	_	_	_	_	_
90-13	TO033	90	13	e	e	_	_	_	_	_	linguistic	_	none	_	_	_	_	_	_
90-14	TO033	90	14	mezza	mezza	_	_	_	_	_	linguistic	_	none	_	_	_	_	_	_
90-15	TO033	90	15	e	e	_	_	_	_	_	linguistic	_	none	_	_	_	_	_	_
90-16	TO033	90	16	noi	noi	_	_	_	_	_	linguistic	_	none	_	_	_	_	_	_
90-17	TO033	90	17	abbiam	abbiam	_	_	_	_	_	linguistic	_	none	_	_	_	_	_	_
90-18	TO033	90	18	finito	finito	_	_	_	_	_	linguistic	_	none	_	_	_	_	_	_
90-19	TO033	90	19	tipo	tipo	_	_	_	_	_	linguistic	_	none	_	_	_	_	_	_
90-20	TO033	90	20	all'	all'	_	_	_	_	_	linguistic	_	none	SpaceAfter=No	_	_	_	_	_
90-21	TO033	90	21	una,	una	_	_	_	_	_	linguistic	_	none	Intonation=WeaklyRising	End=307.816	_	_	_	_
91-0	TO029	91	0	l'	l'	_	_	_	_	_	linguistic	_	none	SpaceAfter=No	Begin=309.14	_	_	_	_
91-1	TO029	91	1	ha	ha	_	_	_	_	_	linguistic	_	none	_	_	_	_	_	_
91-2	TO029	91	2	fatta	fatta	_	_	_	_	_	linguistic	_	none	_	_	_	_	_	_
91-3	TO029	91	3	aspettare	aspettare	_	_	_	_	_	linguistic	_	none	_	_	_	_	_	_
91-4	TO029	91	4	lì	lì	_	_	_	_	_	linguistic	_	none	_	_	_	_	_	_
91-5	TO029	91	5	xx	xx	_	_	_	_	_	unknown	_	none	Syllables=2	End=310.867	_	_	_	_
92-0	TO033	92	0	beh	beh	_	_	_	_	_	linguistic	_	none	_	Begin=313.274	_	_	_	_
92-1	TO033	92	1	poi	poi	_	_	_	_	_	linguistic	_	none	_	End=314.036	_	_	_	_
93-0	TO033	93	0	boh	boh	_	_	_	_	_	linguistic	_	none	_	Begin=315.609	_	_	_	_
93-1	TO033	93	1	poi	poi	_	_	_	_	_	linguistic	_	none	_	_	_	_	_	_
93-2	TO033	93	2	non	non	_	_	_	_	_	linguistic	_	none	_	_	_	_	_	_
93-3	TO033	93	3	so	so	_	_	_	_	_	linguistic	_	none	_	_	_	_	_	_
93-4	TO033	93	4	che	che	_	_	_	_	_	linguistic	_	none	_	_	_	_	_	_
93-5	TO033	93	5	problemi	problemi	_	_	_	_	_	linguistic	_	none	_	_	_	_	_	_
93-6	TO033	93	6	e::hm	ehm	_	_	_	_	_	linguistic	_	none	ProsodicLink=Yes	_	0x2	_	_	_
93-7	TO033	93	7	hanno	hanno	_	_	_	_	_	linguistic	_	none	_	_	_	_	_	_
93-8	TO033	93	8	[avuto]	avuto	_	_	_	_	_	linguistic	_	none	_	End=318.224	_	_	_	0-5(17)
94-0	TO029	94	0	[ci	ci	_	_	_	_	_	linguistic	_	none	_	Begin=317.67	_	_	_	0-2(17)
94-1	TO029	94	1	siano]	siano	_	_	_	_	_	linguistic	_	none	_	End=318.29	_	_	_	0-5(17)
95-0	TO034	95	0	e	e	_	_	_	_	_	linguistic	_	none	_	Begin=318.879	_	_	_	_
95-1	TO034	95	1	cosa	cosa	_	_	_	_	_	linguistic	_	none	_	_	_	_	_	_
95-2	TO034	95	2	faceva	faceva	_	_	_	_	_	linguistic	_	none	_	_	_	_	_	_
95-3	TO034	95	3	lei	lei	_	_	_	_	_	linguistic	_	none	_	_	_	_	_	_
95-4	TO034	95	4	x	x	_	_	_	_	_	unknown	_	none	Syllables=1	_	_	_	_	_
95-5	TO034	95	5	xx?	xx	_	_	_	_	_	linguistic	_	none	Intonation=Rising	End=320.516	_	_	_	_
96-0	TO029	96	0	xx	xx	_	_	_	_	_	unknown	_	none	Syllables=2	Begin=321.417	_	_	_	_
96-1	TO029	96	1	xxx	xxx	_	_	_	_	_	unknown	_	none	Syllables=3	End=322.163	_	_	_	_
97-0	TO034	97	0	xxx,	xxx	_	_	_	_	_	linguistic	_	none	Intonation=WeaklyRising	Begin=327.035	_	_	_	_
97-1	TO034	97	1	marta,	marta	_	_	_	_	_	linguistic	_	none	Intonation=WeaklyRising	_	_	_	_	_
97-2	TO034	97	2	anna,	anna	_	_	_	_	_	linguistic	_	none	Intonation=WeaklyRising	_	_	_	_	_
97-3	TO034	97	3	e	e	_	_	_	_	_	linguistic	_	none	_	_	_	_	_	_
97-4	TO034	97	4	poi?	poi	_	_	_	_	_	linguistic	_	none	Intonation=Rising|PauseAfter=Yes	_	_	_	_	_
97-5	TO034	97	5	(.)	(.)	_	_	_	_	_	shortpause	_	none	_	_	_	_	_	_
97-6	TO034	97	6	di	di	_	_	_	_	_	linguistic	_	none	_	_	_	_	_	_
97-7	TO034	97	7	altri?	altri	_	_	_	_	_	linguistic	_	none	Intonation=Rising	End=330.208	_	_	_	_
98-0	TO033	98	0	marco,	marco	_	_	_	_	_	linguistic	_	none	Intonation=WeaklyRising	Begin=331.042|End=331.737	_	_	_	_
99-0	TO034	99	0	carla	carla	_	_	_	_	_	linguistic	_	none	_	Begin=335.035	_	_	_	_
99-1	TO034	99	1	forse,	forse	_	_	_	_	_	linguistic	_	none	Intonation=WeaklyRising	End=336.093	_	_	_	_
100-0	TO034	100	0	e	e	_	_	_	_	_	linguistic	_	none	_	Begin=339.093	_	_	_	_
100-1	TO034	100	1	magari	magari	_	_	_	_	_	linguistic	_	none	_	_	_	_	_	_
100-2	TO034	100	2	marta	marta	_	_	_	_	_	linguistic	_	none	_	End=339.999	_	_	_	_
101-0	TO029	101	0	non	non	_	_	_	_	_	linguistic	_	none	_	Begin=340.909	_	_	_	_
101-1	TO029	101	1	lo	lo	_	_	_	_	_	linguistic	_	none	_	_	_	_	_	_
101-2	TO029	101	2	so,	so	_	_	_	_	_	linguistic	_	none	Intonation=WeaklyRising	End=341.316	_	_	_	_
102-0	TO029	102	0	di	di	_	_	_	_	_	linguistic	_	none	_	Begin=342.566	_	_	_	_
102-1	TO029	102	1	anna	anna	_	_	_	_	_	linguistic	_	none	_	_	_	_	_	_
102-2	TO029	102	2	sono	sono	_	_	_	_	_	linguistic	_	none	_	_	_	_	_	_
102-3	TO029	102	3	sicura	sicura	_	_	_	_	_	linguistic	_	none	_	_	_	_	_	_
102-4	TO029	102	4	e	e	_	_	_	_	_	linguistic	_	none	_	_	_	_	_	_
102-5	TO029	102	5	anche	anche	_	_	_	_	_	linguistic	_	none	_	_	_	_	_	_
102-6	TO029	102	6	marta	marta	_	_	_	_	_	linguistic	_	none	_	End=344.366	_	_	_	_
103-0	TO034	103	0	no::	no	_	_	_	_	_	linguistic	_	none	_	Begin=345.269	1x2	_	_	_
103-1	TO034	103	1	[sì]?	sì	_	_	_	_	_	linguistic	_	none	Intonation=Rising	End=346.132	_	_	_	0-2(18)
104-0	TO029	104	0	[no	no	_	_	_	_	_	linguistic	_	none	_	Begin=345.913	_	_	_	0-2(18)
104-1	TO029	104	1	xxx]	xxx	_	_	_	_	_	unknown	_	none	Syllables=3	_	_	_	_	0-3(18)
104-2	TO029	104	2	non	non	_	_	_	_	_	linguistic	_	none	_	_	_	_	_	_
104-3	TO029	104	3	lo	lo	_	_	_	_	_	linguistic	_	none	_	_	_	_	_	_
104-4	TO029	104	4	so,	so	_	_	_	_	_	linguistic	_	none	Intonation=WeaklyRising	End=347.374	_	_	_	_
105-0	TO034	105	0	ma	ma	_	_	_	_	_	linguistic	_	none	_	Begin=349.247	_	_	_	_
105-1	TO034	105	1	erano	erano	_	_	_	_	_	linguistic	_	none	_	_	_	_	_	_
105-2	TO034	105	2	pochi	pochi	_	_	_	_	_	linguistic	_	none	_	_	_	_	_	_
105-3	TO034	105	3	anche	anche	_	_	_	_	_	linguistic	_	none	_	_	_	_	_	_
105-4	TO034	105	4	l'	l'	_	_	_	_	_	linguistic	_	none	SpaceAfter=No	_	_	_	_	_
105-5	TO034	105	5	anno	anno	_	_	_	_	_	linguistic	_	none	_	_	_	_	_	_
105-6	TO034	105	6	scorso,	scorso	_	_	_	_	_	linguistic	_	none	Intonation=WeaklyRising	End=351.105	_	_	_	_
106-0	TO034	106	0	però	però	_	_	_	_	_	linguistic	_	none	_	Begin=351.714	_	_	_	_
106-1	TO034	106	1	è	è	_	_	_	_	_	linguistic	_	none	_	_	_	_	_	_
106-2	TO034	106	2	proprio	proprio	_	_	_	_	_	linguistic	_	none	_	_	_	_	_	_
106-3	TO034	106	3	una	una	_	_	_	_	_	linguistic	_	none	_	_	_	_	_	_
106-4	TO034	106	4	merda	merda	_	_	_	_	_	linguistic	_	none	_	End=352.573	_	_	_	_
107-0	TO033	107	0	no	no	_	_	_	_	_	linguistic	_	none	_	Begin=353.797	_	_	_	_
107-1	TO033	107	1	poi	poi	_	_	_	_	_	linguistic	_	none	_	_	_	_	_	_
107-2	TO033	107	2	io	io	_	_	_	_	_	linguistic	_	none	_	_	_	_	_	_
107-3	TO033	107	3	ovviamente	ovviamente	_	_	_	_	_	linguistic	_	none	_	_	_	_	_	_
107-4	TO033	107	4	mi	mi	_	_	_	_	_	linguistic	_	none	_	_	_	_	_	_
107-5	TO033	107	5	son	son	_	_	_	_	_	linguistic	_	none	_	_	_	_	_	_
107-6	TO033	107	6	trattenuta	trattenuta	_	_	_	_	_	linguistic	_	none	_	_	_	_	_	_
107-7	TO033	107	7	una	una	_	_	_	_	_	linguistic	_	none	_	_	_	_	_	_
107-8	TO033	107	8	settimana	settimana	_	_	_	_	_	linguistic	_	none	_	_	_	_	_	_
107-9	TO033	107	9	però	però	_	_	_	_	_	linguistic	_	none	_	_	_	_	_	_
107-10	TO033	107	10	poi	poi	_	_	_	_	_	linguistic	_	none	_	_	_	_	_	_
107-11	TO033	107	11	lunedì	lunedì	_	_	_	_	_	linguistic	_	none	_	_	_	_	_	_
107-12	TO033	107	12	ero	ero	_	_	_	_	_	linguistic	_	none	_	_	_	_	_	_
107-13	TO033	107	13	incazzata	incazzata	_	_	_	_	_	linguistic	_	none	_	_	_	_	_	_
107-14	TO033	107	14	come	come	_	_	_	_	_	linguistic	_	none	_	_	_	_	_	_
107-15	TO033	107	15	una	una	_	_	_	_	_	linguistic	_	none	_	_	_	_	_	_
107-16	TO033	107	16	biscia	biscia	_	_	_	_	_	linguistic	_	none	_	End=358.491	_	_	_	_
108-0	TO029	108	0	ma	ma	_	_	_	_	_	linguistic	_	none	_	Begin=358.873	_	_	_	_
108-1	TO029	108	1	poi	poi	_	_	_	_	_	linguistic	_	none	PauseAfter=Yes	_	_	_	_	_
108-2	TO029	108	2	(.)	(.)	_	_	_	_	_	shortpause	_	none	_	_	_	_	_	_
108-3	TO029	108	3	non	non	_	_	_	_	_	linguistic	_	none	_	_	_	_	_	_
108-4	TO029	108	4	so	so	_	_	_	_	_	linguistic	_	none	_	_	_	_	_	_
108-5	TO029	108	5	come	come	_	_	_	_	_	linguistic	_	none	_	_	_	_	_	_
108-6	TO029	108	6	dire	dire	_	_	_	_	_	linguistic	_	none	_	_	_	_	_	_
108-7	TO029	108	7	ma	ma	_	_	_	_	_	linguistic	_	none	_	_	_	_	_	_
108-8	TO029	108	8	la	la	_	_	_	_	_	linguistic	_	none	_	_	_	_	_	_
108-9	TO029	108	9	rossi	rossi	_	_	_	_	_	linguistic	_	none	_	_	_	_	_	_
108-10	TO029	108	10	potrebbe	potrebbe	_	_	_	_	_	linguistic	_	none	_	_	_	_	_	_
108-11	TO029	108	11	se	se	_	_	_	_	_	linguistic	_	none	_	_	_	_	_	_
108-12	TO029	108	12	vuole	vuole	_	_	_	_	_	linguistic	_	none	_	_	_	_	_	_
108-13	TO029	108	13	farlo	farlo	_	_	_	_	_	linguistic	_	none	_	_	_	_	_	_
108-14	TO029	108	14	potrebbe	potrebbe	_	_	_	_	_	linguistic	_	none	_	_	_	_	_	_
108-15	TO029	108	15	essere	essere	_	_	_	_	_	linguistic	_	none	_	_	_	_	_	_
108-16	TO029	108	16	un	un	_	_	_	_	_	linguistic	_	none	_	_	_	_	_	_
108-17	TO029	108	17	pochino,	pochino	_	_	_	_	_	linguistic	_	none	Intonation=WeaklyRising	End=363.407	_	_	_	_
109-0	TO029	109	0	cioè	cioè	_	_	_	_	_	linguistic	_	none	_	Begin=364.086	_	_	_	_
109-1	TO029	109	1	farlo	farlo	_	_	_	_	_	linguistic	_	none	_	_	_	_	_	_
109-2	TO029	109	2	un	un	_	_	_	_	_	linguistic	_	none	_	_	_	_	_	_
109-3	TO029	109	3	pochino	pochino	_	_	_	_	_	linguistic	_	none	_	_	_	_	_	_
109-4	TO029	109	4	più	più	_	_	_	_	_	linguistic	_	none	_	_	_	_	_	_
109-5	TO029	109	5	meno	meno	_	_	_	_	_	linguistic	_	none	_	_	_	_	_	_
109-6	TO029	109	6	evidente	evidente	_	_	_	_	_	linguistic	_	none	_	_	_	_	_	_
109-7	TO029	109	7	e	e	_	_	_	_	_	linguistic	_	none	_	_	_	_	_	_
109-8	TO029	109	8	pi[ù::	più	_	_	_	_	_	linguistic	_	none	_	_	2x2	_	_	2-3(19)
109-9	TO029	109	9	no::]?	no	_	_	_	_	_	linguistic	_	none	Intonation=Rising	End=367.583	1x2	_	_	0-2(19)
110-0	TO033	110	0	[ma	ma	_	_	_	_	_	linguistic	_	none	_	Begin=367.263	_	_	_	0-2(19)
110-1	TO033	110	1	poi]	poi	_	_	_	_	_	linguistic	_	none	_	_	_	_	_	0-3(19)
110-2	TO033	110	2	voglio	voglio	_	_	_	_	_	linguistic	_	none	_	_	_	_	_	_
110-3	TO033	110	3	dire	dire	_	_	_	_	_	linguistic	_	none	_	_	_	_	_	_
110-4	TO033	110	4	ma	ma	_	_	_	_	_	linguistic	_	none	_	_	_	_	_	_
110-5	TO033	110	5	parliamone	parliamone	_	_	_	_	_	linguistic	_	none	PauseAfter=Yes	_	_	_	_	_
110-6	TO033	110	6	(.)	(.)	_	_	_	_	_	shortpause	_	none	_	_	_	_	_	_
110-7	TO033	110	7	cioè	cioè	_	_	_	_	_	linguistic	_	none	_	_	_	_	_	_
110-8	TO033	110	8	ma	ma	_	_	_	_	_	linguistic	_	none	_	_	_	_	_	_
110-9	TO033	110	9	parliamo	parliamo	_	_	_	_	_	linguistic	_	none	_	_	_	_	_	_
110-10	TO033	110	10	veramente	veramente	_	_	_	_	_	linguistic	_	none	_	_	_	_	_	_
110-11	TO033	110	11	di	di	_	_	_	_	_	linguistic	_	none	_	_	_	_	_	_
110-12	TO033	110	12	cosa	cosa	_	_	_	_	_	linguistic	_	none	_	_	_	_	_	_
110-13	TO033	110	13	ti	ti	_	_	_	_	_	linguistic	_	none	_	_	_	_	_	_
110-14	TO033	110	14	può	può	_	_	_	_	_	linguistic	_	none	_	_	_	_	_	_
110-15	TO033	110	15	dare	dare	_	_	_	_	_	linguistic	_	none	_	_	_	_	_	_
110-16	TO033	110	16	una	una	_	_	_	_	_	linguistic	_	none	_	_	_	_	_	_
110-17	TO033	110	17	laurea	laurea	_	_	_	_	_	linguistic	_	none	_	_	_	_	_	_
110-18	TO033	110	18	con	con	_	_	_	_	_	linguistic	_	none	_	_	_	_	_	_
110-19	TO033	110	19	doppio	doppio	_	_	_	_	_	linguistic	_	none	_	_	_	_	_	_
110-20	TO033	110	20	titolo	titolo	_	_	_	_	_	linguistic	_	none	_	_	_	_	_	_
110-21	TO033	110	21	una	una	_	_	_	_	_	linguistic	_	none	_	_	_	_	_	_
110-22	TO033	110	22	volta	volta	_	_	_	_	_	linguistic	_	none	_	_	_	_	_	_
110-23	TO033	110	23	che	che	_	_	_	_	_	linguistic	_	none	_	_	_	_	_	_
110-24	TO033	110	24	finiamo,	finiamo	_	_	_	_	_	linguistic	_	none	Intonation=WeaklyRising	End=373.687	_	_	_	_
111-0	TO033	111	0	ma	ma	_	_	_	_	_	linguistic	_	none	_	Begin=374.124	_	_	_	_
111-1	TO033	111	1	non	non	_	_	_	_	_	linguistic	_	none	_	_	_	_	_	_
111-2	TO033	111	2	che	che	_	_	_	_	_	linguistic	_	none	_	_	_	_	_	_
111-3	TO033	111	3	fai	fai	_	_	_	_	_	linguistic	_	none	_	_	_	_	_	_
111-4	TO033	111	4	le	le	_	_	_	_	_	linguistic	_	none	_	_	_	_	_	_
111-5	TO033	111	5	tue	tue	_	_	_	_	_	linguistic	_	none	_	_	_	_	_	_
111-6	TO033	111	6	cose	cose	_	_	_	_	_	linguistic	_	none	_	_	_	_	_	_
111-7	TO033	111	7	sottobanco	sottobanco	_	_	_	_	_	linguistic	_	none	_	_	_	_	_	_
111-8	TO033	111	8	i	i	_	_	_	_	_	linguistic	_	none	_	_	_	_	_	_
111-9	TO033	111	9	sotterfugi	sotterfugi	_	_	_	_	_	linguistic	_	none	_	_	_	_	_	_
111-10	TO033	111	10	e	e	_	_	_	_	_	linguistic	_	none	_	_	_	_	_	_
111-11	TO033	111	11	prometti	prometti	_	_	_	_	_	linguistic	_	none	_	_	_	_	_	_
111-12	TO033	111	12	dei	dei	_	_	_	_	_	linguistic	_	none	_	_	_	_	_	_
111-13	TO033	111	13	dottorati	dottorati	_	_	_	_	_	linguistic	_	none	_	_	_	_	_	_
111-14	TO033	111	14	xx	xx	_	_	_	_	_	unknown	_	none	Syllables=2	_	_	_	_	_
111-15	TO033	111	15	xx	xx	_	_	_	_	_	unknown	_	none	Syllables=2	_	_	_	_	_
111-16	TO033	111	16	x	x	_	_	_	_	_	unknown	_	none	Syllables=1	End=379.274	_	_	_	_
112-0	TO029	112	0	ma	ma	_	_	_	_	_	linguistic	_	none	_	Begin=379.586	_	_	_	_
112-1	TO029	112	1	poi	poi	_	_	_	_	_	linguistic	_	none	_	_	_	_	_	_
112-2	TO029	112	2	[non	non	_	_	_	_	_	linguistic	_	none	_	_	_	_	_	0-3(20)
112-3	TO029	112	3	può	può	_	_	_	_	_	linguistic	_	none	_	_	_	_	_	0-3(20)
112-4	TO029	112	4	essere	essere	_	_	_	_	_	linguistic	_	none	_	_	_	_	_	0-6(20)
112-5	TO029	112	5	vero]	vero	_	_	_	_	_	linguistic	_	none	_	_	_	_	_	0-4(20)
112-6	TO029	112	6	non	non	_	_	_	_	_	linguistic	_	none	_	_	_	_	_	_
112-7	TO029	112	7	ci	ci	_	_	_	_	_	linguistic	_	none	_	_	_	_	_	_
112-8	TO029	112	8	credo	credo	_	_	_	_	_	linguistic	_	none	_	_	_	_	_	_
112-9	TO029	112	9	[ma	ma	_	_	_	_	_	linguistic	_	none	_	_	_	_	_	0-2(21)
112-10	TO029	112	10	non	non	_	_	_	_	_	linguistic	_	none	_	_	_	_	_	0-3(21)
112-11	TO029	112	11	ci	ci	_	_	_	_	_	linguistic	_	none	_	_	_	_	_	0-2(21)
112-12	TO029	112	12	cre::do::]	credo	_	_	_	_	_	linguistic	_	none	_	End=383.63	2x2,4x2	_	_	0-5(21)
113-0	TO033	113	0	[alla	alla	_	_	_	_	_	linguistic	_	none	_	Begin=379.983	_	_	_	0-4(20)
113-1	TO033	113	1	gente	gente	_	_	_	_	_	linguistic	_	none	_	_	_	_	_	0-5(20)
113-2	TO033	113	2	che	che	_	_	_	_	_	linguistic	_	none	_	_	_	_	_	0-3(20)
113-3	TO033	113	3	ti	ti	_	_	_	_	_	linguistic	_	none	_	_	_	_	_	0-2(20)
113-4	TO033	113	4	lecca]	lecca	_	_	_	_	_	linguistic	_	none	_	_	_	_	_	0-5(20)
113-5	TO033	113	5	il	il	_	_	_	_	_	linguistic	_	none	_	_	_	_	_	_
113-6	TO033	113	6	cu::lo,	culo	_	_	_	_	_	linguistic	_	none	Intonation=WeaklyRising	End=381.412	1x2	_	_	_
114-0	TO034	114	0	[neanch'	neanch'	_	_	_	_	_	linguistic	_	none	SpaceAfter=No	Begin=382.421	_	_	_	0-7(21)
114-1	TO034	114	1	io	io	_	_	_	_	_	linguistic	_	none	_	_	_	_	_	0-2(21)
114-2	TO034	114	2	ci	ci	_	_	_	_	_	linguistic	_	none	_	_	_	_	_	0-2(21)
114-3	TO034	114	3	voglio	voglio	_	_	_	_	_	linguistic	_	none	_	_	_	_	_	0-6(21)
114-4	TO034	114	4	cre]dere	credere	_	_	_	_	_	linguistic	_	none	_	_	_	_	_	0-3(21)
114-5	TO034	114	5	ti	ti	_	_	_	_	_	linguistic	_	none	_	_	_	_	_	_
114-6	TO034	114	6	giuro	giuro	_	_	_	_	_	linguistic	_	none	_	End=384.508	_	_	_	_
115-0	TO029	115	0	ma	ma	_	_	_	_	_	linguistic	_	none	_	Begin=384.737	_	_	_	_
115-1	TO029	115	1	io	io	_	_	_	_	_	linguistic	_	none	_	_	_	_	_	_
115-2	TO029	115	2	non	non	_	_	_	_	_	linguistic	_	none	_	_	_	_	_	_
115-3	TO029	115	3	ma	ma	_	_	_	_	_	linguistic	_	none	_	_	_	_	_	_
115-4	TO029	115	4	io	io	_	_	_	_	_	linguistic	_	none	_	_	_	_	_	_
115-5	TO029	115	5	cioè	cioè	_	_	_	_	_	linguistic	_	none	_	_	_	_	_	_
115-6	TO029	115	6	ma	ma	_	_	_	_	_	linguistic	_	none	_	_	_	_	_	_
115-7	TO029	115	7	no	no	_	_	_	_	_	linguistic	_	none	_	_	_	_	_	_
115-8	TO029	115	8	ma	ma	_	_	_	_	_	linguistic	_	none	_	_	_	_	_	_
115-9	TO029	115	9	non	non	_	_	_	_	_	linguistic	_	none	_	_	_	_	_	_
115-10	TO029	115	10	ci	ci	_	_	_	_	_	linguistic	_	none	_	_	_	_	_	_
115-11	TO029	115	11	credo	credo	_	_	_	_	_	linguistic	_	none	_	_	_	_	_	_
115-12	TO029	115	12	cioè	cioè	_	_	_	_	_	linguistic	_	none	_	_	_	_	_	_
115-13	TO029	115	13	non	non	_	_	_	_	_	linguistic	_	none	_	_	_	_	_	_
115-14	TO029	115	14	che	che	_	_	_	_	_	linguistic	_	none	_	_	_	_	_	_
115-15	TO029	115	15	lei	lei	_	_	_	_	_	linguistic	_	none	_	_	_	_	_	_
115-16	TO029	115	16	l'	l'	_	_	_	_	_	linguistic	_	none	SpaceAfter=No	_	_	_	_	_
115-17	TO029	115	17	abbia	abbia	_	_	_	_	_	linguistic	_	none	_	_	_	_	_	_
115-18	TO029	115	18	fatto	fatto	_	_	_	_	_	linguistic	_	none	_	_	_	_	_	_
115-19	TO029	115	19	non	non	_	_	_	_	_	linguistic	_	none	_	_	_	_	_	_
115-20	TO029	115	20	ci	ci	_	_	_	_	_	linguistic	_	none	_	_	_	_	_	_
115-21	TO029	115	21	credo	credo	_	_	_	_	_	linguistic	_	none	_	_	_	_	_	_
115-22	TO029	115	22	poi	poi	_	_	_	_	_	linguistic	_	none	_	_	_	_	_	_
115-23	TO029	115	23	che	che	_	_	_	_	_	linguistic	_	none	_	_	_	_	_	_
115-24	TO029	115	24	poi	poi	_	_	_	_	_	linguistic	_	none	_	_	_	_	_	_
115-25	TO029	115	25	lo	lo	_	_	_	_	_	linguistic	_	none	_	_	_	_	_	_
115-26	TO029	115	26	possa	possa	_	_	_	_	_	linguistic	_	none	_	_	_	_	_	_
115-27	TO029	115	27	fare	fare	_	_	_	_	_	linguistic	_	none	_	_	_	_	_	_
115-28	TO029	115	28	veramente	veramente	_	_	_	_	_	linguistic	_	none	_	End=389.014	_	_	_	_
116-0	TO033	116	0	no	no	_	_	_	_	_	linguistic	_	none	_	Begin=389.217	_	_	_	_
116-1	TO033	116	1	ma	ma	_	_	_	_	_	linguistic	_	none	_	_	_	_	_	_
116-2	TO033	116	2	poi	poi	_	_	_	_	_	linguistic	_	none	_	_	_	_	_	_
116-3	TO033	116	3	mari	mari	_	_	_	_	_	linguistic	_	none	_	_	_	_	_	_
116-4	TO033	116	4	io	io	_	_	_	_	_	linguistic	_	none	_	_	_	_	_	_
116-5	TO033	116	5	non	non	_	_	_	_	_	linguistic	_	none	_	_	_	_	_	_
116-6	TO033	116	6	so	so	_	_	_	_	_	linguistic	_	none	_	_	_	_	_	_
116-7	TO033	116	7	quanto	quanto	_	_	_	_	_	linguistic	_	none	_	End=390.873	_	_	_	_
117-0	TO033	117	0	cioè	cioè	_	_	_	_	_	linguistic	_	none	_	Begin=391.157	_	_	_	_
117-1	TO033	117	1	no	no	_	_	_	_	_	linguistic	_	none	_	_	_	_	_	_
117-2	TO033	117	2	sicuramente	sicuramente	_	_	_	_	_	linguistic	_	none	_	_	_	_	_	_
117-3	TO033	117	3	questa	questa	_	_	_	_	_	linguistic	_	none	_	_	_	_	_	_
117-4	TO033	117	4	è	è	_	_	_	_	_	linguistic	_	none	_	_	_	_	_	_
117-5	TO033	117	5	la	la	_	_	_	_	_	linguistic	_	none	_	_	_	_	_	_
117-6	TO033	117	6	base	base	_	_	_	_	_	linguistic	_	none	_	End=392.924	_	_	_	_
118-0	TO034	118	0	ma	ma	_	_	_	_	_	linguistic	_	none	_	Begin=393.569	_	_	_	_
118-1	TO034	118	1	[secondo	secondo	_	_	_	_	_	linguistic	_	none	_	_	_	_	_	0-7(22)
118-2	TO034	118	2	me	me	_	_	_	_	_	linguistic	_	none	_	_	_	_	_	0-2(22)
118-3	TO034	118	3	xxxx]	xxxx	_	_	_	_	_	unknown	_	none	Syllables=4	End=395.315	_	_	_	0-4(22)
119-0	TO033	119	0	[poi	poi	_	_	_	_	_	linguistic	_	none	_	Begin=393.876	_	_	_	0-3(22)
119-1	TO033	119	1	lei	lei	_	_	_	_	_	linguistic	_	none	_	_	_	_	_	0-3(22)
119-2	TO033	119	2	può	può	_	_	_	_	_	linguistic	_	none	_	_	_	_	_	0-3(22)
119-3	TO033	119	3	può	può	_	_	_	_	_	linguistic	_	none	_	_	_	_	_	0-3(22)
119-4	TO033	119	4	essere]	essere	_	_	_	_	_	linguistic	_	none	_	_	_	_	_	0-6(22)
119-5	TO033	119	5	che	che	_	_	_	_	_	linguistic	_	none	_	_	_	_	_	_
119-6	TO033	119	6	ci	ci	_	_	_	_	_	linguistic	_	none	_	_	_	_	_	_
119-7	TO033	119	7	siano	siano	_	_	_	_	_	linguistic	_	none	_	_	_	_	_	_
119-8	TO033	119	8	vari	vari	_	_	_	_	_	linguistic	_	none	_	_	_	_	_	_
119-9	TO033	119	9	travisamenti	travisamenti	_	_	_	_	_	linguistic	_	none	_	_	_	_	_	_
119-10	TO033	119	10	e:::h	eh	_	_	_	_	_	linguistic	_	none	_	End=398.23	0x3	_	_	_
120-0	TO029	120	0	no	no	_	_	_	_	_	linguistic	_	none	_	Begin=398.824	_	_	_	_
120-1	TO029	120	1	ma	ma	_	_	_	_	_	linguistic	_	none	_	_	_	_	_	_
120-2	TO029	120	2	io	io	_	_	_	_	_	linguistic	_	none	_	_	_	_	_	_
120-3	TO029	120	3	non	non	_	_	_	_	_	linguistic	_	none	_	_	_	_	_	_
120-4	TO029	120	4	ho	ho	_	_	_	_	_	linguistic	_	none	_	_	_	_	_	_
120-5	TO029	120	5	detto	detto	_	_	_	_	_	linguistic	_	none	_	_	_	_	_	_
120-6	TO029	120	6	che	che	_	_	_	_	_	linguistic	_	none	_	_	_	_	_	_
120-7	TO029	120	7	veramente	veramente	_	_	_	_	_	linguistic	_	none	_	_	_	_	_	_
120-8	TO029	120	8	si	si	_	_	_	_	_	linguistic	_	none	_	_	_	_	_	_
120-9	TO029	120	9	possa	possa	_	_	_	_	_	linguistic	_	none	_	_	_	_	_	_
120-10	TO029	120	10	che	che	_	_	_	_	_	linguistic	_	none	_	_	_	_	_	_
120-11	TO029	120	11	possa	possa	_	_	_	_	_	linguistic	_	none	_	_	_	_	_	_
120-12	TO029	120	12	xxx	xxx	_	_	_	_	_	unknown	_	none	Syllables=3	_	_	_	_	_
120-13	TO029	120	13	funzionare	funzionare	_	_	_	_	_	linguistic	_	none	_	_	_	_	_	_
120-14	TO029	120	14	così,	così	_	_	_	_	_	linguistic	_	none	Intonation=WeaklyRising	End=402.876	_	_	_	_
121-0	TO029	121	0	che	che	_	_	_	_	_	linguistic	_	none	_	Begin=403.27	_	_	_	_
121-1	TO029	121	1	la	la	_	_	_	_	_	linguistic	_	none	_	_	_	_	_	_
121-2	TO029	121	2	rossi	rossi	_	_	_	_	_	linguistic	_	none	_	_	_	_	_	_
121-3	TO029	121	3	dice	dice	_	_	_	_	_	linguistic	_	none	_	_	_	_	_	_
121-4	TO029	121	4	una	una	_	_	_	_	_	linguistic	_	none	_	_	_	_	_	_
121-5	TO029	121	5	roba,	roba	_	_	_	_	_	linguistic	_	none	Intonation=WeaklyRising	_	_	_	_	_
121-6	TO029	121	6	e	e	_	_	_	_	_	linguistic	_	none	_	_	_	_	_	_
121-7	TO029	121	7	verdii	verdii	_	_	_	_	_	linguistic	_	none	_	_	_	_	_	_
121-8	TO029	121	8	ne	ne	_	_	_	_	_	linguistic	_	none	_	_	_	_	_	_
121-9	TO029	121	9	dice	dice	_	_	_	_	_	linguistic	_	none	_	_	_	_	_	_
121-10	TO029	121	10	un'	un'	_	_	_	_	_	linguistic	_	none	SpaceAfter=No	_	_	_	_	_
121-11	TO029	121	11	altra,	altra	_	_	_	_	_	linguistic	_	none	Intonation=WeaklyRising	_	_	_	_	_
121-12	TO029	121	12	e::	e	_	_	_	_	_	linguistic	_	none	_	_	0x2	_	_	_
121-13	TO029	121	13	marina	marina	_	_	_	_	_	linguistic	_	none	_	_	_	_	_	_
121-14	TO029	121	14	si	si	_	_	_	_	_	linguistic	_	none	_	_	_	_	_	_
121-15	TO029	121	15	prende	prende	_	_	_	_	_	linguistic	_	none	_	_	_	_	_	_
121-16	TO029	121	16	un	un	_	_	_	_	_	linguistic	_	none	_	_	_	_	_	_
121-17	TO029	121	17	voto	voto	_	_	_	_	_	linguistic	_	none	_	_	_	_	_	_
121-18	TO029	121	18	alto	alto	_	_	_	_	_	linguistic	_	none	_	End=408.13	_	_	_	_
122-0	TO034	122	0	xxx	xxx	_	_	_	_	_	unknown	_	none	Syllables=3	Begin=408.926|End=409.621	_	_	_	_
123-0	TO029	123	0	no	no	_	_	_	_	_	linguistic	_	none	_	Begin=410.075	_	_	_	_
123-1	TO029	123	1	mi	mi	_	_	_	_	_	linguistic	_	none	_	_	_	_	_	_
123-2	TO029	123	2	sembra	sembra	_	_	_	_	_	linguistic	_	none	_	_	_	_	_	_
123-3	TO029	123	3	un	un	_	_	_	_	_	linguistic	_	none	_	_	_	_	_	_
123-4	TO029	123	4	po'	po'	_	_	_	_	_	linguistic	_	none	_	_	_	_	_	_
123-5	TO029	123	5	assurdo	assurdo	_	_	_	_	_	linguistic	_	none	_	_	_	_	_	_
123-6	TO029	123	6	cioè	cioè	_	_	_	_	_	linguistic	_	none	_	_	_	_	_	_
123-7	TO029	123	7	non	non	_	_	_	_	_	linguistic	_	none	_	_	_	_	_	_
123-8	TO029	123	8	è	è	_	_	_	_	_	linguistic	_	none	_	_	_	_	_	_
123-9	TO029	123	9	mica	mica	_	_	_	_	_	linguistic	_	none	_	_	_	_	_	_
123-10	TO029	123	10	l'	l'	_	_	_	_	_	linguistic	_	none	SpaceAfter=No	_	_	_	_	_
123-11	TO029	123	11	università	università	_	_	_	_	_	linguistic	_	none	_	_	_	_	_	_
123-12	TO029	123	12	di	di	_	_	_	_	_	linguistic	_	none	_	_	_	_	_	_
123-13	TO029	123	13	torino	torino	_	_	_	_	_	linguistic	_	none	_	End=412.992	_	_	_	_
124-0	TO029	124	0	un	un	_	_	_	_	_	linguistic	_	none	_	Begin=415.702	_	_	_	_
124-1	TO029	124	1	polo	polo	_	_	_	_	_	linguistic	_	none	_	_	_	_	_	_
124-2	TO029	124	2	internaziona::le	internazionale	_	_	_	_	_	linguistic	_	none	_	_	11x2	_	_	_
124-3	TO029	124	3	centro	centro	_	_	_	_	_	linguistic	_	none	_	_	_	_	_	_
124-4	TO029	124	4	socia::le	sociale	_	_	_	_	_	linguistic	_	none	_	_	4x2	_	_	_
124-5	TO029	124	5	una	una	_	_	_	_	_	linguistic	_	none	_	_	_	_	_	_
124-6	TO029	124	6	roba	roba	_	_	_	_	_	linguistic	_	none	_	_	_	_	_	_
124-7	TO029	124	7	tutto	tutto	_	_	_	_	_	linguistic	_	none	_	_	_	_	_	_
124-8	TO029	124	8	no?	no	_	_	_	_	_	linguistic	_	none	Intonation=Rising	End=419.938	_	_	_	_
125-0	TO033	125	0	io	io	_	_	_	_	_	linguistic	_	none	_	Begin=421.225	_	_	_	_
125-1	TO033	125	1	[non~	non~	_	_	_	_	_	linguistic	_	none	Interrupted=Yes	_	_	_	_	0-4(23)
125-2	TO033	125	2	io]	io	_	_	_	_	_	linguistic	_	none	_	End=422.177	_	_	_	0-2(23)
126-0	TO029	126	0	[trovate	trovate	_	_	_	_	_	linguistic	_	none	_	Begin=421.805	_	_	_	0-7(23)
126-1	TO029	126	1	la]	la	_	_	_	_	_	linguistic	_	none	_	_	_	_	_	0-2(23)
126-2	TO029	126	2	gente	gente	_	_	_	_	_	linguistic	_	none	_	_	_	_	_	_
126-3	TO029	126	3	qualificata	qualificata	_	_	_	_	_	linguistic	_	none	_	_	_	_	_	_
126-4	TO029	126	4	che	che	_	_	_	_	_	linguistic	_	none	_	_	_	_	_	_
126-5	TO029	126	5	fa	fa	_	_	_	_	_	linguistic	_	none	_	_	_	_	_	_
126-6	TO029	126	6	[le	le	_	_	_	_	_	linguistic	_	none	_	_	_	_	_	0-2(24)
126-7	TO029	126	7	domande]	domande	_	_	_	_	_	linguistic	_	none	_	End=424.699	_	_	_	0-7(24)
127-0	TO033	127	0	[ma	ma	_	_	_	_	_	linguistic	_	none	_	Begin=423.487	_	_	_	0-2(24)
127-1	TO033	127	1	io	io	_	_	_	_	_	linguistic	_	none	_	_	_	_	_	0-2(24)
127-2	TO033	127	2	non	non	_	_	_	_	_	linguistic	_	none	_	_	_	_	_	0-3(24)
127-3	TO033	127	3	mi	mi	_	_	_	_	_	linguistic	_	none	_	_	_	_	_	0-2(24)
127-4	TO033	127	4	stupi]~	stupi~	_	_	_	_	_	linguistic	_	none	Interrupted=Yes	_	_	_	_	0-5(24)
127-5	TO033	127	5	non	non	_	_	_	_	_	linguistic	_	none	_	_	_	_	_	_
127-6	TO033	127	6	mi	mi	_	_	_	_	_	linguistic	_	none	_	_	_	_	_	_
127-7	TO033	127	7	stupisco	stupisco	_	_	_	_	_	linguistic	_	none	_	_	_	_	_	_
127-8	TO033	127	8	mari	mari	_	_	_	_	_	linguistic	_	none	_	_	_	_	_	_
127-9	TO033	127	9	cioè	cioè	_	_	_	_	_	linguistic	_	none	_	_	_	_	_	_
127-10	TO033	127	10	sto	sto	_	_	_	_	_	linguistic	_	none	_	_	_	_	_	_
127-11	TO033	127	11	master	master	_	_	_	_	_	linguistic	_	none	_	_	_	_	_	_
127-12	TO033	127	12	[è	è	_	_	_	_	_	linguistic	_	none	_	_	_	_	_	0-1(25)
127-13	TO033	127	13	costruito]	costruito	_	_	_	_	_	linguistic	_	none	_	End=427.053	_	_	_	0-9(25)
128-0	TO034	128	0	[ma	ma	_	_	_	_	_	linguistic	_	none	_	Begin=425.874	_	_	_	0-2(25)
128-1	TO034	128	1	infatti	infatti	_	_	_	_	_	linguistic	_	none	_	_	_	_	_	0-7(25)
128-2	TO034	128	2	porca	porca	_	_	_	_	_	linguistic	_	none	_	_	_	_	_	0-5(25)
128-3	TO034	128	3	troia]	troia	_	_	_	_	_	linguistic	_	none	_	End=427.356	_	_	_	0-5(25)
129-0	TO033	129	0	è	è	_	_	_	_	_	linguistic	_	none	_	Begin=427.359	_	_	_	_
129-1	TO033	129	1	costruito	costruito	_	_	_	_	_	linguistic	_	none	_	_	_	_	_	_
129-2	TO033	129	2	sopra	sopra	_	_	_	_	_	linguistic	_	none	_	_	_	_	_	_
129-3	TO033	129	3	le	le	_	_	_	_	_	linguistic	_	none	_	_	_	_	_	_
129-4	TO033	129	4	conoscenze	conoscenze	_	_	_	_	_	linguistic	_	none	_	_	_	_	_	_
129-5	TO033	129	5	sopra	sopra	_	_	_	_	_	linguistic	_	none	_	_	_	_	_	_
129-6	TO033	129	6	un	un	_	_	_	_	_	linguistic	_	none	_	_	_	_	_	_
129-7	TO033	129	7	gruppo	gruppo	_	_	_	_	_	linguistic	_	none	_	_	_	_	_	_
129-8	TO033	129	8	di	di	_	_	_	_	_	linguistic	_	none	_	_	_	_	_	_
129-9	TO033	129	9	[persone]	persone	_	_	_	_	_	linguistic	_	none	_	_	_	_	_	0-7(26)
129-10	TO033	129	10	che	che	_	_	_	_	_	linguistic	_	none	_	_	_	_	_	_
129-11	TO033	129	11	si	si	_	_	_	_	_	linguistic	_	none	_	_	_	_	_	_
129-12	TO033	129	12	conoscono	conoscono	_	_	_	_	_	linguistic	_	none	_	_	_	_	_	_
129-13	TO033	129	13	da	da	_	_	_	_	_	linguistic	_	none	_	_	_	_	_	_
129-14	TO033	129	14	dieci	dieci	_	_	_	_	_	linguistic	_	none	_	_	_	_	_	_
129-15	TO033	129	15	[anni],	anni	_	_	_	_	_	linguistic	_	none	Intonation=WeaklyRising	End=432.034	_	_	_	0-4(27)
130-0	TO029	130	0	[è	è	_	_	_	_	_	linguistic	_	none	_	Begin=429.469	_	_	_	0-1(26)
130-1	TO029	130	1	vero]	vero	_	_	_	_	_	linguistic	_	none	_	End=429.918	_	_	_	0-4(26)
131-0	TO029	131	0	[è]	è	_	_	_	_	_	linguistic	_	none	_	Begin=431.779	_	_	_	0-1(27)
131-1	TO029	131	1	vero	vero	_	_	_	_	_	linguistic	_	none	_	End=432.219	_	_	_	_
132-0	TO033	132	0	e	e	_	_	_	_	_	linguistic	_	none	_	Begin=432.411	_	_	_	_
132-1	TO033	132	1	han	han	_	_	_	_	_	linguistic	_	none	_	_	_	_	_	_
132-2	TO033	132	2	deciso	deciso	_	_	_	_	_	linguistic	_	none	_	_	_	_	_	_
132-3	TO033	132	3	di	di	_	_	_	_	_	linguistic	_	none	_	_	_	_	_	_
132-4	TO033	132	4	fare	fare	_	_	_	_	_	linguistic	_	none	_	_	_	_	_	_
132-5	TO033	132	5	una	una	_	_	_	_	_	linguistic	_	none	_	_	_	_	_	_
132-6	TO033	132	6	cosa	cosa	_	_	_	_	_	linguistic	_	none	_	_	_	_	_	_
132-7	TO033	132	7	che	che	_	_	_	_	_	linguistic	_	none	_	_	_	_	_	_
132-8	TO033	132	8	di	di	_	_	_	_	_	linguistic	_	none	_	_	_	_	_	_
132-9	TO033	132	9	facciata	facciata	_	_	_	_	_	linguistic	_	none	_	_	_	_	_	_
132-10	TO033	132	10	sembra	sembra	_	_	_	_	_	linguistic	_	none	_	_	_	_	_	_
132-11	TO033	132	11	la	la	_	_	_	_	_	linguistic	_	none	_	_	_	_	_	_
132-12	TO033	132	12	roba	roba	_	_	_	_	_	linguistic	_	none	_	_	_	_	_	_
132-13	TO033	132	13	più	più	_	_	_	_	_	linguistic	_	none	_	_	_	_	_	_
132-14	TO033	132	14	figa	figa	_	_	_	_	_	linguistic	_	none	_	_	_	_	_	_
132-15	TO033	132	15	del	del	_	_	_	_	_	linguistic	_	none	_	_	_	_	_	_
132-16	TO033	132	16	mondo,	mondo	_	_	_	_	_	linguistic	_	none	Intonation=WeaklyRising	End=436.015	_	_	_	_
133-0	TO029	133	0	è	è	_	_	_	_	_	linguistic	_	none	_	Begin=436.038	_	_	_	_
133-1	TO029	133	1	vero	vero	_	_	_	_	_	linguistic	_	none	_	_	_	_	_	_
133-2	TO029	133	2	e	e	_	_	_	_	_	linguistic	_	none	_	_	_	_	_	_
133-3	TO029	133	3	in	in	_	_	_	_	_	linguistic	_	none	_	_	_	_	_	_
133-4	TO029	133	4	[realtà	realtà	_	_	_	_	_	linguistic	_	none	_	_	_	_	_	0-6(28)
133-5	TO029	133	5	si	si	_	_	_	_	_	linguistic	_	none	_	_	_	_	_	0-2(28)
133-6	TO029	133	6	prendono	prendono	_	_	_	_	_	linguistic	_	none	_	_	_	_	_	0-8(28)
133-7	TO029	133	7	lo	lo	_	_	_	_	_	linguistic	_	none	_	_	_	_	_	0-2(28)
133-8	TO029	133	8	stipendio]	stipendio	_	_	_	_	_	linguistic	_	none	_	End=438.146	_	_	_	0-9(28)
134-0	TO033	134	0	[e	e	_	_	_	_	_	linguistic	_	none	_	Begin=436.715	_	_	_	0-1(28)
134-1	TO033	134	1	poi	poi	_	_	_	_	_	linguistic	_	none	_	_	_	_	_	0-3(28)
134-2	TO033	134	2	andiamo	andiamo	_	_	_	_	_	linguistic	_	none	_	_	_	_	_	0-7(28)
134-3	TO033	134	3	lì	lì	_	_	_	_	_	linguistic	_	none	_	_	_	_	_	0-2(28)
134-4	TO033	134	4	e]	e	_	_	_	_	_	linguistic	_	none	PauseAfter=Yes	_	_	_	_	0-1(28)
134-5	TO033	134	5	(.)	(.)	_	_	_	_	_	shortpause	_	none	_	_	_	_	_	_
134-6	TO033	134	6	cioè	cioè	_	_	_	_	_	linguistic	_	none	_	End=438.296	_	_	_	_
135-0	TO033	135	0	e	e	_	_	_	_	_	linguistic	_	none	_	Begin=439.792	_	_	_	_
135-1	TO033	135	1	poi	poi	_	_	_	_	_	linguistic	_	none	_	_	_	_	_	_
135-2	TO033	135	2	anna	anna	_	_	_	_	_	linguistic	_	none	_	_	_	_	_	_
135-3	TO033	135	3	lì	lì	_	_	_	_	_	linguistic	_	none	_	_	_	_	_	_
135-4	TO033	135	4	mi	mi	_	_	_	_	_	linguistic	_	none	_	_	_	_	_	_
135-5	TO033	135	5	diceva	diceva	_	_	_	_	_	linguistic	_	none	_	_	_	_	_	_
135-6	TO033	135	6	io	io	_	_	_	_	_	linguistic	_	none	_	_	_	_	_	_
135-7	TO033	135	7	non	non	_	_	_	_	_	linguistic	_	none	_	_	_	_	_	_
135-8	TO033	135	8	ho	ho	_	_	_	_	_	linguistic	_	none	_	_	_	_	_	_
135-9	TO033	135	9	imparato	imparato	_	_	_	_	_	linguistic	_	none	_	_	_	_	_	_
135-10	TO033	135	10	niente	niente	_	_	_	_	_	linguistic	_	none	_	_	_	_	_	_
135-11	TO033	135	11	in	in	_	_	_	_	_	linguistic	_	none	_	_	_	_	_	_
135-12	TO033	135	12	questo	questo	_	_	_	_	_	linguistic	_	none	_	_	_	_	_	_
135-13	TO033	135	13	master	master	_	_	_	_	_	linguistic	_	none	_	_	_	_	_	_
135-14	TO033	135	14	niente	niente	_	_	_	_	_	linguistic	_	none	_	_	_	_	_	_
135-15	TO033	135	15	[niente]	niente	_	_	_	_	_	linguistic	_	none	_	End=443.653	_	_	_	0-6(29)
136-0	TO029	136	0	[ma	ma	_	_	_	_	_	linguistic	_	none	_	Begin=443.021	_	_	_	0-2(29)
136-1	TO029	136	1	neanch'	neanch'	_	_	_	_	_	linguistic	_	none	SpaceAfter=No	_	_	_	_	0-7(29)
136-2	TO029	136	2	io]	io	_	_	_	_	_	linguistic	_	none	_	End=443.653	_	_	_	0-2(29)
137-0	TO033	137	0	cioè	cioè	_	_	_	_	_	linguistic	_	none	_	Begin=444.563	_	_	_	_
137-1	TO033	137	1	siamo	siamo	_	_	_	_	_	linguistic	_	none	_	_	_	_	_	_
137-2	TO033	137	2	[arrivati	arrivati	_	_	_	_	_	linguistic	_	none	_	_	_	_	_	0-8(30)
137-3	TO033	137	3	in	in	_	_	_	_	_	linguistic	_	none	_	_	_	_	_	0-2(30)
137-4	TO033	137	4	marocco],	marocco	_	_	_	_	_	linguistic	_	none	Intonation=WeaklyRising	End=445.872	_	_	_	0-7(30)
138-0	TO029	138	0	[ma	ma	_	_	_	_	_	linguistic	_	none	_	Begin=444.992	_	_	_	0-2(30)
138-1	TO029	138	1	siamo	siamo	_	_	_	_	_	linguistic	_	none	_	_	_	_	_	0-5(30)
138-2	TO029	138	2	tutti	tutti	_	_	_	_	_	linguistic	_	none	_	_	_	_	_	0-5(30)
138-3	TO029	138	3	d'	d'	_	_	_	_	_	linguistic	_	none	SpaceAfter=No	_	_	_	_	0-2(30)
138-4	TO029	138	4	a]ccordo	accordo	_	_	_	_	_	linguistic	_	none	_	_	_	_	_	0-1(30)
138-5	TO029	138	5	[su	su	_	_	_	_	_	linguistic	_	none	_	_	_	_	_	0-2(31)
138-6	TO029	138	6	quello]	quello	_	_	_	_	_	linguistic	_	none	_	End=446.973	_	_	_	0-6(31)
139-0	TO033	139	0	[non	non	_	_	_	_	_	linguistic	_	none	_	Begin=445.994	_	_	_	0-3(31)
139-1	TO033	139	1	uno	uno	_	_	_	_	_	linguistic	_	none	_	_	_	_	_	0-3(31)
139-2	TO033	139	2	che	che	_	_	_	_	_	linguistic	_	none	_	_	_	_	_	0-3(31)
139-3	TO033	139	3	ci	ci	_	_	_	_	_	linguistic	_	none	_	_	_	_	_	0-2(31)
139-4	TO033	139	4	abbia	abbia	_	_	_	_	_	linguistic	_	none	_	_	_	_	_	0-5(31)
139-5	TO033	139	5	fa]tto	fatto	_	_	_	_	_	linguistic	_	none	_	_	_	_	_	0-2(31)
139-6	TO033	139	6	una	una	_	_	_	_	_	linguistic	_	none	_	_	_	_	_	_
139-7	TO033	139	7	lezione	lezione	_	_	_	_	_	linguistic	_	none	_	_	_	_	_	_
139-8	TO033	139	8	ma	ma	_	_	_	_	_	linguistic	_	none	_	_	_	_	_	_
139-9	TO033	139	9	anche	anche	_	_	_	_	_	linguistic	_	none	_	_	_	_	_	_
139-10	TO033	139	10	tipo	tipo	_	_	_	_	_	linguistic	_	none	_	_	_	_	_	_
139-11	TO033	139	11	introduttiva,	introduttiva	_	_	_	_	_	linguistic	_	none	Intonation=WeaklyRising	End=449.238	_	_	_	_
140-0	TO033	140	0	su	su	_	_	_	_	_	linguistic	_	none	_	Begin=449.685	_	_	_	_
140-1	TO033	140	1	il	il	_	_	_	_	_	linguistic	_	none	_	_	_	_	_	_
140-2	TO033	140	2	marocco	marocco	_	_	_	_	_	linguistic	_	none	_	_	_	_	_	_
140-3	TO033	140	3	oggi	oggi	_	_	_	_	_	linguistic	_	none	_	_	_	_	_	_
140-4	TO033	140	4	cioè	cioè	_	_	_	_	_	linguistic	_	none	PauseAfter=Yes	_	_	_	_	_
140-5	TO033	140	5	(.)	(.)	_	_	_	_	_	shortpause	_	none	_	_	_	_	_	_
140-6	TO033	140	6	il	il	_	_	_	_	_	linguistic	_	none	_	_	_	_	_	_
140-7	TO033	140	7	governo	governo	_	_	_	_	_	linguistic	_	none	_	_	_	_	_	_
140-8	TO033	140	8	come	come	_	_	_	_	_	linguistic	_	none	_	_	_	_	_	_
140-9	TO033	140	9	funziona	funziona	_	_	_	_	_	linguistic	_	none	_	_	_	_	_	_
140-10	TO033	140	10	cioè	cioè	_	_	_	_	_	linguistic	_	none	_	_	_	_	_	_
140-11	TO033	140	11	ma	ma	_	_	_	_	_	linguistic	_	none	_	_	_	_	_	_
140-12	TO033	140	12	io	io	_	_	_	_	_	linguistic	_	none	_	_	_	_	_	_
140-13	TO033	140	13	[che	che	_	_	_	_	_	linguistic	_	none	_	_	_	_	_	0-3(32)
140-14	TO033	140	14	cazzo	cazzo	_	_	_	_	_	linguistic	_	none	_	_	_	_	_	0-5(32)
140-15	TO033	140	15	ne	ne	_	_	_	_	_	linguistic	_	none	_	_	_	_	_	0-2(32)
140-16	TO033	140	16	so]?	so	_	_	_	_	_	linguistic	_	none	Intonation=Rising	End=454.515	_	_	_	0-2(32)
141-0	TO029	141	0	[in	in	_	_	_	_	_	linguistic	_	none	_	Begin=453.77	_	_	_	0-2(32)
141-1	TO029	141	1	compenso	compenso	_	_	_	_	_	linguistic	_	none	_	_	_	_	_	0-8(32)
141-2	TO029	141	2	ci]	ci	_	_	_	_	_	linguistic	_	none	_	_	_	_	_	0-2(32)
141-3	TO029	141	3	hanno	hanno	_	_	_	_	_	linguistic	_	none	_	_	_	_	_	_
141-4	TO029	141	4	fatto	fatto	_	_	_	_	_	linguistic	_	none	_	_	_	_	_	_
141-5	TO029	141	5	una	una	_	_	_	_	_	linguistic	_	none	_	_	_	_	_	_
141-6	TO029	141	6	testa	testa	_	_	_	_	_	linguistic	_	none	_	_	_	_	_	_
141-7	TO029	141	7	tanta	tanta	_	_	_	_	_	linguistic	_	none	_	_	_	_	_	_
141-8	TO029	141	8	sull'	sull'	_	_	_	_	_	linguistic	_	none	SpaceAfter=No	_	_	_	_	_
141-9	TO029	141	9	occupazione,	occupazione	_	_	_	_	_	linguistic	_	none	Intonation=WeaklyRising	_	_	_	_	_
141-10	TO029	141	10	la	la	_	_	_	_	_	linguistic	_	none	_	_	_	_	_	_
141-11	TO029	141	11	disoccupazione,	disoccupazione	_	_	_	_	_	linguistic	_	none	Intonation=WeaklyRising	End=458.469	_	_	_	_
142-0	TO033	142	0	la	la	_	_	_	_	_	linguistic	_	none	_	Begin=458.469	_	_	_	_
142-1	TO033	142	1	piramide	piramide	_	_	_	_	_	linguistic	_	none	_	_	_	_	_	_
142-2	TO033	142	2	demografica	demografica	_	_	_	_	_	linguistic	_	none	_	_	_	_	_	_
142-3	TO033	142	3	grazie	grazie	_	_	_	_	_	linguistic	_	none	_	End=460.588	_	_	_	_
143-0	TO029	143	0	è	è	_	_	_	_	_	linguistic	_	none	_	Begin=464.057	_	_	_	_
143-1	TO029	143	1	vero	vero	_	_	_	_	_	linguistic	_	none	_	End=464.438	_	_	_	_
144-0	TO029	144	0	poi	poi	_	_	_	_	_	linguistic	_	none	_	Begin=466.236	_	_	_	_
144-1	TO029	144	1	insomma	insomma	_	_	_	_	_	linguistic	_	none	_	_	_	_	_	_
144-2	TO029	144	2	ho	ho	_	_	_	_	_	linguistic	_	none	_	_	_	_	_	_
144-3	TO029	144	3	capito	capito	_	_	_	_	_	linguistic	_	none	_	_	_	_	_	_
144-4	TO029	144	4	che	che	_	_	_	_	_	linguistic	_	none	_	_	_	_	_	_
144-5	TO029	144	5	verdi	verdi	_	_	_	_	_	linguistic	_	none	_	_	_	_	_	_
144-6	TO029	144	6	è	è	_	_	_	_	_	linguistic	_	none	_	_	_	_	_	_
144-7	TO029	144	7	verdi	verdi	_	_	_	_	_	linguistic	_	none	_	_	_	_	_	_
144-8	TO029	144	8	però	però	_	_	_	_	_	linguistic	_	none	_	_	_	_	_	_
144-9	TO029	144	9	secondo	secondo	_	_	_	_	_	linguistic	_	none	_	_	_	_	_	_
144-10	TO029	144	10	me	me	_	_	_	_	_	linguistic	_	none	_	_	_	_	_	_
144-11	TO029	144	11	la	la	_	_	_	_	_	linguistic	_	none	_	_	_	_	_	_
144-12	TO029	144	12	rossi	rossi	_	_	_	_	_	linguistic	_	none	_	_	_	_	_	_
144-13	TO029	144	13	non	non	_	_	_	_	_	linguistic	_	none	_	_	_	_	_	_
144-14	TO029	144	14	potrebbe	potrebbe	_	_	_	_	_	linguistic	_	none	_	_	_	_	_	_
144-15	TO029	144	15	dare	dare	_	_	_	_	_	linguistic	_	none	_	_	_	_	_	_
144-16	TO029	144	16	il	il	_	_	_	_	_	linguistic	_	none	_	_	_	_	_	_
144-17	TO029	144	17	dottorato	dottorato	_	_	_	_	_	linguistic	_	none	_	_	_	_	_	_
144-18	TO029	144	18	a	a	_	_	_	_	_	linguistic	_	none	_	_	_	_	_	_
144-19	TO029	144	19	nessuno	nessuno	_	_	_	_	_	linguistic	_	none	_	_	_	_	_	_
144-20	TO029	144	20	nemmeno	nemmeno	_	_	_	_	_	linguistic	_	none	_	_	_	_	_	_
144-21	TO029	144	21	qui,	qui	_	_	_	_	_	linguistic	_	none	Intonation=WeaklyRising	End=471.007	_	_	_	_
145-0	TO034	145	0	infatti	infatti	_	_	_	_	_	linguistic	_	none	_	Begin=472.04	_	_	_	_
145-1	TO034	145	1	xxx	xxx	_	_	_	_	_	unknown	_	none	Syllables=3	End=473.117	_	_	_	_
146-0	TO033	146	0	no	no	_	_	_	_	_	linguistic	_	none	_	Begin=473.751	_	_	_	_
146-1	TO033	146	1	ma	ma	_	_	_	_	_	linguistic	_	none	_	_	_	_	_	_
146-2	TO033	146	2	[poi	poi	_	_	_	_	_	linguistic	_	none	_	_	_	_	_	0-3(33)
146-3	TO033	146	3	hai	hai	_	_	_	_	_	linguistic	_	none	_	_	_	_	_	0-3(33)
146-4	TO033	146	4	capito]?	capito	_	_	_	_	_	linguistic	_	none	Intonation=Rising	End=474.686	_	_	_	0-6(33)
147-0	TO034	147	0	[non	non	_	_	_	_	_	linguistic	_	none	_	Begin=474.297	_	_	_	0-3(33)
147-1	TO034	147	1	è	è	_	_	_	_	_	linguistic	_	none	_	_	_	_	_	0-1(33)
147-2	TO034	147	2	chia]ro	chiaro	_	_	_	_	_	linguistic	_	none	_	_	_	_	_	0-4(33)
147-3	TO034	147	3	cos'	cos'	_	_	_	_	_	linguistic	_	none	SpaceAfter=No	_	_	_	_	_
147-4	TO034	147	4	è	è	_	_	_	_	_	linguistic	_	none	_	_	_	_	_	_
147-5	TO034	147	5	manco	manco	_	_	_	_	_	linguistic	_	none	_	_	_	_	_	_
147-6	TO034	147	6	[ricer~]	ricer~	_	_	_	_	_	linguistic	_	none	Interrupted=Yes	_	_	_	_	0-6(34)
147-7	TO034	147	7	ricercatri:::ce	ricercatrice	_	_	_	_	_	linguistic	_	none	_	End=477.001	9x3	_	_	_
148-0	TO033	148	0	[cioè]	cioè	_	_	_	_	_	linguistic	_	none	_	Begin=475.767|End=476.102	_	_	_	0-4(34)
149-0	TO033	149	0	ci	ci	_	_	_	_	_	linguistic	_	none	_	Begin=477.522	_	_	_	_
149-1	TO033	149	1	rompono	rompono	_	_	_	_	_	linguistic	_	none	_	_	_	_	_	_
149-2	TO033	149	2	i	i	_	_	_	_	_	linguistic	_	none	_	_	_	_	_	_
149-3	TO033	149	3	co[glio::ni],	coglioni	_	_	_	_	_	linguistic	_	none	Intonation=WeaklyRising	End=478.85	5x2	_	_	2-8(35)
150-0	TO034	150	0	[non	non	_	_	_	_	_	linguistic	_	none	_	Begin=478.384	_	_	_	0-3(35)
150-1	TO034	150	1	è	è	_	_	_	_	_	linguistic	_	none	_	_	_	_	_	0-1(35)
150-2	TO034	150	2	doc]e:nte?	docente	_	_	_	_	_	linguistic	_	none	Intonation=Rising	End=479.16	3x1	_	_	0-3(35)
151-0	TO029	151	0	no.	no	_	_	_	_	_	linguistic	_	none	Intonation=Falling	Begin=479.16|End=479.519	_	_	_	_
152-0	TO033	152	0	ci	ci	_	_	_	_	_	linguistic	_	none	_	Begin=479.519	_	_	_	_
152-1	TO033	152	1	rompono	rompono	_	_	_	_	_	linguistic	_	none	_	_	_	_	_	_
152-2	TO033	152	2	i	i	_	_	_	_	_	linguistic	_	none	_	_	_	_	_	_
152-3	TO033	152	3	coglioni	coglioni	_	_	_	_	_	linguistic	_	none	_	_	_	_	_	_
152-4	TO033	152	4	con	con	_	_	_	_	_	linguistic	_	none	_	_	_	_	_	_
152-5	TO033	152	5	sta	sta	_	_	_	_	_	linguistic	_	none	_	_	_	_	_	_
152-6	TO033	152	6	dimensione	dimensione	_	_	_	_	_	linguistic	_	none	_	_	_	_	_	_
152-7	TO033	152	7	compara::ta	comparata	_	_	_	_	_	linguistic	_	none	_	End=482.137	6x2	_	_	_
153-0	TO033	153	0	e:h	eh	_	_	_	_	_	linguistic	_	none	_	Begin=482.648	0x1	_	_	_
153-1	TO033	153	1	cioè	cioè	_	_	_	_	_	linguistic	_	none	_	_	_	_	_	_
153-2	TO033	153	2	della::	della	_	_	_	_	_	linguistic	_	none	ProsodicLink=Yes	_	4x2	_	_	_
153-3	TO033	153	3	mh	mh	_	_	_	_	_	linguistic	_	none	_	End=484.535	_	_	_	_
154-0	TO033	154	0	della	della	_	_	_	_	_	linguistic	_	none	_	Begin=485.005	_	_	_	_
154-1	TO033	154	1	rice::rca	ricerca	_	_	_	_	_	linguistic	_	none	_	_	3x2	_	_	_
154-2	TO033	154	2	e	e	_	_	_	_	_	linguistic	_	none	_	_	_	_	_	_
154-3	TO033	154	3	xxx	xxx	_	_	_	_	_	unknown	_	none	Syllables=3	_	_	_	_	_
154-4	TO033	154	4	[quindi]	quindi	_	_	_	_	_	linguistic	_	none	PauseAfter=Yes	_	_	_	_	0-6(36)
154-5	TO033	154	5	(.)	(.)	_	_	_	_	_	shortpause	_	none	_	_	_	_	_	_
154-6	TO033	154	6	ognuno	ognuno	_	_	_	_	_	linguistic	_	none	_	_	_	_	_	_
154-7	TO033	154	7	no	no	_	_	_	_	_	linguistic	_	none	_	_	_	_	_	_
154-8	TO033	154	8	che	che	_	_	_	_	_	linguistic	_	none	_	_	_	_	_	_
154-9	TO033	154	9	deve	deve	_	_	_	_	_	linguistic	_	none	_	_	_	_	_	_
154-10	TO033	154	10	cercare	cercare	_	_	_	_	_	linguistic	_	none	_	_	_	_	_	_
154-11	TO033	154	11	eh,	eh	_	_	_	_	_	linguistic	_	none	Intonation=WeaklyRising	End=488.53	_	_	_	_
155-0	TO029	155	0	[ma	ma	_	_	_	_	_	linguistic	_	none	_	Begin=486.109	_	_	_	0-2(36)
155-1	TO029	155	1	poi	poi	_	_	_	_	_	linguistic	_	none	_	_	_	_	_	0-3(36)
155-2	TO029	155	2	cioè]	cioè	_	_	_	_	_	linguistic	_	none	_	End=486.685	_	_	_	0-4(36)
156-0	TO029	156	0	ma	ma	_	_	_	_	_	linguistic	_	none	_	Begin=488.584	_	_	_	_
156-1	TO029	156	1	forse	forse	_	_	_	_	_	linguistic	_	none	_	_	_	_	_	_
156-2	TO029	156	2	non	non	_	_	_	_	_	linguistic	_	none	_	_	_	_	_	_
156-3	TO029	156	3	è	è	_	_	_	_	_	linguistic	_	none	_	_	_	_	_	_
156-4	TO029	156	4	la	la	_	_	_	_	_	linguistic	_	none	_	_	_	_	_	_
156-5	TO029	156	5	comparazione	comparazione	_	_	_	_	_	linguistic	_	none	_	_	_	_	_	_
156-6	TO029	156	6	in	in	_	_	_	_	_	linguistic	_	none	_	_	_	_	_	_
156-7	TO029	156	7	sé	sé	_	_	_	_	_	linguistic	_	none	_	_	_	_	_	_
156-8	TO029	156	8	perché	perché	_	_	_	_	_	linguistic	_	none	_	_	_	_	_	_
156-9	TO029	156	9	[se	se	_	_	_	_	_	linguistic	_	none	_	_	_	_	_	0-2(37)
156-10	TO029	156	10	lo	lo	_	_	_	_	_	linguistic	_	none	_	_	_	_	_	0-2(37)
156-11	TO029	156	11	faceva	faceva	_	_	_	_	_	linguistic	_	none	_	_	_	_	_	0-6(37)
156-12	TO029	156	12	sudafrica	sudafrica	_	_	_	_	_	linguistic	_	none	_	_	_	_	_	0-9(37)
156-13	TO029	156	13	camerun]	camerun	_	_	_	_	_	linguistic	_	none	_	_	_	_	_	0-7(37)
156-14	TO029	156	14	eh	eh	_	_	_	_	_	linguistic	_	none	_	_	_	_	_	_
156-15	TO029	156	15	verdi	verdi	_	_	_	_	_	linguistic	_	none	_	_	_	_	_	_
156-16	TO029	156	16	impazziva	impazziva	_	_	_	_	_	linguistic	_	none	_	End=493.353	_	_	_	_
157-0	TO033	157	0	[no	no	_	_	_	_	_	linguistic	_	none	_	Begin=490.495	_	_	_	0-2(37)
157-1	TO033	157	1	no	no	_	_	_	_	_	linguistic	_	none	_	_	_	_	_	0-2(37)
157-2	TO033	157	2	no	no	_	_	_	_	_	linguistic	_	none	_	_	_	_	_	0-2(37)
157-3	TO033	157	3	ma	ma	_	_	_	_	_	linguistic	_	none	_	_	_	_	_	0-2(37)
157-4	TO033	157	4	no]	no	_	_	_	_	_	linguistic	_	none	_	End=491.76	_	_	_	0-2(37)
158-0	TO029	158	0	mali	mali	_	_	_	_	_	linguistic	_	none	_	Begin=493.911|End=494.425	_	_	_	_
159-0	TO033	159	0	sì	sì	_	_	_	_	_	linguistic	_	none	_	Begin=494.953	_	_	_	_
159-1	TO033	159	1	ma	ma	_	_	_	_	_	linguistic	_	none	_	_	_	_	_	_
159-2	TO033	159	2	io	io	_	_	_	_	_	linguistic	_	none	_	_	_	_	_	_
159-3	TO033	159	3	non	non	_	_	_	_	_	linguistic	_	none	_	_	_	_	_	_
159-4	TO033	159	4	penso	penso	_	_	_	_	_	linguistic	_	none	_	_	_	_	_	_
159-5	TO033	159	5	che	che	_	_	_	_	_	linguistic	_	none	_	_	_	_	_	_
159-6	TO033	159	6	lei	lei	_	_	_	_	_	linguistic	_	none	PauseAfter=Yes	_	_	_	_	_
159-7	TO033	159	7	(.)	(.)	_	_	_	_	_	shortpause	_	none	_	_	_	_	_	_
159-8	TO033	159	8	cioè	cioè	_	_	_	_	_	linguistic	_	none	_	_	_	_	_	_
159-9	TO033	159	9	io	io	_	_	_	_	_	linguistic	_	none	_	_	_	_	_	_
159-10	TO033	159	10	non	non	_	_	_	_	_	linguistic	_	none	_	_	_	_	_	_
159-11	TO033	159	11	penso	penso	_	_	_	_	_	linguistic	_	none	_	_	_	_	_	_
159-12	TO033	159	12	che	che	_	_	_	_	_	linguistic	_	none	_	_	_	_	_	_
159-13	TO033	159	13	lei	lei	_	_	_	_	_	linguistic	_	none	_	_	_	_	_	_
159-14	TO033	159	14	lavorerà	lavorerà	_	_	_	_	_	linguistic	_	none	_	_	_	_	_	_
159-15	TO033	159	15	sull'	sull'	_	_	_	_	_	linguistic	_	none	SpaceAfter=No	_	_	_	_	_
159-16	TO033	159	16	identità	identità	_	_	_	_	_	linguistic	_	none	_	_	_	_	_	_
159-17	TO033	159	17	nazionale	nazionale	_	_	_	_	_	linguistic	_	none	_	_	_	_	_	_
159-18	TO033	159	18	e	e	_	_	_	_	_	linguistic	_	none	_	_	_	_	_	_
159-19	TO033	159	19	xxxx	xxxx	_	_	_	_	_	unknown	_	none	Syllables=4	End=500.553	_	_	_	_
160-0	TO033	160	0	in	in	_	_	_	_	_	linguistic	_	none	_	Begin=501.082	_	_	_	_
160-1	TO033	160	1	marocco	marocco	_	_	_	_	_	linguistic	_	none	_	_	_	_	_	_
160-2	TO033	160	2	perché	perché	_	_	_	_	_	linguistic	_	none	_	_	_	_	_	_
160-3	TO033	160	3	comunque	comunque	_	_	_	_	_	linguistic	_	none	_	_	_	_	_	_
160-4	TO033	160	4	se	se	_	_	_	_	_	linguistic	_	none	_	_	_	_	_	_
160-5	TO033	160	5	torna	torna	_	_	_	_	_	linguistic	_	none	_	_	_	_	_	_
160-6	TO033	160	6	in	in	_	_	_	_	_	linguistic	_	none	_	_	_	_	_	_
160-7	TO033	160	7	sudafrica	sudafrica	_	_	_	_	_	linguistic	_	none	_	_	_	_	_	_
160-8	TO033	160	8	ci	ci	_	_	_	_	_	linguistic	_	none	_	_	_	_	_	_
160-9	TO033	160	9	tornerà	tornerà	_	_	_	_	_	linguistic	_	none	_	_	_	_	_	_
160-10	TO033	160	10	giugno	giugno	_	_	_	_	_	linguistic	_	none	_	_	_	_	_	_
160-11	TO033	160	11	luglio	luglio	_	_	_	_	_	linguistic	_	none	_	_	_	_	_	_
160-12	TO033	160	12	per	per	_	_	_	_	_	linguistic	_	none	_	_	_	_	_	_
160-13	TO033	160	13	avere	avere	_	_	_	_	_	linguistic	_	none	_	_	_	_	_	_
160-14	TO033	160	14	un	un	_	_	_	_	_	linguistic	_	none	_	_	_	_	_	_
160-15	TO033	160	15	dottorato	dottorato	_	_	_	_	_	linguistic	_	none	_	_	_	_	_	_
160-16	TO033	160	16	quando	quando	_	_	_	_	_	linguistic	_	none	_	_	_	_	_	_
160-17	TO033	160	17	ti	ti	_	_	_	_	_	linguistic	_	none	_	_	_	_	_	_
160-18	TO033	160	18	devi	devi	_	_	_	_	_	linguistic	_	none	_	_	_	_	_	_
160-19	TO033	160	19	laureare,	laureare	_	_	_	_	_	linguistic	_	none	Intonation=WeaklyRising	_	_	_	_	_
160-20	TO033	160	20	novembre?	novembre	_	_	_	_	_	linguistic	_	none	Intonation=Rising	End=507.707	_	_	_	_
161-0	TO034	161	0	beh	beh	_	_	_	_	_	linguistic	_	none	_	Begin=508.121	_	_	_	_
161-1	TO034	161	1	l'	l'	_	_	_	_	_	linguistic	_	none	SpaceAfter=No	_	_	_	_	_
161-2	TO034	161	2	anno	anno	_	_	_	_	_	linguistic	_	none	_	_	_	_	_	_
161-3	TO034	161	3	do::po	dopo	_	_	_	_	_	linguistic	_	none	_	End=509.084	1x2	_	_	_
162-0	TO033	162	0	no:	no	_	_	_	_	_	linguistic	_	none	_	Begin=509.088|End=509.587	1x1	_	_	_
163-0	TO034	163	0	lo	lo	_	_	_	_	_	linguistic	_	none	_	Begin=509.864	_	_	_	_
163-1	TO034	163	1	fai::	fai	_	_	_	_	_	linguistic	_	none	_	_	2x2	_	_	_
163-2	TO034	163	2	l'	l'	_	_	_	_	_	linguistic	_	none	SpaceAfter=No	_	_	_	_	_
163-3	TO034	163	3	estate	estate	_	_	_	_	_	linguistic	_	none	_	_	_	_	_	_
163-4	TO034	163	4	dopo	dopo	_	_	_	_	_	linguistic	_	none	_	_	_	_	_	_
163-5	TO034	163	5	la	la	_	_	_	_	_	linguistic	_	none	_	_	_	_	_	_
163-6	TO034	163	6	doman[da]	domanda	_	_	_	_	_	linguistic	_	none	_	End=511.876	_	_	_	4-7(38)
164-0	TO029	164	0	[eh]	eh	_	_	_	_	_	linguistic	_	none	_	Begin=511.579|End=511.841	_	_	_	0-2(38)
165-0	TO034	165	0	quindi	quindi	_	_	_	_	_	linguistic	_	none	_	Begin=512.029|End=512.501	_	_	_	_
166-0	TO034	166	0	ti	ti	_	_	_	_	_	linguistic	_	none	_	Begin=512.923	_	_	_	_
166-1	TO034	166	1	puoi	puoi	_	_	_	_	_	linguistic	_	none	_	_	_	_	_	_
166-2	TO034	166	2	laureare	laureare	_	_	_	_	_	linguistic	_	none	_	_	_	_	_	_
166-3	TO034	166	3	a	a	_	_	_	_	_	linguistic	_	none	_	_	_	_	_	_
166-4	TO034	166	4	ma:[rzo],	marzo	_	_	_	_	_	linguistic	_	none	Intonation=WeaklyRising	End=513.999	1x1	_	_	2-5(39)
167-0	TO029	167	0	[dai	dai	_	_	_	_	_	linguistic	_	none	_	Begin=513.707	_	_	_	0-3(39)
167-1	TO029	167	1	ma]	ma	_	_	_	_	_	linguistic	_	none	_	_	_	_	_	0-2(39)
167-2	TO029	167	2	no	no	_	_	_	_	_	linguistic	_	none	_	_	_	_	_	_
167-3	TO029	167	3	secondo	secondo	_	_	_	_	_	linguistic	_	none	_	_	_	_	_	_
167-4	TO029	167	4	me	me	_	_	_	_	_	linguistic	_	none	_	_	_	_	_	_
167-5	TO029	167	5	non	non	_	_	_	_	_	linguistic	_	none	_	_	_	_	_	_
167-6	TO029	167	6	c'	c'	_	_	_	_	_	linguistic	_	none	SpaceAfter=No	_	_	_	_	_
167-7	TO029	167	7	è	è	_	_	_	_	_	linguistic	_	none	_	End=514.938	_	_	_	_
168-0	TO029	168	0	dai	dai	_	_	_	_	_	linguistic	_	none	_	Begin=515.922	_	_	_	_
168-1	TO029	168	1	mai	mai	_	_	_	_	_	linguistic	_	none	_	_	_	_	_	_
168-2	TO029	168	2	poi	poi	_	_	_	_	_	linguistic	_	none	_	_	_	_	_	_
168-3	TO029	168	3	mari:na	marina	_	_	_	_	_	linguistic	_	none	_	_	3x1	_	_	_
168-4	TO029	168	4	ragazzi::	ragazzi	_	_	_	_	_	linguistic	_	none	_	End=518.414	6x2	_	_	_
169-0	TO029	169	0	ma	ma	_	_	_	_	_	linguistic	_	none	_	Begin=521.099	_	_	_	_
169-1	TO029	169	1	la	la	_	_	_	_	_	linguistic	_	none	_	_	_	_	_	_
169-2	TO029	169	2	xx	xx	_	_	_	_	_	unknown	_	none	Syllables=2	_	_	_	_	_
169-3	TO029	169	3	di	di	_	_	_	_	_	linguistic	_	none	_	_	_	_	_	_
169-4	TO029	169	4	arianna	arianna	_	_	_	_	_	linguistic	_	none	_	_	_	_	_	_
169-5	TO029	169	5	è	è	_	_	_	_	_	linguistic	_	none	_	_	_	_	_	_
169-6	TO029	169	6	stata	stata	_	_	_	_	_	linguistic	_	none	_	_	_	_	_	_
169-7	TO029	169	7	parlare	parlare	_	_	_	_	_	linguistic	_	none	_	_	_	_	_	_
169-8	TO029	169	8	coi	coi	_	_	_	_	_	linguistic	_	none	_	_	_	_	_	_
169-9	TO029	169	9	professori	professori	_	_	_	_	_	linguistic	_	none	_	_	_	_	_	_
169-10	TO029	169	10	due	due	_	_	_	_	_	linguistic	_	none	_	_	_	_	_	_
169-11	TO029	169	11	volte	volte	_	_	_	_	_	linguistic	_	none	_	_	_	_	_	_
169-12	TO029	169	12	alla	alla	_	_	_	_	_	linguistic	_	none	_	_	_	_	_	_
169-13	TO029	169	13	settimana	settimana	_	_	_	_	_	linguistic	_	none	_	_	_	_	_	_
169-14	TO029	169	14	e	e	_	_	_	_	_	linguistic	_	none	_	_	_	_	_	_
169-15	TO029	169	15	piangere	piangere	_	_	_	_	_	linguistic	_	none	_	_	_	_	_	_
169-16	TO029	169	16	poi	poi	_	_	_	_	_	linguistic	_	none	_	_	_	_	_	_
169-17	TO029	169	17	nei	nei	_	_	_	_	_	linguistic	_	none	_	_	_	_	_	_
169-18	TO029	169	18	momenti	momenti	_	_	_	_	_	linguistic	_	none	_	_	_	_	_	_
169-19	TO029	169	19	di	di	_	_	_	_	_	linguistic	_	none	_	_	_	_	_	_
169-20	TO029	169	20	crisi	crisi	_	_	_	_	_	linguistic	_	none	_	_	_	_	_	_
169-21	TO029	169	21	com'	com'	_	_	_	_	_	linguistic	_	none	SpaceAfter=No	_	_	_	_	_
169-22	TO029	169	22	è	è	_	_	_	_	_	linguistic	_	none	_	_	_	_	_	_
169-23	TO029	169	23	andata	andata	_	_	_	_	_	linguistic	_	none	_	End=526.853	_	_	_	_
170-0	TO033	170	0	ma	ma	_	_	_	_	_	linguistic	_	none	_	Begin=527.251	_	_	_	_
170-1	TO033	170	1	no	no	_	_	_	_	_	linguistic	_	none	_	_	_	_	_	_
170-2	TO033	170	2	ma	ma	_	_	_	_	_	linguistic	_	none	_	_	_	_	_	_
170-3	TO033	170	3	poi	poi	_	_	_	_	_	linguistic	_	none	_	_	_	_	_	_
170-4	TO033	170	4	è	è	_	_	_	_	_	linguistic	_	none	_	_	_	_	_	_
170-5	TO033	170	5	riuscita	riuscita	_	_	_	_	_	linguistic	_	none	_	_	_	_	_	_
170-6	TO033	170	6	è	è	_	_	_	_	_	linguistic	_	none	_	_	_	_	_	_
170-7	TO033	170	7	andata	andata	_	_	_	_	_	linguistic	_	none	_	_	_	_	_	_
170-8	TO033	170	8	anche	anche	_	_	_	_	_	linguistic	_	none	PauseAfter=Yes	_	_	_	_	_
170-9	TO033	170	9	(.)	(.)	_	_	_	_	_	shortpause	_	none	_	_	_	_	_	_
170-10	TO033	170	10	cioè	cioè	_	_	_	_	_	linguistic	_	none	_	_	_	_	_	_
170-11	TO033	170	11	ma	ma	_	_	_	_	_	linguistic	_	none	_	_	_	_	_	_
170-12	TO033	170	12	poi	poi	_	_	_	_	_	linguistic	_	none	_	_	_	_	_	_
170-13	TO033	170	13	lucilla	lucilla	_	_	_	_	_	linguistic	_	none	_	_	_	_	_	_
170-14	TO033	170	14	io	io	_	_	_	_	_	linguistic	_	none	_	_	_	_	_	_
170-15	TO033	170	15	non	non	_	_	_	_	_	linguistic	_	none	_	_	_	_	_	_
170-16	TO033	170	16	so	so	_	_	_	_	_	linguistic	_	none	_	_	_	_	_	_
170-17	TO033	170	17	cioè	cioè	_	_	_	_	_	linguistic	_	none	_	_	_	_	_	_
170-18	TO033	170	18	io	io	_	_	_	_	_	linguistic	_	none	_	_	_	_	_	_
170-19	TO033	170	19	non	non	_	_	_	_	_	linguistic	_	none	_	_	_	_	_	_
170-20	TO033	170	20	so	so	_	_	_	_	_	linguistic	_	none	_	_	_	_	_	_
170-21	TO033	170	21	come	come	_	_	_	_	_	linguistic	_	none	_	_	_	_	_	_
170-22	TO033	170	22	facciano	facciano	_	_	_	_	_	linguistic	_	none	_	_	_	_	_	_
170-23	TO033	170	23	loro	loro	_	_	_	_	_	linguistic	_	none	_	End=532.499	_	_	_	_
171-0	TO033	171	0	a::	a	_	_	_	_	_	linguistic	_	none	_	Begin=533.425	0x2	_	_	_
171-1	TO033	171	1	avere	avere	_	_	_	_	_	linguistic	_	none	_	_	_	_	_	_
171-2	TO033	171	2	'sto	'sto	_	_	_	_	_	linguistic	_	none	Truncated=Yes	_	_	_	_	_
171-3	TO033	171	3	rapporto	rapporto	_	_	_	_	_	linguistic	_	none	_	_	_	_	_	_
171-4	TO033	171	4	perché	perché	_	_	_	_	_	linguistic	_	none	_	_	_	_	_	_
171-5	TO033	171	5	a	a	_	_	_	_	_	linguistic	_	none	_	_	_	_	_	_
171-6	TO033	171	6	me	me	_	_	_	_	_	linguistic	_	none	_	_	_	_	_	_
171-7	TO033	171	7	verrebbe	verrebbe	_	_	_	_	_	linguistic	_	none	_	_	_	_	_	_
171-8	TO033	171	8	cioè	cioè	_	_	_	_	_	linguistic	_	none	_	_	_	_	_	_
171-9	TO033	171	9	da	da	_	_	_	_	_	linguistic	_	none	_	_	_	_	_	_
171-10	TO033	171	10	ucciderla	ucciderla	_	_	_	_	_	linguistic	_	none	_	End=536.338	_	_	_	_
172-0	TO029	172	0	(non	non	_	_	_	_	_	linguistic	_	none	_	Begin=536.477	_	_	0-3(0)	_
172-1	TO029	172	1	la	la	_	_	_	_	_	linguistic	_	none	_	_	_	_	0-2(0)	_
172-2	TO029	172	2	godo)	godo	_	_	_	_	_	linguistic	_	none	_	End=537.105	_	_	0-4(0)	_
173-0	TO033	173	0	ha	ha	_	_	_	_	_	linguistic	_	none	_	Begin=537.641	_	_	_	_
173-1	TO033	173	1	dato	dato	_	_	_	_	_	linguistic	_	none	_	_	_	_	_	_
173-2	TO033	173	2	l'	l'	_	_	_	_	_	linguistic	_	none	SpaceAfter=No	_	_	_	_	_
173-3	TO033	173	3	esame	esame	_	_	_	_	_	linguistic	_	none	_	_	_	_	_	_
173-4	TO033	173	4	di	di	_	_	_	_	_	linguistic	_	none	_	_	_	_	_	_
173-5	TO033	173	5	storia::	storia	_	_	_	_	_	linguistic	_	none	_	_	5x2	_	_	_
173-6	TO033	173	6	xxx	xxx	_	_	_	_	_	unknown	_	none	Syllables=3	_	_	_	_	_
173-7	TO033	173	7	quello	quello	_	_	_	_	_	linguistic	_	none	_	_	_	_	_	_
173-8	TO033	173	8	che	che	_	_	_	_	_	linguistic	_	none	_	_	_	_	_	_
173-9	TO033	173	9	devo	devo	_	_	_	_	_	linguistic	_	none	_	_	_	_	_	_
173-10	TO033	173	10	dare	dare	_	_	_	_	_	linguistic	_	none	_	_	_	_	_	_
173-11	TO033	173	11	io	io	_	_	_	_	_	linguistic	_	none	_	_	_	_	_	_
173-12	TO033	173	12	adesso,	adesso	_	_	_	_	_	linguistic	_	none	Intonation=WeaklyRising	End=540.807	_	_	_	_
174-0	TO033	174	0	e:::	e	_	_	_	_	_	linguistic	_	none	_	Begin=542.49	0x3	_	_	_
174-1	TO033	174	1	leggendo	leggendo	_	_	_	_	_	linguistic	_	none	_	_	_	_	_	_
174-2	TO033	174	2	il	il	_	_	_	_	_	linguistic	_	none	_	_	_	_	_	_
174-3	TO033	174	3	libro	libro	_	_	_	_	_	linguistic	_	none	_	_	_	_	_	_
174-4	TO033	174	4	che	che	_	_	_	_	_	linguistic	_	none	_	_	_	_	_	_
174-5	TO033	174	5	ha	ha	_	_	_	_	_	linguistic	_	none	_	_	_	_	_	_
174-6	TO033	174	6	scritto	scritto	_	_	_	_	_	linguistic	_	none	_	_	_	_	_	_
174-7	TO033	174	7	la	la	_	_	_	_	_	linguistic	_	none	_	_	_	_	_	_
174-8	TO033	174	8	prof	prof	_	_	_	_	_	linguistic	_	none	_	_	_	_	_	_
174-9	TO033	174	9	che::	che	_	_	_	_	_	linguistic	_	none	_	_	2x2	_	_	_
174-10	TO033	174	10	sto	sto	_	_	_	_	_	linguistic	_	none	_	_	_	_	_	_
174-11	TO033	174	11	leggendo	leggendo	_	_	_	_	_	linguistic	_	none	_	_	_	_	_	_
174-12	TO033	174	12	anch'	anch'	_	_	_	_	_	linguistic	_	none	SpaceAfter=No	_	_	_	_	_
174-13	TO033	174	13	io,	io	_	_	_	_	_	linguistic	_	none	Intonation=WeaklyRising	_	_	_	_	_
174-14	TO033	174	14	che	che	_	_	_	_	_	linguistic	_	none	_	_	_	_	_	_
174-15	TO033	174	15	è	è	_	_	_	_	_	linguistic	_	none	_	_	_	_	_	_
174-16	TO033	174	16	interessante	interessante	_	_	_	_	_	linguistic	_	none	_	End=548.107	_	_	_	_
175-0	TO033	175	0	e:::hm	ehm	_	_	_	_	_	linguistic	_	none	_	Begin=549.268|End=550.298	0x3	_	_	_
176-0	TO033	176	0	che	che	_	_	_	_	_	linguistic	_	none	_	Begin=551.241	_	_	_	_
176-1	TO033	176	1	è	è	_	_	_	_	_	linguistic	_	none	_	_	_	_	_	_
176-2	TO033	176	2	sul	sul	_	_	_	_	_	linguistic	_	none	_	_	_	_	_	_
176-3	TO033	176	3	nucleare	nucleare	_	_	_	_	_	linguistic	_	none	_	_	_	_	_	_
176-4	TO033	176	4	italiano	italiano	_	_	_	_	_	linguistic	_	none	_	_	_	_	_	_
176-5	TO033	176	5	e	e	_	_	_	_	_	linguistic	_	none	_	_	_	_	_	_
176-6	TO033	176	6	c'	c'	_	_	_	_	_	linguistic	_	none	SpaceAfter=No	_	_	_	_	_
176-7	TO033	176	7	è	è	_	_	_	_	_	linguistic	_	none	_	_	_	_	_	_
176-8	TO033	176	8	tutta	tutta	_	_	_	_	_	linguistic	_	none	_	_	_	_	_	_
176-9	TO033	176	9	una	una	_	_	_	_	_	linguistic	_	none	_	_	_	_	_	_
176-10	TO033	176	10	parte	parte	_	_	_	_	_	linguistic	_	none	_	_	_	_	_	_
176-11	TO033	176	11	di	di	_	_	_	_	_	linguistic	_	none	_	_	_	_	_	_
176-12	TO033	176	12	intervista	intervista	_	_	_	_	_	linguistic	_	none	_	_	_	_	_	_
176-13	TO033	176	13	con	con	_	_	_	_	_	linguistic	_	none	_	_	_	_	_	_
176-14	TO033	176	14	felice	felice	_	_	_	_	_	linguistic	_	none	_	_	_	_	_	_
176-15	TO033	176	15	ippolito	ippolito	_	_	_	_	_	linguistic	_	none	_	End=555.607	_	_	_	_
177-0	TO029	177	0	mh	mh	_	_	_	_	_	linguistic	_	none	_	Begin=556.13|End=556.296	_	_	_	_
178-0	TO033	178	0	che	che	_	_	_	_	_	linguistic	_	none	_	Begin=556.331	_	_	_	_
178-1	TO033	178	1	è	è	_	_	_	_	_	linguistic	_	none	_	_	_	_	_	_
178-2	TO033	178	2	stato	stato	_	_	_	_	_	linguistic	_	none	_	_	_	_	_	_
178-3	TO033	178	3	il	il	_	_	_	_	_	linguistic	_	none	_	_	_	_	_	_
178-4	TO033	178	4	segretario	segretario	_	_	_	_	_	linguistic	_	none	_	_	_	_	_	_
178-5	TO033	178	5	nel	nel	_	_	_	_	_	linguistic	_	none	_	_	_	_	_	_
178-6	TO033	178	6	centro	centro	_	_	_	_	_	linguistic	_	none	_	_	_	_	_	_
178-7	TO033	178	7	delle	delle	_	_	_	_	_	linguistic	_	none	_	_	_	_	_	_
178-8	TO033	178	8	ricerche	ricerche	_	_	_	_	_	linguistic	_	none	_	_	_	_	_	_
178-9	TO033	178	9	nucleari	nucleari	_	_	_	_	_	linguistic	_	none	_	_	_	_	_	_
178-10	TO033	178	10	negli	negli	_	_	_	_	_	linguistic	_	none	_	_	_	_	_	_
178-11	TO033	178	11	anni	anni	_	_	_	_	_	linguistic	_	none	_	_	_	_	_	_
178-12	TO033	178	12	sessanta,	sessanta	_	_	_	_	_	linguistic	_	none	Intonation=WeaklyRising	End=560.399	_	_	_	_
179-0	TO033	179	0	e::h	eh	_	_	_	_	_	linguistic	_	none	_	Begin=561.099|End=561.701	0x2	_	_	_
180-0	TO033	180	0	che	che	_	_	_	_	_	linguistic	_	none	_	Begin=562.343	_	_	_	_
180-1	TO033	180	1	poi	poi	_	_	_	_	_	linguistic	_	none	_	_	_	_	_	_
180-2	TO033	180	2	è	è	_	_	_	_	_	linguistic	_	none	_	_	_	_	_	_
180-3	TO033	180	3	morto	morto	_	_	_	_	_	linguistic	_	none	_	_	_	_	_	_
180-4	TO033	180	4	qualche	qualche	_	_	_	_	_	linguistic	_	none	_	_	_	_	_	_
180-5	TO033	180	5	mese	mese	_	_	_	_	_	linguistic	_	none	_	_	_	_	_	_
180-6	TO033	180	6	dopo	dopo	_	_	_	_	_	linguistic	_	none	_	_	_	_	_	_
180-7	TO033	180	7	che	che	_	_	_	_	_	linguistic	_	none	_	_	_	_	_	_
180-8	TO033	180	8	lei	lei	_	_	_	_	_	linguistic	_	none	_	_	_	_	_	_
180-9	TO033	180	9	aveva	aveva	_	_	_	_	_	linguistic	_	none	_	_	_	_	_	_
180-10	TO033	180	10	fatto	fatto	_	_	_	_	_	linguistic	_	none	_	_	_	_	_	_
180-11	TO033	180	11	queste	queste	_	_	_	_	_	linguistic	_	none	_	_	_	_	_	_
180-12	TO033	180	12	interviste	interviste	_	_	_	_	_	linguistic	_	none	_	End=565.446	_	_	_	_
181-0	TO033	181	0	e	e	_	_	_	_	_	linguistic	_	none	_	Begin=566.201	_	_	_	_
181-1	TO033	181	1	marina	marina	_	_	_	_	_	linguistic	_	none	_	_	_	_	_	_
181-2	TO033	181	2	cosa	cosa	_	_	_	_	_	linguistic	_	none	_	_	_	_	_	_
181-3	TO033	181	3	ha	ha	_	_	_	_	_	linguistic	_	none	_	_	_	_	_	_
181-4	TO033	181	4	detto	detto	_	_	_	_	_	linguistic	_	none	_	_	_	_	_	_
181-5	TO033	181	5	quindi	quindi	_	_	_	_	_	linguistic	_	none	_	_	_	_	_	_
181-6	TO033	181	6	che	che	_	_	_	_	_	linguistic	_	none	_	_	_	_	_	_
181-7	TO033	181	7	doveva	doveva	_	_	_	_	_	linguistic	_	none	_	_	_	_	_	_
181-8	TO033	181	8	andare	andare	_	_	_	_	_	linguistic	_	none	_	_	_	_	_	_
181-9	TO033	181	9	a	a	_	_	_	_	_	linguistic	_	none	_	_	_	_	_	_
181-10	TO033	181	10	parlare	parlare	_	_	_	_	_	linguistic	_	none	_	_	_	_	_	_
181-11	TO033	181	11	con	con	_	_	_	_	_	linguistic	_	none	_	_	_	_	_	_
181-12	TO033	181	12	la	la	_	_	_	_	_	linguistic	_	none	_	_	_	_	_	_
181-13	TO033	181	13	rossi	rossi	_	_	_	_	_	linguistic	_	none	_	_	_	_	_	_
181-14	TO033	181	14	con	con	_	_	_	_	_	linguistic	_	none	_	_	_	_	_	_
181-15	TO033	181	15	boh	boh	_	_	_	_	_	linguistic	_	none	_	_	_	_	_	_
181-16	TO033	181	16	non	non	_	_	_	_	_	linguistic	_	none	_	_	_	_	_	_
181-17	TO033	181	17	so	so	_	_	_	_	_	linguistic	_	none	_	_	_	_	_	_
181-18	TO033	181	18	chi	chi	_	_	_	_	_	linguistic	_	none	_	_	_	_	_	_
181-19	TO033	181	19	non	non	_	_	_	_	_	linguistic	_	none	_	_	_	_	_	_
181-20	TO033	181	20	so	so	_	_	_	_	_	linguistic	_	none	_	_	_	_	_	_
181-21	TO033	181	21	chi	chi	_	_	_	_	_	linguistic	_	none	_	_	_	_	_	_
181-22	TO033	181	22	non	non	_	_	_	_	_	linguistic	_	none	_	_	_	_	_	_
181-23	TO033	181	23	so	so	_	_	_	_	_	linguistic	_	none	_	_	_	_	_	_
181-24	TO033	181	24	cosa,	cosa	_	_	_	_	_	linguistic	_	none	Intonation=WeaklyRising	End=571.284	_	_	_	_
182-0	TO033	182	0	che	che	_	_	_	_	_	linguistic	_	none	_	Begin=571.911	_	_	_	_
182-1	TO033	182	1	era	era	_	_	_	_	_	linguistic	_	none	_	_	_	_	_	_
182-2	TO033	182	2	occupata	occupata	_	_	_	_	_	linguistic	_	none	_	_	_	_	_	_
182-3	TO033	182	3	c'	c'	_	_	_	_	_	linguistic	_	none	SpaceAfter=No	_	_	_	_	_
182-4	TO033	182	4	era	era	_	_	_	_	_	linguistic	_	none	_	_	_	_	_	_
182-5	TO033	182	5	coda	coda	_	_	_	_	_	linguistic	_	none	_	_	_	_	_	_
182-6	TO033	182	6	e	e	_	_	_	_	_	linguistic	_	none	_	_	_	_	_	_
182-7	TO033	182	7	allora	allora	_	_	_	_	_	linguistic	_	none	PauseAfter=Yes	_	_	_	_	_
182-8	TO033	182	8	(.)	(.)	_	_	_	_	_	shortpause	_	none	_	_	_	_	_	_
182-9	TO033	182	9	dopo:::	dopo	_	_	_	_	_	linguistic	_	none	_	_	3x3	_	_	_
182-10	TO033	182	10	era	era	_	_	_	_	_	linguistic	_	none	_	_	_	_	_	_
182-11	TO033	182	11	dopo	dopo	_	_	_	_	_	linguistic	_	none	_	_	_	_	_	_
182-12	TO033	182	12	aver	aver	_	_	_	_	_	linguistic	_	none	_	_	_	_	_	_
182-13	TO033	182	13	dato	dato	_	_	_	_	_	linguistic	_	none	_	_	_	_	_	_
182-14	TO033	182	14	'sto	'sto	_	_	_	_	_	linguistic	_	none	Truncated=Yes	_	_	_	_	_
182-15	TO033	182	15	esame	esame	_	_	_	_	_	linguistic	_	none	_	_	_	_	_	_
182-16	TO033	182	16	è	è	_	_	_	_	_	linguistic	_	none	_	_	_	_	_	_
182-17	TO033	182	17	andata	andata	_	_	_	_	_	linguistic	_	none	_	_	_	_	_	_
182-18	TO033	182	18	dalla	dalla	_	_	_	_	_	linguistic	_	none	_	_	_	_	_	_
182-19	TO033	182	19	prof	prof	_	_	_	_	_	linguistic	_	none	_	_	_	_	_	_
182-20	TO033	182	20	di	di	_	_	_	_	_	linguistic	_	none	_	_	_	_	_	_
182-21	TO033	182	21	storia	storia	_	_	_	_	_	linguistic	_	none	_	End=578.153	_	_	_	_
183-0	TO033	183	0	a	a	_	_	_	_	_	linguistic	_	none	_	Begin=579.438	_	_	_	_
183-1	TO033	183	1	dirle	dirle	_	_	_	_	_	linguistic	_	none	_	_	_	_	_	_
183-2	TO033	183	2	tipo	tipo	_	_	_	_	_	linguistic	_	none	_	_	_	_	_	_
183-3	TO033	183	3	que~	que~	_	_	_	_	_	linguistic	_	none	Interrupted=Yes	_	_	_	_	_
183-4	TO033	183	4	non	non	_	_	_	_	_	linguistic	_	none	_	_	_	_	_	_
183-5	TO033	183	5	so	so	_	_	_	_	_	linguistic	_	none	_	_	_	_	_	_
183-6	TO033	183	6	ringraziarla	ringraziarla	_	_	_	_	_	linguistic	_	none	_	_	_	_	_	_
183-7	TO033	183	7	a	a	_	_	_	_	_	linguistic	_	none	_	_	_	_	_	_
183-8	TO033	183	8	dirle	dirle	_	_	_	_	_	linguistic	_	none	_	_	_	_	_	_
183-9	TO033	183	9	quan~	quan~	_	_	_	_	_	linguistic	_	none	Interrupted=Yes	_	_	_	_	_
183-10	TO033	183	10	quanto	quanto	_	_	_	_	_	linguistic	_	none	_	_	_	_	_	_
183-11	TO033	183	11	era	era	_	_	_	_	_	linguistic	_	none	_	_	_	_	_	_
183-12	TO033	183	12	interessante	interessante	_	_	_	_	_	linguistic	_	none	_	_	_	_	_	_
183-13	TO033	183	13	il	il	_	_	_	_	_	linguistic	_	none	_	_	_	_	_	_
183-14	TO033	183	14	suo	suo	_	_	_	_	_	linguistic	_	none	_	_	_	_	_	_
183-15	TO033	183	15	libro	libro	_	_	_	_	_	linguistic	_	none	_	_	_	_	_	_
183-16	TO033	183	16	e	e	_	_	_	_	_	linguistic	_	none	_	_	_	_	_	_
183-17	TO033	183	17	questa	questa	_	_	_	_	_	linguistic	_	none	_	_	_	_	_	_
183-18	TO033	183	18	si	si	_	_	_	_	_	linguistic	_	none	_	_	_	_	_	_
183-19	TO033	183	19	è	è	_	_	_	_	_	linguistic	_	none	_	_	_	_	_	_
183-20	TO033	183	20	messa	messa	_	_	_	_	_	linguistic	_	none	_	_	_	_	_	_
183-21	TO033	183	21	a	a	_	_	_	_	_	linguistic	_	none	_	_	_	_	_	_
183-22	TO033	183	22	piangere	piangere	_	_	_	_	_	linguistic	_	none	_	_	_	_	_	_
183-23	TO033	183	23	perché	perché	_	_	_	_	_	linguistic	_	none	_	_	_	_	_	_
183-24	TO033	183	24	ovviamente	ovviamente	_	_	_	_	_	linguistic	_	none	_	_	_	_	_	_
183-25	TO033	183	25	il	il	_	_	_	_	_	linguistic	_	none	_	_	_	_	_	_
183-26	TO033	183	26	tipo	tipo	_	_	_	_	_	linguistic	_	none	_	_	_	_	_	_
183-27	TO033	183	27	è	è	_	_	_	_	_	linguistic	_	none	_	_	_	_	_	_
183-28	TO033	183	28	morto	morto	_	_	_	_	_	linguistic	_	none	_	_	_	_	_	_
183-29	TO033	183	29	due	due	_	_	_	_	_	linguistic	_	none	_	_	_	_	_	_
183-30	TO033	183	30	mesi	mesi	_	_	_	_	_	linguistic	_	none	_	_	_	_	_	_
183-31	TO033	183	31	dopo	dopo	_	_	_	_	_	linguistic	_	none	_	_	_	_	_	_
183-32	TO033	183	32	che	che	_	_	_	_	_	linguistic	_	none	_	_	_	_	_	_
183-33	TO033	183	33	le	le	_	_	_	_	_	linguistic	_	none	_	_	_	_	_	_
183-34	TO033	183	34	ha	ha	_	_	_	_	_	linguistic	_	none	_	_	_	_	_	_
183-35	TO033	183	35	fatto	fatto	_	_	_	_	_	linguistic	_	none	_	_	_	_	_	_
183-36	TO033	183	36	queste	queste	_	_	_	_	_	linguistic	_	none	_	_	_	_	_	_
183-37	TO033	183	37	interviste	interviste	_	_	_	_	_	linguistic	_	none	_	_	_	_	_	_
183-38	TO033	183	38	cioè	cioè	_	_	_	_	_	linguistic	_	none	_	_	_	_	_	_
183-39	TO033	183	39	hai	hai	_	_	_	_	_	linguistic	_	none	_	_	_	_	_	_
183-40	TO033	183	40	capito?	capito	_	_	_	_	_	linguistic	_	none	Intonation=Rising	End=590.999	_	_	_	_
184-0	TO029	184	0	che	che	_	_	_	_	_	linguistic	_	none	_	Begin=592.306	_	_	_	_
184-1	TO029	184	1	imbara::zzo	imbarazzo	_	_	_	_	_	linguistic	_	none	_	End=593.176	5x2	_	_	_
185-0	TO034	185	0	è	è	_	_	_	_	_	linguistic	_	none	_	Begin=593.46	_	_	_	_
185-1	TO034	185	1	anche	anche	_	_	_	_	_	linguistic	_	none	_	_	_	_	_	_
185-2	TO034	185	2	fuori	fuori	_	_	_	_	_	linguistic	_	none	_	_	_	_	_	_
185-3	TO034	185	3	luogo	luogo	_	_	_	_	_	linguistic	_	none	_	_	_	_	_	_
185-4	TO034	185	4	questa	questa	_	_	_	_	_	linguistic	_	none	_	_	_	_	_	_
185-5	TO034	185	5	donna	donna	_	_	_	_	_	linguistic	_	none	_	End=595.05	_	_	_	_
186-0	TO029	186	0	beh	beh	_	_	_	_	_	linguistic	_	none	_	Begin=595.12	_	_	_	_
186-1	TO029	186	1	ma	ma	_	_	_	_	_	linguistic	_	none	PauseAfter=Yes	_	_	_	_	_
186-2	TO029	186	2	(.)	(.)	_	_	_	_	_	shortpause	_	none	_	_	_	_	_	_
186-3	TO029	186	3	ricordiamoci	ricordiamoci	_	_	_	_	_	linguistic	_	none	_	_	_	_	_	_
186-4	TO029	186	4	che	che	_	_	_	_	_	linguistic	_	none	_	_	_	_	_	_
186-5	TO029	186	5	quando	quando	_	_	_	_	_	linguistic	_	none	_	_	_	_	_	_
186-6	TO029	186	6	era	era	_	_	_	_	_	linguistic	_	none	_	_	_	_	_	_
186-7	TO029	186	7	andata	andata	_	_	_	_	_	linguistic	_	none	_	_	_	_	_	_
186-8	TO029	186	8	a	a	_	_	_	_	_	linguistic	_	none	_	_	_	_	_	_
186-9	TO029	186	9	parlare	parlare	_	_	_	_	_	linguistic	_	none	_	_	_	_	_	_
186-10	TO029	186	10	con	con	_	_	_	_	_	linguistic	_	none	_	_	_	_	_	_
186-11	TO029	186	11	verdi	verdi	_	_	_	_	_	linguistic	_	none	_	_	_	_	_	_
186-12	TO029	186	12	aveva	aveva	_	_	_	_	_	linguistic	_	none	_	_	_	_	_	_
186-13	TO029	186	13	pianto	pianto	_	_	_	_	_	linguistic	_	none	_	End=598.653	_	_	_	_
187-0	TO034	187	0	mah	mah	_	_	_	_	_	linguistic	_	none	_	Begin=598.756	_	_	_	_
187-1	TO034	187	1	eh	eh	_	_	_	_	_	linguistic	_	none	_	End=599.408	_	_	_	_
188-0	TO034	188	0	ma	ma	_	_	_	_	_	linguistic	_	none	_	Begin=599.636	_	_	_	_
188-1	TO034	188	1	certo	certo	_	_	_	_	_	linguistic	_	none	_	_	_	_	_	_
188-2	TO034	188	2	perché	perché	_	_	_	_	_	linguistic	_	none	_	_	_	_	_	_
188-3	TO034	188	3	ha	ha	_	_	_	_	_	linguistic	_	none	_	_	_	_	_	_
188-4	TO034	188	4	fatto	fatto	_	_	_	_	_	linguistic	_	none	_	_	_	_	_	_
188-5	TO034	188	5	un'	un'	_	_	_	_	_	linguistic	_	none	SpaceAfter=No	_	_	_	_	_
188-6	TO034	188	6	enorme	enorme	_	_	_	_	_	linguistic	_	none	_	_	_	_	_	_
188-7	TO034	188	7	figura	figura	_	_	_	_	_	linguistic	_	none	_	_	_	_	_	_
188-8	TO034	188	8	di	di	_	_	_	_	_	linguistic	_	none	_	_	_	_	_	_
188-9	TO034	188	9	merda	merda	_	_	_	_	_	linguistic	_	none	_	End=602.815	_	_	_	_
189-0	TO029	189	0	sì	sì	_	_	_	_	_	linguistic	_	none	_	Begin=604.854	_	_	_	_
189-1	TO029	189	1	no	no	_	_	_	_	_	linguistic	_	none	_	_	_	_	_	_
189-2	TO029	189	2	ma	ma	_	_	_	_	_	linguistic	_	none	_	_	_	_	_	_
189-3	TO029	189	3	nel	nel	_	_	_	_	_	linguistic	_	none	_	_	_	_	_	_
189-4	TO029	189	4	senso	senso	_	_	_	_	_	linguistic	_	none	_	_	_	_	_	_
189-5	TO029	189	5	è	è	_	_	_	_	_	linguistic	_	none	_	_	_	_	_	_
189-6	TO029	189	6	una	una	_	_	_	_	_	linguistic	_	none	_	_	_	_	_	_
189-7	TO029	189	7	fo~	fo~	_	_	_	_	_	linguistic	_	none	Interrupted=Yes	_	_	_	_	_
189-8	TO029	189	8	mi	mi	_	_	_	_	_	linguistic	_	none	_	_	_	_	_	_
189-9	TO029	189	9	sembra	sembra	_	_	_	_	_	linguistic	_	none	_	_	_	_	_	_
189-10	TO029	189	10	una	una	_	_	_	_	_	linguistic	_	none	_	_	_	_	_	_
189-11	TO029	189	11	follia	follia	_	_	_	_	_	linguistic	_	none	_	End=608.207	_	_	_	_
190-0	TO033	190	0	ma	ma	_	_	_	_	_	linguistic	_	none	_	Begin=608.268	_	_	_	_
190-1	TO033	190	1	perché	perché	_	_	_	_	_	linguistic	_	none	_	_	_	_	_	_
190-2	TO033	190	2	evidentemente	evidentemente	_	_	_	_	_	linguistic	_	none	_	_	_	_	_	_
190-3	TO033	190	3	non	non	_	_	_	_	_	linguistic	_	none	_	_	_	_	_	_
190-4	TO033	190	4	so	so	_	_	_	_	_	linguistic	_	none	_	_	_	_	_	_
190-5	TO033	190	5	lui	lui	_	_	_	_	_	linguistic	_	none	_	_	_	_	_	_
190-6	TO033	190	6	le	le	_	_	_	_	_	linguistic	_	none	_	_	_	_	_	_
190-7	TO033	190	7	avrà	avrà	_	_	_	_	_	linguistic	_	none	_	_	_	_	_	_
190-8	TO033	190	8	chiesto	chiesto	_	_	_	_	_	linguistic	_	none	_	_	_	_	_	_
190-9	TO033	190	9	l'	l'	_	_	_	_	_	linguistic	_	none	SpaceAfter=No	_	_	_	_	_
190-10	TO033	190	10	anno::	anno	_	_	_	_	_	linguistic	_	none	_	_	3x2	_	_	_
190-11	TO033	190	11	d'	d'	_	_	_	_	_	linguistic	_	none	SpaceAfter=No	_	_	_	_	_
190-12	TO033	190	12	indipendenza	indipendenza	_	_	_	_	_	linguistic	_	none	_	_	_	_	_	_
190-13	TO033	190	13	del	del	_	_	_	_	_	linguistic	_	none	_	_	_	_	_	_
190-14	TO033	190	14	sudafrica	sudafrica	_	_	_	_	_	linguistic	_	none	_	_	_	_	_	_
190-15	TO033	190	15	e	e	_	_	_	_	_	linguistic	_	none	_	_	_	_	_	_
190-16	TO033	190	16	lei	lei	_	_	_	_	_	linguistic	_	none	_	_	_	_	_	_
190-17	TO033	190	17	non	non	_	_	_	_	_	linguistic	_	none	_	_	_	_	_	_
190-18	TO033	190	18	lo	lo	_	_	_	_	_	linguistic	_	none	_	_	_	_	_	_
190-19	TO033	190	19	sapeva	sapeva	_	_	_	_	_	linguistic	_	none	_	_	_	_	_	_
190-20	TO033	190	20	hai	hai	_	_	_	_	_	linguistic	_	none	_	_	_	_	_	_
190-21	TO033	190	21	capito?	capito	_	_	_	_	_	linguistic	_	none	Intonation=Rising	End=614.776	_	_	_	_
191-0	TO029	191	0	no	no	_	_	_	_	_	linguistic	_	none	_	Begin=617.787	_	_	_	_
191-1	TO029	191	1	cioè	cioè	_	_	_	_	_	linguistic	_	none	_	_	_	_	_	_
191-2	TO029	191	2	sicuramente	sicuramente	_	_	_	_	_	linguistic	_	none	_	_	_	_	_	_
191-3	TO029	191	3	è	è	_	_	_	_	_	linguistic	_	none	_	_	_	_	_	_
191-4	TO029	191	4	una	una	_	_	_	_	_	linguistic	_	none	_	_	_	_	_	_
191-5	TO029	191	5	merda	merda	_	_	_	_	_	linguistic	_	none	_	_	_	_	_	_
191-6	TO029	191	6	detto	detto	_	_	_	_	_	linguistic	_	none	_	_	_	_	_	_
191-7	TO029	191	7	questo	questo	_	_	_	_	_	linguistic	_	none	_	_	_	_	_	_
191-8	TO029	191	8	io	io	_	_	_	_	_	linguistic	_	none	_	_	_	_	_	_
191-9	TO029	191	9	non	non	_	_	_	_	_	linguistic	_	none	_	_	_	_	_	_
191-10	TO029	191	10	ci	ci	_	_	_	_	_	linguistic	_	none	_	_	_	_	_	_
191-11	TO029	191	11	credo	credo	_	_	_	_	_	linguistic	_	none	_	_	_	_	_	_
191-12	TO029	191	12	che	che	_	_	_	_	_	linguistic	_	none	_	_	_	_	_	_
191-13	TO029	191	13	marina	marina	_	_	_	_	_	linguistic	_	none	_	_	_	_	_	_
191-14	TO029	191	14	l'	l'	_	_	_	_	_	linguistic	_	none	SpaceAfter=No	_	_	_	_	_
191-15	TO029	191	15	anno	anno	_	_	_	_	_	linguistic	_	none	_	_	_	_	_	_
191-16	TO029	191	16	prossimo	prossimo	_	_	_	_	_	linguistic	_	none	_	_	_	_	_	_
191-17	TO029	191	17	ha	ha	_	_	_	_	_	linguistic	_	none	_	_	_	_	_	_
191-18	TO029	191	18	un	un	_	_	_	_	_	linguistic	_	none	_	_	_	_	_	_
191-19	TO029	191	19	dottorato	dottorato	_	_	_	_	_	linguistic	_	none	_	_	_	_	_	_
191-20	TO029	191	20	(a	a	_	_	_	_	_	linguistic	_	none	_	_	_	_	0-1(0)	_
191-21	TO029	191	21	siena)	siena	_	_	_	_	_	linguistic	_	none	_	End=622.415	_	_	0-5(0)	_
192-0	TO029	192	0	xxx	xxx	_	_	_	_	_	unknown	_	none	Syllables=3	Begin=624.734	_	_	_	_
192-1	TO029	192	1	è	è	_	_	_	_	_	linguistic	_	none	_	_	_	_	_	_
192-2	TO029	192	2	una	una	_	_	_	_	_	linguistic	_	none	_	_	_	_	_	_
192-3	TO029	192	3	follia	follia	_	_	_	_	_	linguistic	_	none	_	_	_	_	_	_
192-4	TO029	192	4	ma	ma	_	_	_	_	_	linguistic	_	none	_	_	_	_	_	_
192-5	TO029	192	5	non	non	_	_	_	_	_	linguistic	_	none	_	_	_	_	_	_
192-6	TO029	192	6	può	può	_	_	_	_	_	linguistic	_	none	_	_	_	_	_	_
192-7	TO029	192	7	essere	essere	_	_	_	_	_	linguistic	_	none	_	_	_	_	_	_
192-8	TO029	192	8	ma	ma	_	_	_	_	_	linguistic	_	none	_	_	_	_	_	_
192-9	TO029	192	9	ci	ci	_	_	_	_	_	linguistic	_	none	_	_	_	_	_	_
192-10	TO029	192	10	sono	sono	_	_	_	_	_	linguistic	_	none	_	_	_	_	_	_
192-11	TO029	192	11	delle	delle	_	_	_	_	_	linguistic	_	none	_	_	_	_	_	_
192-12	TO029	192	12	persone	persone	_	_	_	_	_	linguistic	_	none	_	_	_	_	_	_
192-13	TO029	192	13	qualificate	qualificate	_	_	_	_	_	linguistic	_	none	_	_	_	_	_	_
192-14	TO029	192	14	[per	per	_	_	_	_	_	linguistic	_	none	_	_	_	_	_	0-3(40)
192-15	TO029	192	15	fare	fare	_	_	_	_	_	linguistic	_	none	_	_	_	_	_	0-4(40)
192-16	TO029	192	16	queste	queste	_	_	_	_	_	linguistic	_	none	_	_	_	_	_	0-6(40)
192-17	TO029	192	17	cose]	cose	_	_	_	_	_	linguistic	_	none	_	End=629.976	_	_	_	0-4(40)
193-0	TO034	193	0	[e	e	_	_	_	_	_	linguistic	_	none	_	Begin=628.463	_	_	_	0-1(40)
193-1	TO034	193	1	io	io	_	_	_	_	_	linguistic	_	none	_	_	_	_	_	0-2(40)
193-2	TO034	193	2	sputtano	sputtano	_	_	_	_	_	linguistic	_	none	_	_	_	_	_	0-8(40)
193-3	TO034	193	3	tu]tto	tutto	_	_	_	_	_	linguistic	_	none	_	_	_	_	_	0-2(40)
193-4	TO034	193	4	ragà	ragà	_	_	_	_	_	linguistic	_	none	_	_	_	_	_	_
193-5	TO034	193	5	cioè	cioè	_	_	_	_	_	linguistic	_	none	_	End=630.792	_	_	_	_
194-0	TO033	194	0	io	io	_	_	_	_	_	linguistic	_	none	_	Begin=630.824	_	_	_	_
194-1	TO033	194	1	no	no	_	_	_	_	_	linguistic	_	none	_	_	_	_	_	_
194-2	TO033	194	2	io	io	_	_	_	_	_	linguistic	_	none	_	_	_	_	_	_
194-3	TO033	194	3	ho	ho	_	_	_	_	_	linguistic	_	none	_	_	_	_	_	_
194-4	TO033	194	4	già	già	_	_	_	_	_	linguistic	_	none	_	_	_	_	_	_
194-5	TO033	194	5	deciso	deciso	_	_	_	_	_	linguistic	_	none	_	_	_	_	_	_
194-6	TO033	194	6	che	che	_	_	_	_	_	linguistic	_	none	PauseAfter=Yes	_	_	_	_	_
194-7	TO033	194	7	(.)	(.)	_	_	_	_	_	shortpause	_	none	_	_	_	_	_	_
194-8	TO033	194	8	io	io	_	_	_	_	_	linguistic	_	none	_	_	_	_	_	_
194-9	TO033	194	9	mi	mi	_	_	_	_	_	linguistic	_	none	_	_	_	_	_	_
194-10	TO033	194	10	laureo	laureo	_	_	_	_	_	linguistic	_	none	_	End=633.302	_	_	_	_
195-0	TO029	195	0	[e::h]	eh	_	_	_	_	_	linguistic	_	none	_	Begin=633.536|End=633.975	0x2	_	_	0-2(41)
196-0	TO033	196	0	[mi]	mi	_	_	_	_	_	linguistic	_	none	_	Begin=633.813	_	_	_	0-2(41)
196-1	TO033	196	1	compro	compro	_	_	_	_	_	linguistic	_	none	_	_	_	_	_	_
196-2	TO033	196	2	xx	xx	_	_	_	_	_	unknown	_	none	Syllables=2	_	_	_	_	_
196-3	TO033	196	3	e	e	_	_	_	_	_	linguistic	_	none	_	_	_	_	_	_
196-4	TO033	196	4	xxx	xxx	_	_	_	_	_	unknown	_	none	Syllables=3	_	_	_	_	_
196-5	TO033	196	5	non	non	_	_	_	_	_	linguistic	_	none	_	_	_	_	_	_
196-6	TO033	196	6	me	me	_	_	_	_	_	linguistic	_	none	_	_	_	_	_	_
196-7	TO033	196	7	ne	ne	_	_	_	_	_	linguistic	_	none	_	_	_	_	_	_
196-8	TO033	196	8	frega	frega	_	_	_	_	_	linguistic	_	none	_	_	_	_	_	_
196-9	TO033	196	9	un	un	_	_	_	_	_	linguistic	_	none	_	_	_	_	_	_
196-10	TO033	196	10	cazzo	cazzo	_	_	_	_	_	linguistic	_	none	_	_	_	_	_	_
196-11	TO033	196	11	ma	ma	_	_	_	_	_	linguistic	_	none	_	_	_	_	_	_
196-12	TO033	196	12	io	io	_	_	_	_	_	linguistic	_	none	_	_	_	_	_	_
196-13	TO033	196	13	la	la	_	_	_	_	_	linguistic	_	none	_	_	_	_	_	_
196-14	TO033	196	14	faccio	faccio	_	_	_	_	_	linguistic	_	none	_	_	_	_	_	_
196-15	TO033	196	15	uscire	uscire	_	_	_	_	_	linguistic	_	none	_	End=637.415	_	_	_	_
197-0	TO034	197	0	buttiamo	buttiamo	_	_	_	_	_	linguistic	_	none	_	Begin=639.246	_	_	_	_
197-1	TO034	197	1	il	il	_	_	_	_	_	linguistic	_	none	_	_	_	_	_	_
197-2	TO034	197	2	merdone	merdone	_	_	_	_	_	linguistic	_	none	_	End=640.684	_	_	_	_
198-0	TO029	198	0	a	a	_	_	_	_	_	linguistic	_	none	_	Begin=641.959	_	_	_	_
198-1	TO029	198	1	parte	parte	_	_	_	_	_	linguistic	_	none	_	_	_	_	_	_
198-2	TO029	198	2	che	che	_	_	_	_	_	linguistic	_	none	_	_	_	_	_	_
198-3	TO029	198	3	ci	ci	_	_	_	_	_	linguistic	_	none	_	_	_	_	_	_
198-4	TO029	198	4	starebbe	starebbe	_	_	_	_	_	linguistic	_	none	PauseAfter=Yes	_	_	_	_	_
198-5	TO029	198	5	(.)	(.)	_	_	_	_	_	shortpause	_	none	_	_	_	_	_	_
198-6	TO029	198	6	poi	poi	_	_	_	_	_	linguistic	_	none	_	End=643.487	_	_	_	_
199-0	TO029	199	0	no	no	_	_	_	_	_	linguistic	_	none	_	Begin=646.188	_	_	_	_
199-1	TO029	199	1	più	più	_	_	_	_	_	linguistic	_	none	_	_	_	_	_	_
199-2	TO029	199	2	che	che	_	_	_	_	_	linguistic	_	none	_	_	_	_	_	_
199-3	TO029	199	3	altro	altro	_	_	_	_	_	linguistic	_	none	_	_	_	_	_	_
199-4	TO029	199	4	secondo	secondo	_	_	_	_	_	linguistic	_	none	_	_	_	_	_	_
199-5	TO029	199	5	me	me	_	_	_	_	_	linguistic	_	none	_	_	_	_	_	_
199-6	TO029	199	6	cioè	cioè	_	_	_	_	_	linguistic	_	none	_	_	_	_	_	_
199-7	TO029	199	7	non	non	_	_	_	_	_	linguistic	_	none	_	_	_	_	_	_
199-8	TO029	199	8	lo	lo	_	_	_	_	_	linguistic	_	none	_	_	_	_	_	_
199-9	TO029	199	9	so	so	_	_	_	_	_	linguistic	_	none	_	_	_	_	_	_
199-10	TO029	199	10	come	come	_	_	_	_	_	linguistic	_	none	_	_	_	_	_	_
199-11	TO029	199	11	dire	dire	_	_	_	_	_	linguistic	_	none	_	_	_	_	_	_
199-12	TO029	199	12	però	però	_	_	_	_	_	linguistic	_	none	_	_	_	_	_	_
199-13	TO029	199	13	la	la	_	_	_	_	_	linguistic	_	none	_	_	_	_	_	_
199-14	TO029	199	14	rossi,	rossi	_	_	_	_	_	linguistic	_	none	Intonation=WeaklyRising	_	_	_	_	_
199-15	TO029	199	15	cioè	cioè	_	_	_	_	_	linguistic	_	none	_	End=650.592	_	_	_	_
200-0	TO029	200	0	dovr~	dovr~	_	_	_	_	_	linguistic	_	none	Interrupted=Yes	Begin=651.502	_	_	_	_
200-1	TO029	200	1	poteva	poteva	_	_	_	_	_	linguistic	_	none	_	_	_	_	_	_
200-2	TO029	200	2	essere	essere	_	_	_	_	_	linguistic	_	none	_	_	_	_	_	_
200-3	TO029	200	3	meno	meno	_	_	_	_	_	linguistic	_	none	_	_	_	_	_	_
200-4	TO029	200	4	esplicita	esplicita	_	_	_	_	_	linguistic	_	none	PauseAfter=Yes	_	_	_	_	_
200-5	TO029	200	5	(.)	(.)	_	_	_	_	_	shortpause	_	none	_	_	_	_	_	_
200-6	TO029	200	6	°appunto°	appunto	_	_	_	_	_	linguistic	_	none	Volume=low	End=654.822	_	_	_	_
201-0	TO029	201	0	anche	anche	_	_	_	_	_	linguistic	_	none	_	Begin=655.397	_	_	_	_
201-1	TO029	201	1	perché	perché	_	_	_	_	_	linguistic	_	none	_	_	_	_	_	_
201-2	TO029	201	2	sapendo	sapendo	_	_	_	_	_	linguistic	_	none	_	_	_	_	_	_
201-3	TO029	201	3	che	che	_	_	_	_	_	linguistic	_	none	_	_	_	_	_	_
201-4	TO029	201	4	il	il	_	_	_	_	_	linguistic	_	none	_	_	_	_	_	_
201-5	TO029	201	5	corso	corso	_	_	_	_	_	linguistic	_	none	_	_	_	_	_	_
201-6	TO029	201	6	non	non	_	_	_	_	_	linguistic	_	none	_	_	_	_	_	_
201-7	TO029	201	7	è	è	_	_	_	_	_	linguistic	_	none	_	_	_	_	_	_
201-8	TO029	201	8	ancora	ancora	_	_	_	_	_	linguistic	_	none	_	_	_	_	_	_
201-9	TO029	201	9	finito	finito	_	_	_	_	_	linguistic	_	none	_	_	_	_	_	_
201-10	TO029	201	10	e	e	_	_	_	_	_	linguistic	_	none	_	_	_	_	_	_
201-11	TO029	201	11	[siamo	siamo	_	_	_	_	_	linguistic	_	none	_	_	_	_	_	0-5(42)
201-12	TO029	201	12	tutti	tutti	_	_	_	_	_	linguistic	_	none	_	_	_	_	_	0-5(42)
201-13	TO029	201	13	qui	qui	_	_	_	_	_	linguistic	_	none	_	_	_	_	_	0-3(42)
201-14	TO029	201	14	tutti	tutti	_	_	_	_	_	linguistic	_	none	_	_	_	_	_	0-5(42)
201-15	TO029	201	15	si	si	_	_	_	_	_	linguistic	_	none	_	_	_	_	_	0-2(42)
201-16	TO029	201	16	pa]::rla	parla	_	_	_	_	_	linguistic	_	none	_	_	1x2	_	_	0-2(42)
201-17	TO029	201	17	tutti:::	tutti	_	_	_	_	_	linguistic	_	none	_	End=660.422	4x3	_	_	_
202-0	TO034	202	0	[esatto::	esatto	_	_	_	_	_	linguistic	_	none	_	Begin=657.992	5x2	_	_	0-6(42)
202-1	TO034	202	1	esatto::]	esatto	_	_	_	_	_	linguistic	_	none	_	End=659.746	5x2	_	_	0-6(42)
203-0	TO029	203	0	cioè	cioè	_	_	_	_	_	linguistic	_	none	_	Begin=661.328	_	_	_	_
203-1	TO029	203	1	è	è	_	_	_	_	_	linguistic	_	none	_	_	_	_	_	_
203-2	TO029	203	2	un	un	_	_	_	_	_	linguistic	_	none	_	_	_	_	_	_
203-3	TO029	203	3	[po':::]	po'	_	_	_	_	_	linguistic	_	none	_	End=662.324	1x3	_	_	0-3(43)
204-0	TO034	204	0	[ma	ma	_	_	_	_	_	linguistic	_	none	_	Begin=662.061	_	_	_	0-2(43)
204-1	TO034	204	1	poi]	poi	_	_	_	_	_	linguistic	_	none	_	_	_	_	_	0-3(43)
204-2	TO034	204	2	lei	lei	_	_	_	_	_	linguistic	_	none	_	_	_	_	_	_
204-3	TO034	204	3	le	le	_	_	_	_	_	linguistic	_	none	_	_	_	_	_	_
204-4	TO034	204	4	avrà	avrà	_	_	_	_	_	linguistic	_	none	_	_	_	_	_	_
204-5	TO034	204	5	detto	detto	_	_	_	_	_	linguistic	_	none	_	_	_	_	_	_
204-6	TO034	204	6	non	non	_	_	_	_	_	linguistic	_	none	_	_	_	_	_	_
204-7	TO034	204	7	dirlo	dirlo	_	_	_	_	_	linguistic	_	none	_	_	_	_	_	_
204-8	TO034	204	8	a	a	_	_	_	_	_	linguistic	_	none	_	_	_	_	_	_
204-9	TO034	204	9	nessuno	nessuno	_	_	_	_	_	linguistic	_	none	_	_	_	_	_	_
204-10	TO034	204	10	e	e	_	_	_	_	_	linguistic	_	none	_	_	_	_	_	_
204-11	TO034	204	11	lei	lei	_	_	_	_	_	linguistic	_	none	_	_	_	_	_	_
204-12	TO034	204	12	ovviamente	ovviamente	_	_	_	_	_	linguistic	_	none	_	End=664.653	_	_	_	_
205-0	TO034	205	0	magari	magari	_	_	_	_	_	linguistic	_	none	_	Begin=666.068	_	_	_	_
205-1	TO034	205	1	mari	mari	_	_	_	_	_	linguistic	_	none	_	_	_	_	_	_
205-2	TO034	205	2	ha	ha	_	_	_	_	_	linguistic	_	none	_	_	_	_	_	_
205-3	TO034	205	3	ingigantito	ingigantito	_	_	_	_	_	linguistic	_	none	_	_	_	_	_	_
205-4	TO034	205	4	insomma	insomma	_	_	_	_	_	linguistic	_	none	_	End=668.346	_	_	_	_
206-0	TO033	206	0	no	no	_	_	_	_	_	linguistic	_	none	_	Begin=669.364	_	_	_	_
206-1	TO033	206	1	io	io	_	_	_	_	_	linguistic	_	none	PauseAfter=Yes	_	_	_	_	_
206-2	TO033	206	2	(.)	(.)	_	_	_	_	_	shortpause	_	none	_	_	_	_	_	_
206-3	TO033	206	3	cioè	cioè	_	_	_	_	_	linguistic	_	none	_	End=670.55	_	_	_	_
207-0	TO033	207	0	non	non	_	_	_	_	_	linguistic	_	none	_	Begin=672.115	_	_	_	_
207-1	TO033	207	1	lo	lo	_	_	_	_	_	linguistic	_	none	_	_	_	_	_	_
207-2	TO033	207	2	metto	metto	_	_	_	_	_	linguistic	_	none	_	_	_	_	_	_
207-3	TO033	207	3	in	in	_	_	_	_	_	linguistic	_	none	_	_	_	_	_	_
207-4	TO033	207	4	dubbio	dubbio	_	_	_	_	_	linguistic	_	none	_	_	_	_	_	_
207-5	TO033	207	5	che	che	_	_	_	_	_	linguistic	_	none	_	_	_	_	_	_
207-6	TO033	207	6	sicuramente,	sicuramente	_	_	_	_	_	linguistic	_	none	Intonation=WeaklyRising	End=673.896	_	_	_	_
208-0	TO034	208	0	ci	ci	_	_	_	_	_	linguistic	_	none	_	Begin=675.178	_	_	_	_
208-1	TO034	208	1	siano	siano	_	_	_	_	_	linguistic	_	none	_	_	_	_	_	_
208-2	TO034	208	2	delle	delle	_	_	_	_	_	linguistic	_	none	_	_	_	_	_	_
208-3	TO034	208	3	dimensioni	dimensioni	_	_	_	_	_	linguistic	_	none	_	_	_	_	_	_
208-4	TO034	208	4	che	che	_	_	_	_	_	linguistic	_	none	_	_	_	_	_	_
208-5	TO034	208	5	[magari]	magari	_	_	_	_	_	linguistic	_	none	_	End=677.53	_	_	_	0-6(44)
209-0	TO033	209	0	[uh	uh	_	_	_	_	_	linguistic	_	none	_	Begin=677.099	_	_	_	0-2(44)
209-1	TO033	209	1	marina]	marina	_	_	_	_	_	linguistic	_	none	_	_	_	_	_	0-6(44)
209-2	TO033	209	2	((ride))	((ride))	_	_	_	_	_	nonverbalbehavior	_	none	_	End=678.747	_	_	_	_
210-0	TO034	210	0	ingigantite	ingigantite	_	_	_	_	_	linguistic	_	none	_	Begin=678.951	_	_	_	_
210-1	TO034	210	1	o:::	o	_	_	_	_	_	linguistic	_	none	_	End=681.022	0x3	_	_	_
211-0	TO029	211	0	era	era	_	_	_	_	_	linguistic	_	none	_	Begin=681.93	_	_	_	_
211-1	TO029	211	1	un	un	_	_	_	_	_	linguistic	_	none	_	_	_	_	_	_
211-2	TO029	211	2	po'	po'	_	_	_	_	_	linguistic	_	none	_	_	_	_	_	_
211-3	TO029	211	3	asciutto	asciutto	_	_	_	_	_	linguistic	_	none	_	_	_	_	_	_
211-4	TO029	211	4	il	il	_	_	_	_	_	linguistic	_	none	_	_	_	_	_	_
211-5	TO029	211	5	panino?	panino	_	_	_	_	_	linguistic	_	none	Intonation=Rising	End=683.359	_	_	_	_
212-0	TO033	212	0	mh	mh	_	_	_	_	_	linguistic	_	none	_	Begin=683.656|End=684.119	_	_	_	_
213-0	TO029	213	0	vero?	vero	_	_	_	_	_	linguistic	_	none	Intonation=Rising	Begin=684.237|End=684.548	_	_	_	_
214-0	TO033	214	0	anche	anche	_	_	_	_	_	linguistic	_	none	_	Begin=686.057	_	_	_	_
214-1	TO033	214	1	questo	questo	_	_	_	_	_	linguistic	_	none	_	End=686.764	_	_	_	_
215-0	TO029	215	0	anche	anche	_	_	_	_	_	linguistic	_	none	_	Begin=686.775	_	_	_	_
215-1	TO029	215	1	quello?	quello	_	_	_	_	_	linguistic	_	none	Intonation=Rising	End=687.461	_	_	_	_
216-0	TO033	216	0	no	no	_	_	_	_	_	linguistic	_	none	_	Begin=688.799	_	_	_	_
216-1	TO033	216	1	perché	perché	_	_	_	_	_	linguistic	_	none	_	_	_	_	_	_
216-2	TO033	216	2	non	non	_	_	_	_	_	linguistic	_	none	_	_	_	_	_	_
216-3	TO033	216	3	ci	ci	_	_	_	_	_	linguistic	_	none	_	_	_	_	_	_
216-4	TO033	216	4	sono	sono	_	_	_	_	_	linguistic	_	none	_	_	_	_	_	_
216-5	TO033	216	5	gli	gli	_	_	_	_	_	linguistic	_	none	_	_	_	_	_	_
216-6	TO033	216	6	zucchini	zucchini	_	_	_	_	_	linguistic	_	none	_	End=690.903	_	_	_	_
217-0	TO029	217	0	li	li	_	_	_	_	_	linguistic	_	none	_	Begin=691.786	_	_	_	_
217-1	TO029	217	1	hai	hai	_	_	_	_	_	linguistic	_	none	_	_	_	_	_	_
217-2	TO029	217	2	tolti?	tolti	_	_	_	_	_	linguistic	_	none	Intonation=Rising	End=692.298	_	_	_	_
218-0	TO029	218	0	cosa	cosa	_	_	_	_	_	linguistic	_	none	_	Begin=694.523	_	_	_	_
218-1	TO029	218	1	dice?	dice	_	_	_	_	_	linguistic	_	none	Intonation=Rising	End=695.083	_	_	_	_
219-0	TO034	219	0	per	per	_	_	_	_	_	linguistic	_	none	_	Begin=695.929	_	_	_	_
219-1	TO034	219	1	disiscriversi	disiscriversi	_	_	_	_	_	linguistic	_	none	_	_	_	_	_	_
219-2	TO034	219	2	da	da	_	_	_	_	_	linguistic	_	none	_	_	_	_	_	_
219-3	TO034	219	3	un	un	_	_	_	_	_	linguistic	_	none	_	_	_	_	_	_
219-4	TO034	219	4	esame	esame	_	_	_	_	_	linguistic	_	none	_	_	_	_	_	_
219-5	TO034	219	5	come	come	_	_	_	_	_	linguistic	_	none	_	_	_	_	_	_
219-6	TO034	219	6	si	si	_	_	_	_	_	linguistic	_	none	_	_	_	_	_	_
219-7	TO034	219	7	fa	fa	_	_	_	_	_	linguistic	_	none	_	_	_	_	_	_
219-8	TO034	219	8	capito?	capito	_	_	_	_	_	linguistic	_	none	Intonation=Rising	End=698.653	_	_	_	_
220-0	TO033	220	0	lo	lo	_	_	_	_	_	linguistic	_	none	_	Begin=699.026	_	_	_	_
220-1	TO033	220	1	sai	sai	_	_	_	_	_	linguistic	_	none	_	_	_	_	_	_
220-2	TO033	220	2	perché?	perché	_	_	_	_	_	linguistic	_	none	Intonation=Rising	End=699.723	_	_	_	_
221-0	TO033	221	0	perché	perché	_	_	_	_	_	linguistic	_	none	_	Begin=700.186	_	_	_	_
221-1	TO033	221	1	ieri	ieri	_	_	_	_	_	linguistic	_	none	_	_	_	_	_	_
221-2	TO033	221	2	è	è	_	_	_	_	_	linguistic	_	none	_	_	_	_	_	_
221-3	TO033	221	3	arrivata	arrivata	_	_	_	_	_	linguistic	_	none	_	_	_	_	_	_
221-4	TO033	221	4	una	una	_	_	_	_	_	linguistic	_	none	_	_	_	_	_	_
221-5	TO033	221	5	mail	mail	_	_	_	_	_	linguistic	_	none	_	_	_	_	_	_
221-6	TO033	221	6	dalla	dalla	_	_	_	_	_	linguistic	_	none	_	_	_	_	_	_
221-7	TO033	221	7	prof	prof	_	_	_	_	_	linguistic	_	none	_	_	_	_	_	_
221-8	TO033	221	8	di	di	_	_	_	_	_	linguistic	_	none	_	_	_	_	_	_
221-9	TO033	221	9	storia	storia	_	_	_	_	_	linguistic	_	none	_	_	_	_	_	_
221-10	TO033	221	10	che	che	_	_	_	_	_	linguistic	_	none	_	_	_	_	_	_
221-11	TO033	221	11	diceva	diceva	_	_	_	_	_	linguistic	_	none	_	_	_	_	_	_
221-12	TO033	221	12	che	che	_	_	_	_	_	linguistic	_	none	_	_	_	_	_	_
221-13	TO033	221	13	chi	chi	_	_	_	_	_	linguistic	_	none	_	_	_	_	_	_
221-14	TO033	221	14	ha	ha	_	_	_	_	_	linguistic	_	none	_	_	_	_	_	_
221-15	TO033	221	15	passato	passato	_	_	_	_	_	linguistic	_	none	_	_	_	_	_	_
221-16	TO033	221	16	l'	l'	_	_	_	_	_	linguistic	_	none	SpaceAfter=No	_	_	_	_	_
221-17	TO033	221	17	esame,	esame	_	_	_	_	_	linguistic	_	none	Intonation=WeaklyRising	End=704.599	_	_	_	_
222-0	TO033	222	0	o	o	_	_	_	_	_	linguistic	_	none	_	Begin=705.323	_	_	_	_
222-1	TO033	222	1	chi	chi	_	_	_	_	_	linguistic	_	none	_	_	_	_	_	_
222-2	TO033	222	2	l'	l'	_	_	_	_	_	linguistic	_	none	SpaceAfter=No	_	_	_	_	_
222-3	TO033	222	3	ha	ha	_	_	_	_	_	linguistic	_	none	_	_	_	_	_	_
222-4	TO033	222	4	già	già	_	_	_	_	_	linguistic	_	none	_	_	_	_	_	_
222-5	TO033	222	5	dato	dato	_	_	_	_	_	linguistic	_	none	_	_	_	_	_	_
222-6	TO033	222	6	o	o	_	_	_	_	_	linguistic	_	none	_	_	_	_	_	_
222-7	TO033	222	7	non	non	_	_	_	_	_	linguistic	_	none	_	_	_	_	_	_
222-8	TO033	222	8	vuole	vuole	_	_	_	_	_	linguistic	_	none	_	_	_	_	_	_
222-9	TO033	222	9	darlo	darlo	_	_	_	_	_	linguistic	_	none	_	_	_	_	_	_
222-10	TO033	222	10	di	di	_	_	_	_	_	linguistic	_	none	_	_	_	_	_	_
222-11	TO033	222	11	disiscriversi	disiscriversi	_	_	_	_	_	linguistic	_	none	PauseAfter=Yes	_	_	_	_	_
222-12	TO033	222	12	(.)	(.)	_	_	_	_	_	shortpause	_	none	_	_	_	_	_	_
222-13	TO033	222	13	dall'	dall'	_	_	_	_	_	linguistic	_	none	SpaceAfter=No	_	_	_	_	_
222-14	TO033	222	14	appello	appello	_	_	_	_	_	linguistic	_	none	_	_	_	_	_	_
222-15	TO033	222	15	del	del	_	_	_	_	_	linguistic	_	none	_	_	_	_	_	_
222-16	TO033	222	16	del	del	_	_	_	_	_	linguistic	_	none	_	_	_	_	_	_
222-17	TO033	222	17	sedici,	sedici	_	_	_	_	_	linguistic	_	none	Intonation=WeaklyRising	End=710.82	_	_	_	_
223-0	TO034	223	0	mh	mh	_	_	_	_	_	linguistic	_	none	_	Begin=710.82	_	_	_	_
223-1	TO034	223	1	sì	sì	_	_	_	_	_	linguistic	_	none	_	End=711.307	_	_	_	_
224-0	TO033	224	0	in	in	_	_	_	_	_	linguistic	_	none	_	Begin=712.709	_	_	_	_
224-1	TO033	224	1	modo	modo	_	_	_	_	_	linguistic	_	none	_	_	_	_	_	_
224-2	TO033	224	2	tale	tale	_	_	_	_	_	linguistic	_	none	_	_	_	_	_	_
224-3	TO033	224	3	da	da	_	_	_	_	_	linguistic	_	none	_	_	_	_	_	_
224-4	TO033	224	4	non	non	_	_	_	_	_	linguistic	_	none	_	_	_	_	_	_
224-5	TO033	224	5	farsi	farsi	_	_	_	_	_	linguistic	_	none	_	_	_	_	_	_
224-6	TO033	224	6	segnare	segnare	_	_	_	_	_	linguistic	_	none	_	_	_	_	_	_
224-7	TO033	224	7	assenti	assenti	_	_	_	_	_	linguistic	_	none	_	End=714.592	_	_	_	_
225-0	TO033	225	0	che	che	_	_	_	_	_	linguistic	_	none	_	Begin=715.439	_	_	_	_
225-1	TO033	225	1	poi	poi	_	_	_	_	_	linguistic	_	none	_	_	_	_	_	_
225-2	TO033	225	2	voglio	voglio	_	_	_	_	_	linguistic	_	none	_	_	_	_	_	_
225-3	TO033	225	3	dire	dire	_	_	_	_	_	linguistic	_	none	_	_	_	_	_	_
225-4	TO033	225	4	ma	ma	_	_	_	_	_	linguistic	_	none	_	_	_	_	_	_
225-5	TO033	225	5	se	se	_	_	_	_	_	linguistic	_	none	_	_	_	_	_	_
225-6	TO033	225	6	uno	uno	_	_	_	_	_	linguistic	_	none	_	_	_	_	_	_
225-7	TO033	225	7	segna	segna	_	_	_	_	_	linguistic	_	none	_	_	_	_	_	_
225-8	TO033	225	8	assente?	assente	_	_	_	_	_	linguistic	_	none	Intonation=Rising	End=716.912	_	_	_	_
226-0	TO029	226	0	all'	all'	_	_	_	_	_	linguistic	_	none	SpaceAfter=No	Begin=717.048	_	_	_	_
226-1	TO029	226	1	esame?	esame	_	_	_	_	_	linguistic	_	none	Intonation=Rising	End=717.691	_	_	_	_
227-0	TO033	227	0	sì	sì	_	_	_	_	_	linguistic	_	none	_	Begin=718.153	_	_	_	_
227-1	TO033	227	1	ma	ma	_	_	_	_	_	linguistic	_	none	_	_	_	_	_	_
227-2	TO033	227	2	poi	poi	_	_	_	_	_	linguistic	_	none	_	_	_	_	_	_
227-3	TO033	227	3	se	se	_	_	_	_	_	linguistic	_	none	_	_	_	_	_	_
227-4	TO033	227	4	io	io	_	_	_	_	_	linguistic	_	none	_	_	_	_	_	_
227-5	TO033	227	5	ho	ho	_	_	_	_	_	linguistic	_	none	_	_	_	_	_	_
227-6	TO033	227	6	già	già	_	_	_	_	_	linguistic	_	none	_	_	_	_	_	_
227-7	TO033	227	7	dato	dato	_	_	_	_	_	linguistic	_	none	_	_	_	_	_	_
227-8	TO033	227	8	l'	l'	_	_	_	_	_	linguistic	_	none	SpaceAfter=No	_	_	_	_	_
227-9	TO033	227	9	esame	esame	_	_	_	_	_	linguistic	_	none	_	End=720.141	_	_	_	_
228-0	TO033	228	0	che	che	_	_	_	_	_	linguistic	_	none	_	Begin=721.047	_	_	_	_
228-1	TO033	228	1	[mi	mi	_	_	_	_	_	linguistic	_	none	_	_	_	_	_	0-2(45)
228-2	TO033	228	2	sono]	sono	_	_	_	_	_	linguistic	_	none	_	End=721.676	_	_	_	0-4(45)
229-0	TO029	229	0	[ma	ma	_	_	_	_	_	linguistic	_	none	_	Begin=721.203	_	_	_	0-2(45)
229-1	TO029	229	1	cosa	cosa	_	_	_	_	_	linguistic	_	none	_	_	_	_	_	0-4(45)
229-2	TO029	229	2	vuol]	vuol	_	_	_	_	_	linguistic	_	none	_	_	_	_	_	0-4(45)
229-3	TO029	229	3	dire	dire	_	_	_	_	_	linguistic	_	none	_	_	_	_	_	_
229-4	TO029	229	4	segnare	segnare	_	_	_	_	_	linguistic	_	none	_	_	_	_	_	_
229-5	TO029	229	5	assente	assente	_	_	_	_	_	linguistic	_	none	_	_	_	_	_	_
229-6	TO029	229	6	[cos'	cos'	_	_	_	_	_	linguistic	_	none	SpaceAfter=No	_	_	_	_	0-4(46)
229-7	TO029	229	7	è	è	_	_	_	_	_	linguistic	_	none	_	_	_	_	_	0-1(46)
229-8	TO029	229	8	il	il	_	_	_	_	_	linguistic	_	none	_	_	_	_	_	0-2(46)
229-9	TO029	229	9	registro]?	registro	_	_	_	_	_	linguistic	_	none	Intonation=Rising	End=723.838	_	_	_	0-8(46)
230-0	TO033	230	0	[ma	ma	_	_	_	_	_	linguistic	_	none	_	Begin=722.424	_	_	_	0-2(46)
230-1	TO033	230	1	perché	perché	_	_	_	_	_	linguistic	_	none	_	_	_	_	_	0-6(46)
230-2	TO033	230	2	no	no	_	_	_	_	_	linguistic	_	none	_	_	_	_	_	0-2(46)
230-3	TO033	230	3	par~	par~	_	_	_	_	_	linguistic	_	none	Interrupted=Yes	_	_	_	_	0-4(46)
230-4	TO033	230	4	que]sta	questa	_	_	_	_	_	linguistic	_	none	_	_	_	_	_	0-3(46)
230-5	TO033	230	5	qui	qui	_	_	_	_	_	linguistic	_	none	_	_	_	_	_	_
230-6	TO033	230	6	è	è	_	_	_	_	_	linguistic	_	none	_	_	_	_	_	_
230-7	TO033	230	7	una	una	_	_	_	_	_	linguistic	_	none	_	_	_	_	_	_
230-8	TO033	230	8	x[xx]	xxx	_	_	_	_	_	unknown	_	none	Syllables=3	End=725.253	_	_	_	1-3(47)
231-0	TO034	231	0	[no]	no	_	_	_	_	_	linguistic	_	none	_	Begin=724.688	_	_	_	0-2(47)
231-1	TO034	231	1	quando:::	quando	_	_	_	_	_	linguistic	_	none	_	End=725.841	5x3	_	_	_
232-0	TO029	232	0	ma	ma	_	_	_	_	_	linguistic	_	none	_	Begin=726.76	_	_	_	_
232-1	TO029	232	1	sì	sì	_	_	_	_	_	linguistic	_	none	_	_	_	_	_	_
232-2	TO029	232	2	ma	ma	_	_	_	_	_	linguistic	_	none	_	_	_	_	_	_
232-3	TO029	232	3	sì	sì	_	_	_	_	_	linguistic	_	none	_	_	_	_	_	_
232-4	TO029	232	4	ma	ma	_	_	_	_	_	linguistic	_	none	_	_	_	_	_	_
232-5	TO029	232	5	se	se	_	_	_	_	_	linguistic	_	none	_	_	_	_	_	_
232-6	TO029	232	6	sei	sei	_	_	_	_	_	linguistic	_	none	_	_	_	_	_	_
232-7	TO029	232	7	assente	assente	_	_	_	_	_	linguistic	_	none	_	_	_	_	_	_
232-8	TO029	232	8	all'	all'	_	_	_	_	_	linguistic	_	none	SpaceAfter=No	_	_	_	_	_
232-9	TO029	232	9	esame	esame	_	_	_	_	_	linguistic	_	none	_	_	_	_	_	_
232-10	TO029	232	10	cosa	cosa	_	_	_	_	_	linguistic	_	none	_	_	_	_	_	_
232-11	TO029	232	11	succede?	succede	_	_	_	_	_	linguistic	_	none	Intonation=Rising	End=728.6	_	_	_	_
233-0	TO034	233	0	un	un	_	_	_	_	_	linguistic	_	none	_	Begin=729.369	_	_	_	_
233-1	TO034	233	1	c[azzo]	cazzo	_	_	_	_	_	linguistic	_	none	_	End=729.888	_	_	_	1-5(48)
234-0	TO029	234	0	[nie]nte	niente	_	_	_	_	_	linguistic	_	none	_	Begin=729.669|End=730.185	_	_	_	0-3(48)
235-0	TO033	235	0	io	io	_	_	_	_	_	linguistic	_	none	_	Begin=730.185	_	_	_	_
235-1	TO033	235	1	mi	mi	_	_	_	_	_	linguistic	_	none	_	_	_	_	_	_
235-2	TO033	235	2	so~	so~	_	_	_	_	_	linguistic	_	none	Interrupted=Yes	_	_	_	_	_
235-3	TO033	235	3	io	io	_	_	_	_	_	linguistic	_	none	_	_	_	_	_	_
235-4	TO033	235	4	mi	mi	_	_	_	_	_	linguistic	_	none	_	_	_	_	_	_
235-5	TO033	235	5	son	son	_	_	_	_	_	linguistic	_	none	_	_	_	_	_	_
235-6	TO033	235	6	registrata	registrata	_	_	_	_	_	linguistic	_	none	_	_	_	_	_	_
235-7	TO033	235	7	alla	alla	_	_	_	_	_	linguistic	_	none	_	_	_	_	_	_
235-8	TO033	235	8	prova	prova	_	_	_	_	_	linguistic	_	none	_	_	_	_	_	_
235-9	TO033	235	9	di	di	_	_	_	_	_	linguistic	_	none	_	_	_	_	_	_
235-10	TO033	235	10	antropologia	antropologia	_	_	_	_	_	linguistic	_	none	_	_	_	_	_	_
235-11	TO033	235	11	di	di	_	_	_	_	_	linguistic	_	none	_	_	_	_	_	_
235-12	TO033	235	12	gennaio	gennaio	_	_	_	_	_	linguistic	_	none	_	End=733.099	_	_	_	_
236-0	TO034	236	0	eh	eh	_	_	_	_	_	linguistic	_	none	_	Begin=733.754|End=734.12	_	_	_	_
237-0	TO029	237	0	sem[pre,	sempre	_	_	_	_	_	linguistic	_	none	Intonation=WeaklyRising	Begin=734.097	_	_	_	3-6(50)
237-1	TO029	237	1	è	è	_	_	_	_	_	linguistic	_	none	_	_	_	_	_	0-1(50)
237-2	TO029	237	2	normale]	normale	_	_	_	_	_	linguistic	_	none	_	End=735.376	_	_	_	0-7(50)
238-0	TO033	238	0	[e	e	_	_	_	_	_	linguistic	_	none	_	Begin=734.46	_	_	_	0-1(50)
238-1	TO033	238	1	non	non	_	_	_	_	_	linguistic	_	none	_	_	_	_	_	0-3(50)
238-2	TO033	238	2	mi	mi	_	_	_	_	_	linguistic	_	none	_	_	_	_	_	0-2(50)
238-3	TO033	238	3	sono	sono	_	_	_	_	_	linguistic	_	none	_	_	_	_	_	0-4(50)
238-4	TO033	238	4	presentata]	presentata	_	_	_	_	_	linguistic	_	none	_	End=735.42	_	_	_	0-10(50)
239-0	TO034	239	0	io	io	_	_	_	_	_	linguistic	_	none	_	Begin=735.426	_	_	_	_
239-1	TO034	239	1	pure	pure	_	_	_	_	_	linguistic	_	none	_	_	_	_	_	_
239-2	TO034	239	2	xxx	xxx	_	_	_	_	_	unknown	_	none	Syllables=3	_	_	_	_	_
239-3	TO034	239	3	trien[nale]	triennale	_	_	_	_	_	linguistic	_	none	_	End=738.03	_	_	_	5-9(51)
240-0	TO033	240	0	[se	se	_	_	_	_	_	linguistic	_	none	_	Begin=737.593	_	_	_	0-2(51)
240-1	TO033	240	1	tu]	tu	_	_	_	_	_	linguistic	_	none	_	_	_	_	_	0-2(51)
240-2	TO033	240	2	l'	l'	_	_	_	_	_	linguistic	_	none	SpaceAfter=No	_	_	_	_	_
240-3	TO033	240	3	hai	hai	_	_	_	_	_	linguistic	_	none	_	_	_	_	_	_
240-4	TO033	240	4	già	già	_	_	_	_	_	linguistic	_	none	_	_	_	_	_	_
240-5	TO033	240	5	dato,	dato	_	_	_	_	_	linguistic	_	none	Intonation=WeaklyRising	End=738.63	_	_	_	_
241-0	TO033	241	0	e	e	_	_	_	_	_	linguistic	_	none	_	Begin=739.369	_	_	_	_
241-1	TO033	241	1	l'	l'	_	_	_	_	_	linguistic	_	none	SpaceAfter=No	_	_	_	_	_
241-2	TO033	241	2	hai	hai	_	_	_	_	_	linguistic	_	none	_	_	_	_	_	_
241-3	TO033	241	3	già	già	_	_	_	_	_	linguistic	_	none	_	_	_	_	_	_
241-4	TO033	241	4	passato,	passato	_	_	_	_	_	linguistic	_	none	Intonation=WeaklyRising	End=740.459	_	_	_	_
242-0	TO033	242	0	e	e	_	_	_	_	_	linguistic	_	none	_	Begin=741.179	_	_	_	_
242-1	TO033	242	1	ti	ti	_	_	_	_	_	linguistic	_	none	_	_	_	_	_	_
242-2	TO033	242	2	sei	sei	_	_	_	_	_	linguistic	_	none	_	_	_	_	_	_
242-3	TO033	242	3	iscritto	iscritto	_	_	_	_	_	linguistic	_	none	_	_	_	_	_	_
242-4	TO033	242	4	per	per	_	_	_	_	_	linguistic	_	none	_	_	_	_	_	_
242-5	TO033	242	5	scrupolo	scrupolo	_	_	_	_	_	linguistic	_	none	_	_	_	_	_	_
242-6	TO033	242	6	all'	all'	_	_	_	_	_	linguistic	_	none	SpaceAfter=No	_	_	_	_	_
242-7	TO033	242	7	appello	appello	_	_	_	_	_	linguistic	_	none	_	_	_	_	_	_
242-8	TO033	242	8	dopo	dopo	_	_	_	_	_	linguistic	_	none	PauseAfter=Yes	_	_	_	_	_
242-9	TO033	242	9	(.)	(.)	_	_	_	_	_	shortpause	_	none	_	_	_	_	_	_
242-10	TO033	242	10	cioè	cioè	_	_	_	_	_	linguistic	_	none	_	_	_	_	_	_
242-11	TO033	242	11	se	se	_	_	_	_	_	linguistic	_	none	_	_	_	_	_	_
242-12	TO033	242	12	non	non	_	_	_	_	_	linguistic	_	none	_	_	_	_	_	_
242-13	TO033	242	13	ci	ci	_	_	_	_	_	linguistic	_	none	_	_	_	_	_	_
242-14	TO033	242	14	vai	vai	_	_	_	_	_	linguistic	_	none	PauseAfter=Yes	_	_	_	_	_
242-15	TO033	242	15	(.)	(.)	_	_	_	_	_	shortpause	_	none	_	_	_	_	_	_
242-16	TO033	242	16	ti	ti	_	_	_	_	_	linguistic	_	none	_	_	_	_	_	_
242-17	TO033	242	17	toglie	toglie	_	_	_	_	_	linguistic	_	none	_	_	_	_	_	_
242-18	TO033	242	18	il	il	_	_	_	_	_	linguistic	_	none	_	_	_	_	_	_
242-19	TO033	242	19	voto?	voto	_	_	_	_	_	linguistic	_	none	Intonation=Rising	_	_	_	_	_
242-20	TO033	242	20	cioè	cioè	_	_	_	_	_	linguistic	_	none	_	_	_	_	_	_
242-21	TO033	242	21	cosa	cosa	_	_	_	_	_	linguistic	_	none	_	_	_	_	_	_
242-22	TO033	242	22	succe~	succe~	_	_	_	_	_	linguistic	_	none	Interrupted=Yes	_	_	_	_	_
242-23	TO033	242	23	no	no	_	_	_	_	_	linguistic	_	none	_	_	_	_	_	_
242-24	TO033	242	24	[nel	nel	_	_	_	_	_	linguistic	_	none	_	_	_	_	_	0-3(52)
242-25	TO033	242	25	senso]	senso	_	_	_	_	_	linguistic	_	none	_	End=747.93	_	_	_	0-5(52)
243-0	TO029	243	0	[no	no	_	_	_	_	_	linguistic	_	none	_	Begin=747.389	_	_	_	0-2(52)
243-1	TO029	243	1	ma	ma	_	_	_	_	_	linguistic	_	none	_	_	_	_	_	0-2(52)
243-2	TO029	243	2	an]che	anche	_	_	_	_	_	linguistic	_	none	_	_	_	_	_	0-2(52)
243-3	TO029	243	3	se	se	_	_	_	_	_	linguistic	_	none	_	_	_	_	_	_
243-4	TO029	243	4	non	non	_	_	_	_	_	linguistic	_	none	_	_	_	_	_	_
243-5	TO029	243	5	[l'	l'	_	_	_	_	_	linguistic	_	none	SpaceAfter=No	_	_	_	_	0-2(53)
243-6	TO029	243	6	hai	hai	_	_	_	_	_	linguistic	_	none	_	_	_	_	_	0-3(53)
243-7	TO029	243	7	ancora	ancora	_	_	_	_	_	linguistic	_	none	_	_	_	_	_	0-6(53)
243-8	TO029	243	8	preso]	preso	_	_	_	_	_	linguistic	_	none	_	End=749.792	_	_	_	0-5(53)
244-0	TO033	244	0	[no	no	_	_	_	_	_	linguistic	_	none	_	Begin=748.607	_	_	_	0-2(53)
244-1	TO033	244	1	ma	ma	_	_	_	_	_	linguistic	_	none	_	_	_	_	_	0-2(53)
244-2	TO033	244	2	questo	questo	_	_	_	_	_	linguistic	_	none	_	_	_	_	_	0-6(53)
244-3	TO033	244	3	è	è	_	_	_	_	_	linguistic	_	none	_	_	_	_	_	0-1(53)
244-4	TO033	244	4	il	il	_	_	_	_	_	linguistic	_	none	_	_	_	_	_	0-2(53)
244-5	TO033	244	5	ragioname]nto	ragionamento	_	_	_	_	_	linguistic	_	none	_	_	_	_	_	0-9(53)
244-6	TO033	244	6	di	di	_	_	_	_	_	linguistic	_	none	_	_	_	_	_	_
244-7	TO033	244	7	marina	marina	_	_	_	_	_	linguistic	_	none	_	End=750.512	_	_	_	_
245-0	TO034	245	0	no	no	_	_	_	_	_	linguistic	_	none	_	Begin=750.74	_	_	_	_
245-1	TO034	245	1	ma	ma	_	_	_	_	_	linguistic	_	none	_	_	_	_	_	_
245-2	TO034	245	2	magari	magari	_	_	_	_	_	linguistic	_	none	_	_	_	_	_	_
245-3	TO034	245	3	perché	perché	_	_	_	_	_	linguistic	_	none	_	_	_	_	_	_
245-4	TO034	245	4	lei	lei	_	_	_	_	_	linguistic	_	none	_	_	_	_	_	_
245-5	TO034	245	5	[dice]	dice	_	_	_	_	_	linguistic	_	none	_	End=752.707	_	_	_	0-4(54)
246-0	TO029	246	0	[oh	oh	_	_	_	_	_	linguistic	_	none	_	Begin=752.188	_	_	_	0-2(54)
246-1	TO029	246	1	ma	ma	_	_	_	_	_	linguistic	_	none	_	_	_	_	_	0-2(54)
246-2	TO029	246	2	minchia]	minchia	_	_	_	_	_	linguistic	_	none	_	_	_	_	_	0-7(54)
246-3	TO029	246	3	anche	anche	_	_	_	_	_	linguistic	_	none	_	_	_	_	_	_
246-4	TO029	246	4	se	se	_	_	_	_	_	linguistic	_	none	_	_	_	_	_	_
246-5	TO029	246	5	non	non	_	_	_	_	_	linguistic	_	none	_	_	_	_	_	_
246-6	TO029	246	6	mi	mi	_	_	_	_	_	linguistic	_	none	_	_	_	_	_	_
246-7	TO029	246	7	sono	sono	_	_	_	_	_	linguistic	_	none	_	_	_	_	_	_
246-8	TO029	246	8	presentata	presentata	_	_	_	_	_	linguistic	_	none	_	_	_	_	_	_
246-9	TO029	246	9	va	va	_	_	_	_	_	linguistic	_	none	_	_	_	_	_	_
246-10	TO029	246	10	bene	bene	_	_	_	_	_	linguistic	_	none	_	_	_	_	_	_
246-11	TO029	246	11	uguale	uguale	_	_	_	_	_	linguistic	_	none	_	_	_	_	_	_
246-12	TO029	246	12	eh	eh	_	_	_	_	_	linguistic	_	none	_	End=755.199	_	_	_	_
247-0	TO029	247	0	vabbè	vabbè	_	_	_	_	_	linguistic	_	none	_	Begin=756.997	_	_	_	_
247-1	TO029	247	1	dai	dai	_	_	_	_	_	linguistic	_	none	_	End=757.655	_	_	_	_
248-0	TO034	248	0	non	non	_	_	_	_	_	linguistic	_	none	_	Begin=758.822	_	_	_	_
248-1	TO034	248	1	non	non	_	_	_	_	_	linguistic	_	none	_	_	_	_	_	_
248-2	TO034	248	2	mi	mi	_	_	_	_	_	linguistic	_	none	_	_	_	_	_	_
248-3	TO034	248	3	compare	compare	_	_	_	_	_	linguistic	_	none	_	_	_	_	_	_
248-4	TO034	248	4	più	più	_	_	_	_	_	linguistic	_	none	_	_	_	_	_	_
248-5	TO034	248	5	la	la	_	_	_	_	_	linguistic	_	none	_	_	_	_	_	_
248-6	TO034	248	6	sua	sua	_	_	_	_	_	linguistic	_	none	_	_	_	_	_	_
248-7	TO034	248	7	prenotazione	prenotazione	_	_	_	_	_	linguistic	_	none	_	_	_	_	_	_
248-8	TO034	248	8	ma	ma	_	_	_	_	_	linguistic	_	none	_	_	_	_	_	_
248-9	TO034	248	9	penso	penso	_	_	_	_	_	linguistic	_	none	_	_	_	_	_	_
248-10	TO034	248	10	che	che	_	_	_	_	_	linguistic	_	none	_	_	_	_	_	_
248-11	TO034	248	11	non	non	_	_	_	_	_	linguistic	_	none	_	_	_	_	_	_
248-12	TO034	248	12	ti	ti	_	_	_	_	_	linguistic	_	none	_	_	_	_	_	_
248-13	TO034	248	13	compaia	compaia	_	_	_	_	_	linguistic	_	none	_	_	_	_	_	_
248-14	TO034	248	14	perché	perché	_	_	_	_	_	linguistic	_	none	_	_	_	_	_	_
248-15	TO034	248	15	è	è	_	_	_	_	_	linguistic	_	none	_	_	_	_	_	_
248-16	TO034	248	16	già	già	_	_	_	_	_	linguistic	_	none	_	_	_	_	_	_
248-17	TO034	248	17	verbalizzato?	verbalizzato	_	_	_	_	_	linguistic	_	none	Intonation=Rising	End=763.222	_	_	_	_
249-0	???	249	0	è	è	_	_	_	_	_	linguistic	_	none	_	Begin=766.352	_	_	_	_
249-1	???	249	1	lui	lui	_	_	_	_	_	linguistic	_	none	_	_	_	_	_	_
249-2	???	249	2	ma	ma	_	_	_	_	_	linguistic	_	none	_	_	_	_	_	_
249-3	???	249	3	l'	l'	_	_	_	_	_	linguistic	_	none	SpaceAfter=No	_	_	_	_	_
249-4	???	249	4	esa~?	esa~	_	_	_	_	_	linguistic	_	none	Intonation=Rising|Interrupted=Yes	End=767.681	_	_	_	_
250-0	???	250	0	e	e	_	_	_	_	_	linguistic	_	none	_	Begin=767.943	_	_	_	_
250-1	???	250	1	dopo	dopo	_	_	_	_	_	linguistic	_	none	_	_	_	_	_	_
250-2	???	250	2	lo	lo	_	_	_	_	_	linguistic	_	none	_	_	_	_	_	_
250-3	???	250	3	do	do	_	_	_	_	_	linguistic	_	none	_	End=768.777	_	_	_	_
251-0	???	251	0	ma	ma	_	_	_	_	_	linguistic	_	none	_	Begin=769.372	_	_	_	_
251-1	???	251	1	cosa	cosa	_	_	_	_	_	linguistic	_	none	_	_	_	_	_	_
251-2	???	251	2	ha	ha	_	_	_	_	_	linguistic	_	none	_	_	_	_	_	_
251-3	???	251	3	chiesto?	chiesto	_	_	_	_	_	linguistic	_	none	Intonation=Rising	End=770.355	_	_	_	_
252-0	TO029	252	0	un	un	_	_	_	_	_	linguistic	_	none	_	Begin=771.352	_	_	_	_
252-1	TO029	252	1	orologio	orologio	_	_	_	_	_	linguistic	_	none	_	End=772.137	_	_	_	_
253-0	TO033	253	0	ma::	ma	_	_	_	_	_	linguistic	_	none	_	Begin=772.592	1x2	_	_	_
253-1	TO033	253	1	a	a	_	_	_	_	_	linguistic	_	none	_	_	_	_	_	_
253-2	TO033	253	2	na[tale]?	natale	_	_	_	_	_	linguistic	_	none	Intonation=Rising	End=773.851	_	_	_	2-6(55)
254-0	TO029	254	0	[a	a	_	_	_	_	_	linguistic	_	none	_	Begin=773.453	_	_	_	0-1(55)
254-1	TO029	254	1	nata]le	natale	_	_	_	_	_	linguistic	_	none	_	End=774.115	_	_	_	0-4(55)
255-0	TO034	255	0	ma:::	ma	_	_	_	_	_	linguistic	_	none	_	Begin=776.076	1x3	_	_	_
255-1	TO034	255	1	vabbè	vabbè	_	_	_	_	_	linguistic	_	none	_	_	_	_	_	_
255-2	TO034	255	2	dai	dai	_	_	_	_	_	linguistic	_	none	_	End=777.827	_	_	_	_
256-0	TO033	256	0	no	no	_	_	_	_	_	linguistic	_	none	_	Begin=784.663	_	_	_	_
256-1	TO033	256	1	ma	ma	_	_	_	_	_	linguistic	_	none	_	_	_	_	_	_
256-2	TO033	256	2	[è::]	è	_	_	_	_	_	linguistic	_	none	_	End=785.222	0x2	_	_	0-1(56)
257-0	TO034	257	0	[xx]x	xxx	_	_	_	_	_	unknown	_	none	Syllables=3	Begin=784.961|End=786.104	_	_	_	0-2(56)
258-0	TO029	258	0	comunque	comunque	_	_	_	_	_	linguistic	_	none	_	Begin=792.136	_	_	_	_
258-1	TO029	258	1	sono	sono	_	_	_	_	_	linguistic	_	none	_	_	_	_	_	_
258-2	TO029	258	2	incredibili	incredibili	_	_	_	_	_	linguistic	_	none	_	End=793.441	_	_	_	_
259-0	TO029	259	0	a	a	_	_	_	_	_	linguistic	_	none	_	Begin=797.522	_	_	_	_
259-1	TO029	259	1	parte	parte	_	_	_	_	_	linguistic	_	none	_	_	_	_	_	_
259-2	TO029	259	2	che	che	_	_	_	_	_	linguistic	_	none	_	_	_	_	_	_
259-3	TO029	259	3	poi	poi	_	_	_	_	_	linguistic	_	none	_	_	_	_	_	_
259-4	TO029	259	4	ci	ci	_	_	_	_	_	linguistic	_	none	_	_	_	_	_	_
259-5	TO029	259	5	spunta	spunta	_	_	_	_	_	linguistic	_	none	_	_	_	_	_	_
259-6	TO029	259	6	la	la	_	_	_	_	_	linguistic	_	none	_	_	_	_	_	_
259-7	TO029	259	7	rossi	rossi	_	_	_	_	_	linguistic	_	none	_	_	_	_	_	_
259-8	TO029	259	8	dietro	dietro	_	_	_	_	_	linguistic	_	none	_	_	_	_	_	_
259-9	TO029	259	9	l'	l'	_	_	_	_	_	linguistic	_	none	SpaceAfter=No	_	_	_	_	_
259-10	TO029	259	10	angolo:	angolo	_	_	_	_	_	linguistic	_	none	_	End=800.33	5x1	_	_	_
260-0	TO034	260	0	sì	sì	_	_	_	_	_	linguistic	_	none	_	Begin=800.353	_	_	_	_
260-1	TO034	260	1	che	che	_	_	_	_	_	linguistic	_	none	_	_	_	_	_	_
260-2	TO034	260	2	è	è	_	_	_	_	_	linguistic	_	none	_	_	_	_	_	_
260-3	TO034	260	3	ovunque	ovunque	_	_	_	_	_	linguistic	_	none	_	_	_	_	_	_
260-4	TO034	260	4	tra	tra	_	_	_	_	_	linguistic	_	none	_	_	_	_	_	_
260-5	TO034	260	5	l'	l'	_	_	_	_	_	linguistic	_	none	SpaceAfter=No	_	_	_	_	_
260-6	TO034	260	6	altro	altro	_	_	_	_	_	linguistic	_	none	_	End=802.06	_	_	_	_
261-0	TO029	261	0	sempre	sempre	_	_	_	_	_	linguistic	_	none	_	Begin=802.828	_	_	_	_
261-1	TO029	261	1	col	col	_	_	_	_	_	linguistic	_	none	_	_	_	_	_	_
261-2	TO029	261	2	pa~	pa~	_	_	_	_	_	linguistic	_	none	Interrupted=Yes	_	_	_	_	_
261-3	TO029	261	3	col	col	_	_	_	_	_	linguistic	_	none	_	_	_	_	_	_
261-4	TO029	261	4	pargolo	pargolo	_	_	_	_	_	linguistic	_	none	_	End=804.757	_	_	_	_
262-0	TO034	262	0	no:	no	_	_	_	_	_	linguistic	_	none	_	Begin=805.098	1x1	_	_	_
262-1	TO034	262	1	io	io	_	_	_	_	_	linguistic	_	none	_	_	_	_	_	_
262-2	TO034	262	2	ultimamente	ultimamente	_	_	_	_	_	linguistic	_	none	_	_	_	_	_	_
262-3	TO034	262	3	la	la	_	_	_	_	_	linguistic	_	none	_	_	_	_	_	_
262-4	TO034	262	4	sto	sto	_	_	_	_	_	linguistic	_	none	_	_	_	_	_	_
262-5	TO034	262	5	veden[do	vedendo	_	_	_	_	_	linguistic	_	none	_	_	_	_	_	5-7(57)
262-6	TO034	262	6	senza]	senza	_	_	_	_	_	linguistic	_	none	_	End=807.01	_	_	_	0-5(57)
263-0	TO033	263	0	[no	no	_	_	_	_	_	linguistic	_	none	_	Begin=806.319	_	_	_	0-2(57)
263-1	TO033	263	1	poi	poi	_	_	_	_	_	linguistic	_	none	_	_	_	_	_	0-3(57)
263-2	TO033	263	2	tra	tra	_	_	_	_	_	linguistic	_	none	_	_	_	_	_	0-3(57)
263-3	TO033	263	3	l'	l'	_	_	_	_	_	linguistic	_	none	SpaceAfter=No	_	_	_	_	0-2(57)
263-4	TO033	263	4	al]tro	altro	_	_	_	_	_	linguistic	_	none	_	_	_	_	_	0-2(57)
263-5	TO033	263	5	anche	anche	_	_	_	_	_	linguistic	_	none	_	End=807.415	_	_	_	_
264-0	TO033	264	0	io	io	_	_	_	_	_	linguistic	_	none	_	Begin=807.946	_	_	_	_
264-1	TO033	264	1	'sto	'sto	_	_	_	_	_	linguistic	_	none	Truncated=Yes	_	_	_	_	_
264-2	TO033	264	2	gesto	gesto	_	_	_	_	_	linguistic	_	none	_	_	_	_	_	_
264-3	TO033	264	3	non	non	_	_	_	_	_	linguistic	_	none	_	_	_	_	_	_
264-4	TO033	264	4	l'	l'	_	_	_	_	_	linguistic	_	none	SpaceAfter=No	_	_	_	_	_
264-5	TO033	264	5	ho	ho	_	_	_	_	_	linguistic	_	none	_	_	_	_	_	_
264-6	TO033	264	6	visto	visto	_	_	_	_	_	linguistic	_	none	_	_	_	_	_	_
264-7	TO033	264	7	ma	ma	_	_	_	_	_	linguistic	_	none	_	_	_	_	_	_
264-8	TO033	264	8	anche	anche	_	_	_	_	_	linguistic	_	none	_	_	_	_	_	_
264-9	TO033	264	9	fare	fare	_	_	_	_	_	linguistic	_	none	_	_	_	_	_	_
264-10	TO033	264	10	un	un	_	_	_	_	_	linguistic	_	none	_	_	_	_	_	_
264-11	TO033	264	11	gesto	gesto	_	_	_	_	_	linguistic	_	none	_	_	_	_	_	_
264-12	TO033	264	12	del	del	_	_	_	_	_	linguistic	_	none	_	_	_	_	_	_
264-13	TO033	264	13	genere	genere	_	_	_	_	_	linguistic	_	none	_	_	_	_	_	_
264-14	TO033	264	14	che	che	_	_	_	_	_	linguistic	_	none	_	_	_	_	_	_
264-15	TO033	264	15	passi	passi	_	_	_	_	_	linguistic	_	none	_	_	_	_	_	_
264-16	TO033	264	16	xx	xx	_	_	_	_	_	unknown	_	none	Syllables=2	End=811.921	_	_	_	_
265-0	TO033	265	0	ma	ma	_	_	_	_	_	linguistic	_	none	_	Begin=812.345	_	_	_	_
265-1	TO033	265	1	scusa	scusa	_	_	_	_	_	linguistic	_	none	_	_	_	_	_	_
265-2	TO033	265	2	ma	ma	_	_	_	_	_	linguistic	_	none	_	_	_	_	_	_
265-3	TO033	265	3	cosa	cosa	_	_	_	_	_	linguistic	_	none	_	_	_	_	_	_
265-4	TO033	265	4	vuol	vuol	_	_	_	_	_	linguistic	_	none	_	_	_	_	_	_
265-5	TO033	265	5	dire	dire	_	_	_	_	_	linguistic	_	none	_	_	_	_	_	_
265-6	TO033	265	6	ma	ma	_	_	_	_	_	linguistic	_	none	_	_	_	_	_	_
265-7	TO033	265	7	cioè	cioè	_	_	_	_	_	linguistic	_	none	_	_	_	_	_	_
265-8	TO033	265	8	[xxx	xxx	_	_	_	_	_	unknown	_	none	Syllables=3	_	_	_	_	0-3(58)
265-9	TO033	265	9	xxx	xxx	_	_	_	_	_	unknown	_	none	Syllables=3	_	_	_	_	0-3(58)
265-10	TO033	265	10	xx]	xx	_	_	_	_	_	unknown	_	none	Syllables=2	End=815.276	_	_	_	0-2(58)
266-0	TO034	266	0	[cioè	cioè	_	_	_	_	_	linguistic	_	none	_	Begin=813.846	_	_	_	0-4(58)
266-1	TO034	266	1	noi	noi	_	_	_	_	_	linguistic	_	none	_	_	_	_	_	0-3(58)
266-2	TO034	266	2	siamo	siamo	_	_	_	_	_	linguistic	_	none	_	_	_	_	_	0-5(58)
266-3	TO034	266	3	con]~	con~	_	_	_	_	_	linguistic	_	none	Interrupted=Yes	_	_	_	_	0-3(58)
266-4	TO034	266	4	tipo	tipo	_	_	_	_	_	linguistic	_	none	_	_	_	_	_	_
266-5	TO034	266	5	[con	con	_	_	_	_	_	linguistic	_	none	_	_	_	_	_	0-3(59)
266-6	TO034	266	6	neri::]	neri	_	_	_	_	_	linguistic	_	none	_	_	3x2	_	_	0-4(59)
266-7	TO034	266	7	che	che	_	_	_	_	_	linguistic	_	none	_	_	_	_	_	_
266-8	TO034	266	8	è::	è	_	_	_	_	_	linguistic	_	none	_	_	0x2	_	_	_
266-9	TO034	266	9	[così,	così	_	_	_	_	_	linguistic	_	none	Intonation=WeaklyRising	_	_	_	_	0-4(60)
266-10	TO034	266	10	capito::]?	capito	_	_	_	_	_	linguistic	_	none	Intonation=Rising	End=818.73	5x2	_	_	0-6(60)
267-0	TO033	267	0	[oh	oh	_	_	_	_	_	linguistic	_	none	_	Begin=815.622	_	_	_	0-2(59)
267-1	TO033	267	1	esa::tto]	esatto	_	_	_	_	_	linguistic	_	none	_	End=816.612	2x2	_	_	0-6(59)
268-0	TO033	268	0	[esatto]	esatto	_	_	_	_	_	linguistic	_	none	_	Begin=817.323	_	_	_	0-6(60)
268-1	TO033	268	1	xxx	xxx	_	_	_	_	_	unknown	_	none	Syllables=3	_	_	_	_	_
268-2	TO033	268	2	cioè	cioè	_	_	_	_	_	linguistic	_	none	_	_	_	_	_	_
268-3	TO033	268	3	io	io	_	_	_	_	_	linguistic	_	none	_	_	_	_	_	_
268-4	TO033	268	4	xxx	xxx	_	_	_	_	_	unknown	_	none	Syllables=3	_	_	_	_	_
268-5	TO033	268	5	[xxx]	xxx	_	_	_	_	_	unknown	_	none	Syllables=3	End=820.155	_	_	_	0-3(61)
269-0	TO029	269	0	[con	con	_	_	_	_	_	linguistic	_	none	_	Begin=819.631	_	_	_	0-3(61)
269-1	TO029	269	1	ne:ri]	neri	_	_	_	_	_	linguistic	_	none	_	_	1x1	_	_	0-4(61)
269-2	TO029	269	2	((ride))	((ride))	_	_	_	_	_	nonverbalbehavior	_	none	_	End=820.706	_	_	_	_
270-0	TO033	270	0	[è	è	_	_	_	_	_	linguistic	_	none	_	Begin=820.261	_	_	_	0-1(62)
270-1	TO033	270	1	uno]	uno	_	_	_	_	_	linguistic	_	none	_	_	_	_	_	0-3(62)
270-2	TO033	270	2	stronzo	stronzo	_	_	_	_	_	linguistic	_	none	_	_	_	_	_	_
270-3	TO033	270	3	che	che	_	_	_	_	_	linguistic	_	none	_	_	_	_	_	_
270-4	TO033	270	4	ha	ha	_	_	_	_	_	linguistic	_	none	_	_	_	_	_	_
270-5	TO033	270	5	fatto	fatto	_	_	_	_	_	linguistic	_	none	_	_	_	_	_	_
270-6	TO033	270	6	ricerca	ricerca	_	_	_	_	_	linguistic	_	none	_	_	_	_	_	_
270-7	TO033	270	7	non	non	_	_	_	_	_	linguistic	_	none	_	_	_	_	_	_
270-8	TO033	270	8	so	so	_	_	_	_	_	linguistic	_	none	_	End=823.472	_	_	_	_
271-0	TO034	271	0	i~	i~	_	_	_	_	_	linguistic	_	none	Interrupted=Yes	Begin=825.131	_	_	_	_
271-1	TO034	271	1	infatti	infatti	_	_	_	_	_	linguistic	_	none	_	_	_	_	_	_
271-2	TO034	271	2	[poi	poi	_	_	_	_	_	linguistic	_	none	_	_	_	_	_	0-3(63)
271-3	TO034	271	3	marina],	marina	_	_	_	_	_	linguistic	_	none	Intonation=WeaklyRising	End=826.761	_	_	_	0-6(63)
272-0	TO033	272	0	[ma	ma	_	_	_	_	_	linguistic	_	none	_	Begin=825.642	_	_	_	0-2(63)
272-1	TO033	272	1	poi	poi	_	_	_	_	_	linguistic	_	none	_	_	_	_	_	0-3(63)
272-2	TO033	272	2	voglio]	voglio	_	_	_	_	_	linguistic	_	none	_	_	_	_	_	0-6(63)
272-3	TO033	272	3	dire	dire	_	_	_	_	_	linguistic	_	none	_	_	_	_	_	_
272-4	TO033	272	4	cioè	cioè	_	_	_	_	_	linguistic	_	none	_	_	_	_	_	_
272-5	TO033	272	5	è	è	_	_	_	_	_	linguistic	_	none	_	_	_	_	_	_
272-6	TO033	272	6	quello	quello	_	_	_	_	_	linguistic	_	none	_	_	_	_	_	_
272-7	TO033	272	7	lì	lì	_	_	_	_	_	linguistic	_	none	_	_	_	_	_	_
272-8	TO033	272	8	è	è	_	_	_	_	_	linguistic	_	none	_	_	_	_	_	_
272-9	TO033	272	9	[sempre	sempre	_	_	_	_	_	linguistic	_	none	_	_	_	_	_	0-6(64)
272-10	TO033	272	10	quello]	quello	_	_	_	_	_	linguistic	_	none	_	End=828.403	_	_	_	0-6(64)
273-0	TO034	273	0	marina	marina	_	_	_	_	_	linguistic	_	none	_	Begin=827.096	_	_	_	_
273-1	TO034	273	1	il	il	_	_	_	_	_	linguistic	_	none	_	_	_	_	_	_
273-2	TO034	273	2	pomeriggio	pomeriggio	_	_	_	_	_	linguistic	_	none	_	_	_	_	_	_
273-3	TO034	273	3	faceva	faceva	_	_	_	_	_	linguistic	_	none	_	_	_	_	_	_
273-4	TO034	273	4	eh	eh	_	_	_	_	_	linguistic	_	none	_	_	_	_	_	_
273-5	TO034	273	5	non	non	_	_	_	_	_	linguistic	_	none	_	_	_	_	_	_
273-6	TO034	273	6	ho	ho	_	_	_	_	_	linguistic	_	none	_	_	_	_	_	_
273-7	TO034	273	7	capito	capito	_	_	_	_	_	linguistic	_	none	_	_	_	_	_	_
273-8	TO034	273	8	perché	perché	_	_	_	_	_	linguistic	_	none	_	_	_	_	_	_
273-9	TO034	273	9	si	si	_	_	_	_	_	linguistic	_	none	_	_	_	_	_	_
273-10	TO034	273	10	son	son	_	_	_	_	_	linguistic	_	none	_	_	_	_	_	_
273-11	TO034	273	11	messe	messe	_	_	_	_	_	linguistic	_	none	_	_	_	_	_	_
273-12	TO034	273	12	tutte	tutte	_	_	_	_	_	linguistic	_	none	_	_	_	_	_	_
273-13	TO034	273	13	a	a	_	_	_	_	_	linguistic	_	none	_	_	_	_	_	_
273-14	TO034	273	14	ridere	ridere	_	_	_	_	_	linguistic	_	none	_	_	_	_	_	_
273-15	TO034	273	15	le	le	_	_	_	_	_	linguistic	_	none	_	_	_	_	_	_
273-16	TO034	273	16	professoresse,	professoresse	_	_	_	_	_	linguistic	_	none	Intonation=WeaklyRising	_	_	_	_	_
273-17	TO034	273	17	[quando::]	quando	_	_	_	_	_	linguistic	_	none	_	_	5x2	_	_	0-6(?)
273-18	TO034	273	18	quando	quando	_	_	_	_	_	linguistic	_	none	_	_	_	_	_	_
273-19	TO034	273	19	ho	ho	_	_	_	_	_	linguistic	_	none	_	_	_	_	_	_
273-20	TO034	273	20	detto	detto	_	_	_	_	_	linguistic	_	none	_	_	_	_	_	_
273-21	TO034	273	21	ver~	ver~	_	_	_	_	_	linguistic	_	none	Interrupted=Yes	_	_	_	_	_
273-22	TO034	273	22	[ver~	ver~	_	_	_	_	_	linguistic	_	none	Interrupted=Yes	_	_	_	_	0-4(?)
273-23	TO034	273	23	verdi]	verdi	_	_	_	_	_	linguistic	_	none	_	End=834.138	_	_	_	0-5(?)
274-0	TO033	274	0	[ma	ma	_	_	_	_	_	linguistic	_	none	_	Begin=831.15	_	_	_	0-2(65)
274-1	TO033	274	1	vaffanculo]	vaffanculo	_	_	_	_	_	linguistic	_	none	_	End=832.193	_	_	_	0-10(65)
275-0	TO029	275	0	[ma	ma	_	_	_	_	_	linguistic	_	none	_	Begin=833.553	_	_	_	0-2(66)
275-1	TO029	275	1	maga]ri	magari	_	_	_	_	_	linguistic	_	none	_	_	_	_	_	0-4(66)
275-2	TO029	275	2	non	non	_	_	_	_	_	linguistic	_	none	_	_	_	_	_	_
275-3	TO029	275	3	è	è	_	_	_	_	_	linguistic	_	none	_	_	_	_	_	_
275-4	TO029	275	4	che	che	_	_	_	_	_	linguistic	_	none	_	_	_	_	_	_
275-5	TO029	275	5	[veramente	veramente	_	_	_	_	_	linguistic	_	none	_	_	_	_	_	0-9(67)
275-6	TO029	275	6	che	che	_	_	_	_	_	linguistic	_	none	_	_	_	_	_	0-3(67)
275-7	TO029	275	7	mari]	mari	_	_	_	_	_	linguistic	_	none	_	_	_	_	_	0-4(67)
275-8	TO029	275	8	l'	l'	_	_	_	_	_	linguistic	_	none	SpaceAfter=No	_	_	_	_	_
275-9	TO029	275	9	ha	ha	_	_	_	_	_	linguistic	_	none	_	_	_	_	_	_
275-10	TO029	275	10	monta::ta	montata	_	_	_	_	_	linguistic	_	none	_	_	4x2	_	_	_
275-11	TO029	275	11	cioè	cioè	_	_	_	_	_	linguistic	_	none	_	_	_	_	_	_
275-12	TO029	275	12	ha	ha	_	_	_	_	_	linguistic	_	none	_	_	_	_	_	_
275-13	TO029	275	13	capito	capito	_	_	_	_	_	linguistic	_	none	_	_	_	_	_	_
275-14	TO029	275	14	male	male	_	_	_	_	_	linguistic	_	none	_	_	_	_	_	_
275-15	TO029	275	15	e	e	_	_	_	_	_	linguistic	_	none	_	_	_	_	_	_
275-16	TO029	275	16	ha	ha	_	_	_	_	_	linguistic	_	none	_	_	_	_	_	_
275-17	TO029	275	17	detto	detto	_	_	_	_	_	linguistic	_	none	_	_	_	_	_	_
275-18	TO029	275	18	quello	quello	_	_	_	_	_	linguistic	_	none	_	_	_	_	_	_
275-19	TO029	275	19	che	che	_	_	_	_	_	linguistic	_	none	_	_	_	_	_	_
275-20	TO029	275	20	pen~	pen~	_	_	_	_	_	linguistic	_	none	Interrupted=Yes	_	_	_	_	_
275-21	TO029	275	21	sperava	sperava	_	_	_	_	_	linguistic	_	none	_	_	_	_	_	_
275-22	TO029	275	22	di	di	_	_	_	_	_	linguistic	_	none	_	_	_	_	_	_
275-23	TO029	275	23	senti:re	sentire	_	_	_	_	_	linguistic	_	none	_	End=839.492	4x1	_	_	_
276-0	TO034	276	0	[ma	ma	_	_	_	_	_	linguistic	_	none	_	Begin=834.43	_	_	_	0-2(67)
276-1	TO034	276	1	vaffanculo]	vaffanculo	_	_	_	_	_	linguistic	_	none	_	End=835.577	_	_	_	0-10(67)
277-0	TO034	277	0	ma	ma	_	_	_	_	_	linguistic	_	none	_	Begin=840.614	_	_	_	_
277-1	TO034	277	1	spe::ro	spero	_	_	_	_	_	linguistic	_	none	_	_	2x2	_	_	_
277-2	TO034	277	2	ma	ma	_	_	_	_	_	linguistic	_	none	_	_	_	_	_	_
277-3	TO034	277	3	io	io	_	_	_	_	_	linguistic	_	none	_	_	_	_	_	_
277-4	TO034	277	4	lo	lo	_	_	_	_	_	linguistic	_	none	_	_	_	_	_	_
277-5	TO034	277	5	[spe::ro]	spero	_	_	_	_	_	linguistic	_	none	_	End=842.738	2x2	_	_	0-5(68)
278-0	TO033	278	0	[ma	ma	_	_	_	_	_	linguistic	_	none	_	Begin=841.937	_	_	_	0-2(68)
278-1	TO033	278	1	da:::i]	dai	_	_	_	_	_	linguistic	_	none	_	_	1x3	_	_	0-3(68)
278-2	TO033	278	2	ma	ma	_	_	_	_	_	linguistic	_	none	_	_	_	_	_	_
278-3	TO033	278	3	io	io	_	_	_	_	_	linguistic	_	none	_	_	_	_	_	_
278-4	TO033	278	4	xxx	xxx	_	_	_	_	_	unknown	_	none	Syllables=3	End=844.361	_	_	_	_
279-0	TO033	279	0	ma	ma	_	_	_	_	_	linguistic	_	none	_	Begin=844.907	_	_	_	_
279-1	TO033	279	1	no	no	_	_	_	_	_	linguistic	_	none	_	_	_	_	_	_
279-2	TO033	279	2	ma	ma	_	_	_	_	_	linguistic	_	none	_	_	_	_	_	_
279-3	TO033	279	3	figurati	figurati	_	_	_	_	_	linguistic	_	none	_	_	_	_	_	_
279-4	TO033	279	4	cioè	cioè	_	_	_	_	_	linguistic	_	none	_	End=846.141	_	_	_	_
280-0	TO033	280	0	ma	ma	_	_	_	_	_	linguistic	_	none	_	Begin=847.038	_	_	_	_
280-1	TO033	280	1	io	io	_	_	_	_	_	linguistic	_	none	_	_	_	_	_	_
280-2	TO033	280	2	lo	lo	_	_	_	_	_	linguistic	_	none	_	_	_	_	_	_
280-3	TO033	280	3	capisco	capisco	_	_	_	_	_	linguistic	_	none	_	_	_	_	_	_
280-4	TO033	280	4	nel	nel	_	_	_	_	_	linguistic	_	none	_	_	_	_	_	_
280-5	TO033	280	5	senso	senso	_	_	_	_	_	linguistic	_	none	_	_	_	_	_	_
280-6	TO033	280	6	che	che	_	_	_	_	_	linguistic	_	none	_	End=848.76	_	_	_	_
281-0	TO033	281	0	avere	avere	_	_	_	_	_	linguistic	_	none	_	Begin=849.541	_	_	_	_
281-1	TO033	281	1	a	a	_	_	_	_	_	linguistic	_	none	_	_	_	_	_	_
281-2	TO033	281	2	che	che	_	_	_	_	_	linguistic	_	none	_	_	_	_	_	_
281-3	TO033	281	3	fare	fare	_	_	_	_	_	linguistic	_	none	_	_	_	_	_	_
281-4	TO033	281	4	con	con	_	_	_	_	_	linguistic	_	none	_	_	_	_	_	_
281-5	TO033	281	5	una	una	_	_	_	_	_	linguistic	_	none	_	_	_	_	_	_
281-6	TO033	281	6	persona	persona	_	_	_	_	_	linguistic	_	none	_	_	_	_	_	_
281-7	TO033	281	7	come	come	_	_	_	_	_	linguistic	_	none	_	_	_	_	_	_
281-8	TO033	281	8	marina	marina	_	_	_	_	_	linguistic	_	none	_	_	_	_	_	_
281-9	TO033	281	9	è	è	_	_	_	_	_	linguistic	_	none	_	_	_	_	_	_
281-10	TO033	281	10	molto	molto	_	_	_	_	_	linguistic	_	none	_	_	_	_	_	_
281-11	TO033	281	11	difficile	difficile	_	_	_	_	_	linguistic	_	none	_	_	_	_	_	_
281-12	TO033	281	12	perché	perché	_	_	_	_	_	linguistic	_	none	_	_	_	_	_	_
281-13	TO033	281	13	è	è	_	_	_	_	_	linguistic	_	none	_	_	_	_	_	_
281-14	TO033	281	14	una	una	_	_	_	_	_	linguistic	_	none	_	_	_	_	_	_
281-15	TO033	281	15	paranoica	paranoica	_	_	_	_	_	linguistic	_	none	_	_	_	_	_	_
281-16	TO033	281	16	capito	capito	_	_	_	_	_	linguistic	_	none	_	_	_	_	_	_
281-17	TO033	281	17	perché	perché	_	_	_	_	_	linguistic	_	none	_	_	_	_	_	_
281-18	TO033	281	18	appunto	appunto	_	_	_	_	_	linguistic	_	none	_	_	_	_	_	_
281-19	TO033	281	19	quando	quando	_	_	_	_	_	linguistic	_	none	_	_	_	_	_	_
281-20	TO033	281	20	abbiam	abbiam	_	_	_	_	_	linguistic	_	none	_	_	_	_	_	_
281-21	TO033	281	21	fatto	fatto	_	_	_	_	_	linguistic	_	none	_	_	_	_	_	_
281-22	TO033	281	22	la	la	_	_	_	_	_	linguistic	_	none	_	_	_	_	_	_
281-23	TO033	281	23	riunione	riunione	_	_	_	_	_	linguistic	_	none	_	_	_	_	_	_
281-24	TO033	281	24	del	del	_	_	_	_	_	linguistic	_	none	_	_	_	_	_	_
281-25	TO033	281	25	cosm	cosm	_	_	_	_	_	linguistic	_	none	_	_	_	_	_	_
281-26	TO033	281	26	a	a	_	_	_	_	_	linguistic	_	none	_	_	_	_	_	_
281-27	TO033	281	27	ottobre	ottobre	_	_	_	_	_	linguistic	_	none	_	End=856.976	_	_	_	_
282-0	TO033	282	0	e	e	_	_	_	_	_	linguistic	_	none	_	Begin=857.735	_	_	_	_
282-1	TO033	282	1	e	e	_	_	_	_	_	linguistic	_	none	_	_	_	_	_	_
282-2	TO033	282	2	la	la	_	_	_	_	_	linguistic	_	none	_	_	_	_	_	_
282-3	TO033	282	3	rossi	rossi	_	_	_	_	_	linguistic	_	none	_	_	_	_	_	_
282-4	TO033	282	4	aveva	aveva	_	_	_	_	_	linguistic	_	none	_	_	_	_	_	_
282-5	TO033	282	5	appena	appena	_	_	_	_	_	linguistic	_	none	_	_	_	_	_	_
282-6	TO033	282	6	partorito	partorito	_	_	_	_	_	linguistic	_	none	_	_	_	_	_	_
282-7	TO033	282	7	cioè	cioè	_	_	_	_	_	linguistic	_	none	_	_	_	_	_	_
282-8	TO033	282	8	lei	lei	_	_	_	_	_	linguistic	_	none	_	_	_	_	_	_
282-9	TO033	282	9	era	era	_	_	_	_	_	linguistic	_	none	_	_	_	_	_	_
282-10	TO033	282	10	in	in	_	_	_	_	_	linguistic	_	none	_	_	_	_	_	_
282-11	TO033	282	11	panico	panico	_	_	_	_	_	linguistic	_	none	_	_	_	_	_	_
282-12	TO033	282	12	perché	perché	_	_	_	_	_	linguistic	_	none	_	_	_	_	_	_
282-13	TO033	282	13	non	non	_	_	_	_	_	linguistic	_	none	_	_	_	_	_	_
282-14	TO033	282	14	rispondeva	rispondeva	_	_	_	_	_	linguistic	_	none	_	_	_	_	_	_
282-15	TO033	282	15	alle	alle	_	_	_	_	_	linguistic	_	none	_	_	_	_	_	_
282-16	TO033	282	16	mail	mail	_	_	_	_	_	linguistic	_	none	_	End=862.776	_	_	_	_
283-0	TO033	283	0	dicendo	dicendo	_	_	_	_	_	linguistic	_	none	_	Begin=863.411	_	_	_	_
283-1	TO033	283	1	no	no	_	_	_	_	_	linguistic	_	none	_	_	_	_	_	_
283-2	TO033	283	2	ma	ma	_	_	_	_	_	linguistic	_	none	_	_	_	_	_	_
283-3	TO033	283	3	mi	mi	_	_	_	_	_	linguistic	_	none	_	_	_	_	_	_
283-4	TO033	283	4	deve	deve	_	_	_	_	_	linguistic	_	none	_	_	_	_	_	_
283-5	TO033	283	5	rispondere	rispondere	_	_	_	_	_	linguistic	_	none	_	_	_	_	_	_
283-6	TO033	283	6	perché	perché	_	_	_	_	_	linguistic	_	none	_	_	_	_	_	_
283-7	TO033	283	7	io	io	_	_	_	_	_	linguistic	_	none	PauseAfter=Yes	_	_	_	_	_
283-8	TO033	283	8	(.)	(.)	_	_	_	_	_	shortpause	_	none	_	_	_	_	_	_
283-9	TO033	283	9	ho	ho	_	_	_	_	_	linguistic	_	none	_	_	_	_	_	_
283-10	TO033	283	10	scritto	scritto	_	_	_	_	_	linguistic	_	none	_	_	_	_	_	_
283-11	TO033	283	11	l'	l'	_	_	_	_	_	linguistic	_	none	SpaceAfter=No	_	_	_	_	_
283-12	TO033	283	12	introduzione	introduzione	_	_	_	_	_	linguistic	_	none	_	_	_	_	_	_
283-13	TO033	283	13	della	della	_	_	_	_	_	linguistic	_	none	_	_	_	_	_	_
283-14	TO033	283	14	tesi	tesi	_	_	_	_	_	linguistic	_	none	_	_	_	_	_	_
283-15	TO033	283	15	e	e	_	_	_	_	_	linguistic	_	none	_	_	_	_	_	_
283-16	TO033	283	16	lei	lei	_	_	_	_	_	linguistic	_	none	_	_	_	_	_	_
283-17	TO033	283	17	non	non	_	_	_	_	_	linguistic	_	none	_	_	_	_	_	_
283-18	TO033	283	18	mi	mi	_	_	_	_	_	linguistic	_	none	_	_	_	_	_	_
283-19	TO033	283	19	risponde	risponde	_	_	_	_	_	linguistic	_	none	_	_	_	_	_	_
283-20	TO033	283	20	a	a	_	_	_	_	_	linguistic	_	none	_	_	_	_	_	_
283-21	TO033	283	21	ottobre	ottobre	_	_	_	_	_	linguistic	_	none	_	_	_	_	_	_
283-22	TO033	283	22	xxx	xxx	_	_	_	_	_	unknown	_	none	Syllables=3	_	_	_	_	_
283-23	TO033	283	23	cioè	cioè	_	_	_	_	_	linguistic	_	none	_	End=870.669	_	_	_	_
284-0	TO029	284	0	°aveva	aveva	_	_	_	_	_	linguistic	_	none	Volume=low	Begin=870.669	_	_	_	_
284-1	TO029	284	1	scritto	scritto	_	_	_	_	_	linguistic	_	none	Volume=low	_	_	_	_	_
284-2	TO029	284	2	l'	l'	_	_	_	_	_	linguistic	_	none	SpaceAfter=No|Volume=low	_	_	_	_	_
284-3	TO029	284	3	introduzione	introduzione	_	_	_	_	_	linguistic	_	none	Volume=low	_	_	_	_	_
284-4	TO029	284	4	alla	alla	_	_	_	_	_	linguistic	_	none	Volume=low	_	_	_	_	_
284-5	TO029	284	5	tesi?°	tesi	_	_	_	_	_	linguistic	_	none	Intonation=Rising|Volume=low	End=872.141	_	_	_	_
285-0	TO034	285	0	no	no	_	_	_	_	_	linguistic	_	none	_	Begin=872.222	_	_	_	_
285-1	TO034	285	1	voleva	voleva	_	_	_	_	_	linguistic	_	none	_	_	_	_	_	_
285-2	TO034	285	2	scrivere	scrivere	_	_	_	_	_	linguistic	_	none	_	_	_	_	_	_
285-3	TO034	285	3	tutto	tutto	_	_	_	_	_	linguistic	_	none	_	_	_	_	_	_
285-4	TO034	285	4	il	il	_	_	_	_	_	linguistic	_	none	_	_	_	_	_	_
285-5	TO034	285	5	capitolo	capitolo	_	_	_	_	_	linguistic	_	none	_	_	_	_	_	_
285-6	TO034	285	6	della	della	_	_	_	_	_	linguistic	_	none	_	_	_	_	_	_
285-7	TO034	285	7	prima::	prima	_	_	_	_	_	linguistic	_	none	_	_	4x2	_	_	_
285-8	TO034	285	8	della:::	della	_	_	_	_	_	linguistic	_	none	_	_	4x3	_	_	_
285-9	TO034	285	9	della	della	_	_	_	_	_	linguistic	_	none	_	_	_	_	_	_
285-10	TO034	285	10	prim~	prim~	_	_	_	_	_	linguistic	_	none	Interrupted=Yes	_	_	_	_	_
285-11	TO034	285	11	cioè	cioè	_	_	_	_	_	linguistic	_	none	_	_	_	_	_	_
285-12	TO034	285	12	il	il	_	_	_	_	_	linguistic	_	none	_	_	_	_	_	_
285-13	TO034	285	13	primo	primo	_	_	_	_	_	linguistic	_	none	_	_	_	_	_	_
285-14	TO034	285	14	capitolo	capitolo	_	_	_	_	_	linguistic	_	none	_	_	_	_	_	_
285-15	TO034	285	15	della	della	_	_	_	_	_	linguistic	_	none	_	_	_	_	_	_
285-16	TO034	285	16	tesi,	tesi	_	_	_	_	_	linguistic	_	none	Intonation=WeaklyRising	_	_	_	_	_
285-17	TO034	285	17	al	al	_	_	_	_	_	linguistic	_	none	_	_	_	_	_	_
285-18	TO034	285	18	che	che	_	_	_	_	_	linguistic	_	none	_	_	_	_	_	_
285-19	TO034	285	19	la	la	_	_	_	_	_	linguistic	_	none	_	_	_	_	_	_
285-20	TO034	285	20	xx	xx	_	_	_	_	_	unknown	_	none	Syllables=2	_	_	_	_	_
285-21	TO034	285	21	e	e	_	_	_	_	_	linguistic	_	none	_	_	_	_	_	_
285-22	TO034	285	22	la	la	_	_	_	_	_	linguistic	_	none	_	_	_	_	_	_
285-23	TO034	285	23	xx	xx	_	_	_	_	_	unknown	_	none	Syllables=2	_	_	_	_	_
285-24	TO034	285	24	hanno	hanno	_	_	_	_	_	linguistic	_	none	_	_	_	_	_	_
285-25	TO034	285	25	detto	detto	_	_	_	_	_	linguistic	_	none	_	_	_	_	_	_
285-26	TO034	285	26	scusa	scusa	_	_	_	_	_	linguistic	_	none	_	_	_	_	_	_
285-27	TO034	285	27	ma	ma	_	_	_	_	_	linguistic	_	none	_	_	_	_	_	_
285-28	TO034	285	28	che	che	_	_	_	_	_	linguistic	_	none	_	_	_	_	_	_
285-29	TO034	285	29	ma	ma	_	_	_	_	_	linguistic	_	none	_	_	_	_	_	_
285-30	TO034	285	30	[come	come	_	_	_	_	_	linguistic	_	none	_	_	_	_	_	0-4(69)
285-31	TO034	285	31	fai	fai	_	_	_	_	_	linguistic	_	none	_	_	_	_	_	0-3(69)
285-32	TO034	285	32	a	a	_	_	_	_	_	linguistic	_	none	_	_	_	_	_	0-1(69)
285-33	TO034	285	33	scrivere]?	scrivere	_	_	_	_	_	linguistic	_	none	Intonation=Rising	End=880.638	_	_	_	0-8(69)
286-0	TO029	286	0	[vabbè	vabbè	_	_	_	_	_	linguistic	_	none	_	Begin=879.718	_	_	_	0-5(69)
286-1	TO029	286	1	ragazze	ragazze	_	_	_	_	_	linguistic	_	none	_	_	_	_	_	0-7(69)
286-2	TO029	286	2	forse]	forse	_	_	_	_	_	linguistic	_	none	_	_	_	_	_	0-5(69)
286-3	TO029	286	3	è	è	_	_	_	_	_	linguistic	_	none	_	_	_	_	_	_
286-4	TO029	286	4	una	una	_	_	_	_	_	linguistic	_	none	_	_	_	_	_	_
286-5	TO029	286	5	questione	questione	_	_	_	_	_	linguistic	_	none	_	_	_	_	_	_
286-6	TO029	286	6	proprio	proprio	_	_	_	_	_	linguistic	_	none	_	_	_	_	_	_
286-7	TO029	286	7	nella	nella	_	_	_	_	_	linguistic	_	none	_	_	_	_	_	_
286-8	TO029	286	8	vita	vita	_	_	_	_	_	linguistic	_	none	_	_	_	_	_	_
286-9	TO029	286	9	cioè	cioè	_	_	_	_	_	linguistic	_	none	_	_	_	_	_	_
286-10	TO029	286	10	succederà	succederà	_	_	_	_	_	linguistic	_	none	_	_	_	_	_	_
286-11	TO029	286	11	sempre	sempre	_	_	_	_	_	linguistic	_	none	_	_	_	_	_	_
286-12	TO029	286	12	così	così	_	_	_	_	_	linguistic	_	none	_	_	_	_	_	_
286-13	TO029	286	13	che	che	_	_	_	_	_	linguistic	_	none	_	_	_	_	_	_
286-14	TO029	286	14	le	le	_	_	_	_	_	linguistic	_	none	_	_	_	_	_	_
286-15	TO029	286	15	persone	persone	_	_	_	_	_	linguistic	_	none	_	_	_	_	_	_
286-16	TO029	286	16	come	come	_	_	_	_	_	linguistic	_	none	_	_	_	_	_	_
286-17	TO029	286	17	marina	marina	_	_	_	_	_	linguistic	_	none	_	_	_	_	_	_
286-18	TO029	286	18	vincono	vincono	_	_	_	_	_	linguistic	_	none	_	_	_	_	_	_
286-19	TO029	286	19	non	non	_	_	_	_	_	linguistic	_	none	_	_	_	_	_	_
286-20	TO029	286	20	lo	lo	_	_	_	_	_	linguistic	_	none	_	_	_	_	_	_
286-21	TO029	286	21	so	so	_	_	_	_	_	linguistic	_	none	_	End=886.322	_	_	_	_
287-0	TO033	287	0	vabbè	vabbè	_	_	_	_	_	linguistic	_	none	_	Begin=886.416	_	_	_	_
287-1	TO033	287	1	quindi	quindi	_	_	_	_	_	linguistic	_	none	_	_	_	_	_	_
287-2	TO033	287	2	io	io	_	_	_	_	_	linguistic	_	none	_	_	_	_	_	_
287-3	TO033	287	3	penso	penso	_	_	_	_	_	linguistic	_	none	_	_	_	_	_	_
287-4	TO033	287	4	che	che	_	_	_	_	_	linguistic	_	none	_	_	_	_	_	_
287-5	TO033	287	5	comunque	comunque	_	_	_	_	_	linguistic	_	none	_	End=888.155	_	_	_	_
288-0	TO033	288	0	ovviamente	ovviamente	_	_	_	_	_	linguistic	_	none	_	Begin=888.688	_	_	_	_
288-1	TO033	288	1	cioè	cioè	_	_	_	_	_	linguistic	_	none	_	_	_	_	_	_
288-2	TO033	288	2	una	una	_	_	_	_	_	linguistic	_	none	_	_	_	_	_	_
288-3	TO033	288	3	persona	persona	_	_	_	_	_	linguistic	_	none	_	_	_	_	_	_
288-4	TO033	288	4	che	che	_	_	_	_	_	linguistic	_	none	_	_	_	_	_	_
288-5	TO033	288	5	ti	ti	_	_	_	_	_	linguistic	_	none	_	_	_	_	_	_
288-6	TO033	288	6	viene	viene	_	_	_	_	_	linguistic	_	none	_	_	_	_	_	_
288-7	TO033	288	7	a	a	_	_	_	_	_	linguistic	_	none	_	_	_	_	_	_
288-8	TO033	288	8	chiedere	chiedere	_	_	_	_	_	linguistic	_	none	_	_	_	_	_	_
288-9	TO033	288	9	appunto	appunto	_	_	_	_	_	linguistic	_	none	_	_	_	_	_	_
288-10	TO033	288	10	tre	tre	_	_	_	_	_	linguistic	_	none	_	_	_	_	_	_
288-11	TO033	288	11	volte	volte	_	_	_	_	_	linguistic	_	none	_	_	_	_	_	_
288-12	TO033	288	12	al	al	_	_	_	_	_	linguistic	_	none	_	_	_	_	_	_
288-13	TO033	288	13	mese	mese	_	_	_	_	_	linguistic	_	none	_	_	_	_	_	_
288-14	TO033	288	14	cioè	cioè	_	_	_	_	_	linguistic	_	none	_	_	_	_	_	_
288-15	TO033	288	15	che	che	_	_	_	_	_	linguistic	_	none	_	_	_	_	_	_
288-16	TO033	288	16	ti	ti	_	_	_	_	_	linguistic	_	none	_	_	_	_	_	_
288-17	TO033	288	17	viene	viene	_	_	_	_	_	linguistic	_	none	_	_	_	_	_	_
288-18	TO033	288	18	a	a	_	_	_	_	_	linguistic	_	none	_	_	_	_	_	_
288-19	TO033	288	19	chiedere	chiedere	_	_	_	_	_	linguistic	_	none	_	_	_	_	_	_
288-20	TO033	288	20	un	un	_	_	_	_	_	linguistic	_	none	_	_	_	_	_	_
288-21	TO033	288	21	dottorato	dottorato	_	_	_	_	_	linguistic	_	none	_	_	_	_	_	_
288-22	TO033	288	22	[cosa	cosa	_	_	_	_	_	linguistic	_	none	_	_	_	_	_	0-4(70)
288-23	TO033	288	23	fai]?	fai	_	_	_	_	_	linguistic	_	none	Intonation=Rising	End=895.845	_	_	_	0-3(70)
289-0	TO029	289	0	[ti	ti	_	_	_	_	_	linguistic	_	none	_	Begin=895.143	_	_	_	0-2(70)
289-1	TO029	289	1	prende]	prende	_	_	_	_	_	linguistic	_	none	_	_	_	_	_	0-6(70)
289-2	TO029	289	2	per	per	_	_	_	_	_	linguistic	_	none	_	_	_	_	_	_
289-3	TO029	289	3	sfinimento	sfinimento	_	_	_	_	_	linguistic	_	none	_	End=896.445	_	_	_	_
290-0	TO033	290	0	ma	ma	_	_	_	_	_	linguistic	_	none	_	Begin=897.061	_	_	_	_
290-1	TO033	290	1	poi	poi	_	_	_	_	_	linguistic	_	none	_	_	_	_	_	_
290-2	TO033	290	2	non	non	_	_	_	_	_	linguistic	_	none	_	_	_	_	_	_
290-3	TO033	290	3	per	per	_	_	_	_	_	linguistic	_	none	_	_	_	_	_	_
290-4	TO033	290	4	giustificare	giustificare	_	_	_	_	_	linguistic	_	none	_	_	_	_	_	_
290-5	TO033	290	5	nessuno	nessuno	_	_	_	_	_	linguistic	_	none	_	_	_	_	_	_
290-6	TO033	290	6	però	però	_	_	_	_	_	linguistic	_	none	_	_	_	_	_	_
290-7	TO033	290	7	ovviamente	ovviamente	_	_	_	_	_	linguistic	_	none	_	_	_	_	_	_
290-8	TO033	290	8	(che	che	_	_	_	_	_	linguistic	_	none	_	_	_	_	0-3(0)	_
290-9	TO033	290	9	cosa	cosa	_	_	_	_	_	linguistic	_	none	_	_	_	_	0-4(0)	_
290-10	TO033	290	10	gli)	gli	_	_	_	_	_	linguistic	_	none	_	_	_	_	0-3(0)	_
290-11	TO033	290	11	avrà	avrà	_	_	_	_	_	linguistic	_	none	_	_	_	_	_	_
290-12	TO033	290	12	detto	detto	_	_	_	_	_	linguistic	_	none	_	_	_	_	_	_
290-13	TO033	290	13	la	la	_	_	_	_	_	linguistic	_	none	_	_	_	_	_	_
290-14	TO033	290	14	rossi	rossi	_	_	_	_	_	linguistic	_	none	_	_	_	_	_	_
290-15	TO033	290	15	guarda	guarda	_	_	_	_	_	linguistic	_	none	_	_	_	_	_	_
290-16	TO033	290	16	allora	allora	_	_	_	_	_	linguistic	_	none	_	End=901.83	_	_	_	_
291-0	TO033	291	0	marina	marina	_	_	_	_	_	linguistic	_	none	_	Begin=902.66	_	_	_	_
291-1	TO033	291	1	se	se	_	_	_	_	_	linguistic	_	none	_	_	_	_	_	_
291-2	TO033	291	2	tu	tu	_	_	_	_	_	linguistic	_	none	_	_	_	_	_	_
291-3	TO033	291	3	fai	fai	_	_	_	_	_	linguistic	_	none	_	_	_	_	_	_
291-4	TO033	291	4	un	un	_	_	_	_	_	linguistic	_	none	_	_	_	_	_	_
291-5	TO033	291	5	lavoro	lavoro	_	_	_	_	_	linguistic	_	none	_	_	_	_	_	_
291-6	TO033	291	6	così	così	_	_	_	_	_	linguistic	_	none	_	_	_	_	_	_
291-7	TO033	291	7	così	così	_	_	_	_	_	linguistic	_	none	_	_	_	_	_	_
291-8	TO033	291	8	così	così	_	_	_	_	_	linguistic	_	none	_	_	_	_	_	_
291-9	TO033	291	9	[se	se	_	_	_	_	_	linguistic	_	none	_	_	_	_	_	0-2(71)
291-10	TO033	291	10	sei	sei	_	_	_	_	_	linguistic	_	none	_	_	_	_	_	0-3(71)
291-11	TO033	291	11	disposta	disposta	_	_	_	_	_	linguistic	_	none	_	_	_	_	_	0-8(71)
291-12	TO033	291	12	a	a	_	_	_	_	_	linguistic	_	none	_	_	_	_	_	0-1(71)
291-13	TO033	291	13	fare	fare	_	_	_	_	_	linguistic	_	none	_	_	_	_	_	0-4(71)
291-14	TO033	291	14	questo	questo	_	_	_	_	_	linguistic	_	none	_	_	_	_	_	0-6(71)
291-15	TO033	291	15	questo	questo	_	_	_	_	_	linguistic	_	none	_	_	_	_	_	0-6(71)
291-16	TO033	291	16	questo]	questo	_	_	_	_	_	linguistic	_	none	_	End=906.819	_	_	_	0-6(71)
292-0	TO029	292	0	[se	se	_	_	_	_	_	linguistic	_	none	_	Begin=904.499	_	_	_	0-2(71)
292-1	TO029	292	1	hai	hai	_	_	_	_	_	linguistic	_	none	_	_	_	_	_	0-3(71)
292-2	TO029	292	2	la	la	_	_	_	_	_	linguistic	_	none	_	_	_	_	_	0-2(71)
292-3	TO029	292	3	possibilità	possibilità	_	_	_	_	_	linguistic	_	none	_	_	_	_	_	0-11(71)
292-4	TO029	292	4	di	di	_	_	_	_	_	linguistic	_	none	PauseAfter=Yes	_	_	_	_	0-2(71)
292-5	TO029	292	5	(.)	(.)	_	_	_	_	_	shortpause	_	none	_	_	_	_	_	_
292-6	TO029	292	6	eh	eh	_	_	_	_	_	linguistic	_	none	_	_	_	_	_	0-2(71)
292-7	TO029	292	7	vabbè]	vabbè	_	_	_	_	_	linguistic	_	none	_	End=906.824	_	_	_	0-5(71)
293-0	TO034	293	0	certo	certo	_	_	_	_	_	linguistic	_	none	_	Begin=907.453	_	_	_	_
293-1	TO034	293	1	[io	io	_	_	_	_	_	linguistic	_	none	_	_	_	_	_	0-2(72)
293-2	TO034	293	2	posso],	posso	_	_	_	_	_	linguistic	_	none	Intonation=WeaklyRising	End=908.552	_	_	_	0-5(72)
294-0	TO033	294	0	[io	io	_	_	_	_	_	linguistic	_	none	_	Begin=907.652	_	_	_	0-2(72)
294-1	TO033	294	1	parlo]	parlo	_	_	_	_	_	linguistic	_	none	_	_	_	_	_	0-5(72)
294-2	TO033	294	2	con	con	_	_	_	_	_	linguistic	_	none	_	_	_	_	_	_
294-3	TO033	294	3	verdi	verdi	_	_	_	_	_	linguistic	_	none	_	_	_	_	_	_
294-4	TO033	294	4	per,	per	_	_	_	_	_	linguistic	_	none	Intonation=WeaklyRising|PauseAfter=Yes	_	_	_	_	_
294-5	TO033	294	5	(.)	(.)	_	_	_	_	_	shortpause	_	none	_	_	_	_	_	_
294-6	TO033	294	6	farti	farti	_	_	_	_	_	linguistic	_	none	_	_	_	_	_	_
294-7	TO033	294	7	avere,	avere	_	_	_	_	_	linguistic	_	none	Intonation=WeaklyRising	End=911.538	_	_	_	_
295-0	TO033	295	0	no	no	_	_	_	_	_	linguistic	_	none	_	Begin=912.507	_	_	_	_
295-1	TO033	295	1	vabbè	vabbè	_	_	_	_	_	linguistic	_	none	_	_	_	_	_	_
295-2	TO033	295	2	ma	ma	_	_	_	_	_	linguistic	_	none	_	_	_	_	_	_
295-3	TO033	295	3	mari	mari	_	_	_	_	_	linguistic	_	none	_	_	_	_	_	_
295-4	TO033	295	4	ma	ma	_	_	_	_	_	linguistic	_	none	_	_	_	_	_	_
295-5	TO033	295	5	se	se	_	_	_	_	_	linguistic	_	none	_	_	_	_	_	_
295-6	TO033	295	6	lei	lei	_	_	_	_	_	linguistic	_	none	_	_	_	_	_	_
295-7	TO033	295	7	fa	fa	_	_	_	_	_	linguistic	_	none	_	_	_	_	_	_
295-8	TO033	295	8	domanda	domanda	_	_	_	_	_	linguistic	_	none	_	_	_	_	_	_
295-9	TO033	295	9	se	se	_	_	_	_	_	linguistic	_	none	_	_	_	_	_	_
295-10	TO033	295	10	lo	lo	_	_	_	_	_	linguistic	_	none	_	_	_	_	_	_
295-11	TO033	295	11	prende	prende	_	_	_	_	_	linguistic	_	none	_	_	_	_	_	_
295-12	TO033	295	12	sto	sto	_	_	_	_	_	linguistic	_	none	_	_	_	_	_	_
295-13	TO033	295	13	dottorato	dottorato	_	_	_	_	_	linguistic	_	none	_	_	_	_	_	_
295-14	TO033	295	14	cioè	cioè	_	_	_	_	_	linguistic	_	none	_	_	_	_	_	_
295-15	TO033	295	15	io	io	_	_	_	_	_	linguistic	_	none	_	_	_	_	_	_
295-16	TO033	295	16	su	su	_	_	_	_	_	linguistic	_	none	_	_	_	_	_	_
295-17	TO033	295	17	quello	quello	_	_	_	_	_	linguistic	_	none	_	_	_	_	_	_
295-18	TO033	295	18	non	non	_	_	_	_	_	linguistic	_	none	_	_	_	_	_	_
295-19	TO033	295	19	ci	ci	_	_	_	_	_	linguistic	_	none	_	_	_	_	_	_
295-20	TO033	295	20	sono	sono	_	_	_	_	_	linguistic	_	none	_	_	_	_	_	_
295-21	TO033	295	21	dubbi	dubbi	_	_	_	_	_	linguistic	_	none	_	End=917.338	_	_	_	_
296-0	TO034	296	0	ma	ma	_	_	_	_	_	linguistic	_	none	_	Begin=918.69	_	_	_	_
296-1	TO034	296	1	poi	poi	_	_	_	_	_	linguistic	_	none	_	_	_	_	_	_
296-2	TO034	296	2	scusa	scusa	_	_	_	_	_	linguistic	_	none	_	_	_	_	_	_
296-3	TO034	296	3	una	una	_	_	_	_	_	linguistic	_	none	_	_	_	_	_	_
296-4	TO034	296	4	volta	volta	_	_	_	_	_	linguistic	_	none	_	_	_	_	_	_
296-5	TO034	296	5	che	che	_	_	_	_	_	linguistic	_	none	_	_	_	_	_	_
296-6	TO034	296	6	eh	eh	_	_	_	_	_	linguistic	_	none	_	_	_	_	_	_
296-7	TO034	296	7	cioè	cioè	_	_	_	_	_	linguistic	_	none	_	_	_	_	_	_
296-8	TO034	296	8	produce	produce	_	_	_	_	_	linguistic	_	none	_	_	_	_	_	_
296-9	TO034	296	9	una	una	_	_	_	_	_	linguistic	_	none	_	_	_	_	_	_
296-10	TO034	296	10	tesi	tesi	_	_	_	_	_	linguistic	_	none	_	End=922.064	_	_	_	_
297-0	TO034	297	0	non	non	_	_	_	_	_	linguistic	_	none	_	Begin=922.666	_	_	_	_
297-1	TO034	297	1	si	si	_	_	_	_	_	linguistic	_	none	_	_	_	_	_	_
297-2	TO034	297	2	rendono	rendono	_	_	_	_	_	linguistic	_	none	_	_	_	_	_	_
297-3	TO034	297	3	conto	conto	_	_	_	_	_	linguistic	_	none	_	_	_	_	_	_
297-4	TO034	297	4	che	che	_	_	_	_	_	linguistic	_	none	_	_	_	_	_	_
297-5	TO034	297	5	questa	questa	_	_	_	_	_	linguistic	_	none	_	_	_	_	_	_
297-6	TO034	297	6	non	non	_	_	_	_	_	linguistic	_	none	_	_	_	_	_	_
297-7	TO034	297	7	ha	ha	_	_	_	_	_	linguistic	_	none	_	_	_	_	_	_
297-8	TO034	297	8	contenuti	contenuti	_	_	_	_	_	linguistic	_	none	_	_	_	_	_	_
297-9	TO034	297	9	dentro?	dentro	_	_	_	_	_	linguistic	_	none	Intonation=Rising	_	_	_	_	_
297-10	TO034	297	10	perché	perché	_	_	_	_	_	linguistic	_	none	_	_	_	_	_	_
297-11	TO034	297	11	se	se	_	_	_	_	_	linguistic	_	none	_	_	_	_	_	_
297-12	TO034	297	12	[un	un	_	_	_	_	_	linguistic	_	none	_	_	_	_	_	0-2(73)
297-13	TO034	297	13	docente]	docente	_	_	_	_	_	linguistic	_	none	_	End=928.145	_	_	_	0-7(73)
298-0	TO029	298	0	[xxx	xxx	_	_	_	_	_	unknown	_	none	Syllables=3	Begin=927.44	_	_	_	0-3(73)
298-1	TO029	298	1	da	da	_	_	_	_	_	linguistic	_	none	_	_	_	_	_	0-2(73)
298-2	TO029	298	2	persona]	persona	_	_	_	_	_	linguistic	_	none	_	_	_	_	_	0-7(73)
298-3	TO029	298	3	proprio	proprio	_	_	_	_	_	linguistic	_	none	_	End=928.893	_	_	_	_
299-0	TO029	299	0	((ride))	((ride))	_	_	_	_	_	nonverbalbehavior	_	none	_	Begin=929.093|End=929.842	_	_	_	_
300-0	TO034	300	0	ma	ma	_	_	_	_	_	linguistic	_	none	_	Begin=930.539|End=930.991	_	_	_	_
301-0	TO034	301	0	o	o	_	_	_	_	_	linguistic	_	none	_	Begin=932.954	_	_	_	_
301-1	TO034	301	1	no	no	_	_	_	_	_	linguistic	_	none	_	_	_	_	_	_
301-2	TO034	301	2	scus~?	scus~	_	_	_	_	_	linguistic	_	none	Intonation=Rising|Interrupted=Yes	_	_	_	_	_
301-3	TO034	301	3	te	te	_	_	_	_	_	linguistic	_	none	_	_	_	_	_	_
301-4	TO034	301	4	ne	ne	_	_	_	_	_	linguistic	_	none	_	_	_	_	_	_
301-5	TO034	301	5	rendi	rendi	_	_	_	_	_	linguistic	_	none	_	_	_	_	_	_
301-6	TO034	301	6	conto	conto	_	_	_	_	_	linguistic	_	none	_	_	_	_	_	_
301-7	TO034	301	7	se	se	_	_	_	_	_	linguistic	_	none	_	_	_	_	_	_
301-8	TO034	301	8	una	una	_	_	_	_	_	linguistic	_	none	_	_	_	_	_	_
301-9	TO034	301	9	tua	tua	_	_	_	_	_	linguistic	_	none	_	_	_	_	_	_
301-10	TO034	301	10	alunna	alunna	_	_	_	_	_	linguistic	_	none	_	_	_	_	_	_
301-11	TO034	301	11	non	non	_	_	_	_	_	linguistic	_	none	_	_	_	_	_	_
301-12	TO034	301	12	è	è	_	_	_	_	_	linguistic	_	none	_	_	_	_	_	_
301-13	TO034	301	13	una	una	_	_	_	_	_	linguistic	_	none	_	_	_	_	_	_
301-14	TO034	301	14	cima	cima	_	_	_	_	_	linguistic	_	none	_	End=936.595	_	_	_	_
302-0	TO029	302	0	secondo	secondo	_	_	_	_	_	linguistic	_	none	_	Begin=936.595	_	_	_	_
302-1	TO029	302	1	me	me	_	_	_	_	_	linguistic	_	none	_	_	_	_	_	_
302-2	TO029	302	2	sì.	sì	_	_	_	_	_	linguistic	_	none	Intonation=Falling	_	_	_	_	_
302-3	TO029	302	3	secondo	secondo	_	_	_	_	_	linguistic	_	none	_	_	_	_	_	_
302-4	TO029	302	4	me	me	_	_	_	_	_	linguistic	_	none	_	_	_	_	_	_
302-5	TO029	302	5	sì.	sì	_	_	_	_	_	linguistic	_	none	Intonation=Falling	_	_	_	_	_
302-6	TO029	302	6	però	però	_	_	_	_	_	linguistic	_	none	_	_	_	_	_	_
302-7	TO029	302	7	magari	magari	_	_	_	_	_	linguistic	_	none	_	_	_	_	_	_
302-8	TO029	302	8	no	no	_	_	_	_	_	linguistic	_	none	_	End=939.199	_	_	_	_
303-0	TO034	303	0	e	e	_	_	_	_	_	linguistic	_	none	_	Begin=939.43	_	_	_	_
303-1	TO034	303	1	poi	poi	_	_	_	_	_	linguistic	_	none	_	_	_	_	_	_
303-2	TO034	303	2	spero,	spero	_	_	_	_	_	linguistic	_	none	Intonation=WeaklyRising|PauseAfter=Yes	_	_	_	_	_
303-3	TO034	303	3	(.)	(.)	_	_	_	_	_	shortpause	_	none	_	_	_	_	_	_
303-4	TO034	303	4	cioè	cioè	_	_	_	_	_	linguistic	_	none	_	_	_	_	_	_
303-5	TO034	303	5	ritratto	ritratto	_	_	_	_	_	linguistic	_	none	_	_	_	_	_	_
303-6	TO034	303	6	a	a	_	_	_	_	_	linguistic	_	none	_	_	_	_	_	_
303-7	TO034	303	7	quel	quel	_	_	_	_	_	linguistic	_	none	_	_	_	_	_	_
303-8	TO034	303	8	punto::	punto	_	_	_	_	_	linguistic	_	none	_	End=942.438	4x2	_	_	_
304-0	TO034	304	0	e	e	_	_	_	_	_	linguistic	_	none	_	Begin=943.853	_	_	_	_
304-1	TO034	304	1	dai	dai	_	_	_	_	_	linguistic	_	none	_	_	_	_	_	_
304-2	TO034	304	2	quell'	quell'	_	_	_	_	_	linguistic	_	none	SpaceAfter=No	_	_	_	_	_
304-3	TO034	304	3	opportunità	opportunità	_	_	_	_	_	linguistic	_	none	_	_	_	_	_	_
304-4	TO034	304	4	a	a	_	_	_	_	_	linguistic	_	none	_	_	_	_	_	_
304-5	TO034	304	5	una	una	_	_	_	_	_	linguistic	_	none	_	_	_	_	_	_
304-6	TO034	304	6	persona	persona	_	_	_	_	_	linguistic	_	none	_	_	_	_	_	_
304-7	TO034	304	7	più	più	_	_	_	_	_	linguistic	_	none	_	_	_	_	_	_
304-8	TO034	304	8	competente	competente	_	_	_	_	_	linguistic	_	none	_	_	_	_	_	_
304-9	TO034	304	9	di	di	_	_	_	_	_	linguistic	_	none	_	_	_	_	_	_
304-10	TO034	304	10	prendersi	prendersi	_	_	_	_	_	linguistic	_	none	_	_	_	_	_	_
304-11	TO034	304	11	un	un	_	_	_	_	_	linguistic	_	none	_	_	_	_	_	_
304-12	TO034	304	12	dottor[ato]	dottorato	_	_	_	_	_	linguistic	_	none	_	End=948.03	_	_	_	5-9(74)
305-0	TO029	305	0	[sì]	sì	_	_	_	_	_	linguistic	_	none	_	Begin=947.362	_	_	_	0-2(74)
305-1	TO029	305	1	se	se	_	_	_	_	_	linguistic	_	none	_	_	_	_	_	_
305-2	TO029	305	2	cioè::	cioè	_	_	_	_	_	linguistic	_	none	_	End=948.715	3x2	_	_	_
306-0	TO029	306	0	in	in	_	_	_	_	_	linguistic	_	none	_	Begin=948.905	_	_	_	_
306-1	TO029	306	1	realtà	realtà	_	_	_	_	_	linguistic	_	none	_	_	_	_	_	_
306-2	TO029	306	2	se	se	_	_	_	_	_	linguistic	_	none	_	_	_	_	_	_
306-3	TO029	306	3	questa	questa	_	_	_	_	_	linguistic	_	none	_	_	_	_	_	_
306-4	TO029	306	4	roba	roba	_	_	_	_	_	linguistic	_	none	_	_	_	_	_	_
306-5	TO029	306	5	è	è	_	_	_	_	_	linguistic	_	none	_	_	_	_	_	_
306-6	TO029	306	6	stata	stata	_	_	_	_	_	linguistic	_	none	_	_	_	_	_	_
306-7	TO029	306	7	detta	detta	_	_	_	_	_	linguistic	_	none	_	_	_	_	_	_
306-8	TO029	306	8	e	e	_	_	_	_	_	linguistic	_	none	_	_	_	_	_	_
306-9	TO029	306	9	se	se	_	_	_	_	_	linguistic	_	none	_	_	_	_	_	_
306-10	TO029	306	10	invece::	invece	_	_	_	_	_	linguistic	_	none	_	_	5x2	_	_	_
306-11	TO029	306	11	la	la	_	_	_	_	_	linguistic	_	none	_	_	_	_	_	_
306-12	TO029	306	12	rossi	rossi	_	_	_	_	_	linguistic	_	none	_	_	_	_	_	_
306-13	TO029	306	13	avesse	avesse	_	_	_	_	_	linguistic	_	none	_	_	_	_	_	_
306-14	TO029	306	14	detto	detto	_	_	_	_	_	linguistic	_	none	_	_	_	_	_	_
306-15	TO029	306	15	una	una	_	_	_	_	_	linguistic	_	none	_	_	_	_	_	_
306-16	TO029	306	16	roba	roba	_	_	_	_	_	linguistic	_	none	_	_	_	_	_	_
306-17	TO029	306	17	tipo	tipo	_	_	_	_	_	linguistic	_	none	PauseAfter=Yes	_	_	_	_	_
306-18	TO029	306	18	(.)	(.)	_	_	_	_	_	shortpause	_	none	_	_	_	_	_	_
306-19	TO029	306	19	allora	allora	_	_	_	_	_	linguistic	_	none	_	_	_	_	_	_
306-20	TO029	306	20	se	se	_	_	_	_	_	linguistic	_	none	_	_	_	_	_	_
306-21	TO029	306	21	fai	fai	_	_	_	_	_	linguistic	_	none	_	_	_	_	_	_
306-22	TO029	306	22	così	così	_	_	_	_	_	linguistic	_	none	_	_	_	_	_	_
306-23	TO029	306	23	così	così	_	_	_	_	_	linguistic	_	none	_	_	_	_	_	_
306-24	TO029	306	24	possiamo	possiamo	_	_	_	_	_	linguistic	_	none	_	_	_	_	_	_
306-25	TO029	306	25	provare	provare	_	_	_	_	_	linguistic	_	none	_	_	_	_	_	_
306-26	TO029	306	26	a	a	_	_	_	_	_	linguistic	_	none	_	_	_	_	_	_
306-27	TO029	306	27	parlare	parlare	_	_	_	_	_	linguistic	_	none	_	_	_	_	_	_
306-28	TO029	306	28	con	con	_	_	_	_	_	linguistic	_	none	_	_	_	_	_	_
306-29	TO029	306	29	verdi	verdi	_	_	_	_	_	linguistic	_	none	_	_	_	_	_	_
306-30	TO029	306	30	[sarebbe	sarebbe	_	_	_	_	_	linguistic	_	none	_	_	_	_	_	0-7(75)
306-31	TO029	306	31	un'	un'	_	_	_	_	_	linguistic	_	none	SpaceAfter=No	_	_	_	_	0-3(75)
306-32	TO029	306	32	altra	altra	_	_	_	_	_	linguistic	_	none	_	_	_	_	_	0-5(75)
306-33	TO029	306	33	ro::ba]	roba	_	_	_	_	_	linguistic	_	none	_	End=957.469	1x2	_	_	0-4(75)
307-0	TO033	307	0	[no	no	_	_	_	_	_	linguistic	_	none	_	Begin=955.952	_	_	_	0-2(75)
307-1	TO033	307	1	però	però	_	_	_	_	_	linguistic	_	none	_	_	_	_	_	0-4(75)
307-2	TO033	307	2	la	la	_	_	_	_	_	linguistic	_	none	_	_	_	_	_	0-2(75)
307-3	TO033	307	3	roba	roba	_	_	_	_	_	linguistic	_	none	_	_	_	_	_	0-4(75)
307-4	TO033	307	4	no	no	_	_	_	_	_	linguistic	_	none	_	_	_	_	_	0-2(75)
307-5	TO033	307	5	però	però	_	_	_	_	_	linguistic	_	none	_	_	_	_	_	0-4(75)
307-6	TO033	307	6	la	la	_	_	_	_	_	linguistic	_	none	_	_	_	_	_	0-2(75)
307-7	TO033	307	7	roba]	roba	_	_	_	_	_	linguistic	_	none	_	_	_	_	_	0-4(75)
307-8	TO033	307	8	che	che	_	_	_	_	_	linguistic	_	none	_	_	_	_	_	_
307-9	TO033	307	9	c'	c'	_	_	_	_	_	linguistic	_	none	SpaceAfter=No	_	_	_	_	_
307-10	TO033	307	10	è	è	_	_	_	_	_	linguistic	_	none	_	_	_	_	_	_
307-11	TO033	307	11	stata	stata	_	_	_	_	_	linguistic	_	none	_	_	_	_	_	_
307-12	TO033	307	12	è	è	_	_	_	_	_	linguistic	_	none	_	_	_	_	_	_
307-13	TO033	307	13	che	che	_	_	_	_	_	linguistic	_	none	_	_	_	_	_	_
307-14	TO033	307	14	la	la	_	_	_	_	_	linguistic	_	none	_	_	_	_	_	_
307-15	TO033	307	15	rossi	rossi	_	_	_	_	_	linguistic	_	none	_	_	_	_	_	_
307-16	TO033	307	16	le	le	_	_	_	_	_	linguistic	_	none	_	_	_	_	_	_
307-17	TO033	307	17	ha	ha	_	_	_	_	_	linguistic	_	none	_	_	_	_	_	_
307-18	TO033	307	18	detto	detto	_	_	_	_	_	linguistic	_	none	_	End=959.449	_	_	_	_
308-0	TO033	308	0	allora	allora	_	_	_	_	_	linguistic	_	none	_	Begin=959.758	_	_	_	_
308-1	TO033	308	1	le	le	_	_	_	_	_	linguistic	_	none	_	_	_	_	_	_
308-2	TO033	308	2	cose	cose	_	_	_	_	_	linguistic	_	none	_	_	_	_	_	_
308-3	TO033	308	3	sono	sono	_	_	_	_	_	linguistic	_	none	_	_	_	_	_	_
308-4	TO033	308	4	queste,	queste	_	_	_	_	_	linguistic	_	none	Intonation=WeaklyRising|PauseAfter=Yes	_	_	_	_	_
308-5	TO033	308	5	(.)	(.)	_	_	_	_	_	shortpause	_	none	_	_	_	_	_	_
308-6	TO033	308	6	cioè	cioè	_	_	_	_	_	linguistic	_	none	_	End=961.802	_	_	_	_
309-0	TO033	309	0	se:::	se	_	_	_	_	_	linguistic	_	none	_	Begin=962.324	1x3	_	_	_
309-1	TO033	309	1	cioè	cioè	_	_	_	_	_	linguistic	_	none	_	_	_	_	_	_
309-2	TO033	309	2	da	da	_	_	_	_	_	linguistic	_	none	_	_	_	_	_	_
309-3	TO033	309	3	quello	quello	_	_	_	_	_	linguistic	_	none	_	_	_	_	_	_
309-4	TO033	309	4	che	che	_	_	_	_	_	linguistic	_	none	_	_	_	_	_	_
309-5	TO033	309	5	ho	ho	_	_	_	_	_	linguistic	_	none	_	_	_	_	_	_
309-6	TO033	309	6	capito	capito	_	_	_	_	_	linguistic	_	none	_	_	_	_	_	_
309-7	TO033	309	7	c'	c'	_	_	_	_	_	linguistic	_	none	SpaceAfter=No	_	_	_	_	_
309-8	TO033	309	8	era	era	_	_	_	_	_	linguistic	_	none	_	_	_	_	_	_
309-9	TO033	309	9	proprio	proprio	_	_	_	_	_	linguistic	_	none	_	_	_	_	_	_
309-10	TO033	309	10	un	un	_	_	_	_	_	linguistic	_	none	_	_	_	_	_	_
309-11	TO033	309	11	ultimatum	ultimatum	_	_	_	_	_	linguistic	_	none	_	_	_	_	_	_
309-12	TO033	309	12	entro	entro	_	_	_	_	_	linguistic	_	none	_	_	_	_	_	_
309-13	TO033	309	13	lunedì,	lunedì	_	_	_	_	_	linguistic	_	none	Intonation=WeaklyRising	_	_	_	_	_
309-14	TO033	309	14	in	in	_	_	_	_	_	linguistic	_	none	_	_	_	_	_	_
309-15	TO033	309	15	cui	cui	_	_	_	_	_	linguistic	_	none	_	_	_	_	_	_
309-16	TO033	309	16	lei	lei	_	_	_	_	_	linguistic	_	none	_	_	_	_	_	_
309-17	TO033	309	17	doveva	doveva	_	_	_	_	_	linguistic	_	none	_	_	_	_	_	_
309-18	TO033	309	18	decidere	decidere	_	_	_	_	_	linguistic	_	none	_	End=967.969	_	_	_	_
310-0	TO033	310	0	sì	sì	_	_	_	_	_	linguistic	_	none	_	Begin=968.35	_	_	_	_
310-1	TO033	310	1	se	se	_	_	_	_	_	linguistic	_	none	_	_	_	_	_	_
310-2	TO033	310	2	impegnarsi	impegnarsi	_	_	_	_	_	linguistic	_	none	_	_	_	_	_	_
310-3	TO033	310	3	con	con	_	_	_	_	_	linguistic	_	none	_	_	_	_	_	_
310-4	TO033	310	4	'sta	'sta	_	_	_	_	_	linguistic	_	none	Truncated=Yes	_	_	_	_	_
310-5	TO033	310	5	roba	roba	_	_	_	_	_	linguistic	_	none	_	_	_	_	_	_
310-6	TO033	310	6	che	che	_	_	_	_	_	linguistic	_	none	_	_	_	_	_	_
310-7	TO033	310	7	comprende	comprende	_	_	_	_	_	linguistic	_	none	_	_	_	_	_	_
310-8	TO033	310	8	determinate	determinate	_	_	_	_	_	linguistic	_	none	_	_	_	_	_	_
310-9	TO033	310	9	cose	cose	_	_	_	_	_	linguistic	_	none	_	_	_	_	_	_
310-10	TO033	310	10	cioè,	cioè	_	_	_	_	_	linguistic	_	none	Intonation=WeaklyRising|PauseAfter=Yes	_	_	_	_	_
310-11	TO033	310	11	(.)	(.)	_	_	_	_	_	shortpause	_	none	_	_	_	_	_	_
310-12	TO033	310	12	fare	fare	_	_	_	_	_	linguistic	_	none	_	_	_	_	_	_
310-13	TO033	310	13	una	una	_	_	_	_	_	linguistic	_	none	_	_	_	_	_	_
310-14	TO033	310	14	tesi	tesi	_	_	_	_	_	linguistic	_	none	_	_	_	_	_	_
310-15	TO033	310	15	così,	così	_	_	_	_	_	linguistic	_	none	Intonation=WeaklyRising	_	_	_	_	_
310-16	TO033	310	16	parlare	parlare	_	_	_	_	_	linguistic	_	none	_	_	_	_	_	_
310-17	TO033	310	17	con	con	_	_	_	_	_	linguistic	_	none	_	_	_	_	_	_
310-18	TO033	310	18	questo	questo	_	_	_	_	_	linguistic	_	none	_	_	_	_	_	_
310-19	TO033	310	19	parlare	parlare	_	_	_	_	_	linguistic	_	none	_	_	_	_	_	_
310-20	TO033	310	20	con	con	_	_	_	_	_	linguistic	_	none	_	_	_	_	_	_
310-21	TO033	310	21	quest'	quest'	_	_	_	_	_	linguistic	_	none	SpaceAfter=No	_	_	_	_	_
310-22	TO033	310	22	altro	altro	_	_	_	_	_	linguistic	_	none	_	_	_	_	_	_
310-23	TO033	310	23	mh	mh	_	_	_	_	_	linguistic	_	none	_	_	_	_	_	_
310-24	TO033	310	24	fare	fare	_	_	_	_	_	linguistic	_	none	_	_	_	_	_	_
310-25	TO033	310	25	cioè	cioè	_	_	_	_	_	linguistic	_	none	_	_	_	_	_	_
310-26	TO033	310	26	come	come	_	_	_	_	_	linguistic	_	none	_	_	_	_	_	_
310-27	TO033	310	27	orientare,	orientare	_	_	_	_	_	linguistic	_	none	Intonation=WeaklyRising	_	_	_	_	_
310-28	TO033	310	28	cioè	cioè	_	_	_	_	_	linguistic	_	none	_	_	_	_	_	_
310-29	TO033	310	29	tutta	tutta	_	_	_	_	_	linguistic	_	none	_	_	_	_	_	_
310-30	TO033	310	30	una	una	_	_	_	_	_	linguistic	_	none	_	_	_	_	_	_
310-31	TO033	310	31	serie	serie	_	_	_	_	_	linguistic	_	none	_	_	_	_	_	_
310-32	TO033	310	32	di	di	_	_	_	_	_	linguistic	_	none	_	_	_	_	_	_
310-33	TO033	310	33	co:se,	cose	_	_	_	_	_	linguistic	_	none	Intonation=WeaklyRising	End=979.069	1x1	_	_	_
311-0	TO029	311	0	la	la	_	_	_	_	_	linguistic	_	none	_	Begin=979.283	_	_	_	_
311-1	TO029	311	1	fa	fa	_	_	_	_	_	linguistic	_	none	_	_	_	_	_	_
311-2	TO029	311	2	la	la	_	_	_	_	_	linguistic	_	none	_	_	_	_	_	_
311-3	TO029	311	3	bono	bono	_	_	_	_	_	linguistic	_	none	_	_	_	_	_	_
311-4	TO029	311	4	la	la	_	_	_	_	_	linguistic	_	none	_	_	_	_	_	_
311-5	TO029	311	5	tesi	tesi	_	_	_	_	_	linguistic	_	none	_	_	_	_	_	_
311-6	TO029	311	6	praticame[nte]	praticamente	_	_	_	_	_	linguistic	_	none	_	End=980.931	_	_	_	9-12(76)
312-0	TO033	312	0	[esa]tto	esatto	_	_	_	_	_	linguistic	_	none	_	Begin=980.696	_	_	_	0-3(76)
312-1	TO033	312	1	la	la	_	_	_	_	_	linguistic	_	none	_	_	_	_	_	_
312-2	TO033	312	2	rossi	rossi	_	_	_	_	_	linguistic	_	none	_	_	_	_	_	_
312-3	TO033	312	3	nel	nel	_	_	_	_	_	linguistic	_	none	_	_	_	_	_	_
312-4	TO033	312	4	suo	suo	_	_	_	_	_	linguistic	_	none	_	_	_	_	_	_
312-5	TO033	312	5	libro	libro	_	_	_	_	_	linguistic	_	none	_	_	_	_	_	_
312-6	TO033	312	6	scriverà	scriverà	_	_	_	_	_	linguistic	_	none	_	_	_	_	_	_
312-7	TO033	312	7	una	una	_	_	_	_	_	linguistic	_	none	_	_	_	_	_	_
312-8	TO033	312	8	tesi	tesi	_	_	_	_	_	linguistic	_	none	_	_	_	_	_	_
312-9	TO033	312	9	magistrale	magistrale	_	_	_	_	_	linguistic	_	none	_	End=984.407	_	_	_	_
313-0	TO033	313	0	cioè	cioè	_	_	_	_	_	linguistic	_	none	_	Begin=984.613	_	_	_	_
313-1	TO033	313	1	quello	quello	_	_	_	_	_	linguistic	_	none	_	_	_	_	_	_
313-2	TO033	313	2	che	che	_	_	_	_	_	linguistic	_	none	_	_	_	_	_	_
313-3	TO033	313	3	è	è	_	_	_	_	_	linguistic	_	none	_	_	_	_	_	_
313-4	TO033	313	4	sicuro	sicuro	_	_	_	_	_	linguistic	_	none	_	_	_	_	_	_
313-5	TO033	313	5	è	è	_	_	_	_	_	linguistic	_	none	_	_	_	_	_	_
313-6	TO033	313	6	che	che	_	_	_	_	_	linguistic	_	none	_	_	_	_	_	_
313-7	TO033	313	7	appunto	appunto	_	_	_	_	_	linguistic	_	none	_	_	_	_	_	_
313-8	TO033	313	8	marina	marina	_	_	_	_	_	linguistic	_	none	_	_	_	_	_	_
313-9	TO033	313	9	aveva	aveva	_	_	_	_	_	linguistic	_	none	_	_	_	_	_	_
313-10	TO033	313	10	fino	fino	_	_	_	_	_	linguistic	_	none	_	_	_	_	_	_
313-11	TO033	313	11	a	a	_	_	_	_	_	linguistic	_	none	_	_	_	_	_	_
313-12	TO033	313	12	lunedì	lunedì	_	_	_	_	_	linguistic	_	none	_	_	_	_	_	_
313-13	TO033	313	13	per	per	_	_	_	_	_	linguistic	_	none	_	_	_	_	_	_
313-14	TO033	313	14	pensarci,	pensarci	_	_	_	_	_	linguistic	_	none	Intonation=WeaklyRising	_	_	_	_	_
313-15	TO033	313	15	e	e	_	_	_	_	_	linguistic	_	none	_	_	_	_	_	_
313-16	TO033	313	16	decidere	decidere	_	_	_	_	_	linguistic	_	none	_	_	_	_	_	_
313-17	TO033	313	17	se	se	_	_	_	_	_	linguistic	_	none	_	_	_	_	_	_
313-18	TO033	313	18	voleva	voleva	_	_	_	_	_	linguistic	_	none	_	_	_	_	_	_
313-19	TO033	313	19	o	o	_	_	_	_	_	linguistic	_	none	_	_	_	_	_	_
313-20	TO033	313	20	no,	no	_	_	_	_	_	linguistic	_	none	Intonation=WeaklyRising	End=991.499	_	_	_	_
314-0	TO029	314	0	impegnarsi	impegnarsi	_	_	_	_	_	linguistic	_	none	_	Begin=992.04	_	_	_	_
314-1	TO029	314	1	[in	in	_	_	_	_	_	linguistic	_	none	_	_	_	_	_	0-2(77)
314-2	TO029	314	2	questa	questa	_	_	_	_	_	linguistic	_	none	_	_	_	_	_	0-6(77)
314-3	TO029	314	3	roba]	roba	_	_	_	_	_	linguistic	_	none	_	End=993.748	_	_	_	0-4(77)
315-0	TO033	315	0	[provare	provare	_	_	_	_	_	linguistic	_	none	_	Begin=992.513	_	_	_	0-7(77)
315-1	TO033	315	1	o]	o	_	_	_	_	_	linguistic	_	none	_	_	_	_	_	0-1(77)
315-2	TO033	315	2	ave:re	avere	_	_	_	_	_	linguistic	_	none	_	End=994.348	2x1	_	_	_
316-0	TO033	316	0	questo	questo	_	_	_	_	_	linguistic	_	none	_	Begin=995.199	_	_	_	_
316-1	TO033	316	1	dottorato	dottorato	_	_	_	_	_	linguistic	_	none	_	End=996.22	_	_	_	_
317-0	???	317	0	tutto	tutto	_	_	_	_	_	linguistic	_	none	_	Begin=999.088	_	_	_	_
317-1	???	317	1	bene	bene	_	_	_	_	_	linguistic	_	none	_	_	_	_	_	_
317-2	???	317	2	ragazze?	ragazze	_	_	_	_	_	linguistic	_	none	Intonation=Rising	End=1000.002	_	_	_	_
318-0	TO034	318	0	sì	sì	_	_	_	_	_	linguistic	_	none	_	Begin=999.864	_	_	_	_
318-1	TO034	318	1	[grazie]	grazie	_	_	_	_	_	linguistic	_	none	_	End=1000.647	_	_	_	0-6(?)
319-0	TO029	319	0	[sì	sì	_	_	_	_	_	linguistic	_	none	_	Begin=1000.128	_	_	_	0-2(79)
319-1	TO029	319	1	gra]:zie	grazie	_	_	_	_	_	linguistic	_	none	_	End=1000.904	2x1	_	_	0-3(79)
320-0	???	320	0	scusate	scusate	_	_	_	_	_	linguistic	_	none	_	Begin=1000.93	_	_	_	_
320-1	???	320	1	per	per	_	_	_	_	_	linguistic	_	none	_	_	_	_	_	_
320-2	???	320	2	prima	prima	_	_	_	_	_	linguistic	_	none	_	_	_	_	_	_
320-3	???	320	3	che	che	_	_	_	_	_	linguistic	_	none	_	_	_	_	_	_
320-4	???	320	4	c'	c'	_	_	_	_	_	linguistic	_	none	SpaceAfter=No	_	_	_	_	_
320-5	???	320	5	era	era	_	_	_	_	_	linguistic	_	none	_	_	_	_	_	_
320-6	???	320	6	un	un	_	_	_	_	_	linguistic	_	none	_	_	_	_	_	_
320-7	???	320	7	po'	po'	_	_	_	_	_	linguistic	_	none	_	_	_	_	_	_
320-8	???	320	8	di	di	_	_	_	_	_	linguistic	_	none	_	_	_	_	_	_
320-9	???	320	9	casino	casino	_	_	_	_	_	linguistic	_	none	_	End=1002.796	_	_	_	_
321-0	TO034	321	0	no	no	_	_	_	_	_	linguistic	_	none	_	Begin=1002.796	_	_	_	_
321-1	TO034	321	1	no	no	_	_	_	_	_	linguistic	_	none	_	End=1003.159	_	_	_	_
322-0	???	322	0	oh	oh	_	_	_	_	_	linguistic	_	none	_	Begin=1004.636	_	_	_	_
322-1	???	322	1	grazie	grazie	_	_	_	_	_	linguistic	_	none	_	End=1005.351	_	_	_	_
323-0	TO033	323	0	quindi::	quindi	_	_	_	_	_	linguistic	_	none	_	Begin=1005.351	5x2	_	_	_
323-1	TO033	323	1	questo	questo	_	_	_	_	_	linguistic	_	none	_	End=1006.236	_	_	_	_
324-0	???	324	0	e::h?	eh	_	_	_	_	_	linguistic	_	none	Intonation=Rising	Begin=1014.435|End=1014.95	0x2	_	_	_
325-0	TO029	325	0	be:::h	beh	_	_	_	_	_	linguistic	_	none	_	Begin=1015.079	1x3	_	_	_
325-1	TO029	325	1	sì	sì	_	_	_	_	_	linguistic	_	none	_	_	_	_	_	_
325-2	TO029	325	2	in	in	_	_	_	_	_	linguistic	_	none	_	_	_	_	_	_
325-3	TO029	325	3	tutto	tutto	_	_	_	_	_	linguistic	_	none	_	_	_	_	_	_
325-4	TO029	325	4	questo::	questo	_	_	_	_	_	linguistic	_	none	_	End=1017.302	5x2	_	_	_
326-0	TO034	326	0	che	che	_	_	_	_	_	linguistic	_	none	_	Begin=1019.984	_	_	_	_
326-1	TO034	326	1	schifezza	schifezza	_	_	_	_	_	linguistic	_	none	_	End=1020.75	_	_	_	_
327-0	TO029	327	0	gliela	gliela	_	_	_	_	_	linguistic	_	none	_	Begin=1022.971	_	_	_	_
327-1	TO029	327	1	chiudo	chiudo	_	_	_	_	_	linguistic	_	none	_	_	_	_	_	_
327-2	TO029	327	2	la	la	_	_	_	_	_	linguistic	_	none	_	_	_	_	_	_
327-3	TO029	327	3	xx	xx	_	_	_	_	_	unknown	_	none	Syllables=2	End=1023.996	_	_	_	_
328-0	TO033	328	0	cioè	cioè	_	_	_	_	_	linguistic	_	none	_	Begin=1025.617	_	_	_	_
328-1	TO033	328	1	e	e	_	_	_	_	_	linguistic	_	none	_	_	_	_	_	_
328-2	TO033	328	2	poi,	poi	_	_	_	_	_	linguistic	_	none	Intonation=WeaklyRising	End=1026.381	_	_	_	_
329-0	TO033	329	0	per	per	_	_	_	_	_	linguistic	_	none	_	Begin=1027.026	_	_	_	_
329-1	TO033	329	1	non	non	_	_	_	_	_	linguistic	_	none	_	_	_	_	_	_
329-2	TO033	329	2	parlare	parlare	_	_	_	_	_	linguistic	_	none	_	_	_	_	_	_
329-3	TO033	329	3	del~	del~	_	_	_	_	_	linguistic	_	none	Interrupted=Yes	_	_	_	_	_
329-4	TO033	329	4	del	del	_	_	_	_	_	linguistic	_	none	_	_	_	_	_	_
329-5	TO033	329	5	comportamento	comportamento	_	_	_	_	_	linguistic	_	none	_	_	_	_	_	_
329-6	TO033	329	6	de~	de~	_	_	_	_	_	linguistic	_	none	Interrupted=Yes	_	_	_	_	_
329-7	TO033	329	7	dei	dei	_	_	_	_	_	linguistic	_	none	_	End=1030.329	_	_	_	_
330-0	TO033	330	0	della	della	_	_	_	_	_	linguistic	_	none	_	Begin=1031.79	_	_	_	_
330-1	TO033	330	1	quota	quota	_	_	_	_	_	linguistic	_	none	_	_	_	_	_	_
330-2	TO033	330	2	marocchina	marocchina	_	_	_	_	_	linguistic	_	none	_	_	_	_	_	_
330-3	TO033	330	3	[che	che	_	_	_	_	_	linguistic	_	none	_	_	_	_	_	0-3(?)
330-4	TO033	330	4	xx	xx	_	_	_	_	_	unknown	_	none	Syllables=2	_	_	_	_	0-2(?)
330-5	TO033	330	5	xxxx]	xxxx	_	_	_	_	_	unknown	_	none	Syllables=4	End=1034.307	_	_	_	0-4(?)
331-0	TO034	331	0	[ah	ah	_	_	_	_	_	linguistic	_	none	_	Begin=1033.162	_	_	_	0-2(80)
331-1	TO034	331	1	sì]?	sì	_	_	_	_	_	linguistic	_	none	Intonation=Rising	End=1033.723	_	_	_	0-2(80)
332-0	TO029	332	0	[mado:::nna],	madonna	_	_	_	_	_	linguistic	_	none	Intonation=WeaklyRising	Begin=1033.752|End=1035.251	3x3	_	_	0-7(221)
333-0	TO034	333	0	[racconta	racconta	_	_	_	_	_	linguistic	_	none	_	Begin=1033.778	_	_	_	0-8(221)
333-1	TO034	333	1	racconta]	racconta	_	_	_	_	_	linguistic	_	none	_	End=1035.252	_	_	_	0-8(221)
334-0	TO033	334	0	xxx	xxx	_	_	_	_	_	unknown	_	none	Syllables=3	Begin=1035.796	_	_	_	_
334-1	TO033	334	1	ti	ti	_	_	_	_	_	linguistic	_	none	_	_	_	_	_	_
334-2	TO033	334	2	sei	sei	_	_	_	_	_	linguistic	_	none	_	_	_	_	_	_
334-3	TO033	334	3	persa	persa	_	_	_	_	_	linguistic	_	none	_	_	_	_	_	_
334-4	TO033	334	4	delle	delle	_	_	_	_	_	linguistic	_	none	_	_	_	_	_	_
334-5	TO033	334	5	scene:::.	scene	_	_	_	_	_	linguistic	_	none	Intonation=Falling	End=1038.03	4x3	_	_	_
335-0	TO029	335	0	raccontatemi	raccontatemi	_	_	_	_	_	linguistic	_	none	_	Begin=1038.007	_	_	_	_
335-1	TO029	335	1	[tu:]tto	tutto	_	_	_	_	_	linguistic	_	none	_	End=1039.584	1x1	_	_	0-2(82)
336-0	TO033	336	0	[allora]	allora	_	_	_	_	_	linguistic	_	none	_	Begin=1038.901|End=1039.415	_	_	_	0-6(82)
337-0	TO033	337	0	a	a	_	_	_	_	_	linguistic	_	none	_	Begin=1040.214	_	_	_	_
337-1	TO033	337	1	tutti	tutti	_	_	_	_	_	linguistic	_	none	_	_	_	_	_	_
337-2	TO033	337	2	praticamente,	praticamente	_	_	_	_	_	linguistic	_	none	Intonation=WeaklyRising	End=1041.887	_	_	_	_
338-0	TO033	338	0	mancano:::	mancano	_	_	_	_	_	linguistic	_	none	_	Begin=1043.178|End=1044.333	6x3	_	_	_
339-0	TO033	339	0	a	a	_	_	_	_	_	linguistic	_	none	_	Begin=1044.813	_	_	_	_
339-1	TO033	339	1	lunedì	lunedì	_	_	_	_	_	linguistic	_	none	_	_	_	_	_	_
339-2	TO033	339	2	mancavano	mancavano	_	_	_	_	_	linguistic	_	none	_	_	_	_	_	_
339-3	TO033	339	3	due,	due	_	_	_	_	_	linguistic	_	none	Intonation=WeaklyRising	End=1046.415	_	_	_	_
340-0	TO033	340	0	o	o	_	_	_	_	_	linguistic	_	none	_	Begin=1047.011	_	_	_	_
340-1	TO033	340	1	più	più	_	_	_	_	_	linguistic	_	none	_	_	_	_	_	_
340-2	TO033	340	2	esami	esami	_	_	_	_	_	linguistic	_	none	_	_	_	_	_	_
340-3	TO033	340	3	nel	nel	_	_	_	_	_	linguistic	_	none	_	_	_	_	_	_
340-4	TO033	340	4	senso	senso	_	_	_	_	_	linguistic	_	none	_	_	_	_	_	_
340-5	TO033	340	5	che	che	_	_	_	_	_	linguistic	_	none	PauseAfter=Yes	_	_	_	_	_
340-6	TO033	340	6	(.)	(.)	_	_	_	_	_	shortpause	_	none	_	_	_	_	_	_
340-7	TO033	340	7	[quasi	quasi	_	_	_	_	_	linguistic	_	none	_	_	_	_	_	0-5(83)
340-8	TO033	340	8	a	a	_	_	_	_	_	linguistic	_	none	_	_	_	_	_	0-1(83)
340-9	TO033	340	9	tutti]	tutti	_	_	_	_	_	linguistic	_	none	_	End=1049.946	_	_	_	0-5(83)
341-0	TO034	341	0	[xxx	xxx	_	_	_	_	_	unknown	_	none	Syllables=3	Begin=1049.136	_	_	_	0-3(83)
341-1	TO034	341	1	tre]	tre	_	_	_	_	_	linguistic	_	none	_	End=1049.949	_	_	_	0-3(83)
342-0	TO033	342	0	esat[to	esatto	_	_	_	_	_	linguistic	_	none	_	Begin=1050.436	_	_	_	4-6(84)
342-1	TO033	342	1	due	due	_	_	_	_	_	linguistic	_	none	_	_	_	_	_	0-3(84)
342-2	TO033	342	2	o	o	_	_	_	_	_	linguistic	_	none	_	_	_	_	_	0-1(84)
342-3	TO033	342	3	più	più	_	_	_	_	_	linguistic	_	none	_	_	_	_	_	0-3(84)
342-4	TO033	342	4	esami],	esami	_	_	_	_	_	linguistic	_	none	Intonation=WeaklyRising	End=1051.767	_	_	_	0-5(84)
343-0	TO034	343	0	[xxx	xxx	_	_	_	_	_	unknown	_	none	Syllables=3	Begin=1050.697	_	_	_	0-3(84)
343-1	TO034	343	1	avev~	avev~	_	_	_	_	_	linguistic	_	none	Interrupted=Yes	_	_	_	_	0-5(84)
343-2	TO034	343	2	ventuno]	ventuno	_	_	_	_	_	linguistic	_	none	_	_	_	_	_	0-7(84)
343-3	TO034	343	3	[cre:::diti]	crediti	_	_	_	_	_	linguistic	_	none	_	End=1052.53	2x3	_	_	0-7(85)
344-0	TO029	344	0	[della	della	_	_	_	_	_	linguistic	_	none	_	Begin=1051.809	_	_	_	0-5(85)
344-1	TO029	344	1	sessione]?	sessione	_	_	_	_	_	linguistic	_	none	Intonation=Rising	End=1052.596	_	_	_	0-8(85)
345-0	TO033	345	0	[della	della	_	_	_	_	_	linguistic	_	none	_	Begin=1053.406	_	_	_	0-5(86)
345-1	TO033	345	1	sessione	sessione	_	_	_	_	_	linguistic	_	none	_	_	_	_	_	0-8(86)
345-2	TO033	345	2	che	che	_	_	_	_	_	linguistic	_	none	_	_	_	_	_	0-3(86)
345-3	TO033	345	3	finisce]	finisce	_	_	_	_	_	linguistic	_	none	_	_	_	_	_	0-7(86)
345-4	TO033	345	4	venerdì	venerdì	_	_	_	_	_	linguistic	_	none	_	_	_	_	_	_
345-5	TO033	345	5	prossimo	prossimo	_	_	_	_	_	linguistic	_	none	_	_	_	_	_	_
345-6	TO033	345	6	finisce	finisce	_	_	_	_	_	linguistic	_	none	_	_	_	_	_	_
345-7	TO033	345	7	non~	non~	_	_	_	_	_	linguistic	_	none	Interrupted=Yes	End=1056.678	_	_	_	_
346-0	TO029	346	0	[della	della	_	_	_	_	_	linguistic	_	none	_	Begin=1053.419	_	_	_	0-5(86)
346-1	TO029	346	1	sessione?	sessione	_	_	_	_	_	linguistic	_	none	Intonation=Rising	_	_	_	_	0-8(86)
346-2	TO029	346	2	che	che	_	_	_	_	_	linguistic	_	none	_	_	_	_	_	0-3(86)
346-3	TO029	346	3	è	è	_	_	_	_	_	linguistic	_	none	_	_	_	_	_	0-1(86)
346-4	TO029	346	4	finita]	finita	_	_	_	_	_	linguistic	_	none	_	End=1055.012	_	_	_	0-6(86)
347-0	TO034	347	0	dell'	dell'	_	_	_	_	_	linguistic	_	none	SpaceAfter=No	Begin=1056.676	_	_	_	_
347-1	TO034	347	1	ann~	ann~	_	_	_	_	_	linguistic	_	none	Interrupted=Yes	_	_	_	_	_
347-2	TO034	347	2	[cioè	cioè	_	_	_	_	_	linguistic	_	none	_	_	_	_	_	0-4(88)
347-3	TO034	347	3	dell'	dell'	_	_	_	_	_	linguistic	_	none	SpaceAfter=No	_	_	_	_	0-5(88)
347-4	TO034	347	4	anno]	anno	_	_	_	_	_	linguistic	_	none	_	End=1058.48	_	_	_	0-3(88)
348-0	TO029	348	0	[e	e	_	_	_	_	_	linguistic	_	none	_	Begin=1057.297	_	_	_	0-1(88)
348-1	TO029	348	1	quelli	quelli	_	_	_	_	_	linguistic	_	none	_	_	_	_	_	0-6(88)
348-2	TO029	348	2	come	come	_	_	_	_	_	linguistic	_	none	_	_	_	_	_	0-4(88)
348-3	TO029	348	3	fanno	fanno	_	_	_	_	_	linguistic	_	none	_	_	_	_	_	0-5(88)
348-4	TO029	348	4	a	a	_	_	_	_	_	linguistic	_	none	_	_	_	_	_	0-1(88)
348-5	TO029	348	5	recuperarli]?	recuperarli	_	_	_	_	_	linguistic	_	none	Intonation=Rising	End=1058.487	_	_	_	0-11(88)
349-0	TO033	349	0	aspetta	aspetta	_	_	_	_	_	linguistic	_	none	_	Begin=1058.711	_	_	_	_
349-1	TO033	349	1	aspetta	aspetta	_	_	_	_	_	linguistic	_	none	_	_	_	_	_	_
349-2	TO033	349	2	tra	tra	_	_	_	_	_	linguistic	_	none	_	_	_	_	_	_
349-3	TO033	349	3	cui,	cui	_	_	_	_	_	linguistic	_	none	Intonation=WeaklyRising	End=1060.037	_	_	_	_
350-0	TO033	350	0	a	a	_	_	_	_	_	linguistic	_	none	_	Begin=1060.593	_	_	_	_
350-1	TO033	350	1	molti	molti	_	_	_	_	_	linguistic	_	none	_	_	_	_	_	_
350-2	TO033	350	2	di	di	_	_	_	_	_	linguistic	_	none	_	_	_	_	_	_
350-3	TO033	350	3	loro	loro	_	_	_	_	_	linguistic	_	none	_	_	_	_	_	_
350-4	TO033	350	4	cosa	cosa	_	_	_	_	_	linguistic	_	none	_	_	_	_	_	_
350-5	TO033	350	5	manca?	manca	_	_	_	_	_	linguistic	_	none	Intonation=Rising	_	_	_	_	_
350-6	TO033	350	6	la	la	_	_	_	_	_	linguistic	_	none	_	_	_	_	_	_
350-7	TO033	350	7	relazione	relazione	_	_	_	_	_	linguistic	_	none	_	_	_	_	_	_
350-8	TO033	350	8	della	della	_	_	_	_	_	linguistic	_	none	_	_	_	_	_	_
350-9	TO033	350	9	rossi	rossi	_	_	_	_	_	linguistic	_	none	_	_	_	_	_	_
350-10	TO033	350	10	che	che	_	_	_	_	_	linguistic	_	none	_	_	_	_	_	_
350-11	TO033	350	11	è	è	_	_	_	_	_	linguistic	_	none	_	_	_	_	_	_
350-12	TO033	350	12	una	una	_	_	_	_	_	linguistic	_	none	_	_	_	_	_	_
350-13	TO033	350	13	relazione	relazione	_	_	_	_	_	linguistic	_	none	_	_	_	_	_	_
350-14	TO033	350	14	che	che	_	_	_	_	_	linguistic	_	none	_	_	_	_	_	_
350-15	TO033	350	15	tu	tu	_	_	_	_	_	linguistic	_	none	_	_	_	_	_	_
350-16	TO033	350	16	puoi	puoi	_	_	_	_	_	linguistic	_	none	_	_	_	_	_	_
350-17	TO033	350	17	fare	fare	_	_	_	_	_	linguistic	_	none	_	_	_	_	_	_
350-18	TO033	350	18	in	in	_	_	_	_	_	linguistic	_	none	_	_	_	_	_	_
350-19	TO033	350	19	<francese>	francese	_	_	_	_	_	linguistic	_	none	_	End=1065.999	_	Slow=0-8(0)	_	_
351-0	TO033	351	0	cioè	cioè	_	_	_	_	_	linguistic	_	none	_	Begin=1067.107	_	_	_	_
351-1	TO033	351	1	che	che	_	_	_	_	_	linguistic	_	none	_	_	_	_	_	_
351-2	TO033	351	2	è	è	_	_	_	_	_	linguistic	_	none	_	_	_	_	_	_
351-3	TO033	351	3	la	la	_	_	_	_	_	linguistic	_	none	_	_	_	_	_	_
351-4	TO033	351	4	stessa	stessa	_	_	_	_	_	linguistic	_	none	_	_	_	_	_	_
351-5	TO033	351	5	cosa	cosa	_	_	_	_	_	linguistic	_	none	_	_	_	_	_	_
351-6	TO033	351	6	che	che	_	_	_	_	_	linguistic	_	none	_	_	_	_	_	_
351-7	TO033	351	7	abbiamo	abbiamo	_	_	_	_	_	linguistic	_	none	_	_	_	_	_	_
351-8	TO033	351	8	[scritto	scritto	_	_	_	_	_	linguistic	_	none	_	_	_	_	_	0-7(89)
351-9	TO033	351	9	per	per	_	_	_	_	_	linguistic	_	none	_	_	_	_	_	0-3(89)
351-10	TO033	351	10	xxx]	xxx	_	_	_	_	_	unknown	_	none	Syllables=3	_	_	_	_	0-3(89)
351-11	TO033	351	11	praticamente	praticamente	_	_	_	_	_	linguistic	_	none	_	End=1071.155	_	_	_	_
352-0	TO034	352	0	[in	in	_	_	_	_	_	linguistic	_	none	_	Begin=1068.911	_	_	_	0-2(89)
352-1	TO034	352	1	quattro	quattro	_	_	_	_	_	linguistic	_	none	_	_	_	_	_	0-7(89)
352-2	TO034	352	2	pa::gine],	pagine	_	_	_	_	_	linguistic	_	none	Intonation=WeaklyRising	End=1070.222	1x2	_	_	0-6(89)
353-0	TO029	353	0	ma	ma	_	_	_	_	_	linguistic	_	none	_	Begin=1071.159	_	_	_	_
353-1	TO029	353	1	non	non	_	_	_	_	_	linguistic	_	none	_	_	_	_	_	_
353-2	TO029	353	2	dicono	dicono	_	_	_	_	_	linguistic	_	none	_	_	_	_	_	_
353-3	TO029	353	3	niente?	niente	_	_	_	_	_	linguistic	_	none	Intonation=Rising	End=1072.084	_	_	_	_
354-0	TO033	354	0	no	no	_	_	_	_	_	linguistic	_	none	_	Begin=1072.117	_	_	_	_
354-1	TO033	354	1	no	no	_	_	_	_	_	linguistic	_	none	_	_	_	_	_	_
354-2	TO033	354	2	aspetta	aspetta	_	_	_	_	_	linguistic	_	none	PauseAfter=Yes	_	_	_	_	_
354-3	TO033	354	3	(.)	(.)	_	_	_	_	_	shortpause	_	none	_	_	_	_	_	_
354-4	TO033	354	4	al	al	_	_	_	_	_	linguistic	_	none	_	_	_	_	_	_
354-5	TO033	354	5	che	che	_	_	_	_	_	linguistic	_	none	_	End=1073.637	_	_	_	_
355-0	TO033	355	0	lunedì	lunedì	_	_	_	_	_	linguistic	_	none	_	Begin=1074.212	_	_	_	_
355-1	TO033	355	1	facciamo	facciamo	_	_	_	_	_	linguistic	_	none	_	_	_	_	_	_
355-2	TO033	355	2	tutto	tutto	_	_	_	_	_	linguistic	_	none	_	_	_	_	_	_
355-3	TO033	355	3	il	il	_	_	_	_	_	linguistic	_	none	_	_	_	_	_	_
355-4	TO033	355	4	[giro],	giro	_	_	_	_	_	linguistic	_	none	Intonation=WeaklyRising	End=1076.072	_	_	_	0-4(90)
356-0	TO029	356	0	[io	io	_	_	_	_	_	linguistic	_	none	_	Begin=1075.423	_	_	_	0-2(90)
356-1	TO029	356	1	ero	ero	_	_	_	_	_	linguistic	_	none	_	_	_	_	_	0-3(90)
356-2	TO029	356	2	riuscita	riuscita	_	_	_	_	_	linguistic	_	none	_	_	_	_	_	0-8(90)
356-3	TO029	356	3	a]	a	_	_	_	_	_	linguistic	_	none	_	_	_	_	_	0-1(90)
356-4	TO029	356	4	prendere	prendere	_	_	_	_	_	linguistic	_	none	_	_	_	_	_	_
356-5	TO029	356	5	tredici	tredici	_	_	_	_	_	linguistic	_	none	_	_	_	_	_	_
356-6	TO029	356	6	forse	forse	_	_	_	_	_	linguistic	_	none	_	_	_	_	_	_
356-7	TO029	356	7	con	con	_	_	_	_	_	linguistic	_	none	_	_	_	_	_	_
356-8	TO029	356	8	xx	xx	_	_	_	_	_	unknown	_	none	Syllables=2	End=1078.269	_	_	_	_
357-0	TO033	357	0	facciamo:::	facciamo	_	_	_	_	_	linguistic	_	none	_	Begin=1078.36	7x3	_	_	_
357-1	TO033	357	1	abbiam	abbiam	_	_	_	_	_	linguistic	_	none	_	_	_	_	_	_
357-2	TO033	357	2	fatto	fatto	_	_	_	_	_	linguistic	_	none	_	_	_	_	_	_
357-3	TO033	357	3	tutto	tutto	_	_	_	_	_	linguistic	_	none	_	_	_	_	_	_
357-4	TO033	357	4	il	il	_	_	_	_	_	linguistic	_	none	_	_	_	_	_	_
357-5	TO033	357	5	giro	giro	_	_	_	_	_	linguistic	_	none	_	End=1080.93	_	_	_	_
358-0	TO033	358	0	di:::	di	_	_	_	_	_	linguistic	_	none	_	Begin=1081.769|End=1082.904	1x3	_	_	_
359-0	TO033	359	0	quanti	quanti	_	_	_	_	_	linguistic	_	none	_	Begin=1083.686	_	_	_	_
359-1	TO033	359	1	a	a	_	_	_	_	_	linguistic	_	none	_	_	_	_	_	_
359-2	TO033	359	2	che	che	_	_	_	_	_	linguistic	_	none	_	_	_	_	_	_
359-3	TO033	359	3	punto	punto	_	_	_	_	_	linguistic	_	none	_	_	_	_	_	_
359-4	TO033	359	4	siamo	siamo	_	_	_	_	_	linguistic	_	none	_	_	_	_	_	_
359-5	TO033	359	5	[xxx]	xxx	_	_	_	_	_	unknown	_	none	Syllables=3	_	_	_	_	0-3(91)
359-6	TO033	359	6	quindi	quindi	_	_	_	_	_	linguistic	_	none	_	_	_	_	_	_
359-7	TO033	359	7	tutti	tutti	_	_	_	_	_	linguistic	_	none	_	_	_	_	_	_
359-8	TO033	359	8	no?	no	_	_	_	_	_	linguistic	_	none	Intonation=Rising	End=1087.092	_	_	_	_
360-0	TO029	360	0	[xxx]	xxx	_	_	_	_	_	unknown	_	none	Syllables=3	Begin=1085.04|End=1086.178	_	_	_	0-3(91)
361-0	TO033	361	0	e	e	_	_	_	_	_	linguistic	_	none	_	Begin=1087.428	_	_	_	_
361-1	TO033	361	1	tutti	tutti	_	_	_	_	_	linguistic	_	none	_	_	_	_	_	_
361-2	TO033	361	2	devono	devono	_	_	_	_	_	linguistic	_	none	_	_	_	_	_	_
361-3	TO033	361	3	dare	dare	_	_	_	_	_	linguistic	_	none	_	_	_	_	_	_
361-4	TO033	361	4	cosa?	cosa	_	_	_	_	_	linguistic	_	none	Intonation=Rising	_	_	_	_	_
361-5	TO033	361	5	antropologia	antropologia	_	_	_	_	_	linguistic	_	none	_	_	_	_	_	_
361-6	TO033	361	6	del	del	_	_	_	_	_	linguistic	_	none	_	_	_	_	_	_
361-7	TO033	361	7	mediterraneo	mediterraneo	_	_	_	_	_	linguistic	_	none	_	_	_	_	_	_
361-8	TO033	361	8	da	da	_	_	_	_	_	linguistic	_	none	_	_	_	_	_	_
361-9	TO033	361	9	non	non	_	_	_	_	_	linguistic	_	none	_	_	_	_	_	_
361-10	TO033	361	10	frequentante,	frequentante	_	_	_	_	_	linguistic	_	none	Intonation=WeaklyRising	_	_	_	_	_
361-11	TO033	361	11	che	che	_	_	_	_	_	linguistic	_	none	_	_	_	_	_	_
361-12	TO033	361	12	sono	sono	_	_	_	_	_	linguistic	_	none	_	_	_	_	_	_
361-13	TO033	361	13	tipo::	tipo	_	_	_	_	_	linguistic	_	none	_	End=1092.572	3x2	_	_	_
362-0	TO029	362	0	sono	sono	_	_	_	_	_	linguistic	_	none	_	Begin=1093.917	_	_	_	_
362-1	TO029	362	1	[quattro	quattro	_	_	_	_	_	linguistic	_	none	_	_	_	_	_	0-7(92)
362-2	TO029	362	2	libri]	libri	_	_	_	_	_	linguistic	_	none	_	End=1095.026	_	_	_	0-5(92)
363-0	TO034	363	0	[sono	sono	_	_	_	_	_	linguistic	_	none	_	Begin=1094.075	_	_	_	0-4(92)
363-1	TO034	363	1	un	un	_	_	_	_	_	linguistic	_	none	_	_	_	_	_	0-2(92)
363-2	TO034	363	2	sacco	sacco	_	_	_	_	_	linguistic	_	none	_	_	_	_	_	0-5(92)
363-3	TO034	363	3	di	di	_	_	_	_	_	linguistic	_	none	_	_	_	_	_	0-2(92)
363-4	TO034	363	4	libri]	libri	_	_	_	_	_	linguistic	_	none	_	End=1095.025	_	_	_	0-5(92)
364-0	TO029	364	0	perché	perché	_	_	_	_	_	linguistic	_	none	_	Begin=1095.381	_	_	_	_
364-1	TO029	364	1	non	non	_	_	_	_	_	linguistic	_	none	_	_	_	_	_	_
364-2	TO029	364	2	hanno	hanno	_	_	_	_	_	linguistic	_	none	_	_	_	_	_	_
364-3	TO029	364	3	[frequentato]?	frequentato	_	_	_	_	_	linguistic	_	none	Intonation=Rising	End=1096.629	_	_	_	0-11(93)
365-0	TO033	365	0	[tra	tra	_	_	_	_	_	linguistic	_	none	_	Begin=1096.24	_	_	_	0-3(93)
365-1	TO033	365	1	cui]	cui	_	_	_	_	_	linguistic	_	none	_	_	_	_	_	0-3(93)
365-2	TO033	365	2	il	il	_	_	_	_	_	linguistic	_	none	_	_	_	_	_	_
365-3	TO033	365	3	manuale	manuale	_	_	_	_	_	linguistic	_	none	_	End=1097.074	_	_	_	_
366-0	TO034	366	0	fi[gurati	figurati	_	_	_	_	_	linguistic	_	none	_	Begin=1097.507	_	_	_	2-8(95)
366-1	TO034	366	1	non	non	_	_	_	_	_	linguistic	_	none	_	_	_	_	_	0-3(95)
366-2	TO034	366	2	so]no	sono	_	_	_	_	_	linguistic	_	none	_	_	_	_	_	0-2(95)
366-3	TO034	366	3	mai	mai	_	_	_	_	_	linguistic	_	none	_	_	_	_	_	_
366-4	TO034	366	4	andati	andati	_	_	_	_	_	linguistic	_	none	_	_	_	_	_	_
366-5	TO034	366	5	a	a	_	_	_	_	_	linguistic	_	none	_	_	_	_	_	_
366-6	TO034	366	6	[lezione]	lezione	_	_	_	_	_	linguistic	_	none	_	End=1099.353	_	_	_	0-7(94)
367-0	TO033	367	0	[perché]	perché	_	_	_	_	_	linguistic	_	none	_	Begin=1097.584|End=1098.08	_	_	_	0-6(95)
368-0	TO033	368	0	[no	no	_	_	_	_	_	linguistic	_	none	_	Begin=1098.848	_	_	_	0-2(94)
368-1	TO033	368	1	perché]	perché	_	_	_	_	_	linguistic	_	none	_	_	_	_	_	0-6(94)
368-2	TO033	368	2	perché	perché	_	_	_	_	_	linguistic	_	none	_	_	_	_	_	_
368-3	TO033	368	3	loro	loro	_	_	_	_	_	linguistic	_	none	_	_	_	_	_	_
368-4	TO033	368	4	dicono	dicono	_	_	_	_	_	linguistic	_	none	_	_	_	_	_	_
368-5	TO033	368	5	che	che	_	_	_	_	_	linguistic	_	none	_	_	_	_	_	_
368-6	TO033	368	6	avevano	avevano	_	_	_	_	_	linguistic	_	none	_	_	_	_	_	_
368-7	TO033	368	7	un	un	_	_	_	_	_	linguistic	_	none	_	_	_	_	_	_
368-8	TO033	368	8	altro	altro	_	_	_	_	_	linguistic	_	none	_	_	_	_	_	_
368-9	TO033	368	9	corso::::	corso	_	_	_	_	_	linguistic	_	none	_	_	4x4	_	_	_
368-10	TO033	368	10	sopra	sopra	_	_	_	_	_	linguistic	_	none	_	_	_	_	_	_
368-11	TO033	368	11	[xxx]	xxx	_	_	_	_	_	unknown	_	none	Syllables=3	End=1102.762	_	_	_	0-3(96)
369-0	TO034	369	0	[sì]	sì	_	_	_	_	_	linguistic	_	none	_	Begin=1102.335	_	_	_	0-2(96)
369-1	TO034	369	1	perché	perché	_	_	_	_	_	linguistic	_	none	_	_	_	_	_	_
369-2	TO034	369	2	gli	gli	_	_	_	_	_	linguistic	_	none	_	_	_	_	_	_
369-3	TO034	369	3	altri?	altri	_	_	_	_	_	linguistic	_	none	Intonation=Rising	End=1103.22	_	_	_	_
370-0	TO034	370	0	l'	l'	_	_	_	_	_	linguistic	_	none	SpaceAfter=No	Begin=1103.849	_	_	_	_
370-1	TO034	370	1	[hanno	hanno	_	_	_	_	_	linguistic	_	none	_	_	_	_	_	0-5(97)
370-2	TO034	370	2	frequentato]?	frequentato	_	_	_	_	_	linguistic	_	none	Intonation=Rising	_	_	_	_	0-11(97)
370-3	TO034	370	3	ah	ah	_	_	_	_	_	linguistic	_	none	_	_	_	_	_	_
370-4	TO034	370	4	allora	allora	_	_	_	_	_	linguistic	_	none	_	End=1105.223	_	_	_	_
371-0	TO033	371	0	[e:::h	eh	_	_	_	_	_	linguistic	_	none	_	Begin=1103.955	0x3	_	_	0-2(97)
371-1	TO033	371	1	no]	no	_	_	_	_	_	linguistic	_	none	_	End=1104.597	_	_	_	0-2(97)
372-0	TO033	372	0	e:::h	eh	_	_	_	_	_	linguistic	_	none	_	Begin=1105.978	0x3	_	_	_
372-1	TO033	372	1	al	al	_	_	_	_	_	linguistic	_	none	_	_	_	_	_	_
372-2	TO033	372	2	che,	che	_	_	_	_	_	linguistic	_	none	Intonation=WeaklyRising	End=1107.048	_	_	_	_
373-0	TO033	373	0	e:::h	eh	_	_	_	_	_	linguistic	_	none	_	Begin=1107.84|End=1108.598	0x3	_	_	_
374-0	TO033	374	0	no	no	_	_	_	_	_	linguistic	_	none	_	Begin=1108.954	_	_	_	_
374-1	TO033	374	1	ma	ma	_	_	_	_	_	linguistic	_	none	_	_	_	_	_	_
374-2	TO033	374	2	poi	poi	_	_	_	_	_	linguistic	_	none	_	_	_	_	_	_
374-3	TO033	374	3	nota	nota	_	_	_	_	_	linguistic	_	none	_	_	_	_	_	_
374-4	TO033	374	4	bene	bene	_	_	_	_	_	linguistic	_	none	_	_	_	_	_	_
374-5	TO033	374	5	tipo	tipo	_	_	_	_	_	linguistic	_	none	_	_	_	_	_	_
374-6	TO033	374	6	le	le	_	_	_	_	_	linguistic	_	none	_	_	_	_	_	_
374-7	TO033	374	7	ultime	ultime	_	_	_	_	_	linguistic	_	none	_	_	_	_	_	_
374-8	TO033	374	8	lezioni	lezioni	_	_	_	_	_	linguistic	_	none	_	_	_	_	_	_
374-9	TO033	374	9	di	di	_	_	_	_	_	linguistic	_	none	_	_	_	_	_	_
374-10	TO033	374	10	antropologia	antropologia	_	_	_	_	_	linguistic	_	none	_	_	_	_	_	_
374-11	TO033	374	11	in	in	_	_	_	_	_	linguistic	_	none	_	_	_	_	_	_
374-12	TO033	374	12	cui	cui	_	_	_	_	_	linguistic	_	none	_	_	_	_	_	_
374-13	TO033	374	13	loro	loro	_	_	_	_	_	linguistic	_	none	_	_	_	_	_	_
374-14	TO033	374	14	potevano	potevano	_	_	_	_	_	linguistic	_	none	_	_	_	_	_	_
374-15	TO033	374	15	venire,	venire	_	_	_	_	_	linguistic	_	none	Intonation=WeaklyRising	_	_	_	_	_
374-16	TO033	374	16	passavano	passavano	_	_	_	_	_	linguistic	_	none	_	_	_	_	_	_
374-17	TO033	374	17	il	il	_	_	_	_	_	linguistic	_	none	_	_	_	_	_	_
374-18	TO033	374	18	tempo	tempo	_	_	_	_	_	linguistic	_	none	_	_	_	_	_	_
374-19	TO033	374	19	a	a	_	_	_	_	_	linguistic	_	none	_	_	_	_	_	_
374-20	TO033	374	20	sfotterci	sfotterci	_	_	_	_	_	linguistic	_	none	_	_	_	_	_	_
374-21	TO033	374	21	come	come	_	_	_	_	_	linguistic	_	none	_	_	_	_	_	_
374-22	TO033	374	22	quando	quando	_	_	_	_	_	linguistic	_	none	_	_	_	_	_	_
374-23	TO033	374	23	noi	noi	_	_	_	_	_	linguistic	_	none	_	_	_	_	_	_
374-24	TO033	374	24	facevamo	facevamo	_	_	_	_	_	linguistic	_	none	_	_	_	_	_	_
374-25	TO033	374	25	la	la	_	_	_	_	_	linguistic	_	none	_	_	_	_	_	_
374-26	TO033	374	26	presentazione	presentazione	_	_	_	_	_	linguistic	_	none	_	_	_	_	_	_
374-27	TO033	374	27	loro	loro	_	_	_	_	_	linguistic	_	none	_	_	_	_	_	_
374-28	TO033	374	28	ci	ci	_	_	_	_	_	linguistic	_	none	_	_	_	_	_	_
374-29	TO033	374	29	sfottevano	sfottevano	_	_	_	_	_	linguistic	_	none	_	_	_	_	_	_
374-30	TO033	374	30	dai	dai	_	_	_	_	_	linguistic	_	none	_	_	_	_	_	_
374-31	TO033	374	31	banchi	banchi	_	_	_	_	_	linguistic	_	none	_	_	_	_	_	_
374-32	TO033	374	32	xxxx	xxxx	_	_	_	_	_	unknown	_	none	Syllables=4	_	_	_	_	_
374-33	TO033	374	33	hai	hai	_	_	_	_	_	linguistic	_	none	_	_	_	_	_	_
374-34	TO033	374	34	capito?	capito	_	_	_	_	_	linguistic	_	none	Intonation=Rising	End=1119.599	_	_	_	_
375-0	TO033	375	0	cioè	cioè	_	_	_	_	_	linguistic	_	none	_	Begin=1120.324	_	_	_	_
375-1	TO033	375	1	che	che	_	_	_	_	_	linguistic	_	none	_	_	_	_	_	_
375-2	TO033	375	2	gliulia	gliulia	_	_	_	_	_	linguistic	_	none	_	_	_	_	_	_
375-3	TO033	375	3	blu	blu	_	_	_	_	_	linguistic	_	none	_	_	_	_	_	_
375-4	TO033	375	4	si	si	_	_	_	_	_	linguistic	_	none	_	_	_	_	_	_
375-5	TO033	375	5	è	è	_	_	_	_	_	linguistic	_	none	_	_	_	_	_	_
375-6	TO033	375	6	incazzata	incazzata	_	_	_	_	_	linguistic	_	none	_	_	_	_	_	_
375-7	TO033	375	7	e	e	_	_	_	_	_	linguistic	_	none	_	_	_	_	_	_
375-8	TO033	375	8	dico	dico	_	_	_	_	_	linguistic	_	none	_	_	_	_	_	_
375-9	TO033	375	9	se	se	_	_	_	_	_	linguistic	_	none	_	_	_	_	_	_
375-10	TO033	375	10	si	si	_	_	_	_	_	linguistic	_	none	_	_	_	_	_	_
375-11	TO033	375	11	incazza	incazza	_	_	_	_	_	linguistic	_	none	_	_	_	_	_	_
375-12	TO033	375	12	giulia	giulia	_	_	_	_	_	linguistic	_	none	PauseAfter=Yes	_	_	_	_	_
375-13	TO033	375	13	(.)	(.)	_	_	_	_	_	shortpause	_	none	_	_	_	_	_	_
375-14	TO033	375	14	e::h	eh	_	_	_	_	_	linguistic	_	none	_	_	0x2	_	_	_
375-15	TO033	375	15	no?	no	_	_	_	_	_	linguistic	_	none	Intonation=Rising	End=1125.025	_	_	_	_
376-0	TO034	376	0	carina	carina	_	_	_	_	_	linguistic	_	none	_	Begin=1125.025|End=1125.604	_	_	_	_
377-0	TO029	377	0	ma	ma	_	_	_	_	_	linguistic	_	none	_	Begin=1126.412	_	_	_	_
377-1	TO029	377	1	scusa	scusa	_	_	_	_	_	linguistic	_	none	_	_	_	_	_	_
377-2	TO029	377	2	ma	ma	_	_	_	_	_	linguistic	_	none	_	_	_	_	_	_
377-3	TO029	377	3	come	come	_	_	_	_	_	linguistic	_	none	_	_	_	_	_	_
377-4	TO029	377	4	fanno	fanno	_	_	_	_	_	linguistic	_	none	_	_	_	_	_	_
377-5	TO029	377	5	a	a	_	_	_	_	_	linguistic	_	none	_	_	_	_	_	_
377-6	TO029	377	6	recuperare	recuperare	_	_	_	_	_	linguistic	_	none	_	_	_	_	_	_
377-7	TO029	377	7	gli	gli	_	_	_	_	_	linguistic	_	none	_	_	_	_	_	_
377-8	TO029	377	8	[esami	esami	_	_	_	_	_	linguistic	_	none	_	_	_	_	_	0-5(98)
377-9	TO029	377	9	loro]	loro	_	_	_	_	_	linguistic	_	none	_	End=1128.522	_	_	_	0-4(98)
378-0	TO033	378	0	[no	no	_	_	_	_	_	linguistic	_	none	_	Begin=1127.935	_	_	_	0-2(98)
378-1	TO033	378	1	no	no	_	_	_	_	_	linguistic	_	none	_	_	_	_	_	0-2(98)
378-2	TO033	378	2	aspe]tta	aspetta	_	_	_	_	_	linguistic	_	none	_	_	_	_	_	0-4(98)
378-3	TO033	378	3	[aspetta	aspetta	_	_	_	_	_	linguistic	_	none	_	_	_	_	_	0-7(222)
378-4	TO033	378	4	no	no	_	_	_	_	_	linguistic	_	none	_	_	_	_	_	0-2(222)
378-5	TO033	378	5	no	no	_	_	_	_	_	linguistic	_	none	_	_	_	_	_	0-2(222)
378-6	TO033	378	6	no	no	_	_	_	_	_	linguistic	_	none	_	_	_	_	_	0-2(222)
378-7	TO033	378	7	aspetta]	aspetta	_	_	_	_	_	linguistic	_	none	_	End=1129.754	_	_	_	0-7(222)
379-0	TO034	379	0	[aspe::tta	aspetta	_	_	_	_	_	linguistic	_	none	_	Begin=1128.581	3x2	_	_	0-7(?)
379-1	TO034	379	1	il]	il	_	_	_	_	_	linguistic	_	none	_	_	_	_	_	0-2(?)
379-2	TO034	379	2	[bello	bello	_	_	_	_	_	linguistic	_	none	_	_	_	_	_	0-5(?)
379-3	TO034	379	3	deve	deve	_	_	_	_	_	linguistic	_	none	_	_	_	_	_	0-4(?)
379-4	TO034	379	4	ancora	ancora	_	_	_	_	_	linguistic	_	none	_	_	_	_	_	0-6(?)
379-5	TO034	379	5	arriva]re::	arrivare	_	_	_	_	_	linguistic	_	none	_	End=1131.357	7x2	_	_	0-6(?)
380-0	TO029	380	0	[ah	ah	_	_	_	_	_	linguistic	_	none	_	Begin=1129.599	_	_	_	0-2(222)
380-1	TO029	380	1	beh	beh	_	_	_	_	_	linguistic	_	none	_	_	_	_	_	0-3(222)
380-2	TO029	380	2	bastava	bastava	_	_	_	_	_	linguistic	_	none	_	_	_	_	_	0-7(222)
380-3	TO029	380	3	così]?	così	_	_	_	_	_	linguistic	_	none	Intonation=Rising	End=1130.77	_	_	_	0-4(222)
381-0	TO029	381	0	facciamo	facciamo	_	_	_	_	_	linguistic	_	none	_	Begin=1131.481	_	_	_	_
381-1	TO029	381	1	appello	appello	_	_	_	_	_	linguistic	_	none	_	_	_	_	_	_
381-2	TO029	381	2	strao[rdinario]?	straordinario	_	_	_	_	_	linguistic	_	none	Intonation=Rising	End=1132.818	_	_	_	5-13(99)
382-0	TO033	382	0	[allora]~	allora~	_	_	_	_	_	linguistic	_	none	Interrupted=Yes	Begin=1132.392	_	_	_	0-6(99)
382-1	TO033	382	1	no	no	_	_	_	_	_	linguistic	_	none	_	_	_	_	_	_
382-2	TO033	382	2	xxx	xxx	_	_	_	_	_	unknown	_	none	Syllables=3	End=1133.986	_	_	_	_
383-0	TO034	383	0	e::h	eh	_	_	_	_	_	linguistic	_	none	_	Begin=1133.961	0x2	_	_	_
383-1	TO034	383	1	straordinario	straordinario	_	_	_	_	_	linguistic	_	none	_	End=1135.363	_	_	_	_
384-0	TO033	384	0	tipo	tipo	_	_	_	_	_	linguistic	_	none	_	Begin=1135.739	_	_	_	_
384-1	TO033	384	1	mohammed	mohammed	_	_	_	_	_	linguistic	_	none	_	_	_	_	_	_
384-2	TO033	384	2	che	che	_	_	_	_	_	linguistic	_	none	_	_	_	_	_	_
384-3	TO033	384	3	anche	anche	_	_	_	_	_	linguistic	_	none	_	_	_	_	_	_
384-4	TO033	384	4	lui	lui	_	_	_	_	_	linguistic	_	none	_	_	_	_	_	_
384-5	TO033	384	5	doveva	doveva	_	_	_	_	_	linguistic	_	none	_	_	_	_	_	_
384-6	TO033	384	6	dare	dare	_	_	_	_	_	linguistic	_	none	_	_	_	_	_	_
384-7	TO033	384	7	[quattro	quattro	_	_	_	_	_	linguistic	_	none	_	_	_	_	_	0-7(?)
384-8	TO033	384	8	esami	esami	_	_	_	_	_	linguistic	_	none	_	_	_	_	_	0-5(?)
384-9	TO033	384	9	xxx	xxx	_	_	_	_	_	unknown	_	none	Syllables=3	_	_	_	_	0-3(?)
384-10	TO033	384	10	sessione],	sessione	_	_	_	_	_	linguistic	_	none	Intonation=WeaklyRising	End=1140.446	_	_	_	0-8(?)
385-0	TO034	385	0	[quattro	quattro	_	_	_	_	_	linguistic	_	none	_	Begin=1137.729	_	_	_	0-7(101)
385-1	TO034	385	1	esami]	esami	_	_	_	_	_	linguistic	_	none	_	End=1138.974	_	_	_	0-5(101)
386-0	TO034	386	0	[mh	mh	_	_	_	_	_	linguistic	_	none	_	Begin=1139.081	_	_	_	0-2(102)
386-1	TO034	386	1	io	io	_	_	_	_	_	linguistic	_	none	_	_	_	_	_	0-2(102)
386-2	TO034	386	2	ho	ho	_	_	_	_	_	linguistic	_	none	_	_	_	_	_	0-2(102)
386-3	TO034	386	3	beccato	beccato	_	_	_	_	_	linguistic	_	none	_	_	_	_	_	0-7(102)
386-4	TO034	386	4	a	a	_	_	_	_	_	linguistic	_	none	_	_	_	_	_	0-1(102)
386-5	TO034	386	5	gennaio]	gennaio	_	_	_	_	_	linguistic	_	none	_	_	_	_	_	0-7(102)
386-6	TO034	386	6	la	la	_	_	_	_	_	linguistic	_	none	_	_	_	_	_	_
386-7	TO034	386	7	marroni	marroni	_	_	_	_	_	linguistic	_	none	_	_	_	_	_	_
386-8	TO034	386	8	in	in	_	_	_	_	_	linguistic	_	none	_	_	_	_	_	_
386-9	TO034	386	9	ansia	ansia	_	_	_	_	_	linguistic	_	none	_	_	_	_	_	_
386-10	TO034	386	10	dicendo	dicendo	_	_	_	_	_	linguistic	_	none	_	_	_	_	_	_
386-11	TO034	386	11	a	a	_	_	_	_	_	linguistic	_	none	_	_	_	_	_	_
386-12	TO034	386	12	moh~	moh~	_	_	_	_	_	linguistic	_	none	Interrupted=Yes	_	_	_	_	_
386-13	TO034	386	13	a	a	_	_	_	_	_	linguistic	_	none	_	_	_	_	_	_
386-14	TO034	386	14	mohammed	mohammed	_	_	_	_	_	linguistic	_	none	_	_	_	_	_	_
386-15	TO034	386	15	mancano	mancano	_	_	_	_	_	linguistic	_	none	_	_	_	_	_	_
386-16	TO034	386	16	quattro	quattro	_	_	_	_	_	linguistic	_	none	_	_	_	_	_	_
386-17	TO034	386	17	esami,	esami	_	_	_	_	_	linguistic	_	none	Intonation=WeaklyRising	End=1144.006	_	_	_	_
387-0	TO034	387	0	mh	mh	_	_	_	_	_	linguistic	_	none	_	Begin=1144.725	_	_	_	_
387-1	TO034	387	1	cioè	cioè	_	_	_	_	_	linguistic	_	none	_	_	_	_	_	_
387-2	TO034	387	2	come	come	_	_	_	_	_	linguistic	_	none	_	_	_	_	_	_
387-3	TO034	387	3	faccia	faccia	_	_	_	_	_	linguistic	_	none	ProsodicLink=Yes	_	_	_	_	_
387-4	TO034	387	4	e::::h	eh	_	_	_	_	_	linguistic	_	none	_	End=1146.922	0x4	_	_	_
388-0	TO029	388	0	come	come	_	_	_	_	_	linguistic	_	none	_	Begin=1146.922	_	_	_	_
388-1	TO029	388	1	facci[amo]?	facciamo	_	_	_	_	_	linguistic	_	none	Intonation=Rising	End=1147.544	_	_	_	5-8(103)
389-0	TO033	389	0	[min]chia	minchia	_	_	_	_	_	linguistic	_	none	_	Begin=1147.296	_	_	_	0-3(103)
389-1	TO033	389	1	ma	ma	_	_	_	_	_	linguistic	_	none	_	_	_	_	_	_
389-2	TO033	389	2	perché	perché	_	_	_	_	_	linguistic	_	none	_	_	_	_	_	_
389-3	TO033	389	3	xxxx	xxxx	_	_	_	_	_	unknown	_	none	Syllables=4	_	_	_	_	_
389-4	TO033	389	4	anche	anche	_	_	_	_	_	linguistic	_	none	_	_	_	_	_	_
389-5	TO033	389	5	lui	lui	_	_	_	_	_	linguistic	_	none	_	_	_	_	_	_
389-6	TO033	389	6	prendendo	prendendo	_	_	_	_	_	linguistic	_	none	_	_	_	_	_	_
389-7	TO033	389	7	settecentocinquanta	settecentocinquanta	_	_	_	_	_	linguistic	_	none	_	_	_	_	_	_
389-8	TO033	389	8	euro	euro	_	_	_	_	_	linguistic	_	none	_	_	_	_	_	_
389-9	TO033	389	9	al	al	_	_	_	_	_	linguistic	_	none	_	_	_	_	_	_
389-10	TO033	389	10	mese	mese	_	_	_	_	_	linguistic	_	none	_	_	_	_	_	_
389-11	TO033	389	11	è	è	_	_	_	_	_	linguistic	_	none	_	_	_	_	_	_
389-12	TO033	389	12	andato	andato	_	_	_	_	_	linguistic	_	none	_	_	_	_	_	_
389-13	TO033	389	13	a	a	_	_	_	_	_	linguistic	_	none	_	_	_	_	_	_
389-14	TO033	389	14	fare	fare	_	_	_	_	_	linguistic	_	none	_	_	_	_	_	_
389-15	TO033	389	15	ricerca	ricerca	_	_	_	_	_	linguistic	_	none	_	_	_	_	_	_
389-16	TO033	389	16	in	in	_	_	_	_	_	linguistic	_	none	_	_	_	_	_	_
389-17	TO033	389	17	mali	mali	_	_	_	_	_	linguistic	_	none	_	_	_	_	_	_
389-18	TO033	389	18	come	come	_	_	_	_	_	linguistic	_	none	_	_	_	_	_	_
389-19	TO033	389	19	xx	xx	_	_	_	_	_	unknown	_	none	Syllables=2	_	_	_	_	_
389-20	TO033	389	20	è	è	_	_	_	_	_	linguistic	_	none	_	_	_	_	_	_
389-21	TO033	389	21	andata	andata	_	_	_	_	_	linguistic	_	none	_	_	_	_	_	_
389-22	TO033	389	22	in	in	_	_	_	_	_	linguistic	_	none	_	_	_	_	_	_
389-23	TO033	389	23	libano	libano	_	_	_	_	_	linguistic	_	none	_	End=1153.346	_	_	_	_
390-0	TO033	390	0	ovviamente	ovviamente	_	_	_	_	_	linguistic	_	none	_	Begin=1153.822	_	_	_	_
390-1	TO033	390	1	però	però	_	_	_	_	_	linguistic	_	none	_	_	_	_	_	_
390-2	TO033	390	2	cioè	cioè	_	_	_	_	_	linguistic	_	none	_	_	_	_	_	_
390-3	TO033	390	3	hai	hai	_	_	_	_	_	linguistic	_	none	_	_	_	_	_	_
390-4	TO033	390	4	capito	capito	_	_	_	_	_	linguistic	_	none	_	_	_	_	_	_
390-5	TO033	390	5	quelle	quelle	_	_	_	_	_	linguistic	_	none	_	_	_	_	_	_
390-6	TO033	390	6	settecentocinquanta	settecentocinquanta	_	_	_	_	_	linguistic	_	none	_	_	_	_	_	_
390-7	TO033	390	7	euro	euro	_	_	_	_	_	linguistic	_	none	_	_	_	_	_	_
390-8	TO033	390	8	al	al	_	_	_	_	_	linguistic	_	none	_	_	_	_	_	_
390-9	TO033	390	9	mese	mese	_	_	_	_	_	linguistic	_	none	_	_	_	_	_	_
390-10	TO033	390	10	te	te	_	_	_	_	_	linguistic	_	none	_	_	_	_	_	_
390-11	TO033	390	11	li	li	_	_	_	_	_	linguistic	_	none	_	_	_	_	_	_
390-12	TO033	390	12	danno	danno	_	_	_	_	_	linguistic	_	none	_	_	_	_	_	_
390-13	TO033	390	13	per	per	_	_	_	_	_	linguistic	_	none	_	_	_	_	_	_
390-14	TO033	390	14	[studiare	studiare	_	_	_	_	_	linguistic	_	none	_	_	_	_	_	0-8(104)
390-15	TO033	390	15	xxx]	xxx	_	_	_	_	_	unknown	_	none	Syllables=3	End=1158.512	_	_	_	0-3(104)
391-0	TO034	391	0	[beh	beh	_	_	_	_	_	linguistic	_	none	_	Begin=1157.151	_	_	_	0-3(104)
391-1	TO034	391	1	il	il	_	_	_	_	_	linguistic	_	none	_	_	_	_	_	0-2(104)
391-2	TO034	391	2	mali	mali	_	_	_	_	_	linguistic	_	none	_	_	_	_	_	0-4(104)
391-3	TO034	391	3	poi	poi	_	_	_	_	_	linguistic	_	none	_	_	_	_	_	0-3(104)
391-4	TO034	391	4	comunque],	comunque	_	_	_	_	_	linguistic	_	none	Intonation=WeaklyRising	End=1158.516	_	_	_	0-8(104)
392-0	TO034	392	0	[sai	sai	_	_	_	_	_	linguistic	_	none	_	Begin=1158.863	_	_	_	0-3(106)
392-1	TO034	392	1	è	è	_	_	_	_	_	linguistic	_	none	_	_	_	_	_	0-1(106)
392-2	TO034	392	2	del	del	_	_	_	_	_	linguistic	_	none	_	_	_	_	_	0-3(106)
392-3	TO034	392	3	bacino]	bacino	_	_	_	_	_	linguistic	_	none	_	_	_	_	_	0-6(106)
392-4	TO034	392	4	mediterraneo	mediterraneo	_	_	_	_	_	linguistic	_	none	_	_	_	_	_	_
392-5	TO034	392	5	comun~	comun~	_	_	_	_	_	linguistic	_	none	Interrupted=Yes	_	_	_	_	_
392-6	TO034	392	6	((ride))	((ride))	_	_	_	_	_	nonverbalbehavior	_	none	_	End=1161.663	_	_	_	_
393-0	TO033	393	0	[per	per	_	_	_	_	_	linguistic	_	none	_	Begin=1158.864	_	_	_	0-3(105)
393-1	TO033	393	1	finire],	finire	_	_	_	_	_	linguistic	_	none	Intonation=WeaklyRising	End=1159.582	_	_	_	0-6(105)
394-0	TO033	394	0	no	no	_	_	_	_	_	linguistic	_	none	_	Begin=1160.923	_	_	_	_
394-1	TO033	394	1	e	e	_	_	_	_	_	linguistic	_	none	_	_	_	_	_	_
394-2	TO033	394	2	poi	poi	_	_	_	_	_	linguistic	_	none	_	_	_	_	_	_
394-3	TO033	394	3	per	per	_	_	_	_	_	linguistic	_	none	_	_	_	_	_	_
394-4	TO033	394	4	finire	finire	_	_	_	_	_	linguistic	_	none	_	_	_	_	_	_
394-5	TO033	394	5	gli	gli	_	_	_	_	_	linguistic	_	none	_	_	_	_	_	_
394-6	TO033	394	6	esami	esami	_	_	_	_	_	linguistic	_	none	_	_	_	_	_	_
394-7	TO033	394	7	voglio	voglio	_	_	_	_	_	linguistic	_	none	_	_	_	_	_	_
394-8	TO033	394	8	dire	dire	_	_	_	_	_	linguistic	_	none	_	_	_	_	_	_
394-9	TO033	394	9	quante	quante	_	_	_	_	_	linguistic	_	none	_	_	_	_	_	_
394-10	TO033	394	10	sessioni	sessioni	_	_	_	_	_	linguistic	_	none	_	_	_	_	_	_
394-11	TO033	394	11	hai?	hai	_	_	_	_	_	linguistic	_	none	Intonation=Rising	_	_	_	_	_
394-12	TO033	394	12	tre	tre	_	_	_	_	_	linguistic	_	none	_	_	_	_	_	_
394-13	TO033	394	13	estive	estive	_	_	_	_	_	linguistic	_	none	_	_	_	_	_	_
394-14	TO033	394	14	due	due	_	_	_	_	_	linguistic	_	none	_	_	_	_	_	_
394-15	TO033	394	15	a	a	_	_	_	_	_	linguistic	_	none	_	_	_	_	_	_
394-16	TO033	394	16	settembre	settembre	_	_	_	_	_	linguistic	_	none	_	_	_	_	_	_
394-17	TO033	394	17	e	e	_	_	_	_	_	linguistic	_	none	_	_	_	_	_	_
394-18	TO033	394	18	tre	tre	_	_	_	_	_	linguistic	_	none	_	_	_	_	_	_
394-19	TO033	394	19	tre	tre	_	_	_	_	_	linguistic	_	none	_	_	_	_	_	_
394-20	TO033	394	20	a	a	_	_	_	_	_	linguistic	_	none	_	_	_	_	_	_
394-21	TO033	394	21	gennaio,	gennaio	_	_	_	_	_	linguistic	_	none	Intonation=WeaklyRising	End=1169.075	_	_	_	_
395-0	TO034	395	0	ma	ma	_	_	_	_	_	linguistic	_	none	_	Begin=1169.075	_	_	_	_
395-1	TO034	395	1	lui	lui	_	_	_	_	_	linguistic	_	none	_	_	_	_	_	_
395-2	TO034	395	2	si	si	_	_	_	_	_	linguistic	_	none	_	_	_	_	_	_
395-3	TO034	395	3	era	era	_	_	_	_	_	linguistic	_	none	_	_	_	_	_	_
395-4	TO034	395	4	perso	perso	_	_	_	_	_	linguistic	_	none	_	_	_	_	_	_
395-5	TO034	395	5	mohammed	mohammed	_	_	_	_	_	linguistic	_	none	_	_	_	_	_	_
395-6	TO034	395	6	si	si	_	_	_	_	_	linguistic	_	none	_	_	_	_	_	_
395-7	TO034	395	7	era	era	_	_	_	_	_	linguistic	_	none	_	_	_	_	_	_
395-8	TO034	395	8	perso	perso	_	_	_	_	_	linguistic	_	none	_	_	_	_	_	_
395-9	TO034	395	9	l'	l'	_	_	_	_	_	linguistic	_	none	SpaceAfter=No	_	_	_	_	_
395-10	TO034	395	10	ultima	ultima	_	_	_	_	_	linguistic	_	none	_	_	_	_	_	_
395-11	TO034	395	11	di	di	_	_	_	_	_	linguistic	_	none	_	_	_	_	_	_
395-12	TO034	395	12	lu::glio,	luglio	_	_	_	_	_	linguistic	_	none	Intonation=WeaklyRising	_	1x2	_	_	_
395-13	TO034	395	13	sette:::mbre,	settembre	_	_	_	_	_	linguistic	_	none	Intonation=WeaklyRising	End=1174.075	4x3	_	_	_
396-0	TO029	396	0	ma	ma	_	_	_	_	_	linguistic	_	none	_	Begin=1175.092	_	_	_	_
396-1	TO029	396	1	quindi	quindi	_	_	_	_	_	linguistic	_	none	_	_	_	_	_	_
396-2	TO029	396	2	[xxx]	xxx	_	_	_	_	_	unknown	_	none	Syllables=3	End=1175.779	_	_	_	0-3(223)
397-0	TO033	397	0	[e::h]	eh	_	_	_	_	_	linguistic	_	none	_	Begin=1175.53|End=1175.936	0x2	_	_	0-2(223)
398-0	TO034	398	0	[e	e	_	_	_	_	_	linguistic	_	none	_	Begin=1175.759	_	_	_	0-1(223)
398-1	TO034	398	1	aspe]tta	aspetta	_	_	_	_	_	linguistic	_	none	_	_	_	_	_	0-4(223)
398-2	TO034	398	2	e	e	_	_	_	_	_	linguistic	_	none	_	_	_	_	_	_
398-3	TO034	398	3	la	la	_	_	_	_	_	linguistic	_	none	_	_	_	_	_	_
398-4	TO034	398	4	prima::	prima	_	_	_	_	_	linguistic	_	none	_	_	4x2	_	_	_
398-5	TO034	398	5	di	di	_	_	_	_	_	linguistic	_	none	_	_	_	_	_	_
398-6	TO034	398	6	gennaio	gennaio	_	_	_	_	_	linguistic	_	none	_	End=1178.066	_	_	_	_
399-0	TO033	399	0	no	no	_	_	_	_	_	linguistic	_	none	_	Begin=1178.399	_	_	_	_
399-1	TO033	399	1	no	no	_	_	_	_	_	linguistic	_	none	_	_	_	_	_	_
399-2	TO033	399	2	e	e	_	_	_	_	_	linguistic	_	none	_	_	_	_	_	_
399-3	TO033	399	3	quindi	quindi	_	_	_	_	_	linguistic	_	none	_	_	_	_	_	_
399-4	TO033	399	4	[xxx]	xxx	_	_	_	_	_	unknown	_	none	Syllables=3	End=1179.705	_	_	_	0-3(107)
400-0	TO034	400	0	[perché	perché	_	_	_	_	_	linguistic	_	none	_	Begin=1178.695	_	_	_	0-6(107)
400-1	TO034	400	1	la]	la	_	_	_	_	_	linguistic	_	none	_	_	_	_	_	0-2(107)
400-2	TO034	400	2	cultura	cultura	_	_	_	_	_	linguistic	_	none	_	_	_	_	_	_
400-3	TO034	400	3	e	e	_	_	_	_	_	linguistic	_	none	_	_	_	_	_	_
400-4	TO034	400	4	potere	potere	_	_	_	_	_	linguistic	_	none	_	_	_	_	_	_
400-5	TO034	400	5	ancora	ancora	_	_	_	_	_	linguistic	_	none	_	_	_	_	_	_
400-6	TO034	400	6	non	non	_	_	_	_	_	linguistic	_	none	_	_	_	_	_	_
400-7	TO034	400	7	è::	è	_	_	_	_	_	linguistic	_	none	_	End=1180.953	0x2	_	_	_
401-0	TO033	401	0	e	e	_	_	_	_	_	linguistic	_	none	_	Begin=1181.018	_	_	_	_
401-1	TO033	401	1	quindi	quindi	_	_	_	_	_	linguistic	_	none	_	_	_	_	_	_
401-2	TO033	401	2	mohammed	mohammed	_	_	_	_	_	linguistic	_	none	_	_	_	_	_	_
401-3	TO033	401	3	già	già	_	_	_	_	_	linguistic	_	none	_	_	_	_	_	_
401-4	TO033	401	4	no	no	_	_	_	_	_	linguistic	_	none	_	_	_	_	_	_
401-5	TO033	401	5	mohammed	mohammed	_	_	_	_	_	linguistic	_	none	_	_	_	_	_	_
401-6	TO033	401	6	ovviamente	ovviamente	_	_	_	_	_	linguistic	_	none	_	_	_	_	_	_
401-7	TO033	401	7	cosa	cosa	_	_	_	_	_	linguistic	_	none	_	_	_	_	_	_
401-8	TO033	401	8	ha	ha	_	_	_	_	_	linguistic	_	none	_	_	_	_	_	_
401-9	TO033	401	9	fatto	fatto	_	_	_	_	_	linguistic	_	none	_	_	_	_	_	_
401-10	TO033	401	10	ha	ha	_	_	_	_	_	linguistic	_	none	_	_	_	_	_	_
401-11	TO033	401	11	concordato	concordato	_	_	_	_	_	linguistic	_	none	_	_	_	_	_	_
401-12	TO033	401	12	per	per	_	_	_	_	_	linguistic	_	none	_	_	_	_	_	_
401-13	TO033	401	13	un	un	_	_	_	_	_	linguistic	_	none	_	_	_	_	_	_
401-14	TO033	401	14	esame	esame	_	_	_	_	_	linguistic	_	none	_	_	_	_	_	_
401-15	TO033	401	15	ha	ha	_	_	_	_	_	linguistic	_	none	_	_	_	_	_	_
401-16	TO033	401	16	concordato	concordato	_	_	_	_	_	linguistic	_	none	_	_	_	_	_	_
401-17	TO033	401	17	un	un	_	_	_	_	_	linguistic	_	none	_	_	_	_	_	_
401-18	TO033	401	18	paper	paper	_	_	_	_	_	linguistic	_	none	_	_	_	_	_	_
401-19	TO033	401	19	con	con	_	_	_	_	_	linguistic	_	none	_	_	_	_	_	_
401-20	TO033	401	20	la	la	_	_	_	_	_	linguistic	_	none	_	_	_	_	_	_
401-21	TO033	401	21	marroni	marroni	_	_	_	_	_	linguistic	_	none	_	_	_	_	_	_
401-22	TO033	401	22	no?	no	_	_	_	_	_	linguistic	_	none	Intonation=Rising	End=1187.706	_	_	_	_
402-0	TO034	402	0	da	da	_	_	_	_	_	linguistic	_	none	_	Begin=1187.797	_	_	_	_
402-1	TO034	402	1	inviare	inviare	_	_	_	_	_	linguistic	_	none	_	_	_	_	_	_
402-2	TO034	402	2	[a	a	_	_	_	_	_	linguistic	_	none	_	_	_	_	_	0-1(108)
402-3	TO034	402	3	xxx]xx	xxxxx	_	_	_	_	_	unknown	_	none	Syllables=5	End=1189.239	_	_	_	0-3(108)
403-0	TO033	403	0	[al	al	_	_	_	_	_	linguistic	_	none	_	Begin=1188.519	_	_	_	0-2(108)
403-1	TO033	403	1	che],	che	_	_	_	_	_	linguistic	_	none	Intonation=WeaklyRising	End=1189.004	_	_	_	0-3(108)
404-0	TO033	404	0	al	al	_	_	_	_	_	linguistic	_	none	_	Begin=1189.239	_	_	_	_
404-1	TO033	404	1	che	che	_	_	_	_	_	linguistic	_	none	_	_	_	_	_	_
404-2	TO033	404	2	vabbè	vabbè	_	_	_	_	_	linguistic	_	none	_	_	_	_	_	_
404-3	TO033	404	3	fatto	fatto	_	_	_	_	_	linguistic	_	none	_	_	_	_	_	_
404-4	TO033	404	4	sta	sta	_	_	_	_	_	linguistic	_	none	_	_	_	_	_	_
404-5	TO033	404	5	che	che	_	_	_	_	_	linguistic	_	none	_	_	_	_	_	_
404-6	TO033	404	6	facciamo	facciamo	_	_	_	_	_	linguistic	_	none	_	_	_	_	_	_
404-7	TO033	404	7	il	il	_	_	_	_	_	linguistic	_	none	_	_	_	_	_	_
404-8	TO033	404	8	giro	giro	_	_	_	_	_	linguistic	_	none	_	_	_	_	_	_
404-9	TO033	404	9	e	e	_	_	_	_	_	linguistic	_	none	_	_	_	_	_	_
404-10	TO033	404	10	tutti	tutti	_	_	_	_	_	linguistic	_	none	_	_	_	_	_	_
404-11	TO033	404	11	dicono	dicono	_	_	_	_	_	linguistic	_	none	_	_	_	_	_	_
404-12	TO033	404	12	mi	mi	_	_	_	_	_	linguistic	_	none	_	_	_	_	_	_
404-13	TO033	404	13	manca	manca	_	_	_	_	_	linguistic	_	none	_	_	_	_	_	_
404-14	TO033	404	14	antropologia	antropologia	_	_	_	_	_	linguistic	_	none	_	_	_	_	_	_
404-15	TO033	404	15	del	del	_	_	_	_	_	linguistic	_	none	_	_	_	_	_	_
404-16	TO033	404	16	mediterraneo	mediterraneo	_	_	_	_	_	linguistic	_	none	_	_	_	_	_	_
404-17	TO033	404	17	da	da	_	_	_	_	_	linguistic	_	none	_	_	_	_	_	_
404-18	TO033	404	18	non	non	_	_	_	_	_	linguistic	_	none	_	_	_	_	_	_
404-19	TO033	404	19	frequentante	frequentante	_	_	_	_	_	linguistic	_	none	_	_	_	_	_	_
404-20	TO033	404	20	e	e	_	_	_	_	_	linguistic	_	none	_	_	_	_	_	_
404-21	TO033	404	21	c'	c'	_	_	_	_	_	linguistic	_	none	SpaceAfter=No	_	_	_	_	_
404-22	TO033	404	22	era	era	_	_	_	_	_	linguistic	_	none	_	_	_	_	_	_
404-23	TO033	404	23	erika	erika	_	_	_	_	_	linguistic	_	none	_	_	_	_	_	_
404-24	TO033	404	24	la	la	_	_	_	_	_	linguistic	_	none	_	_	_	_	_	_
404-25	TO033	404	25	ragazza	ragazza	_	_	_	_	_	linguistic	_	none	_	_	_	_	_	_
404-26	TO033	404	26	che	che	_	_	_	_	_	linguistic	_	none	_	_	_	_	_	_
404-27	TO033	404	27	era	era	_	_	_	_	_	linguistic	_	none	_	_	_	_	_	_
404-28	TO033	404	28	lì	lì	_	_	_	_	_	linguistic	_	none	_	_	_	_	_	_
404-29	TO033	404	29	prima	prima	_	_	_	_	_	linguistic	_	none	_	_	_	_	_	_
404-30	TO033	404	30	e	e	_	_	_	_	_	linguistic	_	none	_	_	_	_	_	_
404-31	TO033	404	31	che	che	_	_	_	_	_	linguistic	_	none	_	_	_	_	_	_
404-32	TO033	404	32	ora	ora	_	_	_	_	_	linguistic	_	none	_	_	_	_	_	_
404-33	TO033	404	33	sta	sta	_	_	_	_	_	linguistic	_	none	_	_	_	_	_	_
404-34	TO033	404	34	aiutando:::	aiutando	_	_	_	_	_	linguistic	_	none	_	End=1197.753	7x3	_	_	_
405-0	TO033	405	0	con	con	_	_	_	_	_	linguistic	_	none	_	Begin=1198.419	_	_	_	_
405-1	TO033	405	1	la	la	_	_	_	_	_	linguistic	_	none	_	_	_	_	_	_
405-2	TO033	405	2	burocrazia	burocrazia	_	_	_	_	_	linguistic	_	none	_	_	_	_	_	_
405-3	TO033	405	3	e	e	_	_	_	_	_	linguistic	_	none	_	_	_	_	_	_
405-4	TO033	405	4	robe,	robe	_	_	_	_	_	linguistic	_	none	Intonation=WeaklyRising	End=1199.78	_	_	_	_
406-0	TO033	406	0	e	e	_	_	_	_	_	linguistic	_	none	_	Begin=1200.696	_	_	_	_
406-1	TO033	406	1	faceva	faceva	_	_	_	_	_	linguistic	_	none	_	_	_	_	_	_
406-2	TO033	406	2	tipo:::	tipo	_	_	_	_	_	linguistic	_	none	PauseAfter=Yes	_	3x3	_	_	_
406-3	TO033	406	3	(.)	(.)	_	_	_	_	_	shortpause	_	none	_	_	_	_	_	_
406-4	TO033	406	4	mi	mi	_	_	_	_	_	linguistic	_	none	_	_	_	_	_	_
406-5	TO033	406	5	spiace	spiace	_	_	_	_	_	linguistic	_	none	_	_	_	_	_	_
406-6	TO033	406	6	e	e	_	_	_	_	_	linguistic	_	none	_	_	_	_	_	_
406-7	TO033	406	7	così	così	_	_	_	_	_	linguistic	_	none	_	_	_	_	_	_
406-8	TO033	406	8	ma	ma	_	_	_	_	_	linguistic	_	none	_	_	_	_	_	_
406-9	TO033	406	9	ma	ma	_	_	_	_	_	linguistic	_	none	_	_	_	_	_	_
406-10	TO033	406	10	avete	avete	_	_	_	_	_	linguistic	_	none	_	_	_	_	_	_
406-11	TO033	406	11	frequentato?	frequentato	_	_	_	_	_	linguistic	_	none	Intonation=Rising	_	_	_	_	_
406-12	TO033	406	12	no::	no	_	_	_	_	_	linguistic	_	none	_	_	1x2	_	_	_
406-13	TO033	406	13	ma:::	ma	_	_	_	_	_	linguistic	_	none	_	End=1205.577	1x3	_	_	_
407-0	TO034	407	0	diceva	diceva	_	_	_	_	_	linguistic	_	none	_	Begin=1205.563	_	_	_	_
407-1	TO034	407	1	ma	ma	_	_	_	_	_	linguistic	_	none	_	_	_	_	_	_
407-2	TO034	407	2	avete	avete	_	_	_	_	_	linguistic	_	none	_	_	_	_	_	_
407-3	TO034	407	3	frequentato	frequentato	_	_	_	_	_	linguistic	_	none	_	_	_	_	_	_
407-4	TO034	407	4	ma	ma	_	_	_	_	_	linguistic	_	none	_	_	_	_	_	_
407-5	TO034	407	5	il	il	_	_	_	_	_	linguistic	_	none	_	_	_	_	_	_
407-6	TO034	407	6	programma	programma	_	_	_	_	_	linguistic	_	none	_	_	_	_	_	_
407-7	TO034	407	7	l'	l'	_	_	_	_	_	linguistic	_	none	SpaceAfter=No	_	_	_	_	_
407-8	TO034	407	8	avete	avete	_	_	_	_	_	linguistic	_	none	_	_	_	_	_	_
407-9	TO034	407	9	visto	visto	_	_	_	_	_	linguistic	_	none	_	_	_	_	_	_
407-10	TO034	407	10	[ma::]	ma	_	_	_	_	_	linguistic	_	none	_	End=1208.239	1x2	_	_	0-2(110)
408-0	TO033	408	0	[eh	eh	_	_	_	_	_	linguistic	_	none	_	Begin=1208.009	_	_	_	0-2(110)
408-1	TO033	408	1	infa]tti	infatti	_	_	_	_	_	linguistic	_	none	_	_	_	_	_	0-4(110)
408-2	TO033	408	2	è	è	_	_	_	_	_	linguistic	_	none	_	_	_	_	_	_
408-3	TO033	408	3	il	il	_	_	_	_	_	linguistic	_	none	_	_	_	_	_	_
408-4	TO033	408	4	[progra:::mma]	programma	_	_	_	_	_	linguistic	_	none	_	End=1209.486	5x3	_	_	0-9(111)
409-0	TO034	409	0	[si	si	_	_	_	_	_	linguistic	_	none	_	Begin=1208.478	_	_	_	0-2(111)
409-1	TO034	409	1	stava	stava	_	_	_	_	_	linguistic	_	none	_	_	_	_	_	0-5(111)
409-2	TO034	409	2	un	un	_	_	_	_	_	linguistic	_	none	_	_	_	_	_	0-2(111)
409-3	TO034	409	3	po'	po'	_	_	_	_	_	linguistic	_	none	_	_	_	_	_	0-3(111)
409-4	TO034	409	4	preo]ccupando	preoccupando	_	_	_	_	_	linguistic	_	none	_	_	_	_	_	0-4(111)
409-5	TO034	409	5	no?	no	_	_	_	_	_	linguistic	_	none	Intonation=Rising	End=1210.435	_	_	_	_
410-0	TO033	410	0	[e:::h]	eh	_	_	_	_	_	linguistic	_	none	_	Begin=1210.572|End=1211.643	0x3	_	_	0-2(112)
411-0	TO034	411	0	[perché]	perché	_	_	_	_	_	linguistic	_	none	_	Begin=1210.95	_	_	_	0-6(112)
411-1	TO034	411	1	l'	l'	_	_	_	_	_	linguistic	_	none	SpaceAfter=No	_	_	_	_	_
411-2	TO034	411	2	ha	ha	_	_	_	_	_	linguistic	_	none	_	_	_	_	_	_
411-3	TO034	411	3	dovuto	dovuto	_	_	_	_	_	linguistic	_	none	_	_	_	_	_	_
411-4	TO034	411	4	dare	dare	_	_	_	_	_	linguistic	_	none	_	_	_	_	_	_
411-5	TO034	411	5	da	da	_	_	_	_	_	linguistic	_	none	_	_	_	_	_	_
411-6	TO034	411	6	non	non	_	_	_	_	_	linguistic	_	none	_	_	_	_	_	_
411-7	TO034	411	7	frequentante	frequentante	_	_	_	_	_	linguistic	_	none	_	_	_	_	_	_
411-8	TO034	411	8	e	e	_	_	_	_	_	linguistic	_	none	_	_	_	_	_	_
411-9	TO034	411	9	[giustamente]	giustamente	_	_	_	_	_	linguistic	_	none	_	_	_	_	_	0-11(113)
411-10	TO034	411	10	x	x	_	_	_	_	_	unknown	_	none	Syllables=1	_	_	_	_	_
411-11	TO034	411	11	xx	xx	_	_	_	_	_	unknown	_	none	Syllables=2	_	_	_	_	_
411-12	TO034	411	12	xx	xx	_	_	_	_	_	unknown	_	none	Syllables=2	_	_	_	_	_
411-13	TO034	411	13	[qualcosa]	qualcosa	_	_	_	_	_	linguistic	_	none	_	End=1215.113	_	_	_	0-8(114)
412-0	TO033	412	0	[e~	e~	_	_	_	_	_	linguistic	_	none	Interrupted=Yes	Begin=1213.022	_	_	_	0-2(113)
412-1	TO033	412	1	e~	e~	_	_	_	_	_	linguistic	_	none	Interrupted=Yes	_	_	_	_	0-2(113)
412-2	TO033	412	2	esatto],	esatto	_	_	_	_	_	linguistic	_	none	Intonation=WeaklyRising	End=1213.949	_	_	_	0-6(113)
413-0	TO033	413	0	[cioè	cioè	_	_	_	_	_	linguistic	_	none	_	Begin=1214.279	_	_	_	0-4(114)
413-1	TO033	413	1	già	già	_	_	_	_	_	linguistic	_	none	_	_	_	_	_	0-3(114)
413-2	TO033	413	2	io	io	_	_	_	_	_	linguistic	_	none	_	_	_	_	_	0-2(114)
413-3	TO033	413	3	che	che	_	_	_	_	_	linguistic	_	none	_	_	_	_	_	0-3(114)
413-4	TO033	413	4	l'	l'	_	_	_	_	_	linguistic	_	none	SpaceAfter=No	_	_	_	_	0-2(114)
413-5	TO033	413	5	ho	ho	_	_	_	_	_	linguistic	_	none	_	_	_	_	_	0-2(114)
413-6	TO033	413	6	do]vuto	dovuto	_	_	_	_	_	linguistic	_	none	_	_	_	_	_	0-2(114)
413-7	TO033	413	7	dare	dare	_	_	_	_	_	linguistic	_	none	_	_	_	_	_	_
413-8	TO033	413	8	da	da	_	_	_	_	_	linguistic	_	none	_	_	_	_	_	_
413-9	TO033	413	9	frequentante	frequentante	_	_	_	_	_	linguistic	_	none	_	_	_	_	_	_
413-10	TO033	413	10	cioè	cioè	_	_	_	_	_	linguistic	_	none	_	_	_	_	_	_
413-11	TO033	413	11	mi	mi	_	_	_	_	_	linguistic	_	none	_	_	_	_	_	_
413-12	TO033	413	12	stavo	stavo	_	_	_	_	_	linguistic	_	none	_	_	_	_	_	_
413-13	TO033	413	13	sparando	sparando	_	_	_	_	_	linguistic	_	none	_	_	_	_	_	_
413-14	TO033	413	14	un	un	_	_	_	_	_	linguistic	_	none	_	_	_	_	_	_
413-15	TO033	413	15	colpo,	colpo	_	_	_	_	_	linguistic	_	none	Intonation=WeaklyRising	End=1217.626	_	_	_	_
414-0	TO033	414	0	fatto	fatto	_	_	_	_	_	linguistic	_	none	_	Begin=1218.109	_	_	_	_
414-1	TO033	414	1	sta	sta	_	_	_	_	_	linguistic	_	none	_	_	_	_	_	_
414-2	TO033	414	2	che	che	_	_	_	_	_	linguistic	_	none	_	_	_	_	_	_
414-3	TO033	414	3	anche	anche	_	_	_	_	_	linguistic	_	none	_	_	_	_	_	_
414-4	TO033	414	4	lì	lì	_	_	_	_	_	linguistic	_	none	_	_	_	_	_	_
414-5	TO033	414	5	ovviamente	ovviamente	_	_	_	_	_	linguistic	_	none	_	_	_	_	_	_
414-6	TO033	414	6	la	la	_	_	_	_	_	linguistic	_	none	_	_	_	_	_	_
414-7	TO033	414	7	roba	roba	_	_	_	_	_	linguistic	_	none	_	_	_	_	_	_
414-8	TO033	414	8	è	è	_	_	_	_	_	linguistic	_	none	_	End=1220.159	_	_	_	_
415-0	TO033	415	0	cioè	cioè	_	_	_	_	_	linguistic	_	none	_	Begin=1220.737	_	_	_	_
415-1	TO033	415	1	tutti	tutti	_	_	_	_	_	linguistic	_	none	_	_	_	_	_	_
415-2	TO033	415	2	preoccupati	preoccupati	_	_	_	_	_	linguistic	_	none	_	_	_	_	_	_
415-3	TO033	415	3	a	a	_	_	_	_	_	linguistic	_	none	_	_	_	_	_	_
415-4	TO033	415	4	dire	dire	_	_	_	_	_	linguistic	_	none	_	_	_	_	_	_
415-5	TO033	415	5	guardate	guardate	_	_	_	_	_	linguistic	_	none	_	_	_	_	_	_
415-6	TO033	415	6	ragazzi	ragazzi	_	_	_	_	_	linguistic	_	none	_	_	_	_	_	_
415-7	TO033	415	7	cioè	cioè	_	_	_	_	_	linguistic	_	none	_	_	_	_	_	_
415-8	TO033	415	8	la	la	_	_	_	_	_	linguistic	_	none	_	_	_	_	_	_
415-9	TO033	415	9	sessione	sessione	_	_	_	_	_	linguistic	_	none	_	_	_	_	_	_
415-10	TO033	415	10	finisce	finisce	_	_	_	_	_	linguistic	_	none	_	_	_	_	_	_
415-11	TO033	415	11	fra	fra	_	_	_	_	_	linguistic	_	none	_	_	_	_	_	_
415-12	TO033	415	12	una	una	_	_	_	_	_	linguistic	_	none	_	_	_	_	_	_
415-13	TO033	415	13	settimana	settimana	_	_	_	_	_	linguistic	_	none	_	_	_	_	_	_
415-14	TO033	415	14	siete	siete	_	_	_	_	_	linguistic	_	none	_	_	_	_	_	_
415-15	TO033	415	15	qua	qua	_	_	_	_	_	linguistic	_	none	_	_	_	_	_	_
415-16	TO033	415	16	a	a	_	_	_	_	_	linguistic	_	none	_	_	_	_	_	_
415-17	TO033	415	17	dirci	dirci	_	_	_	_	_	linguistic	_	none	_	_	_	_	_	_
415-18	TO033	415	18	che	che	_	_	_	_	_	linguistic	_	none	_	_	_	_	_	_
415-19	TO033	415	19	dovete	dovete	_	_	_	_	_	linguistic	_	none	_	_	_	_	_	_
415-20	TO033	415	20	fare	fare	_	_	_	_	_	linguistic	_	none	_	_	_	_	_	_
415-21	TO033	415	21	tre	tre	_	_	_	_	_	linguistic	_	none	_	_	_	_	_	_
415-22	TO033	415	22	esami	esami	_	_	_	_	_	linguistic	_	none	_	_	_	_	_	_
415-23	TO033	415	23	sembra	sembra	_	_	_	_	_	linguistic	_	none	_	_	_	_	_	_
415-24	TO033	415	24	un	un	_	_	_	_	_	linguistic	_	none	_	_	_	_	_	_
415-25	TO033	415	25	po'	po'	_	_	_	_	_	linguistic	_	none	_	_	_	_	_	_
415-26	TO033	415	26	infattibile,	infattibile	_	_	_	_	_	linguistic	_	none	Intonation=WeaklyRising	End=1228.773	_	_	_	_
416-0	TO033	416	0	beh	beh	_	_	_	_	_	linguistic	_	none	_	Begin=1229.294	_	_	_	_
416-1	TO033	416	1	nel	nel	_	_	_	_	_	linguistic	_	none	_	_	_	_	_	_
416-2	TO033	416	2	caso	caso	_	_	_	_	_	linguistic	_	none	_	_	_	_	_	_
416-3	TO033	416	3	non	non	_	_	_	_	_	linguistic	_	none	_	_	_	_	_	_
416-4	TO033	416	4	ce	ce	_	_	_	_	_	linguistic	_	none	_	_	_	_	_	_
416-5	TO033	416	5	la	la	_	_	_	_	_	linguistic	_	none	_	_	_	_	_	_
416-6	TO033	416	6	faceste	faceste	_	_	_	_	_	linguistic	_	none	_	_	_	_	_	_
416-7	TO033	416	7	contattate	contattate	_	_	_	_	_	linguistic	_	none	_	_	_	_	_	_
416-8	TO033	416	8	subito	subito	_	_	_	_	_	linguistic	_	none	_	_	_	_	_	_
416-9	TO033	416	9	il	il	_	_	_	_	_	linguistic	_	none	_	_	_	_	_	_
416-10	TO033	416	10	professore	professore	_	_	_	_	_	linguistic	_	none	_	_	_	_	_	_
416-11	TO033	416	11	e	e	_	_	_	_	_	linguistic	_	none	_	_	_	_	_	_
416-12	TO033	416	12	magari	magari	_	_	_	_	_	linguistic	_	none	_	_	_	_	_	_
416-13	TO033	416	13	concordate	concordate	_	_	_	_	_	linguistic	_	none	_	_	_	_	_	_
416-14	TO033	416	14	un	un	_	_	_	_	_	linguistic	_	none	_	_	_	_	_	_
416-15	TO033	416	15	paper	paper	_	_	_	_	_	linguistic	_	none	_	_	_	_	_	_
416-16	TO033	416	16	cioè	cioè	_	_	_	_	_	linguistic	_	none	_	_	_	_	_	_
416-17	TO033	416	17	così	così	_	_	_	_	_	linguistic	_	none	_	End=1234.946	_	_	_	_
417-0	TO034	417	0	e	e	_	_	_	_	_	linguistic	_	none	_	Begin=1235.372	_	_	_	_
417-1	TO034	417	1	p~	p~	_	_	_	_	_	linguistic	_	none	Interrupted=Yes	_	_	_	_	_
417-2	TO034	417	2	così	così	_	_	_	_	_	linguistic	_	none	_	_	_	_	_	_
417-3	TO034	417	3	a	a	_	_	_	_	_	linguistic	_	none	_	_	_	_	_	_
417-4	TO034	417	4	giugn~	giugn~	_	_	_	_	_	linguistic	_	none	Interrupted=Yes	_	_	_	_	_
417-5	TO034	417	5	oppure,	oppure	_	_	_	_	_	linguistic	_	none	Intonation=WeaklyRising	_	_	_	_	_
417-6	TO034	417	6	oppure,	oppure	_	_	_	_	_	linguistic	_	none	Intonation=WeaklyRising	End=1237.539	_	_	_	_
418-0	TO034	418	0	a	a	_	_	_	_	_	linguistic	_	none	_	Begin=1238.031	_	_	_	_
418-1	TO034	418	1	giugno	giugno	_	_	_	_	_	linguistic	_	none	_	_	_	_	_	_
418-2	TO034	418	2	a	a	_	_	_	_	_	linguistic	_	none	_	_	_	_	_	_
418-3	TO034	418	3	vostre	vostre	_	_	_	_	_	linguistic	_	none	_	_	_	_	_	_
418-4	TO034	418	4	spese	spese	_	_	_	_	_	linguistic	_	none	_	_	_	_	_	_
418-5	TO034	418	5	rivenite	rivenite	_	_	_	_	_	linguistic	_	none	_	_	_	_	_	_
418-6	TO034	418	6	qua	qua	_	_	_	_	_	linguistic	_	none	_	_	_	_	_	_
418-7	TO034	418	7	tanto	tanto	_	_	_	_	_	linguistic	_	none	_	_	_	_	_	_
418-8	TO034	418	8	voi	voi	_	_	_	_	_	linguistic	_	none	_	_	_	_	_	_
418-9	TO034	418	9	siete	siete	_	_	_	_	_	linguistic	_	none	_	_	_	_	_	_
418-10	TO034	418	10	[comunque::]	comunque	_	_	_	_	_	linguistic	_	none	_	End=1241.429	7x2	_	_	0-8(115)
419-0	TO033	419	0	[tornate:]::	tornate	_	_	_	_	_	linguistic	_	none	_	Begin=1240.687|End=1241.738	6x3	_	_	0-7(115)
420-0	TO034	420	0	iscritti	iscritti	_	_	_	_	_	linguistic	_	none	_	Begin=1241.799	_	_	_	_
420-1	TO034	420	1	all'	all'	_	_	_	_	_	linguistic	_	none	SpaceAfter=No	_	_	_	_	_
420-2	TO034	420	2	univerità	univerità	_	_	_	_	_	linguistic	_	none	_	_	_	_	_	_
420-3	TO034	420	3	ancora	ancora	_	_	_	_	_	linguistic	_	none	_	_	_	_	_	_
420-4	TO034	420	4	però	però	_	_	_	_	_	linguistic	_	none	_	_	_	_	_	_
420-5	TO034	420	5	a	a	_	_	_	_	_	linguistic	_	none	_	_	_	_	_	_
420-6	TO034	420	6	vostre	vostre	_	_	_	_	_	linguistic	_	none	_	_	_	_	_	_
420-7	TO034	420	7	spe::se	spese	_	_	_	_	_	linguistic	_	none	_	_	2x2	_	_	_
420-8	TO034	420	8	eh	eh	_	_	_	_	_	linguistic	_	none	_	_	_	_	_	_
420-9	TO034	420	9	col	col	_	_	_	_	_	linguistic	_	none	_	_	_	_	_	_
420-10	TO034	420	10	visto	visto	_	_	_	_	_	linguistic	_	none	_	_	_	_	_	_
420-11	TO034	420	11	e	e	_	_	_	_	_	linguistic	_	none	_	_	_	_	_	_
420-12	TO034	420	12	tutto	tutto	_	_	_	_	_	linguistic	_	none	_	_	_	_	_	_
420-13	TO034	420	13	e	e	_	_	_	_	_	linguistic	_	none	_	_	_	_	_	_
420-14	TO034	420	14	date	date	_	_	_	_	_	linguistic	_	none	_	_	_	_	_	_
420-15	TO034	420	15	l'	l'	_	_	_	_	_	linguistic	_	none	SpaceAfter=No	_	_	_	_	_
420-16	TO034	420	16	esame,	esame	_	_	_	_	_	linguistic	_	none	Intonation=WeaklyRising	End=1247.013	_	_	_	_
421-0	TO034	421	0	e	e	_	_	_	_	_	linguistic	_	none	_	Begin=1247.416	_	_	_	_
421-1	TO034	421	1	grazie	grazie	_	_	_	_	_	linguistic	_	none	_	_	_	_	_	_
421-2	TO034	421	2	al	al	_	_	_	_	_	linguistic	_	none	_	_	_	_	_	_
421-3	TO034	421	3	cazzo	cazzo	_	_	_	_	_	linguistic	_	none	_	_	_	_	_	_
421-4	TO034	421	4	son	son	_	_	_	_	_	linguistic	_	none	_	_	_	_	_	_
421-5	TO034	421	5	tutti	tutti	_	_	_	_	_	linguistic	_	none	_	_	_	_	_	_
421-6	TO034	421	6	figli	figli	_	_	_	_	_	linguistic	_	none	_	_	_	_	_	_
421-7	TO034	421	7	di	di	_	_	_	_	_	linguistic	_	none	_	_	_	_	_	_
421-8	TO034	421	8	papà	papà	_	_	_	_	_	linguistic	_	none	_	_	_	_	_	_
421-9	TO034	421	9	figurati	figurati	_	_	_	_	_	linguistic	_	none	_	_	_	_	_	_
421-10	TO034	421	10	se	se	_	_	_	_	_	linguistic	_	none	_	_	_	_	_	_
421-11	TO034	421	11	non	non	_	_	_	_	_	linguistic	_	none	_	_	_	_	_	_
421-12	TO034	421	12	si	si	_	_	_	_	_	linguistic	_	none	_	_	_	_	_	_
421-13	TO034	421	13	bruciano	bruciano	_	_	_	_	_	linguistic	_	none	_	_	_	_	_	_
421-14	TO034	421	14	cinquecento	cinquecento	_	_	_	_	_	linguistic	_	none	_	_	_	_	_	_
421-15	TO034	421	15	euro	euro	_	_	_	_	_	linguistic	_	none	_	_	_	_	_	_
421-16	TO034	421	16	[per	per	_	_	_	_	_	linguistic	_	none	_	_	_	_	_	0-3(116)
421-17	TO034	421	17	venire	venire	_	_	_	_	_	linguistic	_	none	_	_	_	_	_	0-6(116)
421-18	TO034	421	18	in	in	_	_	_	_	_	linguistic	_	none	_	_	_	_	_	0-2(116)
421-19	TO034	421	19	italia]	italia	_	_	_	_	_	linguistic	_	none	_	End=1252.139	_	_	_	0-6(116)
422-0	TO033	422	0	[sì	sì	_	_	_	_	_	linguistic	_	none	_	Begin=1251.161	_	_	_	0-2(116)
422-1	TO033	422	1	perché	perché	_	_	_	_	_	linguistic	_	none	_	_	_	_	_	0-6(116)
422-2	TO033	422	2	poi	poi	_	_	_	_	_	linguistic	_	none	_	_	_	_	_	0-3(116)
422-3	TO033	422	3	tra	tra	_	_	_	_	_	linguistic	_	none	_	_	_	_	_	0-3(116)
422-4	TO033	422	4	l'	l'	_	_	_	_	_	linguistic	_	none	SpaceAfter=No	_	_	_	_	0-2(116)
422-5	TO033	422	5	alt]ro	altro	_	_	_	_	_	linguistic	_	none	_	_	_	_	_	0-3(116)
422-6	TO033	422	6	tutti	tutti	_	_	_	_	_	linguistic	_	none	_	_	_	_	_	_
422-7	TO033	422	7	quanti,	quanti	_	_	_	_	_	linguistic	_	none	Intonation=WeaklyRising	End=1253.137	_	_	_	_
423-0	TO033	423	0	pensano	pensano	_	_	_	_	_	linguistic	_	none	_	Begin=1253.766	_	_	_	_
423-1	TO033	423	1	di	di	_	_	_	_	_	linguistic	_	none	_	_	_	_	_	_
423-2	TO033	423	2	voler	voler	_	_	_	_	_	linguistic	_	none	_	_	_	_	_	_
423-3	TO033	423	3	tornare	tornare	_	_	_	_	_	linguistic	_	none	_	_	_	_	_	_
423-4	TO033	423	4	qui	qui	_	_	_	_	_	linguistic	_	none	_	_	_	_	_	_
423-5	TO033	423	5	dopo	dopo	_	_	_	_	_	linguistic	_	none	_	_	_	_	_	_
423-6	TO033	423	6	il	il	_	_	_	_	_	linguistic	_	none	_	_	_	_	_	_
423-7	TO033	423	7	marocco	marocco	_	_	_	_	_	linguistic	_	none	_	_	_	_	_	_
423-8	TO033	423	8	[a	a	_	_	_	_	_	linguistic	_	none	_	_	_	_	_	0-1(117)
423-9	TO033	423	9	fare	fare	_	_	_	_	_	linguistic	_	none	_	_	_	_	_	0-4(117)
423-10	TO033	423	10	ricerca]	ricerca	_	_	_	_	_	linguistic	_	none	_	End=1257.366	_	_	_	0-7(117)
424-0	TO034	424	0	[a	a	_	_	_	_	_	linguistic	_	none	_	Begin=1256.227	_	_	_	0-1(117)
424-1	TO034	424	1	fare	fare	_	_	_	_	_	linguistic	_	none	_	_	_	_	_	0-4(117)
424-2	TO034	424	2	rice::rca]	ricerca	_	_	_	_	_	linguistic	_	none	_	End=1257.371	3x2	_	_	0-7(117)
425-0	TO033	425	0	capito	capito	_	_	_	_	_	linguistic	_	none	_	Begin=1257.456	_	_	_	_
425-1	TO033	425	1	perché	perché	_	_	_	_	_	linguistic	_	none	_	_	_	_	_	_
425-2	TO033	425	2	loro	loro	_	_	_	_	_	linguistic	_	none	_	_	_	_	_	_
425-3	TO033	425	3	non	non	_	_	_	_	_	linguistic	_	none	_	_	_	_	_	_
425-4	TO033	425	4	l'	l'	_	_	_	_	_	linguistic	_	none	SpaceAfter=No	_	_	_	_	_
425-5	TO033	425	5	han	han	_	_	_	_	_	linguistic	_	none	_	_	_	_	_	_
425-6	TO033	425	6	fatta	fatta	_	_	_	_	_	linguistic	_	none	_	_	_	_	_	_
425-7	TO033	425	7	in	in	_	_	_	_	_	linguistic	_	none	_	_	_	_	_	_
425-8	TO033	425	8	dodici	dodici	_	_	_	_	_	linguistic	_	none	_	_	_	_	_	_
425-9	TO033	425	9	mesi	mesi	_	_	_	_	_	linguistic	_	none	_	_	_	_	_	_
425-10	TO033	425	10	in	in	_	_	_	_	_	linguistic	_	none	_	_	_	_	_	_
425-11	TO033	425	11	cui	cui	_	_	_	_	_	linguistic	_	none	_	_	_	_	_	_
425-12	TO033	425	12	erano	erano	_	_	_	_	_	linguistic	_	none	_	_	_	_	_	_
425-13	TO033	425	13	in	in	_	_	_	_	_	linguistic	_	none	_	_	_	_	_	_
425-14	TO033	425	14	italia	italia	_	_	_	_	_	linguistic	_	none	_	_	_	_	_	_
425-15	TO033	425	15	hai	hai	_	_	_	_	_	linguistic	_	none	_	_	_	_	_	_
425-16	TO033	425	16	capito?	capito	_	_	_	_	_	linguistic	_	none	Intonation=Rising	End=1261.526	_	_	_	_
426-0	TO034	426	0	e	e	_	_	_	_	_	linguistic	_	none	_	Begin=1262.239	_	_	_	_
426-1	TO034	426	1	in	in	_	_	_	_	_	linguistic	_	none	_	_	_	_	_	_
426-2	TO034	426	2	sei	sei	_	_	_	_	_	linguistic	_	none	_	_	_	_	_	_
426-3	TO034	426	3	mesi	mesi	_	_	_	_	_	linguistic	_	none	_	_	_	_	_	_
426-4	TO034	426	4	invece	invece	_	_	_	_	_	linguistic	_	none	_	_	_	_	_	_
426-5	TO034	426	5	[dobbiamo::]	dobbiamo	_	_	_	_	_	linguistic	_	none	_	End=1263.825	7x2	_	_	0-8(118)
427-0	TO033	427	0	[e	e	_	_	_	_	_	linguistic	_	none	_	Begin=1263.155	_	_	_	0-1(118)
427-1	TO033	427	1	tutt~	tutt~	_	_	_	_	_	linguistic	_	none	Interrupted=Yes	_	_	_	_	0-5(118)
427-2	TO033	427	2	e	e	_	_	_	_	_	linguistic	_	none	_	_	_	_	_	0-1(118)
427-3	TO033	427	3	tu]tti	tutti	_	_	_	_	_	linguistic	_	none	_	_	_	_	_	0-2(118)
427-4	TO033	427	4	che	che	_	_	_	_	_	linguistic	_	none	_	_	_	_	_	_
427-5	TO033	427	5	gli	gli	_	_	_	_	_	linguistic	_	none	_	_	_	_	_	_
427-6	TO033	427	6	dicevano	dicevano	_	_	_	_	_	linguistic	_	none	_	_	_	_	_	_
427-7	TO033	427	7	ragazzi	ragazzi	_	_	_	_	_	linguistic	_	none	_	_	_	_	_	_
427-8	TO033	427	8	ma	ma	_	_	_	_	_	linguistic	_	none	_	_	_	_	_	_
427-9	TO033	427	9	voi	voi	_	_	_	_	_	linguistic	_	none	_	_	_	_	_	_
427-10	TO033	427	10	lo	lo	_	_	_	_	_	linguistic	_	none	_	_	_	_	_	_
427-11	TO033	427	11	[sapete	sapete	_	_	_	_	_	linguistic	_	none	_	_	_	_	_	0-6(119)
427-12	TO033	427	12	che]	che	_	_	_	_	_	linguistic	_	none	_	End=1266.119	_	_	_	0-3(119)
428-0	TO029	428	0	[scriviamo	scriviamo	_	_	_	_	_	linguistic	_	none	_	Begin=1265.206	_	_	_	0-9(119)
428-1	TO029	428	1	un]	un	_	_	_	_	_	linguistic	_	none	_	_	_	_	_	0-2(119)
428-2	TO029	428	2	pamphlet	pamphlet	_	_	_	_	_	linguistic	_	none	_	End=1266.384	_	_	_	_
429-0	TO033	429	0	no	no	_	_	_	_	_	linguistic	_	none	_	Begin=1266.338	_	_	_	_
429-1	TO033	429	1	ma	ma	_	_	_	_	_	linguistic	_	none	_	_	_	_	_	_
429-2	TO033	429	2	più	più	_	_	_	_	_	linguistic	_	none	_	_	_	_	_	_
429-3	TO033	429	3	che	che	_	_	_	_	_	linguistic	_	none	_	_	_	_	_	_
429-4	TO033	429	4	altro	altro	_	_	_	_	_	linguistic	_	none	_	_	_	_	_	_
429-5	TO033	429	5	è	è	_	_	_	_	_	linguistic	_	none	_	_	_	_	_	_
429-6	TO033	429	6	molto	molto	_	_	_	_	_	linguistic	_	none	_	_	_	_	_	_
429-7	TO033	429	7	difficile	difficile	_	_	_	_	_	linguistic	_	none	_	_	_	_	_	_
429-8	TO033	429	8	avere	avere	_	_	_	_	_	linguistic	_	none	_	_	_	_	_	_
429-9	TO033	429	9	un	un	_	_	_	_	_	linguistic	_	none	_	_	_	_	_	_
429-10	TO033	429	10	visto	visto	_	_	_	_	_	linguistic	_	none	_	_	_	_	_	_
429-11	TO033	429	11	per~	per~	_	_	_	_	_	linguistic	_	none	Interrupted=Yes	_	_	_	_	_
429-12	TO033	429	12	cioè	cioè	_	_	_	_	_	linguistic	_	none	_	_	_	_	_	_
429-13	TO033	429	13	non	non	_	_	_	_	_	linguistic	_	none	_	_	_	_	_	_
429-14	TO033	429	14	è	è	_	_	_	_	_	linguistic	_	none	_	_	_	_	_	_
429-15	TO033	429	15	come	come	_	_	_	_	_	linguistic	_	none	_	_	_	_	_	_
429-16	TO033	429	16	qua	qua	_	_	_	_	_	linguistic	_	none	_	_	_	_	_	_
429-17	TO033	429	17	loro	loro	_	_	_	_	_	linguistic	_	none	_	_	_	_	_	_
429-18	TO033	429	18	devono	devono	_	_	_	_	_	linguistic	_	none	_	_	_	_	_	_
429-19	TO033	429	19	parlare	parlare	_	_	_	_	_	linguistic	_	none	_	_	_	_	_	_
429-20	TO033	429	20	tutti	tutti	_	_	_	_	_	linguistic	_	none	_	_	_	_	_	_
429-21	TO033	429	21	col	col	_	_	_	_	_	linguistic	_	none	_	_	_	_	_	_
429-22	TO033	429	22	consolato	consolato	_	_	_	_	_	linguistic	_	none	_	_	_	_	_	_
429-23	TO033	429	23	con	con	_	_	_	_	_	linguistic	_	none	_	_	_	_	_	_
429-24	TO033	429	24	l'	l'	_	_	_	_	_	linguistic	_	none	SpaceAfter=No	_	_	_	_	_
429-25	TO033	429	25	ambasciata	ambasciata	_	_	_	_	_	linguistic	_	none	_	End=1273.553	_	_	_	_
430-0	TO033	430	0	[per	per	_	_	_	_	_	linguistic	_	none	_	Begin=1273.903	_	_	_	0-3(122)
430-1	TO033	430	1	avere	avere	_	_	_	_	_	linguistic	_	none	_	_	_	_	_	0-5(122)
430-2	TO033	430	2	un	un	_	_	_	_	_	linguistic	_	none	_	_	_	_	_	0-2(122)
430-3	TO033	430	3	vis]to	visto	_	_	_	_	_	linguistic	_	none	_	_	_	_	_	0-3(122)
430-4	TO033	430	4	per	per	_	_	_	_	_	linguistic	_	none	_	_	_	_	_	_
430-5	TO033	430	5	venire	venire	_	_	_	_	_	linguistic	_	none	_	_	_	_	_	_
430-6	TO033	430	6	in	in	_	_	_	_	_	linguistic	_	none	_	_	_	_	_	_
430-7	TO033	430	7	italia	italia	_	_	_	_	_	linguistic	_	none	_	_	_	_	_	_
430-8	TO033	430	8	devi	devi	_	_	_	_	_	linguistic	_	none	_	_	_	_	_	_
430-9	TO033	430	9	avere	avere	_	_	_	_	_	linguistic	_	none	_	_	_	_	_	_
430-10	TO033	430	10	un	un	_	_	_	_	_	linguistic	_	none	_	_	_	_	_	_
430-11	TO033	430	11	conto	conto	_	_	_	_	_	linguistic	_	none	_	_	_	_	_	_
430-12	TO033	430	12	aperto	aperto	_	_	_	_	_	linguistic	_	none	_	_	_	_	_	_
430-13	TO033	430	13	cioè	cioè	_	_	_	_	_	linguistic	_	none	_	_	_	_	_	_
430-14	TO033	430	14	devi	devi	_	_	_	_	_	linguistic	_	none	_	_	_	_	_	_
430-15	TO033	430	15	avere	avere	_	_	_	_	_	linguistic	_	none	_	_	_	_	_	_
430-16	TO033	430	16	[tutto],	tutto	_	_	_	_	_	linguistic	_	none	Intonation=WeaklyRising	End=1277.873	_	_	_	0-5(121)
431-0	TO029	431	0	[e	e	_	_	_	_	_	linguistic	_	none	_	Begin=1273.909	_	_	_	0-1(122)
431-1	TO029	431	1	certo::]	certo	_	_	_	_	_	linguistic	_	none	_	End=1274.88	4x2	_	_	0-5(122)
432-0	TO029	432	0	[ah	ah	_	_	_	_	_	linguistic	_	none	_	Begin=1277.291	_	_	_	0-2(121)
432-1	TO029	432	1	mille]	mille	_	_	_	_	_	linguistic	_	none	_	_	_	_	_	0-5(121)
432-2	TO029	432	2	robe	robe	_	_	_	_	_	linguistic	_	none	_	End=1278.345	_	_	_	_
433-0	TO033	433	0	beh	beh	_	_	_	_	_	linguistic	_	none	_	Begin=1278.415	_	_	_	_
433-1	TO033	433	1	fatto	fatto	_	_	_	_	_	linguistic	_	none	_	_	_	_	_	_
433-2	TO033	433	2	sta	sta	_	_	_	_	_	linguistic	_	none	_	_	_	_	_	_
433-3	TO033	433	3	asp~	asp~	_	_	_	_	_	linguistic	_	none	Interrupted=Yes	_	_	_	_	_
433-4	TO033	433	4	[non	non	_	_	_	_	_	linguistic	_	none	_	_	_	_	_	0-3(?)
433-5	TO033	433	5	ho	ho	_	_	_	_	_	linguistic	_	none	_	_	_	_	_	0-2(?)
433-6	TO033	433	6	finito],	finito	_	_	_	_	_	linguistic	_	none	Intonation=WeaklyRising	End=1280.876	_	_	_	0-6(?)
434-0	TO034	434	0	[sì	sì	_	_	_	_	_	linguistic	_	none	_	Begin=1278.875	_	_	_	0-2(123)
434-1	TO034	434	1	sì]	sì	_	_	_	_	_	linguistic	_	none	_	End=1279.563	_	_	_	0-2(123)
435-0	TO029	435	0	[ma	ma	_	_	_	_	_	linguistic	_	none	_	Begin=1279.622	_	_	_	0-2(124)
435-1	TO029	435	1	anche	anche	_	_	_	_	_	linguistic	_	none	_	_	_	_	_	0-5(124)
435-2	TO029	435	2	per	per	_	_	_	_	_	linguistic	_	none	_	_	_	_	_	0-3(124)
435-3	TO029	435	3	venire	venire	_	_	_	_	_	linguistic	_	none	_	_	_	_	_	0-6(124)
435-4	TO029	435	4	una	una	_	_	_	_	_	linguistic	_	none	_	_	_	_	_	0-3(124)
435-5	TO029	435	5	settima]na?	settimana	_	_	_	_	_	linguistic	_	none	Intonation=Rising	End=1281.043	_	_	_	0-7(124)
436-0	TO029	436	0	no	no	_	_	_	_	_	linguistic	_	none	_	Begin=1281.797|End=1282.124	_	_	_	_
437-0	TO034	437	0	in	in	_	_	_	_	_	linguistic	_	none	_	Begin=1282.269	_	_	_	_
437-1	TO034	437	1	generale	generale	_	_	_	_	_	linguistic	_	none	_	_	_	_	_	_
437-2	TO034	437	2	il	il	_	_	_	_	_	linguistic	_	none	_	_	_	_	_	_
437-3	TO034	437	3	visto	visto	_	_	_	_	_	linguistic	_	none	_	_	_	_	_	_
437-4	TO034	437	4	[per]	per	_	_	_	_	_	linguistic	_	none	ProsodicLink=Yes	_	_	_	_	0-3(125)
437-5	TO034	437	5	e:::hm	ehm	_	_	_	_	_	linguistic	_	none	_	End=1284.246	0x3	_	_	_
438-0	TO033	438	0	[no	no	_	_	_	_	_	linguistic	_	none	_	Begin=1283.13	_	_	_	0-2(125)
438-1	TO033	438	1	per]	per	_	_	_	_	_	linguistic	_	none	_	End=1283.636	_	_	_	0-3(125)
439-0	TO033	439	0	[alla	alla	_	_	_	_	_	linguistic	_	none	_	Begin=1284.774	_	_	_	0-4(126)
439-1	TO033	439	1	fine	fine	_	_	_	_	_	linguistic	_	none	_	_	_	_	_	0-4(126)
439-2	TO033	439	2	alla]	alla	_	_	_	_	_	linguistic	_	none	_	_	_	_	_	0-4(126)
439-3	TO033	439	3	alla	alla	_	_	_	_	_	linguistic	_	none	_	_	_	_	_	_
439-4	TO033	439	4	fine	fine	_	_	_	_	_	linguistic	_	none	_	_	_	_	_	_
439-5	TO033	439	5	fine	fine	_	_	_	_	_	linguistic	_	none	_	_	_	_	_	_
439-6	TO033	439	6	di	di	_	_	_	_	_	linguistic	_	none	_	_	_	_	_	_
439-7	TO033	439	7	tutto,	tutto	_	_	_	_	_	linguistic	_	none	Intonation=WeaklyRising	End=1286.705	_	_	_	_
440-0	TO034	440	0	[per	per	_	_	_	_	_	linguistic	_	none	_	Begin=1284.778	_	_	_	0-3(126)
440-1	TO034	440	1	l'	l'	_	_	_	_	_	linguistic	_	none	SpaceAfter=No	_	_	_	_	0-2(126)
440-2	TO034	440	2	europa	europa	_	_	_	_	_	linguistic	_	none	_	_	_	_	_	0-6(126)
440-3	TO034	440	3	no]?	no	_	_	_	_	_	linguistic	_	none	Intonation=Rising	End=1285.795	_	_	_	0-2(126)
441-0	TO033	441	0	e::h	eh	_	_	_	_	_	linguistic	_	none	_	Begin=1287.187	0x2	_	_	_
441-1	TO033	441	1	xxx	xxx	_	_	_	_	_	unknown	_	none	Syllables=3	_	_	_	_	_
441-2	TO033	441	2	va	va	_	_	_	_	_	linguistic	_	none	_	_	_	_	_	_
441-3	TO033	441	3	da	da	_	_	_	_	_	linguistic	_	none	_	_	_	_	_	_
441-4	TO033	441	4	erika,	erika	_	_	_	_	_	linguistic	_	none	Intonation=WeaklyRising	End=1289.43	_	_	_	_
442-0	TO033	442	0	e	e	_	_	_	_	_	linguistic	_	none	_	Begin=1289.679	_	_	_	_
442-1	TO033	442	1	dice::	dice	_	_	_	_	_	linguistic	_	none	_	_	3x2	_	_	_
442-2	TO033	442	2	[scusa	scusa	_	_	_	_	_	linguistic	_	none	_	_	_	_	_	0-5(127)
442-3	TO033	442	3	ma]	ma	_	_	_	_	_	linguistic	_	none	_	End=1291.252	_	_	_	0-2(127)
443-0	TO034	443	0	[no:	no	_	_	_	_	_	linguistic	_	none	_	Begin=1290.335	1x1	_	_	0-2(127)
443-1	TO034	443	1	ad	ad	_	_	_	_	_	linguistic	_	none	_	_	_	_	_	0-2(127)
443-2	TO034	443	2	alta	alta	_	_	_	_	_	linguistic	_	none	_	_	_	_	_	0-4(127)
443-3	TO034	443	3	vo]::~	vo~	_	_	_	_	_	linguistic	_	none	Interrupted=Yes|PauseAfter=Yes	_	1x2	_	_	0-2(127)
443-4	TO034	443	4	(.)	(.)	_	_	_	_	_	shortpause	_	none	_	_	_	_	_	_
443-5	TO034	443	5	o	o	_	_	_	_	_	linguistic	_	none	_	_	_	_	_	_
443-6	TO034	443	6	no::?	no	_	_	_	_	_	linguistic	_	none	Intonation=Rising	End=1292.388	1x2	_	_	_
444-0	TO033	444	0	no	no	_	_	_	_	_	linguistic	_	none	_	Begin=1292.444	_	_	_	_
444-1	TO033	444	1	no	no	_	_	_	_	_	linguistic	_	none	_	_	_	_	_	_
444-2	TO033	444	2	secondo	secondo	_	_	_	_	_	linguistic	_	none	_	_	_	_	_	_
444-3	TO033	444	3	me	me	_	_	_	_	_	linguistic	_	none	_	_	_	_	_	_
444-4	TO033	444	4	è	è	_	_	_	_	_	linguistic	_	none	_	_	_	_	_	_
444-5	TO033	444	5	anda[to::]	andato	_	_	_	_	_	linguistic	_	none	_	End=1294.17	5x2	_	_	4-6(128)
445-0	TO034	445	0	[no	no	_	_	_	_	_	linguistic	_	none	_	Begin=1293.957	_	_	_	0-2(128)
445-1	TO034	445	1	per]ché	perché	_	_	_	_	_	linguistic	_	none	_	_	_	_	_	0-3(128)
445-2	TO034	445	2	forse	forse	_	_	_	_	_	linguistic	_	none	_	_	_	_	_	_
445-3	TO034	445	3	matteo	matteo	_	_	_	_	_	linguistic	_	none	_	_	_	_	_	_
445-4	TO034	445	4	no	no	_	_	_	_	_	linguistic	_	none	_	_	_	_	_	_
445-5	TO034	445	5	ma	ma	_	_	_	_	_	linguistic	_	none	_	_	_	_	_	_
445-6	TO034	445	6	xxx	xxx	_	_	_	_	_	unknown	_	none	Syllables=3	End=1297.064	_	_	_	_
446-0	TO033	446	0	comunq[ue	comunque	_	_	_	_	_	linguistic	_	none	_	Begin=1297.064	_	_	_	6-8(129)
446-1	TO033	446	1	si	si	_	_	_	_	_	linguistic	_	none	_	_	_	_	_	0-2(129)
446-2	TO033	446	2	si	si	_	_	_	_	_	linguistic	_	none	_	_	_	_	_	0-2(129)
446-3	TO033	446	3	stavano]:::	stavano	_	_	_	_	_	linguistic	_	none	_	_	6x3	_	_	0-7(129)
446-4	TO033	446	4	sì	sì	_	_	_	_	_	linguistic	_	none	_	_	_	_	_	_
446-5	TO033	446	5	perché	perché	_	_	_	_	_	linguistic	_	none	_	End=1299.299	_	_	_	_
447-0	TO034	447	0	[sottovo:::ce]	sottovoce	_	_	_	_	_	linguistic	_	none	_	Begin=1297.322|End=1298.346	6x3	_	_	0-9(129)
448-0	TO034	448	0	c'	c'	_	_	_	_	_	linguistic	_	none	SpaceAfter=No	Begin=1299.299	_	_	_	_
448-1	TO034	448	1	era	era	_	_	_	_	_	linguistic	_	none	_	_	_	_	_	_
448-2	TO034	448	2	una	una	_	_	_	_	_	linguistic	_	none	_	_	_	_	_	_
448-3	TO034	448	3	tensione	tensione	_	_	_	_	_	linguistic	_	none	_	_	_	_	_	_
448-4	TO034	448	4	tra	tra	_	_	_	_	_	linguistic	_	none	_	_	_	_	_	_
448-5	TO034	448	5	[di	di	_	_	_	_	_	linguistic	_	none	_	_	_	_	_	0-2(130)
448-6	TO034	448	6	loro	loro	_	_	_	_	_	linguistic	_	none	_	_	_	_	_	0-4(130)
448-7	TO034	448	7	una	una	_	_	_	_	_	linguistic	_	none	_	_	_	_	_	0-3(130)
448-8	TO034	448	8	cosa::]	cosa	_	_	_	_	_	linguistic	_	none	_	End=1301.353	3x2	_	_	0-4(130)
449-0	TO033	449	0	[esatto	esatto	_	_	_	_	_	linguistic	_	none	_	Begin=1300.136	_	_	_	0-6(130)
449-1	TO033	449	1	tipo	tipo	_	_	_	_	_	linguistic	_	none	_	_	_	_	_	0-4(130)
449-2	TO033	449	2	alla	alla	_	_	_	_	_	linguistic	_	none	_	_	_	_	_	0-4(130)
449-3	TO033	449	3	terza	terza	_	_	_	_	_	linguistic	_	none	_	_	_	_	_	0-5(130)
449-4	TO033	449	4	persona]	persona	_	_	_	_	_	linguistic	_	none	_	_	_	_	_	0-7(130)
449-5	TO033	449	5	che	che	_	_	_	_	_	linguistic	_	none	_	_	_	_	_	_
449-6	TO033	449	6	diceva	diceva	_	_	_	_	_	linguistic	_	none	_	_	_	_	_	_
449-7	TO033	449	7	tipo	tipo	_	_	_	_	_	linguistic	_	none	_	_	_	_	_	_
449-8	TO033	449	8	devo	devo	_	_	_	_	_	linguistic	_	none	_	_	_	_	_	_
449-9	TO033	449	9	dare	dare	_	_	_	_	_	linguistic	_	none	_	_	_	_	_	_
449-10	TO033	449	10	altri	altri	_	_	_	_	_	linguistic	_	none	_	_	_	_	_	_
449-11	TO033	449	11	due	due	_	_	_	_	_	linguistic	_	none	_	_	_	_	_	_
449-12	TO033	449	12	eh	eh	_	_	_	_	_	linguistic	_	none	_	End=1303.906	_	_	_	_
450-0	TO034	450	0	tra	tra	_	_	_	_	_	linguistic	_	none	_	Begin=1303.906	_	_	_	_
450-1	TO034	450	1	una	una	_	_	_	_	_	linguistic	_	none	_	_	_	_	_	_
450-2	TO034	450	2	settimana	settimana	_	_	_	_	_	linguistic	_	none	_	_	_	_	_	_
450-3	TO034	450	3	e	e	_	_	_	_	_	linguistic	_	none	_	_	_	_	_	_
450-4	TO034	450	4	ancora	ancora	_	_	_	_	_	linguistic	_	none	_	_	_	_	_	_
450-5	TO034	450	5	[non	non	_	_	_	_	_	linguistic	_	none	_	_	_	_	_	0-3(131)
450-6	TO034	450	6	ha	ha	_	_	_	_	_	linguistic	_	none	_	_	_	_	_	0-2(131)
450-7	TO034	450	7	aperto	aperto	_	_	_	_	_	linguistic	_	none	_	_	_	_	_	0-6(131)
450-8	TO034	450	8	li::bro],	libro	_	_	_	_	_	linguistic	_	none	Intonation=WeaklyRising	End=1306.341	1x2	_	_	0-5(131)
451-0	TO033	451	0	[eh	eh	_	_	_	_	_	linguistic	_	none	_	Begin=1304.834	_	_	_	0-2(131)
451-1	TO033	451	1	alla	alla	_	_	_	_	_	linguistic	_	none	_	_	_	_	_	0-4(131)
451-2	TO033	451	2	terza	terza	_	_	_	_	_	linguistic	_	none	_	_	_	_	_	0-5(131)
451-3	TO033	451	3	volta	volta	_	_	_	_	_	linguistic	_	none	_	_	_	_	_	0-5(131)
451-4	TO033	451	4	che	che	_	_	_	_	_	linguistic	_	none	_	_	_	_	_	0-3(131)
451-5	TO033	451	5	eri]ka	erika	_	_	_	_	_	linguistic	_	none	_	_	_	_	_	0-3(131)
451-6	TO033	451	6	faceva	faceva	_	_	_	_	_	linguistic	_	none	_	_	_	_	_	_
451-7	TO033	451	7	eh	eh	_	_	_	_	_	linguistic	_	none	_	_	_	_	_	_
451-8	TO033	451	8	appunto	appunto	_	_	_	_	_	linguistic	_	none	_	_	_	_	_	_
451-9	TO033	451	9	cioè	cioè	_	_	_	_	_	linguistic	_	none	_	_	_	_	_	_
451-10	TO033	451	10	tra	tra	_	_	_	_	_	linguistic	_	none	_	_	_	_	_	_
451-11	TO033	451	11	una	una	_	_	_	_	_	linguistic	_	none	_	_	_	_	_	_
451-12	TO033	451	12	sett~	sett~	_	_	_	_	_	linguistic	_	none	Interrupted=Yes	_	_	_	_	_
451-13	TO033	451	13	loro	loro	_	_	_	_	_	linguistic	_	none	_	_	_	_	_	_
451-14	TO033	451	14	avevano	avevano	_	_	_	_	_	linguistic	_	none	_	_	_	_	_	_
451-15	TO033	451	15	riunione	riunione	_	_	_	_	_	linguistic	_	none	_	_	_	_	_	_
451-16	TO033	451	16	lunedì	lunedì	_	_	_	_	_	linguistic	_	none	_	End=1310.006	_	_	_	_
452-0	TO033	452	0	oggi	oggi	_	_	_	_	_	linguistic	_	none	_	Begin=1310.331	_	_	_	_
452-1	TO033	452	1	avevano	avevano	_	_	_	_	_	linguistic	_	none	_	_	_	_	_	_
452-2	TO033	452	2	un	un	_	_	_	_	_	linguistic	_	none	_	_	_	_	_	_
452-3	TO033	452	3	esame	esame	_	_	_	_	_	linguistic	_	none	_	_	_	_	_	_
452-4	TO033	452	4	[e	e	_	_	_	_	_	linguistic	_	none	_	_	_	_	_	0-1(132)
452-5	TO033	452	5	martedì	martedì	_	_	_	_	_	linguistic	_	none	_	_	_	_	_	0-7(132)
452-6	TO033	452	6	pro]ssimo	prossimo	_	_	_	_	_	linguistic	_	none	_	_	_	_	_	0-3(132)
452-7	TO033	452	7	antropologia	antropologia	_	_	_	_	_	linguistic	_	none	_	_	_	_	_	_
452-8	TO033	452	8	capito?	capito	_	_	_	_	_	linguistic	_	none	Intonation=Rising	End=1314.466	_	_	_	_
453-0	TO034	453	0	[e	e	_	_	_	_	_	linguistic	_	none	_	Begin=1311.634	_	_	_	0-1(132)
453-1	TO034	453	1	martedì	martedì	_	_	_	_	_	linguistic	_	none	_	_	_	_	_	0-7(132)
453-2	TO034	453	2	prossimo],	prossimo	_	_	_	_	_	linguistic	_	none	Intonation=WeaklyRising	End=1312.783	_	_	_	0-8(132)
454-0	TO029	454	0	e:::?	e	_	_	_	_	_	linguistic	_	none	Intonation=Rising	Begin=1314.901|End=1315.259	0x3	_	_	_
455-0	TO033	455	0	e:::	e	_	_	_	_	_	linguistic	_	none	_	Begin=1315.654	0x3	_	_	_
455-1	TO033	455	1	e	e	_	_	_	_	_	linguistic	_	none	_	_	_	_	_	_
455-2	TO033	455	2	lei	lei	_	_	_	_	_	linguistic	_	none	_	_	_	_	_	_
455-3	TO033	455	3	quindi	quindi	_	_	_	_	_	linguistic	_	none	_	_	_	_	_	_
455-4	TO033	455	4	alla	alla	_	_	_	_	_	linguistic	_	none	_	_	_	_	_	_
455-5	TO033	455	5	terza	terza	_	_	_	_	_	linguistic	_	none	_	_	_	_	_	_
455-6	TO033	455	6	volta::	volta	_	_	_	_	_	linguistic	_	none	_	_	4x2	_	_	_
455-7	TO033	455	7	tipo	tipo	_	_	_	_	_	linguistic	_	none	_	_	_	_	_	_
455-8	TO033	455	8	già	già	_	_	_	_	_	linguistic	_	none	_	_	_	_	_	_
455-9	TO033	455	9	xxxxx	xxxxx	_	_	_	_	_	unknown	_	none	Syllables=5	_	_	_	_	_
455-10	TO033	455	10	lei	lei	_	_	_	_	_	linguistic	_	none	_	_	_	_	_	_
455-11	TO033	455	11	diceva	diceva	_	_	_	_	_	linguistic	_	none	_	End=1320.539	_	_	_	_
456-0	TO034	456	0	ma::::	ma	_	_	_	_	_	linguistic	_	none	_	Begin=1320.519	1x4	_	_	_
456-1	TO034	456	1	[qual	qual	_	_	_	_	_	linguistic	_	none	_	_	_	_	_	0-4(134)
456-2	TO034	456	2	è	è	_	_	_	_	_	linguistic	_	none	_	_	_	_	_	0-1(134)
456-3	TO034	456	3	il	il	_	_	_	_	_	linguistic	_	none	_	_	_	_	_	0-2(134)
456-4	TO034	456	4	problema]?	problema	_	_	_	_	_	linguistic	_	none	Intonation=Rising	End=1322.251	_	_	_	0-8(134)
457-0	TO033	457	0	[su	su	_	_	_	_	_	linguistic	_	none	_	Begin=1321.466	_	_	_	0-2(134)
457-1	TO033	457	1	quale	quale	_	_	_	_	_	linguistic	_	none	_	_	_	_	_	0-5(134)
457-2	TO033	457	2	xxx]	xxx	_	_	_	_	_	unknown	_	none	Syllables=3	_	_	_	_	0-3(134)
457-3	TO033	457	3	ah	ah	_	_	_	_	_	linguistic	_	none	_	_	_	_	_	_
457-4	TO033	457	4	ovviamente	ovviamente	_	_	_	_	_	linguistic	_	none	_	_	_	_	_	_
457-5	TO033	457	5	ah	ah	_	_	_	_	_	linguistic	_	none	_	_	_	_	_	_
457-6	TO033	457	6	no::	no	_	_	_	_	_	linguistic	_	none	_	_	1x2	_	_	_
457-7	TO033	457	7	aspetta	aspetta	_	_	_	_	_	linguistic	_	none	_	End=1323.973	_	_	_	_
458-0	TO033	458	0	se	se	_	_	_	_	_	linguistic	_	none	_	Begin=1324.762	_	_	_	_
458-1	TO033	458	1	sono	sono	_	_	_	_	_	linguistic	_	none	_	_	_	_	_	_
458-2	TO033	458	2	in	in	_	_	_	_	_	linguistic	_	none	_	_	_	_	_	_
458-3	TO033	458	3	sette	sette	_	_	_	_	_	linguistic	_	none	_	_	_	_	_	_
458-4	TO033	458	4	no?	no	_	_	_	_	_	linguistic	_	none	Intonation=Rising	_	_	_	_	_
458-5	TO033	458	5	lara	lara	_	_	_	_	_	linguistic	_	none	_	_	_	_	_	_
458-6	TO033	458	6	il	il	_	_	_	_	_	linguistic	_	none	_	_	_	_	_	_
458-7	TO033	458	7	corso	corso	_	_	_	_	_	linguistic	_	none	_	_	_	_	_	_
458-8	TO033	458	8	di	di	_	_	_	_	_	linguistic	_	none	_	_	_	_	_	_
458-9	TO033	458	9	italiano	italiano	_	_	_	_	_	linguistic	_	none	_	_	_	_	_	_
458-10	TO033	458	10	lo	lo	_	_	_	_	_	linguistic	_	none	_	_	_	_	_	_
458-11	TO033	458	11	faceva	faceva	_	_	_	_	_	linguistic	_	none	_	_	_	_	_	_
458-12	TO033	458	12	a	a	_	_	_	_	_	linguistic	_	none	_	_	_	_	_	_
458-13	TO033	458	13	tre	tre	_	_	_	_	_	linguistic	_	none	_	_	_	_	_	_
458-14	TO033	458	14	su	su	_	_	_	_	_	linguistic	_	none	_	_	_	_	_	_
458-15	TO033	458	15	sei	sei	_	_	_	_	_	linguistic	_	none	_	_	_	_	_	_
458-16	TO033	458	16	insufficienza	insufficienza	_	_	_	_	_	linguistic	_	none	_	_	_	_	_	_
458-17	TO033	458	17	nel	nel	_	_	_	_	_	linguistic	_	none	_	_	_	_	_	_
458-18	TO033	458	18	corso	corso	_	_	_	_	_	linguistic	_	none	_	_	_	_	_	_
458-19	TO033	458	19	di	di	_	_	_	_	_	linguistic	_	none	_	_	_	_	_	_
458-20	TO033	458	20	italiano	italiano	_	_	_	_	_	linguistic	_	none	_	_	_	_	_	_
458-21	TO033	458	21	xx	xx	_	_	_	_	_	unknown	_	none	Syllables=2	_	_	_	_	_
458-22	TO033	458	22	xx[xxx	xxxxx	_	_	_	_	_	unknown	_	none	Syllables=5	_	_	_	_	2-5(135)
458-23	TO033	458	23	x	x	_	_	_	_	_	unknown	_	none	Syllables=1	_	_	_	_	0-1(135)
458-24	TO033	458	24	xx]	xx	_	_	_	_	_	unknown	_	none	Syllables=2	End=1332.133	_	_	_	0-2(135)
459-0	TO029	459	0	[beh	beh	_	_	_	_	_	linguistic	_	none	_	Begin=1331.184	_	_	_	0-3(135)
459-1	TO029	459	1	io	io	_	_	_	_	_	linguistic	_	none	_	_	_	_	_	0-2(135)
459-2	TO029	459	2	ho	ho	_	_	_	_	_	linguistic	_	none	_	_	_	_	_	0-2(135)
459-3	TO029	459	3	incontrato]	incontrato	_	_	_	_	_	linguistic	_	none	_	_	_	_	_	0-10(135)
459-4	TO029	459	4	xx	xx	_	_	_	_	_	unknown	_	none	Syllables=2	_	_	_	_	_
459-5	TO029	459	5	la	la	_	_	_	_	_	linguistic	_	none	_	_	_	_	_	_
459-6	TO029	459	6	settimana	settimana	_	_	_	_	_	linguistic	_	none	_	_	_	_	_	_
459-7	TO029	459	7	scorsa	scorsa	_	_	_	_	_	linguistic	_	none	_	_	_	_	_	_
459-8	TO029	459	8	quando	quando	_	_	_	_	_	linguistic	_	none	_	_	_	_	_	_
459-9	TO029	459	9	mi	mi	_	_	_	_	_	linguistic	_	none	_	_	_	_	_	_
459-10	TO029	459	10	hai	hai	_	_	_	_	_	linguistic	_	none	_	_	_	_	_	_
459-11	TO029	459	11	detto	detto	_	_	_	_	_	linguistic	_	none	_	_	_	_	_	_
459-12	TO029	459	12	[non	non	_	_	_	_	_	linguistic	_	none	_	_	_	_	_	0-3(136)
459-13	TO029	459	13	ho	ho	_	_	_	_	_	linguistic	_	none	_	_	_	_	_	0-2(136)
459-14	TO029	459	14	parole]	parole	_	_	_	_	_	linguistic	_	none	_	_	_	_	_	0-6(136)
459-15	TO029	459	15	ora	ora	_	_	_	_	_	linguistic	_	none	_	_	_	_	_	_
459-16	TO029	459	16	ho	ho	_	_	_	_	_	linguistic	_	none	_	_	_	_	_	_
459-17	TO029	459	17	capito	capito	_	_	_	_	_	linguistic	_	none	_	_	_	_	_	_
459-18	TO029	459	18	che	che	_	_	_	_	_	linguistic	_	none	_	_	_	_	_	_
459-19	TO029	459	19	m'	m'	_	_	_	_	_	linguistic	_	none	SpaceAfter=No	_	_	_	_	_
459-20	TO029	459	20	(aveva	aveva	_	_	_	_	_	linguistic	_	none	_	_	_	_	_	_
459-21	TO029	459	21	detto	detto	_	_	_	_	_	linguistic	_	none	_	_	_	_	_	_
459-22	TO029	459	22	cosa	cosa	_	_	_	_	_	linguistic	_	none	_	_	_	_	_	_
459-23	TO029	459	23	ma	ma	_	_	_	_	_	linguistic	_	none	_	_	_	_	_	_
459-24	TO029	459	24	cosa	cosa	_	_	_	_	_	linguistic	_	none	_	_	_	_	_	_
459-25	TO029	459	25	[dove	dove	_	_	_	_	_	linguistic	_	none	_	_	_	_	_	0-4(137)
459-26	TO029	459	26	vai	vai	_	_	_	_	_	linguistic	_	none	_	_	_	_	_	0-3(137)
459-27	TO029	459	27	e	e	_	_	_	_	_	linguistic	_	none	_	_	_	_	_	0-1(137)
459-28	TO029	459	28	mi	mi	_	_	_	_	_	linguistic	_	none	_	_	_	_	_	0-2(137)
459-29	TO029	459	29	fa],	fa	_	_	_	_	_	linguistic	_	none	Intonation=WeaklyRising	End=1338.075	_	_	_	0-2(137)
460-0	TO034	460	0	[lui	lui	_	_	_	_	_	linguistic	_	none	_	Begin=1333.822	_	_	_	0-3(136)
460-1	TO034	460	1	ti	ti	_	_	_	_	_	linguistic	_	none	_	_	_	_	_	0-2(136)
460-2	TO034	460	2	parla	parla	_	_	_	_	_	linguistic	_	none	_	_	_	_	_	0-5(136)
460-3	TO034	460	3	in	in	_	_	_	_	_	linguistic	_	none	_	_	_	_	_	0-2(136)
460-4	TO034	460	4	mh	mh	_	_	_	_	_	linguistic	_	none	_	_	_	_	_	0-2(136)
460-5	TO034	460	5	sì]	sì	_	_	_	_	_	linguistic	_	none	_	End=1335.514	_	_	_	0-2(136)
461-0	TO034	461	0	[sì	sì	_	_	_	_	_	linguistic	_	none	_	Begin=1337.208	_	_	_	0-2(137)
461-1	TO034	461	1	sì	sì	_	_	_	_	_	linguistic	_	none	_	_	_	_	_	0-2(137)
461-2	TO034	461	2	sì	sì	_	_	_	_	_	linguistic	_	none	_	_	_	_	_	0-2(137)
461-3	TO034	461	3	sì]	sì	_	_	_	_	_	linguistic	_	none	_	End=1338.051	_	_	_	0-2(137)
462-0	TO034	462	0	sì	sì	_	_	_	_	_	linguistic	_	none	_	Begin=1338.226	_	_	_	_
462-1	TO034	462	1	sì	sì	_	_	_	_	_	linguistic	_	none	_	_	_	_	_	_
462-2	TO034	462	2	[è	è	_	_	_	_	_	linguistic	_	none	_	_	_	_	_	0-1(138)
462-3	TO034	462	3	vero]	vero	_	_	_	_	_	linguistic	_	none	_	End=1339.095	_	_	_	0-4(138)
463-0	TO033	463	0	[e	e	_	_	_	_	_	linguistic	_	none	_	Begin=1338.863	_	_	_	0-1(138)
463-1	TO033	463	1	alla]	alla	_	_	_	_	_	linguistic	_	none	_	_	_	_	_	0-4(138)
463-2	TO033	463	2	richiesta	richiesta	_	_	_	_	_	linguistic	_	none	_	_	_	_	_	_
463-3	TO033	463	3	[e	e	_	_	_	_	_	linguistic	_	none	_	_	_	_	_	0-1(139)
463-4	TO033	463	4	alla	alla	_	_	_	_	_	linguistic	_	none	_	_	_	_	_	0-4(139)
463-5	TO033	463	5	richiesta]	richiesta	_	_	_	_	_	linguistic	_	none	_	_	_	_	_	0-9(139)
463-6	TO033	463	6	tipo	tipo	_	_	_	_	_	linguistic	_	none	_	_	_	_	_	_
463-7	TO033	463	7	quando	quando	_	_	_	_	_	linguistic	_	none	_	_	_	_	_	_
463-8	TO033	463	8	m:::h	mh	_	_	_	_	_	linguistic	_	none	_	_	0x3	_	_	_
463-9	TO033	463	9	tutti	tutti	_	_	_	_	_	linguistic	_	none	_	_	_	_	_	_
463-10	TO033	463	10	più	più	_	_	_	_	_	linguistic	_	none	_	_	_	_	_	_
463-11	TO033	463	11	o	o	_	_	_	_	_	linguistic	_	none	_	_	_	_	_	_
463-12	TO033	463	12	meno	meno	_	_	_	_	_	linguistic	_	none	_	_	_	_	_	_
463-13	TO033	463	13	parlano	parlano	_	_	_	_	_	linguistic	_	none	_	_	_	_	_	_
463-14	TO033	463	14	in	in	_	_	_	_	_	linguistic	_	none	_	_	_	_	_	_
463-15	TO033	463	15	francese	francese	_	_	_	_	_	linguistic	_	none	_	_	_	_	_	_
463-16	TO033	463	16	alla	alla	_	_	_	_	_	linguistic	_	none	_	_	_	_	_	_
463-17	TO033	463	17	[richiesta],	richiesta	_	_	_	_	_	linguistic	_	none	Intonation=WeaklyRising	End=1344.693	_	_	_	0-9(140)
464-0	TO034	464	0	[mamma	mamma	_	_	_	_	_	linguistic	_	none	_	Begin=1339.496	_	_	_	0-5(139)
464-1	TO034	464	1	mia]	mia	_	_	_	_	_	linguistic	_	none	_	End=1340.529	_	_	_	0-3(139)
465-0	TO034	465	0	[mohammed	mohammed	_	_	_	_	_	linguistic	_	none	_	Begin=1343.981	_	_	_	0-8(140)
465-1	TO034	465	1	no]	no	_	_	_	_	_	linguistic	_	none	_	End=1344.703	_	_	_	0-2(140)
466-0	TO033	466	0	tranne	tranne	_	_	_	_	_	linguistic	_	none	_	Begin=1345.166	_	_	_	_
466-1	TO033	466	1	mohammed	mohammed	_	_	_	_	_	linguistic	_	none	_	_	_	_	_	_
466-2	TO033	466	2	alla	alla	_	_	_	_	_	linguistic	_	none	_	_	_	_	_	_
466-3	TO033	466	3	richiesta	richiesta	_	_	_	_	_	linguistic	_	none	_	_	_	_	_	_
466-4	TO033	466	4	cioè	cioè	_	_	_	_	_	linguistic	_	none	_	_	_	_	_	_
466-5	TO033	466	5	tipo	tipo	_	_	_	_	_	linguistic	_	none	_	_	_	_	_	_
466-6	TO033	466	6	la	la	_	_	_	_	_	linguistic	_	none	_	_	_	_	_	_
466-7	TO033	466	7	rossi	rossi	_	_	_	_	_	linguistic	_	none	_	_	_	_	_	_
466-8	TO033	466	8	che	che	_	_	_	_	_	linguistic	_	none	_	_	_	_	_	_
466-9	TO033	466	9	dice	dice	_	_	_	_	_	linguistic	_	none	_	_	_	_	_	_
466-10	TO033	466	10	xxx	xxx	_	_	_	_	_	unknown	_	none	Syllables=3	_	_	_	_	_
466-11	TO033	466	11	ma	ma	_	_	_	_	_	linguistic	_	none	_	_	_	_	_	_
466-12	TO033	466	12	tu	tu	_	_	_	_	_	linguistic	_	none	_	_	_	_	_	_
466-13	TO033	466	13	che	che	_	_	_	_	_	linguistic	_	none	_	_	_	_	_	_
466-14	TO033	466	14	sei	sei	_	_	_	_	_	linguistic	_	none	_	_	_	_	_	_
466-15	TO033	466	15	una	una	_	_	_	_	_	linguistic	_	none	_	_	_	_	_	_
466-16	TO033	466	16	delle	delle	_	_	_	_	_	linguistic	_	none	_	_	_	_	_	_
466-17	TO033	466	17	poche	poche	_	_	_	_	_	linguistic	_	none	_	_	_	_	_	_
466-18	TO033	466	18	che	che	_	_	_	_	_	linguistic	_	none	_	_	_	_	_	_
466-19	TO033	466	19	ha	ha	_	_	_	_	_	linguistic	_	none	_	_	_	_	_	_
466-20	TO033	466	20	passato	passato	_	_	_	_	_	linguistic	_	none	_	_	_	_	_	_
466-21	TO033	466	21	il	il	_	_	_	_	_	linguistic	_	none	_	_	_	_	_	_
466-22	TO033	466	22	corso	corso	_	_	_	_	_	linguistic	_	none	_	_	_	_	_	_
466-23	TO033	466	23	di	di	_	_	_	_	_	linguistic	_	none	_	_	_	_	_	_
466-24	TO033	466	24	italiano,	italiano	_	_	_	_	_	linguistic	_	none	Intonation=WeaklyRising	End=1351.559	_	_	_	_
467-0	TO033	467	0	magari	magari	_	_	_	_	_	linguistic	_	none	_	Begin=1352.025	_	_	_	_
467-1	TO033	467	1	potresti	potresti	_	_	_	_	_	linguistic	_	none	_	_	_	_	_	_
467-2	TO033	467	2	parlare:::	parlare	_	_	_	_	_	linguistic	_	none	_	End=1353.363	6x3	_	_	_
468-0	TO034	468	0	in	in	_	_	_	_	_	linguistic	_	none	_	Begin=1353.584	_	_	_	_
468-1	TO034	468	1	[italiano]	italiano	_	_	_	_	_	linguistic	_	none	_	End=1354.45	_	_	_	0-8(141)
469-0	TO033	469	0	[in	in	_	_	_	_	_	linguistic	_	none	_	Begin=1354.06	_	_	_	0-2(141)
469-1	TO033	469	1	italia]no	italiano	_	_	_	_	_	linguistic	_	none	_	_	_	_	_	0-6(141)
469-2	TO033	469	2	oh	oh	_	_	_	_	_	linguistic	_	none	_	_	_	_	_	_
469-3	TO033	469	3	nie:nte	niente	_	_	_	_	_	linguistic	_	none	_	_	2x1	_	_	_
469-4	TO033	469	4	cioè	cioè	_	_	_	_	_	linguistic	_	none	_	_	_	_	_	_
469-5	TO033	469	5	oh	oh	_	_	_	_	_	linguistic	_	none	_	_	_	_	_	_
469-6	TO033	469	6	nie::nte	niente	_	_	_	_	_	linguistic	_	none	_	End=1357.013	2x2	_	_	_
470-0	TO033	470	0	cioè	cioè	_	_	_	_	_	linguistic	_	none	_	Begin=1357.679	_	_	_	_
470-1	TO033	470	1	cade	cade	_	_	_	_	_	linguistic	_	none	_	_	_	_	_	_
470-2	TO033	470	2	nel	nel	_	_	_	_	_	linguistic	_	none	_	_	_	_	_	_
470-3	TO033	470	3	vuoto	vuoto	_	_	_	_	_	linguistic	_	none	_	_	_	_	_	_
470-4	TO033	470	4	e	e	_	_	_	_	_	linguistic	_	none	_	_	_	_	_	_
470-5	TO033	470	5	loro	loro	_	_	_	_	_	linguistic	_	none	_	_	_	_	_	_
470-6	TO033	470	6	continuano	continuano	_	_	_	_	_	linguistic	_	none	_	_	_	_	_	_
470-7	TO033	470	7	a	a	_	_	_	_	_	linguistic	_	none	_	_	_	_	_	_
470-8	TO033	470	8	parlare	parlare	_	_	_	_	_	linguistic	_	none	_	_	_	_	_	_
470-9	TO033	470	9	in	in	_	_	_	_	_	linguistic	_	none	_	_	_	_	_	_
470-10	TO033	470	10	francese,	francese	_	_	_	_	_	linguistic	_	none	Intonation=WeaklyRising	End=1360.799	_	_	_	_
471-0	TO034	471	0	((ride))	((ride))	_	_	_	_	_	nonverbalbehavior	_	none	_	Begin=1361.01|End=1361.709	_	_	_	_
472-0	TO033	472	0	alla	alla	_	_	_	_	_	linguistic	_	none	_	Begin=1362.016	_	_	_	_
472-1	TO033	472	1	fine	fine	_	_	_	_	_	linguistic	_	none	PauseAfter=Yes	_	_	_	_	_
472-2	TO033	472	2	(.)	(.)	_	_	_	_	_	shortpause	_	none	_	_	_	_	_	_
472-3	TO033	472	3	alla	alla	_	_	_	_	_	linguistic	_	none	_	_	_	_	_	_
472-4	TO033	472	4	fine,	fine	_	_	_	_	_	linguistic	_	none	Intonation=WeaklyRising	End=1363.75	_	_	_	_
473-0	TO033	473	0	appunto	appunto	_	_	_	_	_	linguistic	_	none	_	Begin=1364.439	_	_	_	_
473-1	TO033	473	1	xxx	xxx	_	_	_	_	_	unknown	_	none	Syllables=3	_	_	_	_	_
473-2	TO033	473	2	va~	va~	_	_	_	_	_	linguistic	_	none	Interrupted=Yes	_	_	_	_	_
473-3	TO033	473	3	ah	ah	_	_	_	_	_	linguistic	_	none	_	_	_	_	_	_
473-4	TO033	473	4	no	no	_	_	_	_	_	linguistic	_	none	_	_	_	_	_	_
473-5	TO033	473	5	aspetta	aspetta	_	_	_	_	_	linguistic	_	none	_	_	_	_	_	_
473-6	TO033	473	6	xxx	xxx	_	_	_	_	_	unknown	_	none	Syllables=3	_	_	_	_	_
473-7	TO033	473	7	uno	uno	_	_	_	_	_	linguistic	_	none	_	_	_	_	_	_
473-8	TO033	473	8	relatore	relatore	_	_	_	_	_	linguistic	_	none	_	_	_	_	_	_
473-9	TO033	473	9	ecce[tera]	eccetera	_	_	_	_	_	linguistic	_	none	_	End=1369.526	_	_	_	4-8(142)
474-0	TO034	474	0	[ma]	ma	_	_	_	_	_	linguistic	_	none	_	Begin=1369.319	_	_	_	0-2(142)
474-1	TO034	474	1	che	che	_	_	_	_	_	linguistic	_	none	_	_	_	_	_	_
474-2	TO034	474	2	poi	poi	_	_	_	_	_	linguistic	_	none	_	_	_	_	_	_
474-3	TO034	474	3	lì	lì	_	_	_	_	_	linguistic	_	none	_	_	_	_	_	_
474-4	TO034	474	4	ti	ti	_	_	_	_	_	linguistic	_	none	_	_	_	_	_	_
474-5	TO034	474	5	viene	viene	_	_	_	_	_	linguistic	_	none	_	_	_	_	_	_
474-6	TO034	474	6	da	da	_	_	_	_	_	linguistic	_	none	_	_	_	_	_	_
474-7	TO034	474	7	fare	fare	_	_	_	_	_	linguistic	_	none	_	_	_	_	_	_
474-8	TO034	474	8	la	la	_	_	_	_	_	linguistic	_	none	_	_	_	_	_	_
474-9	TO034	474	9	faccia	faccia	_	_	_	_	_	linguistic	_	none	_	_	_	_	_	_
474-10	TO034	474	10	da	da	_	_	_	_	_	linguistic	_	none	_	_	_	_	_	_
474-11	TO034	474	11	culo	culo	_	_	_	_	_	linguistic	_	none	_	_	_	_	_	_
474-12	TO034	474	12	e	e	_	_	_	_	_	linguistic	_	none	_	_	_	_	_	_
474-13	TO034	474	13	[dire]	dire	_	_	_	_	_	linguistic	_	none	_	_	_	_	_	0-4(143)
474-14	TO034	474	14	eh	eh	_	_	_	_	_	linguistic	_	none	_	_	_	_	_	_
474-15	TO034	474	15	scusi	scusi	_	_	_	_	_	linguistic	_	none	_	_	_	_	_	_
474-16	TO034	474	16	e	e	_	_	_	_	_	linguistic	_	none	_	_	_	_	_	_
474-17	TO034	474	17	vabbè	vabbè	_	_	_	_	_	linguistic	_	none	_	_	_	_	_	_
474-18	TO034	474	18	ma	ma	_	_	_	_	_	linguistic	_	none	_	_	_	_	_	_
474-19	TO034	474	19	quando	quando	_	_	_	_	_	linguistic	_	none	_	_	_	_	_	_
474-20	TO034	474	20	vado	vado	_	_	_	_	_	linguistic	_	none	_	_	_	_	_	_
474-21	TO034	474	21	in	in	_	_	_	_	_	linguistic	_	none	_	_	_	_	_	_
474-22	TO034	474	22	marocco	marocco	_	_	_	_	_	linguistic	_	none	_	_	_	_	_	_
474-23	TO034	474	23	posso::	posso	_	_	_	_	_	linguistic	_	none	_	_	4x2	_	_	_
474-24	TO034	474	24	anche	anche	_	_	_	_	_	linguistic	_	none	_	_	_	_	_	_
474-25	TO034	474	25	io	io	_	_	_	_	_	linguistic	_	none	_	_	_	_	_	_
474-26	TO034	474	26	xxx	xxx	_	_	_	_	_	unknown	_	none	Syllables=3	_	_	_	_	_
474-27	TO034	474	27	parlare	parlare	_	_	_	_	_	linguistic	_	none	_	_	_	_	_	_
474-28	TO034	474	28	in	in	_	_	_	_	_	linguistic	_	none	_	_	_	_	_	_
474-29	TO034	474	29	italiano?	italiano	_	_	_	_	_	linguistic	_	none	Intonation=Rising	End=1376.179	_	_	_	_
475-0	???	475	0	[sì	sì	_	_	_	_	_	linguistic	_	none	_	Begin=1371.261	_	_	_	0-2(143)
475-1	???	475	1	infatti]	infatti	_	_	_	_	_	linguistic	_	none	_	End=1371.998	_	_	_	0-7(143)
476-0	TO033	476	0	e:::h	eh	_	_	_	_	_	linguistic	_	none	_	Begin=1377.331	0x3	_	_	_
476-1	TO033	476	1	xxxx	xxxx	_	_	_	_	_	unknown	_	none	Syllables=4	End=1378.664	_	_	_	_
477-0	TO033	477	0	e:::h	eh	_	_	_	_	_	linguistic	_	none	_	Begin=1379.115	0x3	_	_	_
477-1	TO033	477	1	il	il	_	_	_	_	_	linguistic	_	none	_	_	_	_	_	_
477-2	TO033	477	2	relatore	relatore	_	_	_	_	_	linguistic	_	none	_	_	_	_	_	_
477-3	TO033	477	3	[xxx]	xxx	_	_	_	_	_	unknown	_	none	Syllables=3	End=1381.052	_	_	_	0-3(144)
478-0	TO034	478	0	[tanto	tanto	_	_	_	_	_	linguistic	_	none	_	Begin=1380.2	_	_	_	0-5(144)
478-1	TO034	478	1	lei]	lei	_	_	_	_	_	linguistic	_	none	_	_	_	_	_	0-3(144)
478-2	TO034	478	2	lui	lui	_	_	_	_	_	linguistic	_	none	_	_	_	_	_	_
478-3	TO034	478	3	lo	lo	_	_	_	_	_	linguistic	_	none	_	_	_	_	_	_
478-4	TO034	478	4	capiva	capiva	_	_	_	_	_	linguistic	_	none	_	End=1381.397	_	_	_	_
479-0	TO029	479	0	secondo	secondo	_	_	_	_	_	linguistic	_	none	_	Begin=1381.488	_	_	_	_
479-1	TO029	479	1	me	me	_	_	_	_	_	linguistic	_	none	_	_	_	_	_	_
479-2	TO029	479	2	dovreste	dovreste	_	_	_	_	_	linguistic	_	none	_	_	_	_	_	_
479-3	TO029	479	3	farlo	farlo	_	_	_	_	_	linguistic	_	none	_	_	_	_	_	_
479-4	TO029	479	4	veramente	veramente	_	_	_	_	_	linguistic	_	none	_	_	_	_	_	_
479-5	TO029	479	5	cioè	cioè	_	_	_	_	_	linguistic	_	none	_	_	_	_	_	_
479-6	TO029	479	6	andare	andare	_	_	_	_	_	linguistic	_	none	_	_	_	_	_	_
479-7	TO029	479	7	lì	lì	_	_	_	_	_	linguistic	_	none	_	_	_	_	_	_
479-8	TO029	479	8	e	e	_	_	_	_	_	linguistic	_	none	_	_	_	_	_	_
479-9	TO029	479	9	rifiutarvi	rifiutarvi	_	_	_	_	_	linguistic	_	none	_	_	_	_	_	_
479-10	TO029	479	10	di	di	_	_	_	_	_	linguistic	_	none	_	_	_	_	_	_
479-11	TO029	479	11	parlare	parlare	_	_	_	_	_	linguistic	_	none	_	_	_	_	_	_
479-12	TO029	479	12	francese	francese	_	_	_	_	_	linguistic	_	none	_	End=1385.412	_	_	_	_
480-0	TO034	480	0	esatto	esatto	_	_	_	_	_	linguistic	_	none	_	Begin=1385.414	_	_	_	_
480-1	TO034	480	1	se	se	_	_	_	_	_	linguistic	_	none	_	_	_	_	_	_
480-2	TO034	480	2	c'	c'	_	_	_	_	_	linguistic	_	none	SpaceAfter=No	_	_	_	_	_
480-3	TO034	480	3	è	è	_	_	_	_	_	linguistic	_	none	_	_	_	_	_	_
480-4	TO034	480	4	tipo	tipo	_	_	_	_	_	linguistic	_	none	_	_	_	_	_	_
480-5	TO034	480	5	la	la	_	_	_	_	_	linguistic	_	none	_	_	_	_	_	_
480-6	TO034	480	6	xxx	xxx	_	_	_	_	_	unknown	_	none	Syllables=3	_	_	_	_	_
480-7	TO034	480	7	posso	posso	_	_	_	_	_	linguistic	_	none	_	_	_	_	_	_
480-8	TO034	480	8	parlare	parlare	_	_	_	_	_	linguistic	_	none	_	_	_	_	_	_
480-9	TO034	480	9	in	in	_	_	_	_	_	linguistic	_	none	_	_	_	_	_	_
480-10	TO034	480	10	italiano	italiano	_	_	_	_	_	linguistic	_	none	_	_	_	_	_	_
480-11	TO034	480	11	però	però	_	_	_	_	_	linguistic	_	none	_	_	_	_	_	_
480-12	TO034	480	12	xxx	xxx	_	_	_	_	_	unknown	_	none	Syllables=3	_	_	_	_	_
480-13	TO034	480	13	ma	ma	_	_	_	_	_	linguistic	_	none	_	_	_	_	_	_
480-14	TO034	480	14	perché	perché	_	_	_	_	_	linguistic	_	none	_	_	_	_	_	_
480-15	TO034	480	15	tanto	tanto	_	_	_	_	_	linguistic	_	none	_	_	_	_	_	_
480-16	TO034	480	16	poi	poi	_	_	_	_	_	linguistic	_	none	_	_	_	_	_	_
480-17	TO034	480	17	il	il	_	_	_	_	_	linguistic	_	none	_	_	_	_	_	_
480-18	TO034	480	18	francese,	francese	_	_	_	_	_	linguistic	_	none	Intonation=WeaklyRising	End=1390.239	_	_	_	_
481-0	TO029	481	0	e	e	_	_	_	_	_	linguistic	_	none	_	Begin=1391.133	_	_	_	_
481-1	TO029	481	1	poi	poi	_	_	_	_	_	linguistic	_	none	_	_	_	_	_	_
481-2	TO029	481	2	ti	ti	_	_	_	_	_	linguistic	_	none	_	_	_	_	_	_
481-3	TO029	481	3	dice	dice	_	_	_	_	_	linguistic	_	none	_	_	_	_	_	_
481-4	TO029	481	4	no	no	_	_	_	_	_	linguistic	_	none	_	_	_	_	_	_
481-5	TO029	481	5	perché	perché	_	_	_	_	_	linguistic	_	none	_	_	_	_	_	_
481-6	TO029	481	6	i	i	_	_	_	_	_	linguistic	_	none	_	_	_	_	_	_
481-7	TO029	481	7	tuoi	tuoi	_	_	_	_	_	linguistic	_	none	_	_	_	_	_	_
481-8	TO029	481	8	colleghi	colleghi	_	_	_	_	_	linguistic	_	none	_	_	_	_	_	_
481-9	TO029	481	9	francesi	francesi	_	_	_	_	_	linguistic	_	none	_	_	_	_	_	_
481-10	TO029	481	10	non	non	_	_	_	_	_	linguistic	_	none	_	_	_	_	_	_
481-11	TO029	481	11	capiscono	capiscono	_	_	_	_	_	linguistic	_	none	_	End=1393.633	_	_	_	_
482-0	TO033	482	0	ma	ma	_	_	_	_	_	linguistic	_	none	_	Begin=1395.028	_	_	_	_
482-1	TO033	482	1	perché::	perché	_	_	_	_	_	linguistic	_	none	_	_	5x2	_	_	_
482-2	TO033	482	2	in	in	_	_	_	_	_	linguistic	_	none	_	_	_	_	_	_
482-3	TO033	482	3	italia	italia	_	_	_	_	_	linguistic	_	none	_	_	_	_	_	_
482-4	TO033	482	4	parlavamo	parlavamo	_	_	_	_	_	linguistic	_	none	_	_	_	_	_	_
482-5	TO033	482	5	sempre	sempre	_	_	_	_	_	linguistic	_	none	_	_	_	_	_	_
482-6	TO033	482	6	tutti	tutti	_	_	_	_	_	linguistic	_	none	_	_	_	_	_	_
482-7	TO033	482	7	francese	francese	_	_	_	_	_	linguistic	_	none	_	End=1397.656	_	_	_	_
483-0	TO034	483	0	al	al	_	_	_	_	_	linguistic	_	none	_	Begin=1397.656	_	_	_	_
483-1	TO034	483	1	laborato~	laborato~	_	_	_	_	_	linguistic	_	none	Interrupted=Yes	_	_	_	_	_
483-2	TO034	483	2	al	al	_	_	_	_	_	linguistic	_	none	_	_	_	_	_	_
483-3	TO034	483	3	laboratorio?	laboratorio	_	_	_	_	_	linguistic	_	none	Intonation=Rising	_	_	_	_	_
483-4	TO034	483	4	che	che	_	_	_	_	_	linguistic	_	none	_	_	_	_	_	_
483-5	TO034	483	5	parlava	parlava	_	_	_	_	_	linguistic	_	none	_	_	_	_	_	_
483-6	TO034	483	6	in	in	_	_	_	_	_	linguistic	_	none	_	_	_	_	_	_
483-7	TO034	483	7	francese?	francese	_	_	_	_	_	linguistic	_	none	Intonation=Rising	_	_	_	_	_
483-8	TO034	483	8	xxx	xxx	_	_	_	_	_	unknown	_	none	Syllables=3	End=1400.306	_	_	_	_
484-0	TO033	484	0	(on	on	_	_	_	_	_	linguistic	_	none	_	Begin=1400.651	_	_	0-2(0)	_
484-1	TO033	484	1	n'	n'	_	_	_	_	_	linguistic	_	none	SpaceAfter=No	_	_	_	0-2(0)	_
484-2	TO033	484	2	a	a	_	_	_	_	_	linguistic	_	none	_	_	_	_	0-1(0)	_
484-3	TO033	484	3	on	on	_	_	_	_	_	linguistic	_	none	_	_	_	_	0-2(0)	_
484-4	TO033	484	4	n'	n'	_	_	_	_	_	linguistic	_	none	SpaceAfter=No	_	_	_	0-2(0)	_
484-5	TO033	484	5	a)	a	_	_	_	_	_	linguistic	_	none	_	_	_	_	_	_
484-6	TO033	484	6	rien	rien	_	_	_	_	_	linguistic	_	none	_	_	_	_	_	_
484-7	TO033	484	7	compris	compris	_	_	_	_	_	linguistic	_	none	PauseAfter=Yes	_	_	_	_	_
484-8	TO033	484	8	(.)	(.)	_	_	_	_	_	shortpause	_	none	_	_	_	_	_	_
484-9	TO033	484	9	rien	rien	_	_	_	_	_	linguistic	_	none	_	_	_	_	_	_
484-10	TO033	484	10	compris	compris	_	_	_	_	_	linguistic	_	none	_	End=1403.603	_	_	_	_
485-0	TO033	485	0	cioè	cioè	_	_	_	_	_	linguistic	_	none	_	Begin=1403.967	_	_	_	_
485-1	TO033	485	1	così	così	_	_	_	_	_	linguistic	_	none	_	_	_	_	_	_
485-2	TO033	485	2	xxx	xxx	_	_	_	_	_	unknown	_	none	Syllables=3	_	_	_	_	_
485-3	TO033	485	3	te	te	_	_	_	_	_	linguistic	_	none	_	_	_	_	_	_
485-4	TO033	485	4	[la	la	_	_	_	_	_	linguistic	_	none	_	_	_	_	_	0-2(145)
485-5	TO033	485	5	rico]rdi	ricordi	_	_	_	_	_	linguistic	_	none	_	_	_	_	_	0-4(145)
485-6	TO033	485	6	che	che	_	_	_	_	_	linguistic	_	none	_	_	_	_	_	_
485-7	TO033	485	7	la	la	_	_	_	_	_	linguistic	_	none	_	_	_	_	_	_
485-8	TO033	485	8	rossi	rossi	_	_	_	_	_	linguistic	_	none	_	_	_	_	_	_
485-9	TO033	485	9	diceva	diceva	_	_	_	_	_	linguistic	_	none	_	_	_	_	_	_
485-10	TO033	485	10	eh?	eh	_	_	_	_	_	linguistic	_	none	Intonation=Rising	End=1406.854	_	_	_	_
486-0	TO034	486	0	[sì]	sì	_	_	_	_	_	linguistic	_	none	_	Begin=1404.87|End=1405.192	_	_	_	0-2(145)
487-0	TO029	487	0	me	me	_	_	_	_	_	linguistic	_	none	_	Begin=1407.403	_	_	_	_
487-1	TO029	487	1	la	la	_	_	_	_	_	linguistic	_	none	_	_	_	_	_	_
487-2	TO029	487	2	ricordo	ricordo	_	_	_	_	_	linguistic	_	none	_	_	_	_	_	_
487-3	TO029	487	3	[xx]	xx	_	_	_	_	_	unknown	_	none	Syllables=2	End=1408.432	_	_	_	0-2(146)
488-0	TO033	488	0	[e::]:h	eh	_	_	_	_	_	linguistic	_	none	_	Begin=1408.207	0x3	_	_	0-1(146)
488-1	TO033	488	1	j'	j'	_	_	_	_	_	linguistic	_	none	Truncated=Yes	_	_	_	_	_
488-2	TO033	488	2	ai	ai	_	_	_	_	_	linguistic	_	none	_	_	_	_	_	_
488-3	TO033	488	3	une	une	_	_	_	_	_	linguistic	_	none	_	_	_	_	_	_
488-4	TO033	488	4	question	question	_	_	_	_	_	linguistic	_	none	_	_	_	_	_	_
488-5	TO033	488	5	(on	on	_	_	_	_	_	linguistic	_	none	_	_	_	_	0-2(0)	_
488-6	TO033	488	6	n'	n'	_	_	_	_	_	linguistic	_	none	SpaceAfter=No	_	_	_	0-2(0)	_
488-7	TO033	488	7	a)	a	_	_	_	_	_	linguistic	_	none	_	_	_	_	0-1(0)	_
488-8	TO033	488	8	rien	rien	_	_	_	_	_	linguistic	_	none	_	_	_	_	_	_
488-9	TO033	488	9	compris	compris	_	_	_	_	_	linguistic	_	none	_	_	_	_	_	_
488-10	TO033	488	10	rien	rien	_	_	_	_	_	linguistic	_	none	_	_	_	_	_	_
488-11	TO033	488	11	compris	compris	_	_	_	_	_	linguistic	_	none	_	End=1411.819	_	_	_	_
489-0	TO033	489	0	ma	ma	_	_	_	_	_	linguistic	_	none	PauseAfter=Yes	Begin=1412.106	_	_	_	_
489-1	TO033	489	1	(.)	(.)	_	_	_	_	_	shortpause	_	none	_	_	_	_	_	_
489-2	TO033	489	2	cioè	cioè	_	_	_	_	_	linguistic	_	none	_	End=1412.768	_	_	_	_
490-0	TO033	490	0	allora	allora	_	_	_	_	_	linguistic	_	none	_	Begin=1413.474	_	_	_	_
490-1	TO033	490	1	[(volevano	volevano	_	_	_	_	_	linguistic	_	none	_	_	_	_	0-8(0)	0-8(147)
490-2	TO033	490	2	farei	farei	_	_	_	_	_	linguistic	_	none	_	_	_	_	0-5(0)	0-5(147)
490-3	TO033	490	3	i	i	_	_	_	_	_	linguistic	_	none	_	_	_	_	0-1(0)	0-1(147)
490-4	TO033	490	4	fighi	fighi	_	_	_	_	_	linguistic	_	none	_	_	_	_	0-5(0)	0-5(147)
490-5	TO033	490	5	e)]	e	_	_	_	_	_	linguistic	_	none	_	_	_	_	0-1(0)	0-1(147)
490-6	TO033	490	6	non	non	_	_	_	_	_	linguistic	_	none	_	_	_	_	_	_
490-7	TO033	490	7	ha	ha	_	_	_	_	_	linguistic	_	none	_	_	_	_	_	_
490-8	TO033	490	8	capito	capito	_	_	_	_	_	linguistic	_	none	_	_	_	_	_	_
490-9	TO033	490	9	un	un	_	_	_	_	_	linguistic	_	none	_	_	_	_	_	_
490-10	TO033	490	10	cazzo	cazzo	_	_	_	_	_	linguistic	_	none	_	_	_	_	_	_
490-11	TO033	490	11	non	non	_	_	_	_	_	linguistic	_	none	_	_	_	_	_	_
490-12	TO033	490	12	ha	ha	_	_	_	_	_	linguistic	_	none	_	_	_	_	_	_
490-13	TO033	490	13	capito	capito	_	_	_	_	_	linguistic	_	none	_	_	_	_	_	_
490-14	TO033	490	14	un	un	_	_	_	_	_	linguistic	_	none	_	_	_	_	_	_
490-15	TO033	490	15	cazzo	cazzo	_	_	_	_	_	linguistic	_	none	_	End=1417.293	_	_	_	_
491-0	TO034	491	0	[e	e	_	_	_	_	_	linguistic	_	none	_	Begin=1413.828	_	_	_	0-1(147)
491-1	TO034	491	1	aspetta]	aspetta	_	_	_	_	_	linguistic	_	none	_	End=1414.533	_	_	_	0-7(147)
492-0	TO033	492	0	cioè	cioè	_	_	_	_	_	linguistic	_	none	_	Begin=1417.933	_	_	_	_
492-1	TO033	492	1	a	a	_	_	_	_	_	linguistic	_	none	_	_	_	_	_	_
492-2	TO033	492	2	lei	lei	_	_	_	_	_	linguistic	_	none	_	_	_	_	_	_
492-3	TO033	492	3	xxx	xxx	_	_	_	_	_	unknown	_	none	Syllables=3	_	_	_	_	_
492-4	TO033	492	4	ciao	ciao	_	_	_	_	_	linguistic	_	none	_	_	_	_	_	_
492-5	TO033	492	5	xxx	xxx	_	_	_	_	_	unknown	_	none	Syllables=3	_	_	_	_	_
492-6	TO033	492	6	xxx	xxx	_	_	_	_	_	unknown	_	none	Syllables=3	End=1420.626	_	_	_	_
493-0	TO034	493	0	no::	no	_	_	_	_	_	linguistic	_	none	_	Begin=1420.765	1x2	_	_	_
493-1	TO034	493	1	ti	ti	_	_	_	_	_	linguistic	_	none	_	_	_	_	_	_
493-2	TO034	493	2	prego	prego	_	_	_	_	_	linguistic	_	none	PauseAfter=Yes	_	_	_	_	_
493-3	TO034	493	3	(.)	(.)	_	_	_	_	_	shortpause	_	none	_	_	_	_	_	_
493-4	TO034	493	4	però	però	_	_	_	_	_	linguistic	_	none	_	_	_	_	_	_
493-5	TO034	493	5	la	la	_	_	_	_	_	linguistic	_	none	_	_	_	_	_	_
493-6	TO034	493	6	faccio	faccio	_	_	_	_	_	linguistic	_	none	_	_	_	_	_	_
493-7	TO034	493	7	m::h	mh	_	_	_	_	_	linguistic	_	none	_	_	0x2	_	_	_
493-8	TO034	493	8	[cioè	cioè	_	_	_	_	_	linguistic	_	none	_	_	_	_	_	0-4(148)
493-9	TO034	493	9	così	così	_	_	_	_	_	linguistic	_	none	_	_	_	_	_	0-4(148)
493-10	TO034	493	10	da	da	_	_	_	_	_	linguistic	_	none	_	_	_	_	_	0-2(148)
493-11	TO034	493	11	cogliona	cogliona	_	_	_	_	_	linguistic	_	none	_	_	_	_	_	0-8(148)
493-12	TO034	493	12	poi	poi	_	_	_	_	_	linguistic	_	none	_	_	_	_	_	0-3(148)
493-13	TO034	493	13	dopo	dopo	_	_	_	_	_	linguistic	_	none	_	_	_	_	_	0-4(148)
493-14	TO034	493	14	attacco	attacco	_	_	_	_	_	linguistic	_	none	_	_	_	_	_	0-7(148)
493-15	TO034	493	15	a	a	_	_	_	_	_	linguistic	_	none	_	_	_	_	_	0-1(148)
493-16	TO034	493	16	parlare	parlare	_	_	_	_	_	linguistic	_	none	_	_	_	_	_	0-7(148)
493-17	TO034	493	17	normale]	normale	_	_	_	_	_	linguistic	_	none	_	End=1425.546	_	_	_	0-7(148)
494-0	TO029	494	0	[no	no	_	_	_	_	_	linguistic	_	none	_	Begin=1422.912	_	_	_	0-2(148)
494-1	TO029	494	1	ma	ma	_	_	_	_	_	linguistic	_	none	_	_	_	_	_	0-2(148)
494-2	TO029	494	2	s~	s~	_	_	_	_	_	linguistic	_	none	Interrupted=Yes	_	_	_	_	0-2(148)
494-3	TO029	494	3	xx	xx	_	_	_	_	_	unknown	_	none	Syllables=2	_	_	_	_	0-2(148)
494-4	TO029	494	4	x	x	_	_	_	_	_	unknown	_	none	Syllables=1	_	_	_	_	0-1(148)
494-5	TO029	494	5	xxx	xxx	_	_	_	_	_	unknown	_	none	Syllables=3	_	_	_	_	0-3(148)
494-6	TO029	494	6	ma	ma	_	_	_	_	_	linguistic	_	none	_	_	_	_	_	0-2(148)
494-7	TO029	494	7	perché	perché	_	_	_	_	_	linguistic	_	none	_	_	_	_	_	0-6(148)
494-8	TO029	494	8	poi	poi	_	_	_	_	_	linguistic	_	none	_	_	_	_	_	0-3(148)
494-9	TO029	494	9	ci	ci	_	_	_	_	_	linguistic	_	none	_	_	_	_	_	0-2(148)
494-10	TO029	494	10	sarà]	sarà	_	_	_	_	_	linguistic	_	none	_	_	_	_	_	0-4(148)
494-11	TO029	494	11	marina,	marina	_	_	_	_	_	linguistic	_	none	Intonation=WeaklyRising	End=1425.793	_	_	_	_
495-0	TO033	495	0	a	a	_	_	_	_	_	linguistic	_	none	_	Begin=1426.452	_	_	_	_
495-1	TO033	495	1	noi	noi	_	_	_	_	_	linguistic	_	none	_	_	_	_	_	_
495-2	TO033	495	2	xxx	xxx	_	_	_	_	_	unknown	_	none	Syllables=3	_	_	_	_	_
495-3	TO033	495	3	[xx]	xx	_	_	_	_	_	unknown	_	none	Syllables=2	End=1427.977	_	_	_	0-2(149)
496-0	TO029	496	0	[marina	marina	_	_	_	_	_	linguistic	_	none	_	Begin=1427.389	_	_	_	0-6(149)
496-1	TO029	496	1	che]	che	_	_	_	_	_	linguistic	_	none	_	_	_	_	_	0-3(149)
496-2	TO029	496	2	inizia	inizia	_	_	_	_	_	linguistic	_	none	_	_	_	_	_	_
496-3	TO029	496	3	[esatto]	esatto	_	_	_	_	_	linguistic	_	none	_	End=1429.173	_	_	_	0-6(150)
497-0	TO033	497	0	[dai	dai	_	_	_	_	_	linguistic	_	none	_	Begin=1428.331	_	_	_	0-3(150)
497-1	TO033	497	1	dai]	dai	_	_	_	_	_	linguistic	_	none	_	_	_	_	_	0-3(150)
497-2	TO033	497	2	dai	dai	_	_	_	_	_	linguistic	_	none	_	_	_	_	_	_
497-3	TO033	497	3	dai	dai	_	_	_	_	_	linguistic	_	none	_	End=1429.288	_	_	_	_
498-0	TO029	498	0	no	no	_	_	_	_	_	linguistic	_	none	_	Begin=1429.746	_	_	_	_
498-1	TO029	498	1	perché	perché	_	_	_	_	_	linguistic	_	none	_	_	_	_	_	_
498-2	TO029	498	2	dico	dico	_	_	_	_	_	linguistic	_	none	_	_	_	_	_	_
498-3	TO029	498	3	vi	vi	_	_	_	_	_	linguistic	_	none	_	_	_	_	_	_
498-4	TO029	498	4	ricordate	ricordate	_	_	_	_	_	linguistic	_	none	_	_	_	_	_	_
498-5	TO029	498	5	quell'	quell'	_	_	_	_	_	linguistic	_	none	SpaceAfter=No	_	_	_	_	_
498-6	TO029	498	6	esame	esame	_	_	_	_	_	linguistic	_	none	_	_	_	_	_	_
498-7	TO029	498	7	in	in	_	_	_	_	_	linguistic	_	none	_	_	_	_	_	_
498-8	TO029	498	8	cui	cui	_	_	_	_	_	linguistic	_	none	_	_	_	_	_	_
498-9	TO029	498	9	dovevamo~	dovevamo~	_	_	_	_	_	linguistic	_	none	Interrupted=Yes	_	_	_	_	_
498-10	TO029	498	10	[pote]vamo	potevamo	_	_	_	_	_	linguistic	_	none	_	_	_	_	_	0-4(151)
498-11	TO029	498	11	portare	portare	_	_	_	_	_	linguistic	_	none	_	_	_	_	_	_
498-12	TO029	498	12	gli	gli	_	_	_	_	_	linguistic	_	none	_	_	_	_	_	_
498-13	TO029	498	13	appunti,	appunti	_	_	_	_	_	linguistic	_	none	Intonation=WeaklyRising	End=1433.406	_	_	_	_
499-0	TO034	499	0	[sì]	sì	_	_	_	_	_	linguistic	_	none	_	Begin=1431.693|End=1432.087	_	_	_	0-2(151)
500-0	TO029	500	0	((ride))	((ride))	_	_	_	_	_	nonverbalbehavior	_	none	_	Begin=1433.76|End=1434.373	_	_	_	_
501-0	TO029	501	0	perché	perché	_	_	_	_	_	linguistic	_	none	_	Begin=1434.826	_	_	_	_
501-1	TO029	501	1	facevamo	facevamo	_	_	_	_	_	linguistic	_	none	_	_	_	_	_	_
501-2	TO029	501	2	polemica	polemica	_	_	_	_	_	linguistic	_	none	_	_	_	_	_	_
501-3	TO029	501	3	e	e	_	_	_	_	_	linguistic	_	none	_	_	_	_	_	_
501-4	TO029	501	4	lei	lei	_	_	_	_	_	linguistic	_	none	_	_	_	_	_	_
501-5	TO029	501	5	stava	stava	_	_	_	_	_	linguistic	_	none	_	_	_	_	_	_
501-6	TO029	501	6	già	già	_	_	_	_	_	linguistic	_	none	_	_	_	_	_	_
501-7	TO029	501	7	scrivendo	scrivendo	_	_	_	_	_	linguistic	_	none	_	End=1437.333	_	_	_	_
502-0	TO033	502	0	vabbè	vabbè	_	_	_	_	_	linguistic	_	none	_	Begin=1437.447	_	_	_	_
502-1	TO033	502	1	ma	ma	_	_	_	_	_	linguistic	_	none	_	_	_	_	_	_
502-2	TO033	502	2	no	no	_	_	_	_	_	linguistic	_	none	_	_	_	_	_	_
502-3	TO033	502	3	si	si	_	_	_	_	_	linguistic	_	none	_	_	_	_	_	_
502-4	TO033	502	4	vede	vede	_	_	_	_	_	linguistic	_	none	_	_	_	_	_	_
502-5	TO033	502	5	che	che	_	_	_	_	_	linguistic	_	none	_	_	_	_	_	_
502-6	TO033	502	6	si	si	_	_	_	_	_	linguistic	_	none	_	_	_	_	_	_
502-7	TO033	502	7	è	è	_	_	_	_	_	linguistic	_	none	_	_	_	_	_	_
502-8	TO033	502	8	presa::::	presa	_	_	_	_	_	linguistic	_	none	_	_	4x4	_	_	_
502-9	TO033	502	9	[nove]	nove	_	_	_	_	_	linguistic	_	none	_	End=1439.743	_	_	_	0-4(152)
503-0	TO034	503	0	[l'	l'	_	_	_	_	_	linguistic	_	none	SpaceAfter=No	Begin=1439.305	_	_	_	0-2(152)
503-1	TO034	503	1	insufficie]nza,	insufficienza	_	_	_	_	_	linguistic	_	none	Intonation=WeaklyRising	_	_	_	_	0-10(152)
503-2	TO034	503	2	((ride))	((ride))	_	_	_	_	_	nonverbalbehavior	_	none	_	End=1440.93	_	_	_	_
504-0	TO033	504	0	e:::hm	ehm	_	_	_	_	_	linguistic	_	none	_	Begin=1440.56|End=1441.264	0x3	_	_	_
505-0	TO033	505	0	vabbè	vabbè	_	_	_	_	_	linguistic	_	none	_	Begin=1441.609	_	_	_	_
505-1	TO033	505	1	fatto	fatto	_	_	_	_	_	linguistic	_	none	_	_	_	_	_	_
505-2	TO033	505	2	sta	sta	_	_	_	_	_	linguistic	_	none	_	_	_	_	_	_
505-3	TO033	505	3	che	che	_	_	_	_	_	linguistic	_	none	_	_	_	_	_	_
505-4	TO033	505	4	il	il	_	_	_	_	_	linguistic	_	none	_	_	_	_	_	_
505-5	TO033	505	5	relatore::	relatore	_	_	_	_	_	linguistic	_	none	_	_	7x2	_	_	_
505-6	TO033	505	6	de	de	_	_	_	_	_	linguistic	_	none	_	_	_	_	_	_
505-7	TO033	505	7	xxx	xxx	_	_	_	_	_	unknown	_	none	Syllables=3	_	_	_	_	_
505-8	TO033	505	8	xxx	xxx	_	_	_	_	_	unknown	_	none	Syllables=3	_	_	_	_	_
505-9	TO033	505	9	di	di	_	_	_	_	_	linguistic	_	none	_	_	_	_	_	_
505-10	TO033	505	10	xxx	xxx	_	_	_	_	_	unknown	_	none	Syllables=3	_	_	_	_	_
505-11	TO033	505	11	è	è	_	_	_	_	_	linguistic	_	none	_	_	_	_	_	_
505-12	TO033	505	12	suo	suo	_	_	_	_	_	linguistic	_	none	_	_	_	_	_	_
505-13	TO033	505	13	padre	padre	_	_	_	_	_	linguistic	_	none	_	_	_	_	_	_
505-14	TO033	505	14	perché	perché	_	_	_	_	_	linguistic	_	none	_	_	_	_	_	_
505-15	TO033	505	15	suo	suo	_	_	_	_	_	linguistic	_	none	_	_	_	_	_	_
505-16	TO033	505	16	padre	padre	_	_	_	_	_	linguistic	_	none	_	_	_	_	_	_
505-17	TO033	505	17	ci	ci	_	_	_	_	_	linguistic	_	none	_	_	_	_	_	_
505-18	TO033	505	18	tiene::	tiene	_	_	_	_	_	linguistic	_	none	PauseAfter=Yes	_	4x2	_	_	_
505-19	TO033	505	19	(.)	(.)	_	_	_	_	_	shortpause	_	none	_	_	_	_	_	_
505-20	TO033	505	20	[ci	ci	_	_	_	_	_	linguistic	_	none	_	_	_	_	_	0-2(154)
505-21	TO033	505	21	terrà::	terrà	_	_	_	_	_	linguistic	_	none	_	_	4x2	_	_	0-5(154)
505-22	TO033	505	22	il	il	_	_	_	_	_	linguistic	_	none	_	_	_	_	_	0-2(154)
505-23	TO033	505	23	corso,	corso	_	_	_	_	_	linguistic	_	none	Intonation=WeaklyRising	_	_	_	_	0-5(154)
505-24	TO033	505	24	xxxx	xxxx	_	_	_	_	_	unknown	_	none	Syllables=4	_	_	_	_	0-4(154)
505-25	TO033	505	25	xx	xx	_	_	_	_	_	unknown	_	none	Syllables=2	_	_	_	_	0-2(154)
505-26	TO033	505	26	immigrazioni]	immigrazioni	_	_	_	_	_	linguistic	_	none	_	End=1450.391	_	_	_	0-12(154)
506-0	TO034	506	0	[xx	xx	_	_	_	_	_	unknown	_	none	Syllables=2	Begin=1447.784	_	_	_	0-2(154)
506-1	TO034	506	1	ci	ci	_	_	_	_	_	linguistic	_	none	_	_	_	_	_	0-2(154)
506-2	TO034	506	2	terrà	terrà	_	_	_	_	_	linguistic	_	none	_	_	_	_	_	0-5(154)
506-3	TO034	506	3	anche	anche	_	_	_	_	_	linguistic	_	none	_	_	_	_	_	0-5(154)
506-4	TO034	506	4	il	il	_	_	_	_	_	linguistic	_	none	_	_	_	_	_	0-2(154)
506-5	TO034	506	5	corso	corso	_	_	_	_	_	linguistic	_	none	_	_	_	_	_	0-5(154)
506-6	TO034	506	6	quindi	quindi	_	_	_	_	_	linguistic	_	none	_	_	_	_	_	0-6(154)
506-7	TO034	506	7	è	è	_	_	_	_	_	linguistic	_	none	_	_	_	_	_	0-1(154)
506-8	TO034	506	8	professo:re],	professore	_	_	_	_	_	linguistic	_	none	Intonation=WeaklyRising	End=1450.393	7x1	_	_	0-10(154)
507-0	TO034	507	0	lui	lui	_	_	_	_	_	linguistic	_	none	_	Begin=1451.141	_	_	_	_
507-1	TO034	507	1	[xxx]	xxx	_	_	_	_	_	unknown	_	none	Syllables=3	End=1451.845	_	_	_	0-3(155)
508-0	TO033	508	0	[xxx]	xxx	_	_	_	_	_	unknown	_	none	Syllables=3	Begin=1451.583	_	_	_	0-3(155)
508-1	TO033	508	1	il	il	_	_	_	_	_	linguistic	_	none	_	_	_	_	_	_
508-2	TO033	508	2	nostro	nostro	_	_	_	_	_	linguistic	_	none	_	_	_	_	_	_
508-3	TO033	508	3	relatore,	relatore	_	_	_	_	_	linguistic	_	none	Intonation=WeaklyRising	End=1452.464	_	_	_	_
509-0	TO034	509	0	((ride))	((ride))	_	_	_	_	_	nonverbalbehavior	_	none	_	Begin=1452.691|End=1453.269	_	_	_	_
510-0	TO033	510	0	e	e	_	_	_	_	_	linguistic	_	none	_	Begin=1453.566	_	_	_	_
510-1	TO033	510	1	conclusione	conclusione	_	_	_	_	_	linguistic	_	none	_	End=1454.725	_	_	_	_
511-0	TO033	511	0	[conclusione	conclusione	_	_	_	_	_	linguistic	_	none	_	Begin=1454.948	_	_	_	0-11(156)
511-1	TO033	511	1	conclusione	conclusione	_	_	_	_	_	linguistic	_	none	_	_	_	_	_	0-11(156)
511-2	TO033	511	2	conclusione],	conclusione	_	_	_	_	_	linguistic	_	none	Intonation=WeaklyRising	_	_	_	_	0-11(156)
511-3	TO033	511	3	xxx	xxx	_	_	_	_	_	unknown	_	none	Syllables=3	_	_	_	_	_
511-4	TO033	511	4	infatti	infatti	_	_	_	_	_	linguistic	_	none	_	_	_	_	_	_
511-5	TO033	511	5	io	io	_	_	_	_	_	linguistic	_	none	_	_	_	_	_	_
511-6	TO033	511	6	guardavo	guardavo	_	_	_	_	_	linguistic	_	none	_	_	_	_	_	_
511-7	TO033	511	7	luca	luca	_	_	_	_	_	linguistic	_	none	_	_	_	_	_	_
511-8	TO033	511	8	tipo	tipo	_	_	_	_	_	linguistic	_	none	_	End=1459.173	_	_	_	_
512-0	TO034	512	0	[è	è	_	_	_	_	_	linguistic	_	none	_	Begin=1454.949	_	_	_	0-1(156)
512-1	TO034	512	1	una	una	_	_	_	_	_	linguistic	_	none	_	_	_	_	_	0-3(156)
512-2	TO034	512	2	barzelletta	barzelletta	_	_	_	_	_	linguistic	_	none	_	_	_	_	_	0-11(156)
512-3	TO034	512	3	'sto	'sto	_	_	_	_	_	linguistic	_	none	Truncated=Yes	_	_	_	_	0-4(156)
512-4	TO034	512	4	master],	master	_	_	_	_	_	linguistic	_	none	Intonation=WeaklyRising	End=1456.976	_	_	_	0-6(156)
513-0	TO029	513	0	[no::::].	no	_	_	_	_	_	linguistic	_	none	Intonation=Falling	Begin=1460.419|End=1461.248	1x4	_	_	0-2(157)
514-0	TO033	514	0	[si	si	_	_	_	_	_	linguistic	_	none	_	Begin=1460.619	_	_	_	0-2(157)
514-1	TO033	514	1	avvicina	avvicina	_	_	_	_	_	linguistic	_	none	_	_	_	_	_	0-8(157)
514-2	TO033	514	2	ibra]him	ibrahim	_	_	_	_	_	linguistic	_	none	_	_	_	_	_	0-4(157)
514-3	TO033	514	3	xxx	xxx	_	_	_	_	_	unknown	_	none	Syllables=3	_	_	_	_	_
514-4	TO033	514	4	ale	ale	_	_	_	_	_	linguistic	_	none	_	_	_	_	_	_
514-5	TO033	514	5	io	io	_	_	_	_	_	linguistic	_	none	_	_	_	_	_	_
514-6	TO033	514	6	xxx	xxx	_	_	_	_	_	unknown	_	none	Syllables=3	_	_	_	_	_
514-7	TO033	514	7	cosa	cosa	_	_	_	_	_	linguistic	_	none	_	_	_	_	_	_
514-8	TO033	514	8	sta	sta	_	_	_	_	_	linguistic	_	none	_	_	_	_	_	_
514-9	TO033	514	9	succedendo?	succedendo	_	_	_	_	_	linguistic	_	none	Intonation=Rising	End=1464.353	_	_	_	_
515-0	TO033	515	0	e	e	_	_	_	_	_	linguistic	_	none	_	Begin=1464.543	_	_	_	_
515-1	TO033	515	1	appunto	appunto	_	_	_	_	_	linguistic	_	none	_	_	_	_	_	_
515-2	TO033	515	2	xxx	xxx	_	_	_	_	_	unknown	_	none	Syllables=3	_	_	_	_	_
515-3	TO033	515	3	va	va	_	_	_	_	_	linguistic	_	none	_	_	_	_	_	_
515-4	TO033	515	4	da	da	_	_	_	_	_	linguistic	_	none	_	_	_	_	_	_
515-5	TO033	515	5	erika	erika	_	_	_	_	_	linguistic	_	none	_	_	_	_	_	_
515-6	TO033	515	6	e	e	_	_	_	_	_	linguistic	_	none	_	_	_	_	_	_
515-7	TO033	515	7	dice:::,	dice	_	_	_	_	_	linguistic	_	none	Intonation=WeaklyRising	End=1467.232	3x3	_	_	_
516-0	TO033	516	0	ma	ma	_	_	_	_	_	linguistic	_	none	_	Begin=1467.771	_	_	_	_
516-1	TO033	516	1	tu	tu	_	_	_	_	_	linguistic	_	none	_	_	_	_	_	_
516-2	TO033	516	2	perché	perché	_	_	_	_	_	linguistic	_	none	_	_	_	_	_	_
516-3	TO033	516	3	facevi	facevi	_	_	_	_	_	linguistic	_	none	_	_	_	_	_	_
516-4	TO033	516	4	quella	quella	_	_	_	_	_	linguistic	_	none	_	_	_	_	_	_
516-5	TO033	516	5	faccia?	faccia	_	_	_	_	_	linguistic	_	none	Intonation=Rising	End=1469.815	_	_	_	_
517-0	TO033	517	0	gli	gli	_	_	_	_	_	linguistic	_	none	_	Begin=1470.296	_	_	_	_
517-1	TO033	517	1	fa:::	fa	_	_	_	_	_	linguistic	_	none	_	_	1x3	_	_	_
517-2	TO033	517	2	guarda	guarda	_	_	_	_	_	linguistic	_	none	_	_	_	_	_	_
517-3	TO033	517	3	che	che	_	_	_	_	_	linguistic	_	none	_	_	_	_	_	_
517-4	TO033	517	4	tu	tu	_	_	_	_	_	linguistic	_	none	_	_	_	_	_	_
517-5	TO033	517	5	dovresti	dovresti	_	_	_	_	_	linguistic	_	none	_	_	_	_	_	_
517-6	TO033	517	6	avere	avere	_	_	_	_	_	linguistic	_	none	_	_	_	_	_	_
517-7	TO033	517	7	x	x	_	_	_	_	_	unknown	_	none	Syllables=1	_	_	_	_	_
517-8	TO033	517	8	e::h	eh	_	_	_	_	_	linguistic	_	none	_	_	0x2	_	_	_
517-9	TO033	517	9	e:::hm	ehm	_	_	_	_	_	linguistic	_	none	_	_	0x3	_	_	_
517-10	TO033	517	10	empatia	empatia	_	_	_	_	_	linguistic	_	none	_	_	_	_	_	_
517-11	TO033	517	11	nei	nei	_	_	_	_	_	linguistic	_	none	_	_	_	_	_	_
517-12	TO033	517	12	nostri	nostri	_	_	_	_	_	linguistic	_	none	_	_	_	_	_	_
517-13	TO033	517	13	confronti	confronti	_	_	_	_	_	linguistic	_	none	_	_	_	_	_	_
517-14	TO033	517	14	non	non	_	_	_	_	_	linguistic	_	none	_	_	_	_	_	_
517-15	TO033	517	15	puoi	puoi	_	_	_	_	_	linguistic	_	none	_	_	_	_	_	_
517-16	TO033	517	16	comportarti::	comportarti	_	_	_	_	_	linguistic	_	none	_	_	10x2	_	_	_
517-17	TO033	517	17	[così]	così	_	_	_	_	_	linguistic	_	none	_	End=1477.226	_	_	_	0-4(158)
518-0	TO034	518	0	[perché]	perché	_	_	_	_	_	linguistic	_	none	_	Begin=1477.084	_	_	_	0-6(158)
518-1	TO034	518	1	noi	noi	_	_	_	_	_	linguistic	_	none	_	_	_	_	_	_
518-2	TO034	518	2	siamo	siamo	_	_	_	_	_	linguistic	_	none	_	_	_	_	_	_
518-3	TO034	518	3	tut[ti	tutti	_	_	_	_	_	linguistic	_	none	_	_	_	_	_	3-5(160)
518-4	TO034	518	4	del	del	_	_	_	_	_	linguistic	_	none	_	_	_	_	_	0-3(160)
518-5	TO034	518	5	ma::ster	master	_	_	_	_	_	linguistic	_	none	_	_	1x2	_	_	0-6(160)
518-6	TO034	518	6	noi	noi	_	_	_	_	_	linguistic	_	none	_	_	_	_	_	0-3(160)
518-7	TO034	518	7	siamo	siamo	_	_	_	_	_	linguistic	_	none	_	_	_	_	_	0-5(160)
518-8	TO034	518	8	tutti:::	tutti	_	_	_	_	_	linguistic	_	none	_	_	4x3	_	_	0-5(160)
518-9	TO034	518	9	fratelli]	fratelli	_	_	_	_	_	linguistic	_	none	_	_	_	_	_	0-8(160)
518-10	TO034	518	10	tipo	tipo	_	_	_	_	_	linguistic	_	none	_	_	_	_	_	_
518-11	TO034	518	11	[no::]?	no	_	_	_	_	_	linguistic	_	none	Intonation=Rising	End=1482.276	1x2	_	_	0-2(159)
519-0	TO033	519	0	[tu	tu	_	_	_	_	_	linguistic	_	none	_	Begin=1477.775	_	_	_	0-2(160)
519-1	TO033	519	1	sei	sei	_	_	_	_	_	linguistic	_	none	_	_	_	_	_	0-3(160)
519-2	TO033	519	2	del	del	_	_	_	_	_	linguistic	_	none	_	_	_	_	_	0-3(160)
519-3	TO033	519	3	co:::::sm	cosm	_	_	_	_	_	linguistic	_	none	_	_	1x5	_	_	0-4(160)
519-4	TO033	519	4	tu	tu	_	_	_	_	_	linguistic	_	none	_	_	_	_	_	0-2(160)
519-5	TO033	519	5	devi	devi	_	_	_	_	_	linguistic	_	none	_	_	_	_	_	0-4(160)
519-6	TO033	519	6	restare	restare	_	_	_	_	_	linguistic	_	none	_	_	_	_	_	0-7(160)
519-7	TO033	519	7	solidale]	solidale	_	_	_	_	_	linguistic	_	none	_	End=1481.268	_	_	_	0-8(160)
520-0	TO033	520	0	[le	le	_	_	_	_	_	linguistic	_	none	_	Begin=1481.758	_	_	_	0-2(159)
520-1	TO033	520	1	fa]	fa	_	_	_	_	_	linguistic	_	none	_	End=1482.282	_	_	_	0-2(159)
521-0	TO033	521	0	cioè	cioè	_	_	_	_	_	linguistic	_	none	_	Begin=1483.057	_	_	_	_
521-1	TO033	521	1	[erika	erika	_	_	_	_	_	linguistic	_	none	_	_	_	_	_	0-5(161)
521-2	TO033	521	2	gli	gli	_	_	_	_	_	linguistic	_	none	_	_	_	_	_	0-3(161)
521-3	TO033	521	3	ha	ha	_	_	_	_	_	linguistic	_	none	_	_	_	_	_	0-2(161)
521-4	TO033	521	4	detto	detto	_	_	_	_	_	linguistic	_	none	_	_	_	_	_	0-5(161)
521-5	TO033	521	5	lei	lei	_	_	_	_	_	linguistic	_	none	_	_	_	_	_	0-3(161)
521-6	TO033	521	6	gli	gli	_	_	_	_	_	linguistic	_	none	_	_	_	_	_	0-3(161)
521-7	TO033	521	7	ha	ha	_	_	_	_	_	linguistic	_	none	_	_	_	_	_	0-2(161)
521-8	TO033	521	8	detto::]	detto	_	_	_	_	_	linguistic	_	none	_	End=1485.053	4x2	_	_	0-5(161)
522-0	TO034	522	0	[xx	xx	_	_	_	_	_	unknown	_	none	Syllables=2	Begin=1483.906	_	_	_	0-2(161)
522-1	TO034	522	1	ha	ha	_	_	_	_	_	linguistic	_	none	_	_	_	_	_	0-2(161)
522-2	TO034	522	2	detto	detto	_	_	_	_	_	linguistic	_	none	_	_	_	_	_	0-5(161)
522-3	TO034	522	3	ma	ma	_	_	_	_	_	linguistic	_	none	_	_	_	_	_	0-2(161)
522-4	TO034	522	4	chi	chi	_	_	_	_	_	linguistic	_	none	_	_	_	_	_	0-3(161)
522-5	TO034	522	5	cazzo	cazzo	_	_	_	_	_	linguistic	_	none	_	_	_	_	_	0-5(161)
522-6	TO034	522	6	ti	ti	_	_	_	_	_	linguistic	_	none	_	_	_	_	_	0-2(161)
522-7	TO034	522	7	cono]sce	conosce	_	_	_	_	_	linguistic	_	none	_	_	_	_	_	0-4(161)
522-8	TO034	522	8	innanzitutto?	innanzitutto	_	_	_	_	_	linguistic	_	none	Intonation=Rising	_	_	_	_	_
522-9	TO034	522	9	((ride))	((ride))	_	_	_	_	_	nonverbalbehavior	_	none	_	End=1486.425	_	_	_	_
523-0	TO033	523	0	ma	ma	_	_	_	_	_	linguistic	_	none	_	Begin=1486.675	_	_	_	_
523-1	TO033	523	1	poi	poi	_	_	_	_	_	linguistic	_	none	_	_	_	_	_	_
523-2	TO033	523	2	voglio	voglio	_	_	_	_	_	linguistic	_	none	_	_	_	_	_	_
523-3	TO033	523	3	dire	dire	_	_	_	_	_	linguistic	_	none	_	_	_	_	_	_
523-4	TO033	523	4	cioè	cioè	_	_	_	_	_	linguistic	_	none	_	End=1487.689	_	_	_	_
524-0	TO029	524	0	poi	poi	_	_	_	_	_	linguistic	_	none	_	Begin=1489.139	_	_	_	_
524-1	TO029	524	1	es[sere	essere	_	_	_	_	_	linguistic	_	none	_	_	_	_	_	2-6(162)
524-2	TO029	524	2	solidale	solidale	_	_	_	_	_	linguistic	_	none	_	_	_	_	_	0-8(162)
524-3	TO029	524	3	vuol	vuol	_	_	_	_	_	linguistic	_	none	_	_	_	_	_	0-4(162)
524-4	TO029	524	4	dire	dire	_	_	_	_	_	linguistic	_	none	_	_	_	_	_	0-4(162)
524-5	TO029	524	5	anche	anche	_	_	_	_	_	linguistic	_	none	_	_	_	_	_	0-5(162)
524-6	TO029	524	6	magari	magari	_	_	_	_	_	linguistic	_	none	_	_	_	_	_	0-6(162)
524-7	TO029	524	7	impara]re	imparare	_	_	_	_	_	linguistic	_	none	_	_	_	_	_	0-6(162)
524-8	TO029	524	8	la	la	_	_	_	_	_	linguistic	_	none	_	_	_	_	_	_
524-9	TO029	524	9	nostra	nostra	_	_	_	_	_	linguistic	_	none	_	_	_	_	_	_
524-10	TO029	524	10	lingua	lingua	_	_	_	_	_	linguistic	_	none	_	_	_	_	_	_
524-11	TO029	524	11	già	già	_	_	_	_	_	linguistic	_	none	_	_	_	_	_	_
524-12	TO029	524	12	che	che	_	_	_	_	_	linguistic	_	none	_	_	_	_	_	_
524-13	TO029	524	13	sono	sono	_	_	_	_	_	linguistic	_	none	_	_	_	_	_	_
524-14	TO029	524	14	dodici	dodici	_	_	_	_	_	linguistic	_	none	_	_	_	_	_	_
524-15	TO029	524	15	mesi	mesi	_	_	_	_	_	linguistic	_	none	_	_	_	_	_	_
524-16	TO029	524	16	che	che	_	_	_	_	_	linguistic	_	none	_	_	_	_	_	_
524-17	TO029	524	17	vivi	vivi	_	_	_	_	_	linguistic	_	none	_	_	_	_	_	_
524-18	TO029	524	18	in	in	_	_	_	_	_	linguistic	_	none	_	_	_	_	_	_
524-19	TO029	524	19	questo	questo	_	_	_	_	_	linguistic	_	none	_	_	_	_	_	_
524-20	TO029	524	20	[paese]	paese	_	_	_	_	_	linguistic	_	none	_	End=1494.179	_	_	_	0-5(163)
525-0	TO033	525	0	[però	però	_	_	_	_	_	linguistic	_	none	_	Begin=1489.38	_	_	_	0-4(162)
525-1	TO033	525	1	così	così	_	_	_	_	_	linguistic	_	none	_	_	_	_	_	0-4(162)
525-2	TO033	525	2	è	è	_	_	_	_	_	linguistic	_	none	_	_	_	_	_	0-1(162)
525-3	TO033	525	3	così	così	_	_	_	_	_	linguistic	_	none	_	_	_	_	_	0-4(162)
525-4	TO033	525	4	capito]?	capito	_	_	_	_	_	linguistic	_	none	Intonation=Rising	End=1491.193	_	_	_	0-6(162)
526-0	TO034	526	0	[o	o	_	_	_	_	_	linguistic	_	none	_	Begin=1493.613	_	_	_	0-1(163)
526-1	TO034	526	1	farti]	farti	_	_	_	_	_	linguistic	_	none	_	_	_	_	_	0-5(163)
526-2	TO034	526	2	sentire	sentire	_	_	_	_	_	linguistic	_	none	_	_	_	_	_	_
526-3	TO034	526	3	anche	anche	_	_	_	_	_	linguistic	_	none	_	_	_	_	_	_
526-4	TO034	526	4	solo	solo	_	_	_	_	_	linguistic	_	none	_	_	_	_	_	_
526-5	TO034	526	5	no?	no	_	_	_	_	_	linguistic	_	none	Intonation=Rising	_	_	_	_	_
526-6	TO034	526	6	una	una	_	_	_	_	_	linguistic	_	none	_	_	_	_	_	_
526-7	TO034	526	7	volta	volta	_	_	_	_	_	linguistic	_	none	_	_	_	_	_	_
526-8	TO034	526	8	in	in	_	_	_	_	_	linguistic	_	none	_	_	_	_	_	_
526-9	TO034	526	9	un	un	_	_	_	_	_	linguistic	_	none	_	_	_	_	_	_
526-10	TO034	526	10	anno,	anno	_	_	_	_	_	linguistic	_	none	Intonation=WeaklyRising	End=1496.339	_	_	_	_
527-0	TO033	527	0	no	no	_	_	_	_	_	linguistic	_	none	_	Begin=1496.339	_	_	_	_
527-1	TO033	527	1	poi	poi	_	_	_	_	_	linguistic	_	none	_	_	_	_	_	_
527-2	TO033	527	2	così	così	_	_	_	_	_	linguistic	_	none	_	_	_	_	_	_
527-3	TO033	527	3	è	è	_	_	_	_	_	linguistic	_	none	_	_	_	_	_	_
527-4	TO033	527	4	capito?	capito	_	_	_	_	_	linguistic	_	none	Intonation=Rising	End=1497.911	_	_	_	_
528-0	TO034	528	0	e	e	_	_	_	_	_	linguistic	_	none	_	Begin=1498.155	_	_	_	_
528-1	TO034	528	1	poi	poi	_	_	_	_	_	linguistic	_	none	_	_	_	_	_	_
528-2	TO034	528	2	tra	tra	_	_	_	_	_	linguistic	_	none	_	_	_	_	_	_
528-3	TO034	528	3	l'	l'	_	_	_	_	_	linguistic	_	none	SpaceAfter=No	_	_	_	_	_
528-4	TO034	528	4	altro	altro	_	_	_	_	_	linguistic	_	none	_	_	_	_	_	_
528-5	TO034	528	5	ma	ma	_	_	_	_	_	linguistic	_	none	_	_	_	_	_	_
528-6	TO034	528	6	poi	poi	_	_	_	_	_	linguistic	_	none	_	_	_	_	_	_
528-7	TO034	528	7	lo	lo	_	_	_	_	_	linguistic	_	none	_	_	_	_	_	_
528-8	TO034	528	8	vedevi	vedevi	_	_	_	_	_	linguistic	_	none	_	_	_	_	_	_
528-9	TO034	528	9	proprio:	proprio	_	_	_	_	_	linguistic	_	none	_	End=1500.124	6x1	_	_	_
529-0	TO034	529	0	nella	nella	_	_	_	_	_	linguistic	_	none	_	Begin=1500.606	_	_	_	_
529-1	TO034	529	1	disposizione	disposizione	_	_	_	_	_	linguistic	_	none	_	_	_	_	_	_
529-2	TO034	529	2	cioè	cioè	_	_	_	_	_	linguistic	_	none	_	End=1501.708	_	_	_	_
530-0	TO034	530	0	bam	bam	_	_	_	_	_	linguistic	_	none	PauseAfter=Yes	Begin=1502.206	_	_	_	_
530-1	TO034	530	1	(.)	(.)	_	_	_	_	_	shortpause	_	none	_	_	_	_	_	_
530-2	TO034	530	2	italia::ni	italiani	_	_	_	_	_	linguistic	_	none	_	_	5x2	_	_	_
530-3	TO034	530	3	l'	l'	_	_	_	_	_	linguistic	_	none	SpaceAfter=No	_	_	_	_	_
530-4	TO034	530	4	altra	altra	_	_	_	_	_	linguistic	_	none	_	_	_	_	_	_
530-5	TO034	530	5	metà,	metà	_	_	_	_	_	linguistic	_	none	Intonation=WeaklyRising	_	_	_	_	_
530-6	TO034	530	6	[marocchini]	marocchini	_	_	_	_	_	linguistic	_	none	_	End=1505.166	_	_	_	0-10(164)
531-0	TO029	531	0	[appunto	appunto	_	_	_	_	_	linguistic	_	none	_	Begin=1503.943	_	_	_	0-7(164)
531-1	TO029	531	1	secondo	secondo	_	_	_	_	_	linguistic	_	none	_	_	_	_	_	0-7(164)
531-2	TO029	531	2	me	me	_	_	_	_	_	linguistic	_	none	_	_	_	_	_	0-2(164)
531-3	TO029	531	3	che	che	_	_	_	_	_	linguistic	_	none	_	_	_	_	_	0-3(164)
531-4	TO029	531	4	questo	questo	_	_	_	_	_	linguistic	_	none	_	_	_	_	_	0-6(164)
531-5	TO029	531	5	mas]ter	master	_	_	_	_	_	linguistic	_	none	_	_	_	_	_	0-3(164)
531-6	TO029	531	6	è::	è	_	_	_	_	_	linguistic	_	none	_	_	0x2	_	_	_
531-7	TO029	531	7	una	una	_	_	_	_	_	linguistic	_	none	_	_	_	_	_	_
531-8	TO029	531	8	farsa	farsa	_	_	_	_	_	linguistic	_	none	_	_	_	_	_	_
531-9	TO029	531	9	e	e	_	_	_	_	_	linguistic	_	none	_	_	_	_	_	_
531-10	TO029	531	10	la	la	_	_	_	_	_	linguistic	_	none	_	_	_	_	_	_
531-11	TO029	531	11	rossi	rossi	_	_	_	_	_	linguistic	_	none	_	_	_	_	_	_
531-12	TO029	531	12	la	la	_	_	_	_	_	linguistic	_	none	_	_	_	_	_	_
531-13	TO029	531	13	risolve	risolve	_	_	_	_	_	linguistic	_	none	_	_	_	_	_	_
531-14	TO029	531	14	così	così	_	_	_	_	_	linguistic	_	none	_	_	_	_	_	_
531-15	TO029	531	15	però	però	_	_	_	_	_	linguistic	_	none	_	End=1508.119	_	_	_	_
532-0	TO029	532	0	no?	no	_	_	_	_	_	linguistic	_	none	Intonation=Rising	Begin=1508.301	_	_	_	_
532-1	TO029	532	1	che	che	_	_	_	_	_	linguistic	_	none	_	_	_	_	_	_
532-2	TO029	532	2	poi	poi	_	_	_	_	_	linguistic	_	none	_	_	_	_	_	_
532-3	TO029	532	3	potrà	potrà	_	_	_	_	_	linguistic	_	none	_	_	_	_	_	_
532-4	TO029	532	4	dire	dire	_	_	_	_	_	linguistic	_	none	_	_	_	_	_	_
532-5	TO029	532	5	che	che	_	_	_	_	_	linguistic	_	none	_	_	_	_	_	_
532-6	TO029	532	6	tot	tot	_	_	_	_	_	linguistic	_	none	_	_	_	_	_	_
532-7	TO029	532	7	dei	dei	_	_	_	_	_	linguistic	_	none	_	_	_	_	_	_
532-8	TO029	532	8	suoi	suoi	_	_	_	_	_	linguistic	_	none	_	_	_	_	_	_
532-9	TO029	532	9	studenti	studenti	_	_	_	_	_	linguistic	_	none	_	_	_	_	_	_
532-10	TO029	532	10	hanno	hanno	_	_	_	_	_	linguistic	_	none	_	_	_	_	_	_
532-11	TO029	532	11	avuto	avuto	_	_	_	_	_	linguistic	_	none	_	_	_	_	_	_
532-12	TO029	532	12	il	il	_	_	_	_	_	linguistic	_	none	_	_	_	_	_	_
532-13	TO029	532	13	dottorato	dottorato	_	_	_	_	_	linguistic	_	none	_	_	_	_	_	_
532-14	TO029	532	14	qui	qui	_	_	_	_	_	linguistic	_	none	_	_	_	_	_	_
532-15	TO029	532	15	qui	qui	_	_	_	_	_	linguistic	_	none	_	_	_	_	_	_
532-16	TO029	532	16	[e	e	_	_	_	_	_	linguistic	_	none	_	_	_	_	_	0-1(165)
532-17	TO029	532	17	là]	là	_	_	_	_	_	linguistic	_	none	_	End=1512.106	_	_	_	0-2(165)
533-0	TO033	533	0	[ah	ah	_	_	_	_	_	linguistic	_	none	_	Begin=1511.578	_	_	_	0-2(165)
533-1	TO033	533	1	ma]	ma	_	_	_	_	_	linguistic	_	none	_	_	_	_	_	0-2(165)
533-2	TO033	533	2	qui	qui	_	_	_	_	_	linguistic	_	none	_	_	_	_	_	_
533-3	TO033	533	3	co[munque]	comunque	_	_	_	_	_	linguistic	_	none	_	End=1512.614	_	_	_	2-8(166)
534-0	TO029	534	0	[e	e	_	_	_	_	_	linguistic	_	none	_	Begin=1512.279	_	_	_	0-1(166)
534-1	TO029	534	1	li	li	_	_	_	_	_	linguistic	_	none	_	_	_	_	_	0-2(166)
534-2	TO029	534	2	ha	ha	_	_	_	_	_	linguistic	_	none	_	_	_	_	_	0-2(166)
534-3	TO029	534	3	col]locati	collocati	_	_	_	_	_	linguistic	_	none	_	_	_	_	_	0-3(166)
534-4	TO029	534	4	[tutti	tutti	_	_	_	_	_	linguistic	_	none	_	_	_	_	_	0-5(167)
534-5	TO029	534	5	così]	così	_	_	_	_	_	linguistic	_	none	_	End=1513.713	_	_	_	0-4(167)
535-0	TO033	535	0	[no	no	_	_	_	_	_	linguistic	_	none	_	Begin=1513.209	_	_	_	0-2(167)
535-1	TO033	535	1	però]	però	_	_	_	_	_	linguistic	_	none	_	_	_	_	_	0-4(167)
535-2	TO033	535	2	poi	poi	_	_	_	_	_	linguistic	_	none	_	_	_	_	_	_
535-3	TO033	535	3	comunque	comunque	_	_	_	_	_	linguistic	_	none	_	_	_	_	_	_
535-4	TO033	535	4	però	però	_	_	_	_	_	linguistic	_	none	_	_	_	_	_	_
535-5	TO033	535	5	è	è	_	_	_	_	_	linguistic	_	none	_	_	_	_	_	_
535-6	TO033	535	6	successo	successo	_	_	_	_	_	linguistic	_	none	_	_	_	_	_	_
535-7	TO033	535	7	che	che	_	_	_	_	_	linguistic	_	none	_	_	_	_	_	_
535-8	TO033	535	8	alla	alla	_	_	_	_	_	linguistic	_	none	_	_	_	_	_	_
535-9	TO033	535	9	fine	fine	_	_	_	_	_	linguistic	_	none	_	_	_	_	_	_
535-10	TO033	535	10	la	la	_	_	_	_	_	linguistic	_	none	_	_	_	_	_	_
535-11	TO033	535	11	rossi	rossi	_	_	_	_	_	linguistic	_	none	_	_	_	_	_	_
535-12	TO033	535	12	cioè	cioè	_	_	_	_	_	linguistic	_	none	_	_	_	_	_	_
535-13	TO033	535	13	gli	gli	_	_	_	_	_	linguistic	_	none	_	_	_	_	_	_
535-14	TO033	535	14	ha	ha	_	_	_	_	_	linguistic	_	none	_	_	_	_	_	_
535-15	TO033	535	15	fatto	fatto	_	_	_	_	_	linguistic	_	none	_	_	_	_	_	_
535-16	TO033	535	16	un	un	_	_	_	_	_	linguistic	_	none	_	_	_	_	_	_
535-17	TO033	535	17	gran	gran	_	_	_	_	_	linguistic	_	none	_	_	_	_	_	_
535-18	TO033	535	18	culo	culo	_	_	_	_	_	linguistic	_	none	_	End=1517.806	_	_	_	_
536-0	TO029	536	0	eh	eh	_	_	_	_	_	linguistic	_	none	_	Begin=1517.938	_	_	_	_
536-1	TO029	536	1	[alme::no]	almeno	_	_	_	_	_	linguistic	_	none	_	End=1518.899	3x2	_	_	0-6(168)
537-0	TO033	537	0	[perché	perché	_	_	_	_	_	linguistic	_	none	_	Begin=1518.324	_	_	_	0-6(168)
537-1	TO033	537	1	dic]endo	dicendo	_	_	_	_	_	linguistic	_	none	_	_	_	_	_	0-3(168)
537-2	TO033	537	2	[dicendo]	dicendo	_	_	_	_	_	linguistic	_	none	_	End=1520.126	_	_	_	0-7(169)
538-0	TO029	538	0	[certo	certo	_	_	_	_	_	linguistic	_	none	_	Begin=1519.419	_	_	_	0-5(169)
538-1	TO029	538	1	che	che	_	_	_	_	_	linguistic	_	none	_	_	_	_	_	0-3(169)
538-2	TO029	538	2	non	non	_	_	_	_	_	linguistic	_	none	_	_	_	_	_	0-3(169)
538-3	TO029	538	3	va	va	_	_	_	_	_	linguistic	_	none	_	_	_	_	_	0-2(169)
538-4	TO029	538	4	be]~	be~	_	_	_	_	_	linguistic	_	none	Interrupted=Yes	_	_	_	_	0-2(169)
538-5	TO029	538	5	cioè	cioè	_	_	_	_	_	linguistic	_	none	_	_	_	_	_	_
538-6	TO029	538	6	non	non	_	_	_	_	_	linguistic	_	none	_	_	_	_	_	_
538-7	TO029	538	7	basta	basta	_	_	_	_	_	linguistic	_	none	_	_	_	_	_	_
538-8	TO029	538	8	[fargli	fargli	_	_	_	_	_	linguistic	_	none	_	_	_	_	_	0-6(170)
538-9	TO029	538	9	il	il	_	_	_	_	_	linguistic	_	none	_	_	_	_	_	0-2(170)
538-10	TO029	538	10	culo	culo	_	_	_	_	_	linguistic	_	none	_	_	_	_	_	0-4(170)
538-11	TO029	538	11	mo	mo	_	_	_	_	_	linguistic	_	none	_	_	_	_	_	0-2(170)
538-12	TO029	538	12	e	e	_	_	_	_	_	linguistic	_	none	_	_	_	_	_	0-1(170)
538-13	TO029	538	13	poi]	poi	_	_	_	_	_	linguistic	_	none	_	_	_	_	_	0-3(170)
538-14	TO029	538	14	che	che	_	_	_	_	_	linguistic	_	none	_	_	_	_	_	_
538-15	TO029	538	15	si	si	_	_	_	_	_	linguistic	_	none	_	_	_	_	_	_
538-16	TO029	538	16	possono	possono	_	_	_	_	_	linguistic	_	none	_	_	_	_	_	_
538-17	TO029	538	17	[concordare	concordare	_	_	_	_	_	linguistic	_	none	_	_	_	_	_	0-10(171)
538-18	TO029	538	18	i	i	_	_	_	_	_	linguistic	_	none	_	_	_	_	_	0-1(171)
538-19	TO029	538	19	paper]	paper	_	_	_	_	_	linguistic	_	none	_	End=1524.593	_	_	_	0-5(171)
539-0	TO034	539	0	[ma	ma	_	_	_	_	_	linguistic	_	none	_	Begin=1520.884	_	_	_	0-2(170)
539-1	TO034	539	1	nea~	nea~	_	_	_	_	_	linguistic	_	none	Interrupted=Yes	_	_	_	_	0-4(170)
539-2	TO034	539	2	ma	ma	_	_	_	_	_	linguistic	_	none	PauseAfter=Yes	_	_	_	_	0-2(170)
539-3	TO034	539	3	(.)	(.)	_	_	_	_	_	shortpause	_	none	_	_	_	_	_	_
539-4	TO034	539	4	sì	sì	_	_	_	_	_	linguistic	_	none	_	_	_	_	_	0-2(170)
539-5	TO034	539	5	ma	ma	_	_	_	_	_	linguistic	_	none	_	_	_	_	_	0-2(170)
539-6	TO034	539	6	neanche]	neanche	_	_	_	_	_	linguistic	_	none	_	End=1522.613	_	_	_	0-7(170)
540-0	TO033	540	0	[ma	ma	_	_	_	_	_	linguistic	_	none	_	Begin=1523.458	_	_	_	0-2(171)
540-1	TO033	540	1	sì	sì	_	_	_	_	_	linguistic	_	none	_	_	_	_	_	0-2(171)
540-2	TO033	540	2	ma	ma	_	_	_	_	_	linguistic	_	none	_	_	_	_	_	0-2(171)
540-3	TO033	540	3	non	non	_	_	_	_	_	linguistic	_	none	_	_	_	_	_	0-3(171)
540-4	TO033	540	4	serve	serve	_	_	_	_	_	linguistic	_	none	_	_	_	_	_	0-5(171)
540-5	TO033	540	5	a	a	_	_	_	_	_	linguistic	_	none	_	_	_	_	_	0-1(171)
540-6	TO033	540	6	ma	ma	_	_	_	_	_	linguistic	_	none	_	_	_	_	_	0-2(171)
540-7	TO033	540	7	non]	non	_	_	_	_	_	linguistic	_	none	_	_	_	_	_	0-3(171)
540-8	TO033	540	8	serve	serve	_	_	_	_	_	linguistic	_	none	_	_	_	_	_	_
540-9	TO033	540	9	a	a	_	_	_	_	_	linguistic	_	none	_	_	_	_	_	_
540-10	TO033	540	10	niente	niente	_	_	_	_	_	linguistic	_	none	_	_	_	_	_	_
540-11	TO033	540	11	ma	ma	_	_	_	_	_	linguistic	_	none	_	_	_	_	_	_
540-12	TO033	540	12	no	no	_	_	_	_	_	linguistic	_	none	_	_	_	_	_	_
540-13	TO033	540	13	ma	ma	_	_	_	_	_	linguistic	_	none	_	_	_	_	_	_
540-14	TO033	540	14	infatti	infatti	_	_	_	_	_	linguistic	_	none	_	End=1526.493	_	_	_	_
541-0	TO029	541	0	[per	per	_	_	_	_	_	linguistic	_	none	_	Begin=1526.736	_	_	_	0-3(?)
541-1	TO029	541	1	me]	me	_	_	_	_	_	linguistic	_	none	_	_	_	_	_	0-2(?)
541-2	TO029	541	2	non	non	_	_	_	_	_	linguistic	_	none	_	_	_	_	_	_
541-3	TO029	541	3	[ba::sta]	basta	_	_	_	_	_	linguistic	_	none	_	End=1527.853	1x2	_	_	0-5(?)
542-0	TO033	542	0	[ma	ma	_	_	_	_	_	linguistic	_	none	_	Begin=1527.225	_	_	_	0-2(172)
542-1	TO033	542	1	no	no	_	_	_	_	_	linguistic	_	none	_	_	_	_	_	0-2(172)
542-2	TO033	542	2	ma]	ma	_	_	_	_	_	linguistic	_	none	_	_	_	_	_	0-2(172)
542-3	TO033	542	3	cioè	cioè	_	_	_	_	_	linguistic	_	none	_	_	_	_	_	_
542-4	TO033	542	4	non	non	_	_	_	_	_	linguistic	_	none	_	_	_	_	_	_
542-5	TO033	542	5	serve	serve	_	_	_	_	_	linguistic	_	none	_	_	_	_	_	_
542-6	TO033	542	6	no	no	_	_	_	_	_	linguistic	_	none	_	_	_	_	_	_
542-7	TO033	542	7	appunto	appunto	_	_	_	_	_	linguistic	_	none	_	_	_	_	_	_
542-8	TO033	542	8	più	più	_	_	_	_	_	linguistic	_	none	_	_	_	_	_	_
542-9	TO033	542	9	che	che	_	_	_	_	_	linguistic	_	none	_	_	_	_	_	_
542-10	TO033	542	10	altro	altro	_	_	_	_	_	linguistic	_	none	_	_	_	_	_	_
542-11	TO033	542	11	perché	perché	_	_	_	_	_	linguistic	_	none	_	End=1529.726	_	_	_	_
543-0	TO033	543	0	cioè	cioè	_	_	_	_	_	linguistic	_	none	_	Begin=1530.193	_	_	_	_
543-1	TO033	543	1	e::hm	ehm	_	_	_	_	_	linguistic	_	none	_	_	0x2	_	_	_
543-2	TO033	543	2	è	è	_	_	_	_	_	linguistic	_	none	_	_	_	_	_	_
543-3	TO033	543	3	inutile	inutile	_	_	_	_	_	linguistic	_	none	_	_	_	_	_	_
543-4	TO033	543	4	che	che	_	_	_	_	_	linguistic	_	none	_	_	_	_	_	_
543-5	TO033	543	5	dici	dici	_	_	_	_	_	linguistic	_	none	_	_	_	_	_	_
543-6	TO033	543	6	ah	ah	_	_	_	_	_	linguistic	_	none	_	_	_	_	_	_
543-7	TO033	543	7	sì	sì	_	_	_	_	_	linguistic	_	none	_	_	_	_	_	_
543-8	TO033	543	8	puoi	puoi	_	_	_	_	_	linguistic	_	none	_	_	_	_	_	_
543-9	TO033	543	9	concordare::	concordare	_	_	_	_	_	linguistic	_	none	_	_	9x2	_	_	_
543-10	TO033	543	10	il	il	_	_	_	_	_	linguistic	_	none	_	_	_	_	_	_
543-11	TO033	543	11	paper	paper	_	_	_	_	_	linguistic	_	none	_	_	_	_	_	_
543-12	TO033	543	12	e	e	_	_	_	_	_	linguistic	_	none	_	_	_	_	_	_
543-13	TO033	543	13	poi	poi	_	_	_	_	_	linguistic	_	none	_	_	_	_	_	_
543-14	TO033	543	14	gli	gli	_	_	_	_	_	linguistic	_	none	_	_	_	_	_	_
543-15	TO033	543	15	fai	fai	_	_	_	_	_	linguistic	_	none	_	_	_	_	_	_
543-16	TO033	543	16	il	il	_	_	_	_	_	linguistic	_	none	_	_	_	_	_	_
543-17	TO033	543	17	culo	culo	_	_	_	_	_	linguistic	_	none	_	_	_	_	_	_
543-18	TO033	543	18	che	che	_	_	_	_	_	linguistic	_	none	_	_	_	_	_	_
543-19	TO033	543	19	tanto	tanto	_	_	_	_	_	linguistic	_	none	_	_	_	_	_	_
543-20	TO033	543	20	gli	gli	_	_	_	_	_	linguistic	_	none	_	_	_	_	_	_
543-21	TO033	543	21	hai	hai	_	_	_	_	_	linguistic	_	none	_	_	_	_	_	_
543-22	TO033	543	22	già	già	_	_	_	_	_	linguistic	_	none	_	_	_	_	_	_
543-23	TO033	543	23	detto	detto	_	_	_	_	_	linguistic	_	none	_	_	_	_	_	_
543-24	TO033	543	24	che	che	_	_	_	_	_	linguistic	_	none	_	_	_	_	_	_
543-25	TO033	543	25	loro	loro	_	_	_	_	_	linguistic	_	none	_	_	_	_	_	_
543-26	TO033	543	26	[la	la	_	_	_	_	_	linguistic	_	none	_	_	_	_	_	0-2(173)
543-27	TO033	543	27	passeranno	passeranno	_	_	_	_	_	linguistic	_	none	_	_	_	_	_	0-10(173)
543-28	TO033	543	28	liscia:	liscia	_	_	_	_	_	linguistic	_	none	_	_	5x1	_	_	0-6(173)
543-29	TO033	543	29	hai	hai	_	_	_	_	_	linguistic	_	none	_	_	_	_	_	0-3(173)
543-30	TO033	543	30	capito]?	capito	_	_	_	_	_	linguistic	_	none	Intonation=Rising	End=1537.833	_	_	_	0-6(173)
544-0	TO029	544	0	[esatto	esatto	_	_	_	_	_	linguistic	_	none	_	Begin=1536.171	_	_	_	0-6(173)
544-1	TO029	544	1	lo	lo	_	_	_	_	_	linguistic	_	none	_	_	_	_	_	0-2(173)
544-2	TO029	544	2	fai	fai	_	_	_	_	_	linguistic	_	none	_	_	_	_	_	0-3(173)
544-3	TO029	544	3	così	così	_	_	_	_	_	linguistic	_	none	_	_	_	_	_	0-4(173)
544-4	TO029	544	4	pro	pro	_	_	_	_	_	linguistic	_	none	_	_	_	_	_	0-3(173)
544-5	TO029	544	5	for]ma	forma	_	_	_	_	_	linguistic	_	none	_	_	_	_	_	0-3(173)
544-6	TO029	544	6	[lo	lo	_	_	_	_	_	linguistic	_	none	_	_	_	_	_	0-2(174)
544-7	TO029	544	7	fai	fai	_	_	_	_	_	linguistic	_	none	_	_	_	_	_	0-3(174)
544-8	TO029	544	8	pe:::r]	per	_	_	_	_	_	linguistic	_	none	_	End=1539.219	1x3	_	_	0-3(174)
545-0	TO033	545	0	[dicendo	dicendo	_	_	_	_	_	linguistic	_	none	_	Begin=1538.241	_	_	_	0-7(174)
545-1	TO033	545	1	anche	anche	_	_	_	_	_	linguistic	_	none	_	_	_	_	_	0-5(174)
545-2	TO033	545	2	ah]	ah	_	_	_	_	_	linguistic	_	none	_	_	_	_	_	0-2(174)
545-3	TO033	545	3	no	no	_	_	_	_	_	linguistic	_	none	_	_	_	_	_	_
545-4	TO033	545	4	perché	perché	_	_	_	_	_	linguistic	_	none	_	_	_	_	_	_
545-5	TO033	545	5	se:::	se	_	_	_	_	_	linguistic	_	none	_	End=1540.698	1x3	_	_	_
546-0	TO033	546	0	se	se	_	_	_	_	_	linguistic	_	none	_	Begin=1540.912	_	_	_	_
546-1	TO033	546	1	adesso:::	adesso	_	_	_	_	_	linguistic	_	none	_	_	5x3	_	_	_
546-2	TO033	546	2	e::::hm	ehm	_	_	_	_	_	linguistic	_	none	_	End=1542.933	0x4	_	_	_
547-0	TO033	547	0	cioè	cioè	_	_	_	_	_	linguistic	_	none	_	Begin=1543.159	_	_	_	_
547-1	TO033	547	1	i	i	_	_	_	_	_	linguistic	_	none	_	_	_	_	_	_
547-2	TO033	547	2	ragazzi	ragazzi	_	_	_	_	_	linguistic	_	none	_	_	_	_	_	_
547-3	TO033	547	3	italiani	italiani	_	_	_	_	_	linguistic	_	none	_	_	_	_	_	_
547-4	TO033	547	4	tornano	tornano	_	_	_	_	_	linguistic	_	none	_	_	_	_	_	_
547-5	TO033	547	5	in	in	_	_	_	_	_	linguistic	_	none	_	_	_	_	_	_
547-6	TO033	547	6	marocco	marocco	_	_	_	_	_	linguistic	_	none	_	End=1545.379	_	_	_	_
548-0	TO033	548	0	e	e	_	_	_	_	_	linguistic	_	none	_	Begin=1545.739	_	_	_	_
548-1	TO033	548	1	non	non	_	_	_	_	_	linguistic	_	none	_	_	_	_	_	_
548-2	TO033	548	2	finiscono	finiscono	_	_	_	_	_	linguistic	_	none	_	_	_	_	_	_
548-3	TO033	548	3	i	i	_	_	_	_	_	linguistic	_	none	_	_	_	_	_	_
548-4	TO033	548	4	crediti	crediti	_	_	_	_	_	linguistic	_	none	PauseAfter=Yes	_	_	_	_	_
548-5	TO033	548	5	(.)	(.)	_	_	_	_	_	shortpause	_	none	_	_	_	_	_	_
548-6	TO033	548	6	ma	ma	_	_	_	_	_	linguistic	_	none	_	_	_	_	_	_
548-7	TO033	548	7	ti	ti	_	_	_	_	_	linguistic	_	none	_	_	_	_	_	_
548-8	TO033	548	8	pa:::re	pare	_	_	_	_	_	linguistic	_	none	_	_	1x3	_	_	_
548-9	TO033	548	9	ma	ma	_	_	_	_	_	linguistic	_	none	_	_	_	_	_	_
548-10	TO033	548	10	a	a	_	_	_	_	_	linguistic	_	none	_	_	_	_	_	_
548-11	TO033	548	11	parte	parte	_	_	_	_	_	linguistic	_	none	_	_	_	_	_	_
548-12	TO033	548	12	che	che	_	_	_	_	_	linguistic	_	none	_	_	_	_	_	_
548-13	TO033	548	13	ci	ci	_	_	_	_	_	linguistic	_	none	_	_	_	_	_	_
548-14	TO033	548	14	fate	fate	_	_	_	_	_	linguistic	_	none	_	_	_	_	_	_
548-15	TO033	548	15	un	un	_	_	_	_	_	linguistic	_	none	_	_	_	_	_	_
548-16	TO033	548	16	culo	culo	_	_	_	_	_	linguistic	_	none	_	_	_	_	_	_
548-17	TO033	548	17	così	così	_	_	_	_	_	linguistic	_	none	_	_	_	_	_	_
548-18	TO033	548	18	che	che	_	_	_	_	_	linguistic	_	none	_	_	_	_	_	_
548-19	TO033	548	19	non	non	_	_	_	_	_	linguistic	_	none	_	_	_	_	_	_
548-20	TO033	548	20	finisce	finisce	_	_	_	_	_	linguistic	_	none	_	_	_	_	_	_
548-21	TO033	548	21	più	più	_	_	_	_	_	linguistic	_	none	_	_	_	_	_	_
548-22	TO033	548	22	ma	ma	_	_	_	_	_	linguistic	_	none	_	_	_	_	_	_
548-23	TO033	548	23	poi	poi	_	_	_	_	_	linguistic	_	none	_	_	_	_	_	_
548-24	TO033	548	24	ti	ti	_	_	_	_	_	linguistic	_	none	_	_	_	_	_	_
548-25	TO033	548	25	pare	pare	_	_	_	_	_	linguistic	_	none	_	_	_	_	_	_
548-26	TO033	548	26	siamo	siamo	_	_	_	_	_	linguistic	_	none	_	_	_	_	_	_
548-27	TO033	548	27	[controllati	controllati	_	_	_	_	_	linguistic	_	none	_	_	_	_	_	0-11(175)
548-28	TO033	548	28	a	a	_	_	_	_	_	linguistic	_	none	_	_	_	_	_	0-1(175)
548-29	TO033	548	29	vista	vista	_	_	_	_	_	linguistic	_	none	_	_	_	_	_	0-5(175)
548-30	TO033	548	30	praticamente]	praticamente	_	_	_	_	_	linguistic	_	none	_	End=1554.213	_	_	_	0-12(175)
549-0	TO029	549	0	[ma	ma	_	_	_	_	_	linguistic	_	none	_	Begin=1551.794	_	_	_	0-2(175)
549-1	TO029	549	1	poi	poi	_	_	_	_	_	linguistic	_	none	_	_	_	_	_	0-3(175)
549-2	TO029	549	2	xx	xx	_	_	_	_	_	unknown	_	none	Syllables=2	_	_	_	_	0-2(175)
549-3	TO029	549	3	xx	xx	_	_	_	_	_	unknown	_	none	Syllables=2	_	_	_	_	0-2(175)
549-4	TO029	549	4	così	così	_	_	_	_	_	linguistic	_	none	_	_	_	_	_	0-4(175)
549-5	TO029	549	5	ah	ah	_	_	_	_	_	linguistic	_	none	_	_	_	_	_	0-2(175)
549-6	TO029	549	6	no	no	_	_	_	_	_	linguistic	_	none	_	_	_	_	_	0-2(175)
549-7	TO029	549	7	non	non	_	_	_	_	_	linguistic	_	none	_	_	_	_	_	0-3(175)
549-8	TO029	549	8	c'	c'	_	_	_	_	_	linguistic	_	none	SpaceAfter=No	_	_	_	_	0-2(175)
549-9	TO029	549	9	è	è	_	_	_	_	_	linguistic	_	none	_	_	_	_	_	0-1(175)
549-10	TO029	549	10	problema]	problema	_	_	_	_	_	linguistic	_	none	_	_	_	_	_	0-8(175)
549-11	TO029	549	11	se	se	_	_	_	_	_	linguistic	_	none	_	_	_	_	_	_
549-12	TO029	549	12	non	non	_	_	_	_	_	linguistic	_	none	_	_	_	_	_	_
549-13	TO029	549	13	volete	volete	_	_	_	_	_	linguistic	_	none	_	_	_	_	_	_
549-14	TO029	549	14	venire	venire	_	_	_	_	_	linguistic	_	none	_	_	_	_	_	_
549-15	TO029	549	15	all'	all'	_	_	_	_	_	linguistic	_	none	SpaceAfter=No	_	_	_	_	_
549-16	TO029	549	16	esame	esame	_	_	_	_	_	linguistic	_	none	_	_	_	_	_	_
549-17	TO029	549	17	mandatemi	mandatemi	_	_	_	_	_	linguistic	_	none	_	_	_	_	_	_
549-18	TO029	549	18	pure	pure	_	_	_	_	_	linguistic	_	none	_	_	_	_	_	_
549-19	TO029	549	19	un	un	_	_	_	_	_	linguistic	_	none	_	_	_	_	_	_
549-20	TO029	549	20	paper	paper	_	_	_	_	_	linguistic	_	none	_	End=1556.439	_	_	_	_
550-0	TO029	550	0	immaginate	immaginate	_	_	_	_	_	linguistic	_	none	_	Begin=1556.766	_	_	_	_
550-1	TO029	550	1	così	così	_	_	_	_	_	linguistic	_	none	_	_	_	_	_	_
550-2	TO029	550	2	xxxx	xxxx	_	_	_	_	_	unknown	_	none	Syllables=4	_	_	_	_	_
550-3	TO029	550	3	una	una	_	_	_	_	_	linguistic	_	none	_	_	_	_	_	_
550-4	TO029	550	4	scena	scena	_	_	_	_	_	linguistic	_	none	_	_	_	_	_	_
550-5	TO029	550	5	del	del	_	_	_	_	_	linguistic	_	none	_	_	_	_	_	_
550-6	TO029	550	6	genere	genere	_	_	_	_	_	linguistic	_	none	_	End=1559.393	_	_	_	_
551-0	TO033	551	0	certo	certo	_	_	_	_	_	linguistic	_	none	_	Begin=1559.526	_	_	_	_
551-1	TO033	551	1	sì	sì	_	_	_	_	_	linguistic	_	none	_	_	_	_	_	_
551-2	TO033	551	2	che	che	_	_	_	_	_	linguistic	_	none	_	_	_	_	_	_
551-3	TO033	551	3	non	non	_	_	_	_	_	linguistic	_	none	_	_	_	_	_	_
551-4	TO033	551	4	hai	hai	_	_	_	_	_	linguistic	_	none	_	_	_	_	_	_
551-5	TO033	551	5	neanche	neanche	_	_	_	_	_	linguistic	_	none	_	_	_	_	_	_
551-6	TO033	551	6	tempo	tempo	_	_	_	_	_	linguistic	_	none	_	_	_	_	_	_
551-7	TO033	551	7	x	x	_	_	_	_	_	unknown	_	none	Syllables=1	_	_	_	_	_
551-8	TO033	551	8	x	x	_	_	_	_	_	unknown	_	none	Syllables=1	_	_	_	_	_
551-9	TO033	551	9	xx	xx	_	_	_	_	_	unknown	_	none	Syllables=2	_	_	_	_	_
551-10	TO033	551	10	cioè	cioè	_	_	_	_	_	linguistic	_	none	_	_	_	_	_	_
551-11	TO033	551	11	hai	hai	_	_	_	_	_	linguistic	_	none	_	_	_	_	_	_
551-12	TO033	551	12	capito?	capito	_	_	_	_	_	linguistic	_	none	Intonation=Rising	End=1562.43	_	_	_	_
552-0	TO029	552	0	ah	ah	_	_	_	_	_	linguistic	_	none	_	Begin=1563.895	_	_	_	_
552-1	TO029	552	1	la	la	_	_	_	_	_	linguistic	_	none	_	_	_	_	_	_
552-2	TO029	552	2	rossi	rossi	_	_	_	_	_	linguistic	_	none	_	_	_	_	_	_
552-3	TO029	552	3	ci	ci	_	_	_	_	_	linguistic	_	none	_	_	_	_	_	_
552-4	TO029	552	4	faceva	faceva	_	_	_	_	_	linguistic	_	none	_	_	_	_	_	_
552-5	TO029	552	5	il	il	_	_	_	_	_	linguistic	_	none	_	_	_	_	_	_
552-6	TO029	552	6	culo::	culo	_	_	_	_	_	linguistic	_	none	_	_	3x2	_	_	_
552-7	TO029	552	7	soltanto	soltanto	_	_	_	_	_	linguistic	_	none	_	_	_	_	_	_
552-8	TO029	552	8	se	se	_	_	_	_	_	linguistic	_	none	_	_	_	_	_	_
552-9	TO029	552	9	lo	lo	_	_	_	_	_	linguistic	_	none	_	_	_	_	_	_
552-10	TO029	552	10	pensavamo	pensavamo	_	_	_	_	_	linguistic	_	none	_	_	_	_	_	_
552-11	TO029	552	11	di	di	_	_	_	_	_	linguistic	_	none	_	_	_	_	_	_
552-12	TO029	552	12	fare	fare	_	_	_	_	_	linguistic	_	none	_	_	_	_	_	_
552-13	TO029	552	13	una	una	_	_	_	_	_	linguistic	_	none	_	_	_	_	_	_
552-14	TO029	552	14	roba	roba	_	_	_	_	_	linguistic	_	none	_	_	_	_	_	_
552-15	TO029	552	15	del	del	_	_	_	_	_	linguistic	_	none	_	_	_	_	_	_
552-16	TO029	552	16	[genere]	genere	_	_	_	_	_	linguistic	_	none	_	End=1568.486	_	_	_	0-6(176)
553-0	TO033	553	0	[sì]	sì	_	_	_	_	_	linguistic	_	none	_	Begin=1568.081	_	_	_	0-2(176)
553-1	TO033	553	1	e	e	_	_	_	_	_	linguistic	_	none	_	_	_	_	_	_
553-2	TO033	553	2	poi	poi	_	_	_	_	_	linguistic	_	none	_	_	_	_	_	_
553-3	TO033	553	3	appunto	appunto	_	_	_	_	_	linguistic	_	none	_	_	_	_	_	_
553-4	TO033	553	4	la	la	_	_	_	_	_	linguistic	_	none	_	_	_	_	_	_
553-5	TO033	553	5	rossi	rossi	_	_	_	_	_	linguistic	_	none	_	_	_	_	_	_
553-6	TO033	553	6	ha	ha	_	_	_	_	_	linguistic	_	none	_	_	_	_	_	_
553-7	TO033	553	7	detto	detto	_	_	_	_	_	linguistic	_	none	_	_	_	_	_	_
553-8	TO033	553	8	ah	ah	_	_	_	_	_	linguistic	_	none	_	_	_	_	_	_
553-9	TO033	553	9	io	io	_	_	_	_	_	linguistic	_	none	_	_	_	_	_	_
553-10	TO033	553	10	ho	ho	_	_	_	_	_	linguistic	_	none	_	_	_	_	_	_
553-11	TO033	553	11	dovuto	dovuto	_	_	_	_	_	linguistic	_	none	_	_	_	_	_	_
553-12	TO033	553	12	comunicare	comunicare	_	_	_	_	_	linguistic	_	none	_	_	_	_	_	_
553-13	TO033	553	13	ovviamente	ovviamente	_	_	_	_	_	linguistic	_	none	_	_	_	_	_	_
553-14	TO033	553	14	a	a	_	_	_	_	_	linguistic	_	none	_	_	_	_	_	_
553-15	TO033	553	15	xxx	xxx	_	_	_	_	_	unknown	_	none	Syllables=3	_	_	_	_	_
553-16	TO033	553	16	non	non	_	_	_	_	_	linguistic	_	none	_	_	_	_	_	_
553-17	TO033	553	17	sono	sono	_	_	_	_	_	linguistic	_	none	_	_	_	_	_	_
553-18	TO033	553	18	entusiasti	entusiasti	_	_	_	_	_	linguistic	_	none	_	_	_	_	_	_
553-19	TO033	553	19	del	del	_	_	_	_	_	linguistic	_	none	_	_	_	_	_	_
553-20	TO033	553	20	fatto	fatto	_	_	_	_	_	linguistic	_	none	_	_	_	_	_	_
553-21	TO033	553	21	che	che	_	_	_	_	_	linguistic	_	none	_	_	_	_	_	_
553-22	TO033	553	22	tre	tre	_	_	_	_	_	linguistic	_	none	_	_	_	_	_	_
553-23	TO033	553	23	su	su	_	_	_	_	_	linguistic	_	none	_	_	_	_	_	_
553-24	TO033	553	24	sei	sei	_	_	_	_	_	linguistic	_	none	_	_	_	_	_	_
553-25	TO033	553	25	non	non	_	_	_	_	_	linguistic	_	none	_	_	_	_	_	_
553-26	TO033	553	26	abbiano	abbiano	_	_	_	_	_	linguistic	_	none	_	_	_	_	_	_
553-27	TO033	553	27	passato	passato	_	_	_	_	_	linguistic	_	none	_	_	_	_	_	_
553-28	TO033	553	28	il	il	_	_	_	_	_	linguistic	_	none	_	_	_	_	_	_
553-29	TO033	553	29	corso	corso	_	_	_	_	_	linguistic	_	none	_	_	_	_	_	_
553-30	TO033	553	30	di	di	_	_	_	_	_	linguistic	_	none	_	_	_	_	_	_
553-31	TO033	553	31	italia::no	italiano	_	_	_	_	_	linguistic	_	none	_	_	5x2	_	_	_
553-32	TO033	553	32	non	non	_	_	_	_	_	linguistic	_	none	_	_	_	_	_	_
553-33	TO033	553	33	hanno	hanno	_	_	_	_	_	linguistic	_	none	_	_	_	_	_	_
553-34	TO033	553	34	ottenuto	ottenuto	_	_	_	_	_	linguistic	_	none	_	_	_	_	_	_
553-35	TO033	553	35	la	la	_	_	_	_	_	linguistic	_	none	_	_	_	_	_	_
553-36	TO033	553	36	sufficie:::nza,	sufficienza	_	_	_	_	_	linguistic	_	none	Intonation=WeaklyRising	End=1579.253	7x3	_	_	_
554-0	TO029	554	0	noi	noi	_	_	_	_	_	linguistic	_	none	_	Begin=1579.193	_	_	_	_
554-1	TO029	554	1	abbiamo	abbiamo	_	_	_	_	_	linguistic	_	none	_	_	_	_	_	_
554-2	TO029	554	2	pass~	pass~	_	_	_	_	_	linguistic	_	none	Interrupted=Yes	_	_	_	_	_
554-3	TO029	554	3	[cioè	cioè	_	_	_	_	_	linguistic	_	none	_	_	_	_	_	0-4(178)
554-4	TO029	554	4	noi]	noi	_	_	_	_	_	linguistic	_	none	_	_	_	_	_	0-3(178)
554-5	TO029	554	5	abbiamo	abbiamo	_	_	_	_	_	linguistic	_	none	_	_	_	_	_	_
554-6	TO029	554	6	fatto	fatto	_	_	_	_	_	linguistic	_	none	_	_	_	_	_	_
554-7	TO029	554	7	il	il	_	_	_	_	_	linguistic	_	none	_	_	_	_	_	_
554-8	TO029	554	8	corso	corso	_	_	_	_	_	linguistic	_	none	_	_	_	_	_	_
554-9	TO029	554	9	di	di	_	_	_	_	_	linguistic	_	none	_	_	_	_	_	_
554-10	TO029	554	10	arabo	arabo	_	_	_	_	_	linguistic	_	none	_	_	_	_	_	_
554-11	TO029	554	11	scusate	scusate	_	_	_	_	_	linguistic	_	none	_	End=1582.643	_	_	_	_
555-0	TO033	555	0	[e::h]	eh	_	_	_	_	_	linguistic	_	none	_	Begin=1580.243|End=1580.716	0x2	_	_	0-2(178)
556-0	TO029	556	0	altro	altro	_	_	_	_	_	linguistic	_	none	_	Begin=1583.735	_	_	_	_
556-1	TO029	556	1	che	che	_	_	_	_	_	linguistic	_	none	_	_	_	_	_	_
556-2	TO029	556	2	[francese	francese	_	_	_	_	_	linguistic	_	none	_	_	_	_	_	0-8(179)
556-3	TO029	556	3	l'	l'	_	_	_	_	_	linguistic	_	none	SpaceAfter=No	_	_	_	_	0-2(179)
556-4	TO029	556	4	hanno	hanno	_	_	_	_	_	linguistic	_	none	_	_	_	_	_	0-5(179)
556-5	TO029	556	5	dato	dato	_	_	_	_	_	linguistic	_	none	_	_	_	_	_	0-4(179)
556-6	TO029	556	6	per	per	_	_	_	_	_	linguistic	_	none	_	_	_	_	_	0-3(179)
556-7	TO029	556	7	scontato	scontato	_	_	_	_	_	linguistic	_	none	_	_	_	_	_	0-8(179)
556-8	TO029	556	8	il	il	_	_	_	_	_	linguistic	_	none	_	_	_	_	_	0-2(179)
556-9	TO029	556	9	francese	francese	_	_	_	_	_	linguistic	_	none	_	_	_	_	_	0-8(179)
556-10	TO029	556	10	cazzo]	cazzo	_	_	_	_	_	linguistic	_	none	_	End=1587.299	_	_	_	0-5(179)
557-0	TO033	557	0	[no	no	_	_	_	_	_	linguistic	_	none	_	Begin=1584.206	_	_	_	0-2(179)
557-1	TO033	557	1	ma	ma	_	_	_	_	_	linguistic	_	none	_	_	_	_	_	0-2(179)
557-2	TO033	557	2	sai	sai	_	_	_	_	_	linguistic	_	none	_	_	_	_	_	0-3(179)
557-3	TO033	557	3	cosa	cosa	_	_	_	_	_	linguistic	_	none	_	_	_	_	_	0-4(179)
557-4	TO033	557	4	sai	sai	_	_	_	_	_	linguistic	_	none	_	_	_	_	_	0-3(179)
557-5	TO033	557	5	che	che	_	_	_	_	_	linguistic	_	none	_	_	_	_	_	0-3(179)
557-6	TO033	557	6	corso	corso	_	_	_	_	_	linguistic	_	none	_	_	_	_	_	0-5(179)
557-7	TO033	557	7	sai	sai	_	_	_	_	_	linguistic	_	none	_	_	_	_	_	0-3(179)
557-8	TO033	557	8	che	che	_	_	_	_	_	linguistic	_	none	_	_	_	_	_	0-3(179)
557-9	TO033	557	9	corso]	corso	_	_	_	_	_	linguistic	_	none	_	_	_	_	_	0-5(179)
557-10	TO033	557	10	fanno	fanno	_	_	_	_	_	linguistic	_	none	_	_	_	_	_	_
557-11	TO033	557	11	appunto	appunto	_	_	_	_	_	linguistic	_	none	_	_	_	_	_	_
557-12	TO033	557	12	loro	loro	_	_	_	_	_	linguistic	_	none	_	_	_	_	_	_
557-13	TO033	557	13	adesso?	adesso	_	_	_	_	_	linguistic	_	none	Intonation=Rising	End=1589.193	_	_	_	_
558-0	TO033	558	0	di	di	_	_	_	_	_	linguistic	_	none	_	Begin=1589.746	_	_	_	_
558-1	TO033	558	1	it[aliano	italiano	_	_	_	_	_	linguistic	_	none	_	_	_	_	_	2-8(180)
558-2	TO033	558	2	in	in	_	_	_	_	_	linguistic	_	none	_	_	_	_	_	0-2(180)
558-3	TO033	558	3	funzio]ne	funzione	_	_	_	_	_	linguistic	_	none	_	_	_	_	_	0-6(180)
558-4	TO033	558	4	di:::	di	_	_	_	_	_	linguistic	_	none	_	End=1592.613	1x3	_	_	_
559-0	TO029	559	0	[italiano]	italiano	_	_	_	_	_	linguistic	_	none	_	Begin=1590.167|End=1590.934	_	_	_	0-8(180)
560-0	TO034	560	0	del	del	_	_	_	_	_	linguistic	_	none	_	Begin=1592.793	_	_	_	_
560-1	TO034	560	1	del	del	_	_	_	_	_	linguistic	_	none	_	_	_	_	_	_
560-2	TO034	560	2	mondo	mondo	_	_	_	_	_	linguistic	_	none	_	_	_	_	_	_
560-3	TO034	560	3	del	del	_	_	_	_	_	linguistic	_	none	_	_	_	_	_	_
560-4	TO034	560	4	lavo:::ro	lavoro	_	_	_	_	_	linguistic	_	none	_	_	3x3	_	_	_
560-5	TO034	560	5	quin[di	quindi	_	_	_	_	_	linguistic	_	none	_	_	_	_	_	4-6(181)
560-6	TO034	560	6	saper	saper	_	_	_	_	_	linguistic	_	none	_	_	_	_	_	0-5(181)
560-7	TO034	560	7	scrivere::ehm]	scrivereehm	_	_	_	_	_	linguistic	_	none	_	End=1596.346	7x2	_	_	0-11(181)
561-0	TO033	561	0	[del	del	_	_	_	_	_	linguistic	_	none	_	Begin=1594.108	_	_	_	0-3(181)
561-1	TO033	561	1	mondo	mondo	_	_	_	_	_	linguistic	_	none	_	_	_	_	_	0-5(181)
561-2	TO033	561	2	del	del	_	_	_	_	_	linguistic	_	none	_	_	_	_	_	0-3(181)
561-3	TO033	561	3	lavoro	lavoro	_	_	_	_	_	linguistic	_	none	_	_	_	_	_	0-6(181)
561-4	TO033	561	4	xxx]	xxx	_	_	_	_	_	unknown	_	none	Syllables=3	_	_	_	_	0-3(181)
561-5	TO033	561	5	cioè	cioè	_	_	_	_	_	linguistic	_	none	_	_	_	_	_	_
561-6	TO033	561	6	che	che	_	_	_	_	_	linguistic	_	none	_	_	_	_	_	_
561-7	TO033	561	7	io	io	_	_	_	_	_	linguistic	_	none	_	_	_	_	_	_
561-8	TO033	561	8	in	in	_	_	_	_	_	linguistic	_	none	_	_	_	_	_	_
561-9	TO033	561	9	francese	francese	_	_	_	_	_	linguistic	_	none	_	_	_	_	_	_
561-10	TO033	561	10	non	non	_	_	_	_	_	linguistic	_	none	_	_	_	_	_	_
561-11	TO033	561	11	so	so	_	_	_	_	_	linguistic	_	none	_	_	_	_	_	_
561-12	TO033	561	12	neanche	neanche	_	_	_	_	_	linguistic	_	none	_	_	_	_	_	_
561-13	TO033	561	13	scrivere	scrivere	_	_	_	_	_	linguistic	_	none	_	_	_	_	_	_
561-14	TO033	561	14	non	non	_	_	_	_	_	linguistic	_	none	_	_	_	_	_	_
561-15	TO033	561	15	so	so	_	_	_	_	_	linguistic	_	none	_	_	_	_	_	_
561-16	TO033	561	16	una	una	_	_	_	_	_	linguistic	_	none	_	_	_	_	_	_
561-17	TO033	561	17	descrizione	descrizione	_	_	_	_	_	linguistic	_	none	_	_	_	_	_	_
561-18	TO033	561	18	di	di	_	_	_	_	_	linguistic	_	none	_	_	_	_	_	_
561-19	TO033	561	19	me	me	_	_	_	_	_	linguistic	_	none	_	_	_	_	_	_
561-20	TO033	561	20	stessa	stessa	_	_	_	_	_	linguistic	_	none	_	_	_	_	_	_
561-21	TO033	561	21	[xxx	xxx	_	_	_	_	_	unknown	_	none	Syllables=3	_	_	_	_	0-3(182)
561-22	TO033	561	22	xx	xx	_	_	_	_	_	unknown	_	none	Syllables=2	_	_	_	_	0-2(182)
561-23	TO033	561	23	xxx]	xxx	_	_	_	_	_	unknown	_	none	Syllables=3	End=1601.618	_	_	_	0-3(182)
562-0	TO029	562	0	[no	no	_	_	_	_	_	linguistic	_	none	_	Begin=1599.228	_	_	_	0-2(182)
562-1	TO029	562	1	però	però	_	_	_	_	_	linguistic	_	none	_	_	_	_	_	0-4(182)
562-2	TO029	562	2	sai	sai	_	_	_	_	_	linguistic	_	none	_	_	_	_	_	0-3(182)
562-3	TO029	562	3	meglio	meglio	_	_	_	_	_	linguistic	_	none	_	_	_	_	_	0-6(182)
562-4	TO029	562	4	tu	tu	_	_	_	_	_	linguistic	_	none	_	_	_	_	_	0-2(182)
562-5	TO029	562	5	il	il	_	_	_	_	_	linguistic	_	none	_	_	_	_	_	0-2(182)
562-6	TO029	562	6	francese	francese	_	_	_	_	_	linguistic	_	none	_	_	_	_	_	0-8(182)
562-7	TO029	562	7	di	di	_	_	_	_	_	linguistic	_	none	_	_	_	_	_	0-2(182)
562-8	TO029	562	8	loro]	loro	_	_	_	_	_	linguistic	_	none	_	_	_	_	_	0-4(182)
562-9	TO029	562	9	che	che	_	_	_	_	_	linguistic	_	none	_	_	_	_	_	_
562-10	TO029	562	10	loro	loro	_	_	_	_	_	linguistic	_	none	_	_	_	_	_	_
562-11	TO029	562	11	italiani	italiani	_	_	_	_	_	linguistic	_	none	_	_	_	_	_	_
562-12	TO029	562	12	[ovviamente]	ovviamente	_	_	_	_	_	linguistic	_	none	_	End=1603.806	_	_	_	0-10(224)
563-0	TO033	563	0	[sì	sì	_	_	_	_	_	linguistic	_	none	_	Begin=1602.199	_	_	_	0-2(224)
563-1	TO033	563	1	però]	però	_	_	_	_	_	linguistic	_	none	PauseAfter=Yes	_	_	_	_	0-4(224)
563-2	TO033	563	2	(.)	(.)	_	_	_	_	_	shortpause	_	none	_	_	_	_	_	_
563-3	TO033	563	3	si	si	_	_	_	_	_	linguistic	_	none	_	_	_	_	_	_
563-4	TO033	563	4	però	però	_	_	_	_	_	linguistic	_	none	_	_	_	_	_	_
563-5	TO033	563	5	per	per	_	_	_	_	_	linguistic	_	none	_	_	_	_	_	_
563-6	TO033	563	6	me	me	_	_	_	_	_	linguistic	_	none	_	_	_	_	_	_
563-7	TO033	563	7	anch'	anch'	_	_	_	_	_	linguistic	_	none	SpaceAfter=No	_	_	_	_	_
563-8	TO033	563	8	io	io	_	_	_	_	_	linguistic	_	none	_	_	_	_	_	_
563-9	TO033	563	9	vorrei	vorrei	_	_	_	_	_	linguistic	_	none	_	_	_	_	_	_
563-10	TO033	563	10	fare	fare	_	_	_	_	_	linguistic	_	none	_	_	_	_	_	_
563-11	TO033	563	11	un	un	_	_	_	_	_	linguistic	_	none	_	_	_	_	_	_
563-12	TO033	563	12	co[rso	corso	_	_	_	_	_	linguistic	_	none	_	_	_	_	_	1-5(183)
563-13	TO033	563	13	di	di	_	_	_	_	_	linguistic	_	none	_	_	_	_	_	0-2(183)
563-14	TO033	563	14	france]se	francese	_	_	_	_	_	linguistic	_	none	_	_	_	_	_	0-6(183)
563-15	TO033	563	15	in	in	_	_	_	_	_	linguistic	_	none	_	_	_	_	_	_
563-16	TO033	563	16	cui	cui	_	_	_	_	_	linguistic	_	none	_	_	_	_	_	_
563-17	TO033	563	17	[mi	mi	_	_	_	_	_	linguistic	_	none	_	_	_	_	_	0-2(184)
563-18	TO033	563	18	insegnano]	insegnano	_	_	_	_	_	linguistic	_	none	_	_	_	_	_	0-9(184)
563-19	TO033	563	19	come	come	_	_	_	_	_	linguistic	_	none	_	_	_	_	_	_
563-20	TO033	563	20	inserirmi	inserirmi	_	_	_	_	_	linguistic	_	none	_	_	_	_	_	_
563-21	TO033	563	21	nel	nel	_	_	_	_	_	linguistic	_	none	_	_	_	_	_	_
563-22	TO033	563	22	mondo	mondo	_	_	_	_	_	linguistic	_	none	_	_	_	_	_	_
563-23	TO033	563	23	del	del	_	_	_	_	_	linguistic	_	none	_	_	_	_	_	_
563-24	TO033	563	24	lavoro	lavoro	_	_	_	_	_	linguistic	_	none	_	_	_	_	_	_
563-25	TO033	563	25	capito	capito	_	_	_	_	_	linguistic	_	none	_	End=1609.406	_	_	_	_
564-0	TO034	564	0	[sì	sì	_	_	_	_	_	linguistic	_	none	_	Begin=1602.2	_	_	_	0-2(224)
564-1	TO034	564	1	ma]	ma	_	_	_	_	_	linguistic	_	none	_	End=1602.658	_	_	_	0-2(224)
565-0	TO029	565	0	[certo]	certo	_	_	_	_	_	linguistic	_	none	_	Begin=1604.53|End=1605.166	_	_	_	0-5(183)
566-0	TO029	566	0	[ma	ma	_	_	_	_	_	linguistic	_	none	_	Begin=1605.685	_	_	_	0-2(184)
566-1	TO029	566	1	tu	tu	_	_	_	_	_	linguistic	_	none	_	_	_	_	_	0-2(184)
566-2	TO029	566	2	farai]	farai	_	_	_	_	_	linguistic	_	none	_	End=1606.499	_	_	_	0-5(184)
567-0	TO029	567	0	no::	no	_	_	_	_	_	linguistic	_	none	_	Begin=1609.347	1x2	_	_	_
567-1	TO029	567	1	questo	questo	_	_	_	_	_	linguistic	_	none	_	_	_	_	_	_
567-2	TO029	567	2	master	master	_	_	_	_	_	linguistic	_	none	_	_	_	_	_	_
567-3	TO029	567	3	è	è	_	_	_	_	_	linguistic	_	none	_	_	_	_	_	_
567-4	TO029	567	4	una	una	_	_	_	_	_	linguistic	_	none	_	_	_	_	_	_
567-5	TO029	567	5	farsa	farsa	_	_	_	_	_	linguistic	_	none	PauseAfter=Yes	_	_	_	_	_
567-6	TO029	567	6	(.)	(.)	_	_	_	_	_	shortpause	_	none	_	_	_	_	_	_
567-7	TO029	567	7	è	è	_	_	_	_	_	linguistic	_	none	_	_	_	_	_	_
567-8	TO029	567	8	un	un	_	_	_	_	_	linguistic	_	none	_	_	_	_	_	_
567-9	TO029	567	9	peccato	peccato	_	_	_	_	_	linguistic	_	none	_	_	_	_	_	_
567-10	TO029	567	10	però	però	_	_	_	_	_	linguistic	_	none	_	End=1612.299	_	_	_	_
568-0	TO034	568	0	ma	ma	_	_	_	_	_	linguistic	_	none	_	Begin=1612.74	_	_	_	_
568-1	TO034	568	1	[sì	sì	_	_	_	_	_	linguistic	_	none	_	_	_	_	_	0-2(186)
568-2	TO034	568	2	ma	ma	_	_	_	_	_	linguistic	_	none	_	_	_	_	_	0-2(186)
568-3	TO034	568	3	perché	perché	_	_	_	_	_	linguistic	_	none	_	_	_	_	_	0-6(186)
568-4	TO034	568	4	in	in	_	_	_	_	_	linguistic	_	none	_	_	_	_	_	0-2(186)
568-5	TO034	568	5	teoria:::]	teoria	_	_	_	_	_	linguistic	_	none	_	End=1614.253	5x3	_	_	0-6(186)
569-0	TO029	569	0	[perché	perché	_	_	_	_	_	linguistic	_	none	_	Begin=1612.939	_	_	_	0-6(186)
569-1	TO029	569	1	più	più	_	_	_	_	_	linguistic	_	none	_	_	_	_	_	0-3(186)
569-2	TO029	569	2	si	si	_	_	_	_	_	linguistic	_	none	_	_	_	_	_	0-2(186)
569-3	TO029	569	3	va	va	_	_	_	_	_	linguistic	_	none	_	_	_	_	_	0-2(186)
569-4	TO029	569	4	avanti]	avanti	_	_	_	_	_	linguistic	_	none	_	_	_	_	_	0-6(186)
569-5	TO029	569	5	più	più	_	_	_	_	_	linguistic	_	none	_	_	_	_	_	_
569-6	TO029	569	6	si	si	_	_	_	_	_	linguistic	_	none	_	_	_	_	_	_
569-7	TO029	569	7	più	più	_	_	_	_	_	linguistic	_	none	_	_	_	_	_	_
569-8	TO029	569	8	si	si	_	_	_	_	_	linguistic	_	none	_	_	_	_	_	_
569-9	TO029	569	9	vede	vede	_	_	_	_	_	linguistic	_	none	_	_	_	_	_	_
569-10	TO029	569	10	insomma	insomma	_	_	_	_	_	linguistic	_	none	_	_	_	_	_	_
569-11	TO029	569	11	cioè	cioè	_	_	_	_	_	linguistic	_	none	_	End=1616.259	_	_	_	_
570-0	TO034	570	0	poi	poi	_	_	_	_	_	linguistic	_	none	_	Begin=1616.331	_	_	_	_
570-1	TO034	570	1	in	in	_	_	_	_	_	linguistic	_	none	_	_	_	_	_	_
570-2	TO034	570	2	realtà	realtà	_	_	_	_	_	linguistic	_	none	_	_	_	_	_	_
570-3	TO034	570	3	ha	ha	_	_	_	_	_	linguistic	_	none	_	_	_	_	_	_
570-4	TO034	570	4	delle	delle	_	_	_	_	_	linguistic	_	none	_	_	_	_	_	_
570-5	TO034	570	5	potenzialità	potenzialità	_	_	_	_	_	linguistic	_	none	_	_	_	_	_	_
570-6	TO034	570	6	veramente	veramente	_	_	_	_	_	linguistic	_	none	_	_	_	_	_	_
570-7	TO034	570	7	interessanti	interessanti	_	_	_	_	_	linguistic	_	none	_	_	_	_	_	_
570-8	TO034	570	8	se	se	_	_	_	_	_	linguistic	_	none	_	_	_	_	_	_
570-9	TO034	570	9	fosse	fosse	_	_	_	_	_	linguistic	_	none	_	_	_	_	_	_
570-10	TO034	570	10	concepito	concepito	_	_	_	_	_	linguistic	_	none	_	_	_	_	_	_
570-11	TO034	570	11	completamente	completamente	_	_	_	_	_	linguistic	_	none	_	_	_	_	_	_
570-12	TO034	570	12	diverso	diverso	_	_	_	_	_	linguistic	_	none	_	End=1621.766	_	_	_	_
571-0	TO029	571	0	se	se	_	_	_	_	_	linguistic	_	none	_	Begin=1621.796	_	_	_	_
571-1	TO029	571	1	fosse	fosse	_	_	_	_	_	linguistic	_	none	_	_	_	_	_	_
571-2	TO029	571	2	una	una	_	_	_	_	_	linguistic	_	none	_	_	_	_	_	_
571-3	TO029	571	3	roba	roba	_	_	_	_	_	linguistic	_	none	_	_	_	_	_	_
571-4	TO029	571	4	seria	seria	_	_	_	_	_	linguistic	_	none	PauseAfter=Yes	_	_	_	_	_
571-5	TO029	571	5	(.)	(.)	_	_	_	_	_	shortpause	_	none	_	_	_	_	_	_
571-6	TO029	571	6	secondo	secondo	_	_	_	_	_	linguistic	_	none	_	_	_	_	_	_
571-7	TO029	571	7	me	me	_	_	_	_	_	linguistic	_	none	_	_	_	_	_	_
571-8	TO029	571	8	se	se	_	_	_	_	_	linguistic	_	none	_	_	_	_	_	_
571-9	TO029	571	9	fosse	fosse	_	_	_	_	_	linguistic	_	none	_	_	_	_	_	_
571-10	TO029	571	10	una	una	_	_	_	_	_	linguistic	_	none	_	_	_	_	_	_
571-11	TO029	571	11	roba	roba	_	_	_	_	_	linguistic	_	none	_	_	_	_	_	_
571-12	TO029	571	12	seria	seria	_	_	_	_	_	linguistic	_	none	_	_	_	_	_	_
571-13	TO029	571	13	[perché	perché	_	_	_	_	_	linguistic	_	none	_	_	_	_	_	0-6(187)
571-14	TO029	571	14	farlo	farlo	_	_	_	_	_	linguistic	_	none	_	_	_	_	_	0-5(187)
571-15	TO029	571	15	così	così	_	_	_	_	_	linguistic	_	none	_	_	_	_	_	0-4(187)
571-16	TO029	571	16	non	non	_	_	_	_	_	linguistic	_	none	_	_	_	_	_	0-3(187)
571-17	TO029	571	17	è	è	_	_	_	_	_	linguistic	_	none	_	_	_	_	_	0-1(187)
571-18	TO029	571	18	serio]	serio	_	_	_	_	_	linguistic	_	none	_	End=1627.239	_	_	_	0-5(187)
572-0	TO034	572	0	[xxxx]	xxxx	_	_	_	_	_	unknown	_	none	Syllables=4	Begin=1625.02	_	_	_	0-4(187)
572-1	TO034	572	1	un	un	_	_	_	_	_	linguistic	_	none	_	_	_	_	_	_
572-2	TO034	572	2	insieme	insieme	_	_	_	_	_	linguistic	_	none	_	_	_	_	_	_
572-3	TO034	572	3	di	di	_	_	_	_	_	linguistic	_	none	_	_	_	_	_	_
572-4	TO034	572	4	i	i	_	_	_	_	_	linguistic	_	none	_	_	_	_	_	_
572-5	TO034	572	5	professori	professori	_	_	_	_	_	linguistic	_	none	_	_	_	_	_	_
572-6	TO034	572	6	che:::	che	_	_	_	_	_	linguistic	_	none	_	End=1627.899	2x3	_	_	_
573-0	TO029	573	0	perché:::	perché	_	_	_	_	_	linguistic	_	none	_	Begin=1627.887	5x3	_	_	_
573-1	TO029	573	1	lo	lo	_	_	_	_	_	linguistic	_	none	_	_	_	_	_	_
573-2	TO029	573	2	fanno	fanno	_	_	_	_	_	linguistic	_	none	_	_	_	_	_	_
573-3	TO029	573	3	[per	per	_	_	_	_	_	linguistic	_	none	_	_	_	_	_	0-3(189)
573-4	TO029	573	4	(farsi	farsi	_	_	_	_	_	linguistic	_	none	_	_	_	_	0-5(0)	0-5(189)
573-5	TO029	573	5	le	le	_	_	_	_	_	linguistic	_	none	_	_	_	_	0-2(0)	0-2(189)
573-6	TO029	573	6	vacan~	vacan~	_	_	_	_	_	linguistic	_	none	Interrupted=Yes	_	_	_	0-6(0)	0-6(189)
573-7	TO029	573	7	passarsi)]	passarsi	_	_	_	_	_	linguistic	_	none	_	_	_	_	0-8(0)	0-8(189)
573-8	TO029	573	8	i	i	_	_	_	_	_	linguistic	_	none	_	_	_	_	_	_
573-9	TO029	573	9	weekend	weekend	_	_	_	_	_	linguistic	_	none	_	_	_	_	_	_
573-10	TO029	573	10	in	in	_	_	_	_	_	linguistic	_	none	_	_	_	_	_	_
573-11	TO029	573	11	marocco	marocco	_	_	_	_	_	linguistic	_	none	_	_	_	_	_	_
573-12	TO029	573	12	scusa::te	scusate	_	_	_	_	_	linguistic	_	none	_	End=1632.199	4x2	_	_	_
574-0	TO034	574	0	[se	se	_	_	_	_	_	linguistic	_	none	_	Begin=1628.627	_	_	_	0-2(189)
574-1	TO034	574	1	la	la	_	_	_	_	_	linguistic	_	none	_	_	_	_	_	0-2(189)
574-2	TO034	574	2	suonano	suonano	_	_	_	_	_	linguistic	_	none	_	_	_	_	_	0-7(189)
574-3	TO034	574	3	e	e	_	_	_	_	_	linguistic	_	none	_	_	_	_	_	0-1(189)
574-4	TO034	574	4	se	se	_	_	_	_	_	linguistic	_	none	_	_	_	_	_	0-2(189)
574-5	TO034	574	5	la	la	_	_	_	_	_	linguistic	_	none	_	_	_	_	_	0-2(189)
574-6	TO034	574	6	cantano]	cantano	_	_	_	_	_	linguistic	_	none	_	End=1630.986	_	_	_	0-7(189)
575-0	TO033	575	0	ma	ma	_	_	_	_	_	linguistic	_	none	_	Begin=1632.543	_	_	_	_
575-1	TO033	575	1	io	io	_	_	_	_	_	linguistic	_	none	_	_	_	_	_	_
575-2	TO033	575	2	infatti	infatti	_	_	_	_	_	linguistic	_	none	_	_	_	_	_	_
575-3	TO033	575	3	non	non	_	_	_	_	_	linguistic	_	none	_	_	_	_	_	_
575-4	TO033	575	4	xxx	xxx	_	_	_	_	_	unknown	_	none	Syllables=3	_	_	_	_	_
575-5	TO033	575	5	dicevo	dicevo	_	_	_	_	_	linguistic	_	none	_	_	_	_	_	_
575-6	TO033	575	6	a	a	_	_	_	_	_	linguistic	_	none	_	_	_	_	_	_
575-7	TO033	575	7	ale	ale	_	_	_	_	_	linguistic	_	none	_	_	_	_	_	_
575-8	TO033	575	8	che	che	_	_	_	_	_	linguistic	_	none	_	_	_	_	_	_
575-9	TO033	575	9	quando	quando	_	_	_	_	_	linguistic	_	none	_	_	_	_	_	_
575-10	TO033	575	10	tornerò	tornerò	_	_	_	_	_	linguistic	_	none	_	_	_	_	_	_
575-11	TO033	575	11	[vorrei	vorrei	_	_	_	_	_	linguistic	_	none	_	_	_	_	_	0-6(190)
575-12	TO033	575	12	provare:::]	provare	_	_	_	_	_	linguistic	_	none	_	_	6x3	_	_	0-7(190)
575-13	TO033	575	13	a	a	_	_	_	_	_	linguistic	_	none	_	_	_	_	_	_
575-14	TO033	575	14	parlare	parlare	_	_	_	_	_	linguistic	_	none	_	_	_	_	_	_
575-15	TO033	575	15	con	con	_	_	_	_	_	linguistic	_	none	_	_	_	_	_	_
575-16	TO033	575	16	la	la	_	_	_	_	_	linguistic	_	none	_	_	_	_	_	_
575-17	TO033	575	17	xxx	xxx	_	_	_	_	_	unknown	_	none	Syllables=3	_	_	_	_	_
575-18	TO033	575	18	e	e	_	_	_	_	_	linguistic	_	none	_	_	_	_	_	_
575-19	TO033	575	19	si~	si~	_	_	_	_	_	linguistic	_	none	Interrupted=Yes	_	_	_	_	_
575-20	TO033	575	20	sicuramente	sicuramente	_	_	_	_	_	linguistic	_	none	_	_	_	_	_	_
575-21	TO033	575	21	quando	quando	_	_	_	_	_	linguistic	_	none	_	_	_	_	_	_
575-22	TO033	575	22	mi	mi	_	_	_	_	_	linguistic	_	none	_	_	_	_	_	_
575-23	TO033	575	23	laureo	laureo	_	_	_	_	_	linguistic	_	none	_	_	_	_	_	_
575-24	TO033	575	24	xxx	xxx	_	_	_	_	_	unknown	_	none	Syllables=3	End=1640.629	_	_	_	_
576-0	TO034	576	0	[xxxxx]	xxxxx	_	_	_	_	_	unknown	_	none	Syllables=5	Begin=1635.452|End=1636.773	_	_	_	0-5(190)
577-0	TO029	577	0	cioè	cioè	_	_	_	_	_	linguistic	_	none	_	Begin=1640.612	_	_	_	_
577-1	TO029	577	1	secondo	secondo	_	_	_	_	_	linguistic	_	none	_	_	_	_	_	_
577-2	TO029	577	2	me	me	_	_	_	_	_	linguistic	_	none	_	_	_	_	_	_
577-3	TO029	577	3	bisognerebbe	bisognerebbe	_	_	_	_	_	linguistic	_	none	_	_	_	_	_	_
577-4	TO029	577	4	scrivere	scrivere	_	_	_	_	_	linguistic	_	none	_	_	_	_	_	_
577-5	TO029	577	5	una	una	_	_	_	_	_	linguistic	_	none	_	_	_	_	_	_
577-6	TO029	577	6	cosa,	cosa	_	_	_	_	_	linguistic	_	none	Intonation=WeaklyRising	_	_	_	_	_
577-7	TO029	577	7	cioè	cioè	_	_	_	_	_	linguistic	_	none	_	_	_	_	_	_
577-8	TO029	577	8	scriviamola	scriviamola	_	_	_	_	_	linguistic	_	none	_	End=1643.746	_	_	_	_
578-0	TO029	578	0	dopo	dopo	_	_	_	_	_	linguistic	_	none	_	Begin=1644.492	_	_	_	_
578-1	TO029	578	1	che	che	_	_	_	_	_	linguistic	_	none	_	_	_	_	_	_
578-2	TO029	578	2	ci	ci	_	_	_	_	_	linguistic	_	none	_	_	_	_	_	_
578-3	TO029	578	3	tutti	tutti	_	_	_	_	_	linguistic	_	none	_	_	_	_	_	_
578-4	TO029	578	4	già	già	_	_	_	_	_	linguistic	_	none	_	_	_	_	_	_
578-5	TO029	578	5	laureati	laureati	_	_	_	_	_	linguistic	_	none	_	_	_	_	_	_
578-6	TO029	578	6	anonimi	anonimi	_	_	_	_	_	linguistic	_	none	_	_	_	_	_	_
578-7	TO029	578	7	per	per	_	_	_	_	_	linguistic	_	none	_	_	_	_	_	_
578-8	TO029	578	8	favore	favore	_	_	_	_	_	linguistic	_	none	_	_	_	_	_	_
578-9	TO029	578	9	che	che	_	_	_	_	_	linguistic	_	none	_	_	_	_	_	_
578-10	TO029	578	10	xx	xx	_	_	_	_	_	unknown	_	none	Syllables=2	_	_	_	_	_
578-11	TO029	578	11	se	se	_	_	_	_	_	linguistic	_	none	_	_	_	_	_	_
578-12	TO029	578	12	vi	vi	_	_	_	_	_	linguistic	_	none	_	_	_	_	_	_
578-13	TO029	578	13	vuole	vuole	_	_	_	_	_	linguistic	_	none	_	_	_	_	_	_
578-14	TO029	578	14	tagliare	tagliare	_	_	_	_	_	linguistic	_	none	_	_	_	_	_	_
578-15	TO029	578	15	le	le	_	_	_	_	_	linguistic	_	none	_	_	_	_	_	_
578-16	TO029	578	16	gambe::	gambe	_	_	_	_	_	linguistic	_	none	_	_	4x2	_	_	_
578-17	TO029	578	17	((ride))	((ride))	_	_	_	_	_	nonverbalbehavior	_	none	_	_	_	_	_	_
578-18	TO029	578	18	da	da	_	_	_	_	_	linguistic	_	none	_	_	_	_	_	_
578-19	TO029	578	19	antropologa	antropologa	_	_	_	_	_	linguistic	_	none	_	End=1650.893	_	_	_	_
579-0	TO033	579	0	e	e	_	_	_	_	_	linguistic	_	none	_	Begin=1652.296	_	_	_	_
579-1	TO033	579	1	ci	ci	_	_	_	_	_	linguistic	_	none	_	_	_	_	_	_
579-2	TO033	579	2	scriverà	scriverà	_	_	_	_	_	linguistic	_	none	_	_	_	_	_	_
579-3	TO033	579	3	un	un	_	_	_	_	_	linguistic	_	none	_	_	_	_	_	_
579-4	TO033	579	4	j'	j'	_	_	_	_	_	linguistic	_	none	Truncated=Yes	_	_	_	_	_
579-5	TO033	579	5	accuse	accuse	_	_	_	_	_	linguistic	_	none	_	_	_	_	_	_
579-6	TO033	579	6	su	su	_	_	_	_	_	linguistic	_	none	_	_	_	_	_	_
579-7	TO033	579	7	liberation	liberation	_	_	_	_	_	linguistic	_	none	_	End=1657.086	_	_	_	_
580-0	TO033	580	0	in	in	_	_	_	_	_	linguistic	_	none	_	Begin=1657.468	_	_	_	_
580-1	TO033	580	1	cui	cui	_	_	_	_	_	linguistic	_	none	_	_	_	_	_	_
580-2	TO033	580	2	ci	ci	_	_	_	_	_	linguistic	_	none	_	_	_	_	_	_
580-3	TO033	580	3	nomina	nomina	_	_	_	_	_	linguistic	_	none	_	_	_	_	_	_
580-4	TO033	580	4	tutti	tutti	_	_	_	_	_	linguistic	_	none	_	_	_	_	_	_
580-5	TO033	580	5	nome	nome	_	_	_	_	_	linguistic	_	none	_	_	_	_	_	_
580-6	TO033	580	6	e	e	_	_	_	_	_	linguistic	_	none	_	_	_	_	_	_
580-7	TO033	580	7	cognome	cognome	_	_	_	_	_	linguistic	_	none	_	End=1660.672	_	_	_	_
581-0	TO029	581	0	è	è	_	_	_	_	_	linguistic	_	none	_	Begin=1660.803	_	_	_	_
581-1	TO029	581	1	peggio	peggio	_	_	_	_	_	linguistic	_	none	_	_	_	_	_	_
581-2	TO029	581	2	delle	delle	_	_	_	_	_	linguistic	_	none	_	_	_	_	_	_
581-3	TO029	581	3	commesse	commesse	_	_	_	_	_	linguistic	_	none	_	_	_	_	_	_
581-4	TO029	581	4	[xx]	xx	_	_	_	_	_	unknown	_	none	Syllables=2	_	_	_	_	0-2(192)
581-5	TO029	581	5	((ride))	((ride))	_	_	_	_	_	nonverbalbehavior	_	none	_	End=1662.714	_	_	_	_
582-0	TO033	582	0	[xx]xxx	xxxxx	_	_	_	_	_	unknown	_	none	Syllables=5	Begin=1662.481|End=1663.807	_	_	_	0-2(192)
583-0	TO033	583	0	master	master	_	_	_	_	_	linguistic	_	none	_	Begin=1664.887	_	_	_	_
583-1	TO033	583	1	(copy)	copy	_	_	_	_	_	linguistic	_	none	_	End=1666.15	_	_	0-4(0)	_
584-0	TO029	584	0	e	e	_	_	_	_	_	linguistic	_	none	_	Begin=1666.881	_	_	_	_
584-1	TO029	584	1	noi	noi	_	_	_	_	_	linguistic	_	none	_	_	_	_	_	_
584-2	TO029	584	2	a	a	_	_	_	_	_	linguistic	_	none	_	_	_	_	_	_
584-3	TO029	584	3	fare	fare	_	_	_	_	_	linguistic	_	none	_	_	_	_	_	_
584-4	TO029	584	4	le	le	_	_	_	_	_	linguistic	_	none	_	_	_	_	_	_
584-5	TO029	584	5	commesse	commesse	_	_	_	_	_	linguistic	_	none	_	_	_	_	_	_
584-6	TO029	584	6	tutta	tutta	_	_	_	_	_	linguistic	_	none	_	_	_	_	_	_
584-7	TO029	584	7	la	la	_	_	_	_	_	linguistic	_	none	_	_	_	_	_	_
584-8	TO029	584	8	vita,	vita	_	_	_	_	_	linguistic	_	none	Intonation=WeaklyRising	End=1668.899	_	_	_	_
585-0	TO033	585	0	no	no	_	_	_	_	_	linguistic	_	none	_	Begin=1671.513	_	_	_	_
585-1	TO033	585	1	e	e	_	_	_	_	_	linguistic	_	none	_	_	_	_	_	_
585-2	TO033	585	2	infatti:::	infatti	_	_	_	_	_	linguistic	_	none	_	_	6x3	_	_	_
585-3	TO033	585	3	no	no	_	_	_	_	_	linguistic	_	none	_	End=1672.824	_	_	_	_
586-0	TO033	586	0	cioè::	cioè	_	_	_	_	_	linguistic	_	none	_	Begin=1673.173|End=1673.712	3x2	_	_	_
587-0	TO033	587	0	no	no	_	_	_	_	_	linguistic	_	none	_	Begin=1674.181	_	_	_	_
587-1	TO033	587	1	poi	poi	_	_	_	_	_	linguistic	_	none	_	_	_	_	_	_
587-2	TO033	587	2	comunque,	comunque	_	_	_	_	_	linguistic	_	none	Intonation=WeaklyRising	End=1674.831	_	_	_	_
588-0	TO033	588	0	stanno	stanno	_	_	_	_	_	linguistic	_	none	_	Begin=1675.387	_	_	_	_
588-1	TO033	588	1	creando	creando	_	_	_	_	_	linguistic	_	none	_	_	_	_	_	_
588-2	TO033	588	2	l'	l'	_	_	_	_	_	linguistic	_	none	SpaceAfter=No	_	_	_	_	_
588-3	TO033	588	3	effetto	effetto	_	_	_	_	_	linguistic	_	none	_	_	_	_	_	_
588-4	TO033	588	4	totalmente	totalmente	_	_	_	_	_	linguistic	_	none	_	_	_	_	_	_
588-5	TO033	588	5	contrario	contrario	_	_	_	_	_	linguistic	_	none	_	_	_	_	_	_
588-6	TO033	588	6	che	che	_	_	_	_	_	linguistic	_	none	_	_	_	_	_	_
588-7	TO033	588	7	volevano	volevano	_	_	_	_	_	linguistic	_	none	_	_	_	_	_	_
588-8	TO033	588	8	fare	fare	_	_	_	_	_	linguistic	_	none	_	_	_	_	_	_
588-9	TO033	588	9	sai	sai	_	_	_	_	_	linguistic	_	none	_	_	_	_	_	_
588-10	TO033	588	10	un	un	_	_	_	_	_	linguistic	_	none	_	_	_	_	_	_
588-11	TO033	588	11	master	master	_	_	_	_	_	linguistic	_	none	_	_	_	_	_	_
588-12	TO033	588	12	integrazione	integrazione	_	_	_	_	_	linguistic	_	none	_	_	_	_	_	_
588-13	TO033	588	13	no?	no	_	_	_	_	_	linguistic	_	none	Intonation=Rising	_	_	_	_	_
588-14	TO033	588	14	cioè	cioè	_	_	_	_	_	linguistic	_	none	_	_	_	_	_	_
588-15	TO033	588	15	io	io	_	_	_	_	_	linguistic	_	none	_	_	_	_	_	_
588-16	TO033	588	16	[xxx]	xxx	_	_	_	_	_	unknown	_	none	Syllables=3	End=1681.792	_	_	_	0-3(225)
589-0	TO034	589	0	[esa:]::tto	esatto	_	_	_	_	_	linguistic	_	none	_	Begin=1681.252|End=1682.199	2x3	_	_	0-3(225)
590-0	TO029	590	0	[odio]	odio	_	_	_	_	_	linguistic	_	none	_	Begin=1681.379|End=1681.791	_	_	_	0-4(225)
591-0	TO033	591	0	cioè	cioè	_	_	_	_	_	linguistic	_	none	_	Begin=1682.155	_	_	_	_
591-1	TO033	591	1	odio	odio	_	_	_	_	_	linguistic	_	none	_	_	_	_	_	_
591-2	TO033	591	2	[interra]zziale	interrazziale	_	_	_	_	_	linguistic	_	none	_	_	_	_	_	0-7(194)
591-3	TO033	591	3	cioè	cioè	_	_	_	_	_	linguistic	_	none	_	End=1684.831	_	_	_	_
592-0	TO029	592	0	[odio]	odio	_	_	_	_	_	linguistic	_	none	_	Begin=1682.832|End=1683.326	_	_	_	0-4(194)
593-0	TO029	593	0	però	però	_	_	_	_	_	linguistic	_	none	_	Begin=1686.562	_	_	_	_
593-1	TO029	593	1	consapevole	consapevole	_	_	_	_	_	linguistic	_	none	_	End=1687.782	_	_	_	_
594-0	TO033	594	0	cioè	cioè	_	_	_	_	_	linguistic	_	none	_	Begin=1689.502	_	_	_	_
594-1	TO033	594	1	proprio	proprio	_	_	_	_	_	linguistic	_	none	_	_	_	_	_	_
594-2	TO033	594	2	intersezione	intersezione	_	_	_	_	_	linguistic	_	none	_	_	_	_	_	_
594-3	TO033	594	3	di	di	_	_	_	_	_	linguistic	_	none	_	_	_	_	_	_
594-4	TO033	594	4	classe::,	classe	_	_	_	_	_	linguistic	_	none	Intonation=WeaklyRising	_	5x2	_	_	_
594-5	TO033	594	5	ra::zza,	razza	_	_	_	_	_	linguistic	_	none	Intonation=WeaklyRising	_	1x2	_	_	_
594-6	TO033	594	6	e	e	_	_	_	_	_	linguistic	_	none	_	_	_	_	_	_
594-7	TO033	594	7	po[te::]re	potere	_	_	_	_	_	linguistic	_	none	_	End=1694.503	3x2	_	_	2-4(195)
595-0	TO029	595	0	[cla::sse]	classe	_	_	_	_	_	linguistic	_	none	_	Begin=1693.352|End=1694.077	2x2	_	_	0-6(195)
596-0	TO033	596	0	cioè	cioè	_	_	_	_	_	linguistic	_	none	_	Begin=1694.871|End=1695.23	_	_	_	_
597-0	TO033	597	0	ma	ma	_	_	_	_	_	linguistic	_	none	_	Begin=1695.687	_	_	_	_
597-1	TO033	597	1	poi	poi	_	_	_	_	_	linguistic	_	none	_	_	_	_	_	_
597-2	TO033	597	2	appunto	appunto	_	_	_	_	_	linguistic	_	none	_	_	_	_	_	_
597-3	TO033	597	3	ma	ma	_	_	_	_	_	linguistic	_	none	_	_	_	_	_	_
597-4	TO033	597	4	questi	questi	_	_	_	_	_	linguistic	_	none	_	_	_	_	_	_
597-5	TO033	597	5	si	si	_	_	_	_	_	linguistic	_	none	_	_	_	_	_	_
597-6	TO033	597	6	possono	possono	_	_	_	_	_	linguistic	_	none	_	_	_	_	_	_
597-7	TO033	597	7	permettere	permettere	_	_	_	_	_	linguistic	_	none	PauseAfter=Yes	_	_	_	_	_
597-8	TO033	597	8	(.)	(.)	_	_	_	_	_	shortpause	_	none	_	_	_	_	_	_
597-9	TO033	597	9	di	di	_	_	_	_	_	linguistic	_	none	_	_	_	_	_	_
597-10	TO033	597	10	pagare	pagare	_	_	_	_	_	linguistic	_	none	_	_	_	_	_	_
597-11	TO033	597	11	settemila	settemila	_	_	_	_	_	linguistic	_	none	_	_	_	_	_	_
597-12	TO033	597	12	euro	euro	_	_	_	_	_	linguistic	_	none	_	_	_	_	_	_
597-13	TO033	597	13	l'	l'	_	_	_	_	_	linguistic	_	none	SpaceAfter=No	_	_	_	_	_
597-14	TO033	597	14	anno	anno	_	_	_	_	_	linguistic	_	none	_	_	_	_	_	_
597-15	TO033	597	15	xx	xx	_	_	_	_	_	unknown	_	none	Syllables=2	_	_	_	_	_
597-16	TO033	597	16	capito?	capito	_	_	_	_	_	linguistic	_	none	Intonation=Rising	End=1701.639	_	_	_	_
598-0	TO029	598	0	e	e	_	_	_	_	_	linguistic	_	none	_	Begin=1702.035	_	_	_	_
598-1	TO029	598	1	poi	poi	_	_	_	_	_	linguistic	_	none	_	_	_	_	_	_
598-2	TO029	598	2	ci	ci	_	_	_	_	_	linguistic	_	none	_	_	_	_	_	_
598-3	TO029	598	3	siamo	siamo	_	_	_	_	_	linguistic	_	none	_	_	_	_	_	_
598-4	TO029	598	4	[noi]	noi	_	_	_	_	_	linguistic	_	none	_	End=1702.762	_	_	_	0-3(196)
599-0	TO033	599	0	[e	e	_	_	_	_	_	linguistic	_	none	_	Begin=1702.481	_	_	_	0-1(196)
599-1	TO033	599	1	e	e	_	_	_	_	_	linguistic	_	none	_	_	_	_	_	0-1(196)
599-2	TO033	599	2	e]	e	_	_	_	_	_	linguistic	_	none	_	_	_	_	_	0-1(196)
599-3	TO033	599	3	anche	anche	_	_	_	_	_	linguistic	_	none	_	_	_	_	_	_
599-4	TO033	599	4	un	un	_	_	_	_	_	linguistic	_	none	_	_	_	_	_	_
599-5	TO033	599	5	problema	problema	_	_	_	_	_	linguistic	_	none	_	_	_	_	_	_
599-6	TO033	599	6	il	il	_	_	_	_	_	linguistic	_	none	_	_	_	_	_	_
599-7	TO033	599	7	fatto	fatto	_	_	_	_	_	linguistic	_	none	_	_	_	_	_	_
599-8	TO033	599	8	che	che	_	_	_	_	_	linguistic	_	none	_	_	_	_	_	_
599-9	TO033	599	9	questi	questi	_	_	_	_	_	linguistic	_	none	_	_	_	_	_	_
599-10	TO033	599	10	che	che	_	_	_	_	_	linguistic	_	none	_	_	_	_	_	_
599-11	TO033	599	11	loro	loro	_	_	_	_	_	linguistic	_	none	_	_	_	_	_	_
599-12	TO033	599	12	ah	ah	_	_	_	_	_	linguistic	_	none	_	_	_	_	_	_
599-13	TO033	599	13	no	no	_	_	_	_	_	linguistic	_	none	_	_	_	_	_	_
599-14	TO033	599	14	però,	però	_	_	_	_	_	linguistic	_	none	Intonation=WeaklyRising	End=1706.032	_	_	_	_
600-0	TO033	600	0	dovete	dovete	_	_	_	_	_	linguistic	_	none	_	Begin=1706.399	_	_	_	_
600-1	TO033	600	1	occuparvi	occuparvi	_	_	_	_	_	linguistic	_	none	_	_	_	_	_	_
600-2	TO033	600	2	voi	voi	_	_	_	_	_	linguistic	_	none	_	_	_	_	_	_
600-3	TO033	600	3	del	del	_	_	_	_	_	linguistic	_	none	_	_	_	_	_	_
600-4	TO033	600	4	visto::	visto	_	_	_	_	_	linguistic	_	none	_	_	4x2	_	_	_
600-5	TO033	600	5	ma	ma	_	_	_	_	_	linguistic	_	none	_	_	_	_	_	_
600-6	TO033	600	6	chi	chi	_	_	_	_	_	linguistic	_	none	_	_	_	_	_	_
600-7	TO033	600	7	come	come	_	_	_	_	_	linguistic	_	none	_	_	_	_	_	_
600-8	TO033	600	8	faccio	faccio	_	_	_	_	_	linguistic	_	none	_	_	_	_	_	_
600-9	TO033	600	9	ma	ma	_	_	_	_	_	linguistic	_	none	_	_	_	_	_	_
600-10	TO033	600	10	cioè	cioè	_	_	_	_	_	linguistic	_	none	_	_	_	_	_	_
600-11	TO033	600	11	ma	ma	_	_	_	_	_	linguistic	_	none	_	_	_	_	_	_
600-12	TO033	600	12	xx	xx	_	_	_	_	_	unknown	_	none	Syllables=2	_	_	_	_	_
600-13	TO033	600	13	(cagate)	cagate	_	_	_	_	_	linguistic	_	none	_	_	_	_	0-6(0)	_
600-14	TO033	600	14	i	i	_	_	_	_	_	linguistic	_	none	_	_	_	_	_	_
600-15	TO033	600	15	soldi	soldi	_	_	_	_	_	linguistic	_	none	_	_	_	_	_	_
600-16	TO033	600	16	evidentemente	evidentemente	_	_	_	_	_	linguistic	_	none	_	End=1711.766	_	_	_	_
601-0	TO033	601	0	cioè	cioè	_	_	_	_	_	linguistic	_	none	_	Begin=1713.019	_	_	_	_
601-1	TO033	601	1	noi	noi	_	_	_	_	_	linguistic	_	none	_	_	_	_	_	_
601-2	TO033	601	2	siamo	siamo	_	_	_	_	_	linguistic	_	none	_	_	_	_	_	_
601-3	TO033	601	3	qui	qui	_	_	_	_	_	linguistic	_	none	_	_	_	_	_	_
601-4	TO033	601	4	a	a	_	_	_	_	_	linguistic	_	none	_	_	_	_	_	_
601-5	TO033	601	5	fare	fare	_	_	_	_	_	linguistic	_	none	_	_	_	_	_	_
601-6	TO033	601	6	le	le	_	_	_	_	_	linguistic	_	none	_	_	_	_	_	_
601-7	TO033	601	7	duecento	duecento	_	_	_	_	_	linguistic	_	none	_	_	_	_	_	_
601-8	TO033	601	8	ore	ore	_	_	_	_	_	linguistic	_	none	_	_	_	_	_	_
601-9	TO033	601	9	baby	baby	_	_	_	_	_	linguistic	_	none	_	_	_	_	_	_
601-10	TO033	601	10	sitter,	sitter	_	_	_	_	_	linguistic	_	none	Intonation=WeaklyRising	_	_	_	_	_
601-11	TO033	601	11	camerie::re,	cameriere	_	_	_	_	_	linguistic	_	none	Intonation=WeaklyRising	_	6x2	_	_	_
601-12	TO033	601	12	pulire	pulire	_	_	_	_	_	linguistic	_	none	_	_	_	_	_	_
601-13	TO033	601	13	i	i	_	_	_	_	_	linguistic	_	none	_	_	_	_	_	_
601-14	TO033	601	14	ce::ssi,	cessi	_	_	_	_	_	linguistic	_	none	Intonation=WeaklyRising	_	1x2	_	_	_
601-15	TO033	601	15	pulire	pulire	_	_	_	_	_	linguistic	_	none	_	_	_	_	_	_
601-16	TO033	601	16	le	le	_	_	_	_	_	linguistic	_	none	_	_	_	_	_	_
601-17	TO033	601	17	ca::se,	case	_	_	_	_	_	linguistic	_	none	Intonation=WeaklyRising	End=1718.832	1x2	_	_	_
602-0	TO033	602	0	qua	qua	_	_	_	_	_	linguistic	_	none	PauseAfter=Yes	Begin=1719.442	_	_	_	_
602-1	TO033	602	1	(.)	(.)	_	_	_	_	_	shortpause	_	none	_	_	_	_	_	_
602-2	TO033	602	2	cioè	cioè	_	_	_	_	_	linguistic	_	none	_	_	_	_	_	_
602-3	TO033	602	3	per	per	_	_	_	_	_	linguistic	_	none	_	_	_	_	_	_
602-4	TO033	602	4	mantene::rci	mantenerci	_	_	_	_	_	linguistic	_	none	_	End=1721.999	6x2	_	_	_
603-0	TO033	603	0	ottocentocinquanta	ottocentocinquanta	_	_	_	_	_	linguistic	_	none	_	Begin=1722.883	_	_	_	_
603-1	TO033	603	1	euro	euro	_	_	_	_	_	linguistic	_	none	_	_	_	_	_	_
603-2	TO033	603	2	al	al	_	_	_	_	_	linguistic	_	none	_	_	_	_	_	_
603-3	TO033	603	3	me::se	mese	_	_	_	_	_	linguistic	_	none	_	_	1x2	_	_	_
603-4	TO033	603	4	cioè	cioè	_	_	_	_	_	linguistic	_	none	_	_	_	_	_	_
603-5	TO033	603	5	per	per	_	_	_	_	_	linguistic	_	none	_	_	_	_	_	_
603-6	TO033	603	6	vivere	vivere	_	_	_	_	_	linguistic	_	none	_	_	_	_	_	_
603-7	TO033	603	7	a	a	_	_	_	_	_	linguistic	_	none	_	_	_	_	_	_
603-8	TO033	603	8	torino	torino	_	_	_	_	_	linguistic	_	none	_	_	_	_	_	_
603-9	TO033	603	9	hai	hai	_	_	_	_	_	linguistic	_	none	_	_	_	_	_	_
603-10	TO033	603	10	capito?	capito	_	_	_	_	_	linguistic	_	none	Intonation=Rising	_	_	_	_	_
603-11	TO033	603	11	cioè	cioè	_	_	_	_	_	linguistic	_	none	_	_	_	_	_	_
603-12	TO033	603	12	ma	ma	_	_	_	_	_	linguistic	_	none	_	_	_	_	_	_
603-13	TO033	603	13	chi	chi	_	_	_	_	_	linguistic	_	none	_	_	_	_	_	_
603-14	TO033	603	14	ci	ci	_	_	_	_	_	linguistic	_	none	_	_	_	_	_	_
603-15	TO033	603	15	vive	vive	_	_	_	_	_	linguistic	_	none	_	_	_	_	_	_
603-16	TO033	603	16	con	con	_	_	_	_	_	linguistic	_	none	_	_	_	_	_	_
603-17	TO033	603	17	ottocentocinquanta	ottocentocinquanta	_	_	_	_	_	linguistic	_	none	_	_	_	_	_	_
603-18	TO033	603	18	[euro	euro	_	_	_	_	_	linguistic	_	none	_	_	_	_	_	0-4(197)
603-19	TO033	603	19	al	al	_	_	_	_	_	linguistic	_	none	_	_	_	_	_	0-2(197)
603-20	TO033	603	20	mese]?	mese	_	_	_	_	_	linguistic	_	none	Intonation=Rising	End=1730.366	_	_	_	0-4(197)
604-0	TO029	604	0	[beh	beh	_	_	_	_	_	linguistic	_	none	PauseAfter=Yes	Begin=1729.594	_	_	_	0-3(197)
604-1	TO029	604	1	(.)	(.)	_	_	_	_	_	shortpause	_	none	_	_	_	_	_	_
604-2	TO029	604	2	scusate::]	scusate	_	_	_	_	_	linguistic	_	none	_	_	6x2	_	_	0-7(197)
604-3	TO029	604	3	yasmina	yasmina	_	_	_	_	_	linguistic	_	none	_	_	_	_	_	_
604-4	TO029	604	4	no	no	_	_	_	_	_	linguistic	_	none	_	_	_	_	_	_
604-5	TO029	604	5	chi	chi	_	_	_	_	_	linguistic	_	none	_	_	_	_	_	_
604-6	TO029	604	6	è	è	_	_	_	_	_	linguistic	_	none	_	_	_	_	_	_
604-7	TO029	604	7	che	che	_	_	_	_	_	linguistic	_	none	_	_	_	_	_	_
604-8	TO029	604	8	voleva	voleva	_	_	_	_	_	linguistic	_	none	_	_	_	_	_	_
604-9	TO029	604	9	una	una	_	_	_	_	_	linguistic	_	none	_	_	_	_	_	_
604-10	TO029	604	10	casa	casa	_	_	_	_	_	linguistic	_	none	_	_	_	_	_	_
604-11	TO029	604	11	un	un	_	_	_	_	_	linguistic	_	none	_	_	_	_	_	_
604-12	TO029	604	12	monolocale	monolocale	_	_	_	_	_	linguistic	_	none	_	_	_	_	_	_
604-13	TO029	604	13	con	con	_	_	_	_	_	linguistic	_	none	_	_	_	_	_	_
604-14	TO029	604	14	[xxxx]	xxxx	_	_	_	_	_	unknown	_	none	Syllables=4	End=1734.272	_	_	_	0-4(198)
605-0	TO034	605	0	[aidha]	aidha	_	_	_	_	_	linguistic	_	none	_	Begin=1733.778|End=1734.275	_	_	_	0-5(198)
606-0	TO029	606	0	aidha?	aidha	_	_	_	_	_	linguistic	_	none	Intonation=Rising	Begin=1734.562	_	_	_	_
606-1	TO029	606	1	un	un	_	_	_	_	_	linguistic	_	none	_	_	_	_	_	_
606-2	TO029	606	2	monolocale	monolocale	_	_	_	_	_	linguistic	_	none	_	_	_	_	_	_
606-3	TO029	606	3	da	da	_	_	_	_	_	linguistic	_	none	_	_	_	_	_	_
606-4	TO029	606	4	[ottocento	ottocento	_	_	_	_	_	linguistic	_	none	_	_	_	_	_	0-9(199)
606-5	TO029	606	5	euro]?	euro	_	_	_	_	_	linguistic	_	none	Intonation=Rising	End=1736.713	_	_	_	0-4(199)
607-0	TO034	607	0	[HA	ha	_	_	_	_	_	linguistic	_	none	Volume=high	Begin=1735.614	_	_	_	0-2(199)
607-1	TO034	607	1	un	un	_	_	_	_	_	linguistic	_	none	_	_	_	_	_	0-2(199)
607-2	TO034	607	2	monolocale]	monolocale	_	_	_	_	_	linguistic	_	none	_	End=1736.887	_	_	_	0-10(199)
608-0	TO034	608	0	anche:::	anche	_	_	_	_	_	linguistic	_	none	_	Begin=1737.167	4x3	_	_	_
608-1	TO034	608	1	mohammed	mohammed	_	_	_	_	_	linguistic	_	none	_	End=1737.94	_	_	_	_
609-0	TO029	609	0	ottoce::nto	ottocento	_	_	_	_	_	linguistic	_	none	_	Begin=1737.94	5x2	_	_	_
609-1	TO029	609	1	ottocentocinquanta	ottocentocinquanta	_	_	_	_	_	linguistic	_	none	_	_	_	_	_	_
609-2	TO029	609	2	vabbò	vabbò	_	_	_	_	_	linguistic	_	none	_	_	_	_	_	_
609-3	TO029	609	3	ma::	ma	_	_	_	_	_	linguistic	_	none	_	_	1x2	_	_	_
609-4	TO029	609	4	cercalo	cercalo	_	_	_	_	_	linguistic	_	none	_	_	_	_	_	_
609-5	TO029	609	5	dove	dove	_	_	_	_	_	linguistic	_	none	_	_	_	_	_	_
609-6	TO029	609	6	ti	ti	_	_	_	_	_	linguistic	_	none	_	_	_	_	_	_
609-7	TO029	609	7	pare	pare	_	_	_	_	_	linguistic	_	none	_	_	_	_	_	_
609-8	TO029	609	8	allora	allora	_	_	_	_	_	linguistic	_	none	_	End=1742.932	_	_	_	_
610-0	TO029	610	0	da	da	_	_	_	_	_	linguistic	_	none	_	Begin=1743.399	_	_	_	_
610-1	TO029	610	1	piazza	piazza	_	_	_	_	_	linguistic	_	none	_	_	_	_	_	_
610-2	TO029	610	2	vittorio	vittorio	_	_	_	_	_	linguistic	_	none	_	_	_	_	_	_
610-3	TO029	610	3	sicuramente	sicuramente	_	_	_	_	_	linguistic	_	none	_	_	_	_	_	_
610-4	TO029	610	4	un	un	_	_	_	_	_	linguistic	_	none	_	_	_	_	_	_
610-5	TO029	610	5	buon	buon	_	_	_	_	_	linguistic	_	none	_	_	_	_	_	_
610-6	TO029	610	6	trenta	trenta	_	_	_	_	_	linguistic	_	none	_	_	_	_	_	_
610-7	TO029	610	7	metri	metri	_	_	_	_	_	linguistic	_	none	_	_	_	_	_	_
610-8	TO029	610	8	qua::dri	quadri	_	_	_	_	_	linguistic	_	none	_	_	2x2	_	_	_
610-9	TO029	610	9	quinti	quinti	_	_	_	_	_	linguistic	_	none	_	_	_	_	_	_
610-10	TO029	610	10	[pia::no]	piano	_	_	_	_	_	linguistic	_	none	_	End=1747.972	2x2	_	_	0-5(200)
611-0	TO034	611	0	[vista	vista	_	_	_	_	_	linguistic	_	none	_	Begin=1747.168	_	_	_	0-5(200)
611-1	TO034	611	1	mole]	mole	_	_	_	_	_	linguistic	_	none	_	End=1747.989	_	_	_	0-4(200)
612-0	TO033	612	0	sì:	sì	_	_	_	_	_	linguistic	_	none	_	Begin=1749.489	1x1	_	_	_
612-1	TO033	612	1	e	e	_	_	_	_	_	linguistic	_	none	_	_	_	_	_	_
612-2	TO033	612	2	poi	poi	_	_	_	_	_	linguistic	_	none	_	_	_	_	_	_
612-3	TO033	612	3	appunto	appunto	_	_	_	_	_	linguistic	_	none	_	_	_	_	_	_
612-4	TO033	612	4	chissà::	chissà	_	_	_	_	_	linguistic	_	none	_	_	5x2	_	_	_
612-5	TO033	612	5	cioè	cioè	_	_	_	_	_	linguistic	_	none	_	_	_	_	_	_
612-6	TO033	612	6	andrà	andrà	_	_	_	_	_	linguistic	_	none	_	_	_	_	_	_
612-7	TO033	612	7	a	a	_	_	_	_	_	linguistic	_	none	_	_	_	_	_	_
612-8	TO033	612	8	fare	fare	_	_	_	_	_	linguistic	_	none	_	_	_	_	_	_
612-9	TO033	612	9	la	la	_	_	_	_	_	linguistic	_	none	_	_	_	_	_	_
612-10	TO033	612	10	spesa	spesa	_	_	_	_	_	linguistic	_	none	_	_	_	_	_	_
612-11	TO033	612	11	solo	solo	_	_	_	_	_	linguistic	_	none	_	_	_	_	_	_
612-12	TO033	612	12	alla	alla	_	_	_	_	_	linguistic	_	none	_	End=1753.619	_	_	_	_
613-0	TO029	613	0	no	no	_	_	_	_	_	linguistic	_	none	_	Begin=1753.757	_	_	_	_
613-1	TO029	613	1	[magari]	magari	_	_	_	_	_	linguistic	_	none	_	_	_	_	_	0-6(226)
613-2	TO029	613	2	xxx	xxx	_	_	_	_	_	unknown	_	none	Syllables=3	End=1755.372	_	_	_	_
614-0	TO034	614	0	[alla	alla	_	_	_	_	_	linguistic	_	none	_	Begin=1754.168	_	_	_	0-4(226)
614-1	TO034	614	1	cra:::i]	crai	_	_	_	_	_	linguistic	_	none	_	End=1755.238	2x3	_	_	0-4(226)
615-0	TO033	615	0	[alla	alla	_	_	_	_	_	linguistic	_	none	_	Begin=1754.168	_	_	_	0-4(226)
615-1	TO033	615	1	cra:::i]	crai	_	_	_	_	_	linguistic	_	none	_	End=1755.253	2x3	_	_	0-4(226)
616-0	TO029	616	0	xxx	xxx	_	_	_	_	_	unknown	_	none	Syllables=3	Begin=1755.687	_	_	_	_
616-1	TO029	616	1	scoperto	scoperto	_	_	_	_	_	linguistic	_	none	_	_	_	_	_	_
616-2	TO029	616	2	[che	che	_	_	_	_	_	linguistic	_	none	_	_	_	_	_	0-3(201)
616-3	TO029	616	3	te	te	_	_	_	_	_	linguistic	_	none	_	_	_	_	_	0-2(201)
616-4	TO029	616	4	la	la	_	_	_	_	_	linguistic	_	none	_	_	_	_	_	0-2(201)
616-5	TO029	616	5	possono	possono	_	_	_	_	_	linguistic	_	none	_	_	_	_	_	0-7(201)
616-6	TO029	616	6	far	far	_	_	_	_	_	linguistic	_	none	_	_	_	_	_	0-3(201)
616-7	TO029	616	7	portare]	portare	_	_	_	_	_	linguistic	_	none	_	_	_	_	_	0-7(201)
616-8	TO029	616	8	a	a	_	_	_	_	_	linguistic	_	none	_	_	_	_	_	_
616-9	TO029	616	9	casa	casa	_	_	_	_	_	linguistic	_	none	_	End=1758.375	_	_	_	_
617-0	TO033	617	0	[chiamano	chiamano	_	_	_	_	_	linguistic	_	none	_	Begin=1756.332	_	_	_	0-8(201)
617-1	TO033	617	1	la	la	_	_	_	_	_	linguistic	_	none	_	_	_	_	_	0-2(201)
617-2	TO033	617	2	bofro:::st]	bofrost	_	_	_	_	_	linguistic	_	none	_	End=1758.008	4x3	_	_	0-7(201)
618-0	TO033	618	0	esatto	esatto	_	_	_	_	_	linguistic	_	none	_	Begin=1758.38	_	_	_	_
618-1	TO033	618	1	cioè	cioè	_	_	_	_	_	linguistic	_	none	_	End=1759.277	_	_	_	_
619-0	TO033	619	0	carrefour,	carrefour	_	_	_	_	_	linguistic	_	none	Intonation=WeaklyRising	Begin=1760.112	_	_	_	_
619-1	TO033	619	1	[expre::ss],	express	_	_	_	_	_	linguistic	_	none	Intonation=WeaklyRising	End=1762.479	4x2	_	_	0-7(202)
620-0	TO029	620	0	[xxx	xxx	_	_	_	_	_	unknown	_	none	Syllables=3	Begin=1760.579	_	_	_	0-3(202)
620-1	TO029	620	1	potrebbero	potrebbero	_	_	_	_	_	linguistic	_	none	_	_	_	_	_	0-10(202)
620-2	TO029	620	2	dirglielo	dirglielo	_	_	_	_	_	linguistic	_	none	_	_	_	_	_	0-9(202)
620-3	TO029	620	3	in	in	_	_	_	_	_	linguistic	_	none	_	_	_	_	_	0-2(202)
620-4	TO029	620	4	italia]no	italiano	_	_	_	_	_	linguistic	_	none	_	_	_	_	_	0-6(202)
620-5	TO029	620	5	a	a	_	_	_	_	_	linguistic	_	none	_	_	_	_	_	_
620-6	TO029	620	6	quel	quel	_	_	_	_	_	linguistic	_	none	_	_	_	_	_	_
620-7	TO029	620	7	punto	punto	_	_	_	_	_	linguistic	_	none	_	End=1763.699	_	_	_	_
621-0	TO033	621	0	no	no	_	_	_	_	_	linguistic	_	none	_	Begin=1764.329	_	_	_	_
621-1	TO033	621	1	ma	ma	_	_	_	_	_	linguistic	_	none	_	_	_	_	_	_
621-2	TO033	621	2	xx	xx	_	_	_	_	_	unknown	_	none	Syllables=2	_	_	_	_	_
621-3	TO033	621	3	anch'	anch'	_	_	_	_	_	linguistic	_	none	SpaceAfter=No	_	_	_	_	_
621-4	TO033	621	4	io	io	_	_	_	_	_	linguistic	_	none	_	_	_	_	_	_
621-5	TO033	621	5	tra	tra	_	_	_	_	_	linguistic	_	none	_	_	_	_	_	_
621-6	TO033	621	6	l'	l'	_	_	_	_	_	linguistic	_	none	SpaceAfter=No	_	_	_	_	_
621-7	TO033	621	7	altro	altro	_	_	_	_	_	linguistic	_	none	_	_	_	_	_	_
621-8	TO033	621	8	cioè	cioè	_	_	_	_	_	linguistic	_	none	_	_	_	_	_	_
621-9	TO033	621	9	appunto	appunto	_	_	_	_	_	linguistic	_	none	_	_	_	_	_	_
621-10	TO033	621	10	ho	ho	_	_	_	_	_	linguistic	_	none	_	_	_	_	_	_
621-11	TO033	621	11	incontrato	incontrato	_	_	_	_	_	linguistic	_	none	_	_	_	_	_	_
621-12	TO033	621	12	xx	xx	_	_	_	_	_	unknown	_	none	Syllables=2	_	_	_	_	_
621-13	TO033	621	13	due	due	_	_	_	_	_	linguistic	_	none	_	_	_	_	_	_
621-14	TO033	621	14	settimane	settimane	_	_	_	_	_	linguistic	_	none	_	_	_	_	_	_
621-15	TO033	621	15	fa	fa	_	_	_	_	_	linguistic	_	none	_	End=1768.519	_	_	_	_
622-0	TO033	622	0	e	e	_	_	_	_	_	linguistic	_	none	_	Begin=1768.846	_	_	_	_
622-1	TO033	622	1	tra	tra	_	_	_	_	_	linguistic	_	none	_	_	_	_	_	_
622-2	TO033	622	2	l'	l'	_	_	_	_	_	linguistic	_	none	SpaceAfter=No	_	_	_	_	_
622-3	TO033	622	3	altro	altro	_	_	_	_	_	linguistic	_	none	_	_	_	_	_	_
622-4	TO033	622	4	le	le	_	_	_	_	_	linguistic	_	none	_	_	_	_	_	_
622-5	TO033	622	5	avevo	avevo	_	_	_	_	_	linguistic	_	none	_	_	_	_	_	_
622-6	TO033	622	6	chiesto	chiesto	_	_	_	_	_	linguistic	_	none	_	_	_	_	_	_
622-7	TO033	622	7	ah	ah	_	_	_	_	_	linguistic	_	none	_	_	_	_	_	_
622-8	TO033	622	8	ma	ma	_	_	_	_	_	linguistic	_	none	_	_	_	_	_	_
622-9	TO033	622	9	come	come	_	_	_	_	_	linguistic	_	none	_	_	_	_	_	_
622-10	TO033	622	10	va	va	_	_	_	_	_	linguistic	_	none	_	_	_	_	_	_
622-11	TO033	622	11	con	con	_	_	_	_	_	linguistic	_	none	_	_	_	_	_	_
622-12	TO033	622	12	gli	gli	_	_	_	_	_	linguistic	_	none	_	_	_	_	_	_
622-13	TO033	622	13	esami	esami	_	_	_	_	_	linguistic	_	none	_	_	_	_	_	_
622-14	TO033	622	14	tutto	tutto	_	_	_	_	_	linguistic	_	none	_	_	_	_	_	_
622-15	TO033	622	15	a	a	_	_	_	_	_	linguistic	_	none	_	_	_	_	_	_
622-16	TO033	622	16	posto	posto	_	_	_	_	_	linguistic	_	none	_	_	_	_	_	_
622-17	TO033	622	17	e	e	_	_	_	_	_	linguistic	_	none	_	_	_	_	_	_
622-18	TO033	622	18	mi	mi	_	_	_	_	_	linguistic	_	none	_	_	_	_	_	_
622-19	TO033	622	19	ha	ha	_	_	_	_	_	linguistic	_	none	_	_	_	_	_	_
622-20	TO033	622	20	detto	detto	_	_	_	_	_	linguistic	_	none	_	_	_	_	_	_
622-21	TO033	622	21	che	che	_	_	_	_	_	linguistic	_	none	_	_	_	_	_	_
622-22	TO033	622	22	ne	ne	_	_	_	_	_	linguistic	_	none	_	_	_	_	_	_
622-23	TO033	622	23	doveva	doveva	_	_	_	_	_	linguistic	_	none	_	_	_	_	_	_
622-24	TO033	622	24	dare	dare	_	_	_	_	_	linguistic	_	none	_	_	_	_	_	_
622-25	TO033	622	25	uno	uno	_	_	_	_	_	linguistic	_	none	_	End=1773.099	_	_	_	_
623-0	TO033	623	0	deve	deve	_	_	_	_	_	linguistic	_	none	_	Begin=1773.459	_	_	_	_
623-1	TO033	623	1	dare	dare	_	_	_	_	_	linguistic	_	none	_	_	_	_	_	_
623-2	TO033	623	2	la	la	_	_	_	_	_	linguistic	_	none	_	_	_	_	_	_
623-3	TO033	623	3	xxx	xxx	_	_	_	_	_	unknown	_	none	Syllables=3	_	_	_	_	_
623-4	TO033	623	4	[deve	deve	_	_	_	_	_	linguistic	_	none	_	_	_	_	_	0-4(203)
623-5	TO033	623	5	dare	dare	_	_	_	_	_	linguistic	_	none	_	_	_	_	_	0-4(203)
623-6	TO033	623	6	la	la	_	_	_	_	_	linguistic	_	none	_	_	_	_	_	0-2(203)
623-7	TO033	623	7	xxx]	xxx	_	_	_	_	_	unknown	_	none	Syllables=3	End=1776.426	_	_	_	0-3(203)
624-0	TO029	624	0	[oh	oh	_	_	_	_	_	linguistic	_	none	_	Begin=1774.563	_	_	_	0-2(?)
624-1	TO029	624	1	ma	ma	_	_	_	_	_	linguistic	_	none	_	_	_	_	_	0-2(?)
624-2	TO029	624	2	però	però	_	_	_	_	_	linguistic	_	none	_	_	_	_	_	0-4(?)
624-3	TO029	624	3	questa	questa	_	_	_	_	_	linguistic	_	none	_	_	_	_	_	0-6(?)
624-4	TO029	624	4	roba	roba	_	_	_	_	_	linguistic	_	none	_	_	_	_	_	0-4(?)
624-5	TO029	624	5	è	è	_	_	_	_	_	linguistic	_	none	_	_	_	_	_	0-1(?)
624-6	TO029	624	6	secondo	secondo	_	_	_	_	_	linguistic	_	none	_	_	_	_	_	0-7(?)
624-7	TO029	624	7	me	me	_	_	_	_	_	linguistic	_	none	_	_	_	_	_	0-2(?)
624-8	TO029	624	8	perché:::]	perché	_	_	_	_	_	linguistic	_	none	_	End=1777.28	5x3	_	_	0-6(?)
625-0	TO033	625	0	[deve	deve	_	_	_	_	_	linguistic	_	none	_	Begin=1776.564	_	_	_	0-4(204)
625-1	TO033	625	1	dare]	dare	_	_	_	_	_	linguistic	_	none	_	_	_	_	_	0-4(204)
625-2	TO033	625	2	deve	deve	_	_	_	_	_	linguistic	_	none	_	_	_	_	_	_
625-3	TO033	625	3	dare	dare	_	_	_	_	_	linguistic	_	none	_	_	_	_	_	_
625-4	TO033	625	4	il	il	_	_	_	_	_	linguistic	_	none	_	_	_	_	_	_
625-5	TO033	625	5	laboratorio	laboratorio	_	_	_	_	_	linguistic	_	none	_	_	_	_	_	_
625-6	TO033	625	6	della	della	_	_	_	_	_	linguistic	_	none	_	_	_	_	_	_
625-7	TO033	625	7	rossi,	rossi	_	_	_	_	_	linguistic	_	none	Intonation=WeaklyRising	End=1778.979	_	_	_	_
626-0	TO029	626	0	insomma	insomma	_	_	_	_	_	linguistic	_	none	_	Begin=1779.208	_	_	_	_
626-1	TO029	626	1	non	non	_	_	_	_	_	linguistic	_	none	_	_	_	_	_	_
626-2	TO029	626	2	senza	senza	_	_	_	_	_	linguistic	_	none	_	_	_	_	_	_
626-3	TO029	626	3	voler	voler	_	_	_	_	_	linguistic	_	none	_	_	_	_	_	_
626-4	TO029	626	4	fare	fare	_	_	_	_	_	linguistic	_	none	_	_	_	_	_	_
626-5	TO029	626	5	veramente	veramente	_	_	_	_	_	linguistic	_	none	_	_	_	_	_	_
626-6	TO029	626	6	il	il	_	_	_	_	_	linguistic	_	none	_	_	_	_	_	_
626-7	TO029	626	7	conflitto	conflitto	_	_	_	_	_	linguistic	_	none	_	_	_	_	_	_
626-8	TO029	626	8	di	di	_	_	_	_	_	linguistic	_	none	_	_	_	_	_	_
626-9	TO029	626	9	classe	classe	_	_	_	_	_	linguistic	_	none	_	_	_	_	_	_
626-10	TO029	626	10	ma	ma	_	_	_	_	_	linguistic	_	none	_	_	_	_	_	_
626-11	TO029	626	11	sicuramente	sicuramente	_	_	_	_	_	linguistic	_	none	_	_	_	_	_	_
626-12	TO029	626	12	i	i	_	_	_	_	_	linguistic	_	none	_	_	_	_	_	_
626-13	TO029	626	13	nostri	nostri	_	_	_	_	_	linguistic	_	none	_	_	_	_	_	_
626-14	TO029	626	14	colleghi	colleghi	_	_	_	_	_	linguistic	_	none	_	_	_	_	_	_
626-15	TO029	626	15	non	non	_	_	_	_	_	linguistic	_	none	_	_	_	_	_	_
626-16	TO029	626	16	sono:::	sono	_	_	_	_	_	linguistic	_	none	_	End=1784.872	3x3	_	_	_
627-0	TO029	627	0	e	e	_	_	_	_	_	linguistic	_	none	_	Begin=1785.223	_	_	_	_
627-1	TO029	627	1	non	non	_	_	_	_	_	linguistic	_	none	_	_	_	_	_	_
627-2	TO029	627	2	hanno	hanno	_	_	_	_	_	linguistic	_	none	_	_	_	_	_	_
627-3	TO029	627	3	idea	idea	_	_	_	_	_	linguistic	_	none	_	_	_	_	_	_
627-4	TO029	627	4	di	di	_	_	_	_	_	linguistic	_	none	_	_	_	_	_	_
627-5	TO029	627	5	dover	dover	_	_	_	_	_	linguistic	_	none	_	_	_	_	_	_
627-6	TO029	627	6	fare	fare	_	_	_	_	_	linguistic	_	none	_	_	_	_	_	_
627-7	TO029	627	7	le	le	_	_	_	_	_	linguistic	_	none	_	_	_	_	_	_
627-8	TO029	627	8	co::se	cose	_	_	_	_	_	linguistic	_	none	_	_	1x2	_	_	_
627-9	TO029	627	9	cioè	cioè	_	_	_	_	_	linguistic	_	none	_	_	_	_	_	_
627-10	TO029	627	10	che	che	_	_	_	_	_	linguistic	_	none	_	_	_	_	_	_
627-11	TO029	627	11	ci	ci	_	_	_	_	_	linguistic	_	none	_	_	_	_	_	_
627-12	TO029	627	12	si	si	_	_	_	_	_	linguistic	_	none	_	End=1787.812	_	_	_	_
628-0	TO029	628	0	come	come	_	_	_	_	_	linguistic	_	none	_	Begin=1788.761	_	_	_	_
628-1	TO029	628	1	dire	dire	_	_	_	_	_	linguistic	_	none	_	_	_	_	_	_
628-2	TO029	628	2	hanno	hanno	_	_	_	_	_	linguistic	_	none	_	_	_	_	_	_
628-3	TO029	628	3	preso	preso	_	_	_	_	_	linguistic	_	none	_	_	_	_	_	_
628-4	TO029	628	4	tutto	tutto	_	_	_	_	_	linguistic	_	none	_	_	_	_	_	_
628-5	TO029	628	5	questo	questo	_	_	_	_	_	linguistic	_	none	_	_	_	_	_	_
628-6	TO029	628	6	master	master	_	_	_	_	_	linguistic	_	none	_	_	_	_	_	_
628-7	TO029	628	7	come	come	_	_	_	_	_	linguistic	_	none	_	_	_	_	_	_
628-8	TO029	628	8	vabbè	vabbè	_	_	_	_	_	linguistic	_	none	_	_	_	_	_	_
628-9	TO029	628	9	sì	sì	_	_	_	_	_	linguistic	_	none	_	_	_	_	_	_
628-10	TO029	628	10	una	una	_	_	_	_	_	linguistic	_	none	_	_	_	_	_	_
628-11	TO029	628	11	passeggiata	passeggiata	_	_	_	_	_	linguistic	_	none	_	_	_	_	_	_
628-12	TO029	628	12	faccio	faccio	_	_	_	_	_	linguistic	_	none	_	_	_	_	_	_
628-13	TO029	628	13	quello	quello	_	_	_	_	_	linguistic	_	none	_	_	_	_	_	_
628-14	TO029	628	14	che	che	_	_	_	_	_	linguistic	_	none	_	_	_	_	_	_
628-15	TO029	628	15	mi	mi	_	_	_	_	_	linguistic	_	none	_	_	_	_	_	_
628-16	TO029	628	16	pare	pare	_	_	_	_	_	linguistic	_	none	_	_	_	_	_	_
628-17	TO029	628	17	vedi	vedi	_	_	_	_	_	linguistic	_	none	_	_	_	_	_	_
628-18	TO029	628	18	inventarti	inventarti	_	_	_	_	_	linguistic	_	none	_	_	_	_	_	_
628-19	TO029	628	19	le	le	_	_	_	_	_	linguistic	_	none	_	_	_	_	_	_
628-20	TO029	628	20	malattie	malattie	_	_	_	_	_	linguistic	_	none	_	_	_	_	_	_
628-21	TO029	628	21	per	per	_	_	_	_	_	linguistic	_	none	_	_	_	_	_	_
628-22	TO029	628	22	non	non	_	_	_	_	_	linguistic	_	none	_	_	_	_	_	_
628-23	TO029	628	23	fare	fare	_	_	_	_	_	linguistic	_	none	_	_	_	_	_	_
628-24	TO029	628	24	l'	l'	_	_	_	_	_	linguistic	_	none	SpaceAfter=No	_	_	_	_	_
628-25	TO029	628	25	esame	esame	_	_	_	_	_	linguistic	_	none	_	End=1795.866	_	_	_	_
629-0	TO033	629	0	[ma	ma	_	_	_	_	_	linguistic	_	none	_	Begin=1796.252	_	_	_	0-2(205)
629-1	TO033	629	1	evidentemente	evidentemente	_	_	_	_	_	linguistic	_	none	_	_	_	_	_	0-13(205)
629-2	TO033	629	2	cioè]	cioè	_	_	_	_	_	linguistic	_	none	_	_	_	_	_	0-4(205)
629-3	TO033	629	3	però	però	_	_	_	_	_	linguistic	_	none	_	_	_	_	_	_
629-4	TO033	629	4	io	io	_	_	_	_	_	linguistic	_	none	_	_	_	_	_	_
629-5	TO033	629	5	credo	credo	_	_	_	_	_	linguistic	_	none	_	_	_	_	_	_
629-6	TO033	629	6	[che:]	che	_	_	_	_	_	linguistic	_	none	_	End=1798.403	2x1	_	_	0-3(206)
630-0	TO029	630	0	[non	non	_	_	_	_	_	linguistic	_	none	_	Begin=1796.27	_	_	_	0-3(205)
630-1	TO029	630	1	venire	venire	_	_	_	_	_	linguistic	_	none	_	_	_	_	_	0-6(205)
630-2	TO029	630	2	a	a	_	_	_	_	_	linguistic	_	none	_	_	_	_	_	0-1(205)
630-3	TO029	630	3	lezio:::ne],	lezione	_	_	_	_	_	linguistic	_	none	Intonation=WeaklyRising	End=1797.449	4x3	_	_	0-7(205)
631-0	TO029	631	0	[e	e	_	_	_	_	_	linguistic	_	none	_	Begin=1798.057	_	_	_	0-1(206)
631-1	TO029	631	1	gliel'	gliel'	_	_	_	_	_	linguistic	_	none	SpaceAfter=No	_	_	_	_	0-6(206)
631-2	TO029	631	2	hanno]	hanno	_	_	_	_	_	linguistic	_	none	_	_	_	_	_	0-5(206)
631-3	TO029	631	3	fatto	fatto	_	_	_	_	_	linguistic	_	none	_	_	_	_	_	_
631-4	TO029	631	4	fare	fare	_	_	_	_	_	linguistic	_	none	_	End=1799.06	_	_	_	_
632-0	TO033	632	0	io	io	_	_	_	_	_	linguistic	_	none	_	Begin=1799.115	_	_	_	_
632-1	TO033	632	1	credo	credo	_	_	_	_	_	linguistic	_	none	_	_	_	_	_	_
632-2	TO033	632	2	che	che	_	_	_	_	_	linguistic	_	none	_	_	_	_	_	_
632-3	TO033	632	3	anche	anche	_	_	_	_	_	linguistic	_	none	_	_	_	_	_	_
632-4	TO033	632	4	sia	sia	_	_	_	_	_	linguistic	_	none	_	_	_	_	_	_
632-5	TO033	632	5	comunque	comunque	_	_	_	_	_	linguistic	_	none	_	_	_	_	_	_
632-6	TO033	632	6	xxx	xxx	_	_	_	_	_	unknown	_	none	Syllables=3	_	_	_	_	_
632-7	TO033	632	7	che	che	_	_	_	_	_	linguistic	_	none	_	_	_	_	_	_
632-8	TO033	632	8	forma	forma	_	_	_	_	_	linguistic	_	none	_	_	_	_	_	_
632-9	TO033	632	9	così	così	_	_	_	_	_	linguistic	_	none	_	_	_	_	_	_
632-10	TO033	632	10	le	le	_	_	_	_	_	linguistic	_	none	_	_	_	_	_	_
632-11	TO033	632	11	persone	persone	_	_	_	_	_	linguistic	_	none	_	_	_	_	_	_
632-12	TO033	632	12	capito	capito	_	_	_	_	_	linguistic	_	none	_	End=1803.866	_	_	_	_
633-0	TO033	633	0	perché	perché	_	_	_	_	_	linguistic	_	none	_	Begin=1804.241	_	_	_	_
633-1	TO033	633	1	comunque	comunque	_	_	_	_	_	linguistic	_	none	_	_	_	_	_	_
633-2	TO033	633	2	loro	loro	_	_	_	_	_	linguistic	_	none	_	_	_	_	_	_
633-3	TO033	633	3	l'	l'	_	_	_	_	_	linguistic	_	none	SpaceAfter=No	_	_	_	_	_
633-4	TO033	633	4	han	han	_	_	_	_	_	linguistic	_	none	_	_	_	_	_	_
633-5	TO033	633	5	fatta	fatta	_	_	_	_	_	linguistic	_	none	_	_	_	_	_	_
633-6	TO033	633	6	han	han	_	_	_	_	_	linguistic	_	none	_	_	_	_	_	_
633-7	TO033	633	7	fatto	fatto	_	_	_	_	_	linguistic	_	none	_	_	_	_	_	_
633-8	TO033	633	8	lì	lì	_	_	_	_	_	linguistic	_	none	_	_	_	_	_	_
633-9	TO033	633	9	la	la	_	_	_	_	_	linguistic	_	none	_	_	_	_	_	_
633-10	TO033	633	10	triennale	triennale	_	_	_	_	_	linguistic	_	none	_	_	_	_	_	_
633-11	TO033	633	11	o	o	_	_	_	_	_	linguistic	_	none	_	_	_	_	_	_
633-12	TO033	633	12	comunque	comunque	_	_	_	_	_	linguistic	_	none	_	_	_	_	_	_
633-13	TO033	633	13	cioè	cioè	_	_	_	_	_	linguistic	_	none	_	_	_	_	_	_
633-14	TO033	633	14	parte	parte	_	_	_	_	_	linguistic	_	none	_	_	_	_	_	_
633-15	TO033	633	15	degli	degli	_	_	_	_	_	linguistic	_	none	_	_	_	_	_	_
633-16	TO033	633	16	studi	studi	_	_	_	_	_	linguistic	_	none	_	_	_	_	_	_
633-17	TO033	633	17	l'	l'	_	_	_	_	_	linguistic	_	none	SpaceAfter=No	_	_	_	_	_
633-18	TO033	633	18	han	han	_	_	_	_	_	linguistic	_	none	_	_	_	_	_	_
633-19	TO033	633	19	fatta	fatta	_	_	_	_	_	linguistic	_	none	_	_	_	_	_	_
633-20	TO033	633	20	lì	lì	_	_	_	_	_	linguistic	_	none	_	End=1809.492	_	_	_	_
634-0	TO033	634	0	e	e	_	_	_	_	_	linguistic	_	none	_	Begin=1810.024|End=1810.328	_	_	_	_
635-0	TO033	635	0	sì	sì	_	_	_	_	_	linguistic	_	none	_	Begin=1810.886	_	_	_	_
635-1	TO033	635	1	sicuramente	sicuramente	_	_	_	_	_	linguistic	_	none	_	_	_	_	_	_
635-2	TO033	635	2	sì	sì	_	_	_	_	_	linguistic	_	none	_	_	_	_	_	_
635-3	TO033	635	3	anche:::	anche	_	_	_	_	_	linguistic	_	none	_	_	4x3	_	_	_
635-4	TO033	635	4	la	la	_	_	_	_	_	linguistic	_	none	_	_	_	_	_	_
635-5	TO033	635	5	famiglia	famiglia	_	_	_	_	_	linguistic	_	none	_	_	_	_	_	_
635-6	TO033	635	6	e	e	_	_	_	_	_	linguistic	_	none	_	_	_	_	_	_
635-7	TO033	635	7	quindi	quindi	_	_	_	_	_	linguistic	_	none	_	_	_	_	_	_
635-8	TO033	635	8	la	la	_	_	_	_	_	linguistic	_	none	_	_	_	_	_	_
635-9	TO033	635	9	provenie[nza	provenienza	_	_	_	_	_	linguistic	_	none	_	_	_	_	_	8-11(207)
635-10	TO033	635	10	socia]le	sociale	_	_	_	_	_	linguistic	_	none	_	End=1815.612	_	_	_	0-5(207)
636-0	TO029	636	0	[il	il	_	_	_	_	_	linguistic	_	none	_	Begin=1814.496	_	_	_	0-2(207)
636-1	TO029	636	1	loro	loro	_	_	_	_	_	linguistic	_	none	_	_	_	_	_	0-4(207)
636-2	TO029	636	2	modo]	modo	_	_	_	_	_	linguistic	_	none	_	End=1815.256	_	_	_	0-4(207)
637-0	TO033	637	0	anche	anche	_	_	_	_	_	linguistic	_	none	_	Begin=1815.799	_	_	_	_
637-1	TO033	637	1	xxx	xxx	_	_	_	_	_	unknown	_	none	Syllables=3	_	_	_	_	_
637-2	TO033	637	2	figurati	figurati	_	_	_	_	_	linguistic	_	none	_	_	_	_	_	_
637-3	TO033	637	3	cioè	cioè	_	_	_	_	_	linguistic	_	none	_	_	_	_	_	_
637-4	TO033	637	4	anche	anche	_	_	_	_	_	linguistic	_	none	_	_	_	_	_	_
637-5	TO033	637	5	perché	perché	_	_	_	_	_	linguistic	_	none	_	End=1818.161	_	_	_	_
638-0	TO033	638	0	mari	mari	_	_	_	_	_	linguistic	_	none	_	Begin=1818.672	_	_	_	_
638-1	TO033	638	1	xxx	xxx	_	_	_	_	_	unknown	_	none	Syllables=3	_	_	_	_	_
638-2	TO033	638	2	di	di	_	_	_	_	_	linguistic	_	none	_	_	_	_	_	_
638-3	TO033	638	3	quest'	quest'	_	_	_	_	_	linguistic	_	none	SpaceAfter=No	_	_	_	_	_
638-4	TO033	638	4	anno	anno	_	_	_	_	_	linguistic	_	none	_	_	_	_	_	_
638-5	TO033	638	5	ai	ai	_	_	_	_	_	linguistic	_	none	_	_	_	_	_	_
638-6	TO033	638	6	ragazzi	ragazzi	_	_	_	_	_	linguistic	_	none	_	_	_	_	_	_
638-7	TO033	638	7	italiani	italiani	_	_	_	_	_	linguistic	_	none	_	_	_	_	_	_
638-8	TO033	638	8	che	che	_	_	_	_	_	linguistic	_	none	_	_	_	_	_	_
638-9	TO033	638	9	sono	sono	_	_	_	_	_	linguistic	_	none	_	_	_	_	_	_
638-10	TO033	638	10	venuti	venuti	_	_	_	_	_	linguistic	_	none	_	_	_	_	_	_
638-11	TO033	638	11	in	in	_	_	_	_	_	linguistic	_	none	_	_	_	_	_	_
638-12	TO033	638	12	marocco	marocco	_	_	_	_	_	linguistic	_	none	_	_	_	_	_	_
638-13	TO033	638	13	e	e	_	_	_	_	_	linguistic	_	none	_	_	_	_	_	_
638-14	TO033	638	14	stanno	stanno	_	_	_	_	_	linguistic	_	none	_	_	_	_	_	_
638-15	TO033	638	15	tornando,	tornando	_	_	_	_	_	linguistic	_	none	Intonation=WeaklyRising	_	_	_	_	_
638-16	TO033	638	16	cioè	cioè	_	_	_	_	_	linguistic	_	none	_	_	_	_	_	_
638-17	TO033	638	17	[io	io	_	_	_	_	_	linguistic	_	none	_	_	_	_	_	0-2(208)
638-18	TO033	638	18	li	li	_	_	_	_	_	linguistic	_	none	_	_	_	_	_	0-2(208)
638-19	TO033	638	19	ho	ho	_	_	_	_	_	linguistic	_	none	_	_	_	_	_	0-2(208)
638-20	TO033	638	20	sentiti],	sentiti	_	_	_	_	_	linguistic	_	none	Intonation=WeaklyRising	End=1824.434	_	_	_	0-7(208)
639-0	TO029	639	0	[ah	ah	_	_	_	_	_	linguistic	_	none	_	Begin=1823.471	_	_	_	0-2(208)
639-1	TO029	639	1	è	è	_	_	_	_	_	linguistic	_	none	_	_	_	_	_	0-1(208)
639-2	TO029	639	2	vero	vero	_	_	_	_	_	linguistic	_	none	_	_	_	_	_	0-4(208)
639-3	TO029	639	3	loro?	loro	_	_	_	_	_	linguistic	_	none	Intonation=Rising	_	_	_	_	0-4(208)
639-4	TO029	639	4	come]	come	_	_	_	_	_	linguistic	_	none	_	_	_	_	_	0-4(208)
639-5	TO029	639	5	stan[no]?	stanno	_	_	_	_	_	linguistic	_	none	Intonation=Rising	End=1825.0	_	_	_	4-6(209)
640-0	TO033	640	0	[io]	io	_	_	_	_	_	linguistic	_	none	_	Begin=1824.878	_	_	_	0-2(209)
640-1	TO033	640	1	li	li	_	_	_	_	_	linguistic	_	none	_	_	_	_	_	_
640-2	TO033	640	2	ho	ho	_	_	_	_	_	linguistic	_	none	_	_	_	_	_	_
640-3	TO033	640	3	[sen]titi	sentiti	_	_	_	_	_	linguistic	_	none	_	End=1826.071	_	_	_	0-3(210)
641-0	TO029	641	0	[dove	dove	_	_	_	_	_	linguistic	_	none	_	Begin=1825.166	_	_	_	0-4(210)
641-1	TO029	641	1	sono]?	sono	_	_	_	_	_	linguistic	_	none	Intonation=Rising	End=1825.641	_	_	_	0-4(210)
642-0	TO033	642	0	due	due	_	_	_	_	_	linguistic	_	none	_	Begin=1826.704	_	_	_	_
642-1	TO033	642	1	persone	persone	_	_	_	_	_	linguistic	_	none	_	_	_	_	_	_
642-2	TO033	642	2	con	con	_	_	_	_	_	linguistic	_	none	_	_	_	_	_	_
642-3	TO033	642	3	cui	cui	_	_	_	_	_	linguistic	_	none	_	_	_	_	_	_
642-4	TO033	642	4	ho	ho	_	_	_	_	_	linguistic	_	none	_	_	_	_	_	_
642-5	TO033	642	5	parlato	parlato	_	_	_	_	_	linguistic	_	none	_	_	_	_	_	_
642-6	TO033	642	6	si	si	_	_	_	_	_	linguistic	_	none	_	_	_	_	_	_
642-7	TO033	642	7	sono	sono	_	_	_	_	_	linguistic	_	none	_	_	_	_	_	_
642-8	TO033	642	8	saltate	saltate	_	_	_	_	_	linguistic	_	none	_	End=1829.572	_	_	_	_
643-0	TO033	643	0	due	due	_	_	_	_	_	linguistic	_	none	_	Begin=1830.101	_	_	_	_
643-1	TO033	643	1	terzi	terzi	_	_	_	_	_	linguistic	_	none	_	_	_	_	_	_
643-2	TO033	643	2	del	del	_	_	_	_	_	linguistic	_	none	_	_	_	_	_	_
643-3	TO033	643	3	corso	corso	_	_	_	_	_	linguistic	_	none	_	_	_	_	_	_
643-4	TO033	643	4	di	di	_	_	_	_	_	linguistic	_	none	_	_	_	_	_	_
643-5	TO033	643	5	arabo	arabo	_	_	_	_	_	linguistic	_	none	_	_	_	_	_	_
643-6	TO033	643	6	fina::le,	finale	_	_	_	_	_	linguistic	_	none	Intonation=WeaklyRising	End=1832.174	3x2	_	_	_
644-0	TO033	644	0	hanno	hanno	_	_	_	_	_	linguistic	_	none	_	Begin=1832.44	_	_	_	_
644-1	TO033	644	1	chiesto	chiesto	_	_	_	_	_	linguistic	_	none	_	_	_	_	_	_
644-2	TO033	644	2	di	di	_	_	_	_	_	linguistic	_	none	_	_	_	_	_	_
644-3	TO033	644	3	posticipare	posticipare	_	_	_	_	_	linguistic	_	none	_	_	_	_	_	_
644-4	TO033	644	4	i	i	_	_	_	_	_	linguistic	_	none	_	_	_	_	_	_
644-5	TO033	644	5	paper	paper	_	_	_	_	_	linguistic	_	none	_	_	_	_	_	_
644-6	TO033	644	6	di	di	_	_	_	_	_	linguistic	_	none	_	_	_	_	_	_
644-7	TO033	644	7	un	un	_	_	_	_	_	linguistic	_	none	_	_	_	_	_	_
644-8	TO033	644	8	mese	mese	_	_	_	_	_	linguistic	_	none	_	_	_	_	_	_
644-9	TO033	644	9	al	al	_	_	_	_	_	linguistic	_	none	_	_	_	_	_	_
644-10	TO033	644	10	trentun	trentun	_	_	_	_	_	linguistic	_	none	_	_	_	_	_	_
644-11	TO033	644	11	gennaio	gennaio	_	_	_	_	_	linguistic	_	none	_	_	_	_	_	_
644-12	TO033	644	12	che	che	_	_	_	_	_	linguistic	_	none	_	_	_	_	_	_
644-13	TO033	644	13	a	a	_	_	_	_	_	linguistic	_	none	_	_	_	_	_	_
644-14	TO033	644	14	me	me	_	_	_	_	_	linguistic	_	none	_	_	_	_	_	_
644-15	TO033	644	15	hanno	hanno	_	_	_	_	_	linguistic	_	none	_	_	_	_	_	_
644-16	TO033	644	16	chiesto,	chiesto	_	_	_	_	_	linguistic	_	none	Intonation=WeaklyRising	End=1836.496	_	_	_	_
645-0	TO033	645	0	ma	ma	_	_	_	_	_	linguistic	_	none	_	Begin=1836.851	_	_	_	_
645-1	TO033	645	1	voi	voi	_	_	_	_	_	linguistic	_	none	_	_	_	_	_	_
645-2	TO033	645	2	quanti	quanti	_	_	_	_	_	linguistic	_	none	_	_	_	_	_	_
645-3	TO033	645	3	paper	paper	_	_	_	_	_	linguistic	_	none	_	_	_	_	_	_
645-4	TO033	645	4	avevate?	avevate	_	_	_	_	_	linguistic	_	none	Intonation=Rising	_	_	_	_	_
645-5	TO033	645	5	io	io	_	_	_	_	_	linguistic	_	none	_	_	_	_	_	_
645-6	TO033	645	6	gli	gli	_	_	_	_	_	linguistic	_	none	_	_	_	_	_	_
645-7	TO033	645	7	ho	ho	_	_	_	_	_	linguistic	_	none	_	_	_	_	_	_
645-8	TO033	645	8	fatto	fatto	_	_	_	_	_	linguistic	_	none	_	_	_	_	_	_
645-9	TO033	645	9	tipo	tipo	_	_	_	_	_	linguistic	_	none	_	_	_	_	_	_
645-10	TO033	645	10	dieci	dieci	_	_	_	_	_	linguistic	_	none	_	_	_	_	_	_
645-11	TO033	645	11	dodici	dodici	_	_	_	_	_	linguistic	_	none	_	End=1840.066	_	_	_	_
646-0	TO033	646	0	a:h	ah	_	_	_	_	_	linguistic	_	none	_	Begin=1840.886|End=1841.257	0x1	_	_	_
647-0	TO033	647	0	e	e	_	_	_	_	_	linguistic	_	none	_	Begin=1841.821	_	_	_	_
647-1	TO033	647	1	e	e	_	_	_	_	_	linguistic	_	none	_	_	_	_	_	_
647-2	TO033	647	2	e	e	_	_	_	_	_	linguistic	_	none	_	_	_	_	_	_
647-3	TO033	647	3	come	come	_	_	_	_	_	linguistic	_	none	_	_	_	_	_	_
647-4	TO033	647	4	avete	avete	_	_	_	_	_	linguistic	_	none	_	_	_	_	_	_
647-5	TO033	647	5	fatto	fatto	_	_	_	_	_	linguistic	_	none	_	_	_	_	_	_
647-6	TO033	647	6	a	a	_	_	_	_	_	linguistic	_	none	_	_	_	_	_	_
647-7	TO033	647	7	finirli?	finirli	_	_	_	_	_	linguistic	_	none	Intonation=Rising	_	_	_	_	_
647-8	TO033	647	8	ma	ma	_	_	_	_	_	linguistic	_	none	_	_	_	_	_	_
647-9	TO033	647	9	sai,	sai	_	_	_	_	_	linguistic	_	none	Intonation=WeaklyRising	_	_	_	_	_
647-10	TO033	647	10	[cioè]	cioè	_	_	_	_	_	linguistic	_	none	_	End=1845.332	_	_	_	0-4(211)
648-0	TO029	648	0	[per]	per	_	_	_	_	_	linguistic	_	none	_	Begin=1844.752	_	_	_	0-3(211)
648-1	TO029	648	1	disperazione	disperazione	_	_	_	_	_	linguistic	_	none	_	End=1845.987	_	_	_	_
649-0	TO033	649	0	ti	ti	_	_	_	_	_	linguistic	_	none	_	Begin=1846.126	_	_	_	_
649-1	TO033	649	1	fai	fai	_	_	_	_	_	linguistic	_	none	_	_	_	_	_	_
649-2	TO033	649	2	il	il	_	_	_	_	_	linguistic	_	none	_	_	_	_	_	_
649-3	TO033	649	3	culo	culo	_	_	_	_	_	linguistic	_	none	_	_	_	_	_	_
649-4	TO033	649	4	come	come	_	_	_	_	_	linguistic	_	none	_	_	_	_	_	_
649-5	TO033	649	5	avete	avete	_	_	_	_	_	linguistic	_	none	_	_	_	_	_	_
649-6	TO033	649	6	fatto	fatto	_	_	_	_	_	linguistic	_	none	_	_	_	_	_	_
649-7	TO033	649	7	cioè	cioè	_	_	_	_	_	linguistic	_	none	_	End=1848.709	_	_	_	_
650-0	TO029	650	0	a	a	_	_	_	_	_	linguistic	_	none	_	Begin=1848.907	_	_	_	_
650-1	TO029	650	1	loro	loro	_	_	_	_	_	linguistic	_	none	_	_	_	_	_	_
650-2	TO029	650	2	invece	invece	_	_	_	_	_	linguistic	_	none	_	_	_	_	_	_
650-3	TO029	650	3	hanno	hanno	_	_	_	_	_	linguistic	_	none	_	_	_	_	_	_
650-4	TO029	650	4	fatto	fatto	_	_	_	_	_	linguistic	_	none	_	_	_	_	_	_
650-5	TO029	650	5	[xxx]	xxx	_	_	_	_	_	unknown	_	none	Syllables=3	End=1850.375	_	_	_	0-3(212)
651-0	TO034	651	0	[piangendo	piangendo	_	_	_	_	_	linguistic	_	none	_	Begin=1849.551	_	_	_	0-9(212)
651-1	TO034	651	1	o]gni	ogni	_	_	_	_	_	linguistic	_	none	_	_	_	_	_	0-1(212)
651-2	TO034	651	2	[gio::rno],	giorno	_	_	_	_	_	linguistic	_	none	Intonation=WeaklyRising	End=1851.255	2x2	_	_	0-6(213)
652-0	TO033	652	0	[no	no	_	_	_	_	_	linguistic	_	none	_	Begin=1850.604	_	_	_	0-2(213)
652-1	TO033	652	1	ma	ma	_	_	_	_	_	linguistic	_	none	_	_	_	_	_	0-2(213)
652-2	TO033	652	2	poi	poi	_	_	_	_	_	linguistic	_	none	_	_	_	_	_	0-3(213)
652-3	TO033	652	3	ca]pito	capito	_	_	_	_	_	linguistic	_	none	_	_	_	_	_	0-2(213)
652-4	TO033	652	4	è	è	_	_	_	_	_	linguistic	_	none	_	_	_	_	_	_
652-5	TO033	652	5	come	come	_	_	_	_	_	linguistic	_	none	_	_	_	_	_	_
652-6	TO033	652	6	sembra	sembra	_	_	_	_	_	linguistic	_	none	_	_	_	_	_	_
652-7	TO033	652	7	che	che	_	_	_	_	_	linguistic	_	none	_	_	_	_	_	_
652-8	TO033	652	8	sia	sia	_	_	_	_	_	linguistic	_	none	_	_	_	_	_	_
652-9	TO033	652	9	tutto	tutto	_	_	_	_	_	linguistic	_	none	_	_	_	_	_	_
652-10	TO033	652	10	così	così	_	_	_	_	_	linguistic	_	none	_	_	_	_	_	_
652-11	TO033	652	11	[molto:::]	molto	_	_	_	_	_	linguistic	_	none	_	End=1854.199	4x3	_	_	0-5(214)
653-0	TO029	653	0	[siamo	siamo	_	_	_	_	_	linguistic	_	none	_	Begin=1853.494	_	_	_	0-5(214)
653-1	TO029	653	1	stati	stati	_	_	_	_	_	linguistic	_	none	_	_	_	_	_	0-5(214)
653-2	TO029	653	2	solo]	solo	_	_	_	_	_	linguistic	_	none	_	_	_	_	_	0-4(214)
653-3	TO029	653	3	noi	noi	_	_	_	_	_	linguistic	_	none	_	End=1854.571	_	_	_	_
654-0	TO034	654	0	ma	ma	_	_	_	_	_	linguistic	_	none	_	Begin=1855.149	_	_	_	_
654-1	TO034	654	1	eh	eh	_	_	_	_	_	linguistic	_	none	_	_	_	_	_	_
654-2	TO034	654	2	che	che	_	_	_	_	_	linguistic	_	none	_	_	_	_	_	_
654-3	TO034	654	3	cazzo	cazzo	_	_	_	_	_	linguistic	_	none	_	_	_	_	_	_
654-4	TO034	654	4	infatti	infatti	_	_	_	_	_	linguistic	_	none	_	_	_	_	_	_
654-5	TO034	654	5	no	no	_	_	_	_	_	linguistic	_	none	_	_	_	_	_	_
654-6	TO034	654	6	poi	poi	_	_	_	_	_	linguistic	_	none	_	_	_	_	_	_
654-7	TO034	654	7	penso	penso	_	_	_	_	_	linguistic	_	none	_	_	_	_	_	_
654-8	TO034	654	8	a	a	_	_	_	_	_	linguistic	_	none	_	_	_	_	_	_
654-9	TO034	654	9	que[lli	quelli	_	_	_	_	_	linguistic	_	none	_	_	_	_	_	3-6(215)
654-10	TO034	654	10	della	della	_	_	_	_	_	linguistic	_	none	_	_	_	_	_	0-5(215)
654-11	TO034	654	11	cosa	cosa	_	_	_	_	_	linguistic	_	none	_	_	_	_	_	0-4(215)
654-12	TO034	654	12	u::no	uno	_	_	_	_	_	linguistic	_	none	_	_	0x2	_	_	0-3(215)
654-13	TO034	654	13	andavano	andavano	_	_	_	_	_	linguistic	_	none	_	_	_	_	_	0-8(215)
654-14	TO034	654	14	ancora	ancora	_	_	_	_	_	linguistic	_	none	_	_	_	_	_	0-6(215)
654-15	TO034	654	15	pe::]ggio	peggio	_	_	_	_	_	linguistic	_	none	_	_	1x2	_	_	0-2(215)
654-16	TO034	654	16	messi::	messi	_	_	_	_	_	linguistic	_	none	_	End=1860.686	4x2	_	_	_
655-0	TO029	655	0	[no	no	_	_	_	_	_	linguistic	_	none	_	Begin=1857.547	_	_	_	0-2(215)
655-1	TO029	655	1	quelli	quelli	_	_	_	_	_	linguistic	_	none	_	_	_	_	_	0-6(215)
655-2	TO029	655	2	del	del	_	_	_	_	_	linguistic	_	none	_	_	_	_	_	0-3(215)
655-3	TO029	655	3	master	master	_	_	_	_	_	linguistic	_	none	_	_	_	_	_	0-6(215)
655-4	TO029	655	4	prima	prima	_	_	_	_	_	linguistic	_	none	_	_	_	_	_	0-5(215)
655-5	TO029	655	5	pure]	pure	_	_	_	_	_	linguistic	_	none	_	End=1859.635	_	_	_	0-4(215)
656-0	TO029	656	0	insomma	insomma	_	_	_	_	_	linguistic	_	none	_	Begin=1862.693	_	_	_	_
656-1	TO029	656	1	magari	magari	_	_	_	_	_	linguistic	_	none	_	_	_	_	_	_
656-2	TO029	656	2	al	al	_	_	_	_	_	linguistic	_	none	_	_	_	_	_	_
656-3	TO029	656	3	decimo	decimo	_	_	_	_	_	linguistic	_	none	_	_	_	_	_	_
656-4	TO029	656	4	alla	alla	_	_	_	_	_	linguistic	_	none	_	_	_	_	_	_
656-5	TO029	656	5	decima	decima	_	_	_	_	_	linguistic	_	none	_	_	_	_	_	_
656-6	TO029	656	6	edizione::	edizione	_	_	_	_	_	linguistic	_	none	_	_	7x2	_	_	_
656-7	TO029	656	7	ne	ne	_	_	_	_	_	linguistic	_	none	_	_	_	_	_	_
656-8	TO029	656	8	verrà	verrà	_	_	_	_	_	linguistic	_	none	_	_	_	_	_	_
656-9	TO029	656	9	fuori	fuori	_	_	_	_	_	linguistic	_	none	_	_	_	_	_	_
656-10	TO029	656	10	qualcosa	qualcosa	_	_	_	_	_	linguistic	_	none	_	_	_	_	_	_
656-11	TO029	656	11	boh	boh	_	_	_	_	_	linguistic	_	none	_	End=1866.812	_	_	_	_
657-0	TO033	657	0	no	no	_	_	_	_	_	linguistic	_	none	_	Begin=1867.186	_	_	_	_
657-1	TO033	657	1	però	però	_	_	_	_	_	linguistic	_	none	_	_	_	_	_	_
657-2	TO033	657	2	hai	hai	_	_	_	_	_	linguistic	_	none	_	_	_	_	_	_
657-3	TO033	657	3	capito	capito	_	_	_	_	_	linguistic	_	none	_	_	_	_	_	_
657-4	TO033	657	4	perché	perché	_	_	_	_	_	linguistic	_	none	_	_	_	_	_	_
657-5	TO033	657	5	comunque	comunque	_	_	_	_	_	linguistic	_	none	_	_	_	_	_	_
657-6	TO033	657	6	cioè	cioè	_	_	_	_	_	linguistic	_	none	_	End=1869.145	_	_	_	_
658-0	TO033	658	0	non:::	non	_	_	_	_	_	linguistic	_	none	_	Begin=1871.102	2x3	_	_	_
658-1	TO033	658	1	cioè	cioè	_	_	_	_	_	linguistic	_	none	_	_	_	_	_	_
658-2	TO033	658	2	poi	poi	_	_	_	_	_	linguistic	_	none	_	_	_	_	_	_
658-3	TO033	658	3	è	è	_	_	_	_	_	linguistic	_	none	_	_	_	_	_	_
658-4	TO033	658	4	solo	solo	_	_	_	_	_	linguistic	_	none	_	_	_	_	_	_
658-5	TO033	658	5	la	la	_	_	_	_	_	linguistic	_	none	_	_	_	_	_	_
658-6	TO033	658	6	rossi	rossi	_	_	_	_	_	linguistic	_	none	_	_	_	_	_	_
658-7	TO033	658	7	hai	hai	_	_	_	_	_	linguistic	_	none	_	_	_	_	_	_
658-8	TO033	658	8	capito	capito	_	_	_	_	_	linguistic	_	none	_	_	_	_	_	_
658-9	TO033	658	9	che:::	che	_	_	_	_	_	linguistic	_	none	_	End=1874.052	2x3	_	_	_
659-0	TO033	659	0	che	che	_	_	_	_	_	linguistic	_	none	_	Begin=1875.322	_	_	_	_
659-1	TO033	659	1	fa	fa	_	_	_	_	_	linguistic	_	none	_	_	_	_	_	_
659-2	TO033	659	2	terrorismo	terrorismo	_	_	_	_	_	linguistic	_	none	_	_	_	_	_	_
659-3	TO033	659	3	psicologico	psicologico	_	_	_	_	_	linguistic	_	none	_	_	_	_	_	_
659-4	TO033	659	4	xx	xx	_	_	_	_	_	unknown	_	none	Syllables=2	_	_	_	_	_
659-5	TO033	659	5	se	se	_	_	_	_	_	linguistic	_	none	_	_	_	_	_	_
659-6	TO033	659	6	si	si	_	_	_	_	_	linguistic	_	none	_	_	_	_	_	_
659-7	TO033	659	7	arriva	arriva	_	_	_	_	_	linguistic	_	none	_	_	_	_	_	_
659-8	TO033	659	8	in	in	_	_	_	_	_	linguistic	_	none	_	_	_	_	_	_
659-9	TO033	659	9	rita::rdo	ritardo	_	_	_	_	_	linguistic	_	none	_	_	3x2	_	_	_
659-10	TO033	659	10	ma	ma	_	_	_	_	_	linguistic	_	none	_	_	_	_	_	_
659-11	TO033	659	11	giuseppe,	giuseppe	_	_	_	_	_	linguistic	_	none	Intonation=WeaklyRising	_	_	_	_	_
659-12	TO033	659	12	ibrahim	ibrahim	_	_	_	_	_	linguistic	_	none	_	_	_	_	_	_
659-13	TO033	659	13	e	e	_	_	_	_	_	linguistic	_	none	_	_	_	_	_	_
659-14	TO033	659	14	lea	lea	_	_	_	_	_	linguistic	_	none	_	_	_	_	_	_
659-15	TO033	659	15	sono	sono	_	_	_	_	_	linguistic	_	none	_	_	_	_	_	_
659-16	TO033	659	16	arrivati	arrivati	_	_	_	_	_	linguistic	_	none	_	_	_	_	_	_
659-17	TO033	659	17	in	in	_	_	_	_	_	linguistic	_	none	_	_	_	_	_	_
659-18	TO033	659	18	ritardo	ritardo	_	_	_	_	_	linguistic	_	none	_	_	_	_	_	_
659-19	TO033	659	19	per	per	_	_	_	_	_	linguistic	_	none	PauseAfter=Yes	_	_	_	_	_
659-20	TO033	659	20	(.)	(.)	_	_	_	_	_	shortpause	_	none	_	_	_	_	_	_
659-21	TO033	659	21	tre	tre	_	_	_	_	_	linguistic	_	none	_	_	_	_	_	_
659-22	TO033	659	22	mesi	mesi	_	_	_	_	_	linguistic	_	none	_	_	_	_	_	_
659-23	TO033	659	23	cioè	cioè	_	_	_	_	_	linguistic	_	none	_	_	_	_	_	_
659-24	TO033	659	24	sono	sono	_	_	_	_	_	linguistic	_	none	_	_	_	_	_	_
659-25	TO033	659	25	arrivati	arrivati	_	_	_	_	_	linguistic	_	none	_	_	_	_	_	_
659-26	TO033	659	26	in	in	_	_	_	_	_	linguistic	_	none	_	_	_	_	_	_
659-27	TO033	659	27	ritardo:::	ritardo	_	_	_	_	_	linguistic	_	none	_	End=1884.172	6x3	_	_	_
660-0	TO033	660	0	di	di	_	_	_	_	_	linguistic	_	none	_	Begin=1884.856	_	_	_	_
660-1	TO033	660	1	un'	un'	_	_	_	_	_	linguistic	_	none	SpaceAfter=No	_	_	_	_	_
660-2	TO033	660	2	or[a:::]	ora	_	_	_	_	_	linguistic	_	none	_	End=1885.665	2x3	_	_	1-3(216)
661-0	TO029	661	0	[se::]mpre	sempre	_	_	_	_	_	linguistic	_	none	_	Begin=1885.417|End=1885.994	1x2	_	_	0-2(216)
662-0	TO033	662	0	al:::	al	_	_	_	_	_	linguistic	_	none	_	Begin=1886.203	1x3	_	_	_
662-1	TO033	662	1	[xxx]	xxx	_	_	_	_	_	unknown	_	none	Syllables=3	End=1887.731	_	_	_	0-3(217)
663-0	TO034	663	0	[ibrahim]	ibrahim	_	_	_	_	_	linguistic	_	none	_	Begin=1887.344	_	_	_	0-7(217)
663-1	TO034	663	1	non	non	_	_	_	_	_	linguistic	_	none	_	_	_	_	_	_
663-2	TO034	663	2	ha	ha	_	_	_	_	_	linguistic	_	none	_	_	_	_	_	_
663-3	TO034	663	3	fatto	fatto	_	_	_	_	_	linguistic	_	none	_	_	_	_	_	_
663-4	TO034	663	4	il	il	_	_	_	_	_	linguistic	_	none	_	_	_	_	_	_
663-5	TO034	663	5	corso	corso	_	_	_	_	_	linguistic	_	none	_	_	_	_	_	_
663-6	TO034	663	6	di	di	_	_	_	_	_	linguistic	_	none	_	_	_	_	_	_
663-7	TO034	663	7	[a:::rabo::]	arabo	_	_	_	_	_	linguistic	_	none	_	End=1889.326	0x3,4x2	_	_	0-5(218)
664-0	TO033	664	0	[ibrahim	ibrahim	_	_	_	_	_	linguistic	_	none	_	Begin=1888.864	_	_	_	0-7(218)
664-1	TO033	664	1	non	non	_	_	_	_	_	linguistic	_	none	_	_	_	_	_	0-3(218)
664-2	TO033	664	2	ha	ha	_	_	_	_	_	linguistic	_	none	_	_	_	_	_	0-2(218)
664-3	TO033	664	3	fa]tto	fatto	_	_	_	_	_	linguistic	_	none	_	_	_	_	_	0-2(218)
664-4	TO033	664	4	il	il	_	_	_	_	_	linguistic	_	none	_	_	_	_	_	_
664-5	TO033	664	5	corso	corso	_	_	_	_	_	linguistic	_	none	_	_	_	_	_	_
664-6	TO033	664	6	di	di	_	_	_	_	_	linguistic	_	none	_	_	_	_	_	_
664-7	TO033	664	7	arabo	arabo	_	_	_	_	_	linguistic	_	none	_	_	_	_	_	_
664-8	TO033	664	8	e	e	_	_	_	_	_	linguistic	_	none	_	_	_	_	_	_
664-9	TO033	664	9	non	non	_	_	_	_	_	linguistic	_	none	_	_	_	_	_	_
664-10	TO033	664	10	ha	ha	_	_	_	_	_	linguistic	_	none	_	_	_	_	_	_
664-11	TO033	664	11	dato	dato	_	_	_	_	_	linguistic	_	none	_	_	_	_	_	_
664-12	TO033	664	12	l'	l'	_	_	_	_	_	linguistic	_	none	SpaceAfter=No	_	_	_	_	_
664-13	TO033	664	13	esame	esame	_	_	_	_	_	linguistic	_	none	_	_	_	_	_	_
664-14	TO033	664	14	in	in	_	_	_	_	_	linguistic	_	none	_	_	_	_	_	_
664-15	TO033	664	15	ita::lia	italia	_	_	_	_	_	linguistic	_	none	_	_	2x2	_	_	_
664-16	TO033	664	16	cioè	cioè	_	_	_	_	_	linguistic	_	none	_	_	_	_	_	_
664-17	TO033	664	17	[xxx]	xxx	_	_	_	_	_	unknown	_	none	Syllables=3	End=1892.392	_	_	_	0-3(219)
665-0	TO034	665	0	[però]	però	_	_	_	_	_	linguistic	_	none	_	Begin=1892.158	_	_	_	0-4(219)
665-1	TO034	665	1	hanno	hanno	_	_	_	_	_	linguistic	_	none	_	_	_	_	_	_
665-2	TO034	665	2	detto	detto	_	_	_	_	_	linguistic	_	none	_	_	_	_	_	_
665-3	TO034	665	3	che	che	_	_	_	_	_	linguistic	_	none	_	_	_	_	_	_
665-4	TO034	665	4	non	non	_	_	_	_	_	linguistic	_	none	_	_	_	_	_	_
665-5	TO034	665	5	è	è	_	_	_	_	_	linguistic	_	none	_	_	_	_	_	_
665-6	TO034	665	6	un	un	_	_	_	_	_	linguistic	_	none	_	_	_	_	_	_
665-7	TO034	665	7	problema:	problema	_	_	_	_	_	linguistic	_	none	_	End=1893.984	7x1	_	_	_
666-0	TO033	666	0	cioè	cioè	_	_	_	_	_	linguistic	_	none	_	Begin=1894.785	_	_	_	_
666-1	TO033	666	1	alla	alla	_	_	_	_	_	linguistic	_	none	_	_	_	_	_	_
666-2	TO033	666	2	fine	fine	_	_	_	_	_	linguistic	_	none	_	_	_	_	_	_
666-3	TO033	666	3	[mari	mari	_	_	_	_	_	linguistic	_	none	_	_	_	_	_	0-4(220)
666-4	TO033	666	4	siamo	siamo	_	_	_	_	_	linguistic	_	none	_	_	_	_	_	0-5(220)
666-5	TO033	666	5	noi]	noi	_	_	_	_	_	linguistic	_	none	_	_	_	_	_	0-3(220)
666-6	TO033	666	6	fesse	fesse	_	_	_	_	_	linguistic	_	none	_	End=1897.001	_	_	_	_
667-0	TO029	667	0	[siamo	siamo	_	_	_	_	_	linguistic	_	none	_	Begin=1895.196	_	_	_	0-5(220)
667-1	TO029	667	1	stati	stati	_	_	_	_	_	linguistic	_	none	_	_	_	_	_	0-5(220)
667-2	TO029	667	2	no:::i]	noi	_	_	_	_	_	linguistic	_	none	_	End=1896.46	1x3	_	_	0-3(220)
668-0	TO034	668	0	ma	ma	_	_	_	_	_	linguistic	_	none	_	Begin=1897.151	_	_	_	_
668-1	TO034	668	1	io	io	_	_	_	_	_	linguistic	_	none	_	_	_	_	_	_
668-2	TO034	668	2	infatti	infatti	_	_	_	_	_	linguistic	_	none	_	_	_	_	_	_
668-3	TO034	668	3	mo	mo	_	_	_	_	_	linguistic	_	none	_	_	_	_	_	_
668-4	TO034	668	4	che	che	_	_	_	_	_	linguistic	_	none	_	_	_	_	_	_
668-5	TO034	668	5	to::rno	torno	_	_	_	_	_	linguistic	_	none	_	End=1898.504	1x2	_	_	_
669-0	TO034	669	0	ma	ma	_	_	_	_	_	linguistic	_	none	_	Begin=1899.597	_	_	_	_
669-1	TO034	669	1	proprio	proprio	_	_	_	_	_	linguistic	_	none	_	_	_	_	_	_
669-2	TO034	669	2	non	non	_	_	_	_	_	linguistic	_	none	_	_	_	_	_	_
669-3	TO034	669	3	ho	ho	_	_	_	_	_	linguistic	_	none	_	_	_	_	_	_
669-4	TO034	669	4	intenzione	intenzione	_	_	_	_	_	linguistic	_	none	_	_	_	_	_	_
669-5	TO034	669	5	di	di	_	_	_	_	_	linguistic	_	none	_	_	_	_	_	_
669-6	TO034	669	6	esaurirmi	esaurirmi	_	_	_	_	_	linguistic	_	none	_	End=1901.856	_	_	_	_
670-0	TO029	670	0	ci	ci	_	_	_	_	_	linguistic	_	none	_	Begin=1903.169	_	_	_	_
670-1	TO029	670	1	incamminiamo?	incamminiamo	_	_	_	_	_	linguistic	_	none	Intonation=Rising	End=1904.031	_	_	_	_
