token_id	speaker	tu_id	unit	id	span	form	lemma	upos	xpos	feats	deprel	type	meta_label	variation	jefferson_feats	align	prolongations	pace	guesses	overlaps
0-0	BO034	0	0	0	°buongiorno.°	buongiorno	_	_	_	_	_	linguistic	_	none	Intonation=Falling|Volume=low	Begin=7.81|End=8.277	_	_	_	_
1-0	BO026	1	1	0	noi	noi	_	_	_	_	_	linguistic	_	none	_	Begin=8.277	_	_	_	_
1-1	BO026	1	1	1	ci	ci	_	_	_	_	_	linguistic	_	none	_	_	_	_	_	_
1-2	BO026	1	1	2	siamo	siamo	_	_	_	_	_	linguistic	_	none	_	_	_	_	_	_
1-3	BO026	1	1	3	viste::	viste	_	_	_	_	_	linguistic	_	none	_	End=9.808	4x2	_	_	_
2-0	BO034	2	2	0	sì	sì	_	_	_	_	_	linguistic	_	none	_	Begin=9.808	_	_	_	_
2-1	BO034	2	2	1	ero	ero	_	_	_	_	_	linguistic	_	none	_	_	_	_	_	_
2-2	BO034	2	2	2	venuta	venuta	_	_	_	_	_	linguistic	_	none	_	_	_	_	_	_
2-3	BO034	2	2	3	ci[rca]:	circa	_	_	_	_	_	linguistic	_	none	_	_	4x1	_	_	2-5(0)
2-4	BO034	2	2	4	un	un	_	_	_	_	_	linguistic	_	none	_	_	_	_	_	_
2-5	BO034	2	2	5	mese	mese	_	_	_	_	_	linguistic	_	none	_	_	_	_	_	_
2-6	BO034	2	2	6	e	e	_	_	_	_	_	linguistic	_	none	_	_	_	_	_	_
2-7	BO034	2	2	7	mezzo	mezzo	_	_	_	_	_	linguistic	_	none	_	_	_	_	_	_
2-8	BO034	2	2	8	fa,	fa	_	_	_	_	_	linguistic	_	none	Intonation=WeaklyRising	End=12.232	_	_	_	_
3-0	BO026	3	3	0	[°ah.°]	ah	_	_	_	_	_	linguistic	_	none	Intonation=Falling|Volume=low	Begin=10.771|End=10.971	_	_	_	0-2(0)
4-0	BO026	4	4	0	sì.	sì	_	_	_	_	_	linguistic	_	none	Intonation=Falling	Begin=12.295|End=12.679	_	_	_	_
5-0	BO034	5	5	0	per	per	_	_	_	_	_	linguistic	_	none	_	Begin=12.679	_	_	_	_
5-1	BO034	5	5	1	chiedere	chiedere	_	_	_	_	_	linguistic	_	none	_	_	_	_	_	_
5-2	BO034	5	5	2	appunto::	appunto	_	_	_	_	_	linguistic	_	none	_	End=14.22	6x2	_	_	_
6-0	BO034	6	6	0	mh	mh	_	_	_	_	_	linguistic	_	none	_	Begin=14.788	_	_	_	_
6-1	BO034	6	6	1	mh	mh	_	_	_	_	_	linguistic	_	none	_	_	_	_	_	_
6-2	BO034	6	6	2	se	se	_	_	_	_	_	linguistic	_	none	_	_	_	_	_	_
6-3	BO034	6	6	3	mi	mi	_	_	_	_	_	linguistic	_	none	_	_	_	_	_	_
6-4	BO034	6	6	4	può	può	_	_	_	_	_	linguistic	_	none	_	_	_	_	_	_
6-5	BO034	6	6	5	fare	fare	_	_	_	_	_	linguistic	_	none	_	_	_	_	_	_
6-6	BO034	6	6	6	da:	da	_	_	_	_	_	linguistic	_	none	_	_	1x1	_	_	_
6-7	BO034	6	6	7	relatrice	relatrice	_	_	_	_	_	linguistic	_	none	_	_	_	_	_	_
6-8	BO034	6	6	8	per	per	_	_	_	_	_	linguistic	_	none	_	_	_	_	_	_
6-9	BO034	6	6	9	la	la	_	_	_	_	_	linguistic	_	none	_	_	_	_	_	_
6-10	BO034	6	6	10	tesi.	tesi	_	_	_	_	_	linguistic	_	none	Intonation=Falling	End=17.922	_	_	_	_
7-0	BO034	7	7	0	allora,	allora	_	_	_	_	_	linguistic	_	none	Intonation=WeaklyRising	Begin=18.296|End=18.9	_	_	_	_
8-0	BO026	8	8	0	dipende	dipende	_	_	_	_	_	linguistic	_	none	_	Begin=19.116	_	_	_	_
8-1	BO026	8	8	1	da	da	_	_	_	_	_	linguistic	_	none	_	_	_	_	_	_
8-2	BO026	8	8	2	quand[o].	quando	_	_	_	_	_	linguistic	_	none	Intonation=Falling	End=20.088	_	_	_	5-6(1)
9-0	BO034	9	9	0	[eh]	eh	_	_	_	_	_	linguistic	_	none	_	Begin=19.998	_	_	_	0-2(1)
9-1	BO034	9	9	1	la	la	_	_	_	_	_	linguistic	_	none	_	_	_	_	_	_
9-2	BO034	9	9	2	mia	mia	_	_	_	_	_	linguistic	_	none	_	_	_	_	_	_
9-3	BO034	9	9	3	intenzione	intenzione	_	_	_	_	_	linguistic	_	none	_	_	_	_	_	_
9-4	BO034	9	9	4	sarebbe	sarebbe	_	_	_	_	_	linguistic	_	none	_	_	_	_	_	_
9-5	BO034	9	9	5	di	di	_	_	_	_	_	linguistic	_	none	_	_	_	_	_	_
9-6	BO034	9	9	6	laurearmi	laurearmi	_	_	_	_	_	linguistic	_	none	_	_	_	_	_	_
9-7	BO034	9	9	7	a	a	_	_	_	_	_	linguistic	_	none	_	_	_	_	_	_
9-8	BO034	9	9	8	marzo.	marzo	_	_	_	_	_	linguistic	_	none	Intonation=Falling	End=22.125	_	_	_	_
10-0	BO034	10	10	0	il	il	_	_	_	_	_	linguistic	_	none	_	Begin=22.396	_	_	_	_
10-1	BO034	10	10	1	mese	mese	_	_	_	_	_	linguistic	_	none	_	_	_	_	_	_
10-2	BO034	10	10	2	[scor~]	scor~	_	_	_	_	_	linguistic	_	none	Interrupted=Yes	End=23.06	_	_	_	0-5(2)
11-0	BO026	11	11	0	[tutti]	tutti	_	_	_	_	_	linguistic	_	none	_	Begin=22.745	_	_	_	0-5(2)
11-1	BO026	11	11	1	a	a	_	_	_	_	_	linguistic	_	none	_	_	_	_	_	_
11-2	BO026	11	11	2	marzo	marzo	_	_	_	_	_	linguistic	_	none	_	_	_	_	_	_
11-3	BO026	11	11	3	in[fatti].	infatti	_	_	_	_	_	linguistic	_	none	Intonation=Falling	End=24.353	_	_	_	2-7(3)
12-0	BO034	12	12	0	[sì:]	sì	_	_	_	_	_	linguistic	_	none	_	Begin=23.84	1x1	_	_	0-2(3)
12-1	BO034	12	12	1	lo	lo	_	_	_	_	_	linguistic	_	none	_	_	_	_	_	_
12-2	BO034	12	12	2	scorso	scorso	_	_	_	_	_	linguistic	_	none	_	_	_	_	_	_
12-3	BO034	12	12	3	mese	mese	_	_	_	_	_	linguistic	_	none	_	_	_	_	_	_
12-4	BO034	12	12	4	mi	mi	_	_	_	_	_	linguistic	_	none	_	_	_	_	_	_
12-5	BO034	12	12	5	aveva	aveva	_	_	_	_	_	linguistic	_	none	_	_	_	_	_	_
12-6	BO034	12	12	6	detto	detto	_	_	_	_	_	linguistic	_	none	_	_	_	_	_	_
12-7	BO034	12	12	7	che	che	_	_	_	_	_	linguistic	_	none	_	_	_	_	_	_
12-8	BO034	12	12	8	era	era	_	_	_	_	_	linguistic	_	none	_	_	_	_	_	_
12-9	BO034	12	12	9	piena,	piena	_	_	_	_	_	linguistic	_	none	Intonation=WeaklyRising	End=26.405	_	_	_	_
13-0	BO026	13	13	0	mh.	mh	_	_	_	_	_	linguistic	_	none	Intonation=Falling	Begin=26.47|End=26.751	_	_	_	_
14-0	BO034	14	14	0	però	però	_	_	_	_	_	linguistic	_	none	_	Begin=27.3	_	_	_	_
14-1	BO034	14	14	1	m:h	mh	_	_	_	_	_	linguistic	_	none	_	_	0x1	_	_	_
14-2	BO034	14	14	2	io	io	_	_	_	_	_	linguistic	_	none	_	_	_	_	_	_
14-3	BO034	14	14	3	so	so	_	_	_	_	_	linguistic	_	none	_	_	_	_	_	_
14-4	BO034	14	14	4	che	che	_	_	_	_	_	linguistic	_	none	_	_	_	_	_	_
14-5	BO034	14	14	5	una	una	_	_	_	_	_	linguistic	_	none	_	_	_	_	_	_
14-6	BO034	14	14	6	mia	mia	_	_	_	_	_	linguistic	_	none	_	_	_	_	_	_
14-7	BO034	14	14	7	collega:	collega	_	_	_	_	_	linguistic	_	none	_	End=29.64	6x1	_	_	_
15-0	BO034	15	15	0	a:	a	_	_	_	_	_	linguistic	_	none	ProsodicLink=Yes	Begin=29.718	0x1	_	_	_
15-1	BO034	15	15	1	le	le	_	_	_	_	_	linguistic	_	none	_	_	_	_	_	_
15-2	BO034	15	15	2	ha	ha	_	_	_	_	_	linguistic	_	none	_	_	_	_	_	_
15-3	BO034	15	15	3	scritto	scritto	_	_	_	_	_	linguistic	_	none	_	_	_	_	_	_
15-4	BO034	15	15	4	dicendole	dicendole	_	_	_	_	_	linguistic	_	none	_	_	_	_	_	_
15-5	BO034	15	15	5	che	che	_	_	_	_	_	linguistic	_	none	_	_	_	_	_	_
15-6	BO034	15	15	6	no:n	non	_	_	_	_	_	linguistic	_	none	ProsodicLink=Yes	_	1x1	_	_	_
15-7	BO034	15	15	7	m:h	mh	_	_	_	_	_	linguistic	_	none	_	_	0x1	_	_	_
15-8	BO034	15	15	8	che	che	_	_	_	_	_	linguistic	_	none	_	_	_	_	_	_
15-9	BO034	15	15	9	praticamente	praticamente	_	_	_	_	_	linguistic	_	none	PauseAfter=Yes	_	_	_	_	_
15-10	BO034	15	15	10	{P}	{P}	_	_	_	_	_	shortpause	_	none	_	_	_	_	_	_
15-11	BO034	15	15	11	h[a	ha	_	_	_	_	_	linguistic	_	none	_	_	_	_	_	1-2(4)
15-12	BO034	15	15	12	trovat]o	trovato	_	_	_	_	_	linguistic	_	none	_	_	_	_	_	0-6(4)
15-13	BO034	15	15	13	un'	un'	_	_	_	_	_	linguistic	_	none	SpaceAfter=No	_	_	_	_	_
15-14	BO034	15	15	14	altra	altra	_	_	_	_	_	linguistic	_	none	_	_	_	_	_	_
15-15	BO034	15	15	15	re~	re~	_	_	_	_	_	linguistic	_	none	Interrupted=Yes|PauseAfter=Yes	_	_	_	_	_
15-16	BO034	15	15	16	{P}	{P}	_	_	_	_	_	shortpause	_	none	_	_	_	_	_	_
15-17	BO034	15	15	17	un'	un'	_	_	_	_	_	linguistic	_	none	SpaceAfter=No	_	_	_	_	_
15-18	BO034	15	15	18	altra	altra	_	_	_	_	_	linguistic	_	none	_	_	_	_	_	4-5(5)
15-19	BO034	15	15	19	[relatric(e)],	relatrice	_	_	_	_	_	linguistic	_	none	Intonation=WeaklyRising	End=35.708	_	_	6-8(0)	0-9(5)
16-0	BO026	16	16	0	[ah	ah	_	_	_	_	_	linguistic	_	none	_	Begin=33.61	_	_	_	0-2(4)
16-1	BO026	16	16	1	sì].	sì	_	_	_	_	_	linguistic	_	none	Intonation=Falling	End=33.99	_	_	_	0-2(4)
17-0	BO026	17	17	0	[ah	ah	_	_	_	_	_	linguistic	_	none	_	Begin=34.946	_	_	_	0-2(5)
17-1	BO026	17	17	1	quindi	quindi	_	_	_	_	_	linguistic	_	none	_	_	_	_	_	0-6(5)
17-2	BO026	17	17	2	l]ei	lei	_	_	_	_	_	linguistic	_	none	_	_	_	_	_	0-1(5)
17-3	BO026	17	17	3	subito	subito	_	_	_	_	_	linguistic	_	none	_	_	_	_	_	_
17-4	BO026	17	17	4	la	la	_	_	_	_	_	linguistic	_	none	_	_	_	_	_	_
17-5	BO026	17	17	5	sostituisce?	sostituisce	_	_	_	_	_	linguistic	_	none	Intonation=Rising	End=37.106	_	_	_	_
18-0	BO034	18	18	0	no	no	_	_	_	_	_	linguistic	_	none	_	Begin=37.102	_	_	_	_
18-1	BO034	18	18	1	e	e	_	_	_	_	_	linguistic	_	none	_	_	_	_	_	_
18-2	BO034	18	18	2	quindi	quindi	_	_	_	_	_	linguistic	_	none	_	_	_	_	_	_
18-3	BO034	18	18	3	no	no	_	_	_	_	_	linguistic	_	none	_	_	_	_	_	_
18-4	BO034	18	18	4	perché	perché	_	_	_	_	_	linguistic	_	none	_	_	_	_	_	_
18-5	BO034	18	18	5	avevo	avevo	_	_	_	_	_	linguistic	_	none	_	_	_	_	_	_
18-6	BO034	18	18	6	{ride}	{ride}	_	_	_	_	_	nonverbalbehavior	_	none	_	_	_	_	_	_
18-7	BO034	18	18	7	sono	sono	_	_	_	_	_	linguistic	_	none	_	_	_	_	_	_
18-8	BO034	18	18	8	venuta	venuta	_	_	_	_	_	linguistic	_	none	_	_	_	_	_	_
18-9	BO034	18	18	9	a	a	_	_	_	_	_	linguistic	_	none	_	_	_	_	_	_
18-10	BO034	18	18	10	conoscenza	conoscenza	_	_	_	_	_	linguistic	_	none	_	_	_	_	_	_
18-11	BO034	18	18	11	e	e	_	_	_	_	_	linguistic	_	none	_	_	_	_	_	_
18-12	BO034	18	18	12	ho	ho	_	_	_	_	_	linguistic	_	none	_	_	_	_	_	_
18-13	BO034	18	18	13	detto	detto	_	_	_	_	_	linguistic	_	none	_	_	_	_	_	_
18-14	BO034	18	18	14	se	se	_	_	_	_	_	linguistic	_	none	_	_	_	_	_	_
18-15	BO034	18	18	15	era	era	_	_	_	_	_	linguistic	_	none	_	_	_	_	_	_
18-16	BO034	18	18	16	<possibi[le:>]	possibile	_	_	_	_	_	linguistic	_	none	_	End=41.891	8x1	Slow=0-9(0)	_	7-9(?)
19-0	BO026	19	19	0	[è]	è	_	_	_	_	_	linguistic	_	none	_	Begin=41.665	_	_	_	0-1(?)
19-1	BO026	19	19	1	vero	vero	_	_	_	_	_	linguistic	_	none	_	_	_	_	_	_
19-2	BO026	19	19	2	è	è	_	_	_	_	_	linguistic	_	none	_	_	_	_	_	_
19-3	BO026	19	19	3	vero	vero	_	_	_	_	_	linguistic	_	none	_	_	_	_	_	_
19-4	BO026	19	19	4	l'	l'	_	_	_	_	_	linguistic	_	none	SpaceAfter=No	_	_	_	_	_
19-5	BO026	19	19	5	ho	ho	_	_	_	_	_	linguistic	_	none	_	_	_	_	_	_
19-6	BO026	19	19	6	ricevuta	ricevuta	_	_	_	_	_	linguistic	_	none	_	_	_	_	_	_
19-7	BO026	19	19	7	due	due	_	_	_	_	_	linguistic	_	none	_	_	_	_	_	_
19-8	BO026	19	19	8	giorni	giorni	_	_	_	_	_	linguistic	_	none	_	_	_	_	_	_
19-9	BO026	19	19	9	fa	fa	_	_	_	_	_	linguistic	_	none	_	_	_	_	_	_
19-10	BO026	19	19	10	la	la	_	_	_	_	_	linguistic	_	none	_	_	_	_	_	_
19-11	BO026	19	19	11	mail	mail	_	_	_	_	_	linguistic	_	none	_	_	_	_	_	_
19-12	BO026	19	19	12	in	in	_	_	_	_	_	linguistic	_	none	_	_	_	_	_	_
19-13	BO026	19	19	13	cui	cui	_	_	_	_	_	linguistic	_	none	_	_	_	_	_	_
19-14	BO026	19	19	14	siccome	siccome	_	_	_	_	_	linguistic	_	none	_	_	_	_	_	_
19-15	BO026	19	19	15	non	non	_	_	_	_	_	linguistic	_	none	_	_	_	_	_	_
19-16	BO026	19	19	16	riusciva	riusciva	_	_	_	_	_	linguistic	_	none	_	_	_	_	_	_
19-17	BO026	19	19	17	a:	a	_	_	_	_	_	linguistic	_	none	_	End=46.85	0x1	_	_	_
20-0	BO034	20	20	0	esatto.	esatto	_	_	_	_	_	linguistic	_	none	Intonation=Falling	Begin=46.842|End=47.462	_	_	_	_
21-0	BO026	21	21	0	ad	ad	_	_	_	_	_	linguistic	_	none	_	Begin=47.464	_	_	_	_
21-1	BO026	21	21	1	accordarsi	accordarsi	_	_	_	_	_	linguistic	_	none	_	_	_	_	_	_
21-2	BO026	21	21	2	con	con	_	_	_	_	_	linguistic	_	none	_	_	_	_	_	_
21-3	BO026	21	21	3	una	una	_	_	_	_	_	linguistic	_	none	_	_	_	_	_	_
21-4	BO026	21	21	4	scuola	scuola	_	_	_	_	_	linguistic	_	none	_	_	_	_	_	_
21-5	BO026	21	21	5	quindi	quindi	_	_	_	_	_	linguistic	_	none	_	_	_	_	_	_
21-6	BO026	21	21	6	l~	l~	_	_	_	_	_	linguistic	_	none	Interrupted=Yes	_	_	_	_	_
21-7	BO026	21	21	7	quindi	quindi	_	_	_	_	_	linguistic	_	none	_	_	_	_	_	_
21-8	BO026	21	21	8	c'	c'	_	_	_	_	_	linguistic	_	none	SpaceAfter=No	_	_	_	_	_
21-9	BO026	21	21	9	è	è	_	_	_	_	_	linguistic	_	none	_	_	_	_	_	_
21-10	BO026	21	21	10	già	già	_	_	_	_	_	linguistic	_	none	_	_	_	_	_	_
21-11	BO026	21	21	11	chi	chi	_	_	_	_	_	linguistic	_	none	_	_	_	_	_	_
21-12	BO026	21	21	12	la	la	_	_	_	_	_	linguistic	_	none	_	_	_	_	_	_
21-13	BO026	21	21	13	sostitui[sce].	sostituisce	_	_	_	_	_	linguistic	_	none	Intonation=Falling	End=51.268	_	_	_	7-11(9)
22-0	BO034	22	22	0	[no]	no	_	_	_	_	_	linguistic	_	none	_	Begin=50.99	_	_	_	0-2(9)
22-1	BO034	22	22	1	no	no	_	_	_	_	_	linguistic	_	none	_	_	_	_	_	_
22-2	BO034	22	22	2	[sì	sì	_	_	_	_	_	linguistic	_	none	_	_	_	_	_	0-2(10)
22-3	BO034	22	22	3	dico],	dico	_	_	_	_	_	linguistic	_	none	Intonation=WeaklyRising	End=52.51	_	_	_	0-4(10)
23-0	BO026	23	23	0	[>no	no	_	_	_	_	_	linguistic	_	none	_	Begin=51.489	_	Fast=0-2(0)	_	0-2(10)
23-1	BO026	23	23	1	no	no	_	_	_	_	_	linguistic	_	none	_	_	_	Fast=0-2(0)	_	0-2(10)
23-2	BO026	23	23	2	no	no	_	_	_	_	_	linguistic	_	none	_	_	_	Fast=0-2(0)	_	0-2(10)
23-3	BO026	23	23	3	no<	no	_	_	_	_	_	linguistic	_	none	_	_	_	Fast=0-2(0)	_	0-2(10)
23-4	BO026	23	23	4	può]	può	_	_	_	_	_	linguistic	_	none	_	_	_	_	_	0-3(10)
23-5	BO026	23	23	5	es~	es~	_	_	_	_	_	linguistic	_	none	Interrupted=Yes	_	_	_	_	_
23-6	BO026	23	23	6	infatti	infatti	_	_	_	_	_	linguistic	_	none	_	_	_	_	_	_
23-7	BO026	23	23	7	la:	la	_	_	_	_	_	linguistic	_	none	_	_	1x1	_	_	_
23-8	BO026	23	23	8	la::	la	_	_	_	_	_	linguistic	_	none	_	_	1x2	_	_	_
23-9	BO026	23	23	9	[come	come	_	_	_	_	_	linguistic	_	none	_	_	_	_	_	0-4(11)
23-10	BO026	23	23	10	si	si	_	_	_	_	_	linguistic	_	none	_	_	_	_	_	0-2(11)
23-11	BO026	23	23	11	chiama	chiama	_	_	_	_	_	linguistic	_	none	_	_	_	_	_	0-6(11)
23-12	BO026	23	23	12	la	la	_	_	_	_	_	linguistic	_	none	_	_	_	_	_	0-2(11)
23-13	BO026	23	23	13	li~	li~	_	_	_	_	_	linguistic	_	none	Interrupted=Yes	_	_	_	_	0-3(11)
23-14	BO026	23	23	14	licia]:	licia	_	_	_	_	_	linguistic	_	none	_	End=56.338	4x1	_	_	0-5(11)
24-0	BO034	24	24	0	[casualmente	casualmente	_	_	_	_	_	linguistic	_	none	_	Begin=54.461	_	_	_	0-11(11)
24-1	BO034	24	24	1	ci	ci	_	_	_	_	_	linguistic	_	none	_	_	_	_	_	0-2(11)
24-2	BO034	24	24	2	siamo	siamo	_	_	_	_	_	linguistic	_	none	_	_	_	_	_	0-5(11)
24-3	BO034	24	24	3	messe	messe	_	_	_	_	_	linguistic	_	none	_	_	_	_	_	0-5(11)
24-4	BO034	24	24	4	a	a	_	_	_	_	_	linguistic	_	none	_	_	_	_	_	0-1(11)
24-5	BO034	24	24	5	pa~]	pa~	_	_	_	_	_	linguistic	_	none	Interrupted=Yes	End=56.041	_	_	_	0-3(11)
25-0	BO034	25	25	0	sì	sì	_	_	_	_	_	linguistic	_	none	_	Begin=56.341	_	_	_	_
25-1	BO034	25	25	1	licia	licia	_	_	_	_	_	linguistic	_	none	_	_	_	_	_	_
25-2	BO034	25	25	2	gialli.	gialli	_	_	_	_	_	linguistic	_	none	Intonation=Falling	End=57.738	_	_	_	_
26-0	BO026	26	26	0	esatto	esatto	_	_	_	_	_	linguistic	_	none	_	Begin=57.736	_	_	_	_
26-1	BO026	26	26	1	[sì:]	sì	_	_	_	_	_	linguistic	_	none	_	End=58.8	1x1	_	_	0-2(13)
27-0	BO034	27	27	0	[è	è	_	_	_	_	_	linguistic	_	none	_	Begin=58.305	_	_	_	0-1(13)
27-1	BO034	27	27	1	venuto	venuto	_	_	_	_	_	linguistic	_	none	_	_	_	_	_	0-6(13)
27-2	BO034	27	27	2	fu]ori	fuori	_	_	_	_	_	linguistic	_	none	_	_	_	_	_	0-2(13)
27-3	BO034	27	27	3	questo	questo	_	_	_	_	_	linguistic	_	none	_	_	_	_	_	_
27-4	BO034	27	27	4	discorso	discorso	_	_	_	_	_	linguistic	_	none	_	_	_	_	_	_
27-5	BO034	27	27	5	ho	ho	_	_	_	_	_	linguistic	_	none	_	_	_	_	_	_
27-6	BO034	27	27	6	detto	detto	_	_	_	_	_	linguistic	_	none	_	_	_	_	_	_
27-7	BO034	27	27	7	provo	provo	_	_	_	_	_	linguistic	_	none	_	_	_	_	_	_
27-8	BO034	27	27	8	a	a	_	_	_	_	_	linguistic	_	none	_	_	_	_	_	_
27-9	BO034	27	27	9	chiedere	chiedere	_	_	_	_	_	linguistic	_	none	_	_	_	_	_	_
27-10	BO034	27	27	10	SE,	se	_	_	_	_	_	linguistic	_	none	Intonation=WeaklyRising|Volume=high	End=60.951	_	_	_	_
28-0	BO034	28	28	0	è	è	_	_	_	_	_	linguistic	_	none	_	Begin=61.862	_	_	_	_
28-1	BO034	28	28	1	possib[ile]	possibile	_	_	_	_	_	linguistic	_	none	PauseAfter=Yes	_	_	_	_	6-9(14)
28-2	BO034	28	28	2	{P}	{P}	_	_	_	_	_	shortpause	_	none	_	_	_	_	_	_
28-3	BO034	28	28	3	s~	s~	_	_	_	_	_	linguistic	_	none	Interrupted=Yes	_	_	_	_	_
28-4	BO034	28	28	4	se	se	_	_	_	_	_	linguistic	_	none	_	_	_	_	_	_
28-5	BO034	28	28	5	[possibile],	possibile	_	_	_	_	_	linguistic	_	none	Intonation=WeaklyRising	End=63.882	_	_	_	0-9(15)
29-0	BO026	29	29	0	[mh	mh	_	_	_	_	_	linguistic	_	none	_	Begin=62.556	_	_	_	0-2(14)
29-1	BO026	29	29	1	mh].	mh	_	_	_	_	_	linguistic	_	none	Intonation=Falling	End=62.925	_	_	_	0-2(14)
30-0	BO026	30	30	0	[e	e	_	_	_	_	_	linguistic	_	none	_	Begin=63.31	_	_	_	0-1(15)
30-1	BO026	30	30	1	come	come	_	_	_	_	_	linguistic	_	none	_	_	_	_	_	0-4(15)
30-2	BO026	30	30	2	si	si	_	_	_	_	_	linguistic	_	none	_	_	_	_	_	0-2(15)
30-3	BO026	30	30	3	chi]ama	chiama	_	_	_	_	_	linguistic	_	none	_	_	_	_	_	0-3(15)
30-4	BO026	30	30	4	lei?	lei	_	_	_	_	_	linguistic	_	none	Intonation=Rising	End=64.171	_	_	_	_
31-0	BO034	31	31	0	io	io	_	_	_	_	_	linguistic	_	none	_	Begin=64.73	_	_	_	_
31-1	BO034	31	31	1	mi	mi	_	_	_	_	_	linguistic	_	none	_	_	_	_	_	_
31-2	BO034	31	31	2	chiamo	chiamo	_	_	_	_	_	linguistic	_	none	_	_	_	_	_	_
31-3	BO034	31	31	3	rossi	rossi	_	_	_	_	_	linguistic	_	none	_	_	_	_	_	_
31-4	BO034	31	31	4	ilaria.	ilaria	_	_	_	_	_	linguistic	_	none	Intonation=Falling	End=66.161	_	_	_	_
32-0	BO026	32	32	0	ilaria,	ilaria	_	_	_	_	_	linguistic	_	none	Intonation=WeaklyRising	Begin=67.351|End=68.033	_	_	_	_
33-0	BO034	33	33	0	rossi.	rossi	_	_	_	_	_	linguistic	_	none	Intonation=Falling	Begin=68.033|End=68.98	_	_	_	_
34-0	BO026	34	34	0	sì.	sì	_	_	_	_	_	linguistic	_	none	Intonation=Falling	Begin=69.83|End=70.101	_	_	_	_
35-0	BO026	35	35	0	quindi	quindi	_	_	_	_	_	linguistic	_	none	_	Begin=71.0	_	_	_	_
35-1	BO026	35	35	1	in	in	_	_	_	_	_	linguistic	_	none	_	_	_	_	_	_
35-2	BO026	35	35	2	sostituzione	sostituzione	_	_	_	_	_	linguistic	_	none	_	_	_	_	_	_
35-3	BO026	35	35	3	di	di	_	_	_	_	_	linguistic	_	none	PauseAfter=Yes	_	_	_	_	_
35-4	BO026	35	35	4	{P}	{P}	_	_	_	_	_	shortpause	_	none	_	_	_	_	_	_
35-5	BO026	35	35	5	licia.	licia	_	_	_	_	_	linguistic	_	none	Intonation=Falling	End=73.865	_	_	_	_
36-0	BO034	36	36	0	se	se	_	_	_	_	_	linguistic	_	none	_	Begin=73.917	_	_	_	_
36-1	BO034	36	36	1	possib[ile	possibile	_	_	_	_	_	linguistic	_	none	_	_	_	_	_	6-9(16)
36-2	BO034	36	36	2	se	se	_	_	_	_	_	linguistic	_	none	_	_	_	_	_	0-2(16)
36-3	BO034	36	36	3	no]	no	_	_	_	_	_	linguistic	_	none	_	_	_	_	_	0-2(16)
36-4	BO034	36	36	4	m:h	mh	_	_	_	_	_	linguistic	_	none	_	End=76.101	0x1	_	_	_
37-0	BO026	37	37	0	[sì	sì	_	_	_	_	_	linguistic	_	none	_	Begin=74.636	_	_	_	0-2(16)
37-1	BO026	37	37	1	sì].	sì	_	_	_	_	_	linguistic	_	none	Intonation=Falling	End=75.228	_	_	_	0-2(16)
38-0	BO034	38	38	0	okay	okay	_	_	_	_	_	linguistic	_	none	_	Begin=76.525	_	_	_	_
38-1	BO034	38	38	1	grazie.	grazie	_	_	_	_	_	linguistic	_	none	Intonation=Falling	End=77.553	_	_	_	_
39-0	BO026	39	39	0	nel	nel	_	_	_	_	_	linguistic	_	none	_	Begin=78.406	_	_	_	_
39-1	BO026	39	39	1	caso	caso	_	_	_	_	_	linguistic	_	none	_	_	_	_	_	_
39-2	BO026	39	39	2	io,	io	_	_	_	_	_	linguistic	_	none	Intonation=WeaklyRising	End=79.255	_	_	_	_
40-0	BO026	40	40	0	avessi	avessi	_	_	_	_	_	linguistic	_	none	_	Begin=80.26	_	_	_	_
40-1	BO026	40	40	1	temuto	temuto	_	_	_	_	_	linguistic	_	none	_	_	_	_	_	_
40-2	BO026	40	40	2	che,	che	_	_	_	_	_	linguistic	_	none	Intonation=WeaklyRising	End=81.881	_	_	_	_
41-0	BO026	41	41	0	un	un	_	_	_	_	_	linguistic	_	none	_	Begin=84.07	_	_	_	_
41-1	BO026	41	41	1	laureando	laureando	_	_	_	_	_	linguistic	_	none	_	_	_	_	_	_
41-2	BO026	41	41	2	in	in	_	_	_	_	_	linguistic	_	none	_	_	_	_	_	_
41-3	BO026	41	41	3	meno	meno	_	_	_	_	_	linguistic	_	none	_	_	_	_	_	_
41-4	BO026	41	41	4	{ride}	{ride}	_	_	_	_	_	nonverbalbehavior	_	none	_	_	_	_	_	_
41-5	BO026	41	41	5	nella	nella	_	_	_	_	_	linguistic	_	none	_	_	_	_	_	_
41-6	BO026	41	41	6	lista	lista	_	_	_	_	_	linguistic	_	none	_	_	_	_	_	_
41-7	BO026	41	41	7	°>ci	ci	_	_	_	_	_	linguistic	_	none	Volume=low	_	_	Fast=0-2(0)	_	_
41-8	BO026	41	41	8	fosse	fosse	_	_	_	_	_	linguistic	_	none	Volume=low	_	_	Fast=0-5(0)	_	_
41-9	BO026	41	41	9	stata	stata	_	_	_	_	_	linguistic	_	none	Volume=low	_	_	Fast=0-5(0)	_	_
41-10	BO026	41	41	10	un	un	_	_	_	_	_	linguistic	_	none	Volume=low	_	_	Fast=0-2(0)	_	_
41-11	BO026	41	41	11	laureando	laureando	_	_	_	_	_	linguistic	_	none	Volume=low	_	_	Fast=0-9(0)	_	_
41-12	BO026	41	41	12	in	in	_	_	_	_	_	linguistic	_	none	Volume=low	_	_	Fast=0-2(0)	_	_
41-13	BO026	41	41	13	meno	meno	_	_	_	_	_	linguistic	_	none	Volume=low	_	_	Fast=0-4(0)	_	_
41-14	BO026	41	41	14	nella	nella	_	_	_	_	_	linguistic	_	none	Volume=low	_	_	Fast=0-5(0)	_	_
41-15	BO026	41	41	15	lista.	lista	_	_	_	_	_	linguistic	_	none	Intonation=Falling|Volume=low	_	_	Fast=0-5(0)	_	_
41-16	BO026	41	41	16	allora<,°	allora	_	_	_	_	_	linguistic	_	none	Intonation=WeaklyRising|Volume=low	End=88.646	_	Fast=0-6(0)	_	_
42-0	BO026	42	42	0	e::h	eh	_	_	_	_	_	linguistic	_	none	_	Begin=89.468|End=90.186	0x2	_	_	_
43-0	BO026	43	43	0	sì	sì	_	_	_	_	_	linguistic	_	none	_	Begin=90.685	_	_	_	_
43-1	BO026	43	43	1	infatti	infatti	_	_	_	_	_	linguistic	_	none	_	_	_	_	_	_
43-2	BO026	43	43	2	ho	ho	_	_	_	_	_	linguistic	_	none	_	_	_	_	_	_
43-3	BO026	43	43	3	l'	l'	_	_	_	_	_	linguistic	_	none	SpaceAfter=No	_	_	_	_	_
43-4	BO026	43	43	4	elenco	elenco	_	_	_	_	_	linguistic	_	none	_	_	_	_	_	_
43-5	BO026	43	43	5	dei	dei	_	_	_	_	_	linguistic	_	none	_	_	_	_	_	_
43-6	BO026	43	43	6	laureandi	laureandi	_	_	_	_	_	linguistic	_	none	_	_	_	_	_	_
43-7	BO026	43	43	7	quindi	quindi	_	_	_	_	_	linguistic	_	none	_	_	_	_	_	_
43-8	BO026	43	43	8	licia	licia	_	_	_	_	_	linguistic	_	none	_	_	_	_	_	_
43-9	BO026	43	43	9	[avevo	avevo	_	_	_	_	_	linguistic	_	none	_	_	_	_	_	0-5(17)
43-10	BO026	43	43	10	visto	visto	_	_	_	_	_	linguistic	_	none	_	_	_	_	_	0-5(17)
43-11	BO026	43	43	11	che:	che	_	_	_	_	_	linguistic	_	none	_	_	2x1	_	_	0-3(17)
43-12	BO026	43	43	12	sì].	sì	_	_	_	_	_	linguistic	_	none	Intonation=Falling	End=94.496	_	_	_	0-2(17)
44-0	BO034	44	44	0	[sì	sì	_	_	_	_	_	linguistic	_	none	_	Begin=92.993	_	_	_	0-2(17)
44-1	BO034	44	44	1	no	no	_	_	_	_	_	linguistic	_	none	_	_	_	_	_	0-2(17)
44-2	BO034	44	44	2	ma	ma	_	_	_	_	_	linguistic	_	none	_	_	_	_	_	0-2(17)
44-3	BO034	44	44	3	infatti	infatti	_	_	_	_	_	linguistic	_	none	_	_	_	_	_	0-7(17)
44-4	BO034	44	44	4	ho	ho	_	_	_	_	_	linguistic	_	none	_	_	_	_	_	0-2(17)
44-5	BO034	44	44	5	chiesto	chiesto	_	_	_	_	_	linguistic	_	none	_	_	_	_	_	0-7(17)
44-6	BO034	44	44	6	s~]	s~	_	_	_	_	_	linguistic	_	none	Interrupted=Yes	_	_	_	_	0-2(17)
44-7	BO034	44	44	7	cioè	cioè	_	_	_	_	_	linguistic	_	none	_	_	_	_	_	_
44-8	BO034	44	44	8	chiedo	chiedo	_	_	_	_	_	linguistic	_	none	_	_	_	_	_	_
44-9	BO034	44	44	9	solo	solo	_	_	_	_	_	linguistic	_	none	_	_	_	_	_	_
44-10	BO034	44	44	10	se:	se	_	_	_	_	_	linguistic	_	none	_	End=95.788	1x1	_	_	_
45-0	BO034	45	45	0	i~	i~	_	_	_	_	_	linguistic	_	none	Interrupted=Yes	Begin=98.131	_	_	_	_
45-1	BO034	45	45	1	io	io	_	_	_	_	_	linguistic	_	none	_	_	_	_	_	_
45-2	BO034	45	45	2	come	come	_	_	_	_	_	linguistic	_	none	_	_	_	_	_	_
45-3	BO034	45	45	3	argomento	argomento	_	_	_	_	_	linguistic	_	none	_	_	_	_	_	_
45-4	BO034	45	45	4	avevo	avevo	_	_	_	_	_	linguistic	_	none	_	_	_	_	_	_
45-5	BO034	45	45	5	pensato,	pensato	_	_	_	_	_	linguistic	_	none	Intonation=WeaklyRising	End=101.04	_	_	_	_
46-0	BO034	46	46	0	all'	all'	_	_	_	_	_	linguistic	_	none	SpaceAfter=No	Begin=101.141	_	_	_	_
46-1	BO034	46	46	1	insegnamento	insegnamento	_	_	_	_	_	linguistic	_	none	_	_	_	_	_	_
46-2	BO034	46	46	2	del	del	_	_	_	_	_	linguistic	_	none	_	_	_	_	_	_
46-3	BO034	46	46	3	dialetto	dialetto	_	_	_	_	_	linguistic	_	none	_	_	_	_	_	_
46-4	BO034	46	46	4	a	a	_	_	_	_	_	linguistic	_	none	_	_	_	_	_	_
46-5	BO034	46	46	5	scuola	scuola	_	_	_	_	_	linguistic	_	none	_	_	_	_	_	_
46-6	BO034	46	46	6	analizzare	analizzare	_	_	_	_	_	linguistic	_	none	_	_	_	_	_	_
46-7	BO034	46	46	7	i	i	_	_	_	_	_	linguistic	_	none	_	_	_	_	_	_
46-8	BO034	46	46	8	vantaggi	vantaggi	_	_	_	_	_	linguistic	_	none	_	_	_	_	_	_
46-9	BO034	46	46	9	e	e	_	_	_	_	_	linguistic	_	none	_	_	_	_	_	_
46-10	BO034	46	46	10	gli	gli	_	_	_	_	_	linguistic	_	none	_	_	_	_	_	_
46-11	BO034	46	46	11	svantaggi.	svantaggi	_	_	_	_	_	linguistic	_	none	Intonation=Falling	End=105.34	_	_	_	_
47-0	BO026	47	47	0	°mh.°	mh	_	_	_	_	_	linguistic	_	none	Intonation=Falling|Volume=low	Begin=106.385|End=106.651	_	_	_	_
48-0	BO034	48	48	0	mi	mi	_	_	_	_	_	linguistic	_	none	_	Begin=107.461	_	_	_	_
48-1	BO034	48	48	1	era	era	_	_	_	_	_	linguistic	_	none	_	_	_	_	_	_
48-2	BO034	48	48	2	venuto	venuto	_	_	_	_	_	linguistic	_	none	_	_	_	_	_	_
48-3	BO034	48	48	3	in	in	_	_	_	_	_	linguistic	_	none	_	_	_	_	_	_
48-4	BO034	48	48	4	mente	mente	_	_	_	_	_	linguistic	_	none	_	_	_	_	_	_
48-5	BO034	48	48	5	questo:	questo	_	_	_	_	_	linguistic	_	none	_	_	5x1	_	_	_
48-6	BO034	48	48	6	questa	questa	_	_	_	_	_	linguistic	_	none	_	_	_	_	_	_
48-7	BO034	48	48	7	idea.	idea	_	_	_	_	_	linguistic	_	none	Intonation=Falling	End=109.206	_	_	_	_
49-0	BO034	49	49	0	o	o	_	_	_	_	_	linguistic	_	none	_	Begin=109.775	_	_	_	_
49-1	BO034	49	49	1	com~	com~	_	_	_	_	_	linguistic	_	none	Interrupted=Yes	_	_	_	_	_
49-2	BO034	49	49	2	però	però	_	_	_	_	_	linguistic	_	none	_	_	_	_	_	_
49-3	BO034	49	49	3	comunque	comunque	_	_	_	_	_	linguistic	_	none	_	_	_	_	_	_
49-4	BO034	49	49	4	mi	mi	_	_	_	_	_	linguistic	_	none	_	_	_	_	_	_
49-5	BO034	49	49	5	piacerebbe	piacerebbe	_	_	_	_	_	linguistic	_	none	_	_	_	_	_	_
49-6	BO034	49	49	6	analizzare	analizzare	_	_	_	_	_	linguistic	_	none	_	_	_	_	_	_
49-7	BO034	49	49	7	un	un	_	_	_	_	_	linguistic	_	none	_	_	_	_	_	_
49-8	BO034	49	49	8	ambito	ambito	_	_	_	_	_	linguistic	_	none	_	_	_	_	_	_
49-9	BO034	49	49	9	che	che	_	_	_	_	_	linguistic	_	none	_	_	_	_	_	_
49-10	BO034	49	49	10	riguardi	riguardi	_	_	_	_	_	linguistic	_	none	_	_	_	_	_	_
49-11	BO034	49	49	11	ovviamente	ovviamente	_	_	_	_	_	linguistic	_	none	_	_	_	_	_	_
49-12	BO034	49	49	12	la	la	_	_	_	_	_	linguistic	_	none	_	_	_	_	_	_
49-13	BO034	49	49	13	didattica.	didattica	_	_	_	_	_	linguistic	_	none	Intonation=Falling	End=113.541	_	_	_	_
50-0	BO026	50	50	0	e	e	_	_	_	_	_	linguistic	_	none	_	Begin=114.381	_	_	_	_
50-1	BO026	50	50	1	ma	ma	_	_	_	_	_	linguistic	_	none	_	_	_	_	_	_
50-2	BO026	50	50	2	sul	sul	_	_	_	_	_	linguistic	_	none	_	_	_	_	_	_
50-3	BO026	50	50	3	dialetto	dialetto	_	_	_	_	_	linguistic	_	none	_	_	_	_	_	_
50-4	BO026	50	50	4	perché	perché	_	_	_	_	_	linguistic	_	none	_	_	_	_	_	_
50-5	BO026	50	50	5	no:n	non	_	_	_	_	_	linguistic	_	none	_	_	1x1	_	_	_
50-6	BO026	50	50	6	ha::	ha	_	_	_	_	_	linguistic	_	none	ProsodicLink=Yes	_	1x2	_	_	_
50-7	BO026	50	50	7	mh	mh	_	_	_	_	_	linguistic	_	none	_	End=116.781	_	_	_	_
51-0	BO026	51	51	0	quindi	quindi	_	_	_	_	_	linguistic	_	none	_	Begin=118.966	_	_	_	_
51-1	BO026	51	51	1	sull'	sull'	_	_	_	_	_	linguistic	_	none	SpaceAfter=No	_	_	_	_	_
51-2	BO026	51	51	2	italiano	italiano	_	_	_	_	_	linguistic	_	none	_	_	_	_	_	_
51-3	BO026	51	51	3	elle	elle	_	_	_	_	_	linguistic	_	none	_	_	_	_	_	_
51-4	BO026	51	51	4	uno	uno	_	_	_	_	_	linguistic	_	none	_	_	_	_	_	_
51-5	BO026	51	51	5	perché	perché	_	_	_	_	_	linguistic	_	none	_	_	_	_	_	_
51-6	BO026	51	51	6	non	non	_	_	_	_	_	linguistic	_	none	_	_	_	_	_	_
51-7	BO026	51	51	7	prova	prova	_	_	_	_	_	linguistic	_	none	_	_	_	_	_	_
51-8	BO026	51	51	8	a	a	_	_	_	_	_	linguistic	_	none	_	_	_	_	_	_
51-9	BO026	51	51	9	sentire	sentire	_	_	_	_	_	linguistic	_	none	_	_	_	_	_	_
51-10	BO026	51	51	10	il	il	_	_	_	_	_	linguistic	_	none	_	_	_	_	_	_
51-11	BO026	51	51	11	professore	professore	_	_	_	_	_	linguistic	_	none	_	_	_	_	_	_
51-12	BO026	51	51	12	verdi?	verdi	_	_	_	_	_	linguistic	_	none	Intonation=Rising	End=122.462	_	_	_	_
52-0	BO034	52	52	0	perché	perché	_	_	_	_	_	linguistic	_	none	_	Begin=122.593	_	_	_	_
52-1	BO034	52	52	1	no::n	non	_	_	_	_	_	linguistic	_	none	_	_	1x2	_	_	_
52-2	BO034	52	52	2	non	non	_	_	_	_	_	linguistic	_	none	_	_	_	_	_	_
52-3	BO034	52	52	3	fa	fa	_	_	_	_	_	linguistic	_	none	_	_	_	_	_	_
52-4	BO034	52	52	4	più	più	_	_	_	_	_	linguistic	_	none	_	_	_	_	_	_
52-5	BO034	52	52	5	da	da	_	_	_	_	_	linguistic	_	none	_	_	_	_	_	_
52-6	BO034	52	52	6	relatore	relatore	_	_	_	_	_	linguistic	_	none	_	_	_	_	_	_
52-7	BO034	52	52	7	a:	a	_	_	_	_	_	linguistic	_	none	_	_	0x1	_	_	_
52-8	BO034	52	52	8	quelli	quelli	_	_	_	_	_	linguistic	_	none	_	_	_	_	_	_
52-9	BO034	52	52	9	di	di	_	_	_	_	_	linguistic	_	none	_	_	_	_	_	_
52-10	BO034	52	52	10	lingue	lingue	_	_	_	_	_	linguistic	_	none	_	_	_	_	_	_
52-11	BO034	52	52	11	e	e	_	_	_	_	_	linguistic	_	none	_	_	_	_	_	_
52-12	BO034	52	52	12	culture	culture	_	_	_	_	_	linguistic	_	none	_	_	_	_	_	_
52-13	BO034	52	52	13	italiane	italiane	_	_	_	_	_	linguistic	_	none	_	_	_	_	_	_
52-14	BO034	52	52	14	per	per	_	_	_	_	_	linguistic	_	none	_	_	_	_	_	_
52-15	BO034	52	52	15	str[anier]i.	stranieri	_	_	_	_	_	linguistic	_	none	Intonation=Falling	End=126.882	_	_	_	3-8(18)
53-0	BO026	53	53	0	[ah].	ah	_	_	_	_	_	linguistic	_	none	Intonation=Falling	Begin=126.481|End=126.765	_	_	_	0-2(18)
54-0	BO034	54	54	0	questo:	questo	_	_	_	_	_	linguistic	_	none	_	Begin=127.685|End=128.56	5x1	_	_	_
55-0	BO034	55	55	0	e[ra].	era	_	_	_	_	_	linguistic	_	none	Intonation=Falling	Begin=129.196|End=129.627	_	_	_	1-3(19)
56-0	BO026	56	56	0	[°(p]erché)	perché	_	_	_	_	_	linguistic	_	none	Volume=low	Begin=129.437	_	_	0-6(0)	0-1(19)
56-1	BO026	56	56	1	lei	lei	_	_	_	_	_	linguistic	_	none	Volume=low	_	_	_	_	_
56-2	BO026	56	56	2	ha	ha	_	_	_	_	_	linguistic	_	none	Volume=low	_	_	_	_	_
56-3	BO026	56	56	3	questo	questo	_	_	_	_	_	linguistic	_	none	Volume=low	_	_	_	_	_
56-4	BO026	56	56	4	interesse	interesse	_	_	_	_	_	linguistic	_	none	Volume=low	_	_	_	_	_
56-5	BO026	56	56	5	per	per	_	_	_	_	_	linguistic	_	none	Volume=low	_	_	_	_	_
56-6	BO026	56	56	6	il	il	_	_	_	_	_	linguistic	_	none	Volume=low	_	_	_	_	_
56-7	BO026	56	56	7	dialetto	dialetto	_	_	_	_	_	linguistic	_	none	Volume=low	_	_	_	_	_
56-8	BO026	56	56	8	(dove	dove	_	_	_	_	_	linguistic	_	none	Volume=low	_	_	_	0-4(1)	_
56-9	BO026	56	56	9	va	va	_	_	_	_	_	linguistic	_	none	Volume=low	_	_	_	0-2(1)	_
56-10	BO026	56	56	10	[xx)°]	xx	_	_	_	_	_	unknown	_	none	Volume=low|Syllables=2	End=132.885	_	_	0-2(1)	0-2(20)
57-0	BO034	57	57	0	[(io)	io	_	_	_	_	_	linguistic	_	none	_	Begin=131.905	_	_	0-2(0)	0-2(20)
57-1	BO034	57	57	1	mi	mi	_	_	_	_	_	linguistic	_	none	_	_	_	_	_	0-2(20)
57-2	BO034	57	57	2	era	era	_	_	_	_	_	linguistic	_	none	_	_	_	_	_	0-3(20)
57-3	BO034	57	57	3	venuta	venuta	_	_	_	_	_	linguistic	_	none	_	_	_	_	_	0-6(20)
57-4	BO034	57	57	4	questa]:	questa	_	_	_	_	_	linguistic	_	none	_	_	5x1	_	_	0-6(20)
57-5	BO034	57	57	5	questa	questa	_	_	_	_	_	linguistic	_	none	_	_	_	_	_	_
57-6	BO034	57	57	6	idea	idea	_	_	_	_	_	linguistic	_	none	_	_	_	_	_	_
57-7	BO034	57	57	7	perché:	perché	_	_	_	_	_	linguistic	_	none	_	_	5x1	_	_	_
57-8	BO034	57	57	8	io	io	_	_	_	_	_	linguistic	_	none	_	_	_	_	_	_
57-9	BO034	57	57	9	sono	sono	_	_	_	_	_	linguistic	_	none	_	_	_	_	_	_
57-10	BO034	57	57	10	veneta	veneta	_	_	_	_	_	linguistic	_	none	_	_	_	_	_	_
57-11	BO034	57	57	11	e	e	_	_	_	_	_	linguistic	_	none	_	_	_	_	_	_
57-12	BO034	57	57	12	quindi	quindi	_	_	_	_	_	linguistic	_	none	_	_	_	_	_	_
57-13	BO034	57	57	13	lo	lo	_	_	_	_	_	linguistic	_	none	_	_	_	_	_	_
57-14	BO034	57	57	14	[scors]o:	scorso	_	_	_	_	_	linguistic	_	none	_	_	5x1	_	_	0-5(21)
57-15	BO034	57	57	15	lo	lo	_	_	_	_	_	linguistic	_	none	_	_	_	_	_	_
57-16	BO034	57	57	16	scorso	scorso	_	_	_	_	_	linguistic	_	none	_	_	_	_	_	_
57-17	BO034	57	57	17	anno	anno	_	_	_	_	_	linguistic	_	none	_	_	_	_	_	_
57-18	BO034	57	57	18	avevo	avevo	_	_	_	_	_	linguistic	_	none	_	_	_	_	_	_
57-19	BO034	57	57	19	letto	letto	_	_	_	_	_	linguistic	_	none	_	_	_	_	_	_
57-20	BO034	57	57	20	un	un	_	_	_	_	_	linguistic	_	none	_	_	_	_	_	_
57-21	BO034	57	57	21	articolo	articolo	_	_	_	_	_	linguistic	_	none	_	_	_	_	_	_
57-22	BO034	57	57	22	su:l	sul	_	_	_	_	_	linguistic	_	none	ProsodicLink=Yes	_	1x1	_	_	_
57-23	BO034	57	57	23	mh	mh	_	_	_	_	_	linguistic	_	none	_	_	_	_	_	_
57-24	BO034	57	57	24	sul	sul	_	_	_	_	_	linguistic	_	none	_	_	_	_	_	_
57-25	BO034	57	57	25	fatto	fatto	_	_	_	_	_	linguistic	_	none	_	_	_	_	_	_
57-26	BO034	57	57	26	che	che	_	_	_	_	_	linguistic	_	none	_	_	_	_	_	_
57-27	BO034	57	57	27	volevano	volevano	_	_	_	_	_	linguistic	_	none	_	_	_	_	_	_
57-28	BO034	57	57	28	introdurre	introdurre	_	_	_	_	_	linguistic	_	none	_	_	_	_	_	_
57-29	BO034	57	57	29	l'	l'	_	_	_	_	_	linguistic	_	none	SpaceAfter=No	_	_	_	_	_
57-30	BO034	57	57	30	insegamento	insegamento	_	_	_	_	_	linguistic	_	none	_	_	_	_	_	_
57-31	BO034	57	57	31	del	del	_	_	_	_	_	linguistic	_	none	_	_	_	_	_	_
57-32	BO034	57	57	32	dialetto:	dialetto	_	_	_	_	_	linguistic	_	none	_	_	7x1	_	_	_
57-33	BO034	57	57	33	[a	a	_	_	_	_	_	linguistic	_	none	_	_	_	_	_	0-1(22)
57-34	BO034	57	57	34	scuola].	scuola	_	_	_	_	_	linguistic	_	none	Intonation=Falling	End=141.807	_	_	_	0-6(22)
58-0	BO026	58	58	0	[°mh	mh	_	_	_	_	_	linguistic	_	none	Volume=low	Begin=135.18	_	_	_	0-2(21)
58-1	BO026	58	58	1	mh.°]	mh	_	_	_	_	_	linguistic	_	none	Intonation=Falling|Volume=low	End=135.51	_	_	_	0-2(21)
59-0	BO026	59	59	0	[°mh	mh	_	_	_	_	_	linguistic	_	none	ProsodicLink=Yes|Volume=low	Begin=141.241	_	_	_	0-2(22)
59-1	BO026	59	59	1	mh.°]	mh	_	_	_	_	_	linguistic	_	none	Intonation=Falling|Volume=low	End=141.81	_	_	_	0-2(22)
60-0	BO034	60	60	0	e	e	_	_	_	_	_	linguistic	_	none	_	Begin=142.735	_	_	_	_
60-1	BO034	60	60	1	quindi	quindi	_	_	_	_	_	linguistic	_	none	_	_	_	_	_	_
60-2	BO034	60	60	2	mi	mi	_	_	_	_	_	linguistic	_	none	_	_	_	_	_	_
60-3	BO034	60	60	3	era	era	_	_	_	_	_	linguistic	_	none	_	_	_	_	_	_
60-4	BO034	60	60	4	venuta	venuta	_	_	_	_	_	linguistic	_	none	_	_	_	_	_	_
60-5	BO034	60	60	5	questa	questa	_	_	_	_	_	linguistic	_	none	_	_	_	_	_	_
60-6	BO034	60	60	6	idea	idea	_	_	_	_	_	linguistic	_	none	_	_	_	_	_	_
60-7	BO034	60	60	7	di:	di	_	_	_	_	_	linguistic	_	none	PauseAfter=Yes	_	1x1	_	_	_
60-8	BO034	60	60	8	{P}	{P}	_	_	_	_	_	shortpause	_	none	_	_	_	_	_	_
60-9	BO034	60	60	9	magari	magari	_	_	_	_	_	linguistic	_	none	_	_	_	_	_	_
60-10	BO034	60	60	10	anal~	anal~	_	_	_	_	_	linguistic	_	none	Interrupted=Yes|ProsodicLink=Yes	_	_	_	_	_
60-11	BO034	60	60	11	mh	mh	_	_	_	_	_	linguistic	_	none	_	_	_	_	_	_
60-12	BO034	60	60	12	approfondire	approfondire	_	_	_	_	_	linguistic	_	none	_	_	_	_	_	_
60-13	BO034	60	60	13	questo:	questo	_	_	_	_	_	linguistic	_	none	_	_	5x1	_	_	_
60-14	BO034	60	60	14	questo	questo	_	_	_	_	_	linguistic	_	none	_	_	_	_	_	_
60-15	BO034	60	60	15	argomento.	argomento	_	_	_	_	_	linguistic	_	none	Intonation=Falling	End=147.738	_	_	_	_
61-0	BO026	61	61	0	ma	ma	_	_	_	_	_	linguistic	_	none	_	Begin=149.208	_	_	_	_
61-1	BO026	61	61	1	forse,	forse	_	_	_	_	_	linguistic	_	none	Intonation=WeaklyRising	End=150.082	_	_	_	_
62-0	BO034	62	62	0	[xxx]	xxx	_	_	_	_	_	unknown	_	none	Syllables=3	Begin=151.458|End=152.616	_	_	_	0-3(23)
63-0	BO026	63	63	0	[pensando	pensando	_	_	_	_	_	linguistic	_	none	_	Begin=151.458	_	_	_	0-8(23)
63-1	BO026	63	63	1	alla]::	alla	_	_	_	_	_	linguistic	_	none	_	_	3x2	_	_	0-4(23)
63-2	BO026	63	63	2	alla	alla	_	_	_	_	_	linguistic	_	none	_	_	_	_	_	_
63-3	BO026	63	63	3	disciplina	disciplina	_	_	_	_	_	linguistic	_	none	_	_	_	_	_	_
63-4	BO026	63	63	4	>didattica	didattica	_	_	_	_	_	linguistic	_	none	_	_	_	Fast=0-9(0)	_	_
63-5	BO026	63	63	5	dell'	dell'	_	_	_	_	_	linguistic	_	none	SpaceAfter=No	_	_	Fast=0-5(0)	_	_
63-6	BO026	63	63	6	italiano	italiano	_	_	_	_	_	linguistic	_	none	_	_	_	Fast=0-8(0)	_	_
63-7	BO026	63	63	7	elle	elle	_	_	_	_	_	linguistic	_	none	_	_	_	Fast=0-4(0)	_	_
63-8	BO026	63	63	8	due<	due	_	_	_	_	_	linguistic	_	none	_	_	_	Fast=0-3(0)	_	_
63-9	BO026	63	63	9	può	può	_	_	_	_	_	linguistic	_	none	_	_	_	_	_	_
63-10	BO026	63	63	10	essere	essere	_	_	_	_	_	linguistic	_	none	_	_	_	_	_	_
63-11	BO026	63	63	11	i~	i~	_	_	_	_	_	linguistic	_	none	Interrupted=Yes	_	_	_	_	_
63-12	BO026	63	63	12	diciamo	diciamo	_	_	_	_	_	linguistic	_	none	_	_	_	_	_	_
63-13	BO026	63	63	13	interessante	interessante	_	_	_	_	_	linguistic	_	none	_	_	_	_	_	_
63-14	BO026	63	63	14	andare	andare	_	_	_	_	_	linguistic	_	none	_	_	_	_	_	_
63-15	BO026	63	63	15	a	a	_	_	_	_	_	linguistic	_	none	_	_	_	_	_	_
63-16	BO026	63	63	16	vedere	vedere	_	_	_	_	_	linguistic	_	none	_	_	_	_	_	_
63-17	BO026	63	63	17	che	che	_	_	_	_	_	linguistic	_	none	_	_	_	_	_	_
63-18	BO026	63	63	18	cosa	cosa	_	_	_	_	_	linguistic	_	none	_	_	_	_	_	_
63-19	BO026	63	63	19	succede	succede	_	_	_	_	_	linguistic	_	none	_	_	_	_	_	_
63-20	BO026	63	63	20	nelle	nelle	_	_	_	_	_	linguistic	_	none	_	_	_	_	_	_
63-21	BO026	63	63	21	scuole	scuole	_	_	_	_	_	linguistic	_	none	_	_	_	_	_	_
63-22	BO026	63	63	22	venete,	venete	_	_	_	_	_	linguistic	_	none	Intonation=WeaklyRising	End=159.871	_	_	_	_
64-0	BO026	64	64	0	cioè	cioè	_	_	_	_	_	linguistic	_	none	_	Begin=160.0	_	_	_	_
64-1	BO026	64	64	1	nella::	nella	_	_	_	_	_	linguistic	_	none	PauseAfter=Yes	_	4x2	_	_	_
64-2	BO026	64	64	2	{P}	{P}	_	_	_	_	_	shortpause	_	none	_	_	_	_	_	_
64-3	BO026	64	64	3	e:h	eh	_	_	_	_	_	linguistic	_	none	ProsodicLink=Yes	_	0x1	_	_	_
64-4	BO026	64	64	4	m:h	mh	_	_	_	_	_	linguistic	_	none	_	End=162.516	0x1	_	_	_
65-0	BO026	65	65	0	nel	nel	_	_	_	_	_	linguistic	_	none	_	Begin=162.688	_	_	_	_
65-1	BO026	65	65	1	c~	c~	_	_	_	_	_	linguistic	_	none	Interrupted=Yes|ProsodicLink=Yes	_	_	_	_	_
65-2	BO026	65	65	2	mh	mh	_	_	_	_	_	linguistic	_	none	_	_	_	_	_	_
65-3	BO026	65	65	3	un	un	_	_	_	_	_	linguistic	_	none	_	_	_	_	_	_
65-4	BO026	65	65	4	contesto	contesto	_	_	_	_	_	linguistic	_	none	_	_	_	_	_	_
65-5	BO026	65	65	5	dove:::	dove	_	_	_	_	_	linguistic	_	none	_	_	3x3	_	_	_
65-6	BO026	65	65	6	il	il	_	_	_	_	_	linguistic	_	none	_	_	_	_	_	_
65-7	BO026	65	65	7	dialetto	dialetto	_	_	_	_	_	linguistic	_	none	_	_	_	_	_	_
65-8	BO026	65	65	8	non	non	_	_	_	_	_	linguistic	_	none	_	_	_	_	_	_
65-9	BO026	65	65	9	è	è	_	_	_	_	_	linguistic	_	none	_	_	_	_	_	_
65-10	BO026	65	65	10	marcato	marcato	_	_	_	_	_	linguistic	_	none	_	_	_	_	_	_
65-11	BO026	65	65	11	perché::	perché	_	_	_	_	_	linguistic	_	none	_	_	5x2	_	_	_
65-12	BO026	65	65	12	non	non	_	_	_	_	_	linguistic	_	none	_	_	_	_	_	_
65-13	BO026	65	65	13	è	è	_	_	_	_	_	linguistic	_	none	_	_	_	_	_	_
65-14	BO026	65	65	14	un	un	_	_	_	_	_	linguistic	_	none	_	_	_	_	_	_
65-15	BO026	65	65	15	codice	codice	_	_	_	_	_	linguistic	_	none	_	_	_	_	_	_
65-16	BO026	65	65	16	marcato	marcato	_	_	_	_	_	linguistic	_	none	_	_	_	_	_	_
65-17	BO026	65	65	17	perché	perché	_	_	_	_	_	linguistic	_	none	PauseAfter=Yes	_	_	_	_	_
65-18	BO026	65	65	18	{P}	{P}	_	_	_	_	_	shortpause	_	none	_	_	_	_	_	_
65-19	BO026	65	65	19	è	è	_	_	_	_	_	linguistic	_	none	_	_	_	_	_	_
65-20	BO026	65	65	20	parlato	parlato	_	_	_	_	_	linguistic	_	none	_	_	_	_	_	_
65-21	BO026	65	65	21	quotidianamente	quotidianamente	_	_	_	_	_	linguistic	_	none	_	_	_	_	_	_
65-22	BO026	65	65	22	e	e	_	_	_	_	_	linguistic	_	none	_	_	_	_	_	_
65-23	BO026	65	65	23	quindi	quindi	_	_	_	_	_	linguistic	_	none	_	_	_	_	_	_
65-24	BO026	65	65	24	non	non	_	_	_	_	_	linguistic	_	none	_	_	_	_	_	_
65-25	BO026	65	65	25	so	so	_	_	_	_	_	linguistic	_	none	_	_	_	_	_	_
65-26	BO026	65	65	26	a	a	_	_	_	_	_	linguistic	_	none	_	_	_	_	_	_
65-27	BO026	65	65	27	scuola	scuola	_	_	_	_	_	linguistic	_	none	_	_	_	_	_	_
65-28	BO026	65	65	28	come	come	_	_	_	_	_	linguistic	_	none	_	_	_	_	_	_
65-29	BO026	65	65	29	possa:	possa	_	_	_	_	_	linguistic	_	none	_	End=174.211	4x1	_	_	_
66-0	BO026	66	66	0	e:h	eh	_	_	_	_	_	linguistic	_	none	ProsodicLink=Yes	Begin=175.11	0x1	_	_	_
66-1	BO026	66	66	1	m:h	mh	_	_	_	_	_	linguistic	_	none	_	_	0x1	_	_	_
66-2	BO026	66	66	2	un	un	_	_	_	_	_	linguistic	_	none	_	_	_	_	_	_
66-3	BO026	66	66	3	alu~	alu~	_	_	_	_	_	linguistic	_	none	Interrupted=Yes	_	_	_	_	_
66-4	BO026	66	66	4	un	un	_	_	_	_	_	linguistic	_	none	_	_	_	_	_	_
66-5	BO026	66	66	5	bambino	bambino	_	_	_	_	_	linguistic	_	none	_	_	_	_	_	_
66-6	BO026	66	66	6	xx	xx	_	_	_	_	_	unknown	_	none	Syllables=2	_	_	_	_	_
66-7	BO026	66	66	7	x	x	_	_	_	_	_	unknown	_	none	Syllables=1	_	_	_	_	_
66-8	BO026	66	66	8	che	che	_	_	_	_	_	linguistic	_	none	_	_	_	_	_	_
66-9	BO026	66	66	9	imparano	imparano	_	_	_	_	_	linguistic	_	none	_	_	_	_	_	_
66-10	BO026	66	66	10	l'	l'	_	_	_	_	_	linguistic	_	none	SpaceAfter=No	_	_	_	_	_
66-11	BO026	66	66	11	italiano	italiano	_	_	_	_	_	linguistic	_	none	_	_	_	_	_	_
66-12	BO026	66	66	12	in	in	_	_	_	_	_	linguistic	_	none	_	_	_	_	_	_
66-13	BO026	66	66	13	veneto.	veneto	_	_	_	_	_	linguistic	_	none	Intonation=Falling	End=179.94	_	_	_	_
67-0	BO034	67	67	0	ma	ma	_	_	_	_	_	linguistic	_	none	_	Begin=180.646	_	_	_	_
67-1	BO034	67	67	1	lei	lei	_	_	_	_	_	linguistic	_	none	_	_	_	_	_	_
67-2	BO034	67	67	2	[dice	dice	_	_	_	_	_	linguistic	_	none	_	_	_	_	_	0-4(24)
67-3	BO034	67	67	3	di],	di	_	_	_	_	_	linguistic	_	none	Intonation=WeaklyRising	End=181.522	_	_	_	0-2(24)
68-0	BO026	68	68	0	[il	il	_	_	_	_	_	linguistic	_	none	_	Begin=181.038	_	_	_	0-2(24)
68-1	BO026	68	68	1	conte]sto	contesto	_	_	_	_	_	linguistic	_	none	_	_	_	_	_	0-5(24)
68-2	BO026	68	68	2	anche	anche	_	_	_	_	_	linguistic	_	none	_	_	_	_	_	_
68-3	BO026	68	68	3	extrascol[a::stico	extrascolastico	_	_	_	_	_	linguistic	_	none	_	_	9x2	_	_	9-15(25)
68-4	BO026	68	68	4	xx]	xx	_	_	_	_	_	unknown	_	none	Syllables=2	End=184.111	_	_	_	0-2(25)
69-0	BO034	69	69	0	[extrascolastico].	extrascolastico	_	_	_	_	_	linguistic	_	none	Intonation=Falling	Begin=182.866|End=184.106	_	_	_	0-15(25)
70-0	BO026	70	70	0	e:h	eh	_	_	_	_	_	linguistic	_	none	ProsodicLink=Yes	Begin=184.373	0x1	_	_	_
70-1	BO026	70	70	1	mh	mh	_	_	_	_	_	linguistic	_	none	_	End=185.311	_	_	_	_
71-0	BO026	71	71	0	oppure	oppure	_	_	_	_	_	linguistic	_	none	_	Begin=186.085	_	_	_	_
71-1	BO026	71	71	1	le	le	_	_	_	_	_	linguistic	_	none	_	_	_	_	_	_
71-2	BO026	71	71	2	scuole	scuole	_	_	_	_	_	linguistic	_	none	_	_	_	_	_	_
71-3	BO026	71	71	3	dove::	dove	_	_	_	_	_	linguistic	_	none	_	_	3x2	_	_	_
71-4	BO026	71	71	4	si	si	_	_	_	_	_	linguistic	_	none	_	_	_	_	_	_
71-5	BO026	71	71	5	svolgono	svolgono	_	_	_	_	_	linguistic	_	none	_	_	_	_	_	_
71-6	BO026	71	71	6	attività	attività	_	_	_	_	_	linguistic	_	none	_	_	_	_	_	_
71-7	BO026	71	71	7	didattiche	didattiche	_	_	_	_	_	linguistic	_	none	_	_	_	_	_	_
71-8	BO026	71	71	8	e	e	_	_	_	_	_	linguistic	_	none	_	_	_	_	_	_
71-9	BO026	71	71	9	progetti	progetti	_	_	_	_	_	linguistic	_	none	_	_	_	_	_	_
71-10	BO026	71	71	10	su:l	sul	_	_	_	_	_	linguistic	_	none	_	_	1x1	_	_	_
71-11	BO026	71	71	11	sul	sul	_	_	_	_	_	linguistic	_	none	_	_	_	_	_	_
71-12	BO026	71	71	12	dialetto.	dialetto	_	_	_	_	_	linguistic	_	none	Intonation=Falling	End=192.896	_	_	_	_
72-0	BO034	72	72	0	okay	okay	_	_	_	_	_	linguistic	_	none	_	Begin=193.566	_	_	_	_
72-1	BO034	72	72	1	sì	sì	_	_	_	_	_	linguistic	_	none	_	_	_	_	_	_
72-2	BO034	72	72	2	io	io	_	_	_	_	_	linguistic	_	none	_	_	_	_	_	_
72-3	BO034	72	72	3	no~	no~	_	_	_	_	_	linguistic	_	none	Interrupted=Yes	_	_	_	_	_
72-4	BO034	72	72	4	non	non	_	_	_	_	_	linguistic	_	none	_	_	_	_	_	_
72-5	BO034	72	72	5	sono	sono	_	_	_	_	_	linguistic	_	none	_	_	_	_	_	_
72-6	BO034	72	72	6	a	a	_	_	_	_	_	linguistic	_	none	_	_	_	_	_	_
72-7	BO034	72	72	7	conoscenza	conoscenza	_	_	_	_	_	linguistic	_	none	_	_	_	_	_	_
72-8	BO034	72	72	8	[di:]	di	_	_	_	_	_	linguistic	_	none	_	End=196.311	1x1	_	_	0-2(26)
73-0	BO026	73	73	0	[mh]	mh	_	_	_	_	_	linguistic	_	none	_	Begin=195.746|End=196.311	_	_	_	0-2(26)
74-0	BO034	74	74	0	di	di	_	_	_	_	_	linguistic	_	none	_	Begin=196.87	_	_	_	_
74-1	BO034	74	74	1	scuole	scuole	_	_	_	_	_	linguistic	_	none	_	_	_	_	_	_
74-2	BO034	74	74	2	o:	o	_	_	_	_	_	linguistic	_	none	ProsodicLink=Yes	_	0x1	_	_	_
74-3	BO034	74	74	3	m:h	mh	_	_	_	_	_	linguistic	_	none	_	_	0x1	_	_	_
74-4	BO034	74	74	4	comunque	comunque	_	_	_	_	_	linguistic	_	none	_	_	_	_	_	_
74-5	BO034	74	74	5	m::h	mh	_	_	_	_	_	linguistic	_	none	_	_	0x2	_	_	_
74-6	BO034	74	74	6	progetti	progetti	_	_	_	_	_	linguistic	_	none	_	_	_	_	_	_
74-7	BO034	74	74	7	che:	che	_	_	_	_	_	linguistic	_	none	_	_	2x1	_	_	_
74-8	BO034	74	74	8	[xx]	xx	_	_	_	_	_	unknown	_	none	Syllables=2	End=201.24	_	_	_	0-2(27)
75-0	BO026	75	75	0	[cioè	cioè	_	_	_	_	_	linguistic	_	none	_	Begin=200.476	_	_	_	0-4(27)
75-1	BO026	75	75	1	lei	lei	_	_	_	_	_	linguistic	_	none	_	_	_	_	_	0-3(27)
75-2	BO026	75	75	2	comu]nque	comunque	_	_	_	_	_	linguistic	_	none	_	_	_	_	_	0-4(27)
75-3	BO026	75	75	3	vorrebbe	vorrebbe	_	_	_	_	_	linguistic	_	none	_	_	_	_	_	_
75-4	BO026	75	75	4	lavorare	lavorare	_	_	_	_	_	linguistic	_	none	_	_	_	_	_	_
75-5	BO026	75	75	5	sul	sul	_	_	_	_	_	linguistic	_	none	ProsodicLink=Yes	_	_	_	_	_
75-6	BO026	75	75	6	i::	i	_	_	_	_	_	linguistic	_	none	PauseAfter=Yes	_	0x2	_	_	_
75-7	BO026	75	75	7	{P}	{P}	_	_	_	_	_	shortpause	_	none	_	_	_	_	_	_
75-8	BO026	75	75	8	non	non	_	_	_	_	_	linguistic	_	none	_	_	_	_	_	_
75-9	BO026	75	75	9	nativi	nativi	_	_	_	_	_	linguistic	_	none	_	_	_	_	_	_
75-10	BO026	75	75	10	di	di	_	_	_	_	_	linguistic	_	none	_	_	_	_	_	_
75-11	BO026	75	75	11	italiano.	italiano	_	_	_	_	_	linguistic	_	none	Intonation=Falling	End=206.055	_	_	_	_
76-0	BO026	76	76	0	su:l	sul	_	_	_	_	_	linguistic	_	none	_	Begin=206.505	1x1	_	_	_
76-1	BO026	76	76	1	su(ll'	sull'	_	_	_	_	_	linguistic	_	none	SpaceAfter=No	_	_	_	2-5(0)	_
76-2	BO026	76	76	2	)italiano	italiano	_	_	_	_	_	linguistic	_	none	_	_	_	_	_	_
76-3	BO026	76	76	3	sui	sui	_	_	_	_	_	linguistic	_	none	_	_	_	_	_	_
76-4	BO026	76	76	4	su~	su~	_	_	_	_	_	linguistic	_	none	Interrupted=Yes	_	_	_	_	_
76-5	BO026	76	76	5	sugli:	sugli	_	_	_	_	_	linguistic	_	none	_	_	4x1	_	_	_
76-6	BO026	76	76	6	(alunni)	alunni	_	_	_	_	_	linguistic	_	none	_	_	_	_	0-6(1)	_
76-7	BO026	76	76	7	stranieri,	stranieri	_	_	_	_	_	linguistic	_	none	Intonation=WeaklyRising	End=210.177	_	_	_	_
77-0	BO034	77	77	0	sì	sì	_	_	_	_	_	linguistic	_	none	_	Begin=211.073	_	_	_	_
77-1	BO034	77	77	1	io	io	_	_	_	_	_	linguistic	_	none	PauseAfter=Yes	_	_	_	_	_
77-2	BO034	77	77	2	{P}	{P}	_	_	_	_	_	shortpause	_	none	_	_	_	_	_	_
77-3	BO034	77	77	3	al~	al~	_	_	_	_	_	linguistic	_	none	Interrupted=Yes	_	_	_	_	_
77-4	BO034	77	77	4	allora	allora	_	_	_	_	_	linguistic	_	none	_	_	_	_	_	_
77-5	BO034	77	77	5	questo	questo	_	_	_	_	_	linguistic	_	none	_	_	_	_	_	_
77-6	BO034	77	77	6	era	era	_	_	_	_	_	linguistic	_	none	_	_	_	_	_	_
77-7	BO034	77	77	7	l~	l~	_	_	_	_	_	linguistic	_	none	Interrupted=Yes|ProsodicLink=Yes	_	_	_	_	_
77-8	BO034	77	77	8	l'	l'	_	_	_	_	_	linguistic	_	none	SpaceAfter=No	_	_	_	_	_
77-9	BO034	77	77	9	idea	idea	_	_	_	_	_	linguistic	_	none	_	_	_	_	_	_
77-10	BO034	77	77	10	che	che	_	_	_	_	_	linguistic	_	none	_	_	_	_	_	_
77-11	BO034	77	77	11	mi	mi	_	_	_	_	_	linguistic	_	none	_	_	_	_	_	_
77-12	BO034	77	77	12	era	era	_	_	_	_	_	linguistic	_	none	_	_	_	_	_	_
77-13	BO034	77	77	13	venuta	venuta	_	_	_	_	_	linguistic	_	none	PauseAfter=Yes	_	_	_	_	_
77-14	BO034	77	77	14	{P}	{P}	_	_	_	_	_	shortpause	_	none	_	_	_	_	_	_
77-15	BO034	77	77	15	più	più	_	_	_	_	_	linguistic	_	none	_	_	_	_	_	_
77-16	BO034	77	77	16	una	una	_	_	_	_	_	linguistic	_	none	_	_	_	_	_	_
77-17	BO034	77	77	17	una	una	_	_	_	_	_	linguistic	_	none	_	_	_	_	_	_
77-18	BO034	77	77	18	una:	una	_	_	_	_	_	linguistic	_	none	_	_	2x1	_	_	_
77-19	BO034	77	77	19	mh	mh	_	_	_	_	_	linguistic	_	none	_	_	_	_	_	_
77-20	BO034	77	77	20	una	una	_	_	_	_	_	linguistic	_	none	_	_	_	_	_	_
77-21	BO034	77	77	21	tesi	tesi	_	_	_	_	_	linguistic	_	none	_	_	_	_	_	_
77-22	BO034	77	77	22	di:	di	_	_	_	_	_	linguistic	_	none	_	_	1x1	_	_	_
77-23	BO034	77	77	23	di	di	_	_	_	_	_	linguistic	_	none	_	_	_	_	_	_
77-24	BO034	77	77	24	ricerca	ricerca	_	_	_	_	_	linguistic	_	none	_	_	_	_	_	_
77-25	BO034	77	77	25	più	più	_	_	_	_	_	linguistic	_	none	_	_	_	_	_	_
77-26	BO034	77	77	26	che::	che	_	_	_	_	_	linguistic	_	none	_	_	2x2	_	_	_
77-27	BO034	77	77	27	sì.	sì	_	_	_	_	_	linguistic	_	none	Intonation=Falling	End=219.322	_	_	_	_
78-0	BO034	78	78	0	[e:h	eh	_	_	_	_	_	linguistic	_	none	ProsodicLink=Yes	Begin=219.785	0x1	_	_	0-2(28)
78-1	BO034	78	78	1	m]:h	mh	_	_	_	_	_	linguistic	_	none	_	End=220.671	0x1	_	_	0-1(28)
79-0	BO026	79	79	0	[mh	mh	_	_	_	_	_	linguistic	_	none	_	Begin=219.785	_	_	_	0-2(28)
79-1	BO026	79	79	1	mh].	mh	_	_	_	_	_	linguistic	_	none	Intonation=Falling	End=220.21	_	_	_	0-2(28)
80-0	BO034	80	80	0	più	più	_	_	_	_	_	linguistic	_	none	_	Begin=221.15	_	_	_	_
80-1	BO034	80	80	1	teorica	teorica	_	_	_	_	_	linguistic	_	none	_	_	_	_	_	_
80-2	BO034	80	80	2	forse.	forse	_	_	_	_	_	linguistic	_	none	Intonation=Falling	End=222.33	_	_	_	_
81-0	BO026	81	81	0	mh	mh	_	_	_	_	_	linguistic	_	none	_	Begin=222.33	_	_	_	_
81-1	BO026	81	81	1	mh.	mh	_	_	_	_	_	linguistic	_	none	Intonation=Falling	End=222.666	_	_	_	_
82-0	BO034	82	82	0	altrimenti:	altrimenti	_	_	_	_	_	linguistic	_	none	ProsodicLink=Yes	Begin=223.935	9x1	_	_	_
82-1	BO034	82	82	1	m:h	mh	_	_	_	_	_	linguistic	_	none	_	_	0x1	_	_	_
82-2	BO034	82	82	2	sì	sì	_	_	_	_	_	linguistic	_	none	_	_	_	_	_	_
82-3	BO034	82	82	3	anche	anche	_	_	_	_	_	linguistic	_	none	_	_	_	_	_	_
82-4	BO034	82	82	4	lavorare	lavorare	_	_	_	_	_	linguistic	_	none	_	_	_	_	_	_
82-5	BO034	82	82	5	su::	su	_	_	_	_	_	linguistic	_	none	ProsodicLink=Yes	_	1x2	_	_	_
82-6	BO034	82	82	6	m:h	mh	_	_	_	_	_	linguistic	_	none	_	End=227.544	0x1	_	_	_
83-0	BO034	83	83	0	l'	l'	_	_	_	_	_	linguistic	_	none	SpaceAfter=No	Begin=228.351	_	_	_	_
83-1	BO034	83	83	1	insegnamento	insegnamento	_	_	_	_	_	linguistic	_	none	_	_	_	_	_	_
83-2	BO034	83	83	2	di	di	_	_	_	_	_	linguistic	_	none	_	_	_	_	_	_
83-3	BO034	83	83	3	perché	perché	_	_	_	_	_	linguistic	_	none	_	_	_	_	_	_
83-4	BO034	83	83	4	io	io	_	_	_	_	_	linguistic	_	none	_	_	_	_	_	_
83-5	BO034	83	83	5	sto	sto	_	_	_	_	_	linguistic	_	none	_	_	_	_	_	_
83-6	BO034	83	83	6	sto	sto	_	_	_	_	_	linguistic	_	none	_	_	_	_	_	_
83-7	BO034	83	83	7	facendo	facendo	_	_	_	_	_	linguistic	_	none	_	_	_	_	_	_
83-8	BO034	83	83	8	sto	sto	_	_	_	_	_	linguistic	_	none	_	_	_	_	_	_
83-9	BO034	83	83	9	lavorando	lavorando	_	_	_	_	_	linguistic	_	none	_	_	_	_	_	_
83-10	BO034	83	83	10	anche	anche	_	_	_	_	_	linguistic	_	none	_	_	_	_	_	_
83-11	BO034	83	83	11	alla	alla	_	_	_	_	_	linguistic	_	none	_	_	_	_	_	_
83-12	BO034	83	83	12	benedict	benedict	_	_	_	_	_	linguistic	_	none	_	_	_	_	_	_
83-13	BO034	83	83	13	school.	school	_	_	_	_	_	linguistic	_	none	Intonation=Falling	_	_	_	_	_
83-14	BO034	83	83	14	una	una	_	_	_	_	_	linguistic	_	none	_	_	_	_	_	_
83-15	BO034	83	83	15	[scuola],	scuola	_	_	_	_	_	linguistic	_	none	Intonation=WeaklyRising	End=232.984	_	_	_	0-6(29)
84-0	BO026	84	84	0	[m:h]	mh	_	_	_	_	_	linguistic	_	none	_	Begin=232.446|End=232.966	0x1	_	_	0-2(29)
85-0	BO034	85	85	0	dove	dove	_	_	_	_	_	linguistic	_	none	_	Begin=233.248	_	_	_	_
85-1	BO034	85	85	1	seguo	seguo	_	_	_	_	_	linguistic	_	none	_	_	_	_	_	_
85-2	BO034	85	85	2	de:l	del	_	_	_	_	_	linguistic	_	none	_	_	1x1	_	_	_
85-3	BO034	85	85	3	degli	degli	_	_	_	_	_	linguistic	_	none	_	_	_	_	_	_
85-4	BO034	85	85	4	degli	degli	_	_	_	_	_	linguistic	_	none	_	_	_	_	_	_
85-5	BO034	85	85	5	studenti	studenti	_	_	_	_	_	linguistic	_	none	_	_	_	_	_	_
85-6	BO034	85	85	6	però,	però	_	_	_	_	_	linguistic	_	none	Intonation=WeaklyRising	End=235.811	_	_	_	_
86-0	BO034	86	86	0	a:h	ah	_	_	_	_	_	linguistic	_	none	ProsodicLink=Yes	Begin=236.31	0x1	_	_	_
86-1	BO034	86	86	1	m:h	mh	_	_	_	_	_	linguistic	_	none	_	End=237.267	0x1	_	_	_
87-0	BO034	87	87	0	non	non	_	_	_	_	_	linguistic	_	none	_	Begin=237.48	_	_	_	_
87-1	BO034	87	87	1	ho	ho	_	_	_	_	_	linguistic	_	none	_	_	_	_	_	_
87-2	BO034	87	87	2	studenti	studenti	_	_	_	_	_	linguistic	_	none	_	_	_	_	_	_
87-3	BO034	87	87	3	di	di	_	_	_	_	_	linguistic	_	none	_	_	_	_	_	_
87-4	BO034	87	87	4	italiano::	italiano	_	_	_	_	_	linguistic	_	none	PauseAfter=Yes	_	7x2	_	_	_
87-5	BO034	87	87	5	{P}	{P}	_	_	_	_	_	shortpause	_	none	_	_	_	_	_	_
87-6	BO034	87	87	6	(ho)	ho	_	_	_	_	_	linguistic	_	none	_	_	_	_	0-2(0)	_
87-7	BO034	87	87	7	studenti	studenti	_	_	_	_	_	linguistic	_	none	_	_	_	_	_	_
87-8	BO034	87	87	8	stranieri	stranieri	_	_	_	_	_	linguistic	_	none	_	_	_	_	_	_
87-9	BO034	87	87	9	che	che	_	_	_	_	_	linguistic	_	none	_	_	_	_	_	_
87-10	BO034	87	87	10	apprendono	apprendono	_	_	_	_	_	linguistic	_	none	_	_	_	_	_	_
87-11	BO034	87	87	11	l'	l'	_	_	_	_	_	linguistic	_	none	SpaceAfter=No	_	_	_	_	_
87-12	BO034	87	87	12	italiano.	italiano	_	_	_	_	_	linguistic	_	none	Intonation=Falling	End=242.818	_	_	_	_
88-0	BO034	88	88	0	perché	perché	_	_	_	_	_	linguistic	_	none	_	Begin=243.29	_	_	_	_
88-1	BO034	88	88	1	altrimenti	altrimenti	_	_	_	_	_	linguistic	_	none	_	_	_	_	_	_
88-2	BO034	88	88	2	mi	mi	_	_	_	_	_	linguistic	_	none	_	_	_	_	_	_
88-3	BO034	88	88	3	piacerebbe	piacerebbe	_	_	_	_	_	linguistic	_	none	_	_	_	_	_	_
88-4	BO034	88	88	4	anc~	anc~	_	_	_	_	_	linguistic	_	none	Interrupted=Yes	_	_	_	_	_
88-5	BO034	88	88	5	appunto	appunto	_	_	_	_	_	linguistic	_	none	_	_	_	_	_	_
88-6	BO034	88	88	6	analizzare:	analizzare	_	_	_	_	_	linguistic	_	none	_	_	9x1	_	_	_
88-7	BO034	88	88	7	l'	l'	_	_	_	_	_	linguistic	_	none	SpaceAfter=No	_	_	_	_	_
88-8	BO034	88	88	8	italiano::	italiano	_	_	_	_	_	linguistic	_	none	_	End=246.991	7x2	_	_	_
89-0	BO026	89	89	0	però	però	_	_	_	_	_	linguistic	_	none	_	Begin=246.991	_	_	_	_
89-1	BO026	89	89	1	se	se	_	_	_	_	_	linguistic	_	none	_	_	_	_	_	_
89-2	BO026	89	89	2	è	è	_	_	_	_	_	linguistic	_	none	_	_	_	_	_	_
89-3	BO026	89	89	3	interessata	interessata	_	_	_	_	_	linguistic	_	none	_	_	_	_	_	_
89-4	BO026	89	89	4	al	al	_	_	_	_	_	linguistic	_	none	_	_	_	_	_	_
89-5	BO026	89	89	5	suo	suo	_	_	_	_	_	linguistic	_	none	_	_	_	_	_	_
89-6	BO026	89	89	6	contesto	contesto	_	_	_	_	_	linguistic	_	none	PauseAfter=Yes	_	_	_	_	_
89-7	BO026	89	89	7	{P}	{P}	_	_	_	_	_	shortpause	_	none	_	_	_	_	_	_
89-8	BO026	89	89	8	a:	a	_	_	_	_	_	linguistic	_	none	_	_	0x1	_	_	_
89-9	BO026	89	89	9	una	una	_	_	_	_	_	linguistic	_	none	_	_	_	_	_	_
89-10	BO026	89	89	10	provenienza	provenienza	_	_	_	_	_	linguistic	_	none	_	_	_	_	_	_
89-11	BO026	89	89	11	quindi	quindi	_	_	_	_	_	linguistic	_	none	_	_	_	_	_	_
89-12	BO026	89	89	12	alle	alle	_	_	_	_	_	linguistic	_	none	_	_	_	_	_	_
89-13	BO026	89	89	13	scuole	scuole	_	_	_	_	_	linguistic	_	none	_	_	_	_	_	_
89-14	BO026	89	89	14	se	se	_	_	_	_	_	linguistic	_	none	_	_	_	_	_	_
89-15	BO026	89	89	15	lei,	lei	_	_	_	_	_	linguistic	_	none	Intonation=WeaklyRising	End=253.141	_	_	_	_
90-0	BO026	90	90	0	a::h	ah	_	_	_	_	_	linguistic	_	none	_	Begin=253.963	0x2	_	_	_
90-1	BO026	90	90	1	si	si	_	_	_	_	_	linguistic	_	none	_	_	_	_	_	_
90-2	BO026	90	90	2	documenta::	documenta	_	_	_	_	_	linguistic	_	none	ProsodicLink=Yes	_	8x2	_	_	_
90-3	BO026	90	90	3	innanzitutto	innanzitutto	_	_	_	_	_	linguistic	_	none	_	_	_	_	_	_
90-4	BO026	90	90	4	così,	così	_	_	_	_	_	linguistic	_	none	Intonation=WeaklyRising	End=257.259	_	_	_	_
91-0	BO026	91	91	0	in	in	_	_	_	_	_	linguistic	_	none	_	Begin=257.361	_	_	_	_
91-1	BO026	91	91	1	modo	modo	_	_	_	_	_	linguistic	_	none	_	_	_	_	_	_
91-2	BO026	91	91	2	preliminare	preliminare	_	_	_	_	_	linguistic	_	none	_	_	_	_	_	_
91-3	BO026	91	91	3	su:	su	_	_	_	_	_	linguistic	_	none	_	_	1x1	_	_	_
91-4	BO026	91	91	4	<scuole>	scuole	_	_	_	_	_	linguistic	_	none	_	_	_	Slow=0-6(0)	_	_
91-5	BO026	91	91	5	su	su	_	_	_	_	_	linguistic	_	none	_	_	_	_	_	_
91-6	BO026	91	91	6	sul	sul	_	_	_	_	_	linguistic	_	none	_	_	_	_	_	_
91-7	BO026	91	91	7	TEMA	tema	_	_	_	_	_	linguistic	_	none	Volume=high	_	_	_	_	_
91-8	BO026	91	91	8	del	del	_	_	_	_	_	linguistic	_	none	_	_	_	_	_	_
91-9	BO026	91	91	9	dialetto	dialetto	_	_	_	_	_	linguistic	_	none	_	_	_	_	_	_
91-10	BO026	91	91	10	a	a	_	_	_	_	_	linguistic	_	none	_	_	_	_	_	_
91-11	BO026	91	91	11	scuola	scuola	_	_	_	_	_	linguistic	_	none	_	_	_	_	_	_
91-12	BO026	91	91	12	e	e	_	_	_	_	_	linguistic	_	none	_	_	_	_	_	_
91-13	BO026	91	91	13	del	del	_	_	_	_	_	linguistic	_	none	_	_	_	_	_	_
91-14	BO026	91	91	14	dialetto:	dialetto	_	_	_	_	_	linguistic	_	none	_	_	7x1	_	_	_
91-15	BO026	91	91	15	del	del	_	_	_	_	_	linguistic	_	none	_	_	_	_	_	_
91-16	BO026	91	91	16	contesto	contesto	_	_	_	_	_	linguistic	_	none	_	_	_	_	_	_
91-17	BO026	91	91	17	di	di	_	_	_	_	_	linguistic	_	none	_	_	_	_	_	_
91-18	BO026	91	91	18	apprendimento	apprendimento	_	_	_	_	_	linguistic	_	none	_	_	_	_	_	_
91-19	BO026	91	91	19	dell'	dell'	_	_	_	_	_	linguistic	_	none	SpaceAfter=No	_	_	_	_	_
91-20	BO026	91	91	20	italiano	italiano	_	_	_	_	_	linguistic	_	none	_	_	_	_	_	_
91-21	BO026	91	91	21	elle	elle	_	_	_	_	_	linguistic	_	none	_	_	_	_	_	_
91-22	BO026	91	91	22	due	due	_	_	_	_	_	linguistic	_	none	_	_	_	_	_	_
91-23	BO026	91	91	23	da	da	_	_	_	_	_	linguistic	_	none	_	_	_	_	_	_
91-24	BO026	91	91	24	parte	parte	_	_	_	_	_	linguistic	_	none	_	_	_	_	_	_
91-25	BO026	91	91	25	degli	degli	_	_	_	_	_	linguistic	_	none	_	_	_	_	_	_
91-26	BO026	91	91	26	alunni	alunni	_	_	_	_	_	linguistic	_	none	_	_	_	_	_	_
91-27	BO026	91	91	27	stranieri.	stranieri	_	_	_	_	_	linguistic	_	none	Intonation=Falling	End=268.326	_	_	_	_
92-0	BO034	92	92	0	mh	mh	_	_	_	_	_	linguistic	_	none	_	Begin=268.616	_	_	_	_
92-1	BO034	92	92	1	mh	mh	_	_	_	_	_	linguistic	_	none	_	End=268.889	_	_	_	_
93-0	BO026	93	93	0	in	in	_	_	_	_	_	linguistic	_	none	_	Begin=268.897	_	_	_	_
93-1	BO026	93	93	1	un	un	_	_	_	_	_	linguistic	_	none	_	_	_	_	_	_
93-2	BO026	93	93	2	contesto	contesto	_	_	_	_	_	linguistic	_	none	_	_	_	_	_	_
93-3	BO026	93	93	3	dove	dove	_	_	_	_	_	linguistic	_	none	_	_	_	_	_	_
93-4	BO026	93	93	4	il	il	_	_	_	_	_	linguistic	_	none	_	_	_	_	_	_
93-5	BO026	93	93	5	dialetto	dialetto	_	_	_	_	_	linguistic	_	none	_	_	_	_	_	_
93-6	BO026	93	93	6	è	è	_	_	_	_	_	linguistic	_	none	ProsodicLink=Yes	_	_	_	_	_
93-7	BO026	93	93	7	m:h	mh	_	_	_	_	_	linguistic	_	none	_	End=271.44	0x1	_	_	_
94-0	BO026	94	94	0	codice	codice	_	_	_	_	_	linguistic	_	none	_	Begin=271.743	_	_	_	_
94-1	BO026	94	94	1	linguistico	linguistico	_	_	_	_	_	linguistic	_	none	_	_	_	_	_	_
94-2	BO026	94	94	2	quotidiano	quotidiano	_	_	_	_	_	linguistic	_	none	_	_	_	_	_	_
94-3	BO026	94	94	3	no,	no	_	_	_	_	_	linguistic	_	none	Intonation=WeaklyRising	End=273.89	_	_	_	_
95-0	BO034	95	95	0	sì.	sì	_	_	_	_	_	linguistic	_	none	Intonation=Falling	Begin=274.246|End=274.531	_	_	_	_
96-0	BO034	96	96	0	[(ma~)]	ma~	_	_	_	_	_	linguistic	_	none	Interrupted=Yes	Begin=274.81|End=275.068	_	_	0-3(0)	0-3(30)
97-0	BO026	97	97	0	[non]	non	_	_	_	_	_	linguistic	_	none	_	Begin=274.81	_	_	_	0-3(30)
97-1	BO026	97	97	1	a	a	_	_	_	_	_	linguistic	_	none	_	_	_	_	_	_
97-2	BO026	97	97	2	scuola	scuola	_	_	_	_	_	linguistic	_	none	_	_	_	_	_	_
97-3	BO026	97	97	3	perché	perché	_	_	_	_	_	linguistic	_	none	_	_	_	_	_	_
97-4	BO026	97	97	4	s[i	si	_	_	_	_	_	linguistic	_	none	_	_	_	_	_	1-2(31)
97-5	BO026	97	97	5	insegna	insegna	_	_	_	_	_	linguistic	_	none	_	_	_	_	_	0-7(31)
97-6	BO026	97	97	6	l'	l'	_	_	_	_	_	linguistic	_	none	SpaceAfter=No	_	_	_	_	0-2(31)
97-7	BO026	97	97	7	italiano]	italiano	_	_	_	_	_	linguistic	_	none	_	_	_	_	_	0-8(31)
97-8	BO026	97	97	8	però,	però	_	_	_	_	_	linguistic	_	none	Intonation=WeaklyRising	End=277.55	_	_	_	_
98-0	BO034	98	98	0	[eh	eh	_	_	_	_	_	linguistic	_	none	_	Begin=275.893	_	_	_	0-2(31)
98-1	BO034	98	98	1	esa~	esa~	_	_	_	_	_	linguistic	_	none	Interrupted=Yes	_	_	_	_	0-4(31)
98-2	BO034	98	98	2	okay].	okay	_	_	_	_	_	linguistic	_	none	Intonation=Falling	End=277.005	_	_	_	0-4(31)
99-0	BO026	99	99	0	magari	magari	_	_	_	_	_	linguistic	_	none	_	Begin=277.806	_	_	_	_
99-1	BO026	99	99	1	ci	ci	_	_	_	_	_	linguistic	_	none	_	_	_	_	_	_
99-2	BO026	99	99	2	so[no:::	sono	_	_	_	_	_	linguistic	_	none	ProsodicLink=Yes	_	3x3	_	_	2-4(32)
99-3	BO026	99	99	3	sì].	sì	_	_	_	_	_	linguistic	_	none	Intonation=Falling	End=280.075	_	_	_	0-2(32)
100-0	BO034	100	100	0	[in	in	_	_	_	_	_	linguistic	_	none	_	Begin=278.591	_	_	_	0-2(32)
100-1	BO034	100	100	1	un	un	_	_	_	_	_	linguistic	_	none	_	_	_	_	_	0-2(32)
100-2	BO034	100	100	2	contesto	contesto	_	_	_	_	_	linguistic	_	none	_	_	_	_	_	0-8(32)
100-3	BO034	100	100	3	ex~	ex~	_	_	_	_	_	linguistic	_	none	Interrupted=Yes	_	_	_	_	0-3(32)
100-4	BO034	100	100	4	extrascola]stico.	extrascolastico	_	_	_	_	_	linguistic	_	none	Intonation=Falling	End=280.505	_	_	_	0-10(32)
101-0	BO026	101	101	0	o	o	_	_	_	_	_	linguistic	_	none	_	Begin=280.658	_	_	_	_
101-1	BO026	101	101	1	extrascolastico	extrascolastico	_	_	_	_	_	linguistic	_	none	_	_	_	_	_	_
101-2	BO026	101	101	2	oppure	oppure	_	_	_	_	_	linguistic	_	none	PauseAfter=Yes	_	_	_	_	_
101-3	BO026	101	101	3	{P}	{P}	_	_	_	_	_	shortpause	_	none	_	_	_	_	_	_
101-4	BO026	101	101	4	nelle	nelle	_	_	_	_	_	linguistic	_	none	_	_	_	_	_	_
101-5	BO026	101	101	5	scuole	scuole	_	_	_	_	_	linguistic	_	none	_	_	_	_	_	_
101-6	BO026	101	101	6	dove	dove	_	_	_	_	_	linguistic	_	none	_	_	_	_	_	_
101-7	BO026	101	101	7	il	il	_	_	_	_	_	linguistic	_	none	_	_	_	_	_	_
101-8	BO026	101	101	8	dialetto	dialetto	_	_	_	_	_	linguistic	_	none	_	_	_	_	_	_
101-9	BO026	101	101	9	è:::	è	_	_	_	_	_	linguistic	_	none	_	End=286.467	0x3	_	_	_
102-0	BO026	102	102	0	e::h	eh	_	_	_	_	_	linguistic	_	none	_	Begin=286.94	0x2	_	_	_
102-1	BO026	102	102	1	oggetto	oggetto	_	_	_	_	_	linguistic	_	none	_	_	_	_	_	_
102-2	BO026	102	102	2	di	di	_	_	_	_	_	linguistic	_	none	_	_	_	_	_	_
102-3	BO026	102	102	3	di	di	_	_	_	_	_	linguistic	_	none	_	_	_	_	_	_
102-4	BO026	102	102	4	ricerca	ricerca	_	_	_	_	_	linguistic	_	none	_	_	_	_	_	_
102-5	BO026	102	102	5	di	di	_	_	_	_	_	linguistic	_	none	_	_	_	_	_	_
102-6	BO026	102	102	6	insegnamento	insegnamento	_	_	_	_	_	linguistic	_	none	_	_	_	_	_	_
102-7	BO026	102	102	7	di::	di	_	_	_	_	_	linguistic	_	none	_	_	1x2	_	_	_
102-8	BO026	102	102	8	progetti	progetti	_	_	_	_	_	linguistic	_	none	_	_	_	_	_	_
102-9	BO026	102	102	9	all'	all'	_	_	_	_	_	linguistic	_	none	SpaceAfter=No	_	_	_	_	_
102-10	BO026	102	102	10	in[terno	interno	_	_	_	_	_	linguistic	_	none	_	_	_	_	_	1-7(33)
102-11	BO026	102	102	11	di	di	_	_	_	_	_	linguistic	_	none	_	_	_	_	_	0-2(33)
102-12	BO026	102	102	12	prog]etti	progetti	_	_	_	_	_	linguistic	_	none	_	_	_	_	_	0-4(33)
102-13	BO026	102	102	13	che	che	_	_	_	_	_	linguistic	_	none	_	_	_	_	_	_
102-14	BO026	102	102	14	tengano	tengano	_	_	_	_	_	linguistic	_	none	_	_	_	_	_	_
102-15	BO026	102	102	15	conto	conto	_	_	_	_	_	linguistic	_	none	_	_	_	_	_	_
102-16	BO026	102	102	16	anche	anche	_	_	_	_	_	linguistic	_	none	_	_	_	_	_	_
102-17	BO026	102	102	17	delle	delle	_	_	_	_	_	linguistic	_	none	_	_	_	_	_	_
102-18	BO026	102	102	18	lingue::	lingue	_	_	_	_	_	linguistic	_	none	_	End=295.511	5x2	_	_	_
103-0	BO034	103	103	0	[okay].	okay	_	_	_	_	_	linguistic	_	none	Intonation=Falling	Begin=291.889|End=292.495	_	_	_	0-4(33)
104-0	BO026	104	104	0	locali	locali	_	_	_	_	_	linguistic	_	none	_	Begin=295.958	_	_	_	_
104-1	BO026	104	104	1	no,	no	_	_	_	_	_	linguistic	_	none	Intonation=WeaklyRising	End=296.787	_	_	_	_
105-0	BO034	105	105	0	m:h	mh	_	_	_	_	_	linguistic	_	none	ProsodicLink=Yes	Begin=296.787	0x1	_	_	_
105-1	BO034	105	105	1	mh	mh	_	_	_	_	_	linguistic	_	none	_	End=297.426	_	_	_	_
106-0	BO026	106	106	0	e::h	eh	_	_	_	_	_	linguistic	_	none	ProsodicLink=Yes	Begin=297.71	0x2	_	_	_
106-1	BO026	106	106	1	mh	mh	_	_	_	_	_	linguistic	_	none	_	End=298.788	_	_	_	_
107-0	BO034	107	107	0	sì.	sì	_	_	_	_	_	linguistic	_	none	Intonation=Falling	Begin=299.006|End=299.415	_	_	_	_
108-0	BO026	108	108	0	e:h	eh	_	_	_	_	_	linguistic	_	none	ProsodicLink=Yes	Begin=300.201	0x1	_	_	_
108-1	BO026	108	108	1	m:h	mh	_	_	_	_	_	linguistic	_	none	_	End=301.385	0x1	_	_	_
109-0	BO026	109	109	0	forse	forse	_	_	_	_	_	linguistic	_	none	_	Begin=302.696	_	_	_	_
109-1	BO026	109	109	1	dovrebbe	dovrebbe	_	_	_	_	_	linguistic	_	none	_	_	_	_	_	_
109-2	BO026	109	109	2	prima	prima	_	_	_	_	_	linguistic	_	none	_	_	_	_	_	_
109-3	BO026	109	109	3	documentarsi	documentarsi	_	_	_	_	_	linguistic	_	none	_	_	_	_	_	_
109-4	BO026	109	109	4	su,	su	_	_	_	_	_	linguistic	_	none	Intonation=WeaklyRising	End=305.183	_	_	_	_
110-0	BO026	110	110	0	°da	da	_	_	_	_	_	linguistic	_	none	Volume=low	Begin=305.64	_	_	_	_
110-1	BO026	110	110	1	[dove]	dove	_	_	_	_	_	linguistic	_	none	Volume=low	_	_	_	_	0-4(34)
110-2	BO026	110	110	2	viene	viene	_	_	_	_	_	linguistic	_	none	Volume=low	_	_	_	_	_
110-3	BO026	110	110	3	esattamente?°	esattamente	_	_	_	_	_	linguistic	_	none	Intonation=Rising|Volume=low	End=307.128	_	_	_	_
111-0	BO034	111	111	0	[sì].	sì	_	_	_	_	_	linguistic	_	none	Intonation=Falling	Begin=305.861|End=306.123	_	_	_	0-2(34)
112-0	BO034	112	112	0	mh	mh	_	_	_	_	_	linguistic	_	none	_	Begin=307.275	_	_	_	_
112-1	BO034	112	112	1	treviso.	treviso	_	_	_	_	_	linguistic	_	none	Intonation=Falling	_	_	_	_	_
112-2	BO034	112	112	2	[prov]incia	provincia	_	_	_	_	_	linguistic	_	none	_	_	_	_	_	0-4(35)
112-3	BO034	112	112	3	di	di	_	_	_	_	_	linguistic	_	none	_	_	_	_	_	_
112-4	BO034	112	112	4	treviso.	treviso	_	_	_	_	_	linguistic	_	none	Intonation=Falling	End=309.375	_	_	_	_
113-0	BO026	113	113	0	[mh]	mh	_	_	_	_	_	linguistic	_	none	_	Begin=308.15|End=308.35	_	_	_	0-2(35)
114-0	BO034	114	114	0	quindi	quindi	_	_	_	_	_	linguistic	_	none	_	Begin=310.183	_	_	_	_
114-1	BO034	114	114	1	sì	sì	_	_	_	_	_	linguistic	_	none	_	_	_	_	_	_
114-2	BO034	114	114	2	pos~	pos~	_	_	_	_	_	linguistic	_	none	Interrupted=Yes	_	_	_	_	_
114-3	BO034	114	114	3	m:h	mh	_	_	_	_	_	linguistic	_	none	ProsodicLink=Yes	_	0x1	_	_	_
114-4	BO034	114	114	4	mi	mi	_	_	_	_	_	linguistic	_	none	_	_	_	_	_	_
114-5	BO034	114	114	5	documento	documento	_	_	_	_	_	linguistic	_	none	_	_	_	_	_	_
114-6	BO034	114	114	6	e::	e	_	_	_	_	_	linguistic	_	none	_	End=312.576	0x2	_	_	_
115-0	BO026	115	115	0	perché	perché	_	_	_	_	_	linguistic	_	none	PauseAfter=Yes	Begin=312.576	_	_	_	_
115-1	BO026	115	115	1	{P}	{P}	_	_	_	_	_	shortpause	_	none	_	_	_	_	_	_
115-2	BO026	115	115	2	n~	n~	_	_	_	_	_	linguistic	_	none	Interrupted=Yes	_	_	_	_	_
115-3	BO026	115	115	3	un	un	_	_	_	_	_	linguistic	_	none	_	_	_	_	_	_
115-4	BO026	115	115	4	un	un	_	_	_	_	_	linguistic	_	none	_	_	_	_	_	_
115-5	BO026	115	115	5	altro	altro	_	_	_	_	_	linguistic	_	none	_	_	_	_	_	_
115-6	BO026	115	115	6	tema	tema	_	_	_	_	_	linguistic	_	none	_	_	_	_	_	_
115-7	BO026	115	115	7	interessante	interessante	_	_	_	_	_	linguistic	_	none	_	_	_	_	_	_
115-8	BO026	115	115	8	sarebbe	sarebbe	_	_	_	_	_	linguistic	_	none	_	_	_	_	_	_
115-9	BO026	115	115	9	la	la	_	_	_	_	_	linguistic	_	none	_	_	_	_	_	_
115-10	BO026	115	115	10	percezione	percezione	_	_	_	_	_	linguistic	_	none	_	_	_	_	_	_
115-11	BO026	115	115	11	sociolinguistica	sociolinguistica	_	_	_	_	_	linguistic	_	none	_	_	_	_	_	_
115-12	BO026	115	115	12	che	che	_	_	_	_	_	linguistic	_	none	_	_	_	_	_	_
115-13	BO026	115	115	13	hanno	hanno	_	_	_	_	_	linguistic	_	none	_	_	_	_	_	_
115-14	BO026	115	115	14	gli	gli	_	_	_	_	_	linguistic	_	none	_	_	_	_	_	_
115-15	BO026	115	115	15	alunni	alunni	_	_	_	_	_	linguistic	_	none	PauseAfter=Yes	_	_	_	_	_
115-16	BO026	115	115	16	{P}	{P}	_	_	_	_	_	shortpause	_	none	_	_	_	_	_	_
115-17	BO026	115	115	17	stranieri.	stranieri	_	_	_	_	_	linguistic	_	none	Intonation=Falling	End=319.57	_	_	_	_
116-0	BO034	116	116	0	o[ka~]	oka~	_	_	_	_	_	linguistic	_	none	Interrupted=Yes	Begin=320.275|End=320.793	_	_	_	1-4(36)
117-0	BO026	117	117	0	[della	della	_	_	_	_	_	linguistic	_	none	_	Begin=320.376	_	_	_	0-5(36)
117-1	BO026	117	117	1	re]altà	realtà	_	_	_	_	_	linguistic	_	none	_	_	_	_	_	0-2(36)
117-2	BO026	117	117	2	sociolinguistica	sociolinguistica	_	_	_	_	_	linguistic	_	none	_	_	_	_	_	_
117-3	BO026	117	117	3	°xx	xx	_	_	_	_	_	unknown	_	none	Volume=low|Syllables=2	_	_	_	_	_
117-4	BO026	117	117	4	perché,°	perché	_	_	_	_	_	linguistic	_	none	Intonation=WeaklyRising|Volume=low	End=322.431	_	_	_	_
118-0	BO026	118	118	0	sugli	sugli	_	_	_	_	_	linguistic	_	none	_	Begin=323.165	_	_	_	_
118-1	BO026	118	118	1	sugli	sugli	_	_	_	_	_	linguistic	_	none	_	_	_	_	_	_
118-2	BO026	118	118	2	adulti	adulti	_	_	_	_	_	linguistic	_	none	_	_	_	_	_	_
118-3	BO026	118	118	3	sono	sono	_	_	_	_	_	linguistic	_	none	_	_	_	_	_	_
118-4	BO026	118	118	4	stati	stati	_	_	_	_	_	linguistic	_	none	_	_	_	_	_	_
118-5	BO026	118	118	5	fatti	fatti	_	_	_	_	_	linguistic	_	none	_	_	_	_	_	_
118-6	BO026	118	118	6	dei	dei	_	_	_	_	_	linguistic	_	none	_	_	_	_	_	_
118-7	BO026	118	118	7	lavori	lavori	_	_	_	_	_	linguistic	_	none	_	_	_	_	_	_
118-8	BO026	118	118	8	ma	ma	_	_	_	_	_	linguistic	_	none	_	_	_	_	_	_
118-9	BO026	118	118	9	sugli	sugli	_	_	_	_	_	linguistic	_	none	_	_	_	_	_	_
118-10	BO026	118	118	10	alu~	alu~	_	_	_	_	_	linguistic	_	none	Interrupted=Yes	_	_	_	_	_
118-11	BO026	118	118	11	su:i	sui	_	_	_	_	_	linguistic	_	none	_	_	1x1	_	_	_
118-12	BO026	118	118	12	bambini	bambini	_	_	_	_	_	linguistic	_	none	_	_	_	_	_	_
118-13	BO026	118	118	13	non	non	_	_	_	_	_	linguistic	_	none	_	_	_	_	_	_
118-14	BO026	118	118	14	ancora	ancora	_	_	_	_	_	linguistic	_	none	_	_	_	_	_	_
118-15	BO026	118	118	15	se	se	_	_	_	_	_	linguistic	_	none	_	_	_	_	_	_
118-16	BO026	118	118	16	non,	non	_	_	_	_	_	linguistic	_	none	Intonation=WeaklyRising	End=328.752	_	_	_	_
119-0	BO026	119	119	0	m::h	mh	_	_	_	_	_	linguistic	_	none	_	Begin=329.541	0x2	_	_	_
119-1	BO026	119	119	1	progetti::	progetti	_	_	_	_	_	linguistic	_	none	ProsodicLink=Yes	_	7x2	_	_	_
119-2	BO026	119	119	2	mh	mh	_	_	_	_	_	linguistic	_	none	_	End=331.498	_	_	_	_
120-0	BO026	120	120	0	forse	forse	_	_	_	_	_	linguistic	_	none	_	Begin=331.96	_	_	_	_
120-1	BO026	120	120	1	deve	deve	_	_	_	_	_	linguistic	_	none	_	_	_	_	_	_
120-2	BO026	120	120	2	deve	deve	_	_	_	_	_	linguistic	_	none	_	_	_	_	_	_
120-3	BO026	120	120	3	documentarsi	documentarsi	_	_	_	_	_	linguistic	_	none	_	_	_	_	_	_
120-4	BO026	120	120	4	sull	sull	_	_	_	_	_	linguistic	_	none	_	_	_	_	_	_
120-5	BO026	120	120	5	centro	centro	_	_	_	_	_	linguistic	_	none	_	_	_	_	_	_
120-6	BO026	120	120	6	per	per	_	_	_	_	_	linguistic	_	none	_	_	_	_	_	_
120-7	BO026	120	120	7	il	il	_	_	_	_	_	linguistic	_	none	_	_	_	_	_	_
120-8	BO026	120	120	8	plurilinguismo	plurilinguismo	_	_	_	_	_	linguistic	_	none	_	_	_	_	_	_
120-9	BO026	120	120	9	di	di	_	_	_	_	_	linguistic	_	none	_	_	_	_	_	_
120-10	BO026	120	120	10	udine,	udine	_	_	_	_	_	linguistic	_	none	Intonation=WeaklyRising	End=337.183	_	_	_	_
121-0	BO034	121	121	0	okay.	okay	_	_	_	_	_	linguistic	_	none	Intonation=Falling	Begin=337.82|End=338.383	_	_	_	_
122-0	BO034	122	122	0	°centro	centro	_	_	_	_	_	linguistic	_	none	Volume=low	Begin=338.871	_	_	_	_
122-1	BO034	122	122	1	di	di	_	_	_	_	_	linguistic	_	none	Volume=low	_	_	_	_	_
122-2	BO034	122	122	2	plurilingui[smo]	plurilinguismo	_	_	_	_	_	linguistic	_	none	Volume=low	_	_	_	_	11-14(37)
122-3	BO034	122	122	3	di	di	_	_	_	_	_	linguistic	_	none	Volume=low	_	_	_	_	_
122-4	BO034	122	122	4	udine.°	udine	_	_	_	_	_	linguistic	_	none	Intonation=Falling|Volume=low	End=340.553	_	_	_	_
123-0	BO026	123	123	0	[sì].	sì	_	_	_	_	_	linguistic	_	none	Intonation=Falling	Begin=339.591|End=339.865	_	_	_	0-2(37)
124-0	BO034	124	124	0	o[kay].	okay	_	_	_	_	_	linguistic	_	none	Intonation=Falling	Begin=341.315|End=341.697	_	_	_	1-4(38)
125-0	BO026	125	125	0	[per	per	_	_	_	_	_	linguistic	_	none	_	Begin=341.445	_	_	_	0-3(38)
125-1	BO026	125	125	1	i]l	il	_	_	_	_	_	linguistic	_	none	_	_	_	_	_	0-1(38)
125-2	BO026	125	125	2	plurilinguismo	plurilinguismo	_	_	_	_	_	linguistic	_	none	_	_	_	_	_	_
125-3	BO026	125	125	3	e	e	_	_	_	_	_	linguistic	_	none	_	_	_	_	_	_
125-4	BO026	125	125	4	su::l	sul	_	_	_	_	_	linguistic	_	none	_	End=344.422	1x2	_	_	_
126-0	BO026	126	126	0	sull'	sull'	_	_	_	_	_	linguistic	_	none	SpaceAfter=No	Begin=345.125	_	_	_	_
126-1	BO026	126	126	1	ufficio	ufficio	_	_	_	_	_	linguistic	_	none	_	_	_	_	_	_
126-2	BO026	126	126	2	scolastico	scolastico	_	_	_	_	_	linguistic	_	none	_	_	_	_	_	_
126-3	BO026	126	126	3	regionale,	regionale	_	_	_	_	_	linguistic	_	none	Intonation=WeaklyRising	End=347.192	_	_	_	_
127-0	BO034	127	127	0	[m::h]	mh	_	_	_	_	_	linguistic	_	none	_	Begin=347.196|End=347.743	0x2	_	_	0-2(39)
128-0	BO026	128	128	0	[della:]	della	_	_	_	_	_	linguistic	_	none	_	Begin=347.331	4x1	_	_	0-5(39)
128-1	BO026	128	128	1	se	se	_	_	_	_	_	linguistic	_	none	_	_	_	_	_	_
128-2	BO026	128	128	2	ci	ci	_	_	_	_	_	linguistic	_	none	_	_	_	_	_	_
128-3	BO026	128	128	3	sono	sono	_	_	_	_	_	linguistic	_	none	_	_	_	_	_	_
128-4	BO026	128	128	4	stati	stati	_	_	_	_	_	linguistic	_	none	_	_	_	_	_	_
128-5	BO026	128	128	5	progetti	progetti	_	_	_	_	_	linguistic	_	none	_	_	_	_	_	_
128-6	BO026	128	128	6	presso	presso	_	_	_	_	_	linguistic	_	none	_	_	_	_	_	_
128-7	BO026	128	128	7	le	le	_	_	_	_	_	linguistic	_	none	_	_	_	_	_	_
128-8	BO026	128	128	8	scuole.	scuole	_	_	_	_	_	linguistic	_	none	Intonation=Falling	_	_	_	_	_
128-9	BO026	128	128	9	a	a	_	_	_	_	_	linguistic	_	none	_	_	_	_	_	_
128-10	BO026	128	128	10	partire	partire	_	_	_	_	_	linguistic	_	none	_	_	_	_	_	_
128-11	BO026	128	128	11	da	da	_	_	_	_	_	linguistic	_	none	_	_	_	_	_	_
128-12	BO026	128	128	12	questa	questa	_	_	_	_	_	linguistic	_	none	_	_	_	_	_	_
128-13	BO026	128	128	13	documentazione	documentazione	_	_	_	_	_	linguistic	_	none	_	_	_	_	_	_
128-14	BO026	128	128	14	iniziale	iniziale	_	_	_	_	_	linguistic	_	none	_	_	_	_	_	_
128-15	BO026	128	128	15	preliminare,	preliminare	_	_	_	_	_	linguistic	_	none	Intonation=WeaklyRising	End=353.99	_	_	_	_
129-0	BO026	129	129	0	può	può	_	_	_	_	_	linguistic	_	none	_	Begin=354.448	_	_	_	_
129-1	BO026	129	129	1	individuare	individuare	_	_	_	_	_	linguistic	_	none	_	_	_	_	_	_
129-2	BO026	129	129	2	un	un	_	_	_	_	_	linguistic	_	none	_	_	_	_	_	_
129-3	BO026	129	129	3	tema	tema	_	_	_	_	_	linguistic	_	none	_	_	_	_	_	_
129-4	BO026	129	129	4	che:	che	_	_	_	_	_	linguistic	_	none	_	_	2x1	_	_	_
129-5	BO026	129	129	5	che::	che	_	_	_	_	_	linguistic	_	none	_	End=357.006	2x2	_	_	_
130-0	BO026	130	130	0	che	che	_	_	_	_	_	linguistic	_	none	_	Begin=357.15	_	_	_	_
130-1	BO026	130	130	1	[le	le	_	_	_	_	_	linguistic	_	none	_	_	_	_	_	0-2(40)
130-2	BO026	130	130	2	interes]sa	interessa	_	_	_	_	_	linguistic	_	none	_	_	_	_	_	0-7(40)
130-3	BO026	130	130	3	di	di	_	_	_	_	_	linguistic	_	none	_	_	_	_	_	_
130-4	BO026	130	130	4	più.	più	_	_	_	_	_	linguistic	_	none	Intonation=Falling	End=358.366	_	_	_	_
131-0	BO034	131	131	0	[okay].	okay	_	_	_	_	_	linguistic	_	none	Intonation=Falling	Begin=357.286|End=357.768	_	_	_	0-4(40)
132-0	BO034	132	132	0	[okay].	okay	_	_	_	_	_	linguistic	_	none	Intonation=Falling	Begin=358.868|End=359.231	_	_	_	0-4(41)
133-0	BO026	133	133	0	[m:h]	mh	_	_	_	_	_	linguistic	_	none	_	Begin=358.871|End=359.247	0x1	_	_	0-2(41)
134-0	BO034	134	134	0	sì.	sì	_	_	_	_	_	linguistic	_	none	Intonation=Falling	Begin=359.477|End=359.761	_	_	_	_
135-0	BO026	135	135	0	faccia	faccia	_	_	_	_	_	linguistic	_	none	_	Begin=359.76	_	_	_	_
135-1	BO026	135	135	1	prima	prima	_	_	_	_	_	linguistic	_	none	_	_	_	_	_	_
135-2	BO026	135	135	2	questa	questa	_	_	_	_	_	linguistic	_	none	_	_	_	_	_	_
135-3	BO026	135	135	3	sorta	sorta	_	_	_	_	_	linguistic	_	none	_	_	_	_	_	_
135-4	BO026	135	135	4	di:	di	_	_	_	_	_	linguistic	_	none	_	_	1x1	_	_	_
135-5	BO026	135	135	5	[perlustrazi]one	perlustrazione	_	_	_	_	_	linguistic	_	none	_	_	_	_	_	0-11(43)
135-6	BO026	135	135	6	no,	no	_	_	_	_	_	linguistic	_	none	Intonation=WeaklyRising	End=363.11	_	_	_	_
136-0	BO034	136	136	0	[ricerca].	ricerca	_	_	_	_	_	linguistic	_	none	Intonation=Falling	Begin=361.64|End=362.51	_	_	_	0-7(43)
137-0	BO026	137	137	0	e	e	_	_	_	_	_	linguistic	_	none	_	Begin=363.422	_	_	_	_
137-1	BO026	137	137	1	poi::	poi	_	_	_	_	_	linguistic	_	none	_	_	2x2	_	_	_
137-2	BO026	137	137	2	definiamo	definiamo	_	_	_	_	_	linguistic	_	none	PauseAfter=Yes	_	_	_	_	_
137-3	BO026	137	137	3	{P}	{P}	_	_	_	_	_	shortpause	_	none	_	_	_	_	_	_
137-4	BO026	137	137	4	quale	quale	_	_	_	_	_	linguistic	_	none	_	_	_	_	_	_
137-5	BO026	137	137	5	argomento.	argomento	_	_	_	_	_	linguistic	_	none	Intonation=Falling	End=366.761	_	_	_	_
138-0	BO034	138	138	0	okay.	okay	_	_	_	_	_	linguistic	_	none	Intonation=Falling	Begin=367.068|End=367.531	_	_	_	_
139-0	BO034	139	139	0	>perché	perché	_	_	_	_	_	linguistic	_	none	_	Begin=367.976	_	Fast=0-6(0)	_	_
139-1	BO034	139	139	1	altrimenti	altrimenti	_	_	_	_	_	linguistic	_	none	_	_	_	Fast=0-10(0)	_	_
139-2	BO034	139	139	2	mi	mi	_	_	_	_	_	linguistic	_	none	_	_	_	Fast=0-2(0)	_	_
139-3	BO034	139	139	3	stava	stava	_	_	_	_	_	linguistic	_	none	_	_	_	Fast=0-5(0)	_	_
139-4	BO034	139	139	4	venendo	venendo	_	_	_	_	_	linguistic	_	none	_	_	_	Fast=0-7(0)	_	_
139-5	BO034	139	139	5	in	in	_	_	_	_	_	linguistic	_	none	_	_	_	Fast=0-2(0)	_	_
139-6	BO034	139	139	6	mente	mente	_	_	_	_	_	linguistic	_	none	_	_	_	Fast=0-5(0)	_	_
139-7	BO034	139	139	7	che:	che	_	_	_	_	_	linguistic	_	none	ProsodicLink=Yes	_	2x1	Fast=0-3(0)	_	_
139-8	BO034	139	139	8	m:h<	mh	_	_	_	_	_	linguistic	_	none	_	End=370.545	0x1	Fast=0-2(0)	_	_
140-0	BO034	140	140	0	e::h	eh	_	_	_	_	_	linguistic	_	none	ProsodicLink=Yes	Begin=370.973	0x2	_	_	_
140-1	BO034	140	140	1	mh	mh	_	_	_	_	_	linguistic	_	none	_	End=371.861	_	_	_	_
141-0	BO034	141	141	0	c~	c~	_	_	_	_	_	linguistic	_	none	Interrupted=Yes	Begin=372.856	_	_	_	_
141-1	BO034	141	141	1	conosco	conosco	_	_	_	_	_	linguistic	_	none	_	_	_	_	_	_
141-2	BO034	141	141	2	un	un	_	_	_	_	_	linguistic	_	none	_	_	_	_	_	_
141-3	BO034	141	141	3	un	un	_	_	_	_	_	linguistic	_	none	_	_	_	_	_	_
141-4	BO034	141	141	4	ragazzo,	ragazzo	_	_	_	_	_	linguistic	_	none	Intonation=WeaklyRising	End=375.141	_	_	_	_
142-0	BO034	142	142	0	che	che	_	_	_	_	_	linguistic	_	none	_	Begin=375.418	_	_	_	_
142-1	BO034	142	142	1	è	è	_	_	_	_	_	linguistic	_	none	_	_	_	_	_	_
142-2	BO034	142	142	2	de::l	del	_	_	_	_	_	linguistic	_	none	_	End=376.718	1x2	_	_	_
143-0	BO034	143	143	0	del	del	_	_	_	_	_	linguistic	_	none	_	Begin=377.138|End=377.503	_	_	_	_
144-0	BO034	144	144	0	>non	non	_	_	_	_	_	linguistic	_	none	_	Begin=378.476	_	Fast=0-3(0)	_	_
144-1	BO034	144	144	1	mi	mi	_	_	_	_	_	linguistic	_	none	_	_	_	Fast=0-2(0)	_	_
144-2	BO034	144	144	2	ricordo	ricordo	_	_	_	_	_	linguistic	_	none	_	_	_	Fast=0-7(0)	_	_
144-3	BO034	144	144	3	quale	quale	_	_	_	_	_	linguistic	_	none	_	_	_	Fast=0-5(0)	_	_
144-4	BO034	144	144	4	paese	paese	_	_	_	_	_	linguistic	_	none	_	_	_	Fast=0-5(0)	_	_
144-5	BO034	144	144	5	dell'	dell'	_	_	_	_	_	linguistic	_	none	SpaceAfter=No	_	_	Fast=0-5(0)	_	_
144-6	BO034	144	144	6	africa<,	africa	_	_	_	_	_	linguistic	_	none	Intonation=WeaklyRising	End=380.321	_	Fast=0-6(0)	_	_
145-0	BO034	145	145	0	e	e	_	_	_	_	_	linguistic	_	none	_	Begin=380.531	_	_	_	_
145-1	BO034	145	145	1	che	che	_	_	_	_	_	linguistic	_	none	_	_	_	_	_	_
145-2	BO034	145	145	2	sta	sta	_	_	_	_	_	linguistic	_	none	_	_	_	_	_	_
145-3	BO034	145	145	3	apprendendo	apprendendo	_	_	_	_	_	linguistic	_	none	_	_	_	_	_	_
145-4	BO034	145	145	4	l'	l'	_	_	_	_	_	linguistic	_	none	SpaceAfter=No	_	_	_	_	_
145-5	BO034	145	145	5	italiano.	italiano	_	_	_	_	_	linguistic	_	none	Intonation=Falling	End=382.01	_	_	_	_
146-0	BO034	146	146	0	ha	ha	_	_	_	_	_	linguistic	_	none	_	Begin=382.3	_	_	_	_
146-1	BO034	146	146	1	[ventiqua]ttro	ventiquattro	_	_	_	_	_	linguistic	_	none	_	_	_	_	_	0-8(44)
146-2	BO034	146	146	2	anni	anni	_	_	_	_	_	linguistic	_	none	_	_	_	_	_	_
146-3	BO034	146	146	3	questo	questo	_	_	_	_	_	linguistic	_	none	_	_	_	_	_	_
146-4	BO034	146	146	4	ragazzo.	ragazzo	_	_	_	_	_	linguistic	_	none	Intonation=Falling	End=384.031	_	_	_	_
147-0	BO026	147	147	0	[mh	mh	_	_	_	_	_	linguistic	_	none	_	Begin=382.37	_	_	_	0-2(44)
147-1	BO026	147	147	1	mh].	mh	_	_	_	_	_	linguistic	_	none	Intonation=Falling	End=382.733	_	_	_	0-2(44)
148-0	BO034	148	148	0	e	e	_	_	_	_	_	linguistic	_	none	_	Begin=384.061	_	_	_	_
148-1	BO034	148	148	1	mi	mi	_	_	_	_	_	linguistic	_	none	_	_	_	_	_	_
148-2	BO034	148	148	2	ha	ha	_	_	_	_	_	linguistic	_	none	_	_	_	_	_	_
148-3	BO034	148	148	3	chiesto	chiesto	_	_	_	_	_	linguistic	_	none	_	_	_	_	_	_
148-4	BO034	148	148	4	se	se	_	_	_	_	_	linguistic	_	none	_	_	_	_	_	_
148-5	BO034	148	148	5	appunto	appunto	_	_	_	_	_	linguistic	_	none	_	_	_	_	_	_
148-6	BO034	148	148	6	potevo	potevo	_	_	_	_	_	linguistic	_	none	_	_	_	_	_	_
148-7	BO034	148	148	7	anche	anche	_	_	_	_	_	linguistic	_	none	_	_	_	_	_	_
148-8	BO034	148	148	8	dargli:	dargli	_	_	_	_	_	linguistic	_	none	_	End=386.299	5x1	_	_	_
149-0	BO034	149	149	0	delle	delle	_	_	_	_	_	linguistic	_	none	_	Begin=386.696	_	_	_	_
149-1	BO034	149	149	1	ripetizioni	ripetizioni	_	_	_	_	_	linguistic	_	none	_	_	_	_	_	_
149-2	BO034	149	149	2	oltre	oltre	_	_	_	_	_	linguistic	_	none	_	_	_	_	_	_
149-3	BO034	149	149	3	al	al	_	_	_	_	_	linguistic	_	none	_	_	_	_	_	_
149-4	BO034	149	149	4	corso	corso	_	_	_	_	_	linguistic	_	none	_	_	_	_	_	_
149-5	BO034	149	149	5	d[i:	di	_	_	_	_	_	linguistic	_	none	_	_	1x1	_	_	1-2(45)
149-6	BO034	149	149	6	ita]liano	italiano	_	_	_	_	_	linguistic	_	none	_	_	_	_	_	0-3(45)
149-7	BO034	149	149	7	che	che	_	_	_	_	_	linguistic	_	none	_	_	_	_	_	_
149-8	BO034	149	149	8	sta	sta	_	_	_	_	_	linguistic	_	none	_	_	_	_	_	_
149-9	BO034	149	149	9	facendo.	facendo	_	_	_	_	_	linguistic	_	none	Intonation=Falling	End=389.911	_	_	_	_
150-0	BO026	150	150	0	[mh	mh	_	_	_	_	_	linguistic	_	none	_	Begin=388.381	_	_	_	0-2(45)
150-1	BO026	150	150	1	mh].	mh	_	_	_	_	_	linguistic	_	none	Intonation=Falling	End=388.786	_	_	_	0-2(45)
151-0	BO034	151	151	0	quindi	quindi	_	_	_	_	_	linguistic	_	none	_	Begin=390.726	_	_	_	_
151-1	BO034	151	151	1	altrimenti	altrimenti	_	_	_	_	_	linguistic	_	none	_	_	_	_	_	_
151-2	BO034	151	151	2	nel	nel	_	_	_	_	_	linguistic	_	none	_	_	_	_	_	_
151-3	BO034	151	151	3	caso	caso	_	_	_	_	_	linguistic	_	none	_	_	_	_	_	_
151-4	BO034	151	151	4	si	si	_	_	_	_	_	linguistic	_	none	_	_	_	_	_	_
151-5	BO034	151	151	5	potrebbe	potrebbe	_	_	_	_	_	linguistic	_	none	_	_	_	_	_	_
151-6	BO034	151	151	6	anche::	anche	_	_	_	_	_	linguistic	_	none	_	End=392.959	4x2	_	_	_
152-0	BO026	152	152	0	sì	sì	_	_	_	_	_	linguistic	_	none	_	Begin=392.959	_	_	_	_
152-1	BO026	152	152	1	ma	ma	_	_	_	_	_	linguistic	_	none	_	_	_	_	_	_
152-2	BO026	152	152	2	questo	questo	_	_	_	_	_	linguistic	_	none	_	_	_	_	_	_
152-3	BO026	152	152	3	significa	significa	_	_	_	_	_	linguistic	_	none	_	_	_	_	_	_
152-4	BO026	152	152	4	fare	fare	_	_	_	_	_	linguistic	_	none	_	_	_	_	_	_
152-5	BO026	152	152	5	u::n	un	_	_	_	_	_	linguistic	_	none	_	_	0x2	_	_	_
152-6	BO026	152	152	6	cioè,	cioè	_	_	_	_	_	linguistic	_	none	Intonation=WeaklyRising	End=395.779	_	_	_	_
153-0	BO026	153	153	0	m::h	mh	_	_	_	_	_	linguistic	_	none	_	Begin=396.685	0x2	_	_	_
153-1	BO026	153	153	1	uno	uno	_	_	_	_	_	linguistic	_	none	_	_	_	_	_	_
153-2	BO026	153	153	2	studio	studio	_	_	_	_	_	linguistic	_	none	_	_	_	_	_	_
153-3	BO026	153	153	3	di	di	_	_	_	_	_	linguistic	_	none	_	_	_	_	_	_
153-4	BO026	153	153	4	ca:so	caso	_	_	_	_	_	linguistic	_	none	_	_	1x1	_	_	_
153-5	BO026	153	153	5	seguire	seguire	_	_	_	_	_	linguistic	_	none	_	_	_	_	_	_
153-6	BO026	153	153	6	per	per	_	_	_	_	_	linguistic	_	none	_	_	_	_	_	_
153-7	BO026	153	153	7	un	un	_	_	_	_	_	linguistic	_	none	_	_	_	_	_	_
153-8	BO026	153	153	8	period[o:::]	periodo	_	_	_	_	_	linguistic	_	none	_	End=402.136	6x3	_	_	6-7(46)
154-0	BO034	154	154	0	[più]	più	_	_	_	_	_	linguistic	_	none	_	Begin=401.841	_	_	_	0-3(46)
154-1	BO034	154	154	1	più	più	_	_	_	_	_	linguistic	_	none	_	_	_	_	_	_
154-2	BO034	154	154	2	[lungo].	lungo	_	_	_	_	_	linguistic	_	none	Intonation=Falling	End=402.708	_	_	_	0-5(47)
155-0	BO026	155	155	0	[più	più	_	_	_	_	_	linguistic	_	none	_	Begin=402.275	_	_	_	0-3(47)
155-1	BO026	155	155	1	lu]ngo	lungo	_	_	_	_	_	linguistic	_	none	_	_	_	_	_	0-2(47)
155-2	BO026	155	155	2	una	una	_	_	_	_	_	linguistic	_	none	_	_	_	_	_	_
155-3	BO026	155	155	3	ricerca	ricerca	_	_	_	_	_	linguistic	_	none	_	_	_	_	_	_
155-4	BO026	155	155	4	longitudina:le	longitudinale	_	_	_	_	_	linguistic	_	none	_	_	10x1	_	_	_
155-5	BO026	155	155	5	osservare::	osservare	_	_	_	_	_	linguistic	_	none	_	_	8x2	_	_	_
155-6	BO026	155	155	6	[tutt]e	tutte	_	_	_	_	_	linguistic	_	none	_	_	_	_	_	0-4(48)
155-7	BO026	155	155	7	le	le	_	_	_	_	_	linguistic	_	none	_	_	_	_	_	_
155-8	BO026	155	155	8	su[a],	sua	_	_	_	_	_	linguistic	_	none	Intonation=WeaklyRising	End=407.496	_	_	_	2-3(49)
156-0	BO034	156	156	0	[okay].	okay	_	_	_	_	_	linguistic	_	none	Intonation=Falling	Begin=406.455|End=406.761	_	_	_	0-4(48)
157-0	BO034	157	157	0	[>sì]	sì	_	_	_	_	_	linguistic	_	none	_	Begin=407.291	_	Fast=0-2(0)	_	0-2(49)
157-1	BO034	157	157	1	sì	sì	_	_	_	_	_	linguistic	_	none	_	_	_	Fast=0-2(0)	_	_
157-2	BO034	157	157	2	sì<.	sì	_	_	_	_	_	linguistic	_	none	Intonation=Falling	End=407.874	_	Fast=0-2(0)	_	_
158-0	BO026	158	158	0	evoluzione	evoluzione	_	_	_	_	_	linguistic	_	none	_	Begin=407.881	_	_	_	_
158-1	BO026	158	158	1	dell'	dell'	_	_	_	_	_	linguistic	_	none	SpaceAfter=No	_	_	_	_	_
158-2	BO026	158	158	2	interlingua	interlingua	_	_	_	_	_	linguistic	_	none	_	_	_	_	_	_
158-3	BO026	158	158	3	se,	se	_	_	_	_	_	linguistic	_	none	Intonation=WeaklyRising	End=409.976	_	_	_	_
159-0	BO026	159	159	0	se	se	_	_	_	_	_	linguistic	_	none	_	Begin=410.716	_	_	_	_
159-1	BO026	159	159	1	invece:	invece	_	_	_	_	_	linguistic	_	none	_	_	5x1	_	_	_
159-2	BO026	159	159	2	nel	nel	_	_	_	_	_	linguistic	_	none	_	_	_	_	_	_
159-3	BO026	159	159	3	contesto	contesto	_	_	_	_	_	linguistic	_	none	_	_	_	_	_	_
159-4	BO026	159	159	4	della::	della	_	_	_	_	_	linguistic	_	none	_	End=413.33	4x2	_	_	_
160-0	BO034	160	160	0	okay	okay	_	_	_	_	_	linguistic	_	none	_	Begin=413.555	_	_	_	_
160-1	BO034	160	160	1	allora	allora	_	_	_	_	_	linguistic	_	none	_	_	_	_	_	_
160-2	BO034	160	160	2	abbiamo	abbiamo	_	_	_	_	_	linguistic	_	none	_	_	_	_	_	_
160-3	BO034	160	160	3	[xx],	xx	_	_	_	_	_	linguistic	_	none	Intonation=WeaklyRising	End=414.897	_	_	_	0-2(50)
161-0	BO026	161	161	0	[delle	delle	_	_	_	_	_	linguistic	_	none	_	Begin=414.181	_	_	_	0-5(50)
161-1	BO026	161	161	1	scuole],	scuole	_	_	_	_	_	linguistic	_	none	Intonation=WeaklyRising	End=414.889	_	_	_	0-6(50)
162-0	BO034	162	162	0	com'	com'	_	_	_	_	_	linguistic	_	none	SpaceAfter=No	Begin=417.246	_	_	_	_
162-1	BO034	162	162	1	è	è	_	_	_	_	_	linguistic	_	none	_	_	_	_	_	_
162-2	BO034	162	162	2	che	che	_	_	_	_	_	linguistic	_	none	_	_	_	_	_	_
162-3	BO034	162	162	3	si	si	_	_	_	_	_	linguistic	_	none	_	_	_	_	_	_
162-4	BO034	162	162	4	chiama	chiama	_	_	_	_	_	linguistic	_	none	_	_	_	_	_	_
162-5	BO034	162	162	5	il	il	_	_	_	_	_	linguistic	_	none	_	_	_	_	_	_
162-6	BO034	162	162	6	centro	centro	_	_	_	_	_	linguistic	_	none	_	_	_	_	_	_
162-7	BO034	162	162	7	di	di	_	_	_	_	_	linguistic	_	none	_	_	_	_	_	_
162-8	BO034	162	162	8	udine?	udine	_	_	_	_	_	linguistic	_	none	Intonation=Rising	End=418.842	_	_	_	_
163-0	BO026	163	163	0	centro	centro	_	_	_	_	_	linguistic	_	none	_	Begin=418.834	_	_	_	_
163-1	BO026	163	163	1	per	per	_	_	_	_	_	linguistic	_	none	_	_	_	_	_	_
163-2	BO026	163	163	2	il	il	_	_	_	_	_	linguistic	_	none	_	_	_	_	_	_
163-3	BO026	163	163	3	plurilinguismo	plurilinguismo	_	_	_	_	_	linguistic	_	none	_	_	_	_	_	_
163-4	BO026	163	163	4	se	se	_	_	_	_	_	linguistic	_	none	_	_	_	_	_	_
163-5	BO026	163	163	5	non	non	_	_	_	_	_	linguistic	_	none	_	_	_	_	_	_
163-6	BO026	163	163	6	s[baglio]	sbaglio	_	_	_	_	_	linguistic	_	none	_	_	_	_	_	1-7(52)
163-7	BO026	163	163	7	però	però	_	_	_	_	_	linguistic	_	none	_	_	_	_	_	_
163-8	BO026	163	163	8	lo	lo	_	_	_	_	_	linguistic	_	none	_	_	_	_	_	_
163-9	BO026	163	163	9	trova	trova	_	_	_	_	_	linguistic	_	none	_	_	_	_	_	_
163-10	BO026	163	163	10	insomma	insomma	_	_	_	_	_	linguistic	_	none	_	_	_	_	_	_
163-11	BO026	163	163	11	lo	lo	_	_	_	_	_	linguistic	_	none	_	_	_	_	_	_
163-12	BO026	163	163	12	cerca:	cerca	_	_	_	_	_	linguistic	_	none	_	_	4x1	_	_	_
163-13	BO026	163	163	13	udine,	udine	_	_	_	_	_	linguistic	_	none	Intonation=WeaklyRising	End=423.157	_	_	_	_
164-0	BO034	164	164	0	[okay].	okay	_	_	_	_	_	linguistic	_	none	Intonation=Falling	Begin=420.496|End=420.905	_	_	_	0-4(52)
165-0	BO026	165	165	0	e:h	eh	_	_	_	_	_	linguistic	_	none	ProsodicLink=Yes	Begin=423.64	0x1	_	_	_
165-1	BO026	165	165	1	m:h	mh	_	_	_	_	_	linguistic	_	none	_	End=424.816	0x1	_	_	_
166-0	BO026	166	166	0	e	e	_	_	_	_	_	linguistic	_	none	_	Begin=424.896	_	_	_	_
166-1	BO026	166	166	1	poi	poi	_	_	_	_	_	linguistic	_	none	_	_	_	_	_	_
166-2	BO026	166	166	2	io	io	_	_	_	_	_	linguistic	_	none	_	_	_	_	_	_
166-3	BO026	166	166	3	guarderei	guarderei	_	_	_	_	_	linguistic	_	none	_	_	_	_	_	_
166-4	BO026	166	166	4	se	se	_	_	_	_	_	linguistic	_	none	_	_	_	_	_	_
166-5	BO026	166	166	5	le	le	_	_	_	_	_	linguistic	_	none	_	_	_	_	_	_
166-6	BO026	166	166	6	interessano	interessano	_	_	_	_	_	linguistic	_	none	_	_	_	_	_	_
166-7	BO026	166	166	7	le	le	_	_	_	_	_	linguistic	_	none	_	_	_	_	_	_
166-8	BO026	166	166	8	scuole	scuole	_	_	_	_	_	linguistic	_	none	_	_	_	_	_	_
166-9	BO026	166	166	9	l'	l'	_	_	_	_	_	linguistic	_	none	SpaceAfter=No	_	_	_	_	_
166-10	BO026	166	166	10	ufficio	ufficio	_	_	_	_	_	linguistic	_	none	_	_	_	_	_	_
166-11	BO026	166	166	11	scolastico	scolastico	_	_	_	_	_	linguistic	_	none	_	_	_	_	_	_
166-12	BO026	166	166	12	regionale.	regionale	_	_	_	_	_	linguistic	_	none	Intonation=Falling	End=428.645	_	_	_	_
167-0	BO026	167	167	0	quali	quali	_	_	_	_	_	linguistic	_	none	_	Begin=428.69	_	_	_	_
167-1	BO026	167	167	1	sono	sono	_	_	_	_	_	linguistic	_	none	_	_	_	_	_	_
167-2	BO026	167	167	2	i	i	_	_	_	_	_	linguistic	_	none	_	_	_	_	_	_
167-3	BO026	167	167	3	progetti,	progetti	_	_	_	_	_	linguistic	_	none	Intonation=WeaklyRising	End=430.251	_	_	_	_
168-0	BO026	168	168	0	[e::h]	eh	_	_	_	_	_	linguistic	_	none	ProsodicLink=Yes	Begin=430.755	0x2	_	_	0-2(53)
168-1	BO026	168	168	1	che:	che	_	_	_	_	_	linguistic	_	none	_	_	2x1	_	_	_
168-2	BO026	168	168	2	includono	includono	_	_	_	_	_	linguistic	_	none	_	_	_	_	_	_
168-3	BO026	168	168	3	in	in	_	_	_	_	_	linguistic	_	none	_	_	_	_	_	_
168-4	BO026	168	168	4	qualche	qualche	_	_	_	_	_	linguistic	_	none	_	_	_	_	_	_
168-5	BO026	168	168	5	modo	modo	_	_	_	_	_	linguistic	_	none	_	_	_	_	_	_
168-6	BO026	168	168	6	i:l	il	_	_	_	_	_	linguistic	_	none	ProsodicLink=Yes	_	0x1	_	_	_
168-7	BO026	168	168	7	mh	mh	_	_	_	_	_	linguistic	_	none	ProsodicLink=Yes	_	_	_	_	_
168-8	BO026	168	168	8	dia[letto],	dialetto	_	_	_	_	_	linguistic	_	none	Intonation=WeaklyRising	End=435.685	_	_	_	3-8(54)
169-0	BO034	169	169	0	[°okay.°]	okay	_	_	_	_	_	linguistic	_	none	Intonation=Falling|Volume=low	Begin=430.923|End=431.385	_	_	_	0-4(53)
170-0	BO034	170	170	0	[dialetto].	dialetto	_	_	_	_	_	linguistic	_	none	Intonation=Falling	Begin=435.045|End=435.677	_	_	_	0-8(54)
171-0	BO026	171	171	0	e	e	_	_	_	_	_	linguistic	_	none	_	Begin=436.244	_	_	_	_
171-1	BO026	171	171	1	quindi	quindi	_	_	_	_	_	linguistic	_	none	_	_	_	_	_	_
171-2	BO026	171	171	2	una	una	_	_	_	_	_	linguistic	_	none	_	_	_	_	_	_
171-3	BO026	171	171	3	educazione	educazione	_	_	_	_	_	linguistic	_	none	_	_	_	_	_	_
171-4	BO026	171	171	4	linguistica	linguistica	_	_	_	_	_	linguistic	_	none	_	_	_	_	_	_
171-5	BO026	171	171	5	anche	anche	_	_	_	_	_	linguistic	_	none	_	_	_	_	_	_
171-6	BO026	171	171	6	rivolta	rivolta	_	_	_	_	_	linguistic	_	none	_	_	_	_	_	_
171-7	BO026	171	171	7	agli	agli	_	_	_	_	_	linguistic	_	none	_	_	_	_	_	_
171-8	BO026	171	171	8	alunni	alunni	_	_	_	_	_	linguistic	_	none	_	_	_	_	_	_
171-9	BO026	171	171	9	di	di	_	_	_	_	_	linguistic	_	none	_	_	_	_	_	_
171-10	BO026	171	171	10	italiano	italiano	_	_	_	_	_	linguistic	_	none	_	_	_	_	_	_
171-11	BO026	171	171	11	elle	elle	_	_	_	_	_	linguistic	_	none	_	_	_	_	_	_
171-12	BO026	171	171	12	due	due	_	_	_	_	_	linguistic	_	none	_	_	_	_	_	_
171-13	BO026	171	171	13	che	che	_	_	_	_	_	linguistic	_	none	_	_	_	_	_	_
171-14	BO026	171	171	14	però,	però	_	_	_	_	_	linguistic	_	none	Intonation=WeaklyRising	End=441.338	_	_	_	_
172-0	BO026	172	172	0	diventano	diventano	_	_	_	_	_	linguistic	_	none	_	Begin=441.546	_	_	_	_
172-1	BO026	172	172	1	consapevoli	consapevoli	_	_	_	_	_	linguistic	_	none	_	_	_	_	_	_
172-2	BO026	172	172	2	degli	degli	_	_	_	_	_	linguistic	_	none	_	_	_	_	_	_
172-3	BO026	172	172	3	usi	usi	_	_	_	_	_	linguistic	_	none	_	_	_	_	_	_
172-4	BO026	172	172	4	sociolinguistici	sociolinguistici	_	_	_	_	_	linguistic	_	none	_	_	_	_	_	_
172-5	BO026	172	172	5	°nella	nella	_	_	_	_	_	linguistic	_	none	Volume=low	_	_	_	_	_
172-6	BO026	172	172	6	dei	dei	_	_	_	_	_	linguistic	_	none	Volume=low	_	_	_	_	_
172-7	BO026	172	172	7	contesti.°	contesti	_	_	_	_	_	linguistic	_	none	Intonation=Falling|Volume=low	End=446.003	_	_	_	_
173-0	BO026	173	173	0	cioè	cioè	_	_	_	_	_	linguistic	_	none	_	Begin=446.19	_	_	_	_
173-1	BO026	173	173	1	intanto,	intanto	_	_	_	_	_	linguistic	_	none	Intonation=WeaklyRising	End=447.055	_	_	_	_
174-0	BO026	174	174	0	si	si	_	_	_	_	_	linguistic	_	none	_	Begin=447.406	_	_	_	_
174-1	BO026	174	174	1	tratta	tratta	_	_	_	_	_	linguistic	_	none	_	_	_	_	_	_
174-2	BO026	174	174	2	di	di	_	_	_	_	_	linguistic	_	none	_	_	_	_	_	_
174-3	BO026	174	174	3	andare	andare	_	_	_	_	_	linguistic	_	none	_	_	_	_	_	_
174-4	BO026	174	174	4	a	a	_	_	_	_	_	linguistic	_	none	_	_	_	_	_	_
174-5	BO026	174	174	5	vedere	vedere	_	_	_	_	_	linguistic	_	none	_	_	_	_	_	_
174-6	BO026	174	174	6	che	che	_	_	_	_	_	linguistic	_	none	_	_	_	_	_	_
174-7	BO026	174	174	7	cosa	cosa	_	_	_	_	_	linguistic	_	none	_	_	_	_	_	_
174-8	BO026	174	174	8	c'	c'	_	_	_	_	_	linguistic	_	none	SpaceAfter=No	_	_	_	_	_
174-9	BO026	174	174	9	è.	è	_	_	_	_	_	linguistic	_	none	Intonation=Falling	End=449.393	_	_	_	_
175-0	BO026	175	175	0	se	se	_	_	_	_	_	linguistic	_	none	_	Begin=449.435	_	_	_	_
175-1	BO026	175	175	1	c'	c'	_	_	_	_	_	linguistic	_	none	SpaceAfter=No	_	_	_	_	_
175-2	BO026	175	175	2	è	è	_	_	_	_	_	linguistic	_	none	_	_	_	_	_	_
175-3	BO026	175	175	3	che	che	_	_	_	_	_	linguistic	_	none	_	_	_	_	_	_
175-4	BO026	175	175	4	cosa	cosa	_	_	_	_	_	linguistic	_	none	_	_	_	_	_	_
175-5	BO026	175	175	5	c'	c'	_	_	_	_	_	linguistic	_	none	SpaceAfter=No	_	_	_	_	_
175-6	BO026	175	175	6	è	è	_	_	_	_	_	linguistic	_	none	_	_	_	_	_	_
175-7	BO026	175	175	7	che	che	_	_	_	_	_	linguistic	_	none	_	_	_	_	_	_
175-8	BO026	175	175	8	tipo	tipo	_	_	_	_	_	linguistic	_	none	_	_	_	_	_	_
175-9	BO026	175	175	9	di	di	_	_	_	_	_	linguistic	_	none	_	_	_	_	_	_
175-10	BO026	175	175	10	ricerca	ricerca	_	_	_	_	_	linguistic	_	none	_	_	_	_	_	_
175-11	BO026	175	175	11	ci	ci	_	_	_	_	_	linguistic	_	none	_	_	_	_	_	_
175-12	BO026	175	175	12	sono.	sono	_	_	_	_	_	linguistic	_	none	Intonation=Falling	End=452.623	_	_	_	_
176-0	BO034	176	176	0	okay.	okay	_	_	_	_	_	linguistic	_	none	Intonation=Falling	Begin=452.663|End=453.153	_	_	_	_
177-0	BO026	177	177	0	e::h	eh	_	_	_	_	_	linguistic	_	none	ProsodicLink=Yes	Begin=453.756	0x2	_	_	_
177-1	BO026	177	177	1	m:h	mh	_	_	_	_	_	linguistic	_	none	_	End=455.026	0x1	_	_	_
178-0	BO026	178	178	0	e	e	_	_	_	_	_	linguistic	_	none	_	Begin=456.645	_	_	_	_
178-1	BO026	178	178	1	poi	poi	_	_	_	_	_	linguistic	_	none	_	_	_	_	_	_
178-2	BO026	178	178	2	da	da	_	_	_	_	_	linguistic	_	none	_	_	_	_	_	_
178-3	BO026	178	178	3	lì	lì	_	_	_	_	_	linguistic	_	none	_	_	_	_	_	_
178-4	BO026	178	178	4	documentare:::	documentare	_	_	_	_	_	linguistic	_	none	_	End=459.086	10x3	_	_	_
179-0	BO026	179	179	0	si	si	_	_	_	_	_	linguistic	_	none	_	Begin=459.723	_	_	_	_
179-1	BO026	179	179	1	può	può	_	_	_	_	_	linguistic	_	none	_	_	_	_	_	_
179-2	BO026	179	179	2	definire	definire	_	_	_	_	_	linguistic	_	none	_	_	_	_	_	_
179-3	BO026	179	179	3	si	si	_	_	_	_	_	linguistic	_	none	_	_	_	_	_	_
179-4	BO026	179	179	4	possono	possono	_	_	_	_	_	linguistic	_	none	_	_	_	_	_	_
179-5	BO026	179	179	5	definire	definire	_	_	_	_	_	linguistic	_	none	_	_	_	_	_	_
179-6	BO026	179	179	6	gli	gli	_	_	_	_	_	linguistic	_	none	_	_	_	_	_	_
179-7	BO026	179	179	7	obiettivi	obiettivi	_	_	_	_	_	linguistic	_	none	_	_	_	_	_	_
179-8	BO026	179	179	8	e	e	_	_	_	_	_	linguistic	_	none	_	_	_	_	_	_
179-9	BO026	179	179	9	anche	anche	_	_	_	_	_	linguistic	_	none	_	_	_	_	_	_
179-10	BO026	179	179	10	il	il	_	_	_	_	_	linguistic	_	none	_	_	_	_	_	_
179-11	BO026	179	179	11	percorso.	percorso	_	_	_	_	_	linguistic	_	none	Intonation=Falling	End=463.773	_	_	_	_
180-0	BO034	180	180	0	mh	mh	_	_	_	_	_	linguistic	_	none	_	Begin=463.91	_	_	_	_
180-1	BO034	180	180	1	[mh].	mh	_	_	_	_	_	linguistic	_	none	Intonation=Falling	End=464.281	_	_	_	0-2(55)
181-0	BO026	181	181	0	[e	e	_	_	_	_	_	linguistic	_	none	_	Begin=464.0	_	_	_	0-1(55)
181-1	BO026	181	181	1	l'	l'	_	_	_	_	_	linguistic	_	none	SpaceAfter=No	_	_	_	_	0-2(55)
181-2	BO026	181	181	2	]articolazione	articolazione	_	_	_	_	_	linguistic	_	none	_	_	_	_	_	_
181-3	BO026	181	181	3	che	che	_	_	_	_	_	linguistic	_	none	_	_	_	_	_	_
181-4	BO026	181	181	4	il	il	_	_	_	_	_	linguistic	_	none	_	_	_	_	_	_
181-5	BO026	181	181	5	lavoro	lavoro	_	_	_	_	_	linguistic	_	none	_	_	_	_	_	_
181-6	BO026	181	181	6	dovrebbe	dovrebbe	_	_	_	_	_	linguistic	_	none	_	_	_	_	_	_
181-7	BO026	181	181	7	avere.	avere	_	_	_	_	_	linguistic	_	none	Intonation=Falling	End=466.181	_	_	_	_
182-0	BO026	182	182	0	va	va	_	_	_	_	_	linguistic	_	none	_	Begin=466.818	_	_	_	_
182-1	BO026	182	182	1	be[ne].	bene	_	_	_	_	_	linguistic	_	none	Intonation=Falling	End=467.362	_	_	_	2-4(56)
183-0	BO034	183	183	0	[ok]ay.	okay	_	_	_	_	_	linguistic	_	none	Intonation=Falling	Begin=467.135|End=467.563	_	_	_	0-2(56)
184-0	BO034	184	184	0	perfe[tto].	perfetto	_	_	_	_	_	linguistic	_	none	Intonation=Falling	Begin=467.773|End=468.311	_	_	_	5-8(57)
185-0	BO026	185	185	0	[e:]:h	eh	_	_	_	_	_	linguistic	_	none	_	Begin=468.16	0x2	_	_	0-1(57)
185-1	BO026	185	185	1	io	io	_	_	_	_	_	linguistic	_	none	_	_	_	_	_	_
185-2	BO026	185	185	2	adesso	adesso	_	_	_	_	_	linguistic	_	none	_	_	_	_	_	_
185-3	BO026	185	185	3	lo	lo	_	_	_	_	_	linguistic	_	none	_	_	_	_	_	_
185-4	BO026	185	185	4	scrivo	scrivo	_	_	_	_	_	linguistic	_	none	_	_	_	_	_	_
185-5	BO026	185	185	5	così,	così	_	_	_	_	_	linguistic	_	none	Intonation=WeaklyRising	_	_	_	_	_
185-6	BO026	185	185	6	indicativame[nte]	indicativamente	_	_	_	_	_	linguistic	_	none	_	_	_	_	_	12-15(58)
185-7	BO026	185	185	7	come	come	_	_	_	_	_	linguistic	_	none	_	_	_	_	_	_
185-8	BO026	185	185	8	dialetti	dialetti	_	_	_	_	_	linguistic	_	none	_	_	_	_	_	_
185-9	BO026	185	185	9	d'	d'	_	_	_	_	_	linguistic	_	none	SpaceAfter=No	_	_	_	_	_
185-10	BO026	185	185	10	italiano	italiano	_	_	_	_	_	linguistic	_	none	_	_	_	_	_	_
185-11	BO026	185	185	11	elle	elle	_	_	_	_	_	linguistic	_	none	_	_	_	_	_	_
185-12	BO026	185	185	12	due	due	_	_	_	_	_	linguistic	_	none	_	_	_	_	_	_
185-13	BO026	185	185	13	su	su	_	_	_	_	_	linguistic	_	none	_	_	_	_	_	_
185-14	BO026	185	185	14	treviso	treviso	_	_	_	_	_	linguistic	_	none	_	_	_	_	_	_
185-15	BO026	185	185	15	l(e)	le	_	_	_	_	_	linguistic	_	none	_	_	_	_	0-2(0)	_
185-16	BO026	185	185	16	scuola	scuola	_	_	_	_	_	linguistic	_	none	_	_	_	_	_	_
185-17	BO026	185	185	17	di	di	_	_	_	_	_	linguistic	_	none	_	_	_	_	_	_
185-18	BO026	185	185	18	treviso,	treviso	_	_	_	_	_	linguistic	_	none	Intonation=WeaklyRising	End=476.063	_	_	_	_
186-0	BO034	186	186	0	[sì].	sì	_	_	_	_	_	linguistic	_	none	Intonation=Falling	Begin=471.315|End=471.583	_	_	_	0-2(58)
187-0	BO026	187	187	0	°mh°	mh	_	_	_	_	_	linguistic	_	none	Volume=low	Begin=476.93|End=477.27	_	_	_	_
188-0	BO026	188	188	0	e	e	_	_	_	_	_	linguistic	_	none	_	Begin=478.781	_	_	_	_
188-1	BO026	188	188	1	poi	poi	_	_	_	_	_	linguistic	_	none	_	_	_	_	_	_
188-2	BO026	188	188	2	ne	ne	_	_	_	_	_	linguistic	_	none	_	_	_	_	_	_
188-3	BO026	188	188	3	riparliamo	riparliamo	_	_	_	_	_	linguistic	_	none	_	_	_	_	_	_
188-4	BO026	188	188	4	anche	anche	_	_	_	_	_	linguistic	_	none	_	_	_	_	_	_
188-5	BO026	188	188	5	[per]	per	_	_	_	_	_	linguistic	_	none	_	_	_	_	_	0-3(59)
188-6	BO026	188	188	6	confermarlo	confermarlo	_	_	_	_	_	linguistic	_	none	_	_	_	_	_	_
188-7	BO026	188	188	7	come	come	_	_	_	_	_	linguistic	_	none	_	_	_	_	_	_
188-8	BO026	188	188	8	tema.	tema	_	_	_	_	_	linguistic	_	none	Intonation=Falling	End=482.151	_	_	_	_
189-0	BO034	189	189	0	[sì].	sì	_	_	_	_	_	linguistic	_	none	Intonation=Falling	Begin=480.298|End=480.586	_	_	_	0-2(59)
190-0	BO034	190	190	0	>sì	sì	_	_	_	_	_	linguistic	_	none	_	Begin=482.166	_	Fast=0-2(0)	_	_
190-1	BO034	190	190	1	sì	sì	_	_	_	_	_	linguistic	_	none	_	_	_	Fast=0-2(0)	_	_
190-2	BO034	190	190	2	sì<	sì	_	_	_	_	_	linguistic	_	none	_	_	_	Fast=0-2(0)	_	_
190-3	BO034	190	190	3	certo.	certo	_	_	_	_	_	linguistic	_	none	Intonation=Falling	End=483.465	_	_	_	_
191-0	BO026	191	191	0	va	va	_	_	_	_	_	linguistic	_	none	_	Begin=483.791	_	_	_	_
191-1	BO026	191	191	1	bene?	bene	_	_	_	_	_	linguistic	_	none	Intonation=Rising	End=484.287	_	_	_	_
192-0	BO034	192	192	0	okay.	okay	_	_	_	_	_	linguistic	_	none	Intonation=Falling	Begin=484.287|End=484.663	_	_	_	_
193-0	BO026	193	193	0	mi	mi	_	_	_	_	_	linguistic	_	none	_	Begin=485.128	_	_	_	_
193-1	BO026	193	193	1	fa	fa	_	_	_	_	_	linguistic	_	none	_	_	_	_	_	_
193-2	BO026	193	193	2	sapere	sapere	_	_	_	_	_	linguistic	_	none	_	_	_	_	_	_
193-3	BO026	193	193	3	lei,	lei	_	_	_	_	_	linguistic	_	none	Intonation=WeaklyRising	End=485.91	_	_	_	_
194-0	BO034	194	194	0	sì.	sì	_	_	_	_	_	linguistic	_	none	Intonation=Falling	Begin=485.91|End=486.25	_	_	_	_
195-0	BO034	195	195	0	la	la	_	_	_	_	_	linguistic	_	none	_	Begin=486.411	_	_	_	_
195-1	BO034	195	195	1	[ring~]	ring~	_	_	_	_	_	linguistic	_	none	Interrupted=Yes	End=486.858	_	_	_	0-5(60)
196-0	BO026	196	196	0	[intan]to,	intanto	_	_	_	_	_	linguistic	_	none	Intonation=WeaklyRising	Begin=486.488	_	_	_	0-5(60)
196-1	BO026	196	196	1	uh	uh	_	_	_	_	_	linguistic	_	none	_	End=487.576	_	_	_	_
197-0	BO026	197	197	0	cancello	cancello	_	_	_	_	_	linguistic	_	none	_	Begin=487.943	_	_	_	_
197-1	BO026	197	197	1	licia	licia	_	_	_	_	_	linguistic	_	none	_	_	_	_	_	_
197-2	BO026	197	197	2	xxx	xxx	_	_	_	_	_	unknown	_	none	Syllables=3	_	_	_	_	_
197-3	BO026	197	197	3	e	e	_	_	_	_	_	linguistic	_	none	_	_	_	_	_	_
197-4	BO026	197	197	4	metto	metto	_	_	_	_	_	linguistic	_	none	_	_	_	_	_	_
197-5	BO026	197	197	5	i[l	il	_	_	_	_	_	linguistic	_	none	_	_	_	_	_	1-2(61)
197-6	BO026	197	197	6	suo	suo	_	_	_	_	_	linguistic	_	none	_	_	_	_	_	0-3(61)
197-7	BO026	197	197	7	nom]e	nome	_	_	_	_	_	linguistic	_	none	_	_	_	_	_	0-3(61)
197-8	BO026	197	197	8	va	va	_	_	_	_	_	linguistic	_	none	_	_	_	_	_	_
197-9	BO026	197	197	9	bene.	bene	_	_	_	_	_	linguistic	_	none	Intonation=Falling	End=490.935	_	_	_	_
198-0	BO034	198	198	0	[okay].	okay	_	_	_	_	_	linguistic	_	none	Intonation=Falling	Begin=489.671|End=490.305	_	_	_	0-4(61)
199-0	BO034	199	199	0	la	la	_	_	_	_	_	linguistic	_	none	_	Begin=490.998	_	_	_	_
199-1	BO034	199	199	1	ringraz[io].	ringrazio	_	_	_	_	_	linguistic	_	none	Intonation=Falling	End=491.813	_	_	_	7-9(62)
200-0	BO026	200	200	0	[arri]vederci.	arrivederci	_	_	_	_	_	linguistic	_	none	Intonation=Falling	Begin=491.677|End=492.346	_	_	_	0-4(62)
201-0	BO034	201	201	0	arrivederci.	arrivederci	_	_	_	_	_	linguistic	_	none	Intonation=Falling	Begin=492.346|End=493.276	_	_	_	_
