token_id	speaker	tu_id	unit	id	span	form	lemma	upos	xpos	feats	deprel	type	meta_label	variation	jefferson_feats	align	prolongations	pace	guesses	overlaps
0-0	BO118	0	0	0	dovresti	dovresti	_	_	_	_	_	linguistic	_	none	_	Begin=0.96	_	_	_	_
0-1	BO118	0	0	1	parlarmi	parlarmi	_	_	_	_	_	linguistic	_	none	_	_	_	_	_	_
0-2	BO118	0	0	2	della	della	_	_	_	_	_	linguistic	_	none	_	_	_	_	_	_
0-3	BO118	0	0	3	tua	tua	_	_	_	_	_	linguistic	_	none	_	_	_	_	_	_
0-4	BO118	0	0	4	casa.	casa	_	_	_	_	_	linguistic	_	none	Intonation=Falling	End=2.78	_	_	_	_
1-0	BO118	1	1	0	attuale.	attuale	_	_	_	_	_	linguistic	_	none	Intonation=Falling	Begin=2.81|End=3.4	_	_	_	_
2-0	BO140	2	2	0	mh	mh	_	_	_	_	_	linguistic	_	none	_	Begin=4.9	_	_	_	_
2-1	BO140	2	2	1	sì	sì	_	_	_	_	_	linguistic	_	none	_	End=5.94	_	_	_	_
3-0	BO118	3	3	0	com'	com'	_	_	_	_	_	linguistic	_	none	SpaceAfter=No	Begin=5.95	_	_	_	_
3-1	BO118	3	3	1	è	è	_	_	_	_	_	linguistic	_	none	_	_	_	_	_	_
3-2	BO118	3	3	2	fatta::	fatta	_	_	_	_	_	linguistic	_	none	_	_	4x2	_	_	_
3-3	BO118	3	3	3	la	la	_	_	_	_	_	linguistic	_	none	_	_	_	_	_	_
3-4	BO118	3	3	4	tua	tua	_	_	_	_	_	linguistic	_	none	_	_	_	_	_	_
3-5	BO118	3	3	5	casa:,	casa	_	_	_	_	_	linguistic	_	none	Intonation=WeaklyRising	_	3x1	_	_	_
3-6	BO118	3	3	6	con	con	_	_	_	_	_	linguistic	_	none	_	_	_	_	_	_
3-7	BO118	3	3	7	chi	chi	_	_	_	_	_	linguistic	_	none	_	_	_	_	_	_
3-8	BO118	3	3	8	vivi,	vivi	_	_	_	_	_	linguistic	_	none	Intonation=WeaklyRising	End=8.61	_	_	_	_
4-0	BO140	4	4	0	allora	allora	_	_	_	_	_	linguistic	_	none	_	Begin=9.19	_	_	_	_
4-1	BO140	4	4	1	la	la	_	_	_	_	_	linguistic	_	none	_	_	_	_	_	_
4-2	BO140	4	4	2	mia	mia	_	_	_	_	_	linguistic	_	none	_	_	_	_	_	_
4-3	BO140	4	4	3	ca:sa::	casa	_	_	_	_	_	linguistic	_	none	_	_	1x1,3x2	_	_	_
4-4	BO140	4	4	4	è:::	è	_	_	_	_	_	linguistic	_	none	_	_	0x3	_	_	_
4-5	BO140	4	4	5	una:	una	_	_	_	_	_	linguistic	_	none	_	_	2x1	_	_	_
4-6	BO140	4	4	6	villa::	villa	_	_	_	_	_	linguistic	_	none	_	End=13.92	4x2	_	_	_
5-0	BO140	5	5	0	mh:	mh	_	_	_	_	_	linguistic	_	none	_	Begin=14.54	1x1	_	_	_
5-1	BO140	5	5	1	in	in	_	_	_	_	_	linguistic	_	none	_	_	_	_	_	_
5-2	BO140	5	5	2	mezzo	mezzo	_	_	_	_	_	linguistic	_	none	_	_	_	_	_	_
5-3	BO140	5	5	3	alla	alla	_	_	_	_	_	linguistic	_	none	_	_	_	_	_	_
5-4	BO140	5	5	4	natura,	natura	_	_	_	_	_	linguistic	_	none	Intonation=WeaklyRising	End=16.62	_	_	_	_
6-0	BO140	6	6	0	ci	ci	_	_	_	_	_	linguistic	_	none	_	Begin=17.0	_	_	_	_
6-1	BO140	6	6	1	viviamo:	viviamo	_	_	_	_	_	linguistic	_	none	_	_	6x1	_	_	_
6-2	BO140	6	6	2	in:	in	_	_	_	_	_	linguistic	_	none	_	_	1x1	_	_	_
6-3	BO140	6	6	3	un	un	_	_	_	_	_	linguistic	_	none	_	_	_	_	_	_
6-4	BO140	6	6	4	po'	po'	_	_	_	_	_	linguistic	_	none	_	_	_	_	_	_
6-5	BO140	6	6	5	di	di	_	_	_	_	_	linguistic	_	none	_	_	_	_	_	_
6-6	BO140	6	6	6	famiglie,	famiglie	_	_	_	_	_	linguistic	_	none	Intonation=WeaklyRising	_	_	_	_	_
6-7	BO140	6	6	7	che	che	_	_	_	_	_	linguistic	_	none	_	_	_	_	_	_
6-8	BO140	6	6	8	sono::,	sono	_	_	_	_	_	linguistic	_	none	Intonation=WeaklyRising	End=20.76	3x2	_	_	_
7-0	BO140	7	7	0	eh::	eh	_	_	_	_	_	linguistic	_	none	_	Begin=21.332	1x2	_	_	_
7-1	BO140	7	7	1	la	la	_	_	_	_	_	linguistic	_	none	_	_	_	_	_	_
7-2	BO140	7	7	2	mia	mia	_	_	_	_	_	linguistic	_	none	_	_	_	_	_	_
7-3	BO140	7	7	3	famiglia,	famiglia	_	_	_	_	_	linguistic	_	none	Intonation=WeaklyRising	End=22.63	_	_	_	_
8-0	BO118	8	8	0	mh[mh]	mhmh	_	_	_	_	_	linguistic	_	none	_	Begin=22.716|End=23.28	_	_	_	2-4(0)
9-0	BO140	9	9	0	[mi]a	mia	_	_	_	_	_	linguistic	_	none	_	Begin=23.11	_	_	_	0-2(0)
9-1	BO140	9	9	1	nonna,	nonna	_	_	_	_	_	linguistic	_	none	Intonation=WeaklyRising	End=23.93	_	_	_	_
10-0	BO140	10	10	0	mh	mh	_	_	_	_	_	linguistic	_	none	_	Begin=24.725	_	_	_	_
10-1	BO140	10	10	1	i	i	_	_	_	_	_	linguistic	_	none	_	_	_	_	_	_
10-2	BO140	10	10	2	miei	miei	_	_	_	_	_	linguistic	_	none	_	_	_	_	_	_
10-3	BO140	10	10	3	cugini	cugini	_	_	_	_	_	linguistic	_	none	_	_	_	_	_	_
10-4	BO140	10	10	4	quindi	quindi	_	_	_	_	_	linguistic	_	none	_	_	_	_	_	_
10-5	BO140	10	10	5	due	due	_	_	_	_	_	linguistic	_	none	_	_	_	_	_	_
10-6	BO140	10	10	6	famiglie:	famiglie	_	_	_	_	_	linguistic	_	none	_	_	7x1	_	_	_
10-7	BO140	10	10	7	e	e	_	_	_	_	_	linguistic	_	none	_	_	_	_	_	_
10-8	BO140	10	10	8	la	la	_	_	_	_	_	linguistic	_	none	_	_	_	_	_	_
10-9	BO140	10	10	9	nonna	nonna	_	_	_	_	_	linguistic	_	none	_	_	_	_	_	_
10-10	BO140	10	10	10	dei	dei	_	_	_	_	_	linguistic	_	none	_	_	_	_	_	_
10-11	BO140	10	10	11	miei	miei	_	_	_	_	_	linguistic	_	none	_	_	_	_	_	_
10-12	BO140	10	10	12	cugini	cugini	_	_	_	_	_	linguistic	_	none	_	_	_	_	_	_
10-13	BO140	10	10	13	quindi	quindi	_	_	_	_	_	linguistic	_	none	_	_	_	_	_	_
10-14	BO140	10	10	14	ci	ci	_	_	_	_	_	linguistic	_	none	_	_	_	_	_	_
10-15	BO140	10	10	15	sono	sono	_	_	_	_	_	linguistic	_	none	_	_	_	_	_	_
10-16	BO140	10	10	16	cinque	cinque	_	_	_	_	_	linguistic	_	none	_	_	_	_	_	_
10-17	BO140	10	10	17	famiglie	famiglie	_	_	_	_	_	linguistic	_	none	_	End=30.51	_	_	_	_
11-0	BO118	11	11	0	<okay>	okay	_	_	_	_	_	linguistic	_	none	_	Begin=30.54	_	Slow=0-4(0)	_	_
11-1	BO118	11	11	1	quindi	quindi	_	_	_	_	_	linguistic	_	none	_	_	_	_	_	_
11-2	BO118	11	11	2	è	è	_	_	_	_	_	linguistic	_	none	_	_	_	_	_	_
11-3	BO118	11	11	3	fatta	fatta	_	_	_	_	_	linguistic	_	none	_	_	_	_	_	_
11-4	BO118	11	11	4	su	su	_	_	_	_	_	linguistic	_	none	_	_	_	_	_	_
11-5	BO118	11	11	5	diversi	diversi	_	_	_	_	_	linguistic	_	none	_	_	_	_	_	_
11-6	BO118	11	11	6	piani?	piani	_	_	_	_	_	linguistic	_	none	Intonation=Rising	End=32.7	_	_	_	_
12-0	BO140	12	12	0	sì:	sì	_	_	_	_	_	linguistic	_	none	_	Begin=32.735	1x1	_	_	_
12-1	BO140	12	12	1	ci	ci	_	_	_	_	_	linguistic	_	none	_	_	_	_	_	_
12-2	BO140	12	12	2	sono::	sono	_	_	_	_	_	linguistic	_	none	_	_	3x2	_	_	_
12-3	BO140	12	12	3	tre	tre	_	_	_	_	_	linguistic	_	none	_	_	_	_	_	_
12-4	BO140	12	12	4	piani,	piani	_	_	_	_	_	linguistic	_	none	Intonation=WeaklyRising	End=34.93	_	_	_	_
13-0	BO118	13	13	0	mh[mh]	mhmh	_	_	_	_	_	linguistic	_	none	_	Begin=34.977|End=35.64	_	_	_	2-4(1)
14-0	BO140	14	14	0	[e	e	_	_	_	_	_	linguistic	_	none	_	Begin=35.477	_	_	_	0-1(1)
14-1	BO140	14	14	1	l'	l'	_	_	_	_	_	linguistic	_	none	SpaceAfter=No	_	_	_	_	0-2(1)
14-2	BO140	14	14	2	ul]timo	ultimo	_	_	_	_	_	linguistic	_	none	_	_	_	_	_	0-2(1)
14-3	BO140	14	14	3	piano:	piano	_	_	_	_	_	linguistic	_	none	_	_	4x1	_	_	_
14-4	BO140	14	14	4	è:	è	_	_	_	_	_	linguistic	_	none	_	_	0x1	_	_	_
14-5	BO140	14	14	5	una	una	_	_	_	_	_	linguistic	_	none	_	_	_	_	_	_
14-6	BO140	14	14	6	soffitta	soffitta	_	_	_	_	_	linguistic	_	none	_	_	_	_	_	_
14-7	BO140	14	14	7	che::	che	_	_	_	_	_	linguistic	_	none	_	_	2x2	_	_	_
14-8	BO140	14	14	8	in	in	_	_	_	_	_	linguistic	_	none	_	_	_	_	_	_
14-9	BO140	14	14	9	realtà::	realtà	_	_	_	_	_	linguistic	_	none	_	_	5x2	_	_	_
14-10	BO140	14	14	10	è	è	_	_	_	_	_	linguistic	_	none	_	_	_	_	_	_
14-11	BO140	14	14	11	abitata:	abitata	_	_	_	_	_	linguistic	_	none	_	_	6x1	_	_	_
14-12	BO140	14	14	12	da	da	_	_	_	_	_	linguistic	_	none	_	_	_	_	_	_
14-13	BO140	14	14	13	uno	uno	_	_	_	_	_	linguistic	_	none	_	_	_	_	_	_
14-14	BO140	14	14	14	dei	dei	_	_	_	_	_	linguistic	_	none	_	_	_	_	_	_
14-15	BO140	14	14	15	miei	miei	_	_	_	_	_	linguistic	_	none	_	_	_	_	_	_
14-16	BO140	14	14	16	zii	zii	_	_	_	_	_	linguistic	_	none	_	End=41.26	_	_	_	_
15-0	BO118	15	15	0	<oka:y>	okay	_	_	_	_	_	linguistic	_	none	_	Begin=41.673|End=42.354	2x1	Slow=0-4(0)	_	_
16-0	BO140	16	16	0	è	è	_	_	_	_	_	linguistic	_	none	_	Begin=42.508	_	_	_	_
16-1	BO140	16	16	1	fatta	fatta	_	_	_	_	_	linguistic	_	none	_	_	_	_	_	_
16-2	BO140	16	16	2	in	in	_	_	_	_	_	linguistic	_	none	_	_	_	_	_	_
16-3	BO140	16	16	3	matto:ni:	mattoni	_	_	_	_	_	linguistic	_	none	_	_	4x1,6x1	_	_	_
16-4	BO140	16	16	4	è::	è	_	_	_	_	_	linguistic	_	none	_	_	0x2	_	_	_
16-5	BO140	16	16	5	è	è	_	_	_	_	_	linguistic	_	none	_	_	_	_	_	_
16-6	BO140	16	16	6	una	una	_	_	_	_	_	linguistic	_	none	_	_	_	_	_	_
16-7	BO140	16	16	7	casa	casa	_	_	_	_	_	linguistic	_	none	_	_	_	_	_	_
16-8	BO140	16	16	8	costruita:	costruita	_	_	_	_	_	linguistic	_	none	_	_	8x1	_	_	_
16-9	BO140	16	16	9	intorno	intorno	_	_	_	_	_	linguistic	_	none	_	_	_	_	_	_
16-10	BO140	16	16	10	agli	agli	_	_	_	_	_	linguistic	_	none	_	_	_	_	_	_
16-11	BO140	16	16	11	anni:	anni	_	_	_	_	_	linguistic	_	none	_	_	3x1	_	_	_
16-12	BO140	16	16	12	cinquanta	cinquanta	_	_	_	_	_	linguistic	_	none	_	_	_	_	_	_
16-13	BO140	16	16	13	credo	credo	_	_	_	_	_	linguistic	_	none	_	End=49.35	_	_	_	_
17-0	BO118	17	17	0	okay	okay	_	_	_	_	_	linguistic	_	none	_	Begin=49.76|End=50.42	_	_	_	_
18-0	BO118	18	18	0	e	e	_	_	_	_	_	linguistic	_	none	_	Begin=50.735	_	_	_	_
18-1	BO118	18	18	1	si	si	_	_	_	_	_	linguistic	_	none	_	_	_	_	_	_
18-2	BO118	18	18	2	trova	trova	_	_	_	_	_	linguistic	_	none	_	_	_	_	_	_
18-3	BO118	18	18	3	in	in	_	_	_	_	_	linguistic	_	none	_	_	_	_	_	_
18-4	BO118	18	18	4	centro:	centro	_	_	_	_	_	linguistic	_	none	_	_	5x1	_	_	_
18-5	BO118	18	18	5	alla	alla	_	_	_	_	_	linguistic	_	none	_	_	_	_	_	_
18-6	BO118	18	18	6	città:	città	_	_	_	_	_	linguistic	_	none	_	_	4x1	_	_	_
18-7	BO118	18	18	7	o	o	_	_	_	_	_	linguistic	_	none	_	_	_	_	_	_
18-8	BO118	18	18	8	fuori?	fuori	_	_	_	_	_	linguistic	_	none	Intonation=Rising	End=53.755	_	_	_	_
19-0	BO140	19	19	0	no	no	_	_	_	_	_	linguistic	_	none	_	Begin=53.77	_	_	_	_
19-1	BO140	19	19	1	si	si	_	_	_	_	_	linguistic	_	none	_	_	_	_	_	_
19-2	BO140	19	19	2	trova	trova	_	_	_	_	_	linguistic	_	none	_	_	_	_	_	_
19-3	BO140	19	19	3	fuori	fuori	_	_	_	_	_	linguistic	_	none	_	_	_	_	_	_
19-4	BO140	19	19	4	dalla	dalla	_	_	_	_	_	linguistic	_	none	_	_	_	_	_	_
19-5	BO140	19	19	5	città:	città	_	_	_	_	_	linguistic	_	none	_	_	4x1	_	_	_
19-6	BO140	19	19	6	ma::	ma	_	_	_	_	_	linguistic	_	none	_	_	1x2	_	_	_
19-7	BO140	19	19	7	è	è	_	_	_	_	_	linguistic	_	none	_	_	_	_	_	_
19-8	BO140	19	19	8	vicina	vicina	_	_	_	_	_	linguistic	_	none	_	_	_	_	_	_
19-9	BO140	19	19	9	in	in	_	_	_	_	_	linguistic	_	none	_	_	_	_	_	_
19-10	BO140	19	19	10	realtà	realtà	_	_	_	_	_	linguistic	_	none	_	End=57.49	_	_	_	_
20-0	BO140	20	20	0	io	io	_	_	_	_	_	linguistic	_	none	_	Begin=57.735	_	_	_	_
20-1	BO140	20	20	1	abito	abito	_	_	_	_	_	linguistic	_	none	_	_	_	_	_	_
20-2	BO140	20	20	2	a	a	_	_	_	_	_	linguistic	_	none	_	_	_	_	_	_
20-3	BO140	20	20	3	@nomepaese	@nomepaese	_	_	_	_	_	anonymized	_	none	_	_	_	_	_	_
20-4	BO140	20	20	4	e::	e	_	_	_	_	_	linguistic	_	none	_	_	0x2	_	_	_
20-5	BO140	20	20	5	a	a	_	_	_	_	_	linguistic	_	none	_	_	_	_	_	_
20-6	BO140	20	20	6	piedi:	piedi	_	_	_	_	_	linguistic	_	none	_	_	4x1	_	_	_
20-7	BO140	20	20	7	una	una	_	_	_	_	_	linguistic	_	none	_	_	_	_	_	_
20-8	BO140	20	20	8	decina	decina	_	_	_	_	_	linguistic	_	none	_	_	_	_	_	_
20-9	BO140	20	20	9	di:	di	_	_	_	_	_	linguistic	_	none	_	_	1x1	_	_	_
20-10	BO140	20	20	10	minuti	minuti	_	_	_	_	_	linguistic	_	none	_	_	_	_	_	_
20-11	BO140	20	20	11	ci	ci	_	_	_	_	_	linguistic	_	none	_	_	_	_	_	_
20-12	BO140	20	20	12	metto	metto	_	_	_	_	_	linguistic	_	none	_	End=62.86	_	_	_	_
21-0	BO118	21	21	0	[°okay°]	okay	_	_	_	_	_	linguistic	_	none	Volume=low	Begin=63.56|End=64.11	_	_	_	0-4(2)
22-0	BO140	22	22	0	[e:]::	e	_	_	_	_	_	linguistic	_	none	_	Begin=63.597	0x3	_	_	0-1(2)
22-1	BO140	22	22	1	è	è	_	_	_	_	_	linguistic	_	none	_	_	_	_	_	_
22-2	BO140	22	22	2	bella:	bella	_	_	_	_	_	linguistic	_	none	_	_	4x1	_	_	_
22-3	BO140	22	22	3	secondo	secondo	_	_	_	_	_	linguistic	_	none	_	_	_	_	_	_
22-4	BO140	22	22	4	me	me	_	_	_	_	_	linguistic	_	none	_	_	_	_	_	_
22-5	BO140	22	22	5	perché	perché	_	_	_	_	_	linguistic	_	none	_	_	_	_	_	_
22-6	BO140	22	22	6	è	è	_	_	_	_	_	linguistic	_	none	_	_	_	_	_	_
22-7	BO140	22	22	7	immersa	immersa	_	_	_	_	_	linguistic	_	none	_	_	_	_	_	_
22-8	BO140	22	22	8	nel	nel	_	_	_	_	_	linguistic	_	none	_	_	_	_	_	_
22-9	BO140	22	22	9	verde	verde	_	_	_	_	_	linguistic	_	none	_	End=67.91	_	_	_	_
23-0	BO140	23	23	0	fino	fino	_	_	_	_	_	linguistic	_	none	_	Begin=68.673	_	_	_	_
23-1	BO140	23	23	1	a::	a	_	_	_	_	_	linguistic	_	none	_	_	0x2	_	_	_
23-2	BO140	23	23	2	mh	mh	_	_	_	_	_	linguistic	_	none	_	_	_	_	_	_
23-3	BO140	23	23	3	trent'	trent'	_	_	_	_	_	linguistic	_	none	SpaceAfter=No	_	_	_	_	_
23-4	BO140	23	23	4	anni	anni	_	_	_	_	_	linguistic	_	none	_	_	_	_	_	_
23-5	BO140	23	23	5	fa:	fa	_	_	_	_	_	linguistic	_	none	_	_	1x1	_	_	_
23-6	BO140	23	23	6	io	io	_	_	_	_	_	linguistic	_	none	_	_	_	_	_	_
23-7	BO140	23	23	7	non	non	_	_	_	_	_	linguistic	_	none	_	_	_	_	_	_
23-8	BO140	23	23	8	lo	lo	_	_	_	_	_	linguistic	_	none	_	_	_	_	_	_
23-9	BO140	23	23	9	so	so	_	_	_	_	_	linguistic	_	none	_	_	_	_	_	_
23-10	BO140	23	23	10	ma	ma	_	_	_	_	_	linguistic	_	none	_	_	_	_	_	_
23-11	BO140	23	23	11	ho	ho	_	_	_	_	_	linguistic	_	none	_	_	_	_	_	_
23-12	BO140	23	23	12	visto	visto	_	_	_	_	_	linguistic	_	none	_	_	_	_	_	_
23-13	BO140	23	23	13	dalle	dalle	_	_	_	_	_	linguistic	_	none	_	_	_	_	_	_
23-14	BO140	23	23	14	foto,	foto	_	_	_	_	_	linguistic	_	none	Intonation=WeaklyRising	End=73.03	_	_	_	_
24-0	BO140	24	24	0	c'	c'	_	_	_	_	_	linguistic	_	none	SpaceAfter=No	Begin=73.436	_	_	_	_
24-1	BO140	24	24	1	e:ra:	era	_	_	_	_	_	linguistic	_	none	_	_	0x1,2x1	_	_	_
24-2	BO140	24	24	2	era	era	_	_	_	_	_	linguistic	_	none	_	_	_	_	_	_
24-3	BO140	24	24	3	so~	so~	_	_	_	_	_	linguistic	_	none	Interrupted=Yes	_	_	_	_	_
24-4	BO140	24	24	4	c'	c'	_	_	_	_	_	linguistic	_	none	SpaceAfter=No	_	_	_	_	_
24-5	BO140	24	24	5	era	era	_	_	_	_	_	linguistic	_	none	_	_	_	_	_	_
24-6	BO140	24	24	6	solo	solo	_	_	_	_	_	linguistic	_	none	_	_	_	_	_	_
24-7	BO140	24	24	7	casa	casa	_	_	_	_	_	linguistic	_	none	_	_	_	_	_	_
24-8	BO140	24	24	8	mia:	mia	_	_	_	_	_	linguistic	_	none	_	_	2x1	_	_	_
24-9	BO140	24	24	9	e::	e	_	_	_	_	_	linguistic	_	none	_	_	0x2	_	_	_
24-10	BO140	24	24	10	immersa	immersa	_	_	_	_	_	linguistic	_	none	_	_	_	_	_	_
24-11	BO140	24	24	11	proprio	proprio	_	_	_	_	_	linguistic	_	none	_	_	_	_	_	_
24-12	BO140	24	24	12	nel	nel	_	_	_	_	_	linguistic	_	none	_	_	_	_	_	_
24-13	BO140	24	24	13	verde	verde	_	_	_	_	_	linguistic	_	none	_	_	_	_	_	_
24-14	BO140	24	24	14	po:i:	poi	_	_	_	_	_	linguistic	_	none	_	_	1x1,2x1	_	_	_
24-15	BO140	24	24	15	dopo	dopo	_	_	_	_	_	linguistic	_	none	_	_	_	_	_	_
24-16	BO140	24	24	16	hanno	hanno	_	_	_	_	_	linguistic	_	none	_	_	_	_	_	_
24-17	BO140	24	24	17	costruito	costruito	_	_	_	_	_	linguistic	_	none	_	_	_	_	_	_
24-18	BO140	24	24	18	delle	delle	_	_	_	_	_	linguistic	_	none	_	_	_	_	_	_
24-19	BO140	24	24	19	villette	villette	_	_	_	_	_	linguistic	_	none	_	_	_	_	_	_
24-20	BO140	24	24	20	sopra	sopra	_	_	_	_	_	linguistic	_	none	_	_	_	_	_	_
24-21	BO140	24	24	21	casa	casa	_	_	_	_	_	linguistic	_	none	_	_	_	_	_	_
24-22	BO140	24	24	22	mia:	mia	_	_	_	_	_	linguistic	_	none	_	_	2x1	_	_	_
24-23	BO140	24	24	23	e	e	_	_	_	_	_	linguistic	_	none	_	_	_	_	_	_
24-24	BO140	24	24	24	quindi:	quindi	_	_	_	_	_	linguistic	_	none	_	_	5x1	_	_	_
24-25	BO140	24	24	25	si	si	_	_	_	_	_	linguistic	_	none	_	_	_	_	_	_
24-26	BO140	24	24	26	è	è	_	_	_	_	_	linguistic	_	none	_	_	_	_	_	_
24-27	BO140	24	24	27	persa	persa	_	_	_	_	_	linguistic	_	none	_	_	_	_	_	_
24-28	BO140	24	24	28	la	la	_	_	_	_	_	linguistic	_	none	_	_	_	_	_	_
24-29	BO140	24	24	29	percezione	percezione	_	_	_	_	_	linguistic	_	none	_	_	_	_	_	_
24-30	BO140	24	24	30	della	della	_	_	_	_	_	linguistic	_	none	_	_	_	_	_	_
24-31	BO140	24	24	31	strada::	strada	_	_	_	_	_	linguistic	_	none	_	End=84.27	5x2	_	_	_
25-0	BO140	25	25	0	eh:	eh	_	_	_	_	_	linguistic	_	none	_	Begin=84.66	1x1	_	_	_
25-1	BO140	25	25	1	nazionale::	nazionale	_	_	_	_	_	linguistic	_	none	_	_	8x2	_	_	_
25-2	BO140	25	25	2	che	che	_	_	_	_	_	linguistic	_	none	_	_	_	_	_	_
25-3	BO140	25	25	3	collega	collega	_	_	_	_	_	linguistic	_	none	_	_	_	_	_	_
25-4	BO140	25	25	4	@nomepaese	@nomepaese	_	_	_	_	_	anonymized	_	none	_	_	_	_	_	_
25-5	BO140	25	25	5	con	con	_	_	_	_	_	linguistic	_	none	_	_	_	_	_	_
25-6	BO140	25	25	6	altre:	altre	_	_	_	_	_	linguistic	_	none	_	_	4x1	_	_	_
25-7	BO140	25	25	7	altri	altri	_	_	_	_	_	linguistic	_	none	_	_	_	_	_	_
25-8	BO140	25	25	8	paesi	paesi	_	_	_	_	_	linguistic	_	none	_	End=89.35	_	_	_	_
26-0	BO118	26	26	0	okay.	okay	_	_	_	_	_	linguistic	_	none	Intonation=Falling	Begin=89.358|End=90.17	_	_	_	_
27-0	BO118	27	27	0	e::	e	_	_	_	_	_	linguistic	_	none	_	Begin=90.413	0x2	_	_	_
27-1	BO118	27	27	1	tipo	tipo	_	_	_	_	_	linguistic	_	none	_	_	_	_	_	_
27-2	BO118	27	27	2	fuori	fuori	_	_	_	_	_	linguistic	_	none	_	_	_	_	_	_
27-3	BO118	27	27	3	da	da	_	_	_	_	_	linguistic	_	none	_	_	_	_	_	_
27-4	BO118	27	27	4	casa	casa	_	_	_	_	_	linguistic	_	none	_	_	_	_	_	_
27-5	BO118	27	27	5	tua	tua	_	_	_	_	_	linguistic	_	none	_	_	_	_	_	_
27-6	BO118	27	27	6	che	che	_	_	_	_	_	linguistic	_	none	_	_	_	_	_	_
27-7	BO118	27	27	7	c'	c'	_	_	_	_	_	linguistic	_	none	SpaceAfter=No	_	_	_	_	_
27-8	BO118	27	27	8	è	è	_	_	_	_	_	linguistic	_	none	_	_	_	_	_	_
27-9	BO118	27	27	9	tipo	tipo	_	_	_	_	_	linguistic	_	none	_	_	_	_	_	_
27-10	BO118	27	27	10	avete	avete	_	_	_	_	_	linguistic	_	none	_	_	_	_	_	_
27-11	BO118	27	27	11	il	il	_	_	_	_	_	linguistic	_	none	_	_	_	_	_	_
27-12	BO118	27	27	12	giardino::,	giardino	_	_	_	_	_	linguistic	_	none	Intonation=WeaklyRising	End=94.64	7x2	_	_	_
28-0	BO140	28	28	0	abbia:mo:	abbiamo	_	_	_	_	_	linguistic	_	none	_	Begin=94.64	4x1,6x1	_	_	_
28-1	BO140	28	28	1	sì	sì	_	_	_	_	_	linguistic	_	none	_	_	_	_	_	_
28-2	BO140	28	28	2	(me:)	me	_	_	_	_	_	linguistic	_	none	_	_	1x1	_	0-2(0)	_
28-3	BO140	28	28	3	un	un	_	_	_	_	_	linguistic	_	none	_	_	_	_	_	_
28-4	BO140	28	28	4	prato:	prato	_	_	_	_	_	linguistic	_	none	_	_	4x1	_	_	_
28-5	BO140	28	28	5	c'	c'	_	_	_	_	_	linguistic	_	none	SpaceAfter=No	_	_	_	_	_
28-6	BO140	28	28	6	è	è	_	_	_	_	_	linguistic	_	none	_	_	_	_	_	_
28-7	BO140	28	28	7	un	un	_	_	_	_	_	linguistic	_	none	_	_	_	_	_	_
28-8	BO140	28	28	8	grande	grande	_	_	_	_	_	linguistic	_	none	_	_	_	_	_	_
28-9	BO140	28	28	9	prato,	prato	_	_	_	_	_	linguistic	_	none	Intonation=WeaklyRising	End=98.65	_	_	_	_
29-0	BO140	29	29	0	e	e	_	_	_	_	_	linguistic	_	none	_	Begin=99.277	_	_	_	_
29-1	BO140	29	29	1	in	in	_	_	_	_	_	linguistic	_	none	_	_	_	_	_	_
29-2	BO140	29	29	2	realtà	realtà	_	_	_	_	_	linguistic	_	none	_	_	_	_	_	_
29-3	BO140	29	29	3	ce	ce	_	_	_	_	_	linguistic	_	none	_	_	_	_	_	_
29-4	BO140	29	29	4	ne	ne	_	_	_	_	_	linguistic	_	none	_	_	_	_	_	_
29-5	BO140	29	29	5	son	son	_	_	_	_	_	linguistic	_	none	_	_	_	_	_	_
29-6	BO140	29	29	6	due:,	due	_	_	_	_	_	linguistic	_	none	Intonation=WeaklyRising	End=100.75	2x1	_	_	_
30-0	BO140	30	30	0	e:::	e	_	_	_	_	_	linguistic	_	none	_	Begin=101.147	0x3	_	_	_
30-1	BO140	30	30	1	sono	sono	_	_	_	_	_	linguistic	_	none	_	_	_	_	_	_
30-2	BO140	30	30	2	divisi	divisi	_	_	_	_	_	linguistic	_	none	_	_	_	_	_	_
30-3	BO140	30	30	3	dalla	dalla	_	_	_	_	_	linguistic	_	none	_	_	_	_	_	_
30-4	BO140	30	30	4	strada	strada	_	_	_	_	_	linguistic	_	none	_	_	_	_	_	_
30-5	BO140	30	30	5	che:	che	_	_	_	_	_	linguistic	_	none	_	_	2x1	_	_	_
30-6	BO140	30	30	6	che	che	_	_	_	_	_	linguistic	_	none	_	_	_	_	_	_
30-7	BO140	30	30	7	porta	porta	_	_	_	_	_	linguistic	_	none	_	_	_	_	_	_
30-8	BO140	30	30	8	a	a	_	_	_	_	_	linguistic	_	none	_	_	_	_	_	_
30-9	BO140	30	30	9	casa	casa	_	_	_	_	_	linguistic	_	none	_	_	_	_	_	_
30-10	BO140	30	30	10	mia,	mia	_	_	_	_	_	linguistic	_	none	Intonation=WeaklyRising	End=105.09	_	_	_	_
31-0	BO140	31	31	0	e:	e	_	_	_	_	_	linguistic	_	none	_	Begin=105.843	0x1	_	_	_
31-1	BO140	31	31	1	sotto	sotto	_	_	_	_	_	linguistic	_	none	_	_	_	_	_	_
31-2	BO140	31	31	2	casa	casa	_	_	_	_	_	linguistic	_	none	_	_	_	_	_	_
31-3	BO140	31	31	3	abbiamo	abbiamo	_	_	_	_	_	linguistic	_	none	_	_	_	_	_	_
31-4	BO140	31	31	4	un:	un	_	_	_	_	_	linguistic	_	none	_	_	1x1	_	_	_
31-5	BO140	31	31	5	un	un	_	_	_	_	_	linguistic	_	none	_	_	_	_	_	_
31-6	BO140	31	31	6	orto	orto	_	_	_	_	_	linguistic	_	none	_	_	_	_	_	_
31-7	BO140	31	31	7	molto	molto	_	_	_	_	_	linguistic	_	none	_	_	_	_	_	_
31-8	BO140	31	31	8	grande::	grande	_	_	_	_	_	linguistic	_	none	_	_	5x2	_	_	_
31-9	BO140	31	31	9	che	che	_	_	_	_	_	linguistic	_	none	_	_	_	_	_	_
31-10	BO140	31	31	10	è	è	_	_	_	_	_	linguistic	_	none	_	_	_	_	_	_
31-11	BO140	31	31	11	gestito	gestito	_	_	_	_	_	linguistic	_	none	_	_	_	_	_	_
31-12	BO140	31	31	12	da	da	_	_	_	_	_	linguistic	_	none	_	_	_	_	_	_
31-13	BO140	31	31	13	u:na	una	_	_	_	_	_	linguistic	_	none	_	_	0x1	_	_	_
31-14	BO140	31	31	14	parte	parte	_	_	_	_	_	linguistic	_	none	_	_	_	_	_	_
31-15	BO140	31	31	15	da	da	_	_	_	_	_	linguistic	_	none	_	_	_	_	_	_
31-16	BO140	31	31	16	mia	mia	_	_	_	_	_	linguistic	_	none	_	_	_	_	_	_
31-17	BO140	31	31	17	nonna	nonna	_	_	_	_	_	linguistic	_	none	_	_	_	_	_	_
31-18	BO140	31	31	18	e	e	_	_	_	_	_	linguistic	_	none	_	_	_	_	_	_
31-19	BO140	31	31	19	dai	dai	_	_	_	_	_	linguistic	_	none	_	_	_	_	_	_
31-20	BO140	31	31	20	miei	miei	_	_	_	_	_	linguistic	_	none	_	_	_	_	_	_
31-21	BO140	31	31	21	genito:ri	genitori	_	_	_	_	_	linguistic	_	none	_	_	5x1	_	_	_
31-22	BO140	31	31	22	un'	un'	_	_	_	_	_	linguistic	_	none	SpaceAfter=No	_	_	_	_	_
31-23	BO140	31	31	23	altra	altra	_	_	_	_	_	linguistic	_	none	_	_	_	_	_	_
31-24	BO140	31	31	24	parte	parte	_	_	_	_	_	linguistic	_	none	_	_	_	_	_	_
31-25	BO140	31	31	25	da:	da	_	_	_	_	_	linguistic	_	none	_	_	1x1	_	_	_
31-26	BO140	31	31	26	un'	un'	_	_	_	_	_	linguistic	_	none	SpaceAfter=No	_	_	_	_	_
31-27	BO140	31	31	27	altra	altra	_	_	_	_	_	linguistic	_	none	_	_	_	_	_	_
31-28	BO140	31	31	28	famiglia,	famiglia	_	_	_	_	_	linguistic	_	none	Intonation=WeaklyRising	End=115.32	_	_	_	_
32-0	BO140	32	32	0	e::::	e	_	_	_	_	_	linguistic	_	none	_	Begin=115.761	0x4	_	_	_
32-1	BO140	32	32	1	intorno	intorno	_	_	_	_	_	linguistic	_	none	_	_	_	_	_	_
32-2	BO140	32	32	2	comunque	comunque	_	_	_	_	_	linguistic	_	none	_	_	_	_	_	_
32-3	BO140	32	32	3	c'	c'	_	_	_	_	_	linguistic	_	none	SpaceAfter=No	_	_	_	_	_
32-4	BO140	32	32	4	è	è	_	_	_	_	_	linguistic	_	none	_	_	_	_	_	_
32-5	BO140	32	32	5	campagna.	campagna	_	_	_	_	_	linguistic	_	none	Intonation=Falling	End=119.07	_	_	_	_
33-0	BO118	33	33	0	oka[y]	okay	_	_	_	_	_	linguistic	_	none	_	Begin=119.183|End=119.803	_	_	_	3-4(3)
34-0	BO140	34	34	0	[qui]ndi:	quindi	_	_	_	_	_	linguistic	_	none	_	Begin=119.576	5x1	_	_	0-3(3)
34-1	BO140	34	34	1	e::hm	ehm	_	_	_	_	_	linguistic	_	none	_	_	0x2	_	_	_
34-2	BO140	34	34	2	per	per	_	_	_	_	_	linguistic	_	none	_	_	_	_	_	_
34-3	BO140	34	34	3	questo	questo	_	_	_	_	_	linguistic	_	none	_	_	_	_	_	_
34-4	BO140	34	34	4	è	è	_	_	_	_	_	linguistic	_	none	_	_	_	_	_	_
34-5	BO140	34	34	5	immer~	immer~	_	_	_	_	_	linguistic	_	none	Interrupted=Yes	_	_	_	_	_
34-6	BO140	34	34	6	cioè	cioè	_	_	_	_	_	linguistic	_	none	_	_	_	_	_	_
34-7	BO140	34	34	7	è	è	_	_	_	_	_	linguistic	_	none	_	_	_	_	_	_
34-8	BO140	34	34	8	immersa	immersa	_	_	_	_	_	linguistic	_	none	_	_	_	_	_	_
34-9	BO140	34	34	9	nella	nella	_	_	_	_	_	linguistic	_	none	_	_	_	_	_	_
34-10	BO140	34	34	10	natura	natura	_	_	_	_	_	linguistic	_	none	_	_	_	_	_	_
34-11	BO140	34	34	11	poi	poi	_	_	_	_	_	linguistic	_	none	_	_	_	_	_	_
34-12	BO140	34	34	12	si	si	_	_	_	_	_	linguistic	_	none	_	_	_	_	_	_
34-13	BO140	34	34	13	vedono	vedono	_	_	_	_	_	linguistic	_	none	_	_	_	_	_	_
34-14	BO140	34	34	14	i	i	_	_	_	_	_	linguistic	_	none	_	_	_	_	_	_
34-15	BO140	34	34	15	monti	monti	_	_	_	_	_	linguistic	_	none	_	_	_	_	_	_
34-16	BO140	34	34	16	gli	gli	_	_	_	_	_	linguistic	_	none	_	_	_	_	_	_
34-17	BO140	34	34	17	appennini::	appennini	_	_	_	_	_	linguistic	_	none	_	_	8x2	_	_	_
34-18	BO140	34	34	18	è:	è	_	_	_	_	_	linguistic	_	none	_	End=126.04	0x1	_	_	_
35-0	BO140	35	35	0	è:	è	_	_	_	_	_	linguistic	_	none	_	Begin=126.833	0x1	_	_	_
35-1	BO140	35	35	1	bello.	bello	_	_	_	_	_	linguistic	_	none	Intonation=Falling	End=128.199	_	_	_	_
36-0	BO118	36	36	0	e:::hm	ehm	_	_	_	_	_	linguistic	_	none	_	Begin=128.52	0x3	_	_	_
36-1	BO118	36	36	1	coi	coi	_	_	_	_	_	linguistic	_	none	_	_	_	_	_	_
36-2	BO118	36	36	2	vicini	vicini	_	_	_	_	_	linguistic	_	none	_	_	_	_	_	_
36-3	BO118	36	36	3	avete	avete	_	_	_	_	_	linguistic	_	none	_	_	_	_	_	_
36-4	BO118	36	36	4	un	un	_	_	_	_	_	linguistic	_	none	_	_	_	_	_	_
36-5	BO118	36	36	5	buon	buon	_	_	_	_	_	linguistic	_	none	_	_	_	_	_	_
36-6	BO118	36	36	6	rapporto?	rapporto	_	_	_	_	_	linguistic	_	none	Intonation=Rising	_	_	_	_	_
36-7	BO118	36	36	7	li	li	_	_	_	_	_	linguistic	_	none	_	_	_	_	_	_
36-8	BO118	36	36	8	conoscete	conoscete	_	_	_	_	_	linguistic	_	none	_	_	_	_	_	_
36-9	BO118	36	36	9	bene?	bene	_	_	_	_	_	linguistic	_	none	Intonation=Rising	End=132.94	_	_	_	_
37-0	BO140	37	37	0	si.	si	_	_	_	_	_	linguistic	_	none	Intonation=Falling	Begin=133.008	_	_	_	_
37-1	BO140	37	37	1	cioè	cioè	_	_	_	_	_	linguistic	_	none	_	_	_	_	_	_
37-2	BO140	37	37	2	diciamo	diciamo	_	_	_	_	_	linguistic	_	none	_	_	_	_	_	_
37-3	BO140	37	37	3	che	che	_	_	_	_	_	linguistic	_	none	_	_	_	_	_	_
37-4	BO140	37	37	4	io	io	_	_	_	_	_	linguistic	_	none	_	_	_	_	_	_
37-5	BO140	37	37	5	ho	ho	_	_	_	_	_	linguistic	_	none	_	_	_	_	_	_
37-6	BO140	37	37	6	sempre	sempre	_	_	_	_	_	linguistic	_	none	_	_	_	_	_	_
37-7	BO140	37	37	7	vissuto::	vissuto	_	_	_	_	_	linguistic	_	none	_	_	6x2	_	_	_
37-8	BO140	37	37	8	fin	fin	_	_	_	_	_	linguistic	_	none	_	_	_	_	_	_
37-9	BO140	37	37	9	da	da	_	_	_	_	_	linguistic	_	none	_	_	_	_	_	_
37-10	BO140	37	37	10	piccola	piccola	_	_	_	_	_	linguistic	_	none	_	_	_	_	_	_
37-11	BO140	37	37	11	con	con	_	_	_	_	_	linguistic	_	none	_	_	_	_	_	_
37-12	BO140	37	37	12	lo:ro	loro	_	_	_	_	_	linguistic	_	none	_	_	1x1	_	_	_
37-13	BO140	37	37	13	perché	perché	_	_	_	_	_	linguistic	_	none	_	_	_	_	_	_
37-14	BO140	37	37	14	fan	fan	_	_	_	_	_	linguistic	_	none	_	_	_	_	_	_
37-15	BO140	37	37	15	parte	parte	_	_	_	_	_	linguistic	_	none	_	_	_	_	_	_
37-16	BO140	37	37	16	della	della	_	_	_	_	_	linguistic	_	none	_	_	_	_	_	_
37-17	BO140	37	37	17	mia	mia	_	_	_	_	_	linguistic	_	none	_	_	_	_	_	_
37-18	BO140	37	37	18	famiglia::	famiglia	_	_	_	_	_	linguistic	_	none	_	_	7x2	_	_	_
37-19	BO140	37	37	19	non	non	_	_	_	_	_	linguistic	_	none	_	_	_	_	_	_
37-20	BO140	37	37	20	sono	sono	_	_	_	_	_	linguistic	_	none	_	_	_	_	_	_
37-21	BO140	37	37	21	paren~	paren~	_	_	_	_	_	linguistic	_	none	Interrupted=Yes	_	_	_	_	_
37-22	BO140	37	37	22	cioè	cioè	_	_	_	_	_	linguistic	_	none	_	_	_	_	_	_
37-23	BO140	37	37	23	non:	non	_	_	_	_	_	linguistic	_	none	_	_	2x1	_	_	_
37-24	BO140	37	37	24	è	è	_	_	_	_	_	linguistic	_	none	_	_	_	_	_	_
37-25	BO140	37	37	25	una	una	_	_	_	_	_	linguistic	_	none	_	_	_	_	_	_
37-26	BO140	37	37	26	parentela	parentela	_	_	_	_	_	linguistic	_	none	_	_	_	_	_	_
37-27	BO140	37	37	27	di	di	_	_	_	_	_	linguistic	_	none	_	_	_	_	_	_
37-28	BO140	37	37	28	primo	primo	_	_	_	_	_	linguistic	_	none	_	_	_	_	_	_
37-29	BO140	37	37	29	grado	grado	_	_	_	_	_	linguistic	_	none	_	_	_	_	_	_
37-30	BO140	37	37	30	ma	ma	_	_	_	_	_	linguistic	_	none	_	_	_	_	_	_
37-31	BO140	37	37	31	comunque	comunque	_	_	_	_	_	linguistic	_	none	_	_	_	_	_	_
37-32	BO140	37	37	32	di	di	_	_	_	_	_	linguistic	_	none	_	_	_	_	_	_
37-33	BO140	37	37	33	secron~	secron~	_	_	_	_	_	linguistic	_	none	Interrupted=Yes	_	_	_	_	_
37-34	BO140	37	37	34	di	di	_	_	_	_	_	linguistic	_	none	_	_	_	_	_	_
37-35	BO140	37	37	35	secondo	secondo	_	_	_	_	_	linguistic	_	none	_	_	_	_	_	_
37-36	BO140	37	37	36	grado	grado	_	_	_	_	_	linguistic	_	none	_	_	_	_	_	_
37-37	BO140	37	37	37	quindi	quindi	_	_	_	_	_	linguistic	_	none	_	_	_	_	_	_
37-38	BO140	37	37	38	i	i	_	_	_	_	_	linguistic	_	none	_	_	_	_	_	_
37-39	BO140	37	37	39	fi:gli:,	figli	_	_	_	_	_	linguistic	_	none	Intonation=WeaklyRising	End=148.17	1x1,4x1	_	_	_
38-0	BO140	38	38	0	hanno	hanno	_	_	_	_	_	linguistic	_	none	_	Begin=148.34	_	_	_	_
38-1	BO140	38	38	1	la	la	_	_	_	_	_	linguistic	_	none	_	_	_	_	_	_
38-2	BO140	38	38	2	mia	mia	_	_	_	_	_	linguistic	_	none	_	_	_	_	_	_
38-3	BO140	38	38	3	stessa	stessa	_	_	_	_	_	linguistic	_	none	_	_	_	_	_	_
38-4	BO140	38	38	4	età	età	_	_	_	_	_	linguistic	_	none	_	_	_	_	_	_
38-5	BO140	38	38	5	o::	o	_	_	_	_	_	linguistic	_	none	_	_	0x2	_	_	_
38-6	BO140	38	38	6	mh	mh	_	_	_	_	_	linguistic	_	none	_	_	_	_	_	_
38-7	BO140	38	38	7	siamo	siamo	_	_	_	_	_	linguistic	_	none	_	_	_	_	_	_
38-8	BO140	38	38	8	comunque:	comunque	_	_	_	_	_	linguistic	_	none	_	_	7x1	_	_	_
38-9	BO140	38	38	9	coetanei:	coetanei	_	_	_	_	_	linguistic	_	none	_	_	7x1	_	_	_
38-10	BO140	38	38	10	abbiamo	abbiamo	_	_	_	_	_	linguistic	_	none	_	_	_	_	_	_
38-11	BO140	38	38	11	sempre	sempre	_	_	_	_	_	linguistic	_	none	_	_	_	_	_	_
38-12	BO140	38	38	12	giocato	giocato	_	_	_	_	_	linguistic	_	none	_	_	_	_	_	_
38-13	BO140	38	38	13	insieme	insieme	_	_	_	_	_	linguistic	_	none	_	_	_	_	_	_
38-14	BO140	38	38	14	fin	fin	_	_	_	_	_	linguistic	_	none	_	_	_	_	_	_
38-15	BO140	38	38	15	da	da	_	_	_	_	_	linguistic	_	none	_	_	_	_	_	_
38-16	BO140	38	38	16	piccoli	piccoli	_	_	_	_	_	linguistic	_	none	_	End=155.5	_	_	_	_
39-0	BO140	39	39	0	anche	anche	_	_	_	_	_	linguistic	_	none	_	Begin=155.92	_	_	_	_
39-1	BO140	39	39	1	se	se	_	_	_	_	_	linguistic	_	none	_	_	_	_	_	_
39-2	BO140	39	39	2	non	non	_	_	_	_	_	linguistic	_	none	_	_	_	_	_	_
39-3	BO140	39	39	3	c'	c'	_	_	_	_	_	linguistic	_	none	SpaceAfter=No	_	_	_	_	_
39-4	BO140	39	39	4	è:	è	_	_	_	_	_	linguistic	_	none	_	_	0x1	_	_	_
39-5	BO140	39	39	5	u:::n	un	_	_	_	_	_	linguistic	_	none	_	_	0x3	_	_	_
39-6	BO140	39	39	6	rapporto	rapporto	_	_	_	_	_	linguistic	_	none	_	_	_	_	_	_
39-7	BO140	39	39	7	proprio:,	proprio	_	_	_	_	_	linguistic	_	none	Intonation=WeaklyRising	End=160.11	6x1	_	_	_
40-0	BO140	40	40	0	mh	mh	_	_	_	_	_	linguistic	_	none	_	Begin=160.535	_	_	_	_
40-1	BO140	40	40	1	stre:tto	stretto	_	_	_	_	_	linguistic	_	none	_	_	3x1	_	_	_
40-2	BO140	40	40	2	di	di	_	_	_	_	_	linguistic	_	none	_	_	_	_	_	_
40-3	BO140	40	40	3	parentela	parentela	_	_	_	_	_	linguistic	_	none	_	_	_	_	_	_
40-4	BO140	40	40	4	ma::	ma	_	_	_	_	_	linguistic	_	none	_	_	1x2	_	_	_
40-5	BO140	40	40	5	più	più	_	_	_	_	_	linguistic	_	none	_	_	_	_	_	_
40-6	BO140	40	40	6	di:	di	_	_	_	_	_	linguistic	_	none	_	_	1x1	_	_	_
40-7	BO140	40	40	7	convenevoli:	convenevoli	_	_	_	_	_	linguistic	_	none	_	_	10x1	_	_	_
40-8	BO140	40	40	8	e::,	e	_	_	_	_	_	linguistic	_	none	Intonation=WeaklyRising	End=164.897	0x2	_	_	_
41-0	BO118	41	41	0	okay	okay	_	_	_	_	_	linguistic	_	none	_	Begin=164.9	_	_	_	_
41-1	BO118	41	41	1	però	però	_	_	_	_	_	linguistic	_	none	_	_	_	_	_	_
41-2	BO118	41	41	2	comunque:	comunque	_	_	_	_	_	linguistic	_	none	_	_	7x1	_	_	_
41-3	BO118	41	41	3	è::,	è	_	_	_	_	_	linguistic	_	none	Intonation=WeaklyRising	End=166.7	0x2	_	_	_
42-0	BO118	42	42	0	cioè	cioè	_	_	_	_	_	linguistic	_	none	_	Begin=166.99	_	_	_	_
42-1	BO118	42	42	1	un'	un'	_	_	_	_	_	linguistic	_	none	SpaceAfter=No	_	_	_	_	_
42-2	BO118	42	42	2	atmosfera	atmosfera	_	_	_	_	_	linguistic	_	none	_	_	_	_	_	_
42-3	BO118	42	42	3	familiare	familiare	_	_	_	_	_	linguistic	_	none	_	_	_	_	_	_
42-4	BO118	42	42	4	[xxxx]	xxxx	_	_	_	_	_	unknown	_	none	Syllables=4	End=169.1	_	_	_	0-4(4)
43-0	BO140	43	43	0	[sì	sì	_	_	_	_	_	linguistic	_	none	_	Begin=168.48	_	_	_	0-2(4)
43-1	BO140	43	43	1	sì	sì	_	_	_	_	_	linguistic	_	none	_	_	_	_	_	0-2(4)
43-2	BO140	43	43	2	sì	sì	_	_	_	_	_	linguistic	_	none	_	_	_	_	_	0-2(4)
43-3	BO140	43	43	3	sì	sì	_	_	_	_	_	linguistic	_	none	_	_	_	_	_	0-2(4)
43-4	BO140	43	43	4	ce:]rto	certo	_	_	_	_	_	linguistic	_	none	_	End=169.83	1x1	_	_	0-2(4)
44-0	BO140	44	44	0	cioè	cioè	_	_	_	_	_	linguistic	_	none	_	Begin=170.135	_	_	_	_
44-1	BO140	44	44	1	non	non	_	_	_	_	_	linguistic	_	none	_	_	_	_	_	_
44-2	BO140	44	44	2	stia~	stia~	_	_	_	_	_	linguistic	_	none	Interrupted=Yes	_	_	_	_	_
44-3	BO140	44	44	3	cioè	cioè	_	_	_	_	_	linguistic	_	none	_	_	_	_	_	_
44-4	BO140	44	44	4	non	non	_	_	_	_	_	linguistic	_	none	_	_	_	_	_	_
44-5	BO140	44	44	5	festeggiamo:	festeggiamo	_	_	_	_	_	linguistic	_	none	_	_	10x1	_	_	_
44-6	BO140	44	44	6	feste	feste	_	_	_	_	_	linguistic	_	none	_	_	_	_	_	_
44-7	BO140	44	44	7	insieme:,	insieme	_	_	_	_	_	linguistic	_	none	Intonation=WeaklyRising	_	6x1	_	_	_
44-8	BO140	44	44	8	non	non	_	_	_	_	_	linguistic	_	none	_	_	_	_	_	_
44-9	BO140	44	44	9	stiamo	stiamo	_	_	_	_	_	linguistic	_	none	_	_	_	_	_	_
44-10	BO140	44	44	10	mo:lto	molto	_	_	_	_	_	linguistic	_	none	_	_	1x1	_	_	_
44-11	BO140	44	44	11	insieme	insieme	_	_	_	_	_	linguistic	_	none	_	_	_	_	_	_
44-12	BO140	44	44	12	in	in	_	_	_	_	_	linguistic	_	none	_	_	_	_	_	_
44-13	BO140	44	44	13	generale	generale	_	_	_	_	_	linguistic	_	none	_	_	_	_	_	_
44-14	BO140	44	44	14	però	però	_	_	_	_	_	linguistic	_	none	_	_	_	_	_	_
44-15	BO140	44	44	15	se	se	_	_	_	_	_	linguistic	_	none	_	_	_	_	_	_
44-16	BO140	44	44	16	ci	ci	_	_	_	_	_	linguistic	_	none	_	_	_	_	_	_
44-17	BO140	44	44	17	incontriamo:	incontriamo	_	_	_	_	_	linguistic	_	none	_	_	10x1	_	_	_
44-18	BO140	44	44	18	fuori	fuori	_	_	_	_	_	linguistic	_	none	_	_	_	_	_	_
44-19	BO140	44	44	19	da	da	_	_	_	_	_	linguistic	_	none	_	_	_	_	_	_
44-20	BO140	44	44	20	casa:	casa	_	_	_	_	_	linguistic	_	none	_	_	3x1	_	_	_
44-21	BO140	44	44	21	ci	ci	_	_	_	_	_	linguistic	_	none	_	_	_	_	_	_
44-22	BO140	44	44	22	salutia:mo	salutiamo	_	_	_	_	_	linguistic	_	none	_	_	6x1	_	_	_
44-23	BO140	44	44	23	ci	ci	_	_	_	_	_	linguistic	_	none	_	_	_	_	_	_
44-24	BO140	44	44	24	chiediamo	chiediamo	_	_	_	_	_	linguistic	_	none	_	_	_	_	_	_
44-25	BO140	44	44	25	come	come	_	_	_	_	_	linguistic	_	none	_	_	_	_	_	_
44-26	BO140	44	44	26	stiamo:	stiamo	_	_	_	_	_	linguistic	_	none	_	_	5x1	_	_	_
44-27	BO140	44	44	27	e:,	e	_	_	_	_	_	linguistic	_	none	Intonation=WeaklyRising	End=180.7	0x1	_	_	_
45-0	BO140	45	45	0	sì	sì	_	_	_	_	_	linguistic	_	none	_	Begin=181.52	_	_	_	_
45-1	BO140	45	45	1	alla	alla	_	_	_	_	_	linguistic	_	none	_	_	_	_	_	_
45-2	BO140	45	45	2	fine	fine	_	_	_	_	_	linguistic	_	none	_	_	_	_	_	_
45-3	BO140	45	45	3	è	è	_	_	_	_	_	linguistic	_	none	_	_	_	_	_	_
45-4	BO140	45	45	4	un	un	_	_	_	_	_	linguistic	_	none	_	_	_	_	_	_
45-5	BO140	45	45	5	rapporto:	rapporto	_	_	_	_	_	linguistic	_	none	ProsodicLink=Yes	_	7x1	_	_	_
45-6	BO140	45	45	6	m:h	mh	_	_	_	_	_	linguistic	_	none	_	_	0x1	_	_	_
45-7	BO140	45	45	7	amichevole.	amichevole	_	_	_	_	_	linguistic	_	none	Intonation=Falling	End=184.63	_	_	_	_
46-0	BO118	46	46	0	<ok[ay]>	okay	_	_	_	_	_	linguistic	_	none	_	Begin=184.61|End=185.08	_	Slow=0-4(0)	_	2-4(6)
47-0	BO140	47	47	0	[si]curamente	sicuramente	_	_	_	_	_	linguistic	_	none	_	Begin=184.826	_	_	_	0-2(6)
47-1	BO140	47	47	1	no:n	non	_	_	_	_	_	linguistic	_	none	_	_	1x1	_	_	_
47-2	BO140	47	47	2	non	non	_	_	_	_	_	linguistic	_	none	_	_	_	_	_	_
47-3	BO140	47	47	3	portiamo:	portiamo	_	_	_	_	_	linguistic	_	none	_	_	7x1	_	_	_
47-4	BO140	47	47	4	rancore	rancore	_	_	_	_	_	linguistic	_	none	_	_	_	_	_	_
47-5	BO140	47	47	5	o,	o	_	_	_	_	_	linguistic	_	none	Intonation=WeaklyRising	End=189.19	_	_	_	_
48-0	BO118	48	48	0	oka::y	okay	_	_	_	_	_	linguistic	_	none	_	Begin=190.84	2x2	_	_	_
48-1	BO118	48	48	1	e	e	_	_	_	_	_	linguistic	_	none	_	_	_	_	_	_
48-2	BO118	48	48	2	qual	qual	_	_	_	_	_	linguistic	_	none	_	_	_	_	_	_
48-3	BO118	48	48	3	è	è	_	_	_	_	_	linguistic	_	none	_	_	_	_	_	_
48-4	BO118	48	48	4	la	la	_	_	_	_	_	linguistic	_	none	_	_	_	_	_	_
48-5	BO118	48	48	5	tua	tua	_	_	_	_	_	linguistic	_	none	_	_	_	_	_	_
48-6	BO118	48	48	6	stanza	stanza	_	_	_	_	_	linguistic	_	none	_	_	_	_	_	_
48-7	BO118	48	48	7	preferita	preferita	_	_	_	_	_	linguistic	_	none	_	_	_	_	_	_
48-8	BO118	48	48	8	nella	nella	_	_	_	_	_	linguistic	_	none	_	_	_	_	_	_
48-9	BO118	48	48	9	tua	tua	_	_	_	_	_	linguistic	_	none	_	_	_	_	_	_
48-10	BO118	48	48	10	casa?	casa	_	_	_	_	_	linguistic	_	none	Intonation=Rising	End=194.0	_	_	_	_
49-0	BO140	49	49	0	la	la	_	_	_	_	_	linguistic	_	none	_	Begin=195.163	_	_	_	_
49-1	BO140	49	49	1	mia	mia	_	_	_	_	_	linguistic	_	none	_	_	_	_	_	_
49-2	BO140	49	49	2	stanza	stanza	_	_	_	_	_	linguistic	_	none	_	_	_	_	_	_
49-3	BO140	49	49	3	preferi:ta:	preferita	_	_	_	_	_	linguistic	_	none	ProsodicLink=Yes	_	6x1,8x1	_	_	_
49-4	BO140	49	49	4	a::h	ah	_	_	_	_	_	linguistic	_	none	_	_	0x2	_	_	_
49-5	BO140	49	49	5	in	in	_	_	_	_	_	linguistic	_	none	_	_	_	_	_	_
49-6	BO140	49	49	6	realtà::	realtà	_	_	_	_	_	linguistic	_	none	_	_	5x2	_	_	_
49-7	BO140	49	49	7	una	una	_	_	_	_	_	linguistic	_	none	_	_	_	_	_	_
49-8	BO140	49	49	8	volta	volta	_	_	_	_	_	linguistic	_	none	_	_	_	_	_	_
49-9	BO140	49	49	9	era	era	_	_	_	_	_	linguistic	_	none	_	_	_	_	_	_
49-10	BO140	49	49	10	il	il	_	_	_	_	_	linguistic	_	none	_	_	_	_	_	_
49-11	BO140	49	49	11	bagno.	bagno	_	_	_	_	_	linguistic	_	none	Intonation=Falling	End=200.44	_	_	_	_
50-0	BO140	50	50	0	ma	ma	_	_	_	_	_	linguistic	_	none	_	Begin=200.606	_	_	_	_
50-1	BO140	50	50	1	perché:	perché	_	_	_	_	_	linguistic	_	none	_	_	5x1	_	_	_
50-2	BO140	50	50	2	è	è	_	_	_	_	_	linguistic	_	none	_	_	_	_	_	_
50-3	BO140	50	50	3	la	la	_	_	_	_	_	linguistic	_	none	_	_	_	_	_	_
50-4	BO140	50	50	4	parte	parte	_	_	_	_	_	linguistic	_	none	_	_	_	_	_	_
50-5	BO140	50	50	5	più	più	_	_	_	_	_	linguistic	_	none	_	_	_	_	_	_
50-6	BO140	50	50	6	piccola	piccola	_	_	_	_	_	linguistic	_	none	_	_	_	_	_	_
50-7	BO140	50	50	7	della	della	_	_	_	_	_	linguistic	_	none	_	_	_	_	_	_
50-8	BO140	50	50	8	casa:	casa	_	_	_	_	_	linguistic	_	none	_	_	3x1	_	_	_
50-9	BO140	50	50	9	e:	e	_	_	_	_	_	linguistic	_	none	_	_	0x1	_	_	_
50-10	BO140	50	50	10	si	si	_	_	_	_	_	linguistic	_	none	_	_	_	_	_	_
50-11	BO140	50	50	11	riscalda	riscalda	_	_	_	_	_	linguistic	_	none	_	_	_	_	_	_
50-12	BO140	50	50	12	prima	prima	_	_	_	_	_	linguistic	_	none	_	_	_	_	_	_
50-13	BO140	50	50	13	e:,	e	_	_	_	_	_	linguistic	_	none	Intonation=WeaklyRising	End=205.17	0x1	_	_	_
51-0	BO140	51	51	0	quindi	quindi	_	_	_	_	_	linguistic	_	none	_	Begin=205.993	_	_	_	_
51-1	BO140	51	51	1	anche	anche	_	_	_	_	_	linguistic	_	none	_	_	_	_	_	_
51-2	BO140	51	51	2	in	in	_	_	_	_	_	linguistic	_	none	_	_	_	_	_	_
51-3	BO140	51	51	3	inverno:	inverno	_	_	_	_	_	linguistic	_	none	_	_	6x1	_	_	_
51-4	BO140	51	51	4	ho	ho	_	_	_	_	_	linguistic	_	none	_	_	_	_	_	_
51-5	BO140	51	51	5	sempre	sempre	_	_	_	_	_	linguistic	_	none	_	_	_	_	_	_
51-6	BO140	51	51	6	pensato,	pensato	_	_	_	_	_	linguistic	_	none	Intonation=WeaklyRising	End=208.52	_	_	_	_
52-0	BO140	52	52	0	fosse	fosse	_	_	_	_	_	linguistic	_	none	_	Begin=208.971	_	_	_	_
52-1	BO140	52	52	1	u:n	un	_	_	_	_	_	linguistic	_	none	_	_	0x1	_	_	_
52-2	BO140	52	52	2	un	un	_	_	_	_	_	linguistic	_	none	_	_	_	_	_	_
52-3	BO140	52	52	3	luogo	luogo	_	_	_	_	_	linguistic	_	none	_	_	_	_	_	_
52-4	BO140	52	52	4	più	più	_	_	_	_	_	linguistic	_	none	_	_	_	_	_	_
52-5	BO140	52	52	5	chiuso	chiuso	_	_	_	_	_	linguistic	_	none	_	_	_	_	_	_
52-6	BO140	52	52	6	di	di	_	_	_	_	_	linguistic	_	none	_	_	_	_	_	_
52-7	BO140	52	52	7	a:ltri,	altri	_	_	_	_	_	linguistic	_	none	Intonation=WeaklyRising	End=212.03	0x1	_	_	_
53-0	BO140	53	53	0	in	in	_	_	_	_	_	linguistic	_	none	_	Begin=212.67	_	_	_	_
53-1	BO140	53	53	1	genera:le	generale	_	_	_	_	_	linguistic	_	none	_	_	5x1	_	_	_
53-2	BO140	53	53	2	in	in	_	_	_	_	_	linguistic	_	none	_	_	_	_	_	_
53-3	BO140	53	53	3	questo	questo	_	_	_	_	_	linguistic	_	none	_	_	_	_	_	_
53-4	BO140	53	53	4	momento	momento	_	_	_	_	_	linguistic	_	none	_	_	_	_	_	_
53-5	BO140	53	53	5	è	è	_	_	_	_	_	linguistic	_	none	_	_	_	_	_	_
53-6	BO140	53	53	6	la	la	_	_	_	_	_	linguistic	_	none	_	_	_	_	_	_
53-7	BO140	53	53	7	sala:	sala	_	_	_	_	_	linguistic	_	none	_	_	3x1	_	_	_
53-8	BO140	53	53	8	perché::	perché	_	_	_	_	_	linguistic	_	none	_	_	5x2	_	_	_
53-9	BO140	53	53	9	c'	c'	_	_	_	_	_	linguistic	_	none	SpaceAfter=No	_	_	_	_	_
53-10	BO140	53	53	10	è	è	_	_	_	_	_	linguistic	_	none	_	_	_	_	_	_
53-11	BO140	53	53	11	il	il	_	_	_	_	_	linguistic	_	none	_	_	_	_	_	_
53-12	BO140	53	53	12	cami:no:	camino	_	_	_	_	_	linguistic	_	none	_	_	3x1,5x1	_	_	_
53-13	BO140	53	53	13	e::	e	_	_	_	_	_	linguistic	_	none	_	_	0x2	_	_	_
53-14	BO140	53	53	14	mh	mh	_	_	_	_	_	linguistic	_	none	_	End=218.39	_	_	_	_
54-0	BO140	54	54	0	mh:	mh	_	_	_	_	_	linguistic	_	none	_	Begin=219.356	1x1	_	_	_
54-1	BO140	54	54	1	vabbè	vabbè	_	_	_	_	_	linguistic	_	none	_	_	_	_	_	_
54-2	BO140	54	54	2	[ci	ci	_	_	_	_	_	linguistic	_	none	_	_	_	_	_	0-2(7)
54-3	BO140	54	54	3	stiamo]	stiamo	_	_	_	_	_	linguistic	_	none	_	_	_	_	_	0-6(7)
54-4	BO140	54	54	4	insie:me:	insieme	_	_	_	_	_	linguistic	_	none	_	_	4x1,6x1	_	_	_
54-5	BO140	54	54	5	esatto:	esatto	_	_	_	_	_	linguistic	_	none	_	_	5x1	_	_	_
54-6	BO140	54	54	6	c'	c'	_	_	_	_	_	linguistic	_	none	SpaceAfter=No	_	_	_	_	_
54-7	BO140	54	54	7	è	è	_	_	_	_	_	linguistic	_	none	_	_	_	_	_	_
54-8	BO140	54	54	8	il	il	_	_	_	_	_	linguistic	_	none	_	_	_	_	_	_
54-9	BO140	54	54	9	divano	divano	_	_	_	_	_	linguistic	_	none	_	_	_	_	_	_
54-10	BO140	54	54	10	comodo,	comodo	_	_	_	_	_	linguistic	_	none	Intonation=WeaklyRising	End=223.69	_	_	_	_
55-0	BO118	55	55	0	[state	state	_	_	_	_	_	linguistic	_	none	_	Begin=219.85	_	_	_	0-5(7)
55-1	BO118	55	55	1	insie:me:]	insieme	_	_	_	_	_	linguistic	_	none	_	End=221.44	4x1,6x1	_	_	0-7(7)
56-0	BO140	56	56	0	e::	e	_	_	_	_	_	linguistic	_	none	_	Begin=224.028	0x2	_	_	_
56-1	BO140	56	56	1	però	però	_	_	_	_	_	linguistic	_	none	_	_	_	_	_	_
56-2	BO140	56	56	2	in	in	_	_	_	_	_	linguistic	_	none	_	_	_	_	_	_
56-3	BO140	56	56	3	realtà	realtà	_	_	_	_	_	linguistic	_	none	_	_	_	_	_	_
56-4	BO140	56	56	4	non	non	_	_	_	_	_	linguistic	_	none	_	_	_	_	_	_
56-5	BO140	56	56	5	ci	ci	_	_	_	_	_	linguistic	_	none	_	_	_	_	_	_
56-6	BO140	56	56	6	sto	sto	_	_	_	_	_	linguistic	_	none	_	_	_	_	_	_
56-7	BO140	56	56	7	quasi	quasi	_	_	_	_	_	linguistic	_	none	_	_	_	_	_	_
56-8	BO140	56	56	8	ma:i	mai	_	_	_	_	_	linguistic	_	none	_	_	1x1	_	_	_
56-9	BO140	56	56	9	perché	perché	_	_	_	_	_	linguistic	_	none	_	_	_	_	_	_
56-10	BO140	56	56	10	son	son	_	_	_	_	_	linguistic	_	none	_	_	_	_	_	_
56-11	BO140	56	56	11	sempre	sempre	_	_	_	_	_	linguistic	_	none	_	_	_	_	_	_
56-12	BO140	56	56	12	qua	qua	_	_	_	_	_	linguistic	_	none	_	_	_	_	_	_
56-13	BO140	56	56	13	a	a	_	_	_	_	_	linguistic	_	none	_	_	_	_	_	_
56-14	BO140	56	56	14	bologna:	bologna	_	_	_	_	_	linguistic	_	none	_	_	6x1	_	_	_
56-15	BO140	56	56	15	e:,	e	_	_	_	_	_	linguistic	_	none	Intonation=WeaklyRising	End=228.238	0x1	_	_	_
57-0	BO140	57	57	0	non	non	_	_	_	_	_	linguistic	_	none	_	Begin=229.43	_	_	_	_
57-1	BO140	57	57	1	ho	ho	_	_	_	_	_	linguistic	_	none	_	_	_	_	_	_
57-2	BO140	57	57	2	in	in	_	_	_	_	_	linguistic	_	none	_	_	_	_	_	_
57-3	BO140	57	57	3	realtà	realtà	_	_	_	_	_	linguistic	_	none	_	_	_	_	_	_
57-4	BO140	57	57	4	un~	un~	_	_	_	_	_	linguistic	_	none	Interrupted=Yes	_	_	_	_	_
57-5	BO140	57	57	5	una	una	_	_	_	_	_	linguistic	_	none	_	_	_	_	_	_
57-6	BO140	57	57	6	stanza	stanza	_	_	_	_	_	linguistic	_	none	_	_	_	_	_	_
57-7	BO140	57	57	7	pre[ferita:],	preferita	_	_	_	_	_	linguistic	_	none	Intonation=WeaklyRising	End=232.62	8x1	_	_	3-9(8)
58-0	BO118	58	58	0	°[nemmeno	nemmeno	_	_	_	_	_	linguistic	_	none	Volume=low	Begin=232.2	_	_	_	0-7(8)
58-1	BO118	58	58	1	io]	io	_	_	_	_	_	linguistic	_	none	Volume=low	_	_	_	_	0-2(8)
58-2	BO118	58	58	2	mi	mi	_	_	_	_	_	linguistic	_	none	Volume=low	_	_	_	_	_
58-3	BO118	58	58	3	sa	sa	_	_	_	_	_	linguistic	_	none	Volume=low	_	_	_	_	_
58-4	BO118	58	58	4	che	che	_	_	_	_	_	linguistic	_	none	Volume=low	_	_	_	_	_
58-5	BO118	58	58	5	ce	ce	_	_	_	_	_	linguistic	_	none	Volume=low	_	_	_	_	_
58-6	BO118	58	58	6	l'	l'	_	_	_	_	_	linguistic	_	none	SpaceAfter=No|Volume=low	_	_	_	_	_
58-7	BO118	58	58	7	ho.°	ho	_	_	_	_	_	linguistic	_	none	Intonation=Falling|Volume=low	End=233.66	_	_	_	_
59-0	BO118	59	59	0	anche	anche	_	_	_	_	_	linguistic	_	none	_	Begin=234.49	_	_	_	_
59-1	BO118	59	59	1	perché	perché	_	_	_	_	_	linguistic	_	none	_	_	_	_	_	_
59-2	BO118	59	59	2	casa	casa	_	_	_	_	_	linguistic	_	none	_	_	_	_	_	_
59-3	BO118	59	59	3	mia	mia	_	_	_	_	_	linguistic	_	none	_	_	_	_	_	_
59-4	BO118	59	59	4	tipo	tipo	_	_	_	_	_	linguistic	_	none	_	_	_	_	_	_
59-5	BO118	59	59	5	è	è	_	_	_	_	_	linguistic	_	none	_	_	_	_	_	_
59-6	BO118	59	59	6	mo:lto	molto	_	_	_	_	_	linguistic	_	none	_	_	1x1	_	_	_
59-7	BO118	59	59	7	cioè	cioè	_	_	_	_	_	linguistic	_	none	_	_	_	_	_	_
59-8	BO118	59	59	8	dà	dà	_	_	_	_	_	linguistic	_	none	_	_	_	_	_	_
59-9	BO118	59	59	9	mo:lto	molto	_	_	_	_	_	linguistic	_	none	_	_	1x1	_	_	_
59-10	BO118	59	59	10	un	un	_	_	_	_	_	linguistic	_	none	_	_	_	_	_	_
59-11	BO118	59	59	11	senso	senso	_	_	_	_	_	linguistic	_	none	_	_	_	_	_	_
59-12	BO118	59	59	12	di	di	_	_	_	_	_	linguistic	_	none	_	_	_	_	_	_
59-13	BO118	59	59	13	freddo,	freddo	_	_	_	_	_	linguistic	_	none	Intonation=WeaklyRising	End=238.47	_	_	_	_
60-0	BO118	60	60	0	perché	perché	_	_	_	_	_	linguistic	_	none	_	Begin=239.02	_	_	_	_
60-1	BO118	60	60	1	l'	l'	_	_	_	_	_	linguistic	_	none	SpaceAfter=No	_	_	_	_	_
60-2	BO118	60	60	2	hanno	hanno	_	_	_	_	_	linguistic	_	none	_	_	_	_	_	_
60-3	BO118	60	60	3	rifatta	rifatta	_	_	_	_	_	linguistic	_	none	_	_	_	_	_	_
60-4	BO118	60	60	4	da	da	_	_	_	_	_	linguistic	_	none	_	_	_	_	_	_
60-5	BO118	60	60	5	poco	poco	_	_	_	_	_	linguistic	_	none	_	_	_	_	_	_
60-6	BO118	60	60	6	quindi	quindi	_	_	_	_	_	linguistic	_	none	_	_	_	_	_	_
60-7	BO118	60	60	7	è	è	_	_	_	_	_	linguistic	_	none	_	_	_	_	_	_
60-8	BO118	60	60	8	molto	molto	_	_	_	_	_	linguistic	_	none	_	_	_	_	_	_
60-9	BO118	60	60	9	mode:rna	moderna	_	_	_	_	_	linguistic	_	none	_	_	3x1	_	_	_
60-10	BO118	60	60	10	invece	invece	_	_	_	_	_	linguistic	_	none	_	_	_	_	_	_
60-11	BO118	60	60	11	prima	prima	_	_	_	_	_	linguistic	_	none	_	_	_	_	_	_
60-12	BO118	60	60	12	era	era	_	_	_	_	_	linguistic	_	none	_	_	_	_	_	_
60-13	BO118	60	60	13	tutta	tutta	_	_	_	_	_	linguistic	_	none	_	_	_	_	_	_
60-14	BO118	60	60	14	fatta	fatta	_	_	_	_	_	linguistic	_	none	_	_	_	_	_	_
60-15	BO118	60	60	15	di	di	_	_	_	_	_	linguistic	_	none	_	_	_	_	_	_
60-16	BO118	60	60	16	legno	legno	_	_	_	_	_	linguistic	_	none	_	_	_	_	_	_
60-17	BO118	60	60	17	e	e	_	_	_	_	_	linguistic	_	none	_	_	_	_	_	_
60-18	BO118	60	60	18	c'	c'	_	_	_	_	_	linguistic	_	none	SpaceAfter=No	_	_	_	_	_
60-19	BO118	60	60	19	era	era	_	_	_	_	_	linguistic	_	none	_	_	_	_	_	_
60-20	BO118	60	60	20	il	il	_	_	_	_	_	linguistic	_	none	_	_	_	_	_	_
60-21	BO118	60	60	21	camino	camino	_	_	_	_	_	linguistic	_	none	_	_	_	_	_	_
60-22	BO118	60	60	22	e	e	_	_	_	_	_	linguistic	_	none	_	_	_	_	_	_
60-23	BO118	60	60	23	adesso	adesso	_	_	_	_	_	linguistic	_	none	_	_	_	_	_	_
60-24	BO118	60	60	24	non	non	_	_	_	_	_	linguistic	_	none	_	_	_	_	_	_
60-25	BO118	60	60	25	c'	c'	_	_	_	_	_	linguistic	_	none	SpaceAfter=No	_	_	_	_	_
60-26	BO118	60	60	26	è	è	_	_	_	_	_	linguistic	_	none	_	_	_	_	_	_
60-27	BO118	60	60	27	più,	più	_	_	_	_	_	linguistic	_	none	Intonation=WeaklyRising	End=244.76	_	_	_	_
61-0	BO118	61	61	0	e	e	_	_	_	_	_	linguistic	_	none	_	Begin=245.575	_	_	_	_
61-1	BO118	61	61	1	prima	prima	_	_	_	_	_	linguistic	_	none	_	_	_	_	_	_
61-2	BO118	61	61	2	la	la	_	_	_	_	_	linguistic	_	none	_	_	_	_	_	_
61-3	BO118	61	61	3	mia	mia	_	_	_	_	_	linguistic	_	none	_	_	_	_	_	_
61-4	BO118	61	61	4	stanza	stanza	_	_	_	_	_	linguistic	_	none	_	_	_	_	_	_
61-5	BO118	61	61	5	preferita	preferita	_	_	_	_	_	linguistic	_	none	_	_	_	_	_	_
61-6	BO118	61	61	6	penso	penso	_	_	_	_	_	linguistic	_	none	_	_	_	_	_	_
61-7	BO118	61	61	7	fosse	fosse	_	_	_	_	_	linguistic	_	none	_	_	_	_	_	_
61-8	BO118	61	61	8	la	la	_	_	_	_	_	linguistic	_	none	_	_	_	_	_	_
61-9	BO118	61	61	9	cucina.	cucina	_	_	_	_	_	linguistic	_	none	Intonation=Falling	End=247.68	_	_	_	_
62-0	BO118	62	62	0	perché	perché	_	_	_	_	_	linguistic	_	none	_	Begin=248.015	_	_	_	_
62-1	BO118	62	62	1	era	era	_	_	_	_	_	linguistic	_	none	_	_	_	_	_	_
62-2	BO118	62	62	2	grande::	grande	_	_	_	_	_	linguistic	_	none	_	_	5x2	_	_	_
62-3	BO118	62	62	3	e:	e	_	_	_	_	_	linguistic	_	none	_	_	0x1	_	_	_
62-4	BO118	62	62	4	c'	c'	_	_	_	_	_	linguistic	_	none	SpaceAfter=No	_	_	_	_	_
62-5	BO118	62	62	5	era	era	_	_	_	_	_	linguistic	_	none	_	_	_	_	_	_
62-6	BO118	62	62	6	il	il	_	_	_	_	_	linguistic	_	none	_	_	_	_	_	_
62-7	BO118	62	62	7	tavolo	tavolo	_	_	_	_	_	linguistic	_	none	_	_	_	_	_	_
62-8	BO118	62	62	8	c'	c'	_	_	_	_	_	linguistic	_	none	SpaceAfter=No	_	_	_	_	_
62-9	BO118	62	62	9	era	era	_	_	_	_	_	linguistic	_	none	_	_	_	_	_	_
62-10	BO118	62	62	10	pure	pure	_	_	_	_	_	linguistic	_	none	_	_	_	_	_	_
62-11	BO118	62	62	11	un	un	_	_	_	_	_	linguistic	_	none	_	_	_	_	_	_
62-12	BO118	62	62	12	divanetto,	divanetto	_	_	_	_	_	linguistic	_	none	Intonation=WeaklyRising	End=251.31	_	_	_	_
63-0	BO140	63	63	0	sì	sì	_	_	_	_	_	linguistic	_	none	_	Begin=252.69|End=253.0	_	_	_	_
64-0	BO118	64	64	0	però	però	_	_	_	_	_	linguistic	_	none	_	Begin=253.0	_	_	_	_
64-1	BO118	64	64	1	adesso	adesso	_	_	_	_	_	linguistic	_	none	_	_	_	_	_	_
64-2	BO118	64	64	2	non	non	_	_	_	_	_	linguistic	_	none	_	_	_	_	_	_
64-3	BO118	64	64	3	ce	ce	_	_	_	_	_	linguistic	_	none	_	_	_	_	_	_
64-4	BO118	64	64	4	l'	l'	_	_	_	_	_	linguistic	_	none	SpaceAfter=No	_	_	_	_	_
64-5	BO118	64	64	5	ho	ho	_	_	_	_	_	linguistic	_	none	_	End=253.81	_	_	_	_
65-0	BO118	65	65	0	<oka:y>	okay	_	_	_	_	_	linguistic	_	none	_	Begin=255.745|End=256.7	2x1	Slow=0-4(0)	_	_
66-0	BO118	66	66	0	e::hm	ehm	_	_	_	_	_	linguistic	_	none	_	Begin=258.505	0x2	_	_	_
66-1	BO118	66	66	1	quindi	quindi	_	_	_	_	_	linguistic	_	none	_	_	_	_	_	_
66-2	BO118	66	66	2	stai	stai	_	_	_	_	_	linguistic	_	none	_	_	_	_	_	_
66-3	BO118	66	66	3	vicina	vicina	_	_	_	_	_	linguistic	_	none	_	_	_	_	_	_
66-4	BO118	66	66	4	al	al	_	_	_	_	_	linguistic	_	none	_	_	_	_	_	_
66-5	BO118	66	66	5	ce:ntro::	centro	_	_	_	_	_	linguistic	_	none	_	_	1x1,5x2	_	_	_
66-6	BO118	66	66	6	e:	e	_	_	_	_	_	linguistic	_	none	_	_	0x1	_	_	_
66-7	BO118	66	66	7	vai	vai	_	_	_	_	_	linguistic	_	none	_	_	_	_	_	_
66-8	BO118	66	66	8	spesso	spesso	_	_	_	_	_	linguistic	_	none	_	_	_	_	_	_
66-9	BO118	66	66	9	in	in	_	_	_	_	_	linguistic	_	none	_	_	_	_	_	_
66-10	BO118	66	66	10	centro:	centro	_	_	_	_	_	linguistic	_	none	_	_	5x1	_	_	_
66-11	BO118	66	66	11	o::	o	_	_	_	_	_	linguistic	_	none	_	_	0x2	_	_	_
66-12	BO118	66	66	12	o	o	_	_	_	_	_	linguistic	_	none	_	_	_	_	_	_
66-13	BO118	66	66	13	resti	resti	_	_	_	_	_	linguistic	_	none	_	_	_	_	_	_
66-14	BO118	66	66	14	più	più	_	_	_	_	_	linguistic	_	none	_	_	_	_	_	_
66-15	BO118	66	66	15	nella	nella	_	_	_	_	_	linguistic	_	none	_	_	_	_	_	_
66-16	BO118	66	66	16	zona	zona	_	_	_	_	_	linguistic	_	none	_	_	_	_	_	_
66-17	BO118	66	66	17	dove:	dove	_	_	_	_	_	linguistic	_	none	_	_	3x1	_	_	_
66-18	BO118	66	66	18	dove	dove	_	_	_	_	_	linguistic	_	none	_	_	_	_	_	_
66-19	BO118	66	66	19	abiti?	abiti	_	_	_	_	_	linguistic	_	none	Intonation=Rising	End=266.05	_	_	_	_
67-0	BO140	67	67	0	sì:	sì	_	_	_	_	_	linguistic	_	none	_	Begin=266.31	1x1	_	_	_
67-1	BO140	67	67	1	vabbè	vabbè	_	_	_	_	_	linguistic	_	none	_	_	_	_	_	_
67-2	BO140	67	67	2	certo.	certo	_	_	_	_	_	linguistic	_	none	Intonation=Falling	End=267.31	_	_	_	_
68-0	BO140	68	68	0	anche	anche	_	_	_	_	_	linguistic	_	none	_	Begin=267.47	_	_	_	_
68-1	BO140	68	68	1	perché:	perché	_	_	_	_	_	linguistic	_	none	_	_	5x1	_	_	_
68-2	BO140	68	68	2	abito:	abito	_	_	_	_	_	linguistic	_	none	_	_	4x1	_	_	_
68-3	BO140	68	68	3	diciamo:	diciamo	_	_	_	_	_	linguistic	_	none	_	_	6x1	_	_	_
68-4	BO140	68	68	4	in	in	_	_	_	_	_	linguistic	_	none	_	_	_	_	_	_
68-5	BO140	68	68	5	una	una	_	_	_	_	_	linguistic	_	none	_	_	_	_	_	_
68-6	BO140	68	68	6	periferia	periferia	_	_	_	_	_	linguistic	_	none	_	_	_	_	_	_
68-7	BO140	68	68	7	(cioè)	cioè	_	_	_	_	_	linguistic	_	none	_	_	_	_	0-4(0)	_
68-8	BO140	68	68	8	@nomepaese	@nomepaese	_	_	_	_	_	anonymized	_	none	_	_	_	_	_	_
68-9	BO140	68	68	9	è	è	_	_	_	_	_	linguistic	_	none	_	_	_	_	_	_
68-10	BO140	68	68	10	piccola.	piccola	_	_	_	_	_	linguistic	_	none	Intonation=Falling	End=271.13	_	_	_	_
69-0	BO140	69	69	0	quindi	quindi	_	_	_	_	_	linguistic	_	none	_	Begin=271.485	_	_	_	_
69-1	BO140	69	69	1	appena	appena	_	_	_	_	_	linguistic	_	none	_	_	_	_	_	_
69-2	BO140	69	69	2	ti	ti	_	_	_	_	_	linguistic	_	none	_	_	_	_	_	_
69-3	BO140	69	69	3	sposti	sposti	_	_	_	_	_	linguistic	_	none	_	_	_	_	_	_
69-4	BO140	69	69	4	un	un	_	_	_	_	_	linguistic	_	none	_	_	_	_	_	_
69-5	BO140	69	69	5	po'	po'	_	_	_	_	_	linguistic	_	none	_	_	_	_	_	_
69-6	BO140	69	69	6	dal	dal	_	_	_	_	_	linguistic	_	none	_	_	_	_	_	_
69-7	BO140	69	69	7	centro:	centro	_	_	_	_	_	linguistic	_	none	_	_	5x1	_	_	_
69-8	BO140	69	69	8	a	a	_	_	_	_	_	linguistic	_	none	_	_	_	_	_	_
69-9	BO140	69	69	9	meno	meno	_	_	_	_	_	linguistic	_	none	_	_	_	_	_	_
69-10	BO140	69	69	10	che	che	_	_	_	_	_	linguistic	_	none	_	_	_	_	_	_
69-11	BO140	69	69	11	non	non	_	_	_	_	_	linguistic	_	none	_	_	_	_	_	_
69-12	BO140	69	69	12	sia	sia	_	_	_	_	_	linguistic	_	none	_	_	_	_	_	_
69-13	BO140	69	69	13	proprio	proprio	_	_	_	_	_	linguistic	_	none	_	_	_	_	_	_
69-14	BO140	69	69	14	la	la	_	_	_	_	_	linguistic	_	none	_	_	_	_	_	_
69-15	BO140	69	69	15	zona	zona	_	_	_	_	_	linguistic	_	none	_	_	_	_	_	_
69-16	BO140	69	69	16	residenziale:,	residenziale	_	_	_	_	_	linguistic	_	none	Intonation=WeaklyRising	_	11x1	_	_	_
69-17	BO140	69	69	17	nuo:va,	nuova	_	_	_	_	_	linguistic	_	none	Intonation=WeaklyRising	_	2x1	_	_	_
69-18	BO140	69	69	18	eh::	eh	_	_	_	_	_	linguistic	_	none	_	_	1x2	_	_	_
69-19	BO140	69	69	19	entri	entri	_	_	_	_	_	linguistic	_	none	_	_	_	_	_	_
69-20	BO140	69	69	20	molto	molto	_	_	_	_	_	linguistic	_	none	_	_	_	_	_	_
69-21	BO140	69	69	21	nella	nella	_	_	_	_	_	linguistic	_	none	_	_	_	_	_	_
69-22	BO140	69	69	22	campagna	campagna	_	_	_	_	_	linguistic	_	none	_	_	_	_	_	_
69-23	BO140	69	69	23	e::	e	_	_	_	_	_	linguistic	_	none	_	_	0x2	_	_	_
69-24	BO140	69	69	24	dove	dove	_	_	_	_	_	linguistic	_	none	_	_	_	_	_	_
69-25	BO140	69	69	25	abito	abito	_	_	_	_	_	linguistic	_	none	_	_	_	_	_	_
69-26	BO140	69	69	26	io	io	_	_	_	_	_	linguistic	_	none	_	_	_	_	_	_
69-27	BO140	69	69	27	appunto	appunto	_	_	_	_	_	linguistic	_	none	_	_	_	_	_	_
69-28	BO140	69	69	28	è:	è	_	_	_	_	_	linguistic	_	none	_	_	0x1	_	_	_
69-29	BO140	69	69	29	un	un	_	_	_	_	_	linguistic	_	none	_	_	_	_	_	_
69-30	BO140	69	69	30	aggregato	aggregato	_	_	_	_	_	linguistic	_	none	_	_	_	_	_	_
69-31	BO140	69	69	31	di:,	di	_	_	_	_	_	linguistic	_	none	Intonation=WeaklyRising	End=283.03	1x1	_	_	_
70-0	BO140	70	70	0	cento	cento	_	_	_	_	_	linguistic	_	none	_	Begin=283.45	_	_	_	_
70-1	BO140	70	70	1	ca:se::	case	_	_	_	_	_	linguistic	_	none	_	_	1x1,3x2	_	_	_
70-2	BO140	70	70	2	con	con	_	_	_	_	_	linguistic	_	none	_	_	_	_	_	_
70-3	BO140	70	70	3	la	la	_	_	_	_	_	linguistic	_	none	_	_	_	_	_	_
70-4	BO140	70	70	4	chiesetta	chiesetta	_	_	_	_	_	linguistic	_	none	_	_	_	_	_	_
70-5	BO140	70	70	5	così	così	_	_	_	_	_	linguistic	_	none	_	_	_	_	_	_
70-6	BO140	70	70	6	insomma:,	insomma	_	_	_	_	_	linguistic	_	none	Intonation=WeaklyRising	End=286.84	6x1	_	_	_
71-0	BO140	71	71	0	non	non	_	_	_	_	_	linguistic	_	none	_	Begin=287.175	_	_	_	_
71-1	BO140	71	71	1	si	si	_	_	_	_	_	linguistic	_	none	_	_	_	_	_	_
71-2	BO140	71	71	2	fa	fa	_	_	_	_	_	linguistic	_	none	_	_	_	_	_	_
71-3	BO140	71	71	3	niente	niente	_	_	_	_	_	linguistic	_	none	_	_	_	_	_	_
71-4	BO140	71	71	4	in	in	_	_	_	_	_	linguistic	_	none	_	_	_	_	_	_
71-5	BO140	71	71	5	quella	quella	_	_	_	_	_	linguistic	_	none	_	_	_	_	_	_
71-6	BO140	71	71	6	zona	zona	_	_	_	_	_	linguistic	_	none	_	_	_	_	_	_
71-7	BO140	71	71	7	quindi	quindi	_	_	_	_	_	linguistic	_	none	_	_	_	_	_	_
71-8	BO140	71	71	8	[per]	per	_	_	_	_	_	linguistic	_	none	_	_	_	_	_	0-3(9)
71-9	BO140	71	71	9	forza	forza	_	_	_	_	_	linguistic	_	none	_	_	_	_	_	_
71-10	BO140	71	71	10	vai	vai	_	_	_	_	_	linguistic	_	none	_	_	_	_	_	_
71-11	BO140	71	71	11	[in	in	_	_	_	_	_	linguistic	_	none	_	_	_	_	_	0-2(10)
71-12	BO140	71	71	12	centro].	centro	_	_	_	_	_	linguistic	_	none	Intonation=Falling	End=290.475	_	_	_	0-6(10)
72-0	BO118	72	72	0	[okay]	okay	_	_	_	_	_	linguistic	_	none	_	Begin=288.702|End=289.302	_	_	_	0-4(9)
73-0	BO118	73	73	0	[per	per	_	_	_	_	_	linguistic	_	none	_	Begin=289.727	_	_	_	0-3(10)
73-1	BO118	73	73	1	for~	for~	_	_	_	_	_	linguistic	_	none	Interrupted=Yes	_	_	_	_	0-4(10)
73-2	BO118	73	73	2	quindi	quindi	_	_	_	_	_	linguistic	_	none	_	_	_	_	_	0-6(10)
73-3	BO118	73	73	3	per	per	_	_	_	_	_	linguistic	_	none	_	_	_	_	_	0-3(10)
73-4	BO118	73	73	4	fo]rza	forza	_	_	_	_	_	linguistic	_	none	_	_	_	_	_	0-2(10)
73-5	BO118	73	73	5	devi	devi	_	_	_	_	_	linguistic	_	none	_	_	_	_	_	_
73-6	BO118	73	73	6	prendere	prendere	_	_	_	_	_	linguistic	_	none	_	_	_	_	_	_
73-7	BO118	73	73	7	la	la	_	_	_	_	_	linguistic	_	none	_	_	_	_	_	_
73-8	BO118	73	73	8	macchina	macchina	_	_	_	_	_	linguistic	_	none	_	_	_	_	_	_
73-9	BO118	73	73	9	per	per	_	_	_	_	_	linguistic	_	none	_	_	_	_	_	_
73-10	BO118	73	73	10	anda'	anda'	_	_	_	_	_	linguistic	_	none	Truncated=Yes	_	_	_	_	_
73-11	BO118	73	73	11	in	in	_	_	_	_	_	linguistic	_	none	_	_	_	_	_	_
73-12	BO118	73	73	12	centro?	centro	_	_	_	_	_	linguistic	_	none	Intonation=Rising	End=292.55	_	_	_	_
74-0	BO140	74	74	0	sì	sì	_	_	_	_	_	linguistic	_	none	_	Begin=292.545	_	_	_	_
74-1	BO140	74	74	1	generalmente	generalmente	_	_	_	_	_	linguistic	_	none	_	_	_	_	_	_
74-2	BO140	74	74	2	sì	sì	_	_	_	_	_	linguistic	_	none	_	_	_	_	_	_
74-3	BO140	74	74	3	perché	perché	_	_	_	_	_	linguistic	_	none	_	_	_	_	_	_
74-4	BO140	74	74	4	comunque	comunque	_	_	_	_	_	linguistic	_	none	_	_	_	_	_	_
74-5	BO140	74	74	5	sia:	sia	_	_	_	_	_	linguistic	_	none	_	_	2x1	_	_	_
74-6	BO140	74	74	6	non::	non	_	_	_	_	_	linguistic	_	none	_	_	2x2	_	_	_
74-7	BO140	74	74	7	mh::,	mh	_	_	_	_	_	linguistic	_	none	Intonation=WeaklyRising	End=296.31	1x2	_	_	_
75-0	BO140	75	75	0	non	non	_	_	_	_	_	linguistic	_	none	_	Begin=297.027	_	_	_	_
75-1	BO140	75	75	1	ci	ci	_	_	_	_	_	linguistic	_	none	_	_	_	_	_	_
75-2	BO140	75	75	2	sono	sono	_	_	_	_	_	linguistic	_	none	_	_	_	_	_	_
75-3	BO140	75	75	3	piste	piste	_	_	_	_	_	linguistic	_	none	_	_	_	_	_	_
75-4	BO140	75	75	4	ciclabili:	ciclabili	_	_	_	_	_	linguistic	_	none	_	_	8x1	_	_	_
75-5	BO140	75	75	5	o:	o	_	_	_	_	_	linguistic	_	none	_	_	0x1	_	_	_
75-6	BO140	75	75	6	cioè	cioè	_	_	_	_	_	linguistic	_	none	_	_	_	_	_	_
75-7	BO140	75	75	7	non	non	_	_	_	_	_	linguistic	_	none	_	_	_	_	_	_
75-8	BO140	75	75	8	c'	c'	_	_	_	_	_	linguistic	_	none	SpaceAfter=No	_	_	_	_	_
75-9	BO140	75	75	9	è	è	_	_	_	_	_	linguistic	_	none	_	_	_	_	_	_
75-10	BO140	75	75	10	possibilità	possibilità	_	_	_	_	_	linguistic	_	none	_	_	_	_	_	_
75-11	BO140	75	75	11	di	di	_	_	_	_	_	linguistic	_	none	_	_	_	_	_	_
75-12	BO140	75	75	12	prender	prender	_	_	_	_	_	linguistic	_	none	_	_	_	_	_	_
75-13	BO140	75	75	13	la	la	_	_	_	_	_	linguistic	_	none	_	_	_	_	_	_
75-14	BO140	75	75	14	bici	bici	_	_	_	_	_	linguistic	_	none	_	_	_	_	_	_
75-15	BO140	75	75	15	o:::	o	_	_	_	_	_	linguistic	_	none	_	_	0x3	_	_	_
75-16	BO140	75	75	16	cioè	cioè	_	_	_	_	_	linguistic	_	none	_	_	_	_	_	_
75-17	BO140	75	75	17	andare	andare	_	_	_	_	_	linguistic	_	none	_	_	_	_	_	_
75-18	BO140	75	75	18	a	a	_	_	_	_	_	linguistic	_	none	_	_	_	_	_	_
75-19	BO140	75	75	19	piedi	piedi	_	_	_	_	_	linguistic	_	none	_	_	_	_	_	_
75-20	BO140	75	75	20	si	si	_	_	_	_	_	linguistic	_	none	_	_	_	_	_	_
75-21	BO140	75	75	21	ma	ma	_	_	_	_	_	linguistic	_	none	_	_	_	_	_	_
75-22	BO140	75	75	22	durante	durante	_	_	_	_	_	linguistic	_	none	_	_	_	_	_	_
75-23	BO140	75	75	23	il	il	_	_	_	_	_	linguistic	_	none	_	_	_	_	_	_
75-24	BO140	75	75	24	giorno	giorno	_	_	_	_	_	linguistic	_	none	_	_	_	_	_	_
75-25	BO140	75	75	25	è	è	_	_	_	_	_	linguistic	_	none	_	_	_	_	_	_
75-26	BO140	75	75	26	possibile	possibile	_	_	_	_	_	linguistic	_	none	_	_	_	_	_	_
75-27	BO140	75	75	27	perché	perché	_	_	_	_	_	linguistic	_	none	_	_	_	_	_	_
75-28	BO140	75	75	28	poi	poi	_	_	_	_	_	linguistic	_	none	_	_	_	_	_	_
75-29	BO140	75	75	29	di	di	_	_	_	_	_	linguistic	_	none	_	_	_	_	_	_
75-30	BO140	75	75	30	sera	sera	_	_	_	_	_	linguistic	_	none	_	_	_	_	_	_
75-31	BO140	75	75	31	comunque::	comunque	_	_	_	_	_	linguistic	_	none	_	_	7x2	_	_	_
75-32	BO140	75	75	32	son	son	_	_	_	_	_	linguistic	_	none	_	_	_	_	_	_
75-33	BO140	75	75	33	delle	delle	_	_	_	_	_	linguistic	_	none	_	_	_	_	_	_
75-34	BO140	75	75	34	strade:	strade	_	_	_	_	_	linguistic	_	none	_	_	5x1	_	_	_
75-35	BO140	75	75	35	abbastanza	abbastanza	_	_	_	_	_	linguistic	_	none	_	_	_	_	_	_
75-36	BO140	75	75	36	buie:,	buie	_	_	_	_	_	linguistic	_	none	Intonation=WeaklyRising	End=308.71	3x1	_	_	_
76-0	BO140	76	76	0	è:	è	_	_	_	_	_	linguistic	_	none	_	Begin=309.19	0x1	_	_	_
76-1	BO140	76	76	1	brutto	brutto	_	_	_	_	_	linguistic	_	none	_	_	_	_	_	_
76-2	BO140	76	76	2	tornare	tornare	_	_	_	_	_	linguistic	_	none	_	_	_	_	_	_
76-3	BO140	76	76	3	a	a	_	_	_	_	_	linguistic	_	none	_	_	_	_	_	_
76-4	BO140	76	76	4	piedi.	piedi	_	_	_	_	_	linguistic	_	none	Intonation=Falling	End=310.64	_	_	_	_
77-0	BO140	77	77	0	e::	e	_	_	_	_	_	linguistic	_	none	_	Begin=311.545	0x2	_	_	_
77-1	BO140	77	77	1	quindi	quindi	_	_	_	_	_	linguistic	_	none	_	_	_	_	_	_
77-2	BO140	77	77	2	sì	sì	_	_	_	_	_	linguistic	_	none	_	_	_	_	_	_
77-3	BO140	77	77	3	prendo	prendo	_	_	_	_	_	linguistic	_	none	_	_	_	_	_	_
77-4	BO140	77	77	4	sempre	sempre	_	_	_	_	_	linguistic	_	none	_	_	_	_	_	_
77-5	BO140	77	77	5	la	la	_	_	_	_	_	linguistic	_	none	_	_	_	_	_	_
77-6	BO140	77	77	6	macchina.	macchina	_	_	_	_	_	linguistic	_	none	Intonation=Falling	End=313.66	_	_	_	_
78-0	BO140	78	78	0	mh	mh	_	_	_	_	_	linguistic	_	none	_	Begin=314.345	_	_	_	_
78-1	BO140	78	78	1	è	è	_	_	_	_	_	linguistic	_	none	_	_	_	_	_	_
78-2	BO140	78	78	2	comoda::	comoda	_	_	_	_	_	linguistic	_	none	_	_	5x2	_	_	_
78-3	BO140	78	78	3	e::	e	_	_	_	_	_	linguistic	_	none	_	_	0x2	_	_	_
78-4	BO140	78	78	4	ti	ti	_	_	_	_	_	linguistic	_	none	_	_	_	_	_	_
78-5	BO140	78	78	5	sposti	sposti	_	_	_	_	_	linguistic	_	none	_	_	_	_	_	_
78-6	BO140	78	78	6	facilmente.	facilmente	_	_	_	_	_	linguistic	_	none	Intonation=Falling	End=317.83	_	_	_	_
79-0	BO140	79	79	0	invece	invece	_	_	_	_	_	linguistic	_	none	_	Begin=318.322	_	_	_	_
79-1	BO140	79	79	1	in	in	_	_	_	_	_	linguistic	_	none	_	_	_	_	_	_
79-2	BO140	79	79	2	altri	altri	_	_	_	_	_	linguistic	_	none	_	_	_	_	_	_
79-3	BO140	79	79	3	mezzi	mezzi	_	_	_	_	_	linguistic	_	none	_	_	_	_	_	_
79-4	BO140	79	79	4	sarebbe	sarebbe	_	_	_	_	_	linguistic	_	none	_	_	_	_	_	_
79-5	BO140	79	79	5	impossibile	impossibile	_	_	_	_	_	linguistic	_	none	_	_	_	_	_	_
79-6	BO140	79	79	6	anche	anche	_	_	_	_	_	linguistic	_	none	_	_	_	_	_	_
79-7	BO140	79	79	7	con	con	_	_	_	_	_	linguistic	_	none	_	_	_	_	_	_
79-8	BO140	79	79	8	l'	l'	_	_	_	_	_	linguistic	_	none	SpaceAfter=No	_	_	_	_	_
79-9	BO140	79	79	9	autobus	autobus	_	_	_	_	_	linguistic	_	none	_	_	_	_	_	_
79-10	BO140	79	79	10	così:::,	così	_	_	_	_	_	linguistic	_	none	Intonation=WeaklyRising	End=322.582	3x3	_	_	_
80-0	BO118	80	80	0	eh	eh	_	_	_	_	_	linguistic	_	none	_	Begin=322.603	_	_	_	_
80-1	BO118	80	80	1	ce	ce	_	_	_	_	_	linguistic	_	none	_	_	_	_	_	_
80-2	BO118	80	80	2	li	li	_	_	_	_	_	linguistic	_	none	_	_	_	_	_	_
80-3	BO118	80	80	3	avete	avete	_	_	_	_	_	linguistic	_	none	_	_	_	_	_	_
80-4	BO118	80	80	4	gli	gli	_	_	_	_	_	linguistic	_	none	_	_	_	_	_	_
80-5	BO118	80	80	5	auto[bus]?	autobus	_	_	_	_	_	linguistic	_	none	Intonation=Rising	End=323.913	_	_	_	4-7(12)
81-0	BO140	81	81	0	[sì:]:	sì	_	_	_	_	_	linguistic	_	none	_	Begin=323.625	1x2	_	_	0-2(12)
81-1	BO140	81	81	1	ce	ce	_	_	_	_	_	linguistic	_	none	_	_	_	_	_	_
81-2	BO140	81	81	2	ne	ne	_	_	_	_	_	linguistic	_	none	_	_	_	_	_	_
81-3	BO140	81	81	3	sono	sono	_	_	_	_	_	linguistic	_	none	_	_	_	_	_	_
81-4	BO140	81	81	4	pochi::	pochi	_	_	_	_	_	linguistic	_	none	_	_	4x2	_	_	_
81-5	BO140	81	81	5	e	e	_	_	_	_	_	linguistic	_	none	_	_	_	_	_	_
81-6	BO140	81	81	6	passano	passano	_	_	_	_	_	linguistic	_	none	_	_	_	_	_	_
81-7	BO140	81	81	7	tipo	tipo	_	_	_	_	_	linguistic	_	none	_	_	_	_	_	_
81-8	BO140	81	81	8	ogni	ogni	_	_	_	_	_	linguistic	_	none	_	_	_	_	_	_
81-9	BO140	81	81	9	quaranti	quaranti	_	_	_	_	_	linguistic	_	none	_	_	_	_	_	_
81-10	BO140	81	81	10	minuti,	minuti	_	_	_	_	_	linguistic	_	none	Intonation=WeaklyRising	_	_	_	_	_
81-11	BO140	81	81	11	ogni	ogni	_	_	_	_	_	linguistic	_	none	_	_	_	_	_	_
81-12	BO140	81	81	12	mezz'	mezz'	_	_	_	_	_	linguistic	_	none	SpaceAfter=No	_	_	_	_	_
81-13	BO140	81	81	13	o:ra	ora	_	_	_	_	_	linguistic	_	none	_	_	0x1	_	_	_
81-14	BO140	81	81	14	così	così	_	_	_	_	_	linguistic	_	none	_	_	_	_	_	_
81-15	BO140	81	81	15	quindi	quindi	_	_	_	_	_	linguistic	_	none	_	_	_	_	_	_
81-16	BO140	81	81	16	in	in	_	_	_	_	_	linguistic	_	none	_	_	_	_	_	_
81-17	BO140	81	81	17	realtà	realtà	_	_	_	_	_	linguistic	_	none	_	_	_	_	_	_
81-18	BO140	81	81	18	è	è	_	_	_	_	_	linguistic	_	none	_	_	_	_	_	_
81-19	BO140	81	81	19	un	un	_	_	_	_	_	linguistic	_	none	_	_	_	_	_	_
81-20	BO140	81	81	20	po'	po'	_	_	_	_	_	linguistic	_	none	_	_	_	_	_	_
81-21	BO140	81	81	21	scomodo	scomodo	_	_	_	_	_	linguistic	_	none	_	_	_	_	_	_
81-22	BO140	81	81	22	spostarsi	spostarsi	_	_	_	_	_	linguistic	_	none	_	_	_	_	_	_
81-23	BO140	81	81	23	in	in	_	_	_	_	_	linguistic	_	none	_	_	_	_	_	_
81-24	BO140	81	81	24	autobus.	autobus	_	_	_	_	_	linguistic	_	none	Intonation=Falling	End=332.23	_	_	_	_
82-0	BO140	82	82	0	cioè	cioè	_	_	_	_	_	linguistic	_	none	_	Begin=332.55	_	_	_	_
82-1	BO140	82	82	1	l'	l'	_	_	_	_	_	linguistic	_	none	SpaceAfter=No	_	_	_	_	_
82-2	BO140	82	82	2	ho	ho	_	_	_	_	_	linguistic	_	none	_	_	_	_	_	_
82-3	BO140	82	82	3	fatto	fatto	_	_	_	_	_	linguistic	_	none	_	_	_	_	_	_
82-4	BO140	82	82	4	tante	tante	_	_	_	_	_	linguistic	_	none	_	_	_	_	_	_
82-5	BO140	82	82	5	vo:lte	volte	_	_	_	_	_	linguistic	_	none	_	_	1x1	_	_	_
82-6	BO140	82	82	6	anche	anche	_	_	_	_	_	linguistic	_	none	_	_	_	_	_	_
82-7	BO140	82	82	7	quand'	quand'	_	_	_	_	_	linguistic	_	none	SpaceAfter=No	_	_	_	_	_
82-8	BO140	82	82	8	ero	ero	_	_	_	_	_	linguistic	_	none	_	_	_	_	_	_
82-9	BO140	82	82	9	più	più	_	_	_	_	_	linguistic	_	none	_	_	_	_	_	_
82-10	BO140	82	82	10	piccola:	piccola	_	_	_	_	_	linguistic	_	none	_	_	6x1	_	_	_
82-11	BO140	82	82	11	però:	però	_	_	_	_	_	linguistic	_	none	_	_	3x1	_	_	_
82-12	BO140	82	82	12	cioè	cioè	_	_	_	_	_	linguistic	_	none	_	_	_	_	_	_
82-13	BO140	82	82	13	generalmente	generalmente	_	_	_	_	_	linguistic	_	none	_	_	_	_	_	_
82-14	BO140	82	82	14	preferisco	preferisco	_	_	_	_	_	linguistic	_	none	_	_	_	_	_	_
82-15	BO140	82	82	15	la	la	_	_	_	_	_	linguistic	_	none	_	_	_	_	_	_
82-16	BO140	82	82	16	macchina.	macchina	_	_	_	_	_	linguistic	_	none	Intonation=Falling	End=337.98	_	_	_	_
83-0	BO140	83	83	0	anche	anche	_	_	_	_	_	linguistic	_	none	_	Begin=338.08	_	_	_	_
83-1	BO140	83	83	1	perché	perché	_	_	_	_	_	linguistic	_	none	_	_	_	_	_	_
83-2	BO140	83	83	2	cioè	cioè	_	_	_	_	_	linguistic	_	none	_	_	_	_	_	_
83-3	BO140	83	83	3	mi	mi	_	_	_	_	_	linguistic	_	none	_	_	_	_	_	_
83-4	BO140	83	83	4	ricordo	ricordo	_	_	_	_	_	linguistic	_	none	_	_	_	_	_	_
83-5	BO140	83	83	5	c'	c'	_	_	_	_	_	linguistic	_	none	SpaceAfter=No	_	_	_	_	_
83-6	BO140	83	83	6	era	era	_	_	_	_	_	linguistic	_	none	_	_	_	_	_	_
83-7	BO140	83	83	7	un	un	_	_	_	_	_	linguistic	_	none	_	_	_	_	_	_
83-8	BO140	83	83	8	periodo	periodo	_	_	_	_	_	linguistic	_	none	_	_	_	_	_	_
83-9	BO140	83	83	9	in	in	_	_	_	_	_	linguistic	_	none	_	_	_	_	_	_
83-10	BO140	83	83	10	cui	cui	_	_	_	_	_	linguistic	_	none	_	_	_	_	_	_
83-11	BO140	83	83	11	i	i	_	_	_	_	_	linguistic	_	none	_	_	_	_	_	_
83-12	BO140	83	83	12	miei:	miei	_	_	_	_	_	linguistic	_	none	_	_	3x1	_	_	_
83-13	BO140	83	83	13	tipo	tipo	_	_	_	_	_	linguistic	_	none	_	_	_	_	_	_
83-14	BO140	83	83	14	ehm	ehm	_	_	_	_	_	linguistic	_	none	_	_	_	_	_	_
83-15	BO140	83	83	15	vabbè	vabbè	_	_	_	_	_	linguistic	_	none	_	_	_	_	_	_
83-16	BO140	83	83	16	lavoravano	lavoravano	_	_	_	_	_	linguistic	_	none	_	_	_	_	_	_
83-17	BO140	83	83	17	sempre	sempre	_	_	_	_	_	linguistic	_	none	_	_	_	_	_	_
83-18	BO140	83	83	18	dalla	dalla	_	_	_	_	_	linguistic	_	none	_	_	_	_	_	_
83-19	BO140	83	83	19	mattina	mattina	_	_	_	_	_	linguistic	_	none	_	_	_	_	_	_
83-20	BO140	83	83	20	alla	alla	_	_	_	_	_	linguistic	_	none	_	_	_	_	_	_
83-21	BO140	83	83	21	sera:	sera	_	_	_	_	_	linguistic	_	none	_	_	3x1	_	_	_
83-22	BO140	83	83	22	e:	e	_	_	_	_	_	linguistic	_	none	_	_	0x1	_	_	_
83-23	BO140	83	83	23	io	io	_	_	_	_	_	linguistic	_	none	_	_	_	_	_	_
83-24	BO140	83	83	24	la	la	_	_	_	_	_	linguistic	_	none	_	_	_	_	_	_
83-25	BO140	83	83	25	macchina	macchina	_	_	_	_	_	linguistic	_	none	_	_	_	_	_	_
83-26	BO140	83	83	26	a	a	_	_	_	_	_	linguistic	_	none	_	_	_	_	_	_
83-27	BO140	83	83	27	casa	casa	_	_	_	_	_	linguistic	_	none	_	_	_	_	_	_
83-28	BO140	83	83	28	non	non	_	_	_	_	_	linguistic	_	none	_	_	_	_	_	_
83-29	BO140	83	83	29	ce	ce	_	_	_	_	_	linguistic	_	none	_	_	_	_	_	_
83-30	BO140	83	83	30	l'	l'	_	_	_	_	_	linguistic	_	none	SpaceAfter=No	_	_	_	_	_
83-31	BO140	83	83	31	avevo	avevo	_	_	_	_	_	linguistic	_	none	_	_	_	_	_	_
83-32	BO140	83	83	32	non	non	_	_	_	_	_	linguistic	_	none	_	_	_	_	_	_
83-33	BO140	83	83	33	uscivo	uscivo	_	_	_	_	_	linguistic	_	none	_	_	_	_	_	_
83-34	BO140	83	83	34	quasi	quasi	_	_	_	_	_	linguistic	_	none	_	_	_	_	_	_
83-35	BO140	83	83	35	mai	mai	_	_	_	_	_	linguistic	_	none	_	End=346.49	_	_	_	_
84-0	BO140	84	84	0	quindi:	quindi	_	_	_	_	_	linguistic	_	none	_	Begin=347.15	5x1	_	_	_
84-1	BO140	84	84	1	sì	sì	_	_	_	_	_	linguistic	_	none	_	_	_	_	_	_
84-2	BO140	84	84	2	sono	sono	_	_	_	_	_	linguistic	_	none	_	_	_	_	_	_
84-3	BO140	84	84	3	molto	molto	_	_	_	_	_	linguistic	_	none	_	_	_	_	_	_
84-4	BO140	84	84	4	legata	legata	_	_	_	_	_	linguistic	_	none	_	_	_	_	_	_
84-5	BO140	84	84	5	alla	alla	_	_	_	_	_	linguistic	_	none	_	_	_	_	_	_
84-6	BO140	84	84	6	macchina	macchina	_	_	_	_	_	linguistic	_	none	_	_	_	_	_	_
84-7	BO140	84	84	7	e	e	_	_	_	_	_	linguistic	_	none	_	_	_	_	_	_
84-8	BO140	84	84	8	agli	agli	_	_	_	_	_	linguistic	_	none	_	_	_	_	_	_
84-9	BO140	84	84	9	spostamenti	spostamenti	_	_	_	_	_	linguistic	_	none	_	_	_	_	_	_
84-10	BO140	84	84	10	in	in	_	_	_	_	_	linguistic	_	none	_	_	_	_	_	_
84-11	BO140	84	84	11	[macchina]	macchina	_	_	_	_	_	linguistic	_	none	_	_	_	_	_	0-8(13)
84-12	BO140	84	84	12	{ride}	{ride}	_	_	_	_	_	nonverbalbehavior	_	none	_	End=351.067	_	_	_	_
85-0	BO118	85	85	0	[si:	si	_	_	_	_	_	linguistic	_	none	_	Begin=350.42	1x1	_	_	0-2(13)
85-1	BO118	85	85	1	anch'	anch'	_	_	_	_	_	linguistic	_	none	SpaceAfter=No	_	_	_	_	0-5(13)
85-2	BO118	85	85	2	io]	io	_	_	_	_	_	linguistic	_	none	_	End=351.07	_	_	_	0-2(13)
86-0	BO118	86	86	0	infatti	infatti	_	_	_	_	_	linguistic	_	none	_	Begin=351.93	_	_	_	_
86-1	BO118	86	86	1	anch'	anch'	_	_	_	_	_	linguistic	_	none	SpaceAfter=No	_	_	_	_	_
86-2	BO118	86	86	2	io	io	_	_	_	_	_	linguistic	_	none	_	_	_	_	_	_
86-3	BO118	86	86	3	sto	sto	_	_	_	_	_	linguistic	_	none	_	_	_	_	_	_
86-4	BO118	86	86	4	un	un	_	_	_	_	_	linguistic	_	none	_	_	_	_	_	_
86-5	BO118	86	86	5	po'	po'	_	_	_	_	_	linguistic	_	none	_	_	_	_	_	_
86-6	BO118	86	86	6	fuori	fuori	_	_	_	_	_	linguistic	_	none	_	_	_	_	_	_
86-7	BO118	86	86	7	dal	dal	_	_	_	_	_	linguistic	_	none	_	_	_	_	_	_
86-8	BO118	86	86	8	centro:,	centro	_	_	_	_	_	linguistic	_	none	Intonation=WeaklyRising	_	5x1	_	_	_
86-9	BO118	86	86	9	cioè	cioè	_	_	_	_	_	linguistic	_	none	_	_	_	_	_	_
86-10	BO118	86	86	10	io	io	_	_	_	_	_	linguistic	_	none	_	_	_	_	_	_
86-11	BO118	86	86	11	abito	abito	_	_	_	_	_	linguistic	_	none	_	_	_	_	_	_
86-12	BO118	86	86	12	in	in	_	_	_	_	_	linguistic	_	none	_	_	_	_	_	_
86-13	BO118	86	86	13	questa	questa	_	_	_	_	_	linguistic	_	none	_	_	_	_	_	_
86-14	BO118	86	86	14	frazione:	frazione	_	_	_	_	_	linguistic	_	none	_	_	7x1	_	_	_
86-15	BO118	86	86	15	e	e	_	_	_	_	_	linguistic	_	none	_	_	_	_	_	_
86-16	BO118	86	86	16	anche	anche	_	_	_	_	_	linguistic	_	none	_	_	_	_	_	_
86-17	BO118	86	86	17	solo	solo	_	_	_	_	_	linguistic	_	none	_	_	_	_	_	_
86-18	BO118	86	86	18	per	per	_	_	_	_	_	linguistic	_	none	_	_	_	_	_	_
86-19	BO118	86	86	19	arrivare	arrivare	_	_	_	_	_	linguistic	_	none	_	_	_	_	_	_
86-20	BO118	86	86	20	nel	nel	_	_	_	_	_	linguistic	_	none	_	_	_	_	_	_
86-21	BO118	86	86	21	paese	paese	_	_	_	_	_	linguistic	_	none	_	_	_	_	_	_
86-22	BO118	86	86	22	vero	vero	_	_	_	_	_	linguistic	_	none	_	_	_	_	_	_
86-23	BO118	86	86	23	e	e	_	_	_	_	_	linguistic	_	none	_	_	_	_	_	_
86-24	BO118	86	86	24	proprio,	proprio	_	_	_	_	_	linguistic	_	none	Intonation=WeaklyRising	End=358.36	_	_	_	_
87-0	BO118	87	87	0	se	se	_	_	_	_	_	linguistic	_	none	_	Begin=358.98	_	_	_	_
87-1	BO118	87	87	1	dovessi	dovessi	_	_	_	_	_	linguistic	_	none	_	_	_	_	_	_
87-2	BO118	87	87	2	anda'	anda'	_	_	_	_	_	linguistic	_	none	Truncated=Yes	_	_	_	_	_
87-3	BO118	87	87	3	a	a	_	_	_	_	_	linguistic	_	none	_	_	_	_	_	_
87-4	BO118	87	87	4	piedi	piedi	_	_	_	_	_	linguistic	_	none	_	_	_	_	_	_
87-5	BO118	87	87	5	ci	ci	_	_	_	_	_	linguistic	_	none	_	_	_	_	_	_
87-6	BO118	87	87	6	metterei	metterei	_	_	_	_	_	linguistic	_	none	_	_	_	_	_	_
87-7	BO118	87	87	7	tipo:	tipo	_	_	_	_	_	linguistic	_	none	_	_	3x1	_	_	_
87-8	BO118	87	87	8	mezz'	mezz'	_	_	_	_	_	linguistic	_	none	SpaceAfter=No	_	_	_	_	_
87-9	BO118	87	87	9	ora,	ora	_	_	_	_	_	linguistic	_	none	Intonation=WeaklyRising	End=361.74	_	_	_	_
88-0	BO140	88	88	0	sì	sì	_	_	_	_	_	linguistic	_	none	_	Begin=362.28	_	_	_	_
88-1	BO140	88	88	1	sì	sì	_	_	_	_	_	linguistic	_	none	_	End=362.773	_	_	_	_
89-0	BO118	89	89	0	e:	e	_	_	_	_	_	linguistic	_	none	_	Begin=362.775	0x1	_	_	_
89-1	BO118	89	89	1	quindi	quindi	_	_	_	_	_	linguistic	_	none	_	_	_	_	_	_
89-2	BO118	89	89	2	prendo	prendo	_	_	_	_	_	linguistic	_	none	_	_	_	_	_	_
89-3	BO118	89	89	3	sempre	sempre	_	_	_	_	_	linguistic	_	none	_	_	_	_	_	_
89-4	BO118	89	89	4	la	la	_	_	_	_	_	linguistic	_	none	_	_	_	_	_	_
89-5	BO118	89	89	5	macchina	macchina	_	_	_	_	_	linguistic	_	none	_	_	_	_	_	_
89-6	BO118	89	89	6	infatti	infatti	_	_	_	_	_	linguistic	_	none	_	_	_	_	_	_
89-7	BO118	89	89	7	non	non	_	_	_	_	_	linguistic	_	none	_	_	_	_	_	_
89-8	BO118	89	89	8	vedevo	vedevo	_	_	_	_	_	linguistic	_	none	_	_	_	_	_	_
89-9	BO118	89	89	9	l'	l'	_	_	_	_	_	linguistic	_	none	SpaceAfter=No	_	_	_	_	_
89-10	BO118	89	89	10	ora	ora	_	_	_	_	_	linguistic	_	none	_	_	_	_	_	_
89-11	BO118	89	89	11	di	di	_	_	_	_	_	linguistic	_	none	_	_	_	_	_	_
89-12	BO118	89	89	12	prender	prender	_	_	_	_	_	linguistic	_	none	_	_	_	_	_	_
89-13	BO118	89	89	13	la	la	_	_	_	_	_	linguistic	_	none	_	_	_	_	_	_
89-14	BO118	89	89	14	patente	patente	_	_	_	_	_	linguistic	_	none	_	_	_	_	_	_
89-15	BO118	89	89	15	quando	quando	_	_	_	_	_	linguistic	_	none	_	_	_	_	_	_
89-16	BO118	89	89	16	c'	c'	_	_	_	_	_	linguistic	_	none	SpaceAfter=No	_	_	_	_	_
89-17	BO118	89	89	17	avevo	avevo	_	_	_	_	_	linguistic	_	none	_	_	_	_	_	_
89-18	BO118	89	89	18	diciotto	diciotto	_	_	_	_	_	linguistic	_	none	_	_	_	_	_	7-8(14)
89-19	BO118	89	89	19	[anni].	anni	_	_	_	_	_	linguistic	_	none	Intonation=Falling	End=367.18	_	_	_	0-3(14)
90-0	BO140	90	90	0	[no]	no	_	_	_	_	_	linguistic	_	none	_	Begin=367.08	_	_	_	0-2(14)
90-1	BO140	90	90	1	io	io	_	_	_	_	_	linguistic	_	none	_	_	_	_	_	_
90-2	BO140	90	90	2	in	in	_	_	_	_	_	linguistic	_	none	_	_	_	_	_	_
90-3	BO140	90	90	3	realtà	realtà	_	_	_	_	_	linguistic	_	none	_	_	_	_	_	_
90-4	BO140	90	90	4	ho	ho	_	_	_	_	_	linguistic	_	none	_	_	_	_	_	_
90-5	BO140	90	90	5	sempre::	sempre	_	_	_	_	_	linguistic	_	none	_	_	5x2	_	_	_
90-6	BO140	90	90	6	usato	usato	_	_	_	_	_	linguistic	_	none	_	_	_	_	_	_
90-7	BO140	90	90	7	il	il	_	_	_	_	_	linguistic	_	none	_	_	_	_	_	_
90-8	BO140	90	90	8	motorino	motorino	_	_	_	_	_	linguistic	_	none	_	_	_	_	_	_
90-9	BO140	90	90	9	quando	quando	_	_	_	_	_	linguistic	_	none	_	_	_	_	_	_
90-10	BO140	90	90	10	ero:	ero	_	_	_	_	_	linguistic	_	none	_	_	2x1	_	_	_
90-11	BO140	90	90	11	cioè	cioè	_	_	_	_	_	linguistic	_	none	_	_	_	_	_	_
90-12	BO140	90	90	12	dai	dai	_	_	_	_	_	linguistic	_	none	_	_	_	_	_	_
90-13	BO140	90	90	13	quattordici	quattordici	_	_	_	_	_	linguistic	_	none	_	_	_	_	_	_
90-14	BO140	90	90	14	anni	anni	_	_	_	_	_	linguistic	_	none	_	_	_	_	_	_
90-15	BO140	90	90	15	in	in	_	_	_	_	_	linguistic	_	none	_	_	_	_	_	_
90-16	BO140	90	90	16	poi:	poi	_	_	_	_	_	linguistic	_	none	_	_	2x1	_	_	_
90-17	BO140	90	90	17	son	son	_	_	_	_	_	linguistic	_	none	_	_	_	_	_	_
90-18	BO140	90	90	18	sempre	sempre	_	_	_	_	_	linguistic	_	none	_	_	_	_	_	_
90-19	BO140	90	90	19	stata	stata	_	_	_	_	_	linguistic	_	none	_	_	_	_	_	_
90-20	BO140	90	90	20	legata	legata	_	_	_	_	_	linguistic	_	none	_	_	_	_	_	_
90-21	BO140	90	90	21	molto	molto	_	_	_	_	_	linguistic	_	none	_	_	_	_	_	_
90-22	BO140	90	90	22	al	al	_	_	_	_	_	linguistic	_	none	_	_	_	_	_	_
90-23	BO140	90	90	23	motorino	motorino	_	_	_	_	_	linguistic	_	none	_	_	_	_	_	_
90-24	BO140	90	90	24	ma	ma	_	_	_	_	_	linguistic	_	none	_	_	_	_	_	_
90-25	BO140	90	90	25	perché:	perché	_	_	_	_	_	linguistic	_	none	_	_	5x1	_	_	_
90-26	BO140	90	90	26	mi	mi	_	_	_	_	_	linguistic	_	none	_	_	_	_	_	_
90-27	BO140	90	90	27	piace	piace	_	_	_	_	_	linguistic	_	none	_	_	_	_	_	_
90-28	BO140	90	90	28	essere:	essere	_	_	_	_	_	linguistic	_	none	_	_	5x1	_	_	_
90-29	BO140	90	90	29	indipendente.	indipendente	_	_	_	_	_	linguistic	_	none	Intonation=Falling	End=376.38	_	_	_	_
91-0	BO118	91	91	0	mhmh	mhmh	_	_	_	_	_	linguistic	_	none	_	Begin=376.45|End=376.96	_	_	_	_
92-0	BO140	92	92	0	quindi:::	quindi	_	_	_	_	_	linguistic	_	none	_	Begin=376.97	5x3	_	_	_
92-1	BO140	92	92	1	mh::	mh	_	_	_	_	_	linguistic	_	none	_	End=379.27	1x2	_	_	_
93-0	BO140	93	93	0	cioè	cioè	_	_	_	_	_	linguistic	_	none	_	Begin=379.9	_	_	_	_
93-1	BO140	93	93	1	preferisco:	preferisco	_	_	_	_	_	linguistic	_	none	_	_	9x1	_	_	_
93-2	BO140	93	93	2	spostarmi	spostarmi	_	_	_	_	_	linguistic	_	none	_	_	_	_	_	_
93-3	BO140	93	93	3	per	per	_	_	_	_	_	linguistic	_	none	_	_	_	_	_	_
93-4	BO140	93	93	4	i	i	_	_	_	_	_	linguistic	_	none	_	_	_	_	_	_
93-5	BO140	93	93	5	cavoli	cavoli	_	_	_	_	_	linguistic	_	none	_	_	_	_	_	_
93-6	BO140	93	93	6	miei	miei	_	_	_	_	_	linguistic	_	none	_	_	_	_	_	_
93-7	BO140	93	93	7	senza::	senza	_	_	_	_	_	linguistic	_	none	_	_	4x2	_	_	_
93-8	BO140	93	93	8	stare	stare	_	_	_	_	_	linguistic	_	none	_	_	_	_	_	_
93-9	BO140	93	93	9	[(sempre	sempre	_	_	_	_	_	linguistic	_	none	_	_	_	_	0-6(0)	0-6(15)
93-10	BO140	93	93	10	agli)	agli	_	_	_	_	_	linguistic	_	none	_	_	_	_	0-4(0)	0-4(15)
93-11	BO140	93	93	11	altri].	altri	_	_	_	_	_	linguistic	_	none	Intonation=Falling	End=385.01	_	_	_	0-5(15)
94-0	BO118	94	94	0	[io	io	_	_	_	_	_	linguistic	_	none	_	Begin=384.07	_	_	_	0-2(15)
94-1	BO118	94	94	1	ho	ho	_	_	_	_	_	linguistic	_	none	_	_	_	_	_	0-2(15)
94-2	BO118	94	94	2	preso]	preso	_	_	_	_	_	linguistic	_	none	_	_	_	_	_	0-5(15)
94-3	BO118	94	94	3	il	il	_	_	_	_	_	linguistic	_	none	_	_	_	_	_	_
94-4	BO118	94	94	4	patentino	patentino	_	_	_	_	_	linguistic	_	none	_	_	_	_	_	_
94-5	BO118	94	94	5	e	e	_	_	_	_	_	linguistic	_	none	_	_	_	_	_	_
94-6	BO118	94	94	6	non	non	_	_	_	_	_	linguistic	_	none	_	_	_	_	_	_
94-7	BO118	94	94	7	ho	ho	_	_	_	_	_	linguistic	_	none	_	_	_	_	_	_
94-8	BO118	94	94	8	mai	mai	_	_	_	_	_	linguistic	_	none	_	_	_	_	_	_
94-9	BO118	94	94	9	preso	preso	_	_	_	_	_	linguistic	_	none	_	_	_	_	_	_
94-10	BO118	94	94	10	il	il	_	_	_	_	_	linguistic	_	none	_	_	_	_	_	_
94-11	BO118	94	94	11	motorino	motorino	_	_	_	_	_	linguistic	_	none	_	_	_	_	_	_
94-12	BO118	94	94	12	perché	perché	_	_	_	_	_	linguistic	_	none	_	_	_	_	_	_
94-13	BO118	94	94	13	avevo	avevo	_	_	_	_	_	linguistic	_	none	_	_	_	_	_	_
94-14	BO118	94	94	14	pau[ra]	paura	_	_	_	_	_	linguistic	_	none	_	End=387.27	_	_	_	3-5(16)
95-0	BO140	95	95	0	[ah]	ah	_	_	_	_	_	linguistic	_	none	_	Begin=387.1	_	_	_	0-2(16)
95-1	BO140	95	95	1	ecco	ecco	_	_	_	_	_	linguistic	_	none	_	_	_	_	_	_
95-2	BO140	95	95	2	vedi?	vedi	_	_	_	_	_	linguistic	_	none	Intonation=Rising	_	_	_	_	_
95-3	BO140	95	95	3	{ride}	{ride}	_	_	_	_	_	nonverbalbehavior	_	none	_	End=388.52	_	_	_	_
96-0	BO140	96	96	0	no	no	_	_	_	_	_	linguistic	_	none	_	Begin=388.75	_	_	_	_
96-1	BO140	96	96	1	io	io	_	_	_	_	_	linguistic	_	none	_	_	_	_	_	_
96-2	BO140	96	96	2	lo	lo	_	_	_	_	_	linguistic	_	none	_	_	_	_	_	_
96-3	BO140	96	96	3	prendevo	prendevo	_	_	_	_	_	linguistic	_	none	_	_	_	_	_	_
96-4	BO140	96	96	4	anche	anche	_	_	_	_	_	linguistic	_	none	_	_	_	_	_	_
96-5	BO140	96	96	5	quando	quando	_	_	_	_	_	linguistic	_	none	_	_	_	_	_	_
96-6	BO140	96	96	6	nevicava	nevicava	_	_	_	_	_	linguistic	_	none	_	End=390.36	_	_	_	_
97-0	BO118	97	97	0	ma:do'	mado'	_	_	_	_	_	linguistic	_	none	Truncated=Yes	Begin=390.365	1x1	_	_	_
97-1	BO118	97	97	1	{ride}	{ride}	_	_	_	_	_	nonverbalbehavior	_	none	_	End=391.03	_	_	_	_
98-0	BO118	98	98	0	che	che	_	_	_	_	_	linguistic	_	none	_	Begin=391.902	_	_	_	_
98-1	BO118	98	98	1	po:i	poi	_	_	_	_	_	linguistic	_	none	_	_	1x1	_	_	_
98-2	BO118	98	98	2	@nomepaese	@nomepaese	_	_	_	_	_	anonymized	_	none	_	_	_	_	_	_
98-3	BO118	98	98	3	è	è	_	_	_	_	_	linguistic	_	none	_	_	_	_	_	_
98-4	BO118	98	98	4	fatta	fatta	_	_	_	_	_	linguistic	_	none	_	_	_	_	_	_
98-5	BO118	98	98	5	tut~	tut~	_	_	_	_	_	linguistic	_	none	Interrupted=Yes	_	_	_	_	_
98-6	BO118	98	98	6	cioè	cioè	_	_	_	_	_	linguistic	_	none	_	_	_	_	_	_
98-7	BO118	98	98	7	tutta	tutta	_	_	_	_	_	linguistic	_	none	_	_	_	_	_	_
98-8	BO118	98	98	8	in	in	_	_	_	_	_	linguistic	_	none	_	_	_	_	_	_
98-9	BO118	98	98	9	sali:t[a::	salita	_	_	_	_	_	linguistic	_	none	_	_	3x1,5x2	_	_	5-6(17)
98-10	BO118	98	98	10	son]	son	_	_	_	_	_	linguistic	_	none	_	_	_	_	_	0-3(17)
98-11	BO118	98	98	11	scomode	scomode	_	_	_	_	_	linguistic	_	none	_	_	_	_	_	_
98-12	BO118	98	98	12	le	le	_	_	_	_	_	linguistic	_	none	_	_	_	_	_	_
98-13	BO118	98	98	13	strade	strade	_	_	_	_	_	linguistic	_	none	_	End=395.9	_	_	_	_
99-0	BO140	99	99	0	[sì	sì	_	_	_	_	_	linguistic	_	none	_	Begin=394.18	_	_	_	0-2(17)
99-1	BO140	99	99	1	eh]	eh	_	_	_	_	_	linguistic	_	none	_	End=394.84	_	_	_	0-2(17)
100-0	BO140	100	100	0	sì	sì	_	_	_	_	_	linguistic	_	none	_	Begin=396.17	_	_	_	_
100-1	BO140	100	100	1	eh	eh	_	_	_	_	_	linguistic	_	none	_	_	_	_	_	_
100-2	BO140	100	100	2	cioè	cioè	_	_	_	_	_	linguistic	_	none	_	_	_	_	_	_
100-3	BO140	100	100	3	diciamo	diciamo	_	_	_	_	_	linguistic	_	none	_	_	_	_	_	_
100-4	BO140	100	100	4	che	che	_	_	_	_	_	linguistic	_	none	_	_	_	_	_	_
100-5	BO140	100	100	5	il	il	_	_	_	_	_	linguistic	_	none	_	_	_	_	_	_
100-6	BO140	100	100	6	centro	centro	_	_	_	_	_	linguistic	_	none	_	_	_	_	_	_
100-7	BO140	100	100	7	è	è	_	_	_	_	_	linguistic	_	none	_	_	_	_	_	_
100-8	BO140	100	100	8	tutto::	tutto	_	_	_	_	_	linguistic	_	none	_	_	4x2	_	_	_
100-9	BO140	100	100	9	salita	salita	_	_	_	_	_	linguistic	_	none	_	_	_	_	_	_
100-10	BO140	100	100	10	e	e	_	_	_	_	_	linguistic	_	none	_	_	_	_	_	_
100-11	BO140	100	100	11	discesa.	discesa	_	_	_	_	_	linguistic	_	none	Intonation=Falling	End=400.89	_	_	_	_
101-0	BO140	101	101	0	però:	però	_	_	_	_	_	linguistic	_	none	_	Begin=401.215	3x1	_	_	_
101-1	BO140	101	101	1	fuori::	fuori	_	_	_	_	_	linguistic	_	none	_	_	4x2	_	_	_
101-2	BO140	101	101	2	tutta	tutta	_	_	_	_	_	linguistic	_	none	_	_	_	_	_	_
101-3	BO140	101	101	3	la	la	_	_	_	_	_	linguistic	_	none	_	_	_	_	_	_
101-4	BO140	101	101	4	periferia	periferia	_	_	_	_	_	linguistic	_	none	_	_	_	_	_	_
101-5	BO140	101	101	5	così::	così	_	_	_	_	_	linguistic	_	none	_	_	3x2	_	_	_
101-6	BO140	101	101	6	cioè	cioè	_	_	_	_	_	linguistic	_	none	_	_	_	_	_	_
101-7	BO140	101	101	7	sono	sono	_	_	_	_	_	linguistic	_	none	_	_	_	_	_	_
101-8	BO140	101	101	8	delle	delle	_	_	_	_	_	linguistic	_	none	_	_	_	_	_	_
101-9	BO140	101	101	9	pendenze	pendenze	_	_	_	_	_	linguistic	_	none	_	_	_	_	_	_
101-10	BO140	101	101	10	norma:li	normali	_	_	_	_	_	linguistic	_	none	_	_	4x1	_	_	_
101-11	BO140	101	101	11	diciamo.	diciamo	_	_	_	_	_	linguistic	_	none	Intonation=Falling	End=408.62	_	_	_	_
102-0	BO118	102	102	0	okay	okay	_	_	_	_	_	linguistic	_	none	_	Begin=408.625|End=408.865	_	_	_	_
103-0	BO140	103	103	0	cioè	cioè	_	_	_	_	_	linguistic	_	none	_	Begin=408.87	_	_	_	_
103-1	BO140	103	103	1	da	da	_	_	_	_	_	linguistic	_	none	_	_	_	_	_	_
103-2	BO140	103	103	2	fare	fare	_	_	_	_	_	linguistic	_	none	_	_	_	_	_	_
103-3	BO140	103	103	3	in	in	_	_	_	_	_	linguistic	_	none	_	_	_	_	_	_
103-4	BO140	103	103	4	bi:ci	bici	_	_	_	_	_	linguistic	_	none	_	_	1x1	_	_	_
103-5	BO140	103	103	5	è	è	_	_	_	_	_	linguistic	_	none	_	_	_	_	_	_
103-6	BO140	103	103	6	diver~	diver~	_	_	_	_	_	linguistic	_	none	Interrupted=Yes	_	_	_	_	_
103-7	BO140	103	103	7	cioè:	cioè	_	_	_	_	_	linguistic	_	none	_	_	3x1	_	_	_
103-8	BO140	103	103	8	è	è	_	_	_	_	_	linguistic	_	none	_	_	_	_	_	_
103-9	BO140	103	103	9	più	più	_	_	_	_	_	linguistic	_	none	_	_	_	_	_	_
103-10	BO140	103	103	10	difficile.	difficile	_	_	_	_	_	linguistic	_	none	Intonation=Falling	End=411.88	_	_	_	_
104-0	BO140	104	104	0	però:	però	_	_	_	_	_	linguistic	_	none	_	Begin=412.45	3x1	_	_	_
104-1	BO140	104	104	1	in	in	_	_	_	_	_	linguistic	_	none	_	_	_	_	_	_
104-2	BO140	104	104	2	motorino:,	motorino	_	_	_	_	_	linguistic	_	none	Intonation=WeaklyRising	_	7x1	_	_	_
104-3	BO140	104	104	3	in	in	_	_	_	_	_	linguistic	_	none	_	_	_	_	_	_
104-4	BO140	104	104	4	macchina,	macchina	_	_	_	_	_	linguistic	_	none	Intonation=WeaklyRising	_	_	_	_	_
104-5	BO140	104	104	5	o	o	_	_	_	_	_	linguistic	_	none	_	_	_	_	_	_
104-6	BO140	104	104	6	a	a	_	_	_	_	_	linguistic	_	none	_	_	_	_	_	_
104-7	BO140	104	104	7	piedi	piedi	_	_	_	_	_	linguistic	_	none	_	_	_	_	_	_
104-8	BO140	104	104	8	si	si	_	_	_	_	_	linguistic	_	none	_	_	_	_	_	_
104-9	BO140	104	104	9	fan	fan	_	_	_	_	_	linguistic	_	none	_	_	_	_	_	_
104-10	BO140	104	104	10	tranquillamente	tranquillamente	_	_	_	_	_	linguistic	_	none	_	_	_	_	_	_
104-11	BO140	104	104	11	ecco:	ecco	_	_	_	_	_	linguistic	_	none	_	_	3x1	_	_	_
104-12	BO140	104	104	12	cioè	cioè	_	_	_	_	_	linguistic	_	none	_	End=416.9	_	_	_	_
105-0	BO140	105	105	0	in	in	_	_	_	_	_	linguistic	_	none	_	Begin=417.44	_	_	_	_
105-1	BO140	105	105	1	bici	bici	_	_	_	_	_	linguistic	_	none	_	_	_	_	_	_
105-2	BO140	105	105	2	devi	devi	_	_	_	_	_	linguistic	_	none	_	_	_	_	_	_
105-3	BO140	105	105	3	essere	essere	_	_	_	_	_	linguistic	_	none	_	_	_	_	_	_
105-4	BO140	105	105	4	uno	uno	_	_	_	_	_	linguistic	_	none	_	_	_	_	_	_
105-5	BO140	105	105	5	sportivo.	sportivo	_	_	_	_	_	linguistic	_	none	Intonation=Falling	End=419.29	_	_	_	_
106-0	BO118	106	106	0	e	e	_	_	_	_	_	linguistic	_	none	_	Begin=420.035	_	_	_	_
106-1	BO118	106	106	1	invece	invece	_	_	_	_	_	linguistic	_	none	_	_	_	_	_	_
106-2	BO118	106	106	2	ade:sso	adesso	_	_	_	_	_	linguistic	_	none	_	_	2x1	_	_	_
106-3	BO118	106	106	3	stai	stai	_	_	_	_	_	linguistic	_	none	_	_	_	_	_	_
106-4	BO118	106	106	4	a	a	_	_	_	_	_	linguistic	_	none	_	_	_	_	_	_
106-5	BO118	106	106	5	bologna:,	bologna	_	_	_	_	_	linguistic	_	none	Intonation=WeaklyRising	End=421.595	6x1	_	_	_
107-0	BO140	107	107	0	sì.	sì	_	_	_	_	_	linguistic	_	none	Intonation=Falling	Begin=421.9|End=422.38	_	_	_	_
108-0	BO118	108	108	0	e::	e	_	_	_	_	_	linguistic	_	none	_	Begin=422.8	0x2	_	_	_
108-1	BO118	108	108	1	quante	quante	_	_	_	_	_	linguistic	_	none	_	_	_	_	_	_
108-2	BO118	108	108	2	case	case	_	_	_	_	_	linguistic	_	none	_	_	_	_	_	_
108-3	BO118	108	108	3	hai	hai	_	_	_	_	_	linguistic	_	none	_	_	_	_	_	_
108-4	BO118	108	108	4	cambiato	cambiato	_	_	_	_	_	linguistic	_	none	_	_	_	_	_	_
108-5	BO118	108	108	5	fino:	fino	_	_	_	_	_	linguistic	_	none	_	_	3x1	_	_	_
108-6	BO118	108	108	6	adesso	adesso	_	_	_	_	_	linguistic	_	none	_	_	_	_	_	_
108-7	BO118	108	108	7	da	da	_	_	_	_	_	linguistic	_	none	_	_	_	_	_	_
108-8	BO118	108	108	8	quando	quando	_	_	_	_	_	linguistic	_	none	_	_	_	_	_	_
108-9	BO118	108	108	9	[stai]	stai	_	_	_	_	_	linguistic	_	none	_	End=426.29	_	_	_	0-4(18)
109-0	BO140	109	109	0	[du:e],	due	_	_	_	_	_	linguistic	_	none	Intonation=WeaklyRising	Begin=425.89|End=426.3	1x1	_	_	0-3(18)
110-0	BO118	110	110	0	du:e:,	due	_	_	_	_	_	linguistic	_	none	Intonation=WeaklyRising	Begin=426.56	1x1,2x1	_	_	_
110-1	BO118	110	110	1	oka:y	okay	_	_	_	_	_	linguistic	_	none	_	End=427.79	2x1	_	_	_
111-0	BO118	111	111	0	la	la	_	_	_	_	_	linguistic	_	none	_	Begin=428.26	_	_	_	_
111-1	BO118	111	111	1	prima	prima	_	_	_	_	_	linguistic	_	none	_	_	_	_	_	_
111-2	BO118	111	111	2	casa	casa	_	_	_	_	_	linguistic	_	none	_	_	_	_	_	_
111-3	BO118	111	111	3	era?	era	_	_	_	_	_	linguistic	_	none	Intonation=Rising	_	_	_	_	_
111-4	BO118	111	111	4	in	in	_	_	_	_	_	linguistic	_	none	_	_	_	_	_	_
111-5	BO118	111	111	5	via,	via	_	_	_	_	_	linguistic	_	none	Intonation=WeaklyRising	End=429.97	_	_	_	_
112-0	BO140	112	112	0	e:	e	_	_	_	_	_	linguistic	_	none	_	Begin=430.08	0x1	_	_	_
112-1	BO140	112	112	1	la	la	_	_	_	_	_	linguistic	_	none	_	_	_	_	_	_
112-2	BO140	112	112	2	prima	prima	_	_	_	_	_	linguistic	_	none	_	_	_	_	_	_
112-3	BO140	112	112	3	casa	casa	_	_	_	_	_	linguistic	_	none	_	_	_	_	_	_
112-4	BO140	112	112	4	era	era	_	_	_	_	_	linguistic	_	none	_	_	_	_	_	_
112-5	BO140	112	112	5	in	in	_	_	_	_	_	linguistic	_	none	_	_	_	_	_	_
112-6	BO140	112	112	6	via	via	_	_	_	_	_	linguistic	_	none	_	_	_	_	_	_
112-7	BO140	112	112	7	@nomeluogo,	@nomeluogo	_	_	_	_	_	anonymized	_	none	Intonation=WeaklyRising	End=432.04	_	_	_	_
113-0	BO118	113	113	0	okay	okay	_	_	_	_	_	linguistic	_	none	_	Begin=432.06|End=432.745	_	_	_	_
114-0	BO140	114	114	0	e:	e	_	_	_	_	_	linguistic	_	none	_	Begin=432.745	0x1	_	_	_
114-1	BO140	114	114	1	proprio	proprio	_	_	_	_	_	linguistic	_	none	_	_	_	_	_	_
114-2	BO140	114	114	2	in	in	_	_	_	_	_	linguistic	_	none	_	_	_	_	_	_
114-3	BO140	114	114	3	centro:	centro	_	_	_	_	_	linguistic	_	none	_	_	5x1	_	_	_
114-4	BO140	114	114	4	nella	nella	_	_	_	_	_	linguistic	_	none	_	_	_	_	_	_
114-5	BO140	114	114	5	zona	zona	_	_	_	_	_	linguistic	_	none	_	_	_	_	_	_
114-6	BO140	114	114	6	universitaria,	universitaria	_	_	_	_	_	linguistic	_	none	Intonation=WeaklyRising	End=435.53	_	_	_	_
115-0	BO140	115	115	0	e::	e	_	_	_	_	_	linguistic	_	none	_	Begin=436.265	0x2	_	_	_
115-1	BO140	115	115	1	ci	ci	_	_	_	_	_	linguistic	_	none	_	_	_	_	_	_
115-2	BO140	115	115	2	ho	ho	_	_	_	_	_	linguistic	_	none	_	_	_	_	_	_
115-3	BO140	115	115	3	vissuto	vissuto	_	_	_	_	_	linguistic	_	none	_	_	_	_	_	_
115-4	BO140	115	115	4	quattro	quattro	_	_	_	_	_	linguistic	_	none	_	_	_	_	_	_
115-5	BO140	115	115	5	anni:	anni	_	_	_	_	_	linguistic	_	none	_	_	3x1	_	_	_
115-6	BO140	115	115	6	in	in	_	_	_	_	_	linguistic	_	none	_	_	_	_	_	_
115-7	BO140	115	115	7	doppia,	doppia	_	_	_	_	_	linguistic	_	none	Intonation=WeaklyRising	End=438.98	_	_	_	_
116-0	BO140	116	116	0	e::	e	_	_	_	_	_	linguistic	_	none	_	Begin=439.91	0x2	_	_	_
116-1	BO140	116	116	1	la	la	_	_	_	_	_	linguistic	_	none	_	_	_	_	_	_
116-2	BO140	116	116	2	casa	casa	_	_	_	_	_	linguistic	_	none	_	_	_	_	_	_
116-3	BO140	116	116	3	era	era	_	_	_	_	_	linguistic	_	none	_	_	_	_	_	_
116-4	BO140	116	116	4	bellissima.	bellissima	_	_	_	_	_	linguistic	_	none	Intonation=Falling	End=442.08	_	_	_	_
117-0	BO118	117	117	0	qua:ttro	quattro	_	_	_	_	_	linguistic	_	none	_	Begin=442.12	2x1	_	_	_
117-1	BO118	117	117	1	anni	anni	_	_	_	_	_	linguistic	_	none	_	_	_	_	_	_
117-2	BO118	117	117	2	ci	ci	_	_	_	_	_	linguistic	_	none	_	_	_	_	_	_
117-3	BO118	117	117	3	hai	hai	_	_	_	_	_	linguistic	_	none	_	_	_	_	_	_
117-4	BO118	117	117	4	vissu[to]?	vissuto	_	_	_	_	_	linguistic	_	none	Intonation=Rising	End=443.51	_	_	_	5-7(19)
118-0	BO140	118	118	0	[sì].	sì	_	_	_	_	_	linguistic	_	none	Intonation=Falling	Begin=443.34|End=443.539	_	_	_	0-2(19)
119-0	BO140	119	119	0	i	i	_	_	_	_	_	linguistic	_	none	_	Begin=444.31	_	_	_	_
119-1	BO140	119	119	1	primi	primi	_	_	_	_	_	linguistic	_	none	_	_	_	_	_	_
119-2	BO140	119	119	2	miei	miei	_	_	_	_	_	linguistic	_	none	_	_	_	_	_	_
119-3	BO140	119	119	3	quattro	quattro	_	_	_	_	_	linguistic	_	none	_	_	_	_	_	_
119-4	BO140	119	119	4	anni::	anni	_	_	_	_	_	linguistic	_	none	_	_	3x2	_	_	_
119-5	BO140	119	119	5	abbiamo	abbiamo	_	_	_	_	_	linguistic	_	none	_	_	_	_	_	_
119-6	BO140	119	119	6	cambiato	cambiato	_	_	_	_	_	linguistic	_	none	_	_	_	_	_	_
119-7	BO140	119	119	7	abbastanza	abbastanza	_	_	_	_	_	linguistic	_	none	_	_	_	_	_	_
119-8	BO140	119	119	8	coinquiline	coinquiline	_	_	_	_	_	linguistic	_	none	_	_	_	_	_	_
119-9	BO140	119	119	9	in	in	_	_	_	_	_	linguistic	_	none	_	_	_	_	_	_
119-10	BO140	119	119	10	realtà,	realtà	_	_	_	_	_	linguistic	_	none	Intonation=WeaklyRising	End=449.3	_	_	_	_
120-0	BO140	120	120	0	però::	però	_	_	_	_	_	linguistic	_	none	_	Begin=450.19	3x2	_	_	_
120-1	BO140	120	120	1	anche::	anche	_	_	_	_	_	linguistic	_	none	_	_	4x2	_	_	_
120-2	BO140	120	120	2	se	se	_	_	_	_	_	linguistic	_	none	_	_	_	_	_	_
120-3	BO140	120	120	3	ero	ero	_	_	_	_	_	linguistic	_	none	_	_	_	_	_	_
120-4	BO140	120	120	4	in	in	_	_	_	_	_	linguistic	_	none	_	_	_	_	_	_
120-5	BO140	120	120	5	doppia::	doppia	_	_	_	_	_	linguistic	_	none	_	_	5x2	_	_	_
120-6	BO140	120	120	6	mi	mi	_	_	_	_	_	linguistic	_	none	_	_	_	_	_	_
120-7	BO140	120	120	7	son	son	_	_	_	_	_	linguistic	_	none	_	_	_	_	_	_
120-8	BO140	120	120	8	sempre	sempre	_	_	_	_	_	linguistic	_	none	_	_	_	_	_	_
120-9	BO140	120	120	9	trovata	trovata	_	_	_	_	_	linguistic	_	none	_	_	_	_	_	_
120-10	BO140	120	120	10	be:ne	bene	_	_	_	_	_	linguistic	_	none	_	_	1x1	_	_	_
120-11	BO140	120	120	11	perché	perché	_	_	_	_	_	linguistic	_	none	_	_	_	_	_	_
120-12	BO140	120	120	12	c'	c'	_	_	_	_	_	linguistic	_	none	SpaceAfter=No	_	_	_	_	_
120-13	BO140	120	120	13	era:	era	_	_	_	_	_	linguistic	_	none	_	_	2x1	_	_	_
120-14	BO140	120	120	14	un	un	_	_	_	_	_	linguistic	_	none	_	_	_	_	_	_
120-15	BO140	120	120	15	ambiente	ambiente	_	_	_	_	_	linguistic	_	none	_	_	_	_	_	_
120-16	BO140	120	120	16	comune	comune	_	_	_	_	_	linguistic	_	none	_	_	_	_	_	_
120-17	BO140	120	120	17	che	che	_	_	_	_	_	linguistic	_	none	_	_	_	_	_	_
120-18	BO140	120	120	18	era	era	_	_	_	_	_	linguistic	_	none	_	_	_	_	_	_
120-19	BO140	120	120	19	la	la	_	_	_	_	_	linguistic	_	none	_	_	_	_	_	_
120-20	BO140	120	120	20	sala::	sala	_	_	_	_	_	linguistic	_	none	_	_	3x2	_	_	_
120-21	BO140	120	120	21	cucina,	cucina	_	_	_	_	_	linguistic	_	none	Intonation=WeaklyRising	End=458.38	_	_	_	_
121-0	BO140	121	121	0	era:	era	_	_	_	_	_	linguistic	_	none	_	Begin=458.705	2x1	_	_	_
121-1	BO140	121	121	1	un	un	_	_	_	_	_	linguistic	_	none	_	_	_	_	_	_
121-2	BO140	121	121	2	open	open	_	_	_	_	_	linguistic	_	none	_	_	_	_	_	_
121-3	BO140	121	121	3	space.	space	_	_	_	_	_	linguistic	_	none	Intonation=Falling	End=459.9	_	_	_	_
122-0	BO140	122	122	0	e::	e	_	_	_	_	_	linguistic	_	none	_	Begin=460.505	0x2	_	_	_
122-1	BO140	122	122	1	mh	mh	_	_	_	_	_	linguistic	_	none	_	_	_	_	_	_
122-2	BO140	122	122	2	ed	ed	_	_	_	_	_	linguistic	_	none	_	_	_	_	_	_
122-3	BO140	122	122	3	era	era	_	_	_	_	_	linguistic	_	none	_	_	_	_	_	_
122-4	BO140	122	122	4	molto:::	molto	_	_	_	_	_	linguistic	_	none	_	_	4x3	_	_	_
122-5	BO140	122	122	5	bello	bello	_	_	_	_	_	linguistic	_	none	_	_	_	_	_	_
122-6	BO140	122	122	6	cioè::	cioè	_	_	_	_	_	linguistic	_	none	_	_	3x2	_	_	_
122-7	BO140	122	122	7	mh::	mh	_	_	_	_	_	linguistic	_	none	_	_	1x2	_	_	_
122-8	BO140	122	122	8	l'	l'	_	_	_	_	_	linguistic	_	none	SpaceAfter=No	_	_	_	_	_
122-9	BO140	122	122	9	ambiente	ambiente	_	_	_	_	_	linguistic	_	none	_	_	_	_	_	_
122-10	BO140	122	122	10	era	era	_	_	_	_	_	linguistic	_	none	_	_	_	_	_	_
122-11	BO140	122	122	11	familia:re:	familiare	_	_	_	_	_	linguistic	_	none	_	_	6x1,8x1	_	_	_
122-12	BO140	122	122	12	e	e	_	_	_	_	_	linguistic	_	none	_	_	_	_	_	_
122-13	BO140	122	122	13	comunque	comunque	_	_	_	_	_	linguistic	_	none	_	_	_	_	_	_
122-14	BO140	122	122	14	c'	c'	_	_	_	_	_	linguistic	_	none	SpaceAfter=No	_	_	_	_	_
122-15	BO140	122	122	15	erano	erano	_	_	_	_	_	linguistic	_	none	_	_	_	_	_	_
122-16	BO140	122	122	16	un	un	_	_	_	_	_	linguistic	_	none	_	_	_	_	_	_
122-17	BO140	122	122	17	paio	paio	_	_	_	_	_	linguistic	_	none	_	_	_	_	_	_
122-18	BO140	122	122	18	di	di	_	_	_	_	_	linguistic	_	none	_	_	_	_	_	_
122-19	BO140	122	122	19	divani,	divani	_	_	_	_	_	linguistic	_	none	Intonation=WeaklyRising	End=469.61	_	_	_	_
123-0	BO140	123	123	0	eh:	eh	_	_	_	_	_	linguistic	_	none	_	Begin=470.262	1x1	_	_	_
123-1	BO140	123	123	1	la	la	_	_	_	_	_	linguistic	_	none	_	_	_	_	_	_
123-2	BO140	123	123	2	televisione:,	televisione	_	_	_	_	_	linguistic	_	none	Intonation=WeaklyRising	_	10x1	_	_	_
123-3	BO140	123	123	3	il	il	_	_	_	_	_	linguistic	_	none	_	_	_	_	_	_
123-4	BO140	123	123	4	tavolo	tavolo	_	_	_	_	_	linguistic	_	none	_	_	_	_	_	_
123-5	BO140	123	123	5	da	da	_	_	_	_	_	linguistic	_	none	_	_	_	_	_	_
123-6	BO140	123	123	6	cucina::,	cucina	_	_	_	_	_	linguistic	_	none	Intonation=WeaklyRising	_	5x2	_	_	_
123-7	BO140	123	123	7	e	e	_	_	_	_	_	linguistic	_	none	_	_	_	_	_	_
123-8	BO140	123	123	8	h:	h	_	_	_	_	_	linguistic	_	none	_	_	0x1	_	_	_
123-9	BO140	123	123	9	stavam	stavam	_	_	_	_	_	linguistic	_	none	_	_	_	_	_	_
123-10	BO140	123	123	10	sempre	sempre	_	_	_	_	_	linguistic	_	none	_	_	_	_	_	_
123-11	BO140	123	123	11	tutte	tutte	_	_	_	_	_	linguistic	_	none	_	_	_	_	_	_
123-12	BO140	123	123	12	insieme.	insieme	_	_	_	_	_	linguistic	_	none	Intonation=Falling	End=474.43	_	_	_	_
124-0	BO118	124	124	0	okay	okay	_	_	_	_	_	linguistic	_	none	_	Begin=474.43	_	_	_	_
124-1	BO118	124	124	1	quindi	quindi	_	_	_	_	_	linguistic	_	none	_	_	_	_	_	_
124-2	BO118	124	124	2	eran	eran	_	_	_	_	_	linguistic	_	none	_	_	_	_	_	_
124-3	BO118	124	124	3	sala	sala	_	_	_	_	_	linguistic	_	none	_	_	_	_	_	_
124-4	BO118	124	124	4	e	e	_	_	_	_	_	linguistic	_	none	_	_	_	_	_	_
124-5	BO118	124	124	5	cucina	cucina	_	_	_	_	_	linguistic	_	none	_	_	_	_	_	_
124-6	BO118	124	124	6	insieme?	insieme	_	_	_	_	_	linguistic	_	none	Intonation=Rising	End=476.45	_	_	_	_
125-0	BO140	125	125	0	sì.	sì	_	_	_	_	_	linguistic	_	none	Intonation=Falling	Begin=476.46	_	_	_	_
125-1	BO140	125	125	1	e	e	_	_	_	_	_	linguistic	_	none	_	_	_	_	_	_
125-2	BO140	125	125	2	po:i	poi	_	_	_	_	_	linguistic	_	none	_	_	1x1	_	_	_
125-3	BO140	125	125	3	c'	c'	_	_	_	_	_	linguistic	_	none	SpaceAfter=No	_	_	_	_	_
125-4	BO140	125	125	4	eran	eran	_	_	_	_	_	linguistic	_	none	_	_	_	_	_	_
125-5	BO140	125	125	5	le	le	_	_	_	_	_	linguistic	_	none	_	_	_	_	_	_
125-6	BO140	125	125	6	due	due	_	_	_	_	_	linguistic	_	none	_	_	_	_	_	_
125-7	BO140	125	125	7	camere	camere	_	_	_	_	_	linguistic	_	none	_	_	_	_	_	_
125-8	BO140	125	125	8	che	che	_	_	_	_	_	linguistic	_	none	_	_	_	_	_	_
125-9	BO140	125	125	9	si	si	_	_	_	_	_	linguistic	_	none	_	_	_	_	_	_
125-10	BO140	125	125	10	affacciavano	affacciavano	_	_	_	_	_	linguistic	_	none	_	_	_	_	_	_
125-11	BO140	125	125	11	su:lla	sulla	_	_	_	_	_	linguistic	_	none	_	_	1x1	_	_	_
125-12	BO140	125	125	12	saletta	saletta	_	_	_	_	_	linguistic	_	none	_	_	_	_	_	_
125-13	BO140	125	125	13	e	e	_	_	_	_	_	linguistic	_	none	_	_	_	_	_	_
125-14	BO140	125	125	14	la	la	_	_	_	_	_	linguistic	_	none	_	_	_	_	_	_
125-15	BO140	125	125	15	cucina,	cucina	_	_	_	_	_	linguistic	_	none	Intonation=WeaklyRising	_	_	_	_	_
125-16	BO140	125	125	16	che	che	_	_	_	_	_	linguistic	_	none	_	_	_	_	_	_
125-17	BO140	125	125	17	eran	eran	_	_	_	_	_	linguistic	_	none	_	_	_	_	_	_
125-18	BO140	125	125	18	due	due	_	_	_	_	_	linguistic	_	none	_	_	_	_	_	_
125-19	BO140	125	125	19	doppie	doppie	_	_	_	_	_	linguistic	_	none	_	_	_	_	_	_
125-20	BO140	125	125	20	e	e	_	_	_	_	_	linguistic	_	none	_	_	_	_	_	_
125-21	BO140	125	125	21	u:n	un	_	_	_	_	_	linguistic	_	none	_	_	0x1	_	_	_
125-22	BO140	125	125	22	bagnetto.	bagnetto	_	_	_	_	_	linguistic	_	none	Intonation=Falling	End=482.88	_	_	_	_
126-0	BO140	126	126	0	quindi	quindi	_	_	_	_	_	linguistic	_	none	_	Begin=483.025	_	_	_	_
126-1	BO140	126	126	1	in	in	_	_	_	_	_	linguistic	_	none	_	_	_	_	_	_
126-2	BO140	126	126	2	realtà	realtà	_	_	_	_	_	linguistic	_	none	_	_	_	_	_	_
126-3	BO140	126	126	3	era	era	_	_	_	_	_	linguistic	_	none	_	_	_	_	_	_
126-4	BO140	126	126	4	piccolina	piccolina	_	_	_	_	_	linguistic	_	none	_	_	_	_	_	_
126-5	BO140	126	126	5	però:	però	_	_	_	_	_	linguistic	_	none	_	_	3x1	_	_	_
126-6	BO140	126	126	6	era:	era	_	_	_	_	_	linguistic	_	none	_	_	2x1	_	_	_
126-7	BO140	126	126	7	ristrutturata	ristrutturata	_	_	_	_	_	linguistic	_	none	_	_	_	_	_	_
126-8	BO140	126	126	8	da	da	_	_	_	_	_	linguistic	_	none	_	_	_	_	_	_
126-9	BO140	126	126	9	qualche	qualche	_	_	_	_	_	linguistic	_	none	_	_	_	_	_	_
126-10	BO140	126	126	10	anno	anno	_	_	_	_	_	linguistic	_	none	_	_	_	_	_	_
126-11	BO140	126	126	11	quindi::	quindi	_	_	_	_	_	linguistic	_	none	_	_	5x2	_	_	_
126-12	BO140	126	126	12	era	era	_	_	_	_	_	linguistic	_	none	_	_	_	_	_	_
126-13	BO140	126	126	13	una	una	_	_	_	_	_	linguistic	_	none	_	_	_	_	_	_
126-14	BO140	126	126	14	bella	bella	_	_	_	_	_	linguistic	_	none	_	_	_	_	_	_
126-15	BO140	126	126	15	casa	casa	_	_	_	_	_	linguistic	_	none	_	_	_	_	_	_
126-16	BO140	126	126	16	abbastanza	abbastanza	_	_	_	_	_	linguistic	_	none	_	_	_	_	_	_
126-17	BO140	126	126	17	nuova	nuova	_	_	_	_	_	linguistic	_	none	_	_	_	_	_	_
126-18	BO140	126	126	18	almeno	almeno	_	_	_	_	_	linguistic	_	none	_	_	_	_	_	_
126-19	BO140	126	126	19	internamente:,	internamente	_	_	_	_	_	linguistic	_	none	Intonation=WeaklyRising	_	11x1	_	_	_
126-20	BO140	126	126	20	esternamente	esternamente	_	_	_	_	_	linguistic	_	none	_	_	_	_	_	_
126-21	BO140	126	126	21	no	no	_	_	_	_	_	linguistic	_	none	_	_	_	_	_	_
126-22	BO140	126	126	22	perché	perché	_	_	_	_	_	linguistic	_	none	_	_	_	_	_	_
126-23	BO140	126	126	23	era	era	_	_	_	_	_	linguistic	_	none	_	_	_	_	_	_
126-24	BO140	126	126	24	gli	gli	_	_	_	_	_	linguistic	_	none	_	_	_	_	_	_
126-25	BO140	126	126	25	edifici	edifici	_	_	_	_	_	linguistic	_	none	_	_	_	_	_	_
126-26	BO140	126	126	26	degli	degli	_	_	_	_	_	linguistic	_	none	_	_	_	_	_	_
126-27	BO140	126	126	27	anni	anni	_	_	_	_	_	linguistic	_	none	_	_	_	_	_	_
126-28	BO140	126	126	28	settanta	settanta	_	_	_	_	_	linguistic	_	none	_	_	_	_	_	_
126-29	BO140	126	126	29	che	che	_	_	_	_	_	linguistic	_	none	_	_	_	_	_	_
126-30	BO140	126	126	30	hanno	hanno	_	_	_	_	_	linguistic	_	none	_	_	_	_	_	_
126-31	BO140	126	126	31	costruito	costruito	_	_	_	_	_	linguistic	_	none	_	_	_	_	_	_
126-32	BO140	126	126	32	in	in	_	_	_	_	_	linguistic	_	none	_	_	_	_	_	_
126-33	BO140	126	126	33	centro.	centro	_	_	_	_	_	linguistic	_	none	Intonation=Falling	End=497.12	_	_	_	_
127-0	BO140	127	127	0	e:::	e	_	_	_	_	_	linguistic	_	none	_	Begin=498.44	0x3	_	_	_
127-1	BO140	127	127	1	sì.	sì	_	_	_	_	_	linguistic	_	none	Intonation=Falling	End=499.7	_	_	_	_
128-0	BO118	128	128	0	che	che	_	_	_	_	_	linguistic	_	none	_	Begin=499.715	_	_	_	_
128-1	BO118	128	128	1	poi	poi	_	_	_	_	_	linguistic	_	none	_	_	_	_	_	_
128-2	BO118	128	128	2	in	in	_	_	_	_	_	linguistic	_	none	_	_	_	_	_	_
128-3	BO118	128	128	3	quella	quella	_	_	_	_	_	linguistic	_	none	_	_	_	_	_	_
128-4	BO118	128	128	4	via	via	_	_	_	_	_	linguistic	_	none	_	_	_	_	_	_
128-5	BO118	128	128	5	son	son	_	_	_	_	_	linguistic	_	none	_	_	_	_	_	_
128-6	BO118	128	128	6	tutti	tutti	_	_	_	_	_	linguistic	_	none	_	_	_	_	_	_
128-7	BO118	128	128	7	uguali.	uguali	_	_	_	_	_	linguistic	_	none	Intonation=Falling	_	_	_	_	_
128-8	BO118	128	128	8	cioè	cioè	_	_	_	_	_	linguistic	_	none	_	_	_	_	_	_
128-9	BO118	128	128	9	io	io	_	_	_	_	_	linguistic	_	none	_	_	_	_	_	_
128-10	BO118	128	128	10	pure	pure	_	_	_	_	_	linguistic	_	none	_	_	_	_	_	_
128-11	BO118	128	128	11	tipo,	tipo	_	_	_	_	_	linguistic	_	none	Intonation=WeaklyRising	End=502.19	_	_	_	_
129-0	BO118	129	129	0	xxx	xxx	_	_	_	_	_	unknown	_	none	Syllables=3	Begin=502.545	_	_	_	_
129-1	BO118	129	129	1	avevo	avevo	_	_	_	_	_	linguistic	_	none	_	_	_	_	_	_
129-2	BO118	129	129	2	visto	visto	_	_	_	_	_	linguistic	_	none	_	_	_	_	_	_
129-3	BO118	129	129	3	una	una	_	_	_	_	_	linguistic	_	none	_	_	_	_	_	_
129-4	BO118	129	129	4	casa:	casa	_	_	_	_	_	linguistic	_	none	_	_	3x1	_	_	_
129-5	BO118	129	129	5	quando	quando	_	_	_	_	_	linguistic	_	none	_	_	_	_	_	_
129-6	BO118	129	129	6	cercavo	cercavo	_	_	_	_	_	linguistic	_	none	_	_	_	_	_	_
129-7	BO118	129	129	7	casa::	casa	_	_	_	_	_	linguistic	_	none	_	_	3x2	_	_	_
129-8	BO118	129	129	8	l'	l'	_	_	_	_	_	linguistic	_	none	SpaceAfter=No	_	_	_	_	_
129-9	BO118	129	129	9	anno	anno	_	_	_	_	_	linguistic	_	none	_	_	_	_	_	_
129-10	BO118	129	129	10	scorso,	scorso	_	_	_	_	_	linguistic	_	none	Intonation=WeaklyRising	End=507.28	_	_	_	_
130-0	BO118	130	130	0	e::	e	_	_	_	_	_	linguistic	_	none	_	Begin=508.55	0x2	_	_	_
130-1	BO118	130	130	1	e	e	_	_	_	_	_	linguistic	_	none	_	_	_	_	_	_
130-2	BO118	130	130	2	fuori	fuori	_	_	_	_	_	linguistic	_	none	_	_	_	_	_	_
130-3	BO118	130	130	3	più	più	_	_	_	_	_	linguistic	_	none	_	_	_	_	_	_
130-4	BO118	130	130	4	o	o	_	_	_	_	_	linguistic	_	none	_	_	_	_	_	_
130-5	BO118	130	130	5	meno	meno	_	_	_	_	_	linguistic	_	none	_	_	_	_	_	_
130-6	BO118	130	130	6	son	son	_	_	_	_	_	linguistic	_	none	_	_	_	_	_	_
130-7	BO118	130	130	7	tutti	tutti	_	_	_	_	_	linguistic	_	none	_	_	_	_	_	_
130-8	BO118	130	130	8	uguali	uguali	_	_	_	_	_	linguistic	_	none	_	_	_	_	_	_
130-9	BO118	130	130	9	gli	gli	_	_	_	_	_	linguistic	_	none	_	_	_	_	_	_
130-10	BO118	130	130	10	edifici.	edifici	_	_	_	_	_	linguistic	_	none	Intonation=Falling	End=511.61	_	_	_	_
131-0	BO140	131	131	0	sì	sì	_	_	_	_	_	linguistic	_	none	_	Begin=511.675	_	_	_	_
131-1	BO140	131	131	1	da	da	_	_	_	_	_	linguistic	_	none	_	_	_	_	_	_
131-2	BO140	131	131	2	fuo:ri	fuori	_	_	_	_	_	linguistic	_	none	_	_	2x1	_	_	_
131-3	BO140	131	131	3	[dici]?	dici	_	_	_	_	_	linguistic	_	none	Intonation=Rising	End=513.0	_	_	_	0-4(20)
132-0	BO118	132	132	0	[in	in	_	_	_	_	_	linguistic	_	none	_	Begin=512.164	_	_	_	0-2(20)
132-1	BO118	132	132	1	quella	quella	_	_	_	_	_	linguistic	_	none	_	_	_	_	_	0-6(20)
132-2	BO118	132	132	2	via	via	_	_	_	_	_	linguistic	_	none	_	_	_	_	_	0-3(20)
132-3	BO118	132	132	3	xx]	xx	_	_	_	_	_	unknown	_	none	Syllables=2	_	_	_	_	0-2(20)
132-4	BO118	132	132	4	in	in	_	_	_	_	_	linguistic	_	none	_	_	_	_	_	_
132-5	BO118	132	132	5	quella	quella	_	_	_	_	_	linguistic	_	none	_	_	_	_	_	_
132-6	BO118	132	132	6	[via]	via	_	_	_	_	_	linguistic	_	none	_	End=513.84	_	_	_	0-3(21)
133-0	BO140	133	133	0	[sì:]	sì	_	_	_	_	_	linguistic	_	none	_	Begin=513.575	1x1	_	_	0-2(21)
133-1	BO140	133	133	1	sì	sì	_	_	_	_	_	linguistic	_	none	_	_	_	_	_	_
133-2	BO140	133	133	2	in	in	_	_	_	_	_	linguistic	_	none	_	_	_	_	_	_
133-3	BO140	133	133	3	quella	quella	_	_	_	_	_	linguistic	_	none	_	_	_	_	_	_
133-4	BO140	133	133	4	zona	zona	_	_	_	_	_	linguistic	_	none	_	_	_	_	_	_
133-5	BO140	133	133	5	sì.	sì	_	_	_	_	_	linguistic	_	none	Intonation=Falling	End=515.049	_	_	_	_
134-0	BO140	134	134	0	ma	ma	_	_	_	_	_	linguistic	_	none	_	Begin=515.308	_	_	_	_
134-1	BO140	134	134	1	anche	anche	_	_	_	_	_	linguistic	_	none	_	_	_	_	_	_
134-2	BO140	134	134	2	perché	perché	_	_	_	_	_	linguistic	_	none	_	_	_	_	_	_
134-3	BO140	134	134	3	in	in	_	_	_	_	_	linguistic	_	none	_	_	_	_	_	_
134-4	BO140	134	134	4	via	via	_	_	_	_	_	linguistic	_	none	_	_	_	_	_	_
134-5	BO140	134	134	5	@nomeluogo	@nomeluogo	_	_	_	_	_	anonymized	_	none	_	_	_	_	_	_
134-6	BO140	134	134	6	cioè	cioè	_	_	_	_	_	linguistic	_	none	_	_	_	_	_	_
134-7	BO140	134	134	7	via	via	_	_	_	_	_	linguistic	_	none	_	_	_	_	_	_
134-8	BO140	134	134	8	@nomeluogo	@nomeluogo	_	_	_	_	_	anonymized	_	none	_	_	_	_	_	_
134-9	BO140	134	134	9	è	è	_	_	_	_	_	linguistic	_	none	_	_	_	_	_	_
134-10	BO140	134	134	10	una:::	una	_	_	_	_	_	linguistic	_	none	_	_	2x3	_	_	_
134-11	BO140	134	134	11	è	è	_	_	_	_	_	linguistic	_	none	_	_	_	_	_	_
134-12	BO140	134	134	12	una	una	_	_	_	_	_	linguistic	_	none	_	_	_	_	_	_
134-13	BO140	134	134	13	via	via	_	_	_	_	_	linguistic	_	none	_	_	_	_	_	_
134-14	BO140	134	134	14	che	che	_	_	_	_	_	linguistic	_	none	_	_	_	_	_	_
134-15	BO140	134	134	15	è	è	_	_	_	_	_	linguistic	_	none	_	_	_	_	_	_
134-16	BO140	134	134	16	stata	stata	_	_	_	_	_	linguistic	_	none	_	_	_	_	_	_
134-17	BO140	134	134	17	costruita	costruita	_	_	_	_	_	linguistic	_	none	_	_	_	_	_	_
134-18	BO140	134	134	18	in	in	_	_	_	_	_	linguistic	_	none	_	_	_	_	_	_
134-19	BO140	134	134	19	quegli	quegli	_	_	_	_	_	linguistic	_	none	_	_	_	_	_	_
134-20	BO140	134	134	20	a:nni	anni	_	_	_	_	_	linguistic	_	none	_	_	0x1	_	_	_
134-21	BO140	134	134	21	secondo	secondo	_	_	_	_	_	linguistic	_	none	_	_	_	_	_	_
134-22	BO140	134	134	22	me.	me	_	_	_	_	_	linguistic	_	none	Intonation=Falling	End=520.65	_	_	_	_
135-0	BO140	135	135	0	cioè:	cioè	_	_	_	_	_	linguistic	_	none	_	Begin=521.025	3x1	_	_	_
135-1	BO140	135	135	1	le	le	_	_	_	_	_	linguistic	_	none	_	_	_	_	_	_
135-2	BO140	135	135	2	vie	vie	_	_	_	_	_	linguistic	_	none	_	_	_	_	_	_
135-3	BO140	135	135	3	sto:riche	storiche	_	_	_	_	_	linguistic	_	none	_	_	2x1	_	_	_
135-4	BO140	135	135	4	sono:	sono	_	_	_	_	_	linguistic	_	none	_	End=523.12	3x1	_	_	_
136-0	BO140	136	136	0	dai	dai	_	_	_	_	_	linguistic	_	none	_	Begin=524.277	_	_	_	_
136-1	BO140	136	136	1	zambo:ni:,	zamboni	_	_	_	_	_	linguistic	_	none	Intonation=WeaklyRising	_	4x1,6x1	_	_	_
136-2	BO140	136	136	2	[ca]stiglio:ne,	castiglione	_	_	_	_	_	linguistic	_	none	Intonation=WeaklyRising	_	8x1	_	_	0-2(22)
136-3	BO140	136	136	3	san	san	_	_	_	_	_	linguistic	_	none	_	_	_	_	_	_
136-4	BO140	136	136	4	vitale,	vitale	_	_	_	_	_	linguistic	_	none	Intonation=WeaklyRising	_	_	_	_	_
136-5	BO140	136	136	5	insomma	insomma	_	_	_	_	_	linguistic	_	none	_	_	_	_	_	_
136-6	BO140	136	136	6	cioè	cioè	_	_	_	_	_	linguistic	_	none	_	_	_	_	_	_
136-7	BO140	136	136	7	quello	quello	_	_	_	_	_	linguistic	_	none	_	_	_	_	_	_
136-8	BO140	136	136	8	è	è	_	_	_	_	_	linguistic	_	none	_	_	_	_	_	_
136-9	BO140	136	136	9	il	il	_	_	_	_	_	linguistic	_	none	_	_	_	_	_	_
136-10	BO140	136	136	10	centro:	centro	_	_	_	_	_	linguistic	_	none	_	_	5x1	_	_	_
136-11	BO140	136	136	11	piazza	piazza	_	_	_	_	_	linguistic	_	none	_	_	_	_	_	_
136-12	BO140	136	136	12	maggiore	maggiore	_	_	_	_	_	linguistic	_	none	_	_	_	_	_	_
136-13	BO140	136	136	13	così.	così	_	_	_	_	_	linguistic	_	none	Intonation=Falling	End=530.49	_	_	_	_
137-0	BO118	137	137	0	[sì]	sì	_	_	_	_	_	linguistic	_	none	_	Begin=525.55|End=526.1	_	_	_	0-2(22)
138-0	BO140	138	138	0	tutto	tutto	_	_	_	_	_	linguistic	_	none	_	Begin=530.798	_	_	_	_
138-1	BO140	138	138	1	quello	quello	_	_	_	_	_	linguistic	_	none	_	_	_	_	_	_
138-2	BO140	138	138	2	che	che	_	_	_	_	_	linguistic	_	none	_	_	_	_	_	_
138-3	BO140	138	138	3	sta	sta	_	_	_	_	_	linguistic	_	none	_	_	_	_	_	_
138-4	BO140	138	138	4	fuori	fuori	_	_	_	_	_	linguistic	_	none	_	_	_	_	_	_
138-5	BO140	138	138	5	diciamo	diciamo	_	_	_	_	_	linguistic	_	none	_	_	_	_	_	_
138-6	BO140	138	138	6	da::	da	_	_	_	_	_	linguistic	_	none	_	_	1x2	_	_	_
138-7	BO140	138	138	7	cioè	cioè	_	_	_	_	_	linguistic	_	none	_	_	_	_	_	_
138-8	BO140	138	138	8	fuori	fuori	_	_	_	_	_	linguistic	_	none	_	_	_	_	_	_
138-9	BO140	138	138	9	proprio	proprio	_	_	_	_	_	linguistic	_	none	_	_	_	_	_	_
138-10	BO140	138	138	10	no	no	_	_	_	_	_	linguistic	_	none	_	_	_	_	_	_
138-11	BO140	138	138	11	via	via	_	_	_	_	_	linguistic	_	none	_	_	_	_	_	_
138-12	BO140	138	138	12	irnerio	irnerio	_	_	_	_	_	linguistic	_	none	_	_	_	_	_	_
138-13	BO140	138	138	13	zona	zona	_	_	_	_	_	linguistic	_	none	_	_	_	_	_	_
138-14	BO140	138	138	14	irnerio	irnerio	_	_	_	_	_	linguistic	_	none	_	_	_	_	_	_
138-15	BO140	138	138	15	così:	così	_	_	_	_	_	linguistic	_	none	_	_	3x1	_	_	_
138-16	BO140	138	138	16	sono	sono	_	_	_	_	_	linguistic	_	none	_	_	_	_	_	_
138-17	BO140	138	138	17	più::	più	_	_	_	_	_	linguistic	_	none	_	_	2x2	_	_	_
138-18	BO140	138	138	18	si	si	_	_	_	_	_	linguistic	_	none	_	_	_	_	_	_
138-19	BO140	138	138	19	anni	anni	_	_	_	_	_	linguistic	_	none	_	_	_	_	_	_
138-20	BO140	138	138	20	cinquanta	cinquanta	_	_	_	_	_	linguistic	_	none	_	_	_	_	_	_
138-21	BO140	138	138	21	credo.	credo	_	_	_	_	_	linguistic	_	none	Intonation=Falling	End=539.39	_	_	_	_
139-0	BO118	139	139	0	[sì]	sì	_	_	_	_	_	linguistic	_	none	PauseAfter=Yes	Begin=539.63	_	_	_	0-2(23)
139-1	BO118	139	139	1	{P}	{P}	_	_	_	_	_	shortpause	_	none	_	_	_	_	_	_
139-2	BO118	139	139	2	penso	penso	_	_	_	_	_	linguistic	_	none	_	_	_	_	_	_
139-3	BO118	139	139	3	di	di	_	_	_	_	_	linguistic	_	none	_	_	_	_	_	_
139-4	BO118	139	139	4	sì.	sì	_	_	_	_	_	linguistic	_	none	Intonation=Falling	End=540.78	_	_	_	_
140-0	BO140	140	140	0	[non	non	_	_	_	_	_	linguistic	_	none	_	Begin=539.63	_	_	_	0-3(23)
140-1	BO140	140	140	1	lo	lo	_	_	_	_	_	linguistic	_	none	_	_	_	_	_	0-2(23)
140-2	BO140	140	140	2	so].	so	_	_	_	_	_	linguistic	_	none	Intonation=Falling	End=540.26	_	_	_	0-2(23)
141-0	BO118	141	141	0	po:i	poi	_	_	_	_	_	linguistic	_	none	_	Begin=542.48	1x1	_	_	_
141-1	BO118	141	141	1	ehm::	ehm	_	_	_	_	_	linguistic	_	none	_	End=543.77	2x2	_	_	_
142-0	BO118	142	142	0	e	e	_	_	_	_	_	linguistic	_	none	_	Begin=544.8	_	_	_	_
142-1	BO118	142	142	1	quindi	quindi	_	_	_	_	_	linguistic	_	none	_	_	_	_	_	_
142-2	BO118	142	142	2	hai	hai	_	_	_	_	_	linguistic	_	none	_	_	_	_	_	_
142-3	BO118	142	142	3	vissuto	vissuto	_	_	_	_	_	linguistic	_	none	_	_	_	_	_	_
142-4	BO118	142	142	4	sempre	sempre	_	_	_	_	_	linguistic	_	none	_	_	_	_	_	_
142-5	BO118	142	142	5	con	con	_	_	_	_	_	linguistic	_	none	_	_	_	_	_	_
142-6	BO118	142	142	6	tutte	tutte	_	_	_	_	_	linguistic	_	none	_	_	_	_	_	_
142-7	BO118	142	142	7	ragazze?	ragazze	_	_	_	_	_	linguistic	_	none	Intonation=Rising	End=546.52	_	_	_	_
143-0	BO140	143	143	0	sì	sì	_	_	_	_	_	linguistic	_	none	_	Begin=547.42	_	_	_	_
143-1	BO140	143	143	1	nella	nella	_	_	_	_	_	linguistic	_	none	_	_	_	_	_	_
143-2	BO140	143	143	2	prima	prima	_	_	_	_	_	linguistic	_	none	_	_	_	_	_	_
143-3	BO140	143	143	3	casa	casa	_	_	_	_	_	linguistic	_	none	_	_	_	_	_	_
143-4	BO140	143	143	4	si	si	_	_	_	_	_	linguistic	_	none	_	_	_	_	_	_
143-5	BO140	143	143	5	eravam	eravam	_	_	_	_	_	linguistic	_	none	_	_	_	_	_	_
143-6	BO140	143	143	6	solo	solo	_	_	_	_	_	linguistic	_	none	_	_	_	_	_	_
143-7	BO140	143	143	7	ragazze.	ragazze	_	_	_	_	_	linguistic	_	none	Intonation=Falling	End=550.39	_	_	_	_
144-0	BO140	144	144	0	e:::	e	_	_	_	_	_	linguistic	_	none	_	Begin=551.22	0x3	_	_	_
144-1	BO140	144	144	1	in	in	_	_	_	_	_	linguistic	_	none	_	_	_	_	_	_
144-2	BO140	144	144	2	que:sta	questa	_	_	_	_	_	linguistic	_	none	_	_	2x1	_	_	_
144-3	BO140	144	144	3	invece:	invece	_	_	_	_	_	linguistic	_	none	_	_	5x1	_	_	_
144-4	BO140	144	144	4	c'	c'	_	_	_	_	_	linguistic	_	none	SpaceAfter=No	_	_	_	_	_
144-5	BO140	144	144	5	è	è	_	_	_	_	_	linguistic	_	none	_	_	_	_	_	_
144-6	BO140	144	144	6	stato	stato	_	_	_	_	_	linguistic	_	none	_	_	_	_	_	_
144-7	BO140	144	144	7	un	un	_	_	_	_	_	linguistic	_	none	_	_	_	_	_	_
144-8	BO140	144	144	8	periodo	periodo	_	_	_	_	_	linguistic	_	none	_	_	_	_	_	_
144-9	BO140	144	144	9	in	in	_	_	_	_	_	linguistic	_	none	_	_	_	_	_	_
144-10	BO140	144	144	10	cui::	cui	_	_	_	_	_	linguistic	_	none	_	_	2x2	_	_	_
144-11	BO140	144	144	11	hanno	hanno	_	_	_	_	_	linguistic	_	none	_	_	_	_	_	_
144-12	BO140	144	144	12	abitato	abitato	_	_	_	_	_	linguistic	_	none	_	_	_	_	_	_
144-13	BO140	144	144	13	anche:	anche	_	_	_	_	_	linguistic	_	none	_	_	4x1	_	_	_
144-14	BO140	144	144	14	degli	degli	_	_	_	_	_	linguistic	_	none	_	_	_	_	_	_
144-15	BO140	144	144	15	uomini,	uomini	_	_	_	_	_	linguistic	_	none	Intonation=WeaklyRising	End=558.18	_	_	_	_
145-0	BO140	145	145	0	ehm::::	ehm	_	_	_	_	_	linguistic	_	none	_	Begin=558.985	2x4	_	_	_
145-1	BO140	145	145	1	anche	anche	_	_	_	_	_	linguistic	_	none	_	_	_	_	_	_
145-2	BO140	145	145	2	perché	perché	_	_	_	_	_	linguistic	_	none	_	_	_	_	_	_
145-3	BO140	145	145	3	>cioè	cioè	_	_	_	_	_	linguistic	_	none	_	_	_	Fast=0-4(0)	_	_
145-4	BO140	145	145	4	cioè<	cioè	_	_	_	_	_	linguistic	_	none	_	_	_	Fast=0-4(0)	_	_
145-5	BO140	145	145	5	son	son	_	_	_	_	_	linguistic	_	none	_	_	_	_	_	_
145-6	BO140	145	145	6	tutte	tutte	_	_	_	_	_	linguistic	_	none	_	_	_	_	_	_
145-7	BO140	145	145	7	singole	singole	_	_	_	_	_	linguistic	_	none	_	_	_	_	_	_
145-8	BO140	145	145	8	quindi	quindi	_	_	_	_	_	linguistic	_	none	_	_	_	_	_	_
145-9	BO140	145	145	9	è	è	_	_	_	_	_	linguistic	_	none	_	_	_	_	_	_
145-10	BO140	145	145	10	più	più	_	_	_	_	_	linguistic	_	none	_	_	_	_	_	_
145-11	BO140	145	145	11	facile::	facile	_	_	_	_	_	linguistic	_	none	_	End=564.93	5x2	_	_	_
146-0	BO118	146	146	0	sì.	sì	_	_	_	_	_	linguistic	_	none	Intonation=Falling	Begin=564.931|End=565.153	_	_	_	_
147-0	BO140	147	147	0	eh	eh	_	_	_	_	_	linguistic	_	none	_	Begin=565.208	_	_	_	_
147-1	BO140	147	147	1	che	che	_	_	_	_	_	linguistic	_	none	_	_	_	_	_	_
147-2	BO140	147	147	2	ci	ci	_	_	_	_	_	linguistic	_	none	_	_	_	_	_	_
147-3	BO140	147	147	3	siano	siano	_	_	_	_	_	linguistic	_	none	_	_	_	_	_	_
147-4	BO140	147	147	4	anche	anche	_	_	_	_	_	linguistic	_	none	_	_	_	_	_	_
147-5	BO140	147	147	5	degli	degli	_	_	_	_	_	linguistic	_	none	_	_	_	_	_	_
147-6	BO140	147	147	6	uomini,	uomini	_	_	_	_	_	linguistic	_	none	Intonation=WeaklyRising	_	_	_	_	_
147-7	BO140	147	147	7	mentre	mentre	_	_	_	_	_	linguistic	_	none	_	_	_	_	_	_
147-8	BO140	147	147	8	nell'	nell'	_	_	_	_	_	linguistic	_	none	SpaceAfter=No	_	_	_	_	_
147-9	BO140	147	147	9	altra	altra	_	_	_	_	_	linguistic	_	none	_	_	_	_	_	_
147-10	BO140	147	147	10	comunque	comunque	_	_	_	_	_	linguistic	_	none	_	_	_	_	_	_
147-11	BO140	147	147	11	essendo	essendo	_	_	_	_	_	linguistic	_	none	_	_	_	_	_	_
147-12	BO140	147	147	12	in	in	_	_	_	_	_	linguistic	_	none	_	_	_	_	_	_
147-13	BO140	147	147	13	due	due	_	_	_	_	_	linguistic	_	none	_	_	_	_	_	_
147-14	BO140	147	147	14	doppie::,	doppie	_	_	_	_	_	linguistic	_	none	Intonation=WeaklyRising	End=569.21	5x2	_	_	_
148-0	BO140	148	148	0	e:	e	_	_	_	_	_	linguistic	_	none	_	Begin=570.2	0x1	_	_	_
148-1	BO140	148	148	1	eravamo	eravamo	_	_	_	_	_	linguistic	_	none	_	_	_	_	_	_
148-2	BO140	148	148	2	più	più	_	_	_	_	_	linguistic	_	none	_	_	_	_	_	_
148-3	BO140	148	148	3	contente	contente	_	_	_	_	_	linguistic	_	none	_	_	_	_	_	_
148-4	BO140	148	148	4	di	di	_	_	_	_	_	linguistic	_	none	_	_	_	_	_	_
148-5	BO140	148	148	5	dormire::	dormire	_	_	_	_	_	linguistic	_	none	_	_	6x2	_	_	_
148-6	BO140	148	148	6	tra	tra	_	_	_	_	_	linguistic	_	none	_	_	_	_	_	_
148-7	BO140	148	148	7	donne	donne	_	_	_	_	_	linguistic	_	none	_	_	_	_	_	_
148-8	BO140	148	148	8	che	che	_	_	_	_	_	linguistic	_	none	_	_	_	_	_	_
148-9	BO140	148	148	9	avere	avere	_	_	_	_	_	linguistic	_	none	_	_	_	_	_	_
148-10	BO140	148	148	10	un	un	_	_	_	_	_	linguistic	_	none	_	_	_	_	_	_
148-11	BO140	148	148	11	uomo	uomo	_	_	_	_	_	linguistic	_	none	_	_	_	_	_	_
148-12	BO140	148	148	12	in	in	_	_	_	_	_	linguistic	_	none	_	_	_	_	_	_
148-13	BO140	148	148	13	casa	casa	_	_	_	_	_	linguistic	_	none	_	_	_	_	_	_
148-14	BO140	148	148	14	anche	anche	_	_	_	_	_	linguistic	_	none	_	_	_	_	_	_
148-15	BO140	148	148	15	perché	perché	_	_	_	_	_	linguistic	_	none	_	_	_	_	_	_
148-16	BO140	148	148	16	magari	magari	_	_	_	_	_	linguistic	_	none	_	_	_	_	_	_
148-17	BO140	148	148	17	cioè	cioè	_	_	_	_	_	linguistic	_	none	_	_	_	_	_	_
148-18	BO140	148	148	18	nel	nel	_	_	_	_	_	linguistic	_	none	_	_	_	_	_	_
148-19	BO140	148	148	19	senso	senso	_	_	_	_	_	linguistic	_	none	_	_	_	_	_	_
148-20	BO140	148	148	20	si	si	_	_	_	_	_	linguistic	_	none	_	_	_	_	_	_
148-21	BO140	148	148	21	possono	possono	_	_	_	_	_	linguistic	_	none	_	_	_	_	_	_
148-22	BO140	148	148	22	creare	creare	_	_	_	_	_	linguistic	_	none	_	_	_	_	_	_
148-23	BO140	148	148	23	anche	anche	_	_	_	_	_	linguistic	_	none	_	_	_	_	_	_
148-24	BO140	148	148	24	diversi	diversi	_	_	_	_	_	linguistic	_	none	_	_	_	_	_	_
148-25	BO140	148	148	25	imbarazzi	imbarazzi	_	_	_	_	_	linguistic	_	none	_	End=579.39	_	_	_	_
149-0	BO118	149	149	0	si.	si	_	_	_	_	_	linguistic	_	none	Intonation=Falling	Begin=579.39|End=579.94	_	_	_	_
150-0	BO118	150	150	0	e::	e	_	_	_	_	_	linguistic	_	none	_	Begin=581.04	0x2	_	_	_
150-1	BO118	150	150	1	e	e	_	_	_	_	_	linguistic	_	none	_	_	_	_	_	_
150-2	BO118	150	150	2	rispetto	rispetto	_	_	_	_	_	linguistic	_	none	_	_	_	_	_	_
150-3	BO118	150	150	3	all'	all'	_	_	_	_	_	linguistic	_	none	SpaceAfter=No	_	_	_	_	_
150-4	BO118	150	150	4	altra	altra	_	_	_	_	_	linguistic	_	none	_	_	_	_	_	_
150-5	BO118	150	150	5	casa:?	casa	_	_	_	_	_	linguistic	_	none	Intonation=Rising	_	3x1	_	_	_
150-6	BO118	150	150	6	cioè	cioè	_	_	_	_	_	linguistic	_	none	_	_	_	_	_	_
150-7	BO118	150	150	7	quali	quali	_	_	_	_	_	linguistic	_	none	_	_	_	_	_	_
150-8	BO118	150	150	8	sono	sono	_	_	_	_	_	linguistic	_	none	_	_	_	_	_	_
150-9	BO118	150	150	9	le	le	_	_	_	_	_	linguistic	_	none	_	_	_	_	_	_
150-10	BO118	150	150	10	differenze	differenze	_	_	_	_	_	linguistic	_	none	_	_	_	_	_	_
150-11	BO118	150	150	11	tra	tra	_	_	_	_	_	linguistic	_	none	_	_	_	_	_	_
150-12	BO118	150	150	12	questa	questa	_	_	_	_	_	linguistic	_	none	_	_	_	_	_	_
150-13	BO118	150	150	13	casa	casa	_	_	_	_	_	linguistic	_	none	_	_	_	_	_	_
150-14	BO118	150	150	14	qui	qui	_	_	_	_	_	linguistic	_	none	_	_	_	_	_	_
150-15	BO118	150	150	15	e	e	_	_	_	_	_	linguistic	_	none	_	_	_	_	_	_
150-16	BO118	150	150	16	l'	l'	_	_	_	_	_	linguistic	_	none	SpaceAfter=No	_	_	_	_	_
150-17	BO118	150	150	17	altra	altra	_	_	_	_	_	linguistic	_	none	_	_	_	_	_	_
150-18	BO118	150	150	18	casa?	casa	_	_	_	_	_	linguistic	_	none	Intonation=Rising	End=585.74	_	_	_	_
151-0	BO140	151	151	0	e:::::	e	_	_	_	_	_	linguistic	_	none	_	Begin=586.5	0x5	_	_	_
151-1	BO140	151	151	1	xx	xx	_	_	_	_	_	unknown	_	none	Syllables=2	End=588.16	_	_	_	_
152-0	BO118	152	152	0	sia	sia	_	_	_	_	_	linguistic	_	none	_	Begin=588.16	_	_	_	_
152-1	BO118	152	152	1	internamente	internamente	_	_	_	_	_	linguistic	_	none	_	_	_	_	_	_
152-2	BO118	152	152	2	che	che	_	_	_	_	_	linguistic	_	none	_	_	_	_	_	_
152-3	BO118	152	152	3	come:	come	_	_	_	_	_	linguistic	_	none	_	_	3x1	_	_	_
152-4	BO118	152	152	4	zona.	zona	_	_	_	_	_	linguistic	_	none	Intonation=Falling	End=590.5	_	_	_	_
153-0	BO140	153	153	0	allora	allora	_	_	_	_	_	linguistic	_	none	_	Begin=590.53	_	_	_	_
153-1	BO140	153	153	1	e:	e	_	_	_	_	_	linguistic	_	none	_	_	0x1	_	_	_
153-2	BO140	153	153	2	come	come	_	_	_	_	_	linguistic	_	none	_	_	_	_	_	_
153-3	BO140	153	153	3	zona::	zona	_	_	_	_	_	linguistic	_	none	_	_	3x2	_	_	_
153-4	BO140	153	153	4	ho	ho	_	_	_	_	_	linguistic	_	none	_	_	_	_	_	_
153-5	BO140	153	153	5	sempre	sempre	_	_	_	_	_	linguistic	_	none	_	_	_	_	_	_
153-6	BO140	153	153	6	amato	amato	_	_	_	_	_	linguistic	_	none	_	_	_	_	_	_
153-7	BO140	153	153	7	il	il	_	_	_	_	_	linguistic	_	none	_	_	_	_	_	_
153-8	BO140	153	153	8	centro	centro	_	_	_	_	_	linguistic	_	none	_	_	_	_	_	_
153-9	BO140	153	153	9	di	di	_	_	_	_	_	linguistic	_	none	_	_	_	_	_	_
153-10	BO140	153	153	10	bologna	bologna	_	_	_	_	_	linguistic	_	none	_	_	_	_	_	_
153-11	BO140	153	153	11	quindi:	quindi	_	_	_	_	_	linguistic	_	none	_	_	5x1	_	_	_
153-12	BO140	153	153	12	fosse	fosse	_	_	_	_	_	linguistic	_	none	_	_	_	_	_	_
153-13	BO140	153	153	13	per	per	_	_	_	_	_	linguistic	_	none	_	_	_	_	_	_
153-14	BO140	153	153	14	me	me	_	_	_	_	_	linguistic	_	none	_	_	_	_	_	_
153-15	BO140	153	153	15	in	in	_	_	_	_	_	linguistic	_	none	_	_	_	_	_	_
153-16	BO140	153	153	16	questo	questo	_	_	_	_	_	linguistic	_	none	_	_	_	_	_	_
153-17	BO140	153	153	17	momento	momento	_	_	_	_	_	linguistic	_	none	_	_	_	_	_	_
153-18	BO140	153	153	18	mi	mi	_	_	_	_	_	linguistic	_	none	_	_	_	_	_	_
153-19	BO140	153	153	19	ritrasferirei	ritrasferirei	_	_	_	_	_	linguistic	_	none	_	_	_	_	_	_
153-20	BO140	153	153	20	in	in	_	_	_	_	_	linguistic	_	none	_	_	_	_	_	_
153-21	BO140	153	153	21	centro	centro	_	_	_	_	_	linguistic	_	none	_	End=598.83	_	_	_	_
154-0	BO140	154	154	0	perché:	perché	_	_	_	_	_	linguistic	_	none	_	Begin=599.69	5x1	_	_	_
154-1	BO140	154	154	1	questa	questa	_	_	_	_	_	linguistic	_	none	_	_	_	_	_	_
154-2	BO140	154	154	2	casa	casa	_	_	_	_	_	linguistic	_	none	_	_	_	_	_	_
154-3	BO140	154	154	3	comunque	comunque	_	_	_	_	_	linguistic	_	none	_	_	_	_	_	_
154-4	BO140	154	154	4	essendo	essendo	_	_	_	_	_	linguistic	_	none	_	_	_	_	_	_
154-5	BO140	154	154	5	zona	zona	_	_	_	_	_	linguistic	_	none	_	_	_	_	_	_
154-6	BO140	154	154	6	@nomeluogo	@nomeluogo	_	_	_	_	_	anonymized	_	none	_	_	_	_	_	_
154-7	BO140	154	154	7	e::	e	_	_	_	_	_	linguistic	_	none	_	_	0x2	_	_	_
154-8	BO140	154	154	8	pe:r	per	_	_	_	_	_	linguistic	_	none	_	_	1x1	_	_	_
154-9	BO140	154	154	9	andare	andare	_	_	_	_	_	linguistic	_	none	_	_	_	_	_	_
154-10	BO140	154	154	10	in	in	_	_	_	_	_	linguistic	_	none	_	_	_	_	_	_
154-11	BO140	154	154	11	centro:	centro	_	_	_	_	_	linguistic	_	none	_	_	5x1	_	_	_
154-12	BO140	154	154	12	ti	ti	_	_	_	_	_	linguistic	_	none	_	_	_	_	_	_
154-13	BO140	154	154	13	muovi	muovi	_	_	_	_	_	linguistic	_	none	_	_	_	_	_	_
154-14	BO140	154	154	14	generalmen~	generalmen~	_	_	_	_	_	linguistic	_	none	Interrupted=Yes	_	_	_	_	_
154-15	BO140	154	154	15	cioè	cioè	_	_	_	_	_	linguistic	_	none	_	_	_	_	_	_
154-16	BO140	154	154	16	ti	ti	_	_	_	_	_	linguistic	_	none	_	_	_	_	_	_
154-17	BO140	154	154	17	devi	devi	_	_	_	_	_	linguistic	_	none	_	_	_	_	_	_
154-18	BO140	154	154	18	muovere	muovere	_	_	_	_	_	linguistic	_	none	_	_	_	_	_	_
154-19	BO140	154	154	19	comunque	comunque	_	_	_	_	_	linguistic	_	none	_	_	_	_	_	_
154-20	BO140	154	154	20	o	o	_	_	_	_	_	linguistic	_	none	_	_	_	_	_	_
154-21	BO140	154	154	21	con	con	_	_	_	_	_	linguistic	_	none	_	_	_	_	_	_
154-22	BO140	154	154	22	dei	dei	_	_	_	_	_	linguistic	_	none	_	_	_	_	_	_
154-23	BO140	154	154	23	mezzi,	mezzi	_	_	_	_	_	linguistic	_	none	Intonation=WeaklyRising	_	_	_	_	_
154-24	BO140	154	154	24	o	o	_	_	_	_	_	linguistic	_	none	_	_	_	_	_	_
154-25	BO140	154	154	25	a	a	_	_	_	_	_	linguistic	_	none	_	_	_	_	_	_
154-26	BO140	154	154	26	piedi,	piedi	_	_	_	_	_	linguistic	_	none	Intonation=WeaklyRising	_	_	_	_	_
154-27	BO140	154	154	27	o	o	_	_	_	_	_	linguistic	_	none	_	_	_	_	_	_
154-28	BO140	154	154	28	in	in	_	_	_	_	_	linguistic	_	none	_	_	_	_	_	_
154-29	BO140	154	154	29	bicicletta	bicicletta	_	_	_	_	_	linguistic	_	none	_	_	_	_	_	_
154-30	BO140	154	154	30	ma	ma	_	_	_	_	_	linguistic	_	none	_	_	_	_	_	_
154-31	BO140	154	154	31	comunque	comunque	_	_	_	_	_	linguistic	_	none	_	_	_	_	_	_
154-32	BO140	154	154	32	i	i	_	_	_	_	_	linguistic	_	none	_	_	_	_	_	_
154-33	BO140	154	154	33	tempi	tempi	_	_	_	_	_	linguistic	_	none	_	_	_	_	_	_
154-34	BO140	154	154	34	sono	sono	_	_	_	_	_	linguistic	_	none	_	_	_	_	_	_
154-35	BO140	154	154	35	sempre	sempre	_	_	_	_	_	linguistic	_	none	_	_	_	_	_	_
154-36	BO140	154	154	36	più	più	_	_	_	_	_	linguistic	_	none	_	_	_	_	_	_
154-37	BO140	154	154	37	prolungati.	prolungati	_	_	_	_	_	linguistic	_	none	Intonation=Falling	End=613.86	_	_	_	_
155-0	BO140	155	155	0	e:::	e	_	_	_	_	_	linguistic	_	none	_	Begin=614.61	0x3	_	_	_
155-1	BO140	155	155	1	quindi	quindi	_	_	_	_	_	linguistic	_	none	_	_	_	_	_	_
155-2	BO140	155	155	2	capita	capita	_	_	_	_	_	linguistic	_	none	_	_	_	_	_	_
155-3	BO140	155	155	3	spesso	spesso	_	_	_	_	_	linguistic	_	none	_	_	_	_	_	_
155-4	BO140	155	155	4	che	che	_	_	_	_	_	linguistic	_	none	_	_	_	_	_	_
155-5	BO140	155	155	5	se	se	_	_	_	_	_	linguistic	_	none	_	_	_	_	_	_
155-6	BO140	155	155	6	se:i::	sei	_	_	_	_	_	linguistic	_	none	_	_	1x1,2x2	_	_	_
155-7	BO140	155	155	7	mh	mh	_	_	_	_	_	linguistic	_	none	_	_	_	_	_	_
155-8	BO140	155	155	8	indaffarato	indaffarato	_	_	_	_	_	linguistic	_	none	_	_	_	_	_	_
155-9	BO140	155	155	9	o:	o	_	_	_	_	_	linguistic	_	none	_	_	0x1	_	_	_
155-10	BO140	155	155	10	non	non	_	_	_	_	_	linguistic	_	none	_	_	_	_	_	_
155-11	BO140	155	155	11	hai	hai	_	_	_	_	_	linguistic	_	none	_	_	_	_	_	_
155-12	BO140	155	155	12	tempo	tempo	_	_	_	_	_	linguistic	_	none	_	_	_	_	_	_
155-13	BO140	155	155	13	di:	di	_	_	_	_	_	linguistic	_	none	_	_	1x1	_	_	_
155-14	BO140	155	155	14	di	di	_	_	_	_	_	linguistic	_	none	_	_	_	_	_	_
155-15	BO140	155	155	15	andare	andare	_	_	_	_	_	linguistic	_	none	_	_	_	_	_	_
155-16	BO140	155	155	16	in	in	_	_	_	_	_	linguistic	_	none	_	_	_	_	_	_
155-17	BO140	155	155	17	centro:	centro	_	_	_	_	_	linguistic	_	none	_	_	5x1	_	_	_
155-18	BO140	155	155	18	non	non	_	_	_	_	_	linguistic	_	none	_	_	_	_	_	_
155-19	BO140	155	155	19	hai	hai	_	_	_	_	_	linguistic	_	none	_	_	_	_	_	_
155-20	BO140	155	155	20	un	un	_	_	_	_	_	linguistic	_	none	_	_	_	_	_	_
155-21	BO140	155	155	21	pomeriggio	pomeriggio	_	_	_	_	_	linguistic	_	none	_	_	_	_	_	_
155-22	BO140	155	155	22	libero:	libero	_	_	_	_	_	linguistic	_	none	_	_	5x1	_	_	_
155-23	BO140	155	155	23	non	non	_	_	_	_	_	linguistic	_	none	_	_	_	_	_	_
155-24	BO140	155	155	24	ci	ci	_	_	_	_	_	linguistic	_	none	_	_	_	_	_	_
155-25	BO140	155	155	25	passi	passi	_	_	_	_	_	linguistic	_	none	_	_	_	_	_	_
155-26	BO140	155	155	26	ma:i,	mai	_	_	_	_	_	linguistic	_	none	Intonation=WeaklyRising	End=625.86	1x1	_	_	_
156-0	BO140	156	156	0	mentre	mentre	_	_	_	_	_	linguistic	_	none	_	Begin=626.22	_	_	_	_
156-1	BO140	156	156	1	prima	prima	_	_	_	_	_	linguistic	_	none	_	_	_	_	_	_
156-2	BO140	156	156	2	comunque	comunque	_	_	_	_	_	linguistic	_	none	_	_	_	_	_	_
156-3	BO140	156	156	3	studiando	studiando	_	_	_	_	_	linguistic	_	none	_	_	_	_	_	_
156-4	BO140	156	156	4	ingegneri:a	ingegneria	_	_	_	_	_	linguistic	_	none	_	_	8x1	_	_	_
156-5	BO140	156	156	5	io:,	io	_	_	_	_	_	linguistic	_	none	Intonation=WeaklyRising	End=629.29	1x1	_	_	_
157-0	BO140	157	157	0	ogni	ogni	_	_	_	_	_	linguistic	_	none	_	Begin=629.58	_	_	_	_
157-1	BO140	157	157	1	volta	volta	_	_	_	_	_	linguistic	_	none	_	_	_	_	_	_
157-2	BO140	157	157	2	che	che	_	_	_	_	_	linguistic	_	none	_	_	_	_	_	_
157-3	BO140	157	157	3	tornavo	tornavo	_	_	_	_	_	linguistic	_	none	_	_	_	_	_	_
157-4	BO140	157	157	4	a	a	_	_	_	_	_	linguistic	_	none	_	_	_	_	_	_
157-5	BO140	157	157	5	casa	casa	_	_	_	_	_	linguistic	_	none	_	_	_	_	_	_
157-6	BO140	157	157	6	mi::	mi	_	_	_	_	_	linguistic	_	none	_	_	1x2	_	_	_
157-7	BO140	157	157	7	mi:	mi	_	_	_	_	_	linguistic	_	none	_	_	1x1	_	_	_
157-8	BO140	157	157	8	cioè	cioè	_	_	_	_	_	linguistic	_	none	_	_	_	_	_	_
157-9	BO140	157	157	9	passavo	passavo	_	_	_	_	_	linguistic	_	none	_	_	_	_	_	_
157-10	BO140	157	157	10	per	per	_	_	_	_	_	linguistic	_	none	_	_	_	_	_	_
157-11	BO140	157	157	11	il	il	_	_	_	_	_	linguistic	_	none	_	_	_	_	_	_
157-12	BO140	157	157	12	centro::	centro	_	_	_	_	_	linguistic	_	none	_	_	5x2	_	_	_
157-13	BO140	157	157	13	e::	e	_	_	_	_	_	linguistic	_	none	_	_	0x2	_	_	_
157-14	BO140	157	157	14	e	e	_	_	_	_	_	linguistic	_	none	_	_	_	_	_	_
157-15	BO140	157	157	15	il	il	_	_	_	_	_	linguistic	_	none	_	_	_	_	_	_
157-16	BO140	157	157	16	sol	sol	_	_	_	_	_	linguistic	_	none	_	_	_	_	_	_
157-17	BO140	157	157	17	fatto	fatto	_	_	_	_	_	linguistic	_	none	_	_	_	_	_	_
157-18	BO140	157	157	18	di	di	_	_	_	_	_	linguistic	_	none	_	_	_	_	_	_
157-19	BO140	157	157	19	vede:re	vedere	_	_	_	_	_	linguistic	_	none	_	_	3x1	_	_	_
157-20	BO140	157	157	20	il	il	_	_	_	_	_	linguistic	_	none	_	_	_	_	_	_
157-21	BO140	157	157	21	centro	centro	_	_	_	_	_	linguistic	_	none	_	_	_	_	_	_
157-22	BO140	157	157	22	anche	anche	_	_	_	_	_	linguistic	_	none	_	_	_	_	_	_
157-23	BO140	157	157	23	dieci	dieci	_	_	_	_	_	linguistic	_	none	_	_	_	_	_	_
157-24	BO140	157	157	24	minuti	minuti	_	_	_	_	_	linguistic	_	none	_	_	_	_	_	_
157-25	BO140	157	157	25	al	al	_	_	_	_	_	linguistic	_	none	_	_	_	_	_	_
157-26	BO140	157	157	26	giorno	giorno	_	_	_	_	_	linguistic	_	none	_	_	_	_	_	_
157-27	BO140	157	157	27	comunque	comunque	_	_	_	_	_	linguistic	_	none	_	_	_	_	_	_
157-28	BO140	157	157	28	mi	mi	_	_	_	_	_	linguistic	_	none	_	_	_	_	_	_
157-29	BO140	157	157	29	metteva	metteva	_	_	_	_	_	linguistic	_	none	_	_	_	_	_	_
157-30	BO140	157	157	30	di	di	_	_	_	_	_	linguistic	_	none	_	_	_	_	_	_
157-31	BO140	157	157	31	buonumore	buonumore	_	_	_	_	_	linguistic	_	none	_	End=640.29	_	_	_	_
158-0	BO140	158	158	0	e:::	e	_	_	_	_	_	linguistic	_	none	_	Begin=641.41	0x3	_	_	_
158-1	BO140	158	158	1	la	la	_	_	_	_	_	linguistic	_	none	_	_	_	_	_	_
158-2	BO140	158	158	2	differenza	differenza	_	_	_	_	_	linguistic	_	none	_	_	_	_	_	_
158-3	BO140	158	158	3	principale	principale	_	_	_	_	_	linguistic	_	none	_	_	_	_	_	_
158-4	BO140	158	158	4	con	con	_	_	_	_	_	linguistic	_	none	_	_	_	_	_	_
158-5	BO140	158	158	5	l'	l'	_	_	_	_	_	linguistic	_	none	SpaceAfter=No	_	_	_	_	_
158-6	BO140	158	158	6	altra	altra	_	_	_	_	_	linguistic	_	none	_	_	_	_	_	_
158-7	BO140	158	158	7	casa::	casa	_	_	_	_	_	linguistic	_	none	_	_	3x2	_	_	_
158-8	BO140	158	158	8	è	è	_	_	_	_	_	linguistic	_	none	_	_	_	_	_	_
158-9	BO140	158	158	9	che::,	che	_	_	_	_	_	linguistic	_	none	Intonation=WeaklyRising	End=646.42	2x2	_	_	_
159-0	BO140	159	159	0	questa	questa	_	_	_	_	_	linguistic	_	none	_	Begin=647.06	_	_	_	_
159-1	BO140	159	159	1	è	è	_	_	_	_	_	linguistic	_	none	_	_	_	_	_	_
159-2	BO140	159	159	2	molto	molto	_	_	_	_	_	linguistic	_	none	_	_	_	_	_	_
159-3	BO140	159	159	3	più	più	_	_	_	_	_	linguistic	_	none	_	_	_	_	_	_
159-4	BO140	159	159	4	grande:	grande	_	_	_	_	_	linguistic	_	none	_	_	5x1	_	_	_
159-5	BO140	159	159	5	e	e	_	_	_	_	_	linguistic	_	none	_	_	_	_	_	_
159-6	BO140	159	159	6	ci	ci	_	_	_	_	_	linguistic	_	none	_	_	_	_	_	_
159-7	BO140	159	159	7	son	son	_	_	_	_	_	linguistic	_	none	_	_	_	_	_	_
159-8	BO140	159	159	8	molte	molte	_	_	_	_	_	linguistic	_	none	_	_	_	_	_	_
159-9	BO140	159	159	9	più	più	_	_	_	_	_	linguistic	_	none	_	_	_	_	_	_
159-10	BO140	159	159	10	stanze	stanze	_	_	_	_	_	linguistic	_	none	_	_	_	_	_	_
159-11	BO140	159	159	11	quindi	quindi	_	_	_	_	_	linguistic	_	none	_	_	_	_	_	_
159-12	BO140	159	159	12	ognuno	ognuno	_	_	_	_	_	linguistic	_	none	_	_	_	_	_	_
159-13	BO140	159	159	13	in	in	_	_	_	_	_	linguistic	_	none	_	_	_	_	_	_
159-14	BO140	159	159	14	realtà	realtà	_	_	_	_	_	linguistic	_	none	_	_	_	_	_	_
159-15	BO140	159	159	15	ha	ha	_	_	_	_	_	linguistic	_	none	_	_	_	_	_	_
159-16	BO140	159	159	16	un	un	_	_	_	_	_	linguistic	_	none	_	_	_	_	_	_
159-17	BO140	159	159	17	proprio	proprio	_	_	_	_	_	linguistic	_	none	_	_	_	_	_	_
159-18	BO140	159	159	18	spazio:	spazio	_	_	_	_	_	linguistic	_	none	_	_	5x1	_	_	_
159-19	BO140	159	159	19	più	più	_	_	_	_	_	linguistic	_	none	_	_	_	_	_	_
159-20	BO140	159	159	20	intimo,	intimo	_	_	_	_	_	linguistic	_	none	Intonation=WeaklyRising	End=653.68	_	_	_	_
160-0	BO140	160	160	0	e:::	e	_	_	_	_	_	linguistic	_	none	_	Begin=654.37	0x3	_	_	_
160-1	BO140	160	160	1	che	che	_	_	_	_	_	linguistic	_	none	_	_	_	_	_	_
160-2	BO140	160	160	2	mh:	mh	_	_	_	_	_	linguistic	_	none	_	_	1x1	_	_	_
160-3	BO140	160	160	3	comunque	comunque	_	_	_	_	_	linguistic	_	none	_	_	_	_	_	_
160-4	BO140	160	160	4	io	io	_	_	_	_	_	linguistic	_	none	_	_	_	_	_	_
160-5	BO140	160	160	5	apprezzo	apprezzo	_	_	_	_	_	linguistic	_	none	_	_	_	_	_	_
160-6	BO140	160	160	6	tanto::,	tanto	_	_	_	_	_	linguistic	_	none	Intonation=WeaklyRising	End=658.9	4x2	_	_	_
161-0	BO140	161	161	0	mh	mh	_	_	_	_	_	linguistic	_	none	_	Begin=659.885	_	_	_	_
161-1	BO140	161	161	1	diciamo	diciamo	_	_	_	_	_	linguistic	_	none	_	_	_	_	_	_
161-2	BO140	161	161	2	che	che	_	_	_	_	_	linguistic	_	none	_	_	_	_	_	_
161-3	BO140	161	161	3	dell'	dell'	_	_	_	_	_	linguistic	_	none	SpaceAfter=No	_	_	_	_	_
161-4	BO140	161	161	4	altra	altra	_	_	_	_	_	linguistic	_	none	_	_	_	_	_	_
161-5	BO140	161	161	5	preferivo	preferivo	_	_	_	_	_	linguistic	_	none	_	_	_	_	_	_
161-6	BO140	161	161	6	il	il	_	_	_	_	_	linguistic	_	none	_	_	_	_	_	_
161-7	BO140	161	161	7	fatto	fatto	_	_	_	_	_	linguistic	_	none	_	_	_	_	_	_
161-8	BO140	161	161	8	che	che	_	_	_	_	_	linguistic	_	none	_	_	_	_	_	_
161-9	BO140	161	161	9	fosse	fosse	_	_	_	_	_	linguistic	_	none	_	_	_	_	_	_
161-10	BO140	161	161	10	in	in	_	_	_	_	_	linguistic	_	none	_	_	_	_	_	_
161-11	BO140	161	161	11	ce:ntro	centro	_	_	_	_	_	linguistic	_	none	_	_	1x1	_	_	_
161-12	BO140	161	161	12	rispetto	rispetto	_	_	_	_	_	linguistic	_	none	_	_	_	_	_	_
161-13	BO140	161	161	13	a	a	_	_	_	_	_	linguistic	_	none	_	_	_	_	_	_
161-14	BO140	161	161	14	questa.	questa	_	_	_	_	_	linguistic	_	none	Intonation=Falling	End=664.07	_	_	_	_
162-0	BO140	162	162	0	questa	questa	_	_	_	_	_	linguistic	_	none	_	Begin=665.24	_	_	_	_
162-1	BO140	162	162	1	è	è	_	_	_	_	_	linguistic	_	none	_	_	_	_	_	_
162-2	BO140	162	162	2	molto	molto	_	_	_	_	_	linguistic	_	none	_	_	_	_	_	_
162-3	BO140	162	162	3	più	più	_	_	_	_	_	linguistic	_	none	_	_	_	_	_	_
162-4	BO140	162	162	4	vecchia	vecchia	_	_	_	_	_	linguistic	_	none	_	_	_	_	_	_
162-5	BO140	162	162	5	come	come	_	_	_	_	_	linguistic	_	none	_	_	_	_	_	_
162-6	BO140	162	162	6	ca:sa:,	casa	_	_	_	_	_	linguistic	_	none	Intonation=WeaklyRising	_	1x1,3x1	_	_	_
162-7	BO140	162	162	7	non	non	_	_	_	_	_	linguistic	_	none	_	_	_	_	_	_
162-8	BO140	162	162	8	è	è	_	_	_	_	_	linguistic	_	none	_	_	_	_	_	_
162-9	BO140	162	162	9	stata	stata	_	_	_	_	_	linguistic	_	none	_	_	_	_	_	_
162-10	BO140	162	162	10	ristrutturata	ristrutturata	_	_	_	_	_	linguistic	_	none	_	_	_	_	_	_
162-11	BO140	162	162	11	ma:i,	mai	_	_	_	_	_	linguistic	_	none	Intonation=WeaklyRising	_	1x1	_	_	_
162-12	BO140	162	162	12	quindi:	quindi	_	_	_	_	_	linguistic	_	none	_	End=669.85	5x1	_	_	_
163-0	BO140	163	163	0	ehm:	ehm	_	_	_	_	_	linguistic	_	none	_	Begin=670.32	2x1	_	_	_
163-1	BO140	163	163	1	a	a	_	_	_	_	_	linguistic	_	none	_	_	_	_	_	_
163-2	BO140	163	163	2	livello	livello	_	_	_	_	_	linguistic	_	none	_	_	_	_	_	_
163-3	BO140	163	163	3	estetico	estetico	_	_	_	_	_	linguistic	_	none	_	_	_	_	_	_
163-4	BO140	163	163	4	l'	l'	_	_	_	_	_	linguistic	_	none	SpaceAfter=No	_	_	_	_	_
163-5	BO140	163	163	5	altra	altra	_	_	_	_	_	linguistic	_	none	_	_	_	_	_	_
163-6	BO140	163	163	6	è	è	_	_	_	_	_	linguistic	_	none	_	_	_	_	_	_
163-7	BO140	163	163	7	più	più	_	_	_	_	_	linguistic	_	none	_	_	_	_	_	_
163-8	BO140	163	163	8	bella	bella	_	_	_	_	_	linguistic	_	none	_	_	_	_	_	_
163-9	BO140	163	163	9	ma:	ma	_	_	_	_	_	linguistic	_	none	_	_	1x1	_	_	_
163-10	BO140	163	163	10	mh:	mh	_	_	_	_	_	linguistic	_	none	_	End=673.33	1x1	_	_	_
164-0	BO140	164	164	0	però	però	_	_	_	_	_	linguistic	_	none	_	Begin=674.03	_	_	_	_
164-1	BO140	164	164	1	anche	anche	_	_	_	_	_	linguistic	_	none	_	_	_	_	_	_
164-2	BO140	164	164	2	in	in	_	_	_	_	_	linguistic	_	none	_	_	_	_	_	_
164-3	BO140	164	164	3	questa	questa	_	_	_	_	_	linguistic	_	none	_	_	_	_	_	_
164-4	BO140	164	164	4	sto	sto	_	_	_	_	_	linguistic	_	none	_	_	_	_	_	_
164-5	BO140	164	164	5	bene	bene	_	_	_	_	_	linguistic	_	none	_	_	_	_	_	_
164-6	BO140	164	164	6	ovviamente.	ovviamente	_	_	_	_	_	linguistic	_	none	Intonation=Falling	End=675.62	_	_	_	_
165-0	BO118	165	165	0	mh	mh	_	_	_	_	_	linguistic	_	none	_	Begin=675.62	_	_	_	_
165-1	BO118	165	165	1	mh	mh	_	_	_	_	_	linguistic	_	none	_	End=676.15	_	_	_	_
166-0	BO118	166	166	0	sì	sì	_	_	_	_	_	linguistic	_	none	_	Begin=676.54	_	_	_	_
166-1	BO118	166	166	1	anche	anche	_	_	_	_	_	linguistic	_	none	_	_	_	_	_	_
166-2	BO118	166	166	2	a	a	_	_	_	_	_	linguistic	_	none	_	_	_	_	_	_
166-3	BO118	166	166	3	me::,	me	_	_	_	_	_	linguistic	_	none	Intonation=WeaklyRising	End=677.54	1x2	_	_	_
167-0	BO118	167	167	0	io	io	_	_	_	_	_	linguistic	_	none	_	Begin=677.98	_	_	_	_
167-1	BO118	167	167	1	ehm	ehm	_	_	_	_	_	linguistic	_	none	_	_	_	_	_	_
167-2	BO118	167	167	2	questo	questo	_	_	_	_	_	linguistic	_	none	_	_	_	_	_	_
167-3	BO118	167	167	3	è	è	_	_	_	_	_	linguistic	_	none	_	_	_	_	_	_
167-4	BO118	167	167	4	il	il	_	_	_	_	_	linguistic	_	none	_	_	_	_	_	_
167-5	BO118	167	167	5	primo	primo	_	_	_	_	_	linguistic	_	none	_	_	_	_	_	_
167-6	BO118	167	167	6	anno	anno	_	_	_	_	_	linguistic	_	none	_	_	_	_	_	_
167-7	BO118	167	167	7	che	che	_	_	_	_	_	linguistic	_	none	_	_	_	_	_	_
167-8	BO118	167	167	8	sto	sto	_	_	_	_	_	linguistic	_	none	_	_	_	_	_	_
167-9	BO118	167	167	9	in	in	_	_	_	_	_	linguistic	_	none	_	_	_	_	_	_
167-10	BO118	167	167	10	singola,	singola	_	_	_	_	_	linguistic	_	none	Intonation=WeaklyRising	End=680.04	_	_	_	_
168-0	BO118	168	168	0	e::	e	_	_	_	_	_	linguistic	_	none	_	Begin=680.675	0x2	_	_	_
168-1	BO118	168	168	1	anche	anche	_	_	_	_	_	linguistic	_	none	_	_	_	_	_	_
168-2	BO118	168	168	2	a	a	_	_	_	_	_	linguistic	_	none	_	_	_	_	_	_
168-3	BO118	168	168	3	me	me	_	_	_	_	_	linguistic	_	none	_	_	_	_	_	_
168-4	BO118	168	168	4	m'	m'	_	_	_	_	_	linguistic	_	none	SpaceAfter=No	_	_	_	_	_
168-5	BO118	168	168	5	(ha	ha	_	_	_	_	_	linguistic	_	none	_	_	_	_	_	_
168-6	BO118	168	168	6	fatto	fatto	_	_	_	_	_	linguistic	_	none	_	_	_	_	_	_
168-7	BO118	168	168	7	un	un	_	_	_	_	_	linguistic	_	none	_	_	_	_	_	_
168-8	BO118	168	168	8	sacco	sacco	_	_	_	_	_	linguistic	_	none	_	_	_	_	_	_
168-9	BO118	168	168	9	la	la	_	_	_	_	_	linguistic	_	none	_	_	_	_	_	_
168-10	BO118	168	168	10	differenza:.	differenza	_	_	_	_	_	linguistic	_	none	Intonation=Falling	End=682.94	9x1	_	_	_
169-0	BO118	169	169	0	cioè	cioè	_	_	_	_	_	linguistic	_	none	_	Begin=683.3	_	_	_	_
169-1	BO118	169	169	1	ho	ho	_	_	_	_	_	linguistic	_	none	_	_	_	_	_	_
169-2	BO118	169	169	2	sentito	sentito	_	_	_	_	_	linguistic	_	none	_	_	_	_	_	_
169-3	BO118	169	169	3	un	un	_	_	_	_	_	linguistic	_	none	_	_	_	_	_	_
169-4	BO118	169	169	4	sacco	sacco	_	_	_	_	_	linguistic	_	none	_	_	_	_	_	_
169-5	BO118	169	169	5	la	la	_	_	_	_	_	linguistic	_	none	_	_	_	_	_	_
169-6	BO118	169	169	6	differenza	differenza	_	_	_	_	_	linguistic	_	none	_	_	_	_	_	_
169-7	BO118	169	169	7	a:nzi	anzi	_	_	_	_	_	linguistic	_	none	_	_	0x1	_	_	_
169-8	BO118	169	169	8	i	i	_	_	_	_	_	linguistic	_	none	_	_	_	_	_	_
169-9	BO118	169	169	9	primi	primi	_	_	_	_	_	linguistic	_	none	_	_	_	_	_	_
169-10	BO118	169	169	10	giorni:,	giorni	_	_	_	_	_	linguistic	_	none	Intonation=WeaklyRising	End=686.01	5x1	_	_	_
170-0	BO118	170	170	0	era	era	_	_	_	_	_	linguistic	_	none	_	Begin=686.78	_	_	_	_
170-1	BO118	170	170	1	stra:no::	strano	_	_	_	_	_	linguistic	_	none	_	_	3x1,5x2	_	_	_
170-2	BO118	170	170	2	che	che	_	_	_	_	_	linguistic	_	none	_	_	_	_	_	_
170-3	BO118	170	170	3	non	non	_	_	_	_	_	linguistic	_	none	_	_	_	_	_	_
170-4	BO118	170	170	4	avessi	avessi	_	_	_	_	_	linguistic	_	none	_	_	_	_	_	_
170-5	BO118	170	170	5	nessu:no	nessuno	_	_	_	_	_	linguistic	_	none	_	_	4x1	_	_	_
170-6	BO118	170	170	6	con	con	_	_	_	_	_	linguistic	_	none	_	_	_	_	_	_
170-7	BO118	170	170	7	cui	cui	_	_	_	_	_	linguistic	_	none	_	_	_	_	_	_
170-8	BO118	170	170	8	parla'	parla'	_	_	_	_	_	linguistic	_	none	Truncated=Yes	_	_	_	_	_
170-9	BO118	170	170	9	prima	prima	_	_	_	_	_	linguistic	_	none	_	_	_	_	_	_
170-10	BO118	170	170	10	di	di	_	_	_	_	_	linguistic	_	none	_	_	_	_	_	_
170-11	BO118	170	170	11	(addormentamme)	addormentamme	_	_	_	_	_	linguistic	_	none	_	_	_	_	0-13(0)	_
170-12	BO118	170	170	12	cioè	cioè	_	_	_	_	_	linguistic	_	none	_	_	_	_	_	_
170-13	BO118	170	170	13	proprio	proprio	_	_	_	_	_	linguistic	_	none	_	_	_	_	_	_
170-14	BO118	170	170	14	mi	mi	_	_	_	_	_	linguistic	_	none	_	_	_	_	_	_
170-15	BO118	170	170	15	faceva	faceva	_	_	_	_	_	linguistic	_	none	_	_	_	_	_	_
170-16	BO118	170	170	16	un	un	_	_	_	_	_	linguistic	_	none	_	_	_	_	_	_
170-17	BO118	170	170	17	sacco	sacco	_	_	_	_	_	linguistic	_	none	_	_	_	_	_	_
170-18	BO118	170	170	18	strano.	strano	_	_	_	_	_	linguistic	_	none	Intonation=Falling	End=692.22	_	_	_	_
171-0	BO118	171	171	0	adesso	adesso	_	_	_	_	_	linguistic	_	none	_	Begin=692.33	_	_	_	_
171-1	BO118	171	171	1	lo	lo	_	_	_	_	_	linguistic	_	none	_	_	_	_	_	_
171-2	BO118	171	171	2	apprezzo	apprezzo	_	_	_	_	_	linguistic	_	none	_	_	_	_	_	_
171-3	BO118	171	171	3	molto	molto	_	_	_	_	_	linguistic	_	none	_	_	_	_	_	_
171-4	BO118	171	171	4	sta	sta	_	_	_	_	_	linguistic	_	none	_	_	_	_	_	_
171-5	BO118	171	171	5	cosa	cosa	_	_	_	_	_	linguistic	_	none	_	End=694.1	_	_	_	_
172-0	BO140	172	172	0	sì:	sì	_	_	_	_	_	linguistic	_	none	_	Begin=694.115	1x1	_	_	_
172-1	BO140	172	172	1	è	è	_	_	_	_	_	linguistic	_	none	_	_	_	_	_	_
172-2	BO140	172	172	2	che	che	_	_	_	_	_	linguistic	_	none	_	_	_	_	_	_
172-3	BO140	172	172	3	in	in	_	_	_	_	_	linguistic	_	none	_	_	_	_	_	_
172-4	BO140	172	172	4	realtà	realtà	_	_	_	_	_	linguistic	_	none	_	_	_	_	_	_
172-5	BO140	172	172	5	secondo	secondo	_	_	_	_	_	linguistic	_	none	_	_	_	_	_	_
172-6	BO140	172	172	6	me	me	_	_	_	_	_	linguistic	_	none	_	_	_	_	_	_
172-7	BO140	172	172	7	è	è	_	_	_	_	_	linguistic	_	none	_	_	_	_	_	_
172-8	BO140	172	172	8	una	una	_	_	_	_	_	linguistic	_	none	_	_	_	_	_	_
172-9	BO140	172	172	9	cosa	cosa	_	_	_	_	_	linguistic	_	none	_	_	_	_	_	_
172-10	BO140	172	172	10	che	che	_	_	_	_	_	linguistic	_	none	_	_	_	_	_	_
172-11	BO140	172	172	11	si	si	_	_	_	_	_	linguistic	_	none	_	_	_	_	_	_
172-12	BO140	172	172	12	ha:	ha	_	_	_	_	_	linguistic	_	none	_	_	1x1	_	_	_
172-13	BO140	172	172	13	un	un	_	_	_	_	_	linguistic	_	none	_	_	_	_	_	_
172-14	BO140	172	172	14	po'	po'	_	_	_	_	_	linguistic	_	none	_	_	_	_	_	_
172-15	BO140	172	172	15	con	con	_	_	_	_	_	linguistic	_	none	_	_	_	_	_	_
172-16	BO140	172	172	16	la	la	_	_	_	_	_	linguistic	_	none	_	_	_	_	_	_
172-17	BO140	172	172	17	cre:scita	crescita	_	_	_	_	_	linguistic	_	none	_	_	2x1	_	_	_
172-18	BO140	172	172	18	perché	perché	_	_	_	_	_	linguistic	_	none	_	_	_	_	_	_
172-19	BO140	172	172	19	<quattro	quattro	_	_	_	_	_	linguistic	_	none	_	_	_	Slow=0-7(0)	_	_
172-20	BO140	172	172	20	anni::>	anni	_	_	_	_	_	linguistic	_	none	_	_	3x2	Slow=0-4(0)	_	_
172-21	BO140	172	172	21	i	i	_	_	_	_	_	linguistic	_	none	_	_	_	_	_	_
172-22	BO140	172	172	22	miei	miei	_	_	_	_	_	linguistic	_	none	_	_	_	_	_	_
172-23	BO140	172	172	23	pri~	pri~	_	_	_	_	_	linguistic	_	none	Interrupted=Yes	_	_	_	_	_
172-24	BO140	172	172	24	i	i	_	_	_	_	_	linguistic	_	none	_	_	_	_	_	_
172-25	BO140	172	172	25	miei	miei	_	_	_	_	_	linguistic	_	none	_	_	_	_	_	_
172-26	BO140	172	172	26	primi	primi	_	_	_	_	_	linguistic	_	none	_	_	_	_	_	_
172-27	BO140	172	172	27	tre	tre	_	_	_	_	_	linguistic	_	none	_	_	_	_	_	_
172-28	BO140	172	172	28	anni	anni	_	_	_	_	_	linguistic	_	none	_	_	_	_	_	_
172-29	BO140	172	172	29	diciamo,	diciamo	_	_	_	_	_	linguistic	_	none	Intonation=WeaklyRising	End=701.81	_	_	_	_
173-0	BO140	173	173	0	non	non	_	_	_	_	_	linguistic	_	none	_	Begin=702.297	_	_	_	_
173-1	BO140	173	173	1	l'	l'	_	_	_	_	_	linguistic	_	none	SpaceAfter=No	_	_	_	_	_
173-2	BO140	173	173	2	ho	ho	_	_	_	_	_	linguistic	_	none	_	_	_	_	_	_
173-3	BO140	173	173	3	mai	mai	_	_	_	_	_	linguistic	_	none	_	_	_	_	_	_
173-4	BO140	173	173	4	sentita::	sentita	_	_	_	_	_	linguistic	_	none	_	_	6x2	_	_	_
173-5	BO140	173	173	5	non	non	_	_	_	_	_	linguistic	_	none	_	_	_	_	_	_
173-6	BO140	173	173	6	ho	ho	_	_	_	_	_	linguistic	_	none	_	_	_	_	_	_
173-7	BO140	173	173	7	mai	mai	_	_	_	_	_	linguistic	_	none	_	_	_	_	_	_
173-8	BO140	173	173	8	sentito	sentito	_	_	_	_	_	linguistic	_	none	_	_	_	_	_	_
173-9	BO140	173	173	9	il	il	_	_	_	_	_	linguistic	_	none	_	_	_	_	_	_
173-10	BO140	173	173	10	bisogno	bisogno	_	_	_	_	_	linguistic	_	none	_	_	_	_	_	_
173-11	BO140	173	173	11	di	di	_	_	_	_	_	linguistic	_	none	_	_	_	_	_	_
173-12	BO140	173	173	12	andare	andare	_	_	_	_	_	linguistic	_	none	_	_	_	_	_	_
173-13	BO140	173	173	13	in	in	_	_	_	_	_	linguistic	_	none	_	_	_	_	_	_
173-14	BO140	173	173	14	singola.	singola	_	_	_	_	_	linguistic	_	none	Intonation=Falling	End=706.44	_	_	_	_
174-0	BO140	174	174	0	anche	anche	_	_	_	_	_	linguistic	_	none	_	Begin=706.797	_	_	_	_
174-1	BO140	174	174	1	perché	perché	_	_	_	_	_	linguistic	_	none	_	_	_	_	_	_
174-2	BO140	174	174	2	poi	poi	_	_	_	_	_	linguistic	_	none	_	_	_	_	_	_
174-3	BO140	174	174	3	sarà	sarà	_	_	_	_	_	linguistic	_	none	_	_	_	_	_	_
174-4	BO140	174	174	4	di	di	_	_	_	_	_	linguistic	_	none	_	_	_	_	_	_
174-5	BO140	174	174	5	fa~	fa~	_	_	_	_	_	linguistic	_	none	Interrupted=Yes	_	_	_	_	_
174-6	BO140	174	174	6	cioè:	cioè	_	_	_	_	_	linguistic	_	none	_	_	3x1	_	_	_
174-7	BO140	174	174	7	sta	sta	_	_	_	_	_	linguistic	_	none	_	_	_	_	_	_
174-8	BO140	174	174	8	anche	anche	_	_	_	_	_	linguistic	_	none	_	_	_	_	_	_
174-9	BO140	174	174	9	il	il	_	_	_	_	_	linguistic	_	none	_	_	_	_	_	_
174-10	BO140	174	174	10	fatto	fatto	_	_	_	_	_	linguistic	_	none	_	_	_	_	_	_
174-11	BO140	174	174	11	che	che	_	_	_	_	_	linguistic	_	none	_	_	_	_	_	_
174-12	BO140	174	174	12	la	la	_	_	_	_	_	linguistic	_	none	_	_	_	_	_	_
174-13	BO140	174	174	13	mia::	mia	_	_	_	_	_	linguistic	_	none	_	_	2x2	_	_	_
174-14	BO140	174	174	14	quella	quella	_	_	_	_	_	linguistic	_	none	_	_	_	_	_	_
174-15	BO140	174	174	15	che	che	_	_	_	_	_	linguistic	_	none	_	_	_	_	_	_
174-16	BO140	174	174	16	era	era	_	_	_	_	_	linguistic	_	none	_	_	_	_	_	_
174-17	BO140	174	174	17	in	in	_	_	_	_	_	linguistic	_	none	_	_	_	_	_	_
174-18	BO140	174	174	18	camera	camera	_	_	_	_	_	linguistic	_	none	_	_	_	_	_	_
174-19	BO140	174	174	19	con	con	_	_	_	_	_	linguistic	_	none	_	_	_	_	_	_
174-20	BO140	174	174	20	me	me	_	_	_	_	_	linguistic	_	none	_	_	_	_	_	_
174-21	BO140	174	174	21	insomma:	insomma	_	_	_	_	_	linguistic	_	none	_	_	6x1	_	_	_
174-22	BO140	174	174	22	il	il	_	_	_	_	_	linguistic	_	none	_	_	_	_	_	_
174-23	BO140	174	174	23	weekend	weekend	_	_	_	_	_	linguistic	_	none	_	_	_	_	_	_
174-24	BO140	174	174	24	tornava	tornava	_	_	_	_	_	linguistic	_	none	_	_	_	_	_	_
174-25	BO140	174	174	25	spesso	spesso	_	_	_	_	_	linguistic	_	none	_	_	_	_	_	_
174-26	BO140	174	174	26	a	a	_	_	_	_	_	linguistic	_	none	_	_	_	_	_	_
174-27	BO140	174	174	27	ca:sa:,	casa	_	_	_	_	_	linguistic	_	none	Intonation=WeaklyRising	_	1x1,3x1	_	_	_
174-28	BO140	174	174	28	quindi	quindi	_	_	_	_	_	linguistic	_	none	_	_	_	_	_	_
174-29	BO140	174	174	29	[comunque]	comunque	_	_	_	_	_	linguistic	_	none	_	_	_	_	_	0-8(24)
174-30	BO140	174	174	30	il	il	_	_	_	_	_	linguistic	_	none	_	_	_	_	_	_
174-31	BO140	174	174	31	weekend	weekend	_	_	_	_	_	linguistic	_	none	_	_	_	_	_	_
174-32	BO140	174	174	32	la	la	_	_	_	_	_	linguistic	_	none	_	_	_	_	_	_
174-33	BO140	174	174	33	camera	camera	_	_	_	_	_	linguistic	_	none	_	_	_	_	_	_
174-34	BO140	174	174	34	ce	ce	_	_	_	_	_	linguistic	_	none	_	_	_	_	_	_
174-35	BO140	174	174	35	l'	l'	_	_	_	_	_	linguistic	_	none	SpaceAfter=No	_	_	_	_	_
174-36	BO140	174	174	36	avevo	avevo	_	_	_	_	_	linguistic	_	none	_	_	_	_	_	_
174-37	BO140	174	174	37	circa	circa	_	_	_	_	_	linguistic	_	none	_	_	_	_	_	_
174-38	BO140	174	174	38	libera.	libera	_	_	_	_	_	linguistic	_	none	Intonation=Falling	End=719.09	_	_	_	_
175-0	BO118	175	175	0	[okay]	okay	_	_	_	_	_	linguistic	_	none	_	Begin=715.41|End=716.12	_	_	_	0-4(24)
176-0	BO140	176	176	0	e:	e	_	_	_	_	_	linguistic	_	none	_	Begin=719.607	0x1	_	_	_
176-1	BO140	176	176	1	se	se	_	_	_	_	_	linguistic	_	none	_	_	_	_	_	_
176-2	BO140	176	176	2	volevo	volevo	_	_	_	_	_	linguistic	_	none	_	_	_	_	_	_
176-3	BO140	176	176	3	ritagliarmi	ritagliarmi	_	_	_	_	_	linguistic	_	none	_	_	_	_	_	_
176-4	BO140	176	176	4	anche	anche	_	_	_	_	_	linguistic	_	none	_	_	_	_	_	_
176-5	BO140	176	176	5	dei	dei	_	_	_	_	_	linguistic	_	none	_	_	_	_	_	_
176-6	BO140	176	176	6	momenti	momenti	_	_	_	_	_	linguistic	_	none	_	_	_	_	_	_
176-7	BO140	176	176	7	miei::	miei	_	_	_	_	_	linguistic	_	none	_	_	3x2	_	_	_
176-8	BO140	176	176	8	non	non	_	_	_	_	_	linguistic	_	none	_	_	_	_	_	_
176-9	BO140	176	176	9	facevo::	facevo	_	_	_	_	_	linguistic	_	none	_	_	5x2	_	_	_
176-10	BO140	176	176	10	difficoltà.	difficoltà	_	_	_	_	_	linguistic	_	none	Intonation=Falling	End=725.56	_	_	_	_
177-0	BO140	177	177	0	però:	però	_	_	_	_	_	linguistic	_	none	_	Begin=726.802	3x1	_	_	_
177-1	BO140	177	177	1	sì	sì	_	_	_	_	_	linguistic	_	none	_	_	_	_	_	_
177-2	BO140	177	177	2	diciamo	diciamo	_	_	_	_	_	linguistic	_	none	_	_	_	_	_	_
177-3	BO140	177	177	3	che	che	_	_	_	_	_	linguistic	_	none	_	_	_	_	_	_
177-4	BO140	177	177	4	crescendo:	crescendo	_	_	_	_	_	linguistic	_	none	_	_	8x1	_	_	_
177-5	BO140	177	177	5	hai	hai	_	_	_	_	_	linguistic	_	none	_	_	_	_	_	_
177-6	BO140	177	177	6	bisogno	bisogno	_	_	_	_	_	linguistic	_	none	_	_	_	_	_	_
177-7	BO140	177	177	7	di	di	_	_	_	_	_	linguistic	_	none	_	_	_	_	_	_
177-8	BO140	177	177	8	avere:	avere	_	_	_	_	_	linguistic	_	none	_	_	4x1	_	_	_
177-9	BO140	177	177	9	uno	uno	_	_	_	_	_	linguistic	_	none	_	_	_	_	_	_
177-10	BO140	177	177	10	spazio	spazio	_	_	_	_	_	linguistic	_	none	_	_	_	_	_	_
177-11	BO140	177	177	11	più:	più	_	_	_	_	_	linguistic	_	none	_	_	2x1	_	_	_
177-12	BO140	177	177	12	privato::,	privato	_	_	_	_	_	linguistic	_	none	Intonation=WeaklyRising	End=732.82	6x2	_	_	_
178-0	BO140	178	178	0	i	i	_	_	_	_	_	linguistic	_	none	_	Begin=733.256	_	_	_	_
178-1	BO140	178	178	1	primi	primi	_	_	_	_	_	linguistic	_	none	_	_	_	_	_	_
178-2	BO140	178	178	2	anni	anni	_	_	_	_	_	linguistic	_	none	_	_	_	_	_	_
178-3	BO140	178	178	3	son	son	_	_	_	_	_	linguistic	_	none	_	_	_	_	_	_
178-4	BO140	178	178	4	più	più	_	_	_	_	_	linguistic	_	none	_	_	_	_	_	_
178-5	BO140	178	178	5	belli:	belli	_	_	_	_	_	linguistic	_	none	_	_	4x1	_	_	_
178-6	BO140	178	178	6	si	si	_	_	_	_	_	linguistic	_	none	_	_	_	_	_	_
178-7	BO140	178	178	7	condivide	condivide	_	_	_	_	_	linguistic	_	none	_	_	_	_	_	_
178-8	BO140	178	178	8	sempre	sempre	_	_	_	_	_	linguistic	_	none	_	_	_	_	_	_
178-9	BO140	178	178	9	di	di	_	_	_	_	_	linguistic	_	none	_	_	_	_	_	_
178-10	BO140	178	178	10	pi[ù::]	più	_	_	_	_	_	linguistic	_	none	_	_	2x2	_	_	2-3(25)
178-11	BO140	178	178	11	sei	sei	_	_	_	_	_	linguistic	_	none	_	_	_	_	_	_
178-12	BO140	178	178	12	ancora	ancora	_	_	_	_	_	linguistic	_	none	_	_	_	_	_	_
178-13	BO140	178	178	13	nella	nella	_	_	_	_	_	linguistic	_	none	_	_	_	_	_	_
178-14	BO140	178	178	14	fase	fase	_	_	_	_	_	linguistic	_	none	_	_	_	_	_	_
178-15	BO140	178	178	15	del,	del	_	_	_	_	_	linguistic	_	none	Intonation=WeaklyRising	End=738.77	_	_	_	_
179-0	BO118	179	179	0	[si].	si	_	_	_	_	_	linguistic	_	none	Intonation=Falling	Begin=736.83|End=737.34	_	_	_	0-2(25)
180-0	BO140	180	180	0	siamo	siamo	_	_	_	_	_	linguistic	_	none	_	Begin=739.211	_	_	_	_
180-1	BO140	180	180	1	tutti	tutti	_	_	_	_	_	linguistic	_	none	_	_	_	_	_	_
180-2	BO140	180	180	2	am[ici:],	amici	_	_	_	_	_	linguistic	_	none	Intonation=WeaklyRising	End=740.89	4x1	_	_	2-5(26)
181-0	BO118	181	181	0	[sì	sì	_	_	_	_	_	linguistic	_	none	_	Begin=740.18	_	_	_	0-2(26)
181-1	BO118	181	181	1	che	che	_	_	_	_	_	linguistic	_	none	_	_	_	_	_	0-3(26)
181-2	BO118	181	181	2	be:]lla	bella	_	_	_	_	_	linguistic	_	none	_	_	1x1	_	_	0-2(26)
181-3	BO118	181	181	3	l'	l'	_	_	_	_	_	linguistic	_	none	SpaceAfter=No	_	_	_	_	_
181-4	BO118	181	181	4	univer[sità]	università	_	_	_	_	_	linguistic	_	none	_	_	_	_	_	5-10(27)
181-5	BO118	181	181	5	tutti	tutti	_	_	_	_	_	linguistic	_	none	_	_	_	_	_	_
181-6	BO118	181	181	6	insie[me]	insieme	_	_	_	_	_	linguistic	_	none	_	End=743.44	_	_	_	4-7(28)
182-0	BO140	182	182	0	[esatto].	esatto	_	_	_	_	_	linguistic	_	none	Intonation=Falling	Begin=741.99|End=742.91	_	_	_	0-6(27)
183-0	BO140	183	183	0	[po:]i:	poi	_	_	_	_	_	linguistic	_	none	_	Begin=743.285	1x1,2x1	_	_	0-2(28)
183-1	BO140	183	183	1	crescendo:	crescendo	_	_	_	_	_	linguistic	_	none	_	_	8x1	_	_	_
183-2	BO140	183	183	2	secondo	secondo	_	_	_	_	_	linguistic	_	none	_	_	_	_	_	_
183-3	BO140	183	183	3	me	me	_	_	_	_	_	linguistic	_	none	_	_	_	_	_	_
183-4	BO140	183	183	4	hai	hai	_	_	_	_	_	linguistic	_	none	_	_	_	_	_	_
183-5	BO140	183	183	5	bisogno	bisogno	_	_	_	_	_	linguistic	_	none	_	_	_	_	_	_
183-6	BO140	183	183	6	anche	anche	_	_	_	_	_	linguistic	_	none	_	_	_	_	_	_
183-7	BO140	183	183	7	di	di	_	_	_	_	_	linguistic	_	none	_	_	_	_	_	_
183-8	BO140	183	183	8	avere	avere	_	_	_	_	_	linguistic	_	none	_	_	_	_	_	_
183-9	BO140	183	183	9	uno	uno	_	_	_	_	_	linguistic	_	none	_	_	_	_	_	_
183-10	BO140	183	183	10	spazio	spazio	_	_	_	_	_	linguistic	_	none	_	_	_	_	_	_
183-11	BO140	183	183	11	[tuo	tuo	_	_	_	_	_	linguistic	_	none	_	_	_	_	_	0-3(29)
183-12	BO140	183	183	12	in	in	_	_	_	_	_	linguistic	_	none	_	_	_	_	_	0-2(29)
183-13	BO140	183	183	13	cui	cui	_	_	_	_	_	linguistic	_	none	_	_	_	_	_	0-3(29)
183-14	BO140	183	183	14	rin]chiuderti.	rinchiuderti	_	_	_	_	_	linguistic	_	none	Intonation=Falling	End=749.71	_	_	_	0-3(29)
184-0	BO118	184	184	0	[sì	sì	_	_	_	_	_	linguistic	_	none	_	Begin=748.0	_	_	_	0-2(29)
184-1	BO118	184	184	1	assolutamente].	assolutamente	_	_	_	_	_	linguistic	_	none	Intonation=Falling	End=749.342	_	_	_	0-13(29)
185-0	BO118	185	185	0	>non	non	_	_	_	_	_	linguistic	_	none	_	Begin=750.036	_	Fast=0-3(0)	_	_
185-1	BO118	185	185	1	so	so	_	_	_	_	_	linguistic	_	none	_	_	_	Fast=0-2(0)	_	_
185-2	BO118	185	185	2	se	se	_	_	_	_	_	linguistic	_	none	_	_	_	Fast=0-2(0)	_	_
185-3	BO118	185	185	3	te	te	_	_	_	_	_	linguistic	_	none	_	_	_	Fast=0-2(0)	_	_
185-4	BO118	185	185	4	l'	l'	_	_	_	_	_	linguistic	_	none	SpaceAfter=No	_	_	Fast=0-2(0)	_	_
185-5	BO118	185	185	5	avevo	avevo	_	_	_	_	_	linguistic	_	none	_	_	_	Fast=0-5(0)	_	_
185-6	BO118	185	185	6	detto<	detto	_	_	_	_	_	linguistic	_	none	_	_	_	Fast=0-5(0)	_	_
185-7	BO118	185	185	7	tipo	tipo	_	_	_	_	_	linguistic	_	none	_	_	_	_	_	_
185-8	BO118	185	185	8	io	io	_	_	_	_	_	linguistic	_	none	_	_	_	_	_	_
185-9	BO118	185	185	9	l'	l'	_	_	_	_	_	linguistic	_	none	SpaceAfter=No	_	_	_	_	_
185-10	BO118	185	185	10	anno	anno	_	_	_	_	_	linguistic	_	none	_	_	_	_	_	_
185-11	BO118	185	185	11	sco:rso	scorso	_	_	_	_	_	linguistic	_	none	_	_	2x1	_	_	_
185-12	BO118	185	185	12	ero	ero	_	_	_	_	_	linguistic	_	none	_	_	_	_	_	_
185-13	BO118	185	185	13	arrivata	arrivata	_	_	_	_	_	linguistic	_	none	_	_	_	_	_	_
185-14	BO118	185	185	14	alla	alla	_	_	_	_	_	linguistic	_	none	_	_	_	_	_	_
185-15	BO118	185	185	15	fine	fine	_	_	_	_	_	linguistic	_	none	_	_	_	_	_	_
185-16	BO118	185	185	16	che	che	_	_	_	_	_	linguistic	_	none	_	_	_	_	_	_
185-17	BO118	185	185	17	non	non	_	_	_	_	_	linguistic	_	none	_	_	_	_	_	_
185-18	BO118	185	185	18	ce	ce	_	_	_	_	_	linguistic	_	none	_	_	_	_	_	_
185-19	BO118	185	185	19	la	la	_	_	_	_	_	linguistic	_	none	_	_	_	_	_	_
185-20	BO118	185	185	20	facevo	facevo	_	_	_	_	_	linguistic	_	none	_	_	_	Slow=5-6(0)	_	_
185-21	BO118	185	185	21	<più>	più	_	_	_	_	_	linguistic	_	none	_	_	_	Slow=0-2(0)	_	_
185-22	BO118	185	185	22	stavo	stavo	_	_	_	_	_	linguistic	_	none	_	_	_	_	_	_
185-23	BO118	185	185	23	impazzendo,	impazzendo	_	_	_	_	_	linguistic	_	none	Intonation=WeaklyRising	End=756.39	_	_	_	_
186-0	BO118	186	186	0	anche	anche	_	_	_	_	_	linguistic	_	none	_	Begin=756.76	_	_	_	_
186-1	BO118	186	186	1	perché	perché	_	_	_	_	_	linguistic	_	none	_	_	_	_	_	_
186-2	BO118	186	186	2	anche	anche	_	_	_	_	_	linguistic	_	none	_	_	_	_	_	_
186-3	BO118	186	186	3	noi	noi	_	_	_	_	_	linguistic	_	none	_	_	_	_	_	_
186-4	BO118	186	186	4	aveva:mo	avevamo	_	_	_	_	_	linguistic	_	none	_	_	4x1	_	_	_
186-5	BO118	186	186	5	sala:	sala	_	_	_	_	_	linguistic	_	none	_	_	3x1	_	_	_
186-6	BO118	186	186	6	e	e	_	_	_	_	_	linguistic	_	none	_	_	_	_	_	_
186-7	BO118	186	186	7	cucina:,	cucina	_	_	_	_	_	linguistic	_	none	Intonation=WeaklyRising	End=760.04	5x1	_	_	_
187-0	BO118	187	187	0	che	che	_	_	_	_	_	linguistic	_	none	_	Begin=760.46	_	_	_	_
187-1	BO118	187	187	1	praticamente	praticamente	_	_	_	_	_	linguistic	_	none	_	_	_	_	_	_
187-2	BO118	187	187	2	no~	no~	_	_	_	_	_	linguistic	_	none	Interrupted=Yes	_	_	_	_	_
187-3	BO118	187	187	3	non	non	_	_	_	_	_	linguistic	_	none	_	_	_	_	_	_
187-4	BO118	187	187	4	avevano	avevano	_	_	_	_	_	linguistic	_	none	_	_	_	_	_	_
187-5	BO118	187	187	5	un~	un~	_	_	_	_	_	linguistic	_	none	Interrupted=Yes	_	_	_	_	_
187-6	BO118	187	187	6	una	una	_	_	_	_	_	linguistic	_	none	_	_	_	_	_	_
187-7	BO118	187	187	7	porta:	porta	_	_	_	_	_	linguistic	_	none	_	_	4x1	_	_	_
187-8	BO118	187	187	8	divisoria	divisoria	_	_	_	_	_	linguistic	_	none	_	_	_	_	_	_
187-9	BO118	187	187	9	c'	c'	_	_	_	_	_	linguistic	_	none	SpaceAfter=No	_	_	_	_	_
187-10	BO118	187	187	10	avevano	avevano	_	_	_	_	_	linguistic	_	none	_	_	_	_	_	_
187-11	BO118	187	187	11	solamente	solamente	_	_	_	_	_	linguistic	_	none	_	_	_	_	_	_
187-12	BO118	187	187	12	una	una	_	_	_	_	_	linguistic	_	none	_	_	_	_	_	_
187-13	BO118	187	187	13	specie	specie	_	_	_	_	_	linguistic	_	none	_	_	_	_	_	_
187-14	BO118	187	187	14	di	di	_	_	_	_	_	linguistic	_	none	_	_	_	_	_	_
187-15	BO118	187	187	15	arco	arco	_	_	_	_	_	linguistic	_	none	_	_	_	_	_	_
187-16	BO118	187	187	16	tra	tra	_	_	_	_	_	linguistic	_	none	_	_	_	_	_	_
187-17	BO118	187	187	17	le	le	_	_	_	_	_	linguistic	_	none	_	_	_	_	_	_
187-18	BO118	187	187	18	due	due	_	_	_	_	_	linguistic	_	none	_	_	_	_	_	_
187-19	BO118	187	187	19	stanze	stanze	_	_	_	_	_	linguistic	_	none	_	_	_	_	_	_
187-20	BO118	187	187	20	e	e	_	_	_	_	_	linguistic	_	none	_	_	_	_	_	_
187-21	BO118	187	187	21	quindi,	quindi	_	_	_	_	_	linguistic	_	none	Intonation=WeaklyRising	End=767.62	_	_	_	_
188-0	BO118	188	188	0	fondamentalmente	fondamentalmente	_	_	_	_	_	linguistic	_	none	_	Begin=768.01	_	_	_	_
188-1	BO118	188	188	1	non	non	_	_	_	_	_	linguistic	_	none	_	_	_	_	_	_
188-2	BO118	188	188	2	stavi	stavi	_	_	_	_	_	linguistic	_	none	_	_	_	_	_	_
188-3	BO118	188	188	3	da	da	_	_	_	_	_	linguistic	_	none	_	_	_	_	_	_
188-4	BO118	188	188	4	so:lo	solo	_	_	_	_	_	linguistic	_	none	_	_	1x1	_	_	_
188-5	BO118	188	188	5	quando	quando	_	_	_	_	_	linguistic	_	none	_	_	_	_	_	_
188-6	BO118	188	188	6	stavi	stavi	_	_	_	_	_	linguistic	_	none	_	_	_	_	_	_
188-7	BO118	188	188	7	da	da	_	_	_	_	_	linguistic	_	none	_	_	_	_	_	_
188-8	BO118	188	188	8	una	una	_	_	_	_	_	linguistic	_	none	_	_	_	_	_	_
188-9	BO118	188	188	9	parte	parte	_	_	_	_	_	linguistic	_	none	_	_	_	_	_	_
188-10	BO118	188	188	10	o	o	_	_	_	_	_	linguistic	_	none	_	_	_	_	_	_
188-11	BO118	188	188	11	dall'	dall'	_	_	_	_	_	linguistic	_	none	SpaceAfter=No	_	_	_	_	_
188-12	BO118	188	188	12	altra	altra	_	_	_	_	_	linguistic	_	none	_	End=771.38	_	_	_	_
189-0	BO118	189	189	0	e	e	_	_	_	_	_	linguistic	_	none	_	Begin=772.085	_	_	_	_
189-1	BO118	189	189	1	io	io	_	_	_	_	_	linguistic	_	none	_	_	_	_	_	_
189-2	BO118	189	189	2	l'	l'	_	_	_	_	_	linguistic	_	none	SpaceAfter=No	_	_	_	_	_
189-3	BO118	189	189	3	u:nico	unico	_	_	_	_	_	linguistic	_	none	_	_	0x1	_	_	_
189-4	BO118	189	189	4	posto::	posto	_	_	_	_	_	linguistic	_	none	_	_	4x2	_	_	_
189-5	BO118	189	189	5	che	che	_	_	_	_	_	linguistic	_	none	_	_	_	_	_	_
189-6	BO118	189	189	6	c'	c'	_	_	_	_	_	linguistic	_	none	SpaceAfter=No	_	_	_	_	_
189-7	BO118	189	189	7	avevo	avevo	_	_	_	_	_	linguistic	_	none	_	_	_	_	_	_
189-8	BO118	189	189	8	in	in	_	_	_	_	_	linguistic	_	none	_	_	_	_	_	_
189-9	BO118	189	189	9	cui	cui	_	_	_	_	_	linguistic	_	none	_	_	_	_	_	_
189-10	BO118	189	189	10	potevo	potevo	_	_	_	_	_	linguistic	_	none	_	_	_	_	_	_
189-11	BO118	189	189	11	completamente	completamente	_	_	_	_	_	linguistic	_	none	_	_	_	_	_	_
189-12	BO118	189	189	12	sta'	sta'	_	_	_	_	_	linguistic	_	none	Truncated=Yes	_	_	_	_	_
189-13	BO118	189	189	13	da	da	_	_	_	_	_	linguistic	_	none	_	_	_	_	_	_
189-14	BO118	189	189	14	sola	sola	_	_	_	_	_	linguistic	_	none	_	_	_	_	_	_
189-15	BO118	189	189	15	era	era	_	_	_	_	_	linguistic	_	none	_	_	_	_	_	_
189-16	BO118	189	189	16	il	il	_	_	_	_	_	linguistic	_	none	_	_	_	_	_	_
189-17	BO118	189	189	17	bagno,	bagno	_	_	_	_	_	linguistic	_	none	Intonation=WeaklyRising	End=776.5	_	_	_	_
190-0	BO118	190	190	0	e	e	_	_	_	_	_	linguistic	_	none	_	Begin=777.192	_	_	_	_
190-1	BO118	190	190	1	apprezzavo	apprezzavo	_	_	_	_	_	linguistic	_	none	_	_	_	_	_	_
190-2	BO118	190	190	2	tantissimo	tantissimo	_	_	_	_	_	linguistic	_	none	_	_	_	_	_	_
190-3	BO118	190	190	3	quando	quando	_	_	_	_	_	linguistic	_	none	_	_	_	_	_	_
190-4	BO118	190	190	4	stavo	stavo	_	_	_	_	_	linguistic	_	none	_	_	_	_	_	_
190-5	BO118	190	190	5	in	in	_	_	_	_	_	linguistic	_	none	_	_	_	_	_	_
190-6	BO118	190	190	6	bagno	bagno	_	_	_	_	_	linguistic	_	none	_	_	_	_	_	_
190-7	BO118	190	190	7	perché	perché	_	_	_	_	_	linguistic	_	none	_	_	_	_	_	_
190-8	BO118	190	190	8	non	non	_	_	_	_	_	linguistic	_	none	_	_	_	_	_	_
190-9	BO118	190	190	9	riuscivo	riuscivo	_	_	_	_	_	linguistic	_	none	_	_	_	_	_	_
190-10	BO118	190	190	10	più	più	_	_	_	_	_	linguistic	_	none	_	_	_	_	_	_
190-11	BO118	190	190	11	a::	a	_	_	_	_	_	linguistic	_	none	_	_	0x2	_	_	_
190-12	BO118	190	190	12	a	a	_	_	_	_	_	linguistic	_	none	_	_	_	_	_	_
190-13	BO118	190	190	13	sta'	sta'	_	_	_	_	_	linguistic	_	none	Truncated=Yes	_	_	_	_	_
190-14	BO118	190	190	14	con	con	_	_	_	_	_	linguistic	_	none	_	_	_	_	_	_
190-15	BO118	190	190	15	le	le	_	_	_	_	_	linguistic	_	none	_	_	_	_	_	_
190-16	BO118	190	190	16	perso:ne	persone	_	_	_	_	_	linguistic	_	none	_	End=782.256	4x1	_	_	_
191-0	BO140	191	191	0	sì	sì	_	_	_	_	_	linguistic	_	none	_	Begin=782.256	_	_	_	_
191-1	BO140	191	191	1	sì	sì	_	_	_	_	_	linguistic	_	none	_	_	_	_	_	_
191-2	BO140	191	191	2	ma	ma	_	_	_	_	_	linguistic	_	none	_	_	_	_	_	_
191-3	BO140	191	191	3	lo	lo	_	_	_	_	_	linguistic	_	none	_	_	_	_	_	_
191-4	BO140	191	191	4	capisco.	capisco	_	_	_	_	_	linguistic	_	none	Intonation=Falling	End=783.48	_	_	_	_
192-0	BO140	192	192	0	cioè	cioè	_	_	_	_	_	linguistic	_	none	_	Begin=783.62	_	_	_	_
192-1	BO140	192	192	1	lo	lo	_	_	_	_	_	linguistic	_	none	_	_	_	_	_	_
192-2	BO140	192	192	2	capisco	capisco	_	_	_	_	_	linguistic	_	none	_	_	_	_	_	_
192-3	BO140	192	192	3	per	per	_	_	_	_	_	linguistic	_	none	_	_	_	_	_	_
192-4	BO140	192	192	4	quello:,	quello	_	_	_	_	_	linguistic	_	none	Intonation=WeaklyRising	End=785.43	5x1	_	_	_
193-0	BO140	193	193	0	cioè	cioè	_	_	_	_	_	linguistic	_	none	_	Begin=785.587	_	_	_	_
193-1	BO140	193	193	1	in	in	_	_	_	_	_	linguistic	_	none	_	_	_	_	_	_
193-2	BO140	193	193	2	realtà	realtà	_	_	_	_	_	linguistic	_	none	_	_	_	_	_	_
193-3	BO140	193	193	3	son	son	_	_	_	_	_	linguistic	_	none	_	_	_	_	_	_
193-4	BO140	193	193	4	sempre	sempre	_	_	_	_	_	linguistic	_	none	_	_	_	_	_	_
193-5	BO140	193	193	5	stata	stata	_	_	_	_	_	linguistic	_	none	_	_	_	_	_	_
193-6	BO140	193	193	6	fortunata	fortunata	_	_	_	_	_	linguistic	_	none	_	_	_	_	_	_
193-7	BO140	193	193	7	perché:	perché	_	_	_	_	_	linguistic	_	none	_	_	5x1	_	_	_
193-8	BO140	193	193	8	ho	ho	_	_	_	_	_	linguistic	_	none	_	_	_	_	_	_
193-9	BO140	193	193	9	vissuto	vissuto	_	_	_	_	_	linguistic	_	none	_	_	_	_	_	_
193-10	BO140	193	193	10	sempre	sempre	_	_	_	_	_	linguistic	_	none	_	_	_	_	_	_
193-11	BO140	193	193	11	con	con	_	_	_	_	_	linguistic	_	none	_	_	_	_	_	_
193-12	BO140	193	193	12	delle	delle	_	_	_	_	_	linguistic	_	none	_	_	_	_	_	_
193-13	BO140	193	193	13	persone::	persone	_	_	_	_	_	linguistic	_	none	_	_	6x2	_	_	_
193-14	BO140	193	193	14	tranquille	tranquille	_	_	_	_	_	linguistic	_	none	_	_	_	_	_	_
193-15	BO140	193	193	15	che	che	_	_	_	_	_	linguistic	_	none	_	_	_	_	_	_
193-16	BO140	193	193	16	mi	mi	_	_	_	_	_	linguistic	_	none	_	_	_	_	_	_
193-17	BO140	193	193	17	lasciavano	lasciavano	_	_	_	_	_	linguistic	_	none	_	_	_	_	_	_
193-18	BO140	193	193	18	i	i	_	_	_	_	_	linguistic	_	none	_	_	_	_	_	_
193-19	BO140	193	193	19	miei	miei	_	_	_	_	_	linguistic	_	none	_	_	_	_	_	_
193-20	BO140	193	193	20	spa[zi]	spazi	_	_	_	_	_	linguistic	_	none	_	End=792.33	_	_	_	3-5(30)
194-0	BO118	194	194	0	[sì]	sì	_	_	_	_	_	linguistic	_	none	_	Begin=792.117	_	_	_	0-2(30)
194-1	BO118	194	194	1	sì	sì	_	_	_	_	_	linguistic	_	none	_	_	_	_	_	_
194-2	BO118	194	194	2	ma	ma	_	_	_	_	_	linguistic	_	none	_	_	_	_	_	_
194-3	BO118	194	194	3	anch'	anch'	_	_	_	_	_	linguistic	_	none	SpaceAfter=No	_	_	_	_	_
194-4	BO118	194	194	4	io::	io	_	_	_	_	_	linguistic	_	none	_	_	1x2	_	_	_
194-5	BO118	194	194	5	però	però	_	_	_	_	_	linguistic	_	none	_	_	_	_	_	_
194-6	BO118	194	194	6	era	era	_	_	_	_	_	linguistic	_	none	_	_	_	_	_	_
194-7	BO118	194	194	7	proprio	proprio	_	_	_	_	_	linguistic	_	none	_	_	_	_	_	_
194-8	BO118	194	194	8	l'	l'	_	_	_	_	_	linguistic	_	none	SpaceAfter=No	_	_	_	_	_
194-9	BO118	194	194	9	esigenza	esigenza	_	_	_	_	_	linguistic	_	none	_	_	_	_	_	7-8(31)
194-10	BO118	194	194	10	[de	de	_	_	_	_	_	linguistic	_	none	_	_	_	_	_	0-2(31)
194-11	BO118	194	194	11	sta	sta	_	_	_	_	_	linguistic	_	none	_	_	_	_	_	0-3(31)
194-12	BO118	194	194	12	da	da	_	_	_	_	_	linguistic	_	none	_	_	_	_	_	0-2(31)
194-13	BO118	194	194	13	sola	sola	_	_	_	_	_	linguistic	_	none	_	_	_	_	_	0-4(31)
194-14	BO118	194	194	14	in	in	_	_	_	_	_	linguistic	_	none	_	_	_	_	_	0-2(31)
194-15	BO118	194	194	15	dei	dei	_	_	_	_	_	linguistic	_	none	_	_	_	_	_	0-3(31)
194-16	BO118	194	194	16	momenti]	momenti	_	_	_	_	_	linguistic	_	none	_	End=795.63	_	_	_	0-6(31)
195-0	BO140	195	195	0	[sì	sì	_	_	_	_	_	linguistic	_	none	_	Begin=794.208	_	_	_	0-2(31)
195-1	BO140	195	195	1	di	di	_	_	_	_	_	linguistic	_	none	_	_	_	_	_	0-2(31)
195-2	BO140	195	195	2	stare	stare	_	_	_	_	_	linguistic	_	none	_	_	_	_	_	0-5(31)
195-3	BO140	195	195	3	da	da	_	_	_	_	_	linguistic	_	none	_	_	_	_	_	0-2(31)
195-4	BO140	195	195	4	so:la	sola	_	_	_	_	_	linguistic	_	none	_	_	1x1	_	_	0-4(31)
195-5	BO140	195	195	5	di	di	_	_	_	_	_	linguistic	_	none	_	_	_	_	_	0-2(31)
195-6	BO140	195	195	6	non]	non	_	_	_	_	_	linguistic	_	none	_	_	_	_	_	0-3(31)
195-7	BO140	195	195	7	parla~	parla~	_	_	_	_	_	linguistic	_	none	Interrupted=Yes	_	_	_	_	_
195-8	BO140	195	195	8	di	di	_	_	_	_	_	linguistic	_	none	_	_	_	_	_	_
195-9	BO140	195	195	9	non	non	_	_	_	_	_	linguistic	_	none	_	_	_	_	_	_
195-10	BO140	195	195	10	vedere	vedere	_	_	_	_	_	linguistic	_	none	_	_	_	_	_	_
195-11	BO140	195	195	11	in	in	_	_	_	_	_	linguistic	_	none	_	_	_	_	_	_
195-12	BO140	195	195	12	faccia	faccia	_	_	_	_	_	linguistic	_	none	_	_	_	_	_	_
195-13	BO140	195	195	13	[nessuno]	nessuno	_	_	_	_	_	linguistic	_	none	_	_	_	_	_	0-7(32)
195-14	BO140	195	195	14	di::	di	_	_	_	_	_	linguistic	_	none	_	_	1x2	_	_	_
195-15	BO140	195	195	15	di	di	_	_	_	_	_	linguistic	_	none	_	_	_	_	_	_
195-16	BO140	195	195	16	stare	stare	_	_	_	_	_	linguistic	_	none	_	_	_	_	_	_
195-17	BO140	195	195	17	per::,	per	_	_	_	_	_	linguistic	_	none	Intonation=WeaklyRising	End=799.55	2x2	_	_	_
196-0	BO118	196	196	0	[esatto].	esatto	_	_	_	_	_	linguistic	_	none	Intonation=Falling	Begin=797.76|End=798.57	_	_	_	0-6(32)
197-0	BO140	197	197	0	fatti	fatti	_	_	_	_	_	linguistic	_	none	_	Begin=799.709	_	_	_	_
197-1	BO140	197	197	1	suoi.	suoi	_	_	_	_	_	linguistic	_	none	Intonation=Falling	End=800.459	_	_	_	_
198-0	BO140	198	198	0	sì	sì	_	_	_	_	_	linguistic	_	none	_	Begin=800.549	_	_	_	_
198-1	BO140	198	198	1	sì	sì	_	_	_	_	_	linguistic	_	none	_	_	_	_	_	_
198-2	BO140	198	198	2	no	no	_	_	_	_	_	linguistic	_	none	_	_	_	_	_	_
198-3	BO140	198	198	3	per	per	_	_	_	_	_	linguistic	_	none	_	_	_	_	_	_
198-4	BO140	198	198	4	quello	quello	_	_	_	_	_	linguistic	_	none	_	_	_	_	_	_
198-5	BO140	198	198	5	[sì]	sì	_	_	_	_	_	linguistic	_	none	_	End=801.72	_	_	_	0-2(33)
199-0	BO118	199	199	0	[che	che	_	_	_	_	_	linguistic	_	none	_	Begin=801.544	_	_	_	0-3(33)
199-1	BO118	199	199	1	poi]	poi	_	_	_	_	_	linguistic	_	none	_	_	_	_	_	0-3(33)
199-2	BO118	199	199	2	sta	sta	_	_	_	_	_	linguistic	_	none	_	_	_	_	_	_
199-3	BO118	199	199	3	cosa	cosa	_	_	_	_	_	linguistic	_	none	_	_	_	_	_	_
199-4	BO118	199	199	4	è	è	_	_	_	_	_	linguistic	_	none	_	_	_	_	_	_
199-5	BO118	199	199	5	anche	anche	_	_	_	_	_	linguistic	_	none	_	_	_	_	_	_
199-6	BO118	199	199	6	difficile	difficile	_	_	_	_	_	linguistic	_	none	_	_	_	_	_	_
199-7	BO118	199	199	7	a	a	_	_	_	_	_	linguistic	_	none	_	_	_	_	_	_
199-8	BO118	199	199	8	bologna	bologna	_	_	_	_	_	linguistic	_	none	_	_	_	_	_	_
199-9	BO118	199	199	9	in	in	_	_	_	_	_	linguistic	_	none	_	_	_	_	_	_
199-10	BO118	199	199	10	genera:le	generale	_	_	_	_	_	linguistic	_	none	_	_	5x1	_	_	_
199-11	BO118	199	199	11	se	se	_	_	_	_	_	linguistic	_	none	_	_	_	_	_	_
199-12	BO118	199	199	12	stai	stai	_	_	_	_	_	linguistic	_	none	_	_	_	_	_	_
199-13	BO118	199	199	13	in	in	_	_	_	_	_	linguistic	_	none	_	_	_	_	_	_
199-14	BO118	199	199	14	centro	centro	_	_	_	_	_	linguistic	_	none	_	_	_	_	_	_
199-15	BO118	199	199	15	perché	perché	_	_	_	_	_	linguistic	_	none	_	_	_	_	_	_
199-16	BO118	199	199	16	ovunque	ovunque	_	_	_	_	_	linguistic	_	none	_	_	_	_	_	_
199-17	BO118	199	199	17	vai	vai	_	_	_	_	_	linguistic	_	none	_	_	_	_	_	_
199-18	BO118	199	199	18	c'	c'	_	_	_	_	_	linguistic	_	none	SpaceAfter=No	_	_	_	_	_
199-19	BO118	199	199	19	è	è	_	_	_	_	_	linguistic	_	none	_	_	_	_	_	_
199-20	BO118	199	199	20	qualcuno	qualcuno	_	_	_	_	_	linguistic	_	none	_	End=807.02	_	_	_	_
200-0	BO118	200	200	0	cioè	cioè	_	_	_	_	_	linguistic	_	none	_	Begin=807.499	_	_	_	_
200-1	BO118	200	200	1	non	non	_	_	_	_	_	linguistic	_	none	_	_	_	_	_	_
200-2	BO118	200	200	2	c'	c'	_	_	_	_	_	linguistic	_	none	SpaceAfter=No	_	_	_	_	_
200-3	BO118	200	200	3	è	è	_	_	_	_	_	linguistic	_	none	_	_	_	_	_	_
200-4	BO118	200	200	4	nessun	nessun	_	_	_	_	_	linguistic	_	none	_	_	_	_	_	_
200-5	BO118	200	200	5	posto	posto	_	_	_	_	_	linguistic	_	none	_	_	_	_	_	_
200-6	BO118	200	200	6	in	in	_	_	_	_	_	linguistic	_	none	_	_	_	_	_	_
200-7	BO118	200	200	7	cui	cui	_	_	_	_	_	linguistic	_	none	_	_	_	_	_	_
200-8	BO118	200	200	8	tu	tu	_	_	_	_	_	linguistic	_	none	_	_	_	_	_	_
200-9	BO118	200	200	9	stai	stai	_	_	_	_	_	linguistic	_	none	_	_	_	_	_	_
200-10	BO118	200	200	10	completamente	completamente	_	_	_	_	_	linguistic	_	none	_	_	_	_	_	_
200-11	BO118	200	200	11	da	da	_	_	_	_	_	linguistic	_	none	_	_	_	_	_	_
200-12	BO118	200	200	12	solo	solo	_	_	_	_	_	linguistic	_	none	_	_	_	_	_	_
200-13	BO118	200	200	13	o	o	_	_	_	_	_	linguistic	_	none	_	_	_	_	_	_
200-14	BO118	200	200	14	comunque	comunque	_	_	_	_	_	linguistic	_	none	_	_	_	_	_	_
200-15	BO118	200	200	15	stai	stai	_	_	_	_	_	linguistic	_	none	_	_	_	_	_	_
200-16	BO118	200	200	16	co'	co'	_	_	_	_	_	linguistic	_	none	Truncated=Yes	_	_	_	_	_
200-17	BO118	200	200	17	poca	poca	_	_	_	_	_	linguistic	_	none	_	_	_	_	_	_
200-18	BO118	200	200	18	gente.	gente	_	_	_	_	_	linguistic	_	none	Intonation=Falling	End=812.03	_	_	_	_
201-0	BO140	201	201	0	mh	mh	_	_	_	_	_	linguistic	_	none	_	Begin=813.289	_	_	_	_
201-1	BO140	201	201	1	in	in	_	_	_	_	_	linguistic	_	none	_	_	_	_	_	_
201-2	BO140	201	201	2	che	che	_	_	_	_	_	linguistic	_	none	_	_	_	_	_	_
201-3	BO140	201	201	3	senso	senso	_	_	_	_	_	linguistic	_	none	_	_	_	_	_	_
201-4	BO140	201	201	4	dici?	dici	_	_	_	_	_	linguistic	_	none	Intonation=Rising	End=814.85	_	_	_	_
202-0	BO118	202	202	0	cioè	cioè	_	_	_	_	_	linguistic	_	none	_	Begin=815.094	_	_	_	_
202-1	BO118	202	202	1	tipo::	tipo	_	_	_	_	_	linguistic	_	none	_	End=815.98	3x2	_	_	_
203-0	BO140	203	203	0	di	di	_	_	_	_	_	linguistic	_	none	_	Begin=815.99	_	_	_	_
203-1	BO140	203	203	1	spazi	spazi	_	_	_	_	_	linguistic	_	none	_	_	_	_	_	_
203-2	BO140	203	203	2	pubblici?	pubblici	_	_	_	_	_	linguistic	_	none	Intonation=Rising	End=817.159	_	_	_	_
204-0	BO118	204	204	0	sì:.	sì	_	_	_	_	_	linguistic	_	none	Intonation=Falling	Begin=817.164|End=817.684	1x1	_	_	_
205-0	BO118	205	205	0	cioè	cioè	_	_	_	_	_	linguistic	_	none	_	Begin=817.82	_	_	_	_
205-1	BO118	205	205	1	stai	stai	_	_	_	_	_	linguistic	_	none	_	_	_	_	_	_
205-2	BO118	205	205	2	per	per	_	_	_	_	_	linguistic	_	none	_	_	_	_	_	_
205-3	BO118	205	205	3	stra:[da:	strada	_	_	_	_	_	linguistic	_	none	_	_	3x1,5x1	_	_	4-6(34)
205-4	BO118	205	205	4	è]	è	_	_	_	_	_	linguistic	_	none	_	_	_	_	_	0-1(34)
205-5	BO118	205	205	5	raro	raro	_	_	_	_	_	linguistic	_	none	_	_	_	_	_	_
205-6	BO118	205	205	6	che	che	_	_	_	_	_	linguistic	_	none	_	_	_	_	_	_
205-7	BO118	205	205	7	trovi	trovi	_	_	_	_	_	linguistic	_	none	_	_	_	_	_	_
205-8	BO118	205	205	8	una	una	_	_	_	_	_	linguistic	_	none	_	_	_	_	_	_
205-9	BO118	205	205	9	strada	strada	_	_	_	_	_	linguistic	_	none	_	_	_	_	_	_
205-10	BO118	205	205	10	in	in	_	_	_	_	_	linguistic	_	none	_	_	_	_	_	_
205-11	BO118	205	205	11	cui	cui	_	_	_	_	_	linguistic	_	none	_	_	_	_	_	_
205-12	BO118	205	205	12	ci	ci	_	_	_	_	_	linguistic	_	none	_	_	_	_	_	_
205-13	BO118	205	205	13	stai	stai	_	_	_	_	_	linguistic	_	none	_	_	_	_	_	_
205-14	BO118	205	205	14	solo	solo	_	_	_	_	_	linguistic	_	none	_	_	_	_	_	_
205-15	BO118	205	205	15	tu.	tu	_	_	_	_	_	linguistic	_	none	Intonation=Falling	End=821.41	_	_	_	_
206-0	BO140	206	206	0	[ce:rto]	certo	_	_	_	_	_	linguistic	_	none	_	Begin=818.89|End=819.654	1x1	_	_	0-5(34)
207-0	BO140	207	207	0	sì	sì	_	_	_	_	_	linguistic	_	none	ProsodicLink=Yes	Begin=821.49	_	_	_	_
207-1	BO140	207	207	1	sì	sì	_	_	_	_	_	linguistic	_	none	ProsodicLink=Yes	_	_	_	_	_
207-2	BO140	207	207	2	sì	sì	_	_	_	_	_	linguistic	_	none	ProsodicLink=Yes	_	_	_	_	_
207-3	BO140	207	207	3	sì	sì	_	_	_	_	_	linguistic	_	none	_	_	_	_	_	_
207-4	BO140	207	207	4	assolutamente	assolutamente	_	_	_	_	_	linguistic	_	none	_	_	_	_	_	_
207-5	BO140	207	207	5	vabbè	vabbè	_	_	_	_	_	linguistic	_	none	_	_	_	_	_	_
207-6	BO140	207	207	6	quello	quello	_	_	_	_	_	linguistic	_	none	_	_	_	_	_	_
207-7	BO140	207	207	7	è	è	_	_	_	_	_	linguistic	_	none	_	_	_	_	_	_
207-8	BO140	207	207	8	un	un	_	_	_	_	_	linguistic	_	none	_	_	_	_	_	_
207-9	BO140	207	207	9	po':	po'	_	_	_	_	_	linguistic	_	none	_	_	1x1	_	_	_
207-10	BO140	207	207	10	il	il	_	_	_	_	_	linguistic	_	none	_	_	_	_	_	_
207-11	BO140	207	207	11	centro::	centro	_	_	_	_	_	linguistic	_	none	_	_	5x2	_	_	_
207-12	BO140	207	207	12	il	il	_	_	_	_	_	linguistic	_	none	_	_	_	_	_	_
207-13	BO140	207	207	13	centro	centro	_	_	_	_	_	linguistic	_	none	_	_	_	_	_	_
207-14	BO140	207	207	14	di	di	_	_	_	_	_	linguistic	_	none	_	_	_	_	_	_
207-15	BO140	207	207	15	tutte	tutte	_	_	_	_	_	linguistic	_	none	_	_	_	_	_	_
207-16	BO140	207	207	16	le	le	_	_	_	_	_	linguistic	_	none	_	_	_	_	_	_
207-17	BO140	207	207	17	città.	città	_	_	_	_	_	linguistic	_	none	Intonation=Falling	End=826.93	_	_	_	_
208-0	BO118	208	208	0	sì.	sì	_	_	_	_	_	linguistic	_	none	Intonation=Falling	Begin=827.037	_	_	_	_
208-1	BO118	208	208	1	[esatto]	esatto	_	_	_	_	_	linguistic	_	none	_	End=828.17	_	_	_	0-6(35)
209-0	BO140	209	209	0	[cioè	cioè	_	_	_	_	_	linguistic	_	none	_	Begin=827.449	_	_	_	0-4(35)
209-1	BO140	209	209	1	appena	appena	_	_	_	_	_	linguistic	_	none	_	_	_	_	_	0-6(35)
209-2	BO140	209	209	2	ti	ti	_	_	_	_	_	linguistic	_	none	_	_	_	_	_	0-2(35)
209-3	BO140	209	209	3	s]posti	sposti	_	_	_	_	_	linguistic	_	none	_	_	_	_	_	0-1(35)
209-4	BO140	209	209	4	un	un	_	_	_	_	_	linguistic	_	none	_	_	_	_	_	_
209-5	BO140	209	209	5	pochino:::	pochino	_	_	_	_	_	linguistic	_	none	_	_	6x3	_	_	_
209-6	BO140	209	209	6	più	più	_	_	_	_	_	linguistic	_	none	_	_	_	_	_	_
209-7	BO140	209	209	7	fuo:ri:	fuori	_	_	_	_	_	linguistic	_	none	_	_	2x1,4x1	_	_	_
209-8	BO140	209	209	8	per	per	_	_	_	_	_	linguistic	_	none	_	_	_	_	_	_
209-9	BO140	209	209	9	dire	dire	_	_	_	_	_	linguistic	_	none	_	_	_	_	_	_
209-10	BO140	209	209	10	tipo:	tipo	_	_	_	_	_	linguistic	_	none	_	_	3x1	_	_	_
209-11	BO140	209	209	11	in	in	_	_	_	_	_	linguistic	_	none	_	_	_	_	_	_
209-12	BO140	209	209	12	andrea	andrea	_	_	_	_	_	linguistic	_	none	_	_	_	_	_	_
209-13	BO140	209	209	13	costa	costa	_	_	_	_	_	linguistic	_	none	_	_	_	_	_	_
209-14	BO140	209	209	14	c'	c'	_	_	_	_	_	linguistic	_	none	SpaceAfter=No	_	_	_	_	_
209-15	BO140	209	209	15	è	è	_	_	_	_	_	linguistic	_	none	_	_	_	_	_	_
209-16	BO140	209	209	16	un	un	_	_	_	_	_	linguistic	_	none	_	_	_	_	_	_
209-17	BO140	209	209	17	parco	parco	_	_	_	_	_	linguistic	_	none	_	_	_	_	_	_
209-18	BO140	209	209	18	pubblico,	pubblico	_	_	_	_	_	linguistic	_	none	Intonation=WeaklyRising	End=833.95	_	_	_	_
210-0	BO140	210	210	0	che:	che	_	_	_	_	_	linguistic	_	none	_	Begin=834.694	2x1	_	_	_
210-1	BO140	210	210	1	ho	ho	_	_	_	_	_	linguistic	_	none	_	_	_	_	_	_
210-2	BO140	210	210	2	scoperto	scoperto	_	_	_	_	_	linguistic	_	none	_	_	_	_	_	_
210-3	BO140	210	210	3	l'	l'	_	_	_	_	_	linguistic	_	none	SpaceAfter=No	_	_	_	_	_
210-4	BO140	210	210	4	anno	anno	_	_	_	_	_	linguistic	_	none	_	_	_	_	_	_
210-5	BO140	210	210	5	scorso:	scorso	_	_	_	_	_	linguistic	_	none	_	_	5x1	_	_	_
210-6	BO140	210	210	6	e:	e	_	_	_	_	_	linguistic	_	none	_	_	0x1	_	_	_
210-7	BO140	210	210	7	se	se	_	_	_	_	_	linguistic	_	none	_	_	_	_	_	_
210-8	BO140	210	210	8	vai	vai	_	_	_	_	_	linguistic	_	none	_	_	_	_	_	_
210-9	BO140	210	210	9	lì:	lì	_	_	_	_	_	linguistic	_	none	_	_	1x1	_	_	_
210-10	BO140	210	210	10	mmmh:	mmmh	_	_	_	_	_	linguistic	_	none	_	_	3x1	_	_	_
210-11	BO140	210	210	11	in	in	_	_	_	_	_	linguistic	_	none	_	_	_	_	_	_
210-12	BO140	210	210	12	certi	certi	_	_	_	_	_	linguistic	_	none	_	_	_	_	_	_
210-13	BO140	210	210	13	orari	orari	_	_	_	_	_	linguistic	_	none	_	_	_	_	_	_
210-14	BO140	210	210	14	non	non	_	_	_	_	_	linguistic	_	none	_	_	_	_	_	_
210-15	BO140	210	210	15	trovi	trovi	_	_	_	_	_	linguistic	_	none	_	_	_	_	_	_
210-16	BO140	210	210	16	mai	mai	_	_	_	_	_	linguistic	_	none	_	_	_	_	_	_
210-17	BO140	210	210	17	nessu:no,	nessuno	_	_	_	_	_	linguistic	_	none	Intonation=WeaklyRising	End=841.11	4x1	_	_	_
211-0	BO118	211	211	0	mh	mh	_	_	_	_	_	linguistic	_	none	_	Begin=841.234	_	_	_	_
211-1	BO118	211	211	1	dove	dove	_	_	_	_	_	linguistic	_	none	_	_	_	_	_	_
211-2	BO118	211	211	2	[sta]?	sta	_	_	_	_	_	linguistic	_	none	Intonation=Rising	End=842.11	_	_	_	0-3(36)
212-0	BO140	212	212	0	[cioè]	cioè	_	_	_	_	_	linguistic	_	none	_	Begin=841.564|End=842.1	_	_	_	0-4(36)
213-0	BO140	213	213	0	è:	è	_	_	_	_	_	linguistic	_	none	_	Begin=842.754	0x1	_	_	_
213-1	BO140	213	213	1	il	il	_	_	_	_	_	linguistic	_	none	_	_	_	_	_	_
213-2	BO140	213	213	2	parco	parco	_	_	_	_	_	linguistic	_	none	_	_	_	_	_	_
213-3	BO140	213	213	3	mello:ni.	melloni	_	_	_	_	_	linguistic	_	none	Intonation=Falling	_	4x1	_	_	_
213-4	BO140	213	213	4	si	si	_	_	_	_	_	linguistic	_	none	_	_	_	_	_	_
213-5	BO140	213	213	5	[trova]	trova	_	_	_	_	_	linguistic	_	none	_	_	_	_	_	0-5(37)
213-6	BO140	213	213	6	tipo:::	tipo	_	_	_	_	_	linguistic	_	none	_	_	3x3	_	_	_
213-7	BO140	213	213	7	tra	tra	_	_	_	_	_	linguistic	_	none	_	_	_	_	_	_
213-8	BO140	213	213	8	via	via	_	_	_	_	_	linguistic	_	none	_	_	_	_	_	_
213-9	BO140	213	213	9	mello:ni:	melloni	_	_	_	_	_	linguistic	_	none	_	_	4x1,6x1	_	_	_
213-10	BO140	213	213	10	e::	e	_	_	_	_	_	linguistic	_	none	_	_	0x2	_	_	_
213-11	BO140	213	213	11	l'	l'	_	_	_	_	_	linguistic	_	none	SpaceAfter=No	_	_	_	_	_
213-12	BO140	213	213	12	altra	altra	_	_	_	_	_	linguistic	_	none	_	_	_	_	_	_
213-13	BO140	213	213	13	non	non	_	_	_	_	_	linguistic	_	none	_	_	_	_	_	_
213-14	BO140	213	213	14	so	so	_	_	_	_	_	linguistic	_	none	_	_	_	_	_	_
213-15	BO140	213	213	15	come	come	_	_	_	_	_	linguistic	_	none	_	_	_	_	_	_
213-16	BO140	213	213	16	si	si	_	_	_	_	_	linguistic	_	none	_	_	_	_	_	_
213-17	BO140	213	213	17	chiami	chiami	_	_	_	_	_	linguistic	_	none	_	_	_	_	_	_
213-18	BO140	213	213	18	in	in	_	_	_	_	_	linguistic	_	none	_	_	_	_	_	_
213-19	BO140	213	213	19	realtà	realtà	_	_	_	_	_	linguistic	_	none	_	End=849.27	_	_	_	_
214-0	BO118	214	214	0	[°ah°]	ah	_	_	_	_	_	linguistic	_	none	Volume=low	Begin=844.08|End=844.43	_	_	_	0-2(37)
215-0	BO140	215	215	0	però	però	_	_	_	_	_	linguistic	_	none	_	Begin=849.372	_	_	_	_
215-1	BO140	215	215	1	ti~	ti~	_	_	_	_	_	linguistic	_	none	Interrupted=Yes	_	_	_	_	_
215-2	BO140	215	215	2	è	è	_	_	_	_	_	linguistic	_	none	_	_	_	_	_	_
215-3	BO140	215	215	3	piccolino:	piccolino	_	_	_	_	_	linguistic	_	none	_	_	8x1	_	_	_
215-4	BO140	215	215	4	è	è	_	_	_	_	_	linguistic	_	none	_	_	_	_	_	_
215-5	BO140	215	215	5	racchiu:so	racchiuso	_	_	_	_	_	linguistic	_	none	_	_	6x1	_	_	_
215-6	BO140	215	215	6	in	in	_	_	_	_	_	linguistic	_	none	_	_	_	_	_	_
215-7	BO140	215	215	7	mezzo	mezzo	_	_	_	_	_	linguistic	_	none	_	_	_	_	_	_
215-8	BO140	215	215	8	alle	alle	_	_	_	_	_	linguistic	_	none	_	_	_	_	_	_
215-9	BO140	215	215	9	case,	case	_	_	_	_	_	linguistic	_	none	Intonation=WeaklyRising	End=852.86	_	_	_	_
216-0	BO140	216	216	0	e	e	_	_	_	_	_	linguistic	_	none	_	Begin=853.367	_	_	_	_
216-1	BO140	216	216	1	è	è	_	_	_	_	_	linguistic	_	none	_	_	_	_	_	_
216-2	BO140	216	216	2	molto	molto	_	_	_	_	_	linguistic	_	none	_	_	_	_	_	_
216-3	BO140	216	216	3	carino	carino	_	_	_	_	_	linguistic	_	none	_	_	_	_	_	_
216-4	BO140	216	216	4	cioè	cioè	_	_	_	_	_	linguistic	_	none	_	_	_	_	_	_
216-5	BO140	216	216	5	ci	ci	_	_	_	_	_	linguistic	_	none	_	_	_	_	_	_
216-6	BO140	216	216	6	portano	portano	_	_	_	_	_	linguistic	_	none	_	_	_	_	_	_
216-7	BO140	216	216	7	i	i	_	_	_	_	_	linguistic	_	none	_	_	_	_	_	_
216-8	BO140	216	216	8	cani::,	cani	_	_	_	_	_	linguistic	_	none	Intonation=WeaklyRising	_	3x2	_	_	_
216-9	BO140	216	216	9	e:	e	_	_	_	_	_	linguistic	_	none	_	_	0x1	_	_	_
216-10	BO140	216	216	10	anche	anche	_	_	_	_	_	linguistic	_	none	_	_	_	_	_	_
216-11	BO140	216	216	11	i	i	_	_	_	_	_	linguistic	_	none	_	_	_	_	_	_
216-12	BO140	216	216	12	bimbi	bimbi	_	_	_	_	_	linguistic	_	none	_	_	_	_	_	_
216-13	BO140	216	216	13	ci	ci	_	_	_	_	_	linguistic	_	none	_	_	_	_	_	_
216-14	BO140	216	216	14	sono	sono	_	_	_	_	_	linguistic	_	none	_	_	_	_	_	_
216-15	BO140	216	216	15	i	i	_	_	_	_	_	linguistic	_	none	_	_	_	_	_	_
216-16	BO140	216	216	16	giochi	giochi	_	_	_	_	_	linguistic	_	none	_	_	_	_	_	_
216-17	BO140	216	216	17	per	per	_	_	_	_	_	linguistic	_	none	_	_	_	_	_	_
216-18	BO140	216	216	18	bambini	bambini	_	_	_	_	_	linguistic	_	none	_	_	_	_	_	_
216-19	BO140	216	216	19	così.	così	_	_	_	_	_	linguistic	_	none	Intonation=Falling	_	_	_	_	_
216-20	BO140	216	216	20	quindi	quindi	_	_	_	_	_	linguistic	_	none	_	_	_	_	_	_
216-21	BO140	216	216	21	se	se	_	_	_	_	_	linguistic	_	none	_	_	_	_	_	_
216-22	BO140	216	216	22	tipo	tipo	_	_	_	_	_	linguistic	_	none	_	_	_	_	_	_
216-23	BO140	216	216	23	ci	ci	_	_	_	_	_	linguistic	_	none	_	_	_	_	_	_
216-24	BO140	216	216	24	vai	vai	_	_	_	_	_	linguistic	_	none	_	_	_	_	_	_
216-25	BO140	216	216	25	la	la	_	_	_	_	_	linguistic	_	none	_	_	_	_	_	_
216-26	BO140	216	216	26	sera::	sera	_	_	_	_	_	linguistic	_	none	_	_	3x2	_	_	_
216-27	BO140	216	216	27	alle	alle	_	_	_	_	_	linguistic	_	none	_	_	_	_	_	_
216-28	BO140	216	216	28	nove	nove	_	_	_	_	_	linguistic	_	none	_	_	_	_	_	_
216-29	BO140	216	216	29	di	di	_	_	_	_	_	linguistic	_	none	_	_	_	_	_	_
216-30	BO140	216	216	30	sera	sera	_	_	_	_	_	linguistic	_	none	_	_	_	_	_	_
216-31	BO140	216	216	31	in	in	_	_	_	_	_	linguistic	_	none	_	_	_	_	_	_
216-32	BO140	216	216	32	estate,	estate	_	_	_	_	_	linguistic	_	none	Intonation=WeaklyRising	End=862.43	_	_	_	_
217-0	BO140	217	217	0	è	è	_	_	_	_	_	linguistic	_	none	_	Begin=862.933	_	_	_	_
217-1	BO140	217	217	1	difficile	difficile	_	_	_	_	_	linguistic	_	none	_	_	_	_	_	_
217-2	BO140	217	217	2	che	che	_	_	_	_	_	linguistic	_	none	_	_	_	_	_	_
217-3	BO140	217	217	3	trovi	trovi	_	_	_	_	_	linguistic	_	none	_	_	_	_	_	_
217-4	BO140	217	217	4	qualcuno	qualcuno	_	_	_	_	_	linguistic	_	none	_	_	_	_	_	_
217-5	BO140	217	217	5	magari	magari	_	_	_	_	_	linguistic	_	none	_	_	_	_	_	_
217-6	BO140	217	217	6	no?	no	_	_	_	_	_	linguistic	_	none	Intonation=Rising	End=865.42	_	_	_	_
218-0	BO140	218	218	0	è	è	_	_	_	_	_	linguistic	_	none	_	Begin=865.793	_	_	_	_
218-1	BO140	218	218	1	carino:	carino	_	_	_	_	_	linguistic	_	none	_	_	5x1	_	_	_
218-2	BO140	218	218	2	stai	stai	_	_	_	_	_	linguistic	_	none	_	_	_	_	_	_
218-3	BO140	218	218	3	lì::,	lì	_	_	_	_	_	linguistic	_	none	Intonation=WeaklyRising	End=867.27	1x2	_	_	_
219-0	BO140	219	219	0	è	è	_	_	_	_	_	linguistic	_	none	_	Begin=867.876	_	_	_	_
219-1	BO140	219	219	1	molto	molto	_	_	_	_	_	linguistic	_	none	_	_	_	_	_	_
219-2	BO140	219	219	2	tranquilla	tranquilla	_	_	_	_	_	linguistic	_	none	_	_	_	_	_	_
219-3	BO140	219	219	3	come	come	_	_	_	_	_	linguistic	_	none	_	_	_	_	_	_
219-4	BO140	219	219	4	zona.	zona	_	_	_	_	_	linguistic	_	none	Intonation=Falling	End=869.403	_	_	_	_
220-0	BO118	220	220	0	sì	sì	_	_	_	_	_	linguistic	_	none	_	Begin=869.403	_	_	_	_
220-1	BO118	220	220	1	ma	ma	_	_	_	_	_	linguistic	_	none	_	_	_	_	_	_
220-2	BO118	220	220	2	infatti,	infatti	_	_	_	_	_	linguistic	_	none	Intonation=WeaklyRising	_	_	_	_	_
220-3	BO118	220	220	3	già:	già	_	_	_	_	_	linguistic	_	none	_	_	2x1	_	_	_
220-4	BO118	220	220	4	uscendo	uscendo	_	_	_	_	_	linguistic	_	none	_	_	_	_	_	_
220-5	BO118	220	220	5	dalle	dalle	_	_	_	_	_	linguistic	_	none	_	_	_	_	_	_
220-6	BO118	220	220	6	mura:,	mura	_	_	_	_	_	linguistic	_	none	Intonation=WeaklyRising	End=872.467	3x1	_	_	_
221-0	BO118	221	221	0	è	è	_	_	_	_	_	linguistic	_	none	_	Begin=872.73	_	_	_	_
221-1	BO118	221	221	1	diversa	diversa	_	_	_	_	_	linguistic	_	none	_	_	_	_	_	_
221-2	BO118	221	221	2	bologna:	bologna	_	_	_	_	_	linguistic	_	none	_	_	6x1	_	_	_
221-3	BO118	221	221	3	cioè	cioè	_	_	_	_	_	linguistic	_	none	_	_	_	_	_	_
221-4	BO118	221	221	4	proprio	proprio	_	_	_	_	_	linguistic	_	none	_	_	_	_	_	_
221-5	BO118	221	221	5	cambia	cambia	_	_	_	_	_	linguistic	_	none	_	_	_	_	_	_
221-6	BO118	221	221	6	totalmente	totalmente	_	_	_	_	_	linguistic	_	none	_	End=875.43	_	_	_	_
222-0	BO140	222	222	0	sì	sì	_	_	_	_	_	linguistic	_	none	_	Begin=875.48|End=875.606	_	_	_	_
223-0	BO118	223	223	0	secondo	secondo	_	_	_	_	_	linguistic	_	none	_	Begin=875.61	_	_	_	_
223-1	BO118	223	223	1	me	me	_	_	_	_	_	linguistic	_	none	_	End=876.347	_	_	_	_
224-0	BO140	224	224	0	e	e	_	_	_	_	_	linguistic	_	none	_	Begin=876.34	_	_	_	_
224-1	BO140	224	224	1	infatti	infatti	_	_	_	_	_	linguistic	_	none	_	_	_	_	_	_
224-2	BO140	224	224	2	per	per	_	_	_	_	_	linguistic	_	none	_	_	_	_	_	_
224-3	BO140	224	224	3	[que:llo:],	quello	_	_	_	_	_	linguistic	_	none	Intonation=WeaklyRising	End=877.83	2x1,5x1	_	_	0-6(39)
225-0	BO118	225	225	0	[anche]	anche	_	_	_	_	_	linguistic	_	none	_	Begin=877.223	_	_	_	0-5(39)
225-1	BO118	225	225	1	zona	zona	_	_	_	_	_	linguistic	_	none	_	_	_	_	_	_
225-2	BO118	225	225	2	mu:rri	murri	_	_	_	_	_	linguistic	_	none	_	_	1x1	_	_	_
225-3	BO118	225	225	3	dove::	dove	_	_	_	_	_	linguistic	_	none	_	_	3x2	_	_	_
225-4	BO118	225	225	4	[abita	abita	_	_	_	_	_	linguistic	_	none	_	_	_	_	_	0-5(40)
225-5	BO118	225	225	5	le]o	leo	_	_	_	_	_	linguistic	_	none	_	End=880.165	_	_	_	0-2(40)
226-0	BO140	226	226	0	[sì	sì	_	_	_	_	_	linguistic	_	none	_	Begin=879.05	_	_	_	0-2(40)
226-1	BO140	226	226	1	esatto].	esatto	_	_	_	_	_	linguistic	_	none	Intonation=Falling	End=880.01	_	_	_	0-6(40)
227-0	BO118	227	227	0	cioè	cioè	_	_	_	_	_	linguistic	_	none	_	Begin=881.05	_	_	_	_
227-1	BO118	227	227	1	là::	là	_	_	_	_	_	linguistic	_	none	_	_	1x2	_	_	_
227-2	BO118	227	227	2	[io]	io	_	_	_	_	_	linguistic	_	none	_	End=882.1	_	_	_	0-2(41)
228-0	BO140	228	228	0	[cioè]	cioè	_	_	_	_	_	linguistic	_	none	_	Begin=881.845	_	_	_	0-4(41)
228-1	BO140	228	228	1	è	è	_	_	_	_	_	linguistic	_	none	_	_	_	_	_	_
228-2	BO140	228	228	2	molto	molto	_	_	_	_	_	linguistic	_	none	_	_	_	_	_	_
228-3	BO140	228	228	3	residenzia:le:	residenziale	_	_	_	_	_	linguistic	_	none	_	_	9x1,11x1	_	_	_
228-4	BO140	228	228	4	lo	lo	_	_	_	_	_	linguistic	_	none	_	_	_	_	_	_
228-5	BO140	228	228	5	[sen]ti	senti	_	_	_	_	_	linguistic	_	none	_	_	_	_	_	0-3(42)
228-6	BO140	228	228	6	lo	lo	_	_	_	_	_	linguistic	_	none	_	_	_	_	_	_
228-7	BO140	228	228	7	vedi	vedi	_	_	_	_	_	linguistic	_	none	_	_	_	_	_	_
228-8	BO140	228	228	8	che	che	_	_	_	_	_	linguistic	_	none	_	_	_	_	_	_
228-9	BO140	228	228	9	ci	ci	_	_	_	_	_	linguistic	_	none	_	_	_	_	_	_
228-10	BO140	228	228	10	abitan	abitan	_	_	_	_	_	linguistic	_	none	_	_	_	_	_	_
228-11	BO140	228	228	11	delle	delle	_	_	_	_	_	linguistic	_	none	_	_	_	_	_	_
228-12	BO140	228	228	12	fami:glie::	famiglie	_	_	_	_	_	linguistic	_	none	_	_	3x1,7x2	_	_	_
228-13	BO140	228	228	13	i	i	_	_	_	_	_	linguistic	_	none	_	_	_	_	_	_
228-14	BO140	228	228	14	non	non	_	_	_	_	_	linguistic	_	none	_	_	_	_	_	_
228-15	BO140	228	228	15	studenti	studenti	_	_	_	_	_	linguistic	_	none	_	_	_	_	_	_
228-16	BO140	228	228	16	quindi::,	quindi	_	_	_	_	_	linguistic	_	none	Intonation=WeaklyRising	End=888.22	5x2	_	_	_
229-0	BO118	229	229	0	[si].	si	_	_	_	_	_	linguistic	_	none	Intonation=Falling	Begin=883.51|End=884.14	_	_	_	0-2(42)
230-0	BO140	230	230	0	cioè	cioè	_	_	_	_	_	linguistic	_	none	_	Begin=888.612	_	_	_	_
230-1	BO140	230	230	1	se	se	_	_	_	_	_	linguistic	_	none	_	_	_	_	_	_
230-2	BO140	230	230	2	vuoi	vuoi	_	_	_	_	_	linguistic	_	none	_	_	_	_	_	_
230-3	BO140	230	230	3	anche	anche	_	_	_	_	_	linguistic	_	none	_	_	_	_	_	_
230-4	BO140	230	230	4	più	più	_	_	_	_	_	linguistic	_	none	_	_	_	_	_	_
230-5	BO140	230	230	5	tranquillità:	tranquillità	_	_	_	_	_	linguistic	_	none	_	_	11x1	_	_	_
230-6	BO140	230	230	6	ti	ti	_	_	_	_	_	linguistic	_	none	_	_	_	_	_	_
230-7	BO140	230	230	7	sposti	sposti	_	_	_	_	_	linguistic	_	none	_	_	_	_	_	_
230-8	BO140	230	230	8	verso	verso	_	_	_	_	_	linguistic	_	none	_	_	_	_	_	_
230-9	BO140	230	230	9	fuori	fuori	_	_	_	_	_	linguistic	_	none	_	_	_	_	_	_
230-10	BO140	230	230	10	generalmente:	generalmente	_	_	_	_	_	linguistic	_	none	_	_	11x1	_	_	_
230-11	BO140	230	230	11	[non]	non	_	_	_	_	_	linguistic	_	none	_	_	_	_	_	0-3(43)
230-12	BO140	230	230	12	conosco	conosco	_	_	_	_	_	linguistic	_	none	_	_	_	_	_	_
230-13	BO140	230	230	13	person~	person~	_	_	_	_	_	linguistic	_	none	Interrupted=Yes	_	_	_	_	_
230-14	BO140	230	230	14	famiglie:	famiglie	_	_	_	_	_	linguistic	_	none	_	_	7x1	_	_	_
230-15	BO140	230	230	15	che	che	_	_	_	_	_	linguistic	_	none	_	_	_	_	_	_
230-16	BO140	230	230	16	bolognesi	bolognesi	_	_	_	_	_	linguistic	_	none	_	_	_	_	_	_
230-17	BO140	230	230	17	che	che	_	_	_	_	_	linguistic	_	none	_	_	_	_	_	_
230-18	BO140	230	230	18	abitano	abitano	_	_	_	_	_	linguistic	_	none	_	_	_	_	_	_
230-19	BO140	230	230	19	in	in	_	_	_	_	_	linguistic	_	none	_	_	_	_	_	_
230-20	BO140	230	230	20	centro.	centro	_	_	_	_	_	linguistic	_	none	Intonation=Falling	End=896.59	_	_	_	_
231-0	BO118	231	231	0	[esatto].	esatto	_	_	_	_	_	linguistic	_	none	Intonation=Falling	Begin=892.01|End=892.76	_	_	_	0-6(43)
232-0	BO140	232	232	0	comunque	comunque	_	_	_	_	_	linguistic	_	none	_	Begin=897.496	_	_	_	_
232-1	BO140	232	232	1	se	se	_	_	_	_	_	linguistic	_	none	_	_	_	_	_	_
232-2	BO140	232	232	2	abitan	abitan	_	_	_	_	_	linguistic	_	none	_	_	_	_	_	_
232-3	BO140	232	232	3	son	son	_	_	_	_	_	linguistic	_	none	_	_	_	_	_	_
232-4	BO140	232	232	4	rimaste	rimaste	_	_	_	_	_	linguistic	_	none	_	_	_	_	_	_
232-5	BO140	232	232	5	nelle	nelle	_	_	_	_	_	linguistic	_	none	_	_	_	_	_	_
232-6	BO140	232	232	6	zone	zone	_	_	_	_	_	linguistic	_	none	_	_	_	_	_	_
232-7	BO140	232	232	7	più	più	_	_	_	_	_	linguistic	_	none	_	_	_	_	_	_
232-8	BO140	232	232	8	sto:riche	storiche	_	_	_	_	_	linguistic	_	none	_	_	2x1	_	_	_
232-9	BO140	232	232	9	tipo::,	tipo	_	_	_	_	_	linguistic	_	none	Intonation=WeaklyRising	End=901.52	3x2	_	_	_
233-0	BO140	233	233	0	castigl[ione::],	castiglione	_	_	_	_	_	linguistic	_	none	Intonation=WeaklyRising	Begin=902.021|End=903.913	10x2	_	_	7-11(44)
234-0	BO118	234	234	0	[sì	sì	_	_	_	_	_	linguistic	_	none	_	Begin=903.06	_	_	_	0-2(44)
234-1	BO118	234	234	1	esatto].	esatto	_	_	_	_	_	linguistic	_	none	Intonation=Falling	End=903.9	_	_	_	0-6(44)
235-0	BO140	235	235	0	sì.	sì	_	_	_	_	_	linguistic	_	none	Intonation=Falling	Begin=904.02|End=904.43	_	_	_	_
236-0	BO118	236	236	0	anche	anche	_	_	_	_	_	linguistic	_	none	_	Begin=904.445	_	_	_	_
236-1	BO118	236	236	1	se	se	_	_	_	_	_	linguistic	_	none	_	_	_	_	_	_
236-2	BO118	236	236	2	io	io	_	_	_	_	_	linguistic	_	none	_	_	_	_	_	_
236-3	BO118	236	236	3	non	non	_	_	_	_	_	linguistic	_	none	_	_	_	_	_	_
236-4	BO118	236	236	4	so	so	_	_	_	_	_	linguistic	_	none	_	_	_	_	_	_
236-5	BO118	236	236	5	se	se	_	_	_	_	_	linguistic	_	none	_	_	_	_	_	_
236-6	BO118	236	236	6	mh::	mh	_	_	_	_	_	linguistic	_	none	_	_	1x2	_	_	_
236-7	BO118	236	236	7	nel	nel	_	_	_	_	_	linguistic	_	none	_	_	_	_	_	_
236-8	BO118	236	236	8	futu~	futu~	_	_	_	_	_	linguistic	_	none	Interrupted=Yes	_	_	_	_	_
236-9	BO118	236	236	9	cioè,	cioè	_	_	_	_	_	linguistic	_	none	Intonation=WeaklyRising	End=908.36	_	_	_	_
237-0	BO118	237	237	0	se	se	_	_	_	_	_	linguistic	_	none	_	Begin=909.017	_	_	_	_
237-1	BO118	237	237	1	da	da	_	_	_	_	_	linguistic	_	none	_	_	_	_	_	_
237-2	BO118	237	237	2	gra:nde	grande	_	_	_	_	_	linguistic	_	none	_	_	2x1	_	_	_
237-3	BO118	237	237	3	vorrò	vorrò	_	_	_	_	_	linguistic	_	none	_	_	_	_	_	_
237-4	BO118	237	237	4	vi:vere	vivere	_	_	_	_	_	linguistic	_	none	_	_	1x1	_	_	_
237-5	BO118	237	237	5	in	in	_	_	_	_	_	linguistic	_	none	_	_	_	_	_	_
237-6	BO118	237	237	6	una	una	_	_	_	_	_	linguistic	_	none	_	_	_	_	_	_
237-7	BO118	237	237	7	città.	città	_	_	_	_	_	linguistic	_	none	Intonation=Falling	End=912.04	_	_	_	_
238-0	BO118	238	238	0	cioè:	cioè	_	_	_	_	_	linguistic	_	none	_	Begin=912.492	3x1	_	_	_
238-1	BO118	238	238	1	la	la	_	_	_	_	_	linguistic	_	none	_	_	_	_	_	_
238-2	BO118	238	238	2	città	città	_	_	_	_	_	linguistic	_	none	_	_	_	_	_	_
238-3	BO118	238	238	3	ti	ti	_	_	_	_	_	linguistic	_	none	_	_	_	_	_	_
238-4	BO118	238	238	4	offre	offre	_	_	_	_	_	linguistic	_	none	_	_	_	_	_	_
238-5	BO118	238	238	5	tanti:ssimo:	tantissimo	_	_	_	_	_	linguistic	_	none	_	_	4x1,9x1	_	_	_
238-6	BO118	238	238	6	anche	anche	_	_	_	_	_	linguistic	_	none	_	_	_	_	_	_
238-7	BO118	238	238	7	a	a	_	_	_	_	_	linguistic	_	none	_	_	_	_	_	_
238-8	BO118	238	238	8	livello	livello	_	_	_	_	_	linguistic	_	none	_	_	_	_	_	_
238-9	BO118	238	238	9	lavorativo	lavorativo	_	_	_	_	_	linguistic	_	none	_	_	_	_	_	_
238-10	BO118	238	238	10	sicuramente	sicuramente	_	_	_	_	_	linguistic	_	none	_	_	_	_	_	_
238-11	BO118	238	238	11	poi	poi	_	_	_	_	_	linguistic	_	none	_	_	_	_	_	_
238-12	BO118	238	238	12	dipende	dipende	_	_	_	_	_	linguistic	_	none	_	_	_	_	_	_
238-13	BO118	238	238	13	da	da	_	_	_	_	_	linguistic	_	none	_	_	_	_	_	_
238-14	BO118	238	238	14	quello	quello	_	_	_	_	_	linguistic	_	none	_	_	_	_	_	_
238-15	BO118	238	238	15	che	che	_	_	_	_	_	linguistic	_	none	_	_	_	_	_	_
238-16	BO118	238	238	16	uno	uno	_	_	_	_	_	linguistic	_	none	_	_	_	_	_	_
238-17	BO118	238	238	17	vuole	vuole	_	_	_	_	_	linguistic	_	none	_	_	_	_	_	_
238-18	BO118	238	238	18	fa	fa	_	_	_	_	_	linguistic	_	none	_	_	_	_	_	_
238-19	BO118	238	238	19	ma	ma	_	_	_	_	_	linguistic	_	none	_	_	_	_	_	_
238-20	BO118	238	238	20	avendo	avendo	_	_	_	_	_	linguistic	_	none	_	_	_	_	_	_
238-21	BO118	238	238	21	fatto	fatto	_	_	_	_	_	linguistic	_	none	_	_	_	_	_	_
238-22	BO118	238	238	22	l'	l'	_	_	_	_	_	linguistic	_	none	SpaceAfter=No	_	_	_	_	_
238-23	BO118	238	238	23	università:	università	_	_	_	_	_	linguistic	_	none	_	_	9x1	_	_	_
238-24	BO118	238	238	24	è	è	_	_	_	_	_	linguistic	_	none	_	_	_	_	_	_
238-25	BO118	238	238	25	ovvio	ovvio	_	_	_	_	_	linguistic	_	none	_	_	_	_	_	_
238-26	BO118	238	238	26	che	che	_	_	_	_	_	linguistic	_	none	_	_	_	_	_	_
238-27	BO118	238	238	27	uno	uno	_	_	_	_	_	linguistic	_	none	_	_	_	_	_	_
238-28	BO118	238	238	28	aspiri	aspiri	_	_	_	_	_	linguistic	_	none	_	_	_	_	_	_
238-29	BO118	238	238	29	a::	a	_	_	_	_	_	linguistic	_	none	_	_	0x2	_	_	_
238-30	BO118	238	238	30	un	un	_	_	_	_	_	linguistic	_	none	_	_	_	_	_	_
238-31	BO118	238	238	31	lavoro::	lavoro	_	_	_	_	_	linguistic	_	none	_	_	5x2	_	_	_
238-32	BO118	238	238	32	mh	mh	_	_	_	_	_	linguistic	_	none	_	_	_	_	_	_
238-33	BO118	238	238	33	ovviamente	ovviamente	_	_	_	_	_	linguistic	_	none	_	_	_	_	_	_
238-34	BO118	238	238	34	non	non	_	_	_	_	_	linguistic	_	none	_	_	_	_	_	_
238-35	BO118	238	238	35	da:	da	_	_	_	_	_	linguistic	_	none	_	_	1x1	_	_	_
238-36	BO118	238	238	36	operaio	operaio	_	_	_	_	_	linguistic	_	none	_	_	_	_	_	_
238-37	BO118	238	238	37	o	o	_	_	_	_	_	linguistic	_	none	_	_	_	_	_	_
238-38	BO118	238	238	38	quello	quello	_	_	_	_	_	linguistic	_	none	_	_	_	_	_	_
238-39	BO118	238	238	39	che	che	_	_	_	_	_	linguistic	_	none	_	_	_	_	_	_
238-40	BO118	238	238	40	sia	sia	_	_	_	_	_	linguistic	_	none	_	End=926.17	_	_	_	_
239-0	BO118	239	239	0	però:	però	_	_	_	_	_	linguistic	_	none	_	Begin=927.342	3x1	_	_	_
239-1	BO118	239	239	1	non	non	_	_	_	_	_	linguistic	_	none	_	_	_	_	_	_
239-2	BO118	239	239	2	so	so	_	_	_	_	_	linguistic	_	none	_	_	_	_	_	_
239-3	BO118	239	239	3	se	se	_	_	_	_	_	linguistic	_	none	_	_	_	_	_	_
239-4	BO118	239	239	4	abiterei	abiterei	_	_	_	_	_	linguistic	_	none	_	_	_	_	_	_
239-5	BO118	239	239	5	in	in	_	_	_	_	_	linguistic	_	none	_	_	_	_	_	_
239-6	BO118	239	239	6	città.	città	_	_	_	_	_	linguistic	_	none	Intonation=Falling	End=929.12	_	_	_	_
240-0	BO118	240	240	0	o	o	_	_	_	_	_	linguistic	_	none	_	Begin=929.442	_	_	_	_
240-1	BO118	240	240	1	perlomeno	perlomeno	_	_	_	_	_	linguistic	_	none	_	_	_	_	_	_
240-2	BO118	240	240	2	se	se	_	_	_	_	_	linguistic	_	none	_	_	_	_	_	_
240-3	BO118	240	240	3	abiterei	abiterei	_	_	_	_	_	linguistic	_	none	_	_	_	_	_	_
240-4	BO118	240	240	4	a	a	_	_	_	_	_	linguistic	_	none	_	_	_	_	_	_
240-5	BO118	240	240	5	bologna.	bologna	_	_	_	_	_	linguistic	_	none	Intonation=Falling	End=931.042	_	_	_	_
241-0	BO140	241	241	0	[ma	ma	_	_	_	_	_	linguistic	_	none	_	Begin=931.393	_	_	_	0-2(45)
241-1	BO140	241	241	1	in	in	_	_	_	_	_	linguistic	_	none	_	_	_	_	_	0-2(45)
241-2	BO140	241	241	2	città]	città	_	_	_	_	_	linguistic	_	none	_	_	_	_	_	0-5(45)
241-3	BO140	241	241	3	parli	parli	_	_	_	_	_	linguistic	_	none	_	_	_	_	_	_
241-4	BO140	241	241	4	di	di	_	_	_	_	_	linguistic	_	none	_	_	_	_	_	_
241-5	BO140	241	241	5	centro	centro	_	_	_	_	_	linguistic	_	none	_	_	_	_	_	_
241-6	BO140	241	241	6	storico?	storico	_	_	_	_	_	linguistic	_	none	Intonation=Rising	_	_	_	_	_
241-7	BO140	241	241	7	o::	o	_	_	_	_	_	linguistic	_	none	_	_	0x2	_	_	_
241-8	BO140	241	241	8	o	o	_	_	_	_	_	linguistic	_	none	_	_	_	_	_	_
241-9	BO140	241	241	9	città	città	_	_	_	_	_	linguistic	_	none	_	_	_	_	_	_
241-10	BO140	241	241	10	come	come	_	_	_	_	_	linguistic	_	none	_	_	_	_	_	_
241-11	BO140	241	241	11	città	città	_	_	_	_	_	linguistic	_	none	_	_	_	_	_	_
241-12	BO140	241	241	12	metropolita:na:	metropolitana	_	_	_	_	_	linguistic	_	none	_	_	10x1,12x1	_	_	_
241-13	BO140	241	241	13	in	in	_	_	_	_	_	linguistic	_	none	_	_	_	_	_	_
241-14	BO140	241	241	14	[gene~]	gene~	_	_	_	_	_	linguistic	_	none	Interrupted=Yes	End=938.31	_	_	_	0-5(46)
242-0	BO118	242	242	0	[cioè:]	cioè	_	_	_	_	_	linguistic	_	none	_	Begin=931.4|End=932.03	3x1	_	_	0-4(45)
243-0	BO118	243	243	0	[città]	città	_	_	_	_	_	linguistic	_	none	_	Begin=937.78	_	_	_	0-5(46)
243-1	BO118	243	243	1	metropolitana	metropolitana	_	_	_	_	_	linguistic	_	none	_	End=939.01	_	_	_	_
244-0	BO140	244	244	0	cioè	cioè	_	_	_	_	_	linguistic	_	none	_	Begin=939.03	_	_	_	_
244-1	BO140	244	244	1	vorresti	vorresti	_	_	_	_	_	linguistic	_	none	_	_	_	_	_	_
244-2	BO140	244	244	2	abitare	abitare	_	_	_	_	_	linguistic	_	none	_	_	_	_	_	_
244-3	BO140	244	244	3	in	in	_	_	_	_	_	linguistic	_	none	_	_	_	_	_	_
244-4	BO140	244	244	4	campagna	campagna	_	_	_	_	_	linguistic	_	none	_	_	_	_	_	_
244-5	BO140	244	244	5	[lontana	lontana	_	_	_	_	_	linguistic	_	none	_	_	_	_	_	0-7(47)
244-6	BO140	244	244	6	dal]	dal	_	_	_	_	_	linguistic	_	none	_	_	_	_	_	0-3(47)
244-7	BO140	244	244	7	dal	dal	_	_	_	_	_	linguistic	_	none	_	_	_	_	_	_
244-8	BO140	244	244	8	traffico:	traffico	_	_	_	_	_	linguistic	_	none	_	_	7x1	_	_	_
244-9	BO140	244	244	9	[e:],	e	_	_	_	_	_	linguistic	_	none	Intonation=WeaklyRising	End=943.44	0x1	_	_	0-1(48)
245-0	BO118	245	245	0	[fo:rse	forse	_	_	_	_	_	linguistic	_	none	_	Begin=940.75	1x1	_	_	0-5(47)
245-1	BO118	245	245	1	sì]	sì	_	_	_	_	_	linguistic	_	none	_	End=941.92	_	_	_	0-2(47)
246-0	BO118	246	246	0	[forse]	forse	_	_	_	_	_	linguistic	_	none	_	Begin=943.18	_	_	_	0-5(48)
246-1	BO118	246	246	1	sì	sì	_	_	_	_	_	linguistic	_	none	_	End=943.97	_	_	_	_
247-0	BO140	247	247	0	no	no	_	_	_	_	_	linguistic	_	none	_	Begin=944.9	_	_	_	_
247-1	BO140	247	247	1	io	io	_	_	_	_	_	linguistic	_	none	_	_	_	_	_	_
247-2	BO140	247	247	2	in	in	_	_	_	_	_	linguistic	_	none	_	_	_	_	_	_
247-3	BO140	247	247	3	realtà	realtà	_	_	_	_	_	linguistic	_	none	_	_	_	_	_	_
247-4	BO140	247	247	4	no.	no	_	_	_	_	_	linguistic	_	none	Intonation=Falling	End=945.9	_	_	_	_
248-0	BO140	248	248	0	cioè	cioè	_	_	_	_	_	linguistic	_	none	_	Begin=946.06	_	_	_	_
248-1	BO140	248	248	1	nel	nel	_	_	_	_	_	linguistic	_	none	_	_	_	_	_	_
248-2	BO140	248	248	2	senso	senso	_	_	_	_	_	linguistic	_	none	_	_	_	_	_	_
248-3	BO140	248	248	3	per	per	_	_	_	_	_	linguistic	_	none	_	_	_	_	_	_
248-4	BO140	248	248	4	quanto	quanto	_	_	_	_	_	linguistic	_	none	_	_	_	_	_	_
248-5	BO140	248	248	5	mi	mi	_	_	_	_	_	linguistic	_	none	_	_	_	_	_	_
248-6	BO140	248	248	6	piaccia	piaccia	_	_	_	_	_	linguistic	_	none	_	_	_	_	_	_
248-7	BO140	248	248	7	la	la	_	_	_	_	_	linguistic	_	none	_	_	_	_	_	_
248-8	BO140	248	248	8	tranquillità:	tranquillità	_	_	_	_	_	linguistic	_	none	_	_	11x1	_	_	_
248-9	BO140	248	248	9	e	e	_	_	_	_	_	linguistic	_	none	_	_	_	_	_	_
248-10	BO140	248	248	10	la	la	_	_	_	_	_	linguistic	_	none	_	_	_	_	_	_
248-11	BO140	248	248	11	serenità:	serenità	_	_	_	_	_	linguistic	_	none	_	_	7x1	_	_	_
248-12	BO140	248	248	12	non	non	_	_	_	_	_	linguistic	_	none	_	_	_	_	_	_
248-13	BO140	248	248	13	mi	mi	_	_	_	_	_	linguistic	_	none	_	_	_	_	_	_
248-14	BO140	248	248	14	piacerebbe	piacerebbe	_	_	_	_	_	linguistic	_	none	_	_	_	_	_	_
248-15	BO140	248	248	15	abitare	abitare	_	_	_	_	_	linguistic	_	none	_	_	_	_	_	_
248-16	BO140	248	248	16	lontano	lontano	_	_	_	_	_	linguistic	_	none	_	_	_	_	_	_
248-17	BO140	248	248	17	da	da	_	_	_	_	_	linguistic	_	none	_	_	_	_	_	_
248-18	BO140	248	248	18	tutto.	tutto	_	_	_	_	_	linguistic	_	none	Intonation=Falling	End=952.54	_	_	_	_
249-0	BO140	249	249	0	perché::	perché	_	_	_	_	_	linguistic	_	none	_	Begin=953.325	5x2	_	_	_
249-1	BO140	249	249	1	son	son	_	_	_	_	_	linguistic	_	none	_	_	_	_	_	_
249-2	BO140	249	249	2	sempre	sempre	_	_	_	_	_	linguistic	_	none	_	_	_	_	_	_
249-3	BO140	249	249	3	stata	stata	_	_	_	_	_	linguistic	_	none	_	_	_	_	_	_
249-4	BO140	249	249	4	una	una	_	_	_	_	_	linguistic	_	none	_	_	_	_	_	_
249-5	BO140	249	249	5	persona	persona	_	_	_	_	_	linguistic	_	none	_	_	_	_	_	_
249-6	BO140	249	249	6	molto:::,	molto	_	_	_	_	_	linguistic	_	none	Intonation=WeaklyRising	End=957.16	4x3	_	_	_
250-0	BO140	250	250	0	socievole:	socievole	_	_	_	_	_	linguistic	_	none	_	Begin=958.01	8x1	_	_	_
250-1	BO140	250	250	1	cioè	cioè	_	_	_	_	_	linguistic	_	none	_	_	_	_	_	_
250-2	BO140	250	250	2	mi	mi	_	_	_	_	_	linguistic	_	none	_	_	_	_	_	_
250-3	BO140	250	250	3	piace	piace	_	_	_	_	_	linguistic	_	none	_	_	_	_	_	_
250-4	BO140	250	250	4	stare	stare	_	_	_	_	_	linguistic	_	none	_	_	_	_	_	_
250-5	BO140	250	250	5	con	con	_	_	_	_	_	linguistic	_	none	_	_	_	_	_	_
250-6	BO140	250	250	6	le	le	_	_	_	_	_	linguistic	_	none	_	_	_	_	_	_
250-7	BO140	250	250	7	persone	persone	_	_	_	_	_	linguistic	_	none	_	_	_	_	_	_
250-8	BO140	250	250	8	poi	poi	_	_	_	_	_	linguistic	_	none	_	_	_	_	_	_
250-9	BO140	250	250	9	ho	ho	_	_	_	_	_	linguistic	_	none	_	_	_	_	_	_
250-10	BO140	250	250	10	bisogno	bisogno	_	_	_	_	_	linguistic	_	none	_	_	_	_	_	_
250-11	BO140	250	250	11	dei	dei	_	_	_	_	_	linguistic	_	none	_	_	_	_	_	_
250-12	BO140	250	250	12	miei	miei	_	_	_	_	_	linguistic	_	none	_	_	_	_	_	_
250-13	BO140	250	250	13	spazi.	spazi	_	_	_	_	_	linguistic	_	none	Intonation=Falling	End=962.7	_	_	_	_
251-0	BO140	251	251	0	però:	però	_	_	_	_	_	linguistic	_	none	_	Begin=962.98	3x1	_	_	_
251-1	BO140	251	251	1	mi	mi	_	_	_	_	_	linguistic	_	none	_	_	_	_	_	_
251-2	BO140	251	251	2	piace	piace	_	_	_	_	_	linguistic	_	none	_	_	_	_	_	_
251-3	BO140	251	251	3	tantissimo	tantissimo	_	_	_	_	_	linguistic	_	none	_	_	_	_	_	_
251-4	BO140	251	251	4	uscire	uscire	_	_	_	_	_	linguistic	_	none	_	_	_	_	_	_
251-5	BO140	251	251	5	a	a	_	_	_	_	_	linguistic	_	none	_	_	_	_	_	_
251-6	BO140	251	251	6	farmi	farmi	_	_	_	_	_	linguistic	_	none	_	_	_	_	_	_
251-7	BO140	251	251	7	una	una	_	_	_	_	_	linguistic	_	none	_	_	_	_	_	_
251-8	BO140	251	251	8	passeggiata:	passeggiata	_	_	_	_	_	linguistic	_	none	_	_	10x1	_	_	_
251-9	BO140	251	251	9	e:	e	_	_	_	_	_	linguistic	_	none	_	_	0x1	_	_	_
251-10	BO140	251	251	10	incontrare	incontrare	_	_	_	_	_	linguistic	_	none	_	_	_	_	_	_
251-11	BO140	251	251	11	delle	delle	_	_	_	_	_	linguistic	_	none	_	_	_	_	_	_
251-12	BO140	251	251	12	persone.	persone	_	_	_	_	_	linguistic	_	none	Intonation=Falling	End=968.84	_	_	_	_
252-0	BO140	252	252	0	cioè	cioè	_	_	_	_	_	linguistic	_	none	_	Begin=969.29	_	_	_	_
252-1	BO140	252	252	1	farci	farci	_	_	_	_	_	linguistic	_	none	_	_	_	_	_	_
252-2	BO140	252	252	2	due	due	_	_	_	_	_	linguistic	_	none	_	_	_	_	_	_
252-3	BO140	252	252	3	chiacchiere	chiacchiere	_	_	_	_	_	linguistic	_	none	_	_	_	_	_	_
252-4	BO140	252	252	4	magari:	magari	_	_	_	_	_	linguistic	_	none	_	_	5x1	_	_	_
252-5	BO140	252	252	5	così.	così	_	_	_	_	_	linguistic	_	none	Intonation=Falling	End=971.62	_	_	_	_
253-0	BO140	253	253	0	che	che	_	_	_	_	_	linguistic	_	none	_	Begin=972.145	_	_	_	_
253-1	BO140	253	253	1	poi	poi	_	_	_	_	_	linguistic	_	none	_	_	_	_	_	_
253-2	BO140	253	253	2	i	i	_	_	_	_	_	linguistic	_	none	_	_	_	_	_	_
253-3	BO140	253	253	3	miei	miei	_	_	_	_	_	linguistic	_	none	_	_	_	_	_	_
253-4	BO140	253	253	4	spazi	spazi	_	_	_	_	_	linguistic	_	none	_	_	_	_	_	_
253-5	BO140	253	253	5	me	me	_	_	_	_	_	linguistic	_	none	_	_	_	_	_	_
253-6	BO140	253	253	6	li	li	_	_	_	_	_	linguistic	_	none	_	_	_	_	_	_
253-7	BO140	253	253	7	ritaglio:	ritaglio	_	_	_	_	_	linguistic	_	none	_	_	7x1	_	_	_
253-8	BO140	253	253	8	a	a	_	_	_	_	_	linguistic	_	none	_	_	_	_	_	_
253-9	BO140	253	253	9	casa	casa	_	_	_	_	_	linguistic	_	none	_	_	_	_	_	_
253-10	BO140	253	253	10	mia	mia	_	_	_	_	_	linguistic	_	none	_	_	_	_	_	_
253-11	BO140	253	253	11	ecco.	ecco	_	_	_	_	_	linguistic	_	none	Intonation=Falling	End=975.39	_	_	_	_
254-0	BO140	254	254	0	magari	magari	_	_	_	_	_	linguistic	_	none	_	Begin=975.482	_	_	_	_
254-1	BO140	254	254	1	sì	sì	_	_	_	_	_	linguistic	_	none	_	_	_	_	_	_
254-2	BO140	254	254	2	in	in	_	_	_	_	_	linguistic	_	none	_	_	_	_	_	_
254-3	BO140	254	254	3	campagna	campagna	_	_	_	_	_	linguistic	_	none	_	_	_	_	_	_
254-4	BO140	254	254	4	mi	mi	_	_	_	_	_	linguistic	_	none	_	_	_	_	_	_
254-5	BO140	254	254	5	piacerebbe	piacerebbe	_	_	_	_	_	linguistic	_	none	_	_	_	_	_	_
254-6	BO140	254	254	6	abitare:	abitare	_	_	_	_	_	linguistic	_	none	_	_	6x1	_	_	_
254-7	BO140	254	254	7	o	o	_	_	_	_	_	linguistic	_	none	_	_	_	_	_	_
254-8	BO140	254	254	8	in	in	_	_	_	_	_	linguistic	_	none	_	_	_	_	_	_
254-9	BO140	254	254	9	in	in	_	_	_	_	_	linguistic	_	none	_	_	_	_	_	_
254-10	BO140	254	254	10	più	più	_	_	_	_	_	linguistic	_	none	_	_	_	_	_	_
254-11	BO140	254	254	11	che	che	_	_	_	_	_	linguistic	_	none	_	_	_	_	_	_
254-12	BO140	254	254	12	in	in	_	_	_	_	_	linguistic	_	none	_	_	_	_	_	_
254-13	BO140	254	254	13	campagna:	campagna	_	_	_	_	_	linguistic	_	none	_	_	7x1	_	_	_
254-14	BO140	254	254	14	in	in	_	_	_	_	_	linguistic	_	none	_	_	_	_	_	_
254-15	BO140	254	254	15	un	un	_	_	_	_	_	linguistic	_	none	_	_	_	_	_	_
254-16	BO140	254	254	16	posto:	posto	_	_	_	_	_	linguistic	_	none	_	_	4x1	_	_	_
254-17	BO140	254	254	17	con	con	_	_	_	_	_	linguistic	_	none	_	_	_	_	_	_
254-18	BO140	254	254	18	del	del	_	_	_	_	_	linguistic	_	none	_	_	_	_	_	_
254-19	BO140	254	254	19	verde.	verde	_	_	_	_	_	linguistic	_	none	Intonation=Falling	End=982.08	_	_	_	_
255-0	BO118	255	255	0	esa:tto:	esatto	_	_	_	_	_	linguistic	_	none	_	Begin=982.48	2x1,5x1	_	_	_
255-1	BO118	255	255	1	cioè	cioè	_	_	_	_	_	linguistic	_	none	_	_	_	_	_	_
255-2	BO118	255	255	2	ma	ma	_	_	_	_	_	linguistic	_	none	_	_	_	_	_	_
255-3	BO118	255	255	3	una	una	_	_	_	_	_	linguistic	_	none	_	_	_	_	_	_
255-4	BO118	255	255	4	via	via	_	_	_	_	_	linguistic	_	none	_	_	_	_	_	_
255-5	BO118	255	255	5	di	di	_	_	_	_	_	linguistic	_	none	_	_	_	_	_	_
255-6	BO118	255	255	6	mezzo:	mezzo	_	_	_	_	_	linguistic	_	none	_	_	4x1	_	_	_
255-7	BO118	255	255	7	tipo	tipo	_	_	_	_	_	linguistic	_	none	_	_	_	_	_	_
255-8	BO118	255	255	8	mh::	mh	_	_	_	_	_	linguistic	_	none	_	_	1x2	_	_	_
255-9	BO118	255	255	9	a	a	_	_	_	_	_	linguistic	_	none	_	_	_	_	_	_
255-10	BO118	255	255	10	firenze	firenze	_	_	_	_	_	linguistic	_	none	_	_	_	_	_	_
255-11	BO118	255	255	11	dove::,	dove	_	_	_	_	_	linguistic	_	none	Intonation=WeaklyRising	End=987.04	3x2	_	_	_
256-0	BO118	256	256	0	dove	dove	_	_	_	_	_	linguistic	_	none	_	Begin=987.385	_	_	_	_
256-1	BO118	256	256	1	m'	m'	_	_	_	_	_	linguistic	_	none	SpaceAfter=No	_	_	_	_	_
256-2	BO118	256	256	2	(hanno	hanno	_	_	_	_	_	linguistic	_	none	_	_	_	_	_	_
256-3	BO118	256	256	3	ospitato	ospitato	_	_	_	_	_	linguistic	_	none	_	_	_	_	_	_
256-4	BO118	256	256	4	cioè	cioè	_	_	_	_	_	linguistic	_	none	_	_	_	_	_	_
256-5	BO118	256	256	5	a	a	_	_	_	_	_	linguistic	_	none	_	_	_	_	_	_
256-6	BO118	256	256	6	pistoia	pistoia	_	_	_	_	_	linguistic	_	none	_	_	_	_	_	_
256-7	BO118	256	256	7	questa	questa	_	_	_	_	_	linguistic	_	none	_	_	_	_	_	_
256-8	BO118	256	256	8	ragazza:	ragazza	_	_	_	_	_	linguistic	_	none	_	_	6x1	_	_	_
256-9	BO118	256	256	9	abitava:::	abitava	_	_	_	_	_	linguistic	_	none	_	_	6x3	_	_	_
256-10	BO118	256	256	10	abbastanza	abbastanza	_	_	_	_	_	linguistic	_	none	_	_	_	_	_	_
256-11	BO118	256	256	11	lontana	lontana	_	_	_	_	_	linguistic	_	none	_	_	_	_	_	_
256-12	BO118	256	256	12	dal	dal	_	_	_	_	_	linguistic	_	none	_	_	_	_	_	_
256-13	BO118	256	256	13	centro	centro	_	_	_	_	_	linguistic	_	none	_	_	_	_	_	_
256-14	BO118	256	256	14	di	di	_	_	_	_	_	linguistic	_	none	_	_	_	_	_	_
256-15	BO118	256	256	15	pistoia	pistoia	_	_	_	_	_	linguistic	_	none	_	_	_	_	_	_
256-16	BO118	256	256	16	>cioè	cioè	_	_	_	_	_	linguistic	_	none	_	_	_	Fast=0-4(0)	_	_
256-17	BO118	256	256	17	c'	c'	_	_	_	_	_	linguistic	_	none	SpaceAfter=No	_	_	Fast=0-2(0)	_	_
256-18	BO118	256	256	18	abbiamo<	abbiamo	_	_	_	_	_	linguistic	_	none	_	_	_	Fast=0-6(0)	_	_
256-19	BO118	256	256	19	messo:,	messo	_	_	_	_	_	linguistic	_	none	Intonation=WeaklyRising	End=995.13	4x1	_	_	_
257-0	BO118	257	257	0	venti	venti	_	_	_	_	_	linguistic	_	none	_	Begin=995.422	_	_	_	_
257-1	BO118	257	257	1	minuti	minuti	_	_	_	_	_	linguistic	_	none	_	_	_	_	_	_
257-2	BO118	257	257	2	con	con	_	_	_	_	_	linguistic	_	none	_	_	_	_	_	_
257-3	BO118	257	257	3	la	la	_	_	_	_	_	linguistic	_	none	_	_	_	_	_	_
257-4	BO118	257	257	4	macchina:	macchina	_	_	_	_	_	linguistic	_	none	_	_	7x1	_	_	_
257-5	BO118	257	257	5	abbiamo	abbiamo	_	_	_	_	_	linguistic	_	none	_	_	_	_	_	_
257-6	BO118	257	257	6	fatto	fatto	_	_	_	_	_	linguistic	_	none	_	_	_	_	_	_
257-7	BO118	257	257	7	una	una	_	_	_	_	_	linguistic	_	none	_	_	_	_	_	_
257-8	BO118	257	257	8	strada	strada	_	_	_	_	_	linguistic	_	none	_	_	_	_	_	_
257-9	BO118	257	257	9	belli:ssima	bellissima	_	_	_	_	_	linguistic	_	none	_	_	4x1	_	_	_
257-10	BO118	257	257	10	per	per	_	_	_	_	_	linguistic	_	none	_	_	_	_	_	_
257-11	BO118	257	257	11	i	i	_	_	_	_	_	linguistic	_	none	_	_	_	_	_	_
257-12	BO118	257	257	12	monti	monti	_	_	_	_	_	linguistic	_	none	_	_	_	_	_	_
257-13	BO118	257	257	13	bella,	bella	_	_	_	_	_	linguistic	_	none	Intonation=WeaklyRising	End=999.65	_	_	_	_
258-0	BO118	258	258	0	e	e	_	_	_	_	_	linguistic	_	none	_	Begin=1000.277	_	_	_	_
258-1	BO118	258	258	1	le:i	lei	_	_	_	_	_	linguistic	_	none	_	_	1x1	_	_	_
258-2	BO118	258	258	2	sta	sta	_	_	_	_	_	linguistic	_	none	_	_	_	_	_	_
258-3	BO118	258	258	3	in	in	_	_	_	_	_	linguistic	_	none	_	_	_	_	_	_
258-4	BO118	258	258	4	campagna	campagna	_	_	_	_	_	linguistic	_	none	_	_	_	_	_	_
258-5	BO118	258	258	5	però	però	_	_	_	_	_	linguistic	_	none	_	_	_	_	_	_
258-6	BO118	258	258	6	in	in	_	_	_	_	_	linguistic	_	none	_	_	_	_	_	_
258-7	BO118	258	258	7	realtà	realtà	_	_	_	_	_	linguistic	_	none	_	_	_	_	_	_
258-8	BO118	258	258	8	se	se	_	_	_	_	_	linguistic	_	none	_	_	_	_	_	_
258-9	BO118	258	258	9	vuole	vuole	_	_	_	_	_	linguistic	_	none	_	_	_	_	_	_
258-10	BO118	258	258	10	un	un	_	_	_	_	_	linguistic	_	none	_	_	_	_	_	_
258-11	BO118	258	258	11	po':	po'	_	_	_	_	_	linguistic	_	none	_	_	1x1	_	_	_
258-12	BO118	258	258	12	cioè	cioè	_	_	_	_	_	linguistic	_	none	_	_	_	_	_	_
258-13	BO118	258	258	13	se:	se	_	_	_	_	_	linguistic	_	none	_	_	1x1	_	_	_
258-14	BO118	258	258	14	mh::	mh	_	_	_	_	_	linguistic	_	none	_	_	1x2	_	_	_
258-15	BO118	258	258	15	il	il	_	_	_	_	_	linguistic	_	none	_	_	_	_	_	_
258-16	BO118	258	258	16	sabato	sabato	_	_	_	_	_	linguistic	_	none	_	_	_	_	_	_
258-17	BO118	258	258	17	c'	c'	_	_	_	_	_	linguistic	_	none	SpaceAfter=No	_	_	_	_	_
258-18	BO118	258	258	18	ha	ha	_	_	_	_	_	linguistic	_	none	_	_	_	_	_	_
258-19	BO118	258	258	19	voglia	voglia	_	_	_	_	_	linguistic	_	none	_	_	_	_	_	_
258-20	BO118	258	258	20	de	de	_	_	_	_	_	linguistic	_	none	_	_	_	_	_	_
258-21	BO118	258	258	21	fa'	fa'	_	_	_	_	_	linguistic	_	none	Truncated=Yes	_	_	_	_	_
258-22	BO118	258	258	22	una	una	_	_	_	_	_	linguistic	_	none	_	_	_	_	_	_
258-23	BO118	258	258	23	passeggiata	passeggiata	_	_	_	_	_	linguistic	_	none	_	_	_	_	_	_
258-24	BO118	258	258	24	in	in	_	_	_	_	_	linguistic	_	none	_	_	_	_	_	_
258-25	BO118	258	258	25	centro,	centro	_	_	_	_	_	linguistic	_	none	Intonation=WeaklyRising	End=1008.21	_	_	_	_
259-0	BO118	259	259	0	fa	fa	_	_	_	_	_	linguistic	_	none	_	Begin=1008.742	_	_	_	_
259-1	BO118	259	259	1	subito	subito	_	_	_	_	_	linguistic	_	none	_	End=1009.44	_	_	_	_
260-0	BO140	260	260	0	sì.	sì	_	_	_	_	_	linguistic	_	none	Intonation=Falling	Begin=1009.641|End=1010.0	_	_	_	_
261-0	BO118	261	261	0	come	come	_	_	_	_	_	linguistic	_	none	_	Begin=1010.357	_	_	_	_
261-1	BO118	261	261	1	magari	magari	_	_	_	_	_	linguistic	_	none	_	_	_	_	_	_
261-2	BO118	261	261	2	dove	dove	_	_	_	_	_	linguistic	_	none	_	_	_	_	_	_
261-3	BO118	261	261	3	abito	abito	_	_	_	_	_	linguistic	_	none	_	_	_	_	_	_
261-4	BO118	261	261	4	io	io	_	_	_	_	_	linguistic	_	none	_	_	_	_	_	_
261-5	BO118	261	261	5	che	che	_	_	_	_	_	linguistic	_	none	_	_	_	_	_	_
261-6	BO118	261	261	6	ok::ay	okay	_	_	_	_	_	linguistic	_	none	_	_	1x2	_	_	_
261-7	BO118	261	261	7	alla	alla	_	_	_	_	_	linguistic	_	none	_	_	_	_	_	_
261-8	BO118	261	261	8	fine	fine	_	_	_	_	_	linguistic	_	none	_	_	_	_	_	_
261-9	BO118	261	261	9	@nomepaese	@nomepaese	_	_	_	_	_	anonymized	_	none	_	_	_	_	_	_
261-10	BO118	261	261	10	non	non	_	_	_	_	_	linguistic	_	none	_	_	_	_	_	_
261-11	BO118	261	261	11	è	è	_	_	_	_	_	linguistic	_	none	_	_	_	_	_	_
261-12	BO118	261	261	12	pistoia	pistoia	_	_	_	_	_	linguistic	_	none	_	_	_	_	_	_
261-13	BO118	261	261	13	cioè	cioè	_	_	_	_	_	linguistic	_	none	_	_	_	_	_	_
261-14	BO118	261	261	14	a	a	_	_	_	_	_	linguistic	_	none	_	_	_	_	_	_
261-15	BO118	261	261	15	@nomepaese	@nomepaese	_	_	_	_	_	anonymized	_	none	_	_	_	_	_	_
261-16	BO118	261	261	16	non	non	_	_	_	_	_	linguistic	_	none	_	_	_	_	_	_
261-17	BO118	261	261	17	c'	c'	_	_	_	_	_	linguistic	_	none	SpaceAfter=No	_	_	_	_	_
261-18	BO118	261	261	18	è	è	_	_	_	_	_	linguistic	_	none	_	_	_	_	_	_
261-19	BO118	261	261	19	assolutamente	assolutamente	_	_	_	_	_	linguistic	_	none	_	_	_	_	_	_
261-20	BO118	261	261	20	niente	niente	_	_	_	_	_	linguistic	_	none	_	End=1015.73	_	_	_	_
262-0	BO118	262	262	0	però:	però	_	_	_	_	_	linguistic	_	none	_	Begin=1016.448	3x1	_	_	_
262-1	BO118	262	262	1	come	come	_	_	_	_	_	linguistic	_	none	_	_	_	_	_	_
262-2	BO118	262	262	2	zo:na:	zona	_	_	_	_	_	linguistic	_	none	_	_	1x1,3x1	_	_	_
262-3	BO118	262	262	3	più	più	_	_	_	_	_	linguistic	_	none	_	_	_	_	_	_
262-4	BO118	262	262	4	o	o	_	_	_	_	_	linguistic	_	none	_	_	_	_	_	_
262-5	BO118	262	262	5	meno	meno	_	_	_	_	_	linguistic	_	none	_	_	_	_	_	_
262-6	BO118	262	262	6	è	è	_	_	_	_	_	linguistic	_	none	_	_	_	_	_	_
262-7	BO118	262	262	7	limitrofa:	limitrofa	_	_	_	_	_	linguistic	_	none	_	_	8x1	_	_	_
262-8	BO118	262	262	8	a:	a	_	_	_	_	_	linguistic	_	none	_	_	0x1	_	_	_
262-9	BO118	262	262	9	un	un	_	_	_	_	_	linguistic	_	none	_	_	_	_	_	_
262-10	BO118	262	262	10	centro	centro	_	_	_	_	_	linguistic	_	none	_	_	_	_	_	_
262-11	BO118	262	262	11	un	un	_	_	_	_	_	linguistic	_	none	_	_	_	_	_	_
262-12	BO118	262	262	12	po'	po'	_	_	_	_	_	linguistic	_	none	_	_	_	_	_	_
262-13	BO118	262	262	13	più	più	_	_	_	_	_	linguistic	_	none	_	_	_	_	_	_
262-14	BO118	262	262	14	gra:nde,	grande	_	_	_	_	_	linguistic	_	none	Intonation=WeaklyRising	End=1021.01	2x1	_	_	_
263-0	BO118	263	263	0	però	però	_	_	_	_	_	linguistic	_	none	_	Begin=1021.408	_	_	_	_
263-1	BO118	263	263	1	è	è	_	_	_	_	_	linguistic	_	none	_	_	_	_	_	_
263-2	BO118	263	263	2	comunque	comunque	_	_	_	_	_	linguistic	_	none	_	_	_	_	_	_
263-3	BO118	263	263	3	resta	resta	_	_	_	_	_	linguistic	_	none	_	_	_	_	_	_
263-4	BO118	263	263	4	comunque	comunque	_	_	_	_	_	linguistic	_	none	_	_	_	_	_	_
263-5	BO118	263	263	5	abbastanza	abbastanza	_	_	_	_	_	linguistic	_	none	_	_	_	_	_	_
263-6	BO118	263	263	6	[isolata]	isolata	_	_	_	_	_	linguistic	_	none	_	_	_	_	_	0-7(49)
263-7	BO118	263	263	7	per	per	_	_	_	_	_	linguistic	_	none	_	_	_	_	_	_
263-8	BO118	263	263	8	sta'	sta'	_	_	_	_	_	linguistic	_	none	Truncated=Yes	_	_	_	_	_
263-9	BO118	263	263	9	tranqu[illa]	tranquilla	_	_	_	_	_	linguistic	_	none	_	End=1024.56	_	_	_	6-10(50)
264-0	BO140	264	264	0	[sì	sì	_	_	_	_	_	linguistic	_	none	_	Begin=1022.44	_	_	_	0-2(49)
264-1	BO140	264	264	1	sì	sì	_	_	_	_	_	linguistic	_	none	_	_	_	_	_	0-2(49)
264-2	BO140	264	264	2	sì]	sì	_	_	_	_	_	linguistic	_	none	_	End=1023.18	_	_	_	0-2(49)
265-0	BO140	265	265	0	[esatt]o.	esatto	_	_	_	_	_	linguistic	_	none	Intonation=Falling	Begin=1024.146|End=1024.7	_	_	_	0-5(50)
266-0	BO118	266	266	0	cioè	cioè	_	_	_	_	_	linguistic	_	none	_	Begin=1024.988	_	_	_	_
266-1	BO118	266	266	1	non	non	_	_	_	_	_	linguistic	_	none	_	_	_	_	_	_
266-2	BO118	266	266	2	so	so	_	_	_	_	_	linguistic	_	none	_	_	_	_	_	_
266-3	BO118	266	266	3	se	se	_	_	_	_	_	linguistic	_	none	_	_	_	_	_	_
266-4	BO118	266	266	4	i:o	io	_	_	_	_	_	linguistic	_	none	_	_	0x1	_	_	_
266-5	BO118	266	266	5	quando	quando	_	_	_	_	_	linguistic	_	none	_	_	_	_	_	_
266-6	BO118	266	266	6	avrò	avrò	_	_	_	_	_	linguistic	_	none	_	_	_	_	_	_
266-7	BO118	266	266	7	una	una	_	_	_	_	_	linguistic	_	none	_	_	_	_	_	_
266-8	BO118	266	266	8	famiglia	famiglia	_	_	_	_	_	linguistic	_	none	_	_	_	_	_	_
266-9	BO118	266	266	9	vorrò	vorrò	_	_	_	_	_	linguistic	_	none	_	_	_	_	_	_
266-10	BO118	266	266	10	sta	sta	_	_	_	_	_	linguistic	_	none	_	_	_	_	_	_
266-11	BO118	266	266	11	a	a	_	_	_	_	_	linguistic	_	none	_	_	_	_	_	_
266-12	BO118	266	266	12	bologna	bologna	_	_	_	_	_	linguistic	_	none	_	End=1028.21	_	_	_	_
267-0	BO140	267	267	0	sì	sì	_	_	_	_	_	linguistic	_	none	_	Begin=1029.137	_	_	_	_
267-1	BO140	267	267	1	no	no	_	_	_	_	_	linguistic	_	none	_	_	_	_	_	_
267-2	BO140	267	267	2	beh	beh	_	_	_	_	_	linguistic	_	none	_	_	_	_	_	_
267-3	BO140	267	267	3	quello	quello	_	_	_	_	_	linguistic	_	none	_	_	_	_	_	_
267-4	BO140	267	267	4	lo	lo	_	_	_	_	_	linguistic	_	none	_	_	_	_	_	_
267-5	BO140	267	267	5	capisco	capisco	_	_	_	_	_	linguistic	_	none	_	_	_	_	_	_
267-6	BO140	267	267	6	in	in	_	_	_	_	_	linguistic	_	none	_	_	_	_	_	_
267-7	BO140	267	267	7	realtà	realtà	_	_	_	_	_	linguistic	_	none	_	_	_	_	_	_
267-8	BO140	267	267	8	ma	ma	_	_	_	_	_	linguistic	_	none	_	_	_	_	_	_
267-9	BO140	267	267	9	perché::	perché	_	_	_	_	_	linguistic	_	none	_	_	5x2	_	_	_
267-10	BO140	267	267	10	è	è	_	_	_	_	_	linguistic	_	none	_	_	_	_	_	_
267-11	BO140	267	267	11	una	una	_	_	_	_	_	linguistic	_	none	_	_	_	_	_	_
267-12	BO140	267	267	12	città::	città	_	_	_	_	_	linguistic	_	none	_	_	4x2	_	_	_
267-13	BO140	267	267	13	molto::	molto	_	_	_	_	_	linguistic	_	none	_	_	4x2	_	_	_
267-14	BO140	267	267	14	traffic~	traffic~	_	_	_	_	_	linguistic	_	none	Interrupted=Yes	_	_	_	_	_
267-15	BO140	267	267	15	cioè	cioè	_	_	_	_	_	linguistic	_	none	_	_	_	_	_	_
267-16	BO140	267	267	16	comunque	comunque	_	_	_	_	_	linguistic	_	none	_	_	_	_	_	_
267-17	BO140	267	267	17	sia,	sia	_	_	_	_	_	linguistic	_	none	Intonation=WeaklyRising	End=1036.74	_	_	_	_
268-0	BO140	268	268	0	per	per	_	_	_	_	_	linguistic	_	none	_	Begin=1037.299	_	_	_	_
268-1	BO140	268	268	1	quanto	quanto	_	_	_	_	_	linguistic	_	none	_	_	_	_	_	_
268-2	BO140	268	268	2	sia	sia	_	_	_	_	_	linguistic	_	none	_	_	_	_	_	_
268-3	BO140	268	268	3	piccola	piccola	_	_	_	_	_	linguistic	_	none	_	_	_	_	_	_
268-4	BO140	268	268	4	bologna	bologna	_	_	_	_	_	linguistic	_	none	_	_	_	_	_	_
268-5	BO140	268	268	5	perché	perché	_	_	_	_	_	linguistic	_	none	_	_	_	_	_	_
268-6	BO140	268	268	6	rispetto	rispetto	_	_	_	_	_	linguistic	_	none	_	_	_	_	_	_
268-7	BO140	268	268	7	a	a	_	_	_	_	_	linguistic	_	none	_	_	_	_	_	_
268-8	BO140	268	268	8	milano,	milano	_	_	_	_	_	linguistic	_	none	Intonation=WeaklyRising	_	_	_	_	_
268-9	BO140	268	268	9	roma,	roma	_	_	_	_	_	linguistic	_	none	Intonation=WeaklyRising	_	_	_	_	_
268-10	BO140	268	268	10	così:	così	_	_	_	_	_	linguistic	_	none	_	_	3x1	_	_	_
268-11	BO140	268	268	11	è	è	_	_	_	_	_	linguistic	_	none	_	_	_	_	_	_
268-12	BO140	268	268	12	molto	molto	_	_	_	_	_	linguistic	_	none	_	_	_	_	_	_
268-13	BO140	268	268	13	piccola	piccola	_	_	_	_	_	linguistic	_	none	_	_	_	_	_	_
268-14	BO140	268	268	14	però	però	_	_	_	_	_	linguistic	_	none	_	_	_	_	_	_
268-15	BO140	268	268	15	per	per	_	_	_	_	_	linguistic	_	none	_	_	_	_	_	_
268-16	BO140	268	268	16	stare	stare	_	_	_	_	_	linguistic	_	none	_	_	_	_	_	_
268-17	BO140	268	268	17	in	in	_	_	_	_	_	linguistic	_	none	_	_	_	_	_	_
268-18	BO140	268	268	18	tranquillità	tranquillità	_	_	_	_	_	linguistic	_	none	_	_	_	_	_	_
268-19	BO140	268	268	19	ti	ti	_	_	_	_	_	linguistic	_	none	_	_	_	_	_	_
268-20	BO140	268	268	20	devi	devi	_	_	_	_	_	linguistic	_	none	_	_	_	_	_	_
268-21	BO140	268	268	21	spostare	spostare	_	_	_	_	_	linguistic	_	none	_	_	_	_	_	_
268-22	BO140	268	268	22	in	in	_	_	_	_	_	linguistic	_	none	_	_	_	_	_	_
268-23	BO140	268	268	23	perif~	perif~	_	_	_	_	_	linguistic	_	none	Interrupted=Yes	_	_	_	_	_
268-24	BO140	268	268	24	in	in	_	_	_	_	_	linguistic	_	none	_	_	_	_	_	_
268-25	BO140	268	268	25	periferia	periferia	_	_	_	_	_	linguistic	_	none	_	_	_	_	_	_
268-26	BO140	268	268	26	tipo	tipo	_	_	_	_	_	linguistic	_	none	_	_	_	_	_	_
268-27	BO140	268	268	27	san	san	_	_	_	_	_	linguistic	_	none	_	_	_	_	_	_
268-28	BO140	268	268	28	la:zzaro:,	lazzaro	_	_	_	_	_	linguistic	_	none	Intonation=WeaklyRising	End=1049.52	1x1,6x1	_	_	_
269-0	BO140	269	269	0	che	che	_	_	_	_	_	linguistic	_	none	_	Begin=1050.02	_	_	_	_
269-1	BO140	269	269	1	comunque	comunque	_	_	_	_	_	linguistic	_	none	_	_	_	_	_	_
269-2	BO140	269	269	2	mh	mh	_	_	_	_	_	linguistic	_	none	_	_	_	_	_	_
269-3	BO140	269	269	3	cioè	cioè	_	_	_	_	_	linguistic	_	none	_	_	_	_	_	_
269-4	BO140	269	269	4	comincia	comincia	_	_	_	_	_	linguistic	_	none	_	_	_	_	_	_
269-5	BO140	269	269	5	a	a	_	_	_	_	_	linguistic	_	none	_	_	_	_	_	_
269-6	BO140	269	269	6	esser	esser	_	_	_	_	_	linguistic	_	none	_	_	_	_	_	_
269-7	BO140	269	269	7	distante	distante	_	_	_	_	_	linguistic	_	none	_	_	_	_	_	_
269-8	BO140	269	269	8	perché	perché	_	_	_	_	_	linguistic	_	none	_	_	_	_	_	_
269-9	BO140	269	269	9	son	son	_	_	_	_	_	linguistic	_	none	_	_	_	_	_	_
269-10	BO140	269	269	10	venti	venti	_	_	_	_	_	linguistic	_	none	_	_	_	_	_	_
269-11	BO140	269	269	11	minuti	minuti	_	_	_	_	_	linguistic	_	none	_	_	_	_	_	_
269-12	BO140	269	269	12	di	di	_	_	_	_	_	linguistic	_	none	_	_	_	_	_	_
269-13	BO140	269	269	13	macchina::,	macchina	_	_	_	_	_	linguistic	_	none	Intonation=WeaklyRising	End=1055.56	7x2	_	_	_
270-0	BO140	270	270	0	poi	poi	_	_	_	_	_	linguistic	_	none	_	Begin=1055.925	_	_	_	_
270-1	BO140	270	270	1	con	con	_	_	_	_	_	linguistic	_	none	_	_	_	_	_	_
270-2	BO140	270	270	2	tutto	tutto	_	_	_	_	_	linguistic	_	none	_	_	_	_	_	_
270-3	BO140	270	270	3	il	il	_	_	_	_	_	linguistic	_	none	_	_	_	_	_	_
270-4	BO140	270	270	4	traffico	traffico	_	_	_	_	_	linguistic	_	none	_	_	_	_	_	_
270-5	BO140	270	270	5	che	che	_	_	_	_	_	linguistic	_	none	_	_	_	_	_	_
270-6	BO140	270	270	6	c'	c'	_	_	_	_	_	linguistic	_	none	SpaceAfter=No	_	_	_	_	_
270-7	BO140	270	270	7	è	è	_	_	_	_	_	linguistic	_	none	_	_	_	_	_	_
270-8	BO140	270	270	8	tro:vi	trovi	_	_	_	_	_	linguistic	_	none	_	_	2x1	_	_	_
270-9	BO140	270	270	9	anche:	anche	_	_	_	_	_	linguistic	_	none	_	_	4x1	_	_	_
270-10	BO140	270	270	10	cioè	cioè	_	_	_	_	_	linguistic	_	none	_	_	_	_	_	_
270-11	BO140	270	270	11	ci	ci	_	_	_	_	_	linguistic	_	none	_	_	_	_	_	_
270-12	BO140	270	270	12	metti	metti	_	_	_	_	_	linguistic	_	none	_	_	_	_	_	_
270-13	BO140	270	270	13	anche	anche	_	_	_	_	_	linguistic	_	none	_	_	_	_	_	_
270-14	BO140	270	270	14	mezz'	mezz'	_	_	_	_	_	linguistic	_	none	SpaceAfter=No	_	_	_	_	_
270-15	BO140	270	270	15	o:ra,	ora	_	_	_	_	_	linguistic	_	none	Intonation=WeaklyRising	End=1060.6	0x1	_	_	_
271-0	BO140	271	271	0	in	in	_	_	_	_	_	linguistic	_	none	_	Begin=1061.59	_	_	_	_
271-1	BO140	271	271	1	quel	quel	_	_	_	_	_	linguistic	_	none	_	_	_	_	_	_
271-2	BO140	271	271	2	caso	caso	_	_	_	_	_	linguistic	_	none	_	_	_	_	_	_
271-3	BO140	271	271	3	no	no	_	_	_	_	_	linguistic	_	none	_	_	_	_	_	_
271-4	BO140	271	271	4	neanche	neanche	_	_	_	_	_	linguistic	_	none	_	_	_	_	_	_
271-5	BO140	271	271	5	io	io	_	_	_	_	_	linguistic	_	none	_	_	_	_	_	_
271-6	BO140	271	271	6	vorrei	vorrei	_	_	_	_	_	linguistic	_	none	_	_	_	_	_	_
271-7	BO140	271	271	7	vivere	vivere	_	_	_	_	_	linguistic	_	none	_	_	_	_	_	_
271-8	BO140	271	271	8	in	in	_	_	_	_	_	linguistic	_	none	_	_	_	_	_	_
271-9	BO140	271	271	9	una	una	_	_	_	_	_	linguistic	_	none	_	_	_	_	_	_
271-10	BO140	271	271	10	città	città	_	_	_	_	_	linguistic	_	none	_	_	_	_	_	_
271-11	BO140	271	271	11	così:	così	_	_	_	_	_	linguistic	_	none	_	_	3x1	_	_	_
271-12	BO140	271	271	12	più	più	_	_	_	_	_	linguistic	_	none	_	_	_	_	_	_
271-13	BO140	271	271	13	che	che	_	_	_	_	_	linguistic	_	none	_	_	_	_	_	_
271-14	BO140	271	271	14	altro	altro	_	_	_	_	_	linguistic	_	none	_	_	_	_	_	_
271-15	BO140	271	271	15	perché	perché	_	_	_	_	_	linguistic	_	none	_	_	_	_	_	_
271-16	BO140	271	271	16	quando	quando	_	_	_	_	_	linguistic	_	none	_	_	_	_	_	_
271-17	BO140	271	271	17	diventi	diventi	_	_	_	_	_	linguistic	_	none	_	_	_	_	_	_
271-18	BO140	271	271	18	grande	grande	_	_	_	_	_	linguistic	_	none	_	_	_	_	_	_
271-19	BO140	271	271	19	e	e	_	_	_	_	_	linguistic	_	none	_	_	_	_	_	_
271-20	BO140	271	271	20	hai	hai	_	_	_	_	_	linguistic	_	none	_	_	_	_	_	_
271-21	BO140	271	271	21	una	una	_	_	_	_	_	linguistic	_	none	_	_	_	_	_	_
271-22	BO140	271	271	22	fami:glia:	famiglia	_	_	_	_	_	linguistic	_	none	_	_	3x1,7x1	_	_	_
271-23	BO140	271	271	23	ti	ti	_	_	_	_	_	linguistic	_	none	_	_	_	_	_	_
271-24	BO140	271	271	24	cambia	cambia	_	_	_	_	_	linguistic	_	none	_	_	_	_	_	_
271-25	BO140	271	271	25	tanto	tanto	_	_	_	_	_	linguistic	_	none	_	_	_	_	_	_
271-26	BO140	271	271	26	la	la	_	_	_	_	_	linguistic	_	none	_	_	_	_	_	_
271-27	BO140	271	271	27	percezione	percezione	_	_	_	_	_	linguistic	_	none	_	_	_	_	_	_
271-28	BO140	271	271	28	della	della	_	_	_	_	_	linguistic	_	none	_	_	_	_	_	_
271-29	BO140	271	271	29	città	città	_	_	_	_	_	linguistic	_	none	_	_	_	_	_	_
271-30	BO140	271	271	30	[cioè	cioè	_	_	_	_	_	linguistic	_	none	_	_	_	_	_	0-4(51)
271-31	BO140	271	271	31	io:]	io	_	_	_	_	_	linguistic	_	none	_	End=1070.25	1x1	_	_	0-2(51)
272-0	BO118	272	272	0	[sì	sì	_	_	_	_	_	linguistic	_	none	_	Begin=1069.708	_	_	_	0-2(51)
272-1	BO118	272	272	1	xx]	xx	_	_	_	_	_	unknown	_	none	Syllables=2	End=1070.278	_	_	_	0-2(51)
273-0	BO118	273	273	0	poi	poi	_	_	_	_	_	linguistic	_	none	_	Begin=1070.498	_	_	_	_
273-1	BO118	273	273	1	una	una	_	_	_	_	_	linguistic	_	none	_	_	_	_	_	_
273-2	BO118	273	273	2	città	città	_	_	_	_	_	linguistic	_	none	_	_	_	_	_	_
273-3	BO118	273	273	3	come	come	_	_	_	_	_	linguistic	_	none	_	_	_	_	_	_
273-4	BO118	273	273	4	bolo:gna	bologna	_	_	_	_	_	linguistic	_	none	_	_	3x1	_	_	_
273-5	BO118	273	273	5	che	che	_	_	_	_	_	linguistic	_	none	_	_	_	_	_	_
273-6	BO118	273	273	6	comunque	comunque	_	_	_	_	_	linguistic	_	none	_	_	_	_	_	_
273-7	BO118	273	273	7	è	è	_	_	_	_	_	linguistic	_	none	_	_	_	_	_	_
273-8	BO118	273	273	8	una	una	_	_	_	_	_	linguistic	_	none	_	_	_	_	_	_
273-9	BO118	273	273	9	città	città	_	_	_	_	_	linguistic	_	none	_	_	_	_	_	_
273-10	BO118	273	273	10	universita[ria:]	universitaria	_	_	_	_	_	linguistic	_	none	_	End=1073.55	12x1	_	_	10-13(52)
274-0	BO140	274	274	0	[si]	si	_	_	_	_	_	linguistic	_	none	_	Begin=1073.36|End=1073.59	_	_	_	0-2(52)
275-0	BO118	275	275	0	cioè	cioè	_	_	_	_	_	linguistic	_	none	_	Begin=1074.185	_	_	_	_
275-1	BO118	275	275	1	io	io	_	_	_	_	_	linguistic	_	none	_	_	_	_	_	_
275-2	BO118	275	275	2	non	non	_	_	_	_	_	linguistic	_	none	_	_	_	_	_	_
275-3	BO118	275	275	3	me	me	_	_	_	_	_	linguistic	_	none	_	_	_	_	_	_
275-4	BO118	275	275	4	lo	lo	_	_	_	_	_	linguistic	_	none	_	_	_	_	_	_
275-5	BO118	275	275	5	immagino	immagino	_	_	_	_	_	linguistic	_	none	_	_	_	_	_	_
275-6	BO118	275	275	6	da	da	_	_	_	_	_	linguistic	_	none	_	_	_	_	_	_
275-7	BO118	275	275	7	grande:	grande	_	_	_	_	_	linguistic	_	none	_	_	5x1	_	_	_
275-8	BO118	275	275	8	coi	coi	_	_	_	_	_	linguistic	_	none	_	_	_	_	_	_
275-9	BO118	275	275	9	miei	miei	_	_	_	_	_	linguistic	_	none	_	_	_	_	_	_
275-10	BO118	275	275	10	figli,	figli	_	_	_	_	_	linguistic	_	none	Intonation=WeaklyRising	_	_	_	_	_
275-11	BO118	275	275	11	[fare]	fare	_	_	_	_	_	linguistic	_	none	_	_	_	_	_	0-4(53)
275-12	BO118	275	275	12	una	una	_	_	_	_	_	linguistic	_	none	_	_	_	_	_	_
275-13	BO118	275	275	13	passeggiata	passeggiata	_	_	_	_	_	linguistic	_	none	_	_	_	_	_	_
275-14	BO118	275	275	14	per	per	_	_	_	_	_	linguistic	_	none	_	_	_	_	_	_
275-15	BO118	275	275	15	bologna	bologna	_	_	_	_	_	linguistic	_	none	_	_	_	_	_	_
275-16	BO118	275	275	16	con	con	_	_	_	_	_	linguistic	_	none	_	_	_	_	_	_
275-17	BO118	275	275	17	tutti	tutti	_	_	_	_	_	linguistic	_	none	_	_	_	_	_	_
275-18	BO118	275	275	18	studenti	studenti	_	_	_	_	_	linguistic	_	none	_	_	_	_	_	_
275-19	BO118	275	275	19	[cioè]	cioè	_	_	_	_	_	linguistic	_	none	_	_	_	_	_	0-4(54)
275-20	BO118	275	275	20	preferisco	preferisco	_	_	_	_	_	linguistic	_	none	_	_	_	_	_	_
275-21	BO118	275	275	21	farmi	farmi	_	_	_	_	_	linguistic	_	none	_	_	_	_	_	_
275-22	BO118	275	275	22	una	una	_	_	_	_	_	linguistic	_	none	_	_	_	_	_	_
275-23	BO118	275	275	23	passeggiata	passeggiata	_	_	_	_	_	linguistic	_	none	_	_	_	_	_	_
275-24	BO118	275	275	24	a	a	_	_	_	_	_	linguistic	_	none	_	_	_	_	_	_
275-25	BO118	275	275	25	fire:nze	firenze	_	_	_	_	_	linguistic	_	none	_	_	3x1	_	_	_
275-26	BO118	275	275	26	preferisco	preferisco	_	_	_	_	_	linguistic	_	none	_	_	_	_	_	_
275-27	BO118	275	275	27	farmi	farmi	_	_	_	_	_	linguistic	_	none	_	_	_	_	_	_
275-28	BO118	275	275	28	una	una	_	_	_	_	_	linguistic	_	none	_	_	_	_	_	_
275-29	BO118	275	275	29	passeggiata,	passeggiata	_	_	_	_	_	linguistic	_	none	Intonation=WeaklyRising	End=1082.91	_	_	_	_
276-0	BO140	276	276	0	[esatto]	esatto	_	_	_	_	_	linguistic	_	none	_	Begin=1076.82|End=1077.42	_	_	_	0-6(53)
277-0	BO140	277	277	0	[esatto]	esatto	_	_	_	_	_	linguistic	_	none	_	Begin=1079.195|End=1079.87	_	_	_	0-6(54)
278-0	BO118	278	278	0	a	a	_	_	_	_	_	linguistic	_	none	_	Begin=1083.262	_	_	_	_
278-1	BO118	278	278	1	pisto:ia	pistoia	_	_	_	_	_	linguistic	_	none	_	_	4x1	_	_	_
278-2	BO118	278	278	2	che	che	_	_	_	_	_	linguistic	_	none	_	_	_	_	_	_
278-3	BO118	278	278	3	è	è	_	_	_	_	_	linguistic	_	none	_	_	_	_	_	_
278-4	BO118	278	278	4	piccola	piccola	_	_	_	_	_	linguistic	_	none	_	_	_	_	_	_
278-5	BO118	278	278	5	però,	però	_	_	_	_	_	linguistic	_	none	Intonation=WeaklyRising	End=1084.88	_	_	_	_
279-0	BO118	279	279	0	è	è	_	_	_	_	_	linguistic	_	none	_	Begin=1085.422	_	_	_	_
279-1	BO118	279	279	1	molto	molto	_	_	_	_	_	linguistic	_	none	_	_	_	_	_	_
279-2	BO118	279	279	2	più:::	più	_	_	_	_	_	linguistic	_	none	_	_	2x3	_	_	_
279-3	BO118	279	279	3	mh	mh	_	_	_	_	_	linguistic	_	none	_	_	_	_	_	_
279-4	BO118	279	279	4	familia::re::,	familiare	_	_	_	_	_	linguistic	_	none	Intonation=WeaklyRising	_	6x2,8x2	_	_	_
279-5	BO118	279	279	5	cioè	cioè	_	_	_	_	_	linguistic	_	none	_	_	_	_	_	_
279-6	BO118	279	279	6	comunque	comunque	_	_	_	_	_	linguistic	_	none	_	_	_	_	_	_
279-7	BO118	279	279	7	ci	ci	_	_	_	_	_	linguistic	_	none	_	_	_	_	_	_
279-8	BO118	279	279	8	stanno	stanno	_	_	_	_	_	linguistic	_	none	_	_	_	_	_	_
279-9	BO118	279	279	9	un	un	_	_	_	_	_	linguistic	_	none	_	_	_	_	_	_
279-10	BO118	279	279	10	sacco	sacco	_	_	_	_	_	linguistic	_	none	_	_	_	_	_	_
279-11	BO118	279	279	11	de	de	_	_	_	_	_	linguistic	_	none	_	_	_	_	_	_
279-12	BO118	279	279	12	famiglie:	famiglie	_	_	_	_	_	linguistic	_	none	_	_	7x1	_	_	_
279-13	BO118	279	279	13	cioè	cioè	_	_	_	_	_	linguistic	_	none	_	_	_	_	_	_
279-14	BO118	279	279	14	a	a	_	_	_	_	_	linguistic	_	none	_	_	_	_	_	_
279-15	BO118	279	279	15	bologna	bologna	_	_	_	_	_	linguistic	_	none	_	_	_	_	_	_
279-16	BO118	279	279	16	non	non	_	_	_	_	_	linguistic	_	none	_	_	_	_	_	_
279-17	BO118	279	279	17	ci	ci	_	_	_	_	_	linguistic	_	none	_	_	_	_	_	_
279-18	BO118	279	279	18	stanno	stanno	_	_	_	_	_	linguistic	_	none	_	_	_	_	_	_
279-19	BO118	279	279	19	cioè	cioè	_	_	_	_	_	linguistic	_	none	_	_	_	_	_	_
279-20	BO118	279	279	20	in	in	_	_	_	_	_	linguistic	_	none	_	_	_	_	_	_
279-21	BO118	279	279	21	via	via	_	_	_	_	_	linguistic	_	none	_	_	_	_	_	_
279-22	BO118	279	279	22	zamboni	zamboni	_	_	_	_	_	linguistic	_	none	_	_	_	_	_	_
279-23	BO118	279	279	23	non	non	_	_	_	_	_	linguistic	_	none	_	_	_	_	_	_
279-24	BO118	279	279	24	ce	ce	_	_	_	_	_	linguistic	_	none	_	_	_	_	_	_
279-25	BO118	279	279	25	l'	l'	_	_	_	_	_	linguistic	_	none	SpaceAfter=No	_	_	_	_	_
279-26	BO118	279	279	26	ho	ho	_	_	_	_	_	linguistic	_	none	_	_	_	_	_	_
279-27	BO118	279	279	27	mai	mai	_	_	_	_	_	linguistic	_	none	_	_	_	_	_	_
279-28	BO118	279	279	28	vista	vista	_	_	_	_	_	linguistic	_	none	_	_	_	_	_	_
279-29	BO118	279	279	29	una	una	_	_	_	_	_	linguistic	_	none	_	_	_	_	_	_
279-30	BO118	279	279	30	[famiglia]	famiglia	_	_	_	_	_	linguistic	_	none	_	End=1093.52	_	_	_	0-8(55)
280-0	BO140	280	280	0	[sì	sì	_	_	_	_	_	linguistic	_	none	_	Begin=1092.845	_	_	_	0-2(55)
280-1	BO140	280	280	1	sì	sì	_	_	_	_	_	linguistic	_	none	_	_	_	_	_	0-2(55)
280-2	BO140	280	280	2	sì]	sì	_	_	_	_	_	linguistic	_	none	_	End=1093.495	_	_	_	0-2(55)
281-0	BO140	281	281	0	eh	eh	_	_	_	_	_	linguistic	_	none	_	Begin=1094.115	_	_	_	_
281-1	BO140	281	281	1	per	per	_	_	_	_	_	linguistic	_	none	_	_	_	_	_	_
281-2	BO140	281	281	2	dire	dire	_	_	_	_	_	linguistic	_	none	_	_	_	_	_	_
281-3	BO140	281	281	3	però	però	_	_	_	_	_	linguistic	_	none	_	_	_	_	_	_
281-4	BO140	281	281	4	allo	allo	_	_	_	_	_	linguistic	_	none	_	_	_	_	_	_
281-5	BO140	281	281	5	stesso	stesso	_	_	_	_	_	linguistic	_	none	_	_	_	_	_	_
281-6	BO140	281	281	6	tempo:	tempo	_	_	_	_	_	linguistic	_	none	_	_	4x1	_	_	_
281-7	BO140	281	281	7	non	non	_	_	_	_	_	linguistic	_	none	_	_	_	_	_	_
281-8	BO140	281	281	8	abiterei	abiterei	_	_	_	_	_	linguistic	_	none	_	_	_	_	_	_
281-9	BO140	281	281	9	a	a	_	_	_	_	_	linguistic	_	none	_	_	_	_	_	_
281-10	BO140	281	281	10	bologna	bologna	_	_	_	_	_	linguistic	_	none	_	_	_	_	_	_
281-11	BO140	281	281	11	forse	forse	_	_	_	_	_	linguistic	_	none	_	_	_	_	_	_
281-12	BO140	281	281	12	per	per	_	_	_	_	_	linguistic	_	none	_	_	_	_	_	_
281-13	BO140	281	281	13	tutta	tutta	_	_	_	_	_	linguistic	_	none	_	_	_	_	_	_
281-14	BO140	281	281	14	la	la	_	_	_	_	_	linguistic	_	none	_	_	_	_	_	_
281-15	BO140	281	281	15	mia	mia	_	_	_	_	_	linguistic	_	none	_	_	_	_	_	_
281-16	BO140	281	281	16	vita	vita	_	_	_	_	_	linguistic	_	none	_	_	_	_	_	_
281-17	BO140	281	281	17	ma::	ma	_	_	_	_	_	linguistic	_	none	_	_	1x2	_	_	_
281-18	BO140	281	281	18	neanche	neanche	_	_	_	_	_	linguistic	_	none	_	_	_	_	_	_
281-19	BO140	281	281	19	in	in	_	_	_	_	_	linguistic	_	none	_	_	_	_	_	_
281-20	BO140	281	281	20	un	un	_	_	_	_	_	linguistic	_	none	_	_	_	_	_	_
281-21	BO140	281	281	21	centro	centro	_	_	_	_	_	linguistic	_	none	_	_	_	_	_	_
281-22	BO140	281	281	22	piccolo	piccolo	_	_	_	_	_	linguistic	_	none	_	_	_	_	_	_
281-23	BO140	281	281	23	come	come	_	_	_	_	_	linguistic	_	none	_	_	_	_	_	_
281-24	BO140	281	281	24	@nomepaese.	@nomepaese	_	_	_	_	_	anonymized	_	none	Intonation=Falling	End=1101.42	_	_	_	_
282-0	BO118	282	282	0	°okay°	okay	_	_	_	_	_	linguistic	_	none	Volume=low	Begin=1101.67|End=1102.179	_	_	_	_
283-0	BO140	283	283	0	perché	perché	_	_	_	_	_	linguistic	_	none	_	Begin=1102.216	_	_	_	_
283-1	BO140	283	283	1	non::	non	_	_	_	_	_	linguistic	_	none	_	End=1103.523	2x2	_	_	_
284-0	BO140	284	284	0	vabbè	vabbè	_	_	_	_	_	linguistic	_	none	_	Begin=1104.146	_	_	_	_
284-1	BO140	284	284	1	al	al	_	_	_	_	_	linguistic	_	none	_	_	_	_	_	_
284-2	BO140	284	284	2	di	di	_	_	_	_	_	linguistic	_	none	_	_	_	_	_	_
284-3	BO140	284	284	3	là	là	_	_	_	_	_	linguistic	_	none	_	_	_	_	_	_
284-4	BO140	284	284	4	non	non	_	_	_	_	_	linguistic	_	none	_	_	_	_	_	_
284-5	BO140	284	284	5	offre	offre	_	_	_	_	_	linguistic	_	none	_	_	_	_	_	_
284-6	BO140	284	284	6	niente	niente	_	_	_	_	_	linguistic	_	none	_	_	_	_	_	_
284-7	BO140	284	284	7	@nomepaese	@nomepaese	_	_	_	_	_	anonymized	_	none	_	_	_	_	_	_
284-8	BO140	284	284	8	non	non	_	_	_	_	_	linguistic	_	none	_	_	_	_	_	_
284-9	BO140	284	284	9	mh	mh	_	_	_	_	_	linguistic	_	none	_	_	_	_	_	_
284-10	BO140	284	284	10	cioè	cioè	_	_	_	_	_	linguistic	_	none	_	_	_	_	_	_
284-11	BO140	284	284	11	comunque	comunque	_	_	_	_	_	linguistic	_	none	_	_	_	_	_	_
284-12	BO140	284	284	12	continuano	continuano	_	_	_	_	_	linguistic	_	none	_	_	_	_	_	_
284-13	BO140	284	284	13	a	a	_	_	_	_	_	linguistic	_	none	_	_	_	_	_	_
284-14	BO140	284	284	14	lavorarci	lavorarci	_	_	_	_	_	linguistic	_	none	_	_	_	_	_	_
284-15	BO140	284	284	15	le	le	_	_	_	_	_	linguistic	_	none	_	_	_	_	_	_
284-16	BO140	284	284	16	persone	persone	_	_	_	_	_	linguistic	_	none	_	_	_	_	_	_
284-17	BO140	284	284	17	che	che	_	_	_	_	_	linguistic	_	none	_	_	_	_	_	_
284-18	BO140	284	284	18	ci	ci	_	_	_	_	_	linguistic	_	none	_	_	_	_	_	_
284-19	BO140	284	284	19	hanno	hanno	_	_	_	_	_	linguistic	_	none	_	_	_	_	_	_
284-20	BO140	284	284	20	lavorato	lavorato	_	_	_	_	_	linguistic	_	none	_	_	_	_	_	_
284-21	BO140	284	284	21	da	da	_	_	_	_	_	linguistic	_	none	_	_	_	_	_	_
284-22	BO140	284	284	22	una	una	_	_	_	_	_	linguistic	_	none	_	_	_	_	_	_
284-23	BO140	284	284	23	vita	vita	_	_	_	_	_	linguistic	_	none	_	_	_	_	_	_
284-24	BO140	284	284	24	ma	ma	_	_	_	_	_	linguistic	_	none	_	_	_	_	_	_
284-25	BO140	284	284	25	per	per	_	_	_	_	_	linguistic	_	none	_	_	_	_	_	_
284-26	BO140	284	284	26	i	i	_	_	_	_	_	linguistic	_	none	_	_	_	_	_	_
284-27	BO140	284	284	27	giovani::	giovani	_	_	_	_	_	linguistic	_	none	_	_	6x2	_	_	_
284-28	BO140	284	284	28	non	non	_	_	_	_	_	linguistic	_	none	_	_	_	_	_	_
284-29	BO140	284	284	29	c'	c'	_	_	_	_	_	linguistic	_	none	SpaceAfter=No	_	_	_	_	_
284-30	BO140	284	284	30	è	è	_	_	_	_	_	linguistic	_	none	_	_	_	_	_	_
284-31	BO140	284	284	31	possibilità	possibilità	_	_	_	_	_	linguistic	_	none	_	_	_	_	_	_
284-32	BO140	284	284	32	lavorativa	lavorativa	_	_	_	_	_	linguistic	_	none	_	_	_	_	_	_
284-33	BO140	284	284	33	a	a	_	_	_	_	_	linguistic	_	none	_	_	_	_	_	_
284-34	BO140	284	284	34	meno	meno	_	_	_	_	_	linguistic	_	none	_	_	_	_	_	_
284-35	BO140	284	284	35	che:	che	_	_	_	_	_	linguistic	_	none	_	_	2x1	_	_	_
284-36	BO140	284	284	36	non	non	_	_	_	_	_	linguistic	_	none	_	_	_	_	_	_
284-37	BO140	284	284	37	ti	ti	_	_	_	_	_	linguistic	_	none	_	_	_	_	_	_
284-38	BO140	284	284	38	accontenti	accontenti	_	_	_	_	_	linguistic	_	none	_	_	_	_	_	_
284-39	BO140	284	284	39	comunque	comunque	_	_	_	_	_	linguistic	_	none	_	_	_	_	_	_
284-40	BO140	284	284	40	di	di	_	_	_	_	_	linguistic	_	none	_	_	_	_	_	_
284-41	BO140	284	284	41	lavorare	lavorare	_	_	_	_	_	linguistic	_	none	_	_	_	_	_	_
284-42	BO140	284	284	42	al	al	_	_	_	_	_	linguistic	_	none	_	_	_	_	_	_
284-43	BO140	284	284	43	ba:r,	bar	_	_	_	_	_	linguistic	_	none	Intonation=WeaklyRising	End=1117.733	1x1	_	_	_
285-0	BO140	285	285	0	o::	o	_	_	_	_	_	linguistic	_	none	_	Begin=1118.31	0x2	_	_	_
285-1	BO140	285	285	1	in	in	_	_	_	_	_	linguistic	_	none	_	_	_	_	_	_
285-2	BO140	285	285	2	un	un	_	_	_	_	_	linguistic	_	none	_	_	_	_	_	_
285-3	BO140	285	285	3	ristorante	ristorante	_	_	_	_	_	linguistic	_	none	_	_	_	_	_	_
285-4	BO140	285	285	4	insomma	insomma	_	_	_	_	_	linguistic	_	none	_	_	_	_	_	_
285-5	BO140	285	285	5	o	o	_	_	_	_	_	linguistic	_	none	_	_	_	_	_	_
285-6	BO140	285	285	6	se::	se	_	_	_	_	_	linguistic	_	none	_	_	1x2	_	_	_
285-7	BO140	285	285	7	riesci	riesci	_	_	_	_	_	linguistic	_	none	_	_	_	_	_	_
285-8	BO140	285	285	8	a	a	_	_	_	_	_	linguistic	_	none	_	_	_	_	_	_
285-9	BO140	285	285	9	reinventarti:	reinventarti	_	_	_	_	_	linguistic	_	none	_	_	11x1	_	_	_
285-10	BO140	285	285	10	e:	e	_	_	_	_	_	linguistic	_	none	_	_	0x1	_	_	_
285-11	BO140	285	285	11	costruisci	costruisci	_	_	_	_	_	linguistic	_	none	_	_	_	_	_	_
285-12	BO140	285	285	12	una	una	_	_	_	_	_	linguistic	_	none	_	_	_	_	_	_
285-13	BO140	285	285	13	tua	tua	_	_	_	_	_	linguistic	_	none	_	_	_	_	_	_
285-14	BO140	285	285	14	attività	attività	_	_	_	_	_	linguistic	_	none	_	End=1124.65	_	_	_	_
286-0	BO140	286	286	0	però	però	_	_	_	_	_	linguistic	_	none	_	Begin=1125.135	_	_	_	_
286-1	BO140	286	286	1	è::	è	_	_	_	_	_	linguistic	_	none	_	_	0x2	_	_	_
286-2	BO140	286	286	2	è	è	_	_	_	_	_	linguistic	_	none	_	_	_	_	_	_
286-3	BO140	286	286	3	difficile	difficile	_	_	_	_	_	linguistic	_	none	_	_	_	_	_	_
286-4	BO140	286	286	4	insomma	insomma	_	_	_	_	_	linguistic	_	none	_	_	_	_	_	_
286-5	BO140	286	286	5	io	io	_	_	_	_	_	linguistic	_	none	_	_	_	_	_	_
286-6	BO140	286	286	6	da:	da	_	_	_	_	_	linguistic	_	none	_	_	1x1	_	_	_
286-7	BO140	286	286	7	ingegnere::	ingegnere	_	_	_	_	_	linguistic	_	none	_	_	8x2	_	_	_
286-8	BO140	286	286	8	a	a	_	_	_	_	_	linguistic	_	none	_	_	_	_	_	_
286-9	BO140	286	286	9	meno	meno	_	_	_	_	_	linguistic	_	none	_	_	_	_	_	_
286-10	BO140	286	286	10	che	che	_	_	_	_	_	linguistic	_	none	_	_	_	_	_	_
286-11	BO140	286	286	11	non	non	_	_	_	_	_	linguistic	_	none	_	_	_	_	_	_
286-12	BO140	286	286	12	vado	vado	_	_	_	_	_	linguistic	_	none	_	_	_	_	_	_
286-13	BO140	286	286	13	a	a	_	_	_	_	_	linguistic	_	none	_	_	_	_	_	_
286-14	BO140	286	286	14	lavorare	lavorare	_	_	_	_	_	linguistic	_	none	_	_	_	_	_	_
286-15	BO140	286	286	15	in	in	_	_	_	_	_	linguistic	_	none	_	_	_	_	_	_
286-16	BO140	286	286	16	uno	uno	_	_	_	_	_	linguistic	_	none	_	_	_	_	_	_
286-17	BO140	286	286	17	studio	studio	_	_	_	_	_	linguistic	_	none	_	_	_	_	_	_
286-18	BO140	286	286	18	di	di	_	_	_	_	_	linguistic	_	none	_	_	_	_	_	_
286-19	BO140	286	286	19	ingegneria:,	ingegneria	_	_	_	_	_	linguistic	_	none	Intonation=WeaklyRising	End=1131.76	9x1	_	_	_
287-0	BO140	287	287	0	e	e	_	_	_	_	_	linguistic	_	none	_	Begin=1132.082	_	_	_	_
287-1	BO140	287	287	1	comunque	comunque	_	_	_	_	_	linguistic	_	none	_	_	_	_	_	_
287-2	BO140	287	287	2	rinchiudere	rinchiudere	_	_	_	_	_	linguistic	_	none	_	_	_	_	_	_
287-3	BO140	287	287	3	tutta	tutta	_	_	_	_	_	linguistic	_	none	_	_	_	_	_	_
287-4	BO140	287	287	4	la	la	_	_	_	_	_	linguistic	_	none	_	_	_	_	_	_
287-5	BO140	287	287	5	mia	mia	_	_	_	_	_	linguistic	_	none	_	_	_	_	_	_
287-6	BO140	287	287	6	vita	vita	_	_	_	_	_	linguistic	_	none	_	_	_	_	_	_
287-7	BO140	287	287	7	a	a	_	_	_	_	_	linguistic	_	none	_	_	_	_	_	_
287-8	BO140	287	287	8	@nomepaese	@nomepaese	_	_	_	_	_	anonymized	_	none	_	_	_	_	_	_
287-9	BO140	287	287	9	e	e	_	_	_	_	_	linguistic	_	none	_	_	_	_	_	_
287-10	BO140	287	287	10	non	non	_	_	_	_	_	linguistic	_	none	_	_	_	_	_	_
287-11	BO140	287	287	11	lo	lo	_	_	_	_	_	linguistic	_	none	_	_	_	_	_	_
287-12	BO140	287	287	12	vorrò	vorrò	_	_	_	_	_	linguistic	_	none	_	_	_	_	_	_
287-13	BO140	287	287	13	mai	mai	_	_	_	_	_	linguistic	_	none	_	_	_	_	_	_
287-14	BO140	287	287	14	fare	fare	_	_	_	_	_	linguistic	_	none	_	_	_	_	_	_
287-15	BO140	287	287	15	perché:	perché	_	_	_	_	_	linguistic	_	none	_	End=1136.6	5x1	_	_	_
288-0	BO140	288	288	0	comunque::	comunque	_	_	_	_	_	linguistic	_	none	_	Begin=1137.041	7x2	_	_	_
288-1	BO140	288	288	1	mh	mh	_	_	_	_	_	linguistic	_	none	_	_	_	_	_	_
288-2	BO140	288	288	2	ti	ti	_	_	_	_	_	linguistic	_	none	_	_	_	_	_	_
288-3	BO140	288	288	3	offre	offre	_	_	_	_	_	linguistic	_	none	_	_	_	_	_	_
288-4	BO140	288	288	4	poco	poco	_	_	_	_	_	linguistic	_	none	_	_	_	_	_	_
288-5	BO140	288	288	5	a	a	_	_	_	_	_	linguistic	_	none	_	_	_	_	_	_
288-6	BO140	288	288	6	livello	livello	_	_	_	_	_	linguistic	_	none	_	_	_	_	_	_
288-7	BO140	288	288	7	sia::	sia	_	_	_	_	_	linguistic	_	none	_	_	2x2	_	_	_
288-8	BO140	288	288	8	cioè	cioè	_	_	_	_	_	linguistic	_	none	_	_	_	_	_	_
288-9	BO140	288	288	9	offre	offre	_	_	_	_	_	linguistic	_	none	_	_	_	_	_	_
288-10	BO140	288	288	10	anche	anche	_	_	_	_	_	linguistic	_	none	_	_	_	_	_	_
288-11	BO140	288	288	11	poco	poco	_	_	_	_	_	linguistic	_	none	_	_	_	_	_	_
288-12	BO140	288	288	12	divertimento	divertimento	_	_	_	_	_	linguistic	_	none	_	_	_	_	_	_
288-13	BO140	288	288	13	a	a	_	_	_	_	_	linguistic	_	none	_	_	_	_	_	_
288-14	BO140	288	288	14	livello	livello	_	_	_	_	_	linguistic	_	none	_	_	_	_	_	_
288-15	BO140	288	288	15	giovanile	giovanile	_	_	_	_	_	linguistic	_	none	_	_	_	_	_	_
288-16	BO140	288	288	16	ma	ma	_	_	_	_	_	linguistic	_	none	_	_	_	_	_	_
288-17	BO140	288	288	17	anche	anche	_	_	_	_	_	linguistic	_	none	_	_	_	_	_	_
288-18	BO140	288	288	18	per	per	_	_	_	_	_	linguistic	_	none	_	_	_	_	_	_
288-19	BO140	288	288	19	delle	delle	_	_	_	_	_	linguistic	_	none	_	_	_	_	_	_
288-20	BO140	288	288	20	famiglie	famiglie	_	_	_	_	_	linguistic	_	none	_	End=1145.65	_	_	_	_
289-0	BO140	289	289	0	cioè	cioè	_	_	_	_	_	linguistic	_	none	_	Begin=1146.255	_	_	_	_
289-1	BO140	289	289	1	io	io	_	_	_	_	_	linguistic	_	none	_	_	_	_	_	_
289-2	BO140	289	289	2	non	non	_	_	_	_	_	linguistic	_	none	_	_	_	_	_	_
289-3	BO140	289	289	3	ho	ho	_	_	_	_	_	linguistic	_	none	_	_	_	_	_	_
289-4	BO140	289	289	4	ricordi	ricordi	_	_	_	_	_	linguistic	_	none	_	_	_	_	_	_
289-5	BO140	289	289	5	di	di	_	_	_	_	_	linguistic	_	none	_	_	_	_	_	_
289-6	BO140	289	289	6	quando	quando	_	_	_	_	_	linguistic	_	none	_	_	_	_	_	_
289-7	BO140	289	289	7	son	son	_	_	_	_	_	linguistic	_	none	_	_	_	_	_	_
289-8	BO140	289	289	8	piccola:::	piccola	_	_	_	_	_	linguistic	_	none	_	_	6x3	_	_	_
289-9	BO140	289	289	9	che	che	_	_	_	_	_	linguistic	_	none	_	_	_	_	_	_
289-10	BO140	289	289	10	uscivo	uscivo	_	_	_	_	_	linguistic	_	none	_	_	_	_	_	_
289-11	BO140	289	289	11	con	con	_	_	_	_	_	linguistic	_	none	_	_	_	_	_	_
289-12	BO140	289	289	12	i	i	_	_	_	_	_	linguistic	_	none	_	_	_	_	_	_
289-13	BO140	289	289	13	miei	miei	_	_	_	_	_	linguistic	_	none	_	_	_	_	_	_
289-14	BO140	289	289	14	in	in	_	_	_	_	_	linguistic	_	none	_	_	_	_	_	_
289-15	BO140	289	289	15	centro	centro	_	_	_	_	_	linguistic	_	none	_	_	_	_	_	_
289-16	BO140	289	289	16	a	a	_	_	_	_	_	linguistic	_	none	_	_	_	_	_	_
289-17	BO140	289	289	17	@nomepaese	@nomepaese	_	_	_	_	_	anonymized	_	none	_	End=1152.7	_	_	_	_
290-0	BO118	290	290	0	n[o:]?	no	_	_	_	_	_	linguistic	_	none	Intonation=Rising	Begin=1153.116|End=1153.49	1x1	_	_	1-2(56)
291-0	BO140	291	291	0	[pe]rché	perché	_	_	_	_	_	linguistic	_	none	_	Begin=1153.345	_	_	_	0-2(56)
291-1	BO140	291	291	1	non:	non	_	_	_	_	_	linguistic	_	none	_	_	2x1	_	_	_
291-2	BO140	291	291	2	ma	ma	_	_	_	_	_	linguistic	_	none	_	_	_	_	_	_
291-3	BO140	291	291	3	pochissimi	pochissimi	_	_	_	_	_	linguistic	_	none	_	_	_	_	_	_
291-4	BO140	291	291	4	perché	perché	_	_	_	_	_	linguistic	_	none	_	_	_	_	_	_
291-5	BO140	291	291	5	[non:]	non	_	_	_	_	_	linguistic	_	none	_	End=1156.7	2x1	_	_	0-3(57)
292-0	BO118	292	292	0	[ma]	ma	_	_	_	_	_	linguistic	_	none	_	Begin=1156.447	_	_	_	0-2(57)
292-1	BO118	292	292	1	in	in	_	_	_	_	_	linguistic	_	none	_	_	_	_	_	_
292-2	BO118	292	292	2	realtà	realtà	_	_	_	_	_	linguistic	_	none	_	_	_	_	_	_
292-3	BO118	292	292	3	anch'	anch'	_	_	_	_	_	linguistic	_	none	SpaceAfter=No	_	_	_	_	_
292-4	BO118	292	292	4	io	io	_	_	_	_	_	linguistic	_	none	_	_	_	_	_	_
292-5	BO118	292	292	5	a	a	_	_	_	_	_	linguistic	_	none	_	_	_	_	_	_
292-6	BO118	292	292	6	@nomepaese.	@nomepaese	_	_	_	_	_	anonymized	_	none	Intonation=Falling	End=1158.01	_	_	_	_
293-0	BO118	293	293	0	cioè	cioè	_	_	_	_	_	linguistic	_	none	_	Begin=1158.17	_	_	_	_
293-1	BO118	293	293	1	non	non	_	_	_	_	_	linguistic	_	none	_	_	_	_	_	_
293-2	BO118	293	293	2	ho	ho	_	_	_	_	_	linguistic	_	none	_	_	_	_	_	_
293-3	BO118	293	293	3	ricordi	ricordi	_	_	_	_	_	linguistic	_	none	_	_	_	_	_	_
293-4	BO118	293	293	4	che	che	_	_	_	_	_	linguistic	_	none	_	_	_	_	_	_
293-5	BO118	293	293	5	uscissi	uscissi	_	_	_	_	_	linguistic	_	none	_	_	_	_	_	_
293-6	BO118	293	293	6	a	a	_	_	_	_	_	linguistic	_	none	_	_	_	_	_	_
293-7	BO118	293	293	7	@nomepaese	@nomepaese	_	_	_	_	_	anonymized	_	none	_	_	_	_	_	_
293-8	BO118	293	293	8	o	o	_	_	_	_	_	linguistic	_	none	_	_	_	_	_	_
293-9	BO118	293	293	9	a	a	_	_	_	_	_	linguistic	_	none	_	_	_	_	_	_
293-10	BO118	293	293	10	@nomepaese	@nomepaese	_	_	_	_	_	anonymized	_	none	_	_	_	_	_	_
293-11	BO118	293	293	11	con	con	_	_	_	_	_	linguistic	_	none	_	_	_	_	_	_
293-12	BO118	293	293	12	i	i	_	_	_	_	_	linguistic	_	none	_	_	_	_	_	_
293-13	BO118	293	293	13	miei	miei	_	_	_	_	_	linguistic	_	none	_	End=1161.713	_	_	_	_
294-0	BO118	294	294	0	forse	forse	_	_	_	_	_	linguistic	_	none	_	Begin=1162.596	_	_	_	_
294-1	BO118	294	294	1	xx	xx	_	_	_	_	_	unknown	_	none	Syllables=2	_	_	_	_	_
294-2	BO118	294	294	2	più	più	_	_	_	_	_	linguistic	_	none	_	_	_	_	_	_
294-3	BO118	294	294	3	nel	nel	_	_	_	_	_	linguistic	_	none	_	_	_	_	_	_
294-4	BO118	294	294	4	paesi:no	paesino	_	_	_	_	_	linguistic	_	none	_	_	4x1	_	_	_
294-5	BO118	294	294	5	nostro::,	nostro	_	_	_	_	_	linguistic	_	none	Intonation=WeaklyRising	_	5x2	_	_	_
294-6	BO118	294	294	6	[ma	ma	_	_	_	_	_	linguistic	_	none	_	_	_	_	_	0-2(58)
294-7	BO118	294	294	7	sem]pre	sempre	_	_	_	_	_	linguistic	_	none	_	_	_	_	_	0-3(58)
294-8	BO118	294	294	8	solite	solite	_	_	_	_	_	linguistic	_	none	_	_	_	_	_	_
294-9	BO118	294	294	9	co::se:,	cose	_	_	_	_	_	linguistic	_	none	Intonation=WeaklyRising	End=1167.01	1x2,3x1	_	_	_
295-0	BO140	295	295	0	[sì	sì	_	_	_	_	_	linguistic	_	none	_	Begin=1165.3	_	_	_	0-2(58)
295-1	BO140	295	295	1	sì	sì	_	_	_	_	_	linguistic	_	none	_	_	_	_	_	0-2(58)
295-2	BO140	295	295	2	sì]	sì	_	_	_	_	_	linguistic	_	none	_	End=1166.24	_	_	_	0-2(58)
296-0	BO140	296	296	0	sì	sì	_	_	_	_	_	linguistic	_	none	_	Begin=1167.712	_	_	_	_
296-1	BO140	296	296	1	però:::	però	_	_	_	_	_	linguistic	_	none	_	_	3x3	_	_	_
296-2	BO140	296	296	2	cioè	cioè	_	_	_	_	_	linguistic	_	none	_	_	_	_	_	_
296-3	BO140	296	296	3	magari	magari	_	_	_	_	_	linguistic	_	none	_	_	_	_	_	_
296-4	BO140	296	296	4	ci	ci	_	_	_	_	_	linguistic	_	none	_	_	_	_	_	_
296-5	BO140	296	296	5	sono	sono	_	_	_	_	_	linguistic	_	none	_	_	_	_	_	_
296-6	BO140	296	296	6	pochi	pochi	_	_	_	_	_	linguistic	_	none	_	_	_	_	_	_
296-7	BO140	296	296	7	eventi:	eventi	_	_	_	_	_	linguistic	_	none	_	_	5x1	_	_	_
296-8	BO140	296	296	8	e	e	_	_	_	_	_	linguistic	_	none	_	_	_	_	_	_
296-9	BO140	296	296	9	iniziative:::	iniziative	_	_	_	_	_	linguistic	_	none	_	_	9x3	_	_	_
296-10	BO140	296	296	10	offerte	offerte	_	_	_	_	_	linguistic	_	none	_	_	_	_	_	_
296-11	BO140	296	296	11	in	in	_	_	_	_	_	linguistic	_	none	_	_	_	_	_	_
296-12	BO140	296	296	12	una	una	_	_	_	_	_	linguistic	_	none	_	_	_	_	_	_
296-13	BO140	296	296	13	città	città	_	_	_	_	_	linguistic	_	none	_	_	_	_	_	_
296-14	BO140	296	296	14	più	più	_	_	_	_	_	linguistic	_	none	_	_	_	_	_	_
296-15	BO140	296	296	15	piccola	piccola	_	_	_	_	_	linguistic	_	none	_	_	_	_	_	_
296-16	BO140	296	296	16	che	che	_	_	_	_	_	linguistic	_	none	_	_	_	_	_	_
296-17	BO140	296	296	17	poi	poi	_	_	_	_	_	linguistic	_	none	_	_	_	_	_	_
296-18	BO140	296	296	18	non	non	_	_	_	_	_	linguistic	_	none	_	_	_	_	_	_
296-19	BO140	296	296	19	è	è	_	_	_	_	_	linguistic	_	none	_	_	_	_	_	_
296-20	BO140	296	296	20	sempre	sempre	_	_	_	_	_	linguistic	_	none	_	_	_	_	_	_
296-21	BO140	296	296	21	vero	vero	_	_	_	_	_	linguistic	_	none	_	_	_	_	_	_
296-22	BO140	296	296	22	perché	perché	_	_	_	_	_	linguistic	_	none	_	_	_	_	_	_
296-23	BO140	296	296	23	ci	ci	_	_	_	_	_	linguistic	_	none	_	_	_	_	_	_
296-24	BO140	296	296	24	son	son	_	_	_	_	_	linguistic	_	none	_	_	_	_	_	_
296-25	BO140	296	296	25	tante	tante	_	_	_	_	_	linguistic	_	none	_	_	_	_	_	_
296-26	BO140	296	296	26	periferie	periferie	_	_	_	_	_	linguistic	_	none	_	_	_	_	_	_
296-27	BO140	296	296	27	tanti	tanti	_	_	_	_	_	linguistic	_	none	_	_	_	_	_	_
296-28	BO140	296	296	28	piccoli	piccoli	_	_	_	_	_	linguistic	_	none	_	_	_	_	_	_
296-29	BO140	296	296	29	borghetti	borghetti	_	_	_	_	_	linguistic	_	none	_	_	_	_	_	_
296-30	BO140	296	296	30	che	che	_	_	_	_	_	linguistic	_	none	_	_	_	_	_	_
296-31	BO140	296	296	31	organizzano	organizzano	_	_	_	_	_	linguistic	_	none	_	_	_	_	_	_
296-32	BO140	296	296	32	tanti	tanti	_	_	_	_	_	linguistic	_	none	_	_	_	_	_	_
296-33	BO140	296	296	33	eventi::	eventi	_	_	_	_	_	linguistic	_	none	_	_	5x2	_	_	_
296-34	BO140	296	296	34	e:	e	_	_	_	_	_	linguistic	_	none	_	_	0x1	_	_	_
296-35	BO140	296	296	35	la	la	_	_	_	_	_	linguistic	_	none	_	_	_	_	_	_
296-36	BO140	296	296	36	qualità	qualità	_	_	_	_	_	linguistic	_	none	_	_	_	_	_	_
296-37	BO140	296	296	37	della	della	_	_	_	_	_	linguistic	_	none	_	_	_	_	_	_
296-38	BO140	296	296	38	vita	vita	_	_	_	_	_	linguistic	_	none	_	_	_	_	_	_
296-39	BO140	296	296	39	è:	è	_	_	_	_	_	linguistic	_	none	_	_	0x1	_	_	_
296-40	BO140	296	296	40	è	è	_	_	_	_	_	linguistic	_	none	_	_	_	_	_	_
296-41	BO140	296	296	41	buona	buona	_	_	_	_	_	linguistic	_	none	_	End=1186.39	_	_	_	_
297-0	BO140	297	297	0	però	però	_	_	_	_	_	linguistic	_	none	_	Begin=1186.912	_	_	_	_
297-1	BO140	297	297	1	@nomepaese	@nomepaese	_	_	_	_	_	anonymized	_	none	_	_	_	_	_	_
297-2	BO140	297	297	2	secondo	secondo	_	_	_	_	_	linguistic	_	none	_	_	_	_	_	_
297-3	BO140	297	297	3	me	me	_	_	_	_	_	linguistic	_	none	_	_	_	_	_	_
297-4	BO140	297	297	4	per	per	_	_	_	_	_	linguistic	_	none	_	_	_	_	_	_
297-5	BO140	297	297	5	quanto	quanto	_	_	_	_	_	linguistic	_	none	_	_	_	_	_	_
297-6	BO140	297	297	6	sia	sia	_	_	_	_	_	linguistic	_	none	_	_	_	_	_	_
297-7	BO140	297	297	7	anche	anche	_	_	_	_	_	linguistic	_	none	_	_	_	_	_	_
297-8	BO140	297	297	8	una	una	_	_	_	_	_	linguistic	_	none	_	_	_	_	_	_
297-9	BO140	297	297	9	città	città	_	_	_	_	_	linguistic	_	none	_	_	_	_	_	_
297-10	BO140	297	297	10	universitaria::	universitaria	_	_	_	_	_	linguistic	_	none	_	_	12x2	_	_	_
297-11	BO140	297	297	11	non	non	_	_	_	_	_	linguistic	_	none	_	_	_	_	_	_
297-12	BO140	297	297	12	offre	offre	_	_	_	_	_	linguistic	_	none	_	_	_	_	_	_
297-13	BO140	297	297	13	nulla.	nulla	_	_	_	_	_	linguistic	_	none	Intonation=Falling	End=1191.7	_	_	_	_
298-0	BO118	298	298	0	eh	eh	_	_	_	_	_	linguistic	_	none	_	Begin=1191.7	_	_	_	_
298-1	BO118	298	298	1	ma	ma	_	_	_	_	_	linguistic	_	none	_	_	_	_	_	_
298-2	BO118	298	298	2	infatti	infatti	_	_	_	_	_	linguistic	_	none	_	_	_	_	_	_
298-3	BO118	298	298	3	è	è	_	_	_	_	_	linguistic	_	none	_	_	_	_	_	_
298-4	BO118	298	298	4	stra:no	strano	_	_	_	_	_	linguistic	_	none	_	_	3x1	_	_	_
298-5	BO118	298	298	5	cioè	cioè	_	_	_	_	_	linguistic	_	none	_	_	_	_	_	_
298-6	BO118	298	298	6	comunque	comunque	_	_	_	_	_	linguistic	_	none	_	_	_	_	_	_
298-7	BO118	298	298	7	è	è	_	_	_	_	_	linguistic	_	none	_	_	_	_	_	_
298-8	BO118	298	298	8	un	un	_	_	_	_	_	linguistic	_	none	_	_	_	_	_	_
298-9	BO118	298	298	9	polo	polo	_	_	_	_	_	linguistic	_	none	_	_	_	_	_	_
298-10	BO118	298	298	10	universitario	universitario	_	_	_	_	_	linguistic	_	none	_	_	_	_	_	_
298-11	BO118	298	298	11	grosso	grosso	_	_	_	_	_	linguistic	_	none	_	End=1195.2	_	_	_	_
299-0	BO140	299	299	0	sì.	sì	_	_	_	_	_	linguistic	_	none	Intonation=Falling	Begin=1195.34|End=1195.75	_	_	_	_
300-0	BO118	300	300	0	cioè	cioè	_	_	_	_	_	linguistic	_	none	_	Begin=1195.755	_	_	_	_
300-1	BO118	300	300	1	ci	ci	_	_	_	_	_	linguistic	_	none	_	_	_	_	_	_
300-2	BO118	300	300	2	viene	viene	_	_	_	_	_	linguistic	_	none	_	_	_	_	_	_
300-3	BO118	300	300	3	gente	gente	_	_	_	_	_	linguistic	_	none	_	_	_	_	_	_
300-4	BO118	300	300	4	dal	dal	_	_	_	_	_	linguistic	_	none	_	_	_	_	_	_
300-5	BO118	300	300	5	su:d	sud	_	_	_	_	_	linguistic	_	none	_	_	1x1	_	_	_
300-6	BO118	300	300	6	veramente:	veramente	_	_	_	_	_	linguistic	_	none	_	_	8x1	_	_	_
300-7	BO118	300	300	7	[xx	xx	_	_	_	_	_	unknown	_	none	Syllables=2	_	_	_	_	0-2(59)
300-8	BO118	300	300	8	xxx]	xxx	_	_	_	_	_	unknown	_	none	Syllables=3	End=1198.89	_	_	_	0-3(59)
301-0	BO140	301	301	0	[eh	eh	_	_	_	_	_	linguistic	_	none	_	Begin=1197.727	_	_	_	0-2(59)
301-1	BO140	301	301	1	ma	ma	_	_	_	_	_	linguistic	_	none	_	_	_	_	_	0-2(59)
301-2	BO140	301	301	2	è	è	_	_	_	_	_	linguistic	_	none	_	_	_	_	_	0-1(59)
301-3	BO140	301	301	3	che	che	_	_	_	_	_	linguistic	_	none	_	_	_	_	_	0-3(59)
301-4	BO140	301	301	4	l'	l'	_	_	_	_	_	linguistic	_	none	SpaceAfter=No	_	_	_	_	0-2(59)
301-5	BO140	301	301	5	ammini]strazione::	amministrazione	_	_	_	_	_	linguistic	_	none	_	_	14x2	_	_	0-6(59)
301-6	BO140	301	301	6	mh:	mh	_	_	_	_	_	linguistic	_	none	_	End=1200.96	1x1	_	_	_
302-0	BO140	302	302	0	non	non	_	_	_	_	_	linguistic	_	none	_	Begin=1201.782	_	_	_	_
302-1	BO140	302	302	1	è	è	_	_	_	_	_	linguistic	_	none	_	_	_	_	_	_
302-2	BO140	302	302	2	interessata	interessata	_	_	_	_	_	linguistic	_	none	_	_	_	_	_	_
302-3	BO140	302	302	3	probabilmente	probabilmente	_	_	_	_	_	linguistic	_	none	_	_	_	_	_	_
302-4	BO140	302	302	4	cioè	cioè	_	_	_	_	_	linguistic	_	none	_	_	_	_	_	_
302-5	BO140	302	302	5	nel	nel	_	_	_	_	_	linguistic	_	none	_	_	_	_	_	_
302-6	BO140	302	302	6	senso	senso	_	_	_	_	_	linguistic	_	none	_	_	_	_	_	_
302-7	BO140	302	302	7	negli	negli	_	_	_	_	_	linguistic	_	none	_	_	_	_	_	_
302-8	BO140	302	302	8	ultimi	ultimi	_	_	_	_	_	linguistic	_	none	_	_	_	_	_	_
302-9	BO140	302	302	9	due	due	_	_	_	_	_	linguistic	_	none	_	_	_	_	_	_
302-10	BO140	302	302	10	anni	anni	_	_	_	_	_	linguistic	_	none	_	_	_	_	_	_
302-11	BO140	302	302	11	mi	mi	_	_	_	_	_	linguistic	_	none	_	_	_	_	_	_
302-12	BO140	302	302	12	sto	sto	_	_	_	_	_	linguistic	_	none	_	_	_	_	_	_
302-13	BO140	302	302	13	accorgendo	accorgendo	_	_	_	_	_	linguistic	_	none	_	_	_	_	_	_
302-14	BO140	302	302	14	che	che	_	_	_	_	_	linguistic	_	none	_	_	_	_	_	_
302-15	BO140	302	302	15	stan	stan	_	_	_	_	_	linguistic	_	none	_	_	_	_	_	_
302-16	BO140	302	302	16	cercando	cercando	_	_	_	_	_	linguistic	_	none	_	_	_	_	_	_
302-17	BO140	302	302	17	di	di	_	_	_	_	_	linguistic	_	none	_	_	_	_	_	_
302-18	BO140	302	302	18	far	far	_	_	_	_	_	linguistic	_	none	_	_	_	_	_	_
302-19	BO140	302	302	19	dei	dei	_	_	_	_	_	linguistic	_	none	_	_	_	_	_	_
302-20	BO140	302	302	20	passi	passi	_	_	_	_	_	linguistic	_	none	_	_	_	_	_	_
302-21	BO140	302	302	21	avanti	avanti	_	_	_	_	_	linguistic	_	none	_	End=1207.47	_	_	_	_
303-0	BO140	303	303	0	però::	però	_	_	_	_	_	linguistic	_	none	_	Begin=1208.061	3x2	_	_	_
303-1	BO140	303	303	1	da	da	_	_	_	_	_	linguistic	_	none	_	_	_	_	_	_
303-2	BO140	303	303	2	quando::	quando	_	_	_	_	_	linguistic	_	none	_	_	5x2	_	_	_
303-3	BO140	303	303	3	ero:	ero	_	_	_	_	_	linguistic	_	none	_	_	2x1	_	_	_
303-4	BO140	303	303	4	adolesce:nte	adolescente	_	_	_	_	_	linguistic	_	none	_	_	7x1	_	_	_
303-5	BO140	303	303	5	dai	dai	_	_	_	_	_	linguistic	_	none	_	_	_	_	_	_
303-6	BO140	303	303	6	diciamo	diciamo	_	_	_	_	_	linguistic	_	none	_	_	_	_	_	_
303-7	BO140	303	303	7	dai::	dai	_	_	_	_	_	linguistic	_	none	_	_	2x2	_	_	_
303-8	BO140	303	303	8	boh	boh	_	_	_	_	_	linguistic	_	none	_	_	_	_	_	_
303-9	BO140	303	303	9	quattordici	quattordici	_	_	_	_	_	linguistic	_	none	_	_	_	_	_	_
303-10	BO140	303	303	10	anni	anni	_	_	_	_	_	linguistic	_	none	_	_	_	_	_	_
303-11	BO140	303	303	11	ho	ho	_	_	_	_	_	linguistic	_	none	_	_	_	_	_	_
303-12	BO140	303	303	12	cominciato	cominciato	_	_	_	_	_	linguistic	_	none	_	_	_	_	_	_
303-13	BO140	303	303	13	a	a	_	_	_	_	_	linguistic	_	none	_	_	_	_	_	_
303-14	BO140	303	303	14	uscire:	uscire	_	_	_	_	_	linguistic	_	none	_	_	5x1	_	_	_
303-15	BO140	303	303	15	fino:	fino	_	_	_	_	_	linguistic	_	none	_	_	3x1	_	_	_
303-16	BO140	303	303	16	ad	ad	_	_	_	_	_	linguistic	_	none	_	_	_	_	_	_
303-17	BO140	303	303	17	adesso,	adesso	_	_	_	_	_	linguistic	_	none	Intonation=WeaklyRising	End=1216.62	_	_	_	_
304-0	BO140	304	304	0	che	che	_	_	_	_	_	linguistic	_	none	_	Begin=1216.95	_	_	_	_
304-1	BO140	304	304	1	ne	ne	_	_	_	_	_	linguistic	_	none	_	_	_	_	_	_
304-2	BO140	304	304	2	ho	ho	_	_	_	_	_	linguistic	_	none	_	_	_	_	_	_
304-3	BO140	304	304	3	venticinque	venticinque	_	_	_	_	_	linguistic	_	none	_	_	_	_	_	_
304-4	BO140	304	304	4	comunque	comunque	_	_	_	_	_	linguistic	_	none	_	_	_	_	_	_
304-5	BO140	304	304	5	non:,	non	_	_	_	_	_	linguistic	_	none	Intonation=WeaklyRising	End=1219.52	2x1	_	_	_
305-0	BO140	305	305	0	cioè	cioè	_	_	_	_	_	linguistic	_	none	_	Begin=1220.155	_	_	_	_
305-1	BO140	305	305	1	non	non	_	_	_	_	_	linguistic	_	none	_	_	_	_	_	_
305-2	BO140	305	305	2	trovo	trovo	_	_	_	_	_	linguistic	_	none	_	_	_	_	_	_
305-3	BO140	305	305	3	cioè	cioè	_	_	_	_	_	linguistic	_	none	_	_	_	_	_	_
305-4	BO140	305	305	4	non	non	_	_	_	_	_	linguistic	_	none	_	_	_	_	_	_
305-5	BO140	305	305	5	ho	ho	_	_	_	_	_	linguistic	_	none	_	_	_	_	_	_
305-6	BO140	305	305	6	mai	mai	_	_	_	_	_	linguistic	_	none	_	_	_	_	_	_
305-7	BO140	305	305	7	trovato	trovato	_	_	_	_	_	linguistic	_	none	_	_	_	_	_	_
305-8	BO140	305	305	8	dei::	dei	_	_	_	_	_	linguistic	_	none	_	_	2x2	_	_	_
305-9	BO140	305	305	9	dei	dei	_	_	_	_	_	linguistic	_	none	_	_	_	_	_	_
305-10	BO140	305	305	10	grandi	grandi	_	_	_	_	_	linguistic	_	none	_	_	_	_	_	_
305-11	BO140	305	305	11	eventi:	eventi	_	_	_	_	_	linguistic	_	none	_	_	5x1	_	_	_
305-12	BO140	305	305	12	o:,	o	_	_	_	_	_	linguistic	_	none	Intonation=WeaklyRising	End=1225.41	0x1	_	_	_
306-0	BO140	306	306	0	cioè	cioè	_	_	_	_	_	linguistic	_	none	_	Begin=1226.282	_	_	_	_
306-1	BO140	306	306	1	possibilità	possibilità	_	_	_	_	_	linguistic	_	none	_	_	_	_	_	_
306-2	BO140	306	306	2	di	di	_	_	_	_	_	linguistic	_	none	_	_	_	_	_	_
306-3	BO140	306	306	3	divertirmi:	divertirmi	_	_	_	_	_	linguistic	_	none	_	_	9x1	_	_	_
306-4	BO140	306	306	4	anzi	anzi	_	_	_	_	_	linguistic	_	none	_	_	_	_	_	_
306-5	BO140	306	306	5	quando	quando	_	_	_	_	_	linguistic	_	none	_	_	_	_	_	_
306-6	BO140	306	306	6	avevo	avevo	_	_	_	_	_	linguistic	_	none	_	_	_	_	_	_
306-7	BO140	306	306	7	quattordici	quattordici	_	_	_	_	_	linguistic	_	none	_	_	_	_	_	_
306-8	BO140	306	306	8	anni	anni	_	_	_	_	_	linguistic	_	none	_	_	_	_	_	_
306-9	BO140	306	306	9	ce	ce	_	_	_	_	_	linguistic	_	none	_	_	_	_	_	_
306-10	BO140	306	306	10	ne	ne	_	_	_	_	_	linguistic	_	none	_	_	_	_	_	_
306-11	BO140	306	306	11	erano	erano	_	_	_	_	_	linguistic	_	none	_	_	_	_	_	_
306-12	BO140	306	306	12	molti	molti	_	_	_	_	_	linguistic	_	none	_	_	_	_	_	_
306-13	BO140	306	306	13	di	di	_	_	_	_	_	linguistic	_	none	_	_	_	_	_	_
306-14	BO140	306	306	14	più:	più	_	_	_	_	_	linguistic	_	none	_	_	2x1	_	_	_
306-15	BO140	306	306	15	organizzavano	organizzavano	_	_	_	_	_	linguistic	_	none	_	_	_	_	_	_
306-16	BO140	306	306	16	anche	anche	_	_	_	_	_	linguistic	_	none	_	_	_	_	_	_
306-17	BO140	306	306	17	dei	dei	_	_	_	_	_	linguistic	_	none	_	_	_	_	_	_
306-18	BO140	306	306	18	concer[ti::]	concerti	_	_	_	_	_	linguistic	_	none	_	End=1233.32	7x2	_	_	6-8(60)
307-0	BO118	307	307	0	[sì]?	sì	_	_	_	_	_	linguistic	_	none	Intonation=Rising	Begin=1232.73|End=1233.328	_	_	_	0-2(60)
308-0	BO140	308	308	0	sì	sì	_	_	_	_	_	linguistic	_	none	_	Begin=1233.661	_	_	_	_
308-1	BO140	308	308	1	[l'	l'	_	_	_	_	_	linguistic	_	none	SpaceAfter=No	_	_	_	_	0-2(61)
308-2	BO140	308	308	2	uni]versità	università	_	_	_	_	_	linguistic	_	none	_	_	_	_	_	0-3(61)
308-3	BO140	308	308	3	organizzava	organizzava	_	_	_	_	_	linguistic	_	none	_	_	_	_	_	_
308-4	BO140	308	308	4	dei	dei	_	_	_	_	_	linguistic	_	none	_	_	_	_	_	_
308-5	BO140	308	308	5	concerti	concerti	_	_	_	_	_	linguistic	_	none	_	_	_	_	_	_
308-6	BO140	308	308	6	e	e	_	_	_	_	_	linguistic	_	none	_	_	_	_	_	_
308-7	BO140	308	308	7	lasciavano	lasciavano	_	_	_	_	_	linguistic	_	none	_	_	_	_	_	_
308-8	BO140	308	308	8	mo:lto	molto	_	_	_	_	_	linguistic	_	none	_	_	1x1	_	_	_
308-9	BO140	308	308	9	più	più	_	_	_	_	_	linguistic	_	none	_	_	_	_	_	_
308-10	BO140	308	308	10	liberi	liberi	_	_	_	_	_	linguistic	_	none	_	_	_	_	_	_
308-11	BO140	308	308	11	gli	gli	_	_	_	_	_	linguistic	_	none	_	_	_	_	_	_
308-12	BO140	308	308	12	universitari	universitari	_	_	_	_	_	linguistic	_	none	_	_	_	_	_	_
308-13	BO140	308	308	13	di	di	_	_	_	_	_	linguistic	_	none	_	_	_	_	_	_
308-14	BO140	308	308	14	esprimersi	esprimersi	_	_	_	_	_	linguistic	_	none	_	_	_	_	_	_
308-15	BO140	308	308	15	e	e	_	_	_	_	_	linguistic	_	none	_	_	_	_	_	_
308-16	BO140	308	308	16	anche	anche	_	_	_	_	_	linguistic	_	none	_	_	_	_	_	_
308-17	BO140	308	308	17	a	a	_	_	_	_	_	linguistic	_	none	_	_	_	_	_	_
308-18	BO140	308	308	18	livello	livello	_	_	_	_	_	linguistic	_	none	_	_	_	_	_	_
308-19	BO140	308	308	19	proprio	proprio	_	_	_	_	_	linguistic	_	none	_	_	_	_	_	_
308-20	BO140	308	308	20	organizzativo	organizzativo	_	_	_	_	_	linguistic	_	none	_	End=1240.22	_	_	_	_
309-0	BO118	309	309	0	[ah::]	ah	_	_	_	_	_	linguistic	_	none	_	Begin=1233.854|End=1234.504	1x2	_	_	0-2(61)
310-0	BO140	310	310	0	mentre	mentre	_	_	_	_	_	linguistic	_	none	_	Begin=1240.605	_	_	_	_
310-1	BO140	310	310	1	adesso	adesso	_	_	_	_	_	linguistic	_	none	_	_	_	_	_	_
310-2	BO140	310	310	2	gli	gli	_	_	_	_	_	linguistic	_	none	_	_	_	_	_	_
310-3	BO140	310	310	3	stanno	stanno	_	_	_	_	_	linguistic	_	none	_	_	_	_	_	_
310-4	BO140	310	310	4	tagliando	tagliando	_	_	_	_	_	linguistic	_	none	_	_	_	_	_	_
310-5	BO140	310	310	5	le	le	_	_	_	_	_	linguistic	_	none	_	_	_	_	_	_
310-6	BO140	310	310	6	gambe	gambe	_	_	_	_	_	linguistic	_	none	_	_	_	_	_	_
310-7	BO140	310	310	7	ovu:nque:	ovunque	_	_	_	_	_	linguistic	_	none	_	_	2x1,6x1	_	_	_
310-8	BO140	310	310	8	a	a	_	_	_	_	_	linguistic	_	none	_	_	_	_	_	_
310-9	BO140	310	310	9	chiu:nque	chiunque	_	_	_	_	_	linguistic	_	none	_	_	3x1	_	_	_
310-10	BO140	310	310	10	e:	e	_	_	_	_	_	linguistic	_	none	_	_	0x1	_	_	_
310-11	BO140	310	310	11	non	non	_	_	_	_	_	linguistic	_	none	_	_	_	_	_	_
310-12	BO140	310	310	12	c'	c'	_	_	_	_	_	linguistic	_	none	SpaceAfter=No	_	_	_	_	_
310-13	BO140	310	310	13	è	è	_	_	_	_	_	linguistic	_	none	_	_	_	_	_	_
310-14	BO140	310	310	14	più	più	_	_	_	_	_	linguistic	_	none	_	_	_	_	_	_
310-15	BO140	310	310	15	niente.	niente	_	_	_	_	_	linguistic	_	none	Intonation=Falling	End=1245.52	_	_	_	_
311-0	BO140	311	311	0	quindi:	quindi	_	_	_	_	_	linguistic	_	none	_	Begin=1246.06	5x1	_	_	_
311-1	BO140	311	311	1	[xx]	xx	_	_	_	_	_	unknown	_	none	Syllables=2	End=1246.87	_	_	_	0-2(62)
312-0	BO118	312	312	0	[ma]	ma	_	_	_	_	_	linguistic	_	none	_	Begin=1246.694	_	_	_	0-2(62)
312-1	BO118	312	312	1	in	in	_	_	_	_	_	linguistic	_	none	_	_	_	_	_	_
312-2	BO118	312	312	2	realtà	realtà	_	_	_	_	_	linguistic	_	none	_	_	_	_	_	_
312-3	BO118	312	312	3	anche	anche	_	_	_	_	_	linguistic	_	none	_	_	_	_	_	_
312-4	BO118	312	312	4	a	a	_	_	_	_	_	linguistic	_	none	_	_	_	_	_	_
312-5	BO118	312	312	5	bologna	bologna	_	_	_	_	_	linguistic	_	none	_	_	_	_	_	_
312-6	BO118	312	312	6	stanno	stanno	_	_	_	_	_	linguistic	_	none	_	_	_	_	_	_
312-7	BO118	312	312	7	a	a	_	_	_	_	_	linguistic	_	none	_	_	_	_	_	_
312-8	BO118	312	312	8	fa'	fa'	_	_	_	_	_	linguistic	_	none	Truncated=Yes	_	_	_	_	_
312-9	BO118	312	312	9	un	un	_	_	_	_	_	linguistic	_	none	_	_	_	_	_	_
312-10	BO118	312	312	10	po'	po'	_	_	_	_	_	linguistic	_	none	_	_	_	_	_	_
312-11	BO118	312	312	11	sto	sto	_	_	_	_	_	linguistic	_	none	_	_	_	_	_	_
312-12	BO118	312	312	12	lavoro.	lavoro	_	_	_	_	_	linguistic	_	none	Intonation=Falling	End=1249.39	_	_	_	_
313-0	BO140	313	313	0	sì	sì	_	_	_	_	_	linguistic	_	none	_	Begin=1249.615	_	_	_	_
313-1	BO140	313	313	1	però	però	_	_	_	_	_	linguistic	_	none	_	_	_	_	_	_
313-2	BO140	313	313	2	bologna	bologna	_	_	_	_	_	linguistic	_	none	_	_	_	_	_	_
313-3	BO140	313	313	3	essendo	essendo	_	_	_	_	_	linguistic	_	none	_	_	_	_	_	_
313-4	BO140	313	313	4	più	più	_	_	_	_	_	linguistic	_	none	_	_	_	_	_	_
313-5	BO140	313	313	5	gra:nde	grande	_	_	_	_	_	linguistic	_	none	_	_	2x1	_	_	_
313-6	BO140	313	313	6	secondo	secondo	_	_	_	_	_	linguistic	_	none	_	_	_	_	_	_
313-7	BO140	313	313	7	me::	me	_	_	_	_	_	linguistic	_	none	_	_	1x2	_	_	_
313-8	BO140	313	313	8	c'	c'	_	_	_	_	_	linguistic	_	none	SpaceAfter=No	_	_	_	_	_
313-9	BO140	313	313	9	è	è	_	_	_	_	_	linguistic	_	none	_	_	_	_	_	_
313-10	BO140	313	313	10	più	più	_	_	_	_	_	linguistic	_	none	_	_	_	_	_	_
313-11	BO140	313	313	11	via	via	_	_	_	_	_	linguistic	_	none	_	_	_	_	_	_
313-12	BO140	313	313	12	di	di	_	_	_	_	_	linguistic	_	none	_	_	_	_	_	_
313-13	BO140	313	313	13	uscita	uscita	_	_	_	_	_	linguistic	_	none	_	_	_	_	_	_
313-14	BO140	313	313	14	e	e	_	_	_	_	_	linguistic	_	none	_	_	_	_	_	_
313-15	BO140	313	313	15	ne	ne	_	_	_	_	_	linguistic	_	none	_	_	_	_	_	_
313-16	BO140	313	313	16	risente	risente	_	_	_	_	_	linguistic	_	none	_	_	_	_	_	_
313-17	BO140	313	313	17	meno.	meno	_	_	_	_	_	linguistic	_	none	Intonation=Falling	End=1255.26	_	_	_	_
314-0	BO140	314	314	0	mentre	mentre	_	_	_	_	_	linguistic	_	none	_	Begin=1255.995	_	_	_	_
314-1	BO140	314	314	1	un	un	_	_	_	_	_	linguistic	_	none	_	_	_	_	_	_
314-2	BO140	314	314	2	paesin~	paesin~	_	_	_	_	_	linguistic	_	none	Interrupted=Yes	_	_	_	_	_
314-3	BO140	314	314	3	un:	un	_	_	_	_	_	linguistic	_	none	_	_	1x1	_	_	_
314-4	BO140	314	314	4	piccolo	piccolo	_	_	_	_	_	linguistic	_	none	_	_	_	_	_	_
314-5	BO140	314	314	5	centro	centro	_	_	_	_	_	linguistic	_	none	_	_	_	_	_	_
314-6	BO140	314	314	6	come	come	_	_	_	_	_	linguistic	_	none	_	_	_	_	_	_
314-7	BO140	314	314	7	@nomepaese	@nomepaese	_	_	_	_	_	anonymized	_	none	_	_	_	_	_	_
314-8	BO140	314	314	8	dove	dove	_	_	_	_	_	linguistic	_	none	_	_	_	_	_	_
314-9	BO140	314	314	9	c'	c'	_	_	_	_	_	linguistic	_	none	SpaceAfter=No	_	_	_	_	_
314-10	BO140	314	314	10	è	è	_	_	_	_	_	linguistic	_	none	_	_	_	_	_	_
314-11	BO140	314	314	11	una	una	_	_	_	_	_	linguistic	_	none	_	_	_	_	_	_
314-12	BO140	314	314	12	piazza:	piazza	_	_	_	_	_	linguistic	_	none	_	_	5x1	_	_	_
314-13	BO140	314	314	13	e	e	_	_	_	_	_	linguistic	_	none	_	_	_	_	_	_
314-14	BO140	314	314	14	ci	ci	_	_	_	_	_	linguistic	_	none	_	_	_	_	_	_
314-15	BO140	314	314	15	sono:	sono	_	_	_	_	_	linguistic	_	none	_	_	3x1	_	_	_
314-16	BO140	314	314	16	boh	boh	_	_	_	_	_	linguistic	_	none	_	_	_	_	_	_
314-17	BO140	314	314	17	dieci	dieci	_	_	_	_	_	linguistic	_	none	_	_	_	_	_	_
314-18	BO140	314	314	18	locali:	locali	_	_	_	_	_	linguistic	_	none	_	_	5x1	_	_	_
314-19	BO140	314	314	19	se	se	_	_	_	_	_	linguistic	_	none	_	_	_	_	_	_
314-20	BO140	314	314	20	a	a	_	_	_	_	_	linguistic	_	none	_	_	_	_	_	_
314-21	BO140	314	314	21	tutti	tutti	_	_	_	_	_	linguistic	_	none	_	_	_	_	_	_
314-22	BO140	314	314	22	tagli	tagli	_	_	_	_	_	linguistic	_	none	_	_	_	_	_	_
314-23	BO140	314	314	23	le	le	_	_	_	_	_	linguistic	_	none	_	_	_	_	_	_
314-24	BO140	314	314	24	gambe:	gambe	_	_	_	_	_	linguistic	_	none	_	_	4x1	_	_	_
314-25	BO140	314	314	25	non	non	_	_	_	_	_	linguistic	_	none	_	_	_	_	_	_
314-26	BO140	314	314	26	c'	c'	_	_	_	_	_	linguistic	_	none	SpaceAfter=No	_	_	_	_	_
314-27	BO140	314	314	27	è	è	_	_	_	_	_	linguistic	_	none	_	_	_	_	_	_
314-28	BO140	314	314	28	più:	più	_	_	_	_	_	linguistic	_	none	_	_	2x1	_	_	_
314-29	BO140	314	314	29	via	via	_	_	_	_	_	linguistic	_	none	_	_	_	_	_	_
314-30	BO140	314	314	30	d'	d'	_	_	_	_	_	linguistic	_	none	SpaceAfter=No	_	_	_	_	_
314-31	BO140	314	314	31	uscita	uscita	_	_	_	_	_	linguistic	_	none	_	End=1266.78	_	_	_	_
315-0	BO140	315	315	0	cioè	cioè	_	_	_	_	_	linguistic	_	none	_	Begin=1266.92	_	_	_	_
315-1	BO140	315	315	1	ti	ti	_	_	_	_	_	linguistic	_	none	_	_	_	_	_	_
315-2	BO140	315	315	2	devi	devi	_	_	_	_	_	linguistic	_	none	_	_	_	_	_	_
315-3	BO140	315	315	3	spostare	spostare	_	_	_	_	_	linguistic	_	none	_	_	_	_	_	_
315-4	BO140	315	315	4	per	per	_	_	_	_	_	linguistic	_	none	_	_	_	_	_	_
315-5	BO140	315	315	5	fo:rza.	forza	_	_	_	_	_	linguistic	_	none	Intonation=Falling	End=1268.36	1x1	_	_	_
316-0	BO140	316	316	0	e	e	_	_	_	_	_	linguistic	_	none	_	Begin=1269.26	_	_	_	_
316-1	BO140	316	316	1	non	non	_	_	_	_	_	linguistic	_	none	_	_	_	_	_	_
316-2	BO140	316	316	2	è	è	_	_	_	_	_	linguistic	_	none	_	_	_	_	_	_
316-3	BO140	316	316	3	una	una	_	_	_	_	_	linguistic	_	none	_	_	_	_	_	_
316-4	BO140	316	316	4	città:	città	_	_	_	_	_	linguistic	_	none	_	_	4x1	_	_	_
316-5	BO140	316	316	5	vic~	vic~	_	_	_	_	_	linguistic	_	none	Interrupted=Yes	_	_	_	_	_
316-6	BO140	316	316	6	che	che	_	_	_	_	_	linguistic	_	none	_	_	_	_	_	_
316-7	BO140	316	316	7	è	è	_	_	_	_	_	linguistic	_	none	_	_	_	_	_	_
316-8	BO140	316	316	8	vicino	vicino	_	_	_	_	_	linguistic	_	none	_	_	_	_	_	_
316-9	BO140	316	316	9	a	a	_	_	_	_	_	linguistic	_	none	_	_	_	_	_	_
316-10	BO140	316	316	10	tante	tante	_	_	_	_	_	linguistic	_	none	_	_	_	_	_	_
316-11	BO140	316	316	11	possibilità:	possibilità	_	_	_	_	_	linguistic	_	none	_	_	10x1	_	_	_
316-12	BO140	316	316	12	cioè	cioè	_	_	_	_	_	linguistic	_	none	_	_	_	_	_	_
316-13	BO140	316	316	13	la	la	_	_	_	_	_	linguistic	_	none	_	_	_	_	_	_
316-14	BO140	316	316	14	vi~	vi~	_	_	_	_	_	linguistic	_	none	Interrupted=Yes	_	_	_	_	_
316-15	BO140	316	316	15	cioè	cioè	_	_	_	_	_	linguistic	_	none	_	_	_	_	_	_
316-16	BO140	316	316	16	la	la	_	_	_	_	_	linguistic	_	none	_	_	_	_	_	_
316-17	BO140	316	316	17	città	città	_	_	_	_	_	linguistic	_	none	_	_	_	_	_	_
316-18	BO140	316	316	18	più	più	_	_	_	_	_	linguistic	_	none	_	_	_	_	_	_
316-19	BO140	316	316	19	gran~	gran~	_	_	_	_	_	linguistic	_	none	Interrupted=Yes	_	_	_	_	_
316-20	BO140	316	316	20	più	più	_	_	_	_	_	linguistic	_	none	_	_	_	_	_	_
316-21	BO140	316	316	21	grande	grande	_	_	_	_	_	linguistic	_	none	_	_	_	_	_	_
316-22	BO140	316	316	22	xxx	xxx	_	_	_	_	_	unknown	_	none	Syllables=3	_	_	_	_	_
316-23	BO140	316	316	23	diciamo	diciamo	_	_	_	_	_	linguistic	_	none	_	_	_	_	_	_
316-24	BO140	316	316	24	più	più	_	_	_	_	_	linguistic	_	none	_	_	_	_	_	_
316-25	BO140	316	316	25	vicina	vicina	_	_	_	_	_	linguistic	_	none	_	_	_	_	_	_
316-26	BO140	316	316	26	che	che	_	_	_	_	_	linguistic	_	none	_	_	_	_	_	_
316-27	BO140	316	316	27	è	è	_	_	_	_	_	linguistic	_	none	_	_	_	_	_	_
316-28	BO140	316	316	28	leggermente	leggermente	_	_	_	_	_	linguistic	_	none	_	_	_	_	_	_
316-29	BO140	316	316	29	più	più	_	_	_	_	_	linguistic	_	none	_	_	_	_	_	_
316-30	BO140	316	316	30	grande	grande	_	_	_	_	_	linguistic	_	none	_	_	_	_	_	_
316-31	BO140	316	316	31	è	è	_	_	_	_	_	linguistic	_	none	_	_	_	_	_	_
316-32	BO140	316	316	32	pe:saro.	pesaro	_	_	_	_	_	linguistic	_	none	Intonation=Falling	End=1279.52	1x1	_	_	_
317-0	BO118	317	317	0	mhmh	mhmh	_	_	_	_	_	linguistic	_	none	_	Begin=1279.547|End=1280.008	_	_	_	_
318-0	BO140	318	318	0	ma	ma	_	_	_	_	_	linguistic	_	none	_	Begin=1280.008	_	_	_	_
318-1	BO140	318	318	1	comunque	comunque	_	_	_	_	_	linguistic	_	none	_	_	_	_	_	_
318-2	BO140	318	318	2	si:a	sia	_	_	_	_	_	linguistic	_	none	_	_	1x1	_	_	_
318-3	BO140	318	318	3	prendi	prendi	_	_	_	_	_	linguistic	_	none	_	_	_	_	_	_
318-4	BO140	318	318	4	la	la	_	_	_	_	_	linguistic	_	none	_	_	_	_	_	_
318-5	BO140	318	318	5	macchina	macchina	_	_	_	_	_	linguistic	_	none	_	_	_	_	_	_
318-6	BO140	318	318	6	per	per	_	_	_	_	_	linguistic	_	none	_	_	_	_	_	_
318-7	BO140	318	318	7	andare	andare	_	_	_	_	_	linguistic	_	none	_	_	_	_	_	_
318-8	BO140	318	318	8	a	a	_	_	_	_	_	linguistic	_	none	_	_	_	_	_	_
318-9	BO140	318	318	9	pesaro	pesaro	_	_	_	_	_	linguistic	_	none	_	_	_	_	_	_
318-10	BO140	318	318	10	ci	ci	_	_	_	_	_	linguistic	_	none	_	_	_	_	_	_
318-11	BO140	318	318	11	metti	metti	_	_	_	_	_	linguistic	_	none	_	_	_	_	_	_
318-12	BO140	318	318	12	tre	tre	_	_	_	_	_	linguistic	_	none	_	_	_	_	_	_
318-13	BO140	318	318	13	quarti	quarti	_	_	_	_	_	linguistic	_	none	_	_	_	_	_	_
318-14	BO140	318	318	14	d'	d'	_	_	_	_	_	linguistic	_	none	SpaceAfter=No	_	_	_	_	_
318-15	BO140	318	318	15	o:ra.	ora	_	_	_	_	_	linguistic	_	none	Intonation=Falling	End=1283.21	0x1	_	_	_
319-0	BO140	319	319	0	e:	e	_	_	_	_	_	linguistic	_	none	_	Begin=1283.845	0x1	_	_	_
319-1	BO140	319	319	1	cioè	cioè	_	_	_	_	_	linguistic	_	none	_	_	_	_	_	_
319-2	BO140	319	319	2	ti	ti	_	_	_	_	_	linguistic	_	none	_	_	_	_	_	_
319-3	BO140	319	319	3	passa	passa	_	_	_	_	_	linguistic	_	none	_	_	_	_	_	_
319-4	BO140	319	319	4	un	un	_	_	_	_	_	linguistic	_	none	_	_	_	_	_	_
319-5	BO140	319	319	5	po'	po'	_	_	_	_	_	linguistic	_	none	_	_	_	_	_	_
319-6	BO140	319	319	6	la	la	_	_	_	_	_	linguistic	_	none	_	_	_	_	_	_
319-7	BO140	319	319	7	voglia	voglia	_	_	_	_	_	linguistic	_	none	_	_	_	_	_	_
319-8	BO140	319	319	8	diciamo	diciamo	_	_	_	_	_	linguistic	_	none	_	_	_	_	_	_
319-9	BO140	319	319	9	a	a	_	_	_	_	_	linguistic	_	none	_	_	_	_	_	_
319-10	BO140	319	319	10	fare	fare	_	_	_	_	_	linguistic	_	none	_	_	_	_	_	_
319-11	BO140	319	319	11	avanti	avanti	_	_	_	_	_	linguistic	_	none	_	_	_	_	_	_
319-12	BO140	319	319	12	e	e	_	_	_	_	_	linguistic	_	none	_	_	_	_	_	_
319-13	BO140	319	319	13	indietro	indietro	_	_	_	_	_	linguistic	_	none	_	_	_	_	_	_
319-14	BO140	319	319	14	comunque:	comunque	_	_	_	_	_	linguistic	_	none	_	_	7x1	_	_	_
319-15	BO140	319	319	15	per	per	_	_	_	_	_	linguistic	_	none	_	_	_	_	_	_
319-16	BO140	319	319	16	[questo]	questo	_	_	_	_	_	linguistic	_	none	_	End=1288.74	_	_	_	0-6(63)
320-0	BO118	320	320	0	[pen]savo	pensavo	_	_	_	_	_	linguistic	_	none	_	Begin=1288.382	_	_	_	0-3(63)
320-1	BO118	320	320	1	fosse::	fosse	_	_	_	_	_	linguistic	_	none	_	_	4x2	_	_	_
320-2	BO118	320	320	2	fosse	fosse	_	_	_	_	_	linguistic	_	none	_	_	_	_	_	_
320-3	BO118	320	320	3	più	più	_	_	_	_	_	linguistic	_	none	_	_	_	_	_	_
320-4	BO118	320	320	4	vicina.	vicina	_	_	_	_	_	linguistic	_	none	Intonation=Falling	End=1290.37	_	_	_	_
321-0	BO140	321	321	0	no	no	_	_	_	_	_	linguistic	_	none	_	Begin=1291.11	_	_	_	_
321-1	BO140	321	321	1	in	in	_	_	_	_	_	linguistic	_	none	_	_	_	_	_	_
321-2	BO140	321	321	2	realtà	realtà	_	_	_	_	_	linguistic	_	none	_	_	_	_	_	_
321-3	BO140	321	321	3	son	son	_	_	_	_	_	linguistic	_	none	_	_	_	_	_	_
321-4	BO140	321	321	4	trentacinque	trentacinque	_	_	_	_	_	linguistic	_	none	_	_	_	_	_	_
321-5	BO140	321	321	5	chilometri	chilometri	_	_	_	_	_	linguistic	_	none	_	_	_	_	_	_
321-6	BO140	321	321	6	ma:	ma	_	_	_	_	_	linguistic	_	none	_	_	1x1	_	_	_
321-7	BO140	321	321	7	la	la	_	_	_	_	_	linguistic	_	none	_	_	_	_	_	_
321-8	BO140	321	321	8	strada:	strada	_	_	_	_	_	linguistic	_	none	_	_	5x1	_	_	_
321-9	BO140	321	321	9	è::	è	_	_	_	_	_	linguistic	_	none	ProsodicLink=Yes	_	0x2	_	_	_
321-10	BO140	321	321	10	mh	mh	_	_	_	_	_	linguistic	_	none	_	_	_	_	_	_
321-11	BO140	321	321	11	cioè	cioè	_	_	_	_	_	linguistic	_	none	_	_	_	_	_	_
321-12	BO140	321	321	12	è	è	_	_	_	_	_	linguistic	_	none	_	_	_	_	_	_
321-13	BO140	321	321	13	vecchia	vecchia	_	_	_	_	_	linguistic	_	none	_	End=1296.94	_	_	_	_
322-0	BO140	322	322	0	e	e	_	_	_	_	_	linguistic	_	none	_	Begin=1297.3	_	_	_	_
322-1	BO140	322	322	1	quindi	quindi	_	_	_	_	_	linguistic	_	none	_	_	_	_	_	_
322-2	BO140	322	322	2	ci	ci	_	_	_	_	_	linguistic	_	none	_	_	_	_	_	_
322-3	BO140	322	322	3	metti	metti	_	_	_	_	_	linguistic	_	none	_	_	_	_	_	_
322-4	BO140	322	322	4	ta:nto	tanto	_	_	_	_	_	linguistic	_	none	_	_	1x1	_	_	_
322-5	BO140	322	322	5	tempo	tempo	_	_	_	_	_	linguistic	_	none	_	_	_	_	_	_
322-6	BO140	322	322	6	poi	poi	_	_	_	_	_	linguistic	_	none	_	_	_	_	_	_
322-7	BO140	322	322	7	è	è	_	_	_	_	_	linguistic	_	none	_	_	_	_	_	_
322-8	BO140	322	322	8	l'	l'	_	_	_	_	_	linguistic	_	none	SpaceAfter=No	_	_	_	_	_
322-9	BO140	322	322	9	unica	unica	_	_	_	_	_	linguistic	_	none	_	_	_	_	_	_
322-10	BO140	322	322	10	strada	strada	_	_	_	_	_	linguistic	_	none	_	_	_	_	_	_
322-11	BO140	322	322	11	che	che	_	_	_	_	_	linguistic	_	none	_	_	_	_	_	_
322-12	BO140	322	322	12	collega:	collega	_	_	_	_	_	linguistic	_	none	_	_	6x1	_	_	_
322-13	BO140	322	322	13	pesaro	pesaro	_	_	_	_	_	linguistic	_	none	_	_	_	_	_	_
322-14	BO140	322	322	14	a	a	_	_	_	_	_	linguistic	_	none	_	_	_	_	_	_
322-15	BO140	322	322	15	@nomepaese	@nomepaese	_	_	_	_	_	anonymized	_	none	_	_	_	_	_	_
322-16	BO140	322	322	16	e:::	e	_	_	_	_	_	linguistic	_	none	_	End=1302.94	0x3	_	_	_
323-0	BO140	323	323	0	non	non	_	_	_	_	_	linguistic	_	none	_	Begin=1303.33	_	_	_	_
323-1	BO140	323	323	1	c'	c'	_	_	_	_	_	linguistic	_	none	SpaceAfter=No	_	_	_	_	_
323-2	BO140	323	323	2	hai:	hai	_	_	_	_	_	linguistic	_	none	_	_	2x1	_	_	_
323-3	BO140	323	323	3	altro	altro	_	_	_	_	_	linguistic	_	none	_	_	_	_	_	_
323-4	BO140	323	323	4	modo:	modo	_	_	_	_	_	linguistic	_	none	_	_	3x1	_	_	_
323-5	BO140	323	323	5	per	per	_	_	_	_	_	linguistic	_	none	_	_	_	_	_	_
323-6	BO140	323	323	6	andare	andare	_	_	_	_	_	linguistic	_	none	_	End=1305.95	_	_	_	_
324-0	BO140	324	324	0	e	e	_	_	_	_	_	linguistic	_	none	_	Begin=1306.297	_	_	_	_
324-1	BO140	324	324	1	devi	devi	_	_	_	_	_	linguistic	_	none	_	_	_	_	_	_
324-2	BO140	324	324	2	fare	fare	_	_	_	_	_	linguistic	_	none	_	_	_	_	_	_
324-3	BO140	324	324	3	unicamente	unicamente	_	_	_	_	_	linguistic	_	none	_	_	_	_	_	_
324-4	BO140	324	324	4	quella	quella	_	_	_	_	_	linguistic	_	none	_	_	_	_	_	_
324-5	BO140	324	324	5	quindi	quindi	_	_	_	_	_	linguistic	_	none	_	_	_	_	_	_
324-6	BO140	324	324	6	c'	c'	_	_	_	_	_	linguistic	_	none	SpaceAfter=No	_	_	_	_	_
324-7	BO140	324	324	7	è	è	_	_	_	_	_	linguistic	_	none	_	_	_	_	_	_
324-8	BO140	324	324	8	anche	anche	_	_	_	_	_	linguistic	_	none	_	_	_	_	_	_
324-9	BO140	324	324	9	mh	mh	_	_	_	_	_	linguistic	_	none	_	_	_	_	_	_
324-10	BO140	324	324	10	abbastanza	abbastanza	_	_	_	_	_	linguistic	_	none	_	_	_	_	_	_
324-11	BO140	324	324	11	traffico	traffico	_	_	_	_	_	linguistic	_	none	_	End=1309.76	_	_	_	_
325-0	BO118	325	325	0	e	e	_	_	_	_	_	linguistic	_	none	_	Begin=1309.787	_	_	_	_
325-1	BO118	325	325	1	pesaro	pesaro	_	_	_	_	_	linguistic	_	none	_	_	_	_	_	_
325-2	BO118	325	325	2	è	è	_	_	_	_	_	linguistic	_	none	_	_	_	_	_	_
325-3	BO118	325	325	3	più	più	_	_	_	_	_	linguistic	_	none	_	_	_	_	_	_
325-4	BO118	325	325	4	viva	viva	_	_	_	_	_	linguistic	_	none	_	_	_	_	_	_
325-5	BO118	325	325	5	a	a	_	_	_	_	_	linguistic	_	none	_	_	_	_	_	_
325-6	BO118	325	325	6	livello:	livello	_	_	_	_	_	linguistic	_	none	_	_	6x1	_	_	_
325-7	BO118	325	325	7	[di]	di	_	_	_	_	_	linguistic	_	none	_	_	_	_	_	0-2(64)
325-8	BO118	325	325	8	eventi?	eventi	_	_	_	_	_	linguistic	_	none	Intonation=Rising	End=1312.18	_	_	_	_
326-0	BO140	326	326	0	[sì]	sì	_	_	_	_	_	linguistic	_	none	_	Begin=1311.413|End=1311.813	_	_	_	0-2(64)
327-0	BO140	327	327	0	sì	sì	_	_	_	_	_	linguistic	_	none	ProsodicLink=Yes	Begin=1312.188	_	_	_	_
327-1	BO140	327	327	1	sì	sì	_	_	_	_	_	linguistic	_	none	_	_	_	_	_	_
327-2	BO140	327	327	2	pesaro	pesaro	_	_	_	_	_	linguistic	_	none	_	_	_	_	_	_
327-3	BO140	327	327	3	sì.	sì	_	_	_	_	_	linguistic	_	none	Intonation=Falling	End=1313.08	_	_	_	_
328-0	BO140	328	328	0	assolutamente	assolutamente	_	_	_	_	_	linguistic	_	none	_	Begin=1313.36	_	_	_	_
328-1	BO140	328	328	1	cioè	cioè	_	_	_	_	_	linguistic	_	none	_	_	_	_	_	_
328-2	BO140	328	328	2	me	me	_	_	_	_	_	linguistic	_	none	_	_	_	_	_	_
328-3	BO140	328	328	3	ne	ne	_	_	_	_	_	linguistic	_	none	_	_	_	_	_	_
328-4	BO140	328	328	4	sto	sto	_	_	_	_	_	linguistic	_	none	_	_	_	_	_	_
328-5	BO140	328	328	5	accorgendo	accorgendo	_	_	_	_	_	linguistic	_	none	_	_	_	_	_	_
328-6	BO140	328	328	6	adesso	adesso	_	_	_	_	_	linguistic	_	none	_	_	_	_	_	_
328-7	BO140	328	328	7	con	con	_	_	_	_	_	linguistic	_	none	_	_	_	_	_	_
328-8	BO140	328	328	8	michele.	michele	_	_	_	_	_	linguistic	_	none	Intonation=Falling	End=1316.35	_	_	_	_
329-0	BO140	329	329	0	che:	che	_	_	_	_	_	linguistic	_	none	_	Begin=1317.19	2x1	_	_	_
329-1	BO140	329	329	1	cioè	cioè	_	_	_	_	_	linguistic	_	none	_	_	_	_	_	_
329-2	BO140	329	329	2	comunque:	comunque	_	_	_	_	_	linguistic	_	none	_	_	7x1	_	_	_
329-3	BO140	329	329	3	si::	si	_	_	_	_	_	linguistic	_	none	_	_	1x2	_	_	_
329-4	BO140	329	329	4	cioè	cioè	_	_	_	_	_	linguistic	_	none	_	_	_	_	_	_
329-5	BO140	329	329	5	si	si	_	_	_	_	_	linguistic	_	none	_	_	_	_	_	_
329-6	BO140	329	329	6	vive	vive	_	_	_	_	_	linguistic	_	none	_	_	_	_	_	_
329-7	BO140	329	329	7	be:ne	bene	_	_	_	_	_	linguistic	_	none	_	_	1x1	_	_	_
329-8	BO140	329	329	8	a	a	_	_	_	_	_	linguistic	_	none	_	_	_	_	_	_
329-9	BO140	329	329	9	pesaro	pesaro	_	_	_	_	_	linguistic	_	none	_	End=1321.64	_	_	_	_
330-0	BO140	330	330	0	perché:	perché	_	_	_	_	_	linguistic	_	none	_	Begin=1321.935	5x1	_	_	_
330-1	BO140	330	330	1	sicuramente	sicuramente	_	_	_	_	_	linguistic	_	none	_	_	_	_	_	_
330-2	BO140	330	330	2	è	è	_	_	_	_	_	linguistic	_	none	_	_	_	_	_	_
330-3	BO140	330	330	3	anche	anche	_	_	_	_	_	linguistic	_	none	_	_	_	_	_	_
330-4	BO140	330	330	4	dato	dato	_	_	_	_	_	linguistic	_	none	_	_	_	_	_	_
330-5	BO140	330	330	5	dal	dal	_	_	_	_	_	linguistic	_	none	_	_	_	_	_	_
330-6	BO140	330	330	6	fatto	fatto	_	_	_	_	_	linguistic	_	none	_	_	_	_	_	_
330-7	BO140	330	330	7	che	che	_	_	_	_	_	linguistic	_	none	_	_	_	_	_	_
330-8	BO140	330	330	8	ha	ha	_	_	_	_	_	linguistic	_	none	_	_	_	_	_	_
330-9	BO140	330	330	9	un'	un'	_	_	_	_	_	linguistic	_	none	SpaceAfter=No	_	_	_	_	_
330-10	BO140	330	330	10	amministrazione	amministrazione	_	_	_	_	_	linguistic	_	none	_	_	_	_	_	_
330-11	BO140	330	330	11	più	più	_	_	_	_	_	linguistic	_	none	_	_	_	_	_	_
330-12	BO140	330	330	12	ricca.	ricca	_	_	_	_	_	linguistic	_	none	Intonation=Falling	End=1326.145	_	_	_	_
331-0	BO140	331	331	0	cioè	cioè	_	_	_	_	_	linguistic	_	none	_	Begin=1326.6	_	_	_	_
331-1	BO140	331	331	1	è	è	_	_	_	_	_	linguistic	_	none	_	_	_	_	_	_
331-2	BO140	331	331	2	un	un	_	_	_	_	_	linguistic	_	none	_	_	_	_	_	_
331-3	BO140	331	331	3	comune	comune	_	_	_	_	_	linguistic	_	none	_	_	_	_	_	_
331-4	BO140	331	331	4	ricco:	ricco	_	_	_	_	_	linguistic	_	none	_	_	4x1	_	_	_
331-5	BO140	331	331	5	pesaro.	pesaro	_	_	_	_	_	linguistic	_	none	Intonation=Falling	End=1328.35	_	_	_	_
332-0	BO118	332	332	0	mh	mh	_	_	_	_	_	linguistic	_	none	_	Begin=1328.36	_	_	_	_
332-1	BO118	332	332	1	mh	mh	_	_	_	_	_	linguistic	_	none	_	End=1328.92	_	_	_	_
333-0	BO140	333	333	0	quindi:	quindi	_	_	_	_	_	linguistic	_	none	_	Begin=1328.927	5x1	_	_	_
333-1	BO140	333	333	1	mh:	mh	_	_	_	_	_	linguistic	_	none	_	End=1331.15	1x1	_	_	_
334-0	BO140	334	334	0	cioè	cioè	_	_	_	_	_	linguistic	_	none	_	Begin=1331.477	_	_	_	_
334-1	BO140	334	334	1	investono	investono	_	_	_	_	_	linguistic	_	none	_	_	_	_	_	_
334-2	BO140	334	334	2	tanto	tanto	_	_	_	_	_	linguistic	_	none	_	_	_	_	_	_
334-3	BO140	334	334	3	nel::	nel	_	_	_	_	_	linguistic	_	none	_	_	2x2	_	_	_
334-4	BO140	334	334	4	mh	mh	_	_	_	_	_	linguistic	_	none	_	_	_	_	_	_
334-5	BO140	334	334	5	in	in	_	_	_	_	_	linguistic	_	none	_	_	_	_	_	_
334-6	BO140	334	334	6	eventi:	eventi	_	_	_	_	_	linguistic	_	none	_	_	5x1	_	_	_
334-7	BO140	334	334	7	cittadini::	cittadini	_	_	_	_	_	linguistic	_	none	_	_	8x2	_	_	_
334-8	BO140	334	334	8	anche	anche	_	_	_	_	_	linguistic	_	none	_	_	_	_	_	_
334-9	BO140	334	334	9	per	per	_	_	_	_	_	linguistic	_	none	_	_	_	_	_	_
334-10	BO140	334	334	10	dire	dire	_	_	_	_	_	linguistic	_	none	_	_	_	_	_	_
334-11	BO140	334	334	11	l'	l'	_	_	_	_	_	linguistic	_	none	SpaceAfter=No	_	_	_	_	_
334-12	BO140	334	334	12	accensione	accensione	_	_	_	_	_	linguistic	_	none	_	_	_	_	_	_
334-13	BO140	334	334	13	delle	delle	_	_	_	_	_	linguistic	_	none	_	_	_	_	_	_
334-14	BO140	334	334	14	luci	luci	_	_	_	_	_	linguistic	_	none	_	_	_	_	_	_
334-15	BO140	334	334	15	natalizie:	natalizie	_	_	_	_	_	linguistic	_	none	_	_	8x1	_	_	_
334-16	BO140	334	334	16	c'	c'	_	_	_	_	_	linguistic	_	none	SpaceAfter=No	_	_	_	_	_
334-17	BO140	334	334	17	erano	erano	_	_	_	_	_	linguistic	_	none	_	_	_	_	_	_
334-18	BO140	334	334	18	boh	boh	_	_	_	_	_	linguistic	_	none	_	_	_	_	_	_
334-19	BO140	334	334	19	migliaia	migliaia	_	_	_	_	_	linguistic	_	none	_	_	_	_	_	_
334-20	BO140	334	334	20	di	di	_	_	_	_	_	linguistic	_	none	_	_	_	_	_	_
334-21	BO140	334	334	21	persone	persone	_	_	_	_	_	linguistic	_	none	_	_	_	_	_	_
334-22	BO140	334	334	22	in	in	_	_	_	_	_	linguistic	_	none	_	_	_	_	_	_
334-23	BO140	334	334	23	piazza.	piazza	_	_	_	_	_	linguistic	_	none	Intonation=Falling	End=1341.53	_	_	_	_
335-0	BO140	335	335	0	e	e	_	_	_	_	_	linguistic	_	none	_	Begin=1342.02	_	_	_	_
335-1	BO140	335	335	1	non	non	_	_	_	_	_	linguistic	_	none	_	_	_	_	_	_
335-2	BO140	335	335	2	si	si	_	_	_	_	_	linguistic	_	none	_	_	_	_	_	_
335-3	BO140	335	335	3	passa:va	passava	_	_	_	_	_	linguistic	_	none	_	_	4x1	_	_	_
335-4	BO140	335	335	4	neanche	neanche	_	_	_	_	_	linguistic	_	none	_	_	_	_	_	_
335-5	BO140	335	335	5	[quindi]	quindi	_	_	_	_	_	linguistic	_	none	_	End=1344.05	_	_	_	0-6(65)
336-0	BO118	336	336	0	[e::	e	_	_	_	_	_	linguistic	_	none	_	Begin=1343.728	0x2	_	_	0-1(65)
336-1	BO118	336	336	1	a]	a	_	_	_	_	_	linguistic	_	none	_	_	_	_	_	0-1(65)
336-2	BO118	336	336	2	pesaro	pesaro	_	_	_	_	_	linguistic	_	none	_	_	_	_	_	_
336-3	BO118	336	336	3	ci	ci	_	_	_	_	_	linguistic	_	none	_	_	_	_	_	_
336-4	BO118	336	336	4	stanno	stanno	_	_	_	_	_	linguistic	_	none	_	_	_	_	_	_
336-5	BO118	336	336	5	delle	delle	_	_	_	_	_	linguistic	_	none	_	_	_	_	_	_
336-6	BO118	336	336	6	università:?	università	_	_	_	_	_	linguistic	_	none	Intonation=Rising	End=1345.948	9x1	_	_	_
337-0	BO140	337	337	0	a	a	_	_	_	_	_	linguistic	_	none	_	Begin=1346.355	_	_	_	_
337-1	BO140	337	337	1	pesaro	pesaro	_	_	_	_	_	linguistic	_	none	_	_	_	_	_	_
337-2	BO140	337	337	2	ci	ci	_	_	_	_	_	linguistic	_	none	_	_	_	_	_	_
337-3	BO140	337	337	3	sono	sono	_	_	_	_	_	linguistic	_	none	_	_	_	_	_	_
337-4	BO140	337	337	4	un	un	_	_	_	_	_	linguistic	_	none	_	_	_	_	_	_
337-5	BO140	337	337	5	paio	paio	_	_	_	_	_	linguistic	_	none	_	_	_	_	_	_
337-6	BO140	337	337	6	di	di	_	_	_	_	_	linguistic	_	none	_	_	_	_	_	_
337-7	BO140	337	337	7	università	università	_	_	_	_	_	linguistic	_	none	_	_	_	_	_	_
337-8	BO140	337	337	8	due	due	_	_	_	_	_	linguistic	_	none	_	_	_	_	_	_
337-9	BO140	337	337	9	o	o	_	_	_	_	_	linguistic	_	none	_	_	_	_	_	_
337-10	BO140	337	337	10	tre	tre	_	_	_	_	_	linguistic	_	none	_	_	_	_	_	_
337-11	BO140	337	337	11	facoltà	facoltà	_	_	_	_	_	linguistic	_	none	_	_	_	_	_	_
337-12	BO140	337	337	12	insomma	insomma	_	_	_	_	_	linguistic	_	none	_	_	_	_	_	_
337-13	BO140	337	337	13	ma	ma	_	_	_	_	_	linguistic	_	none	_	_	_	_	_	_
337-14	BO140	337	337	14	sono	sono	_	_	_	_	_	linguistic	_	none	_	_	_	_	_	_
337-15	BO140	337	337	15	dei	dei	_	_	_	_	_	linguistic	_	none	_	_	_	_	_	_
337-16	BO140	337	337	16	corsi	corsi	_	_	_	_	_	linguistic	_	none	_	_	_	_	_	_
337-17	BO140	337	337	17	di	di	_	_	_	_	_	linguistic	_	none	_	_	_	_	_	_
337-18	BO140	337	337	18	laurea:	laurea	_	_	_	_	_	linguistic	_	none	_	_	5x1	_	_	_
337-19	BO140	337	337	19	di:::	di	_	_	_	_	_	linguistic	_	none	_	_	1x3	_	_	_
337-20	BO140	337	337	20	di	di	_	_	_	_	_	linguistic	_	none	_	_	_	_	_	_
337-21	BO140	337	337	21	ancona	ancona	_	_	_	_	_	linguistic	_	none	_	_	_	_	_	_
337-22	BO140	337	337	22	e	e	_	_	_	_	_	linguistic	_	none	_	_	_	_	_	_
337-23	BO140	337	337	23	di	di	_	_	_	_	_	linguistic	_	none	_	_	_	_	_	_
337-24	BO140	337	337	24	urbino.	urbino	_	_	_	_	_	linguistic	_	none	Intonation=Falling	End=1354.18	_	_	_	_
338-0	BO118	338	338	0	mh	mh	_	_	_	_	_	linguistic	_	none	_	Begin=1354.213	_	_	_	_
338-1	BO118	338	338	1	mh	mh	_	_	_	_	_	linguistic	_	none	_	End=1354.697	_	_	_	_
339-0	BO140	339	339	0	cioè	cioè	_	_	_	_	_	linguistic	_	none	_	Begin=1354.697	_	_	_	_
339-1	BO140	339	339	1	pesaro:	pesaro	_	_	_	_	_	linguistic	_	none	_	_	5x1	_	_	_
339-2	BO140	339	339	2	come	come	_	_	_	_	_	linguistic	_	none	_	_	_	_	_	_
339-3	BO140	339	339	3	città	città	_	_	_	_	_	linguistic	_	none	_	_	_	_	_	_
339-4	BO140	339	339	4	non	non	_	_	_	_	_	linguistic	_	none	_	_	_	_	_	_
339-5	BO140	339	339	5	ha	ha	_	_	_	_	_	linguistic	_	none	_	_	_	_	_	_
339-6	BO140	339	339	6	un'	un'	_	_	_	_	_	linguistic	_	none	SpaceAfter=No	_	_	_	_	_
339-7	BO140	339	339	7	università	università	_	_	_	_	_	linguistic	_	none	_	_	_	_	_	_
339-8	BO140	339	339	8	propria.	propria	_	_	_	_	_	linguistic	_	none	Intonation=Falling	End=1357.64	_	_	_	_
340-0	BO118	340	340	0	o:ka[y]	okay	_	_	_	_	_	linguistic	_	none	_	Begin=1357.77|End=1358.43	0x1	_	_	3-4(66)
341-0	BO140	341	341	0	[a]ccoglie	accoglie	_	_	_	_	_	linguistic	_	none	_	Begin=1358.337	_	_	_	0-1(66)
341-1	BO140	341	341	1	solo:	solo	_	_	_	_	_	linguistic	_	none	_	_	3x1	_	_	_
341-2	BO140	341	341	2	nelle	nelle	_	_	_	_	_	linguistic	_	none	_	_	_	_	_	_
341-3	BO140	341	341	3	sedi:	sedi	_	_	_	_	_	linguistic	_	none	_	_	3x1	_	_	_
341-4	BO140	341	341	4	dei	dei	_	_	_	_	_	linguistic	_	none	_	_	_	_	_	_
341-5	BO140	341	341	5	corsi	corsi	_	_	_	_	_	linguistic	_	none	_	End=1360.903	_	_	_	_
342-0	BO118	342	342	0	tipo:	tipo	_	_	_	_	_	linguistic	_	none	_	Begin=1360.907	3x1	_	_	_
342-1	BO118	342	342	1	succursali	succursali	_	_	_	_	_	linguistic	_	none	_	End=1362.014	_	_	_	_
343-0	BO140	343	343	0	sì	sì	_	_	_	_	_	linguistic	_	none	ProsodicLink=Yes	Begin=1362.014	_	_	_	_
343-1	BO140	343	343	1	sì	sì	_	_	_	_	_	linguistic	_	none	ProsodicLink=Yes	_	_	_	_	_
343-2	BO140	343	343	2	sì	sì	_	_	_	_	_	linguistic	_	none	_	End=1362.837	_	_	_	_
344-0	BO118	344	344	0	e	e	_	_	_	_	_	linguistic	_	none	_	Begin=1362.852	_	_	_	_
344-1	BO118	344	344	1	tipo	tipo	_	_	_	_	_	linguistic	_	none	_	_	_	_	_	_
344-2	BO118	344	344	2	a	a	_	_	_	_	_	linguistic	_	none	_	_	_	_	_	_
344-3	BO118	344	344	3	pesaro	pesaro	_	_	_	_	_	linguistic	_	none	_	_	_	_	_	_
344-4	BO118	344	344	4	c'	c'	_	_	_	_	_	linguistic	_	none	SpaceAfter=No	_	_	_	_	_
344-5	BO118	344	344	5	abiteresti?	abiteresti	_	_	_	_	_	linguistic	_	none	Intonation=Rising	End=1364.63	_	_	_	_
345-0	BO140	345	345	0	sì.	sì	_	_	_	_	_	linguistic	_	none	Intonation=Falling	Begin=1364.65|End=1365.14	_	_	_	_
346-0	BO140	346	346	0	a	a	_	_	_	_	_	linguistic	_	none	_	Begin=1365.41	_	_	_	_
346-1	BO140	346	346	1	pesaro	pesaro	_	_	_	_	_	linguistic	_	none	_	_	_	_	_	_
346-2	BO140	346	346	2	sì.	sì	_	_	_	_	_	linguistic	_	none	Intonation=Falling	End=1366.26	_	_	_	_
347-0	BO140	347	347	0	perché::	perché	_	_	_	_	_	linguistic	_	none	_	Begin=1366.667	5x2	_	_	_
347-1	BO140	347	347	1	ho	ho	_	_	_	_	_	linguistic	_	none	_	_	_	_	_	_
347-2	BO140	347	347	2	sempre	sempre	_	_	_	_	_	linguistic	_	none	_	_	_	_	_	_
347-3	BO140	347	347	3	pensato	pensato	_	_	_	_	_	linguistic	_	none	_	_	_	_	_	_
347-4	BO140	347	347	4	di	di	_	_	_	_	_	linguistic	_	none	_	_	_	_	_	_
347-5	BO140	347	347	5	riavvicinarmi	riavvicinarmi	_	_	_	_	_	linguistic	_	none	_	_	_	_	_	_
347-6	BO140	347	347	6	a	a	_	_	_	_	_	linguistic	_	none	_	_	_	_	_	_
347-7	BO140	347	347	7	ca:sa,	casa	_	_	_	_	_	linguistic	_	none	Intonation=WeaklyRising	End=1370.27	1x1	_	_	_
348-0	BO140	348	348	0	e:	e	_	_	_	_	_	linguistic	_	none	_	Begin=1371.038	0x1	_	_	_
348-1	BO140	348	348	1	quindi	quindi	_	_	_	_	_	linguistic	_	none	_	_	_	_	_	_
348-2	BO140	348	348	2	comunque:	comunque	_	_	_	_	_	linguistic	_	none	_	_	7x1	_	_	_
348-3	BO140	348	348	3	ritornare	ritornare	_	_	_	_	_	linguistic	_	none	_	_	_	_	_	_
348-4	BO140	348	348	4	vicino	vicino	_	_	_	_	_	linguistic	_	none	_	_	_	_	_	_
348-5	BO140	348	348	5	ai	ai	_	_	_	_	_	linguistic	_	none	_	_	_	_	_	_
348-6	BO140	348	348	6	mie:i,	miei	_	_	_	_	_	linguistic	_	none	Intonation=WeaklyRising	_	2x1	_	_	_
348-7	BO140	348	348	7	alla	alla	_	_	_	_	_	linguistic	_	none	_	_	_	_	_	_
348-8	BO140	348	348	8	mia	mia	_	_	_	_	_	linguistic	_	none	_	_	_	_	_	_
348-9	BO140	348	348	9	famiglia,	famiglia	_	_	_	_	_	linguistic	_	none	Intonation=WeaklyRising	End=1374.52	_	_	_	_
349-0	BO140	349	349	0	ma	ma	_	_	_	_	_	linguistic	_	none	_	Begin=1375.273	_	_	_	_
349-1	BO140	349	349	1	allo	allo	_	_	_	_	_	linguistic	_	none	_	_	_	_	_	_
349-2	BO140	349	349	2	stesso	stesso	_	_	_	_	_	linguistic	_	none	_	_	_	_	_	_
349-3	BO140	349	349	3	tempo::	tempo	_	_	_	_	_	linguistic	_	none	_	_	4x2	_	_	_
349-4	BO140	349	349	4	per	per	_	_	_	_	_	linguistic	_	none	_	_	_	_	_	_
349-5	BO140	349	349	5	il	il	_	_	_	_	_	linguistic	_	none	_	_	_	_	_	_
349-6	BO140	349	349	6	discorso	discorso	_	_	_	_	_	linguistic	_	none	_	_	_	_	_	_
349-7	BO140	349	349	7	che	che	_	_	_	_	_	linguistic	_	none	_	_	_	_	_	_
349-8	BO140	349	349	8	facevo	facevo	_	_	_	_	_	linguistic	_	none	_	_	_	_	_	_
349-9	BO140	349	349	9	prima	prima	_	_	_	_	_	linguistic	_	none	_	_	_	_	_	_
349-10	BO140	349	349	10	non	non	_	_	_	_	_	linguistic	_	none	_	_	_	_	_	_
349-11	BO140	349	349	11	mi	mi	_	_	_	_	_	linguistic	_	none	_	_	_	_	_	_
349-12	BO140	349	349	12	piacerebbe	piacerebbe	_	_	_	_	_	linguistic	_	none	_	_	_	_	_	_
349-13	BO140	349	349	13	vivere	vivere	_	_	_	_	_	linguistic	_	none	_	_	_	_	_	_
349-14	BO140	349	349	14	a	a	_	_	_	_	_	linguistic	_	none	_	_	_	_	_	_
349-15	BO140	349	349	15	@nomepaese	@nomepaese	_	_	_	_	_	anonymized	_	none	_	_	_	_	_	_
349-16	BO140	349	349	16	o	o	_	_	_	_	_	linguistic	_	none	_	_	_	_	_	_
349-17	BO140	349	349	17	in	in	_	_	_	_	_	linguistic	_	none	_	_	_	_	_	_
349-18	BO140	349	349	18	un	un	_	_	_	_	_	linguistic	_	none	_	_	_	_	_	_
349-19	BO140	349	349	19	piccolo	piccolo	_	_	_	_	_	linguistic	_	none	_	_	_	_	_	_
349-20	BO140	349	349	20	paese	paese	_	_	_	_	_	linguistic	_	none	_	End=1381.44	_	_	_	_
350-0	BO118	350	350	0	<okay>	okay	_	_	_	_	_	linguistic	_	none	_	Begin=1381.47|End=1382.13	_	Slow=0-4(0)	_	_
351-0	BO140	351	351	0	e	e	_	_	_	_	_	linguistic	_	none	_	Begin=1382.544	_	_	_	_
351-1	BO140	351	351	1	pesaro	pesaro	_	_	_	_	_	linguistic	_	none	_	_	_	_	_	_
351-2	BO140	351	351	2	diciamo	diciamo	_	_	_	_	_	linguistic	_	none	_	_	_	_	_	_
351-3	BO140	351	351	3	che	che	_	_	_	_	_	linguistic	_	none	_	_	_	_	_	_
351-4	BO140	351	351	4	è	è	_	_	_	_	_	linguistic	_	none	_	_	_	_	_	_
351-5	BO140	351	351	5	un	un	_	_	_	_	_	linguistic	_	none	_	_	_	_	_	_
351-6	BO140	351	351	6	po'	po'	_	_	_	_	_	linguistic	_	none	_	_	_	_	_	_
351-7	BO140	351	351	7	l[a::	la	_	_	_	_	_	linguistic	_	none	_	_	1x2	_	_	1-2(67)
351-8	BO140	351	351	8	la	la	_	_	_	_	_	linguistic	_	none	_	_	_	_	_	0-2(67)
351-9	BO140	351	351	9	cioè	cioè	_	_	_	_	_	linguistic	_	none	_	_	_	_	_	0-4(67)
351-10	BO140	351	351	10	la]	la	_	_	_	_	_	linguistic	_	none	_	_	_	_	_	0-2(67)
351-11	BO140	351	351	11	sìùÁ	sìùá	_	_	_	_	_	linguistic	_	none	Volume=high	_	_	_	_	_
351-12	BO140	351	351	12	il	il	_	_	_	_	_	linguistic	_	none	_	_	_	_	_	_
351-13	BO140	351	351	13	compromesso	compromesso	_	_	_	_	_	linguistic	_	none	_	_	_	_	_	_
351-14	BO140	351	351	14	giusto:	giusto	_	_	_	_	_	linguistic	_	none	_	_	5x1	_	_	_
351-15	BO140	351	351	15	perché:	perché	_	_	_	_	_	linguistic	_	none	_	_	5x1	_	_	_
351-16	BO140	351	351	16	ti	ti	_	_	_	_	_	linguistic	_	none	_	_	_	_	_	_
351-17	BO140	351	351	17	offre	offre	_	_	_	_	_	linguistic	_	none	_	_	_	_	_	_
351-18	BO140	351	351	18	tanto	tanto	_	_	_	_	_	linguistic	_	none	_	_	_	_	_	_
351-19	BO140	351	351	19	di	di	_	_	_	_	_	linguistic	_	none	_	_	_	_	_	_
351-20	BO140	351	351	20	più:	più	_	_	_	_	_	linguistic	_	none	_	_	2x1	_	_	_
351-21	BO140	351	351	21	e	e	_	_	_	_	_	linguistic	_	none	_	_	_	_	_	_
351-22	BO140	351	351	22	allo	allo	_	_	_	_	_	linguistic	_	none	_	_	_	_	_	_
351-23	BO140	351	351	23	stesso	stesso	_	_	_	_	_	linguistic	_	none	_	_	_	_	_	_
351-24	BO140	351	351	24	tempo	tempo	_	_	_	_	_	linguistic	_	none	_	_	_	_	_	_
351-25	BO140	351	351	25	è	è	_	_	_	_	_	linguistic	_	none	_	_	_	_	_	_
351-26	BO140	351	351	26	comunque	comunque	_	_	_	_	_	linguistic	_	none	_	_	_	_	_	_
351-27	BO140	351	351	27	una	una	_	_	_	_	_	linguistic	_	none	_	_	_	_	_	_
351-28	BO140	351	351	28	piccola	piccola	_	_	_	_	_	linguistic	_	none	_	_	_	_	_	_
351-29	BO140	351	351	29	città:	città	_	_	_	_	_	linguistic	_	none	_	_	4x1	_	_	_
351-30	BO140	351	351	30	e:	e	_	_	_	_	_	linguistic	_	none	_	_	0x1	_	_	_
351-31	BO140	351	351	31	in	in	_	_	_	_	_	linguistic	_	none	_	_	_	_	_	_
351-32	BO140	351	351	32	cui	cui	_	_	_	_	_	linguistic	_	none	_	_	_	_	_	_
351-33	BO140	351	351	33	vivi	vivi	_	_	_	_	_	linguistic	_	none	_	_	_	_	_	_
351-34	BO140	351	351	34	bene:	bene	_	_	_	_	_	linguistic	_	none	_	_	3x1	_	_	_
351-35	BO140	351	351	35	e:	e	_	_	_	_	_	linguistic	_	none	_	End=1393.53	0x1	_	_	_
352-0	BO118	352	352	0	[il	il	_	_	_	_	_	linguistic	_	none	_	Begin=1384.8	_	_	_	0-2(67)
352-1	BO118	352	352	1	compromesso].	compromesso	_	_	_	_	_	linguistic	_	none	Intonation=Falling	End=1385.95	_	_	_	0-11(67)
353-0	BO140	353	353	0	mh	mh	_	_	_	_	_	linguistic	_	none	_	Begin=1394.16	_	_	_	_
353-1	BO140	353	353	1	le	le	_	_	_	_	_	linguistic	_	none	_	_	_	_	_	_
353-2	BO140	353	353	2	persone	persone	_	_	_	_	_	linguistic	_	none	_	_	_	_	_	_
353-3	BO140	353	353	3	si	si	_	_	_	_	_	linguistic	_	none	_	_	_	_	_	_
353-4	BO140	353	353	4	conoscono	conoscono	_	_	_	_	_	linguistic	_	none	_	_	_	_	_	_
353-5	BO140	353	353	5	generalmente	generalmente	_	_	_	_	_	linguistic	_	none	_	_	_	_	_	_
353-6	BO140	353	353	6	anche	anche	_	_	_	_	_	linguistic	_	none	_	_	_	_	_	_
353-7	BO140	353	353	7	se:,	se	_	_	_	_	_	linguistic	_	none	Intonation=WeaklyRising	End=1396.82	1x1	_	_	_
354-0	BO140	354	354	0	boh.	boh	_	_	_	_	_	linguistic	_	none	Intonation=Falling	Begin=1397.52	_	_	_	_
354-1	BO140	354	354	1	non	non	_	_	_	_	_	linguistic	_	none	_	_	_	_	_	_
354-2	BO140	354	354	2	so	so	_	_	_	_	_	linguistic	_	none	_	_	_	_	_	_
354-3	BO140	354	354	3	quanti	quanti	_	_	_	_	_	linguistic	_	none	_	_	_	_	_	_
354-4	BO140	354	354	4	abitanti	abitanti	_	_	_	_	_	linguistic	_	none	_	_	_	_	_	_
354-5	BO140	354	354	5	ci	ci	_	_	_	_	_	linguistic	_	none	_	_	_	_	_	_
354-6	BO140	354	354	6	si:ano	siano	_	_	_	_	_	linguistic	_	none	_	_	1x1	_	_	_
354-7	BO140	354	354	7	però,	però	_	_	_	_	_	linguistic	_	none	Intonation=WeaklyRising	End=1399.72	_	_	_	_
355-0	BO118	355	355	0	non	non	_	_	_	_	_	linguistic	_	none	_	Begin=1400.44	_	_	_	_
355-1	BO118	355	355	1	lo	lo	_	_	_	_	_	linguistic	_	none	_	_	_	_	_	_
355-2	BO118	355	355	2	so	so	_	_	_	_	_	linguistic	_	none	_	_	_	_	_	_
355-3	BO118	355	355	3	no~	no~	_	_	_	_	_	linguistic	_	none	Interrupted=Yes	_	_	_	_	_
355-4	BO118	355	355	4	non	non	_	_	_	_	_	linguistic	_	none	_	_	_	_	_	_
355-5	BO118	355	355	5	[pensavo]	pensavo	_	_	_	_	_	linguistic	_	none	_	_	_	_	_	0-7(68)
355-6	BO118	355	355	6	nemmeno	nemmeno	_	_	_	_	_	linguistic	_	none	_	_	_	_	_	_
355-7	BO118	355	355	7	fosse	fosse	_	_	_	_	_	linguistic	_	none	_	_	_	_	_	_
355-8	BO118	355	355	8	più	più	_	_	_	_	_	linguistic	_	none	_	_	_	_	_	_
355-9	BO118	355	355	9	grande	grande	_	_	_	_	_	linguistic	_	none	_	_	_	_	_	_
355-10	BO118	355	355	10	di	di	_	_	_	_	_	linguistic	_	none	_	_	_	_	_	_
355-11	BO118	355	355	11	@nomepaese	@nomepaese	_	_	_	_	_	anonymized	_	none	_	End=1403.57	_	_	_	_
356-0	BO140	356	356	0	[centomi:la	centomila	_	_	_	_	_	linguistic	_	none	_	Begin=1401.315	6x1	_	_	0-9(68)
356-1	BO140	356	356	1	perlom~]	perlom~	_	_	_	_	_	linguistic	_	none	Interrupted=Yes	End=1402.57	_	_	_	0-7(68)
357-0	BO118	357	357	0	poi	poi	_	_	_	_	_	linguistic	_	none	_	Begin=1403.91	_	_	_	_
357-1	BO118	357	357	1	io	io	_	_	_	_	_	linguistic	_	none	_	_	_	_	_	_
357-2	BO118	357	357	2	[non	non	_	_	_	_	_	linguistic	_	none	_	_	_	_	_	0-3(69)
357-3	BO118	357	357	3	ho]	ho	_	_	_	_	_	linguistic	_	none	_	_	_	_	_	0-2(69)
357-4	BO118	357	357	4	mai	mai	_	_	_	_	_	linguistic	_	none	_	_	_	_	_	_
357-5	BO118	357	357	5	visto	visto	_	_	_	_	_	linguistic	_	none	_	_	_	_	_	_
357-6	BO118	357	357	6	né	né	_	_	_	_	_	linguistic	_	none	_	_	_	_	_	_
357-7	BO118	357	357	7	pesaro	pesaro	_	_	_	_	_	linguistic	_	none	_	_	_	_	_	_
357-8	BO118	357	357	8	né	né	_	_	_	_	_	linguistic	_	none	_	_	_	_	_	_
357-9	BO118	357	357	9	@nomepaese	@nomepaese	_	_	_	_	_	anonymized	_	none	_	End=1406.387	_	_	_	_
358-0	BO140	358	358	0	[si:]	si	_	_	_	_	_	linguistic	_	none	_	Begin=1404.2|End=1404.79	1x1	_	_	0-2(69)
359-0	BO140	359	359	0	no	no	_	_	_	_	_	linguistic	_	none	_	Begin=1406.61	_	_	_	_
359-1	BO140	359	359	1	a	a	_	_	_	_	_	linguistic	_	none	_	_	_	_	_	_
359-2	BO140	359	359	2	[livel~]	livel~	_	_	_	_	_	linguistic	_	none	Interrupted=Yes	End=1407.3	_	_	_	0-6(70)
360-0	BO118	360	360	0	[quindi	quindi	_	_	_	_	_	linguistic	_	none	_	Begin=1406.75	_	_	_	0-6(70)
360-1	BO118	360	360	1	non	non	_	_	_	_	_	linguistic	_	none	_	_	_	_	_	0-3(70)
360-2	BO118	360	360	2	c'	c'	_	_	_	_	_	linguistic	_	none	SpaceAfter=No	_	_	_	_	0-2(70)
360-3	BO118	360	360	3	ho]	ho	_	_	_	_	_	linguistic	_	none	_	_	_	_	_	0-2(70)
360-4	BO118	360	360	4	proprio	proprio	_	_	_	_	_	linguistic	_	none	_	_	_	_	_	_
360-5	BO118	360	360	5	idea.	idea	_	_	_	_	_	linguistic	_	none	Intonation=Falling	End=1408.0	_	_	_	_
361-0	BO140	361	361	0	e::	e	_	_	_	_	_	linguistic	_	none	_	Begin=1408.3	0x2	_	_	_
361-1	BO140	361	361	1	che:::	che	_	_	_	_	_	linguistic	_	none	_	_	2x3	_	_	_
361-2	BO140	361	361	2	no	no	_	_	_	_	_	linguistic	_	none	_	_	_	_	_	_
361-3	BO140	361	361	3	beh	beh	_	_	_	_	_	linguistic	_	none	_	_	_	_	_	_
361-4	BO140	361	361	4	@nomepaese	@nomepaese	_	_	_	_	_	anonymized	_	none	_	_	_	_	_	_
361-5	BO140	361	361	5	in	in	_	_	_	_	_	linguistic	_	none	_	_	_	_	_	_
361-6	BO140	361	361	6	realtà	realtà	_	_	_	_	_	linguistic	_	none	_	_	_	_	_	_
361-7	BO140	361	361	7	conta:	conta	_	_	_	_	_	linguistic	_	none	_	_	4x1	_	_	_
361-8	BO140	361	361	8	quindicimila	quindicimila	_	_	_	_	_	linguistic	_	none	_	_	_	_	_	_
361-9	BO140	361	361	9	abita:nti	abitanti	_	_	_	_	_	linguistic	_	none	_	End=1413.24	4x1	_	_	_
362-0	BO118	362	362	0	°ah	ah	_	_	_	_	_	linguistic	_	none	Volume=low	Begin=1413.24	_	_	_	_
362-1	BO118	362	362	1	po[chi]°	pochi	_	_	_	_	_	linguistic	_	none	Volume=low	End=1413.82	_	_	_	2-5(71)
363-0	BO140	363	363	0	[qui:]ndi	quindi	_	_	_	_	_	linguistic	_	none	_	Begin=1413.65	2x1	_	_	0-3(71)
363-1	BO140	363	363	1	sì	sì	_	_	_	_	_	linguistic	_	none	_	_	_	_	_	_
363-2	BO140	363	363	2	ne	ne	_	_	_	_	_	linguistic	_	none	_	_	_	_	_	_
363-3	BO140	363	363	3	fa	fa	_	_	_	_	_	linguistic	_	none	_	_	_	_	_	_
363-4	BO140	363	363	4	trentamila	trentamila	_	_	_	_	_	linguistic	_	none	_	_	_	_	_	_
363-5	BO140	363	363	5	con	con	_	_	_	_	_	linguistic	_	none	_	_	_	_	_	_
363-6	BO140	363	363	6	gli	gli	_	_	_	_	_	linguistic	_	none	_	_	_	_	_	_
363-7	BO140	363	363	7	studenti	studenti	_	_	_	_	_	linguistic	_	none	_	_	_	_	_	_
363-8	BO140	363	363	8	universit[ari]	universitari	_	_	_	_	_	linguistic	_	none	_	End=1416.58	_	_	_	9-12(72)
364-0	BO118	364	364	0	[eh]	eh	_	_	_	_	_	linguistic	_	none	_	Begin=1416.46	_	_	_	0-2(72)
364-1	BO118	364	364	1	ecco	ecco	_	_	_	_	_	linguistic	_	none	_	End=1417.27	_	_	_	_
365-0	BO140	365	365	0	e::	e	_	_	_	_	_	linguistic	_	none	_	Begin=1417.28	0x2	_	_	_
365-1	BO140	365	365	1	quindi	quindi	_	_	_	_	_	linguistic	_	none	_	_	_	_	_	_
365-2	BO140	365	365	2	sembra::	sembra	_	_	_	_	_	linguistic	_	none	_	_	5x2	_	_	_
365-3	BO140	365	365	3	sì:	sì	_	_	_	_	_	linguistic	_	none	_	_	1x1	_	_	_
365-4	BO140	365	365	4	ah	ah	_	_	_	_	_	linguistic	_	none	_	_	_	_	_	_
365-5	BO140	365	365	5	in	in	_	_	_	_	_	linguistic	_	none	_	_	_	_	_	_
365-6	BO140	365	365	6	realtà	realtà	_	_	_	_	_	linguistic	_	none	_	_	_	_	_	_
365-7	BO140	365	365	7	di	di	_	_	_	_	_	linguistic	_	none	_	_	_	_	_	_
365-8	BO140	365	365	8	@abitantipaese	@abitantipaese	_	_	_	_	_	anonymized	_	none	_	_	_	_	_	_
365-9	BO140	365	365	9	ce	ce	_	_	_	_	_	linguistic	_	none	_	_	_	_	_	_
365-10	BO140	365	365	10	ne	ne	_	_	_	_	_	linguistic	_	none	_	_	_	_	_	_
365-11	BO140	365	365	11	sono	sono	_	_	_	_	_	linguistic	_	none	_	_	_	_	_	_
365-12	BO140	365	365	12	quindicimila::	quindicimila	_	_	_	_	_	linguistic	_	none	_	_	11x2	_	_	_
365-13	BO140	365	365	13	e	e	_	_	_	_	_	linguistic	_	none	_	_	_	_	_	_
365-14	BO140	365	365	14	non	non	_	_	_	_	_	linguistic	_	none	_	_	_	_	_	_
365-15	BO140	365	365	15	ce	ce	_	_	_	_	_	linguistic	_	none	_	_	_	_	_	_
365-16	BO140	365	365	16	ne	ne	_	_	_	_	_	linguistic	_	none	_	_	_	_	_	_
365-17	BO140	365	365	17	son	son	_	_	_	_	_	linguistic	_	none	_	_	_	_	_	_
365-18	BO140	365	365	18	più	più	_	_	_	_	_	linguistic	_	none	_	_	_	_	_	_
365-19	BO140	365	365	19	perché	perché	_	_	_	_	_	linguistic	_	none	_	_	_	_	_	_
365-20	BO140	365	365	20	scappan	scappan	_	_	_	_	_	linguistic	_	none	_	_	_	_	_	_
365-21	BO140	365	365	21	tutti	tutti	_	_	_	_	_	linguistic	_	none	_	_	_	_	_	_
365-22	BO140	365	365	22	da	da	_	_	_	_	_	linguistic	_	none	_	_	_	_	_	_
365-23	BO140	365	365	23	@nomepaese	@nomepaese	_	_	_	_	_	anonymized	_	none	_	_	_	_	_	_
365-24	BO140	365	365	24	perché:	perché	_	_	_	_	_	linguistic	_	none	_	_	5x1	_	_	_
365-25	BO140	365	365	25	non	non	_	_	_	_	_	linguistic	_	none	_	_	_	_	_	_
365-26	BO140	365	365	26	ti	ti	_	_	_	_	_	linguistic	_	none	_	_	_	_	_	_
365-27	BO140	365	365	27	offre	offre	_	_	_	_	_	linguistic	_	none	_	_	_	_	_	_
365-28	BO140	365	365	28	più	più	_	_	_	_	_	linguistic	_	none	_	_	_	_	_	_
365-29	BO140	365	365	29	niente	niente	_	_	_	_	_	linguistic	_	none	_	_	_	_	_	_
365-30	BO140	365	365	30	invece:,	invece	_	_	_	_	_	linguistic	_	none	Intonation=WeaklyRising	End=1426.5	5x1	_	_	_
366-0	BO140	366	366	0	pe:saro	pesaro	_	_	_	_	_	linguistic	_	none	_	Begin=1427.03	1x1	_	_	_
366-1	BO140	366	366	1	xx	xx	_	_	_	_	_	unknown	_	none	Syllables=2	_	_	_	_	_
366-2	BO140	366	366	2	la	la	_	_	_	_	_	linguistic	_	none	_	_	_	_	_	_
366-3	BO140	366	366	3	gente	gente	_	_	_	_	_	linguistic	_	none	_	_	_	_	_	_
366-4	BO140	366	366	4	continua	continua	_	_	_	_	_	linguistic	_	none	_	_	_	_	_	_
366-5	BO140	366	366	5	a:	a	_	_	_	_	_	linguistic	_	none	_	_	0x1	_	_	_
366-6	BO140	366	366	6	anzi	anzi	_	_	_	_	_	linguistic	_	none	_	_	_	_	_	_
366-7	BO140	366	366	7	to:rna	torna	_	_	_	_	_	linguistic	_	none	_	End=1429.96	1x1	_	_	_
367-0	BO140	367	367	0	perché	perché	_	_	_	_	_	linguistic	_	none	_	Begin=1430.43	_	_	_	_
367-1	BO140	367	367	1	è	è	_	_	_	_	_	linguistic	_	none	_	_	_	_	_	_
367-2	BO140	367	367	2	una	una	_	_	_	_	_	linguistic	_	none	_	_	_	_	_	_
367-3	BO140	367	367	3	città	città	_	_	_	_	_	linguistic	_	none	_	_	_	_	_	_
367-4	BO140	367	367	4	in	in	_	_	_	_	_	linguistic	_	none	_	_	_	_	_	_
367-5	BO140	367	367	5	cui	cui	_	_	_	_	_	linguistic	_	none	_	_	_	_	_	_
367-6	BO140	367	367	6	stai	stai	_	_	_	_	_	linguistic	_	none	_	_	_	_	_	_
367-7	BO140	367	367	7	bene.	bene	_	_	_	_	_	linguistic	_	none	Intonation=Falling	End=1431.9	_	_	_	_
368-0	BO140	368	368	0	e::::	e	_	_	_	_	_	linguistic	_	none	_	Begin=1433.475|End=1435.04	0x4	_	_	_
369-0	BO140	369	369	0	e	e	_	_	_	_	_	linguistic	_	none	_	Begin=1438.23	_	_	_	_
369-1	BO140	369	369	1	quindi	quindi	_	_	_	_	_	linguistic	_	none	_	_	_	_	_	_
369-2	BO140	369	369	2	sì:	sì	_	_	_	_	_	linguistic	_	none	_	_	1x1	_	_	_
369-3	BO140	369	369	3	abiterei	abiterei	_	_	_	_	_	linguistic	_	none	_	_	_	_	_	_
369-4	BO140	369	369	4	a	a	_	_	_	_	_	linguistic	_	none	_	_	_	_	_	_
369-5	BO140	369	369	5	pesaro.	pesaro	_	_	_	_	_	linguistic	_	none	Intonation=Falling	End=1439.77	_	_	_	_
370-0	BO140	370	370	0	m[i	mi	_	_	_	_	_	linguistic	_	none	_	Begin=1439.98	_	_	_	1-2(73)
370-1	BO140	370	370	1	piace	piace	_	_	_	_	_	linguistic	_	none	_	_	_	_	_	0-5(73)
370-2	BO140	370	370	2	come	come	_	_	_	_	_	linguistic	_	none	_	_	_	_	_	0-4(73)
370-3	BO140	370	370	3	città]	città	_	_	_	_	_	linguistic	_	none	_	End=1441.27	_	_	_	0-5(73)
371-0	BO118	371	371	0	[io	io	_	_	_	_	_	linguistic	_	none	_	Begin=1440.04	_	_	_	0-2(73)
371-1	BO118	371	371	1	sto	sto	_	_	_	_	_	linguistic	_	none	_	_	_	_	_	0-3(73)
371-2	BO118	371	371	2	p~	p~	_	_	_	_	_	linguistic	_	none	Interrupted=Yes	_	_	_	_	0-2(73)
371-3	BO118	371	371	3	sto]	sto	_	_	_	_	_	linguistic	_	none	_	_	_	_	_	0-3(73)
371-4	BO118	371	371	4	pensando	pensando	_	_	_	_	_	linguistic	_	none	_	_	_	_	_	_
371-5	BO118	371	371	5	all'	all'	_	_	_	_	_	linguistic	_	none	SpaceAfter=No	_	_	_	_	_
371-6	BO118	371	371	6	equivale:nte	equivalente	_	_	_	_	_	linguistic	_	none	_	_	7x1	_	_	_
371-7	BO118	371	371	7	de	de	_	_	_	_	_	linguistic	_	none	_	_	_	_	_	_
371-8	BO118	371	371	8	quello	quello	_	_	_	_	_	linguistic	_	none	_	_	_	_	_	_
371-9	BO118	371	371	9	che	che	_	_	_	_	_	linguistic	_	none	_	_	_	_	_	_
371-10	BO118	371	371	10	potrebbe	potrebbe	_	_	_	_	_	linguistic	_	none	_	_	_	_	_	_
371-11	BO118	371	371	11	esse	esse	_	_	_	_	_	linguistic	_	none	_	_	_	_	_	_
371-12	BO118	371	371	12	pesaro,	pesaro	_	_	_	_	_	linguistic	_	none	Intonation=WeaklyRising	End=1444.38	_	_	_	_
372-0	BO118	372	372	0	tipo	tipo	_	_	_	_	_	linguistic	_	none	_	Begin=1444.53	_	_	_	_
372-1	BO118	372	372	1	vicino	vicino	_	_	_	_	_	linguistic	_	none	_	_	_	_	_	_
372-2	BO118	372	372	2	@nomepaese	@nomepaese	_	_	_	_	_	anonymized	_	none	_	_	_	_	_	_
372-3	BO118	372	372	3	non	non	_	_	_	_	_	linguistic	_	none	_	_	_	_	_	_
372-4	BO118	372	372	4	so	so	_	_	_	_	_	linguistic	_	none	_	_	_	_	_	_
372-5	BO118	372	372	5	se	se	_	_	_	_	_	linguistic	_	none	_	_	_	_	_	_
372-6	BO118	372	372	6	tipo	tipo	_	_	_	_	_	linguistic	_	none	_	_	_	_	_	_
372-7	BO118	372	372	7	anco:na	ancona	_	_	_	_	_	linguistic	_	none	_	_	3x1	_	_	_
372-8	BO118	372	372	8	potrebbe	potrebbe	_	_	_	_	_	linguistic	_	none	_	_	_	_	_	_
372-9	BO118	372	372	9	esse	esse	_	_	_	_	_	linguistic	_	none	_	_	_	_	_	_
372-10	BO118	372	372	10	una	una	_	_	_	_	_	linguistic	_	none	_	_	_	_	_	_
372-11	BO118	372	372	11	cosa	cosa	_	_	_	_	_	linguistic	_	none	_	_	_	_	_	_
372-12	BO118	372	372	12	simile.	simile	_	_	_	_	_	linguistic	_	none	Intonation=Falling	End=1448.78	_	_	_	_
373-0	BO140	373	373	0	non	non	_	_	_	_	_	linguistic	_	none	_	Begin=1449.915	_	_	_	_
373-1	BO140	373	373	1	lo	lo	_	_	_	_	_	linguistic	_	none	_	_	_	_	_	_
373-2	BO140	373	373	2	so	so	_	_	_	_	_	linguistic	_	none	_	_	_	_	_	_
373-3	BO140	373	373	3	perché	perché	_	_	_	_	_	linguistic	_	none	_	_	_	_	_	_
373-4	BO140	373	373	4	io	io	_	_	_	_	_	linguistic	_	none	_	_	_	_	_	_
373-5	BO140	373	373	5	ad	ad	_	_	_	_	_	linguistic	_	none	_	_	_	_	_	_
373-6	BO140	373	373	6	ancona	ancona	_	_	_	_	_	linguistic	_	none	_	_	_	_	_	_
373-7	BO140	373	373	7	non	non	_	_	_	_	_	linguistic	_	none	_	_	_	_	_	_
373-8	BO140	373	373	8	ci	ci	_	_	_	_	_	linguistic	_	none	_	_	_	_	_	_
373-9	BO140	373	373	9	son	son	_	_	_	_	_	linguistic	_	none	_	_	_	_	_	_
373-10	BO140	373	373	10	mai	mai	_	_	_	_	_	linguistic	_	none	_	_	_	_	_	_
373-11	BO140	373	373	11	stata	stata	_	_	_	_	_	linguistic	_	none	_	_	_	_	_	_
373-12	BO140	373	373	12	sinceramente	sinceramente	_	_	_	_	_	linguistic	_	none	_	End=1452.96	_	_	_	_
374-0	BO118	374	374	0	ancona	ancona	_	_	_	_	_	linguistic	_	none	_	Begin=1452.96	_	_	_	_
374-1	BO118	374	374	1	è	è	_	_	_	_	_	linguistic	_	none	_	_	_	_	_	_
374-2	BO118	374	374	2	carina	carina	_	_	_	_	_	linguistic	_	none	_	_	_	_	_	_
374-3	BO118	374	374	3	solo	solo	_	_	_	_	_	linguistic	_	none	_	_	_	_	_	_
374-4	BO118	374	374	4	che,	che	_	_	_	_	_	linguistic	_	none	Intonation=WeaklyRising	End=1454.6	_	_	_	_
375-0	BO118	375	375	0	tipo	tipo	_	_	_	_	_	linguistic	_	none	_	Begin=1455.04	_	_	_	_
375-1	BO118	375	375	1	per	per	_	_	_	_	_	linguistic	_	none	_	_	_	_	_	_
375-2	BO118	375	375	2	gli	gli	_	_	_	_	_	linguistic	_	none	_	_	_	_	_	_
375-3	BO118	375	375	3	universitari	universitari	_	_	_	_	_	linguistic	_	none	_	_	_	_	_	_
375-4	BO118	375	375	4	è	è	_	_	_	_	_	linguistic	_	none	_	_	_	_	_	_
375-5	BO118	375	375	5	molto	molto	_	_	_	_	_	linguistic	_	none	_	_	_	_	_	_
375-6	BO118	375	375	6	triste	triste	_	_	_	_	_	linguistic	_	none	_	_	_	_	_	_
375-7	BO118	375	375	7	cioè	cioè	_	_	_	_	_	linguistic	_	none	_	_	_	_	_	_
375-8	BO118	375	375	8	anche	anche	_	_	_	_	_	linguistic	_	none	_	_	_	_	_	_
375-9	BO118	375	375	9	lì	lì	_	_	_	_	_	linguistic	_	none	_	_	_	_	_	_
375-10	BO118	375	375	10	ci	ci	_	_	_	_	_	linguistic	_	none	_	_	_	_	_	_
375-11	BO118	375	375	11	stanno	stanno	_	_	_	_	_	linguistic	_	none	_	_	_	_	_	_
375-12	BO118	375	375	12	pochi	pochi	_	_	_	_	_	linguistic	_	none	_	_	_	_	_	_
375-13	BO118	375	375	13	eventi	eventi	_	_	_	_	_	linguistic	_	none	_	_	_	_	_	_
375-14	BO118	375	375	14	per	per	_	_	_	_	_	linguistic	_	none	_	_	_	_	_	_
375-15	BO118	375	375	15	i	i	_	_	_	_	_	linguistic	_	none	_	_	_	_	_	_
375-16	BO118	375	375	16	giovani	giovani	_	_	_	_	_	linguistic	_	none	_	_	_	_	_	_
375-17	BO118	375	375	17	che	che	_	_	_	_	_	linguistic	_	none	_	_	_	_	_	_
375-18	BO118	375	375	18	poi	poi	_	_	_	_	_	linguistic	_	none	_	_	_	_	_	_
375-19	BO118	375	375	19	è	è	_	_	_	_	_	linguistic	_	none	_	_	_	_	_	_
375-20	BO118	375	375	20	strano	strano	_	_	_	_	_	linguistic	_	none	_	_	_	_	_	_
375-21	BO118	375	375	21	perché	perché	_	_	_	_	_	linguistic	_	none	_	_	_	_	_	_
375-22	BO118	375	375	22	comunque	comunque	_	_	_	_	_	linguistic	_	none	_	_	_	_	_	_
375-23	BO118	375	375	23	ci	ci	_	_	_	_	_	linguistic	_	none	_	_	_	_	_	_
375-24	BO118	375	375	24	stanno	stanno	_	_	_	_	_	linguistic	_	none	_	_	_	_	_	_
375-25	BO118	375	375	25	una	una	_	_	_	_	_	linguistic	_	none	_	_	_	_	_	_
375-26	BO118	375	375	26	marea	marea	_	_	_	_	_	linguistic	_	none	_	_	_	_	_	_
375-27	BO118	375	375	27	di	di	_	_	_	_	_	linguistic	_	none	_	_	_	_	_	_
375-28	BO118	375	375	28	facoltà	facoltà	_	_	_	_	_	linguistic	_	none	_	_	_	_	_	_
375-29	BO118	375	375	29	scientifiche	scientifiche	_	_	_	_	_	linguistic	_	none	_	_	_	_	_	_
375-30	BO118	375	375	30	c'	c'	_	_	_	_	_	linguistic	_	none	SpaceAfter=No	_	_	_	_	_
375-31	BO118	375	375	31	è	è	_	_	_	_	_	linguistic	_	none	_	_	_	_	_	_
375-32	BO118	375	375	32	medicina:,	medicina	_	_	_	_	_	linguistic	_	none	Intonation=WeaklyRising	_	7x1	_	_	_
375-33	BO118	375	375	33	c'	c'	_	_	_	_	_	linguistic	_	none	SpaceAfter=No	_	_	_	_	_
375-34	BO118	375	375	34	è	è	_	_	_	_	_	linguistic	_	none	_	_	_	_	_	_
375-35	BO118	375	375	35	ingegneria,	ingegneria	_	_	_	_	_	linguistic	_	none	Intonation=WeaklyRising	End=1466.3	_	_	_	_
376-0	BO140	376	376	0	sì	sì	_	_	_	_	_	linguistic	_	none	_	Begin=1466.317|End=1466.65	_	_	_	_
377-0	BO118	377	377	0	quasi	quasi	_	_	_	_	_	linguistic	_	none	_	Begin=1466.65	_	_	_	_
377-1	BO118	377	377	1	tutte	tutte	_	_	_	_	_	linguistic	_	none	_	_	_	_	_	_
377-2	BO118	377	377	2	le	le	_	_	_	_	_	linguistic	_	none	_	_	_	_	_	_
377-3	BO118	377	377	3	ingegnerie	ingegnerie	_	_	_	_	_	linguistic	_	none	_	_	_	_	_	_
377-4	BO118	377	377	4	stanno	stanno	_	_	_	_	_	linguistic	_	none	_	_	_	_	_	_
377-5	BO118	377	377	5	lì:	lì	_	_	_	_	_	linguistic	_	none	_	_	1x1	_	_	_
377-6	BO118	377	377	6	solo	solo	_	_	_	_	_	linguistic	_	none	_	_	_	_	_	_
377-7	BO118	377	377	7	una	una	_	_	_	_	_	linguistic	_	none	_	_	_	_	_	_
377-8	BO118	377	377	8	sta	sta	_	_	_	_	_	linguistic	_	none	_	_	_	_	_	_
377-9	BO118	377	377	9	a	a	_	_	_	_	_	linguistic	_	none	_	_	_	_	_	_
377-10	BO118	377	377	10	fermo,	fermo	_	_	_	_	_	linguistic	_	none	Intonation=WeaklyRising	End=1469.54	_	_	_	_
378-0	BO118	378	378	0	e	e	_	_	_	_	_	linguistic	_	none	_	Begin=1470.415	_	_	_	_
378-1	BO118	378	378	1	fermo	fermo	_	_	_	_	_	linguistic	_	none	_	_	_	_	_	_
378-2	BO118	378	378	2	è	è	_	_	_	_	_	linguistic	_	none	_	_	_	_	_	_
378-3	BO118	378	378	3	molto	molto	_	_	_	_	_	linguistic	_	none	_	_	_	_	_	_
378-4	BO118	378	378	4	più	più	_	_	_	_	_	linguistic	_	none	_	_	_	_	_	_
378-5	BO118	378	378	5	smorta.	smorta	_	_	_	_	_	linguistic	_	none	Intonation=Falling	End=1471.93	_	_	_	_
379-0	BO118	379	379	0	cioè	cioè	_	_	_	_	_	linguistic	_	none	_	Begin=1472.65	_	_	_	_
379-1	BO118	379	379	1	vicino	vicino	_	_	_	_	_	linguistic	_	none	_	_	_	_	_	_
379-2	BO118	379	379	2	a	a	_	_	_	_	_	linguistic	_	none	_	_	_	_	_	_
379-3	BO118	379	379	3	no:i	noi	_	_	_	_	_	linguistic	_	none	_	_	1x1	_	_	_
379-4	BO118	379	379	4	secondo	secondo	_	_	_	_	_	linguistic	_	none	_	_	_	_	_	_
379-5	BO118	379	379	5	me	me	_	_	_	_	_	linguistic	_	none	_	_	_	_	_	_
379-6	BO118	379	379	6	la	la	_	_	_	_	_	linguistic	_	none	_	_	_	_	_	_
379-7	BO118	379	379	7	più	più	_	_	_	_	_	linguistic	_	none	_	_	_	_	_	_
379-8	BO118	379	379	8	vi:va	viva	_	_	_	_	_	linguistic	_	none	_	_	1x1	_	_	_
379-9	BO118	379	379	9	è	è	_	_	_	_	_	linguistic	_	none	_	_	_	_	_	_
379-10	BO118	379	379	10	macerata.	macerata	_	_	_	_	_	linguistic	_	none	Intonation=Falling	End=1476.05	_	_	_	_
380-0	BO118	380	380	0	[per	per	_	_	_	_	_	linguistic	_	none	_	Begin=1476.3	_	_	_	0-3(74)
380-1	BO118	380	380	1	gli	gli	_	_	_	_	_	linguistic	_	none	_	_	_	_	_	0-3(74)
380-2	BO118	380	380	2	universi]tari	universitari	_	_	_	_	_	linguistic	_	none	_	End=1477.45	_	_	_	0-8(74)
381-0	BO140	381	381	0	[macera:ta]	macerata	_	_	_	_	_	linguistic	_	none	_	Begin=1476.307|End=1477.107	5x1	_	_	0-8(74)
382-0	BO140	382	382	0	non	non	_	_	_	_	_	linguistic	_	none	_	Begin=1478.762	_	_	_	_
382-1	BO140	382	382	1	lo	lo	_	_	_	_	_	linguistic	_	none	_	_	_	_	_	_
382-2	BO140	382	382	2	so	so	_	_	_	_	_	linguistic	_	none	_	_	_	_	_	_
382-3	BO140	382	382	3	perché	perché	_	_	_	_	_	linguistic	_	none	_	_	_	_	_	_
382-4	BO140	382	382	4	io	io	_	_	_	_	_	linguistic	_	none	_	_	_	_	_	_
382-5	BO140	382	382	5	vabbè	vabbè	_	_	_	_	_	linguistic	_	none	_	_	_	_	_	_
382-6	BO140	382	382	6	il	il	_	_	_	_	_	linguistic	_	none	_	_	_	_	_	_
382-7	BO140	382	382	7	sud	sud	_	_	_	_	_	linguistic	_	none	_	_	_	_	_	_
382-8	BO140	382	382	8	delle	delle	_	_	_	_	_	linguistic	_	none	_	_	_	_	_	_
382-9	BO140	382	382	9	marche	marche	_	_	_	_	_	linguistic	_	none	_	_	_	_	_	_
382-10	BO140	382	382	10	sinceramente:::	sinceramente	_	_	_	_	_	linguistic	_	none	_	_	11x3	_	_	_
382-11	BO140	382	382	11	non	non	_	_	_	_	_	linguistic	_	none	_	_	_	_	_	_
382-12	BO140	382	382	12	conosco.	conosco	_	_	_	_	_	linguistic	_	none	Intonation=Falling	End=1482.93	_	_	_	_
383-0	BO140	383	383	0	son	son	_	_	_	_	_	linguistic	_	none	_	Begin=1483.121	_	_	_	_
383-1	BO140	383	383	1	stata	stata	_	_	_	_	_	linguistic	_	none	_	_	_	_	_	_
383-2	BO140	383	383	2	una	una	_	_	_	_	_	linguistic	_	none	_	_	_	_	_	_
383-3	BO140	383	383	3	volta::	volta	_	_	_	_	_	linguistic	_	none	_	_	4x2	_	_	_
383-4	BO140	383	383	4	a:d	ad	_	_	_	_	_	linguistic	_	none	_	_	0x1	_	_	_
383-5	BO140	383	383	5	ascoli	ascoli	_	_	_	_	_	linguistic	_	none	_	_	_	_	_	_
383-6	BO140	383	383	6	piceno	piceno	_	_	_	_	_	linguistic	_	none	_	_	_	_	_	_
383-7	BO140	383	383	7	quando	quando	_	_	_	_	_	linguistic	_	none	_	_	_	_	_	_
383-8	BO140	383	383	8	ero	ero	_	_	_	_	_	linguistic	_	none	_	_	_	_	_	_
383-9	BO140	383	383	9	più	più	_	_	_	_	_	linguistic	_	none	_	_	_	_	_	_
383-10	BO140	383	383	10	piccola.	piccola	_	_	_	_	_	linguistic	_	none	Intonation=Falling	End=1486.19	_	_	_	_
384-0	BO140	384	384	0	però	però	_	_	_	_	_	linguistic	_	none	_	Begin=1487.131	_	_	_	_
384-1	BO140	384	384	1	forse	forse	_	_	_	_	_	linguistic	_	none	_	_	_	_	_	_
384-2	BO140	384	384	2	è	è	_	_	_	_	_	linguistic	_	none	_	_	_	_	_	_
384-3	BO140	384	384	3	più	più	_	_	_	_	_	linguistic	_	none	_	_	_	_	_	_
384-4	BO140	384	384	4	lontano	lontano	_	_	_	_	_	linguistic	_	none	_	_	_	_	_	_
384-5	BO140	384	384	5	da	da	_	_	_	_	_	linguistic	_	none	_	_	_	_	_	_
384-6	BO140	384	384	6	casa	casa	_	_	_	_	_	linguistic	_	none	_	_	_	_	_	_
384-7	BO140	384	384	7	tua	tua	_	_	_	_	_	linguistic	_	none	_	_	_	_	_	_
384-8	BO140	384	384	8	è	è	_	_	_	_	_	linguistic	_	none	_	_	_	_	_	_
384-9	BO140	384	384	9	vero?	vero	_	_	_	_	_	linguistic	_	none	Intonation=Rising	End=1489.18	_	_	_	_
385-0	BO118	385	385	0	da	da	_	_	_	_	_	linguistic	_	none	_	Begin=1489.44	_	_	_	_
385-1	BO118	385	385	1	casa	casa	_	_	_	_	_	linguistic	_	none	_	_	_	_	_	_
385-2	BO118	385	385	2	mi:a::	mia	_	_	_	_	_	linguistic	_	none	_	_	1x1,2x2	_	_	_
385-3	BO118	385	385	3	forse	forse	_	_	_	_	_	linguistic	_	none	_	_	_	_	_	_
385-4	BO118	385	385	4	no	no	_	_	_	_	_	linguistic	_	none	_	_	_	_	_	_
385-5	BO118	385	385	5	forse	forse	_	_	_	_	_	linguistic	_	none	_	_	_	_	_	_
385-6	BO118	385	385	6	non	non	_	_	_	_	_	linguistic	_	none	_	_	_	_	_	_
385-7	BO118	385	385	7	è	è	_	_	_	_	_	linguistic	_	none	_	_	_	_	_	_
385-8	BO118	385	385	8	così	così	_	_	_	_	_	linguistic	_	none	_	_	_	_	_	_
385-9	BO118	385	385	9	lontana	lontana	_	_	_	_	_	linguistic	_	none	_	_	_	_	_	_
385-10	BO118	385	385	10	ascoli	ascoli	_	_	_	_	_	linguistic	_	none	_	_	_	_	_	_
385-11	BO118	385	385	11	piceno	piceno	_	_	_	_	_	linguistic	_	none	_	_	_	_	_	_
385-12	BO118	385	385	12	io	io	_	_	_	_	_	linguistic	_	none	_	_	_	_	_	_
385-13	BO118	385	385	13	sta~	sta~	_	_	_	_	_	linguistic	_	none	Interrupted=Yes	_	_	_	_	_
385-14	BO118	385	385	14	io	io	_	_	_	_	_	linguistic	_	none	_	_	_	_	_	_
385-15	BO118	385	385	15	stavo	stavo	_	_	_	_	_	linguistic	_	none	_	_	_	_	_	_
385-16	BO118	385	385	16	in	in	_	_	_	_	_	linguistic	_	none	_	_	_	_	_	_
385-17	BO118	385	385	17	provincia	provincia	_	_	_	_	_	linguistic	_	none	_	_	_	_	_	_
385-18	BO118	385	385	18	di	di	_	_	_	_	_	linguistic	_	none	_	_	_	_	_	_
385-19	BO118	385	385	19	ascoli	ascoli	_	_	_	_	_	linguistic	_	none	_	_	_	_	_	_
385-20	BO118	385	385	20	[piceno]	piceno	_	_	_	_	_	linguistic	_	none	_	_	_	_	_	0-6(75)
385-21	BO118	385	385	21	prima	prima	_	_	_	_	_	linguistic	_	none	_	End=1496.58	_	_	_	_
386-0	BO140	386	386	0	[ah]	ah	_	_	_	_	_	linguistic	_	none	_	Begin=1495.795|End=1496.205	_	_	_	0-2(75)
387-0	BO118	387	387	0	adesso	adesso	_	_	_	_	_	linguistic	_	none	_	Begin=1497.155	_	_	_	_
387-1	BO118	387	387	1	sto	sto	_	_	_	_	_	linguistic	_	none	_	_	_	_	_	_
387-2	BO118	387	387	2	in	in	_	_	_	_	_	linguistic	_	none	_	_	_	_	_	_
387-3	BO118	387	387	3	provincia	provincia	_	_	_	_	_	linguistic	_	none	_	_	_	_	_	_
387-4	BO118	387	387	4	di	di	_	_	_	_	_	linguistic	_	none	_	_	_	_	_	_
387-5	BO118	387	387	5	fermo.	fermo	_	_	_	_	_	linguistic	_	none	Intonation=Falling	End=1498.59	_	_	_	_
388-0	BO118	388	388	0	però:	però	_	_	_	_	_	linguistic	_	none	_	Begin=1499.91	3x1	_	_	_
388-1	BO118	388	388	1	a	a	_	_	_	_	_	linguistic	_	none	_	_	_	_	_	_
388-2	BO118	388	388	2	fermo	fermo	_	_	_	_	_	linguistic	_	none	_	_	_	_	_	_
388-3	BO118	388	388	3	non	non	_	_	_	_	_	linguistic	_	none	_	_	_	_	_	_
388-4	BO118	388	388	4	c'	c'	_	_	_	_	_	linguistic	_	none	SpaceAfter=No	_	_	_	_	_
388-5	BO118	388	388	5	è	è	_	_	_	_	_	linguistic	_	none	_	_	_	_	_	_
388-6	BO118	388	388	6	niente.	niente	_	_	_	_	_	linguistic	_	none	Intonation=Falling	End=1501.6	_	_	_	_
389-0	BO118	389	389	0	cioè:::	cioè	_	_	_	_	_	linguistic	_	none	_	Begin=1502.53	3x3	_	_	_
389-1	BO118	389	389	1	[xxx	xxx	_	_	_	_	_	unknown	_	none	Syllables=3	_	_	_	_	0-3(76)
389-2	BO118	389	389	2	xxxxx]	xxxxx	_	_	_	_	_	unknown	_	none	Syllables=5	End=1506.23	_	_	_	0-5(76)
390-0	BO140	390	390	0	[però	però	_	_	_	_	_	linguistic	_	none	_	Begin=1503.66	_	_	_	0-4(76)
390-1	BO140	390	390	1	anche	anche	_	_	_	_	_	linguistic	_	none	_	_	_	_	_	0-5(76)
390-2	BO140	390	390	2	fermo	fermo	_	_	_	_	_	linguistic	_	none	_	_	_	_	_	0-5(76)
390-3	BO140	390	390	3	dovrebbe	dovrebbe	_	_	_	_	_	linguistic	_	none	_	_	_	_	_	0-8(76)
390-4	BO140	390	390	4	esser~	esser~	_	_	_	_	_	linguistic	_	none	Interrupted=Yes	_	_	_	_	0-6(76)
390-5	BO140	390	390	5	a	a	_	_	_	_	_	linguistic	_	none	_	_	_	_	_	0-1(76)
390-6	BO140	390	390	6	no	no	_	_	_	_	_	linguistic	_	none	_	_	_	_	_	0-2(76)
390-7	BO140	390	390	7	è	è	_	_	_	_	_	linguistic	_	none	_	_	_	_	_	0-1(76)
390-8	BO140	390	390	8	cameri]no	camerino	_	_	_	_	_	linguistic	_	none	_	_	_	_	_	0-6(76)
390-9	BO140	390	390	9	che	che	_	_	_	_	_	linguistic	_	none	_	_	_	_	_	_
390-10	BO140	390	390	10	c'	c'	_	_	_	_	_	linguistic	_	none	SpaceAfter=No	_	_	_	_	_
390-11	BO140	390	390	11	ha	ha	_	_	_	_	_	linguistic	_	none	_	_	_	_	_	_
390-12	BO140	390	390	12	università	università	_	_	_	_	_	linguistic	_	none	_	_	_	_	_	_
390-13	BO140	390	390	13	fermo	fermo	_	_	_	_	_	linguistic	_	none	_	_	_	_	_	_
390-14	BO140	390	390	14	non	non	_	_	_	_	_	linguistic	_	none	_	_	_	_	_	_
390-15	BO140	390	390	15	c'	c'	_	_	_	_	_	linguistic	_	none	SpaceAfter=No	_	_	_	_	_
390-16	BO140	390	390	16	è	è	_	_	_	_	_	linguistic	_	none	_	End=1507.6	_	_	_	_
391-0	BO118	391	391	0	camerino::,	camerino	_	_	_	_	_	linguistic	_	none	Intonation=WeaklyRising	Begin=1507.605	7x2	_	_	_
391-1	BO118	391	391	1	fermo	fermo	_	_	_	_	_	linguistic	_	none	_	_	_	_	_	_
391-2	BO118	391	391	2	c'	c'	_	_	_	_	_	linguistic	_	none	SpaceAfter=No	_	_	_	_	_
391-3	BO118	391	391	3	è	è	_	_	_	_	_	linguistic	_	none	_	_	_	_	_	_
391-4	BO118	391	391	4	ingegneria	ingegneria	_	_	_	_	_	linguistic	_	none	_	_	_	_	_	_
391-5	BO118	391	391	5	gestionale,	gestionale	_	_	_	_	_	linguistic	_	none	Intonation=WeaklyRising	End=1510.73	_	_	_	_
392-0	BO118	392	392	0	che	che	_	_	_	_	_	linguistic	_	none	_	Begin=1511.2	_	_	_	_
392-1	BO118	392	392	1	è	è	_	_	_	_	_	linguistic	_	none	_	_	_	_	_	_
392-2	BO118	392	392	2	quella	quella	_	_	_	_	_	linguistic	_	none	_	_	_	_	_	_
392-3	BO118	392	392	3	che	che	_	_	_	_	_	linguistic	_	none	_	_	_	_	_	_
392-4	BO118	392	392	4	ha	ha	_	_	_	_	_	linguistic	_	none	_	_	_	_	_	_
392-5	BO118	392	392	5	fatto	fatto	_	_	_	_	_	linguistic	_	none	_	_	_	_	_	_
392-6	BO118	392	392	6	vincenzo,	vincenzo	_	_	_	_	_	linguistic	_	none	Intonation=WeaklyRising	End=1512.48	_	_	_	_
393-0	BO118	393	393	0	e	e	_	_	_	_	_	linguistic	_	none	_	Begin=1513.382	_	_	_	_
393-1	BO118	393	393	1	po:i::	poi	_	_	_	_	_	linguistic	_	none	_	_	1x1,2x2	_	_	_
393-2	BO118	393	393	2	c'	c'	_	_	_	_	_	linguistic	_	none	SpaceAfter=No	_	_	_	_	_
393-3	BO118	393	393	3	è:	è	_	_	_	_	_	linguistic	_	none	_	_	0x1	_	_	_
393-4	BO118	393	393	4	tipo	tipo	_	_	_	_	_	linguistic	_	none	_	_	_	_	_	_
393-5	BO118	393	393	5	beni	beni	_	_	_	_	_	linguistic	_	none	_	_	_	_	_	_
393-6	BO118	393	393	6	cultura:li	culturali	_	_	_	_	_	linguistic	_	none	_	_	6x1	_	_	_
393-7	BO118	393	393	7	ah	ah	_	_	_	_	_	linguistic	_	none	_	_	_	_	_	_
393-8	BO118	393	393	8	e	e	_	_	_	_	_	linguistic	_	none	_	_	_	_	_	_
393-9	BO118	393	393	9	infermieristica	infermieristica	_	_	_	_	_	linguistic	_	none	_	End=1517.9	_	_	_	_
394-0	BO140	394	394	0	ah	ah	_	_	_	_	_	linguistic	_	none	_	Begin=1517.91	_	_	_	_
394-1	BO140	394	394	1	okay	okay	_	_	_	_	_	linguistic	_	none	_	End=1518.68	_	_	_	_
395-0	BO118	395	395	0	però	però	_	_	_	_	_	linguistic	_	none	_	Begin=1519.207	_	_	_	_
395-1	BO118	395	395	1	c'	c'	_	_	_	_	_	linguistic	_	none	SpaceAfter=No	_	_	_	_	_
395-2	BO118	395	395	2	è	è	_	_	_	_	_	linguistic	_	none	_	_	_	_	_	_
395-3	BO118	395	395	3	poca	poca	_	_	_	_	_	linguistic	_	none	_	_	_	_	_	_
395-4	BO118	395	395	4	gente.	gente	_	_	_	_	_	linguistic	_	none	Intonation=Falling	End=1520.597	_	_	_	_
396-0	BO140	396	396	0	ma	ma	_	_	_	_	_	linguistic	_	none	_	Begin=1520.67	_	_	_	_
396-1	BO140	396	396	1	so~	so~	_	_	_	_	_	linguistic	_	none	Interrupted=Yes	_	_	_	_	_
396-2	BO140	396	396	2	è	è	_	_	_	_	_	linguistic	_	none	_	_	_	_	_	_
396-3	BO140	396	396	3	dell'	dell'	_	_	_	_	_	linguistic	_	none	SpaceAfter=No	_	_	_	_	_
396-4	BO140	396	396	4	università	università	_	_	_	_	_	linguistic	_	none	_	_	_	_	_	_
396-5	BO140	396	396	5	di	di	_	_	_	_	_	linguistic	_	none	_	_	_	_	_	_
396-6	BO140	396	396	6	fermo	fermo	_	_	_	_	_	linguistic	_	none	_	_	_	_	_	_
396-7	BO140	396	396	7	proprio?	proprio	_	_	_	_	_	linguistic	_	none	Intonation=Rising	End=1522.713	_	_	_	_
397-0	BO118	397	397	0	no:,	no	_	_	_	_	_	linguistic	_	none	Intonation=WeaklyRising	Begin=1522.713	1x1	_	_	_
397-1	BO118	397	397	1	di	di	_	_	_	_	_	linguistic	_	none	_	_	_	_	_	_
397-2	BO118	397	397	2	ancona.	ancona	_	_	_	_	_	linguistic	_	none	Intonation=Falling	End=1523.67	_	_	_	_
398-0	BO140	398	398	0	ah	ah	_	_	_	_	_	linguistic	_	none	_	Begin=1523.67	_	_	_	_
398-1	BO140	398	398	1	okay	okay	_	_	_	_	_	linguistic	_	none	_	End=1524.45	_	_	_	_
399-0	BO118	399	399	0	e	e	_	_	_	_	_	linguistic	_	none	_	Begin=1524.793	_	_	_	_
399-1	BO118	399	399	1	a	a	_	_	_	_	_	linguistic	_	none	_	_	_	_	_	_
399-2	BO118	399	399	2	ancona	ancona	_	_	_	_	_	linguistic	_	none	_	_	_	_	_	_
399-3	BO118	399	399	3	ci	ci	_	_	_	_	_	linguistic	_	none	_	_	_	_	_	_
399-4	BO118	399	399	4	stanno	stanno	_	_	_	_	_	linguistic	_	none	_	_	_	_	_	_
399-5	BO118	399	399	5	quasi	quasi	_	_	_	_	_	linguistic	_	none	_	_	_	_	_	_
399-6	BO118	399	399	6	tutte	tutte	_	_	_	_	_	linguistic	_	none	_	_	_	_	_	_
399-7	BO118	399	399	7	le	le	_	_	_	_	_	linguistic	_	none	_	_	_	_	_	_
399-8	BO118	399	399	8	università	università	_	_	_	_	_	linguistic	_	none	_	_	_	_	_	_
399-9	BO118	399	399	9	tranne	tranne	_	_	_	_	_	linguistic	_	none	_	_	_	_	_	_
399-10	BO118	399	399	10	quelle	quelle	_	_	_	_	_	linguistic	_	none	_	_	_	_	_	_
399-11	BO118	399	399	11	umanistiche.	umanistiche	_	_	_	_	_	linguistic	_	none	Intonation=Falling	End=1528.3	_	_	_	_
400-0	BO118	400	400	0	c'	c'	_	_	_	_	_	linguistic	_	none	SpaceAfter=No	Begin=1529.218	_	_	_	_
400-1	BO118	400	400	1	è	è	_	_	_	_	_	linguistic	_	none	_	_	_	_	_	_
400-2	BO118	400	400	2	architettu:ra::,	architettura	_	_	_	_	_	linguistic	_	none	Intonation=WeaklyRising	_	9x1,11x2	_	_	_
400-3	BO118	400	400	3	c'	c'	_	_	_	_	_	linguistic	_	none	SpaceAfter=No	_	_	_	_	_
400-4	BO118	400	400	4	è::::	è	_	_	_	_	_	linguistic	_	none	_	_	0x4	_	_	_
400-5	BO118	400	400	5	[ingegneri~]	ingegneri~	_	_	_	_	_	linguistic	_	none	Interrupted=Yes	End=1533.01	_	_	_	0-9(77)
401-0	BO140	401	401	0	[ingegn~	ingegn~	_	_	_	_	_	linguistic	_	none	Interrupted=Yes	Begin=1532.135	_	_	_	0-7(77)
401-1	BO140	401	401	1	ingegn]eria:	ingegneria	_	_	_	_	_	linguistic	_	none	_	_	9x1	_	_	0-6(77)
401-2	BO140	401	401	2	sì	sì	_	_	_	_	_	linguistic	_	none	_	End=1533.6	_	_	_	_
402-0	BO118	402	402	0	si	si	_	_	_	_	_	linguistic	_	none	_	Begin=1533.602	_	_	_	_
402-1	BO118	402	402	1	che	che	_	_	_	_	_	linguistic	_	none	_	_	_	_	_	_
402-2	BO118	402	402	2	è	è	_	_	_	_	_	linguistic	_	none	_	_	_	_	_	_
402-3	BO118	402	402	3	[molto	molto	_	_	_	_	_	linguistic	_	none	_	_	_	_	_	0-5(78)
402-4	BO118	402	402	4	buona]	buona	_	_	_	_	_	linguistic	_	none	_	_	_	_	_	0-5(78)
402-5	BO118	402	402	5	anche	anche	_	_	_	_	_	linguistic	_	none	_	End=1535.34	_	_	_	_
403-0	BO140	403	403	0	[io	io	_	_	_	_	_	linguistic	_	none	_	Begin=1533.782	_	_	_	0-2(78)
403-1	BO140	403	403	1	ricordo],	ricordo	_	_	_	_	_	linguistic	_	none	Intonation=WeaklyRising	End=1534.62	_	_	_	0-7(78)
404-0	BO140	404	404	0	sì	sì	_	_	_	_	_	linguistic	_	none	_	Begin=1535.342|End=1535.692	_	_	_	_
405-0	BO140	405	405	0	quando	quando	_	_	_	_	_	linguistic	_	none	_	Begin=1535.812	_	_	_	_
405-1	BO140	405	405	1	dovevo	dovevo	_	_	_	_	_	linguistic	_	none	_	_	_	_	_	_
405-2	BO140	405	405	2	scegliere	scegliere	_	_	_	_	_	linguistic	_	none	_	_	_	_	_	_
405-3	BO140	405	405	3	se	se	_	_	_	_	_	linguistic	_	none	_	_	_	_	_	_
405-4	BO140	405	405	4	fare	fare	_	_	_	_	_	linguistic	_	none	_	_	_	_	_	_
405-5	BO140	405	405	5	ingegneria	ingegneria	_	_	_	_	_	linguistic	_	none	_	_	_	_	_	_
405-6	BO140	405	405	6	edile	edile	_	_	_	_	_	linguistic	_	none	_	_	_	_	_	_
405-7	BO140	405	405	7	e	e	_	_	_	_	_	linguistic	_	none	_	_	_	_	_	_
405-8	BO140	405	405	8	architettura	architettura	_	_	_	_	_	linguistic	_	none	_	_	_	_	_	_
405-9	BO140	405	405	9	a	a	_	_	_	_	_	linguistic	_	none	_	_	_	_	_	_
405-10	BO140	405	405	10	bologna	bologna	_	_	_	_	_	linguistic	_	none	_	_	_	_	_	_
405-11	BO140	405	405	11	o	o	_	_	_	_	_	linguistic	_	none	_	_	_	_	_	_
405-12	BO140	405	405	12	ancona:	ancona	_	_	_	_	_	linguistic	_	none	_	_	5x1	_	_	_
405-13	BO140	405	405	13	poi	poi	_	_	_	_	_	linguistic	_	none	_	_	_	_	_	_
405-14	BO140	405	405	14	alla	alla	_	_	_	_	_	linguistic	_	none	_	_	_	_	_	_
405-15	BO140	405	405	15	fine	fine	_	_	_	_	_	linguistic	_	none	_	_	_	_	_	_
405-16	BO140	405	405	16	ho	ho	_	_	_	_	_	linguistic	_	none	_	_	_	_	_	_
405-17	BO140	405	405	17	scelto	scelto	_	_	_	_	_	linguistic	_	none	_	_	_	_	_	_
405-18	BO140	405	405	18	bologna	bologna	_	_	_	_	_	linguistic	_	none	_	_	_	_	_	_
405-19	BO140	405	405	19	per:	per	_	_	_	_	_	linguistic	_	none	_	_	2x1	_	_	_
405-20	BO140	405	405	20	la	la	_	_	_	_	_	linguistic	_	none	_	_	_	_	_	_
405-21	BO140	405	405	21	città	città	_	_	_	_	_	linguistic	_	none	_	_	_	_	_	_
405-22	BO140	405	405	22	in	in	_	_	_	_	_	linguistic	_	none	_	_	_	_	_	_
405-23	BO140	405	405	23	realtà	realtà	_	_	_	_	_	linguistic	_	none	_	End=1542.53	_	_	_	_
406-0	BO140	406	406	0	perché	perché	_	_	_	_	_	linguistic	_	none	_	Begin=1542.92	_	_	_	_
406-1	BO140	406	406	1	mi	mi	_	_	_	_	_	linguistic	_	none	_	_	_	_	_	_
406-2	BO140	406	406	2	parlavano	parlavano	_	_	_	_	_	linguistic	_	none	_	_	_	_	_	_
406-3	BO140	406	406	3	tutti	tutti	_	_	_	_	_	linguistic	_	none	_	_	_	_	_	_
406-4	BO140	406	406	4	bene	bene	_	_	_	_	_	linguistic	_	none	_	_	_	_	_	_
406-5	BO140	406	406	5	di	di	_	_	_	_	_	linguistic	_	none	_	_	_	_	_	_
406-6	BO140	406	406	6	bolo:gna	bologna	_	_	_	_	_	linguistic	_	none	_	_	3x1	_	_	_
406-7	BO140	406	406	7	e	e	_	_	_	_	_	linguistic	_	none	_	_	_	_	_	_
406-8	BO140	406	406	8	nessuno	nessuno	_	_	_	_	_	linguistic	_	none	_	_	_	_	_	_
406-9	BO140	406	406	9	di	di	_	_	_	_	_	linguistic	_	none	_	_	_	_	_	_
406-10	BO140	406	406	10	bene	bene	_	_	_	_	_	linguistic	_	none	_	_	_	_	_	_
406-11	BO140	406	406	11	di	di	_	_	_	_	_	linguistic	_	none	_	_	_	_	_	_
406-12	BO140	406	406	12	ancona.	ancona	_	_	_	_	_	linguistic	_	none	Intonation=Falling	End=1547.04	_	_	_	_
407-0	BO140	407	407	0	quindi	quindi	_	_	_	_	_	linguistic	_	none	_	Begin=1547.635	_	_	_	_
407-1	BO140	407	407	1	alla	alla	_	_	_	_	_	linguistic	_	none	_	_	_	_	_	_
407-2	BO140	407	407	2	[fine:::]	fine	_	_	_	_	_	linguistic	_	none	_	End=1548.84	3x3	_	_	0-4(79)
408-0	BO118	408	408	0	[sì	sì	_	_	_	_	_	linguistic	_	none	_	Begin=1548.33	_	_	_	0-2(79)
408-1	BO118	408	408	1	ancona:]:	ancona	_	_	_	_	_	linguistic	_	none	_	_	5x2	_	_	0-6(79)
408-2	BO118	408	408	2	pure	pure	_	_	_	_	_	linguistic	_	none	_	_	_	_	_	_
408-3	BO118	408	408	3	a	a	_	_	_	_	_	linguistic	_	none	_	_	_	_	_	_
408-4	BO118	408	408	4	me	me	_	_	_	_	_	linguistic	_	none	_	_	_	_	_	_
408-5	BO118	408	408	5	me	me	_	_	_	_	_	linguistic	_	none	_	_	_	_	_	_
408-6	BO118	408	408	6	l'	l'	_	_	_	_	_	linguistic	_	none	SpaceAfter=No	_	_	_	_	_
408-7	BO118	408	408	7	hanno	hanno	_	_	_	_	_	linguistic	_	none	_	_	_	_	_	_
408-8	BO118	408	408	8	un	un	_	_	_	_	_	linguistic	_	none	_	_	_	_	_	_
408-9	BO118	408	408	9	sacco	sacco	_	_	_	_	_	linguistic	_	none	_	_	_	_	_	_
408-10	BO118	408	408	10	sc~	sc~	_	_	_	_	_	linguistic	_	none	Interrupted=Yes	_	_	_	_	_
408-11	BO118	408	408	11	a	a	_	_	_	_	_	linguistic	_	none	_	_	_	_	_	_
408-12	BO118	408	408	12	parte	parte	_	_	_	_	_	linguistic	_	none	_	_	_	_	_	_
408-13	BO118	408	408	13	io	io	_	_	_	_	_	linguistic	_	none	_	_	_	_	_	_
408-14	BO118	408	408	14	mh	mh	_	_	_	_	_	linguistic	_	none	_	_	_	_	_	_
408-15	BO118	408	408	15	cioè	cioè	_	_	_	_	_	linguistic	_	none	_	_	_	_	_	_
408-16	BO118	408	408	16	non	non	_	_	_	_	_	linguistic	_	none	_	_	_	_	_	_
408-17	BO118	408	408	17	c'	c'	_	_	_	_	_	linguistic	_	none	SpaceAfter=No	_	_	_	_	_
408-18	BO118	408	408	18	era	era	_	_	_	_	_	linguistic	_	none	_	_	_	_	_	_
408-19	BO118	408	408	19	lingue	lingue	_	_	_	_	_	linguistic	_	none	_	End=1552.45	_	_	_	_
409-0	BO118	409	409	0	potevo	potevo	_	_	_	_	_	linguistic	_	none	_	Begin=1552.688	_	_	_	_
409-1	BO118	409	409	1	anda'	anda'	_	_	_	_	_	linguistic	_	none	Truncated=Yes	_	_	_	_	_
409-2	BO118	409	409	2	solamente	solamente	_	_	_	_	_	linguistic	_	none	_	_	_	_	_	_
409-3	BO118	409	409	3	o	o	_	_	_	_	_	linguistic	_	none	_	_	_	_	_	_
409-4	BO118	409	409	4	a	a	_	_	_	_	_	linguistic	_	none	_	_	_	_	_	_
409-5	BO118	409	409	5	urbino	urbino	_	_	_	_	_	linguistic	_	none	_	_	_	_	_	_
409-6	BO118	409	409	6	o	o	_	_	_	_	_	linguistic	_	none	_	_	_	_	_	_
409-7	BO118	409	409	7	a	a	_	_	_	_	_	linguistic	_	none	_	_	_	_	_	_
409-8	BO118	409	409	8	macerata.	macerata	_	_	_	_	_	linguistic	_	none	Intonation=Falling	End=1554.98	_	_	_	_
410-0	BO118	410	410	0	però	però	_	_	_	_	_	linguistic	_	none	_	Begin=1555.583	_	_	_	_
410-1	BO118	410	410	1	tutti	tutti	_	_	_	_	_	linguistic	_	none	_	_	_	_	_	_
410-2	BO118	410	410	2	me	me	_	_	_	_	_	linguistic	_	none	_	_	_	_	_	_
410-3	BO118	410	410	3	dicevano	dicevano	_	_	_	_	_	linguistic	_	none	_	_	_	_	_	_
410-4	BO118	410	410	4	se	se	_	_	_	_	_	linguistic	_	none	_	_	_	_	_	_
410-5	BO118	410	410	5	devi	devi	_	_	_	_	_	linguistic	_	none	_	_	_	_	_	_
410-6	BO118	410	410	6	sceglie'	sceglie'	_	_	_	_	_	linguistic	_	none	Truncated=Yes	_	_	_	_	_
410-7	BO118	410	410	7	tra	tra	_	_	_	_	_	linguistic	_	none	_	_	_	_	_	_
410-8	BO118	410	410	8	ancona	ancona	_	_	_	_	_	linguistic	_	none	_	_	_	_	_	_
410-9	BO118	410	410	9	o	o	_	_	_	_	_	linguistic	_	none	_	_	_	_	_	_
410-10	BO118	410	410	10	macerata	macerata	_	_	_	_	_	linguistic	_	none	_	_	_	_	_	_
410-11	BO118	410	410	11	o	o	_	_	_	_	_	linguistic	_	none	_	_	_	_	_	_
410-12	BO118	410	410	12	ancona	ancona	_	_	_	_	_	linguistic	_	none	_	_	_	_	_	_
410-13	BO118	410	410	13	e	e	_	_	_	_	_	linguistic	_	none	_	_	_	_	_	_
410-14	BO118	410	410	14	urbino	urbino	_	_	_	_	_	linguistic	_	none	_	_	_	_	_	_
410-15	BO118	410	410	15	assolutamente	assolutamente	_	_	_	_	_	linguistic	_	none	_	_	_	_	_	_
410-16	BO118	410	410	16	non	non	_	_	_	_	_	linguistic	_	none	_	_	_	_	_	_
410-17	BO118	410	410	17	anda'	anda'	_	_	_	_	_	linguistic	_	none	Truncated=Yes	_	_	_	_	_
410-18	BO118	410	410	18	ad	ad	_	_	_	_	_	linguistic	_	none	_	_	_	_	_	_
410-19	BO118	410	410	19	ancona	ancona	_	_	_	_	_	linguistic	_	none	_	_	_	_	_	_
410-20	BO118	410	410	20	perché	perché	_	_	_	_	_	linguistic	_	none	_	_	_	_	_	_
410-21	BO118	410	410	21	non	non	_	_	_	_	_	linguistic	_	none	_	_	_	_	_	_
410-22	BO118	410	410	22	c'	c'	_	_	_	_	_	linguistic	_	none	SpaceAfter=No	_	_	_	_	_
410-23	BO118	410	410	23	è	è	_	_	_	_	_	linguistic	_	none	_	_	_	_	_	_
410-24	BO118	410	410	24	niente	niente	_	_	_	_	_	linguistic	_	none	_	_	_	_	_	_
410-25	BO118	410	410	25	non	non	_	_	_	_	_	linguistic	_	none	_	_	_	_	_	_
410-26	BO118	410	410	26	c'	c'	_	_	_	_	_	linguistic	_	none	SpaceAfter=No	_	_	_	_	_
410-27	BO118	410	410	27	è	è	_	_	_	_	_	linguistic	_	none	_	_	_	_	_	_
410-28	BO118	410	410	28	niente	niente	_	_	_	_	_	linguistic	_	none	_	End=1562.26	_	_	_	_
411-0	BO118	411	411	0	però	però	_	_	_	_	_	linguistic	_	none	_	Begin=1562.636	_	_	_	_
411-1	BO118	411	411	1	in	in	_	_	_	_	_	linguistic	_	none	_	_	_	_	_	_
411-2	BO118	411	411	2	realtà	realtà	_	_	_	_	_	linguistic	_	none	_	_	_	_	_	_
411-3	BO118	411	411	3	io	io	_	_	_	_	_	linguistic	_	none	_	_	_	_	_	_
411-4	BO118	411	411	4	l'	l'	_	_	_	_	_	linguistic	_	none	SpaceAfter=No	_	_	_	_	_
411-5	BO118	411	411	5	ho	ho	_	_	_	_	_	linguistic	_	none	_	_	_	_	_	_
411-6	BO118	411	411	6	vista	vista	_	_	_	_	_	linguistic	_	none	_	_	_	_	_	_
411-7	BO118	411	411	7	due	due	_	_	_	_	_	linguistic	_	none	_	_	_	_	_	_
411-8	BO118	411	411	8	volte:	volte	_	_	_	_	_	linguistic	_	none	_	_	4x1	_	_	_
411-9	BO118	411	411	9	una	una	_	_	_	_	_	linguistic	_	none	_	_	_	_	_	_
411-10	BO118	411	411	10	volta	volta	_	_	_	_	_	linguistic	_	none	_	_	_	_	_	_
411-11	BO118	411	411	11	so	so	_	_	_	_	_	linguistic	_	none	_	_	_	_	_	_
411-12	BO118	411	411	12	andata	andata	_	_	_	_	_	linguistic	_	none	_	_	_	_	_	_
411-13	BO118	411	411	13	a	a	_	_	_	_	_	linguistic	_	none	_	_	_	_	_	_
411-14	BO118	411	411	14	una	una	_	_	_	_	_	linguistic	_	none	_	_	_	_	_	_
411-15	BO118	411	411	15	laurea,	laurea	_	_	_	_	_	linguistic	_	none	Intonation=WeaklyRising	End=1565.9	_	_	_	_
412-0	BO118	412	412	0	e	e	_	_	_	_	_	linguistic	_	none	_	Begin=1566.826	_	_	_	_
412-1	BO118	412	412	1	un'	un'	_	_	_	_	_	linguistic	_	none	SpaceAfter=No	_	_	_	_	_
412-2	BO118	412	412	2	altra	altra	_	_	_	_	_	linguistic	_	none	_	_	_	_	_	_
412-3	BO118	412	412	3	volta::	volta	_	_	_	_	_	linguistic	_	none	_	_	4x2	_	_	_
412-4	BO118	412	412	4	così	così	_	_	_	_	_	linguistic	_	none	_	_	_	_	_	_
412-5	BO118	412	412	5	dovevamo	dovevamo	_	_	_	_	_	linguistic	_	none	_	_	_	_	_	_
412-6	BO118	412	412	6	anda:'	anda'	_	_	_	_	_	linguistic	_	none	Truncated=Yes	_	3x1	_	_	_
412-7	BO118	412	412	7	vincenzo	vincenzo	_	_	_	_	_	linguistic	_	none	_	_	_	_	_	_
412-8	BO118	412	412	8	doveva	doveva	_	_	_	_	_	linguistic	_	none	_	_	_	_	_	_
412-9	BO118	412	412	9	anda'	anda'	_	_	_	_	_	linguistic	_	none	Truncated=Yes	_	_	_	_	_
412-10	BO118	412	412	10	a	a	_	_	_	_	_	linguistic	_	none	_	_	_	_	_	_
412-11	BO118	412	412	11	consegna'	consegna'	_	_	_	_	_	linguistic	_	none	Truncated=Yes	_	_	_	_	_
412-12	BO118	412	412	12	dei	dei	_	_	_	_	_	linguistic	_	none	_	_	_	_	_	_
412-13	BO118	412	412	13	documenti,	documenti	_	_	_	_	_	linguistic	_	none	Intonation=WeaklyRising	End=1571.46	_	_	_	_
413-0	BO118	413	413	0	ehm::::	ehm	_	_	_	_	_	linguistic	_	none	_	Begin=1571.846	2x4	_	_	_
413-1	BO118	413	413	1	però	però	_	_	_	_	_	linguistic	_	none	_	_	_	_	_	_
413-2	BO118	413	413	2	è	è	_	_	_	_	_	linguistic	_	none	_	_	_	_	_	_
413-3	BO118	413	413	3	cari:na	carina	_	_	_	_	_	linguistic	_	none	_	_	3x1	_	_	_
413-4	BO118	413	413	4	cioè	cioè	_	_	_	_	_	linguistic	_	none	_	_	_	_	_	_
413-5	BO118	413	413	5	sarà	sarà	_	_	_	_	_	linguistic	_	none	_	_	_	_	_	_
413-6	BO118	413	413	6	che	che	_	_	_	_	_	linguistic	_	none	_	_	_	_	_	_
413-7	BO118	413	413	7	c'	c'	_	_	_	_	_	linguistic	_	none	SpaceAfter=No	_	_	_	_	_
413-8	BO118	413	413	8	è	è	_	_	_	_	_	linguistic	_	none	_	_	_	_	_	_
413-9	BO118	413	413	9	il	il	_	_	_	_	_	linguistic	_	none	_	_	_	_	_	_
413-10	BO118	413	413	10	ma:re:	mare	_	_	_	_	_	linguistic	_	none	_	_	1x1,3x1	_	_	_
413-11	BO118	413	413	11	a	a	_	_	_	_	_	linguistic	_	none	_	_	_	_	_	_
413-12	BO118	413	413	12	me	me	_	_	_	_	_	linguistic	_	none	_	_	_	_	_	_
413-13	BO118	413	413	13	m'	m'	_	_	_	_	_	linguistic	_	none	SpaceAfter=No	_	_	_	_	_
413-14	BO118	413	413	14	(è	è	_	_	_	_	_	linguistic	_	none	_	_	_	_	_	_
413-15	BO118	413	413	15	piaciuta.	piaciuta	_	_	_	_	_	linguistic	_	none	Intonation=Falling	End=1576.5	_	_	_	_
414-0	BO118	414	414	0	certo	certo	_	_	_	_	_	linguistic	_	none	_	Begin=1577.141	_	_	_	_
414-1	BO118	414	414	1	no~	no~	_	_	_	_	_	linguistic	_	none	Interrupted=Yes	_	_	_	_	_
414-2	BO118	414	414	2	non	non	_	_	_	_	_	linguistic	_	none	_	_	_	_	_	_
414-3	BO118	414	414	3	penso	penso	_	_	_	_	_	linguistic	_	none	_	_	_	_	_	_
414-4	BO118	414	414	4	che	che	_	_	_	_	_	linguistic	_	none	_	_	_	_	_	_
414-5	BO118	414	414	5	ci	ci	_	_	_	_	_	linguistic	_	none	_	_	_	_	_	_
414-6	BO118	414	414	6	vivrei	vivrei	_	_	_	_	_	linguistic	_	none	_	_	_	_	_	_
414-7	BO118	414	414	7	tutti	tutti	_	_	_	_	_	linguistic	_	none	_	_	_	_	_	_
414-8	BO118	414	414	8	i	i	_	_	_	_	_	linguistic	_	none	_	_	_	_	_	_
414-9	BO118	414	414	9	giorni	giorni	_	_	_	_	_	linguistic	_	none	_	_	_	_	_	_
414-10	BO118	414	414	10	là	là	_	_	_	_	_	linguistic	_	none	_	_	_	_	_	_
414-11	BO118	414	414	11	è	è	_	_	_	_	_	linguistic	_	none	_	_	_	_	_	_
414-12	BO118	414	414	12	un	un	_	_	_	_	_	linguistic	_	none	_	_	_	_	_	_
414-13	BO118	414	414	13	po':	po'	_	_	_	_	_	linguistic	_	none	_	_	1x1	_	_	_
414-14	BO118	414	414	14	un	un	_	_	_	_	_	linguistic	_	none	_	_	_	_	_	_
414-15	BO118	414	414	15	mortorio.	mortorio	_	_	_	_	_	linguistic	_	none	Intonation=Falling	End=1581.82	_	_	_	_
415-0	BO118	415	415	0	pe:rò	però	_	_	_	_	_	linguistic	_	none	_	Begin=1582.495	1x1	_	_	_
415-1	BO118	415	415	1	è	è	_	_	_	_	_	linguistic	_	none	_	_	_	_	_	_
415-2	BO118	415	415	2	carina	carina	_	_	_	_	_	linguistic	_	none	_	_	_	_	_	_
415-3	BO118	415	415	3	perché	perché	_	_	_	_	_	linguistic	_	none	_	_	_	_	_	_
415-4	BO118	415	415	4	c'	c'	_	_	_	_	_	linguistic	_	none	SpaceAfter=No	_	_	_	_	_
415-5	BO118	415	415	5	è	è	_	_	_	_	_	linguistic	_	none	_	_	_	_	_	_
415-6	BO118	415	415	6	il	il	_	_	_	_	_	linguistic	_	none	_	_	_	_	_	_
415-7	BO118	415	415	7	ma:re::	mare	_	_	_	_	_	linguistic	_	none	_	_	1x1,3x2	_	_	_
415-8	BO118	415	415	8	ci	ci	_	_	_	_	_	linguistic	_	none	_	_	_	_	_	_
415-9	BO118	415	415	9	sta	sta	_	_	_	_	_	linguistic	_	none	_	_	_	_	_	_
415-10	BO118	415	415	10	tutto	tutto	_	_	_	_	_	linguistic	_	none	_	_	_	_	_	_
415-11	BO118	415	415	11	sto	sto	_	_	_	_	_	linguistic	_	none	_	_	_	_	_	_
415-12	BO118	415	415	12	viale	viale	_	_	_	_	_	linguistic	_	none	_	_	_	_	_	_
415-13	BO118	415	415	13	coi	coi	_	_	_	_	_	linguistic	_	none	_	_	_	_	_	_
415-14	BO118	415	415	14	negozi:,	negozi	_	_	_	_	_	linguistic	_	none	Intonation=WeaklyRising	End=1587.31	5x1	_	_	_
416-0	BO118	416	416	0	però	però	_	_	_	_	_	linguistic	_	none	_	Begin=1588.725	_	_	_	_
416-1	BO118	416	416	1	[sì],	sì	_	_	_	_	_	linguistic	_	none	Intonation=WeaklyRising	End=1589.365	_	_	_	0-2(80)
417-0	BO140	417	417	0	[no]	no	_	_	_	_	_	linguistic	_	none	_	Begin=1589.15	_	_	_	0-2(80)
417-1	BO140	417	417	1	più	più	_	_	_	_	_	linguistic	_	none	_	_	_	_	_	_
417-2	BO140	417	417	2	che	che	_	_	_	_	_	linguistic	_	none	_	_	_	_	_	_
417-3	BO140	417	417	3	altro	altro	_	_	_	_	_	linguistic	_	none	_	_	_	_	_	_
417-4	BO140	417	417	4	è	è	_	_	_	_	_	linguistic	_	none	_	_	_	_	_	_
417-5	BO140	417	417	5	che:	che	_	_	_	_	_	linguistic	_	none	_	_	2x1	_	_	_
417-6	BO140	417	417	6	cioè	cioè	_	_	_	_	_	linguistic	_	none	_	_	_	_	_	_
417-7	BO140	417	417	7	a	a	_	_	_	_	_	linguistic	_	none	_	_	_	_	_	_
417-8	BO140	417	417	8	me	me	_	_	_	_	_	linguistic	_	none	_	_	_	_	_	_
417-9	BO140	417	417	9	non	non	_	_	_	_	_	linguistic	_	none	_	_	_	_	_	_
417-10	BO140	417	417	10	mi	mi	_	_	_	_	_	linguistic	_	none	_	_	_	_	_	_
417-11	BO140	417	417	11	hanno	hanno	_	_	_	_	_	linguistic	_	none	_	_	_	_	_	_
417-12	BO140	417	417	12	parlato	parlato	_	_	_	_	_	linguistic	_	none	_	_	_	_	_	_
417-13	BO140	417	417	13	bene	bene	_	_	_	_	_	linguistic	_	none	_	_	_	_	_	_
417-14	BO140	417	417	14	di	di	_	_	_	_	_	linguistic	_	none	_	_	_	_	_	_
417-15	BO140	417	417	15	anco:na:	ancona	_	_	_	_	_	linguistic	_	none	_	_	3x1,5x1	_	_	_
417-16	BO140	417	417	16	sì	sì	_	_	_	_	_	linguistic	_	none	_	_	_	_	_	_
417-17	BO140	417	417	17	ah	ah	_	_	_	_	_	linguistic	_	none	_	_	_	_	_	_
417-18	BO140	417	417	18	proprio	proprio	_	_	_	_	_	linguistic	_	none	_	_	_	_	_	_
417-19	BO140	417	417	19	perché	perché	_	_	_	_	_	linguistic	_	none	_	_	_	_	_	_
417-20	BO140	417	417	20	non:	non	_	_	_	_	_	linguistic	_	none	_	_	2x1	_	_	_
417-21	BO140	417	417	21	cioè	cioè	_	_	_	_	_	linguistic	_	none	_	_	_	_	_	_
417-22	BO140	417	417	22	non:	non	_	_	_	_	_	linguistic	_	none	_	_	2x1	_	_	_
417-23	BO140	417	417	23	non	non	_	_	_	_	_	linguistic	_	none	_	_	_	_	_	_
417-24	BO140	417	417	24	organ[izzano:]	organizzano	_	_	_	_	_	linguistic	_	none	_	End=1597.32	10x1	_	_	5-11(81)
418-0	BO118	418	418	0	[no	no	_	_	_	_	_	linguistic	_	none	_	Begin=1596.54	_	_	_	0-2(81)
418-1	BO118	418	418	1	c'	c'	_	_	_	_	_	linguistic	_	none	SpaceAfter=No	_	_	_	_	0-2(81)
418-2	BO118	418	418	2	è	è	_	_	_	_	_	linguistic	_	none	_	_	_	_	_	0-1(81)
418-3	BO118	418	418	3	tipo]	tipo	_	_	_	_	_	linguistic	_	none	_	_	_	_	_	0-4(81)
418-4	BO118	418	418	4	un	un	_	_	_	_	_	linguistic	_	none	_	_	_	_	_	_
418-5	BO118	418	418	5	pu:b	pub	_	_	_	_	_	linguistic	_	none	_	End=1597.97	1x1	_	_	_
419-0	BO140	419	419	0	esatto	esatto	_	_	_	_	_	linguistic	_	none	_	Begin=1597.95|End=1598.57	_	_	_	_
420-0	BO118	420	420	0	che	che	_	_	_	_	_	linguistic	_	none	_	Begin=1598.57	_	_	_	_
420-1	BO118	420	420	1	fa:	fa	_	_	_	_	_	linguistic	_	none	_	_	1x1	_	_	_
420-2	BO118	420	420	2	le	le	_	_	_	_	_	linguistic	_	none	_	_	_	_	_	_
420-3	BO118	420	420	3	[serate],	serate	_	_	_	_	_	linguistic	_	none	Intonation=WeaklyRising	End=1600.01	_	_	_	0-6(83)
421-0	BO140	421	421	0	[cioè	cioè	_	_	_	_	_	linguistic	_	none	_	Begin=1599.325	_	_	_	0-4(83)
421-1	BO140	421	421	1	non	non	_	_	_	_	_	linguistic	_	none	_	_	_	_	_	0-3(83)
421-2	BO140	421	421	2	c'	c'	_	_	_	_	_	linguistic	_	none	SpaceAfter=No	_	_	_	_	0-2(83)
421-3	BO140	421	421	3	è	è	_	_	_	_	_	linguistic	_	none	_	_	_	_	_	0-1(83)
421-4	BO140	421	421	4	nie]nte:	niente	_	_	_	_	_	linguistic	_	none	_	_	5x1	_	_	0-3(83)
421-5	BO140	421	421	5	mh:	mh	_	_	_	_	_	linguistic	_	none	_	End=1601.465	1x1	_	_	_
422-0	BO140	422	422	0	e	e	_	_	_	_	_	linguistic	_	none	_	Begin=1601.81	_	_	_	_
422-1	BO140	422	422	1	poi	poi	_	_	_	_	_	linguistic	_	none	_	_	_	_	_	_
422-2	BO140	422	422	2	non	non	_	_	_	_	_	linguistic	_	none	_	_	_	_	_	_
422-3	BO140	422	422	3	lo	lo	_	_	_	_	_	linguistic	_	none	_	_	_	_	_	_
422-4	BO140	422	422	4	so:	so	_	_	_	_	_	linguistic	_	none	_	_	1x1	_	_	_
422-5	BO140	422	422	5	in	in	_	_	_	_	_	linguistic	_	none	_	_	_	_	_	_
422-6	BO140	422	422	6	realtà	realtà	_	_	_	_	_	linguistic	_	none	_	_	_	_	_	_
422-7	BO140	422	422	7	mh	mh	_	_	_	_	_	linguistic	_	none	_	_	_	_	_	_
422-8	BO140	422	422	8	non	non	_	_	_	_	_	linguistic	_	none	_	_	_	_	_	_
422-9	BO140	422	422	9	ho	ho	_	_	_	_	_	linguistic	_	none	_	_	_	_	_	_
422-10	BO140	422	422	10	mai	mai	_	_	_	_	_	linguistic	_	none	_	_	_	_	_	_
422-11	BO140	422	422	11	sentito	sentito	_	_	_	_	_	linguistic	_	none	_	_	_	_	_	_
422-12	BO140	422	422	12	parlare	parlare	_	_	_	_	_	linguistic	_	none	_	_	_	_	_	_
422-13	BO140	422	422	13	di	di	_	_	_	_	_	linguistic	_	none	_	_	_	_	_	_
422-14	BO140	422	422	14	architettura	architettura	_	_	_	_	_	linguistic	_	none	_	_	_	_	_	_
422-15	BO140	422	422	15	storica	storica	_	_	_	_	_	linguistic	_	none	_	_	_	_	_	_
422-16	BO140	422	422	16	di	di	_	_	_	_	_	linguistic	_	none	_	_	_	_	_	_
422-17	BO140	422	422	17	ancona:	ancona	_	_	_	_	_	linguistic	_	none	_	_	5x1	_	_	_
422-18	BO140	422	422	18	non	non	_	_	_	_	_	linguistic	_	none	_	_	_	_	_	_
422-19	BO140	422	422	19	so	so	_	_	_	_	_	linguistic	_	none	_	_	_	_	_	_
422-20	BO140	422	422	20	ma::	ma	_	_	_	_	_	linguistic	_	none	_	_	1x2	_	_	_
422-21	BO140	422	422	21	magari	magari	_	_	_	_	_	linguistic	_	none	_	_	_	_	_	_
422-22	BO140	422	422	22	quello	quello	_	_	_	_	_	linguistic	_	none	_	_	_	_	_	_
422-23	BO140	422	422	23	è	è	_	_	_	_	_	linguistic	_	none	_	_	_	_	_	_
422-24	BO140	422	422	24	per	per	_	_	_	_	_	linguistic	_	none	_	_	_	_	_	_
422-25	BO140	422	422	25	igno[ranza]	ignoranza	_	_	_	_	_	linguistic	_	none	_	_	_	_	_	4-9(84)
422-26	BO140	422	422	26	mi:a	mia	_	_	_	_	_	linguistic	_	none	_	End=1609.7	1x1	_	_	_
423-0	BO118	423	423	0	[non	non	_	_	_	_	_	linguistic	_	none	_	Begin=1608.14	_	_	_	0-3(84)
423-1	BO118	423	423	1	lo	lo	_	_	_	_	_	linguistic	_	none	_	_	_	_	_	0-2(84)
423-2	BO118	423	423	2	so]	so	_	_	_	_	_	linguistic	_	none	_	End=1609.33	_	_	_	0-2(84)
424-0	BO118	424	424	0	cioè	cioè	_	_	_	_	_	linguistic	_	none	_	Begin=1610.13	_	_	_	_
424-1	BO118	424	424	1	io	io	_	_	_	_	_	linguistic	_	none	_	_	_	_	_	_
424-2	BO118	424	424	2	non	non	_	_	_	_	_	linguistic	_	none	_	_	_	_	_	_
424-3	BO118	424	424	3	lo	lo	_	_	_	_	_	linguistic	_	none	_	_	_	_	_	_
424-4	BO118	424	424	4	so.	so	_	_	_	_	_	linguistic	_	none	Intonation=Falling	End=1611.28	_	_	_	_
425-0	BO140	425	425	0	è	è	_	_	_	_	_	linguistic	_	none	_	Begin=1611.38	_	_	_	_
425-1	BO140	425	425	1	che	che	_	_	_	_	_	linguistic	_	none	_	_	_	_	_	_
425-2	BO140	425	425	2	ho:	ho	_	_	_	_	_	linguistic	_	none	_	_	1x1	_	_	_
425-3	BO140	425	425	3	[cioè	cioè	_	_	_	_	_	linguistic	_	none	_	_	_	_	_	0-4(85)
425-4	BO140	425	425	4	ho]	ho	_	_	_	_	_	linguistic	_	none	_	_	_	_	_	0-2(85)
425-5	BO140	425	425	5	notato	notato	_	_	_	_	_	linguistic	_	none	_	_	_	_	_	_
425-6	BO140	425	425	6	magari	magari	_	_	_	_	_	linguistic	_	none	_	_	_	_	_	_
425-7	BO140	425	425	7	capito	capito	_	_	_	_	_	linguistic	_	none	_	_	_	_	_	_
425-8	BO140	425	425	8	che:	che	_	_	_	_	_	linguistic	_	none	_	_	2x1	_	_	_
425-9	BO140	425	425	9	delle	delle	_	_	_	_	_	linguistic	_	none	_	_	_	_	_	_
425-10	BO140	425	425	10	città	città	_	_	_	_	_	linguistic	_	none	_	_	_	_	_	_
425-11	BO140	425	425	11	che	che	_	_	_	_	_	linguistic	_	none	_	_	_	_	_	_
425-12	BO140	425	425	12	hanno	hanno	_	_	_	_	_	linguistic	_	none	_	_	_	_	_	_
425-13	BO140	425	425	13	più	più	_	_	_	_	_	linguistic	_	none	_	_	_	_	_	_
425-14	BO140	425	425	14	sto:ria:	storia	_	_	_	_	_	linguistic	_	none	_	_	2x1,5x1	_	_	_
425-15	BO140	425	425	15	ah:	ah	_	_	_	_	_	linguistic	_	none	_	_	1x1	_	_	_
425-16	BO140	425	425	16	[più	più	_	_	_	_	_	linguistic	_	none	_	_	_	_	_	0-3(86)
425-17	BO140	425	425	17	architettu:ra::]	architettura	_	_	_	_	_	linguistic	_	none	_	End=1617.81	9x1,11x2	_	_	0-12(86)
426-0	BO118	426	426	0	[cioè	cioè	_	_	_	_	_	linguistic	_	none	_	Begin=1611.6	_	_	_	0-4(85)
426-1	BO118	426	426	1	xx]	xx	_	_	_	_	_	unknown	_	none	Syllables=2	End=1612.555	_	_	_	0-2(85)
427-0	BO118	427	427	0	[no	no	_	_	_	_	_	linguistic	_	none	_	Begin=1616.01	_	_	_	0-2(86)
427-1	BO118	427	427	1	si	si	_	_	_	_	_	linguistic	_	none	_	_	_	_	_	0-2(86)
427-2	BO118	427	427	2	effettivamente]	effettivamente	_	_	_	_	_	linguistic	_	none	_	_	_	_	_	0-14(86)
427-3	BO118	427	427	3	non	non	_	_	_	_	_	linguistic	_	none	_	_	_	_	_	_
427-4	BO118	427	427	4	ci	ci	_	_	_	_	_	linguistic	_	none	_	_	_	_	_	_
427-5	BO118	427	427	5	stanno:	stanno	_	_	_	_	_	linguistic	_	none	_	_	5x1	_	_	_
427-6	BO118	427	427	6	edifici	edifici	_	_	_	_	_	linguistic	_	none	_	_	_	_	_	_
427-7	BO118	427	427	7	che	che	_	_	_	_	_	linguistic	_	none	_	_	_	_	_	_
427-8	BO118	427	427	8	m'	m'	_	_	_	_	_	linguistic	_	none	SpaceAfter=No	_	_	_	_	_
427-9	BO118	427	427	9	(hanno	hanno	_	_	_	_	_	linguistic	_	none	_	_	_	_	_	_
427-10	BO118	427	427	10	lasciato	lasciato	_	_	_	_	_	linguistic	_	none	_	_	_	_	_	_
427-11	BO118	427	427	11	oddio	oddio	_	_	_	_	_	linguistic	_	none	_	_	_	_	_	_
427-12	BO118	427	427	12	che	che	_	_	_	_	_	linguistic	_	none	_	_	_	_	_	_
427-13	BO118	427	427	13	bella	bella	_	_	_	_	_	linguistic	_	none	_	_	_	_	_	_
427-14	BO118	427	427	14	ancona	ancona	_	_	_	_	_	linguistic	_	none	_	_	_	_	_	_
427-15	BO118	427	427	15	forse,	forse	_	_	_	_	_	linguistic	_	none	Intonation=WeaklyRising	End=1623.59	_	_	_	_
428-0	BO118	428	428	0	giusto	giusto	_	_	_	_	_	linguistic	_	none	_	Begin=1623.905	_	_	_	_
428-1	BO118	428	428	1	la	la	_	_	_	_	_	linguistic	_	none	_	_	_	_	_	_
428-2	BO118	428	428	2	zona	zona	_	_	_	_	_	linguistic	_	none	_	_	_	_	_	_
428-3	BO118	428	428	3	del	del	_	_	_	_	_	linguistic	_	none	_	_	_	_	_	_
428-4	BO118	428	428	4	passe:tto	passetto	_	_	_	_	_	linguistic	_	none	_	_	4x1	_	_	_
428-5	BO118	428	428	5	che	che	_	_	_	_	_	linguistic	_	none	_	_	_	_	_	_
428-6	BO118	428	428	6	ci	ci	_	_	_	_	_	linguistic	_	none	_	_	_	_	_	_
428-7	BO118	428	428	7	sta	sta	_	_	_	_	_	linguistic	_	none	_	_	_	_	_	_
428-8	BO118	428	428	8	sta	sta	_	_	_	_	_	linguistic	_	none	_	_	_	_	_	_
428-9	BO118	428	428	9	specie	specie	_	_	_	_	_	linguistic	_	none	_	_	_	_	_	_
428-10	BO118	428	428	10	de	de	_	_	_	_	_	linguistic	_	none	_	_	_	_	_	_
428-11	BO118	428	428	11	te:mpio:,	tempio	_	_	_	_	_	linguistic	_	none	Intonation=WeaklyRising	End=1628.01	1x1,5x1	_	_	_
429-0	BO140	429	429	0	mhmh	mhmh	_	_	_	_	_	linguistic	_	none	_	Begin=1628.53|End=1628.911	_	_	_	_
430-0	BO118	430	430	0	non	non	_	_	_	_	_	linguistic	_	none	_	Begin=1628.911	_	_	_	_
430-1	BO118	430	430	1	so	so	_	_	_	_	_	linguistic	_	none	_	_	_	_	_	_
430-2	BO118	430	430	2	di	di	_	_	_	_	_	linguistic	_	none	_	_	_	_	_	_
430-3	BO118	430	430	3	che	che	_	_	_	_	_	linguistic	_	none	_	_	_	_	_	_
430-4	BO118	430	430	4	epoca,	epoca	_	_	_	_	_	linguistic	_	none	Intonation=WeaklyRising	End=1630.2	_	_	_	_
431-0	BO118	431	431	0	e:::	e	_	_	_	_	_	linguistic	_	none	_	Begin=1631.03	0x3	_	_	_
431-1	BO118	431	431	1	poi	poi	_	_	_	_	_	linguistic	_	none	_	_	_	_	_	_
431-2	BO118	431	431	2	per	per	_	_	_	_	_	linguistic	_	none	_	_	_	_	_	_
431-3	BO118	431	431	3	il	il	_	_	_	_	_	linguistic	_	none	_	_	_	_	_	_
431-4	BO118	431	431	4	resto	resto	_	_	_	_	_	linguistic	_	none	_	_	_	_	_	_
431-5	BO118	431	431	5	di	di	_	_	_	_	_	linguistic	_	none	_	_	_	_	_	_
431-6	BO118	431	431	6	edifici	edifici	_	_	_	_	_	linguistic	_	none	_	_	_	_	_	_
431-7	BO118	431	431	7	storici	storici	_	_	_	_	_	linguistic	_	none	_	_	_	_	_	_
431-8	BO118	431	431	8	non	non	_	_	_	_	_	linguistic	_	none	_	_	_	_	_	_
431-9	BO118	431	431	9	penso	penso	_	_	_	_	_	linguistic	_	none	_	_	_	_	_	_
431-10	BO118	431	431	10	ci	ci	_	_	_	_	_	linguistic	_	none	_	_	_	_	_	_
431-11	BO118	431	431	11	sia::	sia	_	_	_	_	_	linguistic	_	none	_	_	2x2	_	_	_
431-12	BO118	431	431	12	niente	niente	_	_	_	_	_	linguistic	_	none	_	_	_	_	_	_
431-13	BO118	431	431	13	di	di	_	_	_	_	_	linguistic	_	none	_	_	_	_	_	_
431-14	BO118	431	431	14	che	che	_	_	_	_	_	linguistic	_	none	_	End=1635.81	_	_	_	_
432-0	BO118	432	432	0	forse	forse	_	_	_	_	_	linguistic	_	none	_	Begin=1636.085	_	_	_	_
432-1	BO118	432	432	1	le	le	_	_	_	_	_	linguistic	_	none	_	_	_	_	_	_
432-2	BO118	432	432	2	facoltà:	facoltà	_	_	_	_	_	linguistic	_	none	_	_	6x1	_	_	_
432-3	BO118	432	432	3	tipo	tipo	_	_	_	_	_	linguistic	_	none	_	_	_	_	_	_
432-4	BO118	432	432	4	la	la	_	_	_	_	_	linguistic	_	none	_	_	_	_	_	_
432-5	BO118	432	432	5	facoltà	facoltà	_	_	_	_	_	linguistic	_	none	_	_	_	_	_	_
432-6	BO118	432	432	6	d'	d'	_	_	_	_	_	linguistic	_	none	SpaceAfter=No	_	_	_	_	_
432-7	BO118	432	432	7	economi:a	economia	_	_	_	_	_	linguistic	_	none	_	_	6x1	_	_	_
432-8	BO118	432	432	8	che	che	_	_	_	_	_	linguistic	_	none	_	_	_	_	_	_
432-9	BO118	432	432	9	c'	c'	_	_	_	_	_	linguistic	_	none	SpaceAfter=No	_	_	_	_	_
432-10	BO118	432	432	10	ha	ha	_	_	_	_	_	linguistic	_	none	_	_	_	_	_	_
432-11	BO118	432	432	11	sto::	sto	_	_	_	_	_	linguistic	_	none	_	_	2x2	_	_	_
432-12	BO118	432	432	12	prato	prato	_	_	_	_	_	linguistic	_	none	_	_	_	_	_	_
432-13	BO118	432	432	13	enorme	enorme	_	_	_	_	_	linguistic	_	none	_	_	_	_	_	_
432-14	BO118	432	432	14	dava:nti	davanti	_	_	_	_	_	linguistic	_	none	_	_	3x1	_	_	_
432-15	BO118	432	432	15	che	che	_	_	_	_	_	linguistic	_	none	_	_	_	_	_	_
432-16	BO118	432	432	16	è	è	_	_	_	_	_	linguistic	_	none	_	_	_	_	_	_
432-17	BO118	432	432	17	fatta	fatta	_	_	_	_	_	linguistic	_	none	_	_	_	_	_	_
432-18	BO118	432	432	18	tipo	tipo	_	_	_	_	_	linguistic	_	none	_	_	_	_	_	_
432-19	BO118	432	432	19	a	a	_	_	_	_	_	linguistic	_	none	_	_	_	_	_	_
432-20	BO118	432	432	20	ferro	ferro	_	_	_	_	_	linguistic	_	none	_	_	_	_	_	_
432-21	BO118	432	432	21	de	de	_	_	_	_	_	linguistic	_	none	_	_	_	_	_	_
432-22	BO118	432	432	22	cavallo,	cavallo	_	_	_	_	_	linguistic	_	none	Intonation=WeaklyRising	End=1644.22	_	_	_	_
433-0	BO118	433	433	0	e	e	_	_	_	_	_	linguistic	_	none	_	Begin=1644.62	_	_	_	_
433-1	BO118	433	433	1	xx	xx	_	_	_	_	_	unknown	_	none	Syllables=2	_	_	_	_	_
433-2	BO118	433	433	2	quella	quella	_	_	_	_	_	linguistic	_	none	_	_	_	_	_	_
433-3	BO118	433	433	3	è	è	_	_	_	_	_	linguistic	_	none	_	_	_	_	_	_
433-4	BO118	433	433	4	un	un	_	_	_	_	_	linguistic	_	none	_	_	_	_	_	_
433-5	BO118	433	433	5	po'	po'	_	_	_	_	_	linguistic	_	none	_	_	_	_	_	_
433-6	BO118	433	433	6	più	più	_	_	_	_	_	linguistic	_	none	_	_	_	_	_	_
433-7	BO118	433	433	7	particolare	particolare	_	_	_	_	_	linguistic	_	none	_	_	_	_	_	_
433-8	BO118	433	433	8	rispetto	rispetto	_	_	_	_	_	linguistic	_	none	_	_	_	_	_	_
433-9	BO118	433	433	9	a::lle	alle	_	_	_	_	_	linguistic	_	none	_	_	0x2	_	_	_
433-10	BO118	433	433	10	altr~	altr~	_	_	_	_	_	linguistic	_	none	Interrupted=Yes	_	_	_	_	_
433-11	BO118	433	433	11	altri	altri	_	_	_	_	_	linguistic	_	none	_	_	_	_	_	_
433-12	BO118	433	433	12	edifici	edifici	_	_	_	_	_	linguistic	_	none	_	_	_	_	_	_
433-13	BO118	433	433	13	però	però	_	_	_	_	_	linguistic	_	none	_	_	_	_	_	_
433-14	BO118	433	433	14	per	per	_	_	_	_	_	linguistic	_	none	_	_	_	_	_	_
433-15	BO118	433	433	15	il	il	_	_	_	_	_	linguistic	_	none	_	_	_	_	_	_
433-16	BO118	433	433	16	resto	resto	_	_	_	_	_	linguistic	_	none	_	_	_	_	_	_
433-17	BO118	433	433	17	è	è	_	_	_	_	_	linguistic	_	none	_	_	_	_	_	_
433-18	BO118	433	433	18	tutta	tutta	_	_	_	_	_	linguistic	_	none	_	_	_	_	_	_
433-19	BO118	433	433	19	molto::,	molto	_	_	_	_	_	linguistic	_	none	Intonation=WeaklyRising	End=1650.6	4x2	_	_	_
434-0	BO118	434	434	0	penso	penso	_	_	_	_	_	linguistic	_	none	_	Begin=1651.225	_	_	_	_
434-1	BO118	434	434	1	sia	sia	_	_	_	_	_	linguistic	_	none	_	_	_	_	_	_
434-2	BO118	434	434	2	anni	anni	_	_	_	_	_	linguistic	_	none	_	_	_	_	_	_
434-3	BO118	434	434	3	settanta	settanta	_	_	_	_	_	linguistic	_	none	_	_	_	_	_	_
434-4	BO118	434	434	4	[xx]	xx	_	_	_	_	_	unknown	_	none	Syllables=2	End=1653.59	_	_	_	0-2(87)
435-0	BO140	435	435	0	[sì]	sì	_	_	_	_	_	linguistic	_	none	_	Begin=1653.035|End=1653.595	_	_	_	0-2(87)
436-0	BO140	436	436	0	a	a	_	_	_	_	_	linguistic	_	none	_	Begin=1655.83	_	_	_	_
436-1	BO140	436	436	1	caso	caso	_	_	_	_	_	linguistic	_	none	_	_	_	_	_	_
436-2	BO140	436	436	2	{ride}	{ride}	_	_	_	_	_	nonverbalbehavior	_	none	_	_	_	_	_	_
436-3	BO140	436	436	3	senza	senza	_	_	_	_	_	linguistic	_	none	_	_	_	_	_	_
436-4	BO140	436	436	4	sapere	sapere	_	_	_	_	_	linguistic	_	none	_	End=1658.04	_	_	_	_
437-0	BO118	437	437	0	no	no	_	_	_	_	_	linguistic	_	none	_	Begin=1658.56	_	_	_	_
437-1	BO118	437	437	1	comunque	comunque	_	_	_	_	_	linguistic	_	none	_	_	_	_	_	_
437-2	BO118	437	437	2	non	non	_	_	_	_	_	linguistic	_	none	_	_	_	_	_	_
437-3	BO118	437	437	3	ci	ci	_	_	_	_	_	linguistic	_	none	_	_	_	_	_	_
437-4	BO118	437	437	4	sta::	sta	_	_	_	_	_	linguistic	_	none	_	_	2x2	_	_	_
437-5	BO118	437	437	5	niente	niente	_	_	_	_	_	linguistic	_	none	_	_	_	_	_	_
437-6	BO118	437	437	6	[di	di	_	_	_	_	_	linguistic	_	none	_	_	_	_	_	0-2(88)
437-7	BO118	437	437	7	che]	che	_	_	_	_	_	linguistic	_	none	_	End=1660.78	_	_	_	0-3(88)
438-0	BO140	438	438	0	[no	no	_	_	_	_	_	linguistic	_	none	_	Begin=1660.212	_	_	_	0-2(88)
438-1	BO140	438	438	1	vabbè]	vabbè	_	_	_	_	_	linguistic	_	none	_	_	_	_	_	0-5(88)
438-2	BO140	438	438	2	ci	ci	_	_	_	_	_	linguistic	_	none	_	_	_	_	_	_
438-3	BO140	438	438	3	andrò	andrò	_	_	_	_	_	linguistic	_	none	_	_	_	_	_	_
438-4	BO140	438	438	4	comunque.	comunque	_	_	_	_	_	linguistic	_	none	Intonation=Falling	End=1661.72	_	_	_	_
439-0	BO140	439	439	0	xx	xx	_	_	_	_	_	unknown	_	none	Syllables=2	Begin=1662.011	_	_	_	_
439-1	BO140	439	439	1	devo	devo	_	_	_	_	_	linguistic	_	none	_	_	_	_	_	_
439-2	BO140	439	439	2	andare:	andare	_	_	_	_	_	linguistic	_	none	_	_	5x1	_	_	_
439-3	BO140	439	439	3	a,	a	_	_	_	_	_	linguistic	_	none	Intonation=WeaklyRising	End=1663.11	_	_	_	_
440-0	BO140	440	440	0	cioè	cioè	_	_	_	_	_	linguistic	_	none	_	Begin=1663.211	_	_	_	_
440-1	BO140	440	440	1	in	in	_	_	_	_	_	linguistic	_	none	_	_	_	_	_	_
440-2	BO140	440	440	2	realtà	realtà	_	_	_	_	_	linguistic	_	none	_	_	_	_	_	_
440-3	BO140	440	440	3	non	non	_	_	_	_	_	linguistic	_	none	_	_	_	_	_	_
440-4	BO140	440	440	4	lo	lo	_	_	_	_	_	linguistic	_	none	_	_	_	_	_	_
440-5	BO140	440	440	5	so	so	_	_	_	_	_	linguistic	_	none	_	End=1664.48	_	_	_	_
441-0	BO140	441	441	0	sto	sto	_	_	_	_	_	linguistic	_	none	_	Begin=1664.731	_	_	_	_
441-1	BO140	441	441	1	aspettando	aspettando	_	_	_	_	_	linguistic	_	none	_	_	_	_	_	_
441-2	BO140	441	441	2	una	una	_	_	_	_	_	linguistic	_	none	_	_	_	_	_	_
441-3	BO140	441	441	3	mail	mail	_	_	_	_	_	linguistic	_	none	_	_	_	_	_	_
441-4	BO140	441	441	4	dalla	dalla	_	_	_	_	_	linguistic	_	none	_	_	_	_	_	_
441-5	BO140	441	441	5	sovrintendenza	sovrintendenza	_	_	_	_	_	linguistic	_	none	_	_	_	_	_	_
441-6	BO140	441	441	6	per:	per	_	_	_	_	_	linguistic	_	none	_	_	2x1	_	_	_
441-7	BO140	441	441	7	per	per	_	_	_	_	_	linguistic	_	none	_	_	_	_	_	_
441-8	BO140	441	441	8	la	la	_	_	_	_	_	linguistic	_	none	_	_	_	_	_	_
441-9	BO140	441	441	9	tesi.	tesi	_	_	_	_	_	linguistic	_	none	Intonation=Falling	End=1667.76	_	_	_	_
442-0	BO140	442	442	0	e	e	_	_	_	_	_	linguistic	_	none	_	Begin=1668.441	_	_	_	_
442-1	BO140	442	442	1	è	è	_	_	_	_	_	linguistic	_	none	_	_	_	_	_	_
442-2	BO140	442	442	2	ad	ad	_	_	_	_	_	linguistic	_	none	_	_	_	_	_	_
442-3	BO140	442	442	3	ancona	ancona	_	_	_	_	_	linguistic	_	none	_	_	_	_	_	_
442-4	BO140	442	442	4	quella	quella	_	_	_	_	_	linguistic	_	none	_	_	_	_	_	_
442-5	BO140	442	442	5	delle	delle	_	_	_	_	_	linguistic	_	none	_	_	_	_	_	_
442-6	BO140	442	442	6	marche	marche	_	_	_	_	_	linguistic	_	none	_	_	_	_	_	_
442-7	BO140	442	442	7	[quindi]	quindi	_	_	_	_	_	linguistic	_	none	_	_	_	_	_	0-6(89)
442-8	BO140	442	442	8	probabilmente	probabilmente	_	_	_	_	_	linguistic	_	none	_	_	_	_	_	_
442-9	BO140	442	442	9	dovrò	dovrò	_	_	_	_	_	linguistic	_	none	_	_	_	_	_	_
442-10	BO140	442	442	10	andare	andare	_	_	_	_	_	linguistic	_	none	_	_	_	_	_	_
442-11	BO140	442	442	11	ad	ad	_	_	_	_	_	linguistic	_	none	_	_	_	_	_	_
442-12	BO140	442	442	12	ancona:	ancona	_	_	_	_	_	linguistic	_	none	_	_	5x1	_	_	_
442-13	BO140	442	442	13	e:	e	_	_	_	_	_	linguistic	_	none	_	_	0x1	_	_	_
442-14	BO140	442	442	14	visiterò	visiterò	_	_	_	_	_	linguistic	_	none	_	_	_	_	_	_
442-15	BO140	442	442	15	la	la	_	_	_	_	_	linguistic	_	none	_	_	_	_	_	_
442-16	BO140	442	442	16	citta.	citta	_	_	_	_	_	linguistic	_	none	Intonation=Falling	End=1673.51	_	_	_	_
443-0	BO118	443	443	0	[ah]	ah	_	_	_	_	_	linguistic	_	none	_	Begin=1670.49|End=1671.21	_	_	_	0-2(89)
444-0	BO118	444	444	0	vai	vai	_	_	_	_	_	linguistic	_	none	_	Begin=1673.521	_	_	_	_
444-1	BO118	444	444	1	al	al	_	_	_	_	_	linguistic	_	none	_	_	_	_	_	_
444-2	BO118	444	444	2	passetto	passetto	_	_	_	_	_	linguistic	_	none	_	_	_	_	_	_
444-3	BO118	444	444	3	°che	che	_	_	_	_	_	linguistic	_	none	Volume=low	_	_	_	_	_
444-4	BO118	444	444	4	è	è	_	_	_	_	_	linguistic	_	none	Volume=low	_	_	_	_	_
444-5	BO118	444	444	5	bellissimo°	bellissimo	_	_	_	_	_	linguistic	_	none	Volume=low	End=1675.5	_	_	_	_
445-0	BO118	445	445	0	(ci	ci	_	_	_	_	_	linguistic	_	none	_	Begin=1675.996	_	_	0-2(0)	_
445-1	BO118	445	445	1	sono)	sono	_	_	_	_	_	linguistic	_	none	_	_	_	_	0-4(0)	_
445-2	BO118	445	445	2	tutte	tutte	_	_	_	_	_	linguistic	_	none	_	_	_	_	_	_
445-3	BO118	445	445	3	le	le	_	_	_	_	_	linguistic	_	none	_	_	_	_	_	_
445-4	BO118	445	445	4	casette	casette	_	_	_	_	_	linguistic	_	none	_	_	_	_	_	_
445-5	BO118	445	445	5	dei	dei	_	_	_	_	_	linguistic	_	none	_	_	_	_	_	_
445-6	BO118	445	445	6	pescato:ri,	pescatori	_	_	_	_	_	linguistic	_	none	Intonation=WeaklyRising	End=1677.706	6x1	_	_	_
446-0	BO140	446	446	0	be::[llo:]	bello	_	_	_	_	_	linguistic	_	none	_	Begin=1677.72|End=1678.63	1x2,4x1	_	_	2-5(90)
447-0	BO118	447	447	0	[bellissi]mo	bellissimo	_	_	_	_	_	linguistic	_	none	_	Begin=1678.34|End=1679.19	_	_	_	0-8(90)
448-0	BO118	448	448	0	°sì°	sì	_	_	_	_	_	linguistic	_	none	Volume=low	Begin=1679.728|End=1680.078	_	_	_	_
449-0	BO140	449	449	0	°passetto°.	passetto	_	_	_	_	_	linguistic	_	none	Intonation=Falling|Volume=low	Begin=1680.08|End=1680.96	_	_	_	_
450-0	BO140	450	450	0	va	va	_	_	_	_	_	linguistic	_	none	_	Begin=1681.555	_	_	_	_
450-1	BO140	450	450	1	bene	bene	_	_	_	_	_	linguistic	_	none	_	_	_	_	_	_
450-2	BO140	450	450	2	me	me	_	_	_	_	_	linguistic	_	none	_	_	_	_	_	_
450-3	BO140	450	450	3	lo	lo	_	_	_	_	_	linguistic	_	none	_	_	_	_	_	_
450-4	BO140	450	450	4	ricorderò.	ricorderò	_	_	_	_	_	linguistic	_	none	Intonation=Falling	End=1682.8	_	_	_	_
451-0	BO118	451	451	0	abbiamo	abbiamo	_	_	_	_	_	linguistic	_	none	_	Begin=1685.078	_	_	_	_
451-1	BO118	451	451	1	parlato	parlato	_	_	_	_	_	linguistic	_	none	_	_	_	_	_	_
451-2	BO118	451	451	2	un	un	_	_	_	_	_	linguistic	_	none	_	_	_	_	_	_
451-3	BO118	451	451	3	sacco	sacco	_	_	_	_	_	linguistic	_	none	_	End=1686.886	_	_	_	_
