token_id	speaker	tu_id	unit	id	span	form	lemma	upos	xpos	feats	deprel	type	meta_label	variation	jefferson_feats	align	prolongations	pace	guesses	overlaps
0-0	BO049	0	0	0	°okay.°	okay	_	_	_	_	_	linguistic	_	none	Intonation=Falling|Volume=low	Begin=0.01|End=1.121	_	_	_	_
1-0	BO049	1	1	0	ciao	ciao	_	_	_	_	_	linguistic	_	none	_	Begin=1.38	_	_	_	_
1-1	BO049	1	1	1	(gege)	gege	_	_	_	_	_	linguistic	_	none	_	_	_	_	0-4(0)	_
1-2	BO049	1	1	2	{ride}	{ride}	_	_	_	_	_	nonverbalbehavior	_	none	_	End=3.23	_	_	_	_
2-0	BO075	2	2	0	ci[ao	ciao	_	_	_	_	_	linguistic	_	none	_	Begin=3.29	_	_	_	2-4(0)
2-1	BO075	2	2	1	ale]	ale	_	_	_	_	_	linguistic	_	none	_	End=4.23	_	_	_	0-3(0)
3-0	BO049	3	3	0	[come	come	_	_	_	_	_	linguistic	_	none	_	Begin=3.47	_	_	_	0-4(0)
3-1	BO049	3	3	1	stai]?	stai	_	_	_	_	_	linguistic	_	none	Intonation=Rising	End=4.24	_	_	_	0-4(0)
4-0	BO075	4	4	0	eh	eh	_	_	_	_	_	linguistic	_	none	_	Begin=4.53	_	_	_	_
4-1	BO075	4	4	1	bene,	bene	_	_	_	_	_	linguistic	_	none	Intonation=WeaklyRising	_	_	_	_	_
4-2	BO075	4	4	2	tutto	tutto	_	_	_	_	_	linguistic	_	none	_	_	_	_	_	_
4-3	BO075	4	4	3	be:ne.	bene	_	_	_	_	_	linguistic	_	none	Intonation=Falling|PauseAfter=Yes	_	1x1	_	_	_
4-4	BO075	4	4	4	{P}	{P}	_	_	_	_	_	shortpause	_	none	_	_	_	_	_	_
4-5	BO075	4	4	5	e::h	eh	_	_	_	_	_	linguistic	_	none	_	_	0x2	_	_	_
4-6	BO075	4	4	6	[(di)	di	_	_	_	_	_	linguistic	_	none	_	_	_	_	0-2(0)	0-2(1)
4-7	BO075	4	4	7	sì:].	sì	_	_	_	_	_	linguistic	_	none	Intonation=Falling	End=6.66	1x1	_	_	0-2(1)
5-0	BO049	5	5	0	[bene]	bene	_	_	_	_	_	linguistic	_	none	_	Begin=6.036|End=6.65	_	_	_	0-4(1)
6-0	BO049	6	6	0	allora	allora	_	_	_	_	_	linguistic	_	none	_	Begin=7.03	_	_	_	_
6-1	BO049	6	6	1	ti	ti	_	_	_	_	_	linguistic	_	none	_	_	_	_	_	_
6-2	BO049	6	6	2	vorrei	vorrei	_	_	_	_	_	linguistic	_	none	_	_	_	_	_	_
6-3	BO049	6	6	3	chiedere	chiedere	_	_	_	_	_	linguistic	_	none	_	_	_	_	_	_
6-4	BO049	6	6	4	intanto	intanto	_	_	_	_	_	linguistic	_	none	_	_	_	_	_	_
6-5	BO049	6	6	5	cosa	cosa	_	_	_	_	_	linguistic	_	none	_	_	_	_	_	_
6-6	BO049	6	6	6	fai	fai	_	_	_	_	_	linguistic	_	none	_	_	_	_	_	_
6-7	BO049	6	6	7	nella	nella	_	_	_	_	_	linguistic	_	none	_	_	_	_	_	_
6-8	BO049	6	6	8	vita.	vita	_	_	_	_	_	linguistic	_	none	Intonation=Falling	End=9.52	_	_	_	_
7-0	BO075	7	7	0	eh	eh	_	_	_	_	_	linguistic	_	none	_	Begin=10.29	_	_	_	_
7-1	BO075	7	7	1	nella	nella	_	_	_	_	_	linguistic	_	none	_	_	_	_	_	_
7-2	BO075	7	7	2	vita:	vita	_	_	_	_	_	linguistic	_	none	_	_	3x1	_	_	_
7-3	BO075	7	7	3	io:	io	_	_	_	_	_	linguistic	_	none	ProsodicLink=Yes	_	1x1	_	_	_
7-4	BO075	7	7	4	e::h	eh	_	_	_	_	_	linguistic	_	none	ProsodicLink=Yes	_	0x2	_	_	_
7-5	BO075	7	7	5	m:h	mh	_	_	_	_	_	linguistic	_	none	_	End=13.283	0x1	_	_	_
8-0	BO075	8	8	0	nella	nella	_	_	_	_	_	linguistic	_	none	_	Begin=13.59	_	_	_	_
8-1	BO075	8	8	1	vita	vita	_	_	_	_	_	linguistic	_	none	PauseAfter=Yes	_	_	_	_	_
8-2	BO075	8	8	2	{P}	{P}	_	_	_	_	_	shortpause	_	none	_	_	_	_	_	_
8-3	BO075	8	8	3	studio	studio	_	_	_	_	_	linguistic	_	none	_	_	_	_	_	_
8-4	BO075	8	8	4	belle	belle	_	_	_	_	_	linguistic	_	none	_	_	_	_	_	_
8-5	BO075	8	8	5	arti	arti	_	_	_	_	_	linguistic	_	none	_	_	_	_	_	_
8-6	BO075	8	8	6	a	a	_	_	_	_	_	linguistic	_	none	_	_	_	_	_	_
8-7	BO075	8	8	7	bologna,	bologna	_	_	_	_	_	linguistic	_	none	Intonation=WeaklyRising	End=15.65	_	_	_	_
9-0	BO049	9	9	0	[°mhmh°]	mhmh	_	_	_	_	_	linguistic	_	none	Volume=low	Begin=15.67|End=16.49	_	_	_	0-4(2)
10-0	BO075	10	10	0	[e::::h]	eh	_	_	_	_	_	linguistic	_	none	ProsodicLink=Yes	Begin=15.677	0x4	_	_	0-2(2)
10-1	BO075	10	10	1	m::h	mh	_	_	_	_	_	linguistic	_	none	_	End=17.21	0x2	_	_	_
11-0	BO075	11	11	0	da::	da	_	_	_	_	_	linguistic	_	none	_	Begin=17.356	1x2	_	_	_
11-1	BO075	11	11	1	un	un	_	_	_	_	_	linguistic	_	none	_	_	_	_	_	_
11-2	BO075	11	11	2	po'	po'	_	_	_	_	_	linguistic	_	none	SpaceAfter=No	_	_	_	_	_
11-3	BO075	11	11	3	di	di	_	_	_	_	_	linguistic	_	none	_	_	_	_	_	_
11-4	BO075	11	11	4	tempo,	tempo	_	_	_	_	_	linguistic	_	none	Intonation=WeaklyRising	_	_	_	_	_
11-5	BO075	11	11	5	sono	sono	_	_	_	_	_	linguistic	_	none	_	_	_	_	_	_
11-6	BO075	11	11	6	in	in	_	_	_	_	_	linguistic	_	none	_	_	_	_	_	_
11-7	BO075	11	11	7	triennale	triennale	_	_	_	_	_	linguistic	_	none	_	End=19.63	_	_	_	_
12-0	BO075	12	12	0	e::h	eh	_	_	_	_	_	linguistic	_	none	ProsodicLink=Yes	Begin=19.985	0x2	_	_	_
12-1	BO075	12	12	1	m::h	mh	_	_	_	_	_	linguistic	_	none	_	End=21.61	0x2	_	_	_
13-0	BO075	13	13	0	e::	e	_	_	_	_	_	linguistic	_	none	_	Begin=22.151	0x2	_	_	_
13-1	BO075	13	13	1	niente	niente	_	_	_	_	_	linguistic	_	none	PauseAfter=Yes	_	_	_	_	_
13-2	BO075	13	13	2	{P}	{P}	_	_	_	_	_	shortpause	_	none	_	_	_	_	_	_
13-3	BO075	13	13	3	nella	nella	_	_	_	_	_	linguistic	_	none	_	_	_	_	_	_
13-4	BO075	13	13	4	vita::	vita	_	_	_	_	_	linguistic	_	none	_	_	3x2	_	_	_
13-5	BO075	13	13	5	nella	nella	_	_	_	_	_	linguistic	_	none	_	_	_	_	_	_
13-6	BO075	13	13	6	vita:	vita	_	_	_	_	_	linguistic	_	none	_	_	3x1	_	_	_
13-7	BO075	13	13	7	disegno	disegno	_	_	_	_	_	linguistic	_	none	PauseAfter=Yes	_	_	_	_	_
13-8	BO075	13	13	8	{P}	{P}	_	_	_	_	_	shortpause	_	none	_	_	_	_	_	_
13-9	BO075	13	13	9	faccio:	faccio	_	_	_	_	_	linguistic	_	none	_	_	5x1	_	_	_
13-10	BO075	13	13	10	ste	ste	_	_	_	_	_	linguistic	_	none	_	_	_	_	_	_
13-11	BO075	13	13	11	cose:	cose	_	_	_	_	_	linguistic	_	none	_	_	3x1	_	_	_
13-12	BO075	13	13	12	da:	da	_	_	_	_	_	linguistic	_	none	_	_	1x1	_	_	_
13-13	BO075	13	13	13	un	un	_	_	_	_	_	linguistic	_	none	_	_	_	_	_	_
13-14	BO075	13	13	14	po'	po'	_	_	_	_	_	linguistic	_	none	_	_	_	_	_	_
13-15	BO075	13	13	15	di	di	_	_	_	_	_	linguistic	_	none	_	_	_	_	_	_
13-16	BO075	13	13	16	te:mpo,	tempo	_	_	_	_	_	linguistic	_	none	Intonation=WeaklyRising	End=28.42	1x1	_	_	_
14-0	BO049	14	14	0	°okay°	okay	_	_	_	_	_	linguistic	_	none	Volume=low	Begin=28.678|End=29.28	_	_	_	_
15-0	BO075	15	15	0	e::::::	e	_	_	_	_	_	linguistic	_	none	_	Begin=29.4|End=30.25	0x6	_	_	_
16-0	BO075	16	16	0	ed	ed	_	_	_	_	_	linguistic	_	none	_	Begin=30.3	_	_	_	_
16-1	BO075	16	16	1	è	è	_	_	_	_	_	linguistic	_	none	_	_	_	_	_	_
16-2	BO075	16	16	2	molto	molto	_	_	_	_	_	linguistic	_	none	_	_	_	_	_	_
16-3	BO075	16	16	3	divertente	divertente	_	_	_	_	_	linguistic	_	none	_	_	_	_	_	_
16-4	BO075	16	16	4	ma	ma	_	_	_	_	_	linguistic	_	none	_	_	_	_	_	_
16-5	BO075	16	16	5	molto	molto	_	_	_	_	_	linguistic	_	none	_	_	_	_	_	_
16-6	BO075	16	16	6	difficile,	difficile	_	_	_	_	_	linguistic	_	none	Intonation=WeaklyRising	_	_	_	_	_
16-7	BO075	16	16	7	e:::	e	_	_	_	_	_	linguistic	_	none	ProsodicLink=Yes	_	0x3	_	_	_
16-8	BO075	16	16	8	mh	mh	_	_	_	_	_	linguistic	_	none	_	End=33.41	_	_	_	_
17-0	BO075	17	17	0	e	e	_	_	_	_	_	linguistic	_	none	_	Begin=33.46	_	_	_	_
17-1	BO075	17	17	1	ci	ci	_	_	_	_	_	linguistic	_	none	_	_	_	_	_	_
17-2	BO075	17	17	2	vogliono	vogliono	_	_	_	_	_	linguistic	_	none	_	_	_	_	_	_
17-3	BO075	17	17	3	un	un	_	_	_	_	_	linguistic	_	none	_	_	_	_	_	_
17-4	BO075	17	17	4	sacco	sacco	_	_	_	_	_	linguistic	_	none	_	_	_	_	_	_
17-5	BO075	17	17	5	di	di	_	_	_	_	_	linguistic	_	none	_	_	_	_	_	_
17-6	BO075	17	17	6	palle	palle	_	_	_	_	_	linguistic	_	none	_	_	_	_	_	_
17-7	BO075	17	17	7	ma	ma	_	_	_	_	_	linguistic	_	none	_	End=35.6	_	_	_	_
18-0	BO075	18	18	0	e	e	_	_	_	_	_	linguistic	_	none	_	Begin=35.665	_	_	_	_
18-1	BO075	18	18	1	le	le	_	_	_	_	_	linguistic	_	none	_	_	_	_	_	_
18-2	BO075	18	18	2	le	le	_	_	_	_	_	linguistic	_	none	_	_	_	_	_	_
18-3	BO075	18	18	3	le	le	_	_	_	_	_	linguistic	_	none	_	_	_	_	_	_
18-4	BO075	18	18	4	stiamo	stiamo	_	_	_	_	_	linguistic	_	none	_	_	_	_	_	_
18-5	BO075	18	18	5	trovando	trovando	_	_	_	_	_	linguistic	_	none	PauseAfter=Yes	_	_	_	_	_
18-6	BO075	18	18	6	{P}	{P}	_	_	_	_	_	shortpause	_	none	_	_	_	_	_	_
18-7	BO075	18	18	7	alla	alla	_	_	_	_	_	linguistic	_	none	_	_	_	_	_	_
18-8	BO075	18	18	8	grande	grande	_	_	_	_	_	linguistic	_	none	PauseAfter=Yes	_	_	_	_	_
18-9	BO075	18	18	9	{P}	{P}	_	_	_	_	_	shortpause	_	none	_	_	_	_	_	_
18-10	BO075	18	18	10	quest'	quest'	_	_	_	_	_	linguistic	_	none	SpaceAfter=No	_	_	_	_	_
18-11	BO075	18	18	11	anno	anno	_	_	_	_	_	linguistic	_	none	_	_	_	_	_	_
18-12	BO075	18	18	12	sopratutto	sopratutto	_	_	_	_	_	linguistic	_	none	PauseAfter=Yes	_	_	_	_	_
18-13	BO075	18	18	13	{P}	{P}	_	_	_	_	_	shortpause	_	none	_	_	_	_	_	_
18-14	BO075	18	18	14	sì	sì	_	_	_	_	_	linguistic	_	none	_	_	_	_	_	_
18-15	BO075	18	18	15	sì	sì	_	_	_	_	_	linguistic	_	none	_	_	_	_	_	_
18-16	BO075	18	18	16	eh	eh	_	_	_	_	_	linguistic	_	none	_	End=40.32	_	_	_	_
19-0	BO049	19	19	0	{ride}	{ride}	_	_	_	_	_	nonverbalbehavior	_	none	_	Begin=37.68|End=39.62	_	_	_	_
20-0	BO049	20	20	0	sì?	sì	_	_	_	_	_	linguistic	_	none	Intonation=Rising	Begin=40.33|End=40.71	_	_	_	_
21-0	BO075	21	21	0	e:::h	eh	_	_	_	_	_	linguistic	_	none	_	Begin=40.71|End=41.88	0x3	_	_	_
22-0	BO075	22	22	0	sì	sì	_	_	_	_	_	linguistic	_	none	_	Begin=42.048	_	_	_	_
22-1	BO075	22	22	1	è	è	_	_	_	_	_	linguistic	_	none	_	_	_	_	_	_
22-2	BO075	22	22	2	un	un	_	_	_	_	_	linguistic	_	none	_	_	_	_	_	_
22-3	BO075	22	22	3	buon	buon	_	_	_	_	_	linguistic	_	none	_	_	_	_	_	_
22-4	BO075	22	22	4	periodo	periodo	_	_	_	_	_	linguistic	_	none	_	_	_	_	_	_
22-5	BO075	22	22	5	è	è	_	_	_	_	_	linguistic	_	none	_	_	_	_	_	_
22-6	BO075	22	22	6	un	un	_	_	_	_	_	linguistic	_	none	_	_	_	_	_	_
22-7	BO075	22	22	7	buon	buon	_	_	_	_	_	linguistic	_	none	_	_	_	_	_	_
22-8	BO075	22	22	8	periodo.	periodo	_	_	_	_	_	linguistic	_	none	Intonation=Falling	End=43.97	_	_	_	_
23-0	BO049	23	23	0	va	va	_	_	_	_	_	linguistic	_	none	_	Begin=44.06	_	_	_	_
23-1	BO049	23	23	1	be:[ne]	bene	_	_	_	_	_	linguistic	_	none	_	End=44.86	1x1	_	_	2-4(3)
24-0	BO075	24	24	0	[a	a	_	_	_	_	_	linguistic	_	none	_	Begin=44.161	_	_	_	0-1(3)
24-1	BO075	24	24	1	diff]erenza	differenza	_	_	_	_	_	linguistic	_	none	_	_	_	_	_	0-4(3)
24-2	BO075	24	24	2	di	di	_	_	_	_	_	linguistic	_	none	_	_	_	_	_	_
24-3	BO075	24	24	3	qualche	qualche	_	_	_	_	_	linguistic	_	none	_	_	_	_	_	_
24-4	BO075	24	24	4	mese	mese	_	_	_	_	_	linguistic	_	none	_	_	_	_	_	_
24-5	BO075	24	24	5	fa,	fa	_	_	_	_	_	linguistic	_	none	Intonation=WeaklyRising	_	_	_	_	_
24-6	BO075	24	24	6	però	però	_	_	_	_	_	linguistic	_	none	_	_	_	_	_	_
24-7	BO075	24	24	7	è	è	_	_	_	_	_	linguistic	_	none	_	_	_	_	_	_
24-8	BO075	24	24	8	un	un	_	_	_	_	_	linguistic	_	none	_	_	_	_	_	_
24-9	BO075	24	24	9	buon	buon	_	_	_	_	_	linguistic	_	none	_	_	_	_	_	_
24-10	BO075	24	24	10	periodo.	periodo	_	_	_	_	_	linguistic	_	none	Intonation=Falling	End=46.66	_	_	_	_
25-0	BO049	25	25	0	okay.	okay	_	_	_	_	_	linguistic	_	none	Intonation=Falling	Begin=46.7	_	_	_	_
25-1	BO049	25	25	1	e::	e	_	_	_	_	_	linguistic	_	none	_	_	0x2	_	_	_
25-2	BO049	25	25	2	quando	quando	_	_	_	_	_	linguistic	_	none	_	_	_	_	_	_
25-3	BO049	25	25	3	hai	hai	_	_	_	_	_	linguistic	_	none	_	_	_	_	_	_
25-4	BO049	25	25	4	iniziato	iniziato	_	_	_	_	_	linguistic	_	none	_	_	_	_	_	_
25-5	BO049	25	25	5	a	a	_	_	_	_	_	linguistic	_	none	_	_	_	_	_	_
25-6	BO049	25	25	6	disegnare?	disegnare	_	_	_	_	_	linguistic	_	none	Intonation=Rising	End=49.1	_	_	_	_
26-0	BO075	26	26	0	ho	ho	_	_	_	_	_	linguistic	_	none	_	Begin=49.576	_	_	_	_
26-1	BO075	26	26	1	iniziato	iniziato	_	_	_	_	_	linguistic	_	none	_	_	_	_	_	_
26-2	BO075	26	26	2	a	a	_	_	_	_	_	linguistic	_	none	_	_	_	_	_	_
26-3	BO075	26	26	3	disegnare	disegnare	_	_	_	_	_	linguistic	_	none	_	End=50.62	_	_	_	_
27-0	BO075	27	27	0	beh	beh	_	_	_	_	_	linguistic	_	none	_	Begin=50.725	_	_	_	_
27-1	BO075	27	27	1	che	che	_	_	_	_	_	linguistic	_	none	_	_	_	_	_	_
27-2	BO075	27	27	2	io	io	_	_	_	_	_	linguistic	_	none	_	_	_	_	_	_
27-3	BO075	27	27	3	ricordi	ricordi	_	_	_	_	_	linguistic	_	none	PauseAfter=Yes	_	_	_	_	_
27-4	BO075	27	27	4	{P}	{P}	_	_	_	_	_	shortpause	_	none	_	_	_	_	_	_
27-5	BO075	27	27	5	dalle	dalle	_	_	_	_	_	linguistic	_	none	_	_	_	_	_	_
27-6	BO075	27	27	6	elementari.	elementari	_	_	_	_	_	linguistic	_	none	Intonation=Falling	End=53.136	_	_	_	_
28-0	BO049	28	28	0	okay.	okay	_	_	_	_	_	linguistic	_	none	Intonation=Falling	Begin=53.27|End=53.88	_	_	_	_
29-0	BO075	29	29	0	eh	eh	_	_	_	_	_	linguistic	_	none	PauseAfter=Yes	Begin=53.88	_	_	_	_
29-1	BO075	29	29	1	{P}	{P}	_	_	_	_	_	shortpause	_	none	_	_	_	_	_	_
29-2	BO075	29	29	2	cioè	cioè	_	_	_	_	_	linguistic	_	none	_	_	_	_	_	_
29-3	BO075	29	29	3	cioè	cioè	_	_	_	_	_	linguistic	_	none	_	_	_	_	_	_
29-4	BO075	29	29	4	sì	sì	_	_	_	_	_	linguistic	_	none	_	_	_	_	_	_
29-5	BO075	29	29	5	quelli	quelli	_	_	_	_	_	linguistic	_	none	_	_	_	_	_	_
29-6	BO075	29	29	6	che	che	_	_	_	_	_	linguistic	_	none	_	_	_	_	_	_
29-7	BO075	29	29	7	che	che	_	_	_	_	_	linguistic	_	none	_	_	_	_	_	_
29-8	BO075	29	29	8	ricordo	ricordo	_	_	_	_	_	linguistic	_	none	_	_	_	_	_	_
29-9	BO075	29	29	9	io	io	_	_	_	_	_	linguistic	_	none	_	_	_	_	_	_
29-10	BO075	29	29	10	di	di	_	_	_	_	_	linguistic	_	none	_	_	_	_	_	_
29-11	BO075	29	29	11	e:h	eh	_	_	_	_	_	linguistic	_	none	PauseAfter=Yes	_	0x1	_	_	_
29-12	BO075	29	29	12	{P}	{P}	_	_	_	_	_	shortpause	_	none	_	_	_	_	_	_
29-13	BO075	29	29	13	sono	sono	_	_	_	_	_	linguistic	_	none	_	_	_	_	_	_
29-14	BO075	29	29	14	alle	alle	_	_	_	_	_	linguistic	_	none	_	_	_	_	_	_
29-15	BO075	29	29	15	elementari,	elementari	_	_	_	_	_	linguistic	_	none	Intonation=WeaklyRising	_	_	_	_	_
29-16	BO075	29	29	16	praticam[ente].	praticamente	_	_	_	_	_	linguistic	_	none	Intonation=Falling	End=58.86	_	_	_	8-12(4)
30-0	BO049	30	30	0	[okay]	okay	_	_	_	_	_	linguistic	_	none	_	Begin=58.295	_	_	_	0-4(4)
30-1	BO049	30	30	1	quindi	quindi	_	_	_	_	_	linguistic	_	none	_	_	_	_	_	_
30-2	BO049	30	30	2	hai	hai	_	_	_	_	_	linguistic	_	none	_	_	_	_	_	_
30-3	BO049	30	30	3	sempre	sempre	_	_	_	_	_	linguistic	_	none	_	_	_	_	_	_
30-4	BO049	30	30	4	avuto	avuto	_	_	_	_	_	linguistic	_	none	_	_	_	_	_	_
30-5	BO049	30	30	5	questa	questa	_	_	_	_	_	linguistic	_	none	_	_	_	_	_	_
30-6	BO049	30	30	6	passione::,	passione	_	_	_	_	_	linguistic	_	none	Intonation=WeaklyRising	_	7x2	_	_	_
30-7	BO049	30	30	7	per	per	_	_	_	_	_	linguistic	_	none	_	_	_	_	_	_
30-8	BO049	30	30	8	[il].	il	_	_	_	_	_	linguistic	_	none	Intonation=Falling	End=61.59	_	_	_	0-2(5)
31-0	BO075	31	31	0	[s~	s~	_	_	_	_	_	linguistic	_	none	Interrupted=Yes	Begin=61.21	_	_	_	0-2(5)
31-1	BO075	31	31	1	s]ì	sì	_	_	_	_	_	linguistic	_	none	PauseAfter=Yes	_	_	_	_	0-1(5)
31-2	BO075	31	31	2	{P}	{P}	_	_	_	_	_	shortpause	_	none	_	_	_	_	_	_
31-3	BO075	31	31	3	sì.	sì	_	_	_	_	_	linguistic	_	none	Intonation=Falling	_	_	_	_	_
31-4	BO075	31	31	4	più	più	_	_	_	_	_	linguistic	_	none	_	_	_	_	_	_
31-5	BO075	31	31	5	o	o	_	_	_	_	_	linguistic	_	none	_	_	_	_	_	_
31-6	BO075	31	31	6	meno	meno	_	_	_	_	_	linguistic	_	none	_	_	_	_	_	_
31-7	BO075	31	31	7	sì.	sì	_	_	_	_	_	linguistic	_	none	Intonation=Falling	End=63.74	_	_	_	_
32-0	BO049	32	32	0	mh.	mh	_	_	_	_	_	linguistic	_	none	Intonation=Falling	Begin=64.51|End=64.819	_	_	_	_
33-0	BO075	33	33	0	sì	sì	_	_	_	_	_	linguistic	_	none	_	Begin=64.87	_	_	_	_
33-1	BO075	33	33	1	è	è	_	_	_	_	_	linguistic	_	none	_	_	_	_	_	_
33-2	BO075	33	33	2	sempre	sempre	_	_	_	_	_	linguistic	_	none	_	_	_	_	_	_
33-3	BO075	33	33	3	stata	stata	_	_	_	_	_	linguistic	_	none	_	_	_	_	_	_
33-4	BO075	33	33	4	una	una	_	_	_	_	_	linguistic	_	none	_	_	_	_	_	_
33-5	BO075	33	33	5	cosa	cosa	_	_	_	_	_	linguistic	_	none	_	_	_	_	_	_
33-6	BO075	33	33	6	che	che	_	_	_	_	_	linguistic	_	none	_	_	_	_	_	_
33-7	BO075	33	33	7	mi	mi	_	_	_	_	_	linguistic	_	none	_	_	_	_	_	_
33-8	BO075	33	33	8	ha:	ha	_	_	_	_	_	linguistic	_	none	PauseAfter=Yes	_	1x1	_	_	_
33-9	BO075	33	33	9	{P}	{P}	_	_	_	_	_	shortpause	_	none	_	_	_	_	_	_
33-10	BO075	33	33	10	soddisfatto	soddisfatto	_	_	_	_	_	linguistic	_	none	_	_	_	_	_	_
33-11	BO075	33	33	11	più	più	_	_	_	_	_	linguistic	_	none	_	_	_	_	_	_
33-12	BO075	33	33	12	di	di	_	_	_	_	_	linguistic	_	none	_	_	_	_	_	_
33-13	BO075	33	33	13	qualsiasi	qualsiasi	_	_	_	_	_	linguistic	_	none	_	_	_	_	_	_
33-14	BO075	33	33	14	altra	altra	_	_	_	_	_	linguistic	_	none	_	_	_	_	_	_
33-15	BO075	33	33	15	ecco.	ecco	_	_	_	_	_	linguistic	_	none	Intonation=Falling	End=68.91	_	_	_	_
34-0	BO049	34	34	0	ma	ma	_	_	_	_	_	linguistic	_	none	_	Begin=68.93	_	_	_	_
34-1	BO049	34	34	1	sei	sei	_	_	_	_	_	linguistic	_	none	_	_	_	_	_	_
34-2	BO049	34	34	2	stato	stato	_	_	_	_	_	linguistic	_	none	_	_	_	_	_	_
34-3	BO049	34	34	3	i[spirato	ispirato	_	_	_	_	_	linguistic	_	none	_	_	_	_	_	1-8(6)
34-4	BO049	34	34	4	da]	da	_	_	_	_	_	linguistic	_	none	_	_	_	_	_	0-2(6)
34-5	BO049	34	34	5	qualcuno:	qualcuno	_	_	_	_	_	linguistic	_	none	ProsodicLink=Yes	_	7x1	_	_	_
34-6	BO049	34	34	6	mh	mh	_	_	_	_	_	linguistic	_	none	_	_	_	_	_	_
34-7	BO049	34	34	7	qualcosa	qualcosa	_	_	_	_	_	linguistic	_	none	_	_	_	_	_	_
34-8	BO049	34	34	8	in	in	_	_	_	_	_	linguistic	_	none	_	_	_	_	_	_
34-9	BO049	34	34	9	particolare,	particolare	_	_	_	_	_	linguistic	_	none	Intonation=WeaklyRising	_	_	_	_	_
34-10	BO049	34	34	10	oppure	oppure	_	_	_	_	_	linguistic	_	none	_	_	_	_	_	_
34-11	BO049	34	34	11	è:::	è	_	_	_	_	_	linguistic	_	none	_	_	0x3	_	_	_
34-12	BO049	34	34	12	nata	nata	_	_	_	_	_	linguistic	_	none	_	_	_	_	_	_
34-13	BO049	34	34	13	così:,	così	_	_	_	_	_	linguistic	_	none	Intonation=WeaklyRising	End=74.41	3x1	_	_	_
35-0	BO075	35	35	0	[mh]	mh	_	_	_	_	_	linguistic	_	none	_	Begin=69.45|End=69.92	_	_	_	0-2(6)
36-0	BO075	36	36	0	a~	a~	_	_	_	_	_	linguistic	_	none	Interrupted=Yes	Begin=74.57	_	_	_	_
36-1	BO075	36	36	1	allora	allora	_	_	_	_	_	linguistic	_	none	_	_	_	_	_	_
36-2	BO075	36	36	2	fino	fino	_	_	_	_	_	linguistic	_	none	_	_	_	_	_	_
36-3	BO075	36	36	3	alla	alla	_	_	_	_	_	linguistic	_	none	_	_	_	_	_	_
36-4	BO075	36	36	4	terza	terza	_	_	_	_	_	linguistic	_	none	_	_	_	_	_	_
36-5	BO075	36	36	5	media,	media	_	_	_	_	_	linguistic	_	none	Intonation=WeaklyRising	End=76.29	_	_	_	_
37-0	BO075	37	37	0	fino	fino	_	_	_	_	_	linguistic	_	none	_	Begin=76.37	_	_	_	_
37-1	BO075	37	37	1	alla	alla	_	_	_	_	_	linguistic	_	none	_	_	_	_	_	_
37-2	BO075	37	37	2	terzia	terzia	_	_	_	_	_	linguistic	_	none	_	_	_	_	_	_
37-3	BO075	37	37	3	me~	me~	_	_	_	_	_	linguistic	_	none	Interrupted=Yes	_	_	_	_	_
37-4	BO075	37	37	4	media	media	_	_	_	_	_	linguistic	_	none	_	_	_	_	_	_
37-5	BO075	37	37	5	no	no	_	_	_	_	_	linguistic	_	none	_	_	_	_	_	_
37-6	BO075	37	37	6	perché	perché	_	_	_	_	_	linguistic	_	none	_	_	_	_	_	_
37-7	BO075	37	37	7	non	non	_	_	_	_	_	linguistic	_	none	_	_	_	_	_	_
37-8	BO075	37	37	8	avevo	avevo	_	_	_	_	_	linguistic	_	none	_	_	_	_	_	_
37-9	BO075	37	37	9	alcun::	alcun	_	_	_	_	_	linguistic	_	none	ProsodicLink=Yes	_	4x2	_	_	_
37-10	BO075	37	37	10	mh	mh	_	_	_	_	_	linguistic	_	none	_	End=79.79	_	_	_	_
38-0	BO075	38	38	0	alcun	alcun	_	_	_	_	_	linguistic	_	none	_	Begin=79.83	_	_	_	_
38-1	BO075	38	38	1	genere	genere	_	_	_	_	_	linguistic	_	none	_	_	_	_	_	_
38-2	BO075	38	38	2	di	di	_	_	_	_	_	linguistic	_	none	_	_	_	_	_	_
38-3	BO075	38	38	3	e::h	eh	_	_	_	_	_	linguistic	_	none	_	End=81.56	0x2	_	_	_
39-0	BO075	39	39	0	e::::h,	eh	_	_	_	_	_	linguistic	_	none	Intonation=WeaklyRising|PauseAfter=Yes	Begin=81.81	0x4	_	_	_
39-1	BO075	39	39	1	{P}	{P}	_	_	_	_	_	shortpause	_	none	_	_	_	_	_	_
39-2	BO075	39	39	2	di	di	_	_	_	_	_	linguistic	_	none	_	_	_	_	_	_
39-3	BO075	39	39	3	di	di	_	_	_	_	_	linguistic	_	none	_	_	_	_	_	_
39-4	BO075	39	39	4	di	di	_	_	_	_	_	linguistic	_	none	_	_	_	_	_	_
39-5	BO075	39	39	5	cultura	cultura	_	_	_	_	_	linguistic	_	none	_	_	_	_	_	_
39-6	BO075	39	39	6	nell'	nell'	_	_	_	_	_	linguistic	_	none	SpaceAfter=No	_	_	_	_	_
39-7	BO075	39	39	7	am~	am~	_	_	_	_	_	linguistic	_	none	Interrupted=Yes	_	_	_	_	_
39-8	BO075	39	39	8	nell'	nell'	_	_	_	_	_	linguistic	_	none	SpaceAfter=No	_	_	_	_	_
39-9	BO075	39	39	9	ambito	ambito	_	_	_	_	_	linguistic	_	none	_	_	_	_	_	5-6(7)
39-10	BO075	39	39	10	[e:]	e	_	_	_	_	_	linguistic	_	none	_	End=85.91	0x1	_	_	0-1(7)
40-0	BO049	40	40	0	[okay].	okay	_	_	_	_	_	linguistic	_	none	Intonation=Falling	Begin=85.17|End=85.926	_	_	_	0-4(7)
41-0	BO075	41	41	0	poi	poi	_	_	_	_	_	linguistic	_	none	_	Begin=86.32	_	_	_	_
41-1	BO075	41	41	1	dalla	dalla	_	_	_	_	_	linguistic	_	none	_	_	_	_	_	_
41-2	BO075	41	41	2	terza	terza	_	_	_	_	_	linguistic	_	none	_	_	_	_	_	_
41-3	BO075	41	41	3	media	media	_	_	_	_	_	linguistic	_	none	_	_	_	_	_	_
41-4	BO075	41	41	4	mio	mio	_	_	_	_	_	linguistic	_	none	_	_	_	_	_	_
41-5	BO075	41	41	5	fratello	fratello	_	_	_	_	_	linguistic	_	none	_	_	_	_	_	_
41-6	BO075	41	41	6	mi	mi	_	_	_	_	_	linguistic	_	none	_	_	_	_	_	_
41-7	BO075	41	41	7	regalò	regalò	_	_	_	_	_	linguistic	_	none	_	End=88.59	_	_	_	_
42-0	BO075	42	42	0	mh	mh	_	_	_	_	_	linguistic	_	none	_	Begin=88.64	_	_	_	_
42-1	BO075	42	42	1	cioè	cioè	_	_	_	_	_	linguistic	_	none	_	_	_	_	_	_
42-2	BO075	42	42	2	mi	mi	_	_	_	_	_	linguistic	_	none	_	_	_	_	_	_
42-3	BO075	42	42	3	ricordo	ricordo	_	_	_	_	_	linguistic	_	none	_	_	_	_	_	_
42-4	BO075	42	42	4	mi	mi	_	_	_	_	_	linguistic	_	none	_	_	_	_	_	_
42-5	BO075	42	42	5	mi	mi	_	_	_	_	_	linguistic	_	none	_	_	_	_	_	_
42-6	BO075	42	42	6	ha	ha	_	_	_	_	_	linguistic	_	none	_	_	_	_	_	_
42-7	BO075	42	42	7	regalato	regalato	_	_	_	_	_	linguistic	_	none	_	_	_	_	_	_
42-8	BO075	42	42	8	uno	uno	_	_	_	_	_	linguistic	_	none	_	_	_	_	_	_
42-9	BO075	42	42	9	dei	dei	_	_	_	_	_	linguistic	_	none	_	_	_	_	_	_
42-10	BO075	42	42	10	primi	primi	_	_	_	_	_	linguistic	_	none	_	_	_	_	_	_
42-11	BO075	42	42	11	albi	albi	_	_	_	_	_	linguistic	_	none	_	_	_	_	_	_
42-12	BO075	42	42	12	illustrati	illustrati	_	_	_	_	_	linguistic	_	none	_	_	_	_	_	_
42-13	BO075	42	42	13	di	di	_	_	_	_	_	linguistic	_	none	_	_	_	_	_	_
42-14	BO075	42	42	14	ericailcane,	ericailcane	_	_	_	_	_	linguistic	_	none	Intonation=WeaklyRising	_	_	_	_	_
42-15	BO075	42	42	15	e:	e	_	_	_	_	_	linguistic	_	none	_	End=93.171	0x1	_	_	_
43-0	BO075	43	43	0	te~	te~	_	_	_	_	_	linguistic	_	none	Interrupted=Yes	Begin=93.36	_	_	_	_
43-1	BO075	43	43	1	terza	terza	_	_	_	_	_	linguistic	_	none	_	_	_	_	_	_
43-2	BO075	43	43	2	media,	media	_	_	_	_	_	linguistic	_	none	Intonation=WeaklyRising	_	_	_	_	_
43-3	BO075	43	43	3	fine:::	fine	_	_	_	_	_	linguistic	_	none	_	_	3x3	_	_	_
43-4	BO075	43	43	4	seconda	seconda	_	_	_	_	_	linguistic	_	none	_	_	_	_	_	_
43-5	BO075	43	43	5	media	media	_	_	_	_	_	linguistic	_	none	PauseAfter=Yes	_	_	_	_	_
43-6	BO075	43	43	6	{P}	{P}	_	_	_	_	_	shortpause	_	none	_	_	_	_	_	_
43-7	BO075	43	43	7	più	più	_	_	_	_	_	linguistic	_	none	_	_	_	_	_	_
43-8	BO075	43	43	8	o	o	_	_	_	_	_	linguistic	_	none	_	_	_	_	_	_
43-9	BO075	43	43	9	meno.	meno	_	_	_	_	_	linguistic	_	none	Intonation=Falling	End=97.24	_	_	_	_
44-0	BO075	44	44	0	e	e	_	_	_	_	_	linguistic	_	none	_	Begin=97.68	_	_	_	_
44-1	BO075	44	44	1	mi	mi	_	_	_	_	_	linguistic	_	none	_	_	_	_	_	_
44-2	BO075	44	44	2	sono	sono	_	_	_	_	_	linguistic	_	none	_	_	_	_	_	_
44-3	BO075	44	44	3	innamorato	innamorato	_	_	_	_	_	linguistic	_	none	_	_	_	_	_	_
44-4	BO075	44	44	4	e	e	_	_	_	_	_	linguistic	_	none	_	_	_	_	_	_
44-5	BO075	44	44	5	poi	poi	_	_	_	_	_	linguistic	_	none	_	_	_	_	_	_
44-6	BO075	44	44	6	lì	lì	_	_	_	_	_	linguistic	_	none	_	_	_	_	_	_
44-7	BO075	44	44	7	la	la	_	_	_	_	_	linguistic	_	none	_	_	_	_	_	_
44-8	BO075	44	44	8	street	street	_	_	_	_	_	linguistic	_	none	_	_	_	_	_	_
44-9	BO075	44	44	9	art	art	_	_	_	_	_	linguistic	_	none	_	_	_	_	_	_
44-10	BO075	44	44	10	è	è	_	_	_	_	_	linguistic	_	none	_	_	_	_	_	_
44-11	BO075	44	44	11	diventata:	diventata	_	_	_	_	_	linguistic	_	none	_	End=101.08	8x1	_	_	_
45-0	BO075	45	45	0	eh	eh	_	_	_	_	_	linguistic	_	none	_	Begin=101.531	_	_	_	_
45-1	BO075	45	45	1	un	un	_	_	_	_	_	linguistic	_	none	_	_	_	_	_	_
45-2	BO075	45	45	2	amore	amore	_	_	_	_	_	linguistic	_	none	_	_	_	_	_	_
45-3	BO075	45	45	3	folle.	folle	_	_	_	_	_	linguistic	_	none	Intonation=Falling	_	_	_	_	_
45-4	BO075	45	45	4	e:::::	e	_	_	_	_	_	linguistic	_	none	_	End=104.51	0x5	_	_	_
46-0	BO075	46	46	0	eh	eh	_	_	_	_	_	linguistic	_	none	_	Begin=104.596	_	_	_	_
46-1	BO075	46	46	1	[sì].	sì	_	_	_	_	_	linguistic	_	none	Intonation=Falling	End=105.946	_	_	_	0-2(8)
47-0	BO049	47	47	0	[(be:ne)]	bene	_	_	_	_	_	linguistic	_	none	_	Begin=104.94|End=105.966	1x1	_	0-4(0)	0-4(8)
48-0	BO075	48	48	0	quindi	quindi	_	_	_	_	_	linguistic	_	none	_	Begin=106.04	_	_	_	_
48-1	BO075	48	48	1	direi	direi	_	_	_	_	_	linguistic	_	none	PauseAfter=Yes	_	_	_	_	_
48-2	BO075	48	48	2	{P}	{P}	_	_	_	_	_	shortpause	_	none	_	_	_	_	_	_
48-3	BO075	48	48	3	direi	direi	_	_	_	_	_	linguistic	_	none	_	_	_	_	_	_
48-4	BO075	48	48	4	ericailcanene	ericailcanene	_	_	_	_	_	linguistic	_	none	_	_	_	_	_	_
48-5	BO075	48	48	5	e	e	_	_	_	_	_	linguistic	_	none	_	_	_	_	_	_
48-6	BO075	48	48	6	blu	blu	_	_	_	_	_	linguistic	_	none	_	End=108.69	_	_	_	_
49-0	BO075	49	49	0	ai	ai	_	_	_	_	_	linguistic	_	none	_	Begin=109.03	_	_	_	_
49-1	BO075	49	49	1	primi	primi	_	_	_	_	_	linguistic	_	none	_	_	_	_	_	_
49-2	BO075	49	49	2	tempi	tempi	_	_	_	_	_	linguistic	_	none	_	_	_	_	_	_
49-3	BO075	49	49	3	[poi	poi	_	_	_	_	_	linguistic	_	none	_	_	_	_	_	0-3(9)
49-4	BO075	49	49	4	pian	pian	_	_	_	_	_	linguistic	_	none	_	_	_	_	_	0-4(9)
49-5	BO075	49	49	5	pia]no	piano	_	_	_	_	_	linguistic	_	none	ProsodicLink=Yes	_	_	_	_	0-3(9)
49-6	BO075	49	49	6	eh	eh	_	_	_	_	_	linguistic	_	none	_	End=111.43	_	_	_	_
50-0	BO049	50	50	0	[ah]	ah	_	_	_	_	_	linguistic	_	none	_	Begin=109.86|End=110.71	_	_	_	0-2(9)
51-0	BO075	51	51	0	sono	sono	_	_	_	_	_	linguistic	_	none	_	Begin=111.52	_	_	_	_
51-1	BO075	51	51	1	saltati	saltati	_	_	_	_	_	linguistic	_	none	_	_	_	_	_	_
51-2	BO075	51	51	2	fuori	fuori	_	_	_	_	_	linguistic	_	none	_	_	_	_	_	_
51-3	BO075	51	51	3	altri	altri	_	_	_	_	_	linguistic	_	none	_	_	_	_	_	_
51-4	BO075	51	51	4	autori	autori	_	_	_	_	_	linguistic	_	none	_	_	_	_	_	_
51-5	BO075	51	51	5	straordinari	straordinari	_	_	_	_	_	linguistic	_	none	PauseAfter=Yes	_	_	_	_	_
51-6	BO075	51	51	6	{P}	{P}	_	_	_	_	_	shortpause	_	none	_	_	_	_	_	_
51-7	BO075	51	51	7	però	però	_	_	_	_	_	linguistic	_	none	_	_	_	_	_	_
51-8	BO075	51	51	8	i	i	_	_	_	_	_	linguistic	_	none	_	_	_	_	_	_
51-9	BO075	51	51	9	primi	primi	_	_	_	_	_	linguistic	_	none	_	_	_	_	_	_
51-10	BO075	51	51	10	sono	sono	_	_	_	_	_	linguistic	_	none	_	_	_	_	_	_
51-11	BO075	51	51	11	loro	loro	_	_	_	_	_	linguistic	_	none	_	_	_	_	_	_
51-12	BO075	51	51	12	non	non	_	_	_	_	_	linguistic	_	none	_	_	_	_	_	_
51-13	BO075	51	51	13	[c'	c'	_	_	_	_	_	linguistic	_	none	SpaceAfter=No	_	_	_	_	0-2(10)
51-14	BO075	51	51	14	è	è	_	_	_	_	_	linguistic	_	none	_	_	_	_	_	0-1(10)
51-15	BO075	51	51	15	dubbio]	dubbio	_	_	_	_	_	linguistic	_	none	_	End=115.74	_	_	_	0-6(10)
52-0	BO049	52	52	0	[okay]	okay	_	_	_	_	_	linguistic	_	none	PauseAfter=Yes	Begin=114.975	_	_	_	0-4(10)
52-1	BO049	52	52	1	{P}	{P}	_	_	_	_	_	shortpause	_	none	_	_	_	_	_	_
52-2	BO049	52	52	2	[perfetto].	perfetto	_	_	_	_	_	linguistic	_	none	Intonation=Falling	End=116.79	_	_	_	0-8(11)
53-0	BO075	53	53	0	[mh	mh	_	_	_	_	_	linguistic	_	none	_	Begin=115.875	_	_	_	0-2(11)
53-1	BO075	53	53	1	eh	eh	_	_	_	_	_	linguistic	_	none	_	_	_	_	_	0-2(11)
53-2	BO075	53	53	2	eh]	eh	_	_	_	_	_	linguistic	_	none	_	End=116.98	_	_	_	0-2(11)
54-0	BO049	54	54	0	e::h	eh	_	_	_	_	_	linguistic	_	none	ProsodicLink=Yes	Begin=117.38	0x2	_	_	_
54-1	BO049	54	54	1	m:h,	mh	_	_	_	_	_	linguistic	_	none	Intonation=WeaklyRising|PauseAfter=Yes	_	0x1	_	_	_
54-2	BO049	54	54	2	{P}	{P}	_	_	_	_	_	shortpause	_	none	_	_	_	_	_	_
54-3	BO049	54	54	3	al	al	_	_	_	_	_	linguistic	_	none	_	_	_	_	_	_
54-4	BO049	54	54	4	momento	momento	_	_	_	_	_	linguistic	_	none	_	_	_	_	_	_
54-5	BO049	54	54	5	dove	dove	_	_	_	_	_	linguistic	_	none	_	_	_	_	_	_
54-6	BO049	54	54	6	vivi?	vivi	_	_	_	_	_	linguistic	_	none	Intonation=Rising	End=119.59	_	_	_	_
55-0	BO075	55	55	0	vivo	vivo	_	_	_	_	_	linguistic	_	none	_	Begin=119.85	_	_	_	_
55-1	BO075	55	55	1	a	a	_	_	_	_	_	linguistic	_	none	_	_	_	_	_	_
55-2	BO075	55	55	2	@nomepaese.	@nomepaese	_	_	_	_	_	anonymized	_	none	Intonation=Falling	End=120.81	_	_	_	_
56-0	BO049	56	56	0	okay	okay	_	_	_	_	_	linguistic	_	none	_	Begin=120.996	_	_	_	_
56-1	BO049	56	56	1	vivi	vivi	_	_	_	_	_	linguistic	_	none	_	_	_	_	_	_
56-2	BO049	56	56	2	da	da	_	_	_	_	_	linguistic	_	none	_	_	_	_	_	_
56-3	BO049	56	56	3	solo	solo	_	_	_	_	_	linguistic	_	none	_	_	_	_	_	_
56-4	BO049	56	56	4	vivi	vivi	_	_	_	_	_	linguistic	_	none	_	_	_	_	_	_
56-5	BO049	56	56	5	con	con	_	_	_	_	_	linguistic	_	none	_	_	_	_	_	_
56-6	BO049	56	56	6	la	la	_	_	_	_	_	linguistic	_	none	_	_	_	_	_	_
56-7	BO049	56	56	7	tua	tua	_	_	_	_	_	linguistic	_	none	_	_	_	_	_	_
56-8	BO049	56	56	8	famigli[a:]?	famiglia	_	_	_	_	_	linguistic	_	none	Intonation=Rising	End=123.56	7x1	_	_	7-8(12)
57-0	BO075	57	57	0	[vivo]	vivo	_	_	_	_	_	linguistic	_	none	_	Begin=123.33	_	_	_	0-4(12)
57-1	BO075	57	57	1	con	con	_	_	_	_	_	linguistic	_	none	_	_	_	_	_	_
57-2	BO075	57	57	2	la	la	_	_	_	_	_	linguistic	_	none	_	_	_	_	_	_
57-3	BO075	57	57	3	mia	mia	_	_	_	_	_	linguistic	_	none	_	_	_	_	_	_
57-4	BO075	57	57	4	famiglia.	famiglia	_	_	_	_	_	linguistic	_	none	Intonation=Falling	End=124.586	_	_	_	_
58-0	BO049	58	58	0	in	in	_	_	_	_	_	linguistic	_	none	_	Begin=124.601	_	_	_	_
58-1	BO049	58	58	1	una	una	_	_	_	_	_	linguistic	_	none	_	_	_	_	_	_
58-2	BO049	58	58	2	casa,	casa	_	_	_	_	_	linguistic	_	none	Intonation=WeaklyRising	_	_	_	_	_
58-3	BO049	58	58	3	[o:::]?	o	_	_	_	_	_	linguistic	_	none	Intonation=Rising	End=126.32	0x3	_	_	0-1(13)
59-0	BO075	59	59	0	[in	in	_	_	_	_	_	linguistic	_	none	_	Begin=126.11	_	_	_	0-2(13)
59-1	BO075	59	59	1	u]na	una	_	_	_	_	_	linguistic	_	none	_	_	_	_	_	0-1(13)
59-2	BO075	59	59	2	casa.	casa	_	_	_	_	_	linguistic	_	none	Intonation=Falling	End=126.95	_	_	_	_
60-0	BO049	60	60	0	okay.	okay	_	_	_	_	_	linguistic	_	none	Intonation=Falling	Begin=127.05	_	_	_	_
60-1	BO049	60	60	1	{ride}	{ride}	_	_	_	_	_	nonverbalbehavior	_	none	_	End=128.139	_	_	_	_
61-0	BO075	61	61	0	{ride}	{ride}	_	_	_	_	_	nonverbalbehavior	_	none	_	Begin=128.0|End=129.886	_	_	_	_
62-0	BO049	62	62	0	mi	mi	_	_	_	_	_	linguistic	_	none	_	Begin=128.199	_	_	_	_
62-1	BO049	62	62	1	puoi	puoi	_	_	_	_	_	linguistic	_	none	_	_	_	_	_	_
62-2	BO049	62	62	2	parlare	parlare	_	_	_	_	_	linguistic	_	none	_	_	_	_	_	_
62-3	BO049	62	62	3	un	un	_	_	_	_	_	linguistic	_	none	_	_	_	_	_	_
62-4	BO049	62	62	4	po'	po'	_	_	_	_	_	linguistic	_	none	_	_	_	_	_	_
62-5	BO049	62	62	5	della	della	_	_	_	_	_	linguistic	_	none	_	_	_	_	_	_
62-6	BO049	62	62	6	tua	tua	_	_	_	_	_	linguistic	_	none	_	_	_	_	_	_
62-7	BO049	62	62	7	casa,	casa	_	_	_	_	_	linguistic	_	none	Intonation=WeaklyRising	_	_	_	_	_
62-8	BO049	62	62	8	della	della	_	_	_	_	_	linguistic	_	none	_	_	_	_	_	_
62-9	BO049	62	62	9	zona	zona	_	_	_	_	_	linguistic	_	none	_	_	_	_	_	_
62-10	BO049	62	62	10	in	in	_	_	_	_	_	linguistic	_	none	_	_	_	_	_	_
62-11	BO049	62	62	11	cui	cui	_	_	_	_	_	linguistic	_	none	_	_	_	_	_	_
62-12	BO049	62	62	12	vivi:,	vivi	_	_	_	_	_	linguistic	_	none	Intonation=WeaklyRising	End=131.44	3x1	_	_	_
63-0	BO075	63	63	0	a:h	ah	_	_	_	_	_	linguistic	_	none	_	Begin=131.51	0x1	_	_	_
63-1	BO075	63	63	1	okay	okay	_	_	_	_	_	linguistic	_	none	_	_	_	_	_	_
63-2	BO075	63	63	2	e::h	eh	_	_	_	_	_	linguistic	_	none	_	_	0x2	_	_	_
63-3	BO075	63	63	3	vivo	vivo	_	_	_	_	_	linguistic	_	none	_	_	_	_	_	_
63-4	BO075	63	63	4	a::::	a	_	_	_	_	_	linguistic	_	none	ProsodicLink=Yes	_	0x4	_	_	_
63-5	BO075	63	63	5	m:h	mh	_	_	_	_	_	linguistic	_	none	_	End=135.09	0x1	_	_	_
64-0	BO075	64	64	0	vivo	vivo	_	_	_	_	_	linguistic	_	none	_	Begin=135.22	_	_	_	_
64-1	BO075	64	64	1	a	a	_	_	_	_	_	linguistic	_	none	_	_	_	_	_	_
64-2	BO075	64	64	2	@nomepaese,	@nomepaese	_	_	_	_	_	anonymized	_	none	Intonation=WeaklyRising	_	_	_	_	_
64-3	BO075	64	64	3	eh	eh	_	_	_	_	_	linguistic	_	none	_	_	_	_	_	_
64-4	BO075	64	64	4	in	in	_	_	_	_	_	linguistic	_	none	_	_	_	_	_	_
64-5	BO075	64	64	5	una	una	_	_	_	_	_	linguistic	_	none	_	_	_	_	_	_
64-6	BO075	64	64	6	casa:	casa	_	_	_	_	_	linguistic	_	none	_	_	3x1	_	_	_
64-7	BO075	64	64	7	famigliare,	famigliare	_	_	_	_	_	linguistic	_	none	Intonation=WeaklyRising	End=138.26	_	_	_	_
65-0	BO075	65	65	0	ci	ci	_	_	_	_	_	linguistic	_	none	_	Begin=138.351	_	_	_	_
65-1	BO075	65	65	1	stiamo	stiamo	_	_	_	_	_	linguistic	_	none	_	_	_	_	_	_
65-2	BO075	65	65	2	e::::h	eh	_	_	_	_	_	linguistic	_	none	ProsodicLink=Yes	_	0x4	_	_	_
65-3	BO075	65	65	3	beh	beh	_	_	_	_	_	linguistic	_	none	_	_	_	_	_	_
65-4	BO075	65	65	4	oh	oh	_	_	_	_	_	linguistic	_	none	_	_	_	_	_	_
65-5	BO075	65	65	5	per	per	_	_	_	_	_	linguistic	_	none	_	_	_	_	_	_
65-6	BO075	65	65	6	ora	ora	_	_	_	_	_	linguistic	_	none	_	_	_	_	_	_
65-7	BO075	65	65	7	io	io	_	_	_	_	_	linguistic	_	none	_	_	_	_	_	_
65-8	BO075	65	65	8	mio	mio	_	_	_	_	_	linguistic	_	none	_	_	_	_	_	_
65-9	BO075	65	65	9	padre	padre	_	_	_	_	_	linguistic	_	none	_	_	_	_	_	_
65-10	BO075	65	65	10	e	e	_	_	_	_	_	linguistic	_	none	_	_	_	_	_	_
65-11	BO075	65	65	11	mia	mia	_	_	_	_	_	linguistic	_	none	_	_	_	_	_	_
65-12	BO075	65	65	12	madre	madre	_	_	_	_	_	linguistic	_	none	_	End=141.546	_	_	_	_
66-0	BO075	66	66	0	prima	prima	_	_	_	_	_	linguistic	_	none	_	Begin=141.79	_	_	_	_
66-1	BO075	66	66	1	vivevo	vivevo	_	_	_	_	_	linguistic	_	none	_	_	_	_	_	_
66-2	BO075	66	66	2	con	con	_	_	_	_	_	linguistic	_	none	_	_	_	_	_	_
66-3	BO075	66	66	3	gli	gli	_	_	_	_	_	linguistic	_	none	_	_	_	_	_	_
66-4	BO075	66	66	4	altri	altri	_	_	_	_	_	linguistic	_	none	_	_	_	_	_	_
66-5	BO075	66	66	5	mie	mie	_	_	_	_	_	linguistic	_	none	_	_	_	_	_	_
66-6	BO075	66	66	6	fratelli	fratelli	_	_	_	_	_	linguistic	_	none	_	_	_	_	_	_
66-7	BO075	66	66	7	ma	ma	_	_	_	_	_	linguistic	_	none	_	_	_	_	_	_
66-8	BO075	66	66	8	ora	ora	_	_	_	_	_	linguistic	_	none	_	_	_	_	_	_
66-9	BO075	66	66	9	si	si	_	_	_	_	_	linguistic	_	none	_	_	_	_	_	_
66-10	BO075	66	66	10	sono	sono	_	_	_	_	_	linguistic	_	none	_	_	_	_	_	_
66-11	BO075	66	66	11	tutti	tutti	_	_	_	_	_	linguistic	_	none	_	_	_	_	_	_
66-12	BO075	66	66	12	sposati	sposati	_	_	_	_	_	linguistic	_	none	_	_	_	_	_	_
66-13	BO075	66	66	13	e:	e	_	_	_	_	_	linguistic	_	none	ProsodicLink=Yes	_	0x1	_	_	_
66-14	BO075	66	66	14	mh	mh	_	_	_	_	_	linguistic	_	none	_	End=145.1	_	_	_	_
67-0	BO075	67	67	0	e::	e	_	_	_	_	_	linguistic	_	none	_	Begin=145.44	0x2	_	_	_
67-1	BO075	67	67	1	quant'	quant'	_	_	_	_	_	linguistic	_	none	SpaceAfter=No	_	_	_	_	_
67-2	BO075	67	67	2	altro	altro	_	_	_	_	_	linguistic	_	none	_	_	_	_	_	_
67-3	BO075	67	67	3	a	a	_	_	_	_	_	linguistic	_	none	_	_	_	_	_	_
67-4	BO075	67	67	4	parte	parte	_	_	_	_	_	linguistic	_	none	_	_	_	_	_	_
67-5	BO075	67	67	5	uno,	uno	_	_	_	_	_	linguistic	_	none	Intonation=WeaklyRising	End=147.51	_	_	_	_
68-0	BO049	68	68	0	okay	okay	_	_	_	_	_	linguistic	_	none	_	Begin=147.58|End=148.16	_	_	_	_
69-0	BO075	69	69	0	e::	e	_	_	_	_	_	linguistic	_	none	_	Begin=148.196	0x2	_	_	_
69-1	BO075	69	69	1	però	però	_	_	_	_	_	linguistic	_	none	_	_	_	_	_	_
69-2	BO075	69	69	2	di	di	_	_	_	_	_	linguistic	_	none	_	_	_	_	_	_
69-3	BO075	69	69	3	tra	tra	_	_	_	_	_	linguistic	_	none	_	_	_	_	_	_
69-4	BO075	69	69	4	i	i	_	_	_	_	_	linguistic	_	none	_	_	_	_	_	_
69-5	BO075	69	69	5	fratelli	fratelli	_	_	_	_	_	linguistic	_	none	_	_	_	_	_	_
69-6	BO075	69	69	6	son	son	_	_	_	_	_	linguistic	_	none	_	_	_	_	_	_
69-7	BO075	69	69	7	rimasto	rimasto	_	_	_	_	_	linguistic	_	none	_	_	_	_	_	_
69-8	BO075	69	69	8	solo	solo	_	_	_	_	_	linguistic	_	none	_	_	_	_	_	_
69-9	BO075	69	69	9	io,	io	_	_	_	_	_	linguistic	_	none	Intonation=WeaklyRising	End=150.69	_	_	_	_
70-0	BO075	70	70	0	e:::	e	_	_	_	_	_	linguistic	_	none	_	Begin=150.816	0x3	_	_	_
70-1	BO075	70	70	1	perché	perché	_	_	_	_	_	linguistic	_	none	_	_	_	_	_	_
70-2	BO075	70	70	2	sono	sono	_	_	_	_	_	linguistic	_	none	_	_	_	_	_	_
70-3	BO075	70	70	3	l'	l'	_	_	_	_	_	linguistic	_	none	SpaceAfter=No	_	_	_	_	_
70-4	BO075	70	70	4	ultimogenito,	ultimogenito	_	_	_	_	_	linguistic	_	none	Intonation=WeaklyRising	End=153.22	_	_	_	_
71-0	BO049	71	71	0	ma	ma	_	_	_	_	_	linguistic	_	none	_	Begin=153.246	_	_	_	_
71-1	BO049	71	71	1	quanti	quanti	_	_	_	_	_	linguistic	_	none	_	_	_	_	_	_
71-2	BO049	71	71	2	fratelli	fratelli	_	_	_	_	_	linguistic	_	none	_	_	_	_	_	_
71-3	BO049	71	71	3	sareste	sareste	_	_	_	_	_	linguistic	_	none	_	End=154.64	_	_	_	_
72-0	BO075	72	72	0	siamo	siamo	_	_	_	_	_	linguistic	_	none	_	Begin=154.656	_	_	_	_
72-1	BO075	72	72	1	in	in	_	_	_	_	_	linguistic	_	none	_	_	_	_	_	_
72-2	BO075	72	72	2	quattro	quattro	_	_	_	_	_	linguistic	_	none	_	_	_	_	_	_
72-3	BO075	72	72	3	frat[elli].	fratelli	_	_	_	_	_	linguistic	_	none	Intonation=Falling	End=156.03	_	_	_	4-8(14)
73-0	BO049	73	73	0	[in	in	_	_	_	_	_	linguistic	_	none	_	Begin=155.558	_	_	_	0-2(?)
73-1	BO049	73	73	1	quattro]	quattro	_	_	_	_	_	linguistic	_	none	PauseAfter=Yes	_	_	_	_	0-7(?)
73-2	BO049	73	73	2	{P}	{P}	_	_	_	_	_	shortpause	_	none	_	_	_	_	_	_
73-3	BO049	73	73	3	[ma	ma	_	_	_	_	_	linguistic	_	none	_	_	_	_	_	0-2(?)
73-4	BO049	73	73	4	io	io	_	_	_	_	_	linguistic	_	none	_	_	_	_	_	0-2(?)
73-5	BO049	73	73	5	ne	ne	_	_	_	_	_	linguistic	_	none	_	_	_	_	_	0-2(?)
73-6	BO049	73	73	6	ho	ho	_	_	_	_	_	linguistic	_	none	_	_	_	_	_	0-2(?)
73-7	BO049	73	73	7	vis]ti	visti	_	_	_	_	_	linguistic	_	none	_	_	_	_	_	0-3(?)
73-8	BO049	73	73	8	solo	solo	_	_	_	_	_	linguistic	_	none	_	_	_	_	_	_
73-9	BO049	73	73	9	due.	due	_	_	_	_	_	linguistic	_	none	Intonation=Falling	_	_	_	_	_
73-10	BO049	73	73	10	cioè	cioè	_	_	_	_	_	linguistic	_	none	_	_	_	_	_	_
73-11	BO049	73	73	11	te:	te	_	_	_	_	_	linguistic	_	none	ProsodicLink=Yes	_	1x1	_	_	_
73-12	BO049	73	73	12	e::	e	_	_	_	_	_	linguistic	_	none	_	_	0x2	_	_	_
73-13	BO049	73	73	13	[e	e	_	_	_	_	_	linguistic	_	none	_	_	_	_	_	0-1(?)
73-14	BO049	73	73	14	(denni)].	denni	_	_	_	_	_	linguistic	_	none	Intonation=Falling	End=156.33	_	_	0-5(0)	0-5(?)
74-0	BO075	74	74	0	[e:::h]	eh	_	_	_	_	_	linguistic	_	none	_	Begin=156.196|End=157.1	0x3	_	_	0-2(?)
75-0	BO049	75	75	0	[ma	ma	_	_	_	_	_	linguistic	_	none	_	Begin=156.436	_	_	_	0-2(16)
75-1	BO049	75	75	1	io	io	_	_	_	_	_	linguistic	_	none	_	_	_	_	_	0-2(16)
75-2	BO049	75	75	2	ne	ne	_	_	_	_	_	linguistic	_	none	_	_	_	_	_	0-2(16)
75-3	BO049	75	75	3	ho	ho	_	_	_	_	_	linguistic	_	none	_	_	_	_	_	0-2(16)
75-4	BO049	75	75	4	vis]ti	visti	_	_	_	_	_	linguistic	_	none	_	_	_	_	_	0-3(16)
75-5	BO049	75	75	5	solo	solo	_	_	_	_	_	linguistic	_	none	_	_	_	_	_	_
75-6	BO049	75	75	6	due.	due	_	_	_	_	_	linguistic	_	none	Intonation=Falling	_	_	_	_	_
75-7	BO049	75	75	7	cioè	cioè	_	_	_	_	_	linguistic	_	none	_	_	_	_	_	_
75-8	BO049	75	75	8	te:	te	_	_	_	_	_	linguistic	_	none	ProsodicLink=Yes	_	1x1	_	_	_
75-9	BO049	75	75	9	e::	e	_	_	_	_	_	linguistic	_	none	_	_	0x2	_	_	_
75-10	BO049	75	75	10	[e	e	_	_	_	_	_	linguistic	_	none	_	_	_	_	_	0-1(17)
75-11	BO049	75	75	11	tommi]	tommi	_	_	_	_	_	linguistic	_	none	_	End=159.295	_	_	_	0-5(17)
76-0	BO075	76	76	0	[e~	e~	_	_	_	_	_	linguistic	_	none	Interrupted=Yes	Begin=158.58	_	_	_	0-2(17)
76-1	BO075	76	76	1	eh]	eh	_	_	_	_	_	linguistic	_	none	_	_	_	_	_	0-2(17)
76-2	BO075	76	76	2	esatto.	esatto	_	_	_	_	_	linguistic	_	none	Intonation=Falling	End=159.97	_	_	_	_
77-0	BO075	77	77	0	e	e	_	_	_	_	_	linguistic	_	none	_	Begin=160.005	_	_	_	_
77-1	BO075	77	77	1	e	e	_	_	_	_	_	linguistic	_	none	_	_	_	_	_	_
77-2	BO075	77	77	2	[ci	ci	_	_	_	_	_	linguistic	_	none	_	_	_	_	_	0-2(18)
77-3	BO075	77	77	3	sono	sono	_	_	_	_	_	linguistic	_	none	_	_	_	_	_	0-4(18)
77-4	BO075	77	77	4	anche]	anche	_	_	_	_	_	linguistic	_	none	_	_	_	_	_	0-5(18)
77-5	BO075	77	77	5	luigi	luigi	_	_	_	_	_	linguistic	_	none	_	_	_	_	_	_
77-6	BO075	77	77	6	e	e	_	_	_	_	_	linguistic	_	none	_	_	_	_	_	_
77-7	BO075	77	77	7	marco.	marco	_	_	_	_	_	linguistic	_	none	Intonation=Falling	End=161.86	_	_	_	_
78-0	BO049	78	78	0	[e	e	_	_	_	_	_	linguistic	_	none	_	Begin=160.223	_	_	_	0-1(18)
78-1	BO049	78	78	1	gli	gli	_	_	_	_	_	linguistic	_	none	_	_	_	_	_	0-3(18)
78-2	BO049	78	78	2	altri	altri	_	_	_	_	_	linguistic	_	none	_	_	_	_	_	0-5(18)
78-3	BO049	78	78	3	due]?	due	_	_	_	_	_	linguistic	_	none	Intonation=Rising	End=161.28	_	_	_	0-3(18)
79-0	BO049	79	79	0	ah.	ah	_	_	_	_	_	linguistic	_	none	Intonation=Falling	Begin=161.861|End=162.25	_	_	_	_
80-0	BO075	80	80	0	che	che	_	_	_	_	_	linguistic	_	none	_	Begin=162.376	_	_	_	_
80-1	BO075	80	80	1	hanno	hanno	_	_	_	_	_	linguistic	_	none	_	_	_	_	_	_
80-2	BO075	80	80	2	tutti	tutti	_	_	_	_	_	linguistic	_	none	_	_	_	_	_	_
80-3	BO075	80	80	3	tra	tra	_	_	_	_	_	linguistic	_	none	_	_	_	_	_	_
80-4	BO075	80	80	4	i	i	_	_	_	_	_	linguistic	_	none	_	_	_	_	_	_
80-5	BO075	80	80	5	trentuno	trentuno	_	_	_	_	_	linguistic	_	none	_	_	_	_	_	_
80-6	BO075	80	80	6	e	e	_	_	_	_	_	linguistic	_	none	_	_	_	_	_	_
80-7	BO075	80	80	7	i	i	_	_	_	_	_	linguistic	_	none	_	_	_	_	_	_
80-8	BO075	80	80	8	trentaquattro	trentaquattro	_	_	_	_	_	linguistic	_	none	_	_	_	_	_	_
80-9	BO075	80	80	9	anni.	anni	_	_	_	_	_	linguistic	_	none	Intonation=Falling	End=166.3	_	_	_	_
81-0	BO049	81	81	0	e	e	_	_	_	_	_	linguistic	_	none	_	Begin=166.35	_	_	_	_
81-1	BO049	81	81	1	quindi	quindi	_	_	_	_	_	linguistic	_	none	_	_	_	_	_	_
81-2	BO049	81	81	2	vivon	vivon	_	_	_	_	_	linguistic	_	none	_	_	_	_	_	_
81-3	BO049	81	81	3	da	da	_	_	_	_	_	linguistic	_	none	_	_	_	_	_	_
81-4	BO049	81	81	4	soli.	soli	_	_	_	_	_	linguistic	_	none	Intonation=Falling|PauseAfter=Yes	_	_	_	_	_
81-5	BO049	81	81	5	{P}	{P}	_	_	_	_	_	shortpause	_	none	_	_	_	_	_	_
81-6	BO049	81	81	6	[e	e	_	_	_	_	_	linguistic	_	none	_	_	_	_	_	0-1(?)
81-7	BO049	81	81	7	ti	ti	_	_	_	_	_	linguistic	_	none	_	_	_	_	_	0-2(?)
81-8	BO049	81	81	8	hanno	hanno	_	_	_	_	_	linguistic	_	none	_	_	_	_	_	0-5(?)
81-9	BO049	81	81	9	abbandonato	abbandonato	_	_	_	_	_	linguistic	_	none	_	_	_	_	_	0-11(?)
81-10	BO049	81	81	10	co]i	coi	_	_	_	_	_	linguistic	_	none	_	_	_	_	_	0-2(?)
81-11	BO049	81	81	11	tuoi	tuoi	_	_	_	_	_	linguistic	_	none	_	_	_	_	_	_
81-12	BO049	81	81	12	{ride}	{ride}	_	_	_	_	_	nonverbalbehavior	_	none	_	End=170.25	_	_	_	_
82-0	BO075	82	82	0	[e	e	_	_	_	_	_	linguistic	_	none	_	Begin=167.461	_	_	_	0-1(19)
82-1	BO075	82	82	1	vivono	vivono	_	_	_	_	_	linguistic	_	none	_	_	_	_	_	0-6(19)
82-2	BO075	82	82	2	da	da	_	_	_	_	_	linguistic	_	none	_	_	_	_	_	0-2(19)
82-3	BO075	82	82	3	soli].	soli	_	_	_	_	_	linguistic	_	none	Intonation=Falling	End=168.84	_	_	_	0-4(19)
83-0	BO075	83	83	0	e	e	_	_	_	_	_	linguistic	_	none	_	Begin=169.191	_	_	_	_
83-1	BO075	83	83	1	mi	mi	_	_	_	_	_	linguistic	_	none	_	_	_	_	_	_
83-2	BO075	83	83	2	hanno	hanno	_	_	_	_	_	linguistic	_	none	_	_	_	_	_	_
83-3	BO075	83	83	3	abbandonato	abbandonato	_	_	_	_	_	linguistic	_	none	_	_	_	_	_	_
83-4	BO075	83	83	4	maledizione	maledizione	_	_	_	_	_	linguistic	_	none	PauseAfter=Yes	_	_	_	_	_
83-5	BO075	83	83	5	{P}	{P}	_	_	_	_	_	shortpause	_	none	_	_	_	_	_	_
83-6	BO075	83	83	6	e:	e	_	_	_	_	_	linguistic	_	none	_	_	0x1	_	_	_
83-7	BO075	83	83	7	{ride}	{ride}	_	_	_	_	_	nonverbalbehavior	_	none	_	End=171.985	_	_	_	_
84-0	BO075	84	84	0	e	e	_	_	_	_	_	linguistic	_	none	ProsodicLink=Yes	Begin=172.263	_	_	_	_
84-1	BO075	84	84	1	e:::h	eh	_	_	_	_	_	linguistic	_	none	ProsodicLink=Yes	_	0x3	_	_	_
84-2	BO075	84	84	2	m:h	mh	_	_	_	_	_	linguistic	_	none	_	End=174.07	0x1	_	_	_
85-0	BO075	85	85	0	e	e	_	_	_	_	_	linguistic	_	none	_	Begin=174.11	_	_	_	_
85-1	BO075	85	85	1	sì	sì	_	_	_	_	_	linguistic	_	none	_	_	_	_	_	_
85-2	BO075	85	85	2	e:h	eh	_	_	_	_	_	linguistic	_	none	ProsodicLink=Yes	_	0x1	_	_	_
85-3	BO075	85	85	3	m::h	mh	_	_	_	_	_	linguistic	_	none	_	_	0x2	_	_	_
85-4	BO075	85	85	4	da~	da~	_	_	_	_	_	linguistic	_	none	Interrupted=Yes	_	_	_	_	_
85-5	BO075	85	85	5	nella	nella	_	_	_	_	_	linguistic	_	none	_	_	_	_	_	_
85-6	BO075	85	85	6	zona	zona	_	_	_	_	_	linguistic	_	none	_	_	_	_	_	_
85-7	BO075	85	85	7	ospedaliera	ospedaliera	_	_	_	_	_	linguistic	_	none	_	_	_	_	_	_
85-8	BO075	85	85	8	di	di	_	_	_	_	_	linguistic	_	none	_	_	_	_	_	_
85-9	BO075	85	85	9	@nome[paese,	@nomepaese	_	_	_	_	_	anonymized	_	none	Intonation=WeaklyRising	_	_	_	_	5-10(21)
85-10	BO075	85	85	10	eh]	eh	_	_	_	_	_	linguistic	_	none	_	_	_	_	_	0-2(21)
85-11	BO075	85	85	11	zona	zona	_	_	_	_	_	linguistic	_	none	_	_	_	_	_	_
85-12	BO075	85	85	12	straordinaria,	straordinaria	_	_	_	_	_	linguistic	_	none	Intonation=WeaklyRising	End=178.8	_	_	_	_
86-0	BO049	86	86	0	[ah]	ah	_	_	_	_	_	linguistic	_	none	_	Begin=177.355|End=177.99	_	_	_	0-2(21)
87-0	BO075	87	87	0	e::	e	_	_	_	_	_	linguistic	_	none	_	Begin=178.93	0x2	_	_	_
87-1	BO075	87	87	1	davanti	davanti	_	_	_	_	_	linguistic	_	none	_	_	_	_	_	_
87-2	BO075	87	87	2	alla	alla	_	_	_	_	_	linguistic	_	none	_	_	_	_	_	_
87-3	BO075	87	87	3	camera	camera	_	_	_	_	_	linguistic	_	none	_	_	_	_	_	_
87-4	BO075	87	87	4	mortuaria,	mortuaria	_	_	_	_	_	linguistic	_	none	Intonation=WeaklyRising	_	_	_	_	_
87-5	BO075	87	87	5	e	e	_	_	_	_	_	linguistic	_	none	_	End=181.28	_	_	_	_
88-0	BO049	88	88	0	{ride}	{ride}	_	_	_	_	_	nonverbalbehavior	_	none	_	Begin=180.45|End=181.42	_	_	_	_
89-0	BO075	89	89	0	e	e	_	_	_	_	_	linguistic	_	none	_	Begin=181.378	_	_	_	_
89-1	BO075	89	89	1	è:	è	_	_	_	_	_	linguistic	_	none	_	_	0x1	_	_	_
89-2	BO075	89	89	2	pro[prio	proprio	_	_	_	_	_	linguistic	_	none	_	_	_	_	_	3-7(22)
89-3	BO075	89	89	3	di	di	_	_	_	_	_	linguistic	_	none	_	_	_	_	_	0-2(22)
89-4	BO075	89	89	4	fron]te,	fronte	_	_	_	_	_	linguistic	_	none	Intonation=WeaklyRising	_	_	_	_	0-4(22)
89-5	BO075	89	89	5	io	io	_	_	_	_	_	linguistic	_	none	_	_	_	_	_	_
89-6	BO075	89	89	6	non	non	_	_	_	_	_	linguistic	_	none	_	_	_	_	_	_
89-7	BO075	89	89	7	so	so	_	_	_	_	_	linguistic	_	none	_	_	_	_	_	_
89-8	BO075	89	89	8	s:~	s~	_	_	_	_	_	linguistic	_	none	Interrupted=Yes	_	0x1	_	_	_
89-9	BO075	89	89	9	tra	tra	_	_	_	_	_	linguistic	_	none	_	_	_	_	_	_
89-10	BO075	89	89	10	l'	l'	_	_	_	_	_	linguistic	_	none	SpaceAfter=No	_	_	_	_	_
89-11	BO075	89	89	11	altro	altro	_	_	_	_	_	linguistic	_	none	_	_	_	_	_	_
89-12	BO075	89	89	12	(s~)	s~	_	_	_	_	_	linguistic	_	none	Interrupted=Yes	_	_	_	0-2(0)	_
89-13	BO075	89	89	13	>mi	mi	_	_	_	_	_	linguistic	_	none	_	_	_	Fast=0-2(0)	_	_
89-14	BO075	89	89	14	sono	sono	_	_	_	_	_	linguistic	_	none	_	_	_	Fast=0-4(0)	_	_
89-15	BO075	89	89	15	sempre	sempre	_	_	_	_	_	linguistic	_	none	_	_	_	Fast=0-6(0)	_	_
89-16	BO075	89	89	16	chiesto	chiesto	_	_	_	_	_	linguistic	_	none	_	_	_	Fast=0-7(0)	_	_
89-17	BO075	89	89	17	se	se	_	_	_	_	_	linguistic	_	none	_	_	_	Fast=0-2(0)	_	_
89-18	BO075	89	89	18	mi	mi	_	_	_	_	_	linguistic	_	none	_	_	_	Fast=0-2(0)	_	_
89-19	BO075	89	89	19	ha	ha	_	_	_	_	_	linguistic	_	none	_	_	_	Fast=0-2(0)	_	_
89-20	BO075	89	89	20	influenzato	influenzato	_	_	_	_	_	linguistic	_	none	_	_	_	Fast=0-11(0)	_	_
89-21	BO075	89	89	21	in	in	_	_	_	_	_	linguistic	_	none	_	_	_	Fast=0-2(0)	_	_
89-22	BO075	89	89	22	qualche	qualche	_	_	_	_	_	linguistic	_	none	_	_	_	Fast=0-7(0)	_	_
89-23	BO075	89	89	23	modo	modo	_	_	_	_	_	linguistic	_	none	_	_	_	Fast=0-4(0)	_	_
89-24	BO075	89	89	24	cioè	cioè	_	_	_	_	_	linguistic	_	none	_	_	_	Fast=0-4(0)	_	_
89-25	BO075	89	89	25	stilisticamente	stilisticamente	_	_	_	_	_	linguistic	_	none	_	_	_	Fast=0-15(0)	_	_
89-26	BO075	89	89	26	per	per	_	_	_	_	_	linguistic	_	none	_	_	_	Fast=0-3(0)	_	_
89-27	BO075	89	89	27	quanto	quanto	_	_	_	_	_	linguistic	_	none	_	_	_	Fast=0-6(0)	_	_
89-28	BO075	89	89	28	riguarda	riguarda	_	_	_	_	_	linguistic	_	none	_	_	_	Fast=0-8(0)	_	_
89-29	BO075	89	89	29	il	il	_	_	_	_	_	linguistic	_	none	_	_	_	Fast=0-2(0)	_	_
89-30	BO075	89	89	30	disegno<	disegno	_	_	_	_	_	linguistic	_	none	_	_	_	Fast=0-7(0)	_	_
89-31	BO075	89	89	31	ma,	ma	_	_	_	_	_	linguistic	_	none	Intonation=WeaklyRising	End=188.59	_	_	_	_
90-0	BO049	90	90	0	[che	che	_	_	_	_	_	linguistic	_	none	_	Begin=181.508	_	_	_	0-3(22)
90-1	BO049	90	90	1	felicità]	felicità	_	_	_	_	_	linguistic	_	none	_	_	_	_	_	0-8(22)
90-2	BO049	90	90	2	{ride}	{ride}	_	_	_	_	_	nonverbalbehavior	_	none	_	End=183.29	_	_	_	_
91-0	BO049	91	91	0	{ride}	{ride}	_	_	_	_	_	nonverbalbehavior	_	none	_	Begin=187.55|End=188.61	_	_	_	_
92-0	BO075	92	92	0	non	non	_	_	_	_	_	linguistic	_	none	_	Begin=188.738	_	_	_	_
92-1	BO075	92	92	1	cre:do	credo	_	_	_	_	_	linguistic	_	none	_	_	2x1	_	_	_
92-2	BO075	92	92	2	a	a	_	_	_	_	_	linguistic	_	none	_	_	_	_	_	_
92-3	BO075	92	92	3	par[te:,	parte	_	_	_	_	_	linguistic	_	none	Intonation=WeaklyRising	_	4x1	_	_	3-5(23)
92-4	BO075	92	92	4	le	le	_	_	_	_	_	linguistic	_	none	_	_	_	_	_	0-2(23)
92-5	BO075	92	92	5	ba]nde:	bande	_	_	_	_	_	linguistic	_	none	_	_	4x1	_	_	0-2(23)
92-6	BO075	92	92	6	le	le	_	_	_	_	_	linguistic	_	none	_	End=191.63	_	_	_	_
93-0	BO049	93	93	0	[okay]	okay	_	_	_	_	_	linguistic	_	none	_	Begin=189.62|End=190.48	_	_	_	0-4(23)
94-0	BO075	94	94	0	sì	sì	_	_	_	_	_	linguistic	_	none	_	Begin=192.03	_	_	_	_
94-1	BO075	94	94	1	e:h	eh	_	_	_	_	_	linguistic	_	none	ProsodicLink=Yes	_	0x1	_	_	_
94-2	BO075	94	94	2	mh	mh	_	_	_	_	_	linguistic	_	none	_	End=193.26	_	_	_	_
95-0	BO075	95	95	0	e	e	_	_	_	_	_	linguistic	_	none	_	Begin=193.45	_	_	_	_
95-1	BO075	95	95	1	niente	niente	_	_	_	_	_	linguistic	_	none	_	_	_	_	_	_
95-2	BO075	95	95	2	xxx	xxx	_	_	_	_	_	unknown	_	none	Syllables=3	_	_	_	_	_
95-3	BO075	95	95	3	un	un	_	_	_	_	_	linguistic	_	none	_	_	_	_	_	_
95-4	BO075	95	95	4	quartiere:,	quartiere	_	_	_	_	_	linguistic	_	none	Intonation=WeaklyRising	End=195.27	8x1	_	_	_
96-0	BO075	96	96	0	e:h	eh	_	_	_	_	_	linguistic	_	none	ProsodicLink=Yes	Begin=195.353	0x1	_	_	_
96-1	BO075	96	96	1	mh	mh	_	_	_	_	_	linguistic	_	none	_	_	_	_	_	_
96-2	BO075	96	96	2	m::::h	mh	_	_	_	_	_	linguistic	_	none	_	End=197.436	0x4	_	_	_
97-0	BO075	97	97	0	mh	mh	_	_	_	_	_	linguistic	_	none	_	Begin=197.62	_	_	_	_
97-1	BO075	97	97	1	neutro	neutro	_	_	_	_	_	linguistic	_	none	_	_	_	_	_	_
97-2	BO075	97	97	2	cioè	cioè	_	_	_	_	_	linguistic	_	none	PauseAfter=Yes	_	_	_	_	_
97-3	BO075	97	97	3	{P}	{P}	_	_	_	_	_	shortpause	_	none	_	_	_	_	_	_
97-4	BO075	97	97	4	c'	c'	_	_	_	_	_	linguistic	_	none	SpaceAfter=No	_	_	_	_	_
97-5	BO075	97	97	5	è	è	_	_	_	_	_	linguistic	_	none	_	_	_	_	_	_
97-6	BO075	97	97	6	un	un	_	_	_	_	_	linguistic	_	none	_	_	_	_	_	_
97-7	BO075	97	97	7	grande	grande	_	_	_	_	_	linguistic	_	none	_	_	_	_	_	_
97-8	BO075	97	97	8	parcheggio::	parcheggio	_	_	_	_	_	linguistic	_	none	_	End=201.24	9x2	_	_	_
98-0	BO075	98	98	0	dell'	dell'	_	_	_	_	_	linguistic	_	none	SpaceAfter=No	Begin=201.378	_	_	_	_
98-1	BO075	98	98	1	ospedale	ospedale	_	_	_	_	_	linguistic	_	none	_	_	_	_	_	_
98-2	BO075	98	98	2	che	che	_	_	_	_	_	linguistic	_	none	_	End=202.691	_	_	_	_
99-0	BO075	99	99	0	e::h	eh	_	_	_	_	_	linguistic	_	none	_	Begin=202.82	0x2	_	_	_
99-1	BO075	99	99	1	frequentano:::	frequentano	_	_	_	_	_	linguistic	_	none	_	_	10x3	_	_	_
99-2	BO075	99	99	2	gl~	gl~	_	_	_	_	_	linguistic	_	none	Interrupted=Yes	_	_	_	_	_
99-3	BO075	99	99	3	fanno	fanno	_	_	_	_	_	linguistic	_	none	_	_	_	_	_	_
99-4	BO075	99	99	4	scambi	scambi	_	_	_	_	_	linguistic	_	none	_	_	_	_	_	_
99-5	BO075	99	99	5	di	di	_	_	_	_	_	linguistic	_	none	_	_	_	_	_	_
99-6	BO075	99	99	6	coppia	coppia	_	_	_	_	_	linguistic	_	none	PauseAfter=Yes	_	_	_	_	_
99-7	BO075	99	99	7	{P}	{P}	_	_	_	_	_	shortpause	_	none	_	_	_	_	_	_
99-8	BO075	99	99	8	eh	eh	_	_	_	_	_	linguistic	_	none	_	_	_	_	_	_
99-9	BO075	99	99	9	(negl~	negl~	_	_	_	_	_	linguistic	_	none	Interrupted=Yes	_	_	_	0-5(0)	_
99-10	BO075	99	99	10	negl~)	negl~	_	_	_	_	_	linguistic	_	none	Interrupted=Yes	End=207.315	_	_	0-5(0)	_
100-0	BO049	100	100	0	davvero?	davvero	_	_	_	_	_	linguistic	_	none	Intonation=Rising	Begin=207.315	_	_	_	_
100-1	BO049	100	100	1	{ride}	{ride}	_	_	_	_	_	nonverbalbehavior	_	none	_	End=208.72	_	_	_	_
101-0	BO075	101	101	0	sì	sì	_	_	_	_	_	linguistic	_	none	_	Begin=207.835	_	_	_	_
101-1	BO075	101	101	1	da	da	_	_	_	_	_	linguistic	_	none	_	_	_	_	_	_
101-2	BO075	101	101	2	qualche	qualche	_	_	_	_	_	linguistic	_	none	_	_	_	_	_	_
101-3	BO075	101	101	3	anno.	anno	_	_	_	_	_	linguistic	_	none	Intonation=Falling	_	_	_	_	_
101-4	BO075	101	101	4	che	che	_	_	_	_	_	linguistic	_	none	_	_	_	_	_	_
101-5	BO075	101	101	5	ah~	ah~	_	_	_	_	_	linguistic	_	none	Interrupted=Yes	_	_	_	_	_
101-6	BO075	101	101	6	da:~	da~	_	_	_	_	_	linguistic	_	none	Interrupted=Yes|ProsodicLink=Yes	_	1x1	_	_	_
101-7	BO075	101	101	7	u~	u~	_	_	_	_	_	linguistic	_	none	Interrupted=Yes	_	_	_	_	_
101-8	BO075	101	101	8	nell'	nell'	_	_	_	_	_	linguistic	_	none	SpaceAfter=No	_	_	_	_	_
101-9	BO075	101	101	9	ultimo	ultimo	_	_	_	_	_	linguistic	_	none	_	_	_	_	_	_
101-10	BO075	101	101	10	anno	anno	_	_	_	_	_	linguistic	_	none	_	_	_	_	_	_
101-11	BO075	101	101	11	non	non	_	_	_	_	_	linguistic	_	none	_	_	_	_	_	_
101-12	BO075	101	101	12	se	se	_	_	_	_	_	linguistic	_	none	_	_	_	_	_	_
101-13	BO075	101	101	13	ne	ne	_	_	_	_	_	linguistic	_	none	_	_	_	_	_	_
101-14	BO075	101	101	14	son	son	_	_	_	_	_	linguistic	_	none	_	_	_	_	_	_
101-15	BO075	101	101	15	visti	visti	_	_	_	_	_	linguistic	_	none	_	_	_	_	_	_
101-16	BO075	101	101	16	molti	molti	_	_	_	_	_	linguistic	_	none	_	_	_	_	_	_
101-17	BO075	101	101	17	però,	però	_	_	_	_	_	linguistic	_	none	Intonation=WeaklyRising	End=211.71	_	_	_	_
102-0	BO075	102	102	0	scambi	scambi	_	_	_	_	_	linguistic	_	none	_	Begin=212.056	_	_	_	_
102-1	BO075	102	102	1	di	di	_	_	_	_	_	linguistic	_	none	_	_	_	_	_	_
102-2	BO075	102	102	2	co~	co~	_	_	_	_	_	linguistic	_	none	Interrupted=Yes	_	_	_	_	_
102-3	BO075	102	102	3	molto	molto	_	_	_	_	_	linguistic	_	none	_	_	_	_	_	_
102-4	BO075	102	102	4	divertenti	divertenti	_	_	_	_	_	linguistic	_	none	_	_	_	_	_	_
102-5	BO075	102	102	5	[tra	tra	_	_	_	_	_	linguistic	_	none	_	_	_	_	_	0-3(25)
102-6	BO075	102	102	6	l'	l'	_	_	_	_	_	linguistic	_	none	SpaceAfter=No	_	_	_	_	0-2(25)
102-7	BO075	102	102	7	altro	altro	_	_	_	_	_	linguistic	_	none	_	_	_	_	_	0-5(25)
102-8	BO075	102	102	8	cioè]	cioè	_	_	_	_	_	linguistic	_	none	_	_	_	_	_	0-4(25)
102-9	BO075	102	102	9	m:h	mh	_	_	_	_	_	linguistic	_	none	_	_	0x1	_	_	_
102-10	BO075	102	102	10	mh	mh	_	_	_	_	_	linguistic	_	none	ProsodicLink=Yes	_	_	_	_	_
102-11	BO075	102	102	11	eh.	eh	_	_	_	_	_	linguistic	_	none	Intonation=Falling	End=215.248	_	_	_	_
103-0	BO049	103	103	0	[(in)credibile]	incredibile	_	_	_	_	_	linguistic	_	none	_	Begin=213.37	_	_	0-2(0)	0-11(25)
103-1	BO049	103	103	1	{ride}	{ride}	_	_	_	_	_	nonverbalbehavior	_	none	_	End=214.661	_	_	_	_
104-0	BO049	104	104	0	bello	bello	_	_	_	_	_	linguistic	_	none	_	Begin=215.32	_	_	_	_
104-1	BO049	104	104	1	[bello	bello	_	_	_	_	_	linguistic	_	none	_	_	_	_	_	0-5(26)
104-2	BO049	104	104	2	bel]	bel	_	_	_	_	_	linguistic	_	none	_	_	_	_	_	0-3(26)
104-3	BO049	104	104	3	quartiere.	quartiere	_	_	_	_	_	linguistic	_	none	Intonation=Falling	_	_	_	_	_
104-4	BO049	104	104	4	ben[e]	bene	_	_	_	_	_	linguistic	_	none	_	_	_	_	_	3-4(27)
104-5	BO049	104	104	5	{ride}	{ride}	_	_	_	_	_	nonverbalbehavior	_	none	_	End=219.01	_	_	_	_
105-0	BO075	105	105	0	[mh.	mh	_	_	_	_	_	linguistic	_	none	Intonation=Falling	Begin=215.8	_	_	_	0-2(26)
105-1	BO075	105	105	1	xxxx]	xxxx	_	_	_	_	_	unknown	_	none	Syllables=4	End=217.08	_	_	_	0-4(26)
106-0	BO075	106	106	0	[grazie]	grazie	_	_	_	_	_	linguistic	_	none	_	Begin=217.5	_	_	_	0-6(27)
106-1	BO075	106	106	1	{ride}	{ride}	_	_	_	_	_	nonverbalbehavior	_	none	_	End=219.0	_	_	_	_
107-0	BO049	107	107	0	e:	e	_	_	_	_	_	linguistic	_	none	_	Begin=219.37	0x1	_	_	_
107-1	BO049	107	107	1	quindi	quindi	_	_	_	_	_	linguistic	_	none	_	_	_	_	_	_
107-2	BO049	107	107	2	tu	tu	_	_	_	_	_	linguistic	_	none	_	_	_	_	_	_
107-3	BO049	107	107	3	dormirai	dormirai	_	_	_	_	_	linguistic	_	none	_	_	_	_	_	_
107-4	BO049	107	107	4	in	in	_	_	_	_	_	linguistic	_	none	_	_	_	_	_	_
107-5	BO049	107	107	5	camera	camera	_	_	_	_	_	linguistic	_	none	_	_	_	_	_	_
107-6	BO049	107	107	6	da	da	_	_	_	_	_	linguistic	_	none	_	_	_	_	_	_
107-7	BO049	107	107	7	solo	solo	_	_	_	_	_	linguistic	_	none	_	_	_	_	_	_
107-8	BO049	107	107	8	non	non	_	_	_	_	_	linguistic	_	none	_	_	_	_	_	_
107-9	BO049	107	107	9	condividi	condividi	_	_	_	_	_	linguistic	_	none	_	_	_	_	_	_
107-10	BO049	107	107	10	la	la	_	_	_	_	_	linguistic	_	none	_	_	_	_	_	_
107-11	BO049	107	107	11	camera	camera	_	_	_	_	_	linguistic	_	none	_	_	_	_	_	_
107-12	BO049	107	107	12	con	con	_	_	_	_	_	linguistic	_	none	_	_	_	_	_	_
107-13	BO049	107	107	13	nessuno	nessuno	_	_	_	_	_	linguistic	_	none	_	_	_	_	_	_
107-14	BO049	107	107	14	a	a	_	_	_	_	_	linguistic	_	none	_	_	_	_	_	_
107-15	BO049	107	107	15	questo	questo	_	_	_	_	_	linguistic	_	none	_	_	_	_	_	_
107-16	BO049	107	107	16	pun[to]	punto	_	_	_	_	_	linguistic	_	none	_	End=223.32	_	_	_	3-5(28)
108-0	BO075	108	108	0	[no]	no	_	_	_	_	_	linguistic	_	none	_	Begin=222.97	_	_	_	0-2(28)
108-1	BO075	108	108	1	no	no	_	_	_	_	_	linguistic	_	none	_	_	_	_	_	_
108-2	BO075	108	108	2	f~	f~	_	_	_	_	_	linguistic	_	none	Interrupted=Yes	_	_	_	_	_
108-3	BO075	108	108	3	no	no	_	_	_	_	_	linguistic	_	none	PauseAfter=Yes	_	_	_	_	_
108-4	BO075	108	108	4	{P}	{P}	_	_	_	_	_	shortpause	_	none	_	_	_	_	_	_
108-5	BO075	108	108	5	cioè	cioè	_	_	_	_	_	linguistic	_	none	_	_	_	_	_	_
108-6	BO075	108	108	6	almeno	almeno	_	_	_	_	_	linguistic	_	none	_	_	_	_	_	_
108-7	BO075	108	108	7	quell[o	quello	_	_	_	_	_	linguistic	_	none	_	_	_	_	_	5-6(29)
108-8	BO075	108	108	8	caspita	caspita	_	_	_	_	_	linguistic	_	none	_	_	_	_	_	0-7(29)
108-9	BO075	108	108	9	mh	mh	_	_	_	_	_	linguistic	_	none	ProsodicLink=Yes	_	_	_	_	0-2(29)
108-10	BO075	108	108	10	e:h]	eh	_	_	_	_	_	linguistic	_	none	_	End=226.416	0x1	_	_	0-2(29)
109-0	BO049	109	109	0	[ma	ma	_	_	_	_	_	linguistic	_	none	_	Begin=224.728	_	_	_	0-2(29)
109-1	BO049	109	109	1	l'	l'	_	_	_	_	_	linguistic	_	none	SpaceAfter=No	_	_	_	_	0-2(29)
109-2	BO049	109	109	2	hai	hai	_	_	_	_	_	linguistic	_	none	_	_	_	_	_	0-3(29)
109-3	BO049	109	109	3	mai	mai	_	_	_	_	_	linguistic	_	none	_	_	_	_	_	0-3(29)
109-4	BO049	109	109	4	condivi]sa	condivisa	_	_	_	_	_	linguistic	_	none	_	_	_	_	_	0-7(29)
109-5	BO049	109	109	5	oppure::,	oppure	_	_	_	_	_	linguistic	_	none	Intonation=WeaklyRising	_	5x2	_	_	_
109-6	BO049	109	109	6	avete	avete	_	_	_	_	_	linguistic	_	none	_	_	_	_	_	_
109-7	BO049	109	109	7	sempre	sempre	_	_	_	_	_	linguistic	_	none	_	_	_	_	_	_
109-8	BO049	109	109	8	avuto	avuto	_	_	_	_	_	linguistic	_	none	_	_	_	_	_	_
109-9	BO049	109	109	9	ognuno	ognuno	_	_	_	_	_	linguistic	_	none	_	_	_	_	_	_
109-10	BO049	109	109	10	la	la	_	_	_	_	_	linguistic	_	none	_	_	_	_	_	_
109-11	BO049	109	109	11	propria	propria	_	_	_	_	_	linguistic	_	none	_	_	_	_	_	_
109-12	BO049	109	109	12	stanza	stanza	_	_	_	_	_	linguistic	_	none	_	End=228.9	_	_	_	_
110-0	BO075	110	110	0	beh	beh	_	_	_	_	_	linguistic	_	none	_	Begin=228.97	_	_	_	_
110-1	BO075	110	110	1	sì	sì	_	_	_	_	_	linguistic	_	none	_	_	_	_	_	_
110-2	BO075	110	110	2	l'	l'	_	_	_	_	_	linguistic	_	none	SpaceAfter=No	_	_	_	_	_
110-3	BO075	110	110	3	ho	ho	_	_	_	_	_	linguistic	_	none	_	_	_	_	_	_
110-4	BO075	110	110	4	condivisa	condivisa	_	_	_	_	_	linguistic	_	none	_	_	_	_	_	_
110-5	BO075	110	110	5	con	con	_	_	_	_	_	linguistic	_	none	_	_	_	_	_	_
110-6	BO075	110	110	6	due	due	_	_	_	_	_	linguistic	_	none	_	_	_	_	_	_
110-7	BO075	110	110	7	dei	dei	_	_	_	_	_	linguistic	_	none	_	_	_	_	_	_
110-8	BO075	110	110	8	miei	miei	_	_	_	_	_	linguistic	_	none	_	_	_	_	_	_
110-9	BO075	110	110	9	fratelli	fratelli	_	_	_	_	_	linguistic	_	none	_	_	_	_	_	_
110-10	BO075	110	110	10	quand'	quand'	_	_	_	_	_	linguistic	_	none	SpaceAfter=No	_	_	_	_	_
110-11	BO075	110	110	11	ero	ero	_	_	_	_	_	linguistic	_	none	PauseAfter=Yes	_	_	_	_	_
110-12	BO075	110	110	12	{P}	{P}	_	_	_	_	_	shortpause	_	none	_	_	_	_	_	_
110-13	BO075	110	110	13	ero	ero	_	_	_	_	_	linguistic	_	none	_	_	_	_	_	_
110-14	BO075	110	110	14	più	più	_	_	_	_	_	linguistic	_	none	_	_	_	_	_	_
110-15	BO075	110	110	15	pic~	pic~	_	_	_	_	_	linguistic	_	none	Interrupted=Yes	_	_	_	_	_
110-16	BO075	110	110	16	più	più	_	_	_	_	_	linguistic	_	none	_	_	_	_	_	_
110-17	BO075	110	110	17	piccolo	piccolo	_	_	_	_	_	linguistic	_	none	_	End=232.84	_	_	_	_
111-0	BO075	111	111	0	e::	e	_	_	_	_	_	linguistic	_	none	_	Begin=233.0	0x2	_	_	_
111-1	BO075	111	111	1	eravamo	eravamo	_	_	_	_	_	linguistic	_	none	_	_	_	_	_	_
111-2	BO075	111	111	2	in	in	_	_	_	_	_	linguistic	_	none	_	_	_	_	_	_
111-3	BO075	111	111	3	>tre	tre	_	_	_	_	_	linguistic	_	none	_	_	_	Fast=0-3(0)	_	_
111-4	BO075	111	111	4	perché	perché	_	_	_	_	_	linguistic	_	none	_	_	_	Fast=0-6(0)	_	_
111-5	BO075	111	111	5	la	la	_	_	_	_	_	linguistic	_	none	_	_	_	Fast=0-2(0)	_	_
111-6	BO075	111	111	6	casa	casa	_	_	_	_	_	linguistic	_	none	_	_	_	Fast=0-4(0)	_	_
111-7	BO075	111	111	7	non	non	_	_	_	_	_	linguistic	_	none	_	_	_	Fast=0-3(0)	_	_
111-8	BO075	111	111	8	è	è	_	_	_	_	_	linguistic	_	none	_	_	_	Fast=0-1(0)	_	_
111-9	BO075	111	111	9	molto	molto	_	_	_	_	_	linguistic	_	none	_	_	_	Fast=0-5(0)	_	_
111-10	BO075	111	111	10	piccola.	piccola	_	_	_	_	_	linguistic	_	none	Intonation=Falling	_	_	Fast=0-7(0)	_	_
111-11	BO075	111	111	11	cioè	cioè	_	_	_	_	_	linguistic	_	none	_	_	_	Fast=0-4(0)	_	_
111-12	BO075	111	111	12	l'	l'	_	_	_	_	_	linguistic	_	none	SpaceAfter=No	_	_	Fast=0-2(0)	_	_
111-13	BO075	111	111	13	appartamento	appartamento	_	_	_	_	_	linguistic	_	none	_	_	_	Fast=0-12(0)	_	_
111-14	BO075	111	111	14	è	è	_	_	_	_	_	linguistic	_	none	_	_	_	Fast=0-1(0)	_	_
111-15	BO075	111	111	15	pic~<	pic~	_	_	_	_	_	linguistic	_	none	Interrupted=Yes	_	_	Fast=0-4(0)	_	_
111-16	BO075	111	111	16	è	è	_	_	_	_	_	linguistic	_	none	_	_	_	_	_	_
111-17	BO075	111	111	17	piccolino,	piccolino	_	_	_	_	_	linguistic	_	none	Intonation=WeaklyRising	End=237.3	_	_	_	_
112-0	BO075	112	112	0	e::h	eh	_	_	_	_	_	linguistic	_	none	ProsodicLink=Yes	Begin=237.38	0x2	_	_	_
112-1	BO075	112	112	1	m::h	mh	_	_	_	_	_	linguistic	_	none	_	_	0x2	_	_	_
112-2	BO075	112	112	2	infatti,	infatti	_	_	_	_	_	linguistic	_	none	Intonation=WeaklyRising	_	_	_	_	_
112-3	BO075	112	112	3	non	non	_	_	_	_	_	linguistic	_	none	_	_	_	_	_	_
112-4	BO075	112	112	4	cioè	cioè	_	_	_	_	_	linguistic	_	none	_	_	_	_	_	_
112-5	BO075	112	112	5	non	non	_	_	_	_	_	linguistic	_	none	_	_	_	_	_	_
112-6	BO075	112	112	6	non	non	_	_	_	_	_	linguistic	_	none	_	_	_	_	_	_
112-7	BO075	112	112	7	mi	mi	_	_	_	_	_	linguistic	_	none	_	_	_	_	_	_
112-8	BO075	112	112	8	ricordo	ricordo	_	_	_	_	_	linguistic	_	none	_	_	_	_	_	_
112-9	BO075	112	112	9	assolutamente	assolutamente	_	_	_	_	_	linguistic	_	none	_	_	_	_	_	_
112-10	BO075	112	112	10	come::	come	_	_	_	_	_	linguistic	_	none	_	End=241.25	3x2	_	_	_
113-0	BO075	113	113	0	come	come	_	_	_	_	_	linguistic	_	none	_	Begin=241.483	_	_	_	_
113-1	BO075	113	113	1	s~	s~	_	_	_	_	_	linguistic	_	none	Interrupted=Yes	_	_	_	_	_
113-2	BO075	113	113	2	come	come	_	_	_	_	_	linguistic	_	none	_	_	_	_	_	_
113-3	BO075	113	113	3	si	si	_	_	_	_	_	linguistic	_	none	_	_	_	_	_	_
113-4	BO075	113	113	4	viveva:	viveva	_	_	_	_	_	linguistic	_	none	_	_	5x1	_	_	_
113-5	BO075	113	113	5	quando	quando	_	_	_	_	_	linguistic	_	none	_	_	_	_	_	_
113-6	BO075	113	113	6	stavamo	stavamo	_	_	_	_	_	linguistic	_	none	_	_	_	_	_	_
113-7	BO075	113	113	7	in	in	_	_	_	_	_	linguistic	_	none	_	_	_	_	_	_
113-8	BO075	113	113	8	sei	sei	_	_	_	_	_	linguistic	_	none	ProsodicLink=Yes	_	_	_	_	_
113-9	BO075	113	113	9	eh	eh	_	_	_	_	_	linguistic	_	none	_	End=244.525	_	_	_	_
114-0	BO049	114	114	0	{ride}	{ride}	_	_	_	_	_	nonverbalbehavior	_	none	_	Begin=244.53|End=245.25	_	_	_	_
115-0	BO075	115	115	0	eh	eh	_	_	_	_	_	linguistic	_	none	_	Begin=244.62	_	_	_	_
115-1	BO075	115	115	1	cioè	cioè	_	_	_	_	_	linguistic	_	none	_	_	_	_	_	_
115-2	BO075	115	115	2	pensarci	pensarci	_	_	_	_	_	linguistic	_	none	_	_	_	_	_	_
115-3	BO075	115	115	3	adesso	adesso	_	_	_	_	_	linguistic	_	none	_	_	_	_	_	_
115-4	BO075	115	115	4	è	è	_	_	_	_	_	linguistic	_	none	_	_	_	_	_	_
115-5	BO075	115	115	5	un:	un	_	_	_	_	_	linguistic	_	none	_	_	1x1	_	_	_
115-6	BO075	115	115	6	disastro.	disastro	_	_	_	_	_	linguistic	_	none	Intonation=Falling	End=246.85	_	_	_	_
116-0	BO075	116	116	0	e::::h	eh	_	_	_	_	_	linguistic	_	none	_	Begin=247.22	0x4	_	_	_
116-1	BO075	116	116	1	poi	poi	_	_	_	_	_	linguistic	_	none	_	_	_	_	_	_
116-2	BO075	116	116	2	son	son	_	_	_	_	_	linguistic	_	none	_	_	_	_	_	_
116-3	BO075	116	116	3	tutti	tutti	_	_	_	_	_	linguistic	_	none	_	_	_	_	_	_
116-4	BO075	116	116	4	grandi	grandi	_	_	_	_	_	linguistic	_	none	_	_	_	_	_	_
116-5	BO075	116	116	5	e	e	_	_	_	_	_	linguistic	_	none	_	_	_	_	_	_
116-6	BO075	116	116	6	grossi	grossi	_	_	_	_	_	linguistic	_	none	_	_	_	_	_	_
116-7	BO075	116	116	7	e:::h	eh	_	_	_	_	_	linguistic	_	none	ProsodicLink=Yes	_	0x3	_	_	_
116-8	BO075	116	116	8	m:h,	mh	_	_	_	_	_	linguistic	_	none	Intonation=WeaklyRising	End=250.34	0x1	_	_	_
117-0	BO049	117	117	0	{ride}	{ride}	_	_	_	_	_	nonverbalbehavior	_	none	_	Begin=250.03|End=250.86	_	_	_	_
118-0	BO075	118	118	0	fatto	fatto	_	_	_	_	_	linguistic	_	none	_	Begin=250.37	_	_	_	_
118-1	BO075	118	118	1	sta	sta	_	_	_	_	_	linguistic	_	none	_	_	_	_	_	_
118-2	BO075	118	118	2	che	che	_	_	_	_	_	linguistic	_	none	_	End=251.77	_	_	_	_
119-0	BO075	119	119	0	>sì	sì	_	_	_	_	_	linguistic	_	none	_	Begin=251.861	_	Fast=0-2(0)	_	_
119-1	BO075	119	119	1	l'	l'	_	_	_	_	_	linguistic	_	none	SpaceAfter=No	_	_	Fast=0-2(0)	_	_
119-2	BO075	119	119	2	ho	ho	_	_	_	_	_	linguistic	_	none	_	_	_	Fast=0-2(0)	_	_
119-3	BO075	119	119	3	condivisa	condivisa	_	_	_	_	_	linguistic	_	none	_	_	_	Fast=0-9(0)	_	_
119-4	BO075	119	119	4	con<	con	_	_	_	_	_	linguistic	_	none	_	_	_	Fast=0-3(0)	_	_
119-5	BO075	119	119	5	con	con	_	_	_	_	_	linguistic	_	none	_	_	_	_	_	_
119-6	BO075	119	119	6	tommi,	tommi	_	_	_	_	_	linguistic	_	none	Intonation=WeaklyRising	_	_	_	_	_
119-7	BO075	119	119	7	e	e	_	_	_	_	_	linguistic	_	none	_	_	_	_	_	_
119-8	BO075	119	119	8	marco,	marco	_	_	_	_	_	linguistic	_	none	Intonation=WeaklyRising	_	_	_	_	_
119-9	BO075	119	119	9	poi	poi	_	_	_	_	_	linguistic	_	none	_	_	_	_	_	_
119-10	BO075	119	119	10	vabbè	vabbè	_	_	_	_	_	linguistic	_	none	_	_	_	_	_	_
119-11	BO075	119	119	11	è	è	_	_	_	_	_	linguistic	_	none	_	_	_	_	_	_
119-12	BO075	119	119	12	stato:	stato	_	_	_	_	_	linguistic	_	none	_	_	4x1	_	_	_
119-13	BO075	119	119	13	a	a	_	_	_	_	_	linguistic	_	none	_	_	_	_	_	_
119-14	BO075	119	119	14	londra	londra	_	_	_	_	_	linguistic	_	none	_	_	_	_	_	_
119-15	BO075	119	119	15	lì	lì	_	_	_	_	_	linguistic	_	none	_	_	_	_	_	_
119-16	BO075	119	119	16	e	e	_	_	_	_	_	linguistic	_	none	_	_	_	_	_	_
119-17	BO075	119	119	17	c'	c'	_	_	_	_	_	linguistic	_	none	SpaceAfter=No	_	_	_	_	_
119-18	BO075	119	119	18	è	è	_	_	_	_	_	linguistic	_	none	_	_	_	_	_	_
119-19	BO075	119	119	19	stato	stato	_	_	_	_	_	linguistic	_	none	_	_	_	_	_	_
119-20	BO075	119	119	20	gli	gli	_	_	_	_	_	linguistic	_	none	_	_	_	_	_	_
119-21	BO075	119	119	21	altri	altri	_	_	_	_	_	linguistic	_	none	_	_	_	_	_	_
119-22	BO075	119	119	22	c~	c~	_	_	_	_	_	linguistic	_	none	Interrupted=Yes	_	_	_	_	_
119-23	BO075	119	119	23	coinquilini	coinquilini	_	_	_	_	_	linguistic	_	none	_	_	_	_	_	_
119-24	BO075	119	119	24	tra	tra	_	_	_	_	_	linguistic	_	none	_	_	_	_	_	_
119-25	BO075	119	119	25	virgolette	virgolette	_	_	_	_	_	linguistic	_	none	_	End=258.64	_	_	_	_
120-0	BO049	120	120	0	mh	mh	_	_	_	_	_	linguistic	_	none	_	Begin=258.838|End=259.13	_	_	_	_
121-0	BO075	121	121	0	e:::::h	eh	_	_	_	_	_	linguistic	_	none	ProsodicLink=Yes	Begin=259.17	0x5	_	_	_
121-1	BO075	121	121	1	m:h	mh	_	_	_	_	_	linguistic	_	none	_	End=260.42	0x1	_	_	_
122-0	BO075	122	122	0	>quindi	quindi	_	_	_	_	_	linguistic	_	none	_	Begin=260.48	_	Fast=0-6(0)	_	_
122-1	BO075	122	122	1	(dicevo)<	dicevo	_	_	_	_	_	linguistic	_	none	_	_	_	Fast=0-6(0)	0-6(0)	_
122-2	BO075	122	122	2	l'	l'	_	_	_	_	_	linguistic	_	none	SpaceAfter=No	_	_	_	_	_
122-3	BO075	122	122	3	esperienza	esperienza	_	_	_	_	_	linguistic	_	none	_	_	_	_	_	_
122-4	BO075	122	122	4	di	di	_	_	_	_	_	linguistic	_	none	_	_	_	_	_	_
122-5	BO075	122	122	5	condivisione	condivisione	_	_	_	_	_	linguistic	_	none	_	_	_	_	_	_
122-6	BO075	122	122	6	di	di	_	_	_	_	_	linguistic	_	none	_	_	_	_	_	_
122-7	BO075	122	122	7	a~	a~	_	_	_	_	_	linguistic	_	none	Interrupted=Yes	_	_	_	_	_
122-8	BO075	122	122	8	a~	a~	_	_	_	_	_	linguistic	_	none	Interrupted=Yes	_	_	_	_	_
122-9	BO075	122	122	9	spazi	spazi	_	_	_	_	_	linguistic	_	none	_	_	_	_	_	_
122-10	BO075	122	122	10	interni	interni	_	_	_	_	_	linguistic	_	none	ProsodicLink=Yes	_	_	_	_	_
122-11	BO075	122	122	11	eh	eh	_	_	_	_	_	linguistic	_	none	_	_	_	_	_	_
122-12	BO075	122	122	12	c'	c'	_	_	_	_	_	linguistic	_	none	SpaceAfter=No	_	_	_	_	_
122-13	BO075	122	122	13	è	è	_	_	_	_	_	linguistic	_	none	_	_	_	_	_	_
122-14	BO075	122	122	14	stata	stata	_	_	_	_	_	linguistic	_	none	_	_	_	_	_	4-5(30)
122-15	BO075	122	122	15	[e:h]	eh	_	_	_	_	_	linguistic	_	none	_	End=265.2	0x1	_	_	0-1(30)
123-0	BO049	123	123	0	[c'	c'	_	_	_	_	_	linguistic	_	none	SpaceAfter=No	Begin=264.925	_	_	_	0-2(30)
123-1	BO049	123	123	1	è	è	_	_	_	_	_	linguistic	_	none	_	_	_	_	_	0-1(30)
123-2	BO049	123	123	2	s]tata	stata	_	_	_	_	_	linguistic	_	none	_	_	_	_	_	0-1(30)
123-3	BO049	123	123	3	e	e	_	_	_	_	_	linguistic	_	none	_	_	_	_	_	_
123-4	BO049	123	123	4	come	come	_	_	_	_	_	linguistic	_	none	_	_	_	_	_	_
123-5	BO049	123	123	5	andava	andava	_	_	_	_	_	linguistic	_	none	_	_	_	_	_	_
123-6	BO049	123	123	6	eh	eh	_	_	_	_	_	linguistic	_	none	_	_	_	_	_	_
123-7	BO049	123	123	7	non:	non	_	_	_	_	_	linguistic	_	none	_	End=266.88	2x1	_	_	_
124-0	BO075	124	124	0	eh.	eh	_	_	_	_	_	linguistic	_	none	Intonation=Falling	Begin=266.971	_	_	_	_
124-1	BO075	124	124	1	con	con	_	_	_	_	_	linguistic	_	none	_	_	_	_	_	_
124-2	BO075	124	124	2	i	i	_	_	_	_	_	linguistic	_	none	_	_	_	_	_	_
124-3	BO075	124	124	3	fratelli	fratelli	_	_	_	_	_	linguistic	_	none	_	_	_	_	_	_
124-4	BO075	124	124	4	bene	bene	_	_	_	_	_	linguistic	_	none	_	End=268.39	_	_	_	_
125-0	BO049	125	125	0	{ride}	{ride}	_	_	_	_	_	nonverbalbehavior	_	none	_	Begin=268.38|End=269.64	_	_	_	_
126-0	BO075	126	126	0	io	io	_	_	_	_	_	linguistic	_	none	PauseAfter=Yes	Begin=268.616	_	_	_	_
126-1	BO075	126	126	1	{P}	{P}	_	_	_	_	_	shortpause	_	none	_	_	_	_	_	_
126-2	BO075	126	126	2	ho	ho	_	_	_	_	_	linguistic	_	none	_	_	_	_	_	_
126-3	BO075	126	126	3	sempre	sempre	_	_	_	_	_	linguistic	_	none	_	_	_	_	_	_
126-4	BO075	126	126	4	xx~	xx~	_	_	_	_	_	linguistic	_	none	Interrupted=Yes	_	_	_	_	_
126-5	BO075	126	126	5	cioè	cioè	_	_	_	_	_	linguistic	_	none	_	_	_	_	_	_
126-6	BO075	126	126	6	ho	ho	_	_	_	_	_	linguistic	_	none	_	_	_	_	_	_
126-7	BO075	126	126	7	sempre	sempre	_	_	_	_	_	linguistic	_	none	_	_	_	_	_	_
126-8	BO075	126	126	8	avuto	avuto	_	_	_	_	_	linguistic	_	none	_	_	_	_	_	_
126-9	BO075	126	126	9	un	un	_	_	_	_	_	linguistic	_	none	_	_	_	_	_	_
126-10	BO075	126	126	10	certo	certo	_	_	_	_	_	linguistic	_	none	_	_	_	_	_	_
126-11	BO075	126	126	11	problema	problema	_	_	_	_	_	linguistic	_	none	_	_	_	_	_	_
126-12	BO075	126	126	12	con	con	_	_	_	_	_	linguistic	_	none	_	_	_	_	_	_
126-13	BO075	126	126	13	le	le	_	_	_	_	_	linguistic	_	none	_	_	_	_	_	_
126-14	BO075	126	126	14	convivenze,	convivenze	_	_	_	_	_	linguistic	_	none	Intonation=WeaklyRising	_	_	_	_	_
126-15	BO075	126	126	15	con	con	_	_	_	_	_	linguistic	_	none	_	_	_	_	_	_
126-16	BO075	126	126	16	altri	altri	_	_	_	_	_	linguistic	_	none	_	_	_	_	_	_
126-17	BO075	126	126	17	esseri	esseri	_	_	_	_	_	linguistic	_	none	_	_	_	_	_	_
126-18	BO075	126	126	18	umani	umani	_	_	_	_	_	linguistic	_	none	ProsodicLink=Yes	_	_	_	_	_
126-19	BO075	126	126	19	eh	eh	_	_	_	_	_	linguistic	_	none	_	_	_	_	_	_
126-20	BO075	126	126	20	è	è	_	_	_	_	_	linguistic	_	none	_	_	_	_	_	_
126-21	BO075	126	126	21	stato	stato	_	_	_	_	_	linguistic	_	none	_	_	_	_	_	_
126-22	BO075	126	126	22	sempre	sempre	_	_	_	_	_	linguistic	_	none	_	_	_	_	_	_
126-23	BO075	126	126	23	un	un	_	_	_	_	_	linguistic	_	none	_	_	_	_	_	_
126-24	BO075	126	126	24	po'	po'	_	_	_	_	_	linguistic	_	none	_	_	_	_	_	_
126-25	BO075	126	126	25	un	un	_	_	_	_	_	linguistic	_	none	_	_	_	_	_	_
126-26	BO075	126	126	26	casino.	casino	_	_	_	_	_	linguistic	_	none	Intonation=Falling	End=274.4	_	_	_	_
127-0	BO075	127	127	0	però	però	_	_	_	_	_	linguistic	_	none	PauseAfter=Yes	Begin=274.616	_	_	_	_
127-1	BO075	127	127	1	{P}	{P}	_	_	_	_	_	shortpause	_	none	_	_	_	_	_	_
127-2	BO075	127	127	2	eh	eh	_	_	_	_	_	linguistic	_	none	_	_	_	_	_	_
127-3	BO075	127	127	3	coi	coi	_	_	_	_	_	linguistic	_	none	_	_	_	_	_	_
127-4	BO075	127	127	4	fratelli	fratelli	_	_	_	_	_	linguistic	_	none	_	_	_	_	_	_
127-5	BO075	127	127	5	c'	c'	_	_	_	_	_	linguistic	_	none	SpaceAfter=No	_	_	_	_	_
127-6	BO075	127	127	6	è	è	_	_	_	_	_	linguistic	_	none	_	_	_	_	_	_
127-7	BO075	127	127	7	il	il	_	_	_	_	_	linguistic	_	none	_	_	_	_	_	_
127-8	BO075	127	127	8	legame	legame	_	_	_	_	_	linguistic	_	none	_	_	_	_	_	_
127-9	BO075	127	127	9	di	di	_	_	_	_	_	linguistic	_	none	_	_	_	_	_	_
127-10	BO075	127	127	10	sangue	sangue	_	_	_	_	_	linguistic	_	none	_	_	_	_	_	_
127-11	BO075	127	127	11	non	non	_	_	_	_	_	linguistic	_	none	_	_	_	_	_	_
127-12	BO075	127	127	12	sono	sono	_	_	_	_	_	linguistic	_	none	_	_	_	_	_	_
127-13	BO075	127	127	13	amici	amici	_	_	_	_	_	linguistic	_	none	_	_	_	_	_	_
127-14	BO075	127	127	14	sono	sono	_	_	_	_	_	linguistic	_	none	_	_	_	_	_	_
127-15	BO075	127	127	15	fratel[li]	fratelli	_	_	_	_	_	linguistic	_	none	_	End=278.82	_	_	_	5-8(31)
128-0	BO049	128	128	0	[ok]ay	okay	_	_	_	_	_	linguistic	_	none	_	Begin=278.591|End=279.3	_	_	_	0-2(31)
129-0	BO075	129	129	0	e	e	_	_	_	_	_	linguistic	_	none	_	Begin=279.35	_	_	_	_
129-1	BO075	129	129	1	[spesso]	spesso	_	_	_	_	_	linguistic	_	none	_	_	_	_	_	0-6(32)
129-2	BO075	129	129	2	si	si	_	_	_	_	_	linguistic	_	none	_	_	_	_	_	_
129-3	BO075	129	129	3	fa	fa	_	_	_	_	_	linguistic	_	none	_	_	_	_	_	_
129-4	BO075	129	129	4	fartica	fartica	_	_	_	_	_	linguistic	_	none	_	_	_	_	_	_
129-5	BO075	129	129	5	a	a	_	_	_	_	_	linguistic	_	none	_	_	_	_	_	_
129-6	BO075	129	129	6	distinguere	distinguere	_	_	_	_	_	linguistic	_	none	_	_	_	_	_	_
129-7	BO075	129	129	7	le	le	_	_	_	_	_	linguistic	_	none	_	_	_	_	_	_
129-8	BO075	129	129	8	due	due	_	_	_	_	_	linguistic	_	none	_	_	_	_	_	_
129-9	BO075	129	129	9	cose	cose	_	_	_	_	_	linguistic	_	none	_	End=281.5	_	_	_	_
130-0	BO049	130	130	0	[(sì:)]	sì	_	_	_	_	_	linguistic	_	none	_	Begin=279.363|End=280.22	1x1	_	0-2(0)	0-2(32)
131-0	BO075	131	131	0	però	però	_	_	_	_	_	linguistic	_	none	_	Begin=281.726	_	_	_	_
131-1	BO075	131	131	1	e::h	eh	_	_	_	_	_	linguistic	_	none	ProsodicLink=Yes	_	0x2	_	_	_
131-2	BO075	131	131	2	m::h	mh	_	_	_	_	_	linguistic	_	none	_	End=283.13	0x2	_	_	_
132-0	BO075	132	132	0	pe~	pe~	_	_	_	_	_	linguistic	_	none	Interrupted=Yes	Begin=283.196	_	_	_	_
132-1	BO075	132	132	1	bene	bene	_	_	_	_	_	linguistic	_	none	PauseAfter=Yes	_	_	_	_	_
132-2	BO075	132	132	2	{P}	{P}	_	_	_	_	_	shortpause	_	none	_	_	_	_	_	_
132-3	BO075	132	132	3	con	con	_	_	_	_	_	linguistic	_	none	_	_	_	_	_	_
132-4	BO075	132	132	4	loro	loro	_	_	_	_	_	linguistic	_	none	_	_	_	_	_	_
132-5	BO075	132	132	5	bene.	bene	_	_	_	_	_	linguistic	_	none	Intonation=Falling	End=284.59	_	_	_	_
133-0	BO049	133	133	0	be[ne]	bene	_	_	_	_	_	linguistic	_	none	_	Begin=284.64|End=285.05	_	_	_	2-4(33)
134-0	BO075	134	134	0	[co~	co~	_	_	_	_	_	linguistic	_	none	Interrupted=Yes	Begin=284.79	_	_	_	0-3(33)
134-1	BO075	134	134	1	lo:~]	lo~	_	_	_	_	_	linguistic	_	none	Interrupted=Yes	_	1x1	_	_	0-3(33)
134-2	BO075	134	134	2	f~	f~	_	_	_	_	_	linguistic	_	none	Interrupted=Yes	_	_	_	_	_
134-3	BO075	134	134	3	cioè	cioè	_	_	_	_	_	linguistic	_	none	_	_	_	_	_	_
134-4	BO075	134	134	4	ho	ho	_	_	_	_	_	linguistic	_	none	_	_	_	_	_	_
134-5	BO075	134	134	5	avuto	avuto	_	_	_	_	_	linguistic	_	none	_	_	_	_	_	_
134-6	BO075	134	134	6	esperienze	esperienze	_	_	_	_	_	linguistic	_	none	_	_	_	_	_	_
134-7	BO075	134	134	7	di	di	_	_	_	_	_	linguistic	_	none	_	_	_	_	_	_
134-8	BO075	134	134	8	condivisione	condivisione	_	_	_	_	_	linguistic	_	none	_	_	_	_	_	_
134-9	BO075	134	134	9	terrificanti,	terrificanti	_	_	_	_	_	linguistic	_	none	Intonation=WeaklyRising	_	_	_	_	_
134-10	BO075	134	134	10	però	però	_	_	_	_	_	linguistic	_	none	_	End=287.66	_	_	_	_
135-0	BO075	135	135	0	con	con	_	_	_	_	_	linguistic	_	none	_	Begin=287.83	_	_	_	_
135-1	BO075	135	135	1	i	i	_	_	_	_	_	linguistic	_	none	_	_	_	_	_	_
135-2	BO075	135	135	2	fretelli	fretelli	_	_	_	_	_	linguistic	_	none	_	_	_	_	_	_
135-3	BO075	135	135	3	bene	bene	_	_	_	_	_	linguistic	_	none	_	_	_	_	_	_
135-4	BO075	135	135	4	{ride}	{ride}	_	_	_	_	_	nonverbalbehavior	_	none	_	End=288.79	_	_	_	_
136-0	BO049	136	136	0	okay	okay	_	_	_	_	_	linguistic	_	none	_	Begin=288.82	_	_	_	_
136-1	BO049	136	136	1	{ride}	{ride}	_	_	_	_	_	nonverbalbehavior	_	none	_	End=289.39	_	_	_	_
137-0	BO049	137	137	0	e	e	_	_	_	_	_	linguistic	_	none	_	Begin=289.476	_	_	_	_
137-1	BO049	137	137	1	con	con	_	_	_	_	_	linguistic	_	none	_	_	_	_	_	_
137-2	BO049	137	137	2	i	i	_	_	_	_	_	linguistic	_	none	_	_	_	_	_	_
137-3	BO049	137	137	3	tuoi	tuoi	_	_	_	_	_	linguistic	_	none	_	_	_	_	_	_
137-4	BO049	137	137	4	come	come	_	_	_	_	_	linguistic	_	none	_	_	_	_	_	_
137-5	BO049	137	137	5	ti	ti	_	_	_	_	_	linguistic	_	none	_	_	_	_	_	_
137-6	BO049	137	137	6	trovi?	trovi	_	_	_	_	_	linguistic	_	none	Intonation=Rising	End=290.91	_	_	_	_
138-0	BO075	138	138	0	con	con	_	_	_	_	_	linguistic	_	none	_	Begin=290.976	_	_	_	_
138-1	BO075	138	138	1	i	i	_	_	_	_	_	linguistic	_	none	_	_	_	_	_	_
138-2	BO075	138	138	2	miei,	miei	_	_	_	_	_	linguistic	_	none	Intonation=WeaklyRising|PauseAfter=Yes	_	_	_	_	_
138-3	BO075	138	138	3	{P}	{P}	_	_	_	_	_	shortpause	_	none	_	_	_	_	_	_
138-4	BO075	138	138	4	e::::h	eh	_	_	_	_	_	linguistic	_	none	_	End=292.85	0x4	_	_	_
139-0	BO075	139	139	0	ah,	ah	_	_	_	_	_	linguistic	_	none	Intonation=WeaklyRising	Begin=292.998	_	_	_	_
139-1	BO075	139	139	1	eh	eh	_	_	_	_	_	linguistic	_	none	_	_	_	_	_	_
139-2	BO075	139	139	2	questa	questa	_	_	_	_	_	linguistic	_	none	_	_	_	_	_	_
139-3	BO075	139	139	3	è	è	_	_	_	_	_	linguistic	_	none	_	_	_	_	_	_
139-4	BO075	139	139	4	una	una	_	_	_	_	_	linguistic	_	none	_	_	_	_	_	_
139-5	BO075	139	139	5	domanda	domanda	_	_	_	_	_	linguistic	_	none	_	_	_	_	_	_
139-6	BO075	139	139	6	da	da	_	_	_	_	_	linguistic	_	none	_	_	_	_	_	_
139-7	BO075	139	139	7	cinquantamila	cinquantamila	_	_	_	_	_	linguistic	_	none	_	_	_	_	_	_
139-8	BO075	139	139	8	dollari	dollari	_	_	_	_	_	linguistic	_	none	_	End=295.13	_	_	_	_
140-0	BO075	140	140	0	e::h	eh	_	_	_	_	_	linguistic	_	none	ProsodicLink=Yes	Begin=295.191	0x2	_	_	_
140-1	BO075	140	140	1	m:::h	mh	_	_	_	_	_	linguistic	_	none	_	End=296.171	0x3	_	_	_
141-0	BO075	141	141	0	allora	allora	_	_	_	_	_	linguistic	_	none	_	Begin=296.225	_	_	_	_
141-1	BO075	141	141	1	con	con	_	_	_	_	_	linguistic	_	none	_	_	_	_	_	_
141-2	BO075	141	141	2	con	con	_	_	_	_	_	linguistic	_	none	_	_	_	_	_	_
141-3	BO075	141	141	3	mia	mia	_	_	_	_	_	linguistic	_	none	_	_	_	_	_	_
141-4	BO075	141	141	4	madre:	madre	_	_	_	_	_	linguistic	_	none	_	_	4x1	_	_	_
141-5	BO075	141	141	5	con	con	_	_	_	_	_	linguistic	_	none	_	_	_	_	_	_
141-6	BO075	141	141	6	mia	mia	_	_	_	_	_	linguistic	_	none	_	_	_	_	_	_
141-7	BO075	141	141	7	madre	madre	_	_	_	_	_	linguistic	_	none	_	_	_	_	_	_
141-8	BO075	141	141	8	di	di	_	_	_	_	_	linguistic	_	none	_	_	_	_	_	_
141-9	BO075	141	141	9	cristo	cristo	_	_	_	_	_	linguistic	_	none	_	End=298.803	_	_	_	_
142-0	BO075	142	142	0	e::h	eh	_	_	_	_	_	linguistic	_	none	ProsodicLink=Yes	Begin=299.2	0x2	_	_	_
142-1	BO075	142	142	1	m:::h	mh	_	_	_	_	_	linguistic	_	none	_	End=300.34	0x3	_	_	_
143-0	BO049	143	143	0	{ride}	{ride}	_	_	_	_	_	nonverbalbehavior	_	none	_	Begin=299.616|End=301.023	_	_	_	_
144-0	BO075	144	144	0	perché	perché	_	_	_	_	_	linguistic	_	none	_	Begin=301.028	_	_	_	_
144-1	BO075	144	144	1	è:	è	_	_	_	_	_	linguistic	_	none	_	_	0x1	_	_	_
144-2	BO075	144	144	2	buona	buona	_	_	_	_	_	linguistic	_	none	_	_	_	_	_	_
144-3	BO075	144	144	3	come	come	_	_	_	_	_	linguistic	_	none	_	_	_	_	_	_
144-4	BO075	144	144	4	il	il	_	_	_	_	_	linguistic	_	none	_	_	_	_	_	_
144-5	BO075	144	144	5	pane,	pane	_	_	_	_	_	linguistic	_	none	Intonation=WeaklyRising	_	_	_	_	_
144-6	BO075	144	144	6	e::	e	_	_	_	_	_	linguistic	_	none	_	End=303.42	0x2	_	_	_
145-0	BO075	145	145	0	beh	beh	_	_	_	_	_	linguistic	_	none	_	Begin=303.483	_	_	_	_
145-1	BO075	145	145	1	è	è	_	_	_	_	_	linguistic	_	none	_	_	_	_	_	_
145-2	BO075	145	145	2	un	un	_	_	_	_	_	linguistic	_	none	_	_	_	_	_	_
145-3	BO075	145	145	3	b~	b~	_	_	_	_	_	linguistic	_	none	Interrupted=Yes	_	_	_	_	_
145-4	BO075	145	145	4	to~	to~	_	_	_	_	_	linguistic	_	none	Interrupted=Yes	_	_	_	_	_
145-5	BO075	145	145	5	una	una	_	_	_	_	_	linguistic	_	none	_	_	_	_	_	_
145-6	BO075	145	145	6	bellissima	bellissima	_	_	_	_	_	linguistic	_	none	_	_	_	_	_	_
145-7	BO075	145	145	7	persona.	persona	_	_	_	_	_	linguistic	_	none	Intonation=Falling	End=305.57	_	_	_	_
146-0	BO075	146	146	0	e:h	eh	_	_	_	_	_	linguistic	_	none	_	Begin=305.76	0x1	_	_	_
146-1	BO075	146	146	1	sì.	sì	_	_	_	_	_	linguistic	_	none	Intonation=Falling	End=306.79	_	_	_	_
147-0	BO075	147	147	0	eh	eh	_	_	_	_	_	linguistic	_	none	_	Begin=306.86	_	_	_	_
147-1	BO075	147	147	1	n~	n~	_	_	_	_	_	linguistic	_	none	Interrupted=Yes	_	_	_	_	_
147-2	BO075	147	147	2	non	non	_	_	_	_	_	linguistic	_	none	_	_	_	_	_	_
147-3	BO075	147	147	3	non	non	_	_	_	_	_	linguistic	_	none	_	_	_	_	_	_
147-4	BO075	147	147	4	sono	sono	_	_	_	_	_	linguistic	_	none	_	_	_	_	_	_
147-5	BO075	147	147	5	mai	mai	_	_	_	_	_	linguistic	_	none	_	_	_	_	_	_
147-6	BO075	147	147	6	stto	stto	_	_	_	_	_	linguistic	_	none	_	_	_	_	_	_
147-7	BO075	147	147	7	uno	uno	_	_	_	_	_	linguistic	_	none	_	_	_	_	_	_
147-8	BO075	147	147	8	di	di	_	_	_	_	_	linguistic	_	none	_	_	_	_	_	_
147-9	BO075	147	147	9	quelli	quelli	_	_	_	_	_	linguistic	_	none	_	_	_	_	_	_
147-10	BO075	147	147	10	che	che	_	_	_	_	_	linguistic	_	none	PauseAfter=Yes	_	_	_	_	_
147-11	BO075	147	147	11	{P}	{P}	_	_	_	_	_	shortpause	_	none	_	_	_	_	_	_
147-12	BO075	147	147	12	condivide	condivide	_	_	_	_	_	linguistic	_	none	_	_	_	_	_	_
147-13	BO075	147	147	13	tante:	tante	_	_	_	_	_	linguistic	_	none	_	_	4x1	_	_	_
147-14	BO075	147	147	14	esperienze	esperienze	_	_	_	_	_	linguistic	_	none	_	_	_	_	_	_
147-15	BO075	147	147	15	con	con	_	_	_	_	_	linguistic	_	none	_	_	_	_	_	_
147-16	BO075	147	147	16	i	i	_	_	_	_	_	linguistic	_	none	_	_	_	_	_	_
147-17	BO075	147	147	17	propri	propri	_	_	_	_	_	linguistic	_	none	_	_	_	_	_	_
147-18	BO075	147	147	18	genitori	genitori	_	_	_	_	_	linguistic	_	none	PauseAfter=Yes	_	_	_	_	_
147-19	BO075	147	147	19	{P}	{P}	_	_	_	_	_	shortpause	_	none	_	_	_	_	_	_
147-20	BO075	147	147	20	anzi,	anzi	_	_	_	_	_	linguistic	_	none	Intonation=WeaklyRising	End=311.74	_	_	_	_
148-0	BO075	148	148	0	credo	credo	_	_	_	_	_	linguistic	_	none	_	Begin=311.835	_	_	_	_
148-1	BO075	148	148	1	di	di	_	_	_	_	_	linguistic	_	none	_	_	_	_	_	_
148-2	BO075	148	148	2	averlo	averlo	_	_	_	_	_	linguistic	_	none	_	_	_	_	_	_
148-3	BO075	148	148	3	fatto	fatto	_	_	_	_	_	linguistic	_	none	_	_	_	_	_	_
148-4	BO075	148	148	4	per	per	_	_	_	_	_	linguistic	_	none	_	_	_	_	_	_
148-5	BO075	148	148	5	la	la	_	_	_	_	_	linguistic	_	none	_	_	_	_	_	_
148-6	BO075	148	148	6	prima	prima	_	_	_	_	_	linguistic	_	none	_	_	_	_	_	_
148-7	BO075	148	148	7	volta	volta	_	_	_	_	_	linguistic	_	none	_	_	_	_	_	_
148-8	BO075	148	148	8	quest'	quest'	_	_	_	_	_	linguistic	_	none	SpaceAfter=No	_	_	_	_	_
148-9	BO075	148	148	9	anno,	anno	_	_	_	_	_	linguistic	_	none	Intonation=WeaklyRising	End=313.99	_	_	_	_
149-0	BO049	149	149	0	{ride}	{ride}	_	_	_	_	_	nonverbalbehavior	_	none	_	Begin=314.081|End=314.41	_	_	_	_
150-0	BO075	150	150	0	verso:	verso	_	_	_	_	_	linguistic	_	none	_	Begin=314.53	4x1	_	_	_
150-1	BO075	150	150	1	pri~	pri~	_	_	_	_	_	linguistic	_	none	Interrupted=Yes	_	_	_	_	_
150-2	BO075	150	150	2	i	i	_	_	_	_	_	linguistic	_	none	_	_	_	_	_	_
150-3	BO075	150	150	3	primi	primi	_	_	_	_	_	linguistic	_	none	_	_	_	_	_	_
150-4	BO075	150	150	4	di	di	_	_	_	_	_	linguistic	_	none	_	_	_	_	_	_
150-5	BO075	150	150	5	giugno	giugno	_	_	_	_	_	linguistic	_	none	_	_	_	_	_	_
150-6	BO075	150	150	6	>perché	perché	_	_	_	_	_	linguistic	_	none	_	_	_	Fast=0-6(0)	_	_
150-7	BO075	150	150	7	sono	sono	_	_	_	_	_	linguistic	_	none	_	_	_	Fast=0-4(0)	_	_
150-8	BO075	150	150	8	successe	successe	_	_	_	_	_	linguistic	_	none	_	_	_	Fast=0-8(0)	_	_
150-9	BO075	150	150	9	un	un	_	_	_	_	_	linguistic	_	none	_	_	_	Fast=0-2(0)	_	_
150-10	BO075	150	150	10	sacco	sacco	_	_	_	_	_	linguistic	_	none	_	_	_	Fast=0-5(0)	_	_
150-11	BO075	150	150	11	di	di	_	_	_	_	_	linguistic	_	none	_	_	_	Fast=0-2(0)	_	_
150-12	BO075	150	150	12	cose<,	cose	_	_	_	_	_	linguistic	_	none	Intonation=WeaklyRising	End=317.72	_	Fast=0-4(0)	_	_
151-0	BO075	151	151	0	e::h	eh	_	_	_	_	_	linguistic	_	none	_	Begin=317.98	0x2	_	_	_
151-1	BO075	151	151	1	con	con	_	_	_	_	_	linguistic	_	none	_	_	_	_	_	_
151-2	BO075	151	151	2	mio	mio	_	_	_	_	_	linguistic	_	none	_	_	_	_	_	_
151-3	BO075	151	151	3	padre,	padre	_	_	_	_	_	linguistic	_	none	Intonation=WeaklyRising	End=319.6	_	_	_	_
152-0	BO075	152	152	0	e:h	eh	_	_	_	_	_	linguistic	_	none	_	Begin=319.98|End=320.48	0x1	_	_	_
153-0	BO075	153	153	0	bah	bah	_	_	_	_	_	linguistic	_	none	_	Begin=320.545	_	_	_	_
153-1	BO075	153	153	1	xx	xx	_	_	_	_	_	unknown	_	none	Syllables=2	_	_	_	_	_
153-2	BO075	153	153	2	siamo	siamo	_	_	_	_	_	linguistic	_	none	_	_	_	_	_	_
153-3	BO075	153	153	3	due	due	_	_	_	_	_	linguistic	_	none	_	_	_	_	_	_
153-4	BO075	153	153	4	persone	persone	_	_	_	_	_	linguistic	_	none	_	_	_	_	_	_
153-5	BO075	153	153	5	totalmente	totalmente	_	_	_	_	_	linguistic	_	none	_	_	_	_	_	_
153-6	BO075	153	153	6	diver[se	diverse	_	_	_	_	_	linguistic	_	none	PauseAfter=Yes	_	_	_	_	5-7(34)
153-7	BO075	153	153	7	{P}	{P}	_	_	_	_	_	shortpause	_	none	_	_	_	_	_	0-3(34)
153-8	BO075	153	153	8	pro]prio::	proprio	_	_	_	_	_	linguistic	_	none	ProsodicLink=Yes	_	6x2	_	_	0-3(34)
153-9	BO075	153	153	9	e:h	eh	_	_	_	_	_	linguistic	_	none	_	_	0x1	_	_	_
153-10	BO075	153	153	10	non	non	_	_	_	_	_	linguistic	_	none	_	_	_	_	_	_
153-11	BO075	153	153	11	c'	c'	_	_	_	_	_	linguistic	_	none	SpaceAfter=No	_	_	_	_	_
153-12	BO075	153	153	12	entriamo:	entriamo	_	_	_	_	_	linguistic	_	none	_	_	7x1	_	_	_
153-13	BO075	153	153	13	una	una	_	_	_	_	_	linguistic	_	none	_	_	_	_	_	_
153-14	BO075	153	153	14	fava.	fava	_	_	_	_	_	linguistic	_	none	Intonation=Falling	End=325.13	_	_	_	_
154-0	BO049	154	154	0	[ah].	ah	_	_	_	_	_	linguistic	_	none	Intonation=Falling	Begin=322.64|End=322.99	_	_	_	0-2(34)
155-0	BO075	155	155	0	e::h	eh	_	_	_	_	_	linguistic	_	none	_	Begin=325.191|End=326.03	0x2	_	_	_
156-0	BO049	156	156	0	beh	beh	_	_	_	_	_	linguistic	_	none	_	Begin=326.27	_	_	_	_
156-1	BO049	156	156	1	vabbè	vabbè	_	_	_	_	_	linguistic	_	none	_	_	_	_	_	_
156-2	BO049	156	156	2	dai	dai	_	_	_	_	_	linguistic	_	none	_	End=326.95	_	_	_	_
157-0	BO075	157	157	0	e::h	eh	_	_	_	_	_	linguistic	_	none	_	Begin=326.96|End=327.32	0x2	_	_	_
158-0	BO075	158	158	0	però	però	_	_	_	_	_	linguistic	_	none	_	Begin=327.616	_	_	_	_
158-1	BO075	158	158	1	insomma	insomma	_	_	_	_	_	linguistic	_	none	PauseAfter=Yes	_	_	_	_	_
158-2	BO075	158	158	2	{P}	{P}	_	_	_	_	_	shortpause	_	none	_	_	_	_	_	_
158-3	BO075	158	158	3	si	si	_	_	_	_	_	linguistic	_	none	_	_	_	_	_	_
158-4	BO075	158	158	4	con~	con~	_	_	_	_	_	linguistic	_	none	Interrupted=Yes	_	_	_	_	_
158-5	BO075	158	158	5	s[i	si	_	_	_	_	_	linguistic	_	none	_	_	_	_	_	1-2(35)
158-6	BO075	158	158	6	convive	convive	_	_	_	_	_	linguistic	_	none	_	_	_	_	_	0-7(35)
158-7	BO075	158	158	7	finché	finché	_	_	_	_	_	linguistic	_	none	_	_	_	_	_	0-6(35)
158-8	BO075	158	158	8	si]	si	_	_	_	_	_	linguistic	_	none	_	_	_	_	_	0-2(35)
158-9	BO075	158	158	9	può:	può	_	_	_	_	_	linguistic	_	none	_	_	2x1	_	_	_
158-10	BO075	158	158	10	e:::	e	_	_	_	_	_	linguistic	_	none	_	End=330.8	0x3	_	_	_
159-0	BO049	159	159	0	[si	si	_	_	_	_	_	linguistic	_	none	_	Begin=328.931	_	_	_	0-2(35)
159-1	BO049	159	159	1	va	va	_	_	_	_	_	linguistic	_	none	_	_	_	_	_	0-2(35)
159-2	BO049	159	159	2	d'	d'	_	_	_	_	_	linguistic	_	none	SpaceAfter=No	_	_	_	_	0-2(35)
159-3	BO049	159	159	3	acco:rdo]	accordo	_	_	_	_	_	linguistic	_	none	_	End=330.13	3x1	_	_	0-7(35)
160-0	BO075	160	160	0	e:::h	eh	_	_	_	_	_	linguistic	_	none	_	Begin=331.251|End=332.42	0x3	_	_	_
161-0	BO075	161	161	0	c'	c'	_	_	_	_	_	linguistic	_	none	SpaceAfter=No	Begin=332.49	_	_	_	_
161-1	BO075	161	161	1	è	è	_	_	_	_	_	linguistic	_	none	_	_	_	_	_	_
161-2	BO075	161	161	2	spera:nza	speranza	_	_	_	_	_	linguistic	_	none	PauseAfter=Yes	_	4x1	_	_	_
161-3	BO075	161	161	3	{P}	{P}	_	_	_	_	_	shortpause	_	none	_	_	_	_	_	_
161-4	BO075	161	161	4	[(dai)	dai	_	_	_	_	_	linguistic	_	none	_	_	_	_	0-3(0)	0-3(36)
161-5	BO075	161	161	5	c'	c'	_	_	_	_	_	linguistic	_	none	SpaceAfter=No	_	_	_	_	0-2(36)
161-6	BO075	161	161	6	è	è	_	_	_	_	_	linguistic	_	none	_	_	_	_	_	0-1(36)
161-7	BO075	161	161	7	sp]e~	spe~	_	_	_	_	_	linguistic	_	none	Interrupted=Yes	_	_	_	_	0-1(36)
161-8	BO075	161	161	8	{ride}	{ride}	_	_	_	_	_	nonverbalbehavior	_	none	_	End=334.46	_	_	_	_
162-0	BO049	162	162	0	[m:h].	mh	_	_	_	_	_	linguistic	_	none	Intonation=Falling	Begin=333.275|End=333.77	0x1	_	_	0-2(36)
163-0	BO049	163	163	0	be:ne	bene	_	_	_	_	_	linguistic	_	none	PauseAfter=Yes	Begin=334.533	1x1	_	_	_
163-1	BO049	163	163	1	{P}	{P}	_	_	_	_	_	shortpause	_	none	_	_	_	_	_	_
163-2	BO049	163	163	2	e:h	eh	_	_	_	_	_	linguistic	_	none	ProsodicLink=Yes	_	0x1	_	_	_
163-3	BO049	163	163	3	m::h	mh	_	_	_	_	_	linguistic	_	none	_	End=336.09	0x2	_	_	_
164-0	BO049	164	164	0	ti	ti	_	_	_	_	_	linguistic	_	none	_	Begin=336.723	_	_	_	_
164-1	BO049	164	164	1	va	va	_	_	_	_	_	linguistic	_	none	_	_	_	_	_	_
164-2	BO049	164	164	2	di	di	_	_	_	_	_	linguistic	_	none	_	_	_	_	_	_
164-3	BO049	164	164	3	descrivermi	descrivermi	_	_	_	_	_	linguistic	_	none	_	_	_	_	_	_
164-4	BO049	164	164	4	un	un	_	_	_	_	_	linguistic	_	none	_	_	_	_	_	_
164-5	BO049	164	164	5	po'	po'	_	_	_	_	_	linguistic	_	none	_	_	_	_	_	_
164-6	BO049	164	164	6	la	la	_	_	_	_	_	linguistic	_	none	_	_	_	_	_	_
164-7	BO049	164	164	7	tua	tua	_	_	_	_	_	linguistic	_	none	_	_	_	_	_	_
164-8	BO049	164	164	8	camera	camera	_	_	_	_	_	linguistic	_	none	_	_	_	_	_	_
164-9	BO049	164	164	9	ci	ci	_	_	_	_	_	linguistic	_	none	_	_	_	_	_	_
164-10	BO049	164	164	10	passi	passi	_	_	_	_	_	linguistic	_	none	_	_	_	_	_	_
164-11	BO049	164	164	11	molto	molto	_	_	_	_	_	linguistic	_	none	_	_	_	_	_	_
164-12	BO049	164	164	12	tempo:	tempo	_	_	_	_	_	linguistic	_	none	_	_	4x1	_	_	_
164-13	BO049	164	164	13	cosa::,	cosa	_	_	_	_	_	linguistic	_	none	Intonation=WeaklyRising	End=340.4	3x2	_	_	_
165-0	BO049	165	165	0	oppure	oppure	_	_	_	_	_	linguistic	_	none	_	Begin=340.7	_	_	_	_
165-1	BO049	165	165	1	c'	c'	_	_	_	_	_	linguistic	_	none	SpaceAfter=No	_	_	_	_	_
165-2	BO049	165	165	2	è	è	_	_	_	_	_	linguistic	_	none	_	_	_	_	_	_
165-3	BO049	165	165	3	un'	un'	_	_	_	_	_	linguistic	_	none	SpaceAfter=No	_	_	_	_	_
165-4	BO049	165	165	4	altra	altra	_	_	_	_	_	linguistic	_	none	_	_	_	_	_	_
165-5	BO049	165	165	5	stanza	stanza	_	_	_	_	_	linguistic	_	none	_	_	_	_	_	_
165-6	BO049	165	165	6	della	della	_	_	_	_	_	linguistic	_	none	_	_	_	_	_	_
165-7	BO049	165	165	7	casa	casa	_	_	_	_	_	linguistic	_	none	_	_	_	_	_	_
165-8	BO049	165	165	8	che:	che	_	_	_	_	_	linguistic	_	none	_	_	2x1	_	_	_
165-9	BO049	165	165	9	preferisci	preferisci	_	_	_	_	_	linguistic	_	none	_	_	_	_	_	_
165-10	BO049	165	165	10	dove::,	dove	_	_	_	_	_	linguistic	_	none	Intonation=WeaklyRising	End=344.33	3x2	_	_	_
166-0	BO075	166	166	0	[a:h].	ah	_	_	_	_	_	linguistic	_	none	Intonation=Falling	Begin=344.568|End=344.98	0x1	_	_	0-2(37)
167-0	BO049	167	167	0	[ti	ti	_	_	_	_	_	linguistic	_	none	_	Begin=344.81	_	_	_	0-2(37)
167-1	BO049	167	167	1	sen]ti	senti	_	_	_	_	_	linguistic	_	none	_	_	_	_	_	0-3(37)
167-2	BO049	167	167	2	più::	più	_	_	_	_	_	linguistic	_	none	_	_	2x2	_	_	_
167-3	BO049	167	167	3	non	non	_	_	_	_	_	linguistic	_	none	_	_	_	_	_	_
167-4	BO049	167	167	4	lo	lo	_	_	_	_	_	linguistic	_	none	_	_	_	_	_	_
167-5	BO049	167	167	5	[so],	so	_	_	_	_	_	linguistic	_	none	Intonation=WeaklyRising	End=346.33	_	_	_	0-2(38)
168-0	BO075	168	168	0	[e:]:::h	eh	_	_	_	_	_	linguistic	_	none	_	Begin=346.095|End=347.35	0x4	_	_	0-1(38)
169-0	BO075	169	169	0	okay	okay	_	_	_	_	_	linguistic	_	none	_	Begin=348.091	_	_	_	_
169-1	BO075	169	169	1	a:::h,	ah	_	_	_	_	_	linguistic	_	none	Intonation=WeaklyRising	End=349.49	0x3	_	_	_
170-0	BO049	170	170	0	{ride}	{ride}	_	_	_	_	_	nonverbalbehavior	_	none	_	Begin=348.731|End=349.47	_	_	_	_
171-0	BO049	171	171	0	xxx	xxx	_	_	_	_	_	unknown	_	none	Syllables=3	Begin=349.71	_	_	_	_
171-1	BO049	171	171	1	è	è	_	_	_	_	_	linguistic	_	none	_	_	_	_	_	_
171-2	BO049	171	171	2	una	una	_	_	_	_	_	linguistic	_	none	_	_	_	_	_	_
171-3	BO049	171	171	3	do[manda	domanda	_	_	_	_	_	linguistic	_	none	_	_	_	_	_	2-7(39)
171-4	BO049	171	171	4	dif]ficile?	difficile	_	_	_	_	_	linguistic	_	none	Intonation=Rising	_	_	_	_	0-3(39)
171-5	BO049	171	171	5	{ride}	{ride}	_	_	_	_	_	nonverbalbehavior	_	none	_	End=351.02	_	_	_	_
172-0	BO075	172	172	0	[no].	no	_	_	_	_	_	linguistic	_	none	Intonation=Falling	Begin=350.178|End=350.65	_	_	_	0-2(39)
173-0	BO075	173	173	0	no,	no	_	_	_	_	_	linguistic	_	none	Intonation=WeaklyRising|PauseAfter=Yes	Begin=351.05	_	_	_	_
173-1	BO075	173	173	1	{P}	{P}	_	_	_	_	_	shortpause	_	none	_	_	_	_	_	_
173-2	BO075	173	173	2	s~	s~	_	_	_	_	_	linguistic	_	none	Interrupted=Yes	_	_	_	_	_
173-3	BO075	173	173	3	sì	sì	_	_	_	_	_	linguistic	_	none	_	_	_	_	_	_
173-4	BO075	173	173	4	forse	forse	_	_	_	_	_	linguistic	_	none	_	_	_	_	_	_
173-5	BO075	173	173	5	più	più	_	_	_	_	_	linguistic	_	none	_	_	_	_	_	_
173-6	BO075	173	173	6	più	più	_	_	_	_	_	linguistic	_	none	_	_	_	_	_	_
173-7	BO075	173	173	7	della	della	_	_	_	_	_	linguistic	_	none	_	_	_	_	_	_
173-8	BO075	173	173	8	descrizione	descrizione	_	_	_	_	_	linguistic	_	none	_	_	_	_	_	_
173-9	BO075	173	173	9	del~	del~	_	_	_	_	_	linguistic	_	none	Interrupted=Yes	_	_	_	_	_
173-10	BO075	173	173	10	della	della	_	_	_	_	_	linguistic	_	none	_	_	_	_	_	_
173-11	BO075	173	173	11	casa	casa	_	_	_	_	_	linguistic	_	none	_	_	_	_	_	_
173-12	BO075	173	173	12	o	o	_	_	_	_	_	linguistic	_	none	_	_	_	_	_	_
173-13	BO075	173	173	13	della	della	_	_	_	_	_	linguistic	_	none	_	_	_	_	_	_
173-14	BO075	173	173	14	famiglia.	famiglia	_	_	_	_	_	linguistic	_	none	Intonation=Falling	End=354.98	_	_	_	_
174-0	BO049	174	174	0	{ride}	{ride}	_	_	_	_	_	nonverbalbehavior	_	none	_	Begin=355.05|End=355.53	_	_	_	_
175-0	BO075	175	175	0	perché,	perché	_	_	_	_	_	linguistic	_	none	Intonation=WeaklyRising	Begin=355.625	_	_	_	_
175-1	BO075	175	175	1	perché	perché	_	_	_	_	_	linguistic	_	none	_	_	_	_	_	_
175-2	BO075	175	175	2	non	non	_	_	_	_	_	linguistic	_	none	_	_	_	_	_	_
175-3	BO075	175	175	3	ci	ci	_	_	_	_	_	linguistic	_	none	_	_	_	_	_	_
175-4	BO075	175	175	4	ho	ho	_	_	_	_	_	linguistic	_	none	_	_	_	_	_	_
175-5	BO075	175	175	5	mai	mai	_	_	_	_	_	linguistic	_	none	_	_	_	_	_	_
175-6	BO075	175	175	6	pensato	pensato	_	_	_	_	_	linguistic	_	none	_	_	_	_	_	_
175-7	BO075	175	175	7	particolarmente	particolarmente	_	_	_	_	_	linguistic	_	none	_	_	_	_	_	_
175-8	BO075	175	175	8	tanto	tanto	_	_	_	_	_	linguistic	_	none	_	End=358.03	_	_	_	_
176-0	BO075	176	176	0	ma	ma	_	_	_	_	_	linguistic	_	none	_	Begin=358.082	_	_	_	_
176-1	BO075	176	176	1	eh	eh	_	_	_	_	_	linguistic	_	none	_	End=358.75	_	_	_	_
177-0	BO049	177	177	0	{ride}	{ride}	_	_	_	_	_	nonverbalbehavior	_	none	_	Begin=358.773|End=359.54	_	_	_	_
178-0	BO075	178	178	0	>(tra)	tra	_	_	_	_	_	linguistic	_	none	_	Begin=359.69	_	Fast=0-3(0)	0-3(0)	_
178-1	BO075	178	178	1	i	i	_	_	_	_	_	linguistic	_	none	_	_	_	Fast=0-1(0)	_	_
178-2	BO075	178	178	2	due	due	_	_	_	_	_	linguistic	_	none	_	_	_	Fast=0-3(0)	_	_
178-3	BO075	178	178	3	ambienti	ambienti	_	_	_	_	_	linguistic	_	none	_	_	_	Fast=0-8(0)	_	_
178-4	BO075	178	178	4	che<	che	_	_	_	_	_	linguistic	_	none	_	_	_	Fast=0-3(0)	_	_
178-5	BO075	178	178	5	perferisco:,	perferisco	_	_	_	_	_	linguistic	_	none	Intonation=WeaklyRising	_	9x1	_	_	_
178-6	BO075	178	178	6	sono:,	sono	_	_	_	_	_	linguistic	_	none	Intonation=WeaklyRising	End=361.18	3x1	_	_	_
179-0	BO075	179	179	0	sono:	sono	_	_	_	_	_	linguistic	_	none	_	Begin=361.28	3x1	_	_	_
179-1	BO075	179	179	1	sì	sì	_	_	_	_	_	linguistic	_	none	_	_	_	_	_	_
179-2	BO075	179	179	2	ca~	ca~	_	_	_	_	_	linguistic	_	none	Interrupted=Yes	_	_	_	_	_
179-3	BO075	179	179	3	camera	camera	_	_	_	_	_	linguistic	_	none	_	_	_	_	_	_
179-4	BO075	179	179	4	mia	mia	_	_	_	_	_	linguistic	_	none	_	_	_	_	_	_
179-5	BO075	179	179	5	perché	perché	_	_	_	_	_	linguistic	_	none	_	_	_	_	_	_
179-6	BO075	179	179	6	lì	lì	_	_	_	_	_	linguistic	_	none	_	_	_	_	_	_
179-7	BO075	179	179	7	ci	ci	_	_	_	_	_	linguistic	_	none	_	_	_	_	_	_
179-8	BO075	179	179	8	lavoro	lavoro	_	_	_	_	_	linguistic	_	none	_	_	_	_	_	_
179-9	BO075	179	179	9	ci	ci	_	_	_	_	_	linguistic	_	none	_	_	_	_	_	_
179-10	BO075	179	179	10	ci	ci	_	_	_	_	_	linguistic	_	none	_	_	_	_	_	_
179-11	BO075	179	179	11	disegno	disegno	_	_	_	_	_	linguistic	_	none	_	_	_	_	_	_
179-12	BO075	179	179	12	ci:	ci	_	_	_	_	_	linguistic	_	none	_	_	1x1	_	_	_
179-13	BO075	179	179	13	faccio	faccio	_	_	_	_	_	linguistic	_	none	_	_	_	_	_	_
179-14	BO075	179	179	14	tutto	tutto	_	_	_	_	_	linguistic	_	none	_	_	_	_	_	_
179-15	BO075	179	179	15	quello	quello	_	_	_	_	_	linguistic	_	none	_	_	_	_	_	_
179-16	BO075	179	179	16	che	che	_	_	_	_	_	linguistic	_	none	_	_	_	_	_	_
179-17	BO075	179	179	17	fevo	fevo	_	_	_	_	_	linguistic	_	none	_	_	_	_	_	_
179-18	BO075	179	179	18	fare,	fare	_	_	_	_	_	linguistic	_	none	Intonation=WeaklyRising	End=367.11	_	_	_	_
180-0	BO075	180	180	0	e	e	_	_	_	_	_	linguistic	_	none	_	Begin=367.183	_	_	_	_
180-1	BO075	180	180	1	poi	poi	_	_	_	_	_	linguistic	_	none	_	_	_	_	_	_
180-2	BO075	180	180	2	c'	c'	_	_	_	_	_	linguistic	_	none	SpaceAfter=No	_	_	_	_	_
180-3	BO075	180	180	3	è:	è	_	_	_	_	_	linguistic	_	none	_	_	0x1	_	_	_
180-4	BO075	180	180	4	la	la	_	_	_	_	_	linguistic	_	none	_	_	_	_	_	_
180-5	BO075	180	180	5	mansadrda,	mansadrda	_	_	_	_	_	linguistic	_	none	Intonation=WeaklyRising	End=368.88	_	_	_	_
181-0	BO075	181	181	0	che	che	_	_	_	_	_	linguistic	_	none	_	Begin=369.47	_	_	_	_
181-1	BO075	181	181	1	è	è	_	_	_	_	_	linguistic	_	none	_	_	_	_	_	_
181-2	BO075	181	181	2	l'	l'	_	_	_	_	_	linguistic	_	none	SpaceAfter=No	_	_	_	_	_
181-3	BO075	181	181	3	unico	unico	_	_	_	_	_	linguistic	_	none	_	_	_	_	_	_
181-4	BO075	181	181	4	spazio	spazio	_	_	_	_	_	linguistic	_	none	_	_	_	_	_	_
181-5	BO075	181	181	5	dove	dove	_	_	_	_	_	linguistic	_	none	_	_	_	_	_	_
181-6	BO075	181	181	6	si	si	_	_	_	_	_	linguistic	_	none	_	_	_	_	_	_
181-7	BO075	181	181	7	può	può	_	_	_	_	_	linguistic	_	none	PauseAfter=Yes	_	_	_	_	_
181-8	BO075	181	181	8	{P}	{P}	_	_	_	_	_	shortpause	_	none	_	_	_	_	_	_
181-9	BO075	181	181	9	trovare	trovare	_	_	_	_	_	linguistic	_	none	_	_	_	_	_	_
181-10	BO075	181	181	10	un	un	_	_	_	_	_	linguistic	_	none	_	_	_	_	_	_
181-11	BO075	181	181	11	po'	po'	_	_	_	_	_	linguistic	_	none	_	_	_	_	_	_
181-12	BO075	181	181	12	di	di	_	_	_	_	_	linguistic	_	none	_	_	_	_	_	_
181-13	BO075	181	181	13	silenzio:	silenzio	_	_	_	_	_	linguistic	_	none	_	_	7x1	_	_	_
181-14	BO075	181	181	14	all'	all'	_	_	_	_	_	linguistic	_	none	SpaceAfter=No	_	_	_	_	_
181-15	BO075	181	181	15	interno	interno	_	_	_	_	_	linguistic	_	none	_	_	_	_	_	_
181-16	BO075	181	181	16	della	della	_	_	_	_	_	linguistic	_	none	_	_	_	_	_	_
181-17	BO075	181	181	17	casa,	casa	_	_	_	_	_	linguistic	_	none	Intonation=WeaklyRising	_	_	_	_	_
181-18	BO075	181	181	18	perché	perché	_	_	_	_	_	linguistic	_	none	_	End=373.6	_	_	_	_
182-0	BO075	182	182	0	e::h	eh	_	_	_	_	_	linguistic	_	none	ProsodicLink=Yes	Begin=374.06	0x2	_	_	_
182-1	BO075	182	182	1	m:h	mh	_	_	_	_	_	linguistic	_	none	_	End=374.99	0x1	_	_	_
183-0	BO075	183	183	0	perché	perché	_	_	_	_	_	linguistic	_	none	_	Begin=375.26	_	_	_	_
183-1	BO075	183	183	1	viviamo	viviamo	_	_	_	_	_	linguistic	_	none	_	_	_	_	_	_
183-2	BO075	183	183	2	a	a	_	_	_	_	_	linguistic	_	none	_	_	_	_	_	_
183-3	BO075	183	183	3	fianco	fianco	_	_	_	_	_	linguistic	_	none	_	_	_	_	_	_
183-4	BO075	183	183	4	all'	all'	_	_	_	_	_	linguistic	_	none	SpaceAfter=No	_	_	_	_	_
183-5	BO075	183	183	5	ospedale.	ospedale	_	_	_	_	_	linguistic	_	none	Intonation=Falling	End=376.82	_	_	_	_
184-0	BO075	184	184	0	a	a	_	_	_	_	_	linguistic	_	none	_	Begin=376.88	_	_	_	_
184-1	BO075	184	184	1	fianco	fianco	_	_	_	_	_	linguistic	_	none	_	_	_	_	_	_
184-2	BO075	184	184	2	all'	all'	_	_	_	_	_	linguistic	_	none	SpaceAfter=No	_	_	_	_	_
184-3	BO075	184	184	3	ospedale	ospedale	_	_	_	_	_	linguistic	_	none	_	_	_	_	_	_
184-4	BO075	184	184	4	oltre	oltre	_	_	_	_	_	linguistic	_	none	_	_	_	_	_	_
184-5	BO075	184	184	5	a	a	_	_	_	_	_	linguistic	_	none	_	_	_	_	_	_
184-6	BO075	184	184	6	esserci	esserci	_	_	_	_	_	linguistic	_	none	_	_	_	_	_	_
184-7	BO075	184	184	7	la	la	_	_	_	_	_	linguistic	_	none	_	_	_	_	_	_
184-8	BO075	184	184	8	camera	camera	_	_	_	_	_	linguistic	_	none	_	_	_	_	_	_
184-9	BO075	184	184	9	mortale	mortale	_	_	_	_	_	linguistic	_	none	PauseAfter=Yes	_	_	_	_	_
184-10	BO075	184	184	10	{P}	{P}	_	_	_	_	_	shortpause	_	none	_	_	_	_	_	_
184-11	BO075	184	184	11	c'	c'	_	_	_	_	_	linguistic	_	none	SpaceAfter=No	_	_	_	_	_
184-12	BO075	184	184	12	è	è	_	_	_	_	_	linguistic	_	none	_	_	_	_	_	_
184-13	BO075	184	184	13	anche	anche	_	_	_	_	_	linguistic	_	none	_	End=380.43	_	_	_	_
185-0	BO075	185	185	0	e::h	eh	_	_	_	_	_	linguistic	_	none	_	Begin=380.545|End=381.18	0x2	_	_	_
186-0	BO075	186	186	0	c'	c'	_	_	_	_	_	linguistic	_	none	SpaceAfter=No	Begin=381.55	_	_	_	_
186-1	BO075	186	186	1	è	è	_	_	_	_	_	linguistic	_	none	_	_	_	_	_	_
186-2	BO075	186	186	2	una	una	_	_	_	_	_	linguistic	_	none	_	_	_	_	_	_
186-3	BO075	186	186	3	una	una	_	_	_	_	_	linguistic	_	none	_	_	_	_	_	_
186-4	BO075	186	186	4	piccola	piccola	_	_	_	_	_	linguistic	_	none	_	_	_	_	_	_
186-5	BO075	186	186	5	azienducola	azienducola	_	_	_	_	_	linguistic	_	none	_	_	_	_	_	_
186-6	BO075	186	186	6	che	che	_	_	_	_	_	linguistic	_	none	_	_	_	_	_	_
186-7	BO075	186	186	7	credo	credo	_	_	_	_	_	linguistic	_	none	_	_	_	_	_	_
186-8	BO075	186	186	8	che	che	_	_	_	_	_	linguistic	_	none	_	_	_	_	_	_
186-9	BO075	186	186	9	fornisca	fornisca	_	_	_	_	_	linguistic	_	none	_	_	_	_	_	_
186-10	BO075	186	186	10	e::h	eh	_	_	_	_	_	linguistic	_	none	ProsodicLink=Yes	_	0x2	_	_	_
186-11	BO075	186	186	11	m:h	mh	_	_	_	_	_	linguistic	_	none	_	End=385.38	0x1	_	_	_
187-0	BO075	187	187	0	gli	gli	_	_	_	_	_	linguistic	_	none	_	Begin=385.447	_	_	_	_
187-1	BO075	187	187	1	indumenti	indumenti	_	_	_	_	_	linguistic	_	none	_	_	_	_	_	_
187-2	BO075	187	187	2	la	la	_	_	_	_	_	linguistic	_	none	_	_	_	_	_	_
187-3	BO075	187	187	3	di	di	_	_	_	_	_	linguistic	_	none	_	_	_	_	_	_
187-4	BO075	187	187	4	biancheria	biancheria	_	_	_	_	_	linguistic	_	none	_	End=387.29	_	_	_	_
188-0	BO075	188	188	0	e:h	eh	_	_	_	_	_	linguistic	_	none	_	Begin=387.425	0x1	_	_	_
188-1	BO075	188	188	1	per	per	_	_	_	_	_	linguistic	_	none	_	_	_	_	_	_
188-2	BO075	188	188	2	l'	l'	_	_	_	_	_	linguistic	_	none	SpaceAfter=No	_	_	_	_	_
188-3	BO075	188	188	3	ospeda[le].	ospedale	_	_	_	_	_	linguistic	_	none	Intonation=Falling	End=388.79	_	_	_	5-8(40)
189-0	BO049	189	189	0	[a]:h,	ah	_	_	_	_	_	linguistic	_	none	Intonation=WeaklyRising	Begin=388.59|End=389.08	0x1	_	_	0-1(40)
190-0	BO075	190	190	0	ed	ed	_	_	_	_	_	linguistic	_	none	_	Begin=389.121	_	_	_	_
190-1	BO075	190	190	1	è	è	_	_	_	_	_	linguistic	_	none	_	_	_	_	_	_
190-2	BO075	190	190	2	tipo	tipo	_	_	_	_	_	linguistic	_	none	_	_	_	_	_	_
190-3	BO075	190	190	3	una	una	_	_	_	_	_	linguistic	_	none	_	_	_	_	_	_
190-4	BO075	190	190	4	centralina	centralina	_	_	_	_	_	linguistic	_	none	PauseAfter=Yes	_	_	_	_	_
190-5	BO075	190	190	5	{P}	{P}	_	_	_	_	_	shortpause	_	none	_	_	_	_	_	_
190-6	BO075	190	190	6	una	una	_	_	_	_	_	linguistic	_	none	_	_	_	_	_	_
190-7	BO075	190	190	7	(di)	di	_	_	_	_	_	linguistic	_	none	_	_	_	_	0-2(0)	_
190-8	BO075	190	190	8	una	una	_	_	_	_	_	linguistic	_	none	_	_	_	_	_	_
190-9	BO075	190	190	9	centrale.	centrale	_	_	_	_	_	linguistic	_	none	Intonation=Falling	End=391.71	_	_	_	_
191-0	BO075	191	191	0	e:h	eh	_	_	_	_	_	linguistic	_	none	ProsodicLink=Yes	Begin=391.836	0x1	_	_	_
191-1	BO075	191	191	1	m::h	mh	_	_	_	_	_	linguistic	_	none	_	End=392.46	0x2	_	_	_
192-0	BO075	192	192	0	e	e	_	_	_	_	_	linguistic	_	none	_	Begin=392.618	_	_	_	_
192-1	BO075	192	192	1	fa	fa	_	_	_	_	_	linguistic	_	none	_	_	_	_	_	_
192-2	BO075	192	192	2	sempre	sempre	_	_	_	_	_	linguistic	_	none	_	_	_	_	_	_
192-3	BO075	192	192	3	questo	questo	_	_	_	_	_	linguistic	_	none	_	_	_	_	_	_
192-4	BO075	192	192	4	ronzio:	ronzio	_	_	_	_	_	linguistic	_	none	_	_	5x1	_	_	_
192-5	BO075	192	192	5	di	di	_	_	_	_	_	linguistic	_	none	_	_	_	_	_	_
192-6	BO075	192	192	6	merda	merda	_	_	_	_	_	linguistic	_	none	PauseAfter=Yes	_	_	_	_	_
192-7	BO075	192	192	7	{P}	{P}	_	_	_	_	_	shortpause	_	none	_	_	_	_	_	_
192-8	BO075	192	192	8	di	di	_	_	_	_	_	linguistic	_	none	_	_	_	_	_	_
192-9	BO075	192	192	9	sottofondo,	sottofondo	_	_	_	_	_	linguistic	_	none	Intonation=WeaklyRising	_	_	_	_	_
192-10	BO075	192	192	10	e:h	eh	_	_	_	_	_	linguistic	_	none	_	End=396.39	0x1	_	_	_
193-0	BO075	193	193	0	quindi	quindi	_	_	_	_	_	linguistic	_	none	_	Begin=396.966	_	_	_	_
193-1	BO075	193	193	1	il	il	_	_	_	_	_	linguistic	_	none	_	_	_	_	_	_
193-2	BO075	193	193	2	silenzio	silenzio	_	_	_	_	_	linguistic	_	none	_	_	_	_	_	_
193-3	BO075	193	193	3	è	è	_	_	_	_	_	linguistic	_	none	_	_	_	_	_	_
193-4	BO075	193	193	4	molto	molto	_	_	_	_	_	linguistic	_	none	_	_	_	_	_	_
193-5	BO075	193	193	5	difficile	difficile	_	_	_	_	_	linguistic	_	none	_	_	_	_	_	_
193-6	BO075	193	193	6	da	da	_	_	_	_	_	linguistic	_	none	_	_	_	_	_	_
193-7	BO075	193	193	7	trovare	trovare	_	_	_	_	_	linguistic	_	none	PauseAfter=Yes	_	_	_	_	_
193-8	BO075	193	193	8	{P}	{P}	_	_	_	_	_	shortpause	_	none	_	_	_	_	_	_
193-9	BO075	193	193	9	in	in	_	_	_	_	_	linguistic	_	none	_	_	_	_	_	_
193-10	BO075	193	193	10	casa	casa	_	_	_	_	_	linguistic	_	none	_	_	_	_	_	_
193-11	BO075	193	193	11	mia	mia	_	_	_	_	_	linguistic	_	none	_	_	_	_	_	_
193-12	BO075	193	193	12	la	la	_	_	_	_	_	linguistic	_	none	_	_	_	_	_	_
193-13	BO075	193	193	13	mansarda	mansarda	_	_	_	_	_	linguistic	_	none	_	_	_	_	_	_
193-14	BO075	193	193	14	invece	invece	_	_	_	_	_	linguistic	_	none	_	End=400.92	_	_	_	_
194-0	BO075	194	194	0	è	è	_	_	_	_	_	linguistic	_	none	_	Begin=401.403	_	_	_	_
194-1	BO075	194	194	1	un	un	_	_	_	_	_	linguistic	_	none	_	_	_	_	_	_
194-2	BO075	194	194	2	posto::	posto	_	_	_	_	_	linguistic	_	none	_	_	4x2	_	_	_
194-3	BO075	194	194	3	più	più	_	_	_	_	_	linguistic	_	none	_	_	_	_	_	_
194-4	BO075	194	194	4	o	o	_	_	_	_	_	linguistic	_	none	_	_	_	_	_	_
194-5	BO075	194	194	5	meno:	meno	_	_	_	_	_	linguistic	_	none	ProsodicLink=Yes	_	3x1	_	_	_
194-6	BO075	194	194	6	e:h	eh	_	_	_	_	_	linguistic	_	none	ProsodicLink=Yes	_	0x1	_	_	_
194-7	BO075	194	194	7	m:h	mh	_	_	_	_	_	linguistic	_	none	_	End=403.85	0x1	_	_	_
195-0	BO075	195	195	0	vi~	vi~	_	_	_	_	_	linguistic	_	none	Interrupted=Yes	Begin=404.145	_	_	_	_
195-1	BO075	195	195	1	vivibile	vivibile	_	_	_	_	_	linguistic	_	none	_	_	_	_	_	_
195-2	BO075	195	195	2	da	da	_	_	_	_	_	linguistic	_	none	_	_	_	_	_	_
195-3	BO075	195	195	3	questo	questo	_	_	_	_	_	linguistic	_	none	_	_	_	_	_	_
195-4	BO075	195	195	4	punto	punto	_	_	_	_	_	linguistic	_	none	_	_	_	_	_	_
195-5	BO075	195	195	5	di	di	_	_	_	_	_	linguistic	_	none	_	_	_	_	_	_
195-6	BO075	195	195	6	vista.	vista	_	_	_	_	_	linguistic	_	none	Intonation=Falling	End=405.94	_	_	_	_
196-0	BO075	196	196	0	e::h	eh	_	_	_	_	_	linguistic	_	none	_	Begin=406.061|End=406.7	0x2	_	_	_
197-0	BO075	197	197	0	quindi	quindi	_	_	_	_	_	linguistic	_	none	_	Begin=406.811	_	_	_	_
197-1	BO075	197	197	1	la	la	_	_	_	_	_	linguistic	_	none	_	_	_	_	_	_
197-2	BO075	197	197	2	mansarda,	mansarda	_	_	_	_	_	linguistic	_	none	Intonation=WeaklyRising	_	_	_	_	_
197-3	BO075	197	197	3	è::	è	_	_	_	_	_	linguistic	_	none	ProsodicLink=Yes	_	0x2	_	_	_
197-4	BO075	197	197	4	mh	mh	_	_	_	_	_	linguistic	_	none	_	End=408.59	_	_	_	_
198-0	BO075	198	198	0	°forse	forse	_	_	_	_	_	linguistic	_	none	PauseAfter=Yes|Volume=low	Begin=408.75	_	_	_	_
198-1	BO075	198	198	1	{P}	{P}	_	_	_	_	_	shortpause	_	none	Volume=low	_	_	_	_	_
198-2	BO075	198	198	2	non	non	_	_	_	_	_	linguistic	_	none	Volume=low	_	_	_	_	_
198-3	BO075	198	198	3	so	so	_	_	_	_	_	linguistic	_	none	Volume=low	_	_	_	_	_
198-4	BO075	198	198	4	se°	se	_	_	_	_	_	linguistic	_	none	Volume=low	End=409.58	_	_	_	_
199-0	BO075	199	199	0	>non	non	_	_	_	_	_	linguistic	_	none	_	Begin=409.611	_	Fast=0-3(0)	_	_
199-1	BO075	199	199	1	so	so	_	_	_	_	_	linguistic	_	none	_	_	_	Fast=0-2(0)	_	_
199-2	BO075	199	199	2	preferisco	preferisco	_	_	_	_	_	linguistic	_	none	_	_	_	Fast=0-10(0)	_	_
199-3	BO075	199	199	3	la	la	_	_	_	_	_	linguistic	_	none	_	_	_	Fast=0-2(0)	_	_
199-4	BO075	199	199	4	mansarda	mansarda	_	_	_	_	_	linguistic	_	none	_	_	_	Fast=0-8(0)	_	_
199-5	BO075	199	199	5	o	o	_	_	_	_	_	linguistic	_	none	_	_	_	Fast=0-1(0)	_	_
199-6	BO075	199	199	6	o	o	_	_	_	_	_	linguistic	_	none	_	_	_	Fast=0-1(0)	_	_
199-7	BO075	199	199	7	la	la	_	_	_	_	_	linguistic	_	none	_	_	_	Fast=0-2(0)	_	_
199-8	BO075	199	199	8	stanza	stanza	_	_	_	_	_	linguistic	_	none	_	_	_	Fast=0-6(0)	_	_
199-9	BO075	199	199	9	ecco<	ecco	_	_	_	_	_	linguistic	_	none	_	_	_	Fast=0-4(0)	_	_
199-10	BO075	199	199	10	se	se	_	_	_	_	_	linguistic	_	none	_	_	_	_	_	_
199-11	BO075	199	199	11	la	la	_	_	_	_	_	linguistic	_	none	_	_	_	_	_	_
199-12	BO075	199	199	12	sta:nza	stanza	_	_	_	_	_	linguistic	_	none	_	_	2x1	_	_	_
199-13	BO075	199	199	13	diventasse	diventasse	_	_	_	_	_	linguistic	_	none	_	End=413.07	_	_	_	_
200-0	BO075	200	200	0	>fosse	fosse	_	_	_	_	_	linguistic	_	none	_	Begin=413.585	_	Fast=0-5(0)	_	_
200-1	BO075	200	200	1	inglobata	inglobata	_	_	_	_	_	linguistic	_	none	_	_	_	Fast=0-9(0)	_	_
200-2	BO075	200	200	2	nella	nella	_	_	_	_	_	linguistic	_	none	_	_	_	Fast=0-5(0)	_	_
200-3	BO075	200	200	3	mansarda	mansarda	_	_	_	_	_	linguistic	_	none	_	_	_	Fast=0-8(0)	_	_
200-4	BO075	200	200	4	ma	ma	_	_	_	_	_	linguistic	_	none	_	_	_	Fast=0-2(0)	_	_
200-5	BO075	200	200	5	[non	non	_	_	_	_	_	linguistic	_	none	_	_	_	Fast=0-3(0)	_	0-3(41)
200-6	BO075	200	200	6	lo	lo	_	_	_	_	_	linguistic	_	none	_	_	_	Fast=0-2(0)	_	0-2(41)
200-7	BO075	200	200	7	posso	posso	_	_	_	_	_	linguistic	_	none	_	_	_	Fast=0-5(0)	_	0-5(41)
200-8	BO075	200	200	8	fare	fare	_	_	_	_	_	linguistic	_	none	_	_	_	Fast=0-4(0)	_	0-4(41)
200-9	BO075	200	200	9	per]ché<	perché	_	_	_	_	_	linguistic	_	none	_	_	_	Fast=0-6(0)	_	0-3(41)
200-10	BO075	200	200	10	ci	ci	_	_	_	_	_	linguistic	_	none	_	_	_	_	_	_
200-11	BO075	200	200	11	stende	stende	_	_	_	_	_	linguistic	_	none	_	_	_	_	_	_
200-12	BO075	200	200	12	tutta	tutta	_	_	_	_	_	linguistic	_	none	_	_	_	_	_	_
200-13	BO075	200	200	13	la	la	_	_	_	_	_	linguistic	_	none	_	_	_	_	_	_
200-14	BO075	200	200	14	fa[miglia	famiglia	_	_	_	_	_	linguistic	_	none	_	_	_	_	_	2-8(42)
200-15	BO075	200	200	15	e::h]	eh	_	_	_	_	_	linguistic	_	none	_	End=418.076	0x2	_	_	0-2(42)
201-0	BO049	201	201	0	[(e:h)]	eh	_	_	_	_	_	linguistic	_	none	_	Begin=415.195|End=415.86	0x1	_	0-2(0)	0-2(41)
202-0	BO049	202	202	0	[a::h	ah	_	_	_	_	_	linguistic	_	none	_	Begin=417.225	0x2	_	_	0-2(42)
202-1	BO049	202	202	1	okay]	okay	_	_	_	_	_	linguistic	_	none	_	End=418.07	_	_	_	0-4(42)
203-0	BO075	203	203	0	e::	e	_	_	_	_	_	linguistic	_	none	_	Begin=418.865	0x2	_	_	_
203-1	BO075	203	203	1	sarebbe	sarebbe	_	_	_	_	_	linguistic	_	none	_	_	_	_	_	_
203-2	BO075	203	203	2	il	il	_	_	_	_	_	linguistic	_	none	PauseAfter=Yes	_	_	_	_	_
203-3	BO075	203	203	3	{P}	{P}	_	_	_	_	_	shortpause	_	none	_	_	_	_	_	_
203-4	BO075	203	203	4	il	il	_	_	_	_	_	linguistic	_	none	_	_	_	_	_	_
203-5	BO075	203	203	5	top	top	_	_	_	_	_	linguistic	_	none	_	_	_	_	_	_
203-6	BO075	203	203	6	della	della	_	_	_	_	_	linguistic	_	none	_	_	_	_	_	_
203-7	BO075	203	203	7	gamma.	gamma	_	_	_	_	_	linguistic	_	none	Intonation=Falling	End=421.21	_	_	_	_
204-0	BO075	204	204	0	quindi	quindi	_	_	_	_	_	linguistic	_	none	_	Begin=421.42	_	_	_	_
204-1	BO075	204	204	1	insomma	insomma	_	_	_	_	_	linguistic	_	none	_	_	_	_	_	_
204-2	BO075	204	204	2	la	la	_	_	_	_	_	linguistic	_	none	_	_	_	_	_	_
204-3	BO075	204	204	3	mansarda	mansarda	_	_	_	_	_	linguistic	_	none	_	_	_	_	_	_
204-4	BO075	204	204	4	è	è	_	_	_	_	_	linguistic	_	none	_	_	_	_	_	_
204-5	BO075	204	204	5	ottima	ottima	_	_	_	_	_	linguistic	_	none	_	_	_	_	_	_
204-6	BO075	204	204	6	per	per	_	_	_	_	_	linguistic	_	none	_	_	_	_	_	_
204-7	BO075	204	204	7	il	il	_	_	_	_	_	linguistic	_	none	_	_	_	_	_	_
204-8	BO075	204	204	8	silenzio,	silenzio	_	_	_	_	_	linguistic	_	none	Intonation=WeaklyRising	_	_	_	_	_
204-9	BO075	204	204	9	invece	invece	_	_	_	_	_	linguistic	_	none	PauseAfter=Yes	_	_	_	_	_
204-10	BO075	204	204	10	{P}	{P}	_	_	_	_	_	shortpause	_	none	_	_	_	_	_	_
204-11	BO075	204	204	11	la:::	la	_	_	_	_	_	linguistic	_	none	_	End=425.68	1x3	_	_	_
205-0	BO049	205	205	0	{ride}	{ride}	_	_	_	_	_	nonverbalbehavior	_	none	_	Begin=422.45|End=423.31	_	_	_	_
206-0	BO075	206	206	0	la	la	_	_	_	_	_	linguistic	_	none	_	Begin=426.09	_	_	_	_
206-1	BO075	206	206	1	stanza,	stanza	_	_	_	_	_	linguistic	_	none	Intonation=WeaklyRising	End=427.0	_	_	_	_
207-0	BO075	207	207	0	beh	beh	_	_	_	_	_	linguistic	_	none	_	Begin=427.115	_	_	_	_
207-1	BO075	207	207	1	boh	boh	_	_	_	_	_	linguistic	_	none	_	_	_	_	_	_
207-2	BO075	207	207	2	la	la	_	_	_	_	_	linguistic	_	none	_	_	_	_	_	_
207-3	BO075	207	207	3	stanza	stanza	_	_	_	_	_	linguistic	_	none	_	_	_	_	_	_
207-4	BO075	207	207	4	è:	è	_	_	_	_	_	linguistic	_	none	_	End=428.58	0x1	_	_	_
208-0	BO075	208	208	0	sono:	sono	_	_	_	_	_	linguistic	_	none	_	Begin=428.816|End=429.5	3x1	_	_	_
209-0	BO075	209	209	0	du~	du~	_	_	_	_	_	linguistic	_	none	Interrupted=Yes	Begin=429.93	_	_	_	_
209-1	BO075	209	209	1	tre	tre	_	_	_	_	_	linguistic	_	none	_	_	_	_	_	_
209-2	BO075	209	209	2	scrivanie,	scrivanie	_	_	_	_	_	linguistic	_	none	Intonation=WeaklyRising	_	_	_	_	_
209-3	BO075	209	209	3	collegate,	collegate	_	_	_	_	_	linguistic	_	none	Intonation=WeaklyRising	_	_	_	_	_
209-4	BO075	209	209	4	con	con	_	_	_	_	_	linguistic	_	none	_	_	_	_	_	_
209-5	BO075	209	209	5	il	il	_	_	_	_	_	linguistic	_	none	_	_	_	_	_	_
209-6	BO075	209	209	6	mio	mio	_	_	_	_	_	linguistic	_	none	_	_	_	_	_	_
209-7	BO075	209	209	7	letto,	letto	_	_	_	_	_	linguistic	_	none	Intonation=WeaklyRising	End=433.68	_	_	_	_
210-0	BO075	210	210	0	e:::	e	_	_	_	_	_	linguistic	_	none	_	Begin=433.806|End=434.8	0x3	_	_	_
211-0	BO075	211	211	0	e	e	_	_	_	_	_	linguistic	_	none	PauseAfter=Yes	Begin=435.64	_	_	_	_
211-1	BO075	211	211	1	{P}	{P}	_	_	_	_	_	shortpause	_	none	_	_	_	_	_	_
211-2	BO075	211	211	2	c'	c'	_	_	_	_	_	linguistic	_	none	SpaceAfter=No	_	_	_	_	_
211-3	BO075	211	211	3	è	è	_	_	_	_	_	linguistic	_	none	_	_	_	_	_	_
211-4	BO075	211	211	4	ora	ora	_	_	_	_	_	linguistic	_	none	_	_	_	_	_	_
211-5	BO075	211	211	5	da	da	_	_	_	_	_	linguistic	_	none	_	_	_	_	_	_
211-6	BO075	211	211	6	da	da	_	_	_	_	_	linguistic	_	none	_	_	_	_	_	_
211-7	BO075	211	211	7	poco	poco	_	_	_	_	_	linguistic	_	none	_	_	_	_	_	_
211-8	BO075	211	211	8	tempo	tempo	_	_	_	_	_	linguistic	_	none	_	_	_	_	_	_
211-9	BO075	211	211	9	a	a	_	_	_	_	_	linguistic	_	none	_	_	_	_	_	_
211-10	BO075	211	211	10	questa	questa	_	_	_	_	_	linguistic	_	none	_	_	_	_	_	_
211-11	BO075	211	211	11	parte	parte	_	_	_	_	_	linguistic	_	none	_	_	_	_	_	_
211-12	BO075	211	211	12	convivo	convivo	_	_	_	_	_	linguistic	_	none	_	_	_	_	_	_
211-13	BO075	211	211	13	con	con	_	_	_	_	_	linguistic	_	none	_	_	_	_	_	_
211-14	BO075	211	211	14	un::	un	_	_	_	_	_	linguistic	_	none	_	End=439.14	1x2	_	_	_
212-0	BO075	212	212	0	una	una	_	_	_	_	_	linguistic	_	none	_	Begin=439.208	_	_	_	_
212-1	BO075	212	212	1	panca	panca	_	_	_	_	_	linguistic	_	none	_	_	_	_	_	_
212-2	BO075	212	212	2	piana	piana	_	_	_	_	_	linguistic	_	none	_	_	_	_	_	_
212-3	BO075	212	212	3	e	e	_	_	_	_	_	linguistic	_	none	_	_	_	_	_	_
212-4	BO075	212	212	4	un	un	_	_	_	_	_	linguistic	_	none	_	_	_	_	_	_
212-5	BO075	212	212	5	bilanciere	bilanciere	_	_	_	_	_	linguistic	_	none	_	_	_	_	_	_
212-6	BO075	212	212	6	perché	perché	_	_	_	_	_	linguistic	_	none	_	End=441.72	_	_	_	_
213-0	BO049	213	213	0	{ride}	{ride}	_	_	_	_	_	nonverbalbehavior	_	none	_	Begin=440.988|End=441.72	_	_	_	_
214-0	BO075	214	214	0	e:h	eh	_	_	_	_	_	linguistic	_	none	_	Begin=442.13	0x1	_	_	_
214-1	BO075	214	214	1	perché	perché	_	_	_	_	_	linguistic	_	none	_	_	_	_	_	_
214-2	BO075	214	214	2	c'	c'	_	_	_	_	_	linguistic	_	none	SpaceAfter=No	_	_	_	_	_
214-3	BO075	214	214	3	è	è	_	_	_	_	_	linguistic	_	none	_	_	_	_	_	_
214-4	BO075	214	214	4	bisogno	bisogno	_	_	_	_	_	linguistic	_	none	_	_	_	_	_	_
214-5	BO075	214	214	5	di	di	_	_	_	_	_	linguistic	_	none	_	_	_	_	_	_
214-6	BO075	214	214	6	stare	stare	_	_	_	_	_	linguistic	_	none	_	_	_	_	_	_
214-7	BO075	214	214	7	in	in	_	_	_	_	_	linguistic	_	none	_	_	_	_	_	_
214-8	BO075	214	214	8	forma	forma	_	_	_	_	_	linguistic	_	none	_	_	_	_	_	_
214-9	BO075	214	214	9	per	per	_	_	_	_	_	linguistic	_	none	_	_	_	_	_	_
214-10	BO075	214	214	10	sentirsi	sentirsi	_	_	_	_	_	linguistic	_	none	_	_	_	_	_	_
214-11	BO075	214	214	11	meglio	meglio	_	_	_	_	_	linguistic	_	none	_	End=445.23	_	_	_	_
215-0	BO049	215	215	0	{ride}	{ride}	_	_	_	_	_	nonverbalbehavior	_	none	_	Begin=445.185|End=446.08	_	_	_	_
216-0	BO075	216	216	0	nella	nella	_	_	_	_	_	linguistic	_	none	_	Begin=445.62	_	_	_	_
216-1	BO075	216	216	1	propria	propria	_	_	_	_	_	linguistic	_	none	_	_	_	_	_	_
216-2	BO075	216	216	2	vita,	vita	_	_	_	_	_	linguistic	_	none	Intonation=WeaklyRising	End=446.72	_	_	_	_
217-0	BO075	217	217	0	è	è	_	_	_	_	_	linguistic	_	none	_	Begin=446.776	_	_	_	_
217-1	BO075	217	217	1	che	che	_	_	_	_	_	linguistic	_	none	_	_	_	_	_	_
217-2	BO075	217	217	2	è	è	_	_	_	_	_	linguistic	_	none	_	_	_	_	_	_
217-3	BO075	217	217	3	importante	importante	_	_	_	_	_	linguistic	_	none	_	_	_	_	_	_
217-4	BO075	217	217	4	il	il	_	_	_	_	_	linguistic	_	none	_	_	_	_	_	_
217-5	BO075	217	217	5	fisico	fisico	_	_	_	_	_	linguistic	_	none	_	_	_	_	_	_
217-6	BO075	217	217	6	è	è	_	_	_	_	_	linguistic	_	none	_	_	_	_	_	_
217-7	BO075	217	217	7	importante,	importante	_	_	_	_	_	linguistic	_	none	Intonation=WeaklyRising	_	_	_	_	_
217-8	BO075	217	217	8	non	non	_	_	_	_	_	linguistic	_	none	_	_	_	_	_	_
217-9	BO075	217	217	9	credevo	credevo	_	_	_	_	_	linguistic	_	none	_	_	_	_	_	_
217-10	BO075	217	217	10	però	però	_	_	_	_	_	linguistic	_	none	_	_	_	_	_	_
217-11	BO075	217	217	11	è	è	_	_	_	_	_	linguistic	_	none	_	_	_	_	_	_
217-12	BO075	217	217	12	una	una	_	_	_	_	_	linguistic	_	none	_	_	_	_	_	_
217-13	BO075	217	217	13	cosa	cosa	_	_	_	_	_	linguistic	_	none	_	_	_	_	_	_
217-14	BO075	217	217	14	che	che	_	_	_	_	_	linguistic	_	none	_	_	_	_	_	_
217-15	BO075	217	217	15	ho	ho	_	_	_	_	_	linguistic	_	none	_	_	_	_	_	_
217-16	BO075	217	217	16	covato	covato	_	_	_	_	_	linguistic	_	none	_	End=450.76	_	_	_	_
218-0	BO049	218	218	0	{ride}	{ride}	_	_	_	_	_	nonverbalbehavior	_	none	_	Begin=447.428|End=448.05	_	_	_	_
219-0	BO049	219	219	0	{ride}	{ride}	_	_	_	_	_	nonverbalbehavior	_	none	_	Begin=450.581|End=451.23	_	_	_	_
220-0	BO075	220	220	0	per	per	_	_	_	_	_	linguistic	_	none	_	Begin=450.943	_	_	_	_
220-1	BO075	220	220	1	qualche	qualche	_	_	_	_	_	linguistic	_	none	_	_	_	_	_	_
220-2	BO075	220	220	2	anno	anno	_	_	_	_	_	linguistic	_	none	_	_	_	_	_	_
220-3	BO075	220	220	3	fa	fa	_	_	_	_	_	linguistic	_	none	_	_	_	_	_	_
220-4	BO075	220	220	4	me	me	_	_	_	_	_	linguistic	_	none	_	_	_	_	_	_
220-5	BO075	220	220	5	ne	ne	_	_	_	_	_	linguistic	_	none	_	_	_	_	_	_
220-6	BO075	220	220	6	sarei	sarei	_	_	_	_	_	linguistic	_	none	_	_	_	_	_	_
220-7	BO075	220	220	7	vergognato	vergognato	_	_	_	_	_	linguistic	_	none	_	_	_	_	_	_
220-8	BO075	220	220	8	invece	invece	_	_	_	_	_	linguistic	_	none	_	_	_	_	_	_
220-9	BO075	220	220	9	no	no	_	_	_	_	_	linguistic	_	none	_	_	_	_	_	_
220-10	BO075	220	220	10	adesso	adesso	_	_	_	_	_	linguistic	_	none	_	_	_	_	_	_
220-11	BO075	220	220	11	xx	xx	_	_	_	_	_	unknown	_	none	Syllables=2	_	_	_	_	_
220-12	BO075	220	220	12	diventato,	diventato	_	_	_	_	_	linguistic	_	none	Intonation=WeaklyRising	End=454.46	_	_	_	_
221-0	BO049	221	221	0	{ride}	{ride}	_	_	_	_	_	nonverbalbehavior	_	none	_	Begin=453.42|End=454.34	_	_	_	_
222-0	BO075	222	222	0	{ride}	{ride}	_	_	_	_	_	nonverbalbehavior	_	none	_	Begin=454.573|End=455.503	_	_	_	_
223-0	BO075	223	223	0	e::h	eh	_	_	_	_	_	linguistic	_	none	_	Begin=455.64|End=456.75	0x2	_	_	_
224-0	BO049	224	224	0	{ride}	{ride}	_	_	_	_	_	nonverbalbehavior	_	none	_	Begin=456.31|End=457.373	_	_	_	_
225-0	BO075	225	225	0	fatto	fatto	_	_	_	_	_	linguistic	_	none	_	Begin=456.888	_	_	_	_
225-1	BO075	225	225	1	sta	sta	_	_	_	_	_	linguistic	_	none	_	_	_	_	_	_
225-2	BO075	225	225	2	che	che	_	_	_	_	_	linguistic	_	none	PauseAfter=Yes	_	_	_	_	_
225-3	BO075	225	225	3	{P}	{P}	_	_	_	_	_	shortpause	_	none	_	_	_	_	_	_
225-4	BO075	225	225	4	è	è	_	_	_	_	_	linguistic	_	none	_	_	_	_	_	_
225-5	BO075	225	225	5	un	un	_	_	_	_	_	linguistic	_	none	_	_	_	_	_	_
225-6	BO075	225	225	6	accumulo	accumulo	_	_	_	_	_	linguistic	_	none	_	_	_	_	_	_
225-7	BO075	225	225	7	di:	di	_	_	_	_	_	linguistic	_	none	_	End=459.71	1x1	_	_	_
226-0	BO075	226	226	0	cioè	cioè	_	_	_	_	_	linguistic	_	none	_	Begin=460.12	_	_	_	_
226-1	BO075	226	226	1	la	la	_	_	_	_	_	linguistic	_	none	_	_	_	_	_	_
226-2	BO075	226	226	2	stanza	stanza	_	_	_	_	_	linguistic	_	none	_	_	_	_	_	_
226-3	BO075	226	226	3	è	è	_	_	_	_	_	linguistic	_	none	_	_	_	_	_	_
226-4	BO075	226	226	4	un	un	_	_	_	_	_	linguistic	_	none	_	_	_	_	_	_
226-5	BO075	226	226	5	accumulo	accumulo	_	_	_	_	_	linguistic	_	none	_	_	_	_	_	_
226-6	BO075	226	226	6	di	di	_	_	_	_	_	linguistic	_	none	_	_	_	_	_	_
226-7	BO075	226	226	7	eh	eh	_	_	_	_	_	linguistic	_	none	_	End=462.22	_	_	_	_
227-0	BO075	227	227	0	eh.	eh	_	_	_	_	_	linguistic	_	none	Intonation=Falling|PauseAfter=Yes	Begin=462.96	_	_	_	_
227-1	BO075	227	227	1	{P}	{P}	_	_	_	_	_	shortpause	_	none	_	_	_	_	_	_
227-2	BO075	227	227	2	flyer	flyer	_	_	_	_	_	linguistic	_	none	_	End=464.64	_	_	_	_
228-0	BO075	228	228	0	e:h	eh	_	_	_	_	_	linguistic	_	none	_	Begin=464.805|End=465.4	0x1	_	_	_
229-0	BO075	229	229	0	disegni	disegni	_	_	_	_	_	linguistic	_	none	_	Begin=465.615	_	_	_	_
229-1	BO075	229	229	1	e	e	_	_	_	_	_	linguistic	_	none	_	_	_	_	_	_
229-2	BO075	229	229	2	e::h	eh	_	_	_	_	_	linguistic	_	none	_	End=467.46	0x2	_	_	_
230-0	BO075	230	230	0	covati	covati	_	_	_	_	_	linguistic	_	none	_	Begin=467.75	_	_	_	_
230-1	BO075	230	230	1	nel	nel	_	_	_	_	_	linguistic	_	none	_	_	_	_	_	_
230-2	BO075	230	230	2	giro	giro	_	_	_	_	_	linguistic	_	none	_	_	_	_	_	_
230-3	BO075	230	230	3	di,	di	_	_	_	_	_	linguistic	_	none	Intonation=WeaklyRising	_	_	_	_	_
230-4	BO075	230	230	4	ventisei	ventisei	_	_	_	_	_	linguistic	_	none	_	_	_	_	_	_
230-5	BO075	230	230	5	anni	anni	_	_	_	_	_	linguistic	_	none	_	_	_	_	_	_
230-6	BO075	230	230	6	di	di	_	_	_	_	_	linguistic	_	none	_	_	_	_	_	_
230-7	BO075	230	230	7	vi[ta	vita	_	_	_	_	_	linguistic	_	none	PauseAfter=Yes	_	_	_	_	2-4(43)
230-8	BO075	230	230	8	{P}	{P}	_	_	_	_	_	shortpause	_	none	_	_	_	_	_	0-3(43)
230-9	BO075	230	230	9	più	più	_	_	_	_	_	linguistic	_	none	_	_	_	_	_	0-3(43)
230-10	BO075	230	230	10	o	o	_	_	_	_	_	linguistic	_	none	_	_	_	_	_	0-1(43)
230-11	BO075	230	230	11	meno]	meno	_	_	_	_	_	linguistic	_	none	_	End=471.25	_	_	_	0-4(43)
231-0	BO049	231	231	0	[mh.	mh	_	_	_	_	_	linguistic	_	none	Intonation=Falling	Begin=470.32	_	_	_	0-2(43)
231-1	BO049	231	231	1	quindi	quindi	_	_	_	_	_	linguistic	_	none	_	_	_	_	_	0-6(43)
231-2	BO049	231	231	2	non]	non	_	_	_	_	_	linguistic	_	none	_	_	_	_	_	0-3(43)
231-3	BO049	231	231	3	sei	sei	_	_	_	_	_	linguistic	_	none	_	_	_	_	_	_
231-4	BO049	231	231	4	molto	molto	_	_	_	_	_	linguistic	_	none	_	_	_	_	_	_
231-5	BO049	231	231	5	ordinato	ordinato	_	_	_	_	_	linguistic	_	none	_	End=472.29	_	_	_	_
232-0	BO075	232	232	0	in	in	_	_	_	_	_	linguistic	_	none	_	Begin=472.915	_	_	_	_
232-1	BO075	232	232	1	realtà	realtà	_	_	_	_	_	linguistic	_	none	_	_	_	_	_	_
232-2	BO075	232	232	2	sono	sono	_	_	_	_	_	linguistic	_	none	_	_	_	_	_	_
232-3	BO075	232	232	3	molto	molto	_	_	_	_	_	linguistic	_	none	_	_	_	_	_	_
232-4	BO075	232	232	4	ordin[ato].	ordinato	_	_	_	_	_	linguistic	_	none	Intonation=Falling	End=474.65	_	_	_	5-8(44)
233-0	BO049	233	233	0	[sì.	sì	_	_	_	_	_	linguistic	_	none	Intonation=Falling	Begin=474.035	_	_	_	0-2(44)
233-1	BO049	233	233	1	okay].	okay	_	_	_	_	_	linguistic	_	none	Intonation=Falling	End=475.01	_	_	_	0-4(44)
234-0	BO049	234	234	0	in	in	_	_	_	_	_	linguistic	_	none	_	Begin=475.126	_	_	_	_
234-1	BO049	234	234	1	real[(tà)	realtà	_	_	_	_	_	linguistic	_	none	_	_	_	_	4-6(0)	4-6(45)
234-2	BO049	234	234	2	xx]	xx	_	_	_	_	_	unknown	_	none	Syllables=2	End=475.78	_	_	_	0-2(45)
235-0	BO075	235	235	0	[l'	l'	_	_	_	_	_	linguistic	_	none	SpaceAfter=No	Begin=475.395	_	_	_	0-2(45)
235-1	BO075	235	235	1	ordi]ne:	ordine	_	_	_	_	_	linguistic	_	none	ProsodicLink=Yes	_	5x1	_	_	0-4(45)
235-2	BO075	235	235	2	eh.	eh	_	_	_	_	_	linguistic	_	none	Intonation=Falling	_	_	_	_	_
235-3	BO075	235	235	3	è	è	_	_	_	_	_	linguistic	_	none	_	_	_	_	_	_
235-4	BO075	235	235	4	una	una	_	_	_	_	_	linguistic	_	none	_	_	_	_	_	_
235-5	BO075	235	235	5	figata.	figata	_	_	_	_	_	linguistic	_	none	Intonation=Falling	End=477.05	_	_	_	_
236-0	BO075	236	236	0	finché	finché	_	_	_	_	_	linguistic	_	none	_	Begin=477.135	_	_	_	_
236-1	BO075	236	236	1	si	si	_	_	_	_	_	linguistic	_	none	_	_	_	_	_	_
236-2	BO075	236	236	2	può	può	_	_	_	_	_	linguistic	_	none	_	_	_	_	_	_
236-3	BO075	236	236	3	gestirlo	gestirlo	_	_	_	_	_	linguistic	_	none	_	_	_	_	_	_
236-4	BO075	236	236	4	è:	è	_	_	_	_	_	linguistic	_	none	_	End=478.85	0x1	_	_	_
237-0	BO049	237	237	0	{ride}	{ride}	_	_	_	_	_	nonverbalbehavior	_	none	_	Begin=478.596|End=479.37	_	_	_	_
238-0	BO075	238	238	0	è::	è	_	_	_	_	_	linguistic	_	none	_	Begin=479.423	0x2	_	_	_
238-1	BO075	238	238	1	bell[issimo]	bellissimo	_	_	_	_	_	linguistic	_	none	_	End=480.4	_	_	_	4-10(46)
239-0	BO049	239	239	0	[è	è	_	_	_	_	_	linguistic	_	none	_	Begin=479.801	_	_	_	0-1(?)
239-1	BO049	239	239	1	importante	importante	_	_	_	_	_	linguistic	_	none	_	_	_	_	_	0-10(?)
239-2	BO049	239	239	2	quindi]	quindi	_	_	_	_	_	linguistic	_	none	_	End=481.15	_	_	_	0-6(?)
240-0	BO075	240	240	0	[assolut]amente	assolutamente	_	_	_	_	_	linguistic	_	none	_	Begin=480.545|End=481.53	_	_	_	0-7(47)
241-0	BO049	241	241	0	e::h	eh	_	_	_	_	_	linguistic	_	none	ProsodicLink=Yes	Begin=481.571	0x2	_	_	_
241-1	BO049	241	241	1	mh	mh	_	_	_	_	_	linguistic	_	none	_	_	_	_	_	_
241-2	BO049	241	241	2	ti	ti	_	_	_	_	_	linguistic	_	none	_	_	_	_	_	_
241-3	BO049	241	241	3	piace	piace	_	_	_	_	_	linguistic	_	none	_	_	_	_	_	_
241-4	BO049	241	241	4	cucinare,	cucinare	_	_	_	_	_	linguistic	_	none	Intonation=WeaklyRising	_	_	_	_	_
241-5	BO049	241	241	5	o::[ppure],	oppure	_	_	_	_	_	linguistic	_	none	Intonation=WeaklyRising	End=484.39	0x2	_	_	1-6(48)
242-0	BO075	242	242	0	[no:	no	_	_	_	_	_	linguistic	_	none	_	Begin=484.101	1x1	_	_	0-2(?)
242-1	BO075	242	242	1	no	no	_	_	_	_	_	linguistic	_	none	_	_	_	_	_	0-2(?)
242-2	BO075	242	242	2	affatto.	affatto	_	_	_	_	_	linguistic	_	none	Intonation=Falling	_	_	_	_	0-7(?)
242-3	BO075	242	242	3	e:h]	eh	_	_	_	_	_	linguistic	_	none	_	End=485.95	0x1	_	_	0-2(?)
243-0	BO049	243	243	0	[no]?	no	_	_	_	_	_	linguistic	_	none	Intonation=Rising	Begin=484.485	_	_	_	0-2(49)
243-1	BO049	243	243	1	{ride}	{ride}	_	_	_	_	_	nonverbalbehavior	_	none	_	End=484.99	_	_	_	_
244-0	BO049	244	244	0	[beh	beh	_	_	_	_	_	linguistic	_	none	PauseAfter=Yes	Begin=485.28	_	_	_	0-3(50)
244-1	BO049	244	244	1	{P}	{P}	_	_	_	_	_	shortpause	_	none	_	_	_	_	_	0-3(50)
244-2	BO049	244	244	2	non	non	_	_	_	_	_	linguistic	_	none	_	_	_	_	_	0-3(50)
244-3	BO049	244	244	3	sei]	sei	_	_	_	_	_	linguistic	_	none	_	_	_	_	_	0-3(50)
244-4	BO049	244	244	4	proprio	proprio	_	_	_	_	_	linguistic	_	none	_	_	_	_	_	_
244-5	BO049	244	244	5	capa[ce]?	capace	_	_	_	_	_	linguistic	_	none	Intonation=Rising	End=486.88	_	_	_	4-6(51)
245-0	BO075	245	245	0	>[cioè	cioè	_	_	_	_	_	linguistic	_	none	_	Begin=486.541	_	Fast=0-4(0)	_	0-4(51)
245-1	BO075	245	245	1	no	no	_	_	_	_	_	linguistic	_	none	_	_	_	Fast=0-2(0)	_	0-2(51)
245-2	BO075	245	245	2	mi]<	mi	_	_	_	_	_	linguistic	_	none	_	_	_	Fast=0-2(0)	_	0-2(51)
245-3	BO075	245	245	3	mi	mi	_	_	_	_	_	linguistic	_	none	_	_	_	Slow=0-2(0)	_	_
245-4	BO075	245	245	4	piacerebbe	piacerebbe	_	_	_	_	_	linguistic	_	none	_	_	_	Slow=0-10(0)	_	_
245-5	BO075	245	245	5	se:	se	_	_	_	_	_	linguistic	_	none	_	_	1x1	Slow=0-2(0)	_	_
245-6	BO075	245	245	6	se	se	_	_	_	_	_	linguistic	_	none	_	_	_	Slow=0-2(0)	_	_
245-7	BO075	245	245	7	ci	ci	_	_	_	_	_	linguistic	_	none	_	_	_	Slow=0-2(0)	_	_
245-8	BO075	245	245	8	>mh	mh	_	_	_	_	_	linguistic	_	none	_	_	_	Fast=0-2(1)	_	_
245-9	BO075	245	245	9	probabilmente	probabilmente	_	_	_	_	_	linguistic	_	none	_	_	_	Fast=0-13(1)	_	_
245-10	BO075	245	245	10	ci	ci	_	_	_	_	_	linguistic	_	none	_	_	_	Fast=0-2(1)	_	_
245-11	BO075	245	245	11	dedicassi	dedicassi	_	_	_	_	_	linguistic	_	none	_	_	_	Fast=0-9(1)	_	_
245-12	BO075	245	245	12	un	un	_	_	_	_	_	linguistic	_	none	_	_	_	Fast=0-2(1)	_	_
245-13	BO075	245	245	13	po'	po'	_	_	_	_	_	linguistic	_	none	_	_	_	Fast=0-3(1)	_	_
245-14	BO075	245	245	14	più	più	_	_	_	_	_	linguistic	_	none	_	_	_	Fast=0-3(1)	_	_
245-15	BO075	245	245	15	di	di	_	_	_	_	_	linguistic	_	none	_	_	_	Fast=0-2(1)	_	_
245-16	BO075	245	245	16	tempo	tempo	_	_	_	_	_	linguistic	_	none	_	_	_	Fast=0-5(1)	_	_
245-17	BO075	245	245	17	ma	ma	_	_	_	_	_	linguistic	_	none	PauseAfter=Yes	_	_	Fast=0-2(1)	_	_
245-18	BO075	245	245	18	{P}	{P}	_	_	_	_	_	shortpause	_	none	_	_	_	Fast=0-3(1)	_	_
245-19	BO075	245	245	19	non	non	_	_	_	_	_	linguistic	_	none	_	_	_	Fast=0-3(1)	_	_
245-20	BO075	245	245	20	sono	sono	_	_	_	_	_	linguistic	_	none	_	_	_	Fast=0-4(1)	_	_
245-21	BO075	245	245	21	ca~	ca~	_	_	_	_	_	linguistic	_	none	Interrupted=Yes	_	_	Fast=0-3(1)	_	_
245-22	BO075	245	245	22	cioè<	cioè	_	_	_	_	_	linguistic	_	none	_	End=491.14	_	Fast=0-4(1)	_	_
246-0	BO075	246	246	0	so	so	_	_	_	_	_	linguistic	_	none	_	Begin=491.32	_	_	_	_
246-1	BO075	246	246	1	a~	a~	_	_	_	_	_	linguistic	_	none	Interrupted=Yes	End=492.075	_	_	_	_
247-0	BO075	247	247	0	la	la	_	_	_	_	_	linguistic	_	none	PauseAfter=Yes	Begin=492.171	_	_	_	_
247-1	BO075	247	247	1	{P}	{P}	_	_	_	_	_	shortpause	_	none	_	_	_	_	_	_
247-2	BO075	247	247	2	c~	c~	_	_	_	_	_	linguistic	_	none	Interrupted=Yes	_	_	_	_	_
247-3	BO075	247	247	3	cioè	cioè	_	_	_	_	_	linguistic	_	none	_	_	_	_	_	_
247-4	BO075	247	247	4	il	il	_	_	_	_	_	linguistic	_	none	_	_	_	_	_	_
247-5	BO075	247	247	5	piatto	piatto	_	_	_	_	_	linguistic	_	none	_	_	_	_	_	_
247-6	BO075	247	247	6	migliore	migliore	_	_	_	_	_	linguistic	_	none	_	_	_	_	_	_
247-7	BO075	247	247	7	che	che	_	_	_	_	_	linguistic	_	none	_	_	_	_	_	_
247-8	BO075	247	247	8	so	so	_	_	_	_	_	linguistic	_	none	_	_	_	_	_	_
247-9	BO075	247	247	9	fare,	fare	_	_	_	_	_	linguistic	_	none	Intonation=WeaklyRising	End=494.43	_	_	_	_
248-0	BO075	248	248	0	sono:	sono	_	_	_	_	_	linguistic	_	none	_	Begin=494.85	3x1	_	_	_
248-1	BO075	248	248	1	le	le	_	_	_	_	_	linguistic	_	none	_	_	_	_	_	_
248-2	BO075	248	248	2	cotolette	cotolette	_	_	_	_	_	linguistic	_	none	_	_	_	_	_	_
248-3	BO075	248	248	3	ecco	ecco	_	_	_	_	_	linguistic	_	none	_	_	_	_	_	_
248-4	BO075	248	248	4	le	le	_	_	_	_	_	linguistic	_	none	_	_	_	_	_	_
248-5	BO075	248	248	5	cotolette	cotolette	_	_	_	_	_	linguistic	_	none	_	_	_	_	_	_
248-6	BO075	248	248	6	mi	mi	_	_	_	_	_	linguistic	_	none	_	_	_	_	_	_
248-7	BO075	248	248	7	vengono	vengono	_	_	_	_	_	linguistic	_	none	_	_	_	_	_	_
248-8	BO075	248	248	8	un	un	_	_	_	_	_	linguistic	_	none	_	_	_	_	_	_
248-9	BO075	248	248	9	botto	botto	_	_	_	_	_	linguistic	_	none	_	_	_	_	_	_
248-10	BO075	248	248	10	[bene].	bene	_	_	_	_	_	linguistic	_	none	Intonation=Falling	End=498.06	_	_	_	0-4(52)
249-0	BO049	249	249	0	{ride}	{ride}	_	_	_	_	_	nonverbalbehavior	_	none	_	Begin=496.6|End=497.43	_	_	_	_
250-0	BO049	250	250	0	[beh	beh	_	_	_	_	_	linguistic	_	none	_	Begin=497.545	_	_	_	0-3(?)
250-1	BO049	250	250	1	però]	però	_	_	_	_	_	linguistic	_	none	_	_	_	_	_	0-4(?)
250-2	BO049	250	250	2	le	le	_	_	_	_	_	linguistic	_	none	_	_	_	_	_	_
250-3	BO049	250	250	3	cotolette	cotolette	_	_	_	_	_	linguistic	_	none	_	_	_	_	_	_
250-4	BO049	250	250	4	è:	è	_	_	_	_	_	linguistic	_	none	_	_	0x1	_	_	_
250-5	BO049	250	250	5	un	un	_	_	_	_	_	linguistic	_	none	_	_	_	_	_	_
250-6	BO049	250	250	6	buon	buon	_	_	_	_	_	linguistic	_	none	_	_	_	_	_	_
250-7	BO049	250	250	7	piatto	piatto	_	_	_	_	_	linguistic	_	none	_	_	_	_	_	_
250-8	BO049	250	250	8	comun(que)	comunque	_	_	_	_	_	linguistic	_	none	_	_	_	_	5-8(0)	_
250-9	BO049	250	250	9	{ride}	{ride}	_	_	_	_	_	nonverbalbehavior	_	none	_	End=500.71	_	_	_	_
251-0	BO075	251	251	0	{ride}	{ride}	_	_	_	_	_	nonverbalbehavior	_	none	_	Begin=498.596|End=499.33	_	_	_	_
252-0	BO075	252	252	0	(eh).	eh	_	_	_	_	_	linguistic	_	none	Intonation=Falling	Begin=499.404	_	_	0-2(0)	_
252-1	BO075	252	252	1	cotole~	cotole~	_	_	_	_	_	linguistic	_	none	Interrupted=Yes	_	_	_	_	_
252-2	BO075	252	252	2	sì	sì	_	_	_	_	_	linguistic	_	none	_	_	_	_	_	_
252-3	BO075	252	252	3	sì	sì	_	_	_	_	_	linguistic	_	none	_	_	_	_	_	_
252-4	BO075	252	252	4	no	no	_	_	_	_	_	linguistic	_	none	_	_	_	_	_	_
252-5	BO075	252	252	5	vengono	vengono	_	_	_	_	_	linguistic	_	none	_	_	_	_	_	_
252-6	BO075	252	252	6	da	da	_	_	_	_	_	linguistic	_	none	_	_	_	_	_	_
252-7	BO075	252	252	7	dio	dio	_	_	_	_	_	linguistic	_	none	_	_	_	_	_	_
252-8	BO075	252	252	8	le	le	_	_	_	_	_	linguistic	_	none	_	_	_	_	_	_
252-9	BO075	252	252	9	cotolette.	cotolette	_	_	_	_	_	linguistic	_	none	Intonation=Falling	End=502.01	_	_	_	_
253-0	BO049	253	253	0	{ride}	{ride}	_	_	_	_	_	nonverbalbehavior	_	none	_	Begin=501.18|End=502.54	_	_	_	_
254-0	BO075	254	254	0	sei	sei	_	_	_	_	_	linguistic	_	none	_	Begin=502.145	_	_	_	_
254-1	BO075	254	254	1	mai	mai	_	_	_	_	_	linguistic	_	none	_	_	_	_	_	_
254-2	BO075	254	254	2	stata	stata	_	_	_	_	_	linguistic	_	none	_	_	_	_	_	_
254-3	BO075	254	254	3	da	da	_	_	_	_	_	linguistic	_	none	_	_	_	_	_	_
254-4	BO075	254	254	4	mister	mister	_	_	_	_	_	linguistic	_	none	_	_	_	_	_	_
254-5	BO075	254	254	5	cotoletta?	cotoletta	_	_	_	_	_	linguistic	_	none	Intonation=Rising	End=503.8	_	_	_	_
255-0	BO049	255	255	0	{ride}	{ride}	_	_	_	_	_	nonverbalbehavior	_	none	_	Begin=503.375	_	_	_	_
255-1	BO049	255	255	1	no	no	_	_	_	_	_	linguistic	_	none	_	_	_	_	_	_
255-2	BO049	255	255	2	non	non	_	_	_	_	_	linguistic	_	none	_	_	_	_	_	_
255-3	BO049	255	255	3	ci	ci	_	_	_	_	_	linguistic	_	none	_	_	_	_	_	_
255-4	BO049	255	255	4	sono	sono	_	_	_	_	_	linguistic	_	none	_	_	_	_	_	_
255-5	BO049	255	255	5	mai	mai	_	_	_	_	_	linguistic	_	none	_	_	_	_	_	_
255-6	BO049	255	255	6	sta[ta].	stata	_	_	_	_	_	linguistic	_	none	Intonation=Falling	End=505.07	_	_	_	3-5(?)
256-0	BO075	256	256	0	e:h	eh	_	_	_	_	_	linguistic	_	none	_	Begin=504.711	0x1	_	_	_
256-1	BO075	256	256	1	v~	v~	_	_	_	_	_	linguistic	_	none	Interrupted=Yes	_	_	_	_	_
256-2	BO075	256	256	2	xx	xx	_	_	_	_	_	unknown	_	none	Syllables=2	_	_	_	_	_
256-3	BO075	256	256	3	(cos~)	cos~	_	_	_	_	_	linguistic	_	none	Interrupted=Yes	_	_	_	0-4(0)	_
256-4	BO075	256	256	4	le	le	_	_	_	_	_	linguistic	_	none	_	_	_	_	_	_
256-5	BO075	256	256	5	f[accio	faccio	_	_	_	_	_	linguistic	_	none	_	_	_	_	_	1-6(?)
256-6	BO075	256	256	6	le	le	_	_	_	_	_	linguistic	_	none	_	_	_	_	_	0-2(?)
256-7	BO075	256	256	7	faccio]	faccio	_	_	_	_	_	linguistic	_	none	_	_	_	_	_	0-6(?)
256-8	BO075	256	256	8	le	le	_	_	_	_	_	linguistic	_	none	_	_	_	_	_	_
256-9	BO075	256	256	9	faccio	faccio	_	_	_	_	_	linguistic	_	none	_	_	_	_	_	_
256-10	BO075	256	256	10	meglio	meglio	_	_	_	_	_	linguistic	_	none	_	_	_	_	_	_
256-11	BO075	256	256	11	[io	io	_	_	_	_	_	linguistic	_	none	_	_	_	_	_	0-2(?)
256-12	BO075	256	256	12	le	le	_	_	_	_	_	linguistic	_	none	_	_	_	_	_	0-2(?)
256-13	BO075	256	256	13	cot]olette.	cotolette	_	_	_	_	_	linguistic	_	none	Intonation=Falling	_	_	_	_	0-3(?)
256-14	BO075	256	256	14	[sì	sì	_	_	_	_	_	linguistic	_	none	_	_	_	_	_	0-2(?)
256-15	BO075	256	256	15	sì	sì	_	_	_	_	_	linguistic	_	none	_	_	_	_	_	0-2(?)
256-16	BO075	256	256	16	sì]	sì	_	_	_	_	_	linguistic	_	none	_	End=508.511	_	_	_	0-2(?)
257-0	BO049	257	257	0	[le	le	_	_	_	_	_	linguistic	_	none	_	Begin=505.805	_	_	_	0-2(55)
257-1	BO049	257	257	1	tue	tue	_	_	_	_	_	linguistic	_	none	_	_	_	_	_	0-3(55)
257-2	BO049	257	257	2	sono],	sono	_	_	_	_	_	linguistic	_	none	Intonation=WeaklyRising	End=506.43	_	_	_	0-4(55)
258-0	BO049	258	258	0	[sì]?	sì	_	_	_	_	_	linguistic	_	none	Intonation=Rising	Begin=507.12|End=507.64	_	_	_	0-2(56)
259-0	BO049	259	259	0	[allora]	allora	_	_	_	_	_	linguistic	_	none	_	Begin=507.885	_	_	_	0-6(57)
259-1	BO049	259	259	1	{ride}	{ride}	_	_	_	_	_	nonverbalbehavior	_	none	_	End=508.43	_	_	_	_
260-0	BO075	260	260	0	e::h	eh	_	_	_	_	_	linguistic	_	none	_	Begin=508.93	0x2	_	_	_
260-1	BO075	260	260	1	a~	a~	_	_	_	_	_	linguistic	_	none	Interrupted=Yes	_	_	_	_	_
260-2	BO075	260	260	2	[alla	alla	_	_	_	_	_	linguistic	_	none	_	_	_	_	_	0-4(59)
260-3	BO075	260	260	3	grande]	grande	_	_	_	_	_	linguistic	_	none	_	End=510.71	_	_	_	0-6(59)
261-0	BO049	261	261	0	{ride}	{ride}	_	_	_	_	_	nonverbalbehavior	_	none	_	Begin=508.995|End=509.69	_	_	_	_
262-0	BO049	262	262	0	[allora	allora	_	_	_	_	_	linguistic	_	none	_	Begin=509.786	_	_	_	0-6(59)
262-1	BO049	262	262	1	potrei	potrei	_	_	_	_	_	linguistic	_	none	_	_	_	_	_	0-6(59)
262-2	BO049	262	262	2	venire	venire	_	_	_	_	_	linguistic	_	none	_	_	_	_	_	0-6(59)
262-3	BO049	262	262	3	da]	da	_	_	_	_	_	linguistic	_	none	_	_	_	_	_	0-2(59)
262-4	BO049	262	262	4	te	te	_	_	_	_	_	linguistic	_	none	_	_	_	_	_	_
262-5	BO049	262	262	5	a	a	_	_	_	_	_	linguistic	_	none	_	_	_	_	_	_
262-6	BO049	262	262	6	mangiare	mangiare	_	_	_	_	_	linguistic	_	none	_	_	_	_	_	_
262-7	BO049	262	262	7	la	la	_	_	_	_	_	linguistic	_	none	_	_	_	_	_	_
262-8	BO049	262	262	8	cotoletta	cotoletta	_	_	_	_	_	linguistic	_	none	_	_	_	_	_	_
262-9	BO049	262	262	9	e	e	_	_	_	_	_	linguistic	_	none	_	_	_	_	_	_
262-10	BO049	262	262	10	[(venire	venire	_	_	_	_	_	linguistic	_	none	_	_	_	_	0-6(0)	0-6(60)
262-11	BO049	262	262	11	da)	da	_	_	_	_	_	linguistic	_	none	_	_	_	_	0-2(0)	0-2(60)
262-12	BO049	262	262	12	mister	mister	_	_	_	_	_	linguistic	_	none	_	_	_	_	_	0-6(60)
262-13	BO049	262	262	13	co]toletta	cotoletta	_	_	_	_	_	linguistic	_	none	_	_	_	_	_	0-2(60)
262-14	BO049	262	262	14	{ride}	{ride}	_	_	_	_	_	nonverbalbehavior	_	none	_	End=513.659	_	_	_	_
263-0	BO075	263	263	0	[assolutamen(te)]	assolutamente	_	_	_	_	_	linguistic	_	none	_	Begin=511.81	_	_	11-13(0)	0-13(60)
263-1	BO075	263	263	1	{ride}	{ride}	_	_	_	_	_	nonverbalbehavior	_	none	_	End=512.97	_	_	_	_
264-0	BO075	264	264	0	poi	poi	_	_	_	_	_	linguistic	_	none	_	Begin=513.716	_	_	_	_
264-1	BO075	264	264	1	pollo	pollo	_	_	_	_	_	linguistic	_	none	_	_	_	_	_	_
264-2	BO075	264	264	2	carboidrati	carboidrati	_	_	_	_	_	linguistic	_	none	_	_	_	_	_	_
264-3	BO075	264	264	3	funziona.	funziona	_	_	_	_	_	linguistic	_	none	Intonation=Falling	End=515.44	_	_	_	_
265-0	BO075	265	265	0	eh	eh	_	_	_	_	_	linguistic	_	none	_	Begin=515.491	_	_	_	_
265-1	BO075	265	265	1	o	o	_	_	_	_	_	linguistic	_	none	_	_	_	_	_	_
265-2	BO075	265	265	2	prote[ine,	proteine	_	_	_	_	_	linguistic	_	none	Intonation=WeaklyRising	_	_	_	_	5-8(61)
265-3	BO075	265	265	3	non	non	_	_	_	_	_	linguistic	_	none	_	_	_	_	_	0-3(61)
265-4	BO075	265	265	4	carboidra(ti).	carboidrati	_	_	_	_	_	linguistic	_	none	Intonation=Falling	_	_	_	9-11(0)	0-11(61)
265-5	BO075	265	265	5	a~	a~	_	_	_	_	_	linguistic	_	none	Interrupted=Yes	_	_	_	_	0-2(61)
265-6	BO075	265	265	6	asso]lutamen[te]	assolutamente	_	_	_	_	_	linguistic	_	none	_	_	_	_	_	0-4(61),11-13(62)
265-7	BO075	265	265	7	{ride}	{ride}	_	_	_	_	_	nonverbalbehavior	_	none	_	End=518.14	_	_	_	_
266-0	BO049	266	266	0	[fan	fan	_	_	_	_	_	linguistic	_	none	_	Begin=516.03	_	_	_	0-3(61)
266-1	BO049	266	266	1	bene	bene	_	_	_	_	_	linguistic	_	none	_	_	_	_	_	0-4(61)
266-2	BO049	266	266	2	per	per	_	_	_	_	_	linguistic	_	none	_	_	_	_	_	0-3(61)
266-3	BO049	266	266	3	il	il	_	_	_	_	_	linguistic	_	none	_	_	_	_	_	0-2(61)
266-4	BO049	266	266	4	fisico]	fisico	_	_	_	_	_	linguistic	_	none	_	End=517.299	_	_	_	0-6(61)
267-0	BO049	267	267	0	[ve]ro	vero	_	_	_	_	_	linguistic	_	none	_	Begin=517.909	_	_	_	0-2(62)
267-1	BO049	267	267	1	eh	eh	_	_	_	_	_	linguistic	_	none	_	_	_	_	_	_
267-2	BO049	267	267	2	perfetto	perfetto	_	_	_	_	_	linguistic	_	none	_	_	_	_	_	_
267-3	BO049	267	267	3	{ride}	{ride}	_	_	_	_	_	nonverbalbehavior	_	none	_	End=519.12	_	_	_	_
268-0	BO075	268	268	0	{ride}	{ride}	_	_	_	_	_	nonverbalbehavior	_	none	_	Begin=518.273|End=518.97	_	_	_	_
269-0	BO075	269	269	0	{ride}	{ride}	_	_	_	_	_	nonverbalbehavior	_	none	_	Begin=519.1|End=520.645	_	_	_	_
270-0	BO049	270	270	0	beh	beh	_	_	_	_	_	linguistic	_	none	_	Begin=520.041	_	_	_	_
270-1	BO049	270	270	1	nelle	nelle	_	_	_	_	_	linguistic	_	none	_	_	_	_	_	_
270-2	BO049	270	270	2	cotolette	cotolette	_	_	_	_	_	linguistic	_	none	_	_	_	_	_	_
270-3	BO049	270	270	3	c'	c'	_	_	_	_	_	linguistic	_	none	SpaceAfter=No	_	_	_	_	_
270-4	BO049	270	270	4	è	è	_	_	_	_	_	linguistic	_	none	_	_	_	_	_	_
270-5	BO049	270	270	5	anche	anche	_	_	_	_	_	linguistic	_	none	_	_	_	_	_	_
270-6	BO049	270	270	6	il	il	_	_	_	_	_	linguistic	_	none	_	_	_	_	_	_
270-7	BO049	270	270	7	pangrattato	pangrattato	_	_	_	_	_	linguistic	_	none	_	_	_	_	_	_
270-8	BO049	270	270	8	quindi	quindi	_	_	_	_	_	linguistic	_	none	_	_	_	_	_	_
270-9	BO049	270	270	9	son	son	_	_	_	_	_	linguistic	_	none	_	_	_	_	_	_
270-10	BO049	270	270	10	carboidrati	carboidrati	_	_	_	_	_	linguistic	_	none	_	_	_	_	_	_
270-11	BO049	270	270	11	no?	no	_	_	_	_	_	linguistic	_	none	Intonation=Rising	End=522.97	_	_	_	_
271-0	BO075	271	271	0	assolutamen~	assolutamen~	_	_	_	_	_	linguistic	_	none	Interrupted=Yes	Begin=522.993	_	_	_	_
271-1	BO075	271	271	1	vero	vero	_	_	_	_	_	linguistic	_	none	_	_	_	_	_	_
271-2	BO075	271	271	2	è	è	_	_	_	_	_	linguistic	_	none	_	_	_	_	_	_
271-3	BO075	271	271	3	vero	vero	_	_	_	_	_	linguistic	_	none	_	_	_	_	_	_
271-4	BO075	271	271	4	bra~	bra~	_	_	_	_	_	linguistic	_	none	Interrupted=Yes	_	_	_	_	_
271-5	BO075	271	271	5	grande	grande	_	_	_	_	_	linguistic	_	none	_	_	_	_	_	_
271-6	BO075	271	271	6	esatto	esatto	_	_	_	_	_	linguistic	_	none	_	End=525.135	_	_	_	_
272-0	BO049	272	272	0	(è)	è	_	_	_	_	_	linguistic	_	none	_	Begin=525.12	_	_	0-1(0)	_
272-1	BO049	272	272	1	perfetto	perfetto	_	_	_	_	_	linguistic	_	none	_	_	_	_	_	_
272-2	BO049	272	272	2	o[ttima	ottima	_	_	_	_	_	linguistic	_	none	_	_	_	_	_	1-6(?)
272-3	BO049	272	272	3	dieta]	dieta	_	_	_	_	_	linguistic	_	none	_	_	_	_	_	0-5(?)
272-4	BO049	272	272	4	{ride}	{ride}	_	_	_	_	_	nonverbalbehavior	_	none	_	End=526.79	_	_	_	_
273-0	BO075	273	273	0	[carboidrati	carboidrati	_	_	_	_	_	linguistic	_	none	_	Begin=525.86	_	_	_	0-11(64)
273-1	BO075	273	273	1	proteine]	proteine	_	_	_	_	_	linguistic	_	none	_	_	_	_	_	0-8(64)
273-2	BO075	273	273	2	alla	alla	_	_	_	_	_	linguistic	_	none	_	_	_	_	_	_
273-3	BO075	273	273	3	grande	grande	_	_	_	_	_	linguistic	_	none	PauseAfter=Yes	_	_	_	_	_
273-4	BO075	273	273	4	{P}	{P}	_	_	_	_	_	shortpause	_	none	_	_	_	_	_	_
273-5	BO075	273	273	5	perfe~	perfe~	_	_	_	_	_	linguistic	_	none	Interrupted=Yes	_	_	_	_	_
273-6	BO075	273	273	6	ottima	ottima	_	_	_	_	_	linguistic	_	none	_	_	_	_	_	_
273-7	BO075	273	273	7	pasto	pasto	_	_	_	_	_	linguistic	_	none	_	_	_	_	_	_
273-8	BO075	273	273	8	pomeridiano.	pomeridiano	_	_	_	_	_	linguistic	_	none	Intonation=Falling	End=529.33	_	_	_	_
274-0	BO049	274	274	0	{ride}	{ride}	_	_	_	_	_	nonverbalbehavior	_	none	_	Begin=529.37	_	_	_	_
274-1	BO049	274	274	1	bene	bene	_	_	_	_	_	linguistic	_	none	_	End=530.55	_	_	_	_
275-0	BO049	275	275	0	e:	e	_	_	_	_	_	linguistic	_	none	_	Begin=530.86	0x1	_	_	_
275-1	BO049	275	275	1	oltre	oltre	_	_	_	_	_	linguistic	_	none	_	_	_	_	_	_
275-2	BO049	275	275	2	quasta	quasta	_	_	_	_	_	linguistic	_	none	_	_	_	_	_	_
275-3	BO049	275	275	3	casa	casa	_	_	_	_	_	linguistic	_	none	_	_	_	_	_	_
275-4	BO049	275	275	4	qui::	qui	_	_	_	_	_	linguistic	_	none	ProsodicLink=Yes	_	2x2	_	_	_
275-5	BO049	275	275	5	m:h	mh	_	_	_	_	_	linguistic	_	none	_	End=533.27	0x1	_	_	_
276-0	BO049	276	276	0	con	con	_	_	_	_	_	linguistic	_	none	_	Begin=533.335	_	_	_	_
276-1	BO049	276	276	1	i	i	_	_	_	_	_	linguistic	_	none	_	_	_	_	_	_
276-2	BO049	276	276	2	tuoi	tuoi	_	_	_	_	_	linguistic	_	none	_	_	_	_	_	_
276-3	BO049	276	276	3	hai	hai	_	_	_	_	_	linguistic	_	none	_	_	_	_	_	_
276-4	BO049	276	276	4	mai	mai	_	_	_	_	_	linguistic	_	none	_	_	_	_	_	_
276-5	BO049	276	276	5	vissuto	vissuto	_	_	_	_	_	linguistic	_	none	_	_	_	_	_	_
276-6	BO049	276	276	6	in	in	_	_	_	_	_	linguistic	_	none	_	_	_	_	_	_
276-7	BO049	276	276	7	altri:	altri	_	_	_	_	_	linguistic	_	none	_	_	4x1	_	_	_
276-8	BO049	276	276	8	posti,	posti	_	_	_	_	_	linguistic	_	none	Intonation=WeaklyRising	End=536.28	_	_	_	_
277-0	BO075	277	277	0	sì	sì	_	_	_	_	_	linguistic	_	none	PauseAfter=Yes	Begin=536.41	_	_	_	_
277-1	BO075	277	277	1	{P}	{P}	_	_	_	_	_	shortpause	_	none	_	_	_	_	_	_
277-2	BO075	277	277	2	ho	ho	_	_	_	_	_	linguistic	_	none	_	_	_	_	_	_
277-3	BO075	277	277	3	ho	ho	_	_	_	_	_	linguistic	_	none	_	_	_	_	_	_
277-4	BO075	277	277	4	vissuto:	vissuto	_	_	_	_	_	linguistic	_	none	_	End=538.11	6x1	_	_	_
278-0	BO075	278	278	0	e:h	eh	_	_	_	_	_	linguistic	_	none	_	Begin=538.73	0x1	_	_	_
278-1	BO075	278	278	1	a::	a	_	_	_	_	_	linguistic	_	none	_	_	0x2	_	_	_
278-2	BO075	278	278	2	a	a	_	_	_	_	_	linguistic	_	none	_	_	_	_	_	_
278-3	BO075	278	278	3	londra,	londra	_	_	_	_	_	linguistic	_	none	Intonation=WeaklyRising	End=540.55	_	_	_	_
279-0	BO075	279	279	0	a::	a	_	_	_	_	_	linguistic	_	none	ProsodicLink=Yes	Begin=540.685	0x2	_	_	_
279-1	BO075	279	279	1	[m:h]	mh	_	_	_	_	_	linguistic	_	none	_	End=541.51	0x1	_	_	0-2(65)
280-0	BO049	280	280	0	[ma]	ma	_	_	_	_	_	linguistic	_	none	_	Begin=541.44	_	_	_	0-2(65)
280-1	BO049	280	280	1	quand[o	quando	_	_	_	_	_	linguistic	_	none	_	_	_	_	_	5-6(66)
280-2	BO049	280	280	2	hai	hai	_	_	_	_	_	linguistic	_	none	_	_	_	_	_	0-3(66)
280-3	BO049	280	280	3	vissuto	vissuto	_	_	_	_	_	linguistic	_	none	_	_	_	_	_	0-7(66)
280-4	BO049	280	280	4	a	a	_	_	_	_	_	linguistic	_	none	_	_	_	_	_	0-1(66)
280-5	BO049	280	280	5	londra]	londra	_	_	_	_	_	linguistic	_	none	_	End=542.89	_	_	_	0-6(66)
281-0	BO075	281	281	0	[wood	wood	_	_	_	_	_	linguistic	_	none	_	Begin=541.89	_	_	_	0-4(66)
281-1	BO075	281	281	1	green].	green	_	_	_	_	_	linguistic	_	none	Intonation=Falling	End=542.72	_	_	_	0-5(66)
282-0	BO075	282	282	0	[e:::h]	eh	_	_	_	_	_	linguistic	_	none	_	Begin=542.93|End=544.01	0x3	_	_	0-2(67)
283-0	BO049	283	283	0	[wood	wood	_	_	_	_	_	linguistic	_	none	_	Begin=543.13	_	_	_	0-4(67)
283-1	BO049	283	283	1	green]	green	_	_	_	_	_	linguistic	_	none	_	End=544.04	_	_	_	0-5(67)
284-0	BO075	284	284	0	due	due	_	_	_	_	_	linguistic	_	none	_	Begin=544.421	_	_	_	_
284-1	BO075	284	284	1	anni	anni	_	_	_	_	_	linguistic	_	none	_	_	_	_	_	_
284-2	BO075	284	284	2	dopo	dopo	_	_	_	_	_	linguistic	_	none	_	_	_	_	_	_
284-3	BO075	284	284	3	aver	aver	_	_	_	_	_	linguistic	_	none	_	_	_	_	_	_
284-4	BO075	284	284	4	finito	finito	_	_	_	_	_	linguistic	_	none	_	_	_	_	_	_
284-5	BO075	284	284	5	le	le	_	_	_	_	_	linguistic	_	none	_	_	_	_	_	_
284-6	BO075	284	284	6	superiori.	superiori	_	_	_	_	_	linguistic	_	none	Intonation=Falling	End=546.12	_	_	_	_
285-0	BO075	285	285	0	>dopo	dopo	_	_	_	_	_	linguistic	_	none	_	Begin=546.193	_	Fast=0-4(0)	_	_
285-1	BO075	285	285	1	che	che	_	_	_	_	_	linguistic	_	none	_	_	_	Fast=0-3(0)	_	_
285-2	BO075	285	285	2	ho	ho	_	_	_	_	_	linguistic	_	none	_	_	_	Fast=0-2(0)	_	_
285-3	BO075	285	285	3	finito:	finito	_	_	_	_	_	linguistic	_	none	_	_	5x1	Fast=0-6(0)	_	_
285-4	BO075	285	285	4	ho	ho	_	_	_	_	_	linguistic	_	none	_	_	_	Fast=0-2(0)	_	_
285-5	BO075	285	285	5	fatto	fatto	_	_	_	_	_	linguistic	_	none	_	_	_	Fast=0-5(0)	_	_
285-6	BO075	285	285	6	un	un	_	_	_	_	_	linguistic	_	none	_	_	_	Fast=0-2(0)	_	_
285-7	BO075	285	285	7	anno	anno	_	_	_	_	_	linguistic	_	none	_	_	_	Fast=0-4(0)	_	_
285-8	BO075	285	285	8	di	di	_	_	_	_	_	linguistic	_	none	_	_	_	Fast=0-2(0)	_	_
285-9	BO075	285	285	9	servizio	servizio	_	_	_	_	_	linguistic	_	none	_	_	_	Fast=0-8(0)	_	_
285-10	BO075	285	285	10	civile	civile	_	_	_	_	_	linguistic	_	none	_	_	_	Fast=0-6(0)	_	_
285-11	BO075	285	285	11	poi	poi	_	_	_	_	_	linguistic	_	none	_	_	_	Fast=0-3(0)	_	_
285-12	BO075	285	285	12	ho	ho	_	_	_	_	_	linguistic	_	none	_	_	_	Fast=0-2(0)	_	_
285-13	BO075	285	285	13	vissuto	vissuto	_	_	_	_	_	linguistic	_	none	_	_	_	Fast=0-7(0)	_	_
285-14	BO075	285	285	14	a	a	_	_	_	_	_	linguistic	_	none	_	_	_	Fast=0-1(0)	_	_
285-15	BO075	285	285	15	londra<	londra	_	_	_	_	_	linguistic	_	none	_	_	_	Fast=0-6(0)	_	_
285-16	BO075	285	285	16	per	per	_	_	_	_	_	linguistic	_	none	PauseAfter=Yes	_	_	_	_	_
285-17	BO075	285	285	17	{P}	{P}	_	_	_	_	_	shortpause	_	none	_	_	_	_	_	_
285-18	BO075	285	285	18	sempre	sempre	_	_	_	_	_	linguistic	_	none	_	_	_	_	_	_
285-19	BO075	285	285	19	a	a	_	_	_	_	_	linguistic	_	none	_	_	_	_	_	_
285-20	BO075	285	285	20	wood	wood	_	_	_	_	_	linguistic	_	none	_	_	_	_	_	_
285-21	BO075	285	285	21	green,	green	_	_	_	_	_	linguistic	_	none	Intonation=WeaklyRising	End=551.02	_	_	_	_
286-0	BO075	286	286	0	e:h	eh	_	_	_	_	_	linguistic	_	none	ProsodicLink=Yes	Begin=551.508	0x1	_	_	_
286-1	BO075	286	286	1	mh	mh	_	_	_	_	_	linguistic	_	none	_	End=552.24	_	_	_	_
287-0	BO075	287	287	0	per	per	_	_	_	_	_	linguistic	_	none	_	Begin=552.33	_	_	_	_
287-1	BO075	287	287	1	quattro	quattro	_	_	_	_	_	linguistic	_	none	_	_	_	_	_	_
287-2	BO075	287	287	2	mesi	mesi	_	_	_	_	_	linguistic	_	none	_	_	_	_	_	_
287-3	BO075	287	287	3	e	e	_	_	_	_	_	linguistic	_	none	_	_	_	_	_	_
287-4	BO075	287	287	4	per	per	_	_	_	_	_	linguistic	_	none	_	_	_	_	_	_
287-5	BO075	287	287	5	due	due	_	_	_	_	_	linguistic	_	none	_	_	_	_	_	_
287-6	BO075	287	287	6	mesi	mesi	_	_	_	_	_	linguistic	_	none	_	_	_	_	_	_
287-7	BO075	287	287	7	no	no	_	_	_	_	_	linguistic	_	none	_	_	_	_	_	_
287-8	BO075	287	287	8	per	per	_	_	_	_	_	linguistic	_	none	_	_	_	_	_	_
287-9	BO075	287	287	9	un	un	_	_	_	_	_	linguistic	_	none	_	_	_	_	_	_
287-10	BO075	287	287	10	mese	mese	_	_	_	_	_	linguistic	_	none	_	_	_	_	_	_
287-11	BO075	287	287	11	a:	a	_	_	_	_	_	linguistic	_	none	_	_	0x1	_	_	_
287-12	BO075	287	287	12	xx	xx	_	_	_	_	_	unknown	_	none	Syllables=2	_	_	_	_	_
287-13	BO075	287	287	13	xxx	xxx	_	_	_	_	_	unknown	_	none	Syllables=3	End=556.56	_	_	_	_
288-0	BO049	288	288	0	okay	okay	_	_	_	_	_	linguistic	_	none	_	Begin=556.71|End=557.15	_	_	_	_
289-0	BO075	289	289	0	eh	eh	_	_	_	_	_	linguistic	_	none	_	Begin=557.21	_	_	_	_
289-1	BO075	289	289	1	vicino	vicino	_	_	_	_	_	linguistic	_	none	_	_	_	_	_	_
289-2	BO075	289	289	2	a::	a	_	_	_	_	_	linguistic	_	none	ProsodicLink=Yes	_	0x2	_	_	_
289-3	BO075	289	289	3	mh	mh	_	_	_	_	_	linguistic	_	none	_	End=558.53	_	_	_	_
290-0	BO075	290	290	0	finsbury	finsbury	_	_	_	_	_	linguistic	_	none	_	Begin=558.705	_	_	_	_
290-1	BO075	290	290	1	park	park	_	_	_	_	_	linguistic	_	none	_	End=559.96	_	_	_	_
291-0	BO049	291	291	0	>ho	ho	_	_	_	_	_	linguistic	_	none	_	Begin=559.96	_	Fast=0-2(0)	_	_
291-1	BO049	291	291	1	capi(to)<	capito	_	_	_	_	_	linguistic	_	none	_	_	_	Fast=0-6(0)	4-6(0)	_
291-2	BO049	291	291	2	cioè	cioè	_	_	_	_	_	linguistic	_	none	_	_	_	_	_	_
291-3	BO049	291	291	3	[è	è	_	_	_	_	_	linguistic	_	none	_	_	_	_	_	0-1(?)
291-4	BO049	291	291	4	zona::]	zona	_	_	_	_	_	linguistic	_	none	_	End=561.47	3x2	_	_	0-4(?)
292-0	BO075	292	292	0	[cioè:]	cioè	_	_	_	_	_	linguistic	_	none	_	Begin=560.593|End=561.19	3x1	_	_	0-4(68)
293-0	BO075	293	293	0	[(la]ar[s)	laars	_	_	_	_	_	linguistic	_	none	_	Begin=561.34	_	_	0-5(0)	0-2(69),4-5(70)
293-1	BO075	293	293	1	è	è	_	_	_	_	_	linguistic	_	none	_	_	_	_	_	0-1(70)
293-2	BO075	293	293	2	in	in	_	_	_	_	_	linguistic	_	none	_	_	_	_	_	0-2(70)
293-3	BO075	293	293	3	alto]	alto	_	_	_	_	_	linguistic	_	none	_	End=562.54	_	_	_	0-4(70)
294-0	BO049	294	294	0	è	è	_	_	_	_	_	linguistic	_	none	_	Begin=561.68	_	_	_	_
294-1	BO049	294	294	1	ovest	ovest	_	_	_	_	_	linguistic	_	none	_	End=562.57	_	_	_	_
295-0	BO075	295	295	0	e::	e	_	_	_	_	_	linguistic	_	none	_	Begin=563.155	0x2	_	_	_
295-1	BO075	295	295	1	z~	z~	_	_	_	_	_	linguistic	_	none	Interrupted=Yes	_	_	_	_	_
295-2	BO075	295	295	2	zona	zona	_	_	_	_	_	linguistic	_	none	_	End=564.4	_	_	_	_
296-0	BO075	296	296	0	[sud	sud	_	_	_	_	_	linguistic	_	none	_	Begin=564.45	_	_	_	0-3(71)
296-1	BO075	296	296	1	oves]t	ovest	_	_	_	_	_	linguistic	_	none	PauseAfter=Yes	_	_	_	_	0-4(71)
296-2	BO075	296	296	2	{P}	{P}	_	_	_	_	_	shortpause	_	none	_	_	_	_	_	_
296-3	BO075	296	296	3	[dovrebbe	dovrebbe	_	_	_	_	_	linguistic	_	none	_	_	_	_	_	0-8(72)
296-4	BO075	296	296	4	essere]	essere	_	_	_	_	_	linguistic	_	none	_	End=566.49	_	_	_	0-6(72)
297-0	BO049	297	297	0	[non	non	_	_	_	_	_	linguistic	_	none	_	Begin=564.7	_	_	_	0-3(71)
297-1	BO049	297	297	1	mi	mi	_	_	_	_	_	linguistic	_	none	_	_	_	_	_	0-2(71)
297-2	BO049	297	297	2	ricor(do)]	ricordo	_	_	_	_	_	linguistic	_	none	_	End=565.63	_	_	5-7(0)	0-7(71)
298-0	BO049	298	298	0	[eh.	eh	_	_	_	_	_	linguistic	_	none	Intonation=Falling	Begin=565.715	_	_	_	0-2(72)
298-1	BO049	298	298	1	okay]	okay	_	_	_	_	_	linguistic	_	none	_	_	_	_	_	0-4(72)
298-2	BO049	298	298	2	sì	sì	_	_	_	_	_	linguistic	_	none	_	End=566.9	_	_	_	_
299-0	BO075	299	299	0	forse	forse	_	_	_	_	_	linguistic	_	none	_	Begin=567.141	_	_	_	_
299-1	BO075	299	299	1	ho	ho	_	_	_	_	_	linguistic	_	none	_	_	_	_	_	_
299-2	BO075	299	299	2	detto	detto	_	_	_	_	_	linguistic	_	none	_	_	_	_	_	_
299-3	BO075	299	299	3	una	una	_	_	_	_	_	linguistic	_	none	_	_	_	_	_	_
299-4	BO075	299	299	4	cagata	cagata	_	_	_	_	_	linguistic	_	none	_	_	_	_	_	_
299-5	BO075	299	299	5	[non	non	_	_	_	_	_	linguistic	_	none	_	_	_	_	_	0-3(73)
299-6	BO075	299	299	6	mi]	mi	_	_	_	_	_	linguistic	_	none	_	End=568.52	_	_	_	0-2(73)
300-0	BO049	300	300	0	[non	non	_	_	_	_	_	linguistic	_	none	_	Begin=568.2	_	_	_	0-3(73)
300-1	BO049	300	300	1	lo	lo	_	_	_	_	_	linguistic	_	none	_	_	_	_	_	0-2(73)
300-2	BO049	300	300	2	s]o	so	_	_	_	_	_	linguistic	_	none	_	_	_	_	_	0-1(73)
300-3	BO049	300	300	3	io	io	_	_	_	_	_	linguistic	_	none	_	_	_	_	_	_
300-4	BO049	300	300	4	a[me	ame	_	_	_	_	_	linguistic	_	none	_	_	_	_	_	1-3(74)
300-5	BO049	300	300	5	sembra]	sembra	_	_	_	_	_	linguistic	_	none	_	End=569.53	_	_	_	0-6(74)
301-0	BO075	301	301	0	[(no)	no	_	_	_	_	_	linguistic	_	none	_	Begin=568.9	_	_	0-2(0)	0-2(74)
301-1	BO075	301	301	1	giù]	giù	_	_	_	_	_	linguistic	_	none	PauseAfter=Yes	_	_	_	_	0-3(74)
301-2	BO075	301	301	2	{P}	{P}	_	_	_	_	_	shortpause	_	none	_	_	_	_	_	_
301-3	BO075	301	301	3	[giù	giù	_	_	_	_	_	linguistic	_	none	_	_	_	_	_	0-3(75)
301-4	BO075	301	301	4	di	di	_	_	_	_	_	linguistic	_	none	_	_	_	_	_	0-2(75)
301-5	BO075	301	301	5	lì]	lì	_	_	_	_	_	linguistic	_	none	_	End=570.19	_	_	_	0-2(75)
302-0	BO049	302	302	0	[sembra	sembra	_	_	_	_	_	linguistic	_	none	_	Begin=569.67	_	_	_	0-6(75)
302-1	BO049	302	302	1	ove]st	ovest	_	_	_	_	_	linguistic	_	none	_	_	_	_	_	0-3(75)
302-2	BO049	302	302	2	però	però	_	_	_	_	_	linguistic	_	none	_	_	_	_	_	_
302-3	BO049	302	302	3	non	non	_	_	_	_	_	linguistic	_	none	_	_	_	_	_	_
302-4	BO049	302	302	4	mi	mi	_	_	_	_	_	linguistic	_	none	_	_	_	_	_	_
302-5	BO049	302	302	5	ricordo.	ricordo	_	_	_	_	_	linguistic	_	none	Intonation=Falling	End=571.14	_	_	_	_
303-0	BO049	303	303	0	e::h	eh	_	_	_	_	_	linguistic	_	none	ProsodicLink=Yes	Begin=571.19	0x2	_	_	_
303-1	BO049	303	303	1	m:h	mh	_	_	_	_	_	linguistic	_	none	_	End=571.78	0x1	_	_	_
304-0	BO049	304	304	0	beh.	beh	_	_	_	_	_	linguistic	_	none	Intonation=Falling	Begin=571.855	_	_	_	_
304-1	BO049	304	304	1	come	come	_	_	_	_	_	linguistic	_	none	_	_	_	_	_	_
304-2	BO049	304	304	2	mai	mai	_	_	_	_	_	linguistic	_	none	_	_	_	_	_	_
304-3	BO049	304	304	3	>sei	sei	_	_	_	_	_	linguistic	_	none	_	_	_	Fast=0-3(0)	_	_
304-4	BO049	304	304	4	andato	andato	_	_	_	_	_	linguistic	_	none	_	_	_	Fast=0-6(0)	_	_
304-5	BO049	304	304	5	a	a	_	_	_	_	_	linguistic	_	none	_	_	_	Fast=0-1(0)	_	_
304-6	BO049	304	304	6	londra<?	londra	_	_	_	_	_	linguistic	_	none	Intonation=Rising	End=573.17	_	Fast=0-6(0)	_	_
305-0	BO075	305	305	0	sono	sono	_	_	_	_	_	linguistic	_	none	_	Begin=573.291	_	_	_	_
305-1	BO075	305	305	1	andato	andato	_	_	_	_	_	linguistic	_	none	_	_	_	_	_	_
305-2	BO075	305	305	2	a	a	_	_	_	_	_	linguistic	_	none	_	_	_	_	_	_
305-3	BO075	305	305	3	londra	londra	_	_	_	_	_	linguistic	_	none	_	_	_	_	_	_
305-4	BO075	305	305	4	perché	perché	_	_	_	_	_	linguistic	_	none	_	End=574.79	_	_	_	_
306-0	BO075	306	306	0	e::h	eh	_	_	_	_	_	linguistic	_	none	PauseAfter=Yes	Begin=574.936	0x2	_	_	_
306-1	BO075	306	306	1	{P}	{P}	_	_	_	_	_	shortpause	_	none	_	_	_	_	_	_
306-2	BO075	306	306	2	allora	allora	_	_	_	_	_	linguistic	_	none	_	_	_	_	_	_
306-3	BO075	306	306	3	io	io	_	_	_	_	_	linguistic	_	none	_	_	_	_	_	_
306-4	BO075	306	306	4	s~	s~	_	_	_	_	_	linguistic	_	none	Interrupted=Yes	End=576.33	_	_	_	_
307-0	BO075	307	307	0	>ho	ho	_	_	_	_	_	linguistic	_	none	_	Begin=576.376	_	Fast=0-2(0)	_	_
307-1	BO075	307	307	1	finito	finito	_	_	_	_	_	linguistic	_	none	_	_	_	Fast=0-6(0)	_	_
307-2	BO075	307	307	2	le	le	_	_	_	_	_	linguistic	_	none	_	_	_	Fast=0-2(0)	_	_
307-3	BO075	307	307	3	superiori	superiori	_	_	_	_	_	linguistic	_	none	_	_	_	Fast=0-9(0)	_	_
307-4	BO075	307	307	4	ho	ho	_	_	_	_	_	linguistic	_	none	_	_	_	Fast=0-2(0)	_	_
307-5	BO075	307	307	5	fatto	fatto	_	_	_	_	_	linguistic	_	none	_	_	_	Fast=0-5(0)	_	_
307-6	BO075	307	307	6	un	un	_	_	_	_	_	linguistic	_	none	_	_	_	Fast=0-2(0)	_	_
307-7	BO075	307	307	7	anno	anno	_	_	_	_	_	linguistic	_	none	_	_	_	Fast=0-4(0)	_	_
307-8	BO075	307	307	8	di	di	_	_	_	_	_	linguistic	_	none	_	_	_	Fast=0-2(0)	_	_
307-9	BO075	307	307	9	servizio	servizio	_	_	_	_	_	linguistic	_	none	_	_	_	Fast=0-8(0)	_	_
307-10	BO075	307	307	10	civile<	civile	_	_	_	_	_	linguistic	_	none	_	_	_	Fast=0-6(0)	_	_
307-11	BO075	307	307	11	che	che	_	_	_	_	_	linguistic	_	none	_	_	_	_	_	_
307-12	BO075	307	307	12	finiva:	finiva	_	_	_	_	_	linguistic	_	none	_	_	5x1	_	_	_
307-13	BO075	307	307	13	a	a	_	_	_	_	_	linguistic	_	none	_	_	_	_	_	_
307-14	BO075	307	307	14	gennaio	gennaio	_	_	_	_	_	linguistic	_	none	_	_	_	_	_	_
307-15	BO075	307	307	15	il	il	_	_	_	_	_	linguistic	_	none	_	_	_	_	_	_
307-16	BO075	307	307	16	quattordici	quattordici	_	_	_	_	_	linguistic	_	none	_	_	_	_	_	_
307-17	BO075	307	307	17	gennaio,	gennaio	_	_	_	_	_	linguistic	_	none	Intonation=WeaklyRising	End=581.11	_	_	_	_
308-0	BO075	308	308	0	e:	e	_	_	_	_	_	linguistic	_	none	_	Begin=581.61	0x1	_	_	_
308-1	BO075	308	308	1	>quindi	quindi	_	_	_	_	_	linguistic	_	none	_	_	_	Fast=0-6(0)	_	_
308-2	BO075	308	308	2	non	non	_	_	_	_	_	linguistic	_	none	_	_	_	Fast=0-3(0)	_	_
308-3	BO075	308	308	3	potevo	potevo	_	_	_	_	_	linguistic	_	none	_	_	_	Fast=0-6(0)	_	_
308-4	BO075	308	308	4	iniziare	iniziare	_	_	_	_	_	linguistic	_	none	_	_	_	Fast=0-8(0)	_	_
308-5	BO075	308	308	5	l'	l'	_	_	_	_	_	linguistic	_	none	SpaceAfter=No	_	_	Fast=0-2(0)	_	_
308-6	BO075	308	308	6	università<.	università	_	_	_	_	_	linguistic	_	none	Intonation=Falling	End=583.43	_	Fast=0-10(0)	_	_
309-0	BO049	309	309	0	ma	ma	_	_	_	_	_	linguistic	_	none	_	Begin=583.475	_	_	_	_
309-1	BO049	309	309	1	il	il	_	_	_	_	_	linguistic	_	none	_	_	_	_	_	_
309-2	BO049	309	309	2	servizio	servizio	_	_	_	_	_	linguistic	_	none	_	_	_	_	_	_
309-3	BO049	309	309	3	civile	civile	_	_	_	_	_	linguistic	_	none	_	_	_	_	_	_
309-4	BO049	309	309	4	dove	dove	_	_	_	_	_	linguistic	_	none	_	_	_	_	_	_
309-5	BO049	309	309	5	l'	l'	_	_	_	_	_	linguistic	_	none	SpaceAfter=No	_	_	_	_	_
309-6	BO049	309	309	6	hai	hai	_	_	_	_	_	linguistic	_	none	_	_	_	_	_	_
309-7	BO049	309	309	7	fatto?	fatto	_	_	_	_	_	linguistic	_	none	Intonation=Rising	End=585.02	_	_	_	_
310-0	BO075	310	310	0	a	a	_	_	_	_	_	linguistic	_	none	_	Begin=585.126	_	_	_	_
310-1	BO075	310	310	1	carpi	carpi	_	_	_	_	_	linguistic	_	none	_	_	_	_	_	_
310-2	BO075	310	310	2	a:::	a	_	_	_	_	_	linguistic	_	none	_	_	0x3	_	_	_
310-3	BO075	310	310	3	facevo	facevo	_	_	_	_	_	linguistic	_	none	_	_	_	_	_	_
310-4	BO075	310	310	4	il	il	_	_	_	_	_	linguistic	_	none	_	_	_	_	_	_
310-5	BO075	310	310	5	finto	finto	_	_	_	_	_	linguistic	_	none	_	_	_	_	_	_
310-6	BO075	310	310	6	psicologo	psicologo	_	_	_	_	_	linguistic	_	none	_	_	_	_	_	_
310-7	BO075	310	310	7	a:l	al	_	_	_	_	_	linguistic	_	none	ProsodicLink=Yes	_	0x1	_	_	_
310-8	BO075	310	310	8	[eh	eh	_	_	_	_	_	linguistic	_	none	ProsodicLink=Yes	_	_	_	_	0-2(76)
310-9	BO075	310	310	9	m::h]	mh	_	_	_	_	_	linguistic	_	none	_	End=588.7	0x2	_	_	0-2(76)
311-0	BO049	311	311	0	[cosa]	cosa	_	_	_	_	_	linguistic	_	none	_	Begin=587.841	_	_	_	0-4(76)
311-1	BO049	311	311	1	vuol	vuol	_	_	_	_	_	linguistic	_	none	_	_	_	_	_	_
311-2	BO049	311	311	2	dir(e)	dire	_	_	_	_	_	linguistic	_	none	_	_	_	_	3-4(0)	_
311-3	BO049	311	311	3	{ride}	{ride}	_	_	_	_	_	nonverbalbehavior	_	none	_	End=589.5	_	_	_	_
312-0	BO075	312	312	0	{ride}	{ride}	_	_	_	_	_	nonverbalbehavior	_	none	_	Begin=589.575|End=589.93	_	_	_	_
313-0	BO075	313	313	0	eh	eh	_	_	_	_	_	linguistic	_	none	_	Begin=589.975	_	_	_	_
313-1	BO075	313	313	1	no	no	_	_	_	_	_	linguistic	_	none	_	_	_	_	_	_
313-2	BO075	313	313	2	è	è	_	_	_	_	_	linguistic	_	none	_	_	_	_	_	_
313-3	BO075	313	313	3	vero	vero	_	_	_	_	_	linguistic	_	none	_	_	_	_	_	_
313-4	BO075	313	313	4	e::h	eh	_	_	_	_	_	linguistic	_	none	_	_	0x2	_	_	_
313-5	BO075	313	313	5	all	all	_	_	_	_	_	linguistic	_	none	ProsodicLink=Yes	_	_	_	_	_
313-6	BO075	313	313	6	eh	eh	_	_	_	_	_	linguistic	_	none	ProsodicLink=Yes	_	_	_	_	_
313-7	BO075	313	313	7	mh	mh	_	_	_	_	_	linguistic	_	none	_	End=591.91	_	_	_	_
314-0	BO075	314	314	0	al	al	_	_	_	_	_	linguistic	_	none	_	Begin=591.936	_	_	_	_
314-1	BO075	314	314	1	centro	centro	_	_	_	_	_	linguistic	_	none	_	_	_	_	_	_
314-2	BO075	314	314	2	di	di	_	_	_	_	_	linguistic	_	none	_	_	_	_	_	_
314-3	BO075	314	314	3	ascolto	ascolto	_	_	_	_	_	linguistic	_	none	_	_	_	_	_	_
314-4	BO075	314	314	4	di	di	_	_	_	_	_	linguistic	_	none	_	_	_	_	_	_
314-5	BO075	314	314	5	carpi.	carpi	_	_	_	_	_	linguistic	_	none	Intonation=Falling	End=593.58	_	_	_	_
315-0	BO075	315	315	0	[e:h	eh	_	_	_	_	_	linguistic	_	none	_	Begin=593.651	0x1	_	_	0-2(77)
315-1	BO075	315	315	1	da~	da~	_	_	_	_	_	linguistic	_	none	Interrupted=Yes	_	_	_	_	0-3(77)
315-2	BO075	315	315	2	davanti	davanti	_	_	_	_	_	linguistic	_	none	_	_	_	_	_	0-7(77)
315-3	BO075	315	315	3	al	al	_	_	_	_	_	linguistic	_	none	_	_	_	_	_	0-2(77)
315-4	BO075	315	315	4	fanti]	fanti	_	_	_	_	_	linguistic	_	none	_	End=595.08	_	_	_	0-5(77)
316-0	BO049	316	316	0	[cioè	cioè	_	_	_	_	_	linguistic	_	none	_	Begin=593.671	_	_	_	0-4(77)
316-1	BO049	316	316	1	tu	tu	_	_	_	_	_	linguistic	_	none	_	_	_	_	_	0-2(77)
316-2	BO049	316	316	2	ascoltavi	ascoltavi	_	_	_	_	_	linguistic	_	none	_	_	_	_	_	0-9(77)
316-3	BO049	316	316	3	le	le	_	_	_	_	_	linguistic	_	none	_	_	_	_	_	0-2(77)
316-4	BO049	316	316	4	persone]	persone	_	_	_	_	_	linguistic	_	none	_	_	_	_	_	0-7(77)
316-5	BO049	316	316	5	ma	ma	_	_	_	_	_	linguistic	_	none	_	_	_	_	_	_
316-6	BO049	316	316	6	non:	non	_	_	_	_	_	linguistic	_	none	_	_	2x1	_	_	_
316-7	BO049	316	316	7	sapevi::	sapevi	_	_	_	_	_	linguistic	_	none	_	End=596.2	5x2	_	_	_
317-0	BO049	317	317	0	[come	come	_	_	_	_	_	linguistic	_	none	_	Begin=596.285	_	_	_	0-4(78)
317-1	BO049	317	317	1	guar]irle	guarirle	_	_	_	_	_	linguistic	_	none	_	_	_	_	_	0-4(78)
317-2	BO049	317	317	2	non	non	_	_	_	_	_	linguistic	_	none	_	_	_	_	_	_
317-3	BO049	317	317	3	c'	c'	_	_	_	_	_	linguistic	_	none	SpaceAfter=No	_	_	_	_	_
317-4	BO049	317	317	4	è	è	_	_	_	_	_	linguistic	_	none	_	_	_	_	_	_
317-5	BO049	317	317	5	[(un)	un	_	_	_	_	_	linguistic	_	none	_	_	_	_	0-2(0)	0-2(79)
317-6	BO049	317	317	6	se]nso	senso	_	_	_	_	_	linguistic	_	none	_	_	_	_	_	0-2(79)
317-7	BO049	317	317	7	{ride}	{ride}	_	_	_	_	_	nonverbalbehavior	_	none	_	End=598.47	_	_	_	_
318-0	BO075	318	318	0	[e:h]	eh	_	_	_	_	_	linguistic	_	none	_	Begin=596.45|End=596.9	0x1	_	_	0-2(78)
319-0	BO075	319	319	0	[eh]	eh	_	_	_	_	_	linguistic	_	none	_	Begin=597.63	_	_	_	0-2(79)
319-1	BO075	319	319	1	{ride}	{ride}	_	_	_	_	_	nonverbalbehavior	_	none	_	End=598.18	_	_	_	_
320-0	BO075	320	320	0	no	no	_	_	_	_	_	linguistic	_	none	_	Begin=598.531	_	_	_	_
320-1	BO075	320	320	1	no	no	_	_	_	_	_	linguistic	_	none	_	_	_	_	_	_
320-2	BO075	320	320	2	eh	eh	_	_	_	_	_	linguistic	_	none	_	_	_	_	_	_
320-3	BO075	320	320	3	cioè	cioè	_	_	_	_	_	linguistic	_	none	_	_	_	_	_	_
320-4	BO075	320	320	4	xx	xx	_	_	_	_	_	unknown	_	none	Syllables=2	_	_	_	_	_
320-5	BO075	320	320	5	cioè	cioè	_	_	_	_	_	linguistic	_	none	_	_	_	_	_	_
320-6	BO075	320	320	6	eh	eh	_	_	_	_	_	linguistic	_	none	_	End=600.33	_	_	_	_
321-0	BO075	321	321	0	in	in	_	_	_	_	_	linguistic	_	none	_	Begin=600.49	_	_	_	_
321-1	BO075	321	321	1	realtà:	realtà	_	_	_	_	_	linguistic	_	none	_	_	5x1	_	_	_
321-2	BO075	321	321	2	sì	sì	_	_	_	_	_	linguistic	_	none	_	_	_	_	_	_
321-3	BO075	321	321	3	erano	erano	_	_	_	_	_	linguistic	_	none	_	End=602.14	_	_	_	_
322-0	BO075	322	322	0	dei	dei	_	_	_	_	_	linguistic	_	none	_	Begin=602.21	_	_	_	_
322-1	BO075	322	322	1	centri	centri	_	_	_	_	_	linguistic	_	none	_	_	_	_	_	_
322-2	BO075	322	322	2	di	di	_	_	_	_	_	linguistic	_	none	_	_	_	_	_	_
322-3	BO075	322	322	3	ascolto	ascolto	_	_	_	_	_	linguistic	_	none	_	_	_	_	_	_
322-4	BO075	322	322	4	sono	sono	_	_	_	_	_	linguistic	_	none	_	_	_	_	_	_
322-5	BO075	322	322	5	centri	centri	_	_	_	_	_	linguistic	_	none	_	_	_	_	_	_
322-6	BO075	322	322	6	di	di	_	_	_	_	_	linguistic	_	none	_	_	_	_	_	_
322-7	BO075	322	322	7	accoglienza	accoglienza	_	_	_	_	_	linguistic	_	none	_	_	_	_	_	_
322-8	BO075	322	322	8	per	per	_	_	_	_	_	linguistic	_	none	_	End=604.49	_	_	_	_
323-0	BO049	323	323	0	a:h	ah	_	_	_	_	_	linguistic	_	none	_	Begin=604.52	0x1	_	_	_
323-1	BO049	323	323	1	o[kay]	okay	_	_	_	_	_	linguistic	_	none	_	End=605.21	_	_	_	1-4(80)
324-0	BO075	324	324	0	[e:h]	eh	_	_	_	_	_	linguistic	_	none	_	Begin=604.875	0x1	_	_	0-2(80)
324-1	BO075	324	324	1	per	per	_	_	_	_	_	linguistic	_	none	ProsodicLink=Yes	_	_	_	_	_
324-2	BO075	324	324	2	e:h	eh	_	_	_	_	_	linguistic	_	none	ProsodicLink=Yes	_	0x1	_	_	_
324-3	BO075	324	324	3	m::h	mh	_	_	_	_	_	linguistic	_	none	_	End=606.13	0x2	_	_	_
325-0	BO075	325	325	0	la	la	_	_	_	_	_	linguistic	_	none	_	Begin=606.201	_	_	_	_
325-1	BO075	325	325	1	la	la	_	_	_	_	_	linguistic	_	none	_	_	_	_	_	_
325-2	BO075	325	325	2	popolazione	popolazione	_	_	_	_	_	linguistic	_	none	_	_	_	_	_	_
325-3	BO075	325	325	3	[meno::	meno	_	_	_	_	_	linguistic	_	none	ProsodicLink=Yes	_	3x2	_	_	0-4(81)
325-4	BO075	325	325	4	ah]	ah	_	_	_	_	_	linguistic	_	none	_	End=608.05	_	_	_	0-2(81)
326-0	BO049	326	326	0	[okay].	okay	_	_	_	_	_	linguistic	_	none	Intonation=Falling	Begin=607.325|End=607.96	_	_	_	0-4(81)
327-0	BO075	327	327	0	[e::::h	eh	_	_	_	_	_	linguistic	_	none	ProsodicLink=Yes	Begin=608.121	0x4	_	_	0-2(82)
327-1	BO075	327	327	1	m::h]	mh	_	_	_	_	_	linguistic	_	none	_	End=609.74	0x2	_	_	0-2(82)
328-0	BO049	328	328	0	[quelli	quelli	_	_	_	_	_	linguistic	_	none	_	Begin=608.76	_	_	_	0-6(82)
328-1	BO049	328	328	1	un	un	_	_	_	_	_	linguistic	_	none	_	_	_	_	_	0-2(82)
328-2	BO049	328	328	2	po'	po'	_	_	_	_	_	linguistic	_	none	_	_	_	_	_	0-3(82)
328-3	BO049	328	328	3	più	più	_	_	_	_	_	linguistic	_	none	_	_	_	_	_	0-3(82)
328-4	BO049	328	328	4	disa]gia[ti],	disagiati	_	_	_	_	_	linguistic	_	none	Intonation=WeaklyRising	End=610.23	_	_	_	0-4(82),7-9(83)
329-0	BO075	329	329	0	[di~]	di~	_	_	_	_	_	linguistic	_	none	Interrupted=Yes	Begin=609.92	_	_	_	0-3(83)
329-1	BO075	329	329	1	di~	di~	_	_	_	_	_	linguistic	_	none	Interrupted=Yes	_	_	_	_	_
329-2	BO075	329	329	2	(sì)	sì	_	_	_	_	_	linguistic	_	none	_	_	_	_	0-2(0)	_
329-3	BO075	329	329	3	la	la	_	_	_	_	_	linguistic	_	none	_	_	_	_	_	_
329-4	BO075	329	329	4	più	più	_	_	_	_	_	linguistic	_	none	_	_	_	_	_	_
329-5	BO075	329	329	5	disagiata	disagiata	_	_	_	_	_	linguistic	_	none	_	_	_	_	_	_
329-6	BO075	329	329	6	de~	de~	_	_	_	_	_	linguistic	_	none	Interrupted=Yes	_	_	_	_	_
329-7	BO075	329	329	7	de[l:]	del	_	_	_	_	_	linguistic	_	none	_	End=612.03	2x1	_	_	2-3(84)
330-0	BO049	330	330	0	[°sì°]	sì	_	_	_	_	_	linguistic	_	none	Volume=low	Begin=611.88|End=612.03	_	_	_	0-2(84)
331-0	BO075	331	331	0	del~	del~	_	_	_	_	_	linguistic	_	none	Interrupted=Yes	Begin=612.19	_	_	_	_
331-1	BO075	331	331	1	della	della	_	_	_	_	_	linguistic	_	none	_	_	_	_	_	_
331-2	BO075	331	331	2	zona	zona	_	_	_	_	_	linguistic	_	none	_	_	_	_	_	_
331-3	BO075	331	331	3	e	e	_	_	_	_	_	linguistic	_	none	_	End=613.21	_	_	_	_
332-0	BO075	332	332	0	noi	noi	_	_	_	_	_	linguistic	_	none	_	Begin=613.3	_	_	_	_
332-1	BO075	332	332	1	li	li	_	_	_	_	_	linguistic	_	none	_	_	_	_	_	_
332-2	BO075	332	332	2	aiutava~	aiutava~	_	_	_	_	_	linguistic	_	none	Interrupted=Yes	_	_	_	_	_
332-3	BO075	332	332	3	li	li	_	_	_	_	_	linguistic	_	none	_	_	_	_	_	_
332-4	BO075	332	332	4	li	li	_	_	_	_	_	linguistic	_	none	_	_	_	_	_	_
332-5	BO075	332	332	5	aiutavamo:	aiutavamo	_	_	_	_	_	linguistic	_	none	_	End=615.27	8x1	_	_	_
333-0	BO075	333	333	0	tramite:	tramite	_	_	_	_	_	linguistic	_	none	ProsodicLink=Yes	Begin=615.598	6x1	_	_	_
333-1	BO075	333	333	1	e:h	eh	_	_	_	_	_	linguistic	_	none	ProsodicLink=Yes	_	0x1	_	_	_
333-2	BO075	333	333	2	mh	mh	_	_	_	_	_	linguistic	_	none	_	End=617.24	_	_	_	_
334-0	BO075	334	334	0	e:h	eh	_	_	_	_	_	linguistic	_	none	_	Begin=617.333	0x1	_	_	_
334-1	BO075	334	334	1	sporte	sporte	_	_	_	_	_	linguistic	_	none	_	_	_	_	_	_
334-2	BO075	334	334	2	di	di	_	_	_	_	_	linguistic	_	none	_	_	_	_	_	_
334-3	BO075	334	334	3	alimenti	alimenti	_	_	_	_	_	linguistic	_	none	_	End=619.34	_	_	_	_
335-0	BO075	335	335	0	[e::::h]	eh	_	_	_	_	_	linguistic	_	none	_	Begin=619.546|End=620.705	0x4	_	_	0-2(85)
336-0	BO049	336	336	0	[ah::	ah	_	_	_	_	_	linguistic	_	none	_	Begin=619.79	1x2	_	_	0-2(85)
336-1	BO049	336	336	1	okay].	okay	_	_	_	_	_	linguistic	_	none	Intonation=Falling	End=620.69	_	_	_	0-4(85)
337-0	BO075	337	337	0	a	a	_	_	_	_	_	linguistic	_	none	_	Begin=620.79	_	_	_	_
337-1	BO075	337	337	1	scadenza	scadenza	_	_	_	_	_	linguistic	_	none	_	_	_	_	_	_
337-2	BO075	337	337	2	breve	breve	_	_	_	_	_	linguistic	_	none	_	_	_	_	_	_
337-3	BO075	337	337	3	provenienti	provenienti	_	_	_	_	_	linguistic	_	none	_	_	_	_	_	_
337-4	BO075	337	337	4	da:	da	_	_	_	_	_	linguistic	_	none	_	_	1x1	_	_	_
337-5	BO075	337	337	5	centri	centri	_	_	_	_	_	linguistic	_	none	_	_	_	_	_	_
337-6	BO075	337	337	6	commerciali,	commerciali	_	_	_	_	_	linguistic	_	none	Intonation=WeaklyRising	End=624.08	_	_	_	_
338-0	BO075	338	338	0	che::	che	_	_	_	_	_	linguistic	_	none	_	Begin=624.115	2x2	_	_	_
338-1	BO075	338	338	1	d~	d~	_	_	_	_	_	linguistic	_	none	Interrupted=Yes	_	_	_	_	_
338-2	BO075	338	338	2	davano	davano	_	_	_	_	_	linguistic	_	none	_	_	_	_	_	_
338-3	BO075	338	338	3	una	una	_	_	_	_	_	linguistic	_	none	_	_	_	_	_	_
338-4	BO075	338	338	4	mano	mano	_	_	_	_	_	linguistic	_	none	_	_	_	_	_	_
338-5	BO075	338	338	5	fornivano	fornivano	_	_	_	_	_	linguistic	_	none	_	End=626.27	_	_	_	_
339-0	BO075	339	339	0	e::::h	eh	_	_	_	_	_	linguistic	_	none	_	Begin=626.471|End=627.78	0x4	_	_	_
340-0	BO075	340	340	0	beni	beni	_	_	_	_	_	linguistic	_	none	_	Begin=627.85	_	_	_	_
340-1	BO075	340	340	1	di	di	_	_	_	_	_	linguistic	_	none	_	_	_	_	_	_
340-2	BO075	340	340	2	prima	prima	_	_	_	_	_	linguistic	_	none	_	_	_	_	_	_
340-3	BO075	340	340	3	necessità	necessità	_	_	_	_	_	linguistic	_	none	PauseAfter=Yes	_	_	_	_	_
340-4	BO075	340	340	4	{P}	{P}	_	_	_	_	_	shortpause	_	none	_	_	_	_	_	_
340-5	BO075	340	340	5	la	la	_	_	_	_	_	linguistic	_	none	_	_	_	_	_	_
340-6	BO075	340	340	6	caritas	caritas	_	_	_	_	_	linguistic	_	none	_	End=630.11	_	_	_	_
341-0	BO075	341	341	0	e:h	eh	_	_	_	_	_	linguistic	_	none	ProsodicLink=Yes	Begin=630.295	0x1	_	_	_
341-1	BO075	341	341	1	m::h	mh	_	_	_	_	_	linguistic	_	none	_	End=631.42	0x2	_	_	_
342-0	BO075	342	342	0	oppure	oppure	_	_	_	_	_	linguistic	_	none	_	Begin=631.485	_	_	_	_
342-1	BO075	342	342	1	tramite	tramite	_	_	_	_	_	linguistic	_	none	_	_	_	_	_	_
342-2	BO075	342	342	2	aiuti	aiuti	_	_	_	_	_	linguistic	_	none	_	_	_	_	_	_
342-3	BO075	342	342	3	economici	economici	_	_	_	_	_	linguistic	_	none	_	_	_	_	_	_
342-4	BO075	342	342	4	che	che	_	_	_	_	_	linguistic	_	none	_	_	_	_	_	_
342-5	BO075	342	342	5	però	però	_	_	_	_	_	linguistic	_	none	_	_	_	_	_	_
342-6	BO075	342	342	6	non	non	_	_	_	_	_	linguistic	_	none	_	_	_	_	_	_
342-7	BO075	342	342	7	fornivo	fornivo	_	_	_	_	_	linguistic	_	none	_	_	_	_	_	_
342-8	BO075	342	342	8	io.	io	_	_	_	_	_	linguistic	_	none	Intonation=Falling	End=634.03	_	_	_	_
343-0	BO075	343	343	0	[e:h]	eh	_	_	_	_	_	linguistic	_	none	_	Begin=634.086	0x1	_	_	0-2(86)
343-1	BO075	343	343	1	io	io	_	_	_	_	_	linguistic	_	none	_	_	_	_	_	_
343-2	BO075	343	343	2	facevo	facevo	_	_	_	_	_	linguistic	_	none	_	_	_	_	_	_
343-3	BO075	343	343	3	un:	un	_	_	_	_	_	linguistic	_	none	_	_	1x1	_	_	_
343-4	BO075	343	343	4	po'	po'	_	_	_	_	_	linguistic	_	none	_	_	_	_	_	_
343-5	BO075	343	343	5	da	da	_	_	_	_	_	linguistic	_	none	_	_	_	_	_	_
343-6	BO075	343	343	6	tramite.	tramite	_	_	_	_	_	linguistic	_	none	Intonation=Falling	End=636.15	_	_	_	_
344-0	BO049	344	344	0	[okay]	okay	_	_	_	_	_	linguistic	_	none	_	Begin=634.38|End=634.83	_	_	_	0-4(86)
345-0	BO075	345	345	0	però	però	_	_	_	_	_	linguistic	_	none	_	Begin=636.181	_	_	_	_
345-1	BO075	345	345	1	ascoltavo	ascoltavo	_	_	_	_	_	linguistic	_	none	_	_	_	_	_	_
345-2	BO075	345	345	2	i	i	_	_	_	_	_	linguistic	_	none	_	_	_	_	_	_
345-3	BO075	345	345	3	problemi	problemi	_	_	_	_	_	linguistic	_	none	_	_	_	_	_	_
345-4	BO075	345	345	4	degli	degli	_	_	_	_	_	linguistic	_	none	_	_	_	_	_	_
345-5	BO075	345	345	5	altri	altri	_	_	_	_	_	linguistic	_	none	_	_	_	_	_	_
345-6	BO075	345	345	6	e:	e	_	_	_	_	_	linguistic	_	none	_	_	0x1	_	_	_
345-7	BO075	345	345	7	se	se	_	_	_	_	_	linguistic	_	none	_	_	_	_	_	_
345-8	BO075	345	345	8	potevo	potevo	_	_	_	_	_	linguistic	_	none	_	_	_	_	_	_
345-9	BO075	345	345	9	davo	davo	_	_	_	_	_	linguistic	_	none	_	_	_	_	_	_
345-10	BO075	345	345	10	qualche	qualche	_	_	_	_	_	linguistic	_	none	_	_	_	_	_	_
345-11	BO075	345	345	11	consiglio	consiglio	_	_	_	_	_	linguistic	_	none	_	_	_	_	_	_
345-12	BO075	345	345	12	{ride}	{ride}	_	_	_	_	_	nonverbalbehavior	_	none	_	End=639.87	_	_	_	_
346-0	BO049	346	346	0	{ride}	{ride}	_	_	_	_	_	nonverbalbehavior	_	none	_	Begin=639.635|End=640.37	_	_	_	_
347-0	BO075	347	347	0	ecco.	ecco	_	_	_	_	_	linguistic	_	none	Intonation=Falling	Begin=640.178|End=640.59	_	_	_	_
348-0	BO049	348	348	0	im[magino]	immagino	_	_	_	_	_	linguistic	_	none	_	Begin=640.73|End=641.39	_	_	_	2-8(87)
349-0	BO075	349	349	0	[e:]::h	eh	_	_	_	_	_	linguistic	_	none	_	Begin=640.895|End=642.21	0x3	_	_	0-1(87)
350-0	BO075	350	350	0	e	e	_	_	_	_	_	linguistic	_	none	_	Begin=642.3	_	_	_	_
350-1	BO075	350	350	1	poi	poi	_	_	_	_	_	linguistic	_	none	_	_	_	_	_	_
350-2	BO075	350	350	2	e	e	_	_	_	_	_	linguistic	_	none	_	_	_	_	_	_
350-3	BO075	350	350	3	qua~	qua~	_	_	_	_	_	linguistic	_	none	Interrupted=Yes	_	_	_	_	_
350-4	BO075	350	350	4	f~	f~	_	_	_	_	_	linguistic	_	none	Interrupted=Yes	_	_	_	_	_
350-5	BO075	350	350	5	finiva	finiva	_	_	_	_	_	linguistic	_	none	_	_	_	_	_	_
350-6	BO075	350	350	6	il	il	_	_	_	_	_	linguistic	_	none	_	_	_	_	_	_
350-7	BO075	350	350	7	quattordici	quattordici	_	_	_	_	_	linguistic	_	none	_	_	_	_	_	_
350-8	BO075	350	350	8	gennaio	gennaio	_	_	_	_	_	linguistic	_	none	_	End=645.01	_	_	_	_
351-0	BO075	351	351	0	e:h	eh	_	_	_	_	_	linguistic	_	none	ProsodicLink=Yes	Begin=645.35	0x1	_	_	_
351-1	BO075	351	351	1	mh	mh	_	_	_	_	_	linguistic	_	none	_	End=645.92	_	_	_	_
352-0	BO075	352	352	0	>e	e	_	_	_	_	_	linguistic	_	none	_	Begin=645.99	_	Fast=0-1(0)	_	_
352-1	BO075	352	352	1	quindi	quindi	_	_	_	_	_	linguistic	_	none	_	_	_	Fast=0-6(0)	_	_
352-2	BO075	352	352	2	non	non	_	_	_	_	_	linguistic	_	none	_	_	_	Fast=0-3(0)	_	_
352-3	BO075	352	352	3	potevo	potevo	_	_	_	_	_	linguistic	_	none	_	_	_	Fast=0-6(0)	_	_
352-4	BO075	352	352	4	iniziare	iniziare	_	_	_	_	_	linguistic	_	none	_	_	_	Fast=0-8(0)	_	_
352-5	BO075	352	352	5	l'	l'	_	_	_	_	_	linguistic	_	none	SpaceAfter=No	_	_	Fast=0-2(0)	_	_
352-6	BO075	352	352	6	università	università	_	_	_	_	_	linguistic	_	none	_	_	_	Fast=0-10(0)	_	_
352-7	BO075	352	352	7	c'	c'	_	_	_	_	_	linguistic	_	none	SpaceAfter=No	_	_	Fast=0-2(0)	_	_
352-8	BO075	352	352	8	erano	erano	_	_	_	_	_	linguistic	_	none	_	_	_	Fast=0-5(0)	_	_
352-9	BO075	352	352	9	due	due	_	_	_	_	_	linguistic	_	none	_	_	_	Fast=0-3(0)	_	_
352-10	BO075	352	352	10	miei	miei	_	_	_	_	_	linguistic	_	none	_	_	_	Fast=0-4(0)	_	_
352-11	BO075	352	352	11	amici	amici	_	_	_	_	_	linguistic	_	none	_	_	_	Fast=0-5(0)	_	_
352-12	BO075	352	352	12	che	che	_	_	_	_	_	linguistic	_	none	_	_	_	Fast=0-3(0)	_	_
352-13	BO075	352	352	13	vivevano	vivevano	_	_	_	_	_	linguistic	_	none	_	_	_	Fast=0-8(0)	_	_
352-14	BO075	352	352	14	a	a	_	_	_	_	_	linguistic	_	none	_	_	_	Fast=0-1(0)	_	_
352-15	BO075	352	352	15	londra<	londra	_	_	_	_	_	linguistic	_	none	_	_	_	Fast=0-5(0)	_	_
352-16	BO075	352	352	16	da	da	_	_	_	_	_	linguistic	_	none	_	_	_	_	_	_
352-17	BO075	352	352	17	un	un	_	_	_	_	_	linguistic	_	none	_	_	_	_	_	_
352-18	BO075	352	352	18	anno	anno	_	_	_	_	_	linguistic	_	none	_	_	_	_	_	_
352-19	BO075	352	352	19	un	un	_	_	_	_	_	linguistic	_	none	_	_	_	_	_	_
352-20	BO075	352	352	20	anno	anno	_	_	_	_	_	linguistic	_	none	_	_	_	_	_	_
352-21	BO075	352	352	21	due	due	_	_	_	_	_	linguistic	_	none	_	_	_	_	_	_
352-22	BO075	352	352	22	un	un	_	_	_	_	_	linguistic	_	none	_	_	_	_	_	_
352-23	BO075	352	352	23	anno	anno	_	_	_	_	_	linguistic	_	none	_	_	_	_	_	_
352-24	BO075	352	352	24	e	e	_	_	_	_	_	linguistic	_	none	_	_	_	_	_	_
352-25	BO075	352	352	25	mezzo	mezzo	_	_	_	_	_	linguistic	_	none	_	_	_	_	_	_
352-26	BO075	352	352	26	due	due	_	_	_	_	_	linguistic	_	none	_	End=651.06	_	_	_	_
353-0	BO075	353	353	0	e	e	_	_	_	_	_	linguistic	_	none	_	Begin=651.42	_	_	_	_
353-1	BO075	353	353	1	allora	allora	_	_	_	_	_	linguistic	_	none	_	_	_	_	_	_
353-2	BO075	353	353	2	sono	sono	_	_	_	_	_	linguistic	_	none	_	_	_	_	_	_
353-3	BO075	353	353	3	andoto	andoto	_	_	_	_	_	linguistic	_	none	_	_	_	_	_	_
353-4	BO075	353	353	4	a	a	_	_	_	_	_	linguistic	_	none	_	_	_	_	_	_
353-5	BO075	353	353	5	trovarli	trovarli	_	_	_	_	_	linguistic	_	none	_	_	_	_	_	_
353-6	BO075	353	353	6	e	e	_	_	_	_	_	linguistic	_	none	_	_	_	_	_	_
353-7	BO075	353	353	7	sono	sono	_	_	_	_	_	linguistic	_	none	_	_	_	_	_	_
353-8	BO075	353	353	8	rimasto	rimasto	_	_	_	_	_	linguistic	_	none	_	_	_	_	_	_
353-9	BO075	353	353	9	là	là	_	_	_	_	_	linguistic	_	none	_	_	_	_	_	_
353-10	BO075	353	353	10	sei	sei	_	_	_	_	_	linguistic	_	none	_	_	_	_	_	_
353-11	BO075	353	353	11	mesi	mesi	_	_	_	_	_	linguistic	_	none	_	_	_	_	_	_
353-12	BO075	353	353	12	senza	senza	_	_	_	_	_	linguistic	_	none	_	_	_	_	_	_
353-13	BO075	353	353	13	grandi	grandi	_	_	_	_	_	linguistic	_	none	_	_	_	_	_	_
353-14	BO075	353	353	14	obiettivi	obiettivi	_	_	_	_	_	linguistic	_	none	_	_	_	_	_	_
353-15	BO075	353	353	15	sono	sono	_	_	_	_	_	linguistic	_	none	_	_	_	_	_	_
353-16	BO075	353	353	16	andato	andato	_	_	_	_	_	linguistic	_	none	_	_	_	_	_	_
353-17	BO075	353	353	17	a	a	_	_	_	_	_	linguistic	_	none	_	_	_	_	_	_
353-18	BO075	353	353	18	londra	londra	_	_	_	_	_	linguistic	_	none	_	End=655.99	_	_	_	_
354-0	BO075	354	354	0	e:h	eh	_	_	_	_	_	linguistic	_	none	_	Begin=656.36	0x1	_	_	_
354-1	BO075	354	354	1	cioè	cioè	_	_	_	_	_	linguistic	_	none	_	_	_	_	_	_
354-2	BO075	354	354	2	puro	puro	_	_	_	_	_	linguistic	_	none	_	_	_	_	_	_
354-3	BO075	354	354	3	per	per	_	_	_	_	_	linguistic	_	none	_	_	_	_	_	_
354-4	BO075	354	354	4	pura	pura	_	_	_	_	_	linguistic	_	none	_	_	_	_	_	_
354-5	BO075	354	354	5	esperienza	esperienza	_	_	_	_	_	linguistic	_	none	_	_	_	_	_	_
354-6	BO075	354	354	6	io	io	_	_	_	_	_	linguistic	_	none	_	_	_	_	_	_
354-7	BO075	354	354	7	sa[pevo	sapevo	_	_	_	_	_	linguistic	_	none	_	_	_	_	_	2-6(88)
354-8	BO075	354	354	8	che	che	_	_	_	_	_	linguistic	_	none	_	_	_	_	_	0-3(88)
354-9	BO075	354	354	9	sarei]	sarei	_	_	_	_	_	linguistic	_	none	_	_	_	_	_	0-5(88)
354-10	BO075	354	354	10	tornato	tornato	_	_	_	_	_	linguistic	_	none	_	_	_	_	_	_
354-11	BO075	354	354	11	e	e	_	_	_	_	_	linguistic	_	none	_	_	_	_	_	_
354-12	BO075	354	354	12	avrei	avrei	_	_	_	_	_	linguistic	_	none	_	_	_	_	_	_
354-13	BO075	354	354	13	iniziato	iniziato	_	_	_	_	_	linguistic	_	none	_	_	_	_	_	_
354-14	BO075	354	354	14	l'	l'	_	_	_	_	_	linguistic	_	none	SpaceAfter=No	_	_	_	_	_
354-15	BO075	354	354	15	università	università	_	_	_	_	_	linguistic	_	none	_	End=660.78	_	_	_	_
355-0	BO049	355	355	0	[sì]	sì	_	_	_	_	_	linguistic	_	none	_	Begin=658.46|End=659.07	_	_	_	0-2(88)
356-0	BO075	356	356	0	e:h	eh	_	_	_	_	_	linguistic	_	none	ProsodicLink=Yes	Begin=661.2	0x1	_	_	_
356-1	BO075	356	356	1	m::::h	mh	_	_	_	_	_	linguistic	_	none	_	End=662.72	0x4	_	_	_
357-0	BO075	357	357	0	e	e	_	_	_	_	_	linguistic	_	none	_	Begin=663.46	_	_	_	_
357-1	BO075	357	357	1	sì	sì	_	_	_	_	_	linguistic	_	none	_	_	_	_	_	_
357-2	BO075	357	357	2	eh.	eh	_	_	_	_	_	linguistic	_	none	Intonation=Falling	_	_	_	_	_
357-3	BO075	357	357	3	[è	è	_	_	_	_	_	linguistic	_	none	_	_	_	_	_	0-1(89)
357-4	BO075	357	357	4	stata]	stata	_	_	_	_	_	linguistic	_	none	_	End=665.22	_	_	_	0-5(89)
358-0	BO049	358	358	0	[e	e	_	_	_	_	_	linguistic	_	none	_	Begin=664.43	_	_	_	0-1(89)
358-1	BO049	358	358	1	cos'	cos'	_	_	_	_	_	linguistic	_	none	SpaceAfter=No	_	_	_	_	0-4(89)
358-2	BO049	358	358	2	hai	hai	_	_	_	_	_	linguistic	_	none	_	_	_	_	_	0-3(89)
358-3	BO049	358	358	3	fatto	fatto	_	_	_	_	_	linguistic	_	none	_	_	_	_	_	0-5(89)
358-4	BO049	358	358	4	in	in	_	_	_	_	_	linguistic	_	none	_	_	_	_	_	0-2(89)
358-5	BO049	358	358	5	ques]ti	questi	_	_	_	_	_	linguistic	_	none	_	_	_	_	_	0-4(89)
358-6	BO049	358	358	6	sei	sei	_	_	_	_	_	linguistic	_	none	_	_	_	_	_	_
358-7	BO049	358	358	7	mesi	mesi	_	_	_	_	_	linguistic	_	none	_	End=666.1	_	_	_	_
359-0	BO075	359	359	0	ho	ho	_	_	_	_	_	linguistic	_	none	_	Begin=666.39	_	_	_	_
359-1	BO075	359	359	1	lavorato,	lavorato	_	_	_	_	_	linguistic	_	none	Intonation=WeaklyRising	_	_	_	_	_
359-2	BO075	359	359	2	studiato::	studiato	_	_	_	_	_	linguistic	_	none	ProsodicLink=Yes	_	7x2	_	_	_
359-3	BO075	359	359	3	e::h	eh	_	_	_	_	_	linguistic	_	none	ProsodicLink=Yes	_	0x2	_	_	_
359-4	BO075	359	359	4	m::h	mh	_	_	_	_	_	linguistic	_	none	_	End=669.75	0x2	_	_	_
360-0	BO075	360	360	0	e:h	eh	_	_	_	_	_	linguistic	_	none	_	Begin=669.825	0x1	_	_	_
360-1	BO075	360	360	1	inglese	inglese	_	_	_	_	_	linguistic	_	none	PauseAfter=Yes	_	_	_	_	_
360-2	BO075	360	360	2	{P}	{P}	_	_	_	_	_	shortpause	_	none	_	_	_	_	_	_
360-3	BO075	360	360	3	un	un	_	_	_	_	_	linguistic	_	none	_	_	_	_	_	_
360-4	BO075	360	360	4	un	un	_	_	_	_	_	linguistic	_	none	_	_	_	_	_	_
360-5	BO075	360	360	5	po'	po'	_	_	_	_	_	linguistic	_	none	_	_	_	_	_	_
360-6	BO075	360	360	6	male	male	_	_	_	_	_	linguistic	_	none	_	End=672.3	_	_	_	_
361-0	BO049	361	361	0	{ride}	{ride}	_	_	_	_	_	nonverbalbehavior	_	none	_	Begin=672.083|End=672.75	_	_	_	_
362-0	BO075	362	362	0	perché	perché	_	_	_	_	_	linguistic	_	none	_	Begin=672.55	_	_	_	_
362-1	BO075	362	362	1	i	i	_	_	_	_	_	linguistic	_	none	_	_	_	_	_	_
362-2	BO075	362	362	2	primi	primi	_	_	_	_	_	linguistic	_	none	PauseAfter=Yes	_	_	_	_	_
362-3	BO075	362	362	3	{P}	{P}	_	_	_	_	_	shortpause	_	none	_	_	_	_	_	_
362-4	BO075	362	362	4	tre	tre	_	_	_	_	_	linguistic	_	none	_	_	_	_	_	_
362-5	BO075	362	362	5	mesi	mesi	_	_	_	_	_	linguistic	_	none	_	_	_	_	_	_
362-6	BO075	362	362	6	ho	ho	_	_	_	_	_	linguistic	_	none	_	_	_	_	_	_
362-7	BO075	362	362	7	studiato::	studiato	_	_	_	_	_	linguistic	_	none	_	_	7x2	_	_	_
362-8	BO075	362	362	8	ho	ho	_	_	_	_	_	linguistic	_	none	_	_	_	_	_	_
362-9	BO075	362	362	9	lavorato	lavorato	_	_	_	_	_	linguistic	_	none	_	End=676.03	_	_	_	_
363-0	BO075	363	363	0	facevo	facevo	_	_	_	_	_	linguistic	_	none	_	Begin=676.175	_	_	_	_
363-1	BO075	363	363	1	lo	lo	_	_	_	_	_	linguistic	_	none	_	_	_	_	_	_
363-2	BO075	363	363	2	spazzino	spazzino	_	_	_	_	_	linguistic	_	none	_	End=677.4	_	_	_	_
364-0	BO049	364	364	0	{ride}	{ride}	_	_	_	_	_	nonverbalbehavior	_	none	_	Begin=677.515|End=678.02	_	_	_	_
365-0	BO049	365	365	0	ch[e	che	_	_	_	_	_	linguistic	_	none	_	Begin=678.07	_	_	_	2-3(90)
365-1	BO049	365	365	1	figo]	figo	_	_	_	_	_	linguistic	_	none	_	End=678.93	_	_	_	0-4(90)
366-0	BO075	366	366	0	[in]	in	_	_	_	_	_	linguistic	_	none	PauseAfter=Yes	Begin=678.2	_	_	_	0-2(90)
366-1	BO075	366	366	1	{P}	{P}	_	_	_	_	_	shortpause	_	none	_	_	_	_	_	_
366-2	BO075	366	366	2	in	in	_	_	_	_	_	linguistic	_	none	_	_	_	_	_	_
366-3	BO075	366	366	3	alla:::	alla	_	_	_	_	_	linguistic	_	none	_	End=680.2	3x3	_	_	_
367-0	BO075	367	367	0	a	a	_	_	_	_	_	linguistic	_	none	_	Begin=680.235	_	_	_	_
367-1	BO075	367	367	1	degli	degli	_	_	_	_	_	linguistic	_	none	_	_	_	_	_	_
367-2	BO075	367	367	2	studi	studi	_	_	_	_	_	linguistic	_	none	_	_	_	_	_	_
367-3	BO075	367	367	3	in	in	_	_	_	_	_	linguistic	_	none	_	_	_	_	_	_
367-4	BO075	367	367	4	una	una	_	_	_	_	_	linguistic	_	none	_	_	_	_	_	_
367-5	BO075	367	367	5	filiale	filiale	_	_	_	_	_	linguistic	_	none	_	_	_	_	_	_
367-6	BO075	367	367	6	degli	degli	_	_	_	_	_	linguistic	_	none	_	_	_	_	_	_
367-7	BO075	367	367	7	studi	studi	_	_	_	_	_	linguistic	_	none	_	_	_	_	_	_
367-8	BO075	367	367	8	della	della	_	_	_	_	_	linguistic	_	none	_	_	_	_	_	_
367-9	BO075	367	367	9	bbc	bbc	_	_	_	_	_	linguistic	_	none	PauseAfter=Yes	_	_	_	_	_
367-10	BO075	367	367	10	{P}	{P}	_	_	_	_	_	shortpause	_	none	_	_	_	_	_	_
367-11	BO075	367	367	11	di	di	_	_	_	_	_	linguistic	_	none	_	_	_	_	_	_
367-12	BO075	367	367	12	londra	londra	_	_	_	_	_	linguistic	_	none	_	End=683.96	_	_	_	_
368-0	BO075	368	368	0	e:h	eh	_	_	_	_	_	linguistic	_	none	ProsodicLink=Yes	Begin=684.281	0x1	_	_	_
368-1	BO075	368	368	1	mh	mh	_	_	_	_	_	linguistic	_	none	_	_	_	_	_	_
368-2	BO075	368	368	2	dalle	dalle	_	_	_	_	_	linguistic	_	none	_	_	_	_	_	_
368-3	BO075	368	368	3	sei	sei	_	_	_	_	_	linguistic	_	none	_	_	_	_	_	_
368-4	BO075	368	368	4	alle	alle	_	_	_	_	_	linguistic	_	none	_	_	_	_	_	_
368-5	BO075	368	368	5	otto	otto	_	_	_	_	_	linguistic	_	none	_	_	_	_	_	_
368-6	BO075	368	368	6	di	di	_	_	_	_	_	linguistic	_	none	_	_	_	_	_	_
368-7	BO075	368	368	7	mattina	mattina	_	_	_	_	_	linguistic	_	none	_	End=686.95	_	_	_	_
369-0	BO049	369	369	0	e	e	_	_	_	_	_	linguistic	_	none	_	Begin=687.25	_	_	_	_
369-1	BO049	369	369	1	[basta]	basta	_	_	_	_	_	linguistic	_	none	_	End=687.96	_	_	_	0-5(91)
370-0	BO075	370	370	0	[e::h	eh	_	_	_	_	_	linguistic	_	none	_	Begin=687.373	0x2	_	_	0-2(91)
370-1	BO075	370	370	1	ma	ma	_	_	_	_	_	linguistic	_	none	_	_	_	_	_	0-2(91)
370-2	BO075	370	370	2	i]o	io	_	_	_	_	_	linguistic	_	none	_	_	_	_	_	0-1(91)
370-3	BO075	370	370	3	era	era	_	_	_	_	_	linguistic	_	none	_	_	_	_	_	_
370-4	BO075	370	370	4	un	un	_	_	_	_	_	linguistic	_	none	_	_	_	_	_	_
370-5	BO075	370	370	5	lavoro	lavoro	_	_	_	_	_	linguistic	_	none	_	_	_	_	_	_
370-6	BO075	370	370	6	di	di	_	_	_	_	_	linguistic	_	none	_	_	_	_	_	_
370-7	BO075	370	370	7	merda	merda	_	_	_	_	_	linguistic	_	none	_	_	_	_	_	_
370-8	BO075	370	370	8	che	che	_	_	_	_	_	linguistic	_	none	_	_	_	_	_	_
370-9	BO075	370	370	9	io	io	_	_	_	_	_	linguistic	_	none	_	_	_	_	_	_
370-10	BO075	370	370	10	volevo::	volevo	_	_	_	_	_	linguistic	_	none	_	End=690.1	5x2	_	_	_
371-0	BO075	371	371	0	cioè	cioè	_	_	_	_	_	linguistic	_	none	_	Begin=690.14	_	_	_	_
371-1	BO075	371	371	1	eh	eh	_	_	_	_	_	linguistic	_	none	_	_	_	_	_	_
371-2	BO075	371	371	2	eh	eh	_	_	_	_	_	linguistic	_	none	ProsodicLink=Yes	_	_	_	_	_
371-3	BO075	371	371	3	mh	mh	_	_	_	_	_	linguistic	_	none	_	End=691.53	_	_	_	_
372-0	BO075	372	372	0	>e	e	_	_	_	_	_	linguistic	_	none	_	Begin=691.59	_	Fast=0-1(0)	_	_
372-1	BO075	372	372	1	xx	xx	_	_	_	_	_	unknown	_	none	Syllables=2	_	_	Fast=0-2(0)	_	_
372-2	BO075	372	372	2	sempre	sempre	_	_	_	_	_	linguistic	_	none	_	_	_	Fast=0-6(0)	_	_
372-3	BO075	372	372	3	avuto<	avuto	_	_	_	_	_	linguistic	_	none	_	_	_	Fast=0-5(0)	_	_
372-4	BO075	372	372	4	un	un	_	_	_	_	_	linguistic	_	none	_	_	_	_	_	_
372-5	BO075	372	372	5	certa:	certa	_	_	_	_	_	linguistic	_	none	_	_	4x1	_	_	_
372-6	BO075	372	372	6	curiosità	curiosità	_	_	_	_	_	linguistic	_	none	_	_	_	_	_	_
372-7	BO075	372	372	7	per	per	_	_	_	_	_	linguistic	_	none	_	_	_	_	_	_
372-8	BO075	372	372	8	i	i	_	_	_	_	_	linguistic	_	none	_	_	_	_	_	_
372-9	BO075	372	372	9	lavori:	lavori	_	_	_	_	_	linguistic	_	none	_	_	5x1	_	_	_
372-10	BO075	372	372	10	del	del	_	_	_	_	_	linguistic	_	none	_	_	_	_	_	_
372-11	BO075	372	372	11	[cazzo	cazzo	_	_	_	_	_	linguistic	_	none	_	_	_	_	_	0-5(92)
372-12	BO075	372	372	12	anche	anche	_	_	_	_	_	linguistic	_	none	_	_	_	_	_	0-5(92)
372-13	BO075	372	372	13	perché]	perché	_	_	_	_	_	linguistic	_	none	_	_	_	_	_	0-6(92)
372-14	BO075	372	372	14	non	non	_	_	_	_	_	linguistic	_	none	_	End=695.38	_	_	_	_
373-0	BO049	373	373	0	[sì	sì	_	_	_	_	_	linguistic	_	none	_	Begin=694.17	_	_	_	0-2(92)
373-1	BO049	373	373	1	sì	sì	_	_	_	_	_	linguistic	_	none	_	_	_	_	_	0-2(92)
373-2	BO049	373	373	2	sì]	sì	_	_	_	_	_	linguistic	_	none	_	End=695.0	_	_	_	0-2(92)
374-0	BO075	374	374	0	non	non	_	_	_	_	_	linguistic	_	none	_	Begin=695.621	_	_	_	_
374-1	BO075	374	374	1	siamo	siamo	_	_	_	_	_	linguistic	_	none	_	_	_	_	_	_
374-2	BO075	374	374	2	molto	molto	_	_	_	_	_	linguistic	_	none	_	_	_	_	_	_
374-3	BO075	374	374	3	abituati:	abituati	_	_	_	_	_	linguistic	_	none	_	_	7x1	_	_	_
374-4	BO075	374	374	4	tutti	tutti	_	_	_	_	_	linguistic	_	none	_	_	_	_	_	_
374-5	BO075	374	374	5	quanti	quanti	_	_	_	_	_	linguistic	_	none	_	_	_	_	_	_
374-6	BO075	374	374	6	noi	noi	_	_	_	_	_	linguistic	_	none	_	_	_	_	_	_
374-7	BO075	374	374	7	a	a	_	_	_	_	_	linguistic	_	none	_	_	_	_	_	_
374-8	BO075	374	374	8	fare	fare	_	_	_	_	_	linguistic	_	none	_	_	_	_	_	_
374-9	BO075	374	374	9	lavori	lavori	_	_	_	_	_	linguistic	_	none	_	_	_	_	_	_
374-10	BO075	374	374	10	di	di	_	_	_	_	_	linguistic	_	none	_	_	_	_	_	_
374-11	BO075	374	374	11	>merda<	merda	_	_	_	_	_	linguistic	_	none	_	End=698.79	_	Fast=0-5(0)	_	_
375-0	BO075	375	375	0	e:	e	_	_	_	_	_	linguistic	_	none	_	Begin=698.84|End=699.29	0x1	_	_	_
376-0	BO075	376	376	0	>poi	poi	_	_	_	_	_	linguistic	_	none	_	Begin=699.34	_	Fast=0-3(0)	_	_
376-1	BO075	376	376	1	lo	lo	_	_	_	_	_	linguistic	_	none	_	_	_	Fast=0-2(0)	_	_
376-2	BO075	376	376	2	spazzino	spazzino	_	_	_	_	_	linguistic	_	none	_	_	_	Fast=0-8(0)	_	_
376-3	BO075	376	376	3	alla	alla	_	_	_	_	_	linguistic	_	none	_	_	_	Fast=0-4(0)	_	_
376-4	BO075	376	376	4	bbc	bbc	_	_	_	_	_	linguistic	_	none	_	_	_	Fast=0-3(0)	_	_
376-5	BO075	376	376	5	cioè<	cioè	_	_	_	_	_	linguistic	_	none	_	_	_	Fast=0-4(0)	_	_
376-6	BO075	376	376	6	pochi	pochi	_	_	_	_	_	linguistic	_	none	_	_	_	_	_	_
376-7	BO075	376	376	7	possono	possono	_	_	_	_	_	linguistic	_	none	_	_	_	_	_	_
376-8	BO075	376	376	8	vantare	vantare	_	_	_	_	_	linguistic	_	none	_	_	_	_	_	_
376-9	BO075	376	376	9	di	di	_	_	_	_	_	linguistic	_	none	_	_	_	_	_	_
376-10	BO075	376	376	10	aver	aver	_	_	_	_	_	linguistic	_	none	_	_	_	_	_	_
376-11	BO075	376	376	11	fatto	fatto	_	_	_	_	_	linguistic	_	none	_	_	_	_	_	_
376-12	BO075	376	376	12	un'	un'	_	_	_	_	_	linguistic	_	none	SpaceAfter=No	_	_	_	_	_
376-13	BO075	376	376	13	esperienza	esperienza	_	_	_	_	_	linguistic	_	none	_	_	_	_	_	_
376-14	BO075	376	376	14	del	del	_	_	_	_	_	linguistic	_	none	_	_	_	_	_	_
376-15	BO075	376	376	15	genere	genere	_	_	_	_	_	linguistic	_	none	_	End=703.46	_	_	_	_
377-0	BO049	377	377	0	{ride}	{ride}	_	_	_	_	_	nonverbalbehavior	_	none	_	Begin=702.09|End=705.29	_	_	_	_
378-0	BO075	378	378	0	e::h	eh	_	_	_	_	_	linguistic	_	none	ProsodicLink=Yes	Begin=703.92	0x2	_	_	_
378-1	BO075	378	378	1	m:::h	mh	_	_	_	_	_	linguistic	_	none	_	End=705.05	0x3	_	_	_
379-0	BO075	379	379	0	solo	solo	_	_	_	_	_	linguistic	_	none	_	Begin=705.71	_	_	_	_
379-1	BO075	379	379	1	che	che	_	_	_	_	_	linguistic	_	none	_	_	_	_	_	_
379-2	BO075	379	379	2	poi	poi	_	_	_	_	_	linguistic	_	none	_	_	_	_	_	_
379-3	BO075	379	379	3	ho	ho	_	_	_	_	_	linguistic	_	none	_	_	_	_	_	_
379-4	BO075	379	379	4	scoperto	scoperto	_	_	_	_	_	linguistic	_	none	_	End=706.85	_	_	_	_
380-0	BO075	380	380	0	>sì	sì	_	_	_	_	_	linguistic	_	none	_	Begin=706.888	_	Fast=0-2(0)	_	_
380-1	BO075	380	380	1	lì	lì	_	_	_	_	_	linguistic	_	none	_	_	_	Fast=0-2(0)	_	_
380-2	BO075	380	380	2	c'	c'	_	_	_	_	_	linguistic	_	none	SpaceAfter=No	_	_	Fast=0-2(0)	_	_
380-3	BO075	380	380	3	è	è	_	_	_	_	_	linguistic	_	none	_	_	_	Fast=0-1(0)	_	_
380-4	BO075	380	380	4	ci	ci	_	_	_	_	_	linguistic	_	none	_	_	_	Fast=0-2(0)	_	_
380-5	BO075	380	380	5	sono	sono	_	_	_	_	_	linguistic	_	none	_	_	_	Fast=0-4(0)	_	_
380-6	BO075	380	380	6	un	un	_	_	_	_	_	linguistic	_	none	_	_	_	Fast=0-2(0)	_	_
380-7	BO075	380	380	7	sacco	sacco	_	_	_	_	_	linguistic	_	none	_	_	_	Fast=0-5(0)	_	_
380-8	BO075	380	380	8	di	di	_	_	_	_	_	linguistic	_	none	_	_	_	Fast=0-2(0)	_	_
380-9	BO075	380	380	9	cose	cose	_	_	_	_	_	linguistic	_	none	_	_	_	Fast=0-4(0)	_	_
380-10	BO075	380	380	10	da	da	_	_	_	_	_	linguistic	_	none	_	_	_	Fast=0-2(0)	_	_
380-11	BO075	380	380	11	raccontare	raccontare	_	_	_	_	_	linguistic	_	none	_	_	_	Fast=0-10(0)	_	_
380-12	BO075	380	380	12	ho	ho	_	_	_	_	_	linguistic	_	none	_	_	_	Fast=0-2(0)	_	_
380-13	BO075	380	380	13	scoperto	scoperto	_	_	_	_	_	linguistic	_	none	_	_	_	Fast=0-8(0)	_	_
380-14	BO075	380	380	14	che<	che	_	_	_	_	_	linguistic	_	none	_	End=709.42	_	Fast=0-3(0)	_	_
381-0	BO075	381	381	0	e::h	eh	_	_	_	_	_	linguistic	_	none	_	Begin=709.8|End=710.47	0x2	_	_	_
382-0	BO075	382	382	0	in	in	_	_	_	_	_	linguistic	_	none	_	Begin=710.62	_	_	_	_
382-1	BO075	382	382	1	realtà	realtà	_	_	_	_	_	linguistic	_	none	_	_	_	_	_	_
382-2	BO075	382	382	2	la	la	_	_	_	_	_	linguistic	_	none	_	_	_	_	_	_
382-3	BO075	382	382	3	figura	figura	_	_	_	_	_	linguistic	_	none	_	_	_	_	_	_
382-4	BO075	382	382	4	dell	dell	_	_	_	_	_	linguistic	_	none	ProsodicLink=Yes	_	_	_	_	_
382-5	BO075	382	382	5	e::h	eh	_	_	_	_	_	linguistic	_	none	ProsodicLink=Yes	_	0x2	_	_	_
382-6	BO075	382	382	6	mh	mh	_	_	_	_	_	linguistic	_	none	_	_	_	_	_	_
382-7	BO075	382	382	7	del	del	_	_	_	_	_	linguistic	_	none	_	_	_	_	_	_
382-8	BO075	382	382	8	barista	barista	_	_	_	_	_	linguistic	_	none	_	_	_	_	_	_
382-9	BO075	382	382	9	all'	all'	_	_	_	_	_	linguistic	_	none	SpaceAfter=No	_	_	_	_	_
382-10	BO075	382	382	10	estero	estero	_	_	_	_	_	linguistic	_	none	_	End=713.77	_	_	_	_
383-0	BO075	383	383	0	non	non	_	_	_	_	_	linguistic	_	none	_	Begin=713.96	_	_	_	_
383-1	BO075	383	383	1	è	è	_	_	_	_	_	linguistic	_	none	_	_	_	_	_	_
383-2	BO075	383	383	2	una	una	_	_	_	_	_	linguistic	_	none	_	_	_	_	_	_
383-3	BO075	383	383	3	cagata.	cagata	_	_	_	_	_	linguistic	_	none	Intonation=Falling	End=715.03	_	_	_	_
384-0	BO075	384	384	0	e:::h	eh	_	_	_	_	_	linguistic	_	none	_	Begin=715.16	0x3	_	_	_
384-1	BO075	384	384	1	i:l	il	_	_	_	_	_	linguistic	_	none	_	_	0x1	_	_	_
384-2	BO075	384	384	2	il	il	_	_	_	_	_	linguistic	_	none	_	_	_	_	_	_
384-3	BO075	384	384	3	barista	barista	_	_	_	_	_	linguistic	_	none	_	_	_	_	_	_
384-4	BO075	384	384	4	all'	all'	_	_	_	_	_	linguistic	_	none	SpaceAfter=No	_	_	_	_	_
384-5	BO075	384	384	5	estero	estero	_	_	_	_	_	linguistic	_	none	_	End=717.12	_	_	_	_
385-0	BO075	385	385	0	cioè	cioè	_	_	_	_	_	linguistic	_	none	_	Begin=717.303	_	_	_	_
385-1	BO075	385	385	1	ti	ti	_	_	_	_	_	linguistic	_	none	_	_	_	_	_	_
385-2	BO075	385	385	2	permette	permette	_	_	_	_	_	linguistic	_	none	_	_	_	_	_	_
385-3	BO075	385	385	3	di	di	_	_	_	_	_	linguistic	_	none	_	_	_	_	_	_
385-4	BO075	385	385	4	essere	essere	_	_	_	_	_	linguistic	_	none	_	_	_	_	_	_
385-5	BO075	385	385	5	perennemente	perennemente	_	_	_	_	_	linguistic	_	none	_	_	_	_	_	_
385-6	BO075	385	385	6	al	al	_	_	_	_	_	linguistic	_	none	_	_	_	_	_	_
385-7	BO075	385	385	7	contatto	contatto	_	_	_	_	_	linguistic	_	none	_	_	_	_	_	_
385-8	BO075	385	385	8	con	con	_	_	_	_	_	linguistic	_	none	_	_	_	_	_	_
385-9	BO075	385	385	9	un	un	_	_	_	_	_	linguistic	_	none	PauseAfter=Yes	_	_	_	_	_
385-10	BO075	385	385	10	{P}	{P}	_	_	_	_	_	shortpause	_	none	_	_	_	_	_	_
385-11	BO075	385	385	11	con	con	_	_	_	_	_	linguistic	_	none	_	_	_	_	_	_
385-12	BO075	385	385	12	la	la	_	_	_	_	_	linguistic	_	none	_	_	_	_	_	_
385-13	BO075	385	385	13	clientela	clientela	_	_	_	_	_	linguistic	_	none	_	End=720.7	_	_	_	_
386-0	BO075	386	386	0	e::h	eh	_	_	_	_	_	linguistic	_	none	_	Begin=720.845	0x2	_	_	_
386-1	BO075	386	386	1	per	per	_	_	_	_	_	linguistic	_	none	_	_	_	_	_	_
386-2	BO075	386	386	2	cui	cui	_	_	_	_	_	linguistic	_	none	_	_	_	_	_	_
386-3	BO075	386	386	3	l'	l'	_	_	_	_	_	linguistic	_	none	SpaceAfter=No	_	_	_	_	_
386-4	BO075	386	386	4	inglese	inglese	_	_	_	_	_	linguistic	_	none	_	_	_	_	_	_
386-5	BO075	386	386	5	per	per	_	_	_	_	_	linguistic	_	none	_	_	_	_	_	_
386-6	BO075	386	386	6	forza	forza	_	_	_	_	_	linguistic	_	none	_	_	_	_	_	_
386-7	BO075	386	386	7	di	di	_	_	_	_	_	linguistic	_	none	_	_	_	_	_	_
386-8	BO075	386	386	8	cose	cose	_	_	_	_	_	linguistic	_	none	_	_	_	_	_	_
386-9	BO075	386	386	9	lo	lo	_	_	_	_	_	linguistic	_	none	_	_	_	_	_	_
386-10	BO075	386	386	10	im[para]	impara	_	_	_	_	_	linguistic	_	none	_	End=723.3	_	_	_	1-6(93)
387-0	BO049	387	387	0	[lo	lo	_	_	_	_	_	linguistic	_	none	_	Begin=722.996	_	_	_	0-2(93)
387-1	BO049	387	387	1	impa]ra	impara	_	_	_	_	_	linguistic	_	none	_	_	_	_	_	0-4(93)
387-2	BO049	387	387	2	sì	sì	_	_	_	_	_	linguistic	_	none	_	End=724.03	_	_	_	_
388-0	BO075	388	388	0	e::h	eh	_	_	_	_	_	linguistic	_	none	ProsodicLink=Yes	Begin=724.056	0x2	_	_	_
388-1	BO075	388	388	1	mh	mh	_	_	_	_	_	linguistic	_	none	_	End=724.86	_	_	_	_
389-0	BO049	389	389	0	(in)vece	invece	_	_	_	_	_	linguistic	_	none	_	Begin=724.85	_	_	0-2(0)	_
389-1	BO049	389	389	1	[lo	lo	_	_	_	_	_	linguistic	_	none	_	_	_	_	_	0-2(95)
389-2	BO049	389	389	2	spa]zzino	spazzino	_	_	_	_	_	linguistic	_	none	_	_	_	_	_	0-3(95)
389-3	BO049	389	389	3	no,	no	_	_	_	_	_	linguistic	_	none	Intonation=WeaklyRising	End=725.91	_	_	_	_
390-0	BO075	390	390	0	[i]	i	_	_	_	_	_	linguistic	_	none	_	Begin=725.08|End=725.29	_	_	_	0-1(95)
391-0	BO075	391	391	0	lo	lo	_	_	_	_	_	linguistic	_	none	_	Begin=726.025	_	_	_	_
391-1	BO075	391	391	1	spazzino:	spazzino	_	_	_	_	_	linguistic	_	none	_	_	7x1	_	_	_
391-2	BO075	391	391	2	non	non	_	_	_	_	_	linguistic	_	none	_	_	_	_	_	_
391-3	BO075	391	391	3	ha	ha	_	_	_	_	_	linguistic	_	none	_	_	_	_	_	_
391-4	BO075	391	391	4	contatto	contatto	_	_	_	_	_	linguistic	_	none	_	_	_	_	_	_
391-5	BO075	391	391	5	con	con	_	_	_	_	_	linguistic	_	none	_	_	_	_	_	_
391-6	BO075	391	391	6	nessuno	nessuno	_	_	_	_	_	linguistic	_	none	_	_	_	_	_	_
391-7	BO075	391	391	7	perché	perché	_	_	_	_	_	linguistic	_	none	_	_	_	_	_	_
391-8	BO075	391	391	8	c'	c'	_	_	_	_	_	linguistic	_	none	SpaceAfter=No	_	_	_	_	_
391-9	BO075	391	391	9	è	è	_	_	_	_	_	linguistic	_	none	_	_	_	_	_	_
391-10	BO075	391	391	10	il	il	_	_	_	_	_	linguistic	_	none	_	_	_	_	_	_
391-11	BO075	391	391	11	tuo	tuo	_	_	_	_	_	linguistic	_	none	ProsodicLink=Yes	_	_	_	_	_
391-12	BO075	391	391	12	e::h	eh	_	_	_	_	_	linguistic	_	none	_	_	0x2	_	_	_
391-13	BO075	391	391	13	piano	piano	_	_	_	_	_	linguistic	_	none	_	_	_	_	_	_
391-14	BO075	391	391	14	il	il	_	_	_	_	_	linguistic	_	none	_	_	_	_	_	_
391-15	BO075	391	391	15	tuo::	tuo	_	_	_	_	_	linguistic	_	none	_	_	2x2	_	_	_
391-16	BO075	391	391	16	floor	floor	_	_	_	_	_	linguistic	_	none	_	End=731.34	_	_	_	_
392-0	BO075	392	392	0	yeah	yeah	_	_	_	_	_	linguistic	_	none	_	Begin=731.381|End=732.05	_	_	_	_
393-0	BO075	393	393	0	e::h	eh	_	_	_	_	_	linguistic	_	none	_	Begin=732.15	0x2	_	_	_
393-1	BO075	393	393	1	eh	eh	_	_	_	_	_	linguistic	_	none	_	_	_	_	_	_
393-2	BO075	393	393	2	da	da	_	_	_	_	_	linguistic	_	none	_	_	_	_	_	_
393-3	BO075	393	393	3	d[a:::]	da	_	_	_	_	_	linguistic	_	none	_	End=734.08	1x3	_	_	1-2(96)
394-0	BO049	394	394	0	[da]	da	_	_	_	_	_	linguistic	_	none	_	Begin=733.925	_	_	_	0-2(96)
394-1	BO049	394	394	1	puli[re]	pulire	_	_	_	_	_	linguistic	_	none	_	End=734.66	_	_	_	4-6(97)
395-0	BO075	395	395	0	[da	da	_	_	_	_	_	linguistic	_	none	_	Begin=734.376	_	_	_	0-2(97)
395-1	BO075	395	395	1	pu]lire	pulire	_	_	_	_	_	linguistic	_	none	_	_	_	_	_	0-2(97)
395-2	BO075	395	395	2	ed	ed	_	_	_	_	_	linguistic	_	none	_	_	_	_	_	_
395-3	BO075	395	395	3	è::	è	_	_	_	_	_	linguistic	_	none	_	End=736.11	0x2	_	_	_
396-0	BO075	396	396	0	°eh	eh	_	_	_	_	_	linguistic	_	none	Volume=low	Begin=736.21	_	_	_	_
396-1	BO075	396	396	1	f~	f~	_	_	_	_	_	linguistic	_	none	Interrupted=Yes|Volume=low	_	_	_	_	_
396-2	BO075	396	396	2	f~°	f~	_	_	_	_	_	linguistic	_	none	Interrupted=Yes|Volume=low	_	_	_	_	_
396-3	BO075	396	396	3	bello	bello	_	_	_	_	_	linguistic	_	none	_	_	_	_	_	_
396-4	BO075	396	396	4	ora	ora	_	_	_	_	_	linguistic	_	none	_	_	_	_	_	_
396-5	BO075	396	396	5	sono:	sono	_	_	_	_	_	linguistic	_	none	_	_	3x1	_	_	_
396-6	BO075	396	396	6	potrei	potrei	_	_	_	_	_	linguistic	_	none	_	_	_	_	_	_
396-7	BO075	396	396	7	fare	fare	_	_	_	_	_	linguistic	_	none	_	_	_	_	_	_
396-8	BO075	396	396	8	la	la	_	_	_	_	_	linguistic	_	none	_	_	_	_	_	_
396-9	BO075	396	396	9	colf	colf	_	_	_	_	_	linguistic	_	none	PauseAfter=Yes	_	_	_	_	_
396-10	BO075	396	396	10	{P}	{P}	_	_	_	_	_	shortpause	_	none	_	_	_	_	_	_
396-11	BO075	396	396	11	tranquillamente	tranquillamente	_	_	_	_	_	linguistic	_	none	_	End=739.99	_	_	_	_
397-0	BO049	397	397	0	{ride}	{ride}	_	_	_	_	_	nonverbalbehavior	_	none	_	Begin=739.32|End=740.15	_	_	_	_
398-0	BO075	398	398	0	mh	mh	_	_	_	_	_	linguistic	_	none	_	Begin=740.466	_	_	_	_
398-1	BO075	398	398	1	e::h	eh	_	_	_	_	_	linguistic	_	none	_	End=741.54	0x2	_	_	_
399-0	BO075	399	399	0	f	f	_	_	_	_	_	linguistic	_	none	_	Begin=741.59	_	_	_	_
399-1	BO075	399	399	1	potrebbe	potrebbe	_	_	_	_	_	linguistic	_	none	_	_	_	_	_	_
399-2	BO075	399	399	2	essere	essere	_	_	_	_	_	linguistic	_	none	_	_	_	_	_	_
399-3	BO075	399	399	3	un	un	_	_	_	_	_	linguistic	_	none	_	_	_	_	_	_
399-4	BO075	399	399	4	futuro:	futuro	_	_	_	_	_	linguistic	_	none	_	_	5x1	_	_	_
399-5	BO075	399	399	5	papabile	papabile	_	_	_	_	_	linguistic	_	none	_	End=743.61	_	_	_	_
400-0	BO049	400	400	0	{ride}	{ride}	_	_	_	_	_	nonverbalbehavior	_	none	_	Begin=743.633|End=744.18	_	_	_	_
401-0	BO075	401	401	0	e:h	eh	_	_	_	_	_	linguistic	_	none	_	Begin=743.87|End=744.65	0x1	_	_	_
402-0	BO075	402	402	0	e:h	eh	_	_	_	_	_	linguistic	_	none	_	Begin=744.69	0x1	_	_	_
402-1	BO075	402	402	1	però	però	_	_	_	_	_	linguistic	_	none	_	End=745.59	_	_	_	_
403-0	BO075	403	403	0	perché	perché	_	_	_	_	_	linguistic	_	none	_	Begin=745.63	_	_	_	_
403-1	BO075	403	403	1	sono	sono	_	_	_	_	_	linguistic	_	none	_	_	_	_	_	_
403-2	BO075	403	403	2	davvero	davvero	_	_	_	_	_	linguistic	_	none	_	_	_	_	_	_
403-3	BO075	403	403	3	bravo	bravo	_	_	_	_	_	linguistic	_	none	_	_	_	_	_	_
403-4	BO075	403	403	4	a	a	_	_	_	_	_	linguistic	_	none	_	_	_	_	_	_
403-5	BO075	403	403	5	pulire	pulire	_	_	_	_	_	linguistic	_	none	_	_	_	_	_	_
403-6	BO075	403	403	6	cioè	cioè	_	_	_	_	_	linguistic	_	none	_	_	_	_	_	_
403-7	BO075	403	403	7	[(non)	non	_	_	_	_	_	linguistic	_	none	_	_	_	_	0-3(0)	0-3(98)
403-8	BO075	403	403	8	davvero]	davvero	_	_	_	_	_	linguistic	_	none	_	_	_	_	_	0-7(98)
403-9	BO075	403	403	9	non	non	_	_	_	_	_	linguistic	_	none	_	_	_	_	_	_
403-10	BO075	403	403	10	sto:	sto	_	_	_	_	_	linguistic	_	none	_	_	2x1	_	_	_
403-11	BO075	403	403	11	scherzando	scherzando	_	_	_	_	_	linguistic	_	none	_	_	_	_	_	_
403-12	BO075	403	403	12	son	son	_	_	_	_	_	linguistic	_	none	_	_	_	_	_	_
403-13	BO075	403	403	13	proprio:	proprio	_	_	_	_	_	linguistic	_	none	_	_	6x1	_	_	_
403-14	BO075	403	403	14	un	un	_	_	_	_	_	linguistic	_	none	_	_	_	_	_	_
403-15	BO075	403	403	15	fenomeno	fenomeno	_	_	_	_	_	linguistic	_	none	_	End=750.13	_	_	_	_
404-0	BO049	404	404	0	[sì]?	sì	_	_	_	_	_	linguistic	_	none	Intonation=Rising	Begin=747.09|End=747.6	_	_	_	0-2(98)
405-0	BO049	405	405	0	{ride}	{ride}	_	_	_	_	_	nonverbalbehavior	_	none	_	Begin=749.49|End=750.07	_	_	_	_
406-0	BO049	406	406	0	che	che	_	_	_	_	_	linguistic	_	none	_	Begin=750.195	_	_	_	_
406-1	BO049	406	406	1	be[llo]	bello	_	_	_	_	_	linguistic	_	none	_	_	_	_	_	2-5(99)
406-2	BO049	406	406	2	{ride}	{ride}	_	_	_	_	_	nonverbalbehavior	_	none	_	End=751.01	_	_	_	_
407-0	BO075	407	407	0	[e:::h]	eh	_	_	_	_	_	linguistic	_	none	_	Begin=750.49|End=751.19	0x3	_	_	0-2(99)
408-0	BO075	408	408	0	ve~	ve~	_	_	_	_	_	linguistic	_	none	Interrupted=Yes	Begin=751.306	_	_	_	_
408-1	BO075	408	408	1	[veloce:	veloce	_	_	_	_	_	linguistic	_	none	_	_	5x1	_	_	0-6(100)
408-2	BO075	408	408	2	ed	ed	_	_	_	_	_	linguistic	_	none	_	_	_	_	_	0-2(100)
408-3	BO075	408	408	3	e]fficace.	efficace	_	_	_	_	_	linguistic	_	none	Intonation=Falling	_	_	_	_	0-1(100)
408-4	BO075	408	408	4	e::h	eh	_	_	_	_	_	linguistic	_	none	ProsodicLink=Yes	_	0x2	_	_	_
408-5	BO075	408	408	5	m:h	mh	_	_	_	_	_	linguistic	_	none	_	End=753.91	0x1	_	_	_
409-0	BO049	409	409	0	[incredibile]	incredibile	_	_	_	_	_	linguistic	_	none	_	Begin=751.48|End=752.41	_	_	_	0-11(100)
410-0	BO075	410	410	0	a	a	_	_	_	_	_	linguistic	_	none	_	Begin=754.26	_	_	_	_
410-1	BO075	410	410	1	differenza	differenza	_	_	_	_	_	linguistic	_	none	_	_	_	_	_	_
410-2	BO075	410	410	2	di	di	_	_	_	_	_	linguistic	_	none	_	_	_	_	_	_
410-3	BO075	410	410	3	un	un	_	_	_	_	_	linguistic	_	none	_	_	_	_	_	_
410-4	BO075	410	410	4	sacco	sacco	_	_	_	_	_	linguistic	_	none	_	_	_	_	_	_
410-5	BO075	410	410	5	di	di	_	_	_	_	_	linguistic	_	none	_	_	_	_	_	_
410-6	BO075	410	410	6	maschietti	maschietti	_	_	_	_	_	linguistic	_	none	_	_	_	_	_	_
410-7	BO075	410	410	7	infatti	infatti	_	_	_	_	_	linguistic	_	none	_	End=756.06	_	_	_	_
411-0	BO075	411	411	0	vabbè	vabbè	_	_	_	_	_	linguistic	_	none	_	Begin=756.133	_	_	_	_
411-1	BO075	411	411	1	e::h	eh	_	_	_	_	_	linguistic	_	none	ProsodicLink=Yes	_	0x2	_	_	_
411-2	BO075	411	411	2	m::h	mh	_	_	_	_	_	linguistic	_	none	_	End=757.9	0x2	_	_	_
412-0	BO075	412	412	0	comunque	comunque	_	_	_	_	_	linguistic	_	none	_	Begin=758.64	_	_	_	_
412-1	BO075	412	412	1	sia:	sia	_	_	_	_	_	linguistic	_	none	_	_	2x1	_	_	_
412-2	BO075	412	412	2	sì	sì	_	_	_	_	_	linguistic	_	none	_	_	_	_	_	_
412-3	BO075	412	412	3	cioè	cioè	_	_	_	_	_	linguistic	_	none	_	_	_	_	_	_
412-4	BO075	412	412	4	è	è	_	_	_	_	_	linguistic	_	none	_	_	_	_	_	_
412-5	BO075	412	412	5	stata	stata	_	_	_	_	_	linguistic	_	none	_	_	_	_	_	_
412-6	BO075	412	412	6	una	una	_	_	_	_	_	linguistic	_	none	_	_	_	_	_	_
412-7	BO075	412	412	7	bellissima	bellissima	_	_	_	_	_	linguistic	_	none	_	_	_	_	_	_
412-8	BO075	412	412	8	esperienza,	esperienza	_	_	_	_	_	linguistic	_	none	Intonation=WeaklyRising	End=761.55	_	_	_	_
413-0	BO075	413	413	0	che	che	_	_	_	_	_	linguistic	_	none	_	Begin=761.6	_	_	_	_
413-1	BO075	413	413	1	però	però	_	_	_	_	_	linguistic	_	none	_	_	_	_	_	_
413-2	BO075	413	413	2	da	da	_	_	_	_	_	linguistic	_	none	_	_	_	_	_	_
413-3	BO075	413	413	3	un	un	_	_	_	_	_	linguistic	_	none	_	_	_	_	_	_
413-4	BO075	413	413	4	lato	lato	_	_	_	_	_	linguistic	_	none	_	_	_	_	_	_
413-5	BO075	413	413	5	rimane	rimane	_	_	_	_	_	linguistic	_	none	_	_	_	_	_	_
413-6	BO075	413	413	6	un	un	_	_	_	_	_	linguistic	_	none	_	_	_	_	_	_
413-7	BO075	413	413	7	rimorso	rimorso	_	_	_	_	_	linguistic	_	none	_	_	_	_	_	_
413-8	BO075	413	413	8	perché	perché	_	_	_	_	_	linguistic	_	none	_	End=763.88	_	_	_	_
414-0	BO075	414	414	0	anche	anche	_	_	_	_	_	linguistic	_	none	_	Begin=763.93	_	_	_	_
414-1	BO075	414	414	1	lì	lì	_	_	_	_	_	linguistic	_	none	_	_	_	_	_	_
414-2	BO075	414	414	2	c'	c'	_	_	_	_	_	linguistic	_	none	SpaceAfter=No	_	_	_	_	_
414-3	BO075	414	414	3	è	è	_	_	_	_	_	linguistic	_	none	_	_	_	_	_	_
414-4	BO075	414	414	4	un	un	_	_	_	_	_	linguistic	_	none	_	_	_	_	_	_
414-5	BO075	414	414	5	c'	c'	_	_	_	_	_	linguistic	_	none	SpaceAfter=No	_	_	_	_	_
414-6	BO075	414	414	6	è	è	_	_	_	_	_	linguistic	_	none	_	_	_	_	_	_
414-7	BO075	414	414	7	un'	un'	_	_	_	_	_	linguistic	_	none	SpaceAfter=No	_	_	_	_	_
414-8	BO075	414	414	8	altra	altra	_	_	_	_	_	linguistic	_	none	_	_	_	_	_	_
414-9	BO075	414	414	9	storia	storia	_	_	_	_	_	linguistic	_	none	_	End=765.87	_	_	_	_
415-0	BO075	415	415	0	eh	eh	_	_	_	_	_	linguistic	_	none	_	Begin=765.9	_	_	_	_
415-1	BO075	415	415	1	ho	ho	_	_	_	_	_	linguistic	_	none	_	_	_	_	_	_
415-2	BO075	415	415	2	fatto:	fatto	_	_	_	_	_	linguistic	_	none	_	End=766.88	4x1	_	_	_
416-0	BO075	416	416	0	>ho	ho	_	_	_	_	_	linguistic	_	none	_	Begin=766.921	_	Fast=0-2(0)	_	_
416-1	BO075	416	416	1	studiato	studiato	_	_	_	_	_	linguistic	_	none	_	_	_	Fast=0-8(0)	_	_
416-2	BO075	416	416	2	inglese	inglese	_	_	_	_	_	linguistic	_	none	_	_	_	Fast=0-7(0)	_	_
416-3	BO075	416	416	3	in	in	_	_	_	_	_	linguistic	_	none	_	_	_	Fast=0-2(0)	_	_
416-4	BO075	416	416	4	una	una	_	_	_	_	_	linguistic	_	none	_	_	_	Fast=0-3(0)	_	_
416-5	BO075	416	416	5	scuola	scuola	_	_	_	_	_	linguistic	_	none	_	_	_	Fast=0-6(0)	_	_
416-6	BO075	416	416	6	di	di	_	_	_	_	_	linguistic	_	none	_	_	_	Fast=0-2(0)	_	_
416-7	BO075	416	416	7	avviamento<	avviamento	_	_	_	_	_	linguistic	_	none	_	_	_	Fast=0-10(0)	_	_
416-8	BO075	416	416	8	al	al	_	_	_	_	_	linguistic	_	none	_	_	_	_	_	_
416-9	BO075	416	416	9	lavoro	lavoro	_	_	_	_	_	linguistic	_	none	_	_	_	_	_	_
416-10	BO075	416	416	10	dove	dove	_	_	_	_	_	linguistic	_	none	_	_	_	_	_	_
416-11	BO075	416	416	11	la	la	_	_	_	_	_	linguistic	_	none	_	_	_	_	_	_
416-12	BO075	416	416	12	media	media	_	_	_	_	_	linguistic	_	none	_	_	_	_	_	_
416-13	BO075	416	416	13	di	di	_	_	_	_	_	linguistic	_	none	_	_	_	_	_	_
416-14	BO075	416	416	14	età	età	_	_	_	_	_	linguistic	_	none	_	_	_	_	_	_
416-15	BO075	416	416	15	era	era	_	_	_	_	_	linguistic	_	none	_	_	_	_	_	_
416-16	BO075	416	416	16	di	di	_	_	_	_	_	linguistic	_	none	_	_	_	_	_	_
416-17	BO075	416	416	17	quarantacinque	quarantacinque	_	_	_	_	_	linguistic	_	none	_	End=771.06	_	_	_	_
417-0	BO075	417	417	0	m::h	mh	_	_	_	_	_	linguistic	_	none	_	Begin=771.14	0x2	_	_	_
417-1	BO075	417	417	1	cinquant'	cinquant'	_	_	_	_	_	linguistic	_	none	SpaceAfter=No	_	_	_	_	_
417-2	BO075	417	417	2	anni.	anni	_	_	_	_	_	linguistic	_	none	Intonation=Falling	End=772.33	_	_	_	_
418-0	BO075	418	418	0	quindi	quindi	_	_	_	_	_	linguistic	_	none	PauseAfter=Yes	Begin=772.53	_	_	_	_
418-1	BO075	418	418	1	{P}	{P}	_	_	_	_	_	shortpause	_	none	_	_	_	_	_	_
418-2	BO075	418	418	2	anche	anche	_	_	_	_	_	linguistic	_	none	_	_	_	_	_	_
418-3	BO075	418	418	3	lì	lì	_	_	_	_	_	linguistic	_	none	_	_	_	_	_	_
418-4	BO075	418	418	4	eh	eh	_	_	_	_	_	linguistic	_	none	PauseAfter=Yes	_	_	_	_	_
418-5	BO075	418	418	5	{P}	{P}	_	_	_	_	_	shortpause	_	none	_	_	_	_	_	_
418-6	BO075	418	418	6	[inglese	inglese	_	_	_	_	_	linguistic	_	none	_	_	_	_	_	0-7(101)
418-7	BO075	418	418	7	lo]	lo	_	_	_	_	_	linguistic	_	none	_	End=774.72	_	_	_	0-2(101)
419-0	BO049	419	419	0	[ma	ma	_	_	_	_	_	linguistic	_	none	_	Begin=774.07	_	_	_	0-2(101)
419-1	BO049	419	419	1	questa	questa	_	_	_	_	_	linguistic	_	none	_	_	_	_	_	0-6(101)
419-2	BO049	419	419	2	scuola	scuola	_	_	_	_	_	linguistic	_	none	_	_	_	_	_	0-6(101)
419-3	BO049	419	419	3	l'	l'	_	_	_	_	_	linguistic	_	none	SpaceAfter=No	_	_	_	_	0-2(101)
419-4	BO049	419	419	4	hai	hai	_	_	_	_	_	linguistic	_	none	_	_	_	_	_	0-3(101)
419-5	BO049	419	419	5	scelt	scelt	_	_	_	_	_	linguistic	_	none	_	_	_	_	_	0-5(101)
419-6	BO049	419	419	6	tu],	tu	_	_	_	_	_	linguistic	_	none	Intonation=WeaklyRising	End=775.55	_	_	_	0-2(101)
420-0	BO075	420	420	0	l'	l'	_	_	_	_	_	linguistic	_	none	SpaceAfter=No	Begin=775.67	_	_	_	_
420-1	BO075	420	420	1	ho	ho	_	_	_	_	_	linguistic	_	none	_	_	_	_	_	_
420-2	BO075	420	420	2	scelta	scelta	_	_	_	_	_	linguistic	_	none	_	_	_	_	_	_
420-3	BO075	420	420	3	io	io	_	_	_	_	_	linguistic	_	none	_	_	_	_	_	_
420-4	BO075	420	420	4	ma::	ma	_	_	_	_	_	linguistic	_	none	_	_	1x2	_	_	_
420-5	BO075	420	420	5	e::h	eh	_	_	_	_	_	linguistic	_	none	ProsodicLink=Yes	_	0x2	_	_	_
420-6	BO075	420	420	6	m::h	mh	_	_	_	_	_	linguistic	_	none	_	End=777.5	0x2	_	_	_
421-0	BO075	421	421	0	cioè	cioè	_	_	_	_	_	linguistic	_	none	_	Begin=777.571	_	_	_	_
421-1	BO075	421	421	1	sapendo	sapendo	_	_	_	_	_	linguistic	_	none	_	_	_	_	_	_
421-2	BO075	421	421	2	po[co	poco	_	_	_	_	_	linguistic	_	none	_	_	_	_	_	2-4(102)
421-3	BO075	421	421	3	a	a	_	_	_	_	_	linguistic	_	none	_	_	_	_	_	0-1(102)
421-4	BO075	421	421	4	riguardo]	riguardo	_	_	_	_	_	linguistic	_	none	_	End=779.65	_	_	_	0-8(102)
422-0	BO049	422	422	0	[m::h.	mh	_	_	_	_	_	linguistic	_	none	Intonation=Falling	Begin=778.656	0x2	_	_	0-2(102)
422-1	BO049	422	422	1	sì]	sì	_	_	_	_	_	linguistic	_	none	_	End=779.644	_	_	_	0-2(102)
423-0	BO075	423	423	0	e:::::	e	_	_	_	_	_	linguistic	_	none	_	Begin=780.285|End=781.38	0x5	_	_	_
424-0	BO075	424	424	0	e	e	_	_	_	_	_	linguistic	_	none	_	Begin=781.455	_	_	_	_
424-1	BO075	424	424	1	anche	anche	_	_	_	_	_	linguistic	_	none	_	_	_	_	_	_
424-2	BO075	424	424	2	lì	lì	_	_	_	_	_	linguistic	_	none	_	_	_	_	_	_
424-3	BO075	424	424	3	non	non	_	_	_	_	_	linguistic	_	none	_	_	_	_	_	_
424-4	BO075	424	424	4	non	non	_	_	_	_	_	linguistic	_	none	_	_	_	_	_	_
424-5	BO075	424	424	5	solo	solo	_	_	_	_	_	linguistic	_	none	_	_	_	_	_	_
424-6	BO075	424	424	6	l'	l'	_	_	_	_	_	linguistic	_	none	SpaceAfter=No	_	_	_	_	_
424-7	BO075	424	424	7	inglese	inglese	_	_	_	_	_	linguistic	_	none	_	_	_	_	_	_
424-8	BO075	424	424	8	non	non	_	_	_	_	_	linguistic	_	none	_	_	_	_	_	_
424-9	BO075	424	424	9	lo	lo	_	_	_	_	_	linguistic	_	none	_	_	_	_	_	_
424-10	BO075	424	424	10	impari	impari	_	_	_	_	_	linguistic	_	none	_	_	_	_	_	_
424-11	BO075	424	424	11	a	a	_	_	_	_	_	linguistic	_	none	_	_	_	_	_	_
424-12	BO075	424	424	12	scuola	scuola	_	_	_	_	_	linguistic	_	none	_	End=784.41	_	_	_	_
425-0	BO075	425	425	0	e:h	eh	_	_	_	_	_	linguistic	_	none	ProsodicLink=Yes	Begin=784.75	0x1	_	_	_
425-1	BO075	425	425	1	m::h	mh	_	_	_	_	_	linguistic	_	none	_	End=785.59	0x2	_	_	_
426-0	BO075	426	426	0	ma	ma	_	_	_	_	_	linguistic	_	none	_	Begin=785.921	_	_	_	_
426-1	BO075	426	426	1	l'	l'	_	_	_	_	_	linguistic	_	none	SpaceAfter=No	_	_	_	_	_
426-2	BO075	426	426	2	inglese	inglese	_	_	_	_	_	linguistic	_	none	_	_	_	_	_	_
426-3	BO075	426	426	3	lo	lo	_	_	_	_	_	linguistic	_	none	_	_	_	_	_	_
426-4	BO075	426	426	4	impari	impari	_	_	_	_	_	linguistic	_	none	PauseAfter=Yes	_	_	_	_	_
426-5	BO075	426	426	5	{P}	{P}	_	_	_	_	_	shortpause	_	none	_	_	_	_	_	_
426-6	BO075	426	426	6	sia	sia	_	_	_	_	_	linguistic	_	none	_	_	_	_	_	_
426-7	BO075	426	426	7	trovando	trovando	_	_	_	_	_	linguistic	_	none	_	_	_	_	_	_
426-8	BO075	426	426	8	un	un	_	_	_	_	_	linguistic	_	none	_	_	_	_	_	_
426-9	BO075	426	426	9	lavoro	lavoro	_	_	_	_	_	linguistic	_	none	_	_	_	_	_	_
426-10	BO075	426	426	10	che	che	_	_	_	_	_	linguistic	_	none	_	End=788.06	_	_	_	_
427-0	BO075	427	427	0	che	che	_	_	_	_	_	linguistic	_	none	_	Begin=788.105	_	_	_	_
427-1	BO075	427	427	1	ti	ti	_	_	_	_	_	linguistic	_	none	_	_	_	_	_	_
427-2	BO075	427	427	2	permetta	permetta	_	_	_	_	_	linguistic	_	none	_	_	_	_	_	_
427-3	BO075	427	427	3	di	di	_	_	_	_	_	linguistic	_	none	_	_	_	_	_	_
427-4	BO075	427	427	4	essere	essere	_	_	_	_	_	linguistic	_	none	_	_	_	_	_	_
427-5	BO075	427	427	5	a	a	_	_	_	_	_	linguistic	_	none	_	_	_	_	_	_
427-6	BO075	427	427	6	contatto	contatto	_	_	_	_	_	linguistic	_	none	_	_	_	_	_	_
427-7	BO075	427	427	7	con	con	_	_	_	_	_	linguistic	_	none	_	_	_	_	_	_
427-8	BO075	427	427	8	un:	un	_	_	_	_	_	linguistic	_	none	_	_	1x1	_	_	_
427-9	BO075	427	427	9	sacco	sacco	_	_	_	_	_	linguistic	_	none	_	_	_	_	_	_
427-10	BO075	427	427	10	di	di	_	_	_	_	_	linguistic	_	none	_	_	_	_	_	_
427-11	BO075	427	427	11	di	di	_	_	_	_	_	linguistic	_	none	_	_	_	_	_	_
427-12	BO075	427	427	12	persone	persone	_	_	_	_	_	linguistic	_	none	_	_	_	_	_	_
427-13	BO075	427	427	13	sia::	sia	_	_	_	_	_	linguistic	_	none	_	End=791.57	2x2	_	_	_
428-0	BO075	428	428	0	uscendoci	uscendoci	_	_	_	_	_	linguistic	_	none	_	Begin=791.621	_	_	_	_
428-1	BO075	428	428	1	con	con	_	_	_	_	_	linguistic	_	none	_	_	_	_	_	_
428-2	BO075	428	428	2	queste	queste	_	_	_	_	_	linguistic	_	none	_	_	_	_	_	_
428-3	BO075	428	428	3	per[sone].	persone	_	_	_	_	_	linguistic	_	none	Intonation=Falling	End=793.68	_	_	_	3-7(103)
429-0	BO049	429	429	0	[sì].	sì	_	_	_	_	_	linguistic	_	none	Intonation=Falling	Begin=793.25|End=793.82	_	_	_	0-2(103)
430-0	BO075	430	430	0	e:	e	_	_	_	_	_	linguistic	_	none	_	Begin=794.37	0x1	_	_	_
430-1	BO075	430	430	1	a	a	_	_	_	_	_	linguistic	_	none	_	_	_	_	_	_
430-2	BO075	430	430	2	scuola::	scuola	_	_	_	_	_	linguistic	_	none	_	End=795.39	5x2	_	_	_
431-0	BO075	431	431	0	insomma	insomma	_	_	_	_	_	linguistic	_	none	_	Begin=795.43	_	_	_	_
431-1	BO075	431	431	1	gli	gli	_	_	_	_	_	linguistic	_	none	_	_	_	_	_	_
431-2	BO075	431	431	2	amichetti	amichetti	_	_	_	_	_	linguistic	_	none	_	_	_	_	_	_
431-3	BO075	431	431	3	di	di	_	_	_	_	_	linguistic	_	none	_	_	_	_	_	_
431-4	BO075	431	431	4	quaranta	quaranta	_	_	_	_	_	linguistic	_	none	_	_	_	_	_	_
431-5	BO075	431	431	5	quarantacinque	quarantacinque	_	_	_	_	_	linguistic	_	none	_	_	_	_	_	_
431-6	BO075	431	431	6	anni	anni	_	_	_	_	_	linguistic	_	none	_	_	_	_	_	_
431-7	BO075	431	431	7	hanno	hanno	_	_	_	_	_	linguistic	_	none	_	_	_	_	_	_
431-8	BO075	431	431	8	altre	altre	_	_	_	_	_	linguistic	_	none	_	_	_	_	_	_
431-9	BO075	431	431	9	cose	cose	_	_	_	_	_	linguistic	_	none	_	_	_	_	_	_
431-10	BO075	431	431	10	per	per	_	_	_	_	_	linguistic	_	none	_	_	_	_	_	_
431-11	BO075	431	431	11	la	la	_	_	_	_	_	linguistic	_	none	_	_	_	_	_	_
431-12	BO075	431	431	12	testa	testa	_	_	_	_	_	linguistic	_	none	_	_	_	_	_	_
431-13	BO075	431	431	13	[per	per	_	_	_	_	_	linguistic	_	none	_	_	_	_	_	0-3(104)
431-14	BO075	431	431	14	cui]	cui	_	_	_	_	_	linguistic	_	none	_	End=799.809	_	_	_	0-3(104)
432-0	BO049	432	432	0	[sì]	sì	_	_	_	_	_	linguistic	_	none	_	Begin=799.315|End=799.79	_	_	_	0-2(104)
433-0	BO075	433	433	0	sì	sì	_	_	_	_	_	linguistic	_	none	_	Begin=800.99	_	_	_	_
433-1	BO075	433	433	1	il	il	_	_	_	_	_	linguistic	_	none	_	_	_	_	_	_
433-2	BO075	433	433	2	mio	mio	_	_	_	_	_	linguistic	_	none	_	_	_	_	_	_
433-3	BO075	433	433	3	primo	primo	_	_	_	_	_	linguistic	_	none	_	_	_	_	_	_
433-4	BO075	433	433	4	amichetto	amichetto	_	_	_	_	_	linguistic	_	none	_	_	_	_	_	_
433-5	BO075	433	433	5	è	è	_	_	_	_	_	linguistic	_	none	_	_	_	_	_	_
433-6	BO075	433	433	6	stato	stato	_	_	_	_	_	linguistic	_	none	_	_	_	_	_	_
433-7	BO075	433	433	7	un	un	_	_	_	_	_	linguistic	_	none	_	_	_	_	_	_
433-8	BO075	433	433	8	trentacinquenne	trentacinquenne	_	_	_	_	_	linguistic	_	none	_	_	_	_	_	_
433-9	BO075	433	433	9	spagnolo	spagnolo	_	_	_	_	_	linguistic	_	none	_	_	_	_	_	_
433-10	BO075	433	433	10	omosessuale,	omosessuale	_	_	_	_	_	linguistic	_	none	Intonation=WeaklyRising	End=804.63	_	_	_	_
434-0	BO049	434	434	0	{ride}	{ride}	_	_	_	_	_	nonverbalbehavior	_	none	_	Begin=804.58|End=805.35	_	_	_	_
435-0	BO075	435	435	0	e:::h	eh	_	_	_	_	_	linguistic	_	none	_	Begin=805.365|End=805.79	0x3	_	_	_
436-0	BO075	436	436	0	molto	molto	_	_	_	_	_	linguistic	_	none	_	Begin=805.831	_	_	_	_
436-1	BO075	436	436	1	simpatico	simpatico	_	_	_	_	_	linguistic	_	none	_	_	_	_	_	_
436-2	BO075	436	436	2	sparito	sparito	_	_	_	_	_	linguistic	_	none	_	_	_	_	_	_
436-3	BO075	436	436	3	e	e	_	_	_	_	_	linguistic	_	none	_	_	_	_	_	_
436-4	BO075	436	436	4	poi	poi	_	_	_	_	_	linguistic	_	none	_	_	_	_	_	_
436-5	BO075	436	436	5	un	un	_	_	_	_	_	linguistic	_	none	_	_	_	_	_	_
436-6	BO075	436	436	6	ventiduenne	ventiduenne	_	_	_	_	_	linguistic	_	none	_	_	_	_	_	_
436-7	BO075	436	436	7	spaccino:	spaccino	_	_	_	_	_	linguistic	_	none	_	End=809.0	7x1	_	_	_
437-0	BO075	437	437	0	eh	eh	_	_	_	_	_	linguistic	_	none	_	Begin=809.29	_	_	_	_
437-1	BO075	437	437	1	francese.	francese	_	_	_	_	_	linguistic	_	none	Intonation=Falling	End=810.6	_	_	_	_
438-0	BO049	438	438	0	{ride}	{ride}	_	_	_	_	_	nonverbalbehavior	_	none	_	Begin=810.365|End=811.31	_	_	_	_
439-0	BO075	439	439	0	[e::h	eh	_	_	_	_	_	linguistic	_	none	_	Begin=811.181	0x2	_	_	0-2(105)
439-1	BO075	439	439	1	un	un	_	_	_	_	_	linguistic	_	none	_	_	_	_	_	0-2(105)
439-2	BO075	439	439	2	coglione	coglione	_	_	_	_	_	linguistic	_	none	PauseAfter=Yes	_	_	_	_	0-8(105)
439-3	BO075	439	439	3	{P}	{P}	_	_	_	_	_	shortpause	_	none	_	_	_	_	_	0-3(105)
439-4	BO075	439	439	4	tra	tra	_	_	_	_	_	linguistic	_	none	_	_	_	_	_	0-3(105)
439-5	BO075	439	439	5	l'	l'	_	_	_	_	_	linguistic	_	none	SpaceAfter=No	_	_	_	_	0-2(105)
439-6	BO075	439	439	6	altro].	altro	_	_	_	_	_	linguistic	_	none	Intonation=Falling	End=813.4	_	_	_	0-5(105)
440-0	BO049	440	440	0	[xxx.	xxx	_	_	_	_	_	linguistic	_	none	Intonation=Falling	Begin=811.375	_	_	_	0-3(105)
440-1	BO049	440	440	1	i	i	_	_	_	_	_	linguistic	_	none	_	_	_	_	_	0-1(105)
440-2	BO049	440	440	2	migliori	migliori	_	_	_	_	_	linguistic	_	none	_	_	_	_	_	0-8(105)
440-3	BO049	440	440	3	li	li	_	_	_	_	_	linguistic	_	none	_	_	_	_	_	0-2(105)
440-4	BO049	440	440	4	hai	hai	_	_	_	_	_	linguistic	_	none	_	_	_	_	_	0-3(105)
440-5	BO049	440	440	5	becca]ti	beccati	_	_	_	_	_	linguistic	_	none	_	_	_	_	_	0-5(105)
440-6	BO049	440	440	6	tu	tu	_	_	_	_	_	linguistic	_	none	_	_	_	_	_	_
440-7	BO049	440	440	7	{ride}	{ride}	_	_	_	_	_	nonverbalbehavior	_	none	_	End=814.07	_	_	_	_
441-0	BO075	441	441	0	un	un	_	_	_	_	_	linguistic	_	none	_	Begin=814.17	_	_	_	_
441-1	BO075	441	441	1	coglione	coglione	_	_	_	_	_	linguistic	_	none	_	_	_	_	_	_
441-2	BO075	441	441	2	[sì	sì	_	_	_	_	_	linguistic	_	none	_	_	_	_	_	0-2(106)
441-3	BO075	441	441	3	sì	sì	_	_	_	_	_	linguistic	_	none	_	_	_	_	_	0-2(106)
441-4	BO075	441	441	4	eh].	eh	_	_	_	_	_	linguistic	_	none	Intonation=Falling	End=815.63	_	_	_	0-2(106)
442-0	BO049	442	442	0	[incredibile]	incredibile	_	_	_	_	_	linguistic	_	none	_	Begin=814.93	_	_	_	0-11(106)
442-1	BO049	442	442	1	gege	gege	_	_	_	_	_	linguistic	_	none	_	End=816.36	_	_	_	_
443-0	BO075	443	443	0	e:::h	eh	_	_	_	_	_	linguistic	_	none	_	Begin=816.4|End=817.08	0x3	_	_	_
444-0	BO075	444	444	0	che	che	_	_	_	_	_	linguistic	_	none	_	Begin=817.101	_	_	_	_
444-1	BO075	444	444	1	viveva	viveva	_	_	_	_	_	linguistic	_	none	_	_	_	_	_	_
444-2	BO075	444	444	2	tra	tra	_	_	_	_	_	linguistic	_	none	_	_	_	_	_	_
444-3	BO075	444	444	3	l'	l'	_	_	_	_	_	linguistic	_	none	SpaceAfter=No	_	_	_	_	_
444-4	BO075	444	444	4	altro	altro	_	_	_	_	_	linguistic	_	none	_	_	_	_	_	_
444-5	BO075	444	444	5	in	in	_	_	_	_	_	linguistic	_	none	_	_	_	_	_	_
444-6	BO075	444	444	6	uno	uno	_	_	_	_	_	linguistic	_	none	_	_	_	_	_	_
444-7	BO075	444	444	7	dei	dei	_	_	_	_	_	linguistic	_	none	_	_	_	_	_	_
444-8	BO075	444	444	8	quartieri	quartieri	_	_	_	_	_	linguistic	_	none	_	_	_	_	_	_
444-9	BO075	444	444	9	più	più	_	_	_	_	_	linguistic	_	none	_	_	_	_	_	_
444-10	BO075	444	444	10	più	più	_	_	_	_	_	linguistic	_	none	ProsodicLink=Yes	_	_	_	_	_
444-11	BO075	444	444	11	m:h	mh	_	_	_	_	_	linguistic	_	none	_	End=819.62	0x1	_	_	_
445-0	BO075	445	445	0	malv~	malv~	_	_	_	_	_	linguistic	_	none	Interrupted=Yes	Begin=819.655	_	_	_	_
445-1	BO075	445	445	1	malsani	malsani	_	_	_	_	_	linguistic	_	none	_	_	_	_	_	_
445-2	BO075	445	445	2	di:	di	_	_	_	_	_	linguistic	_	none	_	_	1x1	_	_	_
445-3	BO075	445	445	3	di	di	_	_	_	_	_	linguistic	_	none	_	_	_	_	_	_
445-4	BO075	445	445	4	londra	londra	_	_	_	_	_	linguistic	_	none	_	End=821.63	_	_	_	_
446-0	BO075	446	446	0	e:h	eh	_	_	_	_	_	linguistic	_	none	ProsodicLink=Yes	Begin=821.846	0x1	_	_	_
446-1	BO075	446	446	1	m::h	mh	_	_	_	_	_	linguistic	_	none	_	End=823.03	0x2	_	_	_
447-0	BO075	447	447	0	si	si	_	_	_	_	_	linguistic	_	none	_	Begin=823.358	_	_	_	_
447-1	BO075	447	447	1	chiamava	chiamava	_	_	_	_	_	linguistic	_	none	_	_	_	_	_	_
447-2	BO075	447	447	2	elephant	elephant	_	_	_	_	_	linguistic	_	none	_	_	_	_	_	_
447-3	BO075	447	447	3	castle?	castle	_	_	_	_	_	linguistic	_	none	Intonation=Rising	End=825.2	_	_	_	_
448-0	BO049	448	448	0	elephant	elephant	_	_	_	_	_	linguistic	_	none	_	Begin=825.2	_	_	_	_
448-1	BO049	448	448	1	castle	castle	_	_	_	_	_	linguistic	_	none	_	_	_	_	_	_
448-2	BO049	448	448	2	sì.	sì	_	_	_	_	_	linguistic	_	none	Intonation=Falling	End=826.15	_	_	_	_
449-0	BO075	449	449	0	[e::h.	eh	_	_	_	_	_	linguistic	_	none	Intonation=Falling|PauseAfter=Yes	Begin=826.22	0x2	_	_	0-2(107)
449-1	BO075	449	449	1	{P}	{P}	_	_	_	_	_	shortpause	_	none	_	_	_	_	_	0-3(107)
449-2	BO075	449	449	2	terribile].	terribile	_	_	_	_	_	linguistic	_	none	Intonation=Falling	End=827.89	_	_	_	0-9(107)
450-0	BO049	450	450	0	[è	è	_	_	_	_	_	linguistic	_	none	_	Begin=826.39	_	_	_	0-1(107)
450-1	BO049	450	450	1	centrale	centrale	_	_	_	_	_	linguistic	_	none	PauseAfter=Yes	_	_	_	_	0-8(107)
450-2	BO049	450	450	2	{P}	{P}	_	_	_	_	_	shortpause	_	none	_	_	_	_	_	0-3(107)
450-3	BO049	450	450	3	abbastanza]	abbastanza	_	_	_	_	_	linguistic	_	none	_	End=827.84	_	_	_	0-10(107)
451-0	BO075	451	451	0	la	la	_	_	_	_	_	linguistic	_	none	_	Begin=828.13	_	_	_	_
451-1	BO075	451	451	1	prima	prima	_	_	_	_	_	linguistic	_	none	_	_	_	_	_	_
451-2	BO075	451	451	2	volta	volta	_	_	_	_	_	linguistic	_	none	_	_	_	_	_	_
451-3	BO075	451	451	3	che	che	_	_	_	_	_	linguistic	_	none	_	_	_	_	_	_
451-4	BO075	451	451	4	sono	sono	_	_	_	_	_	linguistic	_	none	_	_	_	_	_	_
451-5	BO075	451	451	5	andato	andato	_	_	_	_	_	linguistic	_	none	_	_	_	_	_	_
451-6	BO075	451	451	6	lì	lì	_	_	_	_	_	linguistic	_	none	_	End=829.65	_	_	_	_
452-0	BO075	452	452	0	ah	ah	_	_	_	_	_	linguistic	_	none	_	Begin=830.101	_	_	_	_
452-1	BO075	452	452	1	che	che	_	_	_	_	_	linguistic	_	none	_	_	_	_	_	_
452-2	BO075	452	452	2	sono	sono	_	_	_	_	_	linguistic	_	none	_	_	_	_	_	_
452-3	BO075	452	452	3	andato	andato	_	_	_	_	_	linguistic	_	none	_	_	_	_	_	_
452-4	BO075	452	452	4	a	a	_	_	_	_	_	linguistic	_	none	_	_	_	_	_	_
452-5	BO075	452	452	5	casa	casa	_	_	_	_	_	linguistic	_	none	_	_	_	_	_	_
452-6	BO075	452	452	6	sua	sua	_	_	_	_	_	linguistic	_	none	_	_	_	_	_	_
452-7	BO075	452	452	7	una	una	_	_	_	_	_	linguistic	_	none	_	_	_	_	_	_
452-8	BO075	452	452	8	volta	volta	_	_	_	_	_	linguistic	_	none	_	_	_	_	_	_
452-9	BO075	452	452	9	sola	sola	_	_	_	_	_	linguistic	_	none	_	_	_	_	_	_
452-10	BO075	452	452	10	poi	poi	_	_	_	_	_	linguistic	_	none	_	_	_	_	_	_
452-11	BO075	452	452	11	è	è	_	_	_	_	_	linguistic	_	none	_	_	_	_	_	_
452-12	BO075	452	452	12	sparito	sparito	_	_	_	_	_	linguistic	_	none	_	_	_	_	_	_
452-13	BO075	452	452	13	anche	anche	_	_	_	_	_	linguistic	_	none	_	_	_	_	_	_
452-14	BO075	452	452	14	lui	lui	_	_	_	_	_	linguistic	_	none	_	End=832.99	_	_	_	_
453-0	BO075	453	453	0	e::h	eh	_	_	_	_	_	linguistic	_	none	_	Begin=833.31|End=833.89	0x2	_	_	_
454-0	BO075	454	454	0	sono	sono	_	_	_	_	_	linguistic	_	none	_	Begin=833.906	_	_	_	_
454-1	BO075	454	454	1	sceso	sceso	_	_	_	_	_	linguistic	_	none	_	_	_	_	_	_
454-2	BO075	454	454	2	e	e	_	_	_	_	_	linguistic	_	none	_	_	_	_	_	_
454-3	BO075	454	454	3	c'	c'	_	_	_	_	_	linguistic	_	none	SpaceAfter=No	_	_	_	_	_
454-4	BO075	454	454	4	era	era	_	_	_	_	_	linguistic	_	none	_	_	_	_	_	_
454-5	BO075	454	454	5	uno	uno	_	_	_	_	_	linguistic	_	none	PauseAfter=Yes	_	_	_	_	_
454-6	BO075	454	454	6	{P}	{P}	_	_	_	_	_	shortpause	_	none	_	_	_	_	_	_
454-7	BO075	454	454	7	un	un	_	_	_	_	_	linguistic	_	none	_	_	_	_	_	_
454-8	BO075	454	454	8	vecchietto	vecchietto	_	_	_	_	_	linguistic	_	none	_	_	_	_	_	_
454-9	BO075	454	454	9	che	che	_	_	_	_	_	linguistic	_	none	_	_	_	_	_	_
454-10	BO075	454	454	10	tirava	tirava	_	_	_	_	_	linguistic	_	none	_	_	_	_	_	_
454-11	BO075	454	454	11	di	di	_	_	_	_	_	linguistic	_	none	_	_	_	_	_	_
454-12	BO075	454	454	12	coca	coca	_	_	_	_	_	linguistic	_	none	_	_	_	_	_	_
454-13	BO075	454	454	13	alla	alla	_	_	_	_	_	linguistic	_	none	_	_	_	_	_	_
454-14	BO075	454	454	14	fermata	fermata	_	_	_	_	_	linguistic	_	none	_	_	_	_	_	_
454-15	BO075	454	454	15	del	del	_	_	_	_	_	linguistic	_	none	_	End=837.28	_	_	_	_
455-0	BO075	455	455	0	dell'	dell'	_	_	_	_	_	linguistic	_	none	SpaceAfter=No	Begin=837.423	_	_	_	_
455-1	BO075	455	455	1	autobus	autobus	_	_	_	_	_	linguistic	_	none	_	_	_	_	_	_
455-2	BO075	455	455	2	un	un	_	_	_	_	_	linguistic	_	none	_	_	_	_	_	_
455-3	BO075	455	455	3	altro	altro	_	_	_	_	_	linguistic	_	none	_	_	_	_	_	_
455-4	BO075	455	455	4	che	che	_	_	_	_	_	linguistic	_	none	_	_	_	_	_	_
455-5	BO075	455	455	5	si	si	_	_	_	_	_	linguistic	_	none	_	_	_	_	_	_
455-6	BO075	455	455	6	faceva	faceva	_	_	_	_	_	linguistic	_	none	_	_	_	_	_	_
455-7	BO075	455	455	7	di	di	_	_	_	_	_	linguistic	_	none	_	_	_	_	_	_
455-8	BO075	455	455	8	crack	crack	_	_	_	_	_	linguistic	_	none	_	_	_	_	_	_
455-9	BO075	455	455	9	sotto	sotto	_	_	_	_	_	linguistic	_	none	_	_	_	_	_	_
455-10	BO075	455	455	10	un	un	_	_	_	_	_	linguistic	_	none	_	_	_	_	_	_
455-11	BO075	455	455	11	p~	p~	_	_	_	_	_	linguistic	_	none	Interrupted=Yes	_	_	_	_	_
455-12	BO075	455	455	12	un	un	_	_	_	_	_	linguistic	_	none	_	End=840.62	_	_	_	_
456-0	BO075	456	456	0	[porticato	porticato	_	_	_	_	_	linguistic	_	none	_	Begin=840.755	_	_	_	0-9(108)
456-1	BO075	456	456	1	(pensa)]	pensa	_	_	_	_	_	linguistic	_	none	_	End=842.01	_	_	0-5(0)	0-5(108)
457-0	BO049	457	457	0	[anche	anche	_	_	_	_	_	linguistic	_	none	_	Begin=840.766	_	_	_	0-5(108)
457-1	BO049	457	457	1	nel	nel	_	_	_	_	_	linguistic	_	none	_	_	_	_	_	0-3(108)
457-2	BO049	457	457	2	quartiere	quartiere	_	_	_	_	_	linguistic	_	none	_	_	_	_	_	0-9(108)
457-3	BO049	457	457	3	dove	dove	_	_	_	_	_	linguistic	_	none	_	_	_	_	_	0-4(108)
457-4	BO049	457	457	4	vivevo	vivevo	_	_	_	_	_	linguistic	_	none	_	_	_	_	_	0-6(108)
457-5	BO049	457	457	5	i]o	io	_	_	_	_	_	linguistic	_	none	_	_	_	_	_	0-1(108)
457-6	BO049	457	457	6	era	era	_	_	_	_	_	linguistic	_	none	_	_	_	_	_	_
457-7	BO049	457	457	7	così.	così	_	_	_	_	_	linguistic	_	none	Intonation=Falling	End=842.67	_	_	_	_
458-0	BO075	458	458	0	[e::h]	eh	_	_	_	_	_	linguistic	_	none	_	Begin=842.736|End=843.05	0x2	_	_	0-2(109)
459-0	BO049	459	459	0	[ma	ma	_	_	_	_	_	linguistic	_	none	_	Begin=842.76	_	_	_	0-2(109)
459-1	BO049	459	459	1	io	io	_	_	_	_	_	linguistic	_	none	_	_	_	_	_	0-2(109)
459-2	BO049	459	459	2	v]ivevo	vivevo	_	_	_	_	_	linguistic	_	none	_	_	_	_	_	0-1(109)
459-3	BO049	459	459	3	a	a	_	_	_	_	_	linguistic	_	none	_	_	_	_	_	_
459-4	BO049	459	459	4	est	est	_	_	_	_	_	linguistic	_	none	PauseAfter=Yes	_	_	_	_	_
459-5	BO049	459	459	5	{P}	{P}	_	_	_	_	_	shortpause	_	none	_	_	_	_	_	_
459-6	BO049	459	459	6	quindi	quindi	_	_	_	_	_	linguistic	_	none	_	End=844.37	_	_	_	_
460-0	BO049	460	460	0	pe[rò]	però	_	_	_	_	_	linguistic	_	none	_	Begin=845.19|End=845.6	_	_	_	2-4(110)
461-0	BO075	461	461	0	[be]llo	bello	_	_	_	_	_	linguistic	_	none	_	Begin=845.34	_	_	_	0-2(110)
461-1	BO075	461	461	1	bello	bello	_	_	_	_	_	linguistic	_	none	_	End=846.09	_	_	_	_
462-0	BO049	462	462	0	figo	figo	_	_	_	_	_	linguistic	_	none	_	Begin=846.08	_	_	_	_
462-1	BO049	462	462	1	sì	sì	_	_	_	_	_	linguistic	_	none	_	End=846.77	_	_	_	_
463-0	BO049	463	463	0	è	è	_	_	_	_	_	linguistic	_	none	_	Begin=846.79	_	_	_	_
463-1	BO049	463	463	1	una	una	_	_	_	_	_	linguistic	_	none	_	_	_	_	_	_
463-2	BO049	463	463	2	>però	però	_	_	_	_	_	linguistic	_	none	_	_	_	Fast=0-4(0)	_	_
463-3	BO049	463	463	3	è	è	_	_	_	_	_	linguistic	_	none	_	_	_	Fast=0-1(0)	_	_
463-4	BO049	463	463	4	una	una	_	_	_	_	_	linguistic	_	none	_	_	_	Fast=0-3(0)	_	_
463-5	BO049	463	463	5	cosa	cosa	_	_	_	_	_	linguistic	_	none	_	_	_	Fast=0-4(0)	_	_
463-6	BO049	463	463	6	abbastanza	abbastanza	_	_	_	_	_	linguistic	_	none	_	_	_	Fast=0-10(0)	_	_
463-7	BO049	463	463	7	comune	comune	_	_	_	_	_	linguistic	_	none	_	_	_	Fast=0-6(0)	_	_
463-8	BO049	463	463	8	trovare	trovare	_	_	_	_	_	linguistic	_	none	_	_	_	Fast=0-7(0)	_	_
463-9	BO049	463	463	9	questi	questi	_	_	_	_	_	linguistic	_	none	_	_	_	Fast=0-6(0)	_	_
463-10	BO049	463	463	10	quartieri	quartieri	_	_	_	_	_	linguistic	_	none	_	_	_	Fast=0-9(0)	_	_
463-11	BO049	463	463	11	a	a	_	_	_	_	_	linguistic	_	none	_	_	_	Fast=0-1(0)	_	_
463-12	BO049	463	463	12	londra<	londra	_	_	_	_	_	linguistic	_	none	_	End=849.93	_	Fast=0-6(0)	_	_
464-0	BO075	464	464	0	e:h	eh	_	_	_	_	_	linguistic	_	none	ProsodicLink=Yes	Begin=849.96	0x1	_	_	_
464-1	BO075	464	464	1	mh	mh	_	_	_	_	_	linguistic	_	none	_	_	_	_	_	_
464-2	BO075	464	464	2	sì.	sì	_	_	_	_	_	linguistic	_	none	Intonation=Falling	_	_	_	_	_
464-3	BO075	464	464	3	a	a	_	_	_	_	_	linguistic	_	none	_	_	_	_	_	_
464-4	BO075	464	464	4	qu[anto	quanto	_	_	_	_	_	linguistic	_	none	_	_	_	_	_	2-6(112)
464-5	BO075	464	464	5	pare	pare	_	_	_	_	_	linguistic	_	none	_	_	_	_	_	0-4(112)
464-6	BO075	464	464	6	sì]	sì	_	_	_	_	_	linguistic	_	none	_	End=851.82	_	_	_	0-2(112)
465-0	BO049	465	465	0	[eh	eh	_	_	_	_	_	linguistic	_	none	_	Begin=851.13	_	_	_	0-2(112)
465-1	BO049	465	465	1	quindi:]	quindi	_	_	_	_	_	linguistic	_	none	_	End=851.84	5x1	_	_	0-6(112)
466-0	BO049	466	466	0	beh	beh	_	_	_	_	_	linguistic	_	none	_	Begin=852.69	_	_	_	_
466-1	BO049	466	466	1	ci	ci	_	_	_	_	_	linguistic	_	none	_	_	_	_	_	_
466-2	BO049	466	466	2	sta	sta	_	_	_	_	_	linguistic	_	none	_	End=853.47	_	_	_	_
467-0	BO049	467	467	0	e:::	e	_	_	_	_	_	linguistic	_	none	_	Begin=853.86	0x3	_	_	_
467-1	BO049	467	467	1	e	e	_	_	_	_	_	linguistic	_	none	_	_	_	_	_	_
467-2	BO049	467	467	2	lì,	lì	_	_	_	_	_	linguistic	_	none	Intonation=WeaklyRising	_	_	_	_	_
467-3	BO049	467	467	3	quindi	quindi	_	_	_	_	_	linguistic	_	none	PauseAfter=Yes	_	_	_	_	_
467-4	BO049	467	467	4	{P}	{P}	_	_	_	_	_	shortpause	_	none	_	_	_	_	_	_
467-5	BO049	467	467	5	vivevi	vivevi	_	_	_	_	_	linguistic	_	none	_	_	_	_	_	_
467-6	BO049	467	467	6	con	con	_	_	_	_	_	linguistic	_	none	_	_	_	_	_	_
467-7	BO049	467	467	7	questi	questi	_	_	_	_	_	linguistic	_	none	_	_	_	_	_	_
467-8	BO049	467	467	8	tuoi	tuoi	_	_	_	_	_	linguistic	_	none	_	_	_	_	_	_
467-9	BO049	467	467	9	amici	amici	_	_	_	_	_	linguistic	_	none	_	_	_	_	_	_
467-10	BO049	467	467	10	oppure:,	oppure	_	_	_	_	_	linguistic	_	none	Intonation=WeaklyRising	End=857.42	5x1	_	_	_
468-0	BO049	468	468	0	c[on	con	_	_	_	_	_	linguistic	_	none	_	Begin=857.985	_	_	_	1-3(113)
468-1	BO049	468	468	1	(del)le]	delle	_	_	_	_	_	linguistic	_	none	_	_	_	_	0-3(0)	0-5(113)
468-2	BO049	468	468	2	altre	altre	_	_	_	_	_	linguistic	_	none	_	_	_	_	_	_
468-3	BO049	468	468	3	person[e]	persone	_	_	_	_	_	linguistic	_	none	_	End=859.07	_	_	_	6-7(114)
469-0	BO075	469	469	0	[le]	le	_	_	_	_	_	linguistic	_	none	_	Begin=858.09|End=858.33	_	_	_	0-2(113)
470-0	BO075	470	470	0	[le]	le	_	_	_	_	_	linguistic	_	none	_	Begin=858.96	_	_	_	0-2(114)
470-1	BO075	470	470	1	prime	prime	_	_	_	_	_	linguistic	_	none	_	_	_	_	_	_
470-2	BO075	470	470	2	due	due	_	_	_	_	_	linguistic	_	none	_	_	_	_	_	_
470-3	BO075	470	470	3	tre	tre	_	_	_	_	_	linguistic	_	none	_	_	_	_	_	_
470-4	BO075	470	470	4	settimane	settimane	_	_	_	_	_	linguistic	_	none	_	_	_	_	_	_
470-5	BO075	470	470	5	ho	ho	_	_	_	_	_	linguistic	_	none	_	_	_	_	_	_
470-6	BO075	470	470	6	vissuto	vissuto	_	_	_	_	_	linguistic	_	none	_	_	_	_	_	_
470-7	BO075	470	470	7	a	a	_	_	_	_	_	linguistic	_	none	_	_	_	_	_	_
470-8	BO075	470	470	8	casa	casa	_	_	_	_	_	linguistic	_	none	_	_	_	_	_	_
470-9	BO075	470	470	9	di	di	_	_	_	_	_	linguistic	_	none	_	_	_	_	_	_
470-10	BO075	470	470	10	uno.	uno	_	_	_	_	_	linguistic	_	none	Intonation=Falling	End=861.24	_	_	_	_
471-0	BO075	471	471	0	e:h	eh	_	_	_	_	_	linguistic	_	none	PauseAfter=Yes	Begin=861.55	0x1	_	_	_
471-1	BO075	471	471	1	{P}	{P}	_	_	_	_	_	shortpause	_	none	_	_	_	_	_	_
471-2	BO075	471	471	2	dormivo	dormivo	_	_	_	_	_	linguistic	_	none	_	_	_	_	_	_
471-3	BO075	471	471	3	sotto	sotto	_	_	_	_	_	linguistic	_	none	_	_	_	_	_	_
471-4	BO075	471	471	4	il	il	_	_	_	_	_	linguistic	_	none	_	_	_	_	_	_
471-5	BO075	471	471	5	tavolo.	tavolo	_	_	_	_	_	linguistic	_	none	Intonation=Falling	End=863.08	_	_	_	_
472-0	BO075	472	472	0	di	di	_	_	_	_	_	linguistic	_	none	_	Begin=863.15	_	_	_	_
472-1	BO075	472	472	1	di:	di	_	_	_	_	_	linguistic	_	none	ProsodicLink=Yes	_	1x1	_	_	_
472-2	BO075	472	472	2	e:h	eh	_	_	_	_	_	linguistic	_	none	PauseAfter=Yes	_	0x1	_	_	_
472-3	BO075	472	472	3	{P}	{P}	_	_	_	_	_	shortpause	_	none	_	_	_	_	_	_
472-4	BO075	472	472	4	[di	di	_	_	_	_	_	linguistic	_	none	_	_	_	_	_	0-2(115)
472-5	BO075	472	472	5	uno:	uno	_	_	_	_	_	linguistic	_	none	_	_	2x1	_	_	0-3(115)
472-6	BO075	472	472	6	di	di	_	_	_	_	_	linguistic	_	none	_	_	_	_	_	0-2(115)
472-7	BO075	472	472	7	di]	di	_	_	_	_	_	linguistic	_	none	_	End=865.55	_	_	_	0-2(115)
473-0	BO049	473	473	0	[come	come	_	_	_	_	_	linguistic	_	none	_	Begin=864.41	_	_	_	0-4(115)
473-1	BO049	473	473	1	sotto	sotto	_	_	_	_	_	linguistic	_	none	_	_	_	_	_	0-5(115)
473-2	BO049	473	473	2	al	al	_	_	_	_	_	linguistic	_	none	_	_	_	_	_	0-2(115)
473-3	BO049	473	473	3	tavolo]	tavolo	_	_	_	_	_	linguistic	_	none	_	_	_	_	_	0-6(115)
473-4	BO049	473	473	4	{ride}	{ride}	_	_	_	_	_	nonverbalbehavior	_	none	_	End=865.61	_	_	_	_
474-0	BO075	474	474	0	e:h	eh	_	_	_	_	_	linguistic	_	none	_	Begin=865.655	0x1	_	_	_
474-1	BO075	474	474	1	>dormivo	dormivo	_	_	_	_	_	linguistic	_	none	_	_	_	Fast=0-7(0)	_	_
474-2	BO075	474	474	2	davvero	davvero	_	_	_	_	_	linguistic	_	none	_	_	_	Fast=0-7(0)	_	_
474-3	BO075	474	474	3	sotto	sotto	_	_	_	_	_	linguistic	_	none	_	_	_	Fast=0-5(0)	_	_
474-4	BO075	474	474	4	il	il	_	_	_	_	_	linguistic	_	none	_	_	_	Fast=0-2(0)	_	_
474-5	BO075	474	474	5	tavolo.	tavolo	_	_	_	_	_	linguistic	_	none	Intonation=Falling	_	_	Fast=0-6(0)	_	_
474-6	BO075	474	474	6	c'	c'	_	_	_	_	_	linguistic	_	none	SpaceAfter=No	_	_	Fast=0-2(0)	_	_
474-7	BO075	474	474	7	avevo	avevo	_	_	_	_	_	linguistic	_	none	_	_	_	Fast=0-5(0)	_	_
474-8	BO075	474	474	8	il	il	_	_	_	_	_	linguistic	_	none	_	_	_	Fast=0-2(0)	_	_
474-9	BO075	474	474	9	sacco	sacco	_	_	_	_	_	linguistic	_	none	_	_	_	Fast=0-5(0)	_	_
474-10	BO075	474	474	10	a	a	_	_	_	_	_	linguistic	_	none	_	_	_	Fast=0-1(0)	_	_
474-11	BO075	474	474	11	pelo:<	pelo	_	_	_	_	_	linguistic	_	none	_	End=868.36	3x1	Fast=0-4(0)	_	_
475-0	BO075	475	475	0	sotto:	sotto	_	_	_	_	_	linguistic	_	none	_	Begin=868.42	4x1	_	_	_
475-1	BO075	475	475	1	il	il	_	_	_	_	_	linguistic	_	none	_	_	_	_	_	_
475-2	BO075	475	475	2	tavolo	tavolo	_	_	_	_	_	linguistic	_	none	_	_	_	_	_	_
475-3	BO075	475	475	3	di::	di	_	_	_	_	_	linguistic	_	none	ProsodicLink=Yes	_	1x2	_	_	_
475-4	BO075	475	475	4	[mh]	mh	_	_	_	_	_	linguistic	_	none	_	End=870.05	_	_	_	0-2(116)
476-0	BO049	476	476	0	[ma	ma	_	_	_	_	_	linguistic	_	none	_	Begin=869.87	_	_	_	0-2(?)
476-1	BO049	476	476	1	perché]?	perché	_	_	_	_	_	linguistic	_	none	Intonation=Rising	End=870.61	_	_	_	0-6(?)
477-0	BO075	477	477	0	[tavolo	tavolo	_	_	_	_	_	linguistic	_	none	_	Begin=870.09	_	_	_	0-6(117)
477-1	BO075	477	477	1	della	della	_	_	_	_	_	linguistic	_	none	_	_	_	_	_	0-5(117)
477-2	BO075	477	477	2	della	della	_	_	_	_	_	linguistic	_	none	_	_	_	_	_	0-5(117)
477-3	BO075	477	477	3	de]lla	della	_	_	_	_	_	linguistic	_	none	_	_	_	_	_	0-2(117)
477-4	BO075	477	477	4	sua:	sua	_	_	_	_	_	linguistic	_	none	_	_	2x1	_	_	_
477-5	BO075	477	477	5	eh	eh	_	_	_	_	_	linguistic	_	none	_	_	_	_	_	_
477-6	BO075	477	477	6	perché	perché	_	_	_	_	_	linguistic	_	none	_	_	_	_	_	_
477-7	BO075	477	477	7	non	non	_	_	_	_	_	linguistic	_	none	_	_	_	_	_	_
477-8	BO075	477	477	8	c'	c'	_	_	_	_	_	linguistic	_	none	SpaceAfter=No	_	_	_	_	_
477-9	BO075	477	477	9	era	era	_	_	_	_	_	linguistic	_	none	_	_	_	_	_	_
477-10	BO075	477	477	10	spa[zio	spazio	_	_	_	_	_	linguistic	_	none	_	_	_	_	_	2-6(118)
477-11	BO075	477	477	11	e::h	eh	_	_	_	_	_	linguistic	_	none	ProsodicLink=Yes	_	0x2	_	_	0-2(118)
477-12	BO075	477	477	12	m:h]	mh	_	_	_	_	_	linguistic	_	none	_	End=873.09	0x1	_	_	0-2(118)
478-0	BO049	478	478	0	[ah]	ah	_	_	_	_	_	linguistic	_	none	_	Begin=872.52|End=873.01	_	_	_	0-2(118)
479-0	BO075	479	479	0	e	e	_	_	_	_	_	linguistic	_	none	_	Begin=873.121	_	_	_	_
479-1	BO075	479	479	1	io	io	_	_	_	_	_	linguistic	_	none	_	_	_	_	_	_
479-2	BO075	479	479	2	dovevo	dovevo	_	_	_	_	_	linguistic	_	none	_	_	_	_	_	_
479-3	BO075	479	479	3	ancora	ancora	_	_	_	_	_	linguistic	_	none	_	_	_	_	_	_
479-4	BO075	479	479	4	trovare	trovare	_	_	_	_	_	linguistic	_	none	_	_	_	_	_	_
479-5	BO075	479	479	5	la	la	_	_	_	_	_	linguistic	_	none	_	_	_	_	_	_
479-6	BO075	479	479	6	casa	casa	_	_	_	_	_	linguistic	_	none	_	_	_	_	_	_
479-7	BO075	479	479	7	{ride}	{ride}	_	_	_	_	_	nonverbalbehavior	_	none	_	End=874.98	_	_	_	_
480-0	BO049	480	480	0	{ride}	{ride}	_	_	_	_	_	nonverbalbehavior	_	none	_	Begin=874.4|End=876.35	_	_	_	_
481-0	BO075	481	481	0	e	e	_	_	_	_	_	linguistic	_	none	_	Begin=875.27	_	_	_	_
481-1	BO075	481	481	1	quindi:	quindi	_	_	_	_	_	linguistic	_	none	ProsodicLink=Yes	_	5x1	_	_	_
481-2	BO075	481	481	2	e:::h	eh	_	_	_	_	_	linguistic	_	none	ProsodicLink=Yes	_	0x3	_	_	_
481-3	BO075	481	481	3	m:h	mh	_	_	_	_	_	linguistic	_	none	_	End=876.85	0x1	_	_	_
482-0	BO075	482	482	0	però	però	_	_	_	_	_	linguistic	_	none	_	Begin=876.905	_	_	_	_
482-1	BO075	482	482	1	eh	eh	_	_	_	_	_	linguistic	_	none	_	_	_	_	_	_
482-2	BO075	482	482	2	bello	bello	_	_	_	_	_	linguistic	_	none	_	_	_	_	_	_
482-3	BO075	482	482	3	è	è	_	_	_	_	_	linguistic	_	none	_	_	_	_	_	_
482-4	BO075	482	482	4	stato	stato	_	_	_	_	_	linguistic	_	none	_	_	_	_	_	_
482-5	BO075	482	482	5	bello	bello	_	_	_	_	_	linguistic	_	none	_	_	_	_	_	_
482-6	BO075	482	482	6	d~	d~	_	_	_	_	_	linguistic	_	none	Interrupted=Yes	_	_	_	_	_
482-7	BO075	482	482	7	dormire	dormire	_	_	_	_	_	linguistic	_	none	_	_	_	_	_	_
482-8	BO075	482	482	8	sotto	sotto	_	_	_	_	_	linguistic	_	none	_	_	_	_	_	_
482-9	BO075	482	482	9	il	il	_	_	_	_	_	linguistic	_	none	_	_	_	_	_	_
482-10	BO075	482	482	10	tavolo	tavolo	_	_	_	_	_	linguistic	_	none	_	_	_	_	_	_
482-11	BO075	482	482	11	cioè	cioè	_	_	_	_	_	linguistic	_	none	_	_	_	_	_	_
482-12	BO075	482	482	12	eh	eh	_	_	_	_	_	linguistic	_	none	_	_	_	_	_	_
482-13	BO075	482	482	13	sì	sì	_	_	_	_	_	linguistic	_	none	_	End=880.36	_	_	_	_
483-0	BO049	483	483	0	{ride}	{ride}	_	_	_	_	_	nonverbalbehavior	_	none	_	Begin=879.61|End=880.27	_	_	_	_
484-0	BO049	484	484	0	come	come	_	_	_	_	_	linguistic	_	none	_	Begin=880.3	_	_	_	_
484-1	BO049	484	484	1	u[n	un	_	_	_	_	_	linguistic	_	none	_	_	_	_	_	1-2(?)
484-2	BO049	484	484	2	cane]	cane	_	_	_	_	_	linguistic	_	none	_	_	_	_	_	0-4(?)
484-3	BO049	484	484	3	{ride}	{ride}	_	_	_	_	_	nonverbalbehavior	_	none	_	End=881.12	_	_	_	_
485-0	BO075	485	485	0	[poi	poi	_	_	_	_	_	linguistic	_	none	_	Begin=880.62	_	_	_	0-3(120)
485-1	BO075	485	485	1	vabbè	vabbè	_	_	_	_	_	linguistic	_	none	_	_	_	_	_	0-5(120)
485-2	BO075	485	485	2	io:]	io	_	_	_	_	_	linguistic	_	none	_	_	1x1	_	_	0-2(120)
485-3	BO075	485	485	3	ho	ho	_	_	_	_	_	linguistic	_	none	_	_	_	_	_	_
485-4	BO075	485	485	4	tredici	tredici	_	_	_	_	_	linguistic	_	none	_	_	_	_	_	_
485-5	BO075	485	485	5	anni	anni	_	_	_	_	_	linguistic	_	none	_	_	_	_	_	_
485-6	BO075	485	485	6	di	di	_	_	_	_	_	linguistic	_	none	_	_	_	_	_	_
485-7	BO075	485	485	7	esperienza	esperienza	_	_	_	_	_	linguistic	_	none	_	_	_	_	_	_
485-8	BO075	485	485	8	di	di	_	_	_	_	_	linguistic	_	none	_	_	_	_	_	_
485-9	BO075	485	485	9	scoutismo	scoutismo	_	_	_	_	_	linguistic	_	none	_	_	_	_	_	_
485-10	BO075	485	485	10	quin[di	quindi	_	_	_	_	_	linguistic	_	none	ProsodicLink=Yes	_	_	_	_	4-6(121)
485-11	BO075	485	485	11	e:h]	eh	_	_	_	_	_	linguistic	_	none	_	End=883.18	0x1	_	_	0-2(121)
486-0	BO049	486	486	0	[no	no	_	_	_	_	_	linguistic	_	none	_	Begin=883.06	_	_	_	0-2(?)
486-1	BO049	486	486	1	quindi	quindi	_	_	_	_	_	linguistic	_	none	_	_	_	_	_	0-6(?)
486-2	BO049	486	486	2	stai	stai	_	_	_	_	_	linguistic	_	none	_	_	_	_	_	0-4(?)
486-3	BO049	486	486	3	abituato	abituato	_	_	_	_	_	linguistic	_	none	_	_	_	_	_	0-8(?)
486-4	BO049	486	486	4	dai]	dai	_	_	_	_	_	linguistic	_	none	_	End=884.79	_	_	_	0-3(?)
487-0	BO075	487	487	0	[°ci	ci	_	_	_	_	_	linguistic	_	none	Volume=low	Begin=883.2	_	_	_	0-2(122)
487-1	BO075	487	487	1	sta.	sta	_	_	_	_	_	linguistic	_	none	Intonation=Falling|Volume=low	_	_	_	_	0-3(122)
487-2	BO075	487	487	2	sì	sì	_	_	_	_	_	linguistic	_	none	Volume=low	_	_	_	_	0-2(122)
487-3	BO075	487	487	3	e::h°	eh	_	_	_	_	_	linguistic	_	none	Volume=low	_	0x2	_	_	0-2(122)
487-4	BO075	487	487	4	sono	sono	_	_	_	_	_	linguistic	_	none	_	_	_	_	_	0-4(122)
487-5	BO075	487	487	5	abituato]	abituato	_	_	_	_	_	linguistic	_	none	_	_	_	_	_	0-8(122)
487-6	BO075	487	487	6	a	a	_	_	_	_	_	linguistic	_	none	_	_	_	_	_	_
487-7	BO075	487	487	7	dormire	dormire	_	_	_	_	_	linguistic	_	none	_	_	_	_	_	_
487-8	BO075	487	487	8	sotto	sotto	_	_	_	_	_	linguistic	_	none	_	_	_	_	_	_
487-9	BO075	487	487	9	i	i	_	_	_	_	_	linguistic	_	none	_	_	_	_	_	_
487-10	BO075	487	487	10	tavoli	tavoli	_	_	_	_	_	linguistic	_	none	_	_	_	_	_	_
487-11	BO075	487	487	11	e:::h	eh	_	_	_	_	_	linguistic	_	none	ProsodicLink=Yes	_	0x3	_	_	_
487-12	BO075	487	487	12	m::h	mh	_	_	_	_	_	linguistic	_	none	_	End=886.77	0x2	_	_	_
488-0	BO075	488	488	0	poi	poi	_	_	_	_	_	linguistic	_	none	_	Begin=888.23	_	_	_	_
488-1	BO075	488	488	1	eh	eh	_	_	_	_	_	linguistic	_	none	ProsodicLink=Yes	_	_	_	_	_
488-2	BO075	488	488	2	m:::h	mh	_	_	_	_	_	linguistic	_	none	_	End=889.72	0x3	_	_	_
489-0	BO075	489	489	0	poi	poi	_	_	_	_	_	linguistic	_	none	_	Begin=890.01	_	_	_	_
489-1	BO075	489	489	1	io	io	_	_	_	_	_	linguistic	_	none	_	_	_	_	_	_
489-2	BO075	489	489	2	sì	sì	_	_	_	_	_	linguistic	_	none	_	_	_	_	_	_
489-3	BO075	489	489	3	poi	poi	_	_	_	_	_	linguistic	_	none	_	_	_	_	_	_
489-4	BO075	489	489	4	ho	ho	_	_	_	_	_	linguistic	_	none	_	_	_	_	_	_
489-5	BO075	489	489	5	trovato	trovato	_	_	_	_	_	linguistic	_	none	_	_	_	_	_	_
489-6	BO075	489	489	6	casa	casa	_	_	_	_	_	linguistic	_	none	_	_	_	_	_	_
489-7	BO075	489	489	7	a	a	_	_	_	_	_	linguistic	_	none	_	_	_	_	_	_
489-8	BO075	489	489	8	wood	wood	_	_	_	_	_	linguistic	_	none	_	_	_	_	_	_
489-9	BO075	489	489	9	green,	green	_	_	_	_	_	linguistic	_	none	Intonation=WeaklyRising	End=892.59	_	_	_	_
490-0	BO075	490	490	0	e:h	eh	_	_	_	_	_	linguistic	_	none	ProsodicLink=Yes	Begin=892.745	0x1	_	_	_
490-1	BO075	490	490	1	m:::h	mh	_	_	_	_	_	linguistic	_	none	_	End=893.8	0x3	_	_	_
491-0	BO075	491	491	0	e	e	_	_	_	_	_	linguistic	_	none	_	Begin=894.07	_	_	_	_
491-1	BO075	491	491	1	là	là	_	_	_	_	_	linguistic	_	none	_	_	_	_	_	_
491-2	BO075	491	491	2	vivevo	vivevo	_	_	_	_	_	linguistic	_	none	_	_	_	_	_	_
491-3	BO075	491	491	3	con	con	_	_	_	_	_	linguistic	_	none	_	_	_	_	_	_
491-4	BO075	491	491	4	e:::h	eh	_	_	_	_	_	linguistic	_	none	_	End=895.84	0x3	_	_	_
492-0	BO075	492	492	0	c'	c'	_	_	_	_	_	linguistic	_	none	SpaceAfter=No	Begin=895.995	_	_	_	_
492-1	BO075	492	492	1	era	era	_	_	_	_	_	linguistic	_	none	PauseAfter=Yes	_	_	_	_	_
492-2	BO075	492	492	2	{P}	{P}	_	_	_	_	_	shortpause	_	none	_	_	_	_	_	_
492-3	BO075	492	492	3	ne	ne	_	_	_	_	_	linguistic	_	none	_	_	_	_	_	_
492-4	BO075	492	492	4	son	son	_	_	_	_	_	linguistic	_	none	_	_	_	_	_	_
492-5	BO075	492	492	5	passati	passati	_	_	_	_	_	linguistic	_	none	_	_	_	_	_	_
492-6	BO075	492	492	6	duemila	duemila	_	_	_	_	_	linguistic	_	none	_	End=897.98	_	_	_	_
493-0	BO075	493	493	0	(eh	eh	_	_	_	_	_	linguistic	_	none	_	Begin=898.03	_	_	0-2(0)	_
493-1	BO075	493	493	1	la)	la	_	_	_	_	_	linguistic	_	none	_	_	_	_	0-2(0)	_
493-2	BO075	493	493	2	seconda	seconda	_	_	_	_	_	linguistic	_	none	_	_	_	_	_	_
493-3	BO075	493	493	3	casa	casa	_	_	_	_	_	linguistic	_	none	_	_	_	_	_	_
493-4	BO075	493	493	4	vivevo	vivevo	_	_	_	_	_	linguistic	_	none	_	_	_	_	_	_
493-5	BO075	493	493	5	con	con	_	_	_	_	_	linguistic	_	none	_	_	_	_	_	_
493-6	BO075	493	493	6	tre	tre	_	_	_	_	_	linguistic	_	none	_	_	_	_	_	_
493-7	BO075	493	493	7	giapponesi	giapponesi	_	_	_	_	_	linguistic	_	none	_	_	_	_	_	_
493-8	BO075	493	493	8	e	e	_	_	_	_	_	linguistic	_	none	_	_	_	_	_	_
493-9	BO075	493	493	9	un	un	_	_	_	_	_	linguistic	_	none	_	_	_	_	_	_
493-10	BO075	493	493	10	donnona:	donnona	_	_	_	_	_	linguistic	_	none	_	End=901.26	6x1	_	_	_
494-0	BO075	494	494	0	eh	eh	_	_	_	_	_	linguistic	_	none	ProsodicLink=Yes	Begin=901.59	_	_	_	_
494-1	BO075	494	494	1	m:::h	mh	_	_	_	_	_	linguistic	_	none	ProsodicLink=Yes	_	0x3	_	_	_
494-2	BO075	494	494	2	e:h	eh	_	_	_	_	_	linguistic	_	none	_	End=903.09	0x1	_	_	_
495-0	BO075	495	495	0	africana	africana	_	_	_	_	_	linguistic	_	none	PauseAfter=Yes	Begin=903.19	_	_	_	_
495-1	BO075	495	495	1	{P}	{P}	_	_	_	_	_	shortpause	_	none	_	_	_	_	_	_
495-2	BO075	495	495	2	di	di	_	_	_	_	_	linguistic	_	none	_	_	_	_	_	_
495-3	BO075	495	495	3	del	del	_	_	_	_	_	linguistic	_	none	_	_	_	_	_	_
495-4	BO075	495	495	4	centr'	centr'	_	_	_	_	_	linguistic	_	none	Truncated=Yes	_	_	_	_	_
495-5	BO075	495	495	5	africa	africa	_	_	_	_	_	linguistic	_	none	_	End=905.48	_	_	_	_
496-0	BO075	496	496	0	non	non	_	_	_	_	_	linguistic	_	none	_	Begin=905.94	_	_	_	_
496-1	BO075	496	496	1	mi	mi	_	_	_	_	_	linguistic	_	none	_	_	_	_	_	_
496-2	BO075	496	496	2	ricordo	ricordo	_	_	_	_	_	linguistic	_	none	_	_	_	_	_	_
496-3	BO075	496	496	3	di	di	_	_	_	_	_	linguistic	_	none	_	_	_	_	_	_
496-4	BO075	496	496	4	dove	dove	_	_	_	_	_	linguistic	_	none	_	_	_	_	_	_
496-5	BO075	496	496	5	un	un	_	_	_	_	_	linguistic	_	none	PauseAfter=Yes	_	_	_	_	_
496-6	BO075	496	496	6	{P}	{P}	_	_	_	_	_	shortpause	_	none	_	_	_	_	_	_
496-7	BO075	496	496	7	enorme	enorme	_	_	_	_	_	linguistic	_	none	_	_	_	_	_	_
496-8	BO075	496	496	8	era	era	_	_	_	_	_	linguistic	_	none	_	_	_	_	_	_
496-9	BO075	496	496	9	più	più	_	_	_	_	_	linguistic	_	none	_	_	_	_	_	_
496-10	BO075	496	496	10	alta	alta	_	_	_	_	_	linguistic	_	none	_	_	_	_	_	_
496-11	BO075	496	496	11	di	di	_	_	_	_	_	linguistic	_	none	_	_	_	_	_	_
496-12	BO075	496	496	12	me	me	_	_	_	_	_	linguistic	_	none	_	_	_	_	_	_
496-13	BO075	496	496	13	più	più	_	_	_	_	_	linguistic	_	none	_	End=908.94	_	_	_	_
497-0	BO049	497	497	0	sì	sì	_	_	_	_	_	linguistic	_	none	_	Begin=908.97|End=909.38	_	_	_	_
498-0	BO075	498	498	0	gigante[sca	gigantesca	_	_	_	_	_	linguistic	_	none	_	Begin=909.45	_	_	_	7-10(123)
498-1	BO075	498	498	1	eh	eh	_	_	_	_	_	linguistic	_	none	_	_	_	_	_	0-2(123)
498-2	BO075	498	498	2	sembrava]	sembrava	_	_	_	_	_	linguistic	_	none	_	_	_	_	_	0-8(123)
498-3	BO075	498	498	3	una:	una	_	_	_	_	_	linguistic	_	none	_	_	2x1	_	_	_
498-4	BO075	498	498	4	una	una	_	_	_	_	_	linguistic	_	none	_	_	_	_	_	_
498-5	BO075	498	498	5	sciamana	sciamana	_	_	_	_	_	linguistic	_	none	PauseAfter=Yes	_	_	_	_	_
498-6	BO075	498	498	6	{P}	{P}	_	_	_	_	_	shortpause	_	none	_	_	_	_	_	_
498-7	BO075	498	498	7	tipo	tipo	_	_	_	_	_	linguistic	_	none	_	End=912.96	_	_	_	_
499-0	BO049	499	499	0	[vacca	vacca	_	_	_	_	_	linguistic	_	none	_	Begin=910.15	_	_	_	0-5(123)
499-1	BO049	499	499	1	boia]	boia	_	_	_	_	_	linguistic	_	none	_	End=910.85	_	_	_	0-4(123)
500-0	BO075	500	500	0	e:h	eh	_	_	_	_	_	linguistic	_	none	ProsodicLink=Yes	Begin=913.56	0x1	_	_	_
500-1	BO075	500	500	1	m::h	mh	_	_	_	_	_	linguistic	_	none	_	End=914.79	0x2	_	_	_
501-0	BO075	501	501	0	mentre	mentre	_	_	_	_	_	linguistic	_	none	_	Begin=915.4	_	_	_	_
501-1	BO075	501	501	1	la	la	_	_	_	_	_	linguistic	_	none	_	_	_	_	_	_
501-2	BO075	501	501	2	prima	prima	_	_	_	_	_	linguistic	_	none	_	_	_	_	_	_
501-3	BO075	501	501	3	casa	casa	_	_	_	_	_	linguistic	_	none	_	_	_	_	_	_
501-4	BO075	501	501	4	c'	c'	_	_	_	_	_	linguistic	_	none	SpaceAfter=No	_	_	_	_	_
501-5	BO075	501	501	5	era	era	_	_	_	_	_	linguistic	_	none	_	_	_	_	_	_
501-6	BO075	501	501	6	un	un	_	_	_	_	_	linguistic	_	none	_	_	_	_	_	_
501-7	BO075	501	501	7	albanese	albanese	_	_	_	_	_	linguistic	_	none	_	_	_	_	_	_
501-8	BO075	501	501	8	un	un	_	_	_	_	_	linguistic	_	none	_	_	_	_	_	_
501-9	BO075	501	501	9	austaliano,	austaliano	_	_	_	_	_	linguistic	_	none	Intonation=WeaklyRising	End=918.22	_	_	_	_
502-0	BO075	502	502	0	che	che	_	_	_	_	_	linguistic	_	none	_	Begin=918.36	_	_	_	_
502-1	BO075	502	502	1	ascoltava	ascoltava	_	_	_	_	_	linguistic	_	none	_	_	_	_	_	_
502-2	BO075	502	502	2	i	i	_	_	_	_	_	linguistic	_	none	_	_	_	_	_	_
502-3	BO075	502	502	3	xx	xx	_	_	_	_	_	unknown	_	none	Syllables=2	_	_	_	_	_
502-4	BO075	502	502	4	xx	xx	_	_	_	_	_	unknown	_	none	Syllables=2	_	_	_	_	_
502-5	BO075	502	502	5	tra	tra	_	_	_	_	_	linguistic	_	none	_	_	_	_	_	_
502-6	BO075	502	502	6	l'	l'	_	_	_	_	_	linguistic	_	none	SpaceAfter=No	_	_	_	_	_
502-7	BO075	502	502	7	altro	altro	_	_	_	_	_	linguistic	_	none	_	End=920.31	_	_	_	_
503-0	BO049	503	503	0	{ride}	{ride}	_	_	_	_	_	nonverbalbehavior	_	none	_	Begin=919.96|End=920.66	_	_	_	_
504-0	BO049	504	504	0	grande	grande	_	_	_	_	_	linguistic	_	none	_	Begin=920.675	_	_	_	_
504-1	BO049	504	504	1	{ride}	{ride}	_	_	_	_	_	nonverbalbehavior	_	none	_	End=921.168	_	_	_	_
505-0	BO075	505	505	0	grandissimo	grandissimo	_	_	_	_	_	linguistic	_	none	_	Begin=921.168|End=922.23	_	_	_	_
506-0	BO075	506	506	0	e:::h	eh	_	_	_	_	_	linguistic	_	none	_	Begin=922.31|End=923.3	0x3	_	_	_
507-0	BO075	507	507	0	albanese	albanese	_	_	_	_	_	linguistic	_	none	_	Begin=923.36	_	_	_	_
507-1	BO075	507	507	1	australiano	australiano	_	_	_	_	_	linguistic	_	none	_	_	_	_	_	_
507-2	BO075	507	507	2	e	e	_	_	_	_	_	linguistic	_	none	_	_	_	_	_	_
507-3	BO075	507	507	3	e	e	_	_	_	_	_	linguistic	_	none	_	_	_	_	_	_
507-4	BO075	507	507	4	l'	l'	_	_	_	_	_	linguistic	_	none	SpaceAfter=No	_	_	_	_	_
507-5	BO075	507	507	5	altra	altra	_	_	_	_	_	linguistic	_	none	_	_	_	_	_	_
507-6	BO075	507	507	6	era	era	_	_	_	_	_	linguistic	_	none	_	_	_	_	_	_
507-7	BO075	507	507	7	sp~	sp~	_	_	_	_	_	linguistic	_	none	Interrupted=Yes	_	_	_	_	_
507-8	BO075	507	507	8	spagnola,	spagnola	_	_	_	_	_	linguistic	_	none	Intonation=WeaklyRising	End=927.03	_	_	_	_
508-0	BO075	508	508	0	e::h	eh	_	_	_	_	_	linguistic	_	none	_	Begin=927.77	0x2	_	_	_
508-1	BO075	508	508	1	non	non	_	_	_	_	_	linguistic	_	none	_	_	_	_	_	_
508-2	BO075	508	508	2	mi	mi	_	_	_	_	_	linguistic	_	none	_	_	_	_	_	_
508-3	BO075	508	508	3	ricordo	ricordo	_	_	_	_	_	linguistic	_	none	_	End=929.28	_	_	_	_
509-0	BO075	509	509	0	l'	l'	_	_	_	_	_	linguistic	_	none	SpaceAfter=No	Begin=929.63	_	_	_	_
509-1	BO075	509	509	1	albanese	albanese	_	_	_	_	_	linguistic	_	none	_	_	_	_	_	_
509-2	BO075	509	509	2	era	era	_	_	_	_	_	linguistic	_	none	_	_	_	_	_	_
509-3	BO075	509	509	3	uguale	uguale	_	_	_	_	_	linguistic	_	none	_	_	_	_	_	_
509-4	BO075	509	509	4	a	a	_	_	_	_	_	linguistic	_	none	_	_	_	_	_	_
509-5	BO075	509	509	5	ian	ian	_	_	_	_	_	linguistic	_	none	_	_	_	_	_	_
509-6	BO075	509	509	6	curtis	curtis	_	_	_	_	_	linguistic	_	none	_	_	_	_	_	_
509-7	BO075	509	509	7	dei	dei	_	_	_	_	_	linguistic	_	none	_	_	_	_	_	_
509-8	BO075	509	509	8	joy	joy	_	_	_	_	_	linguistic	_	none	_	_	_	_	_	_
509-9	BO075	509	509	9	division	division	_	_	_	_	_	linguistic	_	none	_	End=932.11	_	_	_	_
510-0	BO075	510	510	0	ed	ed	_	_	_	_	_	linguistic	_	none	_	Begin=932.135	_	_	_	_
510-1	BO075	510	510	1	è	è	_	_	_	_	_	linguistic	_	none	_	_	_	_	_	_
510-2	BO075	510	510	2	>beh	beh	_	_	_	_	_	linguistic	_	none	_	_	_	Fast=0-3(0)	_	_
510-3	BO075	510	510	3	io	io	_	_	_	_	_	linguistic	_	none	_	_	_	Fast=0-2(0)	_	_
510-4	BO075	510	510	4	una	una	_	_	_	_	_	linguistic	_	none	_	_	_	Fast=0-3(0)	_	_
510-5	BO075	510	510	5	volta	volta	_	_	_	_	_	linguistic	_	none	_	_	_	Fast=0-5(0)	_	_
510-6	BO075	510	510	6	tra	tra	_	_	_	_	_	linguistic	_	none	_	_	_	Fast=0-3(0)	_	_
510-7	BO075	510	510	7	l'	l'	_	_	_	_	_	linguistic	_	none	SpaceAfter=No	_	_	Fast=0-2(0)	_	_
510-8	BO075	510	510	8	altro<	altro	_	_	_	_	_	linguistic	_	none	_	_	_	Fast=0-5(0)	_	_
510-9	BO075	510	510	9	mi	mi	_	_	_	_	_	linguistic	_	none	_	_	_	_	_	_
510-10	BO075	510	510	10	ricordo	ricordo	_	_	_	_	_	linguistic	_	none	_	_	_	_	_	_
510-11	BO075	510	510	11	che	che	_	_	_	_	_	linguistic	_	none	_	_	_	_	_	_
510-12	BO075	510	510	12	glie	glie	_	_	_	_	_	linguistic	_	none	_	_	_	_	_	_
510-13	BO075	510	510	13	l'	l'	_	_	_	_	_	linguistic	_	none	SpaceAfter=No	_	_	_	_	_
510-14	BO075	510	510	14	ho	ho	_	_	_	_	_	linguistic	_	none	_	_	_	_	_	_
510-15	BO075	510	510	15	chiesto	chiesto	_	_	_	_	_	linguistic	_	none	_	End=934.7	_	_	_	_
511-0	BO075	511	511	0	e	e	_	_	_	_	_	linguistic	_	none	_	Begin=934.87	_	_	_	_
511-1	BO075	511	511	1	siamo	siamo	_	_	_	_	_	linguistic	_	none	_	_	_	_	_	_
511-2	BO075	511	511	2	usciti	usciti	_	_	_	_	_	linguistic	_	none	_	_	_	_	_	_
511-3	BO075	511	511	3	a:	a	_	_	_	_	_	linguistic	_	none	_	_	0x1	_	_	_
511-4	BO075	511	511	4	>fumare	fumare	_	_	_	_	_	linguistic	_	none	_	_	_	Fast=0-6(0)	_	_
511-5	BO075	511	511	5	una	una	_	_	_	_	_	linguistic	_	none	_	_	_	Fast=0-3(0)	_	_
511-6	BO075	511	511	6	sigaretta	sigaretta	_	_	_	_	_	linguistic	_	none	_	_	_	Fast=0-9(0)	_	_
511-7	BO075	511	511	7	fuori	fuori	_	_	_	_	_	linguistic	_	none	_	_	_	Fast=0-5(0)	_	_
511-8	BO075	511	511	8	dalla	dalla	_	_	_	_	_	linguistic	_	none	_	_	_	Fast=0-5(0)	_	_
511-9	BO075	511	511	9	casa	casa	_	_	_	_	_	linguistic	_	none	_	_	_	Fast=0-4(0)	_	_
511-10	BO075	511	511	10	ma	ma	_	_	_	_	_	linguistic	_	none	_	_	_	Fast=0-2(0)	_	_
511-11	BO075	511	511	11	non	non	_	_	_	_	_	linguistic	_	none	_	_	_	Fast=0-3(0)	_	_
511-12	BO075	511	511	12	sapeva	sapeva	_	_	_	_	_	linguistic	_	none	_	_	_	Fast=0-6(0)	_	_
511-13	BO075	511	511	13	chi	chi	_	_	_	_	_	linguistic	_	none	_	_	_	Fast=0-3(0)	_	_
511-14	BO075	511	511	14	era<	era	_	_	_	_	_	linguistic	_	none	_	_	_	Fast=0-3(0)	_	_
511-15	BO075	511	511	15	ian	ian	_	_	_	_	_	linguistic	_	none	_	_	_	_	_	_
511-16	BO075	511	511	16	curtis	curtis	_	_	_	_	_	linguistic	_	none	_	End=938.53	_	_	_	_
512-0	BO049	512	512	0	beh	beh	_	_	_	_	_	linguistic	_	none	_	Begin=938.82	_	_	_	_
512-1	BO049	512	512	1	vabbè	vabbè	_	_	_	_	_	linguistic	_	none	_	_	_	_	_	_
512-2	BO049	512	512	2	glie	glie	_	_	_	_	_	linguistic	_	none	_	_	_	_	_	_
512-3	BO049	512	512	3	l'	l'	_	_	_	_	_	linguistic	_	none	SpaceAfter=No	_	_	_	_	_
512-4	BO049	512	512	4	[avrai	avrai	_	_	_	_	_	linguistic	_	none	_	_	_	_	_	0-5(124)
512-5	BO049	512	512	5	fatto	fatto	_	_	_	_	_	linguistic	_	none	_	_	_	_	_	0-5(124)
512-6	BO049	512	512	6	vedere],	vedere	_	_	_	_	_	linguistic	_	none	Intonation=WeaklyRising	End=940.45	_	_	_	0-6(124)
513-0	BO075	513	513	0	[e::h]	eh	_	_	_	_	_	linguistic	_	none	_	Begin=939.51|End=940.22	0x2	_	_	0-2(124)
514-0	BO075	514	514	0	no	no	_	_	_	_	_	linguistic	_	none	PauseAfter=Yes	Begin=940.86	_	_	_	_
514-1	BO075	514	514	1	{P}	{P}	_	_	_	_	_	shortpause	_	none	_	_	_	_	_	_
514-2	BO075	514	514	2	[no].	no	_	_	_	_	_	linguistic	_	none	Intonation=Falling	End=941.63	_	_	_	0-2(125)
515-0	BO049	515	515	0	[(non)	non	_	_	_	_	_	linguistic	_	none	_	Begin=941.185	_	_	0-3(0)	0-3(125)
515-1	BO049	515	515	1	s~]	s~	_	_	_	_	_	linguistic	_	none	Interrupted=Yes	_	_	_	_	0-2(125)
515-2	BO049	515	515	2	ah:.	ah	_	_	_	_	_	linguistic	_	none	Intonation=Falling	End=942.03	1x1	_	_	_
516-0	BO049	516	516	0	>perché	perché	_	_	_	_	_	linguistic	_	none	_	Begin=942.23	_	Fast=0-6(0)	_	_
516-1	BO049	516	516	1	se	se	_	_	_	_	_	linguistic	_	none	_	_	_	Fast=0-2(0)	_	_
516-2	BO049	516	516	2	no	no	_	_	_	_	_	linguistic	_	none	_	_	_	Fast=0-2(0)	_	_
516-3	BO049	516	516	3	magari	magari	_	_	_	_	_	linguistic	_	none	_	_	_	Fast=0-6(0)	_	_
516-4	BO049	516	516	4	[si	si	_	_	_	_	_	linguistic	_	none	_	_	_	Fast=0-2(0)	_	0-2(126)
516-5	BO049	516	516	5	sarebbe<]	sarebbe	_	_	_	_	_	linguistic	_	none	_	End=943.51	_	Fast=0-7(0)	_	0-7(126)
517-0	BO075	517	517	0	[eh	eh	_	_	_	_	_	linguistic	_	none	_	Begin=942.77	_	_	_	0-2(126)
517-1	BO075	517	517	1	avevo	avevo	_	_	_	_	_	linguistic	_	none	_	_	_	_	_	0-5(126)
517-2	BO075	517	517	2	un	un	_	_	_	_	_	linguistic	_	none	_	_	_	_	_	0-2(126)
517-3	BO075	517	517	3	cellula]re	cellulare	_	_	_	_	_	linguistic	_	none	_	_	_	_	_	0-7(126)
517-4	BO075	517	517	4	di	di	_	_	_	_	_	linguistic	_	none	_	_	_	_	_	_
517-5	BO075	517	517	5	merda	merda	_	_	_	_	_	linguistic	_	none	_	_	_	_	_	_
517-6	BO075	517	517	6	all'	all'	_	_	_	_	_	linguistic	_	none	SpaceAfter=No	_	_	_	_	_
517-7	BO075	517	517	7	[epoca]	epoca	_	_	_	_	_	linguistic	_	none	_	End=944.84	_	_	_	0-5(127)
518-0	BO049	518	518	0	[ah	ah	_	_	_	_	_	linguistic	_	none	_	Begin=944.32	_	_	_	0-2(127)
518-1	BO049	518	518	1	sì].	sì	_	_	_	_	_	linguistic	_	none	Intonation=Falling	_	_	_	_	0-2(127)
518-2	BO049	518	518	2	{ride}	{ride}	_	_	_	_	_	nonverbalbehavior	_	none	_	End=944.97	_	_	_	_
519-0	BO075	519	519	0	e:::h	eh	_	_	_	_	_	linguistic	_	none	_	Begin=945.33|End=946.3	0x3	_	_	_
520-0	BO049	520	520	0	{ride}	{ride}	_	_	_	_	_	nonverbalbehavior	_	none	_	Begin=945.88|End=946.36	_	_	_	_
521-0	BO049	521	521	0	beh	beh	_	_	_	_	_	linguistic	_	none	_	Begin=946.36	_	_	_	_
521-1	BO049	521	521	1	ci	ci	_	_	_	_	_	linguistic	_	none	_	_	_	_	_	_
521-2	BO049	521	521	2	sta	sta	_	_	_	_	_	linguistic	_	none	_	End=947.2	_	_	_	_
522-0	BO075	522	522	0	e	e	_	_	_	_	_	linguistic	_	none	_	Begin=947.24	_	_	_	_
522-1	BO075	522	522	1	niente	niente	_	_	_	_	_	linguistic	_	none	_	End=947.88	_	_	_	_
523-0	BO049	523	523	0	fig[o]	figo	_	_	_	_	_	linguistic	_	none	_	Begin=947.958|End=948.5	_	_	_	3-4(128)
524-0	BO075	524	524	0	[e]::h	eh	_	_	_	_	_	linguistic	_	none	_	Begin=948.37|End=948.92	0x2	_	_	0-1(128)
525-0	BO049	525	525	0	e	e	_	_	_	_	_	linguistic	_	none	_	Begin=948.93	_	_	_	_
525-1	BO049	525	525	1	come	come	_	_	_	_	_	linguistic	_	none	_	_	_	_	_	_
525-2	BO049	525	525	2	ti	ti	_	_	_	_	_	linguistic	_	none	_	_	_	_	_	_
525-3	BO049	525	525	3	sei	sei	_	_	_	_	_	linguistic	_	none	_	_	_	_	_	_
525-4	BO049	525	525	4	trovato:	trovato	_	_	_	_	_	linguistic	_	none	_	_	6x1	_	_	_
525-5	BO049	525	525	5	in	in	_	_	_	_	_	linguistic	_	none	_	_	_	_	_	_
525-6	BO049	525	525	6	queste	queste	_	_	_	_	_	linguistic	_	none	_	_	_	_	_	_
525-7	BO049	525	525	7	case:	case	_	_	_	_	_	linguistic	_	none	ProsodicLink=Yes	_	3x1	_	_	_
525-8	BO049	525	525	8	mh,	mh	_	_	_	_	_	linguistic	_	none	Intonation=WeaklyRising	End=951.33	_	_	_	_
526-0	BO049	526	526	0	con	con	_	_	_	_	_	linguistic	_	none	_	Begin=951.66	_	_	_	_
526-1	BO049	526	526	1	i	i	_	_	_	_	_	linguistic	_	none	_	_	_	_	_	_
526-2	BO049	526	526	2	tuoi	tuoi	_	_	_	_	_	linguistic	_	none	_	_	_	_	_	_
526-3	BO049	526	526	3	coinquilini:,	coinquilini	_	_	_	_	_	linguistic	_	none	Intonation=WeaklyRising	End=953.36	10x1	_	_	_
527-0	BO075	527	527	0	[e::h]	eh	_	_	_	_	_	linguistic	_	none	_	Begin=953.93|End=954.5	0x2	_	_	0-2(129)
528-0	BO049	528	528	0	[erano	erano	_	_	_	_	_	linguistic	_	none	_	Begin=953.945	_	_	_	0-5(129)
528-1	BO049	528	528	1	or]dinati	ordinati	_	_	_	_	_	linguistic	_	none	_	_	_	_	_	0-2(129)
528-2	BO049	528	528	2	oppure	oppure	_	_	_	_	_	linguistic	_	none	_	_	_	_	_	_
528-3	BO049	528	528	3	{ride}	{ride}	_	_	_	_	_	nonverbalbehavior	_	none	_	End=955.75	_	_	_	_
529-0	BO075	529	529	0	ma	ma	_	_	_	_	_	linguistic	_	none	PauseAfter=Yes	Begin=955.753	_	_	_	_
529-1	BO075	529	529	1	{P}	{P}	_	_	_	_	_	shortpause	_	none	_	_	_	_	_	_
529-2	BO075	529	529	2	[allora]	allora	_	_	_	_	_	linguistic	_	none	_	End=956.98	_	_	_	0-6(130)
530-0	BO049	530	530	0	[pulivi	pulivi	_	_	_	_	_	linguistic	_	none	_	Begin=956.39	_	_	_	0-6(130)
530-1	BO049	530	530	1	anche]	anche	_	_	_	_	_	linguistic	_	none	_	_	_	_	_	0-5(130)
530-2	BO049	530	530	2	le	le	_	_	_	_	_	linguistic	_	none	_	_	_	_	_	_
530-3	BO049	530	530	3	loro	loro	_	_	_	_	_	linguistic	_	none	_	_	_	_	_	_
530-4	BO049	530	530	4	sta:nze	stanze	_	_	_	_	_	linguistic	_	none	_	End=958.15	2x1	_	_	_
531-0	BO075	531	531	0	eh	eh	_	_	_	_	_	linguistic	_	none	_	Begin=958.2	_	_	_	_
531-1	BO075	531	531	1	no	no	_	_	_	_	_	linguistic	_	none	_	_	_	_	_	_
531-2	BO075	531	531	2	{ride}	{ride}	_	_	_	_	_	nonverbalbehavior	_	none	_	End=959.19	_	_	_	_
532-0	BO075	532	532	0	no	no	_	_	_	_	_	linguistic	_	none	_	Begin=959.278	_	_	_	_
532-1	BO075	532	532	1	[no	no	_	_	_	_	_	linguistic	_	none	_	_	_	_	_	0-2(131)
532-2	BO075	532	532	2	in	in	_	_	_	_	_	linguistic	_	none	_	_	_	_	_	0-2(131)
532-3	BO075	532	532	3	real]tà	realtà	_	_	_	_	_	linguistic	_	none	_	_	_	_	_	0-4(131)
532-4	BO075	532	532	4	no	no	_	_	_	_	_	linguistic	_	none	_	End=960.91	_	_	_	_
533-0	BO049	533	533	0	[co:me]	come	_	_	_	_	_	linguistic	_	none	_	Begin=959.79|End=960.42	1x1	_	_	0-4(131)
534-0	BO049	534	534	0	{ride}	{ride}	_	_	_	_	_	nonverbalbehavior	_	none	_	Begin=960.52|End=961.33	_	_	_	_
535-0	BO075	535	535	0	perché	perché	_	_	_	_	_	linguistic	_	none	_	Begin=960.978	_	_	_	_
535-1	BO075	535	535	1	s~	s~	_	_	_	_	_	linguistic	_	none	Interrupted=Yes	_	_	_	_	_
535-2	BO075	535	535	2	eran	eran	_	_	_	_	_	linguistic	_	none	_	_	_	_	_	_
535-3	BO075	535	535	3	tutti	tutti	_	_	_	_	_	linguistic	_	none	_	_	_	_	_	_
535-4	BO075	535	535	4	un	un	_	_	_	_	_	linguistic	_	none	_	_	_	_	_	_
535-5	BO075	535	535	5	po'	po'	_	_	_	_	_	linguistic	_	none	_	_	_	_	_	_
535-6	BO075	535	535	6	chiusi	chiusi	_	_	_	_	_	linguistic	_	none	_	_	_	_	_	_
535-7	BO075	535	535	7	[m::h	mh	_	_	_	_	_	linguistic	_	none	_	_	0x2	_	_	0-2(132)
535-8	BO075	535	535	8	eh]	eh	_	_	_	_	_	linguistic	_	none	ProsodicLink=Yes	_	_	_	_	0-2(132)
535-9	BO075	535	535	9	m::h	mh	_	_	_	_	_	linguistic	_	none	_	End=964.14	0x2	_	_	_
536-0	BO049	536	536	0	[mh].	mh	_	_	_	_	_	linguistic	_	none	Intonation=Falling	Begin=962.99|End=963.53	_	_	_	0-2(132)
537-0	BO075	537	537	0	poi	poi	_	_	_	_	_	linguistic	_	none	_	Begin=964.18	_	_	_	_
537-1	BO075	537	537	1	ognuno	ognuno	_	_	_	_	_	linguistic	_	none	_	_	_	_	_	_
537-2	BO075	537	537	2	c'	c'	_	_	_	_	_	linguistic	_	none	SpaceAfter=No	_	_	_	_	_
537-3	BO075	537	537	3	aveva	aveva	_	_	_	_	_	linguistic	_	none	_	_	_	_	_	_
537-4	BO075	537	537	4	i:	i	_	_	_	_	_	linguistic	_	none	_	_	0x1	_	_	_
537-5	BO075	537	537	5	suoi	suoi	_	_	_	_	_	linguistic	_	none	_	_	_	_	_	_
537-6	BO075	537	537	6	cazzi	cazzi	_	_	_	_	_	linguistic	_	none	_	_	_	_	_	_
537-7	BO075	537	537	7	a	a	_	_	_	_	_	linguistic	_	none	_	_	_	_	_	_
537-8	BO075	537	537	8	cui	cui	_	_	_	_	_	linguistic	_	none	_	_	_	_	_	_
537-9	BO075	537	537	9	pensare	pensare	_	_	_	_	_	linguistic	_	none	_	End=966.73	_	_	_	_
538-0	BO075	538	538	0	la	la	_	_	_	_	_	linguistic	_	none	_	Begin=967.0	_	_	_	_
538-1	BO075	538	538	1	prima	prima	_	_	_	_	_	linguistic	_	none	_	_	_	_	_	_
538-2	BO075	538	538	2	casa	casa	_	_	_	_	_	linguistic	_	none	_	End=967.92	_	_	_	_
539-0	BO075	539	539	0	e::h	eh	_	_	_	_	_	linguistic	_	none	ProsodicLink=Yes	Begin=968.141	0x2	_	_	_
539-1	BO075	539	539	1	mh	mh	_	_	_	_	_	linguistic	_	none	PauseAfter=Yes	_	_	_	_	_
539-2	BO075	539	539	2	{P}	{P}	_	_	_	_	_	shortpause	_	none	_	_	_	_	_	_
539-3	BO075	539	539	3	aveva	aveva	_	_	_	_	_	linguistic	_	none	_	_	_	_	_	_
539-4	BO075	539	539	4	la	la	_	_	_	_	_	linguistic	_	none	_	_	_	_	_	_
539-5	BO075	539	539	5	finestra	finestra	_	_	_	_	_	linguistic	_	none	_	_	_	_	_	_
539-6	BO075	539	539	6	rotta,	rotta	_	_	_	_	_	linguistic	_	none	Intonation=WeaklyRising	End=970.61	_	_	_	_
540-0	BO075	540	540	0	quindi	quindi	_	_	_	_	_	linguistic	_	none	_	Begin=971.06	_	_	_	_
540-1	BO075	540	540	1	vivevo	vivevo	_	_	_	_	_	linguistic	_	none	_	_	_	_	_	_
540-2	BO075	540	540	2	in	in	_	_	_	_	_	linguistic	_	none	_	_	_	_	_	_
540-3	BO075	540	540	3	questa	questa	_	_	_	_	_	linguistic	_	none	_	_	_	_	_	_
540-4	BO075	540	540	4	stanza	stanza	_	_	_	_	_	linguistic	_	none	_	_	_	_	_	_
540-5	BO075	540	540	5	con:	con	_	_	_	_	_	linguistic	_	none	_	_	2x1	_	_	_
540-6	BO075	540	540	6	una	una	_	_	_	_	_	linguistic	_	none	_	_	_	_	_	_
540-7	BO075	540	540	7	una	una	_	_	_	_	_	linguistic	_	none	_	_	_	_	_	_
540-8	BO075	540	540	8	finestra	finestra	_	_	_	_	_	linguistic	_	none	_	_	_	_	_	_
540-9	BO075	540	540	9	enorme	enorme	_	_	_	_	_	linguistic	_	none	_	_	_	_	_	_
540-10	BO075	540	540	10	ma	ma	_	_	_	_	_	linguistic	_	none	_	_	_	_	_	_
540-11	BO075	540	540	11	incellophanata.	incellophanata	_	_	_	_	_	linguistic	_	none	Intonation=Falling	End=975.63	_	_	_	_
541-0	BO075	541	541	0	e:::h	eh	_	_	_	_	_	linguistic	_	none	_	Begin=975.946	0x3	_	_	_
541-1	BO075	541	541	1	quindi	quindi	_	_	_	_	_	linguistic	_	none	_	_	_	_	_	_
541-2	BO075	541	541	2	il	il	_	_	_	_	_	linguistic	_	none	_	_	_	_	_	_
541-3	BO075	541	541	3	sole	sole	_	_	_	_	_	linguistic	_	none	_	_	_	_	_	_
541-4	BO075	541	541	4	passava	passava	_	_	_	_	_	linguistic	_	none	_	_	_	_	_	_
541-5	BO075	541	541	5	però::	però	_	_	_	_	_	linguistic	_	none	_	_	3x2	_	_	_
541-6	BO075	541	541	6	offuscato.	offuscato	_	_	_	_	_	linguistic	_	none	Intonation=Falling	End=979.39	_	_	_	_
542-0	BO075	542	542	0	>ed	ed	_	_	_	_	_	linguistic	_	none	_	Begin=979.526	_	Fast=0-2(0)	_	_
542-1	BO075	542	542	1	era	era	_	_	_	_	_	linguistic	_	none	_	_	_	Fast=0-3(0)	_	_
542-2	BO075	542	542	2	piuttosto	piuttosto	_	_	_	_	_	linguistic	_	none	_	_	_	Fast=0-9(0)	_	_
542-3	BO075	542	542	3	triste<.	triste	_	_	_	_	_	linguistic	_	none	Intonation=Falling	_	_	Fast=0-6(0)	_	_
542-4	BO075	542	542	4	e	e	_	_	_	_	_	linguistic	_	none	_	_	_	_	_	_
542-5	BO075	542	542	5	i	i	_	_	_	_	_	linguistic	_	none	_	_	_	_	_	_
542-6	BO075	542	542	6	cassetti	cassetti	_	_	_	_	_	linguistic	_	none	_	_	_	_	_	_
542-7	BO075	542	542	7	erano	erano	_	_	_	_	_	linguistic	_	none	_	_	_	_	_	_
542-8	BO075	542	542	8	pieni	pieni	_	_	_	_	_	linguistic	_	none	_	_	_	_	_	_
542-9	BO075	542	542	9	di	di	_	_	_	_	_	linguistic	_	none	_	_	_	_	_	_
542-10	BO075	542	542	10	unghie	unghie	_	_	_	_	_	linguistic	_	none	_	End=982.55	_	_	_	_
543-0	BO075	543	543	0	[e:h]	eh	_	_	_	_	_	linguistic	_	none	_	Begin=982.781|End=983.34	0x1	_	_	0-2(133)
544-0	BO049	544	544	0	[xxx].	xxx	_	_	_	_	_	linguistic	_	none	Intonation=Falling	Begin=982.98	_	_	_	0-3(?)
544-1	BO049	544	544	1	{ride}	{ride}	_	_	_	_	_	nonverbalbehavior	_	none	_	End=984.04	_	_	_	_
545-0	BO075	545	545	0	[no]	no	_	_	_	_	_	linguistic	_	none	_	Begin=983.523	_	_	_	0-2(134)
545-1	BO075	545	545	1	è	è	_	_	_	_	_	linguistic	_	none	_	_	_	_	_	_
545-2	BO075	545	545	2	terribile.	terribile	_	_	_	_	_	linguistic	_	none	Intonation=Falling	_	_	_	_	_
545-3	BO075	545	545	3	questa:	questa	_	_	_	_	_	linguistic	_	none	_	_	5x1	_	_	_
545-4	BO075	545	545	4	era	era	_	_	_	_	_	linguistic	_	none	_	_	_	_	_	_
545-5	BO075	545	545	5	davvero	davvero	_	_	_	_	_	linguistic	_	none	_	_	_	_	_	_
545-6	BO075	545	545	6	terribile.	terribile	_	_	_	_	_	linguistic	_	none	Intonation=Falling	_	_	_	_	_
545-7	BO075	545	545	7	sì	sì	_	_	_	_	_	linguistic	_	none	_	_	_	_	_	_
545-8	BO075	545	545	8	sì	sì	_	_	_	_	_	linguistic	_	none	_	_	_	_	_	_
545-9	BO075	545	545	9	sì	sì	_	_	_	_	_	linguistic	_	none	_	_	_	_	_	_
545-10	BO075	545	545	10	erano	erano	_	_	_	_	_	linguistic	_	none	_	_	_	_	_	_
545-11	BO075	545	545	11	[pieni	pieni	_	_	_	_	_	linguistic	_	none	_	_	_	_	_	0-5(135)
545-12	BO075	545	545	12	di	di	_	_	_	_	_	linguistic	_	none	_	_	_	_	_	0-2(135)
545-13	BO075	545	545	13	unghie]	unghie	_	_	_	_	_	linguistic	_	none	_	End=986.86	_	_	_	0-6(135)
546-0	BO049	546	546	0	[perché	perché	_	_	_	_	_	linguistic	_	none	_	Begin=986.05	_	_	_	0-6(?)
546-1	BO049	546	546	1	erano	erano	_	_	_	_	_	linguistic	_	none	_	_	_	_	_	0-5(?)
546-2	BO049	546	546	2	pieni	pieni	_	_	_	_	_	linguistic	_	none	_	_	_	_	_	0-5(?)
546-3	BO049	546	546	3	di	di	_	_	_	_	_	linguistic	_	none	_	_	_	_	_	0-2(?)
546-4	BO049	546	546	4	unghie]?	unghie	_	_	_	_	_	linguistic	_	none	Intonation=Rising	End=987.45	_	_	_	0-6(?)
547-0	BO075	547	547	0	[eh	eh	_	_	_	_	_	linguistic	_	none	ProsodicLink=Yes	Begin=986.98	_	_	_	0-2(136)
547-1	BO075	547	547	1	m:h]	mh	_	_	_	_	_	linguistic	_	none	_	_	0x1	_	_	0-2(136)
547-2	BO075	547	547	2	>perché	perché	_	_	_	_	_	linguistic	_	none	_	_	_	Fast=0-6(0)	_	_
547-3	BO075	547	547	3	si	si	_	_	_	_	_	linguistic	_	none	_	_	_	Fast=0-2(0)	_	_
547-4	BO075	547	547	4	vede	vede	_	_	_	_	_	linguistic	_	none	_	_	_	Fast=0-4(0)	_	_
547-5	BO075	547	547	5	che	che	_	_	_	_	_	linguistic	_	none	_	_	_	Fast=0-3(0)	_	_
547-6	BO075	547	547	6	il	il	_	_	_	_	_	linguistic	_	none	_	_	_	Fast=0-2(0)	_	_
547-7	BO075	547	547	7	coinquilino	coinquilino	_	_	_	_	_	linguistic	_	none	_	_	_	Fast=0-11(0)	_	_
547-8	BO075	547	547	8	cioè	cioè	_	_	_	_	_	linguistic	_	none	_	_	_	Fast=0-4(0)	_	_
547-9	BO075	547	547	9	il	il	_	_	_	_	_	linguistic	_	none	_	_	_	Fast=0-2(0)	_	_
547-10	BO075	547	547	10	il	il	_	_	_	_	_	linguistic	_	none	_	_	_	Fast=0-2(0)	_	_
547-11	BO075	547	547	11	il	il	_	_	_	_	_	linguistic	_	none	_	_	_	Fast=0-2(0)	_	_
547-12	BO075	547	547	12	tipo	tipo	_	_	_	_	_	linguistic	_	none	_	_	_	Fast=0-4(0)	_	_
547-13	BO075	547	547	13	che	che	_	_	_	_	_	linguistic	_	none	_	_	_	Fast=0-3(0)	_	_
547-14	BO075	547	547	14	ci	ci	_	_	_	_	_	linguistic	_	none	_	_	_	Fast=0-2(0)	_	_
547-15	BO075	547	547	15	stava	stava	_	_	_	_	_	linguistic	_	none	_	_	_	Fast=0-5(0)	_	_
547-16	BO075	547	547	16	prima::<	prima	_	_	_	_	_	linguistic	_	none	_	End=990.72	4x2	Fast=0-5(0)	_	_
548-0	BO075	548	548	0	si	si	_	_	_	_	_	linguistic	_	none	_	Begin=990.98	_	_	_	_
548-1	BO075	548	548	1	è	è	_	_	_	_	_	linguistic	_	none	_	_	_	_	_	_
548-2	BO075	548	548	2	scordato	scordato	_	_	_	_	_	linguistic	_	none	_	_	_	_	_	_
548-3	BO075	548	548	3	le	le	_	_	_	_	_	linguistic	_	none	_	_	_	_	_	_
548-4	BO075	548	548	4	sue	sue	_	_	_	_	_	linguistic	_	none	_	_	_	_	_	_
548-5	BO075	548	548	5	unghie	unghie	_	_	_	_	_	linguistic	_	none	_	_	_	_	_	_
548-6	BO075	548	548	6	nei	nei	_	_	_	_	_	linguistic	_	none	_	_	_	_	_	_
548-7	BO075	548	548	7	cassetti	cassetti	_	_	_	_	_	linguistic	_	none	_	_	_	_	_	_
548-8	BO075	548	548	8	c'	c'	_	_	_	_	_	linguistic	_	none	SpaceAfter=No	_	_	_	_	_
548-9	BO075	548	548	9	è	è	_	_	_	_	_	linguistic	_	none	_	_	_	_	_	_
548-10	BO075	548	548	10	{ride}	{ride}	_	_	_	_	_	nonverbalbehavior	_	none	_	End=993.4	_	_	_	_
549-0	BO049	549	549	0	{ride}	{ride}	_	_	_	_	_	nonverbalbehavior	_	none	_	Begin=992.215|End=993.15	_	_	_	_
550-0	BO049	550	550	0	{ride}	{ride}	_	_	_	_	_	nonverbalbehavior	_	none	_	Begin=993.546	_	_	_	_
550-1	BO049	550	550	1	xxx	xxx	_	_	_	_	_	unknown	_	none	Syllables=3	End=995.25	_	_	_	_
551-0	BO075	551	551	0	no	no	_	_	_	_	_	linguistic	_	none	_	Begin=993.646	_	_	_	_
551-1	BO075	551	551	1	veramente	veramente	_	_	_	_	_	linguistic	_	none	_	_	_	_	_	_
551-2	BO075	551	551	2	veramente	veramente	_	_	_	_	_	linguistic	_	none	_	_	_	_	_	_
551-3	BO075	551	551	3	eh	eh	_	_	_	_	_	linguistic	_	none	ProsodicLink=Yes	_	_	_	_	_
551-4	BO075	551	551	4	m:::h	mh	_	_	_	_	_	linguistic	_	none	_	_	0x3	_	_	_
551-5	BO075	551	551	5	mh	mh	_	_	_	_	_	linguistic	_	none	_	_	_	_	_	_
551-6	BO075	551	551	6	e:h	eh	_	_	_	_	_	linguistic	_	none	PauseAfter=Yes	_	0x1	_	_	_
551-7	BO075	551	551	7	{P}	{P}	_	_	_	_	_	shortpause	_	none	_	_	_	_	_	_
551-8	BO075	551	551	8	sì.	sì	_	_	_	_	_	linguistic	_	none	Intonation=Falling	End=997.18	_	_	_	_
552-0	BO049	552	552	0	{ride}	{ride}	_	_	_	_	_	nonverbalbehavior	_	none	_	Begin=996.746|End=997.13	_	_	_	_
553-0	BO049	553	553	0	sto	sto	_	_	_	_	_	linguistic	_	none	_	Begin=997.156	_	_	_	_
553-1	BO049	553	553	1	malissi[mo]	malissimo	_	_	_	_	_	linguistic	_	none	_	End=998.23	_	_	_	7-9(139)
554-0	BO075	554	554	0	[è	è	_	_	_	_	_	linguistic	_	none	_	Begin=997.85	_	_	_	0-1(139)
554-1	BO075	554	554	1	imbara]zzante	imbarazzante	_	_	_	_	_	linguistic	_	none	_	_	_	_	_	0-6(139)
554-2	BO075	554	554	2	e::::	e	_	_	_	_	_	linguistic	_	none	ProsodicLink=Yes	_	0x4	_	_	_
554-3	BO075	554	554	3	m:h	mh	_	_	_	_	_	linguistic	_	none	_	End=1000.31	0x1	_	_	_
555-0	BO075	555	555	0	poi	poi	_	_	_	_	_	linguistic	_	none	ProsodicLink=Yes	Begin=1000.64	_	_	_	_
555-1	BO075	555	555	1	eh	eh	_	_	_	_	_	linguistic	_	none	ProsodicLink=Yes	_	_	_	_	_
555-2	BO075	555	555	2	m::h	mh	_	_	_	_	_	linguistic	_	none	_	End=1002.0	0x2	_	_	_
556-0	BO075	556	556	0	sì	sì	_	_	_	_	_	linguistic	_	none	_	Begin=1003.12	_	_	_	_
556-1	BO075	556	556	1	le	le	_	_	_	_	_	linguistic	_	none	_	_	_	_	_	_
556-2	BO075	556	556	2	te~	te~	_	_	_	_	_	linguistic	_	none	Interrupted=Yes|PauseAfter=Yes	_	_	_	_	_
556-3	BO075	556	556	3	{P}	{P}	_	_	_	_	_	shortpause	_	none	_	_	_	_	_	_
556-4	BO075	556	556	4	moquette.	moquette	_	_	_	_	_	linguistic	_	none	Intonation=Falling	_	_	_	_	_
556-5	BO075	556	556	5	moquette	moquette	_	_	_	_	_	linguistic	_	none	_	_	_	_	_	_
556-6	BO075	556	556	6	ov[unque].	ovunque	_	_	_	_	_	linguistic	_	none	Intonation=Falling	End=1005.92	_	_	_	2-7(140)
557-0	BO049	557	557	0	[e::h]	eh	_	_	_	_	_	linguistic	_	none	_	Begin=1005.405|End=1005.93	0x2	_	_	0-2(140)
558-0	BO075	558	558	0	a	a	_	_	_	_	_	linguistic	_	none	_	Begin=1006.025	_	_	_	_
558-1	BO075	558	558	1	londra	londra	_	_	_	_	_	linguistic	_	none	_	_	_	_	_	_
558-2	BO075	558	558	2	c[i	ci	_	_	_	_	_	linguistic	_	none	_	_	_	_	_	1-2(141)
558-3	BO075	558	558	3	sono	sono	_	_	_	_	_	linguistic	_	none	_	_	_	_	_	0-4(141)
558-4	BO075	558	558	4	solo	solo	_	_	_	_	_	linguistic	_	none	_	_	_	_	_	0-4(141)
558-5	BO075	558	558	5	le	le	_	_	_	_	_	linguistic	_	none	_	_	_	_	_	0-2(141)
558-6	BO075	558	558	6	moquette].	moquette	_	_	_	_	_	linguistic	_	none	Intonation=Falling	End=1007.89	_	_	_	0-8(141)
559-0	BO049	559	559	0	[schifo.	schifo	_	_	_	_	_	linguistic	_	none	Intonation=Falling	Begin=1006.51	_	_	_	0-6(141)
559-1	BO049	559	559	1	x]xxx,	xxxx	_	_	_	_	_	linguistic	_	none	Intonation=WeaklyRising	End=1008.91	_	_	_	0-1(141)
560-0	BO075	560	560	0	a	a	_	_	_	_	_	linguistic	_	none	_	Begin=1008.91	_	_	_	_
560-1	BO075	560	560	1	londra	londra	_	_	_	_	_	linguistic	_	none	_	_	_	_	_	_
560-2	BO075	560	560	2	se	se	_	_	_	_	_	linguistic	_	none	_	_	_	_	_	_
560-3	BO075	560	560	3	venisse	venisse	_	_	_	_	_	linguistic	_	none	_	_	_	_	_	_
560-4	BO075	560	560	4	un	un	_	_	_	_	_	linguistic	_	none	_	_	_	_	_	_
560-5	BO075	560	560	5	c~	c~	_	_	_	_	_	linguistic	_	none	Interrupted=Yes	_	_	_	_	_
560-6	BO075	560	560	6	>terremoto	terremoto	_	_	_	_	_	linguistic	_	none	_	_	_	Fast=0-9(0)	_	_
560-7	BO075	560	560	7	come	come	_	_	_	_	_	linguistic	_	none	_	_	_	Fast=0-4(0)	_	_
560-8	BO075	560	560	8	quello	quello	_	_	_	_	_	linguistic	_	none	_	_	_	Fast=0-6(0)	_	_
560-9	BO075	560	560	9	(u~)<	u~	_	_	_	_	_	linguistic	_	none	Interrupted=Yes	_	_	Fast=0-2(0)	0-2(0)	_
560-10	BO075	560	560	10	che	che	_	_	_	_	_	linguistic	_	none	_	_	_	_	_	_
560-11	BO075	560	560	11	è	è	_	_	_	_	_	linguistic	_	none	_	_	_	_	_	_
560-12	BO075	560	560	12	venuto	venuto	_	_	_	_	_	linguistic	_	none	_	_	_	_	_	_
560-13	BO075	560	560	13	a	a	_	_	_	_	_	linguistic	_	none	_	_	_	_	_	_
560-14	BO075	560	560	14	l'	l'	_	_	_	_	_	linguistic	_	none	SpaceAfter=No	_	_	_	_	_
560-15	BO075	560	560	15	aquila:	aquila	_	_	_	_	_	linguistic	_	none	_	End=1012.13	5x1	_	_	_
561-0	BO075	561	561	0	crollerebbe	crollerebbe	_	_	_	_	_	linguistic	_	none	_	Begin=1012.445	_	_	_	_
561-1	BO075	561	561	1	tutto.	tutto	_	_	_	_	_	linguistic	_	none	Intonation=Falling	_	_	_	_	_
561-2	BO075	561	561	2	son	son	_	_	_	_	_	linguistic	_	none	_	_	_	_	_	_
561-3	BO075	561	561	3	stretti	stretti	_	_	_	_	_	linguistic	_	none	_	_	_	_	_	_
561-4	BO075	561	561	4	come	come	_	_	_	_	_	linguistic	_	none	_	_	_	_	_	_
561-5	BO075	561	561	5	delle	delle	_	_	_	_	_	linguistic	_	none	_	_	_	_	_	_
561-6	BO075	561	561	6	sardine	sardine	_	_	_	_	_	linguistic	_	none	_	_	_	_	_	_
561-7	BO075	561	561	7	hanno	hanno	_	_	_	_	_	linguistic	_	none	_	_	_	_	_	_
561-8	BO075	561	561	8	i	i	_	_	_	_	_	linguistic	_	none	_	_	_	_	_	_
561-9	BO075	561	561	9	muri	muri	_	_	_	_	_	linguistic	_	none	_	_	_	_	_	_
561-10	BO075	561	561	10	di	di	_	_	_	_	_	linguistic	_	none	_	_	_	_	_	_
561-11	BO075	561	561	11	carta,	carta	_	_	_	_	_	linguistic	_	none	Intonation=WeaklyRising	End=1016.2	_	_	_	_
562-0	BO049	562	562	0	sì.	sì	_	_	_	_	_	linguistic	_	none	Intonation=Falling	Begin=1016.32|End=1016.66	_	_	_	_
563-0	BO075	563	563	0	e	e	_	_	_	_	_	linguistic	_	none	_	Begin=1016.715	_	_	_	_
563-1	BO075	563	563	1	hanno::	hanno	_	_	_	_	_	linguistic	_	none	_	End=1017.82	4x2	_	_	_
564-0	BO075	564	564	0	c'	c'	_	_	_	_	_	linguistic	_	none	SpaceAfter=No	Begin=1018.48	_	_	_	_
564-1	BO075	564	564	1	è	è	_	_	_	_	_	linguistic	_	none	_	_	_	_	_	_
564-2	BO075	564	564	2	è	è	_	_	_	_	_	linguistic	_	none	_	_	_	_	_	_
564-3	BO075	564	564	3	proprio	proprio	_	_	_	_	_	linguistic	_	none	_	_	_	_	_	_
564-4	BO075	564	564	4	un'	un'	_	_	_	_	_	linguistic	_	none	SpaceAfter=No	_	_	_	_	_
564-5	BO075	564	564	5	altra	altra	_	_	_	_	_	linguistic	_	none	_	_	_	_	_	_
564-6	BO075	564	564	6	vita	vita	_	_	_	_	_	linguistic	_	none	_	_	_	_	_	_
564-7	BO075	564	564	7	cioè	cioè	_	_	_	_	_	linguistic	_	none	_	_	_	_	_	_
564-8	BO075	564	564	8	dal	dal	_	_	_	_	_	linguistic	_	none	_	_	_	_	_	_
564-9	BO075	564	564	9	punto	punto	_	_	_	_	_	linguistic	_	none	_	_	_	_	_	_
564-10	BO075	564	564	10	di	di	_	_	_	_	_	linguistic	_	none	_	_	_	_	_	_
564-11	BO075	564	564	11	vista	vista	_	_	_	_	_	linguistic	_	none	_	_	_	_	_	_
564-12	BO075	564	564	12	edilizio:	edilizio	_	_	_	_	_	linguistic	_	none	_	_	7x1	_	_	_
564-13	BO075	564	564	13	è	è	_	_	_	_	_	linguistic	_	none	_	_	_	_	_	_
564-14	BO075	564	564	14	mh	mh	_	_	_	_	_	linguistic	_	none	_	End=1021.77	_	_	_	_
565-0	BO049	565	565	0	fan[no	fanno	_	_	_	_	_	linguistic	_	none	_	Begin=1021.845	_	_	_	3-5(142)
565-1	BO049	565	565	1	schifo]	schifo	_	_	_	_	_	linguistic	_	none	_	End=1022.64	_	_	_	0-6(142)
566-0	BO075	566	566	0	[un	un	_	_	_	_	_	linguistic	_	none	_	Begin=1021.95	_	_	_	0-2(142)
566-1	BO075	566	566	1	un	un	_	_	_	_	_	linguistic	_	none	_	_	_	_	_	0-2(142)
566-2	BO075	566	566	2	mace]llo	macello	_	_	_	_	_	linguistic	_	none	_	_	_	_	_	0-4(142)
566-3	BO075	566	566	3	un	un	_	_	_	_	_	linguistic	_	none	_	_	_	_	_	_
566-4	BO075	566	566	4	macello	macello	_	_	_	_	_	linguistic	_	none	_	End=1023.58	_	_	_	_
567-0	BO075	567	567	0	[x	x	_	_	_	_	_	unknown	_	none	Syllables=1	Begin=1024.748	_	_	_	0-1(143)
567-1	BO075	567	567	1	ve]do	vedo	_	_	_	_	_	linguistic	_	none	_	_	_	_	_	0-2(143)
567-2	BO075	567	567	2	che	che	_	_	_	_	_	linguistic	_	none	_	_	_	_	_	_
567-3	BO075	567	567	3	le	le	_	_	_	_	_	linguistic	_	none	_	_	_	_	_	_
567-4	BO075	567	567	4	unghie	unghie	_	_	_	_	_	linguistic	_	none	_	_	_	_	_	_
567-5	BO075	567	567	5	ti	ti	_	_	_	_	_	linguistic	_	none	_	_	_	_	_	_
567-6	BO075	567	567	6	hanno	hanno	_	_	_	_	_	linguistic	_	none	_	_	_	_	_	_
567-7	BO075	567	567	7	sconvolto	sconvolto	_	_	_	_	_	linguistic	_	none	_	_	_	_	_	_
567-8	BO075	567	567	8	[par~]	par~	_	_	_	_	_	linguistic	_	none	Interrupted=Yes	End=1026.63	_	_	_	0-4(144)
568-0	BO049	568	568	0	[(bene)]	bene	_	_	_	_	_	linguistic	_	none	_	Begin=1024.755|End=1025.386	_	_	0-4(0)	0-4(143)
569-0	BO049	569	569	0	[>sì	sì	_	_	_	_	_	linguistic	_	none	_	Begin=1026.31	_	Fast=0-2(0)	_	0-2(144)
569-1	BO049	569	569	1	n]o	no	_	_	_	_	_	linguistic	_	none	_	_	_	Fast=0-2(0)	_	0-1(144)
569-2	BO049	569	569	2	[stavo	stavo	_	_	_	_	_	linguistic	_	none	_	_	_	Fast=0-5(0)	_	0-5(145)
569-3	BO049	569	569	3	guardan~	guardan~	_	_	_	_	_	linguistic	_	none	Interrupted=Yes	_	_	Fast=0-8(0)	_	0-8(145)
569-4	BO049	569	569	4	pensand]o	pensando	_	_	_	_	_	linguistic	_	none	_	_	_	Fast=0-8(0)	_	0-7(145)
569-5	BO049	569	569	5	alle	alle	_	_	_	_	_	linguistic	_	none	_	_	_	Fast=0-4(0)	_	_
569-6	BO049	569	569	6	u[nghie]<	unghie	_	_	_	_	_	linguistic	_	none	_	_	_	Fast=0-6(0)	_	1-6(146)
569-7	BO049	569	569	7	{ride}	{ride}	_	_	_	_	_	nonverbalbehavior	_	none	_	End=1028.079	_	_	_	_
570-0	BO075	570	570	0	[no	no	_	_	_	_	_	linguistic	_	none	_	Begin=1026.75	_	_	_	0-2(145)
570-1	BO075	570	570	1	eh]	eh	_	_	_	_	_	linguistic	_	none	_	_	_	_	_	0-2(145)
570-2	BO075	570	570	2	{ride}	{ride}	_	_	_	_	_	nonverbalbehavior	_	none	_	End=1027.367	_	_	_	_
571-0	BO075	571	571	0	[no]	no	_	_	_	_	_	linguistic	_	none	_	Begin=1027.7	_	_	_	0-2(146)
571-1	BO075	571	571	1	perdonami	perdonami	_	_	_	_	_	linguistic	_	none	_	_	_	_	_	_
571-2	BO075	571	571	2	ale	ale	_	_	_	_	_	linguistic	_	none	_	_	_	_	_	_
571-3	BO075	571	571	3	non	non	_	_	_	_	_	linguistic	_	none	_	_	_	_	_	_
571-4	BO075	571	571	4	v[ole(vo)]	volevo	_	_	_	_	_	linguistic	_	none	_	End=1029.54	_	_	4-6(0)	1-6(147)
572-0	BO049	572	572	0	{ride}	{ride}	_	_	_	_	_	nonverbalbehavior	_	none	_	Begin=1028.775	_	_	_	_
572-1	BO049	572	572	1	[no	no	_	_	_	_	_	linguistic	_	none	_	_	_	_	_	0-2(?)
572-2	BO049	572	572	2	no	no	_	_	_	_	_	linguistic	_	none	_	_	_	_	_	0-2(?)
572-3	BO049	572	572	3	(va	va	_	_	_	_	_	linguistic	_	none	_	_	_	_	0-2(0)	0-2(?)
572-4	BO049	572	572	4	benisismo)]	benisismo	_	_	_	_	_	linguistic	_	none	_	_	_	_	0-9(0)	0-9(?)
572-5	BO049	572	572	5	{ride}	{ride}	_	_	_	_	_	nonverbalbehavior	_	none	_	End=1030.91	_	_	_	_
573-0	BO075	573	573	0	[no	no	_	_	_	_	_	linguistic	_	none	_	Begin=1029.64	_	_	_	0-2(?)
573-1	BO075	573	573	1	però]	però	_	_	_	_	_	linguistic	_	none	_	_	_	_	_	0-4(?)
573-2	BO075	573	573	2	è:	è	_	_	_	_	_	linguistic	_	none	_	_	0x1	_	_	_
573-3	BO075	573	573	3	>(trovo)	trovo	_	_	_	_	_	linguistic	_	none	_	_	_	Fast=0-5(0)	0-5(0)	_
573-4	BO075	573	573	4	che	che	_	_	_	_	_	linguistic	_	none	_	_	_	Fast=0-3(0)	_	_
573-5	BO075	573	573	5	è	è	_	_	_	_	_	linguistic	_	none	_	_	_	Fast=0-1(0)	_	_
573-6	BO075	573	573	6	divertente<	divertente	_	_	_	_	_	linguistic	_	none	_	_	_	Fast=0-10(0)	_	_
573-7	BO075	573	573	7	[da	da	_	_	_	_	_	linguistic	_	none	_	_	_	_	_	0-2(?)
573-8	BO075	573	573	8	racco]	racco	_	_	_	_	_	linguistic	_	none	_	_	_	_	_	0-5(?)
573-9	BO075	573	573	9	{ride}	{ride}	_	_	_	_	_	nonverbalbehavior	_	none	_	End=1031.67	_	_	_	_
574-0	BO049	574	574	0	[guarda]	guarda	_	_	_	_	_	linguistic	_	none	_	Begin=1031.13|End=1031.579	_	_	_	0-6(149)
575-0	BO049	575	575	0	sì	sì	_	_	_	_	_	linguistic	_	none	_	Begin=1031.665	_	_	_	_
575-1	BO049	575	575	1	sì	sì	_	_	_	_	_	linguistic	_	none	_	_	_	_	_	_
575-2	BO049	575	575	2	assolutamente	assolutamente	_	_	_	_	_	linguistic	_	none	_	_	_	_	_	_
575-3	BO049	575	575	3	{ride}	{ride}	_	_	_	_	_	nonverbalbehavior	_	none	_	End=1032.819	_	_	_	_
576-0	BO075	576	576	0	{ride}	{ride}	_	_	_	_	_	nonverbalbehavior	_	none	_	Begin=1031.89|End=1032.48	_	_	_	_
577-0	BO075	577	577	0	però	però	_	_	_	_	_	linguistic	_	none	_	Begin=1032.839	_	_	_	_
577-1	BO075	577	577	1	è	è	_	_	_	_	_	linguistic	_	none	_	_	_	_	_	_
577-2	BO075	577	577	2	vero	vero	_	_	_	_	_	linguistic	_	none	_	_	_	_	_	_
577-3	BO075	577	577	3	e:h	eh	_	_	_	_	_	linguistic	_	none	_	_	0x1	_	_	_
577-4	BO075	577	577	4	vabbè	vabbè	_	_	_	_	_	linguistic	_	none	_	End=1034.06	_	_	_	_
578-0	BO075	578	578	0	e::h	eh	_	_	_	_	_	linguistic	_	none	_	Begin=1034.28	0x2	_	_	_
578-1	BO075	578	578	1	sì.	sì	_	_	_	_	_	linguistic	_	none	Intonation=Falling	End=1035.108	_	_	_	_
579-0	BO049	579	579	0	sì.	sì	_	_	_	_	_	linguistic	_	none	Intonation=Falling	Begin=1035.46|End=1035.92	_	_	_	_
580-0	BO049	580	580	0	no	no	_	_	_	_	_	linguistic	_	none	_	Begin=1036.42	_	_	_	_
580-1	BO049	580	580	1	bene	bene	_	_	_	_	_	linguistic	_	none	_	_	_	_	_	_
580-2	BO049	580	580	2	bene	bene	_	_	_	_	_	linguistic	_	none	_	_	_	_	_	_
580-3	BO049	580	580	3	quindi	quindi	_	_	_	_	_	linguistic	_	none	_	_	_	_	_	_
580-4	BO049	580	580	4	a~	a~	_	_	_	_	_	linguistic	_	none	Interrupted=Yes	_	_	_	_	_
580-5	BO049	580	580	5	cioè.	cioè	_	_	_	_	_	linguistic	_	none	Intonation=Falling	_	_	_	_	_
580-6	BO049	580	580	6	a	a	_	_	_	_	_	linguistic	_	none	_	_	_	_	_	_
580-7	BO049	580	580	7	parte::	parte	_	_	_	_	_	linguistic	_	none	_	_	4x2	_	_	_
580-8	BO049	580	580	8	l::	l	_	_	_	_	_	linguistic	_	none	_	End=1039.39	0x2	_	_	_
581-0	BO049	581	581	0	la	la	_	_	_	_	_	linguistic	_	none	_	Begin=1039.435	_	_	_	_
581-1	BO049	581	581	1	struttura	struttura	_	_	_	_	_	linguistic	_	none	_	_	_	_	_	_
581-2	BO049	581	581	2	e	e	_	_	_	_	_	linguistic	_	none	_	_	_	_	_	_
581-3	BO049	581	581	3	le	le	_	_	_	_	_	linguistic	_	none	_	_	_	_	_	_
581-4	BO049	581	581	4	sorprese	sorprese	_	_	_	_	_	linguistic	_	none	_	_	_	_	_	_
581-5	BO049	581	581	5	nei	nei	_	_	_	_	_	linguistic	_	none	_	_	_	_	_	_
581-6	BO049	581	581	6	cassetti,	cassetti	_	_	_	_	_	linguistic	_	none	Intonation=WeaklyRising|PauseAfter=Yes	_	_	_	_	_
581-7	BO049	581	581	7	{P}	{P}	_	_	_	_	_	shortpause	_	none	_	_	_	_	_	_
581-8	BO049	581	581	8	pr~	pr~	_	_	_	_	_	linguistic	_	none	Interrupted=Yes	_	_	_	_	_
581-9	BO049	581	581	9	ti	ti	_	_	_	_	_	linguistic	_	none	_	_	_	_	_	_
581-10	BO049	581	581	10	trovavi	trovavi	_	_	_	_	_	linguistic	_	none	_	_	_	_	_	_
581-11	BO049	581	581	11	abbastanza:	abbastanza	_	_	_	_	_	linguistic	_	none	_	_	9x1	_	_	_
581-12	BO049	581	581	12	cioè.	cioè	_	_	_	_	_	linguistic	_	none	Intonation=Falling	End=1044.089	_	_	_	_
582-0	BO049	582	582	0	era	era	_	_	_	_	_	linguistic	_	none	_	Begin=1044.345	_	_	_	_
582-1	BO049	582	582	1	fattibile	fattibile	_	_	_	_	_	linguistic	_	none	_	_	_	_	_	_
582-2	BO049	582	582	2	no	no	_	_	_	_	_	linguistic	_	none	_	_	_	_	_	_
582-3	BO049	582	582	3	la	la	_	_	_	_	_	linguistic	_	none	_	_	_	_	_	_
582-4	BO049	582	582	4	convivenza	convivenza	_	_	_	_	_	linguistic	_	none	_	_	_	_	_	_
582-5	BO049	582	582	5	con	con	_	_	_	_	_	linguistic	_	none	_	_	_	_	_	_
582-6	BO049	582	582	6	le	le	_	_	_	_	_	linguistic	_	none	_	_	_	_	_	_
582-7	BO049	582	582	7	altre	altre	_	_	_	_	_	linguistic	_	none	_	_	_	_	_	_
582-8	BO049	582	582	8	persone	persone	_	_	_	_	_	linguistic	_	none	_	_	_	_	_	_
582-9	BO049	582	582	9	oppur[e]	oppure	_	_	_	_	_	linguistic	_	none	_	End=1046.867	_	_	_	5-6(151)
583-0	BO075	583	583	0	[s]ì	sì	_	_	_	_	_	linguistic	_	none	_	Begin=1046.819	_	_	_	0-1(151)
583-1	BO075	583	583	1	sì	sì	_	_	_	_	_	linguistic	_	none	_	_	_	_	_	_
583-2	BO075	583	583	2	assolutemente	assolutemente	_	_	_	_	_	linguistic	_	none	PauseAfter=Yes	_	_	_	_	_
583-3	BO075	583	583	3	{P}	{P}	_	_	_	_	_	shortpause	_	none	_	_	_	_	_	_
583-4	BO075	583	583	4	diciamo	diciamo	_	_	_	_	_	linguistic	_	none	_	_	_	_	_	_
583-5	BO075	583	583	5	che	che	_	_	_	_	_	linguistic	_	none	_	End=1048.82	_	_	_	_
584-0	BO075	584	584	0	non	non	_	_	_	_	_	linguistic	_	none	_	Begin=1049.065	_	_	_	_
584-1	BO075	584	584	1	c'	c'	_	_	_	_	_	linguistic	_	none	SpaceAfter=No	_	_	_	_	_
584-2	BO075	584	584	2	è	è	_	_	_	_	_	linguistic	_	none	_	_	_	_	_	_
584-3	BO075	584	584	3	mai	mai	_	_	_	_	_	linguistic	_	none	_	_	_	_	_	_
584-4	BO075	584	584	4	stato:	stato	_	_	_	_	_	linguistic	_	none	_	_	4x1	_	_	_
584-5	BO075	584	584	5	modo	modo	_	_	_	_	_	linguistic	_	none	_	_	_	_	_	_
584-6	BO075	584	584	6	di::	di	_	_	_	_	_	linguistic	_	none	ProsodicLink=Yes	_	1x2	_	_	_
584-7	BO075	584	584	7	eh	eh	_	_	_	_	_	linguistic	_	none	_	End=1051.283	_	_	_	_
585-0	BO075	585	585	0	di	di	_	_	_	_	_	linguistic	_	none	PauseAfter=Yes	Begin=1051.798	_	_	_	_
585-1	BO075	585	585	1	{P}	{P}	_	_	_	_	_	shortpause	_	none	_	_	_	_	_	_
585-2	BO075	585	585	2	cioè	cioè	_	_	_	_	_	linguistic	_	none	_	_	_	_	_	_
585-3	BO075	585	585	3	di	di	_	_	_	_	_	linguistic	_	none	_	_	_	_	_	_
585-4	BO075	585	585	4	coltivarla	coltivarla	_	_	_	_	_	linguistic	_	none	_	End=1053.56	_	_	_	_
586-0	BO075	586	586	0	di	di	_	_	_	_	_	linguistic	_	none	_	Begin=1053.736	_	_	_	_
586-1	BO075	586	586	1	col[tivarla].	coltivarla	_	_	_	_	_	linguistic	_	none	Intonation=Falling	End=1055.01	_	_	_	3-10(152)
587-0	BO049	587	587	0	[non	non	_	_	_	_	_	linguistic	_	none	_	Begin=1054.18	_	_	_	0-3(152)
587-1	BO049	587	587	1	>passavate	passavate	_	_	_	_	_	linguistic	_	none	_	_	_	Fast=0-9(0)	_	0-9(152)
587-2	BO049	587	587	2	molto	molto	_	_	_	_	_	linguistic	_	none	_	_	_	Fast=0-5(0)	_	0-5(152)
587-3	BO049	587	587	3	tem]po	tempo	_	_	_	_	_	linguistic	_	none	_	_	_	Fast=0-5(0)	_	0-3(152)
587-4	BO049	587	587	4	insie[me<]	insieme	_	_	_	_	_	linguistic	_	none	_	End=1055.71	_	Fast=0-7(0)	_	5-7(153)
588-0	BO075	588	588	0	[no:]	no	_	_	_	_	_	linguistic	_	none	_	Begin=1055.53	1x1	_	_	0-2(153)
588-1	BO075	588	588	1	non	non	_	_	_	_	_	linguistic	_	none	_	_	_	_	_	_
588-2	BO075	588	588	2	tanto	tanto	_	_	_	_	_	linguistic	_	none	_	End=1056.67	_	_	_	_
589-0	BO049	589	589	0	m:h.	mh	_	_	_	_	_	linguistic	_	none	Intonation=Falling	Begin=1056.755|End=1057.1	0x1	_	_	_
590-0	BO075	590	590	0	poi	poi	_	_	_	_	_	linguistic	_	none	_	Begin=1057.171	_	_	_	_
590-1	BO075	590	590	1	coi	coi	_	_	_	_	_	linguistic	_	none	_	_	_	_	_	_
590-2	BO075	590	590	2	giapponesi	giapponesi	_	_	_	_	_	linguistic	_	none	_	_	_	_	_	_
590-3	BO075	590	590	3	men	men	_	_	_	_	_	linguistic	_	none	_	_	_	_	_	_
590-4	BO075	590	590	4	che	che	_	_	_	_	_	linguistic	_	none	_	_	_	_	_	_
590-5	BO075	590	590	5	meno	meno	_	_	_	_	_	linguistic	_	none	_	_	_	_	_	_
590-6	BO075	590	590	6	[anche	anche	_	_	_	_	_	linguistic	_	none	_	_	_	_	_	0-5(154)
590-7	BO075	590	590	7	perché:]	perché	_	_	_	_	_	linguistic	_	none	_	End=1059.66	5x1	_	_	0-6(154)
591-0	BO049	591	591	0	>[ma	ma	_	_	_	_	_	linguistic	_	none	_	Begin=1058.88	_	Fast=0-2(0)	_	0-2(154)
591-1	BO049	591	591	1	i	i	_	_	_	_	_	linguistic	_	none	_	_	_	Fast=0-1(0)	_	0-1(154)
591-2	BO049	591	591	2	giapponesi	giapponesi	_	_	_	_	_	linguistic	_	none	_	_	_	Fast=0-10(0)	_	0-10(154)
591-3	BO049	591	591	3	sono	sono	_	_	_	_	_	linguistic	_	none	_	_	_	Fast=0-4(0)	_	0-4(154)
591-4	BO049	591	591	4	(rise~)]	rise~	_	_	_	_	_	linguistic	_	none	Interrupted=Yes	_	_	Fast=0-5(0)	0-5(0)	0-5(154)
591-5	BO049	591	591	5	sono	sono	_	_	_	_	_	linguistic	_	none	_	_	_	Fast=0-4(0)	_	_
591-6	BO049	591	591	6	riservati	riservati	_	_	_	_	_	linguistic	_	none	_	_	_	Fast=0-9(0)	_	_
591-7	BO049	591	591	7	[no]<?	no	_	_	_	_	_	linguistic	_	none	Intonation=Rising	End=1060.74	_	Fast=0-2(0)	_	0-2(155)
592-0	BO075	592	592	0	[chiu]sissimi	chiusissimi	_	_	_	_	_	linguistic	_	none	_	Begin=1060.525	_	_	_	0-4(155)
592-1	BO075	592	592	1	chius[issimi	chiusissimi	_	_	_	_	_	linguistic	_	none	_	_	_	_	_	5-11(156)
592-2	BO075	592	592	2	e::h	eh	_	_	_	_	_	linguistic	_	none	ProsodicLink=Yes	_	0x2	_	_	0-2(156)
592-3	BO075	592	592	3	]m::h	mh	_	_	_	_	_	linguistic	_	none	_	End=1063.396	0x2	_	_	_
593-0	BO049	593	593	0	[eh.	eh	_	_	_	_	_	linguistic	_	none	Intonation=Falling	Begin=1061.555	_	_	_	0-2(156)
593-1	BO049	593	593	1	vacca	vacca	_	_	_	_	_	linguistic	_	none	_	_	_	_	_	0-5(156)
593-2	BO049	593	593	2	boia]	boia	_	_	_	_	_	linguistic	_	none	_	End=1062.87	_	_	_	0-4(156)
594-0	BO075	594	594	0	la	la	_	_	_	_	_	linguistic	_	none	_	Begin=1063.727	_	_	_	_
594-1	BO075	594	594	1	donnona	donnona	_	_	_	_	_	linguistic	_	none	_	_	_	_	_	_
594-2	BO075	594	594	2	africana	africana	_	_	_	_	_	linguistic	_	none	_	_	_	_	_	_
594-3	BO075	594	594	3	ci	ci	_	_	_	_	_	linguistic	_	none	_	_	_	_	_	_
594-4	BO075	594	594	4	ho	ho	_	_	_	_	_	linguistic	_	none	_	_	_	_	_	_
594-5	BO075	594	594	5	parlato	parlato	_	_	_	_	_	linguistic	_	none	_	_	_	_	_	_
594-6	BO075	594	594	6	qualche	qualche	_	_	_	_	_	linguistic	_	none	_	_	_	_	_	_
594-7	BO075	594	594	7	volta:,	volta	_	_	_	_	_	linguistic	_	none	Intonation=WeaklyRising	End=1066.23	4x1	_	_	_
595-0	BO075	595	595	0	però	però	_	_	_	_	_	linguistic	_	none	_	Begin=1066.465	_	_	_	_
595-1	BO075	595	595	1	c'	c'	_	_	_	_	_	linguistic	_	none	SpaceAfter=No	_	_	_	_	_
595-2	BO075	595	595	2	aveva	aveva	_	_	_	_	_	linguistic	_	none	_	_	_	_	_	_
595-3	BO075	595	595	3	suo	suo	_	_	_	_	_	linguistic	_	none	_	_	_	_	_	_
595-4	BO075	595	595	4	marito::	marito	_	_	_	_	_	linguistic	_	none	PauseAfter=Yes	_	5x2	_	_	_
595-5	BO075	595	595	5	{P}	{P}	_	_	_	_	_	shortpause	_	none	_	_	_	_	_	_
595-6	BO075	595	595	6	che	che	_	_	_	_	_	linguistic	_	none	_	_	_	_	_	_
595-7	BO075	595	595	7	veniva	veniva	_	_	_	_	_	linguistic	_	none	_	_	_	_	_	_
595-8	BO075	595	595	8	spesso	spesso	_	_	_	_	_	linguistic	_	none	_	_	_	_	_	_
595-9	BO075	595	595	9	a	a	_	_	_	_	_	linguistic	_	none	_	_	_	_	_	_
595-10	BO075	595	595	10	trovarla	trovarla	_	_	_	_	_	linguistic	_	none	_	End=1069.55	_	_	_	_
596-0	BO075	596	596	0	e::::h	eh	_	_	_	_	_	linguistic	_	none	ProsodicLink=Yes	Begin=1070.151	0x4	_	_	_
596-1	BO075	596	596	1	m::h	mh	_	_	_	_	_	linguistic	_	none	PauseAfter=Yes	_	0x2	_	_	_
596-2	BO075	596	596	2	{P}	{P}	_	_	_	_	_	shortpause	_	none	_	_	_	_	_	_
596-3	BO075	596	596	3	sì.	sì	_	_	_	_	_	linguistic	_	none	Intonation=Falling	End=1072.01	_	_	_	_
597-0	BO075	597	597	0	eh	eh	_	_	_	_	_	linguistic	_	none	_	Begin=1072.256	_	_	_	_
597-1	BO075	597	597	1	sì.	sì	_	_	_	_	_	linguistic	_	none	Intonation=Falling	End=1072.77	_	_	_	_
598-0	BO075	598	598	0	m:h	mh	_	_	_	_	_	linguistic	_	none	_	Begin=1072.88|End=1073.45	0x1	_	_	_
599-0	BO049	599	599	0	°così.°	così	_	_	_	_	_	linguistic	_	none	Intonation=Falling|Volume=low	Begin=1073.516|End=1073.96	_	_	_	_
600-0	BO075	600	600	0	bah	bah	_	_	_	_	_	linguistic	_	none	_	Begin=1074.565	_	_	_	_
600-1	BO075	600	600	1	mh	mh	_	_	_	_	_	linguistic	_	none	_	_	_	_	_	_
600-2	BO075	600	600	2	[eh	eh	_	_	_	_	_	linguistic	_	none	ProsodicLink=Yes	_	_	_	_	0-2(157)
600-3	BO075	600	600	3	mh	mh	_	_	_	_	_	linguistic	_	none	_	_	_	_	_	0-2(157)
600-4	BO075	600	600	4	sì]	sì	_	_	_	_	_	linguistic	_	none	_	_	_	_	_	0-2(157)
600-5	BO075	600	600	5	un	un	_	_	_	_	_	linguistic	_	none	_	_	_	_	_	_
600-6	BO075	600	600	6	bel	bel	_	_	_	_	_	linguistic	_	none	_	_	_	_	_	_
600-7	BO075	600	600	7	quartiere	quartiere	_	_	_	_	_	linguistic	_	none	_	End=1076.57	_	_	_	_
601-0	BO049	601	601	0	[bene]	bene	_	_	_	_	_	linguistic	_	none	_	Begin=1074.95|End=1075.43	_	_	_	0-4(157)
602-0	BO049	602	602	0	e:h	eh	_	_	_	_	_	linguistic	_	none	ProsodicLink=Yes	Begin=1076.641	0x1	_	_	_
602-1	BO049	602	602	1	m:::h	mh	_	_	_	_	_	linguistic	_	none	_	End=1077.55	0x3	_	_	_
603-0	BO049	603	603	0	adesso	adesso	_	_	_	_	_	linguistic	_	none	_	Begin=1077.63	_	_	_	_
603-1	BO049	603	603	1	hai	hai	_	_	_	_	_	linguistic	_	none	_	_	_	_	_	_
603-2	BO049	603	603	2	in	in	_	_	_	_	_	linguistic	_	none	_	_	_	_	_	_
603-3	BO049	603	603	3	programma	programma	_	_	_	_	_	linguistic	_	none	_	_	_	_	_	_
603-4	BO049	603	603	4	di::	di	_	_	_	_	_	linguistic	_	none	_	End=1079.94	1x2	_	_	_
604-0	BO049	604	604	0	di	di	_	_	_	_	_	linguistic	_	none	_	Begin=1080.015	_	_	_	_
604-1	BO049	604	604	1	trasferirti	trasferirti	_	_	_	_	_	linguistic	_	none	_	_	_	_	_	_
604-2	BO049	604	604	2	oppure:	oppure	_	_	_	_	_	linguistic	_	none	_	_	5x1	_	_	_
604-3	BO049	604	604	3	pensi	pensi	_	_	_	_	_	linguistic	_	none	_	_	_	_	_	_
604-4	BO049	604	604	4	di	di	_	_	_	_	_	linguistic	_	none	_	_	_	_	_	_
604-5	BO049	604	604	5	rimanere	rimanere	_	_	_	_	_	linguistic	_	none	_	_	_	_	_	_
604-6	BO049	604	604	6	coi	coi	_	_	_	_	_	linguistic	_	none	_	_	_	_	_	_
604-7	BO049	604	604	7	tuoi	tuoi	_	_	_	_	_	linguistic	_	none	_	_	_	_	_	_
604-8	BO049	604	604	8	ancora	ancora	_	_	_	_	_	linguistic	_	none	_	_	_	_	_	_
604-9	BO049	604	604	9	per	per	_	_	_	_	_	linguistic	_	none	_	_	_	_	_	_
604-10	BO049	604	604	10	un	un	_	_	_	_	_	linguistic	_	none	_	_	_	_	_	_
604-11	BO049	604	604	11	po'	po'	_	_	_	_	_	linguistic	_	none	_	_	_	_	_	_
604-12	BO049	604	604	12	o::	o	_	_	_	_	_	linguistic	_	none	_	End=1084.11	0x2	_	_	_
605-0	BO075	605	605	0	allora	allora	_	_	_	_	_	linguistic	_	none	_	Begin=1084.457	_	_	_	_
605-1	BO075	605	605	1	io	io	_	_	_	_	_	linguistic	_	none	_	_	_	_	_	_
605-2	BO075	605	605	2	prevedo	prevedo	_	_	_	_	_	linguistic	_	none	_	_	_	_	_	_
605-3	BO075	605	605	3	che	che	_	_	_	_	_	linguistic	_	none	_	_	_	_	_	_
605-4	BO075	605	605	4	per	per	_	_	_	_	_	linguistic	_	none	_	_	_	_	_	_
605-5	BO075	605	605	5	il	il	_	_	_	_	_	linguistic	_	none	_	_	_	_	_	_
605-6	BO075	605	605	6	prossimo	prossimo	_	_	_	_	_	linguistic	_	none	_	_	_	_	_	_
605-7	BO075	605	605	7	anno,	anno	_	_	_	_	_	linguistic	_	none	Intonation=WeaklyRising	_	_	_	_	_
605-8	BO075	605	605	8	e:h	eh	_	_	_	_	_	linguistic	_	none	_	_	0x1	_	_	_
605-9	BO075	605	605	9	dovrò	dovrò	_	_	_	_	_	linguistic	_	none	_	_	_	_	_	_
605-10	BO075	605	605	10	stare	stare	_	_	_	_	_	linguistic	_	none	_	_	_	_	_	_
605-11	BO075	605	605	11	con	con	_	_	_	_	_	linguistic	_	none	_	_	_	_	_	_
605-12	BO075	605	605	12	i	i	_	_	_	_	_	linguistic	_	none	_	_	_	_	_	_
605-13	BO075	605	605	13	miei	miei	_	_	_	_	_	linguistic	_	none	_	_	_	_	_	_
605-14	BO075	605	605	14	ancora.	ancora	_	_	_	_	_	linguistic	_	none	Intonation=Falling	End=1088.27	_	_	_	_
606-0	BO049	606	606	0	sì.	sì	_	_	_	_	_	linguistic	_	none	Intonation=Falling	Begin=1088.298|End=1088.5	_	_	_	_
607-0	BO075	607	607	0	e:h	eh	_	_	_	_	_	linguistic	_	none	_	Begin=1088.505	0x1	_	_	_
607-1	BO075	607	607	1	poi	poi	_	_	_	_	_	linguistic	_	none	_	_	_	_	_	_
607-2	BO075	607	607	2	la	la	_	_	_	_	_	linguistic	_	none	_	_	_	_	_	_
607-3	BO075	607	607	3	mia	mia	_	_	_	_	_	linguistic	_	none	_	_	_	_	_	_
607-4	BO075	607	607	4	speranza	speranza	_	_	_	_	_	linguistic	_	none	PauseAfter=Yes	_	_	_	_	_
607-5	BO075	607	607	5	{P}	{P}	_	_	_	_	_	shortpause	_	none	_	_	_	_	_	_
607-6	BO075	607	607	6	è	è	_	_	_	_	_	linguistic	_	none	ProsodicLink=Yes	_	_	_	_	_
607-7	BO075	607	607	7	ah	ah	_	_	_	_	_	linguistic	_	none	_	End=1090.77	_	_	_	_
608-0	BO075	608	608	0	accumulare	accumulare	_	_	_	_	_	linguistic	_	none	_	Begin=1091.79	_	_	_	_
608-1	BO075	608	608	1	qualche	qualche	_	_	_	_	_	linguistic	_	none	_	_	_	_	_	_
608-2	BO075	608	608	2	soldino	soldino	_	_	_	_	_	linguistic	_	none	_	_	_	_	_	_
608-3	BO075	608	608	3	dalla	dalla	_	_	_	_	_	linguistic	_	none	_	_	_	_	_	_
608-4	BO075	608	608	4	fine	fine	_	_	_	_	_	linguistic	_	none	_	_	_	_	_	_
608-5	BO075	608	608	5	di	di	_	_	_	_	_	linguistic	_	none	_	_	_	_	_	_
608-6	BO075	608	608	6	quest'	quest'	_	_	_	_	_	linguistic	_	none	SpaceAfter=No	_	_	_	_	_
608-7	BO075	608	608	7	anno	anno	_	_	_	_	_	linguistic	_	none	_	End=1094.27	_	_	_	_
609-0	BO075	609	609	0	dato	dato	_	_	_	_	_	linguistic	_	none	_	Begin=1095.065	_	_	_	_
609-1	BO075	609	609	1	che	che	_	_	_	_	_	linguistic	_	none	PauseAfter=Yes	_	_	_	_	_
609-2	BO075	609	609	2	{P}	{P}	_	_	_	_	_	shortpause	_	none	_	_	_	_	_	_
609-3	BO075	609	609	3	mi	mi	_	_	_	_	_	linguistic	_	none	_	_	_	_	_	_
609-4	BO075	609	609	4	devo	devo	_	_	_	_	_	linguistic	_	none	_	_	_	_	_	_
609-5	BO075	609	609	5	laureare,	laureare	_	_	_	_	_	linguistic	_	none	Intonation=WeaklyRising	End=1096.73	_	_	_	_
610-0	BO075	610	610	0	e:	e	_	_	_	_	_	linguistic	_	none	_	Begin=1097.181	0x1	_	_	_
610-1	BO075	610	610	1	se	se	_	_	_	_	_	linguistic	_	none	_	_	_	_	_	_
610-2	BO075	610	610	2	tutto	tutto	_	_	_	_	_	linguistic	_	none	_	_	_	_	_	_
610-3	BO075	610	610	3	va	va	_	_	_	_	_	linguistic	_	none	_	_	_	_	_	_
610-4	BO075	610	610	4	bene:	bene	_	_	_	_	_	linguistic	_	none	_	_	3x1	_	_	_
610-5	BO075	610	610	5	andare	andare	_	_	_	_	_	linguistic	_	none	_	_	_	_	_	_
610-6	BO075	610	610	6	a	a	_	_	_	_	_	linguistic	_	none	_	_	_	_	_	_
610-7	BO075	610	610	7	fine	fine	_	_	_	_	_	linguistic	_	none	_	_	_	_	_	_
610-8	BO075	610	610	8	anno:	anno	_	_	_	_	_	linguistic	_	none	_	_	3x1	_	_	_
610-9	BO075	610	610	9	inizio	inizio	_	_	_	_	_	linguistic	_	none	_	_	_	_	_	_
610-10	BO075	610	610	10	a:	a	_	_	_	_	_	linguistic	_	none	_	_	0x1	_	_	_
610-11	BO075	610	610	11	fare	fare	_	_	_	_	_	linguistic	_	none	_	_	_	_	_	_
610-12	BO075	610	610	12	il	il	_	_	_	_	_	linguistic	_	none	_	_	_	_	_	_
610-13	BO075	610	610	13	tatuator,	tatuator	_	_	_	_	_	linguistic	_	none	Intonation=WeaklyRising	End=1101.3	_	_	_	_
611-0	BO075	611	611	0	e::	e	_	_	_	_	_	linguistic	_	none	_	Begin=1101.62	0x2	_	_	_
611-1	BO075	611	611	1	{ride}	{ride}	_	_	_	_	_	nonverbalbehavior	_	none	_	End=1102.74	_	_	_	_
612-0	BO049	612	612	0	{ride}	{ride}	_	_	_	_	_	nonverbalbehavior	_	none	_	Begin=1101.945|End=1102.445	_	_	_	_
613-0	BO075	613	613	0	il	il	_	_	_	_	_	linguistic	_	none	_	Begin=1102.94	_	_	_	_
613-1	BO075	613	613	1	tatuatore	tatuatore	_	_	_	_	_	linguistic	_	none	_	_	_	_	_	_
613-2	BO075	613	613	2	[e:::]	e	_	_	_	_	_	linguistic	_	none	_	End=1104.75	0x3	_	_	0-1(158)
614-0	BO049	614	614	0	[fi]go	figo	_	_	_	_	_	linguistic	_	none	_	Begin=1104.41|End=1104.82	_	_	_	0-2(158)
615-0	BO075	615	615	0	quindi	quindi	_	_	_	_	_	linguistic	_	none	_	Begin=1104.84	_	_	_	_
615-1	BO075	615	615	1	speriamo	speriamo	_	_	_	_	_	linguistic	_	none	_	_	_	_	_	_
615-2	BO075	615	615	2	che	che	_	_	_	_	_	linguistic	_	none	_	_	_	_	_	_
615-3	BO075	615	615	3	dei	dei	_	_	_	_	_	linguistic	_	none	_	_	_	_	_	_
615-4	BO075	615	615	4	soldini	soldini	_	_	_	_	_	linguistic	_	none	_	_	_	_	_	_
615-5	BO075	615	615	5	entrino	entrino	_	_	_	_	_	linguistic	_	none	_	_	_	_	_	_
615-6	BO075	615	615	6	poi	poi	_	_	_	_	_	linguistic	_	none	_	_	_	_	_	_
615-7	BO075	615	615	7	c'	c'	_	_	_	_	_	linguistic	_	none	SpaceAfter=No	_	_	_	_	_
615-8	BO075	615	615	8	è	è	_	_	_	_	_	linguistic	_	none	_	_	_	_	_	_
615-9	BO075	615	615	9	la	la	_	_	_	_	_	linguistic	_	none	_	_	_	_	_	_
615-10	BO075	615	615	10	tesi,	tesi	_	_	_	_	_	linguistic	_	none	Intonation=WeaklyRising	End=1107.66	_	_	_	_
616-0	BO075	616	616	0	quindi	quindi	_	_	_	_	_	linguistic	_	none	_	Begin=1108.166	_	_	_	_
616-1	BO075	616	616	1	devo	devo	_	_	_	_	_	linguistic	_	none	_	_	_	_	_	_
616-2	BO075	616	616	2	cercare	cercare	_	_	_	_	_	linguistic	_	none	_	_	_	_	_	_
616-3	BO075	616	616	3	una:	una	_	_	_	_	_	linguistic	_	none	ProsodicLink=Yes	_	2x1	_	_	_
616-4	BO075	616	616	4	m:h	mh	_	_	_	_	_	linguistic	_	none	_	End=1110.21	0x1	_	_	_
617-0	BO075	617	617	0	devo	devo	_	_	_	_	_	linguistic	_	none	_	Begin=1110.61	_	_	_	_
617-1	BO075	617	617	1	speriamo	speriamo	_	_	_	_	_	linguistic	_	none	_	_	_	_	_	_
617-2	BO075	617	617	2	che	che	_	_	_	_	_	linguistic	_	none	_	_	_	_	_	_
617-3	BO075	617	617	3	i	i	_	_	_	_	_	linguistic	_	none	_	_	_	_	_	_
617-4	BO075	617	617	4	contatti	contatti	_	_	_	_	_	linguistic	_	none	_	_	_	_	_	_
617-5	BO075	617	617	5	che	che	_	_	_	_	_	linguistic	_	none	_	_	_	_	_	_
617-6	BO075	617	617	6	ho	ho	_	_	_	_	_	linguistic	_	none	_	_	_	_	_	_
617-7	BO075	617	617	7	con	con	_	_	_	_	_	linguistic	_	none	_	_	_	_	_	_
617-8	BO075	617	617	8	le	le	_	_	_	_	_	linguistic	_	none	_	_	_	_	_	_
617-9	BO075	617	617	9	case	case	_	_	_	_	_	linguistic	_	none	_	_	_	_	_	_
617-10	BO075	617	617	10	editrici:	editrici	_	_	_	_	_	linguistic	_	none	_	End=1113.62	7x1	_	_	_
618-0	BO075	618	618	0	si:	si	_	_	_	_	_	linguistic	_	none	ProsodicLink=Yes	Begin=1113.84	1x1	_	_	_
618-1	BO075	618	618	1	eh	eh	_	_	_	_	_	linguistic	_	none	_	_	_	_	_	_
618-2	BO075	618	618	2	realizzino	realizzino	_	_	_	_	_	linguistic	_	none	_	_	_	_	_	_
618-3	BO075	618	618	3	cioè:	cioè	_	_	_	_	_	linguistic	_	none	_	_	3x1	_	_	_
618-4	BO075	618	618	4	per	per	_	_	_	_	_	linguistic	_	none	_	_	_	_	_	_
618-5	BO075	618	618	5	una	una	_	_	_	_	_	linguistic	_	none	_	_	_	_	_	_
618-6	BO075	618	618	6	pubblicazione,	pubblicazione	_	_	_	_	_	linguistic	_	none	Intonation=WeaklyRising	End=1117.08	_	_	_	_
619-0	BO075	619	619	0	sì	sì	_	_	_	_	_	linguistic	_	none	_	Begin=1117.925	_	_	_	_
619-1	BO075	619	619	1	insomma	insomma	_	_	_	_	_	linguistic	_	none	_	_	_	_	_	_
619-2	BO075	619	619	2	sarà	sarà	_	_	_	_	_	linguistic	_	none	_	_	_	_	_	_
619-3	BO075	619	619	3	un	un	_	_	_	_	_	linguistic	_	none	_	_	_	_	_	_
619-4	BO075	619	619	4	anno::	anno	_	_	_	_	_	linguistic	_	none	_	_	3x2	_	_	_
619-5	BO075	619	619	5	clamoroso	clamoroso	_	_	_	_	_	linguistic	_	none	_	_	_	_	_	_
619-6	BO075	619	619	6	xxxxx	xxxxx	_	_	_	_	_	unknown	_	none	Syllables=5	_	_	_	_	_
619-7	BO075	619	619	7	ti	ti	_	_	_	_	_	linguistic	_	none	_	_	_	_	_	_
619-8	BO075	619	619	8	so	so	_	_	_	_	_	linguistic	_	none	_	_	_	_	_	_
619-9	BO075	619	619	9	dire	dire	_	_	_	_	_	linguistic	_	none	_	_	_	_	_	_
619-10	BO075	619	619	10	s[e::]	se	_	_	_	_	_	linguistic	_	none	_	End=1122.07	1x2	_	_	1-2(159)
620-0	BO049	620	620	0	[mh]	mh	_	_	_	_	_	linguistic	_	none	_	Begin=1122.008	_	_	_	0-2(159)
620-1	BO049	620	620	1	mh,	mh	_	_	_	_	_	linguistic	_	none	Intonation=WeaklyRising	End=1122.4	_	_	_	_
621-0	BO075	621	621	0	se	se	_	_	_	_	_	linguistic	_	none	_	Begin=1122.498	_	_	_	_
621-1	BO075	621	621	1	va:	va	_	_	_	_	_	linguistic	_	none	_	_	1x1	_	_	_
621-2	BO075	621	621	2	tutto	tutto	_	_	_	_	_	linguistic	_	none	_	_	_	_	_	_
621-3	BO075	621	621	3	bene.	bene	_	_	_	_	_	linguistic	_	none	Intonation=Falling	End=1123.69	_	_	_	_
622-0	BO075	622	622	0	cioè	cioè	_	_	_	_	_	linguistic	_	none	_	Begin=1123.753	_	_	_	_
622-1	BO075	622	622	1	se	se	_	_	_	_	_	linguistic	_	none	_	_	_	_	_	_
622-2	BO075	622	622	2	se	se	_	_	_	_	_	linguistic	_	none	_	_	_	_	_	_
622-3	BO075	622	622	3	riesco	riesco	_	_	_	_	_	linguistic	_	none	_	_	_	_	_	_
622-4	BO075	622	622	4	a	a	_	_	_	_	_	linguistic	_	none	_	_	_	_	_	_
622-5	BO075	622	622	5	trasferirmi	trasferirmi	_	_	_	_	_	linguistic	_	none	_	_	_	_	_	_
622-6	BO075	622	622	6	però	però	_	_	_	_	_	linguistic	_	none	_	_	_	_	_	_
622-7	BO075	622	622	7	l'	l'	_	_	_	_	_	linguistic	_	none	SpaceAfter=No	_	_	_	_	_
622-8	BO075	622	622	8	obiettivo	obiettivo	_	_	_	_	_	linguistic	_	none	_	_	_	_	_	_
622-9	BO075	622	622	9	è	è	_	_	_	_	_	linguistic	_	none	_	_	_	_	_	_
622-10	BO075	622	622	10	assoluta[mente	assolutamente	_	_	_	_	_	linguistic	_	none	_	_	_	_	_	7-13(160)
622-11	BO075	622	622	11	quello]	quello	_	_	_	_	_	linguistic	_	none	_	End=1126.87	_	_	_	0-6(160)
623-0	BO049	623	623	0	[ma	ma	_	_	_	_	_	linguistic	_	none	_	Begin=1126.16	_	_	_	0-2(160)
623-1	BO049	623	623	1	dove	dove	_	_	_	_	_	linguistic	_	none	_	_	_	_	_	0-4(160)
623-2	BO049	623	623	2	vorresti	vorresti	_	_	_	_	_	linguistic	_	none	_	_	_	_	_	0-8(160)
623-3	BO049	623	623	3	tra]sferir[ti]	trasferirti	_	_	_	_	_	linguistic	_	none	_	End=1127.63	_	_	_	0-3(160),9-11(161)
624-0	BO075	624	624	0	[di	di	_	_	_	_	_	linguistic	_	none	_	Begin=1127.415	_	_	_	0-2(161)
624-1	BO075	624	624	1	sp]arire	sparire	_	_	_	_	_	linguistic	_	none	_	_	_	_	_	0-2(161)
624-2	BO075	624	624	2	da	da	_	_	_	_	_	linguistic	_	none	_	_	_	_	_	_
624-3	BO075	624	624	3	questa	questa	_	_	_	_	_	linguistic	_	none	_	_	_	_	_	_
624-4	BO075	624	624	4	cit[tà],	città	_	_	_	_	_	linguistic	_	none	Intonation=WeaklyRising	End=1128.82	_	_	_	3-5(162)
625-0	BO049	625	625	0	[ah].	ah	_	_	_	_	_	linguistic	_	none	Intonation=Falling	Begin=1128.63|End=1128.86	_	_	_	0-2(162)
626-0	BO075	626	626	0	[e:]	e	_	_	_	_	_	linguistic	_	none	_	Begin=1129.011|End=1129.42	0x1	_	_	0-1(163)
627-0	BO049	627	627	0	[okay]	okay	_	_	_	_	_	linguistic	_	none	_	Begin=1129.07|End=1129.46	_	_	_	0-4(163)
628-0	BO075	628	628	0	eh.	eh	_	_	_	_	_	linguistic	_	none	Intonation=Falling	Begin=1129.55	_	_	_	_
628-1	BO075	628	628	1	l'	l'	_	_	_	_	_	linguistic	_	none	SpaceAfter=No	_	_	_	_	_
628-2	BO075	628	628	2	opzione	opzione	_	_	_	_	_	linguistic	_	none	_	_	_	_	_	_
628-3	BO075	628	628	3	più	più	_	_	_	_	_	linguistic	_	none	_	_	_	_	_	_
628-4	BO075	628	628	4	papabile	papabile	_	_	_	_	_	linguistic	_	none	PauseAfter=Yes	_	_	_	_	_
628-5	BO075	628	628	5	{P}	{P}	_	_	_	_	_	shortpause	_	none	_	_	_	_	_	_
628-6	BO075	628	628	6	sarebbe::	sarebbe	_	_	_	_	_	linguistic	_	none	_	End=1132.42	6x2	_	_	_
629-0	BO075	629	629	0	sarebbe	sarebbe	_	_	_	_	_	linguistic	_	none	_	Begin=1132.89	_	_	_	_
629-1	BO075	629	629	1	bologna.	bologna	_	_	_	_	_	linguistic	_	none	Intonation=Falling	End=1133.818	_	_	_	_
630-0	BO049	630	630	0	mh.	mh	_	_	_	_	_	linguistic	_	none	Intonation=Falling	Begin=1133.818|End=1134.24	_	_	_	_
631-0	BO075	631	631	0	anche	anche	_	_	_	_	_	linguistic	_	none	_	Begin=1134.493	_	_	_	_
631-1	BO075	631	631	1	perché	perché	_	_	_	_	_	linguistic	_	none	_	_	_	_	_	_
631-2	BO075	631	631	2	a	a	_	_	_	_	_	linguistic	_	none	_	_	_	_	_	_
631-3	BO075	631	631	3	livello:	livello	_	_	_	_	_	linguistic	_	none	_	_	6x1	_	_	_
631-4	BO075	631	631	4	per	per	_	_	_	_	_	linguistic	_	none	_	_	_	_	_	_
631-5	BO075	631	631	5	quanto	quanto	_	_	_	_	_	linguistic	_	none	_	_	_	_	_	_
631-6	BO075	631	631	6	riguarda	riguarda	_	_	_	_	_	linguistic	_	none	_	_	_	_	_	_
631-7	BO075	631	631	7	il	il	_	_	_	_	_	linguistic	_	none	_	_	_	_	_	_
631-8	BO075	631	631	8	mondo	mondo	_	_	_	_	_	linguistic	_	none	_	_	_	_	_	_
631-9	BO075	631	631	9	del	del	_	_	_	_	_	linguistic	_	none	_	_	_	_	_	_
631-10	BO075	631	631	10	fumetto	fumetto	_	_	_	_	_	linguistic	_	none	_	_	_	_	_	_
631-11	BO075	631	631	11	e	e	_	_	_	_	_	linguistic	_	none	_	_	_	_	_	_
631-12	BO075	631	631	12	l'	l'	_	_	_	_	_	linguistic	_	none	SpaceAfter=No	_	_	_	_	_
631-13	BO075	631	631	13	illustrazione,	illustrazione	_	_	_	_	_	linguistic	_	none	Intonation=WeaklyRising	_	_	_	_	_
631-14	BO075	631	631	14	è::	è	_	_	_	_	_	linguistic	_	none	_	End=1139.24	0x2	_	_	_
632-0	BO075	632	632	0	è	è	_	_	_	_	_	linguistic	_	none	_	Begin=1139.35	_	_	_	_
632-1	BO075	632	632	1	un	un	_	_	_	_	_	linguistic	_	none	_	_	_	_	_	_
632-2	BO075	632	632	2	po'	po'	_	_	_	_	_	linguistic	_	none	_	_	_	_	_	_
632-3	BO075	632	632	3	la	la	_	_	_	_	_	linguistic	_	none	_	_	_	_	_	_
632-4	BO075	632	632	4	capitale	capitale	_	_	_	_	_	linguistic	_	none	PauseAfter=Yes	_	_	_	_	_
632-5	BO075	632	632	5	{P}	{P}	_	_	_	_	_	shortpause	_	none	_	_	_	_	_	_
632-6	BO075	632	632	6	non	non	_	_	_	_	_	linguistic	_	none	_	_	_	_	_	_
632-7	BO075	632	632	7	d'	d'	_	_	_	_	_	linguistic	_	none	SpaceAfter=No	_	_	_	_	_
632-8	BO075	632	632	8	europa	europa	_	_	_	_	_	linguistic	_	none	_	_	_	_	_	_
632-9	BO075	632	632	9	perché	perché	_	_	_	_	_	linguistic	_	none	_	_	_	_	_	_
632-10	BO075	632	632	10	quella	quella	_	_	_	_	_	linguistic	_	none	_	_	_	_	_	_
632-11	BO075	632	632	11	lì	lì	_	_	_	_	_	linguistic	_	none	_	_	_	_	_	_
632-12	BO075	632	632	12	sarà	sarà	_	_	_	_	_	linguistic	_	none	_	_	_	_	_	_
632-13	BO075	632	632	13	sempre	sempre	_	_	_	_	_	linguistic	_	none	_	_	_	_	_	_
632-14	BO075	632	632	14	parigi	parigi	_	_	_	_	_	linguistic	_	none	_	_	_	_	_	_
632-15	BO075	632	632	15	però	però	_	_	_	_	_	linguistic	_	none	_	End=1143.02	_	_	_	_
633-0	BO075	633	633	0	in	in	_	_	_	_	_	linguistic	_	none	_	Begin=1143.083	_	_	_	_
633-1	BO075	633	633	1	italia	italia	_	_	_	_	_	linguistic	_	none	_	_	_	_	_	_
633-2	BO075	633	633	2	si[curamen(te)].	sicuramente	_	_	_	_	_	linguistic	_	none	Intonation=Falling	End=1144.39	_	_	9-11(0)	2-11(164)
634-0	BO049	634	634	0	[sì,	sì	_	_	_	_	_	linguistic	_	none	Intonation=WeaklyRising	Begin=1143.62	_	_	_	0-2(164)
634-1	BO049	634	634	1	parigi]?	parigi	_	_	_	_	_	linguistic	_	none	Intonation=Rising	End=1144.392	_	_	_	0-6(164)
635-0	BO075	635	635	0	parigi	parigi	_	_	_	_	_	linguistic	_	none	_	Begin=1145.245	_	_	_	_
635-1	BO075	635	635	1	sì.	sì	_	_	_	_	_	linguistic	_	none	Intonation=Falling	_	_	_	_	_
635-2	BO075	635	635	2	pa~	pa~	_	_	_	_	_	linguistic	_	none	Interrupted=Yes	_	_	_	_	_
635-3	BO075	635	635	3	o	o	_	_	_	_	_	linguistic	_	none	_	_	_	_	_	_
635-4	BO075	635	635	4	parigi	parigi	_	_	_	_	_	linguistic	_	none	_	_	_	_	_	_
635-5	BO075	635	635	5	in	in	_	_	_	_	_	linguistic	_	none	_	_	_	_	_	_
635-6	BO075	635	635	6	canada.	canada	_	_	_	_	_	linguistic	_	none	Intonation=Falling	End=1147.18	_	_	_	_
636-0	BO075	636	636	0	e:::h	eh	_	_	_	_	_	linguistic	_	none	_	Begin=1147.906	0x3	_	_	_
636-1	BO075	636	636	1	per	per	_	_	_	_	_	linguistic	_	none	_	_	_	_	_	_
636-2	BO075	636	636	2	i	i	_	_	_	_	_	linguistic	_	none	_	_	_	_	_	_
636-3	BO075	636	636	3	fumetti	fumetti	_	_	_	_	_	linguistic	_	none	_	_	_	_	_	_
636-4	BO075	636	636	4	sopratutto.	sopratutto	_	_	_	_	_	linguistic	_	none	Intonation=Falling	End=1150.02	_	_	_	_
637-0	BO075	637	637	0	perché	perché	_	_	_	_	_	linguistic	_	none	_	Begin=1150.081	_	_	_	_
637-1	BO075	637	637	1	ti:	ti	_	_	_	_	_	linguistic	_	none	_	End=1150.94	1x1	_	_	_
638-0	BO075	638	638	0	ci	ci	_	_	_	_	_	linguistic	_	none	_	Begin=1151.061	_	_	_	_
638-1	BO075	638	638	1	ti	ti	_	_	_	_	_	linguistic	_	none	_	_	_	_	_	_
638-2	BO075	638	638	2	pagano	pagano	_	_	_	_	_	linguistic	_	none	PauseAfter=Yes	_	_	_	_	_
638-3	BO075	638	638	3	{P}	{P}	_	_	_	_	_	shortpause	_	none	_	_	_	_	_	_
638-4	BO075	638	638	4	fondamental[mente:]	fondamentalmente	_	_	_	_	_	linguistic	_	none	_	End=1153.45	15x1	_	_	11-16(165)
639-0	BO049	639	639	0	[sì]?	sì	_	_	_	_	_	linguistic	_	none	Intonation=Rising	Begin=1152.73	_	_	_	0-2(165)
639-1	BO049	639	639	1	figo.	figo	_	_	_	_	_	linguistic	_	none	Intonation=Falling	End=1153.94	_	_	_	_
640-0	BO075	640	640	0	pei	pei	_	_	_	_	_	linguistic	_	none	_	Begin=1154.1	_	_	_	_
640-1	BO075	640	640	1	sì	sì	_	_	_	_	_	linguistic	_	none	PauseAfter=Yes	_	_	_	_	_
640-2	BO075	640	640	2	{P}	{P}	_	_	_	_	_	shortpause	_	none	_	_	_	_	_	_
640-3	BO075	640	640	3	e::h	eh	_	_	_	_	_	linguistic	_	none	_	_	0x2	_	_	_
640-4	BO075	640	640	4	culturalmente	culturalmente	_	_	_	_	_	linguistic	_	none	_	_	_	_	_	_
640-5	BO075	640	640	5	proprio	proprio	_	_	_	_	_	linguistic	_	none	_	_	_	_	_	_
640-6	BO075	640	640	6	molto	molto	_	_	_	_	_	linguistic	_	none	_	_	_	_	_	_
640-7	BO075	640	640	7	diversa	diversa	_	_	_	_	_	linguistic	_	none	_	_	_	_	_	_
640-8	BO075	640	640	8	come:	come	_	_	_	_	_	linguistic	_	none	_	End=1158.04	3x1	_	_	_
641-0	BO049	641	641	0	>quindi	quindi	_	_	_	_	_	linguistic	_	none	_	Begin=1158.39	_	Fast=0-6(0)	_	_
641-1	BO049	641	641	1	[dovresti	dovresti	_	_	_	_	_	linguistic	_	none	_	_	_	Fast=0-8(0)	_	0-8(166)
641-2	BO049	641	641	2	imparare	imparare	_	_	_	_	_	linguistic	_	none	_	_	_	Fast=0-8(0)	_	0-8(166)
641-3	BO049	641	641	3	un	un	_	_	_	_	_	linguistic	_	none	_	_	_	Fast=0-2(0)	_	0-2(166)
641-4	BO049	641	641	4	po'	po'	_	_	_	_	_	linguistic	_	none	SpaceAfter=No	_	_	Fast=0-3(0)	_	0-3(166)
641-5	BO049	641	641	5	di]	di	_	_	_	_	_	linguistic	_	none	_	_	_	Fast=0-2(0)	_	0-2(166)
641-6	BO049	641	641	6	francese<	francese	_	_	_	_	_	linguistic	_	none	_	End=1160.01	_	Fast=0-8(0)	_	_
642-0	BO075	642	642	0	[un	un	_	_	_	_	_	linguistic	_	none	_	Begin=1158.71	_	_	_	0-2(166)
642-1	BO075	642	642	1	clima]	clima	_	_	_	_	_	linguistic	_	none	_	End=1159.3	_	_	_	0-5(166)
643-0	BO075	643	643	0	eh.	eh	_	_	_	_	_	linguistic	_	none	Intonation=Falling	Begin=1160.15|End=1160.52	_	_	_	_
644-0	BO075	644	644	0	eh	eh	_	_	_	_	_	linguistic	_	none	_	Begin=1160.643	_	_	_	_
644-1	BO075	644	644	1	infatti	infatti	_	_	_	_	_	linguistic	_	none	_	_	_	_	_	_
644-2	BO075	644	644	2	per	per	_	_	_	_	_	linguistic	_	none	_	_	_	_	_	_
644-3	BO075	644	644	3	quello	quello	_	_	_	_	_	linguistic	_	none	_	_	_	_	_	_
644-4	BO075	644	644	4	che	che	_	_	_	_	_	linguistic	_	none	_	_	_	_	_	_
644-5	BO075	644	644	5	dico	dico	_	_	_	_	_	linguistic	_	none	_	_	_	_	_	_
644-6	BO075	644	644	6	che	che	_	_	_	_	_	linguistic	_	none	_	_	_	_	_	_
644-7	BO075	644	644	7	l'	l'	_	_	_	_	_	linguistic	_	none	SpaceAfter=No	_	_	_	_	_
644-8	BO075	644	644	8	opzione	opzione	_	_	_	_	_	linguistic	_	none	_	_	_	_	_	_
644-9	BO075	644	644	9	più	più	_	_	_	_	_	linguistic	_	none	_	_	_	_	_	_
644-10	BO075	644	644	10	papalib~	papalib~	_	_	_	_	_	linguistic	_	none	Interrupted=Yes	_	_	_	_	_
644-11	BO075	644	644	11	papabile	papabile	_	_	_	_	_	linguistic	_	none	_	_	_	_	_	_
644-12	BO075	644	644	12	sarà	sarà	_	_	_	_	_	linguistic	_	none	_	_	_	_	_	_
644-13	BO075	644	644	13	rimanere	rimanere	_	_	_	_	_	linguistic	_	none	_	_	_	_	_	_
644-14	BO075	644	644	14	in	in	_	_	_	_	_	linguistic	_	none	_	_	_	_	_	_
644-15	BO075	644	644	15	italia	italia	_	_	_	_	_	linguistic	_	none	_	_	_	_	_	_
644-16	BO075	644	644	16	per	per	_	_	_	_	_	linguistic	_	none	_	_	_	_	_	_
644-17	BO075	644	644	17	i	i	_	_	_	_	_	linguistic	_	none	_	_	_	_	_	_
644-18	BO075	644	644	18	prossimi	prossimi	_	_	_	_	_	linguistic	_	none	_	_	_	_	_	_
644-19	BO075	644	644	19	anni	anni	_	_	_	_	_	linguistic	_	none	_	_	_	_	_	_
644-20	BO075	644	644	20	e	e	_	_	_	_	_	linguistic	_	none	_	_	_	_	_	_
644-21	BO075	644	644	21	poi	poi	_	_	_	_	_	linguistic	_	none	_	_	_	_	_	_
644-22	BO075	644	644	22	vediamo.	vediamo	_	_	_	_	_	linguistic	_	none	Intonation=Falling	End=1166.131	_	_	_	_
645-0	BO075	645	645	0	>però	però	_	_	_	_	_	linguistic	_	none	_	Begin=1167.061	_	Fast=0-4(0)	_	_
645-1	BO075	645	645	1	sì	sì	_	_	_	_	_	linguistic	_	none	_	_	_	Fast=0-2(0)	_	_
645-2	BO075	645	645	2	spero	spero	_	_	_	_	_	linguistic	_	none	_	_	_	Fast=0-5(0)	_	_
645-3	BO075	645	645	3	che	che	_	_	_	_	_	linguistic	_	none	_	_	_	Fast=0-3(0)	_	_
645-4	BO075	645	645	4	entro	entro	_	_	_	_	_	linguistic	_	none	_	_	_	Fast=0-5(0)	_	_
645-5	BO075	645	645	5	la	la	_	_	_	_	_	linguistic	_	none	_	_	_	Fast=0-2(0)	_	_
645-6	BO075	645	645	6	fine	fine	_	_	_	_	_	linguistic	_	none	_	_	_	Fast=0-4(0)	_	_
645-7	BO075	645	645	7	dell'	dell'	_	_	_	_	_	linguistic	_	none	SpaceAfter=No	_	_	Fast=0-5(0)	_	_
645-8	BO075	645	645	8	anno<	anno	_	_	_	_	_	linguistic	_	none	_	_	_	Fast=0-4(0)	_	_
645-9	BO075	645	645	9	la	la	_	_	_	_	_	linguistic	_	none	_	_	_	_	_	_
645-10	BO075	645	645	10	fine	fine	_	_	_	_	_	linguistic	_	none	_	_	_	_	_	_
645-11	BO075	645	645	11	del	del	_	_	_	_	_	linguistic	_	none	_	_	_	_	_	_
645-12	BO075	645	645	12	prossimo	prossimo	_	_	_	_	_	linguistic	_	none	_	_	_	_	_	_
645-13	BO075	645	645	13	anno	anno	_	_	_	_	_	linguistic	_	none	_	End=1170.19	_	_	_	_
646-0	BO075	646	646	0	si	si	_	_	_	_	_	linguistic	_	none	_	Begin=1171.27	_	_	_	_
646-1	BO075	646	646	1	realizzi	realizzi	_	_	_	_	_	linguistic	_	none	PauseAfter=Yes	_	_	_	_	_
646-2	BO075	646	646	2	{P}	{P}	_	_	_	_	_	shortpause	_	none	_	_	_	_	_	_
646-3	BO075	646	646	3	oddio.	oddio	_	_	_	_	_	linguistic	_	none	Intonation=Falling	_	_	_	_	_
646-4	BO075	646	646	4	[si	si	_	_	_	_	_	linguistic	_	none	_	_	_	_	_	0-2(167)
646-5	BO075	646	646	5	realizzi:]	realizzi	_	_	_	_	_	linguistic	_	none	_	_	7x1	_	_	0-8(167)
646-6	BO075	646	646	6	tutto::	tutto	_	_	_	_	_	linguistic	_	none	_	End=1173.86	4x2	_	_	_
647-0	BO049	647	647	0	[vai	vai	_	_	_	_	_	linguistic	_	none	_	Begin=1172.21	_	_	_	0-3(167)
647-1	BO049	647	647	1	tranquillo]	tranquillo	_	_	_	_	_	linguistic	_	none	_	End=1173.02	_	_	_	0-10(167)
648-0	BO049	648	648	0	°xx°	xx	_	_	_	_	_	unknown	_	none	Volume=low|Syllables=2	Begin=1174.335	_	_	_	_
648-1	BO049	648	648	1	{ride}	{ride}	_	_	_	_	_	nonverbalbehavior	_	none	_	End=1174.85	_	_	_	_
649-0	BO075	649	649	0	tutto	tutto	_	_	_	_	_	linguistic	_	none	_	Begin=1174.85	_	_	_	_
649-1	BO075	649	649	1	questo.	questo	_	_	_	_	_	linguistic	_	none	Intonation=Falling	_	_	_	_	_
649-2	BO075	649	649	2	e::::h	eh	_	_	_	_	_	linguistic	_	none	ProsodicLink=Yes	_	0x4	_	_	_
649-3	BO075	649	649	3	m:h	mh	_	_	_	_	_	linguistic	_	none	_	End=1175.61	0x1	_	_	_
650-0	BO049	650	650	0	{ride}	{ride}	_	_	_	_	_	nonverbalbehavior	_	none	_	Begin=1175.251|End=1175.838	_	_	_	_
651-0	BO075	651	651	0	e::h	eh	_	_	_	_	_	linguistic	_	none	ProsodicLink=Yes	Begin=1175.691	0x2	_	_	_
651-1	BO075	651	651	1	m::h	mh	_	_	_	_	_	linguistic	_	none	_	End=1177.33	0x2	_	_	_
652-0	BO075	652	652	0	sì.	sì	_	_	_	_	_	linguistic	_	none	Intonation=Falling	Begin=1178.53	_	_	_	_
652-1	BO075	652	652	1	@nomepaese	@nomepaese	_	_	_	_	_	anonymized	_	none	_	_	_	_	_	_
652-2	BO075	652	652	2	eh	eh	_	_	_	_	_	linguistic	_	none	_	_	_	_	_	_
652-3	BO075	652	652	3	@nomepaese	@nomepaese	_	_	_	_	_	anonymized	_	none	_	_	_	_	_	_
652-4	BO075	652	652	4	e::h	eh	_	_	_	_	_	linguistic	_	none	_	_	0x2	_	_	_
652-5	BO075	652	652	5	io:	io	_	_	_	_	_	linguistic	_	none	_	_	1x1	_	_	_
652-6	BO075	652	652	6	spero.	spero	_	_	_	_	_	linguistic	_	none	Intonation=Falling	End=1181.51	_	_	_	_
653-0	BO075	653	653	0	di	di	_	_	_	_	_	linguistic	_	none	_	Begin=1181.55	_	_	_	_
653-1	BO075	653	653	1	levarmi	levarmi	_	_	_	_	_	linguistic	_	none	_	_	_	_	_	_
653-2	BO075	653	653	2	di	di	_	_	_	_	_	linguistic	_	none	_	_	_	_	_	_
653-3	BO075	653	653	3	torno	torno	_	_	_	_	_	linguistic	_	none	_	_	_	_	_	_
653-4	BO075	653	653	4	il	il	_	_	_	_	_	linguistic	_	none	_	_	_	_	_	_
653-5	BO075	653	653	5	prima	prima	_	_	_	_	_	linguistic	_	none	_	_	_	_	_	_
653-6	BO075	653	653	6	possibile.	possibile	_	_	_	_	_	linguistic	_	none	Intonation=Falling	End=1183.31	_	_	_	_
654-0	BO049	654	654	0	non:	non	_	_	_	_	_	linguistic	_	none	_	Begin=1183.31	2x1	_	_	_
654-1	BO049	654	654	1	ma	ma	_	_	_	_	_	linguistic	_	none	_	_	_	_	_	_
654-2	BO049	654	654	2	non	non	_	_	_	_	_	linguistic	_	none	_	_	_	_	_	_
654-3	BO049	654	654	3	ti	ti	_	_	_	_	_	linguistic	_	none	_	_	_	_	_	_
654-4	BO049	654	654	4	piace	piace	_	_	_	_	_	linguistic	_	none	_	_	_	_	_	_
654-5	BO049	654	654	5	star	star	_	_	_	_	_	linguistic	_	none	_	_	_	_	_	_
654-6	BO049	654	654	6	qua	qua	_	_	_	_	_	linguistic	_	none	_	_	_	_	_	_
654-7	BO049	654	654	7	oppure	oppure	_	_	_	_	_	linguistic	_	none	PauseAfter=Yes	_	_	_	_	_
654-8	BO049	654	654	8	{P}	{P}	_	_	_	_	_	shortpause	_	none	_	_	_	_	_	_
654-9	BO049	654	654	9	dici	dici	_	_	_	_	_	linguistic	_	none	_	_	_	_	_	_
654-10	BO049	654	654	10	solo	solo	_	_	_	_	_	linguistic	_	none	PauseAfter=Yes	_	_	_	_	_
654-11	BO049	654	654	11	{P}	{P}	_	_	_	_	_	shortpause	_	none	_	_	_	_	_	_
654-12	BO049	654	654	12	per	per	_	_	_	_	_	linguistic	_	none	_	_	_	_	_	_
654-13	BO049	654	654	13	un	un	_	_	_	_	_	linguistic	_	none	_	_	_	_	_	_
654-14	BO049	654	654	14	bisogno	bisogno	_	_	_	_	_	linguistic	_	none	_	_	_	_	_	_
654-15	BO049	654	654	15	lavorativo	lavorativo	_	_	_	_	_	linguistic	_	none	_	End=1187.55	_	_	_	_
655-0	BO075	655	655	0	più	più	_	_	_	_	_	linguistic	_	none	_	Begin=1188.125	_	_	_	_
655-1	BO075	655	655	1	più	più	_	_	_	_	_	linguistic	_	none	_	_	_	_	_	_
655-2	BO075	655	655	2	per	per	_	_	_	_	_	linguistic	_	none	_	_	_	_	_	_
655-3	BO075	655	655	3	un	un	_	_	_	_	_	linguistic	_	none	_	_	_	_	_	_
655-4	BO075	655	655	4	bisogno	bisogno	_	_	_	_	_	linguistic	_	none	_	_	_	_	_	_
655-5	BO075	655	655	5	lavorativo	lavorativo	_	_	_	_	_	linguistic	_	none	_	_	_	_	_	_
655-6	BO075	655	655	6	ma	ma	_	_	_	_	_	linguistic	_	none	_	_	_	_	_	_
655-7	BO075	655	655	7	anche	anche	_	_	_	_	_	linguistic	_	none	_	_	_	_	_	_
655-8	BO075	655	655	8	perché::::	perché	_	_	_	_	_	linguistic	_	none	_	End=1191.26	5x4	_	_	_
656-0	BO075	656	656	0	è	è	_	_	_	_	_	linguistic	_	none	_	Begin=1191.313	_	_	_	_
656-1	BO075	656	656	1	da	da	_	_	_	_	_	linguistic	_	none	_	_	_	_	_	_
656-2	BO075	656	656	2	un	un	_	_	_	_	_	linguistic	_	none	_	_	_	_	_	_
656-3	BO075	656	656	3	po'	po'	_	_	_	_	_	linguistic	_	none	PauseAfter=Yes	_	_	_	_	_
656-4	BO075	656	656	4	{P}	{P}	_	_	_	_	_	shortpause	_	none	_	_	_	_	_	_
656-5	BO075	656	656	5	un	un	_	_	_	_	_	linguistic	_	none	_	_	_	_	_	_
656-6	BO075	656	656	6	po'	po'	_	_	_	_	_	linguistic	_	none	_	_	_	_	_	_
656-7	BO075	656	656	7	tanto	tanto	_	_	_	_	_	linguistic	_	none	_	_	_	_	_	_
656-8	BO075	656	656	8	tempo	tempo	_	_	_	_	_	linguistic	_	none	_	_	_	_	_	_
656-9	BO075	656	656	9	dopo	dopo	_	_	_	_	_	linguistic	_	none	_	_	_	_	_	_
656-10	BO075	656	656	10	londra	londra	_	_	_	_	_	linguistic	_	none	_	_	_	_	_	_
656-11	BO075	656	656	11	che	che	_	_	_	_	_	linguistic	_	none	_	_	_	_	_	_
656-12	BO075	656	656	12	alla	alla	_	_	_	_	_	linguistic	_	none	_	_	_	_	_	_
656-13	BO075	656	656	13	fine::	fine	_	_	_	_	_	linguistic	_	none	_	End=1195.04	3x2	_	_	_
657-0	BO075	657	657	0	>cioè	cioè	_	_	_	_	_	linguistic	_	none	_	Begin=1195.09	_	Fast=0-4(0)	_	_
657-1	BO075	657	657	1	ho<	ho	_	_	_	_	_	linguistic	_	none	_	_	_	Fast=0-2(0)	_	_
657-2	BO075	657	657	2	ho	ho	_	_	_	_	_	linguistic	_	none	_	_	_	_	_	_
657-3	BO075	657	657	3	vissuto,	vissuto	_	_	_	_	_	linguistic	_	none	Intonation=WeaklyRising	End=1196.21	_	_	_	_
658-0	BO075	658	658	0	anche	anche	_	_	_	_	_	linguistic	_	none	_	Begin=1196.271	_	_	_	_
658-1	BO075	658	658	1	a	a	_	_	_	_	_	linguistic	_	none	_	_	_	_	_	_
658-2	BO075	658	658	2	bologna	bologna	_	_	_	_	_	linguistic	_	none	_	_	_	_	_	_
658-3	BO075	658	658	3	però	però	_	_	_	_	_	linguistic	_	none	_	_	_	_	_	_
658-4	BO075	658	658	4	non:	non	_	_	_	_	_	linguistic	_	none	_	_	2x1	_	_	_
658-5	BO075	658	658	5	non	non	_	_	_	_	_	linguistic	_	none	_	_	_	_	_	_
658-6	BO075	658	658	6	ho	ho	_	_	_	_	_	linguistic	_	none	_	_	_	_	_	_
658-7	BO075	658	658	7	mai	mai	_	_	_	_	_	linguistic	_	none	ProsodicLink=Yes	_	_	_	_	_
658-8	BO075	658	658	8	e:h	eh	_	_	_	_	_	linguistic	_	none	_	_	0x1	_	_	_
658-9	BO075	658	658	9	avuto	avuto	_	_	_	_	_	linguistic	_	none	_	_	_	_	_	_
658-10	BO075	658	658	10	un	un	_	_	_	_	_	linguistic	_	none	_	_	_	_	_	_
658-11	BO075	658	658	11	aff~	aff~	_	_	_	_	_	linguistic	_	none	Interrupted=Yes	_	_	_	_	_
658-12	BO075	658	658	12	cioè	cioè	_	_	_	_	_	linguistic	_	none	_	_	_	_	_	_
658-13	BO075	658	658	13	non	non	_	_	_	_	_	linguistic	_	none	_	_	_	_	_	_
658-14	BO075	658	658	14	pagavo	pagavo	_	_	_	_	_	linguistic	_	none	_	_	_	_	_	_
658-15	BO075	658	658	15	un	un	_	_	_	_	_	linguistic	_	none	_	_	_	_	_	_
658-16	BO075	658	658	16	affitto	affitto	_	_	_	_	_	linguistic	_	none	_	End=1200.366	_	_	_	_
659-0	BO049	659	659	0	e	e	_	_	_	_	_	linguistic	_	none	_	Begin=1200.69	_	_	_	_
659-1	BO049	659	659	1	come	come	_	_	_	_	_	linguistic	_	none	_	_	_	_	_	_
659-2	BO049	659	659	2	hai	hai	_	_	_	_	_	linguistic	_	none	_	_	_	_	_	_
659-3	BO049	659	659	3	v[issuto	vissuto	_	_	_	_	_	linguistic	_	none	_	_	_	_	_	1-7(168)
659-4	BO049	659	659	4	a	a	_	_	_	_	_	linguistic	_	none	_	_	_	_	_	0-1(168)
659-5	BO049	659	659	5	bologna]?	bologna	_	_	_	_	_	linguistic	_	none	Intonation=Rising	End=1201.94	_	_	_	0-7(168)
660-0	BO075	660	660	0	[vivevo	vivevo	_	_	_	_	_	linguistic	_	none	_	Begin=1201.14	_	_	_	0-6(168)
660-1	BO075	660	660	1	da	da	_	_	_	_	_	linguistic	_	none	_	_	_	_	_	0-2(168)
660-2	BO075	660	660	2	altre	altre	_	_	_	_	_	linguistic	_	none	_	_	_	_	_	0-5(168)
660-3	BO075	660	660	3	pers]o~	perso~	_	_	_	_	_	linguistic	_	none	Interrupted=Yes	_	_	_	_	0-4(168)
660-4	BO075	660	660	4	(da)	da	_	_	_	_	_	linguistic	_	none	_	_	_	_	0-2(0)	_
660-5	BO075	660	660	5	da	da	_	_	_	_	_	linguistic	_	none	_	_	_	_	_	_
660-6	BO075	660	660	6	altr[e	altre	_	_	_	_	_	linguistic	_	none	_	_	_	_	_	4-5(169)
660-7	BO075	660	660	7	perso]ne:,	persone	_	_	_	_	_	linguistic	_	none	Intonation=WeaklyRising	End=1203.61	6x1	_	_	0-5(169)
661-0	BO049	661	661	0	[ah]	ah	_	_	_	_	_	linguistic	_	none	_	Begin=1202.72|End=1203.11	_	_	_	0-2(169)
662-0	BO075	662	662	0	e::	e	_	_	_	_	_	linguistic	_	none	_	Begin=1203.66|End=1204.2	0x2	_	_	_
663-0	BO075	663	663	0	eh	eh	_	_	_	_	_	linguistic	_	none	ProsodicLink=Yes	Begin=1206.045	_	_	_	_
663-1	BO075	663	663	1	mh.	mh	_	_	_	_	_	linguistic	_	none	Intonation=Falling	_	_	_	_	_
663-2	BO075	663	663	2	è	è	_	_	_	_	_	linguistic	_	none	_	_	_	_	_	_
663-3	BO075	663	663	3	un	un	_	_	_	_	_	linguistic	_	none	_	_	_	_	_	_
663-4	BO075	663	663	4	clima	clima	_	_	_	_	_	linguistic	_	none	_	_	_	_	_	_
663-5	BO075	663	663	5	che	che	_	_	_	_	_	linguistic	_	none	_	_	_	_	_	_
663-6	BO075	663	663	6	quello	quello	_	_	_	_	_	linguistic	_	none	_	_	_	_	_	_
663-7	BO075	663	663	7	bolognese	bolognese	_	_	_	_	_	linguistic	_	none	_	_	_	_	_	_
663-8	BO075	663	663	8	non	non	_	_	_	_	_	linguistic	_	none	_	_	_	_	_	_
663-9	BO075	663	663	9	mi	mi	_	_	_	_	_	linguistic	_	none	_	_	_	_	_	_
663-10	BO075	663	663	10	garba	garba	_	_	_	_	_	linguistic	_	none	_	_	_	_	_	_
663-11	BO075	663	663	11	tantissimo.	tantissimo	_	_	_	_	_	linguistic	_	none	Intonation=Falling	End=1209.16	_	_	_	_
664-0	BO049	664	664	0	come	come	_	_	_	_	_	linguistic	_	none	_	Begin=1209.191	_	_	_	_
664-1	BO049	664	664	1	mai?	mai	_	_	_	_	_	linguistic	_	none	Intonation=Rising	End=1209.65	_	_	_	_
665-0	BO075	665	665	0	perché:	perché	_	_	_	_	_	linguistic	_	none	_	Begin=1209.703	5x1	_	_	_
665-1	BO075	665	665	1	ti	ti	_	_	_	_	_	linguistic	_	none	_	_	_	_	_	_
665-2	BO075	665	665	2	>è	è	_	_	_	_	_	linguistic	_	none	_	_	_	Fast=0-1(0)	_	_
665-3	BO075	665	665	3	facilissimo	facilissimo	_	_	_	_	_	linguistic	_	none	_	_	_	Fast=0-11(0)	_	_
665-4	BO075	665	665	4	perdersi<.	perdersi	_	_	_	_	_	linguistic	_	none	Intonation=Falling	End=1211.985	_	Fast=0-8(0)	_	_
666-0	BO049	666	666	0	ah	ah	_	_	_	_	_	linguistic	_	none	_	Begin=1212.3	_	_	_	_
666-1	BO049	666	666	1	nel	nel	_	_	_	_	_	linguistic	_	none	_	_	_	_	_	_
666-2	BO049	666	666	2	[senso	senso	_	_	_	_	_	linguistic	_	none	_	_	_	_	_	0-5(170)
666-3	BO049	666	666	3	di	di	_	_	_	_	_	linguistic	_	none	_	_	_	_	_	0-2(170)
666-4	BO049	666	666	4	non::	non	_	_	_	_	_	linguistic	_	none	_	_	2x2	_	_	0-3(170)
666-5	BO049	666	666	5	sì].	sì	_	_	_	_	_	linguistic	_	none	Intonation=Falling	End=1214.19	_	_	_	0-2(170)
667-0	BO075	667	667	0	[e:::h	eh	_	_	_	_	_	linguistic	_	none	PauseAfter=Yes	Begin=1212.77	0x3	_	_	0-2(170)
667-1	BO075	667	667	1	{P}	{P}	_	_	_	_	_	shortpause	_	none	_	_	_	_	_	0-3(170)
667-2	BO075	667	667	2	sì].	sì	_	_	_	_	_	linguistic	_	none	Intonation=Falling	End=1214.04	_	_	_	0-2(170)
668-0	BO049	668	668	0	[sbandare	sbandare	_	_	_	_	_	linguistic	_	none	_	Begin=1214.57	_	_	_	0-8(171)
668-1	BO049	668	668	1	un	un	_	_	_	_	_	linguistic	_	none	_	_	_	_	_	0-2(171)
668-2	BO049	668	668	2	po']	po'	_	_	_	_	_	linguistic	_	none	_	End=1215.49	_	_	_	0-3(171)
669-0	BO075	669	669	0	[e::h	eh	_	_	_	_	_	linguistic	_	none	ProsodicLink=Yes	Begin=1214.62	0x2	_	_	0-2(171)
669-1	BO075	669	669	1	m:::h]	mh	_	_	_	_	_	linguistic	_	none	_	End=1215.62	0x3	_	_	0-2(171)
670-0	BO075	670	670	0	e	e	_	_	_	_	_	linguistic	_	none	_	Begin=1216.305	_	_	_	_
670-1	BO075	670	670	1	poi	poi	_	_	_	_	_	linguistic	_	none	_	_	_	_	_	_
670-2	BO075	670	670	2	e	e	_	_	_	_	_	linguistic	_	none	_	_	_	_	_	_
670-3	BO075	670	670	3	poi	poi	_	_	_	_	_	linguistic	_	none	PauseAfter=Yes	_	_	_	_	_
670-4	BO075	670	670	4	{P}	{P}	_	_	_	_	_	shortpause	_	none	_	_	_	_	_	_
670-5	BO075	670	670	5	in	in	_	_	_	_	_	linguistic	_	none	_	_	_	_	_	_
670-6	BO075	670	670	6	realtà	realtà	_	_	_	_	_	linguistic	_	none	_	_	_	_	_	_
670-7	BO075	670	670	7	mi	mi	_	_	_	_	_	linguistic	_	none	_	_	_	_	_	_
670-8	BO075	670	670	8	ca~	ca~	_	_	_	_	_	linguistic	_	none	Interrupted=Yes	_	_	_	_	_
670-9	BO075	670	670	9	mi	mi	_	_	_	_	_	linguistic	_	none	_	_	_	_	_	_
670-10	BO075	670	670	10	piace	piace	_	_	_	_	_	linguistic	_	none	_	_	_	_	_	_
670-11	BO075	670	670	11	@nomepaese	@nomepaese	_	_	_	_	_	anonymized	_	none	_	_	_	_	_	_
670-12	BO075	670	670	12	perché	perché	_	_	_	_	_	linguistic	_	none	_	End=1219.26	_	_	_	_
671-0	BO075	671	671	0	è	è	_	_	_	_	_	linguistic	_	none	_	Begin=1220.5	_	_	_	_
671-1	BO075	671	671	1	una	una	_	_	_	_	_	linguistic	_	none	_	_	_	_	_	_
671-2	BO075	671	671	2	città	città	_	_	_	_	_	linguistic	_	none	_	_	_	_	_	_
671-3	BO075	671	671	3	a	a	_	_	_	_	_	linguistic	_	none	_	_	_	_	_	_
671-4	BO075	671	671	4	misura	misura	_	_	_	_	_	linguistic	_	none	_	_	_	_	_	_
671-5	BO075	671	671	5	d'	d'	_	_	_	_	_	linguistic	_	none	SpaceAfter=No	_	_	_	_	_
671-6	BO075	671	671	6	uomo,	uomo	_	_	_	_	_	linguistic	_	none	Intonation=WeaklyRising	End=1221.83	_	_	_	_
672-0	BO075	672	672	0	c'	c'	_	_	_	_	_	linguistic	_	none	SpaceAfter=No	Begin=1222.61	_	_	_	_
672-1	BO075	672	672	1	è	è	_	_	_	_	_	linguistic	_	none	_	_	_	_	_	_
672-2	BO075	672	672	2	tutto	tutto	_	_	_	_	_	linguistic	_	none	_	_	_	_	_	_
672-3	BO075	672	672	3	quello	quello	_	_	_	_	_	linguistic	_	none	_	_	_	_	_	_
672-4	BO075	672	672	4	che	che	_	_	_	_	_	linguistic	_	none	_	_	_	_	_	_
672-5	BO075	672	672	5	serve,	serve	_	_	_	_	_	linguistic	_	none	Intonation=WeaklyRising	End=1223.86	_	_	_	_
673-0	BO075	673	673	0	solo	solo	_	_	_	_	_	linguistic	_	none	_	Begin=1224.86	_	_	_	_
673-1	BO075	673	673	1	che	che	_	_	_	_	_	linguistic	_	none	_	End=1225.57	_	_	_	_
674-0	BO075	674	674	0	allo	allo	_	_	_	_	_	linguistic	_	none	_	Begin=1225.653	_	_	_	_
674-1	BO075	674	674	1	stesso	stesso	_	_	_	_	_	linguistic	_	none	_	_	_	_	_	_
674-2	BO075	674	674	2	tempo	tempo	_	_	_	_	_	linguistic	_	none	_	_	_	_	_	_
674-3	BO075	674	674	3	sono	sono	_	_	_	_	_	linguistic	_	none	PauseAfter=Yes	_	_	_	_	_
674-4	BO075	674	674	4	{P}	{P}	_	_	_	_	_	shortpause	_	none	_	_	_	_	_	_
674-5	BO075	674	674	5	una	una	_	_	_	_	_	linguistic	_	none	_	_	_	_	_	_
674-6	BO075	674	674	6	persona	persona	_	_	_	_	_	linguistic	_	none	_	_	_	_	_	_
674-7	BO075	674	674	7	curiosa	curiosa	_	_	_	_	_	linguistic	_	none	_	End=1227.97	_	_	_	_
675-0	BO075	675	675	0	e	e	_	_	_	_	_	linguistic	_	none	_	Begin=1228.9	_	_	_	_
675-1	BO075	675	675	1	sinceramente	sinceramente	_	_	_	_	_	linguistic	_	none	_	_	_	_	_	_
675-2	BO075	675	675	2	di	di	_	_	_	_	_	linguistic	_	none	_	_	_	_	_	_
675-3	BO075	675	675	3	passare	passare	_	_	_	_	_	linguistic	_	none	_	_	_	_	_	_
675-4	BO075	675	675	4	dell'	dell'	_	_	_	_	_	linguistic	_	none	SpaceAfter=No	_	_	_	_	_
675-5	BO075	675	675	5	altro	altro	_	_	_	_	_	linguistic	_	none	_	_	_	_	_	_
675-6	BO075	675	675	6	tempo	tempo	_	_	_	_	_	linguistic	_	none	_	_	_	_	_	_
675-7	BO075	675	675	7	qui	qui	_	_	_	_	_	linguistic	_	none	_	_	_	_	_	_
675-8	BO075	675	675	8	che	che	_	_	_	_	_	linguistic	_	none	_	_	_	_	_	_
675-9	BO075	675	675	9	la	la	_	_	_	_	_	linguistic	_	none	_	_	_	_	_	_
675-10	BO075	675	675	10	conosco	conosco	_	_	_	_	_	linguistic	_	none	_	_	_	_	_	_
675-11	BO075	675	675	11	come	come	_	_	_	_	_	linguistic	_	none	_	_	_	_	_	_
675-12	BO075	675	675	12	le	le	_	_	_	_	_	linguistic	_	none	_	_	_	_	_	_
675-13	BO075	675	675	13	mie	mie	_	_	_	_	_	linguistic	_	none	_	_	_	_	_	_
675-14	BO075	675	675	14	tasche	tasche	_	_	_	_	_	linguistic	_	none	_	_	_	_	_	_
675-15	BO075	675	675	15	non	non	_	_	_	_	_	linguistic	_	none	_	_	_	_	_	_
675-16	BO075	675	675	16	è	è	_	_	_	_	_	linguistic	_	none	_	_	_	_	_	_
675-17	BO075	675	675	17	che:	che	_	_	_	_	_	linguistic	_	none	_	_	2x1	_	_	_
675-18	BO075	675	675	18	ci	ci	_	_	_	_	_	linguistic	_	none	_	_	_	_	_	_
675-19	BO075	675	675	19	trovi	trovi	_	_	_	_	_	linguistic	_	none	_	_	_	_	_	_
675-20	BO075	675	675	20	qualcosa	qualcosa	_	_	_	_	_	linguistic	_	none	_	_	_	_	_	_
675-21	BO075	675	675	21	di	di	_	_	_	_	_	linguistic	_	none	_	_	_	_	_	_
675-22	BO075	675	675	22	particolarmente	particolarmente	_	_	_	_	_	linguistic	_	none	_	_	_	_	_	_
675-23	BO075	675	675	23	stimolante	stimolante	_	_	_	_	_	linguistic	_	none	_	_	_	_	_	_
675-24	BO075	675	675	24	ecco	ecco	_	_	_	_	_	linguistic	_	none	_	End=1234.99	_	_	_	_
676-0	BO075	676	676	0	>bologna	bologna	_	_	_	_	_	linguistic	_	none	_	Begin=1235.71	_	Fast=0-7(0)	_	_
676-1	BO075	676	676	1	alla	alla	_	_	_	_	_	linguistic	_	none	_	_	_	Fast=0-4(0)	_	_
676-2	BO075	676	676	2	fine	fine	_	_	_	_	_	linguistic	_	none	_	_	_	Fast=0-4(0)	_	_
676-3	BO075	676	676	3	io	io	_	_	_	_	_	linguistic	_	none	_	_	_	Fast=0-2(0)	_	_
676-4	BO075	676	676	4	l'	l'	_	_	_	_	_	linguistic	_	none	SpaceAfter=No	_	_	Fast=0-2(0)	_	_
676-5	BO075	676	676	5	ho	ho	_	_	_	_	_	linguistic	_	none	_	_	_	Fast=0-2(0)	_	_
676-6	BO075	676	676	6	vissuta	vissuta	_	_	_	_	_	linguistic	_	none	_	_	_	Fast=0-7(0)	_	_
676-7	BO075	676	676	7	molto	molto	_	_	_	_	_	linguistic	_	none	_	_	_	Fast=0-5(0)	_	_
676-8	BO075	676	676	8	più	più	_	_	_	_	_	linguistic	_	none	_	_	_	Fast=0-3(0)	_	_
676-9	BO075	676	676	9	da	da	_	_	_	_	_	linguistic	_	none	_	_	_	Fast=0-2(0)	_	_
676-10	BO075	676	676	10	studente<	studente	_	_	_	_	_	linguistic	_	none	_	_	_	Fast=0-8(0)	_	_
676-11	BO075	676	676	11	che	che	_	_	_	_	_	linguistic	_	none	_	_	_	_	_	_
676-12	BO075	676	676	12	da::	da	_	_	_	_	_	linguistic	_	none	_	_	1x2	_	_	_
676-13	BO075	676	676	13	residente	residente	_	_	_	_	_	linguistic	_	none	_	End=1239.63	_	_	_	_
677-0	BO075	677	677	0	e:::	e	_	_	_	_	_	linguistic	_	none	_	Begin=1239.675|End=1240.64	0x3	_	_	_
678-0	BO075	678	678	0	e	e	_	_	_	_	_	linguistic	_	none	_	Begin=1241.585	_	_	_	_
678-1	BO075	678	678	1	poi	poi	_	_	_	_	_	linguistic	_	none	_	_	_	_	_	_
678-2	BO075	678	678	2	comunque	comunque	_	_	_	_	_	linguistic	_	none	_	_	_	_	_	_
678-3	BO075	678	678	3	mi	mi	_	_	_	_	_	linguistic	_	none	_	_	_	_	_	_
678-4	BO075	678	678	4	serve	serve	_	_	_	_	_	linguistic	_	none	_	_	_	_	_	_
678-5	BO075	678	678	5	un	un	_	_	_	_	_	linguistic	_	none	_	_	_	_	_	_
678-6	BO075	678	678	6	posto	posto	_	_	_	_	_	linguistic	_	none	_	_	_	_	_	_
678-7	BO075	678	678	7	a	a	_	_	_	_	_	linguistic	_	none	_	_	_	_	_	_
678-8	BO075	678	678	8	a	a	_	_	_	_	_	linguistic	_	none	_	End=1243.71	_	_	_	_
679-0	BO075	679	679	0	comodo	comodo	_	_	_	_	_	linguistic	_	none	_	Begin=1243.961|End=1244.51	_	_	_	_
680-0	BO075	680	680	0	per::	per	_	_	_	_	_	linguistic	_	none	_	Begin=1244.66	2x2	_	_	_
680-1	BO075	680	680	1	lavorare,	lavorare	_	_	_	_	_	linguistic	_	none	Intonation=WeaklyRising	End=1245.95	_	_	_	_
681-0	BO075	681	681	0	per::	per	_	_	_	_	_	linguistic	_	none	_	Begin=1246.08|End=1246.87	2x2	_	_	_
682-0	BO075	682	682	0	essere	essere	_	_	_	_	_	linguistic	_	none	_	Begin=1247.036	_	_	_	_
682-1	BO075	682	682	1	più	più	_	_	_	_	_	linguistic	_	none	_	_	_	_	_	_
682-2	BO075	682	682	2	vicino	vicino	_	_	_	_	_	linguistic	_	none	_	_	_	_	_	_
682-3	BO075	682	682	3	posibile	posibile	_	_	_	_	_	linguistic	_	none	_	_	_	_	_	_
682-4	BO075	682	682	4	alle	alle	_	_	_	_	_	linguistic	_	none	_	_	_	_	_	_
682-5	BO075	682	682	5	persone	persone	_	_	_	_	_	linguistic	_	none	_	_	_	_	_	_
682-6	BO075	682	682	6	che::	che	_	_	_	_	_	linguistic	_	none	_	_	2x2	_	_	_
682-7	BO075	682	682	7	che	che	_	_	_	_	_	linguistic	_	none	_	_	_	_	_	_
682-8	BO075	682	682	8	mi	mi	_	_	_	_	_	linguistic	_	none	_	_	_	_	_	_
682-9	BO075	682	682	9	interessano	interessano	_	_	_	_	_	linguistic	_	none	_	_	_	_	_	_
682-10	BO075	682	682	10	nel	nel	_	_	_	_	_	linguistic	_	none	_	End=1250.52	_	_	_	_
683-0	BO075	683	683	0	nel	nel	_	_	_	_	_	linguistic	_	none	_	Begin=1250.921	_	_	_	_
683-1	BO075	683	683	1	mondo	mondo	_	_	_	_	_	linguistic	_	none	_	_	_	_	_	_
683-2	BO075	683	683	2	nella	nella	_	_	_	_	_	linguistic	_	none	_	_	_	_	_	_
683-3	BO075	683	683	3	quale	quale	_	_	_	_	_	linguistic	_	none	_	_	_	_	_	_
683-4	BO075	683	683	4	ho:	ho	_	_	_	_	_	linguistic	_	none	_	_	1x1	_	_	_
683-5	BO075	683	683	5	intenzione	intenzione	_	_	_	_	_	linguistic	_	none	_	_	_	_	_	_
683-6	BO075	683	683	6	di	di	_	_	_	_	_	linguistic	_	none	_	_	_	_	_	_
683-7	BO075	683	683	7	lavorare	lavorare	_	_	_	_	_	linguistic	_	none	_	_	_	_	_	_
683-8	BO075	683	683	8	che	che	_	_	_	_	_	linguistic	_	none	_	_	_	_	_	_
683-9	BO075	683	683	9	è	è	_	_	_	_	_	linguistic	_	none	_	_	_	_	_	_
683-10	BO075	683	683	10	quello	quello	_	_	_	_	_	linguistic	_	none	_	_	_	_	_	_
683-11	BO075	683	683	11	del	del	_	_	_	_	_	linguistic	_	none	_	_	_	_	_	_
683-12	BO075	683	683	12	disegno	disegno	_	_	_	_	_	linguistic	_	none	_	_	_	_	_	_
683-13	BO075	683	683	13	e	e	_	_	_	_	_	linguistic	_	none	_	_	_	_	_	_
683-14	BO075	683	683	14	lì	lì	_	_	_	_	_	linguistic	_	none	_	_	_	_	_	_
683-15	BO075	683	683	15	c'	c'	_	_	_	_	_	linguistic	_	none	SpaceAfter=No	_	_	_	_	_
683-16	BO075	683	683	16	è	è	_	_	_	_	_	linguistic	_	none	_	_	_	_	_	_
683-17	BO075	683	683	17	tutt(e)	tutte	_	_	_	_	_	linguistic	_	none	_	End=1254.68	_	_	3-5(0)	_
684-0	BO075	684	684	0	e::h	eh	_	_	_	_	_	linguistic	_	none	ProsodicLink=Yes	Begin=1255.335	0x2	_	_	_
684-1	BO075	684	684	1	m::h	mh	_	_	_	_	_	linguistic	_	none	_	End=1256.34	0x2	_	_	_
685-0	BO075	685	685	0	sì	sì	_	_	_	_	_	linguistic	_	none	_	Begin=1257.411	_	_	_	_
685-1	BO075	685	685	1	pro~	pro~	_	_	_	_	_	linguistic	_	none	Interrupted=Yes	_	_	_	_	_
685-2	BO075	685	685	2	proprio	proprio	_	_	_	_	_	linguistic	_	none	_	_	_	_	_	_
685-3	BO075	685	685	3	per	per	_	_	_	_	_	linguistic	_	none	_	_	_	_	_	_
685-4	BO075	685	685	4	puro::	puro	_	_	_	_	_	linguistic	_	none	ProsodicLink=Yes	_	3x2	_	_	_
685-5	BO075	685	685	5	mh	mh	_	_	_	_	_	linguistic	_	none	_	End=1259.35	_	_	_	_
686-0	BO075	686	686	0	curiosità	curiosità	_	_	_	_	_	linguistic	_	none	_	Begin=1259.705	_	_	_	_
686-1	BO075	686	686	1	e	e	_	_	_	_	_	linguistic	_	none	_	_	_	_	_	_
686-2	BO075	686	686	2	funzionalità.	funzionalità	_	_	_	_	_	linguistic	_	none	Intonation=Falling	End=1261.27	_	_	_	_
687-0	BO075	687	687	0	°ec[co.°]	ecco	_	_	_	_	_	linguistic	_	none	Intonation=Falling|Volume=low	Begin=1261.555|End=1262.18	_	_	_	2-4(172)
688-0	BO049	688	688	0	[okay]	okay	_	_	_	_	_	linguistic	_	none	_	Begin=1261.666	_	_	_	0-4(172)
688-1	BO049	688	688	1	chiaro	chiaro	_	_	_	_	_	linguistic	_	none	_	_	_	_	_	_
688-2	BO049	688	688	2	chiaro	chiaro	_	_	_	_	_	linguistic	_	none	_	End=1262.96	_	_	_	_
689-0	BO075	689	689	0	°praticame:nte	praticamente	_	_	_	_	_	linguistic	_	none	Volume=low	Begin=1263.01	8x1	_	_	_
689-1	BO075	689	689	1	sì°	sì	_	_	_	_	_	linguistic	_	none	Volume=low	End=1263.97	_	_	_	_
690-0	BO049	690	690	0	bene	bene	_	_	_	_	_	linguistic	_	none	_	Begin=1264.55|End=1265.28	_	_	_	_
691-0	BO049	691	691	0	e:::h	eh	_	_	_	_	_	linguistic	_	none	ProsodicLink=Yes	Begin=1265.61	0x3	_	_	_
691-1	BO049	691	691	1	m::h	mh	_	_	_	_	_	linguistic	_	none	_	End=1267.02	0x2	_	_	_
692-0	BO049	692	692	0	quindi::	quindi	_	_	_	_	_	linguistic	_	none	_	Begin=1267.231	5x2	_	_	_
692-1	BO049	692	692	1	invece::	invece	_	_	_	_	_	linguistic	_	none	_	_	5x2	_	_	_
692-2	BO049	692	692	2	di	di	_	_	_	_	_	linguistic	_	none	_	_	_	_	_	_
692-3	BO049	692	692	3	di	di	_	_	_	_	_	linguistic	_	none	_	_	_	_	_	_
692-4	BO049	692	692	4	parigi	parigi	_	_	_	_	_	linguistic	_	none	_	_	_	_	_	_
692-5	BO049	692	692	5	non:	non	_	_	_	_	_	linguistic	_	none	_	End=1270.615	2x1	_	_	_
693-0	BO049	693	693	0	>cioè	cioè	_	_	_	_	_	linguistic	_	none	_	Begin=1270.668	_	Fast=0-4(0)	_	_
693-1	BO049	693	693	1	non	non	_	_	_	_	_	linguistic	_	none	_	_	_	Fast=0-3(0)	_	_
693-2	BO049	693	693	2	voresti	voresti	_	_	_	_	_	linguistic	_	none	_	_	_	Fast=0-7(0)	_	_
693-3	BO049	693	693	3	andare	andare	_	_	_	_	_	linguistic	_	none	_	_	_	Fast=0-6(0)	_	_
693-4	BO049	693	693	4	a	a	_	_	_	_	_	linguistic	_	none	_	_	_	Fast=0-1(0)	_	_
693-5	BO049	693	693	5	vivere	vivere	_	_	_	_	_	linguistic	_	none	_	_	_	Fast=0-6(0)	_	_
693-6	BO049	693	693	6	a	a	_	_	_	_	_	linguistic	_	none	_	_	_	Fast=0-1(0)	_	_
693-7	BO049	693	693	7	parigi<	parigi	_	_	_	_	_	linguistic	_	none	_	_	_	Fast=0-6(0)	_	_
693-8	BO049	693	693	8	ad	ad	_	_	_	_	_	linguistic	_	none	_	_	_	_	_	_
693-9	BO049	693	693	9	esempio	esempio	_	_	_	_	_	linguistic	_	none	_	_	_	_	_	_
693-10	BO049	693	693	10	o::	o	_	_	_	_	_	linguistic	_	none	_	End=1273.4	0x2	_	_	_
694-0	BO049	694	694	0	cose	cose	_	_	_	_	_	linguistic	_	none	_	Begin=1273.69	_	_	_	_
694-1	BO049	694	694	1	cosi	cosi	_	_	_	_	_	linguistic	_	none	_	_	_	_	_	_
694-2	BO049	694	694	2	[non]	non	_	_	_	_	_	linguistic	_	none	_	End=1274.99	_	_	_	0-3(173)
695-0	BO075	695	695	0	[eh	eh	_	_	_	_	_	linguistic	_	none	_	Begin=1274.635	_	_	_	0-2(173)
695-1	BO075	695	695	1	io]	io	_	_	_	_	_	linguistic	_	none	_	_	_	_	_	0-2(173)
695-2	BO075	695	695	2	>conta	conta	_	_	_	_	_	linguistic	_	none	_	_	_	Fast=0-5(0)	_	_
695-3	BO075	695	695	3	che	che	_	_	_	_	_	linguistic	_	none	_	_	_	Fast=0-3(0)	_	_
695-4	BO075	695	695	4	a	a	_	_	_	_	_	linguistic	_	none	_	_	_	Fast=0-1(0)	_	_
695-5	BO075	695	695	5	parigi	parigi	_	_	_	_	_	linguistic	_	none	_	_	_	Fast=0-6(0)	_	_
695-6	BO075	695	695	6	io	io	_	_	_	_	_	linguistic	_	none	_	_	_	Fast=0-2(0)	_	_
695-7	BO075	695	695	7	ci	ci	_	_	_	_	_	linguistic	_	none	_	_	_	Fast=0-2(0)	_	_
695-8	BO075	695	695	8	sono	sono	_	_	_	_	_	linguistic	_	none	_	_	_	Fast=0-4(0)	_	_
695-9	BO075	695	695	9	stato	stato	_	_	_	_	_	linguistic	_	none	_	_	_	Fast=0-5(0)	_	_
695-10	BO075	695	695	10	alle	alle	_	_	_	_	_	linguistic	_	none	_	_	_	Fast=0-4(0)	_	_
695-11	BO075	695	695	11	su~	su~	_	_	_	_	_	linguistic	_	none	Interrupted=Yes	_	_	Fast=0-3(0)	_	_
695-12	BO075	695	695	12	con	con	_	_	_	_	_	linguistic	_	none	_	_	_	Fast=0-3(0)	_	_
695-13	BO075	695	695	13	le	le	_	_	_	_	_	linguistic	_	none	_	_	_	Fast=0-2(0)	_	_
695-14	BO075	695	695	14	superiori	superiori	_	_	_	_	_	linguistic	_	none	_	_	_	Fast=0-9(0)	_	_
695-15	BO075	695	695	15	ma	ma	_	_	_	_	_	linguistic	_	none	_	_	_	Fast=0-2(0)	_	_
695-16	BO075	695	695	16	no	no	_	_	_	_	_	linguistic	_	none	_	_	_	Fast=0-2(0)	_	_
695-17	BO075	695	695	17	non	non	_	_	_	_	_	linguistic	_	none	_	_	_	Fast=0-3(0)	_	_
695-18	BO075	695	695	18	è	è	_	_	_	_	_	linguistic	_	none	_	_	_	Fast=0-1(0)	_	_
695-19	BO075	695	695	19	vero	vero	_	_	_	_	_	linguistic	_	none	_	_	_	Fast=0-4(0)	_	_
695-20	BO075	695	695	20	non	non	_	_	_	_	_	linguistic	_	none	_	_	_	Fast=0-3(0)	_	_
695-21	BO075	695	695	21	è	è	_	_	_	_	_	linguistic	_	none	_	_	_	Fast=0-1(0)	_	_
695-22	BO075	695	695	22	vero	vero	_	_	_	_	_	linguistic	_	none	_	_	_	Fast=0-4(0)	_	_
695-23	BO075	695	695	23	non	non	_	_	_	_	_	linguistic	_	none	_	_	_	Fast=0-3(0)	_	_
695-24	BO075	695	695	24	sono	sono	_	_	_	_	_	linguistic	_	none	_	_	_	Fast=0-4(0)	_	_
695-25	BO075	695	695	25	stato	stato	_	_	_	_	_	linguistic	_	none	_	_	_	Fast=0-5(0)	_	_
695-26	BO075	695	695	26	a	a	_	_	_	_	_	linguistic	_	none	_	_	_	Fast=0-1(0)	_	_
695-27	BO075	695	695	27	parigi	parigi	_	_	_	_	_	linguistic	_	none	_	_	_	Fast=0-6(0)	_	_
695-28	BO075	695	695	28	sono	sono	_	_	_	_	_	linguistic	_	none	_	_	_	Fast=0-4(0)	_	_
695-29	BO075	695	695	29	stato	stato	_	_	_	_	_	linguistic	_	none	_	_	_	Fast=0-5(0)	_	_
695-30	BO075	695	695	30	a	a	_	_	_	_	_	linguistic	_	none	_	_	_	Fast=0-1(0)	_	_
695-31	BO075	695	695	31	lione<	lione	_	_	_	_	_	linguistic	_	none	_	End=1280.2	_	Fast=0-5(0)	_	_
696-0	BO049	696	696	0	(°ah°)	ah	_	_	_	_	_	linguistic	_	none	Volume=low	Begin=1280.288|End=1280.66	_	_	0-2(0)	_
697-0	BO075	697	697	0	e::::	e	_	_	_	_	_	linguistic	_	none	_	Begin=1280.68|End=1281.6	0x4	_	_	_
698-0	BO075	698	698	0	che	che	_	_	_	_	_	linguistic	_	none	_	Begin=1281.646	_	_	_	_
698-1	BO075	698	698	1	non	non	_	_	_	_	_	linguistic	_	none	_	_	_	_	_	_
698-2	BO075	698	698	2	c'	c'	_	_	_	_	_	linguistic	_	none	SpaceAfter=No	_	_	_	_	_
698-3	BO075	698	698	3	entra	entra	_	_	_	_	_	linguistic	_	none	_	_	_	_	_	_
698-4	BO075	698	698	4	un	un	_	_	_	_	_	linguistic	_	none	_	_	_	_	_	_
698-5	BO075	698	698	5	cazzo	cazzo	_	_	_	_	_	linguistic	_	none	_	_	_	_	_	_
698-6	BO075	698	698	6	tra	tra	_	_	_	_	_	linguistic	_	none	_	_	_	_	_	_
698-7	BO075	698	698	7	l'	l'	_	_	_	_	_	linguistic	_	none	SpaceAfter=No	_	_	_	_	_
698-8	BO075	698	698	8	altro	altro	_	_	_	_	_	linguistic	_	none	_	_	_	_	_	_
698-9	BO075	698	698	9	immagino	immagino	_	_	_	_	_	linguistic	_	none	_	_	_	_	_	_
698-10	BO075	698	698	10	invece	invece	_	_	_	_	_	linguistic	_	none	_	_	_	_	_	_
698-11	BO075	698	698	11	eh	eh	_	_	_	_	_	linguistic	_	none	_	_	_	_	_	_
698-12	BO075	698	698	12	{ride}	{ride}	_	_	_	_	_	nonverbalbehavior	_	none	_	End=1284.97	_	_	_	_
699-0	BO049	699	699	0	{ride}	{ride}	_	_	_	_	_	nonverbalbehavior	_	none	_	Begin=1283.68|End=1284.46	_	_	_	_
700-0	BO049	700	700	0	{ride}	{ride}	_	_	_	_	_	nonverbalbehavior	_	none	_	Begin=1284.615|End=1284.914	_	_	_	_
701-0	BO075	701	701	0	[s~	s~	_	_	_	_	_	linguistic	_	none	Interrupted=Yes	Begin=1285.076	_	_	_	0-2(174)
701-1	BO075	701	701	1	sei	sei	_	_	_	_	_	linguistic	_	none	_	_	_	_	_	0-3(174)
701-2	BO075	701	701	2	stata	stata	_	_	_	_	_	linguistic	_	none	_	_	_	_	_	0-5(174)
701-3	BO075	701	701	3	a	a	_	_	_	_	_	linguistic	_	none	_	_	_	_	_	0-1(174)
701-4	BO075	701	701	4	parigi	parigi	_	_	_	_	_	linguistic	_	none	_	_	_	_	_	0-6(174)
701-5	BO075	701	701	5	te]?	te	_	_	_	_	_	linguistic	_	none	Intonation=Rising	_	_	_	_	0-2(174)
701-6	BO075	701	701	6	{ride}	{ride}	_	_	_	_	_	nonverbalbehavior	_	none	_	End=1287.18	_	_	_	_
702-0	BO049	702	702	0	[no.	no	_	_	_	_	_	linguistic	_	none	Intonation=Falling	Begin=1285.079	_	_	_	0-2(174)
702-1	BO049	702	702	1	è	è	_	_	_	_	_	linguistic	_	none	_	_	_	_	_	0-1(174)
702-2	BO049	702	702	2	un'	un'	_	_	_	_	_	linguistic	_	none	SpaceAfter=No	_	_	_	_	0-3(174)
702-3	BO049	702	702	3	altra	altra	_	_	_	_	_	linguistic	_	none	_	_	_	_	_	0-5(174)
702-4	BO049	702	702	4	città]	città	_	_	_	_	_	linguistic	_	none	_	_	_	_	_	0-5(174)
702-5	BO049	702	702	5	sì	sì	_	_	_	_	_	linguistic	_	none	_	_	_	_	_	_
702-6	BO049	702	702	6	{ride}	{ride}	_	_	_	_	_	nonverbalbehavior	_	none	_	End=1287.31	_	_	_	_
703-0	BO075	703	703	0	anche	anche	_	_	_	_	_	linguistic	_	none	_	Begin=1287.348	_	_	_	_
703-1	BO075	703	703	1	a	a	_	_	_	_	_	linguistic	_	none	_	_	_	_	_	_
703-2	BO075	703	703	2	lione?	lione	_	_	_	_	_	linguistic	_	none	Intonation=Rising	End=1288.25	_	_	_	_
704-0	BO049	704	704	0	{ride}	{ride}	_	_	_	_	_	nonverbalbehavior	_	none	_	Begin=1287.575|End=1288.24	_	_	_	_
705-0	BO049	705	705	0	a	a	_	_	_	_	_	linguistic	_	none	_	Begin=1288.296	_	_	_	_
705-1	BO049	705	705	1	lione	lione	_	_	_	_	_	linguistic	_	none	_	_	_	_	_	_
705-2	BO049	705	705	2	no	no	_	_	_	_	_	linguistic	_	none	_	_	_	_	_	_
705-3	BO049	705	705	3	però:	però	_	_	_	_	_	linguistic	_	none	_	_	3x1	_	_	_
705-4	BO049	705	705	4	im[magino]	immagino	_	_	_	_	_	linguistic	_	none	_	_	_	_	_	2-8(175)
705-5	BO049	705	705	5	sia	sia	_	_	_	_	_	linguistic	_	none	_	_	_	_	_	_
705-6	BO049	705	705	6	[diversa	diversa	_	_	_	_	_	linguistic	_	none	_	_	_	_	_	0-7(176)
705-7	BO049	705	705	7	non	non	_	_	_	_	_	linguistic	_	none	_	_	_	_	_	0-3(176)
705-8	BO049	705	705	8	so	so	_	_	_	_	_	linguistic	_	none	_	_	_	_	_	0-2(176)
705-9	BO049	705	705	9	c~	c~	_	_	_	_	_	linguistic	_	none	Interrupted=Yes	_	_	_	_	0-2(176)
705-10	BO049	705	705	10	come	come	_	_	_	_	_	linguistic	_	none	_	_	_	_	_	0-4(176)
705-11	BO049	705	705	11	dire:]	dire	_	_	_	_	_	linguistic	_	none	_	_	3x1	_	_	0-4(176)
705-12	BO049	705	705	12	{ride}	{ride}	_	_	_	_	_	nonverbalbehavior	_	none	_	End=1292.06	_	_	_	_
706-0	BO075	706	706	0	[eh]	eh	_	_	_	_	_	linguistic	_	none	_	Begin=1289.371|End=1289.65	_	_	_	0-2(175)
707-0	BO075	707	707	0	[ma	ma	_	_	_	_	_	linguistic	_	none	_	Begin=1289.885	_	_	_	0-2(176)
707-1	BO075	707	707	1	i~	i~	_	_	_	_	_	linguistic	_	none	Interrupted=Yes	_	_	_	_	0-2(176)
707-2	BO075	707	707	2	sì	sì	_	_	_	_	_	linguistic	_	none	_	_	_	_	_	0-2(176)
707-3	BO075	707	707	3	anch'	anch'	_	_	_	_	_	linguistic	_	none	SpaceAfter=No	_	_	_	_	0-5(176)
707-4	BO075	707	707	4	io	io	_	_	_	_	_	linguistic	_	none	_	_	_	_	_	0-2(176)
707-5	BO075	707	707	5	anch'	anch'	_	_	_	_	_	linguistic	_	none	SpaceAfter=No	_	_	_	_	0-5(176)
707-6	BO075	707	707	6	io	io	_	_	_	_	_	linguistic	_	none	_	_	_	_	_	0-2(176)
707-7	BO075	707	707	7	immagino	immagino	_	_	_	_	_	linguistic	_	none	_	_	_	_	_	0-8(176)
707-8	BO075	707	707	8	sia]	sia	_	_	_	_	_	linguistic	_	none	_	_	_	_	_	0-2(176)
707-9	BO075	707	707	9	diversa	diversa	_	_	_	_	_	linguistic	_	none	_	End=1292.3	_	_	_	_
708-0	BO049	708	708	0	{ride}	{ride}	_	_	_	_	_	nonverbalbehavior	_	none	_	Begin=1292.113|End=1293.05	_	_	_	_
709-0	BO075	709	709	0	no	no	_	_	_	_	_	linguistic	_	none	_	Begin=1292.665	_	_	_	_
709-1	BO075	709	709	1	io	io	_	_	_	_	_	linguistic	_	none	_	_	_	_	_	_
709-2	BO075	709	709	2	io	io	_	_	_	_	_	linguistic	_	none	_	_	_	_	_	_
709-3	BO075	709	709	3	la	la	_	_	_	_	_	linguistic	_	none	_	_	_	_	_	_
709-4	BO075	709	709	4	francia	francia	_	_	_	_	_	linguistic	_	none	_	_	_	_	_	_
709-5	BO075	709	709	5	te	te	_	_	_	_	_	linguistic	_	none	_	_	_	_	_	_
709-6	BO075	709	709	6	l'	l'	_	_	_	_	_	linguistic	_	none	SpaceAfter=No	_	_	_	_	_
709-7	BO075	709	709	7	ho	ho	_	_	_	_	_	linguistic	_	none	_	_	_	_	_	_
709-8	BO075	709	709	8	buttata	buttata	_	_	_	_	_	linguistic	_	none	_	_	_	_	_	_
709-9	BO075	709	709	9	lì	lì	_	_	_	_	_	linguistic	_	none	_	_	_	_	_	_
709-10	BO075	709	709	10	ma	ma	_	_	_	_	_	linguistic	_	none	PauseAfter=Yes	_	_	_	_	_
709-11	BO075	709	709	11	{P}	{P}	_	_	_	_	_	shortpause	_	none	_	_	_	_	_	_
709-12	BO075	709	709	12	per	per	_	_	_	_	_	linguistic	_	none	_	_	_	_	_	_
709-13	BO075	709	709	13	pura	pura	_	_	_	_	_	linguistic	_	none	_	_	_	_	_	_
709-14	BO075	709	709	14	per	per	_	_	_	_	_	linguistic	_	none	_	_	_	_	_	_
709-15	BO075	709	709	15	pura	pura	_	_	_	_	_	linguistic	_	none	_	_	_	_	_	_
709-16	BO075	709	709	16	[una	una	_	_	_	_	_	linguistic	_	none	_	_	_	_	_	0-3(177)
709-17	BO075	709	709	17	pura	pura	_	_	_	_	_	linguistic	_	none	_	_	_	_	_	0-4(177)
709-18	BO075	709	709	18	ques]tione	questione	_	_	_	_	_	linguistic	_	none	PauseAfter=Yes	_	_	_	_	0-4(177)
709-19	BO075	709	709	19	{P}	{P}	_	_	_	_	_	shortpause	_	none	_	_	_	_	_	_
709-20	BO075	709	709	20	lavorativa.	lavorativa	_	_	_	_	_	linguistic	_	none	Intonation=Falling	End=1296.71	_	_	_	_
710-0	BO049	710	710	0	{ride}	{ride}	_	_	_	_	_	nonverbalbehavior	_	none	_	Begin=1294.181|End=1294.728	_	_	_	_
711-0	BO049	711	711	0	[ah]	ah	_	_	_	_	_	linguistic	_	none	_	Begin=1295.23|End=1295.64	_	_	_	0-2(177)
712-0	BO075	712	712	0	eh	eh	_	_	_	_	_	linguistic	_	none	ProsodicLink=Yes	Begin=1296.891	_	_	_	_
712-1	BO075	712	712	1	m:h	mh	_	_	_	_	_	linguistic	_	none	_	End=1297.49	0x1	_	_	_
713-0	BO075	713	713	0	non	non	_	_	_	_	_	linguistic	_	none	_	Begin=1298.25	_	_	_	_
713-1	BO075	713	713	1	sono	sono	_	_	_	_	_	linguistic	_	none	_	_	_	_	_	_
713-2	BO075	713	713	2	mai	mai	_	_	_	_	_	linguistic	_	none	_	_	_	_	_	_
713-3	BO075	713	713	3	a~	a~	_	_	_	_	_	linguistic	_	none	Interrupted=Yes	_	_	_	_	_
713-4	BO075	713	713	4	stato	stato	_	_	_	_	_	linguistic	_	none	_	_	_	_	_	_
713-5	BO075	713	713	5	a	a	_	_	_	_	_	linguistic	_	none	_	_	_	_	_	_
713-6	BO075	713	713	6	parigi	parigi	_	_	_	_	_	linguistic	_	none	_	_	_	_	_	_
713-7	BO075	713	713	7	quindi	quindi	_	_	_	_	_	linguistic	_	none	_	_	_	_	_	_
713-8	BO075	713	713	8	non	non	_	_	_	_	_	linguistic	_	none	_	_	_	_	_	_
713-9	BO075	713	713	9	so:	so	_	_	_	_	_	linguistic	_	none	ProsodicLink=Yes	_	1x1	_	_	_
713-10	BO075	713	713	10	mh.	mh	_	_	_	_	_	linguistic	_	none	Intonation=Falling	End=1300.71	_	_	_	_
714-0	BO075	714	714	0	magari	magari	_	_	_	_	_	linguistic	_	none	_	Begin=1300.755	_	_	_	_
714-1	BO075	714	714	1	m~	m~	_	_	_	_	_	linguistic	_	none	Interrupted=Yes	_	_	_	_	_
714-2	BO075	714	714	2	cioè	cioè	_	_	_	_	_	linguistic	_	none	_	_	_	_	_	_
714-3	BO075	714	714	3	magari	magari	_	_	_	_	_	linguistic	_	none	_	_	_	_	_	_
714-4	BO075	714	714	4	mi	mi	_	_	_	_	_	linguistic	_	none	_	_	_	_	_	_
714-5	BO075	714	714	5	mi	mi	_	_	_	_	_	linguistic	_	none	_	_	_	_	_	_
714-6	BO075	714	714	6	fa	fa	_	_	_	_	_	linguistic	_	none	_	_	_	_	_	_
714-7	BO075	714	714	7	schifo	schifo	_	_	_	_	_	linguistic	_	none	_	_	_	_	_	_
714-8	BO075	714	714	8	non	non	_	_	_	_	_	linguistic	_	none	_	_	_	_	_	_
714-9	BO075	714	714	9	non	non	_	_	_	_	_	linguistic	_	none	_	_	_	_	_	_
714-10	BO075	714	714	10	ne	ne	_	_	_	_	_	linguistic	_	none	_	_	_	_	_	_
714-11	BO075	714	714	11	ho	ho	_	_	_	_	_	linguistic	_	none	_	_	_	_	_	_
714-12	BO075	714	714	12	idea,	idea	_	_	_	_	_	linguistic	_	none	Intonation=WeaklyRising	End=1303.81	_	_	_	_
715-0	BO075	715	715	0	potrebbe	potrebbe	_	_	_	_	_	linguistic	_	none	_	Begin=1304.186	_	_	_	_
715-1	BO075	715	715	1	non	non	_	_	_	_	_	linguistic	_	none	_	_	_	_	_	_
715-2	BO075	715	715	2	lo	lo	_	_	_	_	_	linguistic	_	none	_	_	_	_	_	_
715-3	BO075	715	715	3	so,	so	_	_	_	_	_	linguistic	_	none	Intonation=WeaklyRising	_	_	_	_	_
715-4	BO075	715	715	4	e:::	e	_	_	_	_	_	linguistic	_	none	_	End=1306.08	0x3	_	_	_
716-0	BO075	716	716	0	la	la	_	_	_	_	_	linguistic	_	none	_	Begin=1308.41	_	_	_	_
716-1	BO075	716	716	1	francia	francia	_	_	_	_	_	linguistic	_	none	_	_	_	_	_	_
716-2	BO075	716	716	2	è	è	_	_	_	_	_	linguistic	_	none	_	_	_	_	_	_
716-3	BO075	716	716	3	un	un	_	_	_	_	_	linguistic	_	none	_	_	_	_	_	_
716-4	BO075	716	716	4	puro:	puro	_	_	_	_	_	linguistic	_	none	_	_	3x1	_	_	_
716-5	BO075	716	716	5	punto	punto	_	_	_	_	_	linguistic	_	none	_	_	_	_	_	_
716-6	BO075	716	716	6	di	di	_	_	_	_	_	linguistic	_	none	_	_	_	_	_	_
716-7	BO075	716	716	7	doman[da]	domanda	_	_	_	_	_	linguistic	_	none	_	End=1310.63	_	_	_	5-7(178)
717-0	BO049	717	717	0	[a:]:h	ah	_	_	_	_	_	linguistic	_	none	_	Begin=1310.395	0x2	_	_	0-1(178)
717-1	BO049	717	717	1	[°okay°]	okay	_	_	_	_	_	linguistic	_	none	Volume=low	End=1311.07	_	_	_	0-4(179)
718-0	BO075	718	718	0	[cioè]	cioè	_	_	_	_	_	linguistic	_	none	_	Begin=1310.805	_	_	_	0-4(179)
718-1	BO075	718	718	1	come	come	_	_	_	_	_	linguistic	_	none	_	_	_	_	_	_
718-2	BO075	718	718	2	[potrebbe	potrebbe	_	_	_	_	_	linguistic	_	none	_	_	_	_	_	0-8(180)
718-3	BO075	718	718	3	esserlo	esserlo	_	_	_	_	_	linguistic	_	none	_	_	_	_	_	0-7(180)
718-4	BO075	718	718	4	in	in	_	_	_	_	_	linguistic	_	none	_	_	_	_	_	0-2(180)
718-5	BO075	718	718	5	canada]	canada	_	_	_	_	_	linguistic	_	none	_	End=1312.87	_	_	_	0-6(180)
719-0	BO049	719	719	0	[non	non	_	_	_	_	_	linguistic	_	none	_	Begin=1311.45	_	_	_	0-3(180)
719-1	BO049	719	719	1	hai	hai	_	_	_	_	_	linguistic	_	none	_	_	_	_	_	0-3(180)
719-2	BO049	719	719	2	progetti	progetti	_	_	_	_	_	linguistic	_	none	_	_	_	_	_	0-8(180)
719-3	BO049	719	719	3	però	però	_	_	_	_	_	linguistic	_	none	_	_	_	_	_	0-4(180)
719-4	BO049	719	719	4	vero]	vero	_	_	_	_	_	linguistic	_	none	_	End=1312.88	_	_	_	0-4(180)
720-0	BO075	720	720	0	no	no	_	_	_	_	_	linguistic	_	none	_	Begin=1313.005	_	_	_	_
720-1	BO075	720	720	1	per	per	_	_	_	_	_	linguistic	_	none	_	_	_	_	_	_
720-2	BO075	720	720	2	ora	ora	_	_	_	_	_	linguistic	_	none	_	_	_	_	_	_
720-3	BO075	720	720	3	no	no	_	_	_	_	_	linguistic	_	none	_	_	_	_	_	_
720-4	BO075	720	720	4	perché	perché	_	_	_	_	_	linguistic	_	none	_	_	_	_	_	_
720-5	BO075	720	720	5	sono	sono	_	_	_	_	_	linguistic	_	none	_	_	_	_	_	_
720-6	BO075	720	720	6	molto	molto	_	_	_	_	_	linguistic	_	none	_	_	_	_	_	_
720-7	BO075	720	720	7	realista	realista	_	_	_	_	_	linguistic	_	none	_	_	_	_	_	_
720-8	BO075	720	720	8	[e::]	e	_	_	_	_	_	linguistic	_	none	_	End=1315.78	0x2	_	_	0-1(181)
721-0	BO049	721	721	0	[okay]	okay	_	_	_	_	_	linguistic	_	none	_	Begin=1315.306|End=1315.87	_	_	_	0-4(181)
722-0	BO075	722	722	0	e	e	_	_	_	_	_	linguistic	_	none	_	Begin=1316.59	_	_	_	_
722-1	BO075	722	722	1	ora	ora	_	_	_	_	_	linguistic	_	none	_	_	_	_	_	_
722-2	BO075	722	722	2	come	come	_	_	_	_	_	linguistic	_	none	_	_	_	_	_	_
722-3	BO075	722	722	3	ora:	ora	_	_	_	_	_	linguistic	_	none	_	_	2x1	_	_	_
722-4	BO075	722	722	4	non	non	_	_	_	_	_	linguistic	_	none	_	_	_	_	_	_
722-5	BO075	722	722	5	ho::	ho	_	_	_	_	_	linguistic	_	none	_	End=1318.35	1x2	_	_	_
723-0	BO075	723	723	0	cioè	cioè	_	_	_	_	_	linguistic	_	none	_	Begin=1318.62	_	_	_	_
723-1	BO075	723	723	1	non	non	_	_	_	_	_	linguistic	_	none	_	_	_	_	_	_
723-2	BO075	723	723	2	ho	ho	_	_	_	_	_	linguistic	_	none	_	_	_	_	_	_
723-3	BO075	723	723	3	proprio	proprio	_	_	_	_	_	linguistic	_	none	_	_	_	_	_	_
723-4	BO075	723	723	4	le	le	_	_	_	_	_	linguistic	_	none	_	_	_	_	_	_
723-5	BO075	723	723	5	carte	carte	_	_	_	_	_	linguistic	_	none	_	End=1319.97	_	_	_	_
724-0	BO049	724	724	0	d[avvero]?	davvero	_	_	_	_	_	linguistic	_	none	Intonation=Rising	Begin=1320.09|End=1320.78	_	_	_	1-7(182)
725-0	BO075	725	725	0	[per	per	_	_	_	_	_	linguistic	_	none	_	Begin=1320.243	_	_	_	0-3(182)
725-1	BO075	725	725	1	andare	andare	_	_	_	_	_	linguistic	_	none	_	_	_	_	_	0-6(182)
725-2	BO075	725	725	2	l]à.	là	_	_	_	_	_	linguistic	_	none	Intonation=Falling	End=1320.98	_	_	_	0-1(182)
726-0	BO075	726	726	0	cioè.	cioè	_	_	_	_	_	linguistic	_	none	Intonation=Falling	Begin=1321.485	_	_	_	_
726-1	BO075	726	726	1	potrei	potrei	_	_	_	_	_	linguistic	_	none	_	_	_	_	_	_
726-2	BO075	726	726	2	andare	andare	_	_	_	_	_	linguistic	_	none	_	_	_	_	_	_
726-3	BO075	726	726	3	là	là	_	_	_	_	_	linguistic	_	none	_	_	_	_	_	_
726-4	BO075	726	726	4	ma	ma	_	_	_	_	_	linguistic	_	none	_	_	_	_	_	_
726-5	BO075	726	726	5	eh	eh	_	_	_	_	_	linguistic	_	none	_	End=1323.39	_	_	_	_
727-0	BO075	727	727	0	ho:	ho	_	_	_	_	_	linguistic	_	none	_	Begin=1324.101	1x1	_	_	_
727-1	BO075	727	727	1	un	un	_	_	_	_	_	linguistic	_	none	_	_	_	_	_	_
727-2	BO075	727	727	2	inglese	inglese	_	_	_	_	_	linguistic	_	none	_	_	_	_	_	_
727-3	BO075	727	727	3	ridi~	ridi~	_	_	_	_	_	linguistic	_	none	Interrupted=Yes	_	_	_	_	_
727-4	BO075	727	727	4	piuttosto	piuttosto	_	_	_	_	_	linguistic	_	none	_	_	_	_	_	_
727-5	BO075	727	727	5	ridicolo	ridicolo	_	_	_	_	_	linguistic	_	none	_	End=1326.47	_	_	_	_
728-0	BO075	728	728	0	e::h	eh	_	_	_	_	_	linguistic	_	none	_	Begin=1326.558	0x2	_	_	_
728-1	BO075	728	728	1	[il	il	_	_	_	_	_	linguistic	_	none	_	_	_	_	_	0-2(183)
728-2	BO075	728	728	2	francese:	francese	_	_	_	_	_	linguistic	_	none	_	_	7x1	_	_	0-8(183)
728-3	BO075	728	728	3	non	non	_	_	_	_	_	linguistic	_	none	_	_	_	_	_	0-3(183)
728-4	BO075	728	728	4	lo	lo	_	_	_	_	_	linguistic	_	none	_	_	_	_	_	0-2(183)
728-5	BO075	728	728	5	spia]ccico	spiaccico	_	_	_	_	_	linguistic	_	none	_	End=1328.42	_	_	_	0-4(183)
729-0	BO049	729	729	0	[(sei)	sei	_	_	_	_	_	linguistic	_	none	_	Begin=1326.84	_	_	0-3(0)	0-3(183)
729-1	BO049	729	729	1	stato	stato	_	_	_	_	_	linguistic	_	none	_	_	_	_	_	0-5(183)
729-2	BO049	729	729	2	a	a	_	_	_	_	_	linguistic	_	none	_	_	_	_	_	0-1(183)
729-3	BO049	729	729	3	londra]	londra	_	_	_	_	_	linguistic	_	none	_	End=1327.905	_	_	_	0-6(183)
730-0	BO075	730	730	0	inglese	inglese	_	_	_	_	_	linguistic	_	none	_	Begin=1328.585	_	_	_	_
730-1	BO075	730	730	1	sì	sì	_	_	_	_	_	linguistic	_	none	_	_	_	_	_	_
730-2	BO075	730	730	2	un	un	_	_	_	_	_	linguistic	_	none	_	_	_	_	_	_
730-3	BO075	730	730	3	p[o'	po'	_	_	_	_	_	linguistic	_	none	_	_	_	_	_	1-3(184)
730-4	BO075	730	730	4	lo	lo	_	_	_	_	_	linguistic	_	none	_	_	_	_	_	0-2(184)
730-5	BO075	730	730	5	ma~	ma~	_	_	_	_	_	linguistic	_	none	Interrupted=Yes	_	_	_	_	0-3(184)
730-6	BO075	730	730	6	ma	ma	_	_	_	_	_	linguistic	_	none	_	_	_	_	_	0-2(184)
730-7	BO075	730	730	7	lo	lo	_	_	_	_	_	linguistic	_	none	_	_	_	_	_	0-2(184)
730-8	BO075	730	730	8	ma]stico	mastico	_	_	_	_	_	linguistic	_	none	_	_	_	_	_	0-2(184)
730-9	BO075	730	730	9	però	però	_	_	_	_	_	linguistic	_	none	_	_	_	_	_	_
730-10	BO075	730	730	10	non	non	_	_	_	_	_	linguistic	_	none	_	_	_	_	_	_
730-11	BO075	730	730	11	non	non	_	_	_	_	_	linguistic	_	none	_	_	_	_	_	_
730-12	BO075	730	730	12	ti	ti	_	_	_	_	_	linguistic	_	none	_	_	_	_	_	_
730-13	BO075	730	730	13	posso	posso	_	_	_	_	_	linguistic	_	none	_	_	_	_	_	_
730-14	BO075	730	730	14	certo	certo	_	_	_	_	_	linguistic	_	none	_	_	_	_	_	_
730-15	BO075	730	730	15	dire	dire	_	_	_	_	_	linguistic	_	none	_	_	_	_	_	_
730-16	BO075	730	730	16	di	di	_	_	_	_	_	linguistic	_	none	_	_	_	_	_	_
730-17	BO075	730	730	17	essere	essere	_	_	_	_	_	linguistic	_	none	_	_	_	_	_	_
730-18	BO075	730	730	18	un	un	_	_	_	_	_	linguistic	_	none	_	_	_	_	_	_
730-19	BO075	730	730	19	campione	campione	_	_	_	_	_	linguistic	_	none	_	End=1333.221	_	_	_	_
731-0	BO049	731	731	0	[no	no	_	_	_	_	_	linguistic	_	none	_	Begin=1329.266	_	_	_	0-2(184)
731-1	BO049	731	731	1	sì:]	sì	_	_	_	_	_	linguistic	_	none	_	End=1330.226	1x1	_	_	0-2(184)
732-0	BO049	732	732	0	a:h	ah	_	_	_	_	_	linguistic	_	none	_	Begin=1333.276	0x1	_	_	_
732-1	BO049	732	732	1	cap[isco]	capisco	_	_	_	_	_	linguistic	_	none	_	End=1334.16	_	_	_	3-7(185)
733-0	BO075	733	733	0	[e::]	e	_	_	_	_	_	linguistic	_	none	_	Begin=1333.721	0x2	_	_	0-1(185)
733-1	BO075	733	733	1	quindi	quindi	_	_	_	_	_	linguistic	_	none	PauseAfter=Yes	_	_	_	_	_
733-2	BO075	733	733	2	{P}	{P}	_	_	_	_	_	shortpause	_	none	_	_	_	_	_	_
733-3	BO075	733	733	3	in	in	_	_	_	_	_	linguistic	_	none	_	_	_	_	_	_
733-4	BO075	733	733	4	modo	modo	_	_	_	_	_	linguistic	_	none	_	_	_	_	_	_
733-5	BO075	733	733	5	realistico	realistico	_	_	_	_	_	linguistic	_	none	_	_	_	_	_	_
733-6	BO075	733	733	6	ti	ti	_	_	_	_	_	linguistic	_	none	_	_	_	_	_	_
733-7	BO075	733	733	7	dico	dico	_	_	_	_	_	linguistic	_	none	_	_	_	_	_	_
733-8	BO075	733	733	8	che	che	_	_	_	_	_	linguistic	_	none	_	End=1336.58	_	_	_	_
734-0	BO075	734	734	0	parigi,	parigi	_	_	_	_	_	linguistic	_	none	Intonation=WeaklyRising	Begin=1336.895|End=1337.4	_	_	_	_
735-0	BO075	735	735	0	eh.	eh	_	_	_	_	_	linguistic	_	none	Intonation=Falling	Begin=1337.513	_	_	_	_
735-1	BO075	735	735	1	se	se	_	_	_	_	_	linguistic	_	none	_	_	_	_	_	_
735-2	BO075	735	735	2	arriva	arriva	_	_	_	_	_	linguistic	_	none	_	_	_	_	_	_
735-3	BO075	735	735	3	arriva:	arriva	_	_	_	_	_	linguistic	_	none	_	End=1339.02	5x1	_	_	_
736-0	BO075	736	736	0	cinqiue	cinqiue	_	_	_	_	_	linguistic	_	none	_	Begin=1340.2	_	_	_	_
736-1	BO075	736	736	1	annetti?	annetti	_	_	_	_	_	linguistic	_	none	Intonation=Rising	End=1341.16	_	_	_	_
737-0	BO049	737	737	0	mh	mh	_	_	_	_	_	linguistic	_	none	_	Begin=1341.325|End=1341.6	_	_	_	_
738-0	BO049	738	738	0	beh	beh	_	_	_	_	_	linguistic	_	none	_	Begin=1341.765	_	_	_	_
738-1	BO049	738	738	1	dai	dai	_	_	_	_	_	linguistic	_	none	_	End=1342.32	_	_	_	_
739-0	BO075	739	739	0	quattro	quattro	_	_	_	_	_	linguistic	_	none	_	Begin=1342.36	_	_	_	_
739-1	BO075	739	739	1	tre.	tre	_	_	_	_	_	linguistic	_	none	Intonation=Falling	_	_	_	_	_
739-2	BO075	739	739	2	tre	tre	_	_	_	_	_	linguistic	_	none	_	_	_	_	_	_
739-3	BO075	739	739	3	se	se	_	_	_	_	_	linguistic	_	none	_	_	_	_	_	_
739-4	BO075	739	739	4	tut[to	tutto	_	_	_	_	_	linguistic	_	none	_	_	_	_	_	3-5(186)
739-5	BO075	739	739	5	va	va	_	_	_	_	_	linguistic	_	none	_	_	_	_	_	0-2(186)
739-6	BO075	739	739	6	proprio::	proprio	_	_	_	_	_	linguistic	_	none	_	_	6x2	_	_	0-7(186)
739-7	BO075	739	739	7	da	da	_	_	_	_	_	linguistic	_	none	_	_	_	_	_	0-2(186)
739-8	BO075	739	739	8	cristo]	cristo	_	_	_	_	_	linguistic	_	none	_	End=1345.83	_	_	_	0-6(186)
740-0	BO049	740	740	0	[adesso	adesso	_	_	_	_	_	linguistic	_	none	_	Begin=1344.22	_	_	_	0-6(186)
740-1	BO049	740	740	1	fai	fai	_	_	_	_	_	linguistic	_	none	_	_	_	_	_	0-3(186)
740-2	BO049	740	740	2	tutte	tutte	_	_	_	_	_	linguistic	_	none	_	_	_	_	_	0-5(186)
740-3	BO049	740	740	3	le	le	_	_	_	_	_	linguistic	_	none	_	_	_	_	_	0-2(186)
740-4	BO049	740	740	4	tue	tue	_	_	_	_	_	linguistic	_	none	_	_	_	_	_	0-3(186)
740-5	BO049	740	740	5	cose	cose	_	_	_	_	_	linguistic	_	none	_	_	_	_	_	0-4(186)
740-6	BO049	740	740	6	con	con	_	_	_	_	_	linguistic	_	none	_	_	_	_	_	0-3(186)
740-7	BO049	740	740	7	c:a]lma	calma	_	_	_	_	_	linguistic	_	none	_	_	0x1	_	_	0-2(186)
740-8	BO049	740	740	8	[ti	ti	_	_	_	_	_	linguistic	_	none	_	_	_	_	_	0-2(187)
740-9	BO049	740	740	9	laurei	laurei	_	_	_	_	_	linguistic	_	none	_	_	_	_	_	0-6(187)
740-10	BO049	740	740	10	fai:	fai	_	_	_	_	_	linguistic	_	none	_	_	2x1	_	_	0-3(187)
740-11	BO049	740	740	11	le	le	_	_	_	_	_	linguistic	_	none	_	_	_	_	_	0-2(187)
740-12	BO049	740	740	12	tue]	tue	_	_	_	_	_	linguistic	_	none	_	_	_	_	_	0-3(187)
740-13	BO049	740	740	13	c[o:se],	cose	_	_	_	_	_	linguistic	_	none	Intonation=WeaklyRising	End=1348.06	1x1	_	_	1-4(188)
741-0	BO075	741	741	0	[sì	sì	_	_	_	_	_	linguistic	_	none	_	Begin=1346.09	_	_	_	0-2(187)
741-1	BO075	741	741	1	sì	sì	_	_	_	_	_	linguistic	_	none	_	_	_	_	_	0-2(187)
741-2	BO075	741	741	2	sì	sì	_	_	_	_	_	linguistic	_	none	_	_	_	_	_	0-2(187)
741-3	BO075	741	741	3	esa~]	esa~	_	_	_	_	_	linguistic	_	none	Interrupted=Yes	End=1347.15	_	_	_	0-4(187)
742-0	BO075	742	742	0	[esatto]	esatto	_	_	_	_	_	linguistic	_	none	_	Begin=1347.351	_	_	_	0-6(188)
742-1	BO075	742	742	1	calma	calma	_	_	_	_	_	linguistic	_	none	_	_	_	_	_	_
742-2	BO075	742	742	2	e	e	_	_	_	_	_	linguistic	_	none	_	_	_	_	_	_
742-3	BO075	742	742	3	pace:	pace	_	_	_	_	_	linguistic	_	none	ProsodicLink=Yes	_	3x1	_	_	_
742-4	BO075	742	742	4	[e:::]	e	_	_	_	_	_	linguistic	_	none	_	End=1349.79	0x3	_	_	0-1(189)
743-0	BO049	743	743	0	[poi	poi	_	_	_	_	_	linguistic	_	none	_	Begin=1349.34	_	_	_	0-3(189)
743-1	BO049	743	743	1	parli	parli	_	_	_	_	_	linguistic	_	none	_	_	_	_	_	0-5(189)
743-2	BO049	743	743	2	un]	un	_	_	_	_	_	linguistic	_	none	_	_	_	_	_	0-2(189)
743-3	BO049	743	743	3	po'	po'	_	_	_	_	_	linguistic	_	none	_	_	_	_	_	_
743-4	BO049	743	743	4	francese	francese	_	_	_	_	_	linguistic	_	none	_	_	_	_	_	_
743-5	BO049	743	743	5	poi	poi	_	_	_	_	_	linguistic	_	none	_	_	_	_	_	_
743-6	BO049	743	743	6	va[i]	vai	_	_	_	_	_	linguistic	_	none	_	End=1350.82	_	_	_	2-3(190)
744-0	BO075	744	744	0	[as]solutamente	assolutamente	_	_	_	_	_	linguistic	_	none	_	Begin=1350.728|End=1351.75	_	_	_	0-2(190)
745-0	BO075	745	745	0	xx	xx	_	_	_	_	_	unknown	_	none	Syllables=2	Begin=1351.88	_	_	_	_
745-1	BO075	745	745	1	ci	ci	_	_	_	_	_	linguistic	_	none	_	_	_	_	_	_
745-2	BO075	745	745	2	sono	sono	_	_	_	_	_	linguistic	_	none	_	_	_	_	_	_
745-3	BO075	745	745	3	un	un	_	_	_	_	_	linguistic	_	none	_	_	_	_	_	_
745-4	BO075	745	745	4	sacco	sacco	_	_	_	_	_	linguistic	_	none	_	_	_	_	_	_
745-5	BO075	745	745	5	di	di	_	_	_	_	_	linguistic	_	none	_	_	_	_	_	_
745-6	BO075	745	745	6	applicazioni	applicazioni	_	_	_	_	_	linguistic	_	none	_	_	_	_	_	_
745-7	BO075	745	745	7	che	che	_	_	_	_	_	linguistic	_	none	_	_	_	_	_	_
745-8	BO075	745	745	8	ti	ti	_	_	_	_	_	linguistic	_	none	_	_	_	_	_	_
745-9	BO075	745	745	9	insegnano	insegnano	_	_	_	_	_	linguistic	_	none	_	_	_	_	_	_
745-10	BO075	745	745	10	{ride}	{ride}	_	_	_	_	_	nonverbalbehavior	_	none	_	End=1354.2	_	_	_	_
746-0	BO049	746	746	0	{ride}	{ride}	_	_	_	_	_	nonverbalbehavior	_	none	_	Begin=1351.9|End=1352.58	_	_	_	_
747-0	BO049	747	747	0	e:h	eh	_	_	_	_	_	linguistic	_	none	_	Begin=1354.275	0x1	_	_	_
747-1	BO049	747	747	1	sì	sì	_	_	_	_	_	linguistic	_	none	_	_	_	_	_	_
747-2	BO049	747	747	2	infatti	infatti	_	_	_	_	_	linguistic	_	none	_	_	_	_	_	_
747-3	BO049	747	747	3	sono	sono	_	_	_	_	_	linguistic	_	none	_	_	_	_	_	_
747-4	BO049	747	747	4	molto	molto	_	_	_	_	_	linguistic	_	none	_	_	_	_	_	_
747-5	BO049	747	747	5	util[i]	utili	_	_	_	_	_	linguistic	_	none	_	_	_	_	_	4-5(191)
747-6	BO049	747	747	6	{ride}	{ride}	_	_	_	_	_	nonverbalbehavior	_	none	_	End=1356.02	_	_	_	_
748-0	BO075	748	748	0	{ride}	{ride}	_	_	_	_	_	nonverbalbehavior	_	none	_	Begin=1354.496|End=1355.71	_	_	_	_
749-0	BO075	749	749	0	[e]satto	esatto	_	_	_	_	_	linguistic	_	none	_	Begin=1355.905	_	_	_	0-1(191)
749-1	BO075	749	749	1	me	me	_	_	_	_	_	linguistic	_	none	_	_	_	_	_	_
749-2	BO075	749	749	2	sì	sì	_	_	_	_	_	linguistic	_	none	_	_	_	_	_	_
749-3	BO075	749	749	3	{ride}	{ride}	_	_	_	_	_	nonverbalbehavior	_	none	_	End=1357.36	_	_	_	_
750-0	BO049	750	750	0	{ride}	{ride}	_	_	_	_	_	nonverbalbehavior	_	none	_	Begin=1356.253|End=1357.581	_	_	_	_
751-0	BO075	751	751	0	c'	c'	_	_	_	_	_	linguistic	_	none	SpaceAfter=No	Begin=1357.671	_	_	_	_
751-1	BO075	751	751	1	è	è	_	_	_	_	_	linguistic	_	none	_	_	_	_	_	_
751-2	BO075	751	751	2	del	del	_	_	_	_	_	linguistic	_	none	_	_	_	_	_	_
751-3	BO075	751	751	3	sarca:smo	sarcasmo	_	_	_	_	_	linguistic	_	none	_	_	4x1	_	_	_
751-4	BO075	751	751	4	in	in	_	_	_	_	_	linguistic	_	none	_	_	_	_	_	_
751-5	BO075	751	751	5	questa	questa	_	_	_	_	_	linguistic	_	none	_	_	_	_	_	_
751-6	BO075	751	751	6	{ride}	{ride}	_	_	_	_	_	nonverbalbehavior	_	none	_	End=1359.5	_	_	_	_
752-0	BO075	752	752	0	{ride}	{ride}	_	_	_	_	_	nonverbalbehavior	_	none	_	Begin=1359.636|End=1360.613	_	_	_	_
753-0	BO049	753	753	0	io	io	_	_	_	_	_	linguistic	_	none	_	Begin=1360.101	_	_	_	_
753-1	BO049	753	753	1	col	col	_	_	_	_	_	linguistic	_	none	_	_	_	_	_	_
753-2	BO049	753	753	2	russo	russo	_	_	_	_	_	linguistic	_	none	_	_	_	_	_	_
753-3	BO049	753	753	3	cio	cio	_	_	_	_	_	linguistic	_	none	_	_	_	_	_	_
753-4	BO049	753	753	4	ho	ho	_	_	_	_	_	linguistic	_	none	_	_	_	_	_	_
753-5	BO049	753	753	5	provato	provato	_	_	_	_	_	linguistic	_	none	_	_	_	_	_	_
753-6	BO049	753	753	6	eh	eh	_	_	_	_	_	linguistic	_	none	_	_	_	_	_	_
753-7	BO049	753	753	7	devo	devo	_	_	_	_	_	linguistic	_	none	_	_	_	_	_	_
753-8	BO049	753	753	8	dire	dire	_	_	_	_	_	linguistic	_	none	_	_	_	_	_	_
753-9	BO049	753	753	9	{ride}	{ride}	_	_	_	_	_	nonverbalbehavior	_	none	_	End=1362.35	_	_	_	_
754-0	BO075	754	754	0	{ride}	{ride}	_	_	_	_	_	nonverbalbehavior	_	none	_	Begin=1362.088|End=1362.76	_	_	_	_
755-0	BO049	755	755	0	però	però	_	_	_	_	_	linguistic	_	none	_	Begin=1362.568	_	_	_	_
755-1	BO049	755	755	1	no[n::]	non	_	_	_	_	_	linguistic	_	none	_	End=1363.56	2x2	_	_	2-3(192)
756-0	BO075	756	756	0	[non	non	_	_	_	_	_	linguistic	_	none	_	Begin=1363.02	_	_	_	0-3(192)
756-1	BO075	756	756	1	sei	sei	_	_	_	_	_	linguistic	_	none	_	_	_	_	_	0-3(192)
756-2	BO075	756	756	2	dura]ta	durata	_	_	_	_	_	linguistic	_	none	_	_	_	_	_	0-4(192)
756-3	BO075	756	756	3	t[anto	tanto	_	_	_	_	_	linguistic	_	none	_	_	_	_	_	1-5(193)
756-4	BO075	756	756	4	(vero)]?	vero	_	_	_	_	_	linguistic	_	none	Intonation=Rising	End=1364.47	_	_	0-4(0)	0-4(193)
757-0	BO049	757	757	0	[no]	no	_	_	_	_	_	linguistic	_	none	_	Begin=1363.798	_	_	_	0-2(193)
757-1	BO049	757	757	1	{ride}	{ride}	_	_	_	_	_	nonverbalbehavior	_	none	_	End=1364.43	_	_	_	_
758-0	BO075	758	758	0	{ride}	{ride}	_	_	_	_	_	nonverbalbehavior	_	none	_	Begin=1364.755|End=1365.39	_	_	_	_
759-0	BO049	759	759	0	ma	ma	_	_	_	_	_	linguistic	_	none	_	Begin=1364.901	_	_	_	_
759-1	BO049	759	759	1	non	non	_	_	_	_	_	linguistic	_	none	_	_	_	_	_	_
759-2	BO049	759	759	2	vedevo	vedevo	_	_	_	_	_	linguistic	_	none	_	_	_	_	_	_
759-3	BO049	759	759	3	risulta:ti	risultati	_	_	_	_	_	linguistic	_	none	_	_	6x1	_	_	_
759-4	BO049	759	759	4	quindi	quindi	_	_	_	_	_	linguistic	_	none	_	End=1366.69	_	_	_	_
760-0	BO075	760	760	0	{ride}	{ride}	_	_	_	_	_	nonverbalbehavior	_	none	_	Begin=1366.256|End=1367.63	_	_	_	_
761-0	BO049	761	761	0	vabbè.	vabbè	_	_	_	_	_	linguistic	_	none	Intonation=Falling|PauseAfter=Yes	Begin=1367.585	_	_	_	_
761-1	BO049	761	761	1	{P}	{P}	_	_	_	_	_	shortpause	_	none	_	_	_	_	_	_
761-2	BO049	761	761	2	così	così	_	_	_	_	_	linguistic	_	none	_	_	_	_	_	_
761-3	BO049	761	761	3	dai.	dai	_	_	_	_	_	linguistic	_	none	Intonation=Falling	End=1368.92	_	_	_	_
762-0	BO049	762	762	0	po:sto.	posto	_	_	_	_	_	linguistic	_	none	Intonation=Falling	Begin=1369.176|End=1369.86	1x1	_	_	_
763-0	BO049	763	763	0	ti	ti	_	_	_	_	_	linguistic	_	none	_	Begin=1370.081	_	_	_	_
763-1	BO049	763	763	1	lascio::	lascio	_	_	_	_	_	linguistic	_	none	_	_	5x2	_	_	_
763-2	BO049	763	763	2	alle	alle	_	_	_	_	_	linguistic	_	none	_	_	_	_	_	_
763-3	BO049	763	763	3	tue	tue	_	_	_	_	_	linguistic	_	none	_	_	_	_	_	_
763-4	BO049	763	763	4	cose	cose	_	_	_	_	_	linguistic	_	none	_	_	_	_	_	_
763-5	BO049	763	763	5	all[ora]	allora	_	_	_	_	_	linguistic	_	none	_	_	_	_	_	3-6(194)
763-6	BO049	763	763	6	{ride}	{ride}	_	_	_	_	_	nonverbalbehavior	_	none	_	End=1371.85	_	_	_	_
764-0	BO075	764	764	0	[va	va	_	_	_	_	_	linguistic	_	none	_	Begin=1371.565	_	_	_	0-2(?)
764-1	BO075	764	764	1	bene]	bene	_	_	_	_	_	linguistic	_	none	_	End=1372.18	_	_	_	0-4(?)
765-0	BO049	765	765	0	[graz]ie	grazie	_	_	_	_	_	linguistic	_	none	_	Begin=1371.91	_	_	_	0-4(195)
765-1	BO049	765	765	1	{ride}	{ride}	_	_	_	_	_	nonverbalbehavior	_	none	_	End=1372.37	_	_	_	_
766-0	BO075	766	766	0	grazie	grazie	_	_	_	_	_	linguistic	_	none	_	Begin=1372.395	_	_	_	_
766-1	BO075	766	766	1	a	a	_	_	_	_	_	linguistic	_	none	_	_	_	_	_	_
766-2	BO075	766	766	2	te	te	_	_	_	_	_	linguistic	_	none	_	End=1372.968	_	_	_	_
