token_id	speaker	tu_id	unit	id	span	form	lemma	upos	xpos	feats	deprel	type	meta_label	variation	jefferson_feats	align	prolongations	pace	guesses	overlaps
0-0	???	0	0	0	lascio	lascio	_	_	_	_	_	linguistic	_	none	_	Begin=3.98	_	_	_	_
0-1	???	0	0	1	aperto?	aperto	_	_	_	_	_	linguistic	_	none	Intonation=Rising	End=4.77	_	_	_	_
1-0	TO026	1	1	0	sì	sì	_	_	_	_	_	linguistic	_	none	_	Begin=4.98	_	_	_	_
1-1	TO026	1	1	1	grazie.	grazie	_	_	_	_	_	linguistic	_	none	Intonation=Falling	End=5.535	_	_	_	_
2-0	???	2	2	0	°arrivederci°	arrivederci	_	_	_	_	_	linguistic	_	none	Volume=low	Begin=5.78|End=6.342	_	_	_	_
3-0	TO028	3	3	0	permesso?	permesso	_	_	_	_	_	linguistic	_	none	Intonation=Rising	Begin=10.686|End=11.422	_	_	_	_
4-0	TO026	4	4	0	buongiorno,	buongiorno	_	_	_	_	_	linguistic	_	none	Intonation=WeaklyRising	Begin=11.539	_	_	_	_
4-1	TO026	4	4	1	pre[go],	prego	_	_	_	_	_	linguistic	_	none	Intonation=WeaklyRising	End=12.43	_	_	_	3-5(0)
5-0	TO028	5	5	0	[bu]ongiorno,	buongiorno	_	_	_	_	_	linguistic	_	none	Intonation=WeaklyRising	Begin=12.326|End=12.867	_	_	_	0-2(0)
6-0	TO026	6	6	0	ha	ha	_	_	_	_	_	linguistic	_	none	_	Begin=12.879	_	_	_	_
6-1	TO026	6	6	1	già	già	_	_	_	_	_	linguistic	_	none	_	_	_	_	_	_
6-2	TO026	6	6	2	incontrato	incontrato	_	_	_	_	_	linguistic	_	none	_	_	_	_	_	_
6-3	TO026	6	6	3	@nomepersona?	@nomepersona	_	_	_	_	_	anonymized	_	none	Intonation=Rising	End=14.163	_	_	_	_
7-0	TO028	7	7	0	sì	sì	_	_	_	_	_	linguistic	_	none	PauseAfter=Yes	Begin=14.648	_	_	_	_
7-1	TO028	7	7	1	{P}	{P}	_	_	_	_	_	shortpause	_	none	_	_	_	_	_	_
7-2	TO028	7	7	2	[e	e	_	_	_	_	_	linguistic	_	none	_	_	_	_	_	0-1(1)
7-3	TO028	7	7	3	mi	mi	_	_	_	_	_	linguistic	_	none	_	_	_	_	_	0-2(1)
7-4	TO028	7	7	4	ha	ha	_	_	_	_	_	linguistic	_	none	_	_	_	_	_	0-2(1)
7-5	TO028	7	7	5	detto	detto	_	_	_	_	_	linguistic	_	none	_	_	_	_	_	0-5(1)
7-6	TO028	7	7	6	tutto,	tutto	_	_	_	_	_	linguistic	_	none	Intonation=WeaklyRising	_	_	_	_	0-5(1)
7-7	TO028	7	7	7	si	si	_	_	_	_	_	linguistic	_	none	_	_	_	_	_	0-2(1)
7-8	TO028	7	7	8	si	si	_	_	_	_	_	linguistic	_	none	_	_	_	_	_	0-2(1)
7-9	TO028	7	7	9	si	si	_	_	_	_	_	linguistic	_	none	_	_	_	_	_	0-2(1)
7-10	TO028	7	7	10	appo]sto	apposto	_	_	_	_	_	linguistic	_	none	_	End=17.32	_	_	_	0-4(1)
8-0	TO026	8	8	0	[sì	sì	_	_	_	_	_	linguistic	_	none	PauseAfter=Yes	Begin=15.223	_	_	_	0-2(1)
8-1	TO026	8	8	1	{P}	{P}	_	_	_	_	_	shortpause	_	none	_	_	_	_	_	0-3(1)
8-2	TO026	8	8	2	che	che	_	_	_	_	_	linguistic	_	none	_	_	_	_	_	0-3(1)
8-3	TO026	8	8	3	le	le	_	_	_	_	_	linguistic	_	none	_	_	_	_	_	0-2(1)
8-4	TO026	8	8	4	ha	ha	_	_	_	_	_	linguistic	_	none	_	_	_	_	_	0-2(1)
8-5	TO026	8	8	5	detto	detto	_	_	_	_	_	linguistic	_	none	_	_	_	_	_	0-5(1)
8-6	TO026	8	8	6	benissimo]	benissimo	_	_	_	_	_	linguistic	_	none	_	End=17.167	_	_	_	0-9(1)
9-0	TO028	9	9	0	già	già	_	_	_	_	_	linguistic	_	none	_	Begin=18.1	_	_	_	_
9-1	TO028	9	9	1	ho	ho	_	_	_	_	_	linguistic	_	none	_	_	_	_	_	_
9-2	TO028	9	9	2	compilato	compilato	_	_	_	_	_	linguistic	_	none	_	_	_	_	_	_
9-3	TO028	9	9	3	tutto,	tutto	_	_	_	_	_	linguistic	_	none	Intonation=WeaklyRising	End=19.181	_	_	_	_
10-0	TO026	10	10	0	ecco	ecco	_	_	_	_	_	linguistic	_	none	_	Begin=20.025	_	_	_	_
10-1	TO026	10	10	1	come	come	_	_	_	_	_	linguistic	_	none	_	_	_	_	_	_
10-2	TO026	10	10	2	si	si	_	_	_	_	_	linguistic	_	none	_	_	_	_	_	_
10-3	TO026	10	10	3	raccoglie	raccoglie	_	_	_	_	_	linguistic	_	none	_	_	_	_	_	_
10-4	TO026	10	10	4	materiale::	materiale	_	_	_	_	_	linguistic	_	none	_	_	8x2	_	_	_
10-5	TO026	10	10	5	{ride}	{ride}	_	_	_	_	_	nonverbalbehavior	_	none	_	_	_	_	_	_
10-6	TO026	10	10	6	[del	del	_	_	_	_	_	linguistic	_	none	_	_	_	_	_	0-3(2)
10-7	TO026	10	10	7	parla]to	parlato	_	_	_	_	_	linguistic	_	none	_	End=22.994	_	_	_	0-5(2)
11-0	TO028	11	11	0	[infatti]	infatti	_	_	_	_	_	linguistic	_	none	_	Begin=22.134|End=22.703	_	_	_	0-7(2)
12-0	TO028	12	12	0	stavo::	stavo	_	_	_	_	_	linguistic	_	none	_	Begin=23.524	4x2	_	_	_
12-1	TO028	12	12	1	ci	ci	_	_	_	_	_	linguistic	_	none	_	_	_	_	_	_
12-2	TO028	12	12	2	stavo	stavo	_	_	_	_	_	linguistic	_	none	_	_	_	_	_	_
12-3	TO028	12	12	3	giusto	giusto	_	_	_	_	_	linguistic	_	none	_	_	_	_	_	_
12-4	TO028	12	12	4	pensando	pensando	_	_	_	_	_	linguistic	_	none	_	End=26.047	_	_	_	_
13-0	TO028	13	13	0	e::h	eh	_	_	_	_	_	linguistic	_	none	_	Begin=27.467	0x2	_	_	_
13-1	TO028	13	13	1	allora	allora	_	_	_	_	_	linguistic	_	none	_	_	_	_	_	_
13-2	TO028	13	13	2	io	io	_	_	_	_	_	linguistic	_	none	_	_	_	_	_	_
13-3	TO028	13	13	3	avrei	avrei	_	_	_	_	_	linguistic	_	none	_	_	_	_	_	_
13-4	TO028	13	13	4	qualche	qualche	_	_	_	_	_	linguistic	_	none	_	_	_	_	_	_
13-5	TO028	13	13	5	problema	problema	_	_	_	_	_	linguistic	_	none	_	_	_	_	_	_
13-6	TO028	13	13	6	proprio	proprio	_	_	_	_	_	linguistic	_	none	_	_	_	_	_	_
13-7	TO028	13	13	7	un	un	_	_	_	_	_	linguistic	_	none	_	_	_	_	_	_
13-8	TO028	13	13	8	po'	po'	_	_	_	_	_	linguistic	_	none	_	_	_	_	_	_
13-9	TO028	13	13	9	più	più	_	_	_	_	_	linguistic	_	none	_	_	_	_	_	_
13-10	TO028	13	13	10	amministrativo	amministrativo	_	_	_	_	_	linguistic	_	none	_	_	_	_	_	_
13-11	TO028	13	13	11	nel	nel	_	_	_	_	_	linguistic	_	none	_	_	_	_	_	_
13-12	TO028	13	13	12	senso	senso	_	_	_	_	_	linguistic	_	none	_	_	_	_	_	_
13-13	TO028	13	13	13	[della]	della	_	_	_	_	_	linguistic	_	none	_	_	_	_	_	0-5(3)
13-14	TO028	13	13	14	borsa	borsa	_	_	_	_	_	linguistic	_	none	_	_	_	_	_	_
13-15	TO028	13	13	15	di	di	_	_	_	_	_	linguistic	_	none	_	_	_	_	_	_
13-16	TO028	13	13	16	studio	studio	_	_	_	_	_	linguistic	_	none	_	End=33.25	_	_	_	_
14-0	TO026	14	14	0	mhmh	mhmh	_	_	_	_	_	linguistic	_	none	_	Begin=31.992|End=32.523	_	_	_	_
15-0	TO026	15	15	0	mhmh	mhmh	_	_	_	_	_	linguistic	_	none	_	Begin=33.452|End=33.881	_	_	_	_
16-0	TO028	16	16	0	e:h	eh	_	_	_	_	_	linguistic	_	none	_	Begin=33.881	0x1	_	_	_
16-1	TO028	16	16	1	solo	solo	_	_	_	_	_	linguistic	_	none	_	_	_	_	_	_
16-2	TO028	16	16	2	qualche	qualche	_	_	_	_	_	linguistic	_	none	_	_	_	_	_	_
16-3	TO028	16	16	3	informazione	informazione	_	_	_	_	_	linguistic	_	none	_	_	_	_	_	_
16-4	TO028	16	16	4	proprio	proprio	_	_	_	_	_	linguistic	_	none	_	_	_	_	_	_
16-5	TO028	16	16	5	sul	sul	_	_	_	_	_	linguistic	_	none	_	_	_	_	_	_
16-6	TO028	16	16	6	come::	come	_	_	_	_	_	linguistic	_	none	_	End=36.56	3x2	_	_	_
17-0	TO026	17	17	0	se	se	_	_	_	_	_	linguistic	_	none	_	Begin=36.949	_	_	_	_
17-1	TO026	17	17	1	[sono	sono	_	_	_	_	_	linguistic	_	none	_	_	_	_	_	0-4(4)
17-2	TO026	17	17	2	in	in	_	_	_	_	_	linguistic	_	none	_	_	_	_	_	0-2(4)
17-3	TO026	17	17	3	grado	grado	_	_	_	_	_	linguistic	_	none	_	_	_	_	_	0-5(4)
17-4	TO026	17	17	4	di	di	_	_	_	_	_	linguistic	_	none	_	_	_	_	_	0-2(4)
17-5	TO026	17	17	5	dargliela::]	dargliela	_	_	_	_	_	linguistic	_	none	_	End=38.926	8x2	_	_	0-9(4)
18-0	TO028	18	18	0	[viene	viene	_	_	_	_	_	linguistic	_	none	_	Begin=37.272	_	_	_	0-5(4)
18-1	TO028	18	18	1	erogata::,	erogata	_	_	_	_	_	linguistic	_	none	Intonation=WeaklyRising	_	6x2	_	_	0-7(4)
18-2	TO028	18	18	2	quando::],	quando	_	_	_	_	_	linguistic	_	none	Intonation=WeaklyRising|PauseAfter=Yes	_	5x2	_	_	0-6(4)
18-3	TO028	18	18	3	{P}	{P}	_	_	_	_	_	shortpause	_	none	_	_	_	_	_	_
18-4	TO028	18	18	4	lei	lei	_	_	_	_	_	linguistic	_	none	_	_	_	_	_	_
18-5	TO028	18	18	5	lo	lo	_	_	_	_	_	linguistic	_	none	_	_	_	_	_	_
18-6	TO028	18	18	6	sa	sa	_	_	_	_	_	linguistic	_	none	_	_	_	_	_	_
18-7	TO028	18	18	7	per	per	_	_	_	_	_	linguistic	_	none	_	_	_	_	_	_
18-8	TO028	18	18	8	caso?	caso	_	_	_	_	_	linguistic	_	none	Intonation=Rising	End=40.776	_	_	_	_
19-0	TO026	19	19	0	eh	eh	_	_	_	_	_	linguistic	_	none	_	Begin=41.049	_	_	_	_
19-1	TO026	19	19	1	come	come	_	_	_	_	_	linguistic	_	none	_	_	_	_	_	_
19-2	TO026	19	19	2	dicevamo	dicevamo	_	_	_	_	_	linguistic	_	none	_	_	_	_	_	_
19-3	TO026	19	19	3	la	la	_	_	_	_	_	linguistic	_	none	_	_	_	_	_	_
19-4	TO026	19	19	4	volta	volta	_	_	_	_	_	linguistic	_	none	_	_	_	_	_	_
19-5	TO026	19	19	5	scorsa	scorsa	_	_	_	_	_	linguistic	_	none	_	_	_	_	_	_
19-6	TO026	19	19	6	per	per	_	_	_	_	_	linguistic	_	none	_	_	_	_	_	_
19-7	TO026	19	19	7	queste	queste	_	_	_	_	_	linguistic	_	none	_	_	_	_	_	_
19-8	TO026	19	19	8	informazioni::	informazioni	_	_	_	_	_	linguistic	_	none	_	_	11x2	_	_	_
19-9	TO026	19	19	9	deve	deve	_	_	_	_	_	linguistic	_	none	_	_	_	_	_	_
19-10	TO026	19	19	10	chiedere	chiedere	_	_	_	_	_	linguistic	_	none	_	_	_	_	_	_
19-11	TO026	19	19	11	agli	agli	_	_	_	_	_	linguistic	_	none	_	_	_	_	_	_
19-12	TO026	19	19	12	uffici	uffici	_	_	_	_	_	linguistic	_	none	_	_	_	_	_	_
19-13	TO026	19	19	13	no?	no	_	_	_	_	_	linguistic	_	none	Intonation=Rising	End=45.363	_	_	_	_
20-0	TO028	20	20	0	e	e	_	_	_	_	_	linguistic	_	none	_	Begin=45.501	_	_	_	_
20-1	TO028	20	20	1	non	non	_	_	_	_	_	linguistic	_	none	_	_	_	_	_	_
20-2	TO028	20	20	2	sa	sa	_	_	_	_	_	linguistic	_	none	_	_	_	_	_	_
20-3	TO028	20	20	3	neanche	neanche	_	_	_	_	_	linguistic	_	none	_	_	_	_	_	_
20-4	TO028	20	20	4	[cosa	cosa	_	_	_	_	_	linguistic	_	none	_	_	_	_	_	0-4(5)
20-5	TO028	20	20	5	succede]	succede	_	_	_	_	_	linguistic	_	none	_	_	_	_	_	0-7(5)
20-6	TO028	20	20	6	se:	se	_	_	_	_	_	linguistic	_	none	_	_	1x1	_	_	_
20-7	TO028	20	20	7	io	io	_	_	_	_	_	linguistic	_	none	_	_	_	_	_	_
20-8	TO028	20	20	8	rifiuto?	rifiuto	_	_	_	_	_	linguistic	_	none	Intonation=Rising	End=48.556	_	_	_	_
21-0	TO026	21	21	0	[non	non	_	_	_	_	_	linguistic	_	none	_	Begin=46.293	_	_	_	0-3(5)
21-1	TO026	21	21	1	sapre:i]	saprei	_	_	_	_	_	linguistic	_	none	_	End=47.05	4x1	_	_	0-6(5)
22-0	TO026	22	22	0	e:h	eh	_	_	_	_	_	linguistic	_	none	_	Begin=49.936	0x1	_	_	_
22-1	TO026	22	22	1	no	no	_	_	_	_	_	linguistic	_	none	_	End=50.457	_	_	_	_
23-0	TO028	23	23	0	mh	mh	_	_	_	_	_	linguistic	_	none	_	Begin=50.831|End=51.34	_	_	_	_
24-0	TO028	24	24	0	mh	mh	_	_	_	_	_	linguistic	_	none	_	Begin=52.11|End=52.411	_	_	_	_
25-0	TO026	25	25	0	eh	eh	_	_	_	_	_	linguistic	_	none	_	Begin=52.865	_	_	_	_
25-1	TO026	25	25	1	purtroppo	purtroppo	_	_	_	_	_	linguistic	_	none	_	_	_	_	_	_
25-2	TO026	25	25	2	no,	no	_	_	_	_	_	linguistic	_	none	Intonation=WeaklyRising	End=53.762	_	_	_	_
26-0	TO028	26	26	0	x[xxx]	xxxx	_	_	_	_	_	unknown	_	none	Syllables=4	Begin=54.739|End=55.267	_	_	_	1-4(6)
27-0	TO026	27	27	0	[in	in	_	_	_	_	_	linguistic	_	none	_	Begin=54.893	_	_	_	0-2(6)
27-1	TO026	27	27	1	che]	che	_	_	_	_	_	linguistic	_	none	_	_	_	_	_	0-3(6)
27-2	TO026	27	27	2	senso	senso	_	_	_	_	_	linguistic	_	none	_	_	_	_	_	_
27-3	TO026	27	27	3	se	se	_	_	_	_	_	linguistic	_	none	_	_	_	_	_	_
27-4	TO026	27	27	4	rifiuta:::	rifiuta	_	_	_	_	_	linguistic	_	none	_	_	6x3	_	_	_
27-5	TO026	27	27	5	sì	sì	_	_	_	_	_	linguistic	_	none	_	End=57.562	_	_	_	_
28-0	TO028	28	28	0	m::h	mh	_	_	_	_	_	linguistic	_	none	_	Begin=57.562	0x2	_	_	_
28-1	TO028	28	28	1	mio	mio	_	_	_	_	_	linguistic	_	none	_	_	_	_	_	_
28-2	TO028	28	28	2	padre	padre	_	_	_	_	_	linguistic	_	none	_	_	_	_	_	_
28-3	TO028	28	28	3	h[a:::]	ha	_	_	_	_	_	linguistic	_	none	_	End=60.196	1x3	_	_	1-2(7)
29-0	TO026	29	29	0	[ah]	ah	_	_	_	_	_	linguistic	_	none	_	Begin=59.977	_	_	_	0-2(7)
29-1	TO026	29	29	1	no	no	_	_	_	_	_	linguistic	_	none	_	_	_	_	_	_
29-2	TO026	29	29	2	no	no	_	_	_	_	_	linguistic	_	none	_	_	_	_	_	_
29-3	TO026	29	29	3	non	non	_	_	_	_	_	linguistic	_	none	_	_	_	_	_	_
29-4	TO026	29	29	4	per::	per	_	_	_	_	_	linguistic	_	none	ProsodicLink=Yes	_	2x2	_	_	_
29-5	TO026	29	29	5	mh	mh	_	_	_	_	_	linguistic	_	none	_	_	_	_	_	_
29-6	TO026	29	29	6	cioè	cioè	_	_	_	_	_	linguistic	_	none	_	_	_	_	_	_
29-7	TO026	29	29	7	non	non	_	_	_	_	_	linguistic	_	none	_	_	_	_	_	_
29-8	TO026	29	29	8	volevo	volevo	_	_	_	_	_	linguistic	_	none	_	_	_	_	_	_
29-9	TO026	29	29	9	[sapere	sapere	_	_	_	_	_	linguistic	_	none	_	_	_	_	_	0-6(8)
29-10	TO026	29	29	10	i	i	_	_	_	_	_	linguistic	_	none	_	_	_	_	_	0-1(8)
29-11	TO026	29	29	11	motivi	motivi	_	_	_	_	_	linguistic	_	none	_	_	_	_	_	0-6(8)
29-12	TO026	29	29	12	personali	personali	_	_	_	_	_	linguistic	_	none	PauseAfter=Yes	_	_	_	_	0-9(8)
29-13	TO026	29	29	13	{P}	{P}	_	_	_	_	_	shortpause	_	none	_	_	_	_	_	0-3(8)
29-14	TO026	29	29	14	sì].	sì	_	_	_	_	_	linguistic	_	none	Intonation=Falling	End=63.569	_	_	_	0-2(8)
30-0	TO028	30	30	0	[no	no	_	_	_	_	_	linguistic	_	none	_	Begin=61.479	_	_	_	0-2(8)
30-1	TO028	30	30	1	no	no	_	_	_	_	_	linguistic	_	none	_	_	_	_	_	0-2(8)
30-2	TO028	30	30	2	no	no	_	_	_	_	_	linguistic	_	none	_	_	_	_	_	0-2(8)
30-3	TO028	30	30	3	no::	no	_	_	_	_	_	linguistic	_	none	_	_	1x2	_	_	0-2(8)
30-4	TO028	30	30	4	nel	nel	_	_	_	_	_	linguistic	_	none	_	_	_	_	_	0-3(8)
30-5	TO028	30	30	5	senso	senso	_	_	_	_	_	linguistic	_	none	_	_	_	_	_	0-5(8)
30-6	TO028	30	30	6	che	che	_	_	_	_	_	linguistic	_	none	ProsodicLink=Yes	_	_	_	_	0-3(8)
30-7	TO028	30	30	7	eh]	eh	_	_	_	_	_	linguistic	_	none	_	_	_	_	_	0-2(8)
30-8	TO028	30	30	8	non	non	_	_	_	_	_	linguistic	_	none	_	_	_	_	_	_
30-9	TO028	30	30	9	sono	sono	_	_	_	_	_	linguistic	_	none	_	_	_	_	_	_
30-10	TO028	30	30	10	certa	certa	_	_	_	_	_	linguistic	_	none	_	_	_	_	_	_
30-11	TO028	30	30	11	di	di	_	_	_	_	_	linguistic	_	none	_	_	_	_	_	_
30-12	TO028	30	30	12	riuscire	riuscire	_	_	_	_	_	linguistic	_	none	_	_	_	_	_	_
30-13	TO028	30	30	13	a	a	_	_	_	_	_	linguistic	_	none	_	_	_	_	_	_
30-14	TO028	30	30	14	partire	partire	_	_	_	_	_	linguistic	_	none	_	_	_	_	_	_
30-15	TO028	30	30	15	finché	finché	_	_	_	_	_	linguistic	_	none	_	_	_	_	_	_
30-16	TO028	30	30	16	non	non	_	_	_	_	_	linguistic	_	none	_	_	_	_	_	_
30-17	TO028	30	30	17	son	son	_	_	_	_	_	linguistic	_	none	_	_	_	_	_	_
30-18	TO028	30	30	18	parti~	parti~	_	_	_	_	_	linguistic	_	none	Interrupted=Yes	_	_	_	_	_
30-19	TO028	30	30	19	non	non	_	_	_	_	_	linguistic	_	none	_	_	_	_	_	_
30-20	TO028	30	30	20	so	so	_	_	_	_	_	linguistic	_	none	_	_	_	_	_	_
30-21	TO028	30	30	21	come	come	_	_	_	_	_	linguistic	_	none	_	_	_	_	_	_
30-22	TO028	30	30	22	spiegare.	spiegare	_	_	_	_	_	linguistic	_	none	Intonation=Falling	End=68.227	_	_	_	_
31-0	TO026	31	31	0	sì	sì	_	_	_	_	_	linguistic	_	none	_	Begin=68.652	_	_	_	_
31-1	TO026	31	31	1	[sì	sì	_	_	_	_	_	linguistic	_	none	_	_	_	_	_	0-2(9)
31-2	TO026	31	31	2	sì	sì	_	_	_	_	_	linguistic	_	none	_	_	_	_	_	0-2(9)
31-3	TO026	31	31	3	ce:rto]	certo	_	_	_	_	_	linguistic	_	none	_	End=69.623	1x1	_	_	0-5(9)
32-0	TO028	32	32	0	[e	e	_	_	_	_	_	linguistic	_	none	_	Begin=68.754	_	_	_	0-1(9)
32-1	TO028	32	32	1	quindi:::]	quindi	_	_	_	_	_	linguistic	_	none	PauseAfter=Yes	_	5x3	_	_	0-6(9)
32-2	TO028	32	32	2	{P}	{P}	_	_	_	_	_	shortpause	_	none	_	_	_	_	_	_
32-3	TO028	32	32	3	[finché::]	finché	_	_	_	_	_	linguistic	_	none	_	End=70.965	5x2	_	_	0-6(10)
33-0	TO026	33	33	0	[deve	deve	_	_	_	_	_	linguistic	_	none	_	Begin=70.249	_	_	_	0-4(10)
33-1	TO026	33	33	1	sapere]	sapere	_	_	_	_	_	linguistic	_	none	_	_	_	_	_	0-6(10)
33-2	TO026	33	33	2	e:::h	eh	_	_	_	_	_	linguistic	_	none	_	_	0x3	_	_	_
33-3	TO026	33	33	3	no	no	_	_	_	_	_	linguistic	_	none	_	_	_	_	_	_
33-4	TO026	33	33	4	deve	deve	_	_	_	_	_	linguistic	_	none	_	_	_	_	_	_
33-5	TO026	33	33	5	chiedere	chiedere	_	_	_	_	_	linguistic	_	none	_	_	_	_	_	_
33-6	TO026	33	33	6	agli	agli	_	_	_	_	_	linguistic	_	none	_	_	_	_	_	_
33-7	TO026	33	33	7	uffici	uffici	_	_	_	_	_	linguistic	_	none	_	End=73.136	_	_	_	_
34-0	TO028	34	34	0	okay	okay	_	_	_	_	_	linguistic	_	none	_	Begin=73.182	_	_	_	_
34-1	TO028	34	34	1	perfetto	perfetto	_	_	_	_	_	linguistic	_	none	_	End=74.538	_	_	_	_
35-0	TO026	35	35	0	°eh	eh	_	_	_	_	_	linguistic	_	none	Volume=low	Begin=74.538	_	_	_	_
35-1	TO026	35	35	1	per	per	_	_	_	_	_	linguistic	_	none	Volume=low	_	_	_	_	_
35-2	TO026	35	35	2	quello::°	quello	_	_	_	_	_	linguistic	_	none	Volume=low	End=75.272	5x2	_	_	_
36-0	TO028	36	36	0	però	però	_	_	_	_	_	linguistic	_	none	_	Begin=75.425	_	_	_	_
36-1	TO028	36	36	1	non	non	_	_	_	_	_	linguistic	_	none	_	_	_	_	_	_
36-2	TO028	36	36	2	ha	ha	_	_	_	_	_	linguistic	_	none	_	_	_	_	_	_
36-3	TO028	36	36	3	mai	mai	_	_	_	_	_	linguistic	_	none	_	_	_	_	_	_
36-4	TO028	36	36	4	sentito	sentito	_	_	_	_	_	linguistic	_	none	_	_	_	_	_	_
36-5	TO028	36	36	5	lei	lei	_	_	_	_	_	linguistic	_	none	_	_	_	_	_	_
36-6	TO028	36	36	6	parlare	parlare	_	_	_	_	_	linguistic	_	none	_	_	_	_	_	_
36-7	TO028	36	36	7	di	di	_	_	_	_	_	linguistic	_	none	_	_	_	_	_	_
36-8	TO028	36	36	8	pena::li	penali	_	_	_	_	_	linguistic	_	none	_	_	3x2	_	_	_
36-9	TO028	36	36	9	o	o	_	_	_	_	_	linguistic	_	none	_	_	_	_	_	_
36-10	TO028	36	36	10	cose	cose	_	_	_	_	_	linguistic	_	none	_	_	_	_	_	_
36-11	TO028	36	36	11	da	da	_	_	_	_	_	linguistic	_	none	_	_	_	_	_	_
36-12	TO028	36	36	12	pagare	pagare	_	_	_	_	_	linguistic	_	none	_	_	_	_	_	_
36-13	TO028	36	36	13	in	in	_	_	_	_	_	linguistic	_	none	_	_	_	_	_	_
36-14	TO028	36	36	14	più,	più	_	_	_	_	_	linguistic	_	none	Intonation=WeaklyRising	_	_	_	_	_
36-15	TO028	36	36	15	rispet~	rispet~	_	_	_	_	_	linguistic	_	none	Interrupted=Yes	_	_	_	_	_
36-16	TO028	36	36	16	cioè	cioè	_	_	_	_	_	linguistic	_	none	_	_	_	_	_	_
36-17	TO028	36	36	17	okay	okay	_	_	_	_	_	linguistic	_	none	_	_	_	_	_	_
36-18	TO028	36	36	18	restituire	restituire	_	_	_	_	_	linguistic	_	none	_	_	_	_	_	_
36-19	TO028	36	36	19	i	i	_	_	_	_	_	linguistic	_	none	_	_	_	_	_	_
36-20	TO028	36	36	20	soldi	soldi	_	_	_	_	_	linguistic	_	none	_	_	_	_	_	_
36-21	TO028	36	36	21	per	per	_	_	_	_	_	linguistic	_	none	_	_	_	_	_	_
36-22	TO028	36	36	22	carità,	carità	_	_	_	_	_	linguistic	_	none	Intonation=WeaklyRising	_	_	_	_	_
36-23	TO028	36	36	23	però	però	_	_	_	_	_	linguistic	_	none	_	_	_	_	_	_
36-24	TO028	36	36	24	penali	penali	_	_	_	_	_	linguistic	_	none	_	_	_	_	_	_
36-25	TO028	36	36	25	eccetera	eccetera	_	_	_	_	_	linguistic	_	none	_	_	_	_	_	_
36-26	TO028	36	36	26	io	io	_	_	_	_	_	linguistic	_	none	_	_	_	_	_	_
36-27	TO028	36	36	27	ho	ho	_	_	_	_	_	linguistic	_	none	_	_	_	_	_	_
36-28	TO028	36	36	28	letto	letto	_	_	_	_	_	linguistic	_	none	_	_	_	_	_	_
36-29	TO028	36	36	29	il	il	_	_	_	_	_	linguistic	_	none	_	_	_	_	_	_
36-30	TO028	36	36	30	bando	bando	_	_	_	_	_	linguistic	_	none	_	_	_	_	_	_
36-31	TO028	36	36	31	non	non	_	_	_	_	_	linguistic	_	none	_	_	_	_	_	_
36-32	TO028	36	36	32	c'	c'	_	_	_	_	_	linguistic	_	none	SpaceAfter=No	_	_	_	_	_
36-33	TO028	36	36	33	è	è	_	_	_	_	_	linguistic	_	none	_	_	_	_	_	_
36-34	TO028	36	36	34	scritto	scritto	_	_	_	_	_	linguistic	_	none	_	_	_	_	_	_
36-35	TO028	36	36	35	nulla	nulla	_	_	_	_	_	linguistic	_	none	_	End=86.885	_	_	_	_
37-0	TO028	37	37	0	lei	lei	_	_	_	_	_	linguistic	_	none	_	Begin=87.06	_	_	_	_
37-1	TO028	37	37	1	non	non	_	_	_	_	_	linguistic	_	none	_	_	_	_	_	_
37-2	TO028	37	37	2	ha	ha	_	_	_	_	_	linguistic	_	none	_	_	_	_	_	_
37-3	TO028	37	37	3	mai	mai	_	_	_	_	_	linguistic	_	none	_	_	_	_	_	_
37-4	TO028	37	37	4	sentito	sentito	_	_	_	_	_	linguistic	_	none	_	_	_	_	_	_
37-5	TO028	37	37	5	parlare	parlare	_	_	_	_	_	linguistic	_	none	_	_	_	_	_	_
37-6	TO028	37	37	6	<di	di	_	_	_	_	_	linguistic	_	none	_	_	_	Slow=0-2(0)	_	_
37-7	TO028	37	37	7	cose	cose	_	_	_	_	_	linguistic	_	none	_	_	_	Slow=0-4(0)	_	_
37-8	TO028	37	37	8	del	del	_	_	_	_	_	linguistic	_	none	_	_	_	Slow=0-3(0)	_	_
37-9	TO028	37	37	9	genere>	genere	_	_	_	_	_	linguistic	_	none	_	End=89.816	_	Slow=0-6(0)	_	_
38-0	TO026	38	38	0	no::	no	_	_	_	_	_	linguistic	_	none	ProsodicLink=Yes	Begin=91.153	1x2	_	_	_
38-1	TO026	38	38	1	e:h	eh	_	_	_	_	_	linguistic	_	none	_	End=92.267	0x1	_	_	_
39-0	TO026	39	39	0	per	per	_	_	_	_	_	linguistic	_	none	_	Begin=92.866	_	_	_	_
39-1	TO026	39	39	1	questioni	questioni	_	_	_	_	_	linguistic	_	none	_	_	_	_	_	_
39-2	TO026	39	39	2	erasmus	erasmus	_	_	_	_	_	linguistic	_	none	PauseAfter=Yes	_	_	_	_	_
39-3	TO026	39	39	3	{P}	{P}	_	_	_	_	_	shortpause	_	none	_	_	_	_	_	_
39-4	TO026	39	39	4	no	no	_	_	_	_	_	linguistic	_	none	PauseAfter=Yes	_	_	_	_	_
39-5	TO026	39	39	5	{P}	{P}	_	_	_	_	_	shortpause	_	none	_	_	_	_	_	_
39-6	TO026	39	39	6	e	e	_	_	_	_	_	linguistic	_	none	_	_	_	_	_	_
39-7	TO026	39	39	7	in	in	_	_	_	_	_	linguistic	_	none	_	_	_	_	_	_
39-8	TO026	39	39	8	altri	altri	_	_	_	_	_	linguistic	_	none	_	_	_	_	_	_
39-9	TO026	39	39	9	casi	casi	_	_	_	_	_	linguistic	_	none	_	_	_	_	_	_
39-10	TO026	39	39	10	che	che	_	_	_	_	_	linguistic	_	none	_	_	_	_	_	_
39-11	TO026	39	39	11	diciamo	diciamo	_	_	_	_	_	linguistic	_	none	_	_	_	_	_	_
39-12	TO026	39	39	12	di	di	_	_	_	_	_	linguistic	_	none	_	_	_	_	_	_
39-13	TO026	39	39	13	in	in	_	_	_	_	_	linguistic	_	none	_	_	_	_	_	_
39-14	TO026	39	39	14	altri	altri	_	_	_	_	_	linguistic	_	none	_	_	_	_	_	_
39-15	TO026	39	39	15	casi	casi	_	_	_	_	_	linguistic	_	none	_	_	_	_	_	_
39-16	TO026	39	39	16	di	di	_	_	_	_	_	linguistic	_	none	_	_	_	_	_	_
39-17	TO026	39	39	17	borse	borse	_	_	_	_	_	linguistic	_	none	_	_	_	_	_	_
39-18	TO026	39	39	18	di	di	_	_	_	_	_	linguistic	_	none	_	_	_	_	_	_
39-19	TO026	39	39	19	studio	studio	_	_	_	_	_	linguistic	_	none	_	_	_	_	_	_
39-20	TO026	39	39	20	no?	no	_	_	_	_	_	linguistic	_	none	Intonation=Rising	_	_	_	_	_
39-21	TO026	39	39	21	per	per	_	_	_	_	_	linguistic	_	none	_	_	_	_	_	_
39-22	TO026	39	39	22	l'	l'	_	_	_	_	_	linguistic	_	none	SpaceAfter=No	_	_	_	_	_
39-23	TO026	39	39	23	[erasmus]	erasmus	_	_	_	_	_	linguistic	_	none	_	_	_	_	_	0-7(11)
39-24	TO026	39	39	24	e:::hm	ehm	_	_	_	_	_	linguistic	_	none	_	End=102.078	0x3	_	_	_
40-0	TO028	40	40	0	[ah	ah	_	_	_	_	_	linguistic	_	none	_	Begin=99.753	_	_	_	0-2(11)
40-1	TO028	40	40	1	okay]	okay	_	_	_	_	_	linguistic	_	none	_	End=100.281	_	_	_	0-4(11)
41-0	TO026	41	41	0	ci	ci	_	_	_	_	_	linguistic	_	none	_	Begin=102.978	_	_	_	_
41-1	TO026	41	41	1	possono	possono	_	_	_	_	_	linguistic	_	none	_	_	_	_	_	_
41-2	TO026	41	41	2	essere,	essere	_	_	_	_	_	linguistic	_	none	Intonation=WeaklyRising	_	_	_	_	_
41-3	TO026	41	41	3	ci	ci	_	_	_	_	_	linguistic	_	none	_	_	_	_	_	_
41-4	TO026	41	41	4	sono,	sono	_	_	_	_	_	linguistic	_	none	Intonation=WeaklyRising	_	_	_	_	_
41-5	TO026	41	41	5	casi	casi	_	_	_	_	_	linguistic	_	none	_	_	_	_	_	_
41-6	TO026	41	41	6	di	di	_	_	_	_	_	linguistic	_	none	_	_	_	_	_	_
41-7	TO026	41	41	7	rinuncia::	rinuncia	_	_	_	_	_	linguistic	_	none	_	_	7x2	_	_	_
41-8	TO026	41	41	8	e::h	eh	_	_	_	_	_	linguistic	_	none	PauseAfter=Yes	_	0x2	_	_	_
41-9	TO026	41	41	9	{P}	{P}	_	_	_	_	_	shortpause	_	none	_	_	_	_	_	_
41-10	TO026	41	41	10	sono	sono	_	_	_	_	_	linguistic	_	none	_	_	_	_	_	_
41-11	TO026	41	41	11	casi	casi	_	_	_	_	_	linguistic	_	none	_	_	_	_	_	_
41-12	TO026	41	41	12	di	di	_	_	_	_	_	linguistic	_	none	_	_	_	_	_	_
41-13	TO026	41	41	13	rinuncia,	rinuncia	_	_	_	_	_	linguistic	_	none	Intonation=WeaklyRising	_	_	_	_	_
41-14	TO026	41	41	14	cioè	cioè	_	_	_	_	_	linguistic	_	none	_	_	_	_	_	_
41-15	TO026	41	41	15	si	si	_	_	_	_	_	linguistic	_	none	_	_	_	_	_	_
41-16	TO026	41	41	16	rinuncia	rinuncia	_	_	_	_	_	linguistic	_	none	_	_	_	_	_	_
41-17	TO026	41	41	17	alla	alla	_	_	_	_	_	linguistic	_	none	_	_	_	_	_	_
41-18	TO026	41	41	18	borsa	borsa	_	_	_	_	_	linguistic	_	none	_	_	_	_	_	_
41-19	TO026	41	41	19	da	da	_	_	_	_	_	linguistic	_	none	_	_	_	_	_	_
41-20	TO026	41	41	20	un	un	_	_	_	_	_	linguistic	_	none	_	_	_	_	_	_
41-21	TO026	41	41	21	certo	certo	_	_	_	_	_	linguistic	_	none	_	_	_	_	_	_
41-22	TO026	41	41	22	punto	punto	_	_	_	_	_	linguistic	_	none	_	_	_	_	_	_
41-23	TO026	41	41	23	in	in	_	_	_	_	_	linguistic	_	none	_	_	_	_	_	_
41-24	TO026	41	41	24	poi	poi	_	_	_	_	_	linguistic	_	none	_	_	_	_	_	_
41-25	TO026	41	41	25	ma	ma	_	_	_	_	_	linguistic	_	none	_	_	_	_	_	_
41-26	TO026	41	41	26	questo	questo	_	_	_	_	_	linguistic	_	none	_	_	_	_	_	_
41-27	TO026	41	41	27	non	non	_	_	_	_	_	linguistic	_	none	_	_	_	_	_	_
41-28	TO026	41	41	28	comporta	comporta	_	_	_	_	_	linguistic	_	none	_	_	_	_	_	_
41-29	TO026	41	41	29	penali::	penali	_	_	_	_	_	linguistic	_	none	_	_	5x2	_	_	_
41-30	TO026	41	41	30	[sanzioni::]	sanzioni	_	_	_	_	_	linguistic	_	none	PauseAfter=Yes	_	7x2	_	_	0-8(12)
41-31	TO026	41	41	31	{P}	{P}	_	_	_	_	_	shortpause	_	none	_	_	_	_	_	_
41-32	TO026	41	41	32	e	e	_	_	_	_	_	linguistic	_	none	_	_	_	_	_	_
41-33	TO026	41	41	33	credo	credo	_	_	_	_	_	linguistic	_	none	_	_	_	_	_	_
41-34	TO026	41	41	34	che	che	_	_	_	_	_	linguistic	_	none	_	_	_	_	_	_
41-35	TO026	41	41	35	neanche	neanche	_	_	_	_	_	linguistic	_	none	_	_	_	_	_	_
41-36	TO026	41	41	36	per	per	_	_	_	_	_	linguistic	_	none	_	_	_	_	_	_
41-37	TO026	41	41	37	la	la	_	_	_	_	_	linguistic	_	none	_	_	_	_	_	_
41-38	TO026	41	41	38	borsa	borsa	_	_	_	_	_	linguistic	_	none	_	_	_	_	_	_
41-39	TO026	41	41	39	[erasmus],	erasmus	_	_	_	_	_	linguistic	_	none	Intonation=WeaklyRising	_	_	_	_	0-7(13)
41-40	TO026	41	41	40	no?	no	_	_	_	_	_	linguistic	_	none	Intonation=Rising	End=116.837	_	_	_	_
42-0	TO028	42	42	0	[okay]	okay	_	_	_	_	_	linguistic	_	none	_	Begin=113.453|End=113.911	_	_	_	0-4(12)
43-0	TO028	43	43	0	[sì	sì	_	_	_	_	_	linguistic	_	none	_	Begin=115.675	_	_	_	0-2(13)
43-1	TO028	43	43	1	sì	sì	_	_	_	_	_	linguistic	_	none	_	_	_	_	_	0-2(13)
43-2	TO028	43	43	2	sì]	sì	_	_	_	_	_	linguistic	_	none	_	End=116.334	_	_	_	0-2(13)
44-0	TO028	44	44	0	sì	sì	_	_	_	_	_	linguistic	_	none	_	Begin=117.148	_	_	_	_
44-1	TO028	44	44	1	[penso]	penso	_	_	_	_	_	linguistic	_	none	_	End=118.444	_	_	_	0-5(14)
45-0	TO026	45	45	0	[poi	poi	_	_	_	_	_	linguistic	_	none	_	Begin=117.735	_	_	_	0-3(14)
45-1	TO026	45	45	1	cosa	cosa	_	_	_	_	_	linguistic	_	none	_	_	_	_	_	0-4(14)
45-2	TO026	45	45	2	suc]ceda	succeda	_	_	_	_	_	linguistic	_	none	_	_	_	_	_	0-3(14)
45-3	TO026	45	45	3	alla	alla	_	_	_	_	_	linguistic	_	none	_	_	_	_	_	_
45-4	TO026	45	45	4	borsa	borsa	_	_	_	_	_	linguistic	_	none	_	_	_	_	_	_
45-5	TO026	45	45	5	non	non	_	_	_	_	_	linguistic	_	none	_	_	_	_	_	_
45-6	TO026	45	45	6	[sapre:i	saprei	_	_	_	_	_	linguistic	_	none	_	_	4x1	_	_	0-6(15)
45-7	TO026	45	45	7	ma],	ma	_	_	_	_	_	linguistic	_	none	Intonation=WeaklyRising	End=121.131	_	_	_	0-2(15)
46-0	TO028	46	46	0	[no	no	_	_	_	_	_	linguistic	_	none	_	Begin=120.227	_	_	_	0-2(15)
46-1	TO028	46	46	1	c'	c'	_	_	_	_	_	linguistic	_	none	SpaceAfter=No	_	_	_	_	0-2(15)
46-2	TO028	46	46	2	è	è	_	_	_	_	_	linguistic	_	none	_	_	_	_	_	0-1(15)
46-3	TO028	46	46	3	scri]tto	scritto	_	_	_	_	_	linguistic	_	none	_	_	_	_	_	0-4(15)
46-4	TO028	46	46	4	su	su	_	_	_	_	_	linguistic	_	none	_	_	_	_	_	_
46-5	TO028	46	46	5	sul	sul	_	_	_	_	_	linguistic	_	none	_	_	_	_	_	_
46-6	TO028	46	46	6	bando	bando	_	_	_	_	_	linguistic	_	none	_	_	_	_	_	_
46-7	TO028	46	46	7	che	che	_	_	_	_	_	linguistic	_	none	_	_	_	_	_	_
46-8	TO028	46	46	8	viene	viene	_	_	_	_	_	linguistic	_	none	_	_	_	_	_	_
46-9	TO028	46	46	9	ridotta	ridotta	_	_	_	_	_	linguistic	_	none	_	_	_	_	_	_
46-10	TO028	46	46	10	in	in	_	_	_	_	_	linguistic	_	none	_	_	_	_	_	_
46-11	TO028	46	46	11	modo	modo	_	_	_	_	_	linguistic	_	none	_	_	_	_	_	_
46-12	TO028	46	46	12	proporzionale	proporzionale	_	_	_	_	_	linguistic	_	none	_	_	_	_	_	_
46-13	TO028	46	46	13	a:l~	al~	_	_	_	_	_	linguistic	_	none	Interrupted=Yes	_	0x1	_	_	_
46-14	TO028	46	46	14	alla	alla	_	_	_	_	_	linguistic	_	none	_	_	_	_	_	_
46-15	TO028	46	46	15	rinuncia	rinuncia	_	_	_	_	_	linguistic	_	none	_	_	_	_	_	_
46-16	TO028	46	46	16	se	se	_	_	_	_	_	linguistic	_	none	_	_	_	_	_	_
46-17	TO028	46	46	17	sotto	sotto	_	_	_	_	_	linguistic	_	none	_	_	_	_	_	_
46-18	TO028	46	46	18	i	i	_	_	_	_	_	linguistic	_	none	_	_	_	_	_	_
46-19	TO028	46	46	19	tre	tre	_	_	_	_	_	linguistic	_	none	_	_	_	_	_	_
46-20	TO028	46	46	20	mesi	mesi	_	_	_	_	_	linguistic	_	none	_	_	_	_	_	_
46-21	TO028	46	46	21	bisogna	bisogna	_	_	_	_	_	linguistic	_	none	_	_	_	_	_	_
46-22	TO028	46	46	22	restituirla	restituirla	_	_	_	_	_	linguistic	_	none	_	_	_	_	_	_
46-23	TO028	46	46	23	tutta,	tutta	_	_	_	_	_	linguistic	_	none	Intonation=WeaklyRising	End=129.418	_	_	_	_
47-0	TO028	47	47	0	e:h	eh	_	_	_	_	_	linguistic	_	none	ProsodicLink=Yes	Begin=130.461	0x1	_	_	_
47-1	TO028	47	47	1	m:::h	mh	_	_	_	_	_	linguistic	_	none	_	_	0x3	_	_	_
47-2	TO028	47	47	2	ad	ad	_	_	_	_	_	linguistic	_	none	_	_	_	_	_	_
47-3	TO028	47	47	3	esempio	esempio	_	_	_	_	_	linguistic	_	none	_	_	_	_	_	_
47-4	TO028	47	47	4	io	io	_	_	_	_	_	linguistic	_	none	_	_	_	_	_	_
47-5	TO028	47	47	5	ho	ho	_	_	_	_	_	linguistic	_	none	_	_	_	_	_	_
47-6	TO028	47	47	6	un'	un'	_	_	_	_	_	linguistic	_	none	SpaceAfter=No	_	_	_	_	_
47-7	TO028	47	47	7	integrazione	integrazione	_	_	_	_	_	linguistic	_	none	_	_	_	_	_	_
47-8	TO028	47	47	8	per	per	_	_	_	_	_	linguistic	_	none	_	_	_	_	_	_
47-9	TO028	47	47	9	l'	l'	_	_	_	_	_	linguistic	_	none	SpaceAfter=No	_	_	_	_	_
47-10	TO028	47	47	10	isee	isee	_	_	_	_	_	linguistic	_	none	_	_	_	_	_	_
47-11	TO028	47	47	11	basso,	basso	_	_	_	_	_	linguistic	_	none	Intonation=WeaklyRising	End=135.755	_	_	_	_
48-0	TO026	48	48	0	mhmh	mhmh	_	_	_	_	_	linguistic	_	none	_	Begin=135.936|End=136.409	_	_	_	_
49-0	TO028	49	49	0	eh	eh	_	_	_	_	_	linguistic	_	none	PauseAfter=Yes	Begin=136.755	_	_	_	_
49-1	TO028	49	49	1	{P}	{P}	_	_	_	_	_	shortpause	_	none	_	_	_	_	_	_
49-2	TO028	49	49	2	quella	quella	_	_	_	_	_	linguistic	_	none	_	_	_	_	_	_
49-3	TO028	49	49	3	invece:	invece	_	_	_	_	_	linguistic	_	none	_	_	5x1	_	_	_
49-4	TO028	49	49	4	se	se	_	_	_	_	_	linguistic	_	none	_	_	_	_	_	_
49-5	TO028	49	49	5	non	non	_	_	_	_	_	linguistic	_	none	_	_	_	_	_	_
49-6	TO028	49	49	6	vengono	vengono	_	_	_	_	_	linguistic	_	none	_	_	_	_	_	_
49-7	TO028	49	49	7	conseguiti	conseguiti	_	_	_	_	_	linguistic	_	none	_	_	_	_	_	_
49-8	TO028	49	49	8	almeno	almeno	_	_	_	_	_	linguistic	_	none	_	_	_	_	_	_
49-9	TO028	49	49	9	due	due	_	_	_	_	_	linguistic	_	none	_	_	_	_	_	_
49-10	TO028	49	49	10	crediti	crediti	_	_	_	_	_	linguistic	_	none	_	_	_	_	_	_
49-11	TO028	49	49	11	per	per	_	_	_	_	_	linguistic	_	none	_	_	_	_	_	_
49-12	TO028	49	49	12	ogni	ogni	_	_	_	_	_	linguistic	_	none	_	_	_	_	_	_
49-13	TO028	49	49	13	mese	mese	_	_	_	_	_	linguistic	_	none	_	_	_	_	_	_
49-14	TO028	49	49	14	che	che	_	_	_	_	_	linguistic	_	none	_	_	_	_	_	_
49-15	TO028	49	49	15	si	si	_	_	_	_	_	linguistic	_	none	_	_	_	_	_	_
49-16	TO028	49	49	16	sta	sta	_	_	_	_	_	linguistic	_	none	_	_	_	_	_	_
49-17	TO028	49	49	17	all'	all'	_	_	_	_	_	linguistic	_	none	SpaceAfter=No	_	_	_	_	_
49-18	TO028	49	49	18	estero	estero	_	_	_	_	_	linguistic	_	none	_	_	_	_	_	_
49-19	TO028	49	49	19	non	non	_	_	_	_	_	linguistic	_	none	_	_	_	_	_	_
49-20	TO028	49	49	20	vien~	vien~	_	_	_	_	_	linguistic	_	none	Interrupted=Yes	_	_	_	_	_
49-21	TO028	49	49	21	non	non	_	_	_	_	_	linguistic	_	none	_	_	_	_	_	_
49-22	TO028	49	49	22	viene	viene	_	_	_	_	_	linguistic	_	none	_	_	_	_	_	_
49-23	TO028	49	49	23	[erogata]	erogata	_	_	_	_	_	linguistic	_	none	_	End=145.803	_	_	_	0-7(16)
50-0	TO026	50	50	0	[a:h	ah	_	_	_	_	_	linguistic	_	none	_	Begin=144.773	0x1	_	_	0-2(16)
50-1	TO026	50	50	1	ho	ho	_	_	_	_	_	linguistic	_	none	_	_	_	_	_	0-2(16)
50-2	TO026	50	50	2	capito]	capito	_	_	_	_	_	linguistic	_	none	PauseAfter=Yes	_	_	_	_	0-6(16)
50-3	TO026	50	50	3	{P}	{P}	_	_	_	_	_	shortpause	_	none	_	_	_	_	_	_
50-4	TO026	50	50	4	eh	eh	_	_	_	_	_	linguistic	_	none	_	End=146.079	_	_	_	_
51-0	TO028	51	51	0	questo	questo	_	_	_	_	_	linguistic	_	none	_	Begin=146.209	_	_	_	_
51-1	TO028	51	51	1	sì,	sì	_	_	_	_	_	linguistic	_	none	Intonation=WeaklyRising	_	_	_	_	_
51-2	TO028	51	51	2	però	però	_	_	_	_	_	linguistic	_	none	PauseAfter=Yes	_	_	_	_	_
51-3	TO028	51	51	3	{P}	{P}	_	_	_	_	_	shortpause	_	none	_	_	_	_	_	_
51-4	TO028	51	51	4	penali	penali	_	_	_	_	_	linguistic	_	none	_	_	_	_	_	_
51-5	TO028	51	51	5	non	non	_	_	_	_	_	linguistic	_	none	_	_	_	_	_	_
51-6	TO028	51	51	6	c'	c'	_	_	_	_	_	linguistic	_	none	SpaceAfter=No	_	_	_	_	_
51-7	TO028	51	51	7	è	è	_	_	_	_	_	linguistic	_	none	_	_	_	_	_	_
51-8	TO028	51	51	8	scritto	scritto	_	_	_	_	_	linguistic	_	none	_	_	_	_	_	_
51-9	TO028	51	51	9	niente	niente	_	_	_	_	_	linguistic	_	none	_	_	_	_	_	_
51-10	TO028	51	51	10	volevo	volevo	_	_	_	_	_	linguistic	_	none	_	_	_	_	_	_
51-11	TO028	51	51	11	solo	solo	_	_	_	_	_	linguistic	_	none	_	_	_	_	_	_
51-12	TO028	51	51	12	una	una	_	_	_	_	_	linguistic	_	none	_	_	_	_	_	_
51-13	TO028	51	51	13	conferma	conferma	_	_	_	_	_	linguistic	_	none	_	_	_	_	_	_
51-14	TO028	51	51	14	che::	che	_	_	_	_	_	linguistic	_	none	_	End=151.215	2x2	_	_	_
52-0	TO026	52	52	0	ah	ah	_	_	_	_	_	linguistic	_	none	_	Begin=151.232	_	_	_	_
52-1	TO026	52	52	1	beh	beh	_	_	_	_	_	linguistic	_	none	_	_	_	_	_	_
52-2	TO026	52	52	2	no	no	_	_	_	_	_	linguistic	_	none	PauseAfter=Yes	_	_	_	_	_
52-3	TO026	52	52	3	{P}	{P}	_	_	_	_	_	shortpause	_	none	_	_	_	_	_	_
52-4	TO026	52	52	4	[sì]	sì	_	_	_	_	_	linguistic	_	none	_	End=152.381	_	_	_	0-2(17)
53-0	TO028	53	53	0	[sì]	sì	_	_	_	_	_	linguistic	_	none	PauseAfter=Yes	Begin=151.918	_	_	_	0-2(17)
53-1	TO028	53	53	1	{P}	{P}	_	_	_	_	_	shortpause	_	none	_	_	_	_	_	_
53-2	TO028	53	53	2	okay	okay	_	_	_	_	_	linguistic	_	none	_	_	_	_	_	_
53-3	TO028	53	53	3	perfetto	perfetto	_	_	_	_	_	linguistic	_	none	_	End=153.544	_	_	_	_
54-0	TO026	54	54	0	[però	però	_	_	_	_	_	linguistic	_	none	_	Begin=154.728	_	_	_	0-4(19)
54-1	TO026	54	54	1	chieda]	chieda	_	_	_	_	_	linguistic	_	none	_	_	_	_	_	0-6(19)
54-2	TO026	54	54	2	lo	lo	_	_	_	_	_	linguistic	_	none	_	_	_	_	_	_
54-3	TO026	54	54	3	chieda	chieda	_	_	_	_	_	linguistic	_	none	_	_	_	_	_	_
54-4	TO026	54	54	4	anche	anche	_	_	_	_	_	linguistic	_	none	_	_	_	_	_	_
54-5	TO026	54	54	5	dagli	dagli	_	_	_	_	_	linguistic	_	none	_	_	_	_	_	_
54-6	TO026	54	54	6	uffici	uffici	_	_	_	_	_	linguistic	_	none	_	_	_	_	_	_
54-7	TO026	54	54	7	sì	sì	_	_	_	_	_	linguistic	_	none	_	_	_	_	_	_
54-8	TO026	54	54	8	sì	sì	_	_	_	_	_	linguistic	_	none	_	End=156.596	_	_	_	_
55-0	TO028	55	55	0	[e::h]	eh	_	_	_	_	_	linguistic	_	none	_	Begin=154.737|End=155.441	0x2	_	_	0-2(19)
56-0	TO028	56	56	0	okay	okay	_	_	_	_	_	linguistic	_	none	_	Begin=156.566|End=157.1	_	_	_	_
57-0	TO028	57	57	0	allora	allora	_	_	_	_	_	linguistic	_	none	_	Begin=157.722	_	_	_	_
57-1	TO028	57	57	1	xxx	xxx	_	_	_	_	_	unknown	_	none	Syllables=3	_	_	_	_	_
57-2	TO028	57	57	2	[ades~	ades~	_	_	_	_	_	linguistic	_	none	Interrupted=Yes	_	_	_	_	0-5(20)
57-3	TO028	57	57	3	adesso	adesso	_	_	_	_	_	linguistic	_	none	_	_	_	_	_	0-6(20)
57-4	TO028	57	57	4	devo	devo	_	_	_	_	_	linguistic	_	none	_	_	_	_	_	0-4(20)
57-5	TO028	57	57	5	trovarre]	trovarre	_	_	_	_	_	linguistic	_	none	_	_	_	_	_	0-8(20)
57-6	TO028	57	57	6	le	le	_	_	_	_	_	linguistic	_	none	_	_	_	_	_	_
57-7	TO028	57	57	7	domande	domande	_	_	_	_	_	linguistic	_	none	_	_	_	_	_	_
57-8	TO028	57	57	8	giu[ste],	giuste	_	_	_	_	_	linguistic	_	none	Intonation=WeaklyRising	End=161.188	_	_	_	3-6(21)
58-0	TO026	58	58	0	[per	per	_	_	_	_	_	linguistic	_	none	_	Begin=158.583	_	_	_	0-3(20)
58-1	TO026	58	58	1	tutte	tutte	_	_	_	_	_	linguistic	_	none	_	_	_	_	_	0-5(20)
58-2	TO026	58	58	2	queste	queste	_	_	_	_	_	linguistic	_	none	_	_	_	_	_	0-6(20)
58-3	TO026	58	58	3	(questioni)	questioni	_	_	_	_	_	linguistic	_	none	_	_	_	_	0-9(0)	0-9(20)
58-4	TO026	58	58	4	amministrative],	amministrative	_	_	_	_	_	linguistic	_	none	Intonation=WeaklyRising	End=160.022	_	_	_	0-14(20)
59-0	TO026	59	59	0	[le	le	_	_	_	_	_	linguistic	_	none	_	Begin=160.88	_	_	_	0-2(21)
59-1	TO026	59	59	1	doma]nde	domande	_	_	_	_	_	linguistic	_	none	_	_	_	_	_	0-4(21)
59-2	TO026	59	59	2	giuste	giuste	_	_	_	_	_	linguistic	_	none	_	_	_	_	_	_
59-3	TO026	59	59	3	infatti	infatti	_	_	_	_	_	linguistic	_	none	_	_	_	_	_	_
59-4	TO026	59	59	4	infatti	infatti	_	_	_	_	_	linguistic	_	none	PauseAfter=Yes	_	_	_	_	_
59-5	TO026	59	59	5	{P}	{P}	_	_	_	_	_	shortpause	_	none	_	_	_	_	_	_
59-6	TO026	59	59	6	abbi[amo	abbiamo	_	_	_	_	_	linguistic	_	none	_	_	_	_	_	4-7(22)
59-7	TO026	59	59	7	già	già	_	_	_	_	_	linguistic	_	none	_	_	_	_	_	0-3(22)
59-8	TO026	59	59	8	eliminato]	eliminato	_	_	_	_	_	linguistic	_	none	_	_	_	_	_	0-9(22)
59-9	TO026	59	59	9	una	una	_	_	_	_	_	linguistic	_	none	_	_	_	_	_	_
59-10	TO026	59	59	10	parte	parte	_	_	_	_	_	linguistic	_	none	_	_	_	_	_	_
59-11	TO026	59	59	11	delle	delle	_	_	_	_	_	linguistic	_	none	_	_	_	_	_	_
59-12	TO026	59	59	12	domande	domande	_	_	_	_	_	linguistic	_	none	_	_	_	_	_	_
59-13	TO026	59	59	13	no?	no	_	_	_	_	_	linguistic	_	none	Intonation=Rising	End=165.082	_	_	_	_
60-0	TO028	60	60	0	[m::h]	mh	_	_	_	_	_	linguistic	_	none	_	Begin=162.6|End=163.528	0x2	_	_	0-2(22)
61-0	TO028	61	61	0	okay	okay	_	_	_	_	_	linguistic	_	none	PauseAfter=Yes	Begin=166.436	_	_	_	_
61-1	TO028	61	61	1	{P}	{P}	_	_	_	_	_	shortpause	_	none	_	_	_	_	_	_
61-2	TO028	61	61	2	io	io	_	_	_	_	_	linguistic	_	none	_	_	_	_	_	_
61-3	TO028	61	61	3	vinco	vinco	_	_	_	_	_	linguistic	_	none	_	_	_	_	_	_
61-4	TO028	61	61	4	una	una	_	_	_	_	_	linguistic	_	none	_	_	_	_	_	_
61-5	TO028	61	61	5	borsa	borsa	_	_	_	_	_	linguistic	_	none	_	_	_	_	_	_
61-6	TO028	61	61	6	da	da	_	_	_	_	_	linguistic	_	none	_	_	_	_	_	_
61-7	TO028	61	61	7	nove	nove	_	_	_	_	_	linguistic	_	none	_	_	_	_	_	_
61-8	TO028	61	61	8	mesi	mesi	_	_	_	_	_	linguistic	_	none	_	End=169.369	_	_	_	_
62-0	TO026	62	62	0	sì	sì	_	_	_	_	_	linguistic	_	none	_	Begin=169.639|End=169.84	_	_	_	_
63-0	TO028	63	63	0	ma	ma	_	_	_	_	_	linguistic	_	none	_	Begin=170.126	_	_	_	_
63-1	TO028	63	63	1	torno	torno	_	_	_	_	_	linguistic	_	none	_	_	_	_	_	_
63-2	TO028	63	63	2	sicuramente	sicuramente	_	_	_	_	_	linguistic	_	none	_	_	_	_	_	_
63-3	TO028	63	63	3	dopo	dopo	_	_	_	_	_	linguistic	_	none	_	_	_	_	_	_
63-4	TO028	63	63	4	cinque	cinque	_	_	_	_	_	linguistic	_	none	_	End=172.061	_	_	_	_
64-0	TO028	64	64	0	mi	mi	_	_	_	_	_	linguistic	_	none	_	Begin=172.983	_	_	_	_
64-1	TO028	64	64	1	posso	posso	_	_	_	_	_	linguistic	_	none	_	_	_	_	_	_
64-2	TO028	64	64	2	compilare	compilare	_	_	_	_	_	linguistic	_	none	_	_	_	_	_	_
64-3	TO028	64	64	3	il	il	_	_	_	_	_	linguistic	_	none	_	_	_	_	_	_
64-4	TO028	64	64	4	mio	mio	_	_	_	_	_	linguistic	_	none	_	_	_	_	_	_
64-5	TO028	64	64	5	learn	learn	_	_	_	_	_	linguistic	_	none	_	_	_	_	_	_
64-6	TO028	64	64	6	agreement	agreement	_	_	_	_	_	linguistic	_	none	_	_	_	_	_	_
64-7	TO028	64	64	7	pe:::r	per	_	_	_	_	_	linguistic	_	none	_	End=176.382	1x3	_	_	_
65-0	TO026	65	65	0	torna	torna	_	_	_	_	_	linguistic	_	none	_	Begin=176.514	_	_	_	_
65-1	TO026	65	65	1	d[opo	dopo	_	_	_	_	_	linguistic	_	none	_	_	_	_	_	1-4(23)
65-2	TO026	65	65	2	cinque],	cinque	_	_	_	_	_	linguistic	_	none	Intonation=WeaklyRising|PauseAfter=Yes	_	_	_	_	0-6(23)
65-3	TO026	65	65	3	{P}	{P}	_	_	_	_	_	shortpause	_	none	_	_	_	_	_	_
65-4	TO026	65	65	4	e	e	_	_	_	_	_	linguistic	_	none	_	_	_	_	_	_
65-5	TO026	65	65	5	poi:::?	poi	_	_	_	_	_	linguistic	_	none	Intonation=Rising	End=178.71	2x3	_	_	_
66-0	TO028	66	66	0	[o	o	_	_	_	_	_	linguistic	_	none	_	Begin=176.853	_	_	_	0-1(23)
66-1	TO028	66	66	1	il	il	_	_	_	_	_	linguistic	_	none	_	_	_	_	_	0-2(23)
66-2	TO028	66	66	2	trenta]	trenta	_	_	_	_	_	linguistic	_	none	_	End=177.626	_	_	_	0-6(23)
67-0	TO028	67	67	0	no.	no	_	_	_	_	_	linguistic	_	none	Intonation=Falling	Begin=178.954|End=179.342	_	_	_	_
68-0	TO028	68	68	0	non	non	_	_	_	_	_	linguistic	_	none	_	Begin=180.148	_	_	_	_
68-1	TO028	68	68	1	posso	posso	_	_	_	_	_	linguistic	_	none	_	_	_	_	_	_
68-2	TO028	68	68	2	più	più	_	_	_	_	_	linguistic	_	none	_	_	_	_	_	_
68-3	TO028	68	68	3	tornare	tornare	_	_	_	_	_	linguistic	_	none	_	End=181.367	_	_	_	_
69-0	TO028	69	69	0	perché	perché	_	_	_	_	_	linguistic	_	none	_	Begin=182.223	_	_	_	_
69-1	TO028	69	69	1	ho	ho	_	_	_	_	_	linguistic	_	none	_	_	_	_	_	_
69-2	TO028	69	69	2	un::	un	_	_	_	_	_	linguistic	_	none	ProsodicLink=Yes	_	1x2	_	_	_
69-3	TO028	69	69	3	mh	mh	_	_	_	_	_	linguistic	_	none	_	_	_	_	_	_
69-4	TO028	69	69	4	non	non	_	_	_	_	_	linguistic	_	none	_	_	_	_	_	_
69-5	TO028	69	69	5	posso	posso	_	_	_	_	_	linguistic	_	none	_	_	_	_	_	_
69-6	TO028	69	69	6	per	per	_	_	_	_	_	linguistic	_	none	_	_	_	_	_	_
69-7	TO028	69	69	7	mo[tivi	motivi	_	_	_	_	_	linguistic	_	none	_	_	_	_	_	2-6(24)
69-8	TO028	69	69	8	familiari]	familiari	_	_	_	_	_	linguistic	_	none	_	_	_	_	_	0-9(24)
69-9	TO028	69	69	9	non	non	_	_	_	_	_	linguistic	_	none	_	_	_	_	_	_
69-10	TO028	69	69	10	posso	posso	_	_	_	_	_	linguistic	_	none	_	_	_	_	_	_
69-11	TO028	69	69	11	più	più	_	_	_	_	_	linguistic	_	none	_	_	_	_	_	_
69-12	TO028	69	69	12	torna:rci,	tornarci	_	_	_	_	_	linguistic	_	none	Intonation=WeaklyRising	_	4x1	_	_	_
69-13	TO028	69	69	13	quindi	quindi	_	_	_	_	_	linguistic	_	none	_	_	_	_	_	_
69-14	TO028	69	69	14	finirei	finirei	_	_	_	_	_	linguistic	_	none	_	_	_	_	_	_
69-15	TO028	69	69	15	il	il	_	_	_	_	_	linguistic	_	none	_	_	_	_	_	_
69-16	TO028	69	69	16	primo	primo	_	_	_	_	_	linguistic	_	none	_	_	_	_	_	_
69-17	TO028	69	69	17	semestre	semestre	_	_	_	_	_	linguistic	_	none	_	_	_	_	_	_
69-18	TO028	69	69	18	e	e	_	_	_	_	_	linguistic	_	none	_	_	_	_	_	_
69-19	TO028	69	69	19	poi	poi	_	_	_	_	_	linguistic	_	none	_	_	_	_	_	_
69-20	TO028	69	69	20	tornerei	tornerei	_	_	_	_	_	linguistic	_	none	_	End=189.726	_	_	_	_
70-0	TO026	70	70	0	[sì	sì	_	_	_	_	_	linguistic	_	none	_	Begin=184.851	_	_	_	0-2(24)
70-1	TO026	70	70	1	sì]	sì	_	_	_	_	_	linguistic	_	none	_	End=185.677	_	_	_	0-2(24)
71-0	TO028	71	71	0	mi	mi	_	_	_	_	_	linguistic	_	none	_	Begin=189.939	_	_	_	_
71-1	TO028	71	71	1	posso	posso	_	_	_	_	_	linguistic	_	none	_	_	_	_	_	_
71-2	TO028	71	71	2	compilare	compilare	_	_	_	_	_	linguistic	_	none	_	_	_	_	_	_
71-3	TO028	71	71	3	il	il	_	_	_	_	_	linguistic	_	none	_	_	_	_	_	_
71-4	TO028	71	71	4	learn	learn	_	_	_	_	_	linguistic	_	none	_	_	_	_	_	_
71-5	TO028	71	71	5	agreement	agreement	_	_	_	_	_	linguistic	_	none	_	_	_	_	_	_
71-6	TO028	71	71	6	con	con	_	_	_	_	_	linguistic	_	none	_	_	_	_	_	_
71-7	TO028	71	71	7	soli	soli	_	_	_	_	_	linguistic	_	none	_	_	_	_	_	_
71-8	TO028	71	71	8	trenta	trenta	_	_	_	_	_	linguistic	_	none	_	_	_	_	_	_
71-9	TO028	71	71	9	crediti	crediti	_	_	_	_	_	linguistic	_	none	_	_	_	_	_	_
71-10	TO028	71	71	10	o	o	_	_	_	_	_	linguistic	_	none	_	_	_	_	_	_
71-11	TO028	71	71	11	devo	devo	_	_	_	_	_	linguistic	_	none	_	_	_	_	_	_
71-12	TO028	71	71	12	compilarlo	compilarlo	_	_	_	_	_	linguistic	_	none	_	_	_	_	_	_
71-13	TO028	71	71	13	con	con	_	_	_	_	_	linguistic	_	none	_	_	_	_	_	_
71-14	TO028	71	71	14	tutti	tutti	_	_	_	_	_	linguistic	_	none	_	_	_	_	_	_
71-15	TO028	71	71	15	i	i	_	_	_	_	_	linguistic	_	none	_	_	_	_	_	_
71-16	TO028	71	71	16	sessanta?	sessanta	_	_	_	_	_	linguistic	_	none	Intonation=Rising	End=195.745	_	_	_	_
72-0	TO026	72	72	0	prevede	prevede	_	_	_	_	_	linguistic	_	none	_	Begin=197.786	_	_	_	_
72-1	TO026	72	72	1	sessanta	sessanta	_	_	_	_	_	linguistic	_	none	_	_	_	_	_	_
72-2	TO026	72	72	2	crediti::?	crediti	_	_	_	_	_	linguistic	_	none	Intonation=Rising	End=199.703	6x2	_	_	_
73-0	TO028	73	73	0	eh	eh	_	_	_	_	_	linguistic	_	none	_	Begin=199.703	_	_	_	_
73-1	TO028	73	73	1	no	no	_	_	_	_	_	linguistic	_	none	_	_	_	_	_	_
73-2	TO028	73	73	2	io	io	_	_	_	_	_	linguistic	_	none	_	_	_	_	_	_
73-3	TO028	73	73	3	tanto	tanto	_	_	_	_	_	linguistic	_	none	_	_	_	_	_	_
73-4	TO028	73	73	4	in	in	_	_	_	_	_	linguistic	_	none	_	_	_	_	_	_
73-5	TO028	73	73	5	realtà	realtà	_	_	_	_	_	linguistic	_	none	_	_	_	_	_	_
73-6	TO028	73	73	6	all'	all'	_	_	_	_	_	linguistic	_	none	SpaceAfter=No	_	_	_	_	_
73-7	TO028	73	73	7	estero	estero	_	_	_	_	_	linguistic	_	none	_	_	_	_	_	_
73-8	TO028	73	73	8	ci	ci	_	_	_	_	_	linguistic	_	none	_	_	_	_	_	_
73-9	TO028	73	73	9	sto	sto	_	_	_	_	_	linguistic	_	none	_	_	_	_	_	_
73-10	TO028	73	73	10	solo	solo	_	_	_	_	_	linguistic	_	none	_	_	_	_	_	_
73-11	TO028	73	73	11	cinque	cinque	_	_	_	_	_	linguistic	_	none	_	_	_	_	_	_
73-12	TO028	73	73	12	mesi.	mesi	_	_	_	_	_	linguistic	_	none	Intonation=Falling	_	_	_	_	_
73-13	TO028	73	73	13	però	però	_	_	_	_	_	linguistic	_	none	_	_	_	_	_	_
73-14	TO028	73	73	14	la	la	_	_	_	_	_	linguistic	_	none	_	_	_	_	_	_
73-15	TO028	73	73	15	borsa	borsa	_	_	_	_	_	linguistic	_	none	_	_	_	_	_	_
73-16	TO028	73	73	16	è	è	_	_	_	_	_	linguistic	_	none	_	_	_	_	_	_
73-17	TO028	73	73	17	da	da	_	_	_	_	_	linguistic	_	none	_	_	_	_	_	_
73-18	TO028	73	73	18	nove	nove	_	_	_	_	_	linguistic	_	none	_	_	_	_	_	_
73-19	TO028	73	73	19	quindi	quindi	_	_	_	_	_	linguistic	_	none	_	_	_	_	_	_
73-20	TO028	73	73	20	il	il	_	_	_	_	_	linguistic	_	none	_	_	_	_	_	_
73-21	TO028	73	73	21	dubbio	dubbio	_	_	_	_	_	linguistic	_	none	_	_	_	_	_	_
73-22	TO028	73	73	22	è	è	_	_	_	_	_	linguistic	_	none	_	End=205.249	_	_	_	_
74-0	TO026	74	74	0	ma	ma	_	_	_	_	_	linguistic	_	none	_	Begin=205.319	_	_	_	_
74-1	TO026	74	74	1	la	la	_	_	_	_	_	linguistic	_	none	_	_	_	_	_	_
74-2	TO026	74	74	2	borsa	borsa	_	_	_	_	_	linguistic	_	none	_	_	_	_	_	_
74-3	TO026	74	74	3	richiede	richiede	_	_	_	_	_	linguistic	_	none	_	_	_	_	_	_
74-4	TO026	74	74	4	che	che	_	_	_	_	_	linguistic	_	none	_	_	_	_	_	_
74-5	TO026	74	74	5	siano	siano	_	_	_	_	_	linguistic	_	none	_	_	_	_	_	_
74-6	TO026	74	74	6	e::hm	ehm	_	_	_	_	_	linguistic	_	none	_	_	0x2	_	_	_
74-7	TO026	74	74	7	si	si	_	_	_	_	_	linguistic	_	none	_	_	_	_	_	_
74-8	TO026	74	74	8	siano	siano	_	_	_	_	_	linguistic	_	none	_	_	_	_	_	_
74-9	TO026	74	74	9	superati	superati	_	_	_	_	_	linguistic	_	none	_	_	_	_	_	_
74-10	TO026	74	74	10	degli	degli	_	_	_	_	_	linguistic	_	none	_	_	_	_	_	_
74-11	TO026	74	74	11	esami	esami	_	_	_	_	_	linguistic	_	none	_	_	_	_	_	_
74-12	TO026	74	74	12	per	per	_	_	_	_	_	linguistic	_	none	_	_	_	_	_	_
74-13	TO026	74	74	13	un	un	_	_	_	_	_	linguistic	_	none	_	_	_	_	_	_
74-14	TO026	74	74	14	totale	totale	_	_	_	_	_	linguistic	_	none	_	_	_	_	_	_
74-15	TO026	74	74	15	di	di	_	_	_	_	_	linguistic	_	none	_	_	_	_	_	_
74-16	TO026	74	74	16	sessanta	sessanta	_	_	_	_	_	linguistic	_	none	_	_	_	_	_	_
74-17	TO026	74	74	17	crediti?	crediti	_	_	_	_	_	linguistic	_	none	Intonation=Rising	_	_	_	_	_
74-18	TO026	74	74	18	°no°	no	_	_	_	_	_	linguistic	_	none	Volume=low	End=212.16	_	_	_	_
75-0	TO028	75	75	0	m:h	mh	_	_	_	_	_	linguistic	_	none	_	Begin=212.172	0x1	_	_	_
75-1	TO028	75	75	1	no	no	_	_	_	_	_	linguistic	_	none	_	End=212.946	_	_	_	_
76-0	TO026	76	76	0	non	non	_	_	_	_	_	linguistic	_	none	_	Begin=212.946	_	_	_	_
76-1	TO026	76	76	1	credo	credo	_	_	_	_	_	linguistic	_	none	_	End=213.476	_	_	_	_
77-0	TO028	77	77	0	no	no	_	_	_	_	_	linguistic	_	none	_	Begin=213.725	_	_	_	_
77-1	TO028	77	77	1	però	però	_	_	_	_	_	linguistic	_	none	_	_	_	_	_	_
77-2	TO028	77	77	2	di	di	_	_	_	_	_	linguistic	_	none	_	_	_	_	_	_
77-3	TO028	77	77	3	solito	solito	_	_	_	_	_	linguistic	_	none	_	_	_	_	_	_
77-4	TO028	77	77	4	un	un	_	_	_	_	_	linguistic	_	none	_	_	_	_	_	_
77-5	TO028	77	77	5	anno	anno	_	_	_	_	_	linguistic	_	none	_	_	_	_	_	_
77-6	TO028	77	77	6	accademico,	accademico	_	_	_	_	_	linguistic	_	none	Intonation=WeaklyRising	End=215.545	_	_	_	_
78-0	TO028	78	78	0	son	son	_	_	_	_	_	linguistic	_	none	_	Begin=216.303	_	_	_	_
78-1	TO028	78	78	1	sessanta	sessanta	_	_	_	_	_	linguistic	_	none	_	_	_	_	_	_
78-2	TO028	78	78	2	crediti	crediti	_	_	_	_	_	linguistic	_	none	_	_	_	_	_	_
78-3	TO028	78	78	3	quindi	quindi	_	_	_	_	_	linguistic	_	none	_	_	_	_	_	_
78-4	TO028	78	78	4	mi	mi	_	_	_	_	_	linguistic	_	none	_	_	_	_	_	_
78-5	TO028	78	78	5	chiedevo	chiedevo	_	_	_	_	_	linguistic	_	none	_	_	_	_	_	_
78-6	TO028	78	78	6	se	se	_	_	_	_	_	linguistic	_	none	_	_	_	_	_	_
78-7	TO028	78	78	7	partendo	partendo	_	_	_	_	_	linguistic	_	none	_	_	_	_	_	_
78-8	TO028	78	78	8	con	con	_	_	_	_	_	linguistic	_	none	_	_	_	_	_	_
78-9	TO028	78	78	9	una	una	_	_	_	_	_	linguistic	_	none	_	_	_	_	_	_
78-10	TO028	78	78	10	borsa	borsa	_	_	_	_	_	linguistic	_	none	_	_	_	_	_	_
78-11	TO028	78	78	11	da	da	_	_	_	_	_	linguistic	_	none	_	_	_	_	_	_
78-12	TO028	78	78	12	nove	nove	_	_	_	_	_	linguistic	_	none	_	_	_	_	_	_
78-13	TO028	78	78	13	mesi	mesi	_	_	_	_	_	linguistic	_	none	_	_	_	_	_	_
78-14	TO028	78	78	14	perché	perché	_	_	_	_	_	linguistic	_	none	_	_	_	_	_	_
78-15	TO028	78	78	15	in	in	_	_	_	_	_	linguistic	_	none	_	_	_	_	_	_
78-16	TO028	78	78	16	realtà	realtà	_	_	_	_	_	linguistic	_	none	_	_	_	_	_	_
78-17	TO028	78	78	17	quando	quando	_	_	_	_	_	linguistic	_	none	_	_	_	_	_	_
78-18	TO028	78	78	18	parto	parto	_	_	_	_	_	linguistic	_	none	_	_	_	_	_	_
78-19	TO028	78	78	19	nessuno	nessuno	_	_	_	_	_	linguistic	_	none	_	_	_	_	_	_
78-20	TO028	78	78	20	sa	sa	_	_	_	_	_	linguistic	_	none	_	_	_	_	_	_
78-21	TO028	78	78	21	che	che	_	_	_	_	_	linguistic	_	none	_	_	_	_	_	_
78-22	TO028	78	78	22	rinuncio	rinuncio	_	_	_	_	_	linguistic	_	none	_	_	_	_	_	_
78-23	TO028	78	78	23	se	se	_	_	_	_	_	linguistic	_	none	_	_	_	_	_	_
78-24	TO028	78	78	24	non	non	_	_	_	_	_	linguistic	_	none	_	_	_	_	_	_
78-25	TO028	78	78	25	io	io	_	_	_	_	_	linguistic	_	none	_	End=226.281	_	_	_	_
79-0	TO028	79	79	0	agli	agli	_	_	_	_	_	linguistic	_	none	_	Begin=227.211	_	_	_	_
79-1	TO028	79	79	1	ultimi	ultimi	_	_	_	_	_	linguistic	_	none	_	_	_	_	_	_
79-2	TO028	79	79	2	quattro	quattro	_	_	_	_	_	linguistic	_	none	_	_	_	_	_	_
79-3	TO028	79	79	3	mesi	mesi	_	_	_	_	_	linguistic	_	none	_	End=228.349	_	_	_	_
80-0	TO026	80	80	0	sì	sì	_	_	_	_	_	linguistic	_	none	_	Begin=228.349	_	_	_	_
80-1	TO026	80	80	1	sì	sì	_	_	_	_	_	linguistic	_	none	_	_	_	_	_	_
80-2	TO026	80	80	2	sì	sì	_	_	_	_	_	linguistic	_	none	_	_	_	_	_	_
80-3	TO026	80	80	3	[°sì°]	sì	_	_	_	_	_	linguistic	_	none	Volume=low	End=229.759	_	_	_	0-2(25)
81-0	TO028	81	81	0	[e:h]	eh	_	_	_	_	_	linguistic	_	none	_	Begin=229.372	0x1	_	_	0-2(25)
81-1	TO028	81	81	1	quindi	quindi	_	_	_	_	_	linguistic	_	none	PauseAfter=Yes	_	_	_	_	_
81-2	TO028	81	81	2	{P}	{P}	_	_	_	_	_	shortpause	_	none	_	_	_	_	_	_
81-3	TO028	81	81	3	no	no	_	_	_	_	_	linguistic	_	none	_	_	_	_	_	_
81-4	TO028	81	81	4	io	io	_	_	_	_	_	linguistic	_	none	_	_	_	_	_	_
81-5	TO028	81	81	5	compilo	compilo	_	_	_	_	_	linguistic	_	none	_	_	_	_	_	_
81-6	TO028	81	81	6	con	con	_	_	_	_	_	linguistic	_	none	_	_	_	_	_	_
81-7	TO028	81	81	7	quanti	quanti	_	_	_	_	_	linguistic	_	none	_	_	_	_	_	_
81-8	TO028	81	81	8	crediti	crediti	_	_	_	_	_	linguistic	_	none	_	_	_	_	_	_
81-9	TO028	81	81	9	voglio	voglio	_	_	_	_	_	linguistic	_	none	_	End=233.283	_	_	_	_
82-0	TO026	82	82	0	io	io	_	_	_	_	_	linguistic	_	none	_	Begin=234.095	_	_	_	_
82-1	TO026	82	82	1	direi	direi	_	_	_	_	_	linguistic	_	none	_	_	_	_	_	_
82-2	TO026	82	82	2	di	di	_	_	_	_	_	linguistic	_	none	_	_	_	_	_	_
82-3	TO026	82	82	3	sì	sì	_	_	_	_	_	linguistic	_	none	_	End=234.778	_	_	_	_
83-0	TO028	83	83	0	okay	okay	_	_	_	_	_	linguistic	_	none	_	Begin=235.104	_	_	_	_
83-1	TO028	83	83	1	perfetto	perfetto	_	_	_	_	_	linguistic	_	none	_	End=236.248	_	_	_	_
84-0	TO026	84	84	0	poi	poi	_	_	_	_	_	linguistic	_	none	_	Begin=236.919	_	_	_	_
84-1	TO026	84	84	1	però	però	_	_	_	_	_	linguistic	_	none	_	_	_	_	_	_
84-2	TO026	84	84	2	appunto	appunto	_	_	_	_	_	linguistic	_	none	_	_	_	_	_	_
84-3	TO026	84	84	3	lei	lei	_	_	_	_	_	linguistic	_	none	_	_	_	_	_	_
84-4	TO026	84	84	4	diciamo	diciamo	_	_	_	_	_	linguistic	_	none	_	_	_	_	_	_
84-5	TO026	84	84	5	formalmente	formalmente	_	_	_	_	_	linguistic	_	none	_	_	_	_	_	_
84-6	TO026	84	84	6	risulta	risulta	_	_	_	_	_	linguistic	_	none	_	_	_	_	_	_
84-7	TO026	84	84	7	al~	al~	_	_	_	_	_	linguistic	_	none	Interrupted=Yes	_	_	_	_	_
84-8	TO026	84	84	8	dov'	dov'	_	_	_	_	_	linguistic	_	none	SpaceAfter=No	_	_	_	_	_
84-9	TO026	84	84	9	è	è	_	_	_	_	_	linguistic	_	none	_	_	_	_	_	_
84-10	TO026	84	84	10	che	che	_	_	_	_	_	linguistic	_	none	_	_	_	_	_	_
84-11	TO026	84	84	11	va?	va	_	_	_	_	_	linguistic	_	none	Intonation=Rising	_	_	_	_	_
84-12	TO026	84	84	12	non	non	_	_	_	_	_	linguistic	_	none	_	_	_	_	_	_
84-13	TO026	84	84	13	mi	mi	_	_	_	_	_	linguistic	_	none	_	_	_	_	_	_
84-14	TO026	84	84	14	ri[cordo	ricordo	_	_	_	_	_	linguistic	_	none	_	_	_	_	_	1-7(26)
84-15	TO026	84	84	15	più],	più	_	_	_	_	_	linguistic	_	none	Intonation=WeaklyRising	End=241.484	_	_	_	0-3(26)
85-0	TO028	85	85	0	[e:h]	eh	_	_	_	_	_	linguistic	_	none	_	Begin=241.269	0x1	_	_	0-2(26)
85-1	TO028	85	85	1	alla	alla	_	_	_	_	_	linguistic	_	none	_	_	_	_	_	_
85-2	TO028	85	85	2	uam	uam	_	_	_	_	_	linguistic	_	none	_	End=242.224	_	_	_	_
86-0	TO028	86	86	0	e:h	eh	_	_	_	_	_	linguistic	_	none	_	Begin=243.214	0x1	_	_	_
86-1	TO028	86	86	1	università	università	_	_	_	_	_	linguistic	_	none	_	_	_	_	_	_
86-2	TO028	86	86	2	autonoma	autonoma	_	_	_	_	_	linguistic	_	none	_	_	_	_	_	_
86-3	TO028	86	86	3	di	di	_	_	_	_	_	linguistic	_	none	_	_	_	_	_	_
86-4	TO028	86	86	4	madrid	madrid	_	_	_	_	_	linguistic	_	none	_	End=244.921	_	_	_	_
87-0	TO026	87	87	0	ah	ah	_	_	_	_	_	linguistic	_	none	_	Begin=244.921	_	_	_	_
87-1	TO026	87	87	1	ecco	ecco	_	_	_	_	_	linguistic	_	none	_	End=245.352	_	_	_	_
88-0	TO028	88	88	0	sì	sì	_	_	_	_	_	linguistic	_	none	_	Begin=245.429|End=245.741	_	_	_	_
89-0	TO026	89	89	0	e	e	_	_	_	_	_	linguistic	_	none	_	Begin=246.128	_	_	_	_
89-1	TO026	89	89	1	diciamo	diciamo	_	_	_	_	_	linguistic	_	none	_	_	_	_	_	_
89-2	TO026	89	89	2	lei	lei	_	_	_	_	_	linguistic	_	none	_	_	_	_	_	_
89-3	TO026	89	89	3	risulta	risulta	_	_	_	_	_	linguistic	_	none	_	_	_	_	_	_
89-4	TO026	89	89	4	in	in	_	_	_	_	_	linguistic	_	none	_	_	_	_	_	_
89-5	TO026	89	89	5	fondo	fondo	_	_	_	_	_	linguistic	_	none	_	_	_	_	_	_
89-6	TO026	89	89	6	in	in	_	_	_	_	_	linguistic	_	none	_	_	_	_	_	_
89-7	TO026	89	89	7	erasmus	erasmus	_	_	_	_	_	linguistic	_	none	_	_	_	_	_	_
89-8	TO026	89	89	8	a	a	_	_	_	_	_	linguistic	_	none	_	_	_	_	_	_
89-9	TO026	89	89	9	madrid	madrid	_	_	_	_	_	linguistic	_	none	_	_	_	_	_	_
89-10	TO026	89	89	10	per	per	_	_	_	_	_	linguistic	_	none	_	_	_	_	_	_
89-11	TO026	89	89	11	tutti	tutti	_	_	_	_	_	linguistic	_	none	_	_	_	_	_	_
89-12	TO026	89	89	12	i	i	_	_	_	_	_	linguistic	_	none	_	_	_	_	_	_
89-13	TO026	89	89	13	nove	nove	_	_	_	_	_	linguistic	_	none	_	_	_	_	_	_
89-14	TO026	89	89	14	me:si,	mesi	_	_	_	_	_	linguistic	_	none	Intonation=WeaklyRising	End=252.186	1x1	_	_	_
90-0	TO026	90	90	0	[comunque	comunque	_	_	_	_	_	linguistic	_	none	_	Begin=253.3	_	_	_	0-8(27)
90-1	TO026	90	90	1	no?	no	_	_	_	_	_	linguistic	_	none	Intonation=Rising	_	_	_	_	0-2(27)
90-2	TO026	90	90	2	o	o	_	_	_	_	_	linguistic	_	none	_	_	_	_	_	0-1(27)
90-3	TO026	90	90	3	chiede	chiede	_	_	_	_	_	linguistic	_	none	_	_	_	_	_	0-6(27)
90-4	TO026	90	90	4	una	una	_	_	_	_	_	linguistic	_	none	_	_	_	_	_	0-3(27)
90-5	TO026	90	90	5	riduzione	riduzione	_	_	_	_	_	linguistic	_	none	_	_	_	_	_	0-9(27)
90-6	TO026	90	90	6	della	della	_	_	_	_	_	linguistic	_	none	_	_	_	_	_	0-5(27)
90-7	TO026	90	90	7	borsa]	borsa	_	_	_	_	_	linguistic	_	none	_	End=256.362	_	_	_	0-5(27)
91-0	TO028	91	91	0	[m::h	mh	_	_	_	_	_	linguistic	_	none	_	Begin=253.325	0x2	_	_	0-2(27)
91-1	TO028	91	91	1	a	a	_	_	_	_	_	linguistic	_	none	_	_	_	_	_	0-1(27)
91-2	TO028	91	91	2	me	me	_	_	_	_	_	linguistic	_	none	_	_	_	_	_	0-2(27)
91-3	TO028	91	91	3	una	una	_	_	_	_	_	linguistic	_	none	_	_	_	_	_	0-3(27)
91-4	TO028	91	91	4	volta	volta	_	_	_	_	_	linguistic	_	none	_	_	_	_	_	0-5(27)
91-5	TO028	91	91	5	che	che	_	_	_	_	_	linguistic	_	none	_	_	_	_	_	0-3(27)
91-6	TO028	91	91	6	torna~	torna~	_	_	_	_	_	linguistic	_	none	Interrupted=Yes	_	_	_	_	0-6(27)
91-7	TO028	91	91	7	no	no	_	_	_	_	_	linguistic	_	none	_	_	_	_	_	0-2(27)
91-8	TO028	91	91	8	no]	no	_	_	_	_	_	linguistic	_	none	_	_	_	_	_	0-2(27)
91-9	TO028	91	91	9	chiedo	chiedo	_	_	_	_	_	linguistic	_	none	_	_	_	_	_	_
91-10	TO028	91	91	10	una	una	_	_	_	_	_	linguistic	_	none	_	_	_	_	_	_
91-11	TO028	91	91	11	riduzione	riduzione	_	_	_	_	_	linguistic	_	none	_	_	_	_	_	_
91-12	TO028	91	91	12	della	della	_	_	_	_	_	linguistic	_	none	_	_	_	_	_	_
91-13	TO028	91	91	13	borsa~	borsa~	_	_	_	_	_	linguistic	_	none	Interrupted=Yes	_	_	_	_	_
91-14	TO028	91	91	14	[to::rn]o,	torno	_	_	_	_	_	linguistic	_	none	Intonation=WeaklyRising	_	1x2	_	_	0-4(28)
91-15	TO028	91	91	15	faccio	faccio	_	_	_	_	_	linguistic	_	none	_	_	_	_	_	_
91-16	TO028	91	91	16	tutte	tutte	_	_	_	_	_	linguistic	_	none	_	_	_	_	_	_
91-17	TO028	91	91	17	le	le	_	_	_	_	_	linguistic	_	none	_	_	_	_	_	_
91-18	TO028	91	91	18	procedure	procedure	_	_	_	_	_	linguistic	_	none	_	_	_	_	_	_
91-19	TO028	91	91	19	di	di	_	_	_	_	_	linguistic	_	none	_	_	_	_	_	_
91-20	TO028	91	91	20	rientro	rientro	_	_	_	_	_	linguistic	_	none	_	_	_	_	_	_
91-21	TO028	91	91	21	dopo	dopo	_	_	_	_	_	linguistic	_	none	_	_	_	_	_	_
91-22	TO028	91	91	22	cinque	cinque	_	_	_	_	_	linguistic	_	none	_	_	_	_	_	_
91-23	TO028	91	91	23	mesi	mesi	_	_	_	_	_	linguistic	_	none	_	_	_	_	_	_
91-24	TO028	91	91	24	e	e	_	_	_	_	_	linguistic	_	none	_	_	_	_	_	_
91-25	TO028	91	91	25	il	il	_	_	_	_	_	linguistic	_	none	_	_	_	_	_	_
91-26	TO028	91	91	26	secondo	secondo	_	_	_	_	_	linguistic	_	none	_	_	_	_	_	_
91-27	TO028	91	91	27	semestre	semestre	_	_	_	_	_	linguistic	_	none	_	_	_	_	_	_
91-28	TO028	91	91	28	lo	lo	_	_	_	_	_	linguistic	_	none	_	_	_	_	_	_
91-29	TO028	91	91	29	faccio	faccio	_	_	_	_	_	linguistic	_	none	_	_	_	_	_	_
91-30	TO028	91	91	30	qua	qua	_	_	_	_	_	linguistic	_	none	_	End=262.374	_	_	_	_
92-0	TO026	92	92	0	[ah	ah	_	_	_	_	_	linguistic	_	none	_	Begin=257.13	_	_	_	0-2(28)
92-1	TO026	92	92	1	okay]	okay	_	_	_	_	_	linguistic	_	none	_	End=257.724	_	_	_	0-4(28)
93-0	TO026	93	93	0	ah	ah	_	_	_	_	_	linguistic	_	none	_	Begin=262.608	_	_	_	_
93-1	TO026	93	93	1	quindi	quindi	_	_	_	_	_	linguistic	_	none	_	_	_	_	_	_
93-2	TO026	93	93	2	ah	ah	_	_	_	_	_	linguistic	_	none	_	_	_	_	_	_
93-3	TO026	93	93	3	cioè	cioè	_	_	_	_	_	linguistic	_	none	_	_	_	_	_	_
93-4	TO026	93	93	4	di	di	_	_	_	_	_	linguistic	_	none	_	_	_	_	_	_
93-5	TO026	93	93	5	cui	cui	_	_	_	_	_	linguistic	_	none	_	_	_	_	_	_
93-6	TO026	93	93	6	mi	mi	_	_	_	_	_	linguistic	_	none	_	_	_	_	_	_
93-7	TO026	93	93	7	parlava	parlava	_	_	_	_	_	linguistic	_	none	_	_	_	_	_	_
93-8	TO026	93	93	8	prima	prima	_	_	_	_	_	linguistic	_	none	_	_	_	_	_	_
93-9	TO026	93	93	9	cioè	cioè	_	_	_	_	_	linguistic	_	none	_	_	_	_	_	_
93-10	TO026	93	93	10	la	la	_	_	_	_	_	linguistic	_	none	_	_	_	_	_	_
93-11	TO026	93	93	11	rinuncia	rinuncia	_	_	_	_	_	linguistic	_	none	_	_	_	_	_	_
93-12	TO026	93	93	12	alla	alla	_	_	_	_	_	linguistic	_	none	_	_	_	_	_	_
93-13	TO026	93	93	13	bor[sa	borsa	_	_	_	_	_	linguistic	_	none	_	_	_	_	_	3-5(29)
93-14	TO026	93	93	14	sarebbe	sarebbe	_	_	_	_	_	linguistic	_	none	_	_	_	_	_	0-7(29)
93-15	TO026	93	93	15	da]l	dal	_	_	_	_	_	linguistic	_	none	_	_	_	_	_	0-2(29)
93-16	TO026	93	93	16	quinto	quinto	_	_	_	_	_	linguistic	_	none	_	_	_	_	_	_
93-17	TO026	93	93	17	mese	mese	_	_	_	_	_	linguistic	_	none	_	_	_	_	_	_
93-18	TO026	93	93	18	in	in	_	_	_	_	_	linguistic	_	none	_	_	_	_	_	_
93-19	TO026	93	93	19	poi	poi	_	_	_	_	_	linguistic	_	none	_	_	_	_	_	_
93-20	TO026	93	93	20	no~	no~	_	_	_	_	_	linguistic	_	none	Interrupted=Yes	_	_	_	_	_
93-21	TO026	93	93	21	[a:h	ah	_	_	_	_	_	linguistic	_	none	_	_	0x1	_	_	0-2(30)
93-22	TO026	93	93	22	ho	ho	_	_	_	_	_	linguistic	_	none	_	_	_	_	_	0-2(30)
93-23	TO026	93	93	23	ca]pito	capito	_	_	_	_	_	linguistic	_	none	_	_	_	_	_	0-2(30)
93-24	TO026	93	93	24	ho	ho	_	_	_	_	_	linguistic	_	none	_	_	_	_	_	_
93-25	TO026	93	93	25	capito	capito	_	_	_	_	_	linguistic	_	none	_	End=268.532	_	_	_	_
94-0	TO028	94	94	0	[sì	sì	_	_	_	_	_	linguistic	_	none	_	Begin=265.556	_	_	_	0-2(29)
94-1	TO028	94	94	1	esatto]	esatto	_	_	_	_	_	linguistic	_	none	_	End=266.615	_	_	_	0-6(29)
95-0	TO028	95	95	0	[esatto]	esatto	_	_	_	_	_	linguistic	_	none	_	Begin=267.229|End=267.903	_	_	_	0-6(30)
96-0	TO028	96	96	0	sì	sì	_	_	_	_	_	linguistic	_	none	_	Begin=268.592|End=268.841	_	_	_	_
97-0	TO026	97	97	0	sì	sì	_	_	_	_	_	linguistic	_	none	_	Begin=269.332	_	_	_	_
97-1	TO026	97	97	1	sì	sì	_	_	_	_	_	linguistic	_	none	_	End=269.713	_	_	_	_
98-0	TO028	98	98	0	e::hm	ehm	_	_	_	_	_	linguistic	_	none	_	Begin=269.781|End=270.86	0x2	_	_	_
99-0	TO026	99	99	0	no	no	_	_	_	_	_	linguistic	_	none	PauseAfter=Yes	Begin=270.992	_	_	_	_
99-1	TO026	99	99	1	{P}	{P}	_	_	_	_	_	shortpause	_	none	_	_	_	_	_	_
99-2	TO026	99	99	2	allora	allora	_	_	_	_	_	linguistic	_	none	_	_	_	_	_	_
99-3	TO026	99	99	3	diciamo	diciamo	_	_	_	_	_	linguistic	_	none	_	_	_	_	_	_
99-4	TO026	99	99	4	per	per	_	_	_	_	_	linguistic	_	none	_	_	_	_	_	_
99-5	TO026	99	99	5	quanto	quanto	_	_	_	_	_	linguistic	_	none	_	_	_	_	_	_
99-6	TO026	99	99	6	riguarda	riguarda	_	_	_	_	_	linguistic	_	none	_	_	_	_	_	_
99-7	TO026	99	99	7	la	la	_	_	_	_	_	linguistic	_	none	_	_	_	_	_	_
99-8	TO026	99	99	8	compilazione	compilazione	_	_	_	_	_	linguistic	_	none	_	_	_	_	_	_
99-9	TO026	99	99	9	del	del	_	_	_	_	_	linguistic	_	none	_	_	_	_	_	_
99-10	TO026	99	99	10	learning	learning	_	_	_	_	_	linguistic	_	none	_	_	_	_	_	_
99-11	TO026	99	99	11	agreement,	agreement	_	_	_	_	_	linguistic	_	none	Intonation=WeaklyRising	_	_	_	_	_
99-12	TO026	99	99	12	secondo	secondo	_	_	_	_	_	linguistic	_	none	_	_	_	_	_	_
99-13	TO026	99	99	13	me	me	_	_	_	_	_	linguistic	_	none	_	_	_	_	_	_
99-14	TO026	99	99	14	può	può	_	_	_	_	_	linguistic	_	none	_	_	_	_	_	_
99-15	TO026	99	99	15	mettere	mettere	_	_	_	_	_	linguistic	_	none	_	_	_	_	_	_
99-16	TO026	99	99	16	trenta	trenta	_	_	_	_	_	linguistic	_	none	_	_	_	_	_	_
99-17	TO026	99	99	17	crediti	crediti	_	_	_	_	_	linguistic	_	none	_	_	_	_	_	_
99-18	TO026	99	99	18	pur	pur	_	_	_	_	_	linguistic	_	none	_	_	_	_	_	_
99-19	TO026	99	99	19	diciamo	diciamo	_	_	_	_	_	linguistic	_	none	_	_	_	_	_	_
99-20	TO026	99	99	20	e:::h	eh	_	_	_	_	_	linguistic	_	none	_	End=278.842	0x3	_	_	_
100-0	TO028	100	100	0	università	università	_	_	_	_	_	linguistic	_	none	_	Begin=278.842	_	_	_	_
100-1	TO028	100	100	1	permettendo,	permettendo	_	_	_	_	_	linguistic	_	none	Intonation=WeaklyRising	End=280.021	_	_	_	_
101-0	TO026	101	101	0	sì.	sì	_	_	_	_	_	linguistic	_	none	Intonation=Falling	Begin=280.982	_	_	_	_
101-1	TO026	101	101	1	università	università	_	_	_	_	_	linguistic	_	none	_	_	_	_	_	_
101-2	TO026	101	101	2	di	di	_	_	_	_	_	linguistic	_	none	_	_	_	_	_	_
101-3	TO026	101	101	3	arrivo	arrivo	_	_	_	_	_	linguistic	_	none	_	_	_	_	_	_
101-4	TO026	101	101	4	[permette]::ndo::,	permettendo	_	_	_	_	_	linguistic	_	none	Intonation=WeaklyRising	_	7x2,10x2	_	_	0-8(31)
101-5	TO026	101	101	5	ma	ma	_	_	_	_	_	linguistic	_	none	_	_	_	_	_	_
101-6	TO026	101	101	6	non	non	_	_	_	_	_	linguistic	_	none	_	_	_	_	_	_
101-7	TO026	101	101	7	credo	credo	_	_	_	_	_	linguistic	_	none	_	_	_	_	_	_
101-8	TO026	101	101	8	le	le	_	_	_	_	_	linguistic	_	none	_	_	_	_	_	_
101-9	TO026	101	101	9	facciano	facciano	_	_	_	_	_	linguistic	_	none	_	_	_	_	_	_
101-10	TO026	101	101	10	problemi:,	problemi	_	_	_	_	_	linguistic	_	none	Intonation=WeaklyRising	End=285.96	7x1	_	_	_
102-0	TO028	102	102	0	[okay]	okay	_	_	_	_	_	linguistic	_	none	_	Begin=282.45|End=282.888	_	_	_	0-4(31)
103-0	TO026	103	103	0	e:hm	ehm	_	_	_	_	_	linguistic	_	none	PauseAfter=Yes	Begin=287.05	0x1	_	_	_
103-1	TO026	103	103	1	{P}	{P}	_	_	_	_	_	shortpause	_	none	_	_	_	_	_	_
103-2	TO026	103	103	2	appunto	appunto	_	_	_	_	_	linguistic	_	none	_	_	_	_	_	_
103-3	TO026	103	103	3	può	può	_	_	_	_	_	linguistic	_	none	_	_	_	_	_	_
103-4	TO026	103	103	4	mettere	mettere	_	_	_	_	_	linguistic	_	none	_	_	_	_	_	_
103-5	TO026	103	103	5	secondo	secondo	_	_	_	_	_	linguistic	_	none	_	_	_	_	_	_
103-6	TO026	103	103	6	me	me	_	_	_	_	_	linguistic	_	none	_	_	_	_	_	_
103-7	TO026	103	103	7	trenta	trenta	_	_	_	_	_	linguistic	_	none	_	_	_	_	_	_
103-8	TO026	103	103	8	crediti:,	crediti	_	_	_	_	_	linguistic	_	none	Intonation=WeaklyRising	End=290.438	6x1	_	_	_
104-0	TO026	104	104	0	anche	anche	_	_	_	_	_	linguistic	_	none	_	Begin=291.657	_	_	_	_
104-1	TO026	104	104	1	se	se	_	_	_	_	_	linguistic	_	none	_	_	_	_	_	_
104-2	TO026	104	104	2	in	in	_	_	_	_	_	linguistic	_	none	_	_	_	_	_	_
104-3	TO026	104	104	3	partenza::	partenza	_	_	_	_	_	linguistic	_	none	_	_	7x2	_	_	_
104-4	TO026	104	104	4	sarebbero	sarebbero	_	_	_	_	_	linguistic	_	none	_	_	_	_	_	_
104-5	TO026	104	104	5	trenta	trenta	_	_	_	_	_	linguistic	_	none	_	_	_	_	_	_
104-6	TO026	104	104	6	crediti	crediti	_	_	_	_	_	linguistic	_	none	_	_	_	_	_	_
104-7	TO026	104	104	7	da	da	_	_	_	_	_	linguistic	_	none	_	_	_	_	_	_
104-8	TO026	104	104	8	conseguire	conseguire	_	_	_	_	_	linguistic	_	none	_	_	_	_	_	_
104-9	TO026	104	104	9	in	in	_	_	_	_	_	linguistic	_	none	_	_	_	_	_	_
104-10	TO026	104	104	10	novi	novi	_	_	_	_	_	linguistic	_	none	_	_	_	_	_	_
104-11	TO026	104	104	11	mesi	mesi	_	_	_	_	_	linguistic	_	none	_	_	_	_	_	_
104-12	TO026	104	104	12	anche	anche	_	_	_	_	_	linguistic	_	none	_	_	_	_	_	_
104-13	TO026	104	104	13	se	se	_	_	_	_	_	linguistic	_	none	_	_	_	_	_	_
104-14	TO026	104	104	14	poi	poi	_	_	_	_	_	linguistic	_	none	_	_	_	_	_	_
104-15	TO026	104	104	15	non	non	_	_	_	_	_	linguistic	_	none	_	_	_	_	_	_
104-16	TO026	104	104	16	sarà	sarà	_	_	_	_	_	linguistic	_	none	_	_	_	_	_	_
104-17	TO026	104	104	17	così	così	_	_	_	_	_	linguistic	_	none	_	End=296.772	_	_	_	_
105-0	TO028	105	105	0	mhmh	mhmh	_	_	_	_	_	linguistic	_	none	_	Begin=296.835|End=297.161	_	_	_	_
106-0	TO026	106	106	0	s[econdo	secondo	_	_	_	_	_	linguistic	_	none	_	Begin=297.362	_	_	_	1-7(32)
106-1	TO026	106	106	1	me:]	me	_	_	_	_	_	linguistic	_	none	_	End=298.119	1x1	_	_	0-2(32)
107-0	TO028	107	107	0	[okay	okay	_	_	_	_	_	linguistic	_	none	_	Begin=297.419	_	_	_	0-4(32)
107-1	TO028	107	107	1	sì]	sì	_	_	_	_	_	linguistic	_	none	_	_	_	_	_	0-2(32)
107-2	TO028	107	107	2	sì	sì	_	_	_	_	_	linguistic	_	none	_	_	_	_	_	_
107-3	TO028	107	107	3	sì	sì	_	_	_	_	_	linguistic	_	none	_	_	_	_	_	_
107-4	TO028	107	107	4	era	era	_	_	_	_	_	linguistic	_	none	_	_	_	_	_	_
107-5	TO028	107	107	5	solo	solo	_	_	_	_	_	linguistic	_	none	_	_	_	_	_	_
107-6	TO028	107	107	6	perché	perché	_	_	_	_	_	linguistic	_	none	_	_	_	_	_	_
107-7	TO028	107	107	7	[se	se	_	_	_	_	_	linguistic	_	none	_	_	_	_	_	0-2(33)
107-8	TO028	107	107	8	no]	no	_	_	_	_	_	linguistic	_	none	_	_	_	_	_	0-2(33)
107-9	TO028	107	107	9	mi	mi	_	_	_	_	_	linguistic	_	none	_	_	_	_	_	_
107-10	TO028	107	107	10	dovevo	dovevo	_	_	_	_	_	linguistic	_	none	_	_	_	_	_	_
107-11	TO028	107	107	11	ricercare	ricercare	_	_	_	_	_	linguistic	_	none	_	_	_	_	_	_
107-12	TO028	107	107	12	tutte	tutte	_	_	_	_	_	linguistic	_	none	_	_	_	_	_	_
107-13	TO028	107	107	13	le	le	_	_	_	_	_	linguistic	_	none	_	_	_	_	_	_
107-14	TO028	107	107	14	corrispondenze	corrispondenze	_	_	_	_	_	linguistic	_	none	_	_	_	_	_	_
107-15	TO028	107	107	15	e	e	_	_	_	_	_	linguistic	_	none	_	_	_	_	_	_
107-16	TO028	107	107	16	non	non	_	_	_	_	_	linguistic	_	none	_	_	_	_	_	_
107-17	TO028	107	107	17	avevo	avevo	_	_	_	_	_	linguistic	_	none	_	_	_	_	_	_
107-18	TO028	107	107	18	idea	idea	_	_	_	_	_	linguistic	_	none	_	_	_	_	_	_
107-19	TO028	107	107	19	[di	di	_	_	_	_	_	linguistic	_	none	_	_	_	_	_	0-2(34)
107-20	TO028	107	107	20	com]e	come	_	_	_	_	_	linguistic	_	none	_	_	_	_	_	0-3(34)
107-21	TO028	107	107	21	fare	fare	_	_	_	_	_	linguistic	_	none	_	End=303.097	_	_	_	_
108-0	TO026	108	108	0	[sì]	sì	_	_	_	_	_	linguistic	_	none	_	Begin=298.971|End=299.308	_	_	_	0-2(33)
109-0	TO026	109	109	0	[sì]	sì	_	_	_	_	_	linguistic	_	none	_	Begin=302.296|End=302.64	_	_	_	0-2(34)
110-0	TO028	110	110	0	e::h	eh	_	_	_	_	_	linguistic	_	none	_	Begin=304.1	0x2	_	_	_
110-1	TO028	110	110	1	poi	poi	_	_	_	_	_	linguistic	_	none	_	_	_	_	_	_
110-2	TO028	110	110	2	ci	ci	_	_	_	_	_	linguistic	_	none	_	_	_	_	_	_
110-3	TO028	110	110	3	sono	sono	_	_	_	_	_	linguistic	_	none	_	_	_	_	_	_
110-4	TO028	110	110	4	altri::	altri	_	_	_	_	_	linguistic	_	none	_	End=306.215	4x2	_	_	_
111-0	TO028	111	111	0	altre	altre	_	_	_	_	_	linguistic	_	none	_	Begin=306.82	_	_	_	_
111-1	TO028	111	111	1	tre	tre	_	_	_	_	_	linguistic	_	none	_	_	_	_	_	_
111-2	TO028	111	111	2	domande.	domande	_	_	_	_	_	linguistic	_	none	Intonation=Falling	_	_	_	_	_
111-3	TO028	111	111	3	una	una	_	_	_	_	_	linguistic	_	none	_	_	_	_	_	_
111-4	TO028	111	111	4	è	è	_	_	_	_	_	linguistic	_	none	PauseAfter=Yes	_	_	_	_	_
111-5	TO028	111	111	5	{P}	{P}	_	_	_	_	_	shortpause	_	none	_	_	_	_	_	_
111-6	TO028	111	111	6	se	se	_	_	_	_	_	linguistic	_	none	_	_	_	_	_	_
111-7	TO028	111	111	7	quando	quando	_	_	_	_	_	linguistic	_	none	_	_	_	_	_	_
111-8	TO028	111	111	8	siamo	siamo	_	_	_	_	_	linguistic	_	none	_	_	_	_	_	_
111-9	TO028	111	111	9	in	in	_	_	_	_	_	linguistic	_	none	_	_	_	_	_	_
111-10	TO028	111	111	10	erasmus	erasmus	_	_	_	_	_	linguistic	_	none	_	_	_	_	_	_
111-11	TO028	111	111	11	questa	questa	_	_	_	_	_	linguistic	_	none	_	_	_	_	_	_
111-12	TO028	111	111	12	vale	vale	_	_	_	_	_	linguistic	_	none	_	_	_	_	_	_
111-13	TO028	111	111	13	anche	anche	_	_	_	_	_	linguistic	_	none	_	_	_	_	_	_
111-14	TO028	111	111	14	per	per	_	_	_	_	_	linguistic	_	none	_	_	_	_	_	_
111-15	TO028	111	111	15	rossi	rossi	_	_	_	_	_	linguistic	_	none	_	End=312.046	_	_	_	_
112-0	TO026	112	112	0	sì	sì	_	_	_	_	_	linguistic	_	none	_	Begin=312.346|End=312.64	_	_	_	_
113-0	TO028	113	113	0	se	se	_	_	_	_	_	linguistic	_	none	_	Begin=312.649	_	_	_	_
113-1	TO028	113	113	1	quando	quando	_	_	_	_	_	linguistic	_	none	_	_	_	_	_	_
113-2	TO028	113	113	2	siamo	siamo	_	_	_	_	_	linguistic	_	none	_	_	_	_	_	_
113-3	TO028	113	113	3	in	in	_	_	_	_	_	linguistic	_	none	_	_	_	_	_	_
113-4	TO028	113	113	4	eras[mus]	erasmus	_	_	_	_	_	linguistic	_	none	_	End=313.858	_	_	_	4-7(35)
114-0	TO026	114	114	0	[che]	che	_	_	_	_	_	linguistic	_	none	_	Begin=313.753	_	_	_	0-3(35)
114-1	TO026	114	114	1	verrà	verrà	_	_	_	_	_	linguistic	_	none	_	_	_	_	_	_
114-2	TO026	114	114	2	poi	poi	_	_	_	_	_	linguistic	_	none	_	_	_	_	_	_
114-3	TO026	114	114	3	[lunedì	lunedì	_	_	_	_	_	linguistic	_	none	_	_	_	_	_	0-6(36)
114-4	TO026	114	114	4	prossimo],	prossimo	_	_	_	_	_	linguistic	_	none	Intonation=WeaklyRising	End=315.144	_	_	_	0-8(36)
115-0	TO028	115	115	0	[esatto	esatto	_	_	_	_	_	linguistic	_	none	_	Begin=314.402	_	_	_	0-6(36)
115-1	TO028	115	115	1	e]satto	esatto	_	_	_	_	_	linguistic	_	none	_	_	_	_	_	0-1(36)
115-2	TO028	115	115	2	perché	perché	_	_	_	_	_	linguistic	_	none	_	_	_	_	_	_
115-3	TO028	115	115	3	abbiamo	abbiamo	_	_	_	_	_	linguistic	_	none	_	_	_	_	_	_
115-4	TO028	115	115	4	scoperto	scoperto	_	_	_	_	_	linguistic	_	none	_	_	_	_	_	_
115-5	TO028	115	115	5	che	che	_	_	_	_	_	linguistic	_	none	_	_	_	_	_	_
115-6	TO028	115	115	6	il	il	_	_	_	_	_	linguistic	_	none	_	_	_	_	_	_
115-7	TO028	115	115	7	quindici::	quindici	_	_	_	_	_	linguistic	_	none	_	_	7x2	_	_	_
115-8	TO028	115	115	8	maggio	maggio	_	_	_	_	_	linguistic	_	none	_	_	_	_	_	_
115-9	TO028	115	115	9	chiude	chiude	_	_	_	_	_	linguistic	_	none	_	_	_	_	_	_
115-10	TO028	115	115	10	la	la	_	_	_	_	_	linguistic	_	none	_	_	_	_	_	_
115-11	TO028	115	115	11	possibilità	possibilità	_	_	_	_	_	linguistic	_	none	_	_	_	_	_	_
115-12	TO028	115	115	12	di::	di	_	_	_	_	_	linguistic	_	none	_	_	1x2	_	_	_
115-13	TO028	115	115	13	modificare	modificare	_	_	_	_	_	linguistic	_	none	_	_	_	_	_	_
115-14	TO028	115	115	14	il	il	_	_	_	_	_	linguistic	_	none	_	_	_	_	_	_
115-15	TO028	115	115	15	piano	piano	_	_	_	_	_	linguistic	_	none	_	_	_	_	_	_
115-16	TO028	115	115	16	chi~	chi~	_	_	_	_	_	linguistic	_	none	Interrupted=Yes	_	_	_	_	_
115-17	TO028	115	115	17	carriera	carriera	_	_	_	_	_	linguistic	_	none	_	End=321.586	_	_	_	_
116-0	TO028	116	116	0	e	e	_	_	_	_	_	linguistic	_	none	_	Begin=322.259	_	_	_	_
116-1	TO028	116	116	1	quindi	quindi	_	_	_	_	_	linguistic	_	none	_	_	_	_	_	_
116-2	TO028	116	116	2	ci	ci	_	_	_	_	_	linguistic	_	none	_	_	_	_	_	_
116-3	TO028	116	116	3	chiedevamo	chiedevamo	_	_	_	_	_	linguistic	_	none	_	_	_	_	_	_
116-4	TO028	116	116	4	se	se	_	_	_	_	_	linguistic	_	none	_	_	_	_	_	_
116-5	TO028	116	116	5	in	in	_	_	_	_	_	linguistic	_	none	_	_	_	_	_	_
116-6	TO028	116	116	6	mobilità	mobilità	_	_	_	_	_	linguistic	_	none	_	_	_	_	_	_
116-7	TO028	116	116	7	erasmus	erasmus	_	_	_	_	_	linguistic	_	none	_	_	_	_	_	_
116-8	TO028	116	116	8	noi	noi	_	_	_	_	_	linguistic	_	none	_	_	_	_	_	_
116-9	TO028	116	116	9	possiamo	possiamo	_	_	_	_	_	linguistic	_	none	_	_	_	_	_	_
116-10	TO028	116	116	10	comunque	comunque	_	_	_	_	_	linguistic	_	none	_	_	_	_	_	_
116-11	TO028	116	116	11	modificare	modificare	_	_	_	_	_	linguistic	_	none	_	_	_	_	_	_
116-12	TO028	116	116	12	il	il	_	_	_	_	_	linguistic	_	none	_	_	_	_	_	_
116-13	TO028	116	116	13	nostro	nostro	_	_	_	_	_	linguistic	_	none	_	_	_	_	_	_
116-14	TO028	116	116	14	piano	piano	_	_	_	_	_	linguistic	_	none	_	_	_	_	_	_
116-15	TO028	116	116	15	carriera,	carriera	_	_	_	_	_	linguistic	_	none	Intonation=WeaklyRising	End=327.337	_	_	_	_
117-0	TO028	117	117	0	perché	perché	_	_	_	_	_	linguistic	_	none	_	Begin=328.061	_	_	_	_
117-1	TO028	117	117	1	non	non	_	_	_	_	_	linguistic	_	none	_	_	_	_	_	_
117-2	TO028	117	117	2	possiamo	possiamo	_	_	_	_	_	linguistic	_	none	_	_	_	_	_	_
117-3	TO028	117	117	3	dare	dare	_	_	_	_	_	linguistic	_	none	_	_	_	_	_	_
117-4	TO028	117	117	4	esami	esami	_	_	_	_	_	linguistic	_	none	_	_	_	_	_	_
117-5	TO028	117	117	5	qua	qua	_	_	_	_	_	linguistic	_	none	_	_	_	_	_	_
117-6	TO028	117	117	6	però	però	_	_	_	_	_	linguistic	_	none	_	_	_	_	_	_
117-7	TO028	117	117	7	se	se	_	_	_	_	_	linguistic	_	none	_	_	_	_	_	_
117-8	TO028	117	117	8	la	la	_	_	_	_	_	linguistic	_	none	_	_	_	_	_	_
117-9	TO028	117	117	9	finestra	finestra	_	_	_	_	_	linguistic	_	none	_	_	_	_	_	_
117-10	TO028	117	117	10	si	si	_	_	_	_	_	linguistic	_	none	_	_	_	_	_	_
117-11	TO028	117	117	11	apre:	apre	_	_	_	_	_	linguistic	_	none	_	_	3x1	_	_	_
117-12	TO028	117	117	12	quando	quando	_	_	_	_	_	linguistic	_	none	_	_	_	_	_	_
117-13	TO028	117	117	13	noi	noi	_	_	_	_	_	linguistic	_	none	_	_	_	_	_	_
117-14	TO028	117	117	14	siam	siam	_	_	_	_	_	linguistic	_	none	_	_	_	_	_	_
117-15	TO028	117	117	15	già	già	_	_	_	_	_	linguistic	_	none	_	_	_	_	_	_
117-16	TO028	117	117	16	partite:	partite	_	_	_	_	_	linguistic	_	none	_	_	6x1	_	_	_
117-17	TO028	117	117	17	non	non	_	_	_	_	_	linguistic	_	none	_	_	_	_	_	_
117-18	TO028	117	117	18	lo	lo	_	_	_	_	_	linguistic	_	none	_	_	_	_	_	_
117-19	TO028	117	117	19	sappiamo~	sappiamo~	_	_	_	_	_	linguistic	_	none	Interrupted=Yes	_	_	_	_	_
117-20	TO028	117	117	20	[sì	sì	_	_	_	_	_	linguistic	_	none	_	_	_	_	_	0-2(37)
117-21	TO028	117	117	21	si	si	_	_	_	_	_	linguistic	_	none	_	_	_	_	_	0-2(37)
117-22	TO028	117	117	22	può]	può	_	_	_	_	_	linguistic	_	none	_	End=336.391	_	_	_	0-3(37)
118-0	TO026	118	118	0	[sì]	sì	_	_	_	_	_	linguistic	_	none	PauseAfter=Yes	Begin=335.664	_	_	_	0-2(37)
118-1	TO026	118	118	1	{P}	{P}	_	_	_	_	_	shortpause	_	none	_	_	_	_	_	_
118-2	TO026	118	118	2	ma	ma	_	_	_	_	_	linguistic	_	none	_	_	_	_	_	_
118-3	TO026	118	118	3	credo,	credo	_	_	_	_	_	linguistic	_	none	Intonation=WeaklyRising	End=336.925	_	_	_	_
119-0	TO028	119	119	0	non	non	_	_	_	_	_	linguistic	_	none	_	Begin=337.89	_	_	_	_
119-1	TO028	119	119	1	ci	ci	_	_	_	_	_	linguistic	_	none	_	_	_	_	_	_
119-2	TO028	119	119	2	bloccano:	bloccano	_	_	_	_	_	linguistic	_	none	_	_	7x1	_	_	_
119-3	TO028	119	119	3	xx	xx	_	_	_	_	_	unknown	_	none	Syllables=2	End=339.199	_	_	_	_
120-0	TO026	120	120	0	no,	no	_	_	_	_	_	linguistic	_	none	Intonation=WeaklyRising	Begin=339.523	_	_	_	_
120-1	TO026	120	120	1	non	non	_	_	_	_	_	linguistic	_	none	_	_	_	_	_	_
120-2	TO026	120	120	2	credo,	credo	_	_	_	_	_	linguistic	_	none	Intonation=WeaklyRising	End=340.383	_	_	_	_
121-0	TO028	121	121	0	perfetto,	perfetto	_	_	_	_	_	linguistic	_	none	Intonation=WeaklyRising	Begin=340.533|End=341.068	_	_	_	_
122-0	TO026	122	122	0	anche	anche	_	_	_	_	_	linguistic	_	none	_	Begin=342.075	_	_	_	_
122-1	TO026	122	122	1	perché	perché	_	_	_	_	_	linguistic	_	none	_	_	_	_	_	_
122-2	TO026	122	122	2	diciamo	diciamo	_	_	_	_	_	linguistic	_	none	_	End=342.941	_	_	_	_
123-0	TO026	123	123	0	e::h	eh	_	_	_	_	_	linguistic	_	none	_	Begin=343.613	0x2	_	_	_
123-1	TO026	123	123	1	la	la	_	_	_	_	_	linguistic	_	none	_	_	_	_	_	_
123-2	TO026	123	123	2	gestione	gestione	_	_	_	_	_	linguistic	_	none	_	_	_	_	_	_
123-3	TO026	123	123	3	amministrativa	amministrativa	_	_	_	_	_	linguistic	_	none	_	_	_	_	_	_
123-4	TO026	123	123	4	e	e	_	_	_	_	_	linguistic	_	none	_	_	_	_	_	_
123-5	TO026	123	123	5	poi	poi	_	_	_	_	_	linguistic	_	none	_	_	_	_	_	_
123-6	TO026	123	123	6	anche	anche	_	_	_	_	_	linguistic	_	none	_	_	_	_	_	_
123-7	TO026	123	123	7	a	a	_	_	_	_	_	linguistic	_	none	_	_	_	_	_	_
123-8	TO026	123	123	8	livello	livello	_	_	_	_	_	linguistic	_	none	_	_	_	_	_	_
123-9	TO026	123	123	9	di	di	_	_	_	_	_	linguistic	_	none	_	_	_	_	_	_
123-10	TO026	123	123	10	software	software	_	_	_	_	_	linguistic	_	none	_	_	_	_	_	_
123-11	TO026	123	123	11	diciamo	diciamo	_	_	_	_	_	linguistic	_	none	_	_	_	_	_	_
123-12	TO026	123	123	12	così	così	_	_	_	_	_	linguistic	_	none	_	_	_	_	_	_
123-13	TO026	123	123	13	del	del	_	_	_	_	_	linguistic	_	none	_	_	_	_	_	_
123-14	TO026	123	123	14	piano	piano	_	_	_	_	_	linguistic	_	none	_	_	_	_	_	_
123-15	TO026	123	123	15	carriera	carriera	_	_	_	_	_	linguistic	_	none	_	_	_	_	_	_
123-16	TO026	123	123	16	è	è	_	_	_	_	_	linguistic	_	none	_	_	_	_	_	_
123-17	TO026	123	123	17	indipendente	indipendente	_	_	_	_	_	linguistic	_	none	_	_	_	_	_	_
123-18	TO026	123	123	18	[da::]	da	_	_	_	_	_	linguistic	_	none	_	_	1x2	_	_	0-2(38)
123-19	TO026	123	123	19	dove	dove	_	_	_	_	_	linguistic	_	none	_	_	_	_	_	_
123-20	TO026	123	123	20	siete	siete	_	_	_	_	_	linguistic	_	none	_	_	_	_	_	_
123-21	TO026	123	123	21	collocate	collocate	_	_	_	_	_	linguistic	_	none	_	_	_	_	_	_
123-22	TO026	123	123	22	voi	voi	_	_	_	_	_	linguistic	_	none	_	_	_	_	_	_
123-23	TO026	123	123	23	da	da	_	_	_	_	_	linguistic	_	none	_	_	_	_	_	_
123-24	TO026	123	123	24	quel	quel	_	_	_	_	_	linguistic	_	none	_	_	_	_	_	_
123-25	TO026	123	123	25	periodo	periodo	_	_	_	_	_	linguistic	_	none	_	_	_	_	_	_
123-26	TO026	123	123	26	sì	sì	_	_	_	_	_	linguistic	_	none	_	_	_	_	_	_
123-27	TO026	123	123	27	sì	sì	_	_	_	_	_	linguistic	_	none	_	End=356.449	_	_	_	_
124-0	TO028	124	124	0	[okay]	okay	_	_	_	_	_	linguistic	_	none	_	Begin=351.745|End=352.345	_	_	_	0-4(38)
125-0	TO028	125	125	0	perché	perché	_	_	_	_	_	linguistic	_	none	_	Begin=357.143	_	_	_	_
125-1	TO028	125	125	1	se	se	_	_	_	_	_	linguistic	_	none	_	_	_	_	_	_
125-2	TO028	125	125	2	no	no	_	_	_	_	_	linguistic	_	none	_	_	_	_	_	_
125-3	TO028	125	125	3	[noi::]	noi	_	_	_	_	_	linguistic	_	none	_	End=358.095	2x2	_	_	0-3(41)
126-0	TO026	126	126	0	[ma	ma	_	_	_	_	_	linguistic	_	none	_	Begin=357.916	_	_	_	0-2(41)
126-1	TO026	126	126	1	pe]rché::	perché	_	_	_	_	_	linguistic	_	none	_	_	5x2	_	_	0-2(41)
126-2	TO026	126	126	2	per	per	_	_	_	_	_	linguistic	_	none	_	_	_	_	_	_
126-3	TO026	126	126	3	poter::	poter	_	_	_	_	_	linguistic	_	none	_	_	4x2	_	_	_
126-4	TO026	126	126	4	cambiare	cambiare	_	_	_	_	_	linguistic	_	none	_	_	_	_	_	_
126-5	TO026	126	126	5	il	il	_	_	_	_	_	linguistic	_	none	_	_	_	_	_	_
126-6	TO026	126	126	6	piano	piano	_	_	_	_	_	linguistic	_	none	_	_	_	_	_	_
126-7	TO026	126	126	7	carriera	carriera	_	_	_	_	_	linguistic	_	none	_	_	_	_	_	_
126-8	TO026	126	126	8	[TORINESE]	torinese	_	_	_	_	_	linguistic	_	none	Volume=high	_	_	_	_	0-8(42)
126-9	TO026	126	126	9	anche	anche	_	_	_	_	_	linguistic	_	none	_	_	_	_	_	_
126-10	TO026	126	126	10	in	in	_	_	_	_	_	linguistic	_	none	_	_	_	_	_	_
126-11	TO026	126	126	11	base	base	_	_	_	_	_	linguistic	_	none	_	_	_	_	_	_
126-12	TO026	126	126	12	agli	agli	_	_	_	_	_	linguistic	_	none	_	_	_	_	_	_
126-13	TO026	126	126	13	esami	esami	_	_	_	_	_	linguistic	_	none	_	_	_	_	_	_
126-14	TO026	126	126	14	ch[e::	che	_	_	_	_	_	linguistic	_	none	_	_	2x2	_	_	2-3(39)
126-15	TO026	126	126	15	potete	potete	_	_	_	_	_	linguistic	_	none	_	_	_	_	_	0-6(39)
126-16	TO026	126	126	16	da]re	dare	_	_	_	_	_	linguistic	_	none	_	_	_	_	_	0-2(39)
126-17	TO026	126	126	17	là	là	_	_	_	_	_	linguistic	_	none	_	_	_	_	_	_
126-18	TO026	126	126	18	eccetera.	eccetera	_	_	_	_	_	linguistic	_	none	Intonation=Falling	_	_	_	_	_
126-19	TO026	126	126	19	[sì~	sì~	_	_	_	_	_	linguistic	_	none	Interrupted=Yes	_	_	_	_	0-3(40)
126-20	TO026	126	126	20	sì]	sì	_	_	_	_	_	linguistic	_	none	_	End=367.21	_	_	_	0-2(40)
127-0	TO028	127	127	0	[eh	eh	_	_	_	_	_	linguistic	_	none	_	Begin=361.559	_	_	_	0-2(42)
127-1	TO028	127	127	1	perché	perché	_	_	_	_	_	linguistic	_	none	_	_	_	_	_	0-6(42)
127-2	TO028	127	127	2	non]	non	_	_	_	_	_	linguistic	_	none	_	End=362.49	_	_	_	0-3(42)
128-0	TO028	128	128	0	[esatto]	esatto	_	_	_	_	_	linguistic	_	none	_	Begin=364.884|End=365.626	_	_	_	0-6(39)
129-0	TO028	129	129	0	[era	era	_	_	_	_	_	linguistic	_	none	_	Begin=366.426	_	_	_	0-3(40)
129-1	TO028	129	129	1	quello	quello	_	_	_	_	_	linguistic	_	none	_	_	_	_	_	0-6(40)
129-2	TO028	129	129	2	il	il	_	_	_	_	_	linguistic	_	none	_	_	_	_	_	0-2(40)
129-3	TO028	129	129	3	nos]tro	nostro	_	_	_	_	_	linguistic	_	none	_	_	_	_	_	0-3(40)
129-4	TO028	129	129	4	problema	problema	_	_	_	_	_	linguistic	_	none	_	End=367.813	_	_	_	_
130-0	TO026	130	130	0	eh	eh	_	_	_	_	_	linguistic	_	none	_	Begin=368.382	_	_	_	_
130-1	TO026	130	130	1	al	al	_	_	_	_	_	linguistic	_	none	_	_	_	_	_	_
130-2	TO026	130	130	2	massimo	massimo	_	_	_	_	_	linguistic	_	none	_	_	_	_	_	_
130-3	TO026	130	130	3	lo	lo	_	_	_	_	_	linguistic	_	none	_	_	_	_	_	_
130-4	TO026	130	130	4	ca~	ca~	_	_	_	_	_	linguistic	_	none	Interrupted=Yes	_	_	_	_	_
130-5	TO026	130	130	5	lo	lo	_	_	_	_	_	linguistic	_	none	_	_	_	_	_	_
130-6	TO026	130	130	6	cambiate	cambiate	_	_	_	_	_	linguistic	_	none	_	_	_	_	_	_
130-7	TO026	130	130	7	poi	poi	_	_	_	_	_	linguistic	_	none	_	_	_	_	_	_
130-8	TO026	130	130	8	dopo	dopo	_	_	_	_	_	linguistic	_	none	_	_	_	_	_	_
130-9	TO026	130	130	9	[xxx]	xxx	_	_	_	_	_	unknown	_	none	Syllables=3	End=371.439	_	_	_	0-3(43)
131-0	TO028	131	131	0	[perché	perché	_	_	_	_	_	linguistic	_	none	_	Begin=370.498	_	_	_	0-6(43)
131-1	TO028	131	131	1	lei	lei	_	_	_	_	_	linguistic	_	none	_	_	_	_	_	0-3(43)
131-2	TO028	131	131	2	è	è	_	_	_	_	_	linguistic	_	none	_	_	_	_	_	0-1(43)
131-3	TO028	131	131	3	un	un	_	_	_	_	_	linguistic	_	none	_	_	_	_	_	0-2(43)
131-4	TO028	131	131	4	po'	po'	_	_	_	_	_	linguistic	_	none	_	_	_	_	_	0-3(43)
131-5	TO028	131	131	5	più	più	_	_	_	_	_	linguistic	_	none	_	_	_	_	_	0-3(43)
131-6	TO028	131	131	6	si]cura	sicura	_	_	_	_	_	linguistic	_	none	_	_	_	_	_	0-2(43)
131-7	TO028	131	131	7	nel	nel	_	_	_	_	_	linguistic	_	none	_	_	_	_	_	_
131-8	TO028	131	131	8	senso	senso	_	_	_	_	_	linguistic	_	none	_	_	_	_	_	_
131-9	TO028	131	131	9	che	che	_	_	_	_	_	linguistic	_	none	_	_	_	_	_	_
131-10	TO028	131	131	10	l'	l'	_	_	_	_	_	linguistic	_	none	SpaceAfter=No	_	_	_	_	_
131-11	TO028	131	131	11	università	università	_	_	_	_	_	linguistic	_	none	_	_	_	_	_	_
131-12	TO028	131	131	12	a	a	_	_	_	_	_	linguistic	_	none	_	_	_	_	_	_
131-13	TO028	131	131	13	Glasgow	glasgow	_	_	_	_	_	linguistic	_	none	PauseAfter=Yes|Volume=high	_	_	_	_	_
131-14	TO028	131	131	14	{P}	{P}	_	_	_	_	_	shortpause	_	none	_	_	_	_	_	_
131-15	TO028	131	131	15	m:h	mh	_	_	_	_	_	linguistic	_	none	_	_	0x1	_	_	_
131-16	TO028	131	131	16	in	in	_	_	_	_	_	linguistic	_	none	_	_	_	_	_	_
131-17	TO028	131	131	17	un	un	_	_	_	_	_	linguistic	_	none	_	_	_	_	_	_
131-18	TO028	131	131	18	certo	certo	_	_	_	_	_	linguistic	_	none	_	_	_	_	_	_
131-19	TO028	131	131	19	mod~	mod~	_	_	_	_	_	linguistic	_	none	Interrupted=Yes	_	_	_	_	_
131-20	TO028	131	131	20	in	in	_	_	_	_	_	linguistic	_	none	_	_	_	_	_	_
131-21	TO028	131	131	21	un	un	_	_	_	_	_	linguistic	_	none	_	_	_	_	_	_
131-22	TO028	131	131	22	certo	certo	_	_	_	_	_	linguistic	_	none	_	_	_	_	_	_
131-23	TO028	131	131	23	modo	modo	_	_	_	_	_	linguistic	_	none	_	_	_	_	_	_
131-24	TO028	131	131	24	è	è	_	_	_	_	_	linguistic	_	none	_	_	_	_	_	_
131-25	TO028	131	131	25	dovrebbe	dovrebbe	_	_	_	_	_	linguistic	_	none	_	_	_	_	_	_
131-26	TO028	131	131	26	restare	restare	_	_	_	_	_	linguistic	_	none	_	_	_	_	_	_
131-27	TO028	131	131	27	così.	così	_	_	_	_	_	linguistic	_	none	Intonation=Falling	_	_	_	_	_
131-28	TO028	131	131	28	[la	la	_	_	_	_	_	linguistic	_	none	_	_	_	_	_	0-2(44)
131-29	TO028	131	131	29	mia	mia	_	_	_	_	_	linguistic	_	none	_	_	_	_	_	0-3(44)
131-30	TO028	131	131	30	m::h]	mh	_	_	_	_	_	linguistic	_	none	_	End=378.866	0x2	_	_	0-2(44)
132-0	TO026	132	132	0	[e	e	_	_	_	_	_	linguistic	_	none	_	Begin=377.728	_	_	_	0-1(44)
132-1	TO026	132	132	1	lei	lei	_	_	_	_	_	linguistic	_	none	_	_	_	_	_	0-3(44)
132-2	TO026	132	132	2	non	non	_	_	_	_	_	linguistic	_	none	_	_	_	_	_	0-3(44)
132-3	TO026	132	132	3	s~	s~	_	_	_	_	_	linguistic	_	none	Interrupted=Yes	_	_	_	_	0-2(44)
132-4	TO026	132	132	4	cioè	cioè	_	_	_	_	_	linguistic	_	none	_	_	_	_	_	0-4(44)
132-5	TO026	132	132	5	non	non	_	_	_	_	_	linguistic	_	none	_	_	_	_	_	0-3(44)
132-6	TO026	132	132	6	sa	sa	_	_	_	_	_	linguistic	_	none	_	_	_	_	_	0-2(44)
132-7	TO026	132	132	7	se]	se	_	_	_	_	_	linguistic	_	none	_	_	_	_	_	0-2(44)
132-8	TO026	132	132	8	questi	questi	_	_	_	_	_	linguistic	_	none	_	_	_	_	_	_
132-9	TO026	132	132	9	costi	costi	_	_	_	_	_	linguistic	_	none	_	_	_	_	_	_
132-10	TO026	132	132	10	poi	poi	_	_	_	_	_	linguistic	_	none	_	_	_	_	_	_
132-11	TO026	132	132	11	sararanno	sararanno	_	_	_	_	_	linguistic	_	none	_	_	_	_	_	_
132-12	TO026	132	132	12	attivati	attivati	_	_	_	_	_	linguistic	_	none	_	_	_	_	_	_
132-13	TO026	132	132	13	come	come	_	_	_	_	_	linguistic	_	none	_	_	_	_	_	_
132-14	TO026	132	132	14	quando	quando	_	_	_	_	_	linguistic	_	none	_	_	_	_	_	_
132-15	TO026	132	132	15	[eccetera]	eccetera	_	_	_	_	_	linguistic	_	none	_	End=381.73	_	_	_	0-8(45)
133-0	TO028	133	133	0	[non]	non	_	_	_	_	_	linguistic	_	none	_	Begin=381.4	_	_	_	0-3(45)
133-1	TO028	133	133	1	lo	lo	_	_	_	_	_	linguistic	_	none	_	_	_	_	_	_
133-2	TO028	133	133	2	s~	s~	_	_	_	_	_	linguistic	_	none	Interrupted=Yes	_	_	_	_	_
133-3	TO028	133	133	3	non	non	_	_	_	_	_	linguistic	_	none	_	_	_	_	_	_
133-4	TO028	133	133	4	lo	lo	_	_	_	_	_	linguistic	_	none	_	_	_	_	_	_
133-5	TO028	133	133	5	so	so	_	_	_	_	_	linguistic	_	none	_	_	_	_	_	_
133-6	TO028	133	133	6	dell'	dell'	_	_	_	_	_	linguistic	_	none	SpaceAfter=No	_	_	_	_	_
133-7	TO028	133	133	7	unito,	unito	_	_	_	_	_	linguistic	_	none	Intonation=WeaklyRising|PauseAfter=Yes	_	_	_	_	_
133-8	TO028	133	133	8	{P}	{P}	_	_	_	_	_	shortpause	_	none	_	_	_	_	_	_
133-9	TO028	133	133	9	non	non	_	_	_	_	_	linguistic	_	none	_	_	_	_	_	_
133-10	TO028	133	133	10	oso	oso	_	_	_	_	_	linguistic	_	none	_	_	_	_	_	_
133-11	TO028	133	133	11	immaginare	immaginare	_	_	_	_	_	linguistic	_	none	_	_	_	_	_	_
133-12	TO028	133	133	12	in	in	_	_	_	_	_	linguistic	_	none	_	_	_	_	_	_
133-13	TO028	133	133	13	spagna.	spagna	_	_	_	_	_	linguistic	_	none	Intonation=Falling	End=384.867	_	_	_	_
134-0	TO028	134	134	0	{ride}	{ride}	_	_	_	_	_	nonverbalbehavior	_	none	_	Begin=385.045|End=385.708	_	_	_	_
135-0	TO026	135	135	0	{ride}	{ride}	_	_	_	_	_	nonverbalbehavior	_	none	_	Begin=385.056|End=385.69	_	_	_	_
136-0	TO026	136	136	0	no	no	_	_	_	_	_	linguistic	_	none	_	Begin=386.386	_	_	_	_
136-1	TO026	136	136	1	magari,	magari	_	_	_	_	_	linguistic	_	none	Intonation=WeaklyRising	End=386.978	_	_	_	_
137-0	TO028	137	137	0	allo	allo	_	_	_	_	_	linguistic	_	none	_	Begin=387.478	_	_	_	_
137-1	TO028	137	137	1	sbaraglio	sbaraglio	_	_	_	_	_	linguistic	_	none	_	End=388.422	_	_	_	_
138-0	TO028	138	138	0	le	le	_	_	_	_	_	linguistic	_	none	_	Begin=389.554	_	_	_	_
138-1	TO028	138	138	1	amiche,	amiche	_	_	_	_	_	linguistic	_	none	Intonation=WeaklyRising	_	_	_	_	_
138-2	TO028	138	138	2	che	che	_	_	_	_	_	linguistic	_	none	_	_	_	_	_	_
138-3	TO028	138	138	3	sono	sono	_	_	_	_	_	linguistic	_	none	_	_	_	_	_	_
138-4	TO028	138	138	4	andate	andate	_	_	_	_	_	linguistic	_	none	_	_	_	_	_	_
138-5	TO028	138	138	5	in	in	_	_	_	_	_	linguistic	_	none	_	_	_	_	_	_
138-6	TO028	138	138	6	spagna,	spagna	_	_	_	_	_	linguistic	_	none	Intonation=WeaklyRising	_	_	_	_	_
138-7	TO028	138	138	7	mi	mi	_	_	_	_	_	linguistic	_	none	_	_	_	_	_	_
138-8	TO028	138	138	8	hanno	hanno	_	_	_	_	_	linguistic	_	none	_	_	_	_	_	_
138-9	TO028	138	138	9	detto	detto	_	_	_	_	_	linguistic	_	none	_	_	_	_	_	_
138-10	TO028	138	138	10	che	che	_	_	_	_	_	linguistic	_	none	_	_	_	_	_	_
138-11	TO028	138	138	11	e:h	eh	_	_	_	_	_	linguistic	_	none	_	_	0x1	_	_	_
138-12	TO028	138	138	12	è	è	_	_	_	_	_	linguistic	_	none	_	_	_	_	_	_
138-13	TO028	138	138	13	[il	il	_	_	_	_	_	linguistic	_	none	_	_	_	_	_	0-2(?)
138-14	TO028	138	138	14	deli]rio	delirio	_	_	_	_	_	linguistic	_	none	_	_	_	_	_	0-4(?)
138-15	TO028	138	138	15	più	più	_	_	_	_	_	linguistic	_	none	_	_	_	_	_	_
138-16	TO028	138	138	16	totale	totale	_	_	_	_	_	linguistic	_	none	_	_	_	_	_	_
138-17	TO028	138	138	17	sì	sì	_	_	_	_	_	linguistic	_	none	PauseAfter=Yes	_	_	_	_	_
138-18	TO028	138	138	18	{P}	{P}	_	_	_	_	_	shortpause	_	none	_	_	_	_	_	_
138-19	TO028	138	138	19	quindi	quindi	_	_	_	_	_	linguistic	_	none	_	_	_	_	_	_
138-20	TO028	138	138	20	non	non	_	_	_	_	_	linguistic	_	none	_	_	_	_	_	_
138-21	TO028	138	138	21	[so]	so	_	_	_	_	_	linguistic	_	none	_	End=397.358	_	_	_	0-2(?)
139-0	TO026	139	139	0	[ma	ma	_	_	_	_	_	linguistic	_	none	_	Begin=393.885	_	_	_	0-2(46)
139-1	TO026	139	139	1	xxx]	xxx	_	_	_	_	_	unknown	_	none	Syllables=3	End=394.487	_	_	_	0-3(46)
140-0	TO026	140	140	0	[sì]?	sì	_	_	_	_	_	linguistic	_	none	Intonation=Rising	Begin=395.269|End=395.662	_	_	_	0-2(47)
141-0	TO026	141	141	0	[beh]	beh	_	_	_	_	_	linguistic	_	none	_	Begin=397.211	_	_	_	0-3(48)
141-1	TO026	141	141	1	c'	c'	_	_	_	_	_	linguistic	_	none	SpaceAfter=No	_	_	_	_	_
141-2	TO026	141	141	2	è	è	_	_	_	_	_	linguistic	_	none	_	_	_	_	_	_
141-3	TO026	141	141	3	sempre	sempre	_	_	_	_	_	linguistic	_	none	_	_	_	_	_	_
141-4	TO026	141	141	4	un	un	_	_	_	_	_	linguistic	_	none	_	_	_	_	_	_
141-5	TO026	141	141	5	problema	problema	_	_	_	_	_	linguistic	_	none	_	_	_	_	_	_
141-6	TO026	141	141	6	di	di	_	_	_	_	_	linguistic	_	none	_	_	_	_	_	_
141-7	TO026	141	141	7	fondo	fondo	_	_	_	_	_	linguistic	_	none	_	_	_	_	_	_
141-8	TO026	141	141	8	che	che	_	_	_	_	_	linguistic	_	none	_	_	_	_	_	_
141-9	TO026	141	141	9	non	non	_	_	_	_	_	linguistic	_	none	_	_	_	_	_	_
141-10	TO026	141	141	10	si	si	_	_	_	_	_	linguistic	_	none	_	_	_	_	_	_
141-11	TO026	141	141	11	risolve	risolve	_	_	_	_	_	linguistic	_	none	_	_	_	_	_	_
141-12	TO026	141	141	12	cioè	cioè	_	_	_	_	_	linguistic	_	none	_	End=399.969	_	_	_	_
142-0	TO026	142	142	0	tutte	tutte	_	_	_	_	_	linguistic	_	none	_	Begin=400.936	_	_	_	_
142-1	TO026	142	142	1	le	le	_	_	_	_	_	linguistic	_	none	_	_	_	_	_	_
142-2	TO026	142	142	2	pratiche::	pratiche	_	_	_	_	_	linguistic	_	none	_	End=402.733	7x2	_	_	_
143-0	TO026	143	143	0	e::h	eh	_	_	_	_	_	linguistic	_	none	_	Begin=403.355	0x2	_	_	_
143-1	TO026	143	143	1	diciamo	diciamo	_	_	_	_	_	linguistic	_	none	_	_	_	_	_	_
143-2	TO026	143	143	2	così	così	_	_	_	_	_	linguistic	_	none	_	_	_	_	_	_
143-3	TO026	143	143	3	in	in	_	_	_	_	_	linguistic	_	none	_	_	_	_	_	_
143-4	TO026	143	143	4	preparazione::	preparazione	_	_	_	_	_	linguistic	_	none	_	_	11x2	_	_	_
143-5	TO026	143	143	5	al	al	_	_	_	_	_	linguistic	_	none	_	_	_	_	_	_
143-6	TO026	143	143	6	soggiorno	soggiorno	_	_	_	_	_	linguistic	_	none	_	_	_	_	_	_
143-7	TO026	143	143	7	erasmus,	erasmus	_	_	_	_	_	linguistic	_	none	Intonation=WeaklyRising	_	_	_	_	_
143-8	TO026	143	143	8	richiedono	richiedono	_	_	_	_	_	linguistic	_	none	_	_	_	_	_	_
143-9	TO026	143	143	9	un	un	_	_	_	_	_	linguistic	_	none	_	_	_	_	_	_
143-10	TO026	143	143	10	certo	certo	_	_	_	_	_	linguistic	_	none	_	_	_	_	_	_
143-11	TO026	143	143	11	tempo	tempo	_	_	_	_	_	linguistic	_	none	_	_	_	_	_	_
143-12	TO026	143	143	12	come	come	_	_	_	_	_	linguistic	_	none	_	_	_	_	_	_
143-13	TO026	143	143	13	sta	sta	_	_	_	_	_	linguistic	_	none	_	_	_	_	_	_
143-14	TO026	143	143	14	vedendo	vedendo	_	_	_	_	_	linguistic	_	none	_	_	_	_	_	_
143-15	TO026	143	143	15	[eccetera]	eccetera	_	_	_	_	_	linguistic	_	none	_	End=411.161	_	_	_	0-8(49)
144-0	TO028	144	144	0	[sì]	sì	_	_	_	_	_	linguistic	_	none	_	Begin=410.837|End=411.213	_	_	_	0-2(49)
145-0	TO026	145	145	0	e	e	_	_	_	_	_	linguistic	_	none	_	Begin=411.738	_	_	_	_
145-1	TO026	145	145	1	quindi,	quindi	_	_	_	_	_	linguistic	_	none	Intonation=WeaklyRising	_	_	_	_	_
145-2	TO026	145	145	2	non	non	_	_	_	_	_	linguistic	_	none	_	_	_	_	_	_
145-3	TO026	145	145	3	si	si	_	_	_	_	_	linguistic	_	none	_	_	_	_	_	_
145-4	TO026	145	145	4	può	può	_	_	_	_	_	linguistic	_	none	_	_	_	_	_	_
145-5	TO026	145	145	5	fare	fare	_	_	_	_	_	linguistic	_	none	_	_	_	_	_	_
145-6	TO026	145	145	6	questo	questo	_	_	_	_	_	linguistic	_	none	_	_	_	_	_	_
145-7	TO026	145	145	7	a	a	_	_	_	_	_	linguistic	_	none	_	_	_	_	_	_
145-8	TO026	145	145	8	ridosso	ridosso	_	_	_	_	_	linguistic	_	none	_	_	_	_	_	_
145-9	TO026	145	145	9	dell'	dell'	_	_	_	_	_	linguistic	_	none	SpaceAfter=No	_	_	_	_	_
145-10	TO026	145	145	10	inizio	inizio	_	_	_	_	_	linguistic	_	none	_	_	_	_	_	_
145-11	TO026	145	145	11	del	del	_	_	_	_	_	linguistic	_	none	_	_	_	_	_	_
145-12	TO026	145	145	12	del	del	_	_	_	_	_	linguistic	_	none	_	_	_	_	_	_
145-13	TO026	145	145	13	e:hm	ehm	_	_	_	_	_	linguistic	_	none	_	_	0x1	_	_	_
145-14	TO026	145	145	14	del	del	_	_	_	_	_	linguistic	_	none	_	_	_	_	_	_
145-15	TO026	145	145	15	semestre	semestre	_	_	_	_	_	linguistic	_	none	_	_	_	_	_	_
145-16	TO026	145	145	16	o	o	_	_	_	_	_	linguistic	_	none	_	_	_	_	_	_
145-17	TO026	145	145	17	dell'	dell'	_	_	_	_	_	linguistic	_	none	SpaceAfter=No	_	_	_	_	_
145-18	TO026	145	145	18	anno	anno	_	_	_	_	_	linguistic	_	none	_	_	_	_	_	_
145-19	TO026	145	145	19	accademico	accademico	_	_	_	_	_	linguistic	_	none	_	End=417.491	_	_	_	_
146-0	TO026	146	146	0	e:h	eh	_	_	_	_	_	linguistic	_	none	_	Begin=418.16	0x1	_	_	_
146-1	TO026	146	146	1	e	e	_	_	_	_	_	linguistic	_	none	_	_	_	_	_	_
146-2	TO026	146	146	2	quindi	quindi	_	_	_	_	_	linguistic	_	none	_	_	_	_	_	_
146-3	TO026	146	146	3	tipicamente	tipicamente	_	_	_	_	_	linguistic	_	none	_	_	_	_	_	_
146-4	TO026	146	146	4	qui::	qui	_	_	_	_	_	linguistic	_	none	_	_	2x2	_	_	_
146-5	TO026	146	146	5	come	come	_	_	_	_	_	linguistic	_	none	_	_	_	_	_	_
146-6	TO026	146	146	6	anche::	anche	_	_	_	_	_	linguistic	_	none	_	_	4x2	_	_	_
146-7	TO026	146	146	7	negli	negli	_	_	_	_	_	linguistic	_	none	_	_	_	_	_	_
146-8	TO026	146	146	8	altri	altri	_	_	_	_	_	linguistic	_	none	_	_	_	_	_	_
146-9	TO026	146	146	9	paesi	paesi	_	_	_	_	_	linguistic	_	none	_	_	_	_	_	_
146-10	TO026	146	146	10	d'	d'	_	_	_	_	_	linguistic	_	none	SpaceAfter=No	_	_	_	_	_
146-11	TO026	146	146	11	europa,	europa	_	_	_	_	_	linguistic	_	none	Intonation=WeaklyRising	_	_	_	_	_
146-12	TO026	146	146	12	lo	lo	_	_	_	_	_	linguistic	_	none	_	_	_	_	_	_
146-13	TO026	146	146	13	si	si	_	_	_	_	_	linguistic	_	none	_	_	_	_	_	_
146-14	TO026	146	146	14	fa	fa	_	_	_	_	_	linguistic	_	none	_	_	_	_	_	_
146-15	TO026	146	146	15	quando	quando	_	_	_	_	_	linguistic	_	none	_	_	_	_	_	_
146-16	TO026	146	146	16	ad	ad	_	_	_	_	_	linguistic	_	none	_	_	_	_	_	_
146-17	TO026	146	146	17	esempio	esempio	_	_	_	_	_	linguistic	_	none	_	_	_	_	_	_
146-18	TO026	146	146	18	i	i	_	_	_	_	_	linguistic	_	none	_	_	_	_	_	_
146-19	TO026	146	146	19	programmi	programmi	_	_	_	_	_	linguistic	_	none	_	_	_	_	_	_
146-20	TO026	146	146	20	dei	dei	_	_	_	_	_	linguistic	_	none	_	_	_	_	_	_
146-21	TO026	146	146	21	corsi	corsi	_	_	_	_	_	linguistic	_	none	_	_	_	_	_	_
146-22	TO026	146	146	22	dell'	dell'	_	_	_	_	_	linguistic	_	none	SpaceAfter=No	_	_	_	_	_
146-23	TO026	146	146	23	anno	anno	_	_	_	_	_	linguistic	_	none	_	_	_	_	_	_
146-24	TO026	146	146	24	successivo	successivo	_	_	_	_	_	linguistic	_	none	_	_	_	_	_	_
146-25	TO026	146	146	25	non	non	_	_	_	_	_	linguistic	_	none	_	_	_	_	_	_
146-26	TO026	146	146	26	sono	sono	_	_	_	_	_	linguistic	_	none	_	_	_	_	_	_
146-27	TO026	146	146	27	ancora	ancora	_	_	_	_	_	linguistic	_	none	_	_	_	_	_	_
146-28	TO026	146	146	28	definiti.	definiti	_	_	_	_	_	linguistic	_	none	Intonation=Falling	End=428.541	_	_	_	_
147-0	TO026	147	147	0	d'	d'	_	_	_	_	_	linguistic	_	none	SpaceAfter=No	Begin=430.27	_	_	_	_
147-1	TO026	147	147	1	altra	altra	_	_	_	_	_	linguistic	_	none	_	_	_	_	_	_
147-2	TO026	147	147	2	parte	parte	_	_	_	_	_	linguistic	_	none	_	_	_	_	_	_
147-3	TO026	147	147	3	non	non	_	_	_	_	_	linguistic	_	none	_	_	_	_	_	_
147-4	TO026	147	147	4	si	si	_	_	_	_	_	linguistic	_	none	_	_	_	_	_	_
147-5	TO026	147	147	5	può	può	_	_	_	_	_	linguistic	_	none	_	_	_	_	_	_
147-6	TO026	147	147	6	aspettare	aspettare	_	_	_	_	_	linguistic	_	none	_	_	_	_	_	_
147-7	TO026	147	147	7	che	che	_	_	_	_	_	linguistic	_	none	_	_	_	_	_	_
147-8	TO026	147	147	8	[escano	escano	_	_	_	_	_	linguistic	_	none	_	_	_	_	_	0-6(50)
147-9	TO026	147	147	9	perché	perché	_	_	_	_	_	linguistic	_	none	_	_	_	_	_	0-6(50)
147-10	TO026	147	147	10	poi	poi	_	_	_	_	_	linguistic	_	none	_	_	_	_	_	0-3(50)
147-11	TO026	147	147	11	è	è	_	_	_	_	_	linguistic	_	none	_	_	_	_	_	0-1(50)
147-12	TO026	147	147	12	tro]ppo	troppo	_	_	_	_	_	linguistic	_	none	_	_	_	_	_	0-3(50)
147-13	TO026	147	147	13	tardi	tardi	_	_	_	_	_	linguistic	_	none	_	_	_	_	_	_
147-14	TO026	147	147	14	e::h	eh	_	_	_	_	_	linguistic	_	none	_	_	0x2	_	_	_
147-15	TO026	147	147	15	[quindi	quindi	_	_	_	_	_	linguistic	_	none	_	_	_	_	_	0-6(51)
147-16	TO026	147	147	16	uno]	uno	_	_	_	_	_	linguistic	_	none	_	_	_	_	_	0-3(51)
147-17	TO026	147	147	17	piuttosto	piuttosto	_	_	_	_	_	linguistic	_	none	_	_	_	_	_	_
147-18	TO026	147	147	18	si	si	_	_	_	_	_	linguistic	_	none	_	_	_	_	_	_
147-19	TO026	147	147	19	basa	basa	_	_	_	_	_	linguistic	_	none	_	_	_	_	_	_
147-20	TO026	147	147	20	su	su	_	_	_	_	_	linguistic	_	none	_	_	_	_	_	_
147-21	TO026	147	147	21	ciò	ciò	_	_	_	_	_	linguistic	_	none	_	_	_	_	_	_
147-22	TO026	147	147	22	che	che	_	_	_	_	_	linguistic	_	none	_	_	_	_	_	_
147-23	TO026	147	147	23	[è	è	_	_	_	_	_	linguistic	_	none	_	_	_	_	_	0-1(52)
147-24	TO026	147	147	24	offerto	offerto	_	_	_	_	_	linguistic	_	none	_	_	_	_	_	0-7(52)
147-25	TO026	147	147	25	l'	l'	_	_	_	_	_	linguistic	_	none	SpaceAfter=No	_	_	_	_	0-2(52)
147-26	TO026	147	147	26	anno	anno	_	_	_	_	_	linguistic	_	none	_	_	_	_	_	0-4(52)
147-27	TO026	147	147	27	prima]	prima	_	_	_	_	_	linguistic	_	none	PauseAfter=Yes	_	_	_	_	0-4(52)
147-28	TO026	147	147	28	{P}	{P}	_	_	_	_	_	shortpause	_	none	_	_	_	_	_	_
147-29	TO026	147	147	29	eh	eh	_	_	_	_	_	linguistic	_	none	_	_	_	_	_	1-2(53)
147-30	TO026	147	147	30	[dice::]	dice	_	_	_	_	_	linguistic	_	none	_	End=439.974	3x2	_	_	0-4(53)
148-0	TO028	148	148	0	[no	no	_	_	_	_	_	linguistic	_	none	_	Begin=432.332	_	_	_	0-2(50)
148-1	TO028	148	148	1	no	no	_	_	_	_	_	linguistic	_	none	_	_	_	_	_	0-2(50)
148-2	TO028	148	148	2	no	no	_	_	_	_	_	linguistic	_	none	_	_	_	_	_	0-2(50)
148-3	TO028	148	148	3	no]	no	_	_	_	_	_	linguistic	_	none	_	End=433.137	_	_	_	0-2(50)
149-0	TO028	149	149	0	[però	però	_	_	_	_	_	linguistic	_	none	_	Begin=433.86	_	_	_	0-4(51)
149-1	TO028	149	149	1	più	più	_	_	_	_	_	linguistic	_	none	_	_	_	_	_	0-3(51)
149-2	TO028	149	149	2	si	si	_	_	_	_	_	linguistic	_	none	_	_	_	_	_	0-2(51)
149-3	TO028	149	149	3	va:::]	va	_	_	_	_	_	linguistic	_	none	_	End=434.902	1x3	_	_	0-2(51)
150-0	TO028	150	150	0	[è	è	_	_	_	_	_	linguistic	_	none	_	Begin=437.024	_	_	_	_
150-1	TO028	150	150	1	progressiva	progressiva	_	_	_	_	_	linguistic	_	none	_	_	_	_	_	_
150-2	TO028	150	150	2	al	al	_	_	_	_	_	linguistic	_	none	_	_	_	_	_	_
150-3	TO028	150	150	3	[xxx]]	xxx	_	_	_	_	_	unknown	_	none	Syllables=3	End=438.702	_	_	_	_
151-0	TO028	151	151	0	[anti]cipano	anticipano	_	_	_	_	_	linguistic	_	none	_	Begin=439.154	_	_	_	0-4(53)
151-1	TO028	151	151	1	i:::in	iin	_	_	_	_	_	linguistic	_	none	_	_	0x3	_	_	_
151-2	TO028	151	151	2	realtà	realtà	_	_	_	_	_	linguistic	_	none	_	_	_	_	_	_
151-3	TO028	151	151	3	anticipano	anticipano	_	_	_	_	_	linguistic	_	none	_	_	_	_	_	_
151-4	TO028	151	151	4	la	la	_	_	_	_	_	linguistic	_	none	_	_	_	_	_	_
151-5	TO028	151	151	5	fu~	fu~	_	_	_	_	_	linguistic	_	none	Interrupted=Yes	_	_	_	_	_
151-6	TO028	151	151	6	la~	la~	_	_	_	_	_	linguistic	_	none	Interrupted=Yes	_	_	_	_	_
151-7	TO028	151	151	7	l'	l'	_	_	_	_	_	linguistic	_	none	SpaceAfter=No	_	_	_	_	_
151-8	TO028	151	151	8	uscita	uscita	_	_	_	_	_	linguistic	_	none	_	_	_	_	_	_
151-9	TO028	151	151	9	dei	dei	_	_	_	_	_	linguistic	_	none	_	_	_	_	_	_
151-10	TO028	151	151	10	nuovi	nuovi	_	_	_	_	_	linguistic	_	none	_	_	_	_	_	_
151-11	TO028	151	151	11	programmi,	programmi	_	_	_	_	_	linguistic	_	none	Intonation=WeaklyRising	End=446.137	_	_	_	_
152-0	TO026	152	152	0	ah	ah	_	_	_	_	_	linguistic	_	none	_	Begin=446.137	_	_	_	_
152-1	TO026	152	152	1	ho	ho	_	_	_	_	_	linguistic	_	none	_	_	_	_	_	_
152-2	TO026	152	152	2	capito.	capito	_	_	_	_	_	linguistic	_	none	Intonation=Falling	_	_	_	_	_
152-3	TO026	152	152	3	sì.	sì	_	_	_	_	_	linguistic	_	none	Intonation=Falling	End=447.193	_	_	_	_
153-0	TO028	153	153	0	rossi	rossi	_	_	_	_	_	linguistic	_	none	_	Begin=447.193	_	_	_	_
153-1	TO028	153	153	1	ha	ha	_	_	_	_	_	linguistic	_	none	_	_	_	_	_	_
153-2	TO028	153	153	2	già	già	_	_	_	_	_	linguistic	_	none	_	_	_	_	_	_
153-3	TO028	153	153	3	tutti	tutti	_	_	_	_	_	linguistic	_	none	_	_	_	_	_	_
153-4	TO028	153	153	4	i	i	_	_	_	_	_	linguistic	_	none	_	_	_	_	_	_
153-5	TO028	153	153	5	programmi	programmi	_	_	_	_	_	linguistic	_	none	_	_	_	_	_	_
153-6	TO028	153	153	6	nuovi:::	nuovi	_	_	_	_	_	linguistic	_	none	PauseAfter=Yes	_	4x3	_	_	_
153-7	TO028	153	153	7	{P}	{P}	_	_	_	_	_	shortpause	_	none	_	_	_	_	_	_
153-8	TO028	153	153	8	[sì	sì	_	_	_	_	_	linguistic	_	none	_	_	_	_	_	0-2(54)
153-9	TO028	153	153	9	sì]	sì	_	_	_	_	_	linguistic	_	none	PauseAfter=Yes	_	_	_	_	0-2(54)
153-10	TO028	153	153	10	{P}	{P}	_	_	_	_	_	shortpause	_	none	_	_	_	_	_	_
153-11	TO028	153	153	11	tutti	tutti	_	_	_	_	_	linguistic	_	none	_	_	_	_	_	_
153-12	TO028	153	153	12	apposto	apposto	_	_	_	_	_	linguistic	_	none	_	End=451.957	_	_	_	_
154-0	TO026	154	154	0	[del	del	_	_	_	_	_	linguistic	_	none	_	Begin=449.802	_	_	_	0-3(54)
154-1	TO026	154	154	1	prossim'	prossim'	_	_	_	_	_	linguistic	_	none	Truncated=Yes	_	_	_	_	0-8(54)
154-2	TO026	154	154	2	anno]	anno	_	_	_	_	_	linguistic	_	none	_	End=450.689	_	_	_	0-4(54)
155-0	TO026	155	155	0	{ride}	{ride}	_	_	_	_	_	nonverbalbehavior	_	none	_	Begin=452.107|End=452.603	_	_	_	_
156-0	TO028	156	156	0	vabbè	vabbè	_	_	_	_	_	linguistic	_	none	_	Begin=452.716|End=452.993	_	_	_	_
157-0	TO028	157	157	0	e:h	eh	_	_	_	_	_	linguistic	_	none	_	Begin=453.4	0x1	_	_	_
157-1	TO028	157	157	1	no	no	_	_	_	_	_	linguistic	_	none	_	_	_	_	_	_
157-2	TO028	157	157	2	e	e	_	_	_	_	_	linguistic	_	none	_	_	_	_	_	_
157-3	TO028	157	157	3	io	io	_	_	_	_	_	linguistic	_	none	_	_	_	_	_	_
157-4	TO028	157	157	4	appunto	appunto	_	_	_	_	_	linguistic	_	none	_	_	_	_	_	_
157-5	TO028	157	157	5	mi	mi	_	_	_	_	_	linguistic	_	none	_	_	_	_	_	_
157-6	TO028	157	157	6	son	son	_	_	_	_	_	linguistic	_	none	_	_	_	_	_	_
157-7	TO028	157	157	7	basata	basata	_	_	_	_	_	linguistic	_	none	_	_	_	_	_	_
157-8	TO028	157	157	8	e	e	_	_	_	_	_	linguistic	_	none	_	_	_	_	_	_
157-9	TO028	157	157	9	poi	poi	_	_	_	_	_	linguistic	_	none	_	_	_	_	_	_
157-10	TO028	157	157	10	volevo	volevo	_	_	_	_	_	linguistic	_	none	_	_	_	_	_	_
157-11	TO028	157	157	11	chiedere	chiedere	_	_	_	_	_	linguistic	_	none	_	_	_	_	_	_
157-12	TO028	157	157	12	se	se	_	_	_	_	_	linguistic	_	none	_	_	_	_	_	_
157-13	TO028	157	157	13	secondo	secondo	_	_	_	_	_	linguistic	_	none	_	_	_	_	_	_
157-14	TO028	157	157	14	lei	lei	_	_	_	_	_	linguistic	_	none	_	_	_	_	_	_
157-15	TO028	157	157	15	<questa>	questa	_	_	_	_	_	linguistic	_	none	_	End=457.194	_	Slow=0-6(0)	_	_
158-0	TO028	158	158	0	[e::h]	eh	_	_	_	_	_	linguistic	_	none	_	Begin=457.682	0x2	_	_	0-2(55)
158-1	TO028	158	158	1	combinazione	combinazione	_	_	_	_	_	linguistic	_	none	_	_	_	_	_	_
158-2	TO028	158	158	2	va	va	_	_	_	_	_	linguistic	_	none	_	_	_	_	_	_
158-3	TO028	158	158	3	bene	bene	_	_	_	_	_	linguistic	_	none	_	_	_	_	_	_
158-4	TO028	158	158	4	questo	questo	_	_	_	_	_	linguistic	_	none	_	_	_	_	_	_
158-5	TO028	158	158	5	qua	qua	_	_	_	_	_	linguistic	_	none	_	_	_	_	_	_
158-6	TO028	158	158	6	sarebbe	sarebbe	_	_	_	_	_	linguistic	_	none	_	_	_	_	_	_
158-7	TO028	158	158	7	tecnologie	tecnologie	_	_	_	_	_	linguistic	_	none	_	_	_	_	_	_
158-8	TO028	158	158	8	dell'	dell'	_	_	_	_	_	linguistic	_	none	SpaceAfter=No	_	_	_	_	_
158-9	TO028	158	158	9	informazione	informazione	_	_	_	_	_	linguistic	_	none	_	_	_	_	_	_
158-10	TO028	158	158	10	e	e	_	_	_	_	_	linguistic	_	none	_	_	_	_	_	_
158-11	TO028	158	158	11	della	della	_	_	_	_	_	linguistic	_	none	_	_	_	_	_	_
158-12	TO028	158	158	12	comunicazione	comunicazione	_	_	_	_	_	linguistic	_	none	_	_	_	_	_	_
158-13	TO028	158	158	13	applicata	applicata	_	_	_	_	_	linguistic	_	none	_	_	_	_	_	_
158-14	TO028	158	158	14	all'	all'	_	_	_	_	_	linguistic	_	none	SpaceAfter=No	_	_	_	_	_
158-15	TO028	158	158	15	educazione,	educazione	_	_	_	_	_	linguistic	_	none	Intonation=WeaklyRising	End=463.971	_	_	_	_
159-0	TO026	159	159	0	[sì]?	sì	_	_	_	_	_	linguistic	_	none	Intonation=Rising	Begin=457.78|End=458.108	_	_	_	0-2(55)
160-0	TO028	160	160	0	con	con	_	_	_	_	_	linguistic	_	none	_	Begin=464.479	_	_	_	_
160-1	TO028	160	160	1	teorie	teorie	_	_	_	_	_	linguistic	_	none	_	_	_	_	_	_
160-2	TO028	160	160	2	e	e	_	_	_	_	_	linguistic	_	none	_	_	_	_	_	_
160-3	TO028	160	160	3	tecniche	tecniche	_	_	_	_	_	linguistic	_	none	_	_	_	_	_	_
160-4	TO028	160	160	4	dei	dei	_	_	_	_	_	linguistic	_	none	_	_	_	_	_	_
160-5	TO028	160	160	5	media	media	_	_	_	_	_	linguistic	_	none	_	_	_	_	_	_
160-6	TO028	160	160	6	digitali.	digitali	_	_	_	_	_	linguistic	_	none	Intonation=Falling	End=466.492	_	_	_	_
161-0	TO028	161	161	0	mi	mi	_	_	_	_	_	linguistic	_	none	_	Begin=466.864	_	_	_	_
161-1	TO028	161	161	1	sembrava::	sembrava	_	_	_	_	_	linguistic	_	none	PauseAfter=Yes	_	7x2	_	_	_
161-2	TO028	161	161	2	{P}	{P}	_	_	_	_	_	shortpause	_	none	_	_	_	_	_	_
161-3	TO028	161	161	3	se	se	_	_	_	_	_	linguistic	_	none	_	_	_	_	_	_
161-4	TO028	161	161	4	lei	lei	_	_	_	_	_	linguistic	_	none	_	_	_	_	_	_
161-5	TO028	161	161	5	me	me	_	_	_	_	_	linguistic	_	none	_	_	_	_	_	_
161-6	TO028	161	161	6	lo	lo	_	_	_	_	_	linguistic	_	none	_	_	_	_	_	_
161-7	TO028	161	161	7	approva,	approva	_	_	_	_	_	linguistic	_	none	Intonation=WeaklyRising	_	_	_	_	_
161-8	TO028	161	161	8	il	il	_	_	_	_	_	linguistic	_	none	_	_	_	_	_	_
161-9	TO028	161	161	9	quin[dici]	quindici	_	_	_	_	_	linguistic	_	none	_	_	_	_	_	4-8(56)
161-10	TO028	161	161	10	maggio,	maggio	_	_	_	_	_	linguistic	_	none	Intonation=WeaklyRising	_	_	_	_	_
161-11	TO028	161	161	11	io	io	_	_	_	_	_	linguistic	_	none	_	_	_	_	_	_
161-12	TO028	161	161	12	compilo	compilo	_	_	_	_	_	linguistic	_	none	_	_	_	_	_	_
161-13	TO028	161	161	13	il	il	_	_	_	_	_	linguistic	_	none	_	_	_	_	_	_
161-14	TO028	161	161	14	piano	piano	_	_	_	_	_	linguistic	_	none	_	_	_	_	_	_
161-15	TO028	161	161	15	carriera	carriera	_	_	_	_	_	linguistic	_	none	_	_	_	_	_	_
161-16	TO028	161	161	16	con	con	_	_	_	_	_	linguistic	_	none	_	_	_	_	_	_
161-17	TO028	161	161	17	questa::	questa	_	_	_	_	_	linguistic	_	none	_	_	5x2	_	_	_
161-18	TO028	161	161	18	con	con	_	_	_	_	_	linguistic	_	none	_	_	_	_	_	_
161-19	TO028	161	161	19	questi	questi	_	_	_	_	_	linguistic	_	none	_	_	_	_	_	_
161-20	TO028	161	161	20	cinque	cinque	_	_	_	_	_	linguistic	_	none	_	_	_	_	_	_
161-21	TO028	161	161	21	esami,	esami	_	_	_	_	_	linguistic	_	none	Intonation=WeaklyRising	_	_	_	_	_
161-22	TO028	161	161	22	così	così	_	_	_	_	_	linguistic	_	none	_	_	_	_	_	_
161-23	TO028	161	161	23	son	son	_	_	_	_	_	linguistic	_	none	_	_	_	_	_	_
161-24	TO028	161	161	24	trenta	trenta	_	_	_	_	_	linguistic	_	none	_	_	_	_	_	_
161-25	TO028	161	161	25	credi[ti],	crediti	_	_	_	_	_	linguistic	_	none	Intonation=WeaklyRising	End=476.383	_	_	_	5-7(57)
162-0	TO026	162	162	0	[sì]	sì	_	_	_	_	_	linguistic	_	none	_	Begin=469.927|End=470.238	_	_	_	0-2(56)
163-0	TO026	163	163	0	[l'	l'	_	_	_	_	_	linguistic	_	none	SpaceAfter=No	Begin=476.24	_	_	_	0-2(57)
163-1	TO026	163	163	1	aveva]mo	avevamo	_	_	_	_	_	linguistic	_	none	_	_	_	_	_	0-5(57)
163-2	TO026	163	163	2	già	già	_	_	_	_	_	linguistic	_	none	_	_	_	_	_	_
163-3	TO026	163	163	3	visti,	visti	_	_	_	_	_	linguistic	_	none	Intonation=WeaklyRising	_	_	_	_	_
163-4	TO026	163	163	4	alcuni	alcuni	_	_	_	_	_	linguistic	_	none	_	_	_	_	_	_
163-5	TO026	163	163	5	di	di	_	_	_	_	_	linguistic	_	none	_	_	_	_	_	_
163-6	TO026	163	163	6	questi,	questi	_	_	_	_	_	linguistic	_	none	Intonation=WeaklyRising	_	_	_	_	_
163-7	TO026	163	163	7	[no?	no	_	_	_	_	_	linguistic	_	none	Intonation=Rising	_	_	_	_	0-2(58)
163-8	TO026	163	163	8	l'	l'	_	_	_	_	_	linguistic	_	none	SpaceAfter=No	_	_	_	_	0-2(58)
163-9	TO026	163	163	9	altra	altra	_	_	_	_	_	linguistic	_	none	_	_	_	_	_	0-5(58)
163-10	TO026	163	163	10	volta	volta	_	_	_	_	_	linguistic	_	none	_	_	_	_	_	0-5(58)
163-11	TO026	163	163	11	scors~	scors~	_	_	_	_	_	linguistic	_	none	Interrupted=Yes	_	_	_	_	0-6(58)
163-12	TO026	163	163	12	sì].	sì	_	_	_	_	_	linguistic	_	none	Intonation=Falling	End=479.145	_	_	_	0-1(58)
164-0	TO028	164	164	0	[sì	sì	_	_	_	_	_	linguistic	_	none	_	Begin=477.576	_	_	_	0-2(58)
164-1	TO028	164	164	1	sì	sì	_	_	_	_	_	linguistic	_	none	_	_	_	_	_	0-2(58)
164-2	TO028	164	164	2	sì]	sì	_	_	_	_	_	linguistic	_	none	_	_	_	_	_	0-2(58)
164-3	TO028	164	164	3	gli	gli	_	_	_	_	_	linguistic	_	none	_	_	_	_	_	_
164-4	TO028	164	164	4	altri	altri	_	_	_	_	_	linguistic	_	none	_	_	_	_	_	_
164-5	TO028	164	164	5	sì	sì	_	_	_	_	_	linguistic	_	none	PauseAfter=Yes	_	_	_	_	_
164-6	TO028	164	164	6	{P}	{P}	_	_	_	_	_	shortpause	_	none	_	_	_	_	_	_
164-7	TO028	164	164	7	questo	questo	_	_	_	_	_	linguistic	_	none	_	_	_	_	_	_
164-8	TO028	164	164	8	qua	qua	_	_	_	_	_	linguistic	_	none	_	_	_	_	_	_
164-9	TO028	164	164	9	era	era	_	_	_	_	_	linguistic	_	none	_	_	_	_	_	_
164-10	TO028	164	164	10	[palandini	palandini	_	_	_	_	_	linguistic	_	none	_	_	_	_	_	0-9(59)
164-11	TO028	164	164	11	e	e	_	_	_	_	_	linguistic	_	none	_	_	_	_	_	0-1(59)
164-12	TO028	164	164	12	g]io::vani	giovani	_	_	_	_	_	linguistic	_	none	_	_	2x2	_	_	0-1(59)
164-13	TO028	164	164	13	davant~	davant~	_	_	_	_	_	linguistic	_	none	Interrupted=Yes	_	_	_	_	_
164-14	TO028	164	164	14	comunicazione	comunicazione	_	_	_	_	_	linguistic	_	none	_	_	_	_	_	_
164-15	TO028	164	164	15	visiva,	visiva	_	_	_	_	_	linguistic	_	none	Intonation=WeaklyRising	End=482.974	_	_	_	_
165-0	TO026	165	165	0	[ah	ah	_	_	_	_	_	linguistic	_	none	_	Begin=479.922	_	_	_	0-2(59)
165-1	TO026	165	165	1	sì	sì	_	_	_	_	_	linguistic	_	none	_	_	_	_	_	0-2(59)
165-2	TO026	165	165	2	av~	av~	_	_	_	_	_	linguistic	_	none	Interrupted=Yes	_	_	_	_	0-3(59)
165-3	TO026	165	165	3	sì]?	sì	_	_	_	_	_	linguistic	_	none	Intonation=Rising	End=480.774	_	_	_	0-2(59)
166-0	TO026	166	166	0	e	e	_	_	_	_	_	linguistic	_	none	_	Begin=483.251	_	_	_	_
166-1	TO026	166	166	1	è	è	_	_	_	_	_	linguistic	_	none	_	_	_	_	_	_
166-2	TO026	166	166	2	quest'	quest'	_	_	_	_	_	linguistic	_	none	SpaceAfter=No	_	_	_	_	_
166-3	TO026	166	166	3	altro	altro	_	_	_	_	_	linguistic	_	none	_	_	_	_	_	_
166-4	TO026	166	166	4	l'	l'	_	_	_	_	_	linguistic	_	none	SpaceAfter=No	_	_	_	_	_
166-5	TO026	166	166	5	ultimo	ultimo	_	_	_	_	_	linguistic	_	none	_	_	_	_	_	_
166-6	TO026	166	166	6	dubbio	dubbio	_	_	_	_	_	linguistic	_	none	_	_	_	_	_	5-6(60)
166-7	TO026	166	166	7	[no]?	no	_	_	_	_	_	linguistic	_	none	Intonation=Rising	End=484.906	_	_	_	0-1(60)
167-0	TO028	167	167	0	[sì]	sì	_	_	_	_	_	linguistic	_	none	_	Begin=484.737|End=484.906	_	_	_	0-2(60)
168-0	TO026	168	168	0	sì	sì	_	_	_	_	_	linguistic	_	none	_	Begin=485.599	_	_	_	_
168-1	TO026	168	168	1	sì	sì	_	_	_	_	_	linguistic	_	none	_	_	_	_	_	_
168-2	TO026	168	168	2	e:::	e	_	_	_	_	_	linguistic	_	none	_	End=486.259	0x3	_	_	_
169-0	TO028	169	169	0	così	così	_	_	_	_	_	linguistic	_	none	_	Begin=486.255	_	_	_	_
169-1	TO028	169	169	1	due	due	_	_	_	_	_	linguistic	_	none	_	_	_	_	_	_
169-2	TO028	169	169	2	sono	sono	_	_	_	_	_	linguistic	_	none	_	_	_	_	_	_
169-3	TO028	169	169	3	identici	identici	_	_	_	_	_	linguistic	_	none	PauseAfter=Yes	_	_	_	_	_
169-4	TO028	169	169	4	{P}	{P}	_	_	_	_	_	shortpause	_	none	_	_	_	_	_	_
169-5	TO028	169	169	5	[economia]	economia	_	_	_	_	_	linguistic	_	none	_	_	_	_	_	0-8(62)
169-6	TO028	169	169	6	dell'	dell'	_	_	_	_	_	linguistic	_	none	SpaceAfter=No	_	_	_	_	_
169-7	TO028	169	169	7	impresa	impresa	_	_	_	_	_	linguistic	_	none	_	_	_	_	_	_
169-8	TO028	169	169	8	e	e	_	_	_	_	_	linguistic	_	none	_	_	_	_	_	_
169-9	TO028	169	169	9	economia	economia	_	_	_	_	_	linguistic	_	none	_	_	_	_	_	_
169-10	TO028	169	169	10	e	e	_	_	_	_	_	linguistic	_	none	_	_	_	_	_	_
169-11	TO028	169	169	11	gestione	gestione	_	_	_	_	_	linguistic	_	none	_	_	_	_	_	_
169-12	TO028	169	169	12	dell'	dell'	_	_	_	_	_	linguistic	_	none	SpaceAfter=No	_	_	_	_	4-5(63)
169-13	TO028	169	169	13	[impre]sa,	impresa	_	_	_	_	_	linguistic	_	none	Intonation=WeaklyRising	End=490.064	_	_	_	0-4(63)
170-0	TO026	170	170	0	[sì	sì	_	_	_	_	_	linguistic	_	none	_	Begin=487.7	_	_	_	0-2(62)
170-1	TO026	170	170	1	sì]	sì	_	_	_	_	_	linguistic	_	none	_	End=488.142	_	_	_	0-2(62)
171-0	TO026	171	171	0	[sì	sì	_	_	_	_	_	linguistic	_	none	_	Begin=489.612	_	_	_	0-2(63)
171-1	TO026	171	171	1	sì]	sì	_	_	_	_	_	linguistic	_	none	_	End=489.915	_	_	_	0-2(63)
172-0	TO028	172	172	0	e::h	eh	_	_	_	_	_	linguistic	_	none	_	Begin=491.049	0x2	_	_	_
172-1	TO028	172	172	1	niente	niente	_	_	_	_	_	linguistic	_	none	PauseAfter=Yes	_	_	_	_	_
172-2	TO028	172	172	2	{P}	{P}	_	_	_	_	_	shortpause	_	none	_	_	_	_	_	_
172-3	TO028	172	172	3	così	così	_	_	_	_	_	linguistic	_	none	_	_	_	_	_	_
172-4	TO028	172	172	4	facendo	facendo	_	_	_	_	_	linguistic	_	none	_	_	_	_	_	_
172-5	TO028	172	172	5	ho	ho	_	_	_	_	_	linguistic	_	none	_	_	_	_	_	_
172-6	TO028	172	172	6	trenta	trenta	_	_	_	_	_	linguistic	_	none	_	_	_	_	_	_
172-7	TO028	172	172	7	crediti,	crediti	_	_	_	_	_	linguistic	_	none	Intonation=WeaklyRising	End=493.731	_	_	_	_
173-0	TO026	173	173	0	materiali	materiali	_	_	_	_	_	linguistic	_	none	_	Begin=495.23	_	_	_	_
173-1	TO026	173	173	1	educativi	educativi	_	_	_	_	_	linguistic	_	none	_	_	_	_	_	_
173-2	TO026	173	173	2	multimediali::,	multimediali	_	_	_	_	_	linguistic	_	none	Intonation=WeaklyRising	End=496.774	11x2	_	_	_
174-0	TO028	174	174	0	no	no	_	_	_	_	_	linguistic	_	none	_	Begin=496.774	_	_	_	_
174-1	TO028	174	174	1	[e::h]	eh	_	_	_	_	_	linguistic	_	none	_	End=498.002	0x2	_	_	0-2(64)
175-0	TO026	175	175	0	[ah	ah	_	_	_	_	_	linguistic	_	none	_	Begin=497.46	_	_	_	0-2(64)
175-1	TO026	175	175	1	non	non	_	_	_	_	_	linguistic	_	none	_	_	_	_	_	0-3(64)
175-2	TO026	175	175	2	c'	c'	_	_	_	_	_	linguistic	_	none	SpaceAfter=No	_	_	_	_	0-2(64)
175-3	TO026	175	175	3	entra]	entra	_	_	_	_	_	linguistic	_	none	_	_	_	_	_	0-5(64)
175-4	TO026	175	175	4	nulla?	nulla	_	_	_	_	_	linguistic	_	none	Intonation=Rising	_	_	_	_	_
175-5	TO026	175	175	5	no	no	_	_	_	_	_	linguistic	_	none	_	_	_	_	_	_
175-6	TO026	175	175	6	e::h	eh	_	_	_	_	_	linguistic	_	none	_	End=498.843	0x2	_	_	_
176-0	TO028	176	176	0	ah	ah	_	_	_	_	_	linguistic	_	none	PauseAfter=Yes	Begin=500.804	_	_	_	_
176-1	TO028	176	176	1	{P}	{P}	_	_	_	_	_	shortpause	_	none	_	_	_	_	_	_
176-2	TO028	176	176	2	sono	sono	_	_	_	_	_	linguistic	_	none	_	_	_	_	_	_
176-3	TO028	176	176	3	due	due	_	_	_	_	_	linguistic	_	none	_	_	_	_	_	_
176-4	TO028	176	176	4	esami.	esami	_	_	_	_	_	linguistic	_	none	Intonation=Falling	End=502.322	_	_	_	_
177-0	TO028	177	177	0	son	son	_	_	_	_	_	linguistic	_	none	_	Begin=503.78	_	_	_	_
177-1	TO028	177	177	1	due	due	_	_	_	_	_	linguistic	_	none	_	_	_	_	_	_
177-2	TO028	177	177	2	diversi	diversi	_	_	_	_	_	linguistic	_	none	PauseAfter=Yes	_	_	_	_	_
177-3	TO028	177	177	3	{P}	{P}	_	_	_	_	_	shortpause	_	none	_	_	_	_	_	_
177-4	TO028	177	177	4	[però	però	_	_	_	_	_	linguistic	_	none	_	_	_	_	_	0-4(65)
177-5	TO028	177	177	5	QUESTO	questo	_	_	_	_	_	linguistic	_	none	Volume=high	_	_	_	_	0-6(65)
177-6	TO028	177	177	6	è	è	_	_	_	_	_	linguistic	_	none	_	_	_	_	_	0-1(65)
177-7	TO028	177	177	7	da	da	_	_	_	_	_	linguistic	_	none	_	_	_	_	_	0-2(65)
177-8	TO028	177	177	8	nove]	nove	_	_	_	_	_	linguistic	_	none	_	End=506.029	_	_	_	0-4(65)
178-0	TO026	178	178	0	[que~	que~	_	_	_	_	_	linguistic	_	none	Interrupted=Yes	Begin=504.551	_	_	_	0-4(65)
178-1	TO026	178	178	1	questo	questo	_	_	_	_	_	linguistic	_	none	_	_	_	_	_	0-6(65)
178-2	TO026	178	178	2	diciamo	diciamo	_	_	_	_	_	linguistic	_	none	_	_	_	_	_	0-7(65)
178-3	TO026	178	178	3	ha	ha	_	_	_	_	_	linguistic	_	none	_	_	_	_	_	0-2(65)
178-4	TO026	178	178	4	tradotto	tradotto	_	_	_	_	_	linguistic	_	none	_	_	_	_	_	0-8(65)
178-5	TO026	178	178	5	lei]	lei	_	_	_	_	_	linguistic	_	none	_	_	_	_	_	0-3(65)
178-6	TO026	178	178	6	ha	ha	_	_	_	_	_	linguistic	_	none	_	_	_	_	_	_
178-7	TO026	178	178	7	tradotto	tradotto	_	_	_	_	_	linguistic	_	none	_	_	_	_	_	_
178-8	TO026	178	178	8	lei	lei	_	_	_	_	_	linguistic	_	none	_	_	_	_	_	_
178-9	TO026	178	178	9	cioè	cioè	_	_	_	_	_	linguistic	_	none	_	_	_	_	_	_
178-10	TO026	178	178	10	[questo	questo	_	_	_	_	_	linguistic	_	none	_	_	_	_	_	0-6(66)
178-11	TO026	178	178	11	è	è	_	_	_	_	_	linguistic	_	none	_	_	_	_	_	0-1(66)
178-12	TO026	178	178	12	dell'	dell'	_	_	_	_	_	linguistic	_	none	SpaceAfter=No	_	_	_	_	0-5(66)
178-13	TO026	178	178	13	addi]zione	addizione	_	_	_	_	_	linguistic	_	none	_	_	_	_	_	0-4(66)
178-14	TO026	178	178	14	del	del	_	_	_	_	_	linguistic	_	none	_	_	_	_	_	_
178-15	TO026	178	178	15	[corso:::]	corso	_	_	_	_	_	linguistic	_	none	_	_	4x3	_	_	0-5(67)
178-16	TO026	178	178	16	di	di	_	_	_	_	_	linguistic	_	none	_	_	_	_	_	_
178-17	TO026	178	178	17	[madrid]?	madrid	_	_	_	_	_	linguistic	_	none	Intonation=Rising	End=509.916	_	_	_	0-6(68)
179-0	TO028	179	179	0	[no	no	_	_	_	_	_	linguistic	_	none	_	Begin=507.48	_	_	_	0-2(66)
179-1	TO028	179	179	1	no	no	_	_	_	_	_	linguistic	_	none	_	_	_	_	_	0-2(66)
179-2	TO028	179	179	2	no	no	_	_	_	_	_	linguistic	_	none	_	_	_	_	_	0-2(66)
179-3	TO028	179	179	3	no]	no	_	_	_	_	_	linguistic	_	none	_	End=508.062	_	_	_	0-2(66)
180-0	TO028	180	180	0	[no	no	_	_	_	_	_	linguistic	_	none	_	Begin=508.649	_	_	_	0-2(67)
180-1	TO028	180	180	1	no	no	_	_	_	_	_	linguistic	_	none	_	_	_	_	_	0-2(67)
180-2	TO028	180	180	2	no]	no	_	_	_	_	_	linguistic	_	none	_	End=509.142	_	_	_	0-2(67)
181-0	TO028	181	181	0	[son	son	_	_	_	_	_	linguistic	_	none	_	Begin=509.536	_	_	_	0-3(68)
181-1	TO028	181	181	1	due]	due	_	_	_	_	_	linguistic	_	none	_	_	_	_	_	0-3(68)
181-2	TO028	181	181	2	esami	esami	_	_	_	_	_	linguistic	_	none	_	_	_	_	_	_
181-3	TO028	181	181	3	diversi	diversi	_	_	_	_	_	linguistic	_	none	_	_	_	_	_	_
181-4	TO028	181	181	4	>okay	okay	_	_	_	_	_	linguistic	_	none	_	_	_	Fast=0-4(0)	_	_
181-5	TO028	181	181	5	adesso	adesso	_	_	_	_	_	linguistic	_	none	_	_	_	Fast=0-6(0)	_	_
181-6	TO028	181	181	6	mi	mi	_	_	_	_	_	linguistic	_	none	_	_	_	Fast=0-2(0)	_	_
181-7	TO028	181	181	7	ricordo<	ricordo	_	_	_	_	_	linguistic	_	none	_	_	_	Fast=0-7(0)	_	_
181-8	TO028	181	181	8	son	son	_	_	_	_	_	linguistic	_	none	_	_	_	_	_	_
181-9	TO028	181	181	9	proprio	proprio	_	_	_	_	_	linguistic	_	none	_	_	_	_	_	_
181-10	TO028	181	181	10	due	due	_	_	_	_	_	linguistic	_	none	_	_	_	_	_	_
181-11	TO028	181	181	11	esami	esami	_	_	_	_	_	linguistic	_	none	_	_	_	_	_	_
181-12	TO028	181	181	12	diversi	diversi	_	_	_	_	_	linguistic	_	none	_	_	_	_	_	_
181-13	TO028	181	181	13	uno	uno	_	_	_	_	_	linguistic	_	none	_	_	_	_	_	_
181-14	TO028	181	181	14	è	è	_	_	_	_	_	linguistic	_	none	_	_	_	_	_	_
181-15	TO028	181	181	15	materiali	materiali	_	_	_	_	_	linguistic	_	none	_	_	_	_	_	_
181-16	TO028	181	181	16	educativi	educativi	_	_	_	_	_	linguistic	_	none	_	_	_	_	_	_
181-17	TO028	181	181	17	multimediali,	multimediali	_	_	_	_	_	linguistic	_	none	Intonation=WeaklyRising	End=514.806	_	_	_	_
182-0	TO028	182	182	0	e	e	_	_	_	_	_	linguistic	_	none	_	Begin=515.313	_	_	_	_
182-1	TO028	182	182	1	l'	l'	_	_	_	_	_	linguistic	_	none	SpaceAfter=No	_	_	_	_	_
182-2	TO028	182	182	2	altro	altro	_	_	_	_	_	linguistic	_	none	_	_	_	_	_	_
182-3	TO028	182	182	3	è	è	_	_	_	_	_	linguistic	_	none	_	_	_	_	_	_
182-4	TO028	182	182	4	tecnologie	tecnologie	_	_	_	_	_	linguistic	_	none	_	_	_	_	_	_
182-5	TO028	182	182	5	inf~	inf~	_	_	_	_	_	linguistic	_	none	Interrupted=Yes	_	_	_	_	_
182-6	TO028	182	182	6	dell'	dell'	_	_	_	_	_	linguistic	_	none	SpaceAfter=No	_	_	_	_	_
182-7	TO028	182	182	7	informazione	informazione	_	_	_	_	_	linguistic	_	none	_	_	_	_	_	_
182-8	TO028	182	182	8	e	e	_	_	_	_	_	linguistic	_	none	_	_	_	_	_	_
182-9	TO028	182	182	9	della	della	_	_	_	_	_	linguistic	_	none	_	_	_	_	_	_
182-10	TO028	182	182	10	comunicazione	comunicazione	_	_	_	_	_	linguistic	_	none	_	_	_	_	_	_
182-11	TO028	182	182	11	applicati	applicati	_	_	_	_	_	linguistic	_	none	_	_	_	_	_	_
182-12	TO028	182	182	12	all'	all'	_	_	_	_	_	linguistic	_	none	SpaceAfter=No	_	_	_	_	_
182-13	TO028	182	182	13	educaz[ione],	educazione	_	_	_	_	_	linguistic	_	none	Intonation=WeaklyRising	End=519.755	_	_	_	3-8(69)
183-0	TO026	183	183	0	[sì]	sì	_	_	_	_	_	linguistic	_	none	_	Begin=519.45|End=519.745	_	_	_	0-2(69)
184-0	TO028	184	184	0	solo	solo	_	_	_	_	_	linguistic	_	none	_	Begin=520.133	_	_	_	_
184-1	TO028	184	184	1	che	che	_	_	_	_	_	linguistic	_	none	_	_	_	_	_	_
184-2	TO028	184	184	2	questo	questo	_	_	_	_	_	linguistic	_	none	_	_	_	_	_	_
184-3	TO028	184	184	3	è	è	_	_	_	_	_	linguistic	_	none	_	_	_	_	_	_
184-4	TO028	184	184	4	da	da	_	_	_	_	_	linguistic	_	none	_	_	_	_	_	_
184-5	TO028	184	184	5	nove	nove	_	_	_	_	_	linguistic	_	none	_	_	_	_	_	_
184-6	TO028	184	184	6	crediti	crediti	_	_	_	_	_	linguistic	_	none	_	_	_	_	_	_
184-7	TO028	184	184	7	e	e	_	_	_	_	_	linguistic	_	none	_	_	_	_	_	_
184-8	TO028	184	184	8	questo	questo	_	_	_	_	_	linguistic	_	none	_	_	_	_	_	_
184-9	TO028	184	184	9	è	è	_	_	_	_	_	linguistic	_	none	_	_	_	_	_	_
184-10	TO028	184	184	10	da	da	_	_	_	_	_	linguistic	_	none	_	_	_	_	_	_
184-11	TO028	184	184	11	sei	sei	_	_	_	_	_	linguistic	_	none	PauseAfter=Yes	_	_	_	_	_
184-12	TO028	184	184	12	{P}	{P}	_	_	_	_	_	shortpause	_	none	_	_	_	_	_	_
184-13	TO028	184	184	13	quindi	quindi	_	_	_	_	_	linguistic	_	none	_	_	_	_	_	_
184-14	TO028	184	184	14	se	se	_	_	_	_	_	linguistic	_	none	_	_	_	_	_	_
184-15	TO028	184	184	15	a	a	_	_	_	_	_	linguistic	_	none	_	_	_	_	_	_
184-16	TO028	184	184	16	lei	lei	_	_	_	_	_	linguistic	_	none	_	_	_	_	_	_
184-17	TO028	184	184	17	andava	andava	_	_	_	_	_	linguistic	_	none	_	_	_	_	_	_
184-18	TO028	184	184	18	bene	bene	_	_	_	_	_	linguistic	_	none	_	_	_	_	_	_
184-19	TO028	184	184	19	questo,	questo	_	_	_	_	_	linguistic	_	none	Intonation=WeaklyRising	_	_	_	_	_
184-20	TO028	184	184	20	io	io	_	_	_	_	_	linguistic	_	none	_	_	_	_	_	_
184-21	TO028	184	184	21	metterei	metterei	_	_	_	_	_	linguistic	_	none	_	_	_	_	_	_
184-22	TO028	184	184	22	questo,	questo	_	_	_	_	_	linguistic	_	none	Intonation=WeaklyRising	End=525.822	_	_	_	_
185-0	TO026	185	185	0	ah	ah	_	_	_	_	_	linguistic	_	none	_	Begin=525.822	_	_	_	_
185-1	TO026	185	185	1	ho	ho	_	_	_	_	_	linguistic	_	none	_	_	_	_	_	_
185-2	TO026	185	185	2	capito.	capito	_	_	_	_	_	linguistic	_	none	Intonation=Falling	_	_	_	_	_
185-3	TO026	185	185	3	[sì	sì	_	_	_	_	_	linguistic	_	none	_	_	_	_	_	0-2(70)
185-4	TO026	185	185	4	sì],	sì	_	_	_	_	_	linguistic	_	none	Intonation=WeaklyRising	End=526.783	_	_	_	0-2(70)
186-0	TO028	186	186	0	[se	se	_	_	_	_	_	linguistic	_	none	_	Begin=526.374	_	_	_	0-2(70)
186-1	TO028	186	186	1	no::]	no	_	_	_	_	_	linguistic	_	none	_	_	1x2	_	_	0-2(70)
186-2	TO028	186	186	2	metto	metto	_	_	_	_	_	linguistic	_	none	_	_	_	_	_	_
186-3	TO028	186	186	3	[l'	l'	_	_	_	_	_	linguistic	_	none	SpaceAfter=No	_	_	_	_	0-2(71)
186-4	TO028	186	186	4	a::ltro	altro	_	_	_	_	_	linguistic	_	none	_	_	0x2	_	_	0-5(71)
186-5	TO028	186	186	5	e	e	_	_	_	_	_	linguistic	_	none	_	_	_	_	_	0-1(71)
186-6	TO028	186	186	6	perdo	perdo	_	_	_	_	_	linguistic	_	none	_	_	_	_	_	0-5(71)
186-7	TO028	186	186	7	tre]	tre	_	_	_	_	_	linguistic	_	none	_	_	_	_	_	0-3(71)
186-8	TO028	186	186	8	crediti.	crediti	_	_	_	_	_	linguistic	_	none	Intonation=Falling	_	_	_	_	_
186-9	TO028	186	186	9	sì	sì	_	_	_	_	_	linguistic	_	none	_	_	_	_	_	_
186-10	TO028	186	186	10	quello	quello	_	_	_	_	_	linguistic	_	none	_	_	_	_	_	_
186-11	TO028	186	186	11	sopra	sopra	_	_	_	_	_	linguistic	_	none	_	_	_	_	_	_
186-12	TO028	186	186	12	[è	è	_	_	_	_	_	linguistic	_	none	_	_	_	_	_	0-1(72)
186-13	TO028	186	186	13	da	da	_	_	_	_	_	linguistic	_	none	_	_	_	_	_	0-2(72)
186-14	TO028	186	186	14	sei]	sei	_	_	_	_	_	linguistic	_	none	_	_	_	_	_	0-3(72)
186-15	TO028	186	186	15	e	e	_	_	_	_	_	linguistic	_	none	_	_	_	_	_	_
186-16	TO028	186	186	16	quello	quello	_	_	_	_	_	linguistic	_	none	_	_	_	_	_	_
186-17	TO028	186	186	17	sotto	sotto	_	_	_	_	_	linguistic	_	none	_	_	_	_	_	_
186-18	TO028	186	186	18	è	è	_	_	_	_	_	linguistic	_	none	_	_	_	_	_	_
186-19	TO028	186	186	19	da	da	_	_	_	_	_	linguistic	_	none	_	_	_	_	_	_
186-20	TO028	186	186	20	nove.	nove	_	_	_	_	_	linguistic	_	none	Intonation=Falling	End=531.068	_	_	_	_
187-0	TO026	187	187	0	[e	e	_	_	_	_	_	linguistic	_	none	_	Begin=527.374	_	_	_	0-1(71)
187-1	TO026	187	187	1	questo	questo	_	_	_	_	_	linguistic	_	none	_	_	_	_	_	0-6(71)
187-2	TO026	187	187	2	sarebbe	sarebbe	_	_	_	_	_	linguistic	_	none	_	_	_	_	_	0-7(71)
187-3	TO026	187	187	3	da	da	_	_	_	_	_	linguistic	_	none	_	_	_	_	_	0-2(71)
187-4	TO026	187	187	4	sei]?	sei	_	_	_	_	_	linguistic	_	none	Intonation=Rising	End=528.356	_	_	_	0-3(71)
188-0	TO026	188	188	0	[quello	quello	_	_	_	_	_	linguistic	_	none	_	Begin=529.78	_	_	_	0-6(72)
188-1	TO026	188	188	1	sopra]	sopra	_	_	_	_	_	linguistic	_	none	_	End=530.296	_	_	_	0-5(72)
189-0	TO026	189	189	0	sì	sì	_	_	_	_	_	linguistic	_	none	_	Begin=532.086	_	_	_	_
189-1	TO026	189	189	1	va	va	_	_	_	_	_	linguistic	_	none	_	_	_	_	_	_
189-2	TO026	189	189	2	bene,	bene	_	_	_	_	_	linguistic	_	none	Intonation=WeaklyRising|PauseAfter=Yes	_	_	_	_	_
189-3	TO026	189	189	3	{P}	{P}	_	_	_	_	_	shortpause	_	none	_	_	_	_	_	_
189-4	TO026	189	189	4	sì	sì	_	_	_	_	_	linguistic	_	none	_	_	_	_	_	_
189-5	TO026	189	189	5	sì	sì	_	_	_	_	_	linguistic	_	none	_	_	_	_	_	_
189-6	TO026	189	189	6	sei	sei	_	_	_	_	_	linguistic	_	none	_	_	_	_	_	_
189-7	TO026	189	189	7	[e	e	_	_	_	_	_	linguistic	_	none	_	_	_	_	_	0-1(?)
189-8	TO026	189	189	8	sei]	sei	_	_	_	_	_	linguistic	_	none	PauseAfter=Yes	_	_	_	_	0-3(?)
189-9	TO026	189	189	9	{P}	{P}	_	_	_	_	_	shortpause	_	none	_	_	_	_	_	_
189-10	TO026	189	189	10	sì	sì	_	_	_	_	_	linguistic	_	none	_	_	_	_	_	_
189-11	TO026	189	189	11	sì	sì	_	_	_	_	_	linguistic	_	none	_	End=534.839	_	_	_	_
190-0	TO028	190	190	0	[bon]	bon	_	_	_	_	_	linguistic	_	none	_	Begin=532.751|End=533.081	_	_	_	0-3(73)
191-0	TO028	191	191	0	[okay]	okay	_	_	_	_	_	linguistic	_	none	_	Begin=533.553|End=533.97	_	_	_	0-4(74)
192-0	TO028	192	192	0	allora:	allora	_	_	_	_	_	linguistic	_	none	_	Begin=534.839	5x1	_	_	_
192-1	TO028	192	192	1	io	io	_	_	_	_	_	linguistic	_	none	_	_	_	_	_	_
192-2	TO028	192	192	2	com[pilo]	compilo	_	_	_	_	_	linguistic	_	none	_	End=536.187	_	_	_	3-7(75)
193-0	TO026	193	193	0	[semplifica]	semplifica	_	_	_	_	_	linguistic	_	none	_	Begin=535.879	_	_	_	0-10(75)
193-1	TO026	193	193	1	anche	anche	_	_	_	_	_	linguistic	_	none	_	_	_	_	_	_
193-2	TO026	193	193	2	il	il	_	_	_	_	_	linguistic	_	none	_	_	_	_	_	_
193-3	TO026	193	193	3	(coso)	coso	_	_	_	_	_	linguistic	_	none	_	_	_	_	0-4(0)	_
193-4	TO026	193	193	4	[ma::	ma	_	_	_	_	_	linguistic	_	none	_	_	1x2	_	_	0-2(76)
193-5	TO026	193	193	5	mi	mi	_	_	_	_	_	linguistic	_	none	_	_	_	_	_	0-2(76)
193-6	TO026	193	193	6	pa]re	pare	_	_	_	_	_	linguistic	_	none	_	_	_	_	_	0-2(76)
193-7	TO026	193	193	7	che	che	_	_	_	_	_	linguistic	_	none	_	_	_	_	_	_
193-8	TO026	193	193	8	ci	ci	_	_	_	_	_	linguistic	_	none	_	_	_	_	_	_
193-9	TO026	193	193	9	sia	sia	_	_	_	_	_	linguistic	_	none	_	_	_	_	_	_
193-10	TO026	193	193	10	una	una	_	_	_	_	_	linguistic	_	none	_	_	_	_	_	_
193-11	TO026	193	193	11	certa	certa	_	_	_	_	_	linguistic	_	none	_	_	_	_	_	_
193-12	TO026	193	193	12	[coerenza]	coerenza	_	_	_	_	_	linguistic	_	none	_	_	_	_	_	0-8(77)
193-13	TO026	193	193	13	no?	no	_	_	_	_	_	linguistic	_	none	Intonation=Rising	End=539.548	_	_	_	_
194-0	TO028	194	194	0	[perfetto],	perfetto	_	_	_	_	_	linguistic	_	none	Intonation=WeaklyRising	Begin=536.799|End=537.423	_	_	_	0-8(76)
195-0	TO028	195	195	0	[sì	sì	_	_	_	_	_	linguistic	_	none	_	Begin=538.535	_	_	_	0-2(77)
195-1	TO028	195	195	1	sì	sì	_	_	_	_	_	linguistic	_	none	_	_	_	_	_	0-2(77)
195-2	TO028	195	195	2	sì]	sì	_	_	_	_	_	linguistic	_	none	_	End=539.176	_	_	_	0-2(77)
196-0	TO028	196	196	0	e::h	eh	_	_	_	_	_	linguistic	_	none	_	Begin=540.221	0x2	_	_	_
196-1	TO028	196	196	1	bon	bon	_	_	_	_	_	linguistic	_	none	PauseAfter=Yes	_	_	_	_	_
196-2	TO028	196	196	2	{P}	{P}	_	_	_	_	_	shortpause	_	none	_	_	_	_	_	_
196-3	TO028	196	196	3	così	così	_	_	_	_	_	linguistic	_	none	_	_	_	_	_	_
196-4	TO028	196	196	4	il	il	_	_	_	_	_	linguistic	_	none	_	_	_	_	_	_
196-5	TO028	196	196	5	learn	learn	_	_	_	_	_	linguistic	_	none	_	_	_	_	_	_
196-6	TO028	196	196	6	agreement	agreement	_	_	_	_	_	linguistic	_	none	_	_	_	_	_	_
196-7	TO028	196	196	7	il	il	_	_	_	_	_	linguistic	_	none	_	_	_	_	_	_
196-8	TO028	196	196	8	quindici	quindici	_	_	_	_	_	linguistic	_	none	_	_	_	_	_	_
196-9	TO028	196	196	9	mi	mi	_	_	_	_	_	linguistic	_	none	_	_	_	_	_	_
196-10	TO028	196	196	10	apre::	apre	_	_	_	_	_	linguistic	_	none	_	_	3x2	_	_	_
196-11	TO028	196	196	11	l'	l'	_	_	_	_	_	linguistic	_	none	SpaceAfter=No	_	_	_	_	_
196-12	TO028	196	196	12	iscrizione	iscrizione	_	_	_	_	_	linguistic	_	none	_	_	_	_	_	_
196-13	TO028	196	196	13	alla	alla	_	_	_	_	_	linguistic	_	none	_	_	_	_	_	_
196-14	TO028	196	196	14	nuova	nuova	_	_	_	_	_	linguistic	_	none	_	_	_	_	_	_
196-15	TO028	196	196	15	università	università	_	_	_	_	_	linguistic	_	none	_	_	_	_	_	_
196-16	TO028	196	196	16	e::h	eh	_	_	_	_	_	linguistic	_	none	_	_	0x2	_	_	_
196-17	TO028	196	196	17	[me]tto	metto	_	_	_	_	_	linguistic	_	none	_	_	_	_	_	0-2(78)
196-18	TO028	196	196	18	questo.	questo	_	_	_	_	_	linguistic	_	none	Intonation=Falling	_	_	_	_	_
196-19	TO028	196	196	19	se	se	_	_	_	_	_	linguistic	_	none	_	_	_	_	_	_
196-20	TO028	196	196	20	lei	lei	_	_	_	_	_	linguistic	_	none	_	_	_	_	_	_
196-21	TO028	196	196	21	lo	lo	_	_	_	_	_	linguistic	_	none	_	_	_	_	_	_
196-22	TO028	196	196	22	approva	approva	_	_	_	_	_	linguistic	_	none	_	_	_	_	_	_
196-23	TO028	196	196	23	così::	così	_	_	_	_	_	linguistic	_	none	_	End=548.936	3x2	_	_	_
197-0	TO026	197	197	0	[okay]	okay	_	_	_	_	_	linguistic	_	none	_	Begin=546.422|End=546.828	_	_	_	0-4(78)
198-0	TO026	198	198	0	sì	sì	_	_	_	_	_	linguistic	_	none	PauseAfter=Yes	Begin=548.945	_	_	_	_
198-1	TO026	198	198	1	{P}	{P}	_	_	_	_	_	shortpause	_	none	_	_	_	_	_	_
198-2	TO026	198	198	2	mi	mi	_	_	_	_	_	linguistic	_	none	_	_	_	_	_	_
198-3	TO026	198	198	3	deve	deve	_	_	_	_	_	linguistic	_	none	_	_	_	_	_	_
198-4	TO026	198	198	4	comunque	comunque	_	_	_	_	_	linguistic	_	none	_	_	_	_	_	_
198-5	TO026	198	198	5	mandare	mandare	_	_	_	_	_	linguistic	_	none	_	_	_	_	_	_
198-6	TO026	198	198	6	poi	poi	_	_	_	_	_	linguistic	_	none	_	_	_	_	_	_
198-7	TO026	198	198	7	via	via	_	_	_	_	_	linguistic	_	none	_	_	_	_	_	_
198-8	TO026	198	198	8	mail	mail	_	_	_	_	_	linguistic	_	none	_	_	_	_	_	_
198-9	TO026	198	198	9	il	il	_	_	_	_	_	linguistic	_	none	_	_	_	_	_	_
198-10	TO026	198	198	10	learning	learning	_	_	_	_	_	linguistic	_	none	_	_	_	_	_	_
198-11	TO026	198	198	11	agreement	agreement	_	_	_	_	_	linguistic	_	none	_	_	_	_	_	_
198-12	TO026	198	198	12	[ma	ma	_	_	_	_	_	linguistic	_	none	_	_	_	_	_	0-2(80)
198-13	TO026	198	198	13	io]	io	_	_	_	_	_	linguistic	_	none	_	_	_	_	_	0-2(80)
198-14	TO026	198	198	14	glielo	glielo	_	_	_	_	_	linguistic	_	none	_	_	_	_	_	_
198-15	TO026	198	198	15	glielo	glielo	_	_	_	_	_	linguistic	_	none	_	_	_	_	_	_
198-16	TO026	198	198	16	firmo	firmo	_	_	_	_	_	linguistic	_	none	_	_	_	_	_	_
198-17	TO026	198	198	17	e	e	_	_	_	_	_	linguistic	_	none	_	_	_	_	_	_
198-18	TO026	198	198	18	rimando::	rimando	_	_	_	_	_	linguistic	_	none	_	_	6x2	_	_	_
198-19	TO026	198	198	19	via	via	_	_	_	_	_	linguistic	_	none	_	_	_	_	_	_
198-20	TO026	198	198	20	mail	mail	_	_	_	_	_	linguistic	_	none	_	_	_	_	_	_
198-21	TO026	198	198	21	[non	non	_	_	_	_	_	linguistic	_	none	_	_	_	_	_	0-3(79)
198-22	TO026	198	198	22	deve	deve	_	_	_	_	_	linguistic	_	none	_	_	_	_	_	0-4(79)
198-23	TO026	198	198	23	più]	più	_	_	_	_	_	linguistic	_	none	_	End=555.499	_	_	_	0-3(79)
199-0	TO028	199	199	0	[sì	sì	_	_	_	_	_	linguistic	_	none	_	Begin=552.214	_	_	_	0-2(80)
199-1	TO028	199	199	1	sì	sì	_	_	_	_	_	linguistic	_	none	_	_	_	_	_	0-2(80)
199-2	TO028	199	199	2	sì]	sì	_	_	_	_	_	linguistic	_	none	_	End=552.778	_	_	_	0-2(80)
200-0	TO028	200	200	0	[ma	ma	_	_	_	_	_	linguistic	_	none	_	Begin=554.79	_	_	_	0-2(79)
200-1	TO028	200	200	1	tanto	tanto	_	_	_	_	_	linguistic	_	none	_	_	_	_	_	0-5(79)
200-2	TO028	200	200	2	non	non	_	_	_	_	_	linguistic	_	none	_	_	_	_	_	0-3(79)
200-3	TO028	200	200	3	ha	ha	_	_	_	_	_	linguistic	_	none	_	_	_	_	_	0-2(79)
200-4	TO028	200	200	4	ancora]	ancora	_	_	_	_	_	linguistic	_	none	_	_	_	_	_	0-6(79)
200-5	TO028	200	200	5	aperto	aperto	_	_	_	_	_	linguistic	_	none	_	End=556.016	_	_	_	_
201-0	TO026	201	201	0	ah	ah	_	_	_	_	_	linguistic	_	none	_	Begin=556.733	_	_	_	_
201-1	TO026	201	201	1	no	no	_	_	_	_	_	linguistic	_	none	_	_	_	_	_	_
201-2	TO026	201	201	2	no	no	_	_	_	_	_	linguistic	_	none	_	_	_	_	_	_
201-3	TO026	201	201	3	ma	ma	_	_	_	_	_	linguistic	_	none	_	_	_	_	_	_
201-4	TO026	201	201	4	quando	quando	_	_	_	_	_	linguistic	_	none	_	_	_	_	_	_
201-5	TO026	201	201	5	poi:::	poi	_	_	_	_	_	linguistic	_	none	_	End=558.056	2x3	_	_	_
202-0	TO028	202	202	0	okay	okay	_	_	_	_	_	linguistic	_	none	_	Begin=558.48|End=558.816	_	_	_	_
203-0	TO026	203	203	0	sarà	sarà	_	_	_	_	_	linguistic	_	none	_	Begin=558.816	_	_	_	_
203-1	TO026	203	203	1	aperto:	aperto	_	_	_	_	_	linguistic	_	none	_	_	5x1	_	_	_
203-2	TO026	203	203	2	sì	sì	_	_	_	_	_	linguistic	_	none	_	_	_	_	_	_
203-3	TO026	203	203	3	sì	sì	_	_	_	_	_	linguistic	_	none	_	End=559.847	_	_	_	_
204-0	TO028	204	204	0	e:::hm::	ehm	_	_	_	_	_	linguistic	_	none	_	Begin=560.51|End=562.219	0x3,2x2	_	_	_
205-0	TO028	205	205	0	un'	un'	_	_	_	_	_	linguistic	_	none	SpaceAfter=No	Begin=562.891	_	_	_	_
205-1	TO028	205	205	1	ultima	ultima	_	_	_	_	_	linguistic	_	none	_	_	_	_	_	_
205-2	TO028	205	205	2	domanda	domanda	_	_	_	_	_	linguistic	_	none	_	_	_	_	_	_
205-3	TO028	205	205	3	è	è	_	_	_	_	_	linguistic	_	none	_	_	_	_	_	_
205-4	TO028	205	205	4	ci	ci	_	_	_	_	_	linguistic	_	none	_	_	_	_	_	_
205-5	TO028	205	205	5	sono	sono	_	_	_	_	_	linguistic	_	none	_	_	_	_	_	_
205-6	TO028	205	205	6	dei	dei	_	_	_	_	_	linguistic	_	none	_	_	_	_	_	_
205-7	TO028	205	205	7	corsi	corsi	_	_	_	_	_	linguistic	_	none	_	_	_	_	_	_
205-8	TO028	205	205	8	di	di	_	_	_	_	_	linguistic	_	none	_	_	_	_	_	_
205-9	TO028	205	205	9	lingua	lingua	_	_	_	_	_	linguistic	_	none	_	_	_	_	_	_
205-10	TO028	205	205	10	qua?	qua	_	_	_	_	_	linguistic	_	none	Intonation=Rising	End=565.405	_	_	_	_
206-0	TO028	206	206	0	in	in	_	_	_	_	_	linguistic	_	none	_	Begin=567.25	_	_	_	_
206-1	TO028	206	206	1	preparazione	preparazione	_	_	_	_	_	linguistic	_	none	_	_	_	_	_	_
206-2	TO028	206	206	2	a	a	_	_	_	_	_	linguistic	_	none	_	End=568.535	_	_	_	_
207-0	TO026	207	207	0	ah	ah	_	_	_	_	_	linguistic	_	none	_	Begin=569.281	_	_	_	_
207-1	TO026	207	207	1	no.	no	_	_	_	_	_	linguistic	_	none	Intonation=Falling	End=569.797	_	_	_	_
208-0	TO028	208	208	0	okay	okay	_	_	_	_	_	linguistic	_	none	_	Begin=570.158|End=570.517	_	_	_	_
209-0	TO026	209	209	0	no	no	_	_	_	_	_	linguistic	_	none	_	Begin=570.671|End=571.031	_	_	_	_
210-0	TO028	210	210	0	ci	ci	_	_	_	_	_	linguistic	_	none	_	Begin=571.51	_	_	_	_
210-1	TO028	210	210	1	sono	sono	_	_	_	_	_	linguistic	_	none	_	_	_	_	_	_
210-2	TO028	210	210	2	solo	solo	_	_	_	_	_	linguistic	_	none	_	_	_	_	_	_
210-3	TO028	210	210	3	là	là	_	_	_	_	_	linguistic	_	none	_	End=572.27	_	_	_	_
211-0	TO026	211	211	0	e	e	_	_	_	_	_	linguistic	_	none	_	Begin=572.452	_	_	_	_
211-1	TO026	211	211	1	ci	ci	_	_	_	_	_	linguistic	_	none	_	_	_	_	_	_
211-2	TO026	211	211	2	sono	sono	_	_	_	_	_	linguistic	_	none	_	_	_	_	_	_
211-3	TO026	211	211	3	là	là	_	_	_	_	_	linguistic	_	none	PauseAfter=Yes	_	_	_	_	_
211-4	TO026	211	211	4	{P}	{P}	_	_	_	_	_	shortpause	_	none	_	_	_	_	_	_
211-5	TO026	211	211	5	sì.	sì	_	_	_	_	_	linguistic	_	none	Intonation=Falling	End=573.435	_	_	_	_
212-0	TO028	212	212	0	perché	perché	_	_	_	_	_	linguistic	_	none	_	Begin=574.548	_	_	_	_
212-1	TO028	212	212	1	la	la	_	_	_	_	_	linguistic	_	none	_	_	_	_	_	_
212-2	TO028	212	212	2	mia	mia	_	_	_	_	_	linguistic	_	none	_	_	_	_	_	_
212-3	TO028	212	212	3	università	università	_	_	_	_	_	linguistic	_	none	_	_	_	_	_	_
212-4	TO028	212	212	4	dice	dice	_	_	_	_	_	linguistic	_	none	_	_	_	_	_	_
212-5	TO028	212	212	5	che	che	_	_	_	_	_	linguistic	_	none	_	End=576.092	_	_	_	_
213-0	TO028	213	213	0	l'	l'	_	_	_	_	_	linguistic	_	none	SpaceAfter=No	Begin=576.568	_	_	_	_
213-1	TO028	213	213	1	unito,	unito	_	_	_	_	_	linguistic	_	none	Intonation=WeaklyRising	_	_	_	_	_
213-2	TO028	213	213	2	dovrebbe	dovrebbe	_	_	_	_	_	linguistic	_	none	_	_	_	_	_	_
213-3	TO028	213	213	3	cioè	cioè	_	_	_	_	_	linguistic	_	none	_	_	_	_	_	_
213-4	TO028	213	213	4	loro	loro	_	_	_	_	_	linguistic	_	none	_	_	_	_	_	_
213-5	TO028	213	213	5	non	non	_	_	_	_	_	linguistic	_	none	_	_	_	_	_	_
213-6	TO028	213	213	6	richiedono	richiedono	_	_	_	_	_	linguistic	_	none	_	_	_	_	_	_
213-7	TO028	213	213	7	una	una	_	_	_	_	_	linguistic	_	none	_	_	_	_	_	_
213-8	TO028	213	213	8	certificazione	certificazione	_	_	_	_	_	linguistic	_	none	_	_	_	_	_	_
213-9	TO028	213	213	9	bi	bi	_	_	_	_	_	linguistic	_	none	_	_	_	_	_	_
213-10	TO028	213	213	10	uno	uno	_	_	_	_	_	linguistic	_	none	_	_	_	_	_	_
213-11	TO028	213	213	11	dello	dello	_	_	_	_	_	linguistic	_	none	_	_	_	_	_	_
213-12	TO028	213	213	12	spagnolo	spagnolo	_	_	_	_	_	linguistic	_	none	_	_	_	_	_	_
213-13	TO028	213	213	13	però	però	_	_	_	_	_	linguistic	_	none	_	_	_	_	_	_
213-14	TO028	213	213	14	l'	l'	_	_	_	_	_	linguistic	_	none	SpaceAfter=No	_	_	_	_	_
213-15	TO028	213	213	15	unito	unito	_	_	_	_	_	linguistic	_	none	_	_	_	_	_	_
213-16	TO028	213	213	16	dovrebbe	dovrebbe	_	_	_	_	_	linguistic	_	none	_	_	_	_	_	_
213-17	TO028	213	213	17	certificare	certificare	_	_	_	_	_	linguistic	_	none	_	_	_	_	_	_
213-18	TO028	213	213	18	che	che	_	_	_	_	_	linguistic	_	none	_	_	_	_	_	_
213-19	TO028	213	213	19	io::	io	_	_	_	_	_	linguistic	_	none	_	_	1x2	_	_	_
213-20	TO028	213	213	20	ho	ho	_	_	_	_	_	linguistic	_	none	_	_	_	_	_	_
213-21	TO028	213	213	21	il	il	_	_	_	_	_	linguistic	_	none	_	_	_	_	_	_
213-22	TO028	213	213	22	livello.	livello	_	_	_	_	_	linguistic	_	none	Intonation=Falling	End=584.932	_	_	_	_
214-0	TO028	214	214	0	nessuno	nessuno	_	_	_	_	_	linguistic	_	none	_	Begin=585.618	_	_	_	_
214-1	TO028	214	214	1	lo	lo	_	_	_	_	_	linguistic	_	none	_	_	_	_	_	_
214-2	TO028	214	214	2	fa.	fa	_	_	_	_	_	linguistic	_	none	Intonation=Falling|PauseAfter=Yes	_	_	_	_	_
214-3	TO028	214	214	3	{P}	{P}	_	_	_	_	_	shortpause	_	none	_	_	_	_	_	_
214-4	TO028	214	214	4	io	io	_	_	_	_	_	linguistic	_	none	_	_	_	_	_	_
214-5	TO028	214	214	5	vado	vado	_	_	_	_	_	linguistic	_	none	_	_	_	_	_	_
214-6	TO028	214	214	6	e	e	_	_	_	_	_	linguistic	_	none	_	_	_	_	_	_
214-7	TO028	214	214	7	lo	lo	_	_	_	_	_	linguistic	_	none	_	_	_	_	_	_
214-8	TO028	214	214	8	imparo	imparo	_	_	_	_	_	linguistic	_	none	_	_	_	_	_	_
214-9	TO028	214	214	9	là	là	_	_	_	_	_	linguistic	_	none	_	_	_	_	_	_
214-10	TO028	214	214	10	no	no	_	_	_	_	_	linguistic	_	none	_	_	_	_	_	_
214-11	TO028	214	214	11	no	no	_	_	_	_	_	linguistic	_	none	_	_	_	_	_	_
214-12	TO028	214	214	12	va	va	_	_	_	_	_	linguistic	_	none	_	_	_	_	_	_
214-13	TO028	214	214	13	[benissimo],	benissimo	_	_	_	_	_	linguistic	_	none	Intonation=WeaklyRising	End=588.669	_	_	_	0-9(81)
215-0	TO026	215	215	0	[e::h]	eh	_	_	_	_	_	linguistic	_	none	_	Begin=588.07	0x2	_	_	0-2(81)
215-1	TO026	215	215	1	s::~	s~	_	_	_	_	_	linguistic	_	none	Interrupted=Yes	_	0x2	_	_	_
215-2	TO026	215	215	2	mah	mah	_	_	_	_	_	linguistic	_	none	_	End=589.615	_	_	_	_
216-0	TO028	216	216	0	cioè	cioè	_	_	_	_	_	linguistic	_	none	_	Begin=590.185	_	_	_	_
216-1	TO028	216	216	1	l'	l'	_	_	_	_	_	linguistic	_	none	SpaceAfter=No	_	_	_	_	_
216-2	TO028	216	216	2	idea	idea	_	_	_	_	_	linguistic	_	none	_	_	_	_	_	_
216-3	TO028	216	216	3	è	è	_	_	_	_	_	linguistic	_	none	_	_	_	_	_	_
216-4	TO028	216	216	4	quella,	quella	_	_	_	_	_	linguistic	_	none	Intonation=WeaklyRising	End=591.101	_	_	_	_
217-0	TO026	217	217	0	cioè	cioè	_	_	_	_	_	linguistic	_	none	PauseAfter=Yes	Begin=592.673	_	_	_	_
217-1	TO026	217	217	1	{P}	{P}	_	_	_	_	_	shortpause	_	none	_	_	_	_	_	_
217-2	TO026	217	217	2	diciamo	diciamo	_	_	_	_	_	linguistic	_	none	_	_	_	_	_	_
217-3	TO026	217	217	3	nell'	nell'	_	_	_	_	_	linguistic	_	none	SpaceAfter=No	_	_	_	_	_
217-4	TO026	217	217	4	<accordo>	accordo	_	_	_	_	_	linguistic	_	none	_	_	_	Slow=0-7(0)	_	_
217-5	TO026	217	217	5	bilaterale,	bilaterale	_	_	_	_	_	linguistic	_	none	Intonation=WeaklyRising	End=595.334	_	_	_	_
218-0	TO026	218	218	0	e:::h	eh	_	_	_	_	_	linguistic	_	none	_	Begin=596.164	0x3	_	_	_
218-1	TO026	218	218	1	sia	sia	_	_	_	_	_	linguistic	_	none	_	_	_	_	_	_
218-2	TO026	218	218	2	l'	l'	_	_	_	_	_	linguistic	_	none	SpaceAfter=No	_	_	_	_	_
218-3	TO026	218	218	3	università	università	_	_	_	_	_	linguistic	_	none	_	_	_	_	_	_
218-4	TO026	218	218	4	di	di	_	_	_	_	_	linguistic	_	none	_	_	_	_	_	_
218-5	TO026	218	218	5	partenza	partenza	_	_	_	_	_	linguistic	_	none	_	_	_	_	_	_
218-6	TO026	218	218	6	che	che	_	_	_	_	_	linguistic	_	none	_	_	_	_	_	_
218-7	TO026	218	218	7	o	o	_	_	_	_	_	linguistic	_	none	_	_	_	_	_	_
218-8	TO026	218	218	8	comunque	comunque	_	_	_	_	_	linguistic	_	none	_	_	_	_	_	_
218-9	TO026	218	218	9	diciamo	diciamo	_	_	_	_	_	linguistic	_	none	_	_	_	_	_	_
218-10	TO026	218	218	10	le	le	_	_	_	_	_	linguistic	_	none	_	_	_	_	_	_
218-11	TO026	218	218	11	due	due	_	_	_	_	_	linguistic	_	none	_	_	_	_	_	_
218-12	TO026	218	218	12	università,	università	_	_	_	_	_	linguistic	_	none	Intonation=WeaklyRising	End=599.929	_	_	_	_
219-0	TO028	219	219	0	mh	mh	_	_	_	_	_	linguistic	_	none	_	Begin=599.929|End=600.308	_	_	_	_
220-0	TO026	220	220	0	in	in	_	_	_	_	_	linguistic	_	none	_	Begin=600.308	_	_	_	_
220-1	TO026	220	220	1	gio::co,	gioco	_	_	_	_	_	linguistic	_	none	Intonation=WeaklyRising|PauseAfter=Yes	_	2x2	_	_	_
220-2	TO026	220	220	2	{P}	{P}	_	_	_	_	_	shortpause	_	none	_	_	_	_	_	_
220-3	TO026	220	220	3	e::h	eh	_	_	_	_	_	linguistic	_	none	_	_	0x2	_	_	_
220-4	TO026	220	220	4	devono	devono	_	_	_	_	_	linguistic	_	none	_	_	_	_	_	_
220-5	TO026	220	220	5	esplicitare	esplicitare	_	_	_	_	_	linguistic	_	none	PauseAfter=Yes	_	_	_	_	_
220-6	TO026	220	220	6	{P}	{P}	_	_	_	_	_	shortpause	_	none	_	_	_	_	_	_
220-7	TO026	220	220	7	quali	quali	_	_	_	_	_	linguistic	_	none	_	_	_	_	_	_
220-8	TO026	220	220	8	competenze	competenze	_	_	_	_	_	linguistic	_	none	_	_	_	_	_	_
220-9	TO026	220	220	9	di	di	_	_	_	_	_	linguistic	_	none	_	_	_	_	_	_
220-10	TO026	220	220	10	quali	quali	_	_	_	_	_	linguistic	_	none	_	_	_	_	_	_
220-11	TO026	220	220	11	lingue	lingue	_	_	_	_	_	linguistic	_	none	_	_	_	_	_	_
220-12	TO026	220	220	12	sono	sono	_	_	_	_	_	linguistic	_	none	_	_	_	_	_	_
220-13	TO026	220	220	13	richieste	richieste	_	_	_	_	_	linguistic	_	none	_	End=606.532	_	_	_	_
221-0	TO028	221	221	0	okay	okay	_	_	_	_	_	linguistic	_	none	_	Begin=606.653|End=607.1	_	_	_	_
222-0	TO026	222	222	0	però	però	_	_	_	_	_	linguistic	_	none	_	Begin=607.428	_	_	_	_
222-1	TO026	222	222	1	non	non	_	_	_	_	_	linguistic	_	none	_	_	_	_	_	_
222-2	TO026	222	222	2	mi	mi	_	_	_	_	_	linguistic	_	none	_	_	_	_	_	_
222-3	TO026	222	222	3	pare	pare	_	_	_	_	_	linguistic	_	none	_	_	_	_	_	_
222-4	TO026	222	222	4	sia	sia	_	_	_	_	_	linguistic	_	none	_	_	_	_	_	_
222-5	TO026	222	222	5	scritto	scritto	_	_	_	_	_	linguistic	_	none	_	_	_	_	_	_
222-6	TO026	222	222	6	da	da	_	_	_	_	_	linguistic	_	none	_	_	_	_	_	_
222-7	TO026	222	222	7	nessuna	nessuna	_	_	_	_	_	linguistic	_	none	_	_	_	_	_	_
222-8	TO026	222	222	8	parte	parte	_	_	_	_	_	linguistic	_	none	_	_	_	_	_	_
222-9	TO026	222	222	9	che	che	_	_	_	_	_	linguistic	_	none	_	_	_	_	_	_
222-10	TO026	222	222	10	l'	l'	_	_	_	_	_	linguistic	_	none	SpaceAfter=No	_	_	_	_	_
222-11	TO026	222	222	11	altra	altra	_	_	_	_	_	linguistic	_	none	_	_	_	_	_	_
222-12	TO026	222	222	12	università	università	_	_	_	_	_	linguistic	_	none	_	_	_	_	_	_
222-13	TO026	222	222	13	deve	deve	_	_	_	_	_	linguistic	_	none	_	_	_	_	_	_
222-14	TO026	222	222	14	fornire	fornire	_	_	_	_	_	linguistic	_	none	_	_	_	_	_	_
222-15	TO026	222	222	15	delle	delle	_	_	_	_	_	linguistic	_	none	_	_	_	_	_	_
222-16	TO026	222	222	16	competenze	competenze	_	_	_	_	_	linguistic	_	none	PauseAfter=Yes	_	_	_	_	_
222-17	TO026	222	222	17	{P}	{P}	_	_	_	_	_	shortpause	_	none	_	_	_	_	_	_
222-18	TO026	222	222	18	per	per	_	_	_	_	_	linguistic	_	none	_	_	_	_	_	_
222-19	TO026	222	222	19	cui	cui	_	_	_	_	_	linguistic	_	none	_	_	_	_	_	_
222-20	TO026	222	222	20	lo	lo	_	_	_	_	_	linguistic	_	none	_	_	_	_	_	_
222-21	TO026	222	222	21	studente	studente	_	_	_	_	_	linguistic	_	none	_	_	_	_	_	_
222-22	TO026	222	222	22	<possa>	possa	_	_	_	_	_	linguistic	_	none	_	_	_	Slow=0-5(0)	_	_
222-23	TO026	222	222	23	fare	fare	_	_	_	_	_	linguistic	_	none	_	_	_	_	_	_
222-24	TO026	222	222	24	l'	l'	_	_	_	_	_	linguistic	_	none	SpaceAfter=No	_	_	_	_	_
222-25	TO026	222	222	25	erasmus	erasmus	_	_	_	_	_	linguistic	_	none	_	_	_	_	_	_
222-26	TO026	222	222	26	no:	no	_	_	_	_	_	linguistic	_	none	_	_	1x1	_	_	_
222-27	TO026	222	222	27	direi	direi	_	_	_	_	_	linguistic	_	none	_	_	_	_	_	_
222-28	TO026	222	222	28	di	di	_	_	_	_	_	linguistic	_	none	_	_	_	_	_	_
222-29	TO026	222	222	29	no.	no	_	_	_	_	_	linguistic	_	none	Intonation=Falling	_	_	_	_	_
222-30	TO026	222	222	30	non	non	_	_	_	_	_	linguistic	_	none	_	_	_	_	_	_
222-31	TO026	222	222	31	possono	possono	_	_	_	_	_	linguistic	_	none	_	_	_	_	_	_
222-32	TO026	222	222	32	chiederlo	chiederlo	_	_	_	_	_	linguistic	_	none	_	_	_	_	_	_
222-33	TO026	222	222	33	no	no	_	_	_	_	_	linguistic	_	none	_	_	_	_	_	1-2(82)
222-34	TO026	222	222	34	[(diciamo	diciamo	_	_	_	_	_	linguistic	_	none	_	_	_	_	0-7(0)	0-7(82)
222-35	TO026	222	222	35	né	né	_	_	_	_	_	linguistic	_	none	_	_	_	_	0-2(0)	0-2(82)
222-36	TO026	222	222	36	da	da	_	_	_	_	_	linguistic	_	none	_	_	_	_	0-2(0)	0-2(82)
222-37	TO026	222	222	37	madrid	madrid	_	_	_	_	_	linguistic	_	none	_	_	_	_	0-6(0)	0-6(82)
222-38	TO026	222	222	38	né)	né	_	_	_	_	_	linguistic	_	none	_	_	_	_	0-1(0)	0-2(82)
222-39	TO026	222	222	39	xx]	xx	_	_	_	_	_	unknown	_	none	Syllables=2	End=619.977	_	_	_	0-1(82)
223-0	TO028	223	223	0	[no:	no	_	_	_	_	_	linguistic	_	none	_	Begin=619.179	1x1	_	_	0-2(82)
223-1	TO028	223	223	1	c'	c'	_	_	_	_	_	linguistic	_	none	SpaceAfter=No	_	_	_	_	0-2(82)
223-2	TO028	223	223	2	è	è	_	_	_	_	_	linguistic	_	none	_	_	_	_	_	0-1(82)
223-3	TO028	223	223	3	SCRITTO]	scritto	_	_	_	_	_	linguistic	_	none	Volume=high	_	_	_	_	0-7(82)
223-4	TO028	223	223	4	sarà	sarà	_	_	_	_	_	linguistic	_	none	_	_	_	_	_	_
223-5	TO028	223	223	5	e:hm	ehm	_	_	_	_	_	linguistic	_	none	_	_	0x1	_	_	_
223-6	TO028	223	223	6	onere	onere	_	_	_	_	_	linguistic	_	none	_	_	_	_	_	_
223-7	TO028	223	223	7	non	non	_	_	_	_	_	linguistic	_	none	_	_	_	_	_	_
223-8	TO028	223	223	8	è	è	_	_	_	_	_	linguistic	_	none	_	_	_	_	_	_
223-9	TO028	223	223	9	onere	onere	_	_	_	_	_	linguistic	_	none	_	_	_	_	_	_
223-10	TO028	223	223	10	sarà::	sarà	_	_	_	_	_	linguistic	_	none	_	_	3x2	_	_	_
223-11	TO028	223	223	11	a	a	_	_	_	_	_	linguistic	_	none	_	_	_	_	_	_
223-12	TO028	223	223	12	responsabilità:	responsabilità	_	_	_	_	_	linguistic	_	none	_	_	13x1	_	_	_
223-13	TO028	223	223	13	del	del	_	_	_	_	_	linguistic	_	none	PauseAfter=Yes	_	_	_	_	_
223-14	TO028	223	223	14	{P}	{P}	_	_	_	_	_	shortpause	_	none	_	_	_	_	_	_
223-15	TO028	223	223	15	dell'	dell'	_	_	_	_	_	linguistic	_	none	SpaceAfter=No	_	_	_	_	_
223-16	TO028	223	223	16	università	università	_	_	_	_	_	linguistic	_	none	_	_	_	_	_	_
223-17	TO028	223	223	17	di	di	_	_	_	_	_	linguistic	_	none	_	_	_	_	_	_
223-18	TO028	223	223	18	partenza,	partenza	_	_	_	_	_	linguistic	_	none	Intonation=WeaklyRising	End=628.398	_	_	_	_
224-0	TO028	224	224	0	verificare	verificare	_	_	_	_	_	linguistic	_	none	_	Begin=628.968	_	_	_	_
224-1	TO028	224	224	1	che	che	_	_	_	_	_	linguistic	_	none	_	_	_	_	_	_
224-2	TO028	224	224	2	abbiate	abbiate	_	_	_	_	_	linguistic	_	none	_	_	_	_	_	_
224-3	TO028	224	224	3	il	il	_	_	_	_	_	linguistic	_	none	_	_	_	_	_	_
224-4	TO028	224	224	4	livello	livello	_	_	_	_	_	linguistic	_	none	_	_	_	_	_	_
224-5	TO028	224	224	5	di	di	_	_	_	_	_	linguistic	_	none	_	_	_	_	_	_
224-6	TO028	224	224	6	[competenza	competenza	_	_	_	_	_	linguistic	_	none	_	_	_	_	_	0-10(83)
224-7	TO028	224	224	7	richiesto]	richiesto	_	_	_	_	_	linguistic	_	none	_	End=632.53	_	_	_	0-9(83)
225-0	TO026	225	225	0	[ah	ah	_	_	_	_	_	linguistic	_	none	_	Begin=631.443	_	_	_	_
225-1	TO026	225	225	1	verificare	verificare	_	_	_	_	_	linguistic	_	none	_	_	_	_	_	_
225-2	TO026	225	225	2	a:h	ah	_	_	_	_	_	linguistic	_	none	_	_	0x1	_	_	_
225-3	TO026	225	225	3	sì	sì	_	_	_	_	_	linguistic	_	none	_	_	_	_	_	_
225-4	TO026	225	225	4	però	però	_	_	_	_	_	linguistic	_	none	_	_	_	_	_	_
225-5	TO026	225	225	5	dice	dice	_	_	_	_	_	linguistic	_	none	_	_	_	_	_	_
225-6	TO026	225	225	6	che	che	_	_	_	_	_	linguistic	_	none	_	_	_	_	_	_
225-7	TO026	225	225	7	non	non	_	_	_	_	_	linguistic	_	none	_	_	_	_	_	_
225-8	TO026	225	225	8	vi	vi	_	_	_	_	_	linguistic	_	none	_	_	_	_	_	_
225-9	TO026	225	225	9	chiede	chiede	_	_	_	_	_	linguistic	_	none	_	_	_	_	_	_
225-10	TO026	225	225	10	nessun	nessun	_	_	_	_	_	linguistic	_	none	_	_	_	_	_	_
225-11	TO026	225	225	11	livello	livello	_	_	_	_	_	linguistic	_	none	_	_	_	_	_	_
225-12	TO026	225	225	12	di	di	_	_	_	_	_	linguistic	_	none	_	_	_	_	_	_
225-13	TO026	225	225	13	competenza	competenza	_	_	_	_	_	linguistic	_	none	_	_	_	_	_	_
225-14	TO026	225	225	14	voglio	voglio	_	_	_	_	_	linguistic	_	none	_	_	_	_	_	_
225-15	TO026	225	225	15	dire	dire	_	_	_	_	_	linguistic	_	none	PauseAfter=Yes	_	_	_	_	_
225-16	TO026	225	225	16	{P}	{P}	_	_	_	_	_	shortpause	_	none	_	_	_	_	_	_
225-17	TO026	225	225	17	e	e	_	_	_	_	_	linguistic	_	none	_	_	_	_	_	_
225-18	TO026	225	225	18	[quindi]	quindi	_	_	_	_	_	linguistic	_	none	_	End=636.139	_	_	_	_
226-0	TO028	226	226	0	[no]	no	_	_	_	_	_	linguistic	_	none	_	Begin=635.104|End=635.461	_	_	_	0-2(84)
227-0	TO028	227	227	0	[no	no	_	_	_	_	_	linguistic	_	none	_	Begin=635.691	_	_	_	0-2(85)
227-1	TO028	227	227	1	richi]ede	richiede	_	_	_	_	_	linguistic	_	none	_	_	_	_	_	0-5(85)
227-2	TO028	227	227	2	il	il	_	_	_	_	_	linguistic	_	none	_	_	_	_	_	_
227-3	TO028	227	227	3	bi	bi	_	_	_	_	_	linguistic	_	none	_	_	_	_	_	_
227-4	TO028	227	227	4	uno	uno	_	_	_	_	_	linguistic	_	none	_	_	_	_	_	_
227-5	TO028	227	227	5	ma	ma	_	_	_	_	_	linguistic	_	none	_	_	_	_	_	_
227-6	TO028	227	227	6	non	non	_	_	_	_	_	linguistic	_	none	_	_	_	_	_	_
227-7	TO028	227	227	7	richiede	richiede	_	_	_	_	_	linguistic	_	none	_	_	_	_	_	_
227-8	TO028	227	227	8	documenti	documenti	_	_	_	_	_	linguistic	_	none	_	_	_	_	_	_
227-9	TO028	227	227	9	che	che	_	_	_	_	_	linguistic	_	none	_	_	_	_	_	_
227-10	TO028	227	227	10	lo	lo	_	_	_	_	_	linguistic	_	none	_	_	_	_	_	_
227-11	TO028	227	227	11	attestino	attestino	_	_	_	_	_	linguistic	_	none	_	End=639.041	_	_	_	_
228-0	TO026	228	228	0	ah	ah	_	_	_	_	_	linguistic	_	none	_	Begin=639.243	_	_	_	_
228-1	TO026	228	228	1	ho	ho	_	_	_	_	_	linguistic	_	none	_	_	_	_	_	_
228-2	TO026	228	228	2	capito.	capito	_	_	_	_	_	linguistic	_	none	Intonation=Falling	End=639.877	_	_	_	_
229-0	TO026	229	229	0	sì	sì	_	_	_	_	_	linguistic	_	none	_	Begin=642.032|End=642.333	_	_	_	_
230-0	TO026	230	230	0	eh	eh	_	_	_	_	_	linguistic	_	none	_	Begin=643.92	_	_	_	_
230-1	TO026	230	230	1	allora	allora	_	_	_	_	_	linguistic	_	none	_	_	_	_	_	_
230-2	TO026	230	230	2	cioè	cioè	_	_	_	_	_	linguistic	_	none	_	_	_	_	_	_
230-3	TO026	230	230	3	[lei	lei	_	_	_	_	_	linguistic	_	none	_	_	_	_	_	0-3(87)
230-4	TO026	230	230	4	non	non	_	_	_	_	_	linguistic	_	none	_	_	_	_	_	0-3(87)
230-5	TO026	230	230	5	ha	ha	_	_	_	_	_	linguistic	_	none	_	_	_	_	_	0-2(87)
230-6	TO026	230	230	6	nessuna]	nessuna	_	_	_	_	_	linguistic	_	none	_	_	_	_	_	0-7(87)
230-7	TO026	230	230	7	compe[tenza]?	competenza	_	_	_	_	_	linguistic	_	none	Intonation=Rising	End=646.159	_	_	_	5-10(86)
231-0	TO028	231	231	0	[cioè	cioè	_	_	_	_	_	linguistic	_	none	_	Begin=644.7	_	_	_	0-4(87)
231-1	TO028	231	231	1	nessuno],	nessuno	_	_	_	_	_	linguistic	_	none	Intonation=WeaklyRising	End=645.445	_	_	_	0-7(87)
232-0	TO028	232	232	0	[no]	no	_	_	_	_	_	linguistic	_	none	_	Begin=646.027	_	_	_	0-2(86)
232-1	TO028	232	232	1	io	io	_	_	_	_	_	linguistic	_	none	_	_	_	_	_	_
232-2	TO028	232	232	2	un	un	_	_	_	_	_	linguistic	_	none	_	_	_	_	_	_
232-3	TO028	232	232	3	po'	po'	_	_	_	_	_	linguistic	_	none	_	_	_	_	_	_
232-4	TO028	232	232	4	si	si	_	_	_	_	_	linguistic	_	none	_	_	_	_	_	_
232-5	TO028	232	232	5	perché	perché	_	_	_	_	_	linguistic	_	none	_	_	_	_	_	_
232-6	TO028	232	232	6	[m]:::h	mh	_	_	_	_	_	linguistic	_	none	_	_	0x3	_	_	0-1(88)
232-7	TO028	232	232	7	ho	ho	_	_	_	_	_	linguistic	_	none	_	_	_	_	_	_
232-8	TO028	232	232	8	un'	un'	_	_	_	_	_	linguistic	_	none	SpaceAfter=No	_	_	_	_	_
232-9	TO028	232	232	9	amica	amica	_	_	_	_	_	linguistic	_	none	_	_	_	_	_	_
232-10	TO028	232	232	10	strettissima	strettissima	_	_	_	_	_	linguistic	_	none	_	_	_	_	_	_
232-11	TO028	232	232	11	che	che	_	_	_	_	_	linguistic	_	none	_	_	_	_	_	_
232-12	TO028	232	232	12	è	è	_	_	_	_	_	linguistic	_	none	_	_	_	_	_	_
232-13	TO028	232	232	13	argentina	argentina	_	_	_	_	_	linguistic	_	none	_	_	_	_	_	_
232-14	TO028	232	232	14	e	e	_	_	_	_	_	linguistic	_	none	_	_	_	_	_	_
232-15	TO028	232	232	15	io	io	_	_	_	_	_	linguistic	_	none	_	_	_	_	_	_
232-16	TO028	232	232	16	stessa	stessa	_	_	_	_	_	linguistic	_	none	_	_	_	_	_	_
232-17	TO028	232	232	17	ci	ci	_	_	_	_	_	linguistic	_	none	_	_	_	_	_	_
232-18	TO028	232	232	18	son	son	_	_	_	_	_	linguistic	_	none	_	_	_	_	_	_
232-19	TO028	232	232	19	stata	stata	_	_	_	_	_	linguistic	_	none	_	_	_	_	_	_
232-20	TO028	232	232	20	due	due	_	_	_	_	_	linguistic	_	none	_	_	_	_	_	_
232-21	TO028	232	232	21	o	o	_	_	_	_	_	linguistic	_	none	_	_	_	_	_	_
232-22	TO028	232	232	22	tre	tre	_	_	_	_	_	linguistic	_	none	_	_	_	_	_	_
232-23	TO028	232	232	23	volte	volte	_	_	_	_	_	linguistic	_	none	_	_	_	_	_	_
232-24	TO028	232	232	24	quindi,	quindi	_	_	_	_	_	linguistic	_	none	Intonation=WeaklyRising	End=653.247	_	_	_	_
233-0	TO026	233	233	0	[sì]	sì	_	_	_	_	_	linguistic	_	none	_	Begin=647.43|End=647.725	_	_	_	0-2(88)
234-0	TO028	234	234	0	se	se	_	_	_	_	_	linguistic	_	none	_	Begin=653.94	_	_	_	_
234-1	TO028	234	234	1	d~	d~	_	_	_	_	_	linguistic	_	none	Interrupted=Yes	_	_	_	_	_
234-2	TO028	234	234	2	cioè	cioè	_	_	_	_	_	linguistic	_	none	PauseAfter=Yes	_	_	_	_	_
234-3	TO028	234	234	3	{P}	{P}	_	_	_	_	_	shortpause	_	none	_	_	_	_	_	_
234-4	TO028	234	234	4	mi	mi	_	_	_	_	_	linguistic	_	none	_	_	_	_	_	_
234-5	TO028	234	234	5	sto	sto	_	_	_	_	_	linguistic	_	none	_	_	_	_	_	_
234-6	TO028	234	234	6	leggendo	leggendo	_	_	_	_	_	linguistic	_	none	_	_	_	_	_	_
234-7	TO028	234	234	7	tutte	tutte	_	_	_	_	_	linguistic	_	none	_	_	_	_	_	_
234-8	TO028	234	234	8	le	le	_	_	_	_	_	linguistic	_	none	_	_	_	_	_	_
234-9	TO028	234	234	9	cose	cose	_	_	_	_	_	linguistic	_	none	_	_	_	_	_	_
234-10	TO028	234	234	10	dell'	dell'	_	_	_	_	_	linguistic	_	none	SpaceAfter=No	_	_	_	_	_
234-11	TO028	234	234	11	università	università	_	_	_	_	_	linguistic	_	none	_	_	_	_	_	_
234-12	TO028	234	234	12	in	in	_	_	_	_	_	linguistic	_	none	_	_	_	_	_	_
234-13	TO028	234	234	13	spagnolo	spagnolo	_	_	_	_	_	linguistic	_	none	_	_	_	_	_	_
234-14	TO028	234	234	14	e	e	_	_	_	_	_	linguistic	_	none	_	_	_	_	_	_
234-15	TO028	234	234	15	non	non	_	_	_	_	_	linguistic	_	none	_	_	_	_	_	_
234-16	TO028	234	234	16	ho	ho	_	_	_	_	_	linguistic	_	none	_	_	_	_	_	_
234-17	TO028	234	234	17	problemi	problemi	_	_	_	_	_	linguistic	_	none	_	End=657.912	_	_	_	_
235-0	TO028	235	235	0	non	non	_	_	_	_	_	linguistic	_	none	_	Begin=658.826	_	_	_	_
235-1	TO028	235	235	1	so	so	_	_	_	_	_	linguistic	_	none	_	_	_	_	_	_
235-2	TO028	235	235	2	se	se	_	_	_	_	_	linguistic	_	none	_	_	_	_	_	_
235-3	TO028	235	235	3	in	in	_	_	_	_	_	linguistic	_	none	_	_	_	_	_	_
235-4	TO028	235	235	4	una	una	_	_	_	_	_	linguistic	_	none	_	_	_	_	_	_
235-5	TO028	235	235	5	conversazione	conversazione	_	_	_	_	_	linguistic	_	none	_	_	_	_	_	_
235-6	TO028	235	235	6	avrei	avrei	_	_	_	_	_	linguistic	_	none	_	_	_	_	_	_
235-7	TO028	235	235	7	li[vello	livello	_	_	_	_	_	linguistic	_	none	_	_	_	_	_	2-7(89)
235-8	TO028	235	235	8	bi]	bi	_	_	_	_	_	linguistic	_	none	_	_	_	_	_	0-2(89)
235-9	TO028	235	235	9	uno	uno	_	_	_	_	_	linguistic	_	none	_	End=661.892	_	_	_	_
236-0	TO026	236	236	0	[sì]	sì	_	_	_	_	_	linguistic	_	none	_	Begin=661.327|End=661.676	_	_	_	0-2(89)
237-0	TO026	237	237	0	è	è	_	_	_	_	_	linguistic	_	none	_	Begin=663.028	_	_	_	_
237-1	TO026	237	237	1	la	la	_	_	_	_	_	linguistic	_	none	_	_	_	_	_	_
237-2	TO026	237	237	2	comunque	comunque	_	_	_	_	_	linguistic	_	none	_	_	_	_	_	_
237-3	TO026	237	237	3	c'	c'	_	_	_	_	_	linguistic	_	none	SpaceAfter=No	_	_	_	_	_
237-4	TO026	237	237	4	è	è	_	_	_	_	_	linguistic	_	none	_	_	_	_	_	_
237-5	TO026	237	237	5	un	un	_	_	_	_	_	linguistic	_	none	_	_	_	_	_	_
237-6	TO026	237	237	6	cor[so::]	corso	_	_	_	_	_	linguistic	_	none	_	_	4x2	_	_	2-5(90)
237-7	TO026	237	237	7	introduttivo::	introduttivo	_	_	_	_	_	linguistic	_	none	_	_	11x2	_	_	_
237-8	TO026	237	237	8	[diciamo	diciamo	_	_	_	_	_	linguistic	_	none	_	_	_	_	_	0-7(91)
237-9	TO026	237	237	9	di	di	_	_	_	_	_	linguistic	_	none	_	_	_	_	_	0-2(91)
237-10	TO026	237	237	10	spagnolo],	spagnolo	_	_	_	_	_	linguistic	_	none	Intonation=WeaklyRising	End=666.683	_	_	_	0-8(91)
238-0	TO028	238	238	0	[sì	sì	_	_	_	_	_	linguistic	_	none	_	Begin=664.416	_	_	_	0-2(90)
238-1	TO028	238	238	1	sì]	sì	_	_	_	_	_	linguistic	_	none	_	End=664.865	_	_	_	0-2(90)
239-0	TO028	239	239	0	[sì	sì	_	_	_	_	_	linguistic	_	none	_	Begin=665.322	_	_	_	0-2(91)
239-1	TO028	239	239	1	sì	sì	_	_	_	_	_	linguistic	_	none	_	_	_	_	_	0-2(91)
239-2	TO028	239	239	2	sì	sì	_	_	_	_	_	linguistic	_	none	_	_	_	_	_	0-2(91)
239-3	TO028	239	239	3	là	là	_	_	_	_	_	linguistic	_	none	_	_	_	_	_	0-2(91)
239-4	TO028	239	239	4	sì	sì	_	_	_	_	_	linguistic	_	none	PauseAfter=Yes	_	_	_	_	0-2(91)
239-5	TO028	239	239	5	{P}	{P}	_	_	_	_	_	shortpause	_	none	_	_	_	_	_	0-3(91)
239-6	TO028	239	239	6	assoluta]mente	assolutamente	_	_	_	_	_	linguistic	_	none	_	End=667.031	_	_	_	0-8(91)
240-0	TO028	240	240	0	e	e	_	_	_	_	_	linguistic	_	none	_	Begin=667.425	_	_	_	_
240-1	TO028	240	240	1	tra	tra	_	_	_	_	_	linguistic	_	none	_	_	_	_	_	_
240-2	TO028	240	240	2	l'	l'	_	_	_	_	_	linguistic	_	none	SpaceAfter=No	_	_	_	_	_
240-3	TO028	240	240	3	altro	altro	_	_	_	_	_	linguistic	_	none	_	_	_	_	_	_
240-4	TO028	240	240	4	era	era	_	_	_	_	_	linguistic	_	none	_	_	_	_	_	_
240-5	TO028	240	240	5	l'	l'	_	_	_	_	_	linguistic	_	none	SpaceAfter=No	_	_	_	_	_
240-6	TO028	240	240	6	altro:	altro	_	_	_	_	_	linguistic	_	none	_	_	4x1	_	_	_
240-7	TO028	240	240	7	problema	problema	_	_	_	_	_	linguistic	_	none	_	_	_	_	_	_
240-8	TO028	240	240	8	perché	perché	_	_	_	_	_	linguistic	_	none	_	_	_	_	_	_
240-9	TO028	240	240	9	lì	lì	_	_	_	_	_	linguistic	_	none	_	_	_	_	_	_
240-10	TO028	240	240	10	sono	sono	_	_	_	_	_	linguistic	_	none	_	_	_	Slow=3-4(0)	_	_
240-11	TO028	240	240	11	<quattro>	quattro	_	_	_	_	_	linguistic	_	none	_	_	_	Slow=0-6(0)	_	_
240-12	TO028	240	240	12	mi	mi	_	_	_	_	_	linguistic	_	none	_	_	_	_	_	_
240-13	TO028	240	240	13	danno	danno	_	_	_	_	_	linguistic	_	none	_	_	_	_	_	_
240-14	TO028	240	240	14	quattro	quattro	_	_	_	_	_	linguistic	_	none	_	_	_	_	_	_
240-15	TO028	240	240	15	crediti	crediti	_	_	_	_	_	linguistic	_	none	_	_	_	_	_	_
240-16	TO028	240	240	16	e	e	_	_	_	_	_	linguistic	_	none	_	_	_	_	_	_
240-17	TO028	240	240	17	ci	ci	_	_	_	_	_	linguistic	_	none	_	_	_	_	_	_
240-18	TO028	240	240	18	ti	ti	_	_	_	_	_	linguistic	_	none	_	_	_	_	_	_
240-19	TO028	240	240	19	esse	esse	_	_	_	_	_	linguistic	_	none	_	_	_	_	_	_
240-20	TO028	240	240	20	pe::er	peer	_	_	_	_	_	linguistic	_	none	_	_	1x2	_	_	_
240-21	TO028	240	240	21	quel	quel	_	_	_	_	_	linguistic	_	none	_	_	_	_	_	_
240-22	TO028	240	240	22	corso	corso	_	_	_	_	_	linguistic	_	none	_	_	_	_	_	_
240-23	TO028	240	240	23	lì,	lì	_	_	_	_	_	linguistic	_	none	Intonation=WeaklyRising	_	_	_	_	_
240-24	TO028	240	240	24	che	che	_	_	_	_	_	linguistic	_	none	_	_	_	_	_	_
240-25	TO028	240	240	25	qua::	qua	_	_	_	_	_	linguistic	_	none	_	_	2x2	_	_	_
240-26	TO028	240	240	26	boh	boh	_	_	_	_	_	linguistic	_	none	_	End=676.824	_	_	_	_
241-0	TO026	241	241	0	e:::h	eh	_	_	_	_	_	linguistic	_	none	_	Begin=678.363|End=680.091	0x3	_	_	_
242-0	TO026	242	242	0	lei	lei	_	_	_	_	_	linguistic	_	none	_	Begin=681.415	_	_	_	_
242-1	TO026	242	242	1	lo	lo	_	_	_	_	_	linguistic	_	none	_	_	_	_	_	_
242-2	TO026	242	242	2	metterebbe	metterebbe	_	_	_	_	_	linguistic	_	none	_	_	_	_	_	_
242-3	TO026	242	242	3	nel	nel	_	_	_	_	_	linguistic	_	none	_	_	_	_	_	_
242-4	TO026	242	242	4	learning	learning	_	_	_	_	_	linguistic	_	none	_	_	_	_	_	_
242-5	TO026	242	242	5	agreement	agreement	_	_	_	_	_	linguistic	_	none	_	_	_	_	_	_
242-6	TO026	242	242	6	quello?	quello	_	_	_	_	_	linguistic	_	none	Intonation=Rising	_	_	_	_	_
242-7	TO026	242	242	7	o::	o	_	_	_	_	_	linguistic	_	none	_	_	0x2	_	_	_
242-8	TO026	242	242	8	no::?	no	_	_	_	_	_	linguistic	_	none	Intonation=Rising	End=683.799	1x2	_	_	_
243-0	TO028	243	243	0	quello:::	quello	_	_	_	_	_	linguistic	_	none	_	Begin=683.987	5x3	_	_	_
243-1	TO028	243	243	1	eh	eh	_	_	_	_	_	linguistic	_	none	_	_	_	_	_	_
243-2	TO028	243	243	2	cioè	cioè	_	_	_	_	_	linguistic	_	none	_	_	_	_	_	_
243-3	TO028	243	243	3	c'	c'	_	_	_	_	_	linguistic	_	none	SpaceAfter=No	_	_	_	_	_
243-4	TO028	243	243	4	è	è	_	_	_	_	_	linguistic	_	none	_	End=685.897	_	_	_	_
244-0	TO026	244	244	0	sì	sì	_	_	_	_	_	linguistic	_	none	_	Begin=686.693	_	_	_	_
244-1	TO026	244	244	1	lei	lei	_	_	_	_	_	linguistic	_	none	_	_	_	_	_	_
244-2	TO026	244	244	2	lo	lo	_	_	_	_	_	linguistic	_	none	_	_	_	_	_	_
244-3	TO026	244	244	3	deve	deve	_	_	_	_	_	linguistic	_	none	_	_	_	_	_	_
244-4	TO026	244	244	4	[seguire	seguire	_	_	_	_	_	linguistic	_	none	_	_	_	_	_	0-7(92)
244-5	TO026	244	244	5	pe]r	per	_	_	_	_	_	linguistic	_	none	_	_	_	_	_	0-2(92)
244-6	TO026	244	244	6	forza	forza	_	_	_	_	_	linguistic	_	none	_	_	_	_	_	_
244-7	TO026	244	244	7	sì	sì	_	_	_	_	_	linguistic	_	none	_	_	_	_	_	_
244-8	TO026	244	244	8	sì	sì	_	_	_	_	_	linguistic	_	none	_	End=688.924	_	_	_	_
245-0	TO028	245	245	0	[quello	quello	_	_	_	_	_	linguistic	_	none	_	Begin=687.124	_	_	_	0-6(92)
245-1	TO028	245	245	1	esiste]	esiste	_	_	_	_	_	linguistic	_	none	_	End=687.744	_	_	_	0-6(92)
246-0	TO028	246	246	0	seguire	seguire	_	_	_	_	_	linguistic	_	none	_	Begin=689.057	_	_	_	_
246-1	TO028	246	246	1	per	per	_	_	_	_	_	linguistic	_	none	_	_	_	_	_	_
246-2	TO028	246	246	2	forza	forza	_	_	_	_	_	linguistic	_	none	_	_	_	_	_	_
246-3	TO028	246	246	3	non	non	_	_	_	_	_	linguistic	_	none	_	_	_	_	_	_
246-4	TO028	246	246	4	lo	lo	_	_	_	_	_	linguistic	_	none	_	_	_	_	_	_
246-5	TO028	246	246	5	so	so	_	_	_	_	_	linguistic	_	none	_	_	_	_	_	_
246-6	TO028	246	246	6	però	però	_	_	_	_	_	linguistic	_	none	_	_	_	_	_	_
246-7	TO028	246	246	7	lo	lo	_	_	_	_	_	linguistic	_	none	_	_	_	_	_	_
246-8	TO028	246	246	8	seguo	seguo	_	_	_	_	_	linguistic	_	none	_	End=691.139	_	_	_	_
247-0	TO026	247	247	0	sì	sì	_	_	_	_	_	linguistic	_	none	_	Begin=691.469	_	_	_	_
247-1	TO026	247	247	1	sì	sì	_	_	_	_	_	linguistic	_	none	_	End=692.017	_	_	_	_
248-0	TO028	248	248	0	e::h	eh	_	_	_	_	_	linguistic	_	none	_	Begin=692.396	0x2	_	_	_
248-1	TO028	248	248	1	in	in	_	_	_	_	_	linguistic	_	none	_	_	_	_	_	_
248-2	TO028	248	248	2	realtà	realtà	_	_	_	_	_	linguistic	_	none	_	_	_	_	_	_
248-3	TO028	248	248	3	se	se	_	_	_	_	_	linguistic	_	none	_	_	_	_	_	_
248-4	TO028	248	248	4	riuscissi	riuscissi	_	_	_	_	_	linguistic	_	none	_	_	_	_	_	_
248-5	TO028	248	248	5	a	a	_	_	_	_	_	linguistic	_	none	_	_	_	_	_	_
248-6	TO028	248	248	6	metterlo	metterlo	_	_	_	_	_	linguistic	_	none	_	_	_	_	_	_
248-7	TO028	248	248	7	in	in	_	_	_	_	_	linguistic	_	none	_	_	_	_	_	_
248-8	TO028	248	248	8	altre	altre	_	_	_	_	_	linguistic	_	none	_	_	_	_	_	_
248-9	TO028	248	248	9	attività,	attività	_	_	_	_	_	linguistic	_	none	Intonation=WeaklyRising	End=695.711	_	_	_	_
249-0	TO028	249	249	0	insieme	insieme	_	_	_	_	_	linguistic	_	none	_	Begin=697.142	_	_	_	_
249-1	TO028	249	249	1	ad	ad	_	_	_	_	_	linguistic	_	none	_	_	_	_	_	_
249-2	TO028	249	249	2	altre::	altre	_	_	_	_	_	linguistic	_	none	_	_	4x2	_	_	_
249-3	TO028	249	249	3	tra	tra	_	_	_	_	_	linguistic	_	none	_	_	_	_	_	_
249-4	TO028	249	249	4	l'	l'	_	_	_	_	_	linguistic	_	none	SpaceAfter=No	_	_	_	_	_
249-5	TO028	249	249	5	altro	altro	_	_	_	_	_	linguistic	_	none	_	_	_	_	_	_
249-6	TO028	249	249	6	in	in	_	_	_	_	_	linguistic	_	none	_	_	_	_	_	_
249-7	TO028	249	249	7	altre	altre	_	_	_	_	_	linguistic	_	none	_	_	_	_	_	_
249-8	TO028	249	249	8	attività	attività	_	_	_	_	_	linguistic	_	none	_	_	_	_	_	_
249-9	TO028	249	249	9	che	che	_	_	_	_	_	linguistic	_	none	_	_	_	_	_	_
249-10	TO028	249	249	10	cosa	cosa	_	_	_	_	_	linguistic	_	none	_	_	_	_	_	_
249-11	TO028	249	249	11	possiamo	possiamo	_	_	_	_	_	linguistic	_	none	_	_	_	_	_	_
249-12	TO028	249	249	12	mettere?	mettere	_	_	_	_	_	linguistic	_	none	Intonation=Rising	End=700.705	_	_	_	_
250-0	TO026	250	250	0	altre	altre	_	_	_	_	_	linguistic	_	none	_	Begin=701.361	_	_	_	_
250-1	TO026	250	250	1	attività	attività	_	_	_	_	_	linguistic	_	none	_	_	_	_	_	_
250-2	TO026	250	250	2	da	da	_	_	_	_	_	linguistic	_	none	_	_	_	_	_	_
250-3	TO026	250	250	3	sei?	sei	_	_	_	_	_	linguistic	_	none	Intonation=Rising	End=702.376	_	_	_	_
251-0	TO028	251	251	0	sì	sì	_	_	_	_	_	linguistic	_	none	_	Begin=702.889|End=703.196	_	_	_	_
252-0	TO026	252	252	0	sì	sì	_	_	_	_	_	linguistic	_	none	PauseAfter=Yes	Begin=703.331	_	_	_	_
252-1	TO026	252	252	1	{P}	{P}	_	_	_	_	_	shortpause	_	none	_	_	_	_	_	_
252-2	TO026	252	252	2	e::h	eh	_	_	_	_	_	linguistic	_	none	_	_	0x2	_	_	_
252-3	TO026	252	252	3	quello	quello	_	_	_	_	_	linguistic	_	none	_	_	_	_	_	_
252-4	TO026	252	252	4	è	è	_	_	_	_	_	linguistic	_	none	_	_	_	_	_	_
252-5	TO026	252	252	5	uno	uno	_	_	_	_	_	linguistic	_	none	_	_	_	_	_	_
252-6	TO026	252	252	6	spazio	spazio	_	_	_	_	_	linguistic	_	none	_	_	_	_	_	_
252-7	TO026	252	252	7	riservato	riservato	_	_	_	_	_	linguistic	_	none	_	_	_	_	_	_
252-8	TO026	252	252	8	a	a	_	_	_	_	_	linguistic	_	none	_	_	_	_	_	_
252-9	TO026	252	252	9	tirocini::,	tirocini	_	_	_	_	_	linguistic	_	none	Intonation=WeaklyRising	_	7x2	_	_	_
252-10	TO026	252	252	10	stage::	stage	_	_	_	_	_	linguistic	_	none	_	End=708.662	4x2	_	_	_
253-0	TO028	253	253	0	°okay°	okay	_	_	_	_	_	linguistic	_	none	Volume=low	Begin=708.698|End=709.037	_	_	_	_
254-0	TO026	254	254	0	se	se	_	_	_	_	_	linguistic	_	none	_	Begin=713.834	_	_	_	_
254-1	TO026	254	254	1	fa	fa	_	_	_	_	_	linguistic	_	none	_	_	_	_	_	_
254-2	TO026	254	254	2	valere	valere	_	_	_	_	_	linguistic	_	none	_	_	_	_	_	_
254-3	TO026	254	254	3	quello	quello	_	_	_	_	_	linguistic	_	none	_	_	_	_	_	_
254-4	TO026	254	254	4	come	come	_	_	_	_	_	linguistic	_	none	_	_	_	_	_	_
254-5	TO026	254	254	5	parte	parte	_	_	_	_	_	linguistic	_	none	_	_	_	_	_	_
254-6	TO026	254	254	6	di	di	_	_	_	_	_	linguistic	_	none	_	_	_	_	_	_
254-7	TO026	254	254	7	un::	un	_	_	_	_	_	linguistic	_	none	_	End=716.135	1x2	_	_	_
255-0	TO026	255	255	0	°>insomma<	insomma	_	_	_	_	_	linguistic	_	none	Volume=low	Begin=717.137	_	Fast=0-7(0)	_	_
255-1	TO026	255	255	1	è	è	_	_	_	_	_	linguistic	_	none	Volume=low	_	_	_	_	_
255-2	TO026	255	255	2	un	un	_	_	_	_	_	linguistic	_	none	Volume=low	_	_	_	_	_
255-3	TO026	255	255	3	po'::°	po'	_	_	_	_	_	linguistic	_	none	Volume=low	End=717.966	1x2	_	_	_
256-0	TO028	256	256	0	faccio	faccio	_	_	_	_	_	linguistic	_	none	_	Begin=718.075	_	_	_	_
256-1	TO028	256	256	1	il	il	_	_	_	_	_	linguistic	_	none	_	_	_	_	_	_
256-2	TO028	256	256	2	corso	corso	_	_	_	_	_	linguistic	_	none	_	End=718.828	_	_	_	_
257-0	TO026	257	257	0	un	un	_	_	_	_	_	linguistic	_	none	_	Begin=718.84	_	_	_	_
257-1	TO026	257	257	1	po'	po'	_	_	_	_	_	linguistic	_	none	_	_	_	_	_	_
257-2	TO026	257	257	2	forzato	forzato	_	_	_	_	_	linguistic	_	none	_	End=719.651	_	_	_	_
258-0	TO028	258	258	0	no	no	_	_	_	_	_	linguistic	_	none	_	Begin=719.89	_	_	_	_
258-1	TO028	258	258	1	no	no	_	_	_	_	_	linguistic	_	none	_	_	_	_	_	_
258-2	TO028	258	258	2	no	no	_	_	_	_	_	linguistic	_	none	_	_	_	_	_	_
258-3	TO028	258	258	3	faccio	faccio	_	_	_	_	_	linguistic	_	none	_	_	_	_	_	_
258-4	TO028	258	258	4	il	il	_	_	_	_	_	linguistic	_	none	_	_	_	_	_	_
258-5	TO028	258	258	5	corso	corso	_	_	_	_	_	linguistic	_	none	_	End=720.885	_	_	_	_
259-0	TO026	259	259	0	{ride}	{ride}	_	_	_	_	_	nonverbalbehavior	_	none	_	Begin=719.982|End=720.534	_	_	_	_
260-0	TO026	260	260	0	>poi	poi	_	_	_	_	_	linguistic	_	none	_	Begin=720.905	_	Fast=0-3(0)	_	_
260-1	TO026	260	260	1	d'	d'	_	_	_	_	_	linguistic	_	none	SpaceAfter=No	_	_	Fast=0-2(0)	_	_
260-2	TO026	260	260	2	altra	altra	_	_	_	_	_	linguistic	_	none	_	_	_	Fast=0-5(0)	_	_
260-3	TO026	260	260	3	parte<	parte	_	_	_	_	_	linguistic	_	none	_	_	_	Fast=0-5(0)	_	_
260-4	TO026	260	260	4	è	è	_	_	_	_	_	linguistic	_	none	_	_	_	_	_	_
260-5	TO026	260	260	5	per	per	_	_	_	_	_	linguistic	_	none	_	_	_	_	_	_
260-6	TO026	260	260	6	ah	ah	_	_	_	_	_	linguistic	_	none	_	_	_	_	_	_
260-7	TO026	260	260	7	no	no	_	_	_	_	_	linguistic	_	none	_	_	_	_	_	_
260-8	TO026	260	260	8	in	in	_	_	_	_	_	linguistic	_	none	_	_	_	_	_	_
260-9	TO026	260	260	9	un'	un'	_	_	_	_	_	linguistic	_	none	SpaceAfter=No	_	_	_	_	_
260-10	TO026	260	260	10	altra	altra	_	_	_	_	_	linguistic	_	none	_	_	_	_	_	_
260-11	TO026	260	260	11	un	un	_	_	_	_	_	linguistic	_	none	_	_	_	_	_	_
260-12	TO026	260	260	12	altro	altro	_	_	_	_	_	linguistic	_	none	_	_	_	_	_	_
260-13	TO026	260	260	13	aspetto	aspetto	_	_	_	_	_	linguistic	_	none	_	_	_	_	_	_
260-14	TO026	260	260	14	decisivo	decisivo	_	_	_	_	_	linguistic	_	none	_	_	_	_	_	_
260-15	TO026	260	260	15	è	è	_	_	_	_	_	linguistic	_	none	PauseAfter=Yes	_	_	_	_	_
260-16	TO026	260	260	16	{P}	{P}	_	_	_	_	_	shortpause	_	none	_	_	_	_	_	_
260-17	TO026	260	260	17	quel	quel	_	_	_	_	_	linguistic	_	none	_	_	_	_	_	_
260-18	TO026	260	260	18	corso::	corso	_	_	_	_	_	linguistic	_	none	_	End=726.811	4x2	_	_	_
261-0	TO026	261	261	0	e:::h	eh	_	_	_	_	_	linguistic	_	none	_	Begin=727.656	0x3	_	_	_
261-1	TO026	261	261	1	[le	le	_	_	_	_	_	linguistic	_	none	_	_	_	_	_	0-2(93)
261-2	TO026	261	261	2	as]segna	assegna	_	_	_	_	_	linguistic	_	none	_	_	_	_	_	0-2(93)
261-3	TO026	261	261	3	poi	poi	_	_	_	_	_	linguistic	_	none	_	_	_	_	_	_
261-4	TO026	261	261	4	un	un	_	_	_	_	_	linguistic	_	none	_	_	_	_	_	_
261-5	TO026	261	261	5	voto	voto	_	_	_	_	_	linguistic	_	none	_	_	_	_	_	_
261-6	TO026	261	261	6	o	o	_	_	_	_	_	linguistic	_	none	_	_	_	_	_	_
261-7	TO026	261	261	7	è	è	_	_	_	_	_	linguistic	_	none	_	_	_	_	_	_
261-8	TO026	261	261	8	soltanto	soltanto	_	_	_	_	_	linguistic	_	none	_	_	_	_	_	_
261-9	TO026	261	261	9	un'	un'	_	_	_	_	_	linguistic	_	none	SpaceAfter=No	_	_	_	_	_
261-10	TO026	261	261	10	approvazi[one]?	approvazione	_	_	_	_	_	linguistic	_	none	Intonation=Rising	End=731.681	_	_	_	8-12(94)
262-0	TO028	262	262	0	[a:h]	ah	_	_	_	_	_	linguistic	_	none	_	Begin=728.601|End=729.004	0x1	_	_	0-2(93)
263-0	TO028	263	263	0	[questo	questo	_	_	_	_	_	linguistic	_	none	_	Begin=731.273	_	_	_	0-6(94)
263-1	TO028	263	263	1	no]n	non	_	_	_	_	_	linguistic	_	none	_	_	_	_	_	0-2(94)
263-2	TO028	263	263	2	lo	lo	_	_	_	_	_	linguistic	_	none	_	_	_	_	_	_
263-3	TO028	263	263	3	so	so	_	_	_	_	_	linguistic	_	none	_	End=732.189	_	_	_	_
264-0	TO028	264	264	0	questo	questo	_	_	_	_	_	linguistic	_	none	_	Begin=733.504	_	_	_	_
264-1	TO028	264	264	1	non	non	_	_	_	_	_	linguistic	_	none	_	_	_	_	_	_
264-2	TO028	264	264	2	lo	lo	_	_	_	_	_	linguistic	_	none	_	_	_	_	_	_
264-3	TO028	264	264	3	so	so	_	_	_	_	_	linguistic	_	none	PauseAfter=Yes	_	_	_	_	_
264-4	TO028	264	264	4	{P}	{P}	_	_	_	_	_	shortpause	_	none	_	_	_	_	_	_
264-5	TO028	264	264	5	non	non	_	_	_	_	_	linguistic	_	none	_	_	_	_	_	_
264-6	TO028	264	264	6	so	so	_	_	_	_	_	linguistic	_	none	_	_	_	_	_	_
264-7	TO028	264	264	7	ne[anche	neanche	_	_	_	_	_	linguistic	_	none	_	_	_	_	_	2-7(95)
264-8	TO028	264	264	8	se	se	_	_	_	_	_	linguistic	_	none	_	_	_	_	_	0-2(95)
264-9	TO028	264	264	9	ha::	ha	_	_	_	_	_	linguistic	_	none	_	_	1x2	_	_	0-2(95)
264-10	TO028	264	264	10	un'	un'	_	_	_	_	_	linguistic	_	none	SpaceAfter=No	_	_	_	_	0-3(95)
264-11	TO028	264	264	11	approvazione]	approvazione	_	_	_	_	_	linguistic	_	none	_	End=736.462	_	_	_	0-12(95)
265-0	TO026	265	265	0	[e	e	_	_	_	_	_	linguistic	_	none	_	Begin=734.9	_	_	_	0-1(95)
265-1	TO026	265	265	1	se	se	_	_	_	_	_	linguistic	_	none	_	_	_	_	_	0-2(95)
265-2	TO026	265	265	2	assegna	assegna	_	_	_	_	_	linguistic	_	none	_	_	_	_	_	0-7(95)
265-3	TO026	265	265	3	un	un	_	_	_	_	_	linguistic	_	none	_	_	_	_	_	0-2(95)
265-4	TO026	265	265	4	vo]::to	voto	_	_	_	_	_	linguistic	_	none	_	_	1x2	_	_	0-2(95)
265-5	TO026	265	265	5	uno	uno	_	_	_	_	_	linguistic	_	none	_	_	_	_	_	_
265-6	TO026	265	265	6	potrebbe	potrebbe	_	_	_	_	_	linguistic	_	none	_	_	_	_	_	_
265-7	TO026	265	265	7	anche	anche	_	_	_	_	_	linguistic	_	none	_	_	_	_	_	_
265-8	TO026	265	265	8	considerare::	considerare	_	_	_	_	_	linguistic	_	none	_	End=738.899	10x2	_	_	_
266-0	TO026	266	266	0	c'	c'	_	_	_	_	_	linguistic	_	none	SpaceAfter=No	Begin=739.0	_	_	_	_
266-1	TO026	266	266	1	è	è	_	_	_	_	_	linguistic	_	none	_	_	_	_	_	_
266-2	TO026	266	266	2	il	il	_	_	_	_	_	linguistic	_	none	_	_	_	_	_	_
266-3	TO026	266	266	3	problema	problema	_	_	_	_	_	linguistic	_	none	_	_	_	_	_	_
266-4	TO026	266	266	4	però,	però	_	_	_	_	_	linguistic	_	none	Intonation=WeaklyRising	End=739.83	_	_	_	_
267-0	TO026	267	267	0	in	in	_	_	_	_	_	linguistic	_	none	_	Begin=740.373	_	_	_	_
267-1	TO026	267	267	1	genere,	genere	_	_	_	_	_	linguistic	_	none	Intonation=WeaklyRising	_	_	_	_	_
267-2	TO026	267	267	2	e::h	eh	_	_	_	_	_	linguistic	_	none	_	_	0x2	_	_	_
267-3	TO026	267	267	3	come	come	_	_	_	_	_	linguistic	_	none	_	_	_	_	_	_
267-4	TO026	267	267	4	regola	regola	_	_	_	_	_	linguistic	_	none	_	_	_	_	_	_
267-5	TO026	267	267	5	così	così	_	_	_	_	_	linguistic	_	none	_	_	_	_	_	_
267-6	TO026	267	267	6	che	che	_	_	_	_	_	linguistic	_	none	_	_	_	_	_	_
267-7	TO026	267	267	7	ci	ci	_	_	_	_	_	linguistic	_	none	_	_	_	_	_	_
267-8	TO026	267	267	8	siamo	siamo	_	_	_	_	_	linguistic	_	none	_	_	_	_	_	_
267-9	TO026	267	267	9	dati	dati	_	_	_	_	_	linguistic	_	none	_	_	_	_	_	_
267-10	TO026	267	267	10	all'	all'	_	_	_	_	_	linguistic	_	none	SpaceAfter=No	_	_	_	_	_
267-11	TO026	267	267	11	interno	interno	_	_	_	_	_	linguistic	_	none	_	_	_	_	_	_
267-12	TO026	267	267	12	di	di	_	_	_	_	_	linguistic	_	none	_	_	_	_	_	_
267-13	TO026	267	267	13	di	di	_	_	_	_	_	linguistic	_	none	_	_	_	_	_	_
267-14	TO026	267	267	14	[xxx]	xxx	_	_	_	_	_	unknown	_	none	Syllables=3	_	_	_	_	0-3(?)
267-15	TO026	267	267	15	e:hm	ehm	_	_	_	_	_	linguistic	_	none	_	_	0x1	_	_	_
267-16	TO026	267	267	16	è	è	_	_	_	_	_	linguistic	_	none	_	_	_	_	_	_
267-17	TO026	267	267	17	di	di	_	_	_	_	_	linguistic	_	none	_	_	_	_	_	_
267-18	TO026	267	267	18	escludere	escludere	_	_	_	_	_	linguistic	_	none	_	_	_	_	_	_
267-19	TO026	267	267	19	dal	dal	_	_	_	_	_	linguistic	_	none	_	_	_	_	_	_
267-20	TO026	267	267	20	learning	learning	_	_	_	_	_	linguistic	_	none	_	_	_	_	_	_
267-21	TO026	267	267	21	agreement,	agreement	_	_	_	_	_	linguistic	_	none	Intonation=WeaklyRising	End=747.716	_	_	_	_
268-0	TO026	268	268	0	e::h	eh	_	_	_	_	_	linguistic	_	none	_	Begin=748.651	0x2	_	_	_
268-1	TO026	268	268	1	cose	cose	_	_	_	_	_	linguistic	_	none	_	_	_	_	_	_
268-2	TO026	268	268	2	appunto	appunto	_	_	_	_	_	linguistic	_	none	_	_	_	_	_	_
268-3	TO026	268	268	3	che::	che	_	_	_	_	_	linguistic	_	none	_	_	2x2	_	_	_
268-4	TO026	268	268	4	non	non	_	_	_	_	_	linguistic	_	none	_	_	_	_	_	_
268-5	TO026	268	268	5	diano	diano	_	_	_	_	_	linguistic	_	none	_	_	_	_	_	_
268-6	TO026	268	268	6	un	un	_	_	_	_	_	linguistic	_	none	_	_	_	_	_	_
268-7	TO026	268	268	7	voto	voto	_	_	_	_	_	linguistic	_	none	_	End=751.702	_	_	_	_
269-0	TO028	269	269	0	mh	mh	_	_	_	_	_	linguistic	_	none	_	Begin=752.101|End=752.423	_	_	_	_
270-0	TO026	270	270	0	questo	questo	_	_	_	_	_	linguistic	_	none	_	Begin=753.665	_	_	_	_
270-1	TO026	270	270	1	vale	vale	_	_	_	_	_	linguistic	_	none	_	_	_	_	_	_
270-2	TO026	270	270	2	sia	sia	_	_	_	_	_	linguistic	_	none	_	_	_	_	_	_
270-3	TO026	270	270	3	per	per	_	_	_	_	_	linguistic	_	none	_	_	_	_	_	_
270-4	TO026	270	270	4	corsi	corsi	_	_	_	_	_	linguistic	_	none	_	_	_	_	_	_
270-5	TO026	270	270	5	che::	che	_	_	_	_	_	linguistic	_	none	_	_	2x2	_	_	_
270-6	TO026	270	270	6	eh	eh	_	_	_	_	_	linguistic	_	none	_	_	_	_	_	_
270-7	TO026	270	270	7	si	si	_	_	_	_	_	linguistic	_	none	_	_	_	_	_	_
270-8	TO026	270	270	8	sostengono	sostengono	_	_	_	_	_	linguistic	_	none	_	_	_	_	_	_
270-9	TO026	270	270	9	all'	all'	_	_	_	_	_	linguistic	_	none	SpaceAfter=No	_	_	_	_	_
270-10	TO026	270	270	10	estero	estero	_	_	_	_	_	linguistic	_	none	_	_	_	_	_	_
270-11	TO026	270	270	11	sia	sia	_	_	_	_	_	linguistic	_	none	_	_	_	_	_	_
270-12	TO026	270	270	12	per	per	_	_	_	_	_	linguistic	_	none	_	_	_	_	_	_
270-13	TO026	270	270	13	corsi	corsi	_	_	_	_	_	linguistic	_	none	_	_	_	_	_	_
270-14	TO026	270	270	14	offerti	offerti	_	_	_	_	_	linguistic	_	none	_	_	_	_	_	_
270-15	TO026	270	270	15	qui	qui	_	_	_	_	_	linguistic	_	none	_	_	_	_	_	_
270-16	TO026	270	270	16	a	a	_	_	_	_	_	linguistic	_	none	_	_	_	_	_	_
270-17	TO026	270	270	17	torino	torino	_	_	_	_	_	linguistic	_	none	_	_	_	_	_	_
270-18	TO026	270	270	18	quindi,	quindi	_	_	_	_	_	linguistic	_	none	Intonation=WeaklyRising	End=759.955	_	_	_	_
271-0	TO026	271	271	0	altre	altre	_	_	_	_	_	linguistic	_	none	_	Begin=760.762	_	_	_	_
271-1	TO026	271	271	1	attività::	attività	_	_	_	_	_	linguistic	_	none	_	_	7x2	_	_	_
271-2	TO026	271	271	2	eccetera::,	eccetera	_	_	_	_	_	linguistic	_	none	Intonation=WeaklyRising	_	7x2	_	_	_
271-3	TO026	271	271	3	è	è	_	_	_	_	_	linguistic	_	none	_	_	_	_	_	_
271-4	TO026	271	271	4	>in	in	_	_	_	_	_	linguistic	_	none	_	_	_	Fast=0-2(0)	_	_
271-5	TO026	271	271	5	linea	linea	_	_	_	_	_	linguistic	_	none	_	_	_	Fast=0-5(0)	_	_
271-6	TO026	271	271	6	di	di	_	_	_	_	_	linguistic	_	none	_	_	_	Fast=0-2(0)	_	_
271-7	TO026	271	271	7	principio<	principio	_	_	_	_	_	linguistic	_	none	_	_	_	Fast=0-9(0)	_	_
271-8	TO026	271	271	8	esclu:so	escluso	_	_	_	_	_	linguistic	_	none	_	_	4x1	_	_	_
271-9	TO026	271	271	9	fra	fra	_	_	_	_	_	linguistic	_	none	_	_	_	_	_	_
271-10	TO026	271	271	10	le	le	_	_	_	_	_	linguistic	_	none	_	_	_	_	_	_
271-11	TO026	271	271	11	corrispondenze	corrispondenze	_	_	_	_	_	linguistic	_	none	_	_	_	_	_	_
271-12	TO026	271	271	12	del	del	_	_	_	_	_	linguistic	_	none	_	_	_	_	_	_
271-13	TO026	271	271	13	learning	learning	_	_	_	_	_	linguistic	_	none	_	_	_	_	_	_
271-14	TO026	271	271	14	agreement	agreement	_	_	_	_	_	linguistic	_	none	_	_	_	_	_	_
271-15	TO026	271	271	15	perché	perché	_	_	_	_	_	linguistic	_	none	_	_	_	_	_	_
271-16	TO026	271	271	16	altre	altre	_	_	_	_	_	linguistic	_	none	_	_	_	_	_	_
271-17	TO026	271	271	17	attività	attività	_	_	_	_	_	linguistic	_	none	_	_	_	_	_	_
271-18	TO026	271	271	18	non	non	_	_	_	_	_	linguistic	_	none	_	_	_	_	_	_
271-19	TO026	271	271	19	ha	ha	_	_	_	_	_	linguistic	_	none	_	_	_	_	_	_
271-20	TO026	271	271	20	un	un	_	_	_	_	_	linguistic	_	none	_	_	_	_	_	_
271-21	TO026	271	271	21	voto	voto	_	_	_	_	_	linguistic	_	none	_	_	_	_	_	_
271-22	TO026	271	271	22	no?	no	_	_	_	_	_	linguistic	_	none	Intonation=Rising	End=768.461	_	_	_	_
272-0	TO028	272	272	0	mhmh	mhmh	_	_	_	_	_	linguistic	_	none	_	Begin=768.572|End=768.95	_	_	_	_
273-0	TO028	273	273	0	non	non	_	_	_	_	_	linguistic	_	none	_	Begin=769.606	_	_	_	_
273-1	TO028	273	273	1	lo	lo	_	_	_	_	_	linguistic	_	none	_	_	_	_	_	_
273-2	TO028	273	273	2	so	so	_	_	_	_	_	linguistic	_	none	PauseAfter=Yes	_	_	_	_	_
273-3	TO028	273	273	3	{P}	{P}	_	_	_	_	_	shortpause	_	none	_	_	_	_	_	_
273-4	TO028	273	273	4	guardo::	guardo	_	_	_	_	_	linguistic	_	none	_	End=770.524	5x2	_	_	_
274-0	TO026	274	274	0	però	però	_	_	_	_	_	linguistic	_	none	_	Begin=770.555	_	_	_	_
274-1	TO026	274	274	1	se	se	_	_	_	_	_	linguistic	_	none	_	_	_	_	_	_
274-2	TO026	274	274	2	lingua	lingua	_	_	_	_	_	linguistic	_	none	_	_	_	_	_	_
274-3	TO026	274	274	3	spagnola	spagnola	_	_	_	_	_	linguistic	_	none	_	_	_	_	_	_
274-4	TO026	274	274	4	o::	o	_	_	_	_	_	linguistic	_	none	_	_	0x2	_	_	_
274-5	TO026	274	274	5	o	o	_	_	_	_	_	linguistic	_	none	_	_	_	_	_	_
274-6	TO026	274	274	6	comunque	comunque	_	_	_	_	_	linguistic	_	none	_	_	_	_	_	_
274-7	TO026	274	274	7	diciamo	diciamo	_	_	_	_	_	linguistic	_	none	_	_	_	_	_	_
274-8	TO026	274	274	8	questo	questo	_	_	_	_	_	linguistic	_	none	_	_	_	_	_	_
274-9	TO026	274	274	9	esame	esame	_	_	_	_	_	linguistic	_	none	_	_	_	_	_	_
274-10	TO026	274	274	10	da	da	_	_	_	_	_	linguistic	_	none	_	_	_	_	_	_
274-11	TO026	274	274	11	quattro	quattro	_	_	_	_	_	linguistic	_	none	_	_	_	_	_	_
274-12	TO026	274	274	12	desse	desse	_	_	_	_	_	linguistic	_	none	_	_	_	_	_	_
274-13	TO026	274	274	13	un	un	_	_	_	_	_	linguistic	_	none	_	_	_	_	_	_
274-14	TO026	274	274	14	voto	voto	_	_	_	_	_	linguistic	_	none	_	_	_	_	_	_
274-15	TO026	274	274	15	si	si	_	_	_	_	_	linguistic	_	none	_	_	_	_	_	_
274-16	TO026	274	274	16	può	può	_	_	_	_	_	linguistic	_	none	_	_	_	_	_	_
274-17	TO026	274	274	17	pensare	pensare	_	_	_	_	_	linguistic	_	none	_	_	_	_	_	_
274-18	TO026	274	274	18	di	di	_	_	_	_	_	linguistic	_	none	_	_	_	_	_	_
274-19	TO026	274	274	19	inserirlo	inserirlo	_	_	_	_	_	linguistic	_	none	_	_	_	_	_	_
274-20	TO026	274	274	20	e	e	_	_	_	_	_	linguistic	_	none	_	_	_	_	_	_
274-21	TO026	274	274	21	usare	usare	_	_	_	_	_	linguistic	_	none	_	_	_	_	_	_
274-22	TO026	274	274	22	i	i	_	_	_	_	_	linguistic	_	none	_	_	_	_	_	_
274-23	TO026	274	274	23	crediti	crediti	_	_	_	_	_	linguistic	_	none	_	_	_	_	_	_
274-24	TO026	274	274	24	liberi	liberi	_	_	_	_	_	linguistic	_	none	_	_	_	_	_	_
274-25	TO026	274	274	25	se	se	_	_	_	_	_	linguistic	_	none	_	_	_	_	_	_
274-26	TO026	274	274	26	ne	ne	_	_	_	_	_	linguistic	_	none	_	_	_	_	_	_
274-27	TO026	274	274	27	ha	ha	_	_	_	_	_	linguistic	_	none	_	_	_	_	_	_
274-28	TO026	274	274	28	ancora	ancora	_	_	_	_	_	linguistic	_	none	_	_	_	_	_	_
274-29	TO026	274	274	29	[o	o	_	_	_	_	_	linguistic	_	none	_	_	_	_	_	0-1(96)
274-30	TO026	274	274	30	se	se	_	_	_	_	_	linguistic	_	none	_	_	_	_	_	0-2(96)
274-31	TO026	274	274	31	ne	ne	_	_	_	_	_	linguistic	_	none	_	_	_	_	_	0-2(96)
274-32	TO026	274	274	32	ha]	ha	_	_	_	_	_	linguistic	_	none	_	End=780.327	_	_	_	0-2(96)
275-0	TO028	275	275	0	[ah	ah	_	_	_	_	_	linguistic	_	none	_	Begin=779.704	_	_	_	0-2(96)
275-1	TO028	275	275	1	ah	ah	_	_	_	_	_	linguistic	_	none	_	_	_	_	_	0-2(96)
275-2	TO028	275	275	2	va]bbè	vabbè	_	_	_	_	_	linguistic	_	none	_	_	_	_	_	0-2(96)
275-3	TO028	275	275	3	no	no	_	_	_	_	_	linguistic	_	none	_	_	_	_	_	_
275-4	TO028	275	275	4	no	no	_	_	_	_	_	linguistic	_	none	_	End=780.976	_	_	_	_
276-0	TO026	276	276	0	[per	per	_	_	_	_	_	linguistic	_	none	_	Begin=781.12	_	_	_	0-3(97)
276-1	TO026	276	276	1	inserire	inserire	_	_	_	_	_	linguistic	_	none	_	_	_	_	_	0-8(97)
276-2	TO026	276	276	2	l'	l'	_	_	_	_	_	linguistic	_	none	SpaceAfter=No	_	_	_	_	0-2(97)
276-3	TO026	276	276	3	esame	esame	_	_	_	_	_	linguistic	_	none	_	_	_	_	_	0-5(97)
276-4	TO026	276	276	4	di	di	_	_	_	_	_	linguistic	_	none	_	_	_	_	_	0-2(97)
276-5	TO026	276	276	5	spagnolo]	spagnolo	_	_	_	_	_	linguistic	_	none	_	End=782.789	_	_	_	0-8(97)
277-0	TO028	277	277	0	[no	no	_	_	_	_	_	linguistic	_	none	_	Begin=781.153	_	_	_	0-2(97)
277-1	TO028	277	277	1	li	li	_	_	_	_	_	linguistic	_	none	_	_	_	_	_	0-2(97)
277-2	TO028	277	277	2	tengo	tengo	_	_	_	_	_	linguistic	_	none	_	_	_	_	_	0-5(97)
277-3	TO028	277	277	3	per	per	_	_	_	_	_	linguistic	_	none	_	_	_	_	_	0-3(97)
277-4	TO028	277	277	4	quando]	quando	_	_	_	_	_	linguistic	_	none	_	_	_	_	_	0-6(97)
277-5	TO028	277	277	5	torno	torno	_	_	_	_	_	linguistic	_	none	_	End=782.787	_	_	_	_
278-0	TO028	278	278	0	no	no	_	_	_	_	_	linguistic	_	none	_	Begin=783.318	_	_	_	_
278-1	TO028	278	278	1	li	li	_	_	_	_	_	linguistic	_	none	_	_	_	_	_	_
278-2	TO028	278	278	2	tengo	tengo	_	_	_	_	_	linguistic	_	none	_	_	_	_	_	_
278-3	TO028	278	278	3	per	per	_	_	_	_	_	linguistic	_	none	_	_	_	_	_	_
278-4	TO028	278	278	4	quando	quando	_	_	_	_	_	linguistic	_	none	_	_	_	_	_	_
278-5	TO028	278	278	5	torno	torno	_	_	_	_	_	linguistic	_	none	_	_	_	_	_	_
278-6	TO028	278	278	6	perché	perché	_	_	_	_	_	linguistic	_	none	_	_	_	_	_	_
278-7	TO028	278	278	7	poi	poi	_	_	_	_	_	linguistic	_	none	_	_	_	_	_	_
278-8	TO028	278	278	8	quando	quando	_	_	_	_	_	linguistic	_	none	_	_	_	_	_	_
278-9	TO028	278	278	9	tornerò	tornerò	_	_	_	_	_	linguistic	_	none	_	_	_	_	_	_
278-10	TO028	278	278	10	avrò	avrò	_	_	_	_	_	linguistic	_	none	_	_	_	_	_	_
278-11	TO028	278	278	11	il	il	_	_	_	_	_	linguistic	_	none	_	_	_	_	_	_
278-12	TO028	278	278	12	problema	problema	_	_	_	_	_	linguistic	_	none	_	_	_	_	_	_
278-13	TO028	278	278	13	di	di	_	_	_	_	_	linguistic	_	none	_	_	_	_	_	_
278-14	TO028	278	278	14	trovare	trovare	_	_	_	_	_	linguistic	_	none	PauseAfter=Yes	_	_	_	_	_
278-15	TO028	278	278	15	{P}	{P}	_	_	_	_	_	shortpause	_	none	_	_	_	_	_	_
278-16	TO028	278	278	16	trenta	trenta	_	_	_	_	_	linguistic	_	none	_	_	_	_	_	_
278-17	TO028	278	278	17	crediti	crediti	_	_	_	_	_	linguistic	_	none	_	_	_	_	_	_
278-18	TO028	278	278	18	nel	nel	_	_	_	_	_	linguistic	_	none	_	_	_	_	_	_
278-19	TO028	278	278	19	secondo	secondo	_	_	_	_	_	linguistic	_	none	_	_	_	_	_	_
278-20	TO028	278	278	20	semestre,	semestre	_	_	_	_	_	linguistic	_	none	Intonation=WeaklyRising	End=789.93	_	_	_	_
279-0	TO026	279	279	0	sì	sì	_	_	_	_	_	linguistic	_	none	_	Begin=790.602	_	_	_	_
279-1	TO026	279	279	1	perché	perché	_	_	_	_	_	linguistic	_	none	PauseAfter=Yes	_	_	_	_	_
279-2	TO026	279	279	2	{P}	{P}	_	_	_	_	_	shortpause	_	none	_	_	_	_	_	_
279-3	TO026	279	279	3	[son	son	_	_	_	_	_	linguistic	_	none	_	_	_	_	_	0-3(98)
279-4	TO026	279	279	4	tutti	tutti	_	_	_	_	_	linguistic	_	none	_	_	_	_	_	0-5(98)
279-5	TO026	279	279	5	concentrati	concentrati	_	_	_	_	_	linguistic	_	none	_	_	_	_	_	0-11(98)
279-6	TO026	279	279	6	nel	nel	_	_	_	_	_	linguistic	_	none	_	_	_	_	_	0-3(98)
279-7	TO026	279	279	7	pri]mo	primo	_	_	_	_	_	linguistic	_	none	_	End=793.004	_	_	_	0-3(98)
280-0	TO028	280	280	0	[perché	perché	_	_	_	_	_	linguistic	_	none	_	Begin=791.047	_	_	_	0-6(98)
280-1	TO028	280	280	1	io	io	_	_	_	_	_	linguistic	_	none	_	_	_	_	_	0-2(98)
280-2	TO028	280	280	2	adesso,	adesso	_	_	_	_	_	linguistic	_	none	Intonation=WeaklyRising|PauseAfter=Yes	_	_	_	_	0-6(98)
280-3	TO028	280	280	3	{P}	{P}	_	_	_	_	_	shortpause	_	none	_	_	_	_	_	0-3(98)
280-4	TO028	280	280	4	eh]	eh	_	_	_	_	_	linguistic	_	none	_	End=792.728	_	_	_	0-2(98)
281-0	TO028	281	281	0	perché	perché	_	_	_	_	_	linguistic	_	none	_	Begin=793.533	_	_	_	_
281-1	TO028	281	281	1	io	io	_	_	_	_	_	linguistic	_	none	_	_	_	_	_	_
281-2	TO028	281	281	2	adess~	adess~	_	_	_	_	_	linguistic	_	none	Interrupted=Yes	_	_	_	_	_
281-3	TO028	281	281	3	questi	questi	_	_	_	_	_	linguistic	_	none	_	_	_	_	_	_
281-4	TO028	281	281	4	qua	qua	_	_	_	_	_	linguistic	_	none	_	_	_	_	_	_
281-5	TO028	281	281	5	son	son	_	_	_	_	_	linguistic	_	none	_	_	_	_	_	_
281-6	TO028	281	281	6	quasi	quasi	_	_	_	_	_	linguistic	_	none	_	_	_	_	_	_
281-7	TO028	281	281	7	tu~	tu~	_	_	_	_	_	linguistic	_	none	Interrupted=Yes	_	_	_	_	_
281-8	TO028	281	281	8	quest'	quest'	_	_	_	_	_	linguistic	_	none	SpaceAfter=No	_	_	_	_	_
281-9	TO028	281	281	9	anno	anno	_	_	_	_	_	linguistic	_	none	_	_	_	_	_	_
281-10	TO028	281	281	10	erano,	erano	_	_	_	_	_	linguistic	_	none	Intonation=WeaklyRising	End=796.919	_	_	_	_
282-0	TO028	282	282	0	io	io	_	_	_	_	_	linguistic	_	none	_	Begin=797.771	_	_	_	_
282-1	TO028	282	282	1	ne	ne	_	_	_	_	_	linguistic	_	none	_	_	_	_	_	_
282-2	TO028	282	282	2	do	do	_	_	_	_	_	linguistic	_	none	_	_	_	_	_	_
282-3	TO028	282	282	3	cinque	cinque	_	_	_	_	_	linguistic	_	none	_	_	_	_	_	_
282-4	TO028	282	282	4	via	via	_	_	_	_	_	linguistic	_	none	_	End=798.672	_	_	_	_
283-0	TO028	283	283	0	due	due	_	_	_	_	_	linguistic	_	none	_	Begin=799.766	_	_	_	_
283-1	TO028	283	283	1	dei	dei	_	_	_	_	_	linguistic	_	none	_	_	_	_	_	_
283-2	TO028	283	283	2	quali	quali	_	_	_	_	_	linguistic	_	none	_	_	_	_	_	_
283-3	TO028	283	283	3	erano	erano	_	_	_	_	_	linguistic	_	none	_	_	_	_	_	_
283-4	TO028	283	283	4	nel	nel	_	_	_	_	_	linguistic	_	none	_	_	_	_	_	_
283-5	TO028	283	283	5	secondo	secondo	_	_	_	_	_	linguistic	_	none	_	_	_	_	_	_
283-6	TO028	283	283	6	semestre,	semestre	_	_	_	_	_	linguistic	_	none	Intonation=WeaklyRising	End=802.424	_	_	_	_
284-0	TO028	284	284	0	qua	qua	_	_	_	_	_	linguistic	_	none	PauseAfter=Yes	Begin=803.693	_	_	_	_
284-1	TO028	284	284	1	{P}	{P}	_	_	_	_	_	shortpause	_	none	_	_	_	_	_	_
284-2	TO028	284	284	2	quest'	quest'	_	_	_	_	_	linguistic	_	none	SpaceAfter=No	_	_	_	_	_
284-3	TO028	284	284	3	anno	anno	_	_	_	_	_	linguistic	_	none	_	End=805.057	_	_	_	_
285-0	TO028	285	285	0	quindi	quindi	_	_	_	_	_	linguistic	_	none	_	Begin=805.725|End=806.158	_	_	_	_
286-0	TO028	286	286	0	{ride}	{ride}	_	_	_	_	_	nonverbalbehavior	_	none	_	Begin=807.855|End=808.408	_	_	_	_
287-0	TO026	287	287	0	{ride}	{ride}	_	_	_	_	_	nonverbalbehavior	_	none	_	Begin=807.855|End=808.408	_	_	_	_
288-0	TO026	288	288	0	eh	eh	_	_	_	_	_	linguistic	_	none	_	Begin=809.161	_	_	_	_
288-1	TO026	288	288	1	sì	sì	_	_	_	_	_	linguistic	_	none	_	_	_	_	_	_
288-2	TO026	288	288	2	sì	sì	_	_	_	_	_	linguistic	_	none	_	_	_	_	_	_
288-3	TO026	288	288	3	sì,	sì	_	_	_	_	_	linguistic	_	none	Intonation=WeaklyRising	End=809.77	_	_	_	_
289-0	TO028	289	289	0	quindi	quindi	_	_	_	_	_	linguistic	_	none	_	Begin=809.77	_	_	_	_
289-1	TO028	289	289	1	vediamo	vediamo	_	_	_	_	_	linguistic	_	none	_	End=810.71	_	_	_	_
290-0	TO028	290	290	0	okay	okay	_	_	_	_	_	linguistic	_	none	_	Begin=811.625|End=811.986	_	_	_	_
291-0	TO026	291	291	0	eh	eh	_	_	_	_	_	linguistic	_	none	_	Begin=812.509	_	_	_	_
291-1	TO026	291	291	1	beh	beh	_	_	_	_	_	linguistic	_	none	_	_	_	_	_	_
291-2	TO026	291	291	2	appunto	appunto	_	_	_	_	_	linguistic	_	none	_	_	_	_	_	_
291-3	TO026	291	291	3	se::	se	_	_	_	_	_	linguistic	_	none	_	_	1x2	_	_	_
291-4	TO026	291	291	4	se	se	_	_	_	_	_	linguistic	_	none	_	_	_	_	_	_
291-5	TO026	291	291	5	si~	si~	_	_	_	_	_	linguistic	_	none	Interrupted=Yes	_	_	_	_	_
291-6	TO026	291	291	6	usiamo	usiamo	_	_	_	_	_	linguistic	_	none	_	_	_	_	_	_
291-7	TO026	291	291	7	i	i	_	_	_	_	_	linguistic	_	none	_	_	_	_	_	_
291-8	TO026	291	291	8	crediti	crediti	_	_	_	_	_	linguistic	_	none	_	_	_	_	_	_
291-9	TO026	291	291	9	liberi	liberi	_	_	_	_	_	linguistic	_	none	_	_	_	_	_	_
291-10	TO026	291	291	10	per	per	_	_	_	_	_	linguistic	_	none	_	_	_	_	_	_
291-11	TO026	291	291	11	quando	quando	_	_	_	_	_	linguistic	_	none	_	_	_	_	_	_
291-12	TO026	291	291	12	tornerà	tornerà	_	_	_	_	_	linguistic	_	none	_	_	_	_	_	_
291-13	TO026	291	291	13	qui::,	qui	_	_	_	_	_	linguistic	_	none	Intonation=WeaklyRising	_	2x2	_	_	_
291-14	TO026	291	291	14	non	non	_	_	_	_	_	linguistic	_	none	_	_	_	_	_	_
291-15	TO026	291	291	15	avrà	avrà	_	_	_	_	_	linguistic	_	none	_	_	_	_	_	_
291-16	TO026	291	291	16	problemi	problemi	_	_	_	_	_	linguistic	_	none	_	End=817.756	_	_	_	_
292-0	TO028	292	292	0	e:h	eh	_	_	_	_	_	linguistic	_	none	_	Begin=817.756	0x1	_	_	_
292-1	TO028	292	292	1	è	è	_	_	_	_	_	linguistic	_	none	_	_	_	_	_	_
292-2	TO028	292	292	2	quello	quello	_	_	_	_	_	linguistic	_	none	_	End=818.513	_	_	_	_
293-0	TO026	293	293	0	eh	eh	_	_	_	_	_	linguistic	_	none	_	Begin=820.195	_	_	_	_
293-1	TO026	293	293	1	bisogna	bisogna	_	_	_	_	_	linguistic	_	none	_	_	_	_	_	_
293-2	TO026	293	293	2	decidere	decidere	_	_	_	_	_	linguistic	_	none	_	_	_	_	_	_
293-3	TO026	293	293	3	sì	sì	_	_	_	_	_	linguistic	_	none	_	End=821.168	_	_	_	_
294-0	TO028	294	294	0	sì	sì	_	_	_	_	_	linguistic	_	none	_	Begin=821.341	_	_	_	_
294-1	TO028	294	294	1	sì	sì	_	_	_	_	_	linguistic	_	none	_	_	_	_	_	_
294-2	TO028	294	294	2	sì	sì	_	_	_	_	_	linguistic	_	none	_	End=821.913	_	_	_	_
295-0	TO028	295	295	0	{ride}	{ride}	_	_	_	_	_	nonverbalbehavior	_	none	_	Begin=821.992|End=822.417	_	_	_	_
296-0	TO026	296	296	0	{ride}	{ride}	_	_	_	_	_	nonverbalbehavior	_	none	_	Begin=821.992|End=822.417	_	_	_	_
297-0	TO026	297	297	0	eh	eh	_	_	_	_	_	linguistic	_	none	_	Begin=822.694	_	_	_	_
297-1	TO026	297	297	1	beh	beh	_	_	_	_	_	linguistic	_	none	_	_	_	_	_	_
297-2	TO026	297	297	2	[eh	eh	_	_	_	_	_	linguistic	_	none	_	_	_	_	_	0-2(99)
297-3	TO026	297	297	3	beh	beh	_	_	_	_	_	linguistic	_	none	_	_	_	_	_	0-3(99)
297-4	TO026	297	297	4	è	è	_	_	_	_	_	linguistic	_	none	_	_	_	_	_	0-1(99)
297-5	TO026	297	297	5	una	una	_	_	_	_	_	linguistic	_	none	_	_	_	_	_	0-3(99)
297-6	TO026	297	297	6	questione	questione	_	_	_	_	_	linguistic	_	none	_	_	_	_	_	0-9(99)
297-7	TO026	297	297	7	strategica	strategica	_	_	_	_	_	linguistic	_	none	_	_	_	_	_	0-10(99)
297-8	TO026	297	297	8	no?	no	_	_	_	_	_	linguistic	_	none	Intonation=Rising	_	_	_	_	0-2(99)
297-9	TO026	297	297	9	diciamo	diciamo	_	_	_	_	_	linguistic	_	none	_	_	_	_	_	0-7(99)
297-10	TO026	297	297	10	sì]	sì	_	_	_	_	_	linguistic	_	none	_	End=825.796	_	_	_	0-2(99)
298-0	TO028	298	298	0	[no	no	_	_	_	_	_	linguistic	_	none	_	Begin=822.865	_	_	_	0-2(99)
298-1	TO028	298	298	1	ma	ma	_	_	_	_	_	linguistic	_	none	_	_	_	_	_	0-2(99)
298-2	TO028	298	298	2	se	se	_	_	_	_	_	linguistic	_	none	_	_	_	_	_	0-2(99)
298-3	TO028	298	298	3	mi	mi	_	_	_	_	_	linguistic	_	none	_	_	_	_	_	0-2(99)
298-4	TO028	298	298	4	approva	approva	_	_	_	_	_	linguistic	_	none	_	_	_	_	_	0-7(99)
298-5	TO028	298	298	5	il	il	_	_	_	_	_	linguistic	_	none	_	_	_	_	_	0-2(99)
298-6	TO028	298	298	6	learn	learn	_	_	_	_	_	linguistic	_	none	_	_	_	_	_	0-5(99)
298-7	TO028	298	298	7	sono	sono	_	_	_	_	_	linguistic	_	none	_	_	_	_	_	0-4(99)
298-8	TO028	298	298	8	apposto	apposto	_	_	_	_	_	linguistic	_	none	_	_	_	_	_	0-7(99)
298-9	TO028	298	298	9	sì	sì	_	_	_	_	_	linguistic	_	none	_	_	_	_	_	0-2(99)
298-10	TO028	298	298	10	sì]	sì	_	_	_	_	_	linguistic	_	none	_	_	_	_	_	0-2(99)
298-11	TO028	298	298	11	ma	ma	_	_	_	_	_	linguistic	_	none	_	_	_	_	_	_
298-12	TO028	298	298	12	se	se	_	_	_	_	_	linguistic	_	none	_	_	_	_	_	_
298-13	TO028	298	298	13	mi	mi	_	_	_	_	_	linguistic	_	none	_	_	_	_	_	_
298-14	TO028	298	298	14	approva	approva	_	_	_	_	_	linguistic	_	none	_	_	_	_	_	_
298-15	TO028	298	298	15	quel	quel	_	_	_	_	_	linguistic	_	none	_	_	_	_	_	_
298-16	TO028	298	298	16	learn	learn	_	_	_	_	_	linguistic	_	none	_	_	_	_	_	_
298-17	TO028	298	298	17	lì	lì	_	_	_	_	_	linguistic	_	none	_	_	_	_	_	_
298-18	TO028	298	298	18	us[o::	uso	_	_	_	_	_	linguistic	_	none	_	_	2x2	_	_	2-3(100)
298-19	TO028	298	298	19	solo	solo	_	_	_	_	_	linguistic	_	none	_	_	_	_	_	0-4(100)
298-20	TO028	298	298	20	sei]	sei	_	_	_	_	_	linguistic	_	none	_	_	_	_	_	0-3(100)
298-21	TO028	298	298	21	crediti	crediti	_	_	_	_	_	linguistic	_	none	_	_	_	_	_	_
298-22	TO028	298	298	22	liberi	liberi	_	_	_	_	_	linguistic	_	none	_	_	_	_	_	_
298-23	TO028	298	298	23	e	e	_	_	_	_	_	linguistic	_	none	_	_	_	_	_	_
298-24	TO028	298	298	24	quindi	quindi	_	_	_	_	_	linguistic	_	none	_	_	_	_	_	_
298-25	TO028	298	298	25	il	il	_	_	_	_	_	linguistic	_	none	_	_	_	_	_	_
298-26	TO028	298	298	26	resto::	resto	_	_	_	_	_	linguistic	_	none	_	_	4x2	_	_	_
298-27	TO028	298	298	27	dovrei	dovrei	_	_	_	_	_	linguistic	_	none	_	_	_	_	_	_
298-28	TO028	298	298	28	riuscire	riuscire	_	_	_	_	_	linguistic	_	none	_	_	_	_	_	_
298-29	TO028	298	298	29	a	a	_	_	_	_	_	linguistic	_	none	_	_	_	_	_	_
298-30	TO028	298	298	30	fare	fare	_	_	_	_	_	linguistic	_	none	_	_	_	_	_	_
298-31	TO028	298	298	31	tutto	tutto	_	_	_	_	_	linguistic	_	none	_	End=831.646	_	_	_	_
299-0	TO026	299	299	0	[sì	sì	_	_	_	_	_	linguistic	_	none	_	Begin=827.586	_	_	_	0-2(100)
299-1	TO026	299	299	1	sì	sì	_	_	_	_	_	linguistic	_	none	_	_	_	_	_	0-2(100)
299-2	TO026	299	299	2	quello::]	quello	_	_	_	_	_	linguistic	_	none	_	End=828.503	5x2	_	_	0-6(100)
300-0	TO026	300	300	0	sì	sì	_	_	_	_	_	linguistic	_	none	_	Begin=831.646	_	_	_	_
300-1	TO026	300	300	1	sì	sì	_	_	_	_	_	linguistic	_	none	_	_	_	_	_	_
300-2	TO026	300	300	2	va	va	_	_	_	_	_	linguistic	_	none	_	_	_	_	_	_
300-3	TO026	300	300	3	bene,	bene	_	_	_	_	_	linguistic	_	none	Intonation=WeaklyRising	_	_	_	_	_
300-4	TO026	300	300	4	eh	eh	_	_	_	_	_	linguistic	_	none	_	_	_	_	_	_
300-5	TO026	300	300	5	me	me	_	_	_	_	_	linguistic	_	none	_	_	_	_	_	_
300-6	TO026	300	300	6	[lo	lo	_	_	_	_	_	linguistic	_	none	_	_	_	_	_	0-2(101)
300-7	TO026	300	300	7	mandi	mandi	_	_	_	_	_	linguistic	_	none	_	_	_	_	_	0-5(101)
300-8	TO026	300	300	8	poi	poi	_	_	_	_	_	linguistic	_	none	_	_	_	_	_	0-3(101)
300-9	TO026	300	300	9	e],	e	_	_	_	_	_	linguistic	_	none	Intonation=WeaklyRising	_	_	_	_	0-1(101)
300-10	TO026	300	300	10	glielo	glielo	_	_	_	_	_	linguistic	_	none	_	_	_	_	_	_
300-11	TO026	300	300	11	firmo	firmo	_	_	_	_	_	linguistic	_	none	_	_	_	_	_	_
300-12	TO026	300	300	12	e	e	_	_	_	_	_	linguistic	_	none	_	_	_	_	_	_
300-13	TO026	300	300	13	rimando	rimando	_	_	_	_	_	linguistic	_	none	_	_	_	_	_	_
300-14	TO026	300	300	14	via	via	_	_	_	_	_	linguistic	_	none	_	_	_	_	_	_
300-15	TO026	300	300	15	mail	mail	_	_	_	_	_	linguistic	_	none	_	_	_	_	_	_
300-16	TO026	300	300	16	diciamo	diciamo	_	_	_	_	_	linguistic	_	none	_	End=835.43	_	_	_	_
301-0	TO028	301	301	0	[grazie	grazie	_	_	_	_	_	linguistic	_	none	_	Begin=832.641	_	_	_	0-6(101)
301-1	TO028	301	301	1	mille	mille	_	_	_	_	_	linguistic	_	none	_	_	_	_	_	0-5(101)
301-2	TO028	301	301	2	allora],	allora	_	_	_	_	_	linguistic	_	none	Intonation=WeaklyRising	End=833.644	_	_	_	0-6(101)
302-0	TO028	302	302	0	okay	okay	_	_	_	_	_	linguistic	_	none	PauseAfter=Yes	Begin=835.42	_	_	_	_
302-1	TO028	302	302	1	{P}	{P}	_	_	_	_	_	shortpause	_	none	_	_	_	_	_	_
302-2	TO028	302	302	2	grazie	grazie	_	_	_	_	_	linguistic	_	none	_	_	_	_	_	_
302-3	TO028	302	302	3	mille	mille	_	_	_	_	_	linguistic	_	none	_	End=836.677	_	_	_	_
303-0	TO026	303	303	0	arrivederci	arrivederci	_	_	_	_	_	linguistic	_	none	_	Begin=836.677	_	_	_	_
303-1	TO026	303	303	1	di	di	_	_	_	_	_	linguistic	_	none	_	_	_	_	_	_
303-2	TO026	303	303	2	[niente],	niente	_	_	_	_	_	linguistic	_	none	Intonation=WeaklyRising	End=837.791	_	_	_	0-6(103)
304-0	TO028	304	304	0	[arrivede]rci	arrivederci	_	_	_	_	_	linguistic	_	none	_	Begin=837.433|End=838.107	_	_	_	0-8(103)
